time,lon,lat,toa_sw_clr_daily,toa_lw_clr_daily,toa_net_clr_daily,toa_alb_clr_daily,toa_solar_clr_daily,toa_sw_all_daily,toa_lw_all_daily,toa_net_all_daily,toa_alb_all_daily,toa_solar_all_daily,sfc_sw_down_clr_daily,sfc_lw_down_clr_daily,sfc_net_sw_clr_daily,sfc_net_lw_clr_daily,sfc_sw_down_all_daily,sfc_lw_down_all_daily,sfc_net_sw_all_daily,sfc_net_lw_all_daily,cldarea_low_daily,cldpress_low_daily,cldtemp_low_daily,cldhght_low_daily,cldpress_top_low_daily,cldpress_base_low_daily,lwp_low_daily,iwp_low_daily,cldarea_mid-low_daily,cldpress_mid-low_daily,cldtemp_mid-low_daily,cldhght_mid-low_daily,cldpress_top_mid-low_daily,cldpress_base_mid-low_daily,lwp_mid-low_daily,iwp_mid-low_daily,cldarea_mid-high_daily,cldpress_mid-high_daily,cldtemp_mid-high_daily,cldhght_mid-high_daily,cldpress_top_mid-high_daily,cldpress_base_mid-high_daily,lwp_mid-high_daily,iwp_mid-high_daily,cldarea_high_daily,cldpress_high_daily,cldtemp_high_daily,cldhght_high_daily,cldpress_top_high_daily,cldpress_base_high_daily,lwp_high_daily,iwp_high_daily
2025-07-01,281.5,35.5,,283.37842,,,,113.76263,270.93994,94.19641,0.23755036,478.899,,407.0055,,-62.99292,283.95224,419.68958,243.11095,-50.30881,21.521475,853.99976,292.92902,1.5751495,852.69586,918.05133,45.396538,,0.87993,564.0981,269.25943,5.2967033,563.0423,594.11017,27.286188,,0.6421636,464.89615,258.9387,6.959982,463.76715,479.90314,6.629214,,21.091572,176.83243,215.01341,13.637045,163.41763,280.91232,,499.94034
2025-07-01,281.5,36.5,,,,,,128.5251,263.17203,87.618866,0.26814273,479.316,,,,,264.17813,427.92087,227.02116,-40.556118,26.139542,811.0893,290.16284,2.000572,810.3466,878.31714,70.32095,2.3638105,2.9173715,598.9122,273.6704,4.6364765,598.5137,665.98096,199.27718,,4.705914,354.80408,247.70247,8.6132,306.7425,491.12946,3.169079,198.37996,21.634447,212.99217,222.37488,12.264902,183.93312,304.32162,,160.79137
2025-07-02,281.5,35.5,,,,,,321.40048,183.4778,-26.35231,0.6716469,478.52597,,,,,25.217588,421.95724,21.322733,-23.20877,10.647034,,,,,,,,3.5387623,594.12463,273.98898,4.5197515,592.2103,636.17804,41.316963,,0.31968984,425.54266,257.7164,7.176267,411.3214,438.04825,22.166319,,75.654274,204.90355,221.0671,12.405913,167.5156,404.47964,33.56948,897.2073
2025-07-02,281.5,36.5,,,,,,247.97736,191.59438,39.356125,0.517776,478.92786,,,,,115.51452,420.80466,98.41449,-25.489634,11.116868,,,,,,,,7.6038513,591.2539,273.24158,4.5569673,589.4312,647.9691,113.38942,,15.092021,367.22488,249.89267,8.307781,315.04022,504.93744,8.362464,149.95453,57.108246,235.3669,227.31323,11.346362,187.59172,440.09164,89.85085,570.7079
2025-07-03,281.5,35.5,,,,,,93.58811,284.7391,99.79654,0.19574036,478.12375,,,,,312.02393,402.1952,267.5798,-60.640575,25.064377,877.54205,292.2318,1.3630347,876.23987,932.5212,23.638199,1.7778099,3.1494513,,,,,,,,0.00072404,,,,,,,,9.989715,212.23051,224.44705,12.39946,180.2005,220.7345,,20.533209
2025-07-03,281.5,36.5,,,,,,103.757805,285.8053,88.94614,0.21683553,478.50925,,,,,300.58542,394.32642,258.91702,-62.30238,25.651993,820.8519,288.40613,1.8854365,819.2568,867.5509,37.82415,7.252999,9.519463,662.26666,277.86832,3.7187598,661.199,714.8728,84.32896,5.217456,0.099846475,351.08664,247.67259,8.7132845,318.48944,441.6322,1.4901898,79.12538,0.25512865,240.175,227.99103,10.947126,212.6989,336.41782,,353.5559
2025-07-04,281.5,35.5,,,,,,86.94861,281.5238,109.219635,0.18201812,477.69205,,,,,318.13446,383.19897,272.79416,-79.4125,1.2262497,777.8109,285.5218,2.5214252,776.8166,813.528,22.796549,,7.237835,593.9646,271.35492,4.79424,591.72687,615.48895,21.70478,,4.569015,359.97495,246.09908,8.6294,312.91556,389.50827,4.5024805,32.59452,16.816534,229.55064,226.39677,11.735789,196.65271,243.50906,,17.026316
2025-07-04,281.5,36.5,76.39101,301.32242,100.34628,0.15979385,478.05972,76.24236,295.05524,106.762146,0.15948291,478.05975,329.46756,368.973,283.44983,-88.68445,326.2918,370.49072,281.00433,-87.166626,2.6920025,788.5234,287.13425,2.2683423,787.5686,827.99164,19.330093,7.9183707,0.0560924,575.4108,269.64398,5.560952,574.468,593.44965,11.902819,2.5376523,0.19203715,415.34988,251.31032,7.671497,414.92477,427.07452,6.2377987,3.1260157,2.509382,226.98416,225.29979,11.77926,218.564,232.43185,6.500492,3.7524107
2025-07-05,281.5,35.5,,289.4491,,,,110.52599,268.35596,98.34863,0.23159872,477.2306,,377.41537,,-80.10836,292.93167,391.13687,250.85077,-66.38686,2.950414,767.0574,284.79044,2.5684872,765.9953,814.112,46.776794,,30.584326,605.77985,273.85855,4.5396047,604.39813,636.3388,43.538074,,3.8309486,393.70026,252.15489,8.014341,371.29242,438.71838,58.974937,35.388107,15.114166,230.89862,226.19672,11.771572,208.1224,257.96548,21.2489,18.009953
2025-07-05,281.5,36.5,,,,,,83.478676,290.75824,103.342255,0.17479548,477.57916,,,,,326.27512,366.97287,281.10568,-86.9383,4.8284473,795.2168,286.81876,2.2231443,794.3875,837.7293,21.816973,3.539816,7.194403,574.6832,271.38116,4.9803677,573.36237,594.9091,14.304858,3.4681852,3.1685429,452.6088,259.59985,6.9023557,439.38123,484.2012,11.721519,11.610319,6.1549544,198.4634,219.89479,12.664316,196.05997,202.01898,,1.6027063
2025-07-06,281.5,35.5,,,,,,266.68027,209.89508,0.1637268,0.5593841,476.73907,,,,,89.950874,432.67014,76.159065,-16.220114,0.45901883,811.46686,286.69672,2.0793536,810.6286,872.24506,43.07559,6.248548,25.257118,589.5574,274.28268,4.605742,588.66565,668.8846,418.6605,,23.161654,368.8044,251.1213,8.428185,325.65555,576.40497,439.35098,522.7071,39.079655,239.12054,228.87209,11.539128,196.81822,382.8626,25.024231,293.3176
2025-07-06,281.5,36.5,,282.02182,,,,263.36588,200.20105,13.500275,0.55205196,477.0672,,410.8112,,-37.69597,95.068535,423.14868,80.93905,-25.358627,1.486598,856.7416,289.51822,1.6082388,855.9959,919.7977,28.430155,1.9152769,3.066548,575.9299,272.80557,4.9018106,574.18365,620.0512,108.198166,3.5355356,21.160494,353.59256,250.19168,8.634613,305.9892,514.85803,189.52576,276.023,47.150944,245.77461,230.8442,11.221937,200.3957,442.25705,124.656364,462.64703
2025-07-07,281.5,35.5,,,,,,82.421364,259.56882,134.22702,0.17307515,476.2172,,,,,313.16867,415.5355,268.55255,-51.26713,7.7754116,788.7386,287.92288,2.3253129,787.5565,831.89215,20.854431,,4.3895564,621.8302,276.3746,4.3909435,620.6241,644.97473,16.937393,,0.29420105,453.3298,260.27762,7.0121393,448.2535,481.81778,41.82351,,32.14172,195.9619,219.71646,12.771517,174.32172,234.16219,14.287287,25.650276
2025-07-07,281.5,36.5,,,,,,76.22208,242.46222,157.83923,0.15995449,476.52353,,,,,312.76224,417.22192,269.42886,-46.393833,2.989475,829.3283,290.7676,1.8266853,828.42523,878.29004,22.721912,1.8889943,0.9834034,615.51025,276.29233,4.400648,613.8912,629.1622,10.5746975,,1.1783768,432.95694,257.24078,7.4633307,422.1554,443.04883,16.36384,53.923775,32.62791,211.40236,223.40904,12.165417,181.64815,314.8941,15.74893,130.12996
2025-07-08,281.5,35.5,,283.7334,,,,86.46454,278.00845,111.19168,0.18177624,475.66467,,410.74374,,-60.061188,310.68762,415.80933,266.4708,-54.995556,9.632312,861.7153,293.3322,1.4970843,860.9919,913.7918,23.804829,0.39915356,0.5260773,,,,,,,,1.6015793,,,,,,,,7.9777226,250.22865,229.65752,11.408668,235.1215,261.05307,1.2046314,5.524803
2025-07-08,281.5,36.5,,,,,,87.76721,268.81772,119.3631,0.18440503,475.94803,,,,,308.63394,419.25928,266.03534,-51.451206,9.821752,859.6295,293.45837,1.4978876,858.475,911.8105,30.162754,7.2243676,2.6377542,538.9138,269.67737,5.101908,535.0521,550.5245,6.9154396,,0.44507518,,,,,,,,15.91761,,,,,,,
2025-07-09,281.5,35.5,,,,,,,237.54863,,,,,,,,,425.55106,,-39.665375,2.7131665,,,,,,,,7.4686904,647.0583,276.78662,4.0437016,645.0447,658.70154,7.4894166,,4.98184,444.29483,259.06482,7.0292916,438.9946,453.66507,7.989546,41.14092,44.009052,237.59937,227.95192,11.479562,207.03635,296.61896,,58.311855
2025-07-09,281.5,36.5,,,,,,,236.60828,,,,,,,,,429.2207,,-34.264374,1.5855078,,,,,,,,21.075315,609.25616,274.1064,4.5178843,605.52704,627.87445,13.112561,,28.145935,364.06195,250.6776,7.579715,324.80615,423.21243,19.477875,,27.88225,237.92209,227.91452,11.521542,201.88345,277.39062,,29.105652
2025-07-10,281.5,35.5,,,,,,153.25925,239.5348,81.6729,0.32301354,474.46695,,,,,230.42418,434.89722,196.68361,-22.077688,18.850332,817.65814,288.6332,1.9507587,816.0358,871.86646,36.330467,,24.220663,610.5083,273.81454,4.4756813,609.45276,658.6996,47.521908,288.10895,2.075724,354.36783,246.31732,8.830477,309.53165,471.8989,9.573739,258.09763,24.495523,252.13516,230.91525,11.032796,209.73228,394.7591,5.4016223,249.17134
2025-07-10,281.5,36.5,,,,,,158.37196,234.79231,81.53587,0.3336253,474.70013,,,,,224.78334,426.15903,192.81752,-21.615921,16.40136,800.9745,286.71432,2.186319,798.4973,852.2809,39.646946,2.5454488,18.742546,575.2386,270.656,4.9524803,572.2335,610.1385,34.38429,417.43463,36.900494,404.84576,254.73337,7.593984,366.3258,479.62216,50.660908,262.13327,7.5389333,243.85739,229.52127,11.268851,203.02155,364.39325,3.0847359,304.55453
2025-07-11,281.5,35.5,,,,,,99.51193,273.8455,100.46365,0.21002007,473.82108,,,,,294.32864,418.95386,252.20398,-41.384834,27.83709,819.73096,289.36243,1.9141601,818.5898,863.25745,22.80834,0.5039139,2.617289,629.6548,275.68213,4.309581,627.2179,650.0109,12.493357,,2.1760416,341.8133,244.27464,9.088666,306.89267,391.1571,3.3357596,28.675108,3.9145565,234.6756,227.71758,11.670989,222.06067,248.54489,,12.593812
2025-07-11,281.5,36.5,,,,,,96.76834,276.14514,101.11389,0.20414083,474.02737,,,,,297.99905,408.69568,256.61325,-50.869274,14.063939,854.6928,291.30453,1.5816609,853.40125,909.52563,37.639446,0.5961799,4.492159,567.8863,271.70422,4.9174504,566.37024,619.8448,98.89859,,6.535351,359.24582,247.88297,8.821256,307.63007,439.2865,22.573435,63.274075,8.338966,214.75871,223.63467,12.4790745,189.39009,243.86324,,24.94786
2025-07-12,281.5,35.5,,290.64468,,,,98.09309,283.03348,92.017426,0.20732185,473.14398,,408.38843,,-61.344467,296.584,414.0928,254.18701,-55.640045,13.329118,837.5851,291.42654,1.7466332,836.35144,886.1405,28.107895,1.5200033,0.21726727,635.902,276.4589,4.0781097,635.08636,688.7402,65.92085,,0.14494732,424.89368,255.39064,7.571221,423.67267,432.1398,3.3325608,18.838669,7.714192,182.4992,215.99306,13.110505,176.79887,194.80916,4.3515115,4.8058677
2025-07-12,281.5,36.5,,287.67484,,,,94.80134,279.33936,99.181274,0.20028932,473.32196,,405.80917,,-58.895966,299.71103,414.02133,258.25217,-50.683735,10.755712,871.07043,293.42682,1.3952985,869.9284,916.1823,27.098469,10.440764,1.9450413,600.42847,272.13904,4.844786,598.78906,632.67615,36.125423,,0.04504313,387.3214,237.33783,9.962701,382.22467,424.4813,29.705357,18.127132,12.911114,201.50804,220.4008,12.523408,178.30531,236.13667,10.600337,21.324648
2025-07-13,281.5,35.5,,,,,,195.46826,241.88118,35.08577,0.41374618,472.4352,,,,,179.15764,425.1974,152.37251,-44.804996,7.538439,771.8715,287.41534,2.5690894,770.9331,824.05115,59.535496,1.1711494,8.374389,612.7744,275.0348,4.4531302,610.23846,660.426,93.95251,,1.0235189,367.69016,248.54099,8.632974,349.58926,417.24258,38.01048,32.63625,29.675455,186.23622,216.5226,13.11318,168.27412,358.3837,3.7896295,999.91064
2025-07-13,281.5,36.5,,,,,,183.98195,242.64497,45.95677,0.3893108,472.5837,,,,,192.72896,423.67947,164.91705,-40.75944,9.611771,794.0864,287.86,2.2548509,792.4969,840.34143,63.033825,84.33019,4.6404257,632.2823,276.43286,4.1732516,631.306,685.98694,164.14305,,1.6192397,335.81012,244.51523,9.202953,290.72107,456.6865,,137.69662,35.550465,199.37315,219.72113,12.671125,173.61546,338.4961,156.86278,651.0299
2025-07-14,281.5,35.5,,,,,,93.50427,251.00635,127.18436,0.19823037,471.69498,,,,,296.6641,431.82913,254.32558,-35.644714,11.979678,828.42865,290.70203,1.9449242,827.5876,876.6906,29.955463,0.816921,6.7530074,608.2433,274.27368,4.5218024,606.87146,636.70435,37.280586,,0.70700616,420.33682,254.86224,7.92931,411.7969,446.0661,,22.793097,27.334763,220.61717,224.51627,12.151488,192.41101,251.77411,,18.75126
2025-07-14,281.5,36.5,,,,,,102.86736,240.6336,128.31168,0.21802586,471.81265,,,,,286.00363,429.9492,246.2954,-33.591614,19.308084,825.007,290.16174,1.9237304,823.9829,877.4189,44.435078,,1.707058,625.1488,276.3811,4.1685877,623.8568,663.7043,55.903534,,1.1660503,413.65723,257.2311,8.028718,395.15375,422.9891,10.942413,249.30951,19.807772,235.06984,227.73434,11.402236,194.26291,364.722,,194.93707
2025-07-15,281.5,35.5,,,,,,129.49716,234.42566,107.000336,0.27498576,470.92316,,,,,252.0149,431.70914,215.248,-31.463903,0.29934224,756.75824,284.8704,2.658193,754.9251,797.5363,54.684082,,12.7521715,552.86224,269.74826,5.329954,549.7824,581.287,44.452694,,19.072187,418.5155,256.80032,7.451887,399.12863,468.30997,44.732666,86.51733,40.468655,242.99944,228.8104,11.362043,202.97685,300.0808,,75.49747
2025-07-15,281.5,36.5,,,,,,171.58911,207.40044,92.01924,0.3643013,471.0088,,,,,203.61229,436.28598,174.69556,-24.006964,16.419704,766.0387,286.07733,2.4638116,765.1449,837.47076,175.85355,,2.7079437,623.942,275.69595,4.2876134,620.3119,689.3865,395.5816,,13.393166,388.03375,252.82259,8.339366,348.7499,539.28485,174.74626,322.68558,51.256516,235.2907,226.69034,11.77708,201.64014,402.3246,,542.87897
2025-07-16,281.5,35.5,,,,,,143.17152,244.99562,81.95268,0.3045426,470.11984,,,,,237.15947,432.54886,202.44618,-32.42786,13.273183,795.54553,288.51898,2.1997104,794.7772,870.01733,160.75201,,3.6063206,578.36536,271.70718,4.9763975,577.718,637.08264,259.48343,,13.710105,387.9306,253.08325,8.037886,350.52936,485.1804,18.701267,112.174736,42.2141,209.34068,220.00522,12.519243,188.50314,316.39417,,264.6315
2025-07-16,281.5,36.5,,,,,,89.71258,236.5869,143.87276,0.1908079,470.17224,,,,,297.9789,427.5908,256.6899,-34.197144,11.272957,792.45544,287.568,2.3052595,791.18524,837.9997,55.36689,,10.769699,608.3444,273.37814,4.664338,605.62524,629.50256,19.807785,,18.794989,371.4548,250.3438,8.437227,337.254,424.46964,36.204735,53.017376,38.230145,220.26675,222.61766,12.174729,205.11852,259.32773,,28.7191
2025-07-17,281.5,35.5,,,,,,101.202065,260.17194,107.911194,0.21565153,469.2852,,,,,286.9175,429.36588,245.75435,-39.819244,22.624842,828.36865,291.19424,1.8823255,827.5491,880.3401,40.771355,6.3375654,2.2793713,633.7261,275.60452,4.388231,633.0744,659.94745,13.701908,,3.030553,425.71207,257.70715,7.3555875,424.79807,432.67035,2.5541153,49.110676,42.417786,185.8183,215.94609,13.126404,184.2829,201.30249,20.13409,7.1165257
2025-07-17,281.5,36.5,,,,,,158.74985,220.89662,89.65666,0.33826718,469.30313,,,,,216.88118,430.81177,185.78307,-36.33885,13.380603,837.7955,291.6834,1.8280336,836.5916,881.9164,29.057894,1.4535,1.2710143,624.9819,274.43384,4.572658,622.19556,647.14703,19.90733,,2.6127224,425.58914,258.50836,7.2582693,411.45306,443.1537,10.003013,36.62611,61.766903,165.7374,210.58821,13.760916,155.80048,303.31668,5.3395457,593.8124
2025-07-18,281.5,35.5,,,,,,90.157326,263.86526,114.39676,0.1924714,468.41934,,,,,298.7681,430.51364,256.13815,-44.802372,14.028773,785.5428,288.2188,2.376487,784.53644,840.96564,42.871944,55.01672,3.7747498,597.9991,274.62408,4.583704,595.6418,616.19653,13.523168,,4.349949,425.08746,257.72656,7.3666916,422.96237,457.73807,112.979546,95.19342,26.735222,181.59773,214.51598,13.312136,172.92044,196.18274,,6.6027637
2025-07-18,281.5,36.5,,,,,,90.382545,234.8647,143.15431,0.19295953,468.40155,,,,,296.49432,432.0776,255.50554,-37.666645,9.313369,821.3247,290.83606,1.9334036,819.9141,867.9132,37.924477,3.7911499,2.6677935,589.98566,273.13754,4.824392,584.21625,640.00104,136.82968,186.69237,5.0045857,426.044,258.37604,7.2427254,404.7568,448.49786,17.549658,55.697693,39.587723,222.86102,224.36958,12.025281,194.18372,272.21884,9.858695,50.42136
2025-07-19,281.5,35.5,,,,,,100.26026,231.66858,135.59372,0.2144501,467.52255,,,,,284.24127,441.45386,243.4608,-33.177685,7.240219,761.77826,287.07855,2.6139514,761.0781,816.5569,57.061142,65.94446,8.505201,635.06055,277.19058,4.1773543,633.92725,679.655,72.24916,173.33342,1.6312369,386.27396,250.93513,8.285228,362.6047,492.1617,8.4844885,274.39746,37.79984,219.81323,223.37428,12.0939,189.32616,353.1215,,282.03683
2025-07-19,281.5,36.5,,,,,,94.980354,225.72005,146.76741,0.20318052,467.4678,,,,,288.9753,436.37952,248.89453,-27.769485,7.1891837,815.0869,290.208,2.0539415,814.11194,862.74677,39.586998,0.5512848,1.3220187,589.8226,273.34796,4.8275523,585.9687,615.3212,30.813786,,23.447725,372.14215,250.6989,8.133268,341.83948,406.3091,11.019635,31.65952,32.78767,215.43124,223.0796,12.17321,187.46906,304.53778,,162.23239
2025-07-20,281.5,35.5,,,,,,94.94498,236.0332,135.61664,0.20348485,466.59482,,,,,291.55695,435.2146,249.93016,-41.850857,1.3424038,,,,,,,,3.7308533,559.39685,271.6205,5.262857,557.3816,583.0064,17.828882,,15.268567,410.57785,256.50232,7.6863537,408.69327,419.48633,6.811026,37.411213,64.963196,225.00745,225.73804,11.954991,195.87683,257.90726,10.219923,18.229788
2025-07-20,281.5,36.5,,,,,,114.98818,228.02483,123.48897,0.24649023,466.50198,,,,,268.067,427.6128,230.4095,-40.62013,0.5224727,776.12744,286.55917,2.3519993,775.6669,830.4549,20.469131,,8.578872,553.43207,271.11694,5.229232,551.8066,574.24506,19.415676,,17.457418,437.5843,259.87247,7.180471,422.44443,463.29034,14.129907,,60.92621,234.80637,228.43611,11.583195,200.01227,265.7525,10.219281,17.226494
2025-07-21,281.5,35.5,,,,,,97.25342,262.81052,105.57248,0.20886128,465.6364,,,,,284.88004,437.42233,243.95842,-38.25729,10.224627,746.13275,285.65607,2.7689035,745.14325,793.31445,36.081547,,16.937151,618.4184,276.26352,4.4081182,615.47986,653.9455,56.37781,,1.8164362,399.3208,255.01451,7.9362054,377.97943,439.79343,9.954063,22.586332,21.89836,181.19737,215.06717,13.178693,171.03036,206.8915,,9.261858
2025-07-21,281.5,36.5,,,,,,138.7766,248.08812,78.63966,0.29812092,465.5044,,,,,236.7074,443.3375,203.11371,-20.502726,6.2747307,,,,,,,,43.70373,582.1306,272.61945,4.9277062,581.3276,622.12354,53.307354,,25.834085,383.68677,254.03874,8.135821,357.03143,419.4189,16.442795,32.135967,1.4165319,245.65385,229.32964,11.449253,229.90799,259.00677,,7.530041
2025-07-22,281.5,35.5,,,,,,90.209465,268.50156,105.9364,0.19414605,464.64743,,,,,296.66763,411.6819,254.27864,-51.29645,4.166282,763.399,285.36118,2.2960932,760.43317,810.3386,25.724316,1.6398586,12.37532,575.33484,272.42215,5.037726,571.8839,604.8725,25.24388,,24.720446,413.1394,258.07162,7.440399,402.95496,433.2455,4.7595825,41.37428,5.548201,218.8683,223.57173,12.321778,209.45229,229.0016,,4.695506
2025-07-22,281.5,36.5,,,,,,105.02442,257.11743,102.33304,0.22611432,464.47488,,,,,282.55203,396.6873,243.09111,-57.220825,10.160642,790.9959,286.8352,1.9752666,790.3992,852.5674,41.61535,1.309804,13.349388,548.34534,268.60666,5.4823895,547.60144,580.1249,25.598352,1.0139371,17.813457,429.362,258.77695,7.290661,417.4717,458.4682,12.81614,12.562205,19.19527,247.40053,230.79494,11.310587,216.97838,256.886,1.0420918,5.1795096
2025-07-23,281.5,35.5,,291.91794,,,,98.896545,295.83914,68.89206,0.21331024,463.62775,,374.3088,,-86.342896,293.98557,382.58572,251.76183,-78.06598,12.707165,879.605,292.96948,1.293294,877.2856,936.69666,35.6629,,0.12967917,552.63104,271.85983,5.363701,549.7741,567.7881,15.397587,,0.27696374,444.69092,262.13443,6.7975354,442.724,449.65216,3.146521,,0.06928068,165.78566,213.62044,13.632062,163.95692,169.57365,2.140198,2.2327702
2025-07-23,281.5,36.5,,292.32135,,,,93.20811,296.3013,73.904205,0.20113373,463.4136,,368.88077,,-83.5481,300.00467,373.76987,258.37943,-78.65897,9.017282,888.9425,292.4242,1.2150855,888.24365,944.3372,28.712286,1.147011,0.0911417,,,,,,,,0.12327512,,,,,,,,0.12762864,,,,,,,
2025-07-24,281.5,35.5,,289.86588,,,,92.058525,288.29562,82.22336,0.1990121,462.5775,,398.0933,,-71.10645,296.1995,404.97134,253.8041,-64.228386,11.999831,845.63666,291.71906,1.6431578,844.98706,906.1254,30.202543,2.0076811,2.2604775,636.37866,277.7009,4.2955065,635.3986,680.1737,62.21172,,0.0009557389,440.5483,260.06094,8.144839,436.34885,444.95535,,1.7821918,2.2923796,204.127,220.64806,13.046992,193.85371,214.4895,,2.6803324
2025-07-24,281.5,36.5,,290.55893,,,,95.18927,289.0457,78.08566,0.2058945,462.32062,,383.6001,,-75.91685,293.6594,392.72778,252.84691,-66.78913,16.364054,846.8834,290.50677,1.6878636,846.3453,905.26196,30.722582,6.8498135,0.039786685,656.63495,281.11227,3.8171291,654.1262,667.6369,5.5232754,,0.0,,,,,,,,0.16985632,210.74323,221.53024,12.613068,198.70566,224.10583,,3.5542476
2025-07-25,281.5,35.5,,,,,,87.24645,284.9174,89.33261,0.18905118,461.49646,,,,,298.16864,421.7924,255.54387,-55.878162,10.315646,833.2686,292.6925,1.8076286,832.69275,885.7557,25.238657,,3.5381386,599.0456,274.2938,5.0659294,597.86365,625.42487,10.41943,,7.399505,440.3439,260.00052,7.4717555,439.81625,452.15897,6.3209844,,7.4027534,139.61702,208.4569,14.790672,139.61702,141.95773,,1.1747315
2025-07-25,281.5,36.5,,288.23035,,,,68.74336,290.53076,101.92151,0.14905466,461.19565,,403.66928,,-68.97262,307.24808,405.05777,264.31598,-67.58411,2.4843462,862.6443,293.59854,1.4794282,862.29266,924.06384,23.982882,0.45856282,0.11794462,659.92236,277.2124,4.193414,659.42596,707.4078,30.870424,,0.0,,,,,,,,0.47067666,144.62025,208.851,14.602897,144.61008,147.01735,,0.78751194
2025-07-26,281.5,35.5,,,,,,91.606964,286.7412,82.03613,0.19897933,460.3843,,,,,287.92804,432.49634,246.53766,-53.459946,11.071327,761.9197,288.50674,2.570375,761.5743,827.5314,84.53747,0.70448834,5.009526,638.2318,278.8864,3.9865274,636.7189,674.8493,67.32374,,0.18760395,349.82043,245.74698,9.158938,306.7651,549.47205,29.731861,372.01343,2.800315,193.3781,218.06165,12.866271,181.70328,266.1278,,192.9691
2025-07-26,281.5,36.5,,290.83267,,,,77.84297,284.8381,97.357635,0.16920961,460.0387,,418.36804,,-61.085125,301.5184,423.67618,259.51266,-55.776997,11.09964,808.48364,291.1828,2.1036344,807.8213,859.9774,36.136898,1.1519798,0.82825786,570.6313,273.1694,5.0609374,570.065,618.6593,84.935555,,0.040617,404.29926,257.87607,7.5891314,379.9234,411.00916,,7.291134,5.1477675,142.96828,208.95717,14.560312,141.01317,155.03099,,3.3181243
2025-07-27,281.5,35.5,,291.1261,,,,137.05632,251.0092,71.17561,0.29844087,459.24112,,433.76053,,-53.79269,237.1325,446.69473,202.50716,-40.858562,14.012197,781.4437,290.29224,2.3190637,780.8817,849.32117,77.195885,1.2999785,0.30395257,625.06335,277.95187,4.1416783,623.1476,654.23096,23.769604,1.5011048,0.002139042,,,,,,,,30.27697,178.07173,216.10493,13.473345,152.33054,346.04745,29.754915,513.3779
2025-07-27,281.5,36.5,,,,,,80.75253,250.67482,127.42198,0.17598921,458.84933,,,,,296.6633,433.8612,255.37761,-43.62724,7.427358,804.95654,291.31848,2.1101017,804.34235,863.62006,43.067924,3.8137286,1.6340958,614.01746,275.90897,4.5636697,612.8882,644.42914,19.334114,3.7116778,0.057146195,362.9243,252.67201,8.511346,362.40323,367.89362,1.8703119,2.5376737,27.284887,153.68321,211.15816,14.286193,144.582,234.17116,1.8097668,38.66826
2025-07-28,281.5,35.5,,,,,,95.46586,208.5152,154.08524,0.20841058,458.06628,,,,,281.28906,451.43237,240.84615,-32.442265,17.689894,811.543,292.03268,2.0438442,810.66235,864.86365,33.72995,0.79524934,2.802091,645.7899,279.39722,3.8977163,644.3821,718.1543,82.22271,,0.021137245,,,,,,,,42.2536,167.80898,213.33864,13.7465515,149.80771,264.12033,,91.056
2025-07-28,281.5,36.5,,,,,,103.59055,245.08478,108.95203,0.22636443,457.62735,,,,,271.29697,433.80667,233.32672,-40.514267,22.069206,809.95917,291.24216,2.028964,809.3808,867.35767,37.903072,0.730783,1.249601,648.5194,278.28818,4.140154,647.68634,684.0038,24.013575,,0.027252734,352.8155,244.48642,9.631396,352.7382,366.1885,11.9448,1.1647,32.734127,174.0348,215.9509,13.642092,162.38684,242.52907,,38.521088
2025-07-29,281.5,35.5,,,,,,93.837616,239.88982,123.132095,0.20539708,456.85953,,,,,285.2208,431.11588,244.19392,-50.52104,5.229578,804.0877,291.41855,2.1489131,802.7725,849.9599,24.193607,4.5533576,10.939082,612.61145,276.19702,4.5344114,611.0627,650.56396,34.337795,,2.3955925,460.063,262.3955,6.838291,457.9975,476.05792,21.392227,1.2167338,33.15906,185.86406,217.70987,13.198834,159.72386,303.26443,,221.79457
2025-07-29,281.5,36.5,,286.0552,,,,82.35662,280.64114,93.374725,0.18045922,456.3725,,405.46255,,-72.903076,300.01974,410.66202,258.2808,-67.70358,9.6536455,821.00793,292.64438,2.0263677,820.1473,871.4448,27.162174,1.7272991,1.8514,556.216,270.483,5.1936226,555.29913,582.40753,13.534792,4.672536,0.6833231,447.67035,260.4921,7.772666,446.36884,458.30475,8.20859,7.189672,10.21701,207.50653,223.51662,12.616934,190.43243,217.31537,17.963926,8.034905
2025-07-30,281.5,35.5,,,,,,98.92673,261.80838,94.88562,0.21712516,455.62073,,,,,279.75278,430.84763,239.42633,-48.147755,11.597798,751.7171,287.28223,2.6932788,750.8173,793.24023,27.661383,,22.688192,618.5025,276.068,4.500559,617.46106,649.2082,20.41382,,3.0878391,452.98953,261.66168,7.0149136,450.87073,465.04913,5.8360386,,27.394896,221.30563,225.10191,12.289248,199.57616,244.03287,,13.9894705
2025-07-30,281.5,36.5,,,,,,112.65112,248.2605,94.1727,0.24753901,455.08432,,,,,263.3877,419.16403,226.4165,-57.14629,0.90263003,719.43823,284.46326,3.14767,717.9483,751.08795,19.692701,,14.061577,604.03766,275.46268,4.6353903,602.78723,629.0556,17.26182,,2.8986928,415.02753,257.5379,7.6188416,410.51096,425.02722,11.177567,34.81912,45.081974,219.9674,225.7612,12.183579,185.41858,238.01561,,13.611507
2025-07-31,281.5,35.5,,,,,,143.76595,244.95006,65.633194,0.31642172,454.34918,,,,,218.44337,448.77817,186.17601,-23.859467,5.3573594,828.23645,291.2808,2.031919,825.83044,877.1131,47.91066,,23.71139,599.0619,274.78598,4.716411,595.9892,628.8764,34.328506,,29.808329,419.04474,258.0257,7.535201,399.18826,465.67642,51.356636,50.326797,18.35412,231.1318,226.30058,12.092746,205.42238,314.98346,,262.2364
2025-07-31,281.5,36.5,,,,,,112.0153,257.39093,84.35632,0.24685885,453.76254,,,,,256.14563,438.72205,220.0365,-32.45671,14.769627,754.50134,286.67755,2.6875703,752.54926,802.49963,73.59939,5.526595,17.705725,593.1205,274.46942,4.725107,591.51764,625.0597,30.754086,,3.3347063,361.26062,249.58719,8.752385,328.22055,449.47205,71.7315,124.16544,20.335588,215.13202,224.21606,12.403238,188.6253,271.91965,,119.979095
2025-08-01,281.5,35.5,,,,,,202.58978,233.6123,16.842712,0.44717383,453.0448,,,,,150.4959,441.11694,127.75707,-19.422308,11.048299,730.99207,283.7441,2.816464,730.5913,815.8886,110.82414,,52.260067,563.9982,271.80527,5.035045,562.1861,619.1838,81.5254,53.841976,9.532992,374.12296,252.54979,8.310472,325.33398,481.61942,15.695152,64.339455,22.635483,219.06699,224.37474,12.191272,187.67656,258.88974,,38.613945
2025-08-01,281.5,36.5,,,,,,222.01073,244.90704,-14.5108795,0.49073243,452.4069,,,,,124.597145,438.6245,106.08966,-10.295913,33.715397,764.5168,285.08606,2.5266469,763.85236,861.73956,152.20985,,34.836025,620.32623,275.53232,4.2854657,619.1042,690.9444,110.27633,,5.794722,389.55115,253.50853,8.046342,357.6623,506.55328,217.48236,84.29381,19.359041,224.96848,224.99869,12.1042185,199.87689,331.10168,,339.23013
2025-08-02,281.5,35.5,,,,,,176.47264,251.45447,23.780151,0.3906792,451.70728,,,,,183.18285,422.3394,155.77095,-18.504744,41.98119,798.76154,285.74976,2.1487403,798.57336,878.32776,78.071754,40.44785,23.777712,621.8346,275.6494,4.2118254,619.9348,674.1233,48.314167,75.231346,11.635258,425.35294,259.4091,7.221505,377.03033,576.7361,14.558228,78.454216,2.1287165,248.35109,231.00624,11.343979,226.20851,266.18274,,10.571369
2025-08-02,281.5,36.5,,,,,,210.9457,253.8348,-13.763672,0.46771136,451.0168,,,,,140.74632,407.46274,119.91712,-25.747168,29.334814,744.6685,282.24054,2.722469,744.22516,827.7536,130.23564,51.740032,42.89081,662.12897,277.6441,3.6975057,661.2239,736.1508,119.10964,35.52635,7.0973644,406.4457,256.25333,7.6208467,360.31424,535.8758,,86.42272,3.1636696,241.07994,227.93692,11.699218,222.33604,278.76526,,26.814648
2025-08-03,281.5,35.5,,268.58646,,,,115.15722,258.28723,76.89163,0.25571394,450.3361,,362.97324,,-74.674355,264.37772,379.21436,225.95398,-58.433273,11.163037,811.1082,285.49164,2.155201,809.6259,859.3149,24.387383,6.3499227,20.15436,609.7609,272.92877,4.463897,605.2117,648.61774,20.07936,23.966839,7.9895625,400.49573,254.71931,7.682451,375.81226,439.11948,31.483784,39.61194,5.79718,230.70605,227.80264,11.863329,217.09163,253.85822,4.5074315,13.320824
2025-08-03,281.5,36.5,,269.7913,,,,184.67436,235.70033,29.217636,0.4107596,449.59232,,348.74307,,-83.24241,177.28069,369.0629,151.37294,-62.92262,0.58242047,878.1704,287.94965,1.4646655,876.4889,909.368,34.146328,,19.324091,555.3566,268.24918,5.2354746,549.76196,599.70465,49.36946,,33.45598,401.98584,253.44705,7.6588755,366.64905,478.42474,49.787956,69.84145,2.391657,267.2971,234.2987,10.984436,251.82924,273.28867,,4.589598
2025-08-04,281.5,35.5,,,,,,74.52822,243.20741,131.19548,0.1660126,448.93112,,,,,304.5657,383.9879,260.622,-60.433674,0.31237736,718.4647,279.12805,3.3754125,717.4488,752.44366,12.582369,,11.761823,577.8901,271.29376,4.9242597,573.4671,617.2549,22.660278,66.839096,34.656742,402.5337,255.95692,7.612861,388.81586,448.47092,81.37007,98.87019,10.776962,219.32864,225.09918,12.211931,196.0433,260.3007,8.443738,53.523357
2025-08-04,281.5,36.5,,269.37778,,,,90.63239,239.52559,117.97511,0.20224437,448.1331,,357.41782,,-80.70835,293.41458,368.36108,252.33337,-69.7651,0.09782592,836.76654,286.34644,1.7678521,836.3896,891.4138,25.398106,,3.9242332,566.29913,270.21442,4.94134,561.381,610.5263,46.91068,37.892857,29.254478,371.82816,252.06236,8.155744,360.6508,431.01215,141.01022,171.94104,25.54703,218.72691,224.89928,11.95617,183.82617,247.89781,38.284706,22.138897
2025-08-05,281.5,35.5,,,,,,216.2721,220.49712,10.722702,0.48329833,447.4919,,,,,128.5509,423.495,109.019066,-4.599959,0.0,,,,,,,,42.927963,553.35236,270.12103,5.2023597,550.834,615.1252,124.79681,,54.14851,412.05048,257.16977,7.463523,390.26392,514.3206,201.01634,156.78563,1.0789207,253.22662,230.87251,10.983051,222.22295,573.2165,,1098.8527
2025-08-05,281.5,36.5,,,,,,242.33607,201.74211,2.5604858,0.54257745,446.63867,,,,,95.37707,415.28198,81.132195,-9.972762,0.0,,,,,,,,5.296132,,,,,,,,89.65073,377.59943,253.02869,8.081465,359.64294,487.82846,239.45883,384.78983,5.0522447,288.05527,239.10286,9.978835,253.5058,608.46,,725.7143
2025-08-06,281.5,35.5,,,,,,283.77774,234.62396,-72.38345,0.6362469,446.01825,,,,,61.997334,430.90735,52.467068,3.53382,17.413805,789.6942,283.24472,2.287373,787.7351,892.1258,460.98447,,55.38859,569.14453,270.52286,4.98998,566.3119,649.2056,427.69516,,18.445684,399.54523,254.57744,7.7258024,349.03934,716.46313,786.2652,1212.0231,0.7049816,280.44528,235.6088,10.430666,244.61978,550.8467,,1435.736
2025-08-06,281.5,36.5,,,,,,299.54987,208.74953,-63.190536,0.67298114,445.10886,,,,,50.346188,406.57602,42.77573,-9.03538,0.8232414,,,,,,,,21.528437,562.22595,270.74033,5.0908504,558.8331,611.5056,50.0081,97.184746,71.269646,372.36902,250.68468,8.247755,338.37436,575.88855,577.8029,873.4351,3.1000283,290.0902,238.2346,10.050259,248.6276,579.8387,,1016.201
2025-08-07,281.5,35.5,,,,,,226.89294,259.98196,-42.36493,0.51043385,444.50998,,,,,114.2872,419.2196,96.84731,-12.481561,41.881622,767.9201,283.09012,2.459391,767.3309,864.9135,191.66725,7.891899,37.97939,642.47174,276.42755,3.9295843,641.39,731.2474,236.26393,271.89026,3.2103164,453.93396,260.80298,7.113912,406.18265,647.7574,71.025444,193.12553,0.57436997,262.00415,231.50563,10.965318,231.05754,281.1681,,17.849266
2025-08-07,281.5,36.5,,,,,,207.54454,256.4597,-20.46077,0.4679238,443.54346,,,,,136.75664,413.56808,116.49056,-13.647831,34.098953,751.13336,281.45422,2.654541,750.8373,846.48004,166.69904,,50.270447,632.55096,275.2183,4.0733666,631.9062,706.76074,155.63469,90.0883,2.411835,389.82202,251.34819,7.8448024,344.78262,529.37427,,116.3312,1.1894636,267.78015,233.26942,11.271183,234.15947,335.76147,,70.65332
2025-08-08,281.5,35.5,,,,,,178.69469,271.60776,-7.335663,0.40340427,442.96677,,,,,174.6527,405.32983,148.39186,-34.72051,54.787975,786.4578,285.1165,2.2289784,786.2144,876.732,112.603645,2.2617993,3.799015,674.84344,278.4507,3.4966147,673.6446,725.2097,54.23506,,0.53636676,306.5626,238.3975,9.761991,264.38412,366.27856,,34.397385,1.5016049,204.63608,220.41335,12.500644,184.3354,224.11757,,11.176313
2025-08-08,281.5,36.5,,,,,,94.715485,273.72913,73.49771,0.2143164,441.94232,,,,,278.13657,386.32553,238.91948,-49.16631,20.116102,823.5622,286.47006,1.8902832,822.49756,883.8822,42.9517,8.451878,15.261445,684.1048,278.67188,3.4365895,683.69806,739.3797,56.651016,2.6425226,0.061660778,469.28452,261.2109,6.457026,466.7492,475.0577,4.166361,,0.112398595,142.50006,210.51082,14.245729,141.59923,146.4141,,2.139732
2025-08-09,281.5,35.5,64.63943,291.91797,84.83115,0.14644563,441.38855,79.578026,279.88492,81.9256,0.18029019,441.38855,303.83356,367.66043,259.55853,-74.61897,297.83456,373.1523,254.85814,-69.127174,6.7669387,866.8749,289.2162,1.6375465,866.18713,924.4478,22.551792,0.801964,6.7645125,561.0156,269.24417,5.186681,559.60187,580.707,15.056833,187.90787,2.835744,404.7745,252.63158,7.8601503,382.23785,457.8969,4.1465197,21.374676,1.7714065,194.45558,218.20184,12.818657,190.07452,203.61993,1.3457474,2.966511
2025-08-09,281.5,36.5,69.71865,286.02136,84.565186,0.15834165,440.3052,72.69313,281.89963,85.71243,0.16509715,440.30518,303.80466,351.63138,260.50732,-83.985245,299.68192,353.4723,257.3585,-82.14437,2.995596,807.4052,284.79413,2.2133431,805.5814,844.9568,17.093756,1.970291,0.7643152,636.28,273.2912,4.3202066,635.6305,666.2398,13.97461,,2.3100262,422.10013,255.33566,7.2623153,421.9601,429.58212,3.8471577,,3.022976,225.28839,223.50175,11.824238,215.29248,231.93893,,3.3491032
2025-08-10,281.5,35.5,,,,,,137.0783,261.36417,41.332855,0.31170076,439.7753,,,,,221.22028,419.80408,188.53656,-28.061066,31.429663,745.834,283.0761,2.7245555,745.2592,805.49963,68.7004,,26.110056,621.3967,275.41345,4.228978,620.4328,677.30756,142.41328,537.9017,3.259782,404.62915,253.65701,7.847087,364.07278,603.1686,,316.71317,0.53214294,249.1218,228.65807,11.594467,226.78137,269.5351,,12.113746
2025-08-10,281.5,36.5,,279.40622,,,,100.56247,277.0781,60.991486,0.22926384,438.63205,,367.4889,,-74.64625,268.7064,383.50327,230.54723,-58.631912,29.665665,856.25757,289.02377,1.5377799,855.26385,912.7191,33.29998,1.4156654,2.2840316,577.83405,269.42667,5.073736,577.55707,601.08057,10.384429,,0.8412159,420.45627,255.47603,7.340552,407.13266,437.1043,2.2744188,5.682403,0.33550787,229.07863,225.24162,11.6999,215.76233,233.75934,,4.59518
2025-08-11,281.5,35.5,,,,,,,253.60869,,,,,,,,,424.50723,,-22.933771,3.8863332,745.01166,283.48538,2.7363808,743.69806,791.2285,37.672707,,50.62675,630.61224,276.40152,4.098761,628.8053,663.13904,29.772274,,9.669215,376.5401,250.91885,8.34627,328.68845,457.35492,,48.794327,1.9551407,254.44147,229.85333,11.2635975,220.1371,285.9067,,19.629694
2025-08-11,281.5,36.5,,,,,,,263.88208,,,,,,,,,414.32114,,-34.39392,30.23657,809.74475,287.51654,2.0414019,807.85815,854.6039,34.66514,2.7972615,8.873282,,,,,,,,11.557284,388.6205,252.40826,8.007447,338.47797,475.90573,,42.293545,1.7545123,264.73233,231.67331,11.031585,235.75082,286.10614,,13.57917
2025-08-12,281.5,35.5,,,,,,278.82278,193.64612,-36.025757,0.6388525,436.44315,,,,,43.18275,425.56885,36.53669,-24.421682,0.3008453,844.26483,289.59525,1.612854,841.5065,887.19214,20.454313,3.6733701,7.9554257,604.1778,274.76248,4.4527626,602.4113,638.962,122.41865,,24.720556,351.2538,248.54424,8.686599,294.7838,539.6012,222.59723,603.2601,48.12466,232.49202,226.32993,11.62034,189.51277,458.55194,62.123703,1162.5713
2025-08-12,281.5,36.5,,,,,,163.29645,238.54425,33.33728,0.3752406,435.17798,,,,,182.81221,426.84348,156.11809,-25.931482,11.288467,732.42365,283.3095,2.9094203,731.1774,798.134,113.40258,2.3183017,25.310316,609.7968,274.95435,4.4315195,606.89386,653.9382,112.53346,,36.362873,361.8236,249.37866,8.512589,306.84073,547.38043,,539.15826,4.335053,292.94662,237.9754,10.090401,246.08624,445.43552,,345.53098
2025-08-13,281.5,35.5,,,,,,150.01958,221.05757,63.647568,0.345091,434.7247,,,,,199.56926,435.8431,169.98398,-18.255405,0.19131996,900.72534,293.80707,1.096218,898.76984,948.9086,25.555185,,22.734167,604.9322,274.44443,4.5198174,602.45703,641.9189,30.036856,,51.609997,401.27124,256.3115,7.641386,361.69803,470.7621,40.040802,66.61705,11.109238,259.1565,232.50847,10.924847,211.66441,368.64246,,158.46909
2025-08-13,281.5,36.5,,,,,,210.21907,205.39204,17.786133,0.4850494,433.39725,,,,,123.971504,431.07986,105.57599,-17.204021,4.0075345,750.7405,284.27768,2.6897817,749.4767,822.54297,61.7235,,8.690763,568.319,272.11105,4.9706144,565.18396,606.31604,48.151615,,58.644016,372.4917,251.80492,8.285682,317.90057,520.9175,104.293945,270.41248,23.035513,248.3146,230.05957,11.245645,203.6389,407.20535,,421.10764
2025-08-14,281.5,35.5,,,,,,232.71095,236.06252,-35.80194,0.53747404,432.97153,,,,,95.19866,428.98145,80.6392,-25.77044,0.96401834,,,,,,,,2.6350622,536.97235,269.77112,5.4160457,536.0431,589.1863,118.220055,,52.634533,416.46664,258.37985,7.3738546,404.81836,484.08954,156.38788,193.02449,8.813456,234.40074,227.92468,11.570875,201.84929,282.91498,1.4138855,33.591373
2025-08-14,281.5,36.5,,,,,,176.18108,234.45042,20.949524,0.40822247,431.58102,,,,,163.27321,426.92203,139.32967,-26.009531,4.614141,880.38947,292.3634,1.3435102,880.1334,931.05536,19.455494,,23.00757,564.899,271.65057,5.0260544,561.9713,598.842,35.389473,91.7874,29.82923,407.2354,256.29675,7.6218367,396.5991,463.54053,96.95765,63.470886,17.159622,229.14592,225.94044,11.866447,204.67091,287.8717,2.9973338,43.071903
2025-08-15,281.5,35.5,,,,,,96.805824,258.50632,75.87167,0.22451173,431.1838,,,,,260.78226,427.12912,222.8502,-31.90857,21.475235,893.1993,293.41895,1.3257893,891.753,943.6414,27.33667,100.04974,2.0810719,539.88617,269.2391,5.1402583,538.13727,547.36395,3.9303555,,0.7976863,388.5837,254.8523,7.965346,368.48376,407.86978,16.724955,25.505194,19.336721,230.2315,227.77791,11.654471,203.36374,256.19656,,13.3797655
2025-08-15,281.5,36.5,,,,,,95.17396,273.58292,60.972687,0.22147408,429.72955,,,,,261.01706,420.06693,224.04356,-35.2424,27.356552,858.5841,291.22568,1.5107474,857.9078,909.51636,34.9414,0.8697364,1.0243837,630.4038,275.7385,4.4898314,628.212,647.89594,8.812563,,0.160045,363.03357,252.41678,8.380023,361.0536,372.37274,12.782555,7.521418,3.0116098,164.52563,212.6342,13.757885,159.7082,171.81084,,3.2398913
2025-08-16,281.5,35.5,,,,,,92.67007,268.90555,67.78647,0.21583197,429.3621,,,,,264.78903,412.26224,226.22835,-44.38914,14.34339,817.5177,289.02875,1.9342061,817.27997,885.5648,73.33356,226.26358,1.3346367,537.9522,269.10703,5.5108433,536.3668,550.17706,8.263776,,0.9336838,487.62625,265.6892,6.210628,472.77432,626.8105,570.42993,845.2051,12.052074,227.84538,227.6748,11.849894,194.02824,246.15846,,14.899019
2025-08-16,281.5,36.5,,,,,,89.60569,276.99515,61.24243,0.20943579,427.84326,,,,,266.9233,404.11792,228.97319,-49.795856,17.513098,844.72473,290.58347,1.6643273,844.3168,904.8064,48.22751,1.006341,1.3596005,643.0918,276.37863,4.1881695,641.1385,666.8828,11.720346,,0.23992771,343.74866,246.40083,8.983239,307.54425,471.36746,,233.54333,3.63325,162.62326,212.2014,13.897182,158.29944,169.18329,,3.0107203
2025-08-17,281.5,35.5,66.09909,293.83575,67.57175,0.15461537,427.5066,69.098434,292.43686,65.97128,0.16163127,427.5066,292.44788,386.94434,249.57411,-71.46081,289.89438,388.8878,247.6759,-69.51736,3.7412624,862.0126,291.98816,1.4135036,861.4231,920.8493,25.934568,,0.0,,,,,,,,0.0022313856,,,,,,,,0.27346024,176.39917,215.62863,13.354656,175.81985,180.11865,29.75492,2.1781678
2025-08-17,281.5,36.5,,287.88562,,,,80.610725,285.78152,59.530243,0.1892615,425.9225,,393.59372,,-65.57596,278.02487,399.353,238.63222,-59.81668,10.811638,829.86694,289.96036,1.8147206,829.1797,884.0129,55.24971,,0.8331938,,,,,,,,0.8472252,372.15756,247.58244,8.725784,349.775,399.883,,34.173298,0.7436002,,,,,,,
2025-08-18,281.5,35.5,,287.80222,,,,115.547424,279.85446,30.21576,0.27148175,425.61765,,406.75595,,-52.89265,235.2475,421.75742,200.69823,-37.8911,36.288563,838.20294,290.2274,1.693807,837.2208,897.0311,41.57559,,0.0,,,,,,,,0.07900596,,,,,,,,0.2735445,,,,,,,
2025-08-18,281.5,36.5,,,,,,121.202065,276.7597,26.005676,0.2858759,423.96744,,,,,226.16331,418.46362,193.60364,-34.647564,46.370426,823.2177,288.70267,1.8500776,822.6514,896.11255,59.710464,1.2518598,1.348259,622.34204,275.6361,4.363485,619.5068,664.61584,25.898909,1.7703973,1.3272051,389.0255,252.88422,8.16262,350.55557,432.08673,20.455257,55.13385,2.5730035,218.14528,224.0239,12.247848,205.28143,226.88533,,5.6392765
2025-08-19,281.5,35.5,,,,,,173.81822,278.49435,-28.61699,0.41024318,423.6956,,,,,161.8821,424.79623,137.49951,-20.327589,75.205734,880.1613,291.2607,1.2535702,878.23566,950.7895,53.98673,1.2569718,0.0,,,,,,,,0.11922711,379.5472,254.4865,8.214519,328.93292,403.47098,,16.126612,0.4128035,194.98967,219.372,12.838206,184.27925,207.90471,,6.544574
2025-08-19,281.5,36.5,,,,,,205.62006,279.60773,-63.249084,0.48727593,421.9787,,,,,121.67136,414.10135,103.59942,-23.682144,83.55037,868.83746,289.67444,1.3738552,866.898,952.3676,105.536964,1.6272583,0.0,,,,,,,,0.0,,,,,,,,0.80750936,147.3856,208.02928,14.141896,143.03325,160.94487,,5.469516
2025-08-20,281.5,35.5,,,,,,140.32834,248.5059,32.906357,0.33273613,421.7406,,,,,204.22026,412.9009,173.92467,-36.822006,38.28555,841.8183,289.42392,1.6504886,839.5415,890.98145,37.017467,1.092362,7.5946064,640.1028,277.11624,4.0367565,638.5302,693.3755,54.960648,,0.34806967,409.734,254.12633,7.8879895,394.9403,433.13425,,13.014767,33.478245,236.5237,230.26382,11.587669,194.91132,299.85526,,38.203693
2025-08-20,281.5,36.5,,,,,,133.33278,252.62897,33.99463,0.31749198,419.95636,,,,,210.98878,406.23865,180.51906,-41.477524,44.778843,828.78436,288.04514,1.783379,826.7258,870.0135,38.014824,,8.82651,638.6943,277.5949,3.9597054,636.998,669.1299,28.49204,,0.0028091508,343.01016,250.25653,8.712334,337.8198,349.01028,,2.1123638,32.780853,232.41164,228.82954,11.758255,193.92982,289.67838,,27.693598
2025-08-21,281.5,35.5,,,,,,128.62291,252.16815,38.961975,0.30642518,419.75305,,,,,214.3244,415.52396,182.60278,-34.914932,23.088562,786.5987,286.522,2.2113304,785.2472,842.5685,107.47946,,16.384502,658.5013,278.713,3.786295,656.90204,711.5232,111.67383,,8.360255,379.1504,252.81673,7.7288203,333.4916,459.5082,18.721046,,21.615957,231.87732,228.7999,11.781442,193.10568,291.51547,,40.02594
2025-08-21,281.5,36.5,,,,,,132.5816,256.7517,28.567505,0.31725615,417.90082,,,,,205.84033,415.66855,175.98047,-29.681818,52.571346,765.7719,285.2162,2.410418,765.013,828.12036,84.17834,36.532116,6.256636,640.7485,276.21396,4.071788,637.4811,672.9372,24.53697,,3.6995783,336.5055,247.15758,8.879422,274.25137,390.24625,,39.51775,11.268578,215.87056,225.95404,12.238935,179.65395,233.79434,,17.699934
2025-08-22,281.5,35.5,,,,,,96.00367,259.15164,62.57788,0.22982055,417.7332,,,,,252.82115,399.68558,215.821,-43.402714,28.36306,815.97595,286.99988,1.9590083,814.48175,863.98083,29.153282,2.6478722,12.747673,648.71606,276.90497,3.9200075,646.41876,685.9057,28.558115,,14.0562315,378.00482,252.62984,8.052533,321.5341,464.51593,21.661942,61.829517,4.2740955,263.23212,233.6184,10.836754,219.26506,304.65616,,36.914997
2025-08-22,281.5,36.5,,,,,,109.89627,265.4766,40.43933,0.26429304,415.8122,,,,,235.61491,389.32275,201.75914,-50.776966,31.915442,755.5706,283.64963,2.577761,754.69165,809.5366,39.356792,5.907867,15.842168,647.183,277.3416,3.8791163,644.8997,691.46185,37.116356,,8.379752,344.08786,246.51363,8.772123,282.42334,416.24878,22.71803,47.321117,7.248327,264.03027,233.47182,10.787979,218.0113,281.4806,,21.390305
2025-08-23,281.5,35.5,,280.12805,,,,111.85687,235.00067,68.823395,0.2690931,415.68094,,362.71155,,-73.885216,237.7749,376.2721,202.7782,-60.324657,1.318454,892.6811,291.30927,1.2193276,890.0074,931.9095,20.12039,2.2139003,5.5287232,523.22107,267.49567,5.5804725,520.1487,540.6511,16.879812,2.6677969,37.93671,372.45978,250.71707,8.202264,319.1595,443.60928,14.894695,71.61329,16.833427,262.54547,233.05428,10.856687,210.06631,341.9502,12.214901,71.60833
2025-08-23,281.5,36.5,,286.8984,,,,146.67053,223.91057,43.109573,0.35454154,413.69067,,353.07263,,-83.58576,192.77834,368.7882,164.71584,-67.87025,1.3237988,779.9115,284.75925,2.3523738,778.5312,820.6198,31.158085,,1.8442955,556.18445,270.4391,5.0782385,551.5424,579.8103,26.250372,,17.713415,373.94916,249.90166,8.250934,331.56302,414.58795,19.328363,52.02486,45.754406,260.71936,231.90685,10.741065,207.9115,354.92355,74.492935,93.78915
2025-08-24,281.5,35.5,,,,,,100.73431,253.278,59.584335,0.24355687,413.59665,,,,,243.12584,408.119,207.42168,-40.607838,16.66749,779.71155,285.70123,2.242368,778.6939,837.4416,49.819633,1.8127623,12.4424095,590.2294,272.075,4.711272,586.90204,623.51245,29.777102,1.4653696,22.327028,382.55606,252.49097,7.988141,328.5799,462.67175,31.582136,68.64718,5.532131,267.25598,234.28326,10.723322,219.48228,314.8695,,40.431572
2025-08-24,281.5,36.5,,,,,,102.336845,253.90369,55.295868,0.2486702,411.5364,,,,,239.00957,401.0189,204.77592,-47.261917,10.825522,739.9513,282.70163,2.7558975,739.0312,787.47003,35.50226,,24.422983,638.3493,275.7255,4.0048513,636.38135,678.19055,37.934578,,23.860594,367.83356,249.5041,8.37043,324.9865,412.60718,24.122236,35.74962,1.9079715,276.03812,234.16809,10.565508,245.60426,291.79016,,8.985222
2025-08-25,281.5,35.5,,,,,,80.27582,260.0721,71.132416,0.19509028,411.48035,,,,,268.81396,393.12778,229.6349,-57.419186,11.238767,797.04144,286.95886,2.0870721,795.9646,851.22546,33.766045,10.7349615,5.4771543,630.6112,275.13327,4.027098,628.2562,662.81903,34.244644,1.7258141,18.810156,388.2576,249.35596,8.0912075,337.2763,451.57452,,32.415653,0.2062149,236.39049,227.39929,11.443057,211.61536,251.33984,1.4667317,14.865148
2025-08-25,281.5,36.5,,,,,,74.462265,260.79312,74.09415,0.18190387,409.34955,,,,,274.40228,376.47208,235.27956,-68.45605,6.869105,802.45624,287.0768,2.0062375,801.4948,847.977,19.061993,0.4779842,9.2557955,665.45325,277.8364,3.5369332,663.7227,694.2757,24.79341,2.4989414,21.404694,362.44653,247.68741,8.579198,311.38474,395.72055,7.0496125,24.707935,0.04400419,255.34157,231.2308,10.797407,230.62906,261.28284,0.74574095,8.373989
2025-08-26,281.5,35.5,,,,,,125.331276,218.14427,66.03157,0.30605397,409.5071,,,,,217.85905,364.63232,185.58754,-67.34118,0.027377902,,,,,,,,4.0568175,563.0139,268.68314,5.065373,560.1597,575.1928,16.35145,,48.473568,336.02405,244.13289,8.819278,283.59073,407.43884,70.24353,56.79629,25.798134,278.10208,234.09308,10.2362795,212.38077,317.2461,,31.020443
2025-08-26,281.5,36.5,,,,,,96.201904,230.10028,80.82794,0.23629276,407.13013,,,,,252.22778,358.0431,216.04285,-71.09431,0.38071537,,,,,,,,16.044655,594.8053,268.93732,4.4640403,593.2577,610.8031,11.984045,,41.6607,367.78543,247.53416,8.232623,319.68417,415.84763,29.51882,32.15477,20.003693,264.69562,230.38033,10.460699,211.61076,292.28342,,23.46716
2025-08-27,281.5,35.5,,280.11087,,,,72.57265,251.97559,83.17975,0.1779928,407.72797,,321.68958,,-102.56693,277.7834,332.75415,237.02104,-91.50236,11.056655,817.5043,283.70456,1.9657286,816.2077,871.0394,26.880314,2.6057699,0.400022,662.74725,273.70282,3.6575823,659.90265,691.42773,6.498552,6.3219423,4.977359,345.0703,241.13737,8.695799,301.58322,389.27795,5.907911,14.71124,13.654449,262.62976,229.03859,10.594573,226.36949,311.30896,,21.114712
2025-08-27,281.5,36.5,,273.31497,,,,78.75407,253.27766,73.00743,0.19443569,405.03915,,313.98825,,-105.9092,269.59097,328.9654,230.9701,-90.93201,16.971468,785.64844,280.89807,2.253015,784.6898,842.58966,52.79095,3.1371388,1.4338909,655.04285,271.8333,3.7004626,652.49207,670.3631,8.841428,,4.8198543,342.82706,239.99187,8.763359,297.53574,368.30493,5.655893,18.820932,12.8305435,276.78223,230.19142,10.135805,239.82834,307.21854,6.569315,20.003788
2025-08-28,281.5,35.5,,,,,,122.00288,219.25957,64.658005,0.3005586,405.92044,,,,,220.40065,351.04282,187.70825,-74.91308,7.001353,762.883,279.68588,2.4753914,761.3534,817.84686,51.784286,1.3360491,8.820674,643.45,271.1567,3.9320767,640.9441,693.2286,51.259537,,29.082687,341.63605,241.30403,8.753561,288.4891,402.90024,13.855086,30.59997,30.649565,259.97986,228.70155,10.629432,212.67525,332.32327,,34.02299
2025-08-28,281.5,36.5,,,,,,108.150475,248.69482,46.323334,0.2682512,403.16864,,,,,232.63782,348.49362,199.02617,-73.50857,24.920242,762.3944,279.0425,2.4941008,761.6144,832.6417,77.12277,2.5449898,0.46678278,600.26587,268.46274,4.382265,594.9965,627.3339,23.369572,,8.22487,313.9797,236.1821,9.239073,239.89403,358.63815,9.198935,32.823086,22.820948,268.59402,228.98204,10.349325,224.04112,309.32184,11.173415,26.604462
2025-08-29,281.5,35.5,67.374695,290.43896,46.270447,0.16673434,404.0841,65.25723,280.45358,58.37329,0.16149418,404.0841,281.5925,340.73264,239.83226,-92.6344,279.2444,345.0138,238.12013,-88.35317,1.9642271,806.65485,285.2696,2.0461009,802.5274,836.2573,23.868168,3.4738135,4.0889153,685.1591,274.05984,3.3580656,684.29425,740.49896,60.69852,0.84319377,0.23813228,382.36148,245.26987,8.047447,376.35837,392.54266,,4.515088,6.9678116,230.25032,224.57678,11.501982,205.68245,321.28152,28.326164,47.614765
2025-08-29,281.5,36.5,,276.80948,,,,74.27747,277.43472,49.556793,0.18510644,401.26898,,334.95502,,-93.999695,271.73105,341.95776,232.81116,-86.996925,11.314771,762.8236,280.0422,2.4971433,762.0103,823.2901,41.721375,3.4281464,1.4595119,648.6822,272.4149,3.8645117,646.9428,674.28705,16.19147,2.5368278,0.06166801,,,,,,,,3.3471756,228.65741,221.25162,11.458536,220.78508,234.26341,,2.7184882
2025-08-30,281.5,35.5,60.085323,289.85898,52.274963,0.1493845,402.21927,72.777916,278.97775,50.463562,0.18094091,402.21924,276.8159,349.65878,235.73048,-85.427086,270.79495,355.1371,231.06145,-79.948784,6.358624,777.9175,281.79343,2.3844547,776.053,819.28674,30.46823,7.8588033,7.739222,643.8003,272.09274,4.0523396,641.47565,674.8501,21.214022,5.9883733,1.0180646,414.78513,247.29808,7.9338064,400.45712,442.74454,11.28357,7.491004,0.3578235,252.44077,226.62025,11.003194,239.8765,260.26297,9.275113,2.8870018
2025-08-30,281.5,36.5,60.35236,287.74756,51.240417,0.15113014,399.34033,68.71989,269.89206,60.728394,0.17208351,399.34033,275.39856,335.5861,235.39075,-91.26739,269.8912,339.06113,231.15863,-87.79239,3.5288212,750.35974,279.266,2.742286,749.3256,797.0162,37.980247,,2.441391,606.93256,268.90848,4.4499674,605.5672,622.9996,8.392294,2.2339866,4.5622253,446.21655,254.54204,7.0282187,439.25482,458.98483,3.5763612,3.8466585,12.869778,244.27771,224.63132,11.011475,226.03058,264.56436,,8.935126
2025-08-31,281.5,35.5,,,,,,106.46643,247.20197,46.657227,0.26594958,400.32562,,,,,233.17476,342.16934,198.67647,-81.966286,5.3608375,752.9361,280.0688,2.513573,750.949,792.2423,43.612984,4.46412,2.961705,583.2387,267.51364,4.6948338,580.07367,606.29645,23.167177,42.85622,23.273855,383.56805,247.25961,8.073594,347.22418,433.76407,10.247035,75.521996,14.017966,251.05095,228.63109,11.09459,216.65338,283.69928,,22.096247
2025-08-31,281.5,36.5,,,,,,120.89808,241.04509,35.439407,0.304236,397.38257,,,,,212.62517,335.7291,181.79213,-83.891205,4.9003644,735.4213,278.46884,2.6829472,734.278,778.4357,52.148697,14.290117,0.18701415,537.31946,261.76346,5.3071823,536.36383,543.4533,5.993615,,40.557766,355.74008,242.13057,8.538487,295.97464,419.4129,7.265152,72.64579,0.949979,286.90082,233.18906,10.061766,251.0474,307.25034,,12.903406
2025-09-01,281.5,35.5,,269.9692,,,,87.23431,267.5367,43.632263,0.21895981,398.4033,,322.76025,,-99.54968,260.7669,336.31158,225.5402,-85.99838,13.2957,769.1019,280.3705,2.455839,767.71063,810.0636,27.629932,5.0411263,4.314445,653.0518,272.05286,4.1117682,651.0001,674.48035,18.768606,,6.1591682,325.87924,237.9098,9.01959,262.4475,346.48132,,30.546608,5.8258553,277.1977,230.75853,10.207913,224.25458,303.79654,29.754921,30.62627
2025-09-01,281.5,36.5,,269.07388,,,,80.34696,272.20148,42.84729,0.20320645,395.39572,,315.52026,,-102.03767,265.0324,328.6537,231.21758,-88.904205,17.502228,835.51434,283.33588,1.8894237,834.2962,882.134,26.183811,,0.0033428918,,,,,,,,2.0032084,343.26202,239.70575,8.833547,295.7851,367.60178,,28.005186,0.25180534,293.27527,232.22485,9.750573,271.93692,301.58566,,6.607858
2025-09-02,281.5,35.5,,268.45557,,,,95.54767,262.30026,38.60434,0.24100673,396.45227,,329.58487,,-94.2474,246.79395,346.46704,213.39458,-77.36526,8.578174,724.33887,277.77325,2.7891529,722.5756,763.9409,28.955696,,14.178574,655.44904,272.76242,3.8114316,653.3572,687.2522,28.32888,,12.547437,338.6049,240.65718,8.818653,292.70502,348.40686,,12.894439,0.07417659,,,,,,,
2025-09-02,281.5,36.5,,264.99292,,,,93.361206,260.91882,39.099915,0.23733087,393.37994,,322.82916,,-95.53049,244.79387,334.4489,213.39326,-83.91074,11.330022,726.801,277.1149,2.7342563,725.21185,766.36597,31.47585,,12.221916,625.7472,270.23474,4.1390114,624.2003,655.64246,31.498,,9.293698,370.88074,243.45609,8.190102,338.2727,380.7579,6.3023405,7.492072,0.9728834,276.68018,229.99263,10.289914,255.4096,282.9135,,4.6582694
2025-09-03,281.5,35.5,65.6342,280.32492,48.513397,0.16638471,394.47253,65.299644,279.34747,49.82544,0.1655366,394.47256,277.19193,340.76627,239.28954,-86.84354,274.05008,341.91696,236.88904,-85.69276,1.5896536,890.9843,289.2929,1.2805492,887.2357,923.0677,18.484451,,0.10349337,,,,,,,,0.09097618,398.7841,249.86609,7.4522395,387.33047,404.5866,4.8341274,,0.13175067,,,,,,,
2025-09-03,281.5,36.5,,267.57306,,,,63.76776,274.2586,53.308655,0.16294928,391.33502,,339.31253,,-85.2618,270.66043,340.7828,235.885,-83.79151,2.6817696,858.3343,286.4345,1.6050563,855.6783,893.88464,21.938772,7.3998237,0.13960741,514.6934,262.02963,5.581234,509.96848,522.9236,9.823141,8.864957,0.5671613,389.28177,247.53525,7.7825966,369.88797,394.65607,4.3320136,4.966999,0.01535843,181.41386,219.84358,13.038587,180.25046,184.34872,,1.4440427
2025-09-04,281.5,35.5,,273.23978,,,,75.95506,279.41507,37.093964,0.19353378,392.4641,,364.9519,,-75.096535,261.38614,368.9375,226.08833,-71.11099,7.0907474,880.0212,289.54755,1.14934,877.2118,920.3422,20.3012,3.6934574,0.24374865,,,,,,,,0.088615716,,,,,,,,0.19882376,185.34406,219.79874,13.025102,184.7618,194.0999,1.491296,2.6691039
2025-09-04,281.5,36.5,,272.0159,,,,112.27396,268.8196,8.167664,0.2884283,389.26123,,363.76486,,-72.13833,211.10387,375.94104,183.81645,-59.96219,13.888083,797.5686,284.24503,2.0541575,796.00354,852.20575,49.929623,38.28005,11.654247,595.52374,270.30658,4.479702,593.601,663.6395,146.19693,210.06284,0.0005672819,,,,,,,,0.0,,,,,,,
2025-09-05,281.5,35.5,62.479614,290.19547,37.752075,0.16002886,390.42715,64.753075,281.81796,43.85614,0.16585186,390.4272,266.8605,386.9362,230.32121,-66.7687,263.51456,388.18033,227.75575,-65.52447,1.8183289,917.95856,294.42587,0.9311856,914.6804,943.95184,16.628235,,0.8543069,608.6558,273.63052,4.347511,606.60077,628.7659,26.231356,3.0554335,0.120839626,371.9479,246.54745,8.267097,361.50085,406.42233,6.212032,18.861965,0.49354777,,,,,,,
2025-09-05,281.5,36.5,61.614544,289.587,35.95706,0.15914549,387.1586,60.700138,276.75882,49.699585,0.15678367,387.15854,264.5803,380.7965,230.2113,-69.01036,261.1784,382.17392,227.59062,-67.632996,2.0277216,862.17834,289.65585,1.4518006,859.22845,903.8496,48.433437,,1.2051111,558.6253,268.6825,4.88413,556.8395,577.55035,19.624495,,0.083514936,441.80026,256.19586,7.4864697,439.45398,453.50543,,20.360102,3.8353512,,,,,,,
2025-09-06,281.5,35.5,,,,,,77.28919,263.4529,47.619537,0.19901346,388.36163,,,,,248.22859,405.7284,214.63507,-51.452896,10.272733,816.86456,288.2569,1.9707373,814.6666,857.8774,49.71815,24.170628,4.466573,614.5931,273.29016,4.4255157,612.1235,634.7021,22.878723,4.1087055,7.3128643,363.76538,247.82574,8.550722,318.5734,421.50717,10.052522,74.14085,19.66043,237.88538,226.62819,11.464107,206.56984,307.04214,,152.64919
2025-09-06,281.5,36.5,,,,,,108.59333,235.9878,40.446075,0.2820407,385.0272,,,,,207.84428,409.58,181.23927,-43.866993,13.268874,806.2268,287.4665,1.9814947,803.61707,845.9753,56.983437,235.13358,3.849622,597.0803,271.12738,4.5860047,593.5821,627.7736,113.86859,,11.932078,363.72375,247.91296,8.434191,315.95966,424.57532,15.126316,86.159256,39.15366,224.79767,223.5528,11.829089,192.14227,332.79614,,390.4082
2025-09-07,281.5,35.5,,,,,,218.90753,237.47449,-70.11417,0.5667247,386.26785,,,,,76.48748,408.87366,65.77172,-20.316988,33.507847,775.7182,282.0261,2.3540905,772.9254,877.40967,194.37389,190.01889,12.842906,653.56964,275.06137,3.735823,651.8942,738.55225,156.09781,,30.93093,434.578,256.4882,7.0827875,414.53137,545.1684,230.57718,135.83788,12.111871,245.50566,228.64,11.230351,198.97229,295.2966,,47.915913
2025-09-07,281.5,36.5,,,,,,224.1581,240.90808,-82.19896,0.58547217,382.86722,,,,,67.1103,394.74854,58.213013,-23.399002,27.52475,752.1164,280.01328,2.5927374,750.42474,856.488,164.67334,,26.232924,609.6592,271.45654,4.364288,608.0079,696.83246,271.39304,,22.75377,429.78445,256.1486,7.134912,398.48856,522.71436,159.4481,121.99669,4.7324367,265.76718,232.0134,10.665319,224.0447,410.23697,,147.35864
2025-09-08,281.5,35.5,62.157806,303.6959,18.292236,0.16180779,384.14594,62.344036,261.58292,60.219025,0.16229257,384.14597,270.57153,332.47852,233.36646,-90.94944,268.34555,349.3171,231.70593,-74.11089,16.644842,803.0154,283.073,2.0611331,801.9859,866.0792,57.578922,,9.396725,687.20447,277.78903,3.315321,687.1083,783.74677,167.63087,65.02231,0.14327951,326.04224,240.35416,9.259818,282.14157,413.051,,77.07789,19.875841,160.19319,213.78455,13.252953,138.44753,220.01534,,29.213408
2025-09-08,281.5,36.5,59.39562,296.6381,24.645294,0.15602545,380.67902,60.62619,280.29282,39.76004,0.15925802,380.67905,273.5357,305.87656,237.83363,-107.06187,270.45743,312.19113,235.46898,-100.74729,7.36544,725.796,278.65826,2.7498932,724.3553,784.3077,60.182823,,2.4373767,684.0678,277.55167,3.4093962,683.3656,757.6431,110.44271,,0.12504403,364.931,239.44572,9.076679,355.2216,398.77353,34.726944,19.626165,6.4419503,190.71025,217.39774,12.729271,183.65027,200.71402,,3.170888
2025-09-09,281.5,35.5,,,,,,137.504,248.53621,-4.0437775,0.35996148,381.99643,,,,,178.98741,362.9491,154.30156,-60.539074,33.15509,834.39545,284.1643,1.7941816,833.654,906.9576,48.342564,19.89794,1.3130754,653.34686,274.39853,3.9578872,652.7721,712.0069,64.93188,,7.1798687,372.19196,248.26541,8.327067,329.3897,486.16727,6.70195,101.78771,35.18065,188.36722,218.79202,13.054779,170.1317,252.40883,26.746597,28.719763
2025-09-09,281.5,36.5,58.502747,294.13846,25.821686,0.15457988,378.4629,116.38155,276.49188,-14.410522,0.30751112,378.46292,268.21304,317.63687,233.16661,-97.90994,203.24742,343.1565,176.85614,-72.39032,35.67262,853.1837,284.31412,1.5488544,852.3669,923.3081,42.391018,7.8469896,0.43263948,647.8827,275.90918,3.8947942,645.7752,667.7267,11.533242,,0.015590061,427.27295,254.5283,7.301317,421.85107,449.3877,34.503834,19.545345,10.624378,185.19865,217.74046,12.808223,169.65929,198.49983,28.293108,6.2504234
2025-09-10,281.5,35.5,,,,,,175.00157,273.89108,-69.073105,0.46074924,379.81955,,,,,126.99683,385.41348,109.326195,-39.07909,65.6642,852.9585,285.54068,1.5554827,851.3248,923.17694,105.2663,,0.9094079,594.3056,270.16608,4.817497,593.07214,617.98627,13.808853,,0.44495845,435.8814,255.3179,7.150087,430.46783,469.78793,5.98443,18.857124,6.339706,197.7541,221.31389,12.858345,175.69243,208.07874,,7.368376
2025-09-10,281.5,36.5,,,,,,166.60475,276.7236,-67.109055,0.44283944,376.2193,,,,,131.57436,383.73752,114.2496,-38.521816,66.7974,837.09106,284.52112,1.6844872,836.1363,913.675,147.69516,13.352775,0.27316174,665.8015,275.35687,3.813531,664.5849,702.65173,17.4452,,6.659914e-07,,,,,,,,0.3020485,235.19507,227.41559,11.306115,200.49995,239.939,,13.548957
2025-09-11,281.5,35.5,,,,,,146.29811,270.82004,-39.502304,0.38742578,377.61584,,,,,159.54614,392.36926,137.46472,-35.887836,74.7484,783.88983,282.414,2.2341318,783.4344,852.60626,76.64017,97.25492,1.7955326,,,,,,,,0.003954395,420.786,255.2493,7.253219,383.88864,572.8613,,50.62966,0.2019362,,,,,,,
2025-09-11,281.5,36.5,,,,,,84.72739,275.83414,13.387299,0.22657482,373.94882,,,,,230.982,378.33914,201.08313,-50.2447,55.293636,813.48584,283.99713,1.9490765,811.7669,861.0599,34.295815,4.0313544,0.0,,,,,,,,0.2055084,360.16904,246.96884,8.355871,360.15707,365.18967,1.2021049,3.8847637,0.008914035,286.38498,234.49248,9.937137,268.56152,290.6313,1.0899892,4.308452
2025-09-12,281.5,35.5,,,,,,96.16869,278.96808,0.24920654,0.25618616,375.386,,,,,220.93172,362.27005,190.72533,-67.739296,27.975632,845.13916,286.01367,1.6301075,843.17487,908.7774,70.27121,4.26645,2.7807767,684.7786,277.06113,3.3165476,683.1885,708.7341,20.92486,,0.030452877,464.84494,257.8667,6.7643323,431.79178,610.56476,,57.340096,0.3120832,272.81085,233.24585,10.49645,269.31573,279.72552,,4.634572
2025-09-12,281.5,36.5,,,,,,78.948326,278.72736,13.976349,0.21242538,371.65204,,,,,236.91768,353.4315,206.2638,-73.33914,26.745512,841.11633,285.60547,1.6956269,840.3281,898.79333,37.583595,7.4950414,0.0,,,,,,,,0.0037365158,,,,,,,,0.00016207341,,,,,,,
2025-09-13,281.5,35.5,,282.1654,,,,86.15888,243.68535,43.286392,0.23090811,373.1306,,333.5349,,-95.12573,233.61284,343.717,201.67616,-84.94365,0.9887223,859.20355,286.98126,1.5687481,853.89325,894.5888,35.546726,,4.8330874,573.153,267.2546,4.8392587,571.7186,585.372,11.230527,,1.9712696,329.02023,241.63554,8.826978,268.69916,391.739,7.269781,65.17228,40.805744,235.70015,225.14963,11.298195,193.64346,307.51056,,51.423565
2025-09-13,281.5,36.5,57.28081,294.75693,17.291718,0.15509407,369.32947,65.46286,256.9374,46.9292,0.17724787,369.32947,258.444,326.7185,224.5175,-97.65061,252.69417,332.22,219.91087,-92.14915,3.7337868,772.0092,280.8884,2.4793057,770.7301,815.83167,31.077503,0.74552923,0.05420236,605.962,266.22504,4.890447,605.0321,625.2813,11.605321,,0.023906732,384.19373,249.29852,7.9728622,382.25815,391.34323,,2.2056684,21.41458,232.22304,224.23811,11.522699,195.70444,294.16653,,37.346165
2025-09-14,281.5,35.5,,,,,,158.21692,179.89899,32.734467,0.42663276,370.85037,,,,,143.57698,364.2241,123.65011,-63.56728,0.10414652,767.3168,281.28452,2.4235554,766.4569,811.86865,19.520605,,0.22451282,633.20496,273.02676,4.1722794,631.1869,645.747,15.753669,,31.280777,360.28543,246.51295,8.358401,309.20135,437.05283,39.172348,77.9972,63.108032,228.30276,224.62595,11.583507,185.25264,360.16928,12.882793,129.81953
2025-09-14,281.5,36.5,,,,,,137.31511,192.6039,37.06311,0.37417385,366.98212,,,,,161.91225,375.66678,140.73915,-52.774708,0.05785775,806.81885,285.00446,2.0567577,804.30536,851.05725,18.933552,,0.021452194,,,,,,,,4.4615245,,,,,,,,74.95442,221.75064,223.0454,11.708853,186.72604,326.7464,8.557443,78.1903
2025-09-15,281.5,35.5,,,,,,124.91775,226.04118,17.587112,0.33894745,368.54605,,,,,176.4383,394.09363,152.08104,-24.325281,0.0,,,,,,,,57.181103,559.62445,267.3796,4.919352,557.1925,607.82733,62.529896,36.255844,28.796373,371.2031,247.21811,8.0779085,326.31775,440.50092,41.104427,42.108154,0.54578817,186.98273,220.0374,13.295251,163.18607,233.2422,,28.655005
2025-09-15,281.5,36.5,,268.42953,,,,116.74087,230.76385,17.105774,0.32017967,364.6105,,350.31674,,-72.08718,182.70003,371.0586,158.89021,-51.34531,0.035065055,852.23566,289.10345,1.5464917,846.25836,870.8391,7.9929338,,18.865133,559.8853,266.51532,5.041916,555.84424,590.3407,37.456394,8.711368,41.471214,400.24667,249.76576,7.652461,357.7487,470.98083,65.24521,68.07788,7.437973,274.7334,232.12099,10.478639,214.25386,348.6756,,72.89904
2025-09-16,281.5,35.5,,,,,,172.24103,244.43599,-50.458725,0.47032338,366.2183,,,,,115.20823,396.17764,99.11521,-19.785685,35.457447,790.42786,281.01807,2.142918,789.8362,889.4899,217.86157,13.091262,41.869663,625.7622,271.39554,4.112774,622.2626,687.6005,105.03948,214.81863,7.6892395,418.16064,252.45065,7.351733,359.95984,606.9585,,95.6124,2.5118353,,,,,,,
2025-09-16,281.5,36.5,,,,,,190.91394,192.09564,-20.794098,0.52707285,362.21548,,,,,88.98939,384.34384,77.21053,-26.991983,2.4219034,,,,,,,,16.985634,554.7193,266.3102,5.051513,550.64514,606.38995,109.43332,,52.6768,357.63495,244.39787,8.446567,298.80948,539.0044,73.92037,220.97702,26.588264,278.74457,233.01578,10.189601,221.08073,488.2462,,489.26773
2025-09-17,281.5,35.5,,,,,,117.030464,253.41563,-6.578232,0.32162902,363.86786,,,,,178.93971,385.69897,154.23874,-33.93243,51.988632,826.0256,283.26593,1.7613957,824.7719,900.6205,98.26491,,0.83933115,670.254,272.97485,3.7070742,663.77246,699.44775,28.253155,,4.71635,336.5386,242.19543,8.910014,276.74118,406.87082,,49.86202,3.8797626,266.24844,231.91357,10.711512,206.98598,358.177,,77.35625
2025-09-17,281.5,36.5,,,,,,175.40594,237.66974,-53.278107,0.48751286,359.79758,,,,,102.40906,390.9659,88.86359,-13.600422,60.976887,801.29266,280.70923,2.067606,798.95685,897.1895,240.81497,456.78146,3.6757746,588.4274,267.65955,4.7345304,575.5596,693.9948,36.85165,215.86324,12.942601,380.99518,247.64478,8.010846,319.44067,516.3009,60.18479,110.17517,10.4591055,273.13574,232.23778,10.479604,207.56241,364.14993,,105.45677
2025-09-18,281.5,35.5,,271.40482,,,,84.12006,275.50476,1.8704834,0.23270029,361.4953,,368.38657,,-66.653145,217.41766,380.66312,187.51753,-54.376575,25.735542,874.8081,288.4089,1.3125285,872.65015,928.01495,32.947304,8.167032,1.5505728e-05,,,,,,,,0.0,,,,,,,,0.0,,,,,,,
2025-09-18,281.5,36.5,,,,,,62.038044,276.31223,19.007294,0.17360215,357.35757,,,,,235.47957,369.75513,204.71527,-57.121227,21.333021,899.71027,288.3173,1.05658,896.8771,951.53314,33.604076,,0.046188045,,,,,,,,0.0012722388,,,,,,,,2.196609e-06,,,,,,,
2025-09-19,281.5,35.5,,278.43936,,,,79.13743,283.27682,-3.3128662,0.22037628,359.10138,,367.18307,,-79.79557,223.50853,374.94846,192.74107,-72.03016,15.470014,820.9624,286.8173,1.8678424,819.0084,867.9197,29.481821,27.425198,2.5091096e-05,695.7601,278.00897,3.1788406,695.7601,756.9049,22.42082,,0.0,,,,,,,,0.0,,,,,,,
2025-09-19,281.5,36.5,,279.90137,,,,61.180134,285.4852,8.230957,0.17238876,354.8963,,352.969,,-86.4529,238.50417,356.8226,207.27931,-82.59936,6.687449,829.0246,286.8332,1.775482,827.5436,872.8812,27.779959,,0.07454125,699.3492,278.91666,3.198806,698.7384,753.7601,24.863016,,0.0,,,,,,,,0.0,,,,,,,
2025-09-20,281.5,35.5,,277.23413,,,,67.072044,281.40323,8.211456,0.18804188,356.68674,,356.12625,,-89.48136,237.24312,360.36487,204.53651,-85.242676,6.311226,825.4338,286.48557,1.8768934,823.66205,871.42126,32.72309,,0.0,,,,,,,,0.74224514,387.57074,247.94868,7.844856,347.9236,453.05197,2.3601267,57.78886,0.40458933,288.833,233.72691,9.985033,249.31265,371.8511,,80.0719
2025-09-20,281.5,36.5,,279.7602,,,,64.93475,276.65897,10.820557,0.18425688,352.41428,,355.16394,,-86.22402,232.65205,364.2039,202.29118,-77.18402,17.004889,849.38605,287.5269,1.6345325,847.61053,893.88806,23.589437,4.276583,1.2446519,670.3974,274.55008,3.6235864,667.9686,699.7012,13.415297,1.2269722,0.9499144,,,,,,,,0.47338176,,,,,,,
2025-09-21,281.5,35.5,,272.82278,,,,79.17459,273.19083,1.8865051,0.22349799,354.25192,,353.26755,,-85.19399,219.2816,369.37524,189.00635,-69.0863,26.398636,868.05206,288.69366,1.5101293,867.09625,922.14923,50.92128,1.4768913,0.0191491,,,,,,,,0.29429796,426.976,253.59038,7.289158,421.7316,436.18643,5.1170015,4.951445,2.1345558,207.0837,217.69353,12.419786,205.50246,210.57904,,1.6675459
2025-09-21,281.5,36.5,,,,,,105.184875,268.44977,-23.722504,0.3006037,349.91214,,,,,181.95789,384.95044,158.1249,-47.847942,55.23169,841.3862,286.7204,1.6827681,840.4083,904.94714,64.0306,1.3172218,0.18451579,,,,,,,,0.78939384,358.1868,242.4928,8.658391,313.0681,371.62302,,17.224672,1.7887297,254.59627,228.3367,11.103966,244.47089,260.157,,4.3657713
2025-09-22,281.5,35.5,,,,,,69.35988,255.4558,26.981827,0.19715855,351.7975,,,,,231.09038,357.0452,199.13115,-76.701935,0.20830847,860.91736,287.62836,1.9274938,860.52563,877.0634,8.254123,,4.907219,593.0841,270.83936,4.582296,591.1432,612.7617,13.600958,,7.0605187,411.10358,252.81271,7.5199122,402.38214,436.49472,5.440792,,28.550432,230.81973,224.20474,11.527957,191.87111,257.64795,,22.200937
2025-09-22,281.5,36.5,,269.55807,,,,55.732147,269.64792,22.010406,0.16043085,347.39047,,345.33545,,-84.81556,233.75964,347.80496,202.91096,-82.346,1.9832629,857.40607,286.1046,2.021854,854.80426,901.0578,17.547493,3.7811902,0.7031854,589.0746,268.04324,4.889927,587.5939,605.97644,9.192245,3.7838013,6.5508904,419.6779,253.66954,7.1811585,415.8022,431.7966,3.95987,,13.549275,245.1758,226.24922,11.259014,233.58765,253.52223,,5.157567
2025-09-23,281.5,35.5,,270.6931,,,,58.399822,271.00497,19.919464,0.1671794,349.32425,,369.58188,,-75.0773,232.31108,375.65506,200.00189,-69.004105,0.6395722,803.6045,285.56387,2.13412,801.6356,839.73645,20.13063,,12.711953,573.34436,268.56888,4.863205,569.9179,590.2912,12.949924,,6.0329833,392.01834,248.9454,8.032153,363.64993,447.3084,5.3232265,28.539528,0.97054666,239.30266,225.6689,11.22892,186.83202,254.86366,,21.264353
2025-09-23,281.5,36.5,,269.43945,,,,64.2071,264.7906,15.852234,0.18618853,344.8499,,363.21582,,-73.03155,222.88231,370.79922,193.6038,-65.44811,1.5109342,743.19086,279.7116,2.7410526,740.70465,772.0234,15.46309,,13.158145,573.58655,268.24588,4.887349,570.8765,589.3807,12.445254,3.7464206,3.0445797,416.9989,252.1518,7.4807186,395.0741,434.22055,6.8241677,13.146527,8.940311,248.23308,227.63707,11.270975,219.67834,259.03897,7.5999684,10.029473
2025-09-24,281.5,35.5,,274.86703,,,,70.59522,272.09622,4.1410522,0.20354271,346.8325,,392.44986,,-66.996544,217.81654,402.02444,187.62297,-57.421894,13.609532,868.77313,291.80646,1.3870342,867.0333,926.8094,32.20134,7.9582667,4.611795,560.8284,271.1367,5.002172,557.74994,586.17834,18.425592,6.191303,7.49057,408.90536,255.6073,7.540969,381.59836,485.01187,29.459969,60.303093,1.5877382,247.61705,227.15228,11.737003,226.20438,263.5201,9.665847,7.924222
2025-09-24,281.5,36.5,,271.78964,,,,78.71151,249.87038,13.709152,0.22995493,342.29105,,391.4902,,-59.616425,201.20708,403.62485,174.74028,-47.481842,8.239388,821.5207,287.8928,1.9862396,820.0222,866.70197,37.71577,0.51408374,18.70308,579.8304,271.37802,4.7807736,575.91595,645.6205,108.66505,,12.8582,393.16373,253.06801,7.813247,347.65338,540.7549,41.95674,272.73975,6.9035144,239.88487,227.47375,11.590182,213.7836,256.3203,6.328816,13.228829
2025-09-25,281.5,35.5,,,,,,101.81246,247.234,-4.7234955,0.29568884,344.32297,,,,,177.12447,426.04593,152.51031,-34.250244,21.462097,807.6936,288.37323,2.0136278,806.13275,873.6353,70.12784,12.230668,12.795972,577.60016,272.00293,4.8053193,574.9484,626.9951,93.950935,42.880962,27.328646,395.29642,253.94232,7.747038,341.07755,587.256,45.029003,599.4292,2.5437162,279.7875,233.85773,10.609145,254.8759,301.8767,,9.812395
2025-09-25,281.5,36.5,,,,,,149.20125,218.85199,-28.338821,0.4391961,339.71442,,,,,116.57621,428.85,101.163025,-21.216625,2.5130894,790.08545,286.52963,2.2254813,788.65076,852.1802,68.547485,,54.257282,551.6551,269.8138,5.1184797,547.3281,626.73846,111.61882,214.92043,32.184734,416.43442,256.07074,7.340845,373.72314,539.4114,58.05997,482.27292,5.137543,,,,,,,
2025-09-26,281.5,35.5,,,,,,74.62788,216.8184,50.34984,0.21834032,341.7961,,,,,204.28357,414.017,175.89934,-32.33595,5.230667,804.9651,286.76434,2.147726,801.4396,842.99805,30.026133,2.5485084,10.594457,595.83575,270.79382,4.874732,591.64764,620.09937,28.160036,,29.187113,361.2437,249.28732,8.360822,312.99628,425.2641,57.26357,58.948624,21.056473,258.8635,231.53789,10.827989,216.44255,334.78104,8.117485,47.019928
2025-09-26,281.5,36.5,,,,,,90.24069,199.1404,47.73967,0.26768062,337.12076,,,,,181.76808,411.52567,157.86,-28.167974,10.500362,748.42053,281.8682,2.745183,745.05896,784.9328,28.893417,,23.514,558.6657,268.77435,5.059458,550.7856,585.1076,32.82141,,23.7613,386.78812,251.68727,7.9160213,341.4905,453.24625,39.009888,88.12444,32.889355,250.99472,229.48312,10.994995,209.96196,341.5262,,80.08872
2025-09-27,281.5,35.5,,,,,,147.22243,212.88788,-20.85762,0.43396097,339.2527,,,,,118.29369,414.78708,101.75117,-18.976673,1.8979105,,,,,,,,39.76203,547.712,268.18872,5.1379523,545.7898,598.9459,95.80541,555.8642,19.63608,432.7623,257.70862,7.0450945,409.90433,539.17334,114.42527,415.61676,29.99764,219.3515,223.62456,11.777961,187.33694,354.59918,10.920269,103.352425
2025-09-27,281.5,36.5,,,,,,134.75201,214.44661,-14.688095,0.4028334,334.51053,,,,,127.83625,411.24136,110.93638,-17.547812,4.77022,,,,,,,,42.9771,594.7687,271.30368,4.5879183,591.7469,646.23145,102.36967,185.978,16.839304,453.3782,259.31155,6.678555,423.42297,568.32367,100.739655,512.03876,30.72506,209.51427,221.67194,12.011489,181.20021,356.5891,11.082983,110.31393
2025-09-28,281.5,35.5,,,,,,154.2545,218.5056,-36.066956,0.45814565,336.69315,,,,,110.34121,399.44174,94.901665,-33.26978,2.8823187,790.4022,283.8904,2.2553167,788.4662,844.318,23.372583,,24.46506,620.1754,273.55658,4.237172,618.71594,680.54614,111.825264,,50.711014,349.55774,247.43805,8.703201,296.24753,503.33942,106.37147,128.16046,8.746491,259.9096,233.13087,10.749614,213.16852,413.68814,,161.80905
2025-09-28,281.5,36.5,,,,,,146.27667,240.45738,-54.849716,0.44074592,331.88434,,,,,113.90087,400.81738,98.8057,-28.079138,38.422653,767.24506,281.32907,2.5279973,766.1001,843.0759,107.54806,14.108997,19.656734,612.50464,272.21054,4.3698373,609.24713,673.8458,151.1798,,21.28292,373.88742,249.18408,8.290637,319.6572,538.51465,,134.9185,12.192422,247.25981,229.61415,11.309262,204.01996,327.2819,,52.4799
2025-09-29,281.5,35.5,,,,,,204.91667,175.52666,-46.325226,0.6133061,334.1181,,,,,47.446045,404.85556,40.790092,-16.940937,0.0,,,,,,,,0.92387384,542.7177,269.21088,5.22255,538.3264,591.3885,47.5613,,31.50785,355.1306,249.70178,8.510235,296.41785,528.4451,63.667774,374.32184,67.56777,252.52408,232.7112,10.941879,205.69147,483.74167,,468.4443
2025-09-29,281.5,36.5,,,,,,194.5873,173.82263,-39.167007,0.5910144,329.24292,,,,,55.13126,401.62296,47.823223,-14.223805,0.62665755,754.59485,277.2866,3.0396237,752.4187,809.5794,66.02007,,3.2860324,545.4055,268.7257,5.2905784,541.72314,588.78265,48.48398,,7.7885346,345.72,245.31812,9.102219,292.55014,470.56894,37.94648,113.72852,87.66733,240.65526,229.94907,11.383877,198.92723,444.32977,37.371513,360.75
2025-09-30,281.5,35.5,,,,,,187.18939,183.31181,-38.972946,0.56462574,331.52826,,,,,67.78404,399.68295,58.282383,-22.266195,0.0,,,,,,,,0.0,,,,,,,,62.335125,364.07816,250.42882,8.304443,298.1436,585.97,185.91762,412.4979,37.627228,241.20424,230.89146,11.31182,198.02531,420.03635,36.75507,266.82843
2025-09-30,281.5,36.5,,,,,,185.68976,177.69768,-36.800613,0.568577,326.58682,,,,,64.72726,395.4967,56.15063,-23.432495,0.0,,,,,,,,0.04399788,523.91943,265.94775,5.4309497,522.9131,579.2753,94.40595,,44.2933,374.03226,250.61464,8.099857,311.81564,569.77185,116.6715,348.80295,55.66271,233.86063,228.97787,11.595294,191.26941,431.93018,,365.36517
2025-10-01,281.5,35.5,,,,,,115.70414,237.24219,-24.022217,0.35176545,328.9241,,,,,156.12251,371.55356,135.8384,-45.983547,0.02884326,,,,,,,,40.616566,614.40015,270.61432,4.263471,608.91205,651.02435,30.804855,1.2113365,34.638466,401.88196,252.21227,7.496229,332.9656,513.72253,36.39863,115.66811,0.18616058,276.82263,235.51463,10.377818,242.84235,328.82083,,99.71128
2025-10-01,281.5,36.5,,,,,,120.30771,236.08795,-32.478943,0.37141556,323.91672,,,,,146.30196,356.56787,127.81063,-56.331264,13.79882,800.3138,281.5576,2.0892487,799.6871,868.5292,53.789394,,10.5665865,646.85754,273.18613,3.87308,644.2283,701.19666,62.871086,,43.08206,379.31628,248.85841,7.9792914,311.7552,497.94406,53.401653,117.15761,3.5568497,232.62656,227.16444,11.804635,190.73131,325.285,,92.48954
2025-10-02,281.5,35.5,,272.3876,,,,55.403957,278.47476,-7.572296,0.16979119,326.30643,,303.08316,,-101.557274,226.88615,305.96756,197.00127,-98.67282,4.4516187,824.7264,281.79837,1.8727684,823.39886,871.0866,66.01186,,0.26455948,614.7559,270.66156,4.0359893,608.9937,635.6948,18.801119,,0.03595702,,,,,,,,0.0009123981,,,,,,,
2025-10-02,281.5,36.5,,271.32422,,,,80.92824,271.35947,-31.054398,0.2519298,321.2333,,296.0253,,-101.14703,195.67316,311.32837,170.81395,-85.844,20.432154,885.99164,283.28796,1.2670296,883.2275,936.827,32.378246,,0.06803322,,,,,,,,0.10887941,,,,,,,,0.0039830506,,,,,,,
2025-10-03,281.5,35.5,49.004517,287.47812,-12.806885,0.15140003,323.67575,55.81911,272.07544,-4.2188416,0.1724538,323.67572,226.39217,308.95837,196.3228,-96.26986,222.941,313.1073,193.56897,-92.12097,4.9876103,911.5826,285.46545,0.98214746,909.09125,956.2889,23.84725,0.4008289,0.047670413,590.3159,271.79675,4.54675,587.2526,594.6714,2.6034505,,2.2730684,442.08728,255.6677,7.4592657,441.31412,446.97055,3.3945544,2.0474105,7.7377954,146.99324,211.63742,12.908913,144.79315,155.89314,,2.6049376
2025-10-03,281.5,36.5,,268.6196,,,,54.353363,274.0483,-9.864471,0.17063427,318.5372,,294.9013,,-100.713554,221.24382,303.38104,192.80853,-92.23382,10.333452,953.8074,286.9384,0.6325805,948.302,978.35394,10.377451,0.36699116,0.07818004,,,,,,,,0.051725104,328.3845,236.1172,9.31293,328.3845,333.03568,,1.3860675,0.9707987,244.71304,225.0921,11.082751,237.54028,248.70723,,2.1555693
2025-10-04,281.5,35.5,,,,,,57.446274,273.20316,-9.616608,0.17894205,321.03284,,,,,220.9118,323.676,191.77483,-90.33477,7.4263635,934.07184,288.2216,0.86126417,929.8531,960.99493,13.353887,1.0229301,0.25585148,525.2855,264.89313,5.4239106,523.9317,532.96246,6.418117,,4.562202,404.86282,250.1017,7.6333513,404.41412,409.997,3.2414677,1.867145,17.496138,183.41542,217.07683,13.243269,179.66454,193.82303,10.244272,3.4743962
2025-10-04,281.5,36.5,49.213688,281.92123,-15.305756,0.15582377,315.82916,49.39157,280.5795,-14.141907,0.15638699,315.82916,222.77666,298.5571,193.84822,-103.033745,222.25977,299.11343,193.45659,-102.477394,0.32899886,956.27454,290.2607,0.629451,947.23035,1000.14764,34.018513,,0.14356698,534.39386,266.95428,5.3476343,533.21295,540.13214,6.6440845,,0.007340919,306.41275,235.26643,9.594048,303.95187,312.73788,,2.4857697,1.763257,233.30228,223.98213,11.576813,219.23274,241.0876,8.58431,4.9163823
2025-10-05,281.5,35.5,,278.79672,,,,89.58276,257.19925,-28.403564,0.28137195,318.37845,,336.61667,,-87.624016,179.81563,344.6931,156.31303,-79.547554,6.976704,850.2673,285.1165,1.706794,847.25256,905.2051,50.858288,,3.9592907,604.4689,270.79187,4.579624,602.76416,632.2668,34.46071,,4.0048594,367.08755,243.8814,8.643771,320.79813,394.02927,24.317553,21.821316,26.481035,238.81514,225.82771,11.493197,196.16379,277.43616,5.5894284,27.835522
2025-10-05,281.5,36.5,,276.55862,,,,75.12968,271.74576,-33.765472,0.23994663,313.10995,,323.2815,,-89.443886,191.84094,334.73666,167.35368,-77.98868,14.688411,855.80615,284.30954,1.6205176,853.738,911.85236,42.01586,3.5257366,0.0,,,,,,,,0.7141171,314.46524,236.92764,9.6366,273.60025,379.61838,10.058186,31.196356,11.453454,244.73273,226.16911,11.333883,202.86357,290.10922,10.057875,25.619844
2025-10-06,281.5,35.5,,279.43018,,,,69.48772,283.97852,-37.752914,0.22009751,315.71332,,335.9683,,-92.2052,202.1742,345.11557,175.59047,-83.057884,15.352197,874.7469,287.33203,1.3578753,872.9762,931.992,44.47929,6.0557156,0.14076371,593.95935,271.62097,4.5967674,588.84,600.40515,5.558292,5.6278234,0.09230327,381.27045,242.05736,9.190281,366.10727,398.16055,24.166317,6.9203725,0.45052958,202.7201,221.49408,12.364601,166.67215,226.31651,,21.40957
2025-10-06,281.5,36.5,,277.0131,,,,65.06471,280.44528,-35.129654,0.20962897,310.38034,,329.75284,,-90.40583,201.91638,341.90152,176.05714,-78.25715,17.994473,865.03314,285.99063,1.4505512,863.4042,918.6042,49.755405,6.1068053,0.0,,,,,,,,0.0052088597,,,,,,,,0.08274158,,,,,,,
2025-10-07,281.5,35.5,,,,,,93.94486,258.48804,-39.39453,0.30010656,313.03836,,,,,166.02066,387.22913,144.28145,-45.481617,48.295635,776.35895,282.2138,2.352189,775.02997,834.0352,83.58449,,4.7082357,,,,,,,,9.007153,363.17114,246.69197,8.592254,327.63504,401.6515,74.6316,22.208996,3.0267906,285.2067,234.29913,10.371849,241.3378,316.2854,,21.87507
2025-10-07,281.5,36.5,,,,,,64.69826,250.1991,-7.2560883,0.21030422,307.64127,,,,,196.89716,374.36795,171.66133,-51.99132,25.336481,800.8831,282.6427,2.1469252,799.5231,850.41437,79.4625,,5.8945084,627.0752,272.76157,4.2813034,624.6708,654.5666,46.552795,,18.955526,,,,,,,,12.443985,269.71277,231.59425,10.659185,228.8443,308.76825,,23.311653
2025-10-08,281.5,35.5,,,,,,135.00783,225.91539,-50.568787,0.43501174,310.35443,,,,,114.15362,395.5179,99.23037,-37.561047,1.3477354,,,,,,,,26.076475,528.5174,266.0995,5.4713187,526.28595,565.893,58.52065,,37.934265,390.40692,249.54462,7.9752035,361.44427,491.2298,169.58263,163.06221,15.95091,271.24637,231.55394,10.407876,221.61378,375.9899,,204.18549
2025-10-08,281.5,36.5,,,,,,112.69219,228.15808,-35.956635,0.36961147,304.89365,,,,,135.0739,382.90805,117.87912,-45.272694,1.6296134,768.6382,278.98596,2.5498314,766.9161,800.6067,48.395412,,15.033798,566.0316,268.1969,4.969517,562.2128,604.5428,92.27515,,38.694782,414.83353,252.79416,7.3883014,381.46335,498.60422,172.83386,97.560616,21.176748,292.7461,234.23514,9.931696,243.94374,449.712,,247.42422
2025-10-09,281.5,35.5,48.509212,301.7992,-42.64566,0.15767008,307.66275,66.74033,281.0162,-40.09378,0.21692693,307.66275,218.84547,295.25787,189.43422,-107.727295,203.39668,312.50296,176.5005,-90.48228,20.348337,837.5955,281.23727,1.703687,836.30054,889.511,24.850708,10.53538,0.30056348,,,,,,,,0.62658566,359.68646,245.03096,8.932507,337.40356,440.3916,,142.487,1.5047439,233.43031,224.14218,11.477175,204.05391,278.57248,13.619127,43.49634
2025-10-09,281.5,36.5,49.5768,290.1182,-37.556442,0.16408631,302.13855,48.77193,278.95908,-25.592453,0.1614224,302.13855,216.33122,277.09973,187.95232,-116.25817,214.6017,284.74103,186.63031,-108.61679,10.958684,844.9829,280.12024,1.639707,843.10504,882.64886,25.497704,3.379471,0.1760659,632.0557,270.01132,4.135888,629.9683,668.569,106.06648,2.9524264,0.23586893,348.82614,242.66814,7.800983,316.9772,413.6908,,109.97688,0.66888803,277.73572,230.64171,10.410756,255.80235,349.92548,,130.46562
2025-10-10,281.5,35.5,,,,,,118.0821,203.53178,-16.649673,0.38719988,304.9642,,,,,134.2125,353.45255,116.68632,-45.34052,9.728253,861.63165,281.26547,1.4541045,860.1728,922.2842,40.61483,39.05734,0.0,,,,,,,,1.9097271,,,,,,,,64.76088,248.36327,227.89641,10.952554,198.94469,367.7694,,91.91729
2025-10-10,281.5,36.5,,,,,,107.636345,205.28325,-13.542435,0.35953426,299.37717,,,,,143.23575,320.55374,125.02184,-70.61044,12.9231,830.3716,278.11954,1.7682079,829.2521,898.84985,51.396854,,0.7258336,560.7605,267.11707,4.8235292,554.7204,590.5165,48.736443,,7.453444,311.6468,235.5857,9.124867,238.38004,399.49203,71.269875,50.992,58.49512,247.30705,226.78015,11.049143,195.99377,346.87106,93.58021,72.94363
2025-10-11,281.5,35.5,,,,,,214.6877,165.52992,-77.95749,0.71027464,302.26013,,,,,12.887389,382.82812,11.210292,-17.77029,0.0,,,,,,,,18.080435,,,,,,,,4.009621,325.1715,241.1267,8.915093,265.30643,494.54892,,126.50497,77.81249,230.71849,224.3801,11.3690195,177.78838,480.557,1033.3579,973.5079
2025-10-11,281.5,36.5,,,,,,180.28697,159.4989,-43.175278,0.6078238,296.6106,,,,,49.23384,373.23267,43.01631,-23.804636,0.0,,,,,,,,2.4510381,,,,,,,,11.057445,,,,,,,,86.4551,226.09288,224.534,11.544159,181.05334,418.3162,,365.93
2025-10-12,281.5,35.5,,,,,,161.5468,259.61475,-121.60976,0.5392951,299.5518,,,,,71.287285,401.64346,62.002316,-6.0134277,59.099354,799.1939,281.42084,1.9601502,798.3792,902.2698,314.9667,344.10306,34.2182,611.402,273.74472,4.169351,610.3477,694.397,257.695,180.09258,1.3873729,395.01334,253.10582,7.537221,342.95773,587.49286,,138.33275,0.347222,,,,,,,
2025-10-12,281.5,36.5,,,,,,166.80983,236.91277,-109.88251,0.5676891,293.8401,,,,,60.346874,391.80484,52.720013,-9.607255,37.44499,755.446,279.19235,2.451296,754.9631,867.6679,309.06808,,35.49823,632.21893,274.44724,3.8942382,630.86926,716.00275,315.83493,779.83075,16.60459,405.5946,253.6223,7.4648986,370.35977,498.39053,62.709724,125.01385,8.816257,252.10005,230.01752,10.886873,202.24292,390.93185,,131.36601
2025-10-13,281.5,35.5,,,,,,138.55849,268.85477,-110.57298,0.46677792,296.84027,,,,,101.70072,378.89175,88.34741,-19.26787,77.11709,786.08044,279.4554,2.1659074,784.0883,853.2696,80.68933,204.92732,7.103697,609.04285,273.06833,4.1338677,608.3079,696.3169,291.11444,164.52405,0.32835677,440.36084,254.89197,7.262265,436.67062,500.69324,,32.889664,0.0,,,,,,,
2025-10-13,281.5,36.5,,,,,,134.239,267.3403,-110.51219,0.46119604,291.0671,,,,,97.69653,375.16724,85.29928,-25.192938,35.369625,825.7293,281.4591,1.7452118,823.8109,903.77795,96.18913,,47.527683,618.43524,273.73395,4.0774865,618.1042,683.0998,106.639114,,0.0,,,,,,,,0.0,,,,,,,
2025-10-14,281.5,35.5,,,,,,128.06456,277.2806,-111.21806,0.43540552,294.1271,,,,,107.272835,362.65262,93.21826,-39.803238,54.562267,864.7218,282.8552,1.3722743,861.58673,939.6548,129.73015,3.696752,2.6500585,603.9385,272.64566,4.3357654,602.8276,626.63336,28.060093,7.3241563,0.08774506,341.9148,247.98785,8.777137,331.80734,366.80026,,10.898121,0.0,,,,,,,
2025-10-14,281.5,36.5,,,,,,108.09112,277.37515,-97.17352,0.37493527,288.29276,,,,,125.22234,357.6611,109.19983,-45.08756,52.266148,881.14343,283.9066,1.1927338,878.5488,958.3658,92.26113,3.3610187,0.36151505,,,,,,,,0.0,,,,,,,,0.0,,,,,,,
2025-10-15,281.5,35.5,,276.42175,,,,,276.42175,,,,,324.00092,,-79.75415,,324.56454,,-79.19052,0.9263609,871.24713,283.5369,1.2779826,870.4523,914.98206,33.92563,,0.0,,,,,,,,0.0,,,,,,,,0.0,,,,,,,
2025-10-15,281.5,36.5,,273.6498,,,,,273.6498,,,,,321.37527,,-80.99914,,321.86075,,-80.51363,0.7930851,,,,,,,,0.0,,,,,,,,0.0,,,,,,,,0.0,,,,,,,
2025-10-16,281.5,35.5,46.22671,279.2951,-36.821533,0.16012007,288.7003,46.149826,279.28848,-36.738052,0.15985377,288.70026,203.68,289.60074,175.92082,-99.62501,203.68,289.61172,175.92082,-99.61401,0.014461834,941.682,286.9305,0.6382243,935.9252,979.21375,21.346424,,0.0,,,,,,,,0.0,,,,,,,,0.0,,,,,,,
2025-10-16,281.5,36.5,44.551346,276.46805,-38.274185,0.15756711,282.7452,44.440414,276.32935,-38.02455,0.15717478,282.7452,200.59186,280.96786,173.90834,-104.14025,200.59186,281.01807,173.90834,-104.090065,0.06010367,990.0384,294.50977,0.21295193,978.53235,990.0384,13.085905,,0.0,,,,,,,,0.0,,,,,,,,0.0,,,,,,,
2025-10-17,281.5,35.5,46.428356,278.91324,-39.35234,0.16234301,285.98926,46.77594,263.17038,-23.957062,0.16355838,285.98926,202.65385,282.18903,174.98073,-96.87998,201.69415,282.9871,174.26202,-96.0819,0.22233665,906.5385,286.87314,1.087922,898.7406,927.1134,21.275639,,0.28927326,,,,,,,,0.35142627,,,,,,,,4.3637366,,,,,,,
2025-10-17,281.5,36.5,43.52353,273.4669,-37.0159,0.15545532,279.97452,43.501312,246.3117,-9.83847,0.15537596,279.97455,197.08946,281.1851,170.82045,-94.79541,196.3554,284.44327,170.27255,-91.53729,0.004581751,996.91864,294.1817,0.16639216,985.32465,996.91864,9.926753,,0.3652974,,,,,,,,0.023107523,,,,,,,,14.353648,,,,,,,
2025-10-18,281.5,35.5,44.43922,283.38474,-44.542526,0.15687305,283.28143,44.102066,266.8773,-27.697952,0.15568288,283.2814,193.61278,319.54706,167.1375,-81.58292,193.22545,320.27463,166.85722,-80.85538,0.061096102,925.82605,290.99124,1.0311601,918.9588,944.85583,19.293053,,0.24043505,587.4495,265.36542,4.764479,586.7057,614.7442,18.718391,,0.35687461,424.5498,253.20183,7.196853,421.58316,431.52676,5.453574,,5.8858733,233.72548,224.62967,11.413207,203.55869,254.34532,,16.154991
2025-10-18,281.5,36.5,41.270992,279.96585,-44.029175,0.14888114,277.20767,42.183956,260.37436,-25.350677,0.15217458,277.20764,187.66933,322.86694,162.62112,-77.98792,186.82611,324.69687,162.00545,-76.15799,0.017104642,988.29675,297.24478,0.44690096,978.0112,991.4379,8.630881,,0.20712811,544.606,264.25406,5.210597,543.1603,553.83563,8.724455,,0.604876,445.04166,254.62384,6.750682,443.90936,453.54303,4.9154496,,10.282975,225.03073,222.99428,11.7037525,192.68576,289.29752,,48.10297
2025-10-19,281.5,35.5,,276.35794,,,,73.91653,257.40317,-50.741608,0.26344368,280.5781,,324.9962,,-88.02531,164.11153,341.5989,142.18098,-71.42258,10.722748,768.14185,279.64508,2.4789655,766.5382,805.3224,33.438427,,6.712063,651.7755,274.16306,3.8775356,650.0769,692.676,61.816387,,12.856121,346.59442,244.41718,8.617736,295.00955,390.50046,47.00018,69.880424,16.687132,272.67642,232.86339,10.373799,217.74889,293.27112,0.9007795,23.923649
2025-10-19,281.5,36.5,,273.6085,,,,73.140205,254.82924,-53.321487,0.2663053,274.64795,,324.01028,,-86.624695,157.36617,342.2283,136.98419,-68.4067,15.054193,767.02423,280.3123,2.1988068,763.99207,792.2976,21.42014,,1.5149747,550.2317,264.77695,5.0441527,544.77875,586.5549,175.37083,,27.320425,335.90283,242.25023,8.874471,281.01025,395.88757,496.16324,64.937416,4.334502,267.42056,231.76176,10.616077,220.03983,276.82095,4.431527,14.707989
2025-10-20,281.5,35.5,47.54802,279.50247,-48.981277,0.17099346,278.0692,47.54802,278.9497,-48.428513,0.17099346,278.0692,199.33362,277.1366,171.95155,-109.73502,198.7118,277.91275,171.50117,-108.95886,0.009459509,,,,,,,,0.66548866,691.78406,275.57718,3.3192196,690.97986,757.53076,74.71745,,0.30333218,,,,,,,,0.6161124,,,,,,,
2025-10-20,281.5,36.5,45.099354,274.74985,-47.52455,0.1656088,272.32465,45.099354,273.39853,-46.173233,0.1656088,272.32465,193.69543,273.13144,167.71979,-109.74179,193.08916,273.5236,167.2774,-109.34964,0.0,,,,,,,,0.2076958,564.79785,260.8046,4.7197566,553.01306,574.9231,24.168547,,1.2651423,350.29346,241.39268,8.816495,297.05212,380.3,,21.714613,0.1844394,269.80103,231.1525,11.029568,234.47269,281.77325,,9.644522
2025-10-21,281.5,35.5,49.35973,288.11905,-61.68065,0.1789705,275.79813,47.48679,275.74472,-47.43338,0.17217952,275.79813,194.83643,297.902,168.03017,-97.87318,192.90656,300.9791,166.57779,-94.79604,6.1149125,772.17126,278.90515,2.3466783,769.0238,804.1429,32.400887,,0.77099156,556.2285,263.96436,5.073133,554.41345,564.8266,7.45323,,0.47444186,433.30295,250.61932,7.095934,431.95734,438.273,6.425017,1.5028073,7.6687055,227.50835,221.54886,11.603319,210.03778,238.90988,4.2972183,8.270569
2025-10-21,281.5,36.5,43.128113,275.5367,-48.658783,0.15973018,270.00604,43.514664,275.48245,-48.991104,0.16116183,270.006,188.31146,298.1948,163.01994,-96.340004,187.58006,299.29654,162.47206,-95.23824,1.8198843,,,,,,,,0.2475993,,,,,,,,0.0,,,,,,,,0.15498312,225.23775,221.18651,11.514896,221.49582,229.14357,1.6188755,1.4448199
2025-10-22,281.5,35.5,46.792675,290.0422,-63.302536,0.17106816,273.53235,45.449963,275.25558,-47.173203,0.16615938,273.53235,194.05556,287.34903,167.29102,-109.9051,193.24565,294.04947,166.68755,-103.20464,9.662146,823.21106,282.80444,1.7867626,819.03485,860.4693,40.502434,3.9399166,0.0056276717,,,,,,,,0.0034630795,,,,,,,,0.055975914,,,,,,,
2025-10-22,281.5,36.5,42.882217,274.27972,-49.468674,0.16019163,267.69327,42.882217,274.00674,-49.195694,0.16019163,267.69327,189.37617,280.1652,163.87743,-112.737236,188.6654,281.96957,163.34894,-110.932884,2.9526665,741.0905,275.46133,2.457623,740.0908,786.395,51.260693,3.1720943,0.4006609,671.9335,270.2138,3.4202383,669.3356,688.1127,6.770081,3.3475401,0.0,,,,,,,,0.0011312613,,,,,,,
2025-10-23,281.5,35.5,45.244553,279.8291,-53.800797,0.16678613,271.27286,45.244553,264.68326,-38.654953,0.16678613,271.27286,192.54723,274.1383,165.9428,-107.45757,191.71306,278.59122,165.32094,-103.00465,0.26178017,711.5099,269.45007,2.676228,709.4861,757.5187,35.212963,,8.143835,,,,,,,,0.0,,,,,,,,0.0,,,,,,,
2025-10-23,281.5,36.5,42.582348,264.94293,-42.137955,0.16045359,265.38733,42.927814,262.19537,-39.735886,0.16175534,265.3873,187.44525,266.8303,162.15843,-109.868706,186.6527,270.64862,161.5661,-106.05033,1.4609327,755.58795,270.9461,2.4866753,749.08136,801.2182,26.070993,,5.162607,,,,,,,,0.0,,,,,,,,0.0019221146,,,,,,,
2025-10-24,281.5,35.5,44.201263,282.39297,-57.573456,0.16430427,269.02078,47.568924,262.9785,-41.526657,0.1768225,269.02075,191.07924,268.06622,164.625,-108.7785,188.81447,272.37872,162.91676,-104.46597,0.92338115,726.0413,269.88486,2.1954706,720.5002,759.15234,48.634197,18.585505,5.316253,629.2838,264.9253,4.037494,619.93365,657.43274,43.95227,39.100323,0.0080723995,428.03897,250.3531,6.988675,424.56512,434.9255,4.4725637,,2.466287,264.61374,224.24223,10.282934,251.57768,273.1672,,4.038092
2025-10-24,281.5,36.5,42.27357,262.41312,-41.597427,0.16068147,263.08926,42.375286,260.87848,-40.164505,0.1610681,263.08926,186.01595,258.8809,160.87148,-108.759315,185.31348,261.08386,160.35071,-106.55637,0.8544953,750.21735,270.29987,2.5821948,742.2914,791.63275,27.594397,27.356041,2.8321228,671.00964,264.99805,3.503328,659.2032,714.51276,69.21946,33.77601,0.3086157,,,,,,,,0.02898479,249.45702,223.83484,10.831745,248.84608,253.79344,4.2546515,1.7250466
2025-10-25,281.5,35.5,,251.00854,,,,84.05808,224.29973,-41.580734,0.31508735,266.77707,,272.4434,,-97.146706,140.30365,293.23328,121.65243,-76.35681,0.047821473,849.30804,275.8383,1.8157884,849.25146,927.77136,42.565025,,2.4298582,501.90604,257.84552,5.753671,496.09995,511.55014,14.380605,,58.71632,387.3101,246.8273,7.7966475,355.91144,412.79828,18.802929,10.199632,5.3485017,286.0454,231.69702,9.9752035,243.47302,302.28778,,6.8979087
2025-10-25,281.5,36.5,,246.8263,,,,51.8212,232.12354,-23.144562,0.1987008,260.80017,,267.8737,,-98.008125,170.2196,279.121,147.63913,-86.760864,0.21805562,716.0501,266.07355,2.99542,715.0022,733.6264,9.420931,,0.6643076,528.71655,258.18137,5.4935384,523.65576,538.8671,16.254189,,28.226227,381.14914,245.4713,7.895709,343.73657,414.57312,17.263565,11.960923,17.926813,279.47675,228.85304,10.052033,244.7611,309.90674,85.04529,14.436119
2025-10-26,281.5,35.5,,,,,,61.161015,194.94695,8.43483,0.23119518,264.5428,,,,,165.47725,310.5023,143.0595,-64.31501,0.087681234,849.4147,275.84396,1.6570114,849.4034,927.66547,27.822195,,22.674845,560.08185,263.03143,5.096853,553.1885,579.3956,36.99721,7.1675363,25.227766,326.23334,238.34256,9.019425,267.74814,368.3979,22.818361,14.993253,29.05191,256.47443,225.4922,10.643872,224.47607,329.97498,18.759953,37.52
2025-10-26,281.5,36.5,,,,,,99.310356,189.14558,-29.934921,0.38414806,258.52103,,,,,111.48605,333.45114,97.18078,-32.091633,0.0,,,,,,,,37.812504,538.75006,261.70175,5.2685995,527.2756,574.9476,86.63296,81.79003,39.929455,381.08194,245.10468,7.87775,336.93677,469.0404,80.0221,144.09006,18.209724,260.43048,226.05635,10.508404,225.69077,333.49347,66.17863,42.14749
2025-10-27,281.5,35.5,,,,,,169.0489,166.69676,-73.42673,0.64444035,262.31894,,,,,32.605953,355.49927,28.397081,-23.648798,1.2149278,,,,,,,,8.182289,,,,,,,,44.13029,372.26102,244.3681,8.009563,306.52292,615.9358,388.71738,452.3949,46.071674,268.44998,228.32016,10.223889,217.23071,496.55328,23.019674,441.09024
2025-10-27,281.5,36.5,,,,,,151.26488,174.35626,-69.36818,0.59029514,256.25296,,,,,48.135204,345.94034,42.09274,-27.835932,0.0,,,,,,,,3.4056585,555.2706,261.34793,5.01338,547.16724,604.67316,88.78199,,77.43019,356.68048,241.85101,8.267779,290.59576,584.2252,102.935524,310.121,19.126131,278.01523,229.13503,9.999486,225.96317,482.12033,31.155693,258.90103
2025-10-28,281.5,35.5,,,,,,157.6931,219.0022,-116.58879,0.6062636,260.1065,,,,,42.020687,351.48404,36.59459,-16.999681,18.830872,751.4675,272.5749,2.4993854,750.75793,834.24603,195.77336,,42.270885,578.26874,263.784,4.4115543,569.72125,671.9892,461.6689,575.1027,20.50109,424.12415,247.78305,7.287151,352.15,685.46924,,868.9811,7.967539,267.61136,228.64484,10.387262,216.44438,416.43878,,139.94029
2025-10-28,281.5,36.5,,,,,,155.03592,208.39601,-109.43509,0.61038524,253.99684,,,,,40.563778,349.35764,35.471676,-14.818443,19.046165,,,,,,,,26.119528,577.28973,262.76788,4.671726,568.7956,671.3719,339.96182,364.12485,48.691303,412.71506,247.58942,7.1716156,346.18146,660.1349,277.00955,556.8392,3.816199,267.0112,228.23695,10.371808,212.47955,381.50473,,100.27909
2025-10-29,281.5,35.5,,,,,,138.88893,244.12291,-125.105255,0.53852415,257.9066,,,,,62.687946,365.8844,54.551285,-10.53855,78.22616,782.8489,274.0758,2.1628613,781.04517,869.0841,223.56306,134.99272,11.213141,601.0413,267.67752,4.297422,599.4299,666.33044,145.42361,103.877716,0.33249894,451.03754,252.1538,7.2798696,413.68542,665.6628,,123.71094,0.0,,,,,,,
2025-10-29,281.5,36.5,,,,,,145.82677,234.14302,-128.21593,0.5792434,251.75386,,,,,49.727768,361.54028,43.477512,-9.033901,50.168,806.5812,273.98447,1.8416274,804.46564,910.032,350.14014,,33.90417,644.81915,267.80286,3.7988853,639.7493,718.73706,160.51367,87.08089,11.59299,412.2391,249.09465,7.1404862,341.81952,526.0629,54.31302,80.76416,0.0,,,,,,,
2025-10-30,281.5,35.5,,,,,,51.948486,268.57062,-64.79895,0.20314585,255.72015,,,,,166.74132,321.25702,143.88977,-65.75051,30.672663,831.5126,279.36386,1.6332227,829.8374,874.94116,31.195942,39.538734,12.895158,659.9626,271.69724,3.5138862,657.02704,700.5727,44.02383,68.12763,0.13191336,447.35678,252.1754,7.4429607,423.79486,623.27075,,40.32467,0.0,,,,,,,
2025-10-30,281.5,36.5,,,,,,52.094807,259.78592,-62.35579,0.20877595,249.52493,,,,,158.82841,326.95053,137.64996,-59.83226,23.536713,858.30975,280.63446,1.2688423,856.81323,899.7173,53.479446,7.1457987,23.719887,624.0233,268.04913,4.0583987,616.0431,664.27356,42.96303,84.41982,2.724151,431.69727,252.37056,6.813522,346.9596,619.5238,,138.26201,0.0,,,,,,,
2025-10-31,281.5,35.5,43.797512,272.96762,-63.216873,0.17273836,253.54826,43.695934,272.74905,-62.89673,0.17233774,253.54826,177.77269,263.54218,152.83498,-106.352234,177.77269,263.87415,152.83498,-106.02026,0.44848537,919.9611,281.14532,0.741295,919.61237,974.9951,25.26,,0.0,,,,,,,,0.0,,,,,,,,0.0,,,,,,,
2025-10-31,281.5,36.5,41.572742,268.23227,-62.49385,0.16809894,247.31116,41.785263,268.53098,-63.00508,0.16895826,247.31116,171.67078,262.67307,148.1561,-107.109825,171.67078,263.1924,148.1561,-106.59054,0.7184507,872.94073,280.3527,1.0270205,869.8904,902.03033,13.47049,,0.0008146527,,,,,,,,0.0,,,,,,,,0.0,,,,,,,
2025-11-01,281.5,35.5,43.93639,263.59854,-56.14308,0.17477253,251.39185,43.957394,263.17862,-55.74414,0.17485607,251.39188,177.73839,261.30896,153.81708,-102.41622,177.73839,261.42322,153.81708,-102.302,0.111567356,913.0649,282.7237,0.95957977,907.7561,956.74146,16.264055,,0.0032885063,,,,,,,,0.06484011,,,,,,,,0.0,,,,,,,
2025-11-01,281.5,36.5,40.796326,259.18677,-54.869537,0.16643848,245.11356,40.954746,254.9187,-50.759903,0.1670848,245.11354,170.89952,263.9024,148.7936,-98.4329,170.28645,265.0994,148.33723,-97.23585,0.0058181584,,,,,,,,0.1862848,,,,,,,,3.8274498,,,,,,,,0.02992709,,,,,,,
2025-11-02,281.5,35.5,,252.82817,,,,75.427895,241.16011,-67.33598,0.30261698,249.25201,,288.64346,,-84.15333,136.69975,311.6514,119.04827,-61.145374,27.273071,788.29865,274.20135,2.1546593,787.05347,852.7256,42.02542,1.5358574,7.6476007,571.18585,261.1823,4.7780304,566.4173,603.74585,47.51538,,14.557236,413.93164,246.82794,7.260097,380.34784,470.7953,,60.65432,2.9488297,283.4039,231.21857,9.917742,214.81435,320.43445,,33.15718
2025-11-02,281.5,36.5,,248.74251,,,,46.28568,228.74934,-32.101852,0.19052845,242.93317,,284.05383,,-86.20847,163.2935,297.35223,142.39569,-72.91009,5.0099025,763.6956,271.5852,2.5298452,760.48486,782.16785,18.595623,,11.863697,574.5498,259.76562,4.794067,565.82086,596.79486,29.912823,,31.310976,402.58322,244.28815,7.474477,356.74493,449.1696,70.14976,36.309704,3.7455661,257.56253,227.61818,10.759189,216.31427,271.70032,,16.995832
2025-11-03,281.5,35.5,,,,,,87.45637,249.22655,-89.553085,0.35388836,247.12982,,,,,118.29593,335.0299,103.186005,-44.009747,36.70525,824.2717,277.83588,1.7118932,822.05347,891.22327,89.68357,,26.425478,550.63855,261.87436,4.976202,541.1773,618.3478,153.81609,146.82121,6.8949237,475.11002,254.42119,6.102172,438.0277,562.4217,84.46213,95.701324,0.028976528,267.391,230.39215,10.174711,176.12216,286.18472,,54.249348
2025-11-03,281.5,36.5,,,,,,71.7248,245.98595,-76.93971,0.2978963,240.77104,,,,,130.58153,325.40195,114.404305,-52.797607,30.211527,888.7625,280.9975,1.4412445,886.5159,939.5755,57.71854,,19.035564,533.65137,258.32587,5.1890163,526.6066,583.0991,76.05574,68.43281,14.067784,465.811,252.1337,6.309035,426.98053,557.4495,106.72923,80.65067,0.026413543,280.81943,231.28746,9.852688,183.25734,291.48032,,50.774277
2025-11-04,281.5,35.5,41.077625,266.5688,-62.620132,0.1676458,245.02628,42.43625,266.0956,-63.50557,0.1731906,245.02629,172.89116,267.3451,149.49895,-102.65,172.89116,268.11588,149.49895,-101.87922,0.70555013,826.5861,277.9879,1.3534913,820.3801,863.1816,52.1704,0.63192135,0.0054323524,,,,,,,,0.027496869,441.52866,255.4582,6.8313146,439.46396,454.04214,6.1341166,,0.37773004,231.15434,218.94354,11.475432,221.02632,235.31589,4.5189524,4.183377
2025-11-04,281.5,36.5,38.682842,261.88165,-61.936172,0.162105,238.62833,41.50661,260.96567,-63.843964,0.17393833,238.62831,166.79607,265.25128,145.10202,-102.78393,165.524,268.23013,144.14914,-99.805084,0.6055739,880.58545,280.4903,2.2018216,877.3804,910.6403,33.19277,,0.63504463,546.6929,261.35562,5.270462,544.3477,553.7698,10.286476,,2.1209824,341.01428,238.83102,8.423382,301.9527,347.27692,7.082272,14.172271,4.087726,247.72037,223.98145,10.812854,232.59995,252.35535,1.4179244,5.524994
2025-11-05,281.5,35.5,42.249992,269.8151,-69.12247,0.17390935,242.94261,42.249992,269.8151,-69.12247,0.17390935,242.94261,167.76039,288.75012,145.02876,-92.28939,167.76039,288.75064,145.02876,-92.28888,0.0,,,,,,,,0.0,,,,,,,,0.00097567774,,,,,,,,0.0065063485,,,,,,,
2025-11-05,281.5,36.5,40.298405,269.6655,-73.45784,0.17039058,236.50606,43.442257,264.9331,-71.86929,0.18368347,236.50607,161.20282,290.83752,140.20865,-90.97176,158.93373,292.96588,138.46373,-88.84344,0.0,,,,,,,,1.1655488,527.7629,264.17093,5.3939557,525.3987,532.2576,11.377349,,1.4179555,467.54807,256.1166,6.533754,461.62125,472.40656,6.814217,,8.362167,240.84213,224.07361,11.122606,196.34653,249.35861,,11.387627
2025-11-06,281.5,35.5,43.174805,267.4461,-69.74104,0.17923792,240.87987,42.99799,267.40836,-69.52649,0.17850389,240.87985,169.61574,273.8306,146.58774,-105.3717,169.61574,273.8415,146.58774,-105.36077,0.013231936,995.54504,291.12607,0.24236265,984.38635,998.43555,11.96432,,0.0,,,,,,,,0.0,,,,,,,,0.0,,,,,,,
2025-11-06,281.5,36.5,40.581696,265.57608,-71.75226,0.17312603,234.40552,40.677826,265.5968,-71.869095,0.17353612,234.40553,165.20708,262.58237,143.63962,-110.61935,165.20708,262.63962,143.63962,-110.56211,0.02035137,995.54486,291.12607,0.318797,984.50037,997.649,7.195787,,0.022656858,,,,,,,,0.02626276,,,,,,,,0.16273975,,,,,,,
2025-11-07,281.5,35.5,,252.29088,,,,62.915768,253.88066,-77.95703,0.2634229,238.8394,,299.67346,,-84.95352,139.21303,313.03406,120.9437,-71.59295,17.23938,954.03845,285.04218,0.6290504,948.1952,983.8119,60.25077,,4.0950217,592.10034,267.11737,4.4070168,587.5892,614.1001,30.239925,,2.181987,,,,,,,,4.795913,,,,,,,
2025-11-07,281.5,36.5,,246.92332,,,,51.413456,245.95796,-65.0435,0.22129694,232.32791,,292.77127,,-86.093544,146.20363,305.8048,127.557594,-73.060005,12.14726,862.51,279.0573,1.4205719,857.8299,884.1644,13.000039,1.0338647,17.770464,643.5484,268.80106,3.816588,637.86597,683.94543,76.22953,,3.5623233,357.52142,239.89645,8.219967,298.92612,433.9144,1.3131316,75.61783,0.88784695,295.26196,230.9082,9.420666,255.22398,331.78287,,28.563505
2025-11-08,281.5,35.5,,,,,,43.626377,237.35828,-44.1622,0.18421555,236.82245,,,,,154.3228,349.68094,133.51898,-54.322742,20.02009,764.0061,278.79266,2.374641,761.9829,795.41266,41.61161,26.992567,8.295009,611.3284,267.6961,4.194222,608.2477,656.67224,89.45357,,21.825981,329.7765,235.06491,8.7270975,265.25226,434.13217,3.7101219,84.90241,2.7565653,228.05865,223.39098,11.973282,194.95454,259.98273,,23.106407
2025-11-08,281.5,36.5,,,,,,61.289692,218.62128,-49.636368,0.26615915,230.2746,,,,,133.40584,338.38843,116.633415,-55.976624,10.933841,731.69354,275.9364,2.7105262,729.8843,766.5774,55.95059,,17.528492,615.3184,267.1916,4.1399693,609.9302,666.2256,99.9158,98.25541,30.981544,326.5066,233.93823,8.776682,255.78983,428.23227,,81.66397,20.978886,284.1397,227.5618,9.721484,232.14682,393.46576,,92.54921
2025-11-09,281.5,35.5,,,,,,53.18472,254.08635,-72.44066,0.2264814,234.83041,,,,,143.61636,372.8182,124.526436,-39.691917,52.407467,844.81256,283.62927,1.5352391,842.2037,891.88025,50.437077,27.002886,15.282085,609.52454,267.13025,4.2049212,595.6707,641.9376,53.61932,18.351192,1.3285481,354.27036,239.31166,7.920719,289.31873,389.4801,,27.833145,0.11676851,253.49713,222.63075,10.786251,218.18265,379.13504,,107.45874
2025-11-09,281.5,36.5,,,,,,47.39157,243.90302,-63.0477,0.20763293,228.24689,,,,,142.05519,353.81784,123.83405,-46.601917,26.09633,848.7419,283.44446,1.5743835,844.7325,879.52466,33.64739,,34.62559,614.3707,267.7403,4.2095704,608.3005,660.11224,116.16461,12.570683,4.3912597,392.35577,243.13014,7.626092,340.2872,421.40582,,17.322369,0.24623163,249.8986,221.08754,10.723556,221.9416,384.71677,0.31420064,99.24157
2025-11-10,281.5,35.5,,,,,,48.90521,233.73926,-49.779877,0.21001565,232.8646,,,,,156.05061,283.22372,135.17233,-72.12421,22.083601,766.9617,268.52524,2.2348988,758.9344,800.83606,23.642052,1.374206,31.992517,615.9069,261.38226,4.0026784,588.75024,682.337,69.35831,24.800482,5.0167613,414.0905,240.86588,8.832408,393.65042,462.61865,,13.63749,0.020467943,224.29486,222.78563,11.894103,214.56561,228.23106,,1.7797203
2025-11-10,281.5,36.5,,,,,,56.33833,221.8958,-51.987976,0.24901342,226.24615,,,,,140.33728,279.694,122.570274,-68.97979,26.198141,751.2346,265.06723,2.3555746,741.445,791.50916,31.234539,0.18463278,36.84219,564.8754,253.99826,4.646941,523.74554,644.1422,59.941586,46.092064,8.807963,401.34293,240.83472,8.332157,370.10944,449.29053,,15.690924,0.2622211,254.91231,226.54808,11.731489,253.8885,256.63547,,0.8751346
2025-11-11,281.5,35.5,42.048073,252.73787,-63.859543,0.1820843,230.92639,42.404552,229.21712,-40.695267,0.183628,230.9264,162.21425,224.54204,140.00243,-105.73734,160.56718,241.25859,138.78265,-89.020805,5.2481723,734.89905,257.0315,2.5715935,708.9005,759.3575,33.36754,,17.774717,586.33466,248.7369,4.361506,529.17487,691.08887,53.474503,49.125614,10.761075,410.73376,239.03325,7.168198,383.4423,471.61417,,17.8787,0.043800008,,,,,,,
2025-11-11,281.5,36.5,39.50549,254.47856,-69.71034,0.17614855,224.27371,39.49764,225.45726,-40.6812,0.17611356,224.2737,156.38074,224.53015,135.79741,-105.07624,154.91316,244.62852,134.69841,-84.977875,1.7407265,777.47687,261.9983,2.1856399,758.5151,797.028,19.273212,,29.786783,601.25946,247.47054,4.1180305,541.10254,736.36597,52.49551,52.03674,7.5717816,452.2235,242.45308,6.4262505,427.5024,523.9843,30.927288,15.285741,0.006624336,,,,,,,
2025-11-12,281.5,35.5,40.17548,256.17825,-67.33659,0.17542565,229.01714,40.025753,251.47028,-62.478867,0.17477185,229.01717,156.28922,262.5314,134.86797,-94.22327,155.75868,268.19736,134.47989,-88.55731,0.16217709,869.5157,278.8141,1.3861463,860.6006,873.13983,9.204392,,6.221124,538.5966,256.93735,5.1328564,515.4943,556.6551,22.7032,16.5392,6.9614754,462.59543,249.88185,6.743453,412.55692,519.9158,34.076645,21.57914,0.073314376,148.11429,210.34225,13.6359005,148.11429,152.19286,,1.4970545
2025-11-12,281.5,36.5,37.62489,267.0006,-82.294525,0.16922918,222.33098,37.980423,247.17229,-62.82173,0.1708283,222.33098,151.32079,259.5165,131.38255,-97.99886,150.28535,264.92783,130.61409,-92.587494,0.81164116,823.40765,273.49832,1.9039966,818.1286,835.582,10.9782715,0.56348425,8.248254,607.16626,258.84756,4.32508,591.1225,626.05493,11.266813,14.032309,5.7638264,406.4361,242.23761,7.96129,378.52258,433.9571,,7.1275086,6.2297363,252.2077,221.20375,10.606966,242.00995,270.64917,24.779852,4.7887626
2025-11-13,281.5,35.5,,247.4198,,,,67.33741,225.73448,-65.9337,0.2964601,227.1382,,263.47885,,-101.87397,126.72263,275.2114,110.1757,-90.14141,0.010598605,,,,,,,,7.049663,580.31165,261.2656,4.728582,576.211,587.1373,9.820382,,9.68411,322.49863,234.18004,8.786828,241.97519,348.17654,18.25644,20.472643,31.402357,269.43585,225.95535,10.156165,212.27228,294.13983,,17.16094
2025-11-13,281.5,36.5,,245.19307,,,,47.35348,234.57573,-61.50992,0.21483365,220.4193,,257.20682,,-105.39209,142.39294,266.6414,124.01002,-95.95749,0.05259664,721.55444,270.7114,2.9430733,719.85516,756.81445,16.775126,,9.175387,553.9314,258.90424,5.0146723,552.42114,564.0538,6.0593777,,1.5331993,407.98508,242.78012,7.431794,400.55377,413.8143,3.6163127,2.4920588,39.399815,248.14607,221.99414,10.651932,226.8901,265.488,41.93442,6.3649626
2025-11-14,281.5,35.5,39.453266,255.37984,-69.54227,0.17512149,225.29083,39.357082,253.70747,-67.7737,0.17469454,225.29086,152.4788,267.3552,131.51588,-96.047485,151.97026,267.63452,131.14304,-95.76815,0.19946773,985.93085,288.60617,0.28692997,975.98303,1000.2057,6.3635454,,0.17031199,,,,,,,,0.091892876,,,,,,,,0.7793474,,,,,,,
2025-11-14,281.5,36.5,,245.65788,,,,39.787354,248.03096,-69.27843,0.18205991,218.53989,,269.45706,,-94.10061,144.23244,276.74368,125.342926,-86.813965,0.4054452,705.501,268.77148,3.1371694,703.0128,727.9363,22.155844,,6.817083,623.32025,264.42194,4.0866017,620.41797,642.44696,18.494896,,0.009831051,,,,,,,,9.701236,267.27682,222.85365,10.228108,257.40747,276.82397,38.808918,3.102601
2025-11-15,281.5,35.5,,264.97992,,,,55.26982,234.65575,-66.44917,0.24731839,223.4764,,301.3104,,-84.50172,132.65605,317.19946,115.032005,-68.612625,0.0035511602,,,,,,,,7.8378778,528.48926,260.4866,5.356196,525.8972,534.5329,6.513169,,32.175213,381.18646,244.68207,7.8470564,337.9111,400.62503,8.5549,18.452282,21.534525,251.01999,223.16689,10.685452,218.64627,282.01468,9.240074,12.476642
2025-11-15,281.5,36.5,,258.13986,,,,62.580303,221.66699,-67.553085,0.28879544,216.69421,,309.89987,,-81.49506,115.337975,327.07626,100.83106,-64.31864,4.159417,758.22906,274.4647,2.537183,754.7488,776.2775,23.773983,,8.774103,622.0304,267.23077,4.0640793,618.7531,644.5517,25.738298,,21.651667,335.68875,237.70216,8.719022,270.70834,371.5386,,22.715134,27.29637,263.20978,225.89,10.370938,228.96689,332.92047,,32.39194
2025-11-16,281.5,35.5,37.61287,277.7363,-93.65306,0.16965958,221.6961,56.425674,256.09567,-90.82526,0.25451812,221.69609,145.88075,302.73798,125.77848,-93.327995,129.31218,311.3245,112.12048,-84.74143,9.624541,737.4083,275.70627,2.5969806,736.7055,818.4367,149.96495,1.5006073,1.3252105,623.8534,269.3201,4.0271506,622.5398,678.2812,129.49127,2.7470171,8.152127,385.7568,245.5727,7.820097,359.14633,403.31918,9.448831,12.09295,9.90422,223.81117,220.68076,11.586288,211.52399,233.8809,9.520359,3.389631
2025-11-16,281.5,36.5,38.051003,264.9003,-88.0679,0.17707744,214.88339,37.560505,261.30862,-83.98573,0.17479482,214.88339,141.93782,293.14337,123.13403,-98.660675,141.4346,294.04486,122.75592,-97.75924,0.2880577,879.72864,282.19727,1.1897272,872.8508,900.83856,17.214777,,0.436999,539.83057,262.30164,4.9244328,531.9511,554.43604,20.436064,2.8437922,3.5248737,395.94946,245.52802,7.8348618,364.73163,420.46515,9.398114,9.595497,2.8021972,232.94974,222.73404,11.334282,224.28479,244.47662,2.9376457,5.2344975
2025-11-17,281.5,35.5,40.311264,256.83603,-77.196106,0.18327369,219.95119,39.904842,255.90984,-75.86351,0.18142591,219.95117,151.77144,252.89235,130.80789,-107.26908,151.77144,253.28857,130.80789,-106.872925,0.38925624,822.8475,278.20187,1.8285182,819.3065,868.1034,40.892235,,0.02880071,628.64795,267.6178,3.979381,628.3739,670.5417,37.84431,,0.0022590896,,,,,,,,0.3165326,270.45328,227.28206,10.184123,260.8421,275.19614,32.323803,2.7935264
2025-11-17,281.5,36.5,37.47316,253.55377,-77.91824,0.1758406,213.10869,37.61704,252.3614,-76.86977,0.17651576,213.10867,145.76189,245.89552,126.406624,-107.94574,145.18889,246.23415,125.979065,-107.60709,0.3528618,751.0264,271.80093,2.266282,749.8916,804.9313,35.326954,187.62296,0.036717366,660.6652,270.61404,3.5732784,659.07855,707.5771,37.3855,,0.37497795,362.91446,234.43471,8.6960125,355.40265,375.9687,3.1571493,4.937471,0.036290437,250.00003,223.57236,10.527471,245.42212,256.2426,,1.7333745
2025-11-18,281.5,35.5,,254.56682,,,,47.40151,237.51772,-66.67639,0.21719618,218.24283,,276.77994,,-87.42887,139.04024,285.10294,120.21365,-79.1059,8.2036495,758.768,271.18204,2.465048,754.392,768.5082,8.163773,,9.638676,621.76697,264.83102,4.292541,617.92096,635.21814,13.311276,,9.587772,332.72516,234.96329,8.950568,293.71143,354.60593,25.137714,9.056681,27.069214,255.51878,223.38538,10.6280155,237.2239,276.71838,29.755846,10.221442
2025-11-18,281.5,36.5,,252.54247,,,,78.25236,203.81453,-70.69557,0.37021276,211.3713,,274.34845,,-82.87802,95.10593,299.0695,83.41387,-58.157,7.028878e-05,870.9673,272.09726,1.2882001,870.8307,957.54877,29.26764,,5.684307,552.1621,261.7338,5.001871,539.7093,581.9713,57.615913,,58.41147,349.6801,237.92842,8.403998,289.48315,448.37134,43.33218,65.54419,4.0142484,280.52713,226.53127,10.0826435,233.84972,317.9212,,17.683386
2025-11-19,281.5,35.5,37.216156,278.0257,-98.669586,0.17184174,216.57227,49.01833,238.15479,-70.600845,0.22633706,216.57227,138.63626,312.49393,119.46935,-74.80185,129.6285,325.9305,112.12986,-61.365215,11.278168,803.0215,277.3664,1.9284184,800.61084,849.8964,30.420174,,7.8576565,613.1035,265.68005,4.3435364,609.84204,638.0621,37.4484,,7.3964477,384.04984,243.23007,8.021922,343.89337,432.99484,,28.402767,17.516037,255.2158,224.8364,10.657258,209.06769,299.2566,,29.415936
2025-11-19,281.5,36.5,34.565907,276.17587,-101.069336,0.1648567,209.67244,35.69878,232.28645,-58.31279,0.17025976,209.67244,134.9653,299.2264,117.025246,-77.7076,134.23177,319.79175,116.47516,-57.14223,12.56972,847.16376,277.0862,1.5720092,845.75995,906.62604,52.96543,,12.134236,578.1247,263.7281,4.6305585,565.308,620.3876,99.53316,,10.236038,373.9329,240.84122,7.9730077,323.4678,498.4685,104.59773,108.41618,13.785724,250.2468,223.56212,10.880182,204.96301,326.754,,51.424725
2025-11-20,281.5,35.5,,,,,,47.936417,230.50116,-63.496994,0.22302172,214.94058,,,,,131.35634,323.439,113.533226,-49.563328,18.525358,842.1276,277.4474,1.7823875,838.79034,878.184,25.159348,0.718679,15.8182955,585.72534,265.44742,4.6669035,575.0051,614.2878,35.636967,53.67005,11.451789,398.5719,247.62416,7.6571264,359.0491,436.68793,32.20843,24.388515,16.640198,254.14917,224.8296,10.625867,218.12538,272.32162,,11.540255
2025-11-20,281.5,36.5,,,,,,53.427765,228.82587,-74.24036,0.25684786,208.01328,,,,,118.047005,326.0636,102.8309,-37.992275,38.686092,819.0417,273.97144,1.9656968,815.62885,868.42944,51.194424,194.16338,13.856644,541.8514,260.78894,5.36611,527.9647,567.0226,22.222204,129.1516,10.448672,374.0334,243.56956,8.1107645,324.67743,436.07352,,36.274387,4.2432246,252.39804,222.50876,11.150175,238.42258,276.64737,,12.695487
2025-11-21,281.5,35.5,,,,,,115.07615,212.74858,-114.47585,0.53938013,213.34888,,,,,50.233074,379.82434,44.02284,-11.306312,15.9480295,782.33795,276.92685,2.2343547,780.5024,869.3972,104.80675,,48.86,561.98456,264.86478,4.941717,547.80884,630.94507,104.13478,101.475174,33.799587,441.9103,254.24211,6.7734365,397.529,600.94727,153.37566,167.20654,0.012928174,,,,,,,
2025-11-21,281.5,36.5,,,,,,122.99795,197.29816,-113.90124,0.5959351,206.39487,,,,,35.619087,367.3721,31.448442,-10.210197,0.31091022,,,,,,,,34.75252,535.9252,263.41974,5.237864,511.4901,586.56036,52.475903,107.50365,64.2238,413.92004,251.0438,7.1874747,355.3937,639.79004,274.78473,201.02455,0.010843168,,,,,,,
2025-11-22,281.5,35.5,35.096226,280.6749,-103.972824,0.16570589,211.7983,50.135803,238.57924,-76.91675,0.23671485,211.7983,133.14453,339.43518,114.677574,-69.351494,122.292336,367.68857,105.78643,-41.098118,16.787027,827.8873,282.20865,1.7830819,825.6465,897.65717,87.72213,3.3357327,38.929707,565.9697,264.82257,4.7715435,545.79034,628.5165,71.50704,88.73622,7.0710692,400.36075,246.13124,7.519403,327.2169,520.2148,,74.66495,0.14732252,292.51672,229.72943,10.563159,218.13174,346.87842,,74.91528
2025-11-22,281.5,36.5,33.90451,275.61838,-104.704544,0.16553454,204.81834,49.06178,242.95886,-87.2023,0.23953801,204.81834,127.99642,328.65732,110.930016,-69.81576,116.5072,354.6777,101.43994,-43.795364,19.37264,770.27313,276.97287,2.3094475,768.66034,821.3701,44.555573,6.640216,36.426395,593.4546,266.6066,4.443015,576.19464,645.4642,61.30768,50.649426,2.5171297,441.531,252.71124,6.8967576,369.48776,600.47253,,108.405365,0.010347097,,,,,,,
2025-11-23,281.5,35.5,35.95191,276.5088,-102.17082,0.17096357,210.28987,35.517284,253.75688,-78.98428,0.16889678,210.28989,138.43207,291.18024,119.18874,-92.209114,138.21812,306.78238,119.03309,-76.60691,8.778968,809.78394,279.82162,1.9847966,805.7763,850.56006,37.714962,3.2770324,15.958237,656.74207,269.36423,3.8318217,651.5026,707.45624,63.26122,,5.6574326,359.63388,239.73373,7.9688115,284.0226,466.08725,,77.765274,0.22951992,298.01132,230.45212,9.48602,213.05833,362.07175,,88.143196
2025-11-23,281.5,36.5,33.540325,269.92877,-100.18439,0.16499187,203.28471,33.67867,257.04764,-87.441605,0.16567242,203.2847,132.44647,280.2507,114.74453,-93.12229,132.2271,288.60648,114.580475,-84.76649,12.602139,782.05695,275.2148,2.0122204,779.3798,825.7294,43.4045,8.92507,2.9109344,688.9975,270.4718,3.246578,686.9757,731.8262,29.541979,10.630697,0.060191173,345.2834,236.6795,8.705097,323.37842,361.03976,,5.9624147,0.016743489,240.32962,223.30478,10.751506,239.89845,244.41243,,1.6892916
2025-11-24,281.5,35.5,36.850067,273.2758,-101.30127,0.17646421,208.82458,38.063274,247.38603,-76.624725,0.18227391,208.82458,140.1613,268.6916,120.64254,-100.52129,139.17569,272.70117,119.9136,-96.51174,0.0892199,969.5067,288.41156,0.77007926,959.0164,971.0857,4.321937,0.68155175,0.5305466,519.86804,259.52628,5.546486,517.8987,527.9978,9.6917,,12.7840605,393.3289,245.14793,7.7406716,352.86453,429.23233,8.511207,24.05799,2.1985772,280.50528,228.5689,10.093735,267.09802,297.67398,,10.79156
2025-11-24,281.5,36.5,34.833717,267.28583,-100.324524,0.17261931,201.79501,35.01307,244.6695,-77.88754,0.1735081,201.79501,135.78874,255.53221,117.60551,-105.39798,135.38881,259.42105,117.30427,-101.50912,0.01089996,1002.9968,291.22147,0.22620176,991.5422,1004.6707,4.811925,,1.3432889,,,,,,,,8.548761,,,,,,,,4.515447,,,,,,,
2025-11-25,281.5,35.5,,,,,,63.54181,206.91414,-63.05252,0.30636817,207.40343,,,,,105.03753,340.66968,91.20504,-48.549183,3.3178804,749.2212,274.98322,2.520564,745.5907,765.6383,10.912104,,14.49826,568.72644,264.8212,4.89597,563.52313,592.8643,88.50268,,52.87444,336.8422,238.28493,8.728156,273.7359,455.33618,14.260629,101.642235,19.104317,270.03757,227.00609,10.245979,216.82707,325.86487,,36.446
2025-11-25,281.5,36.5,,,,,,85.64843,191.87122,-77.16938,0.42749345,200.35027,,,,,73.52334,336.79727,64.59029,-42.627346,7.6760385e-05,,,,,,,,5.003961,555.9198,262.34088,5.0503883,547.7256,574.37866,38.965626,,71.88572,343.9641,239.2948,8.561154,285.57343,508.97052,243.3739,232.22025,13.5605545,264.79773,225.89099,10.423127,232.21353,303.6501,,16.395142
2025-11-26,281.5,35.5,,,,,,58.295437,230.79384,-83.061905,0.28294995,206.02737,,,,,108.71885,347.134,94.220184,-56.495502,31.059814,761.0941,278.12195,2.4762557,758.77325,800.93695,37.640953,,3.449004,597.25104,266.67615,4.384396,590.34314,613.19965,17.511374,,28.53009,350.08667,239.6233,8.481831,290.74332,440.59915,20.44784,71.55572,13.1776285,257.2004,224.35472,10.564888,240.56023,279.93893,,12.989545
2025-11-26,281.5,36.5,,,,,,50.94025,237.39642,-89.385254,0.25604367,198.95142,,,,,110.32545,342.67642,96.11774,-57.019672,25.13504,825.74634,282.4078,1.7432808,823.6067,868.7095,63.25759,39.286205,3.6093528,512.4609,259.98022,5.582125,489.08392,534.0797,42.249153,,28.076067,395.9927,245.77348,7.6050715,339.7949,519.71423,52.070957,130.37363,0.033280883,234.47188,220.00665,10.962747,229.74756,240.6249,,1.656421
2025-11-27,281.5,35.5,39.39687,258.0283,-92.727844,0.19246402,204.69731,46.18422,247.78603,-89.27292,0.225622,204.69733,139.87819,238.63246,120.32352,-114.164,131.178,244.1043,113.27905,-108.69218,0.3347405,857.8077,278.7142,1.4506568,845.12,920.4132,31.68736,,1.0191737,544.4964,259.00327,5.034326,532.67944,554.6905,15.60743,,5.3718667,456.1639,249.11263,6.486197,447.36273,462.4022,10.84664,1.9309249,22.49733,238.24762,221.08789,10.936697,217.13042,253.34607,27.766108,4.148582
2025-11-27,281.5,36.5,,249.07587,,,,73.64917,228.24825,-104.29805,0.37271968,197.59937,,230.64215,,-114.08246,90.66036,249.48793,79.47909,-95.23667,0.3113615,,,,,,,,5.019755,505.46027,253.13577,5.3618975,491.1678,516.2628,19.228115,,36.32837,423.8008,244.64178,7.1266856,396.67175,450.25467,41.72039,15.341628,1.5963634,269.89587,225.33524,10.033943,229.1188,280.34875,,3.9287257
2025-11-28,281.5,35.5,37.12538,243.59456,-77.3058,0.18251131,203.41414,37.38861,242.1916,-76.16606,0.18380536,203.41415,140.77965,212.69322,121.07302,-113.76467,140.26125,212.8852,120.68878,-113.57269,0.1061996,994.9537,281.93378,0.26507276,982.72125,998.72864,9.278371,,0.0050086123,,,,,,,,0.5925576,,,,,,,,0.72689074,,,,,,,
2025-11-28,281.5,36.5,34.767117,240.32771,-78.79982,0.17711666,196.29501,36.331944,238.98338,-79.020325,0.18508849,196.295,134.66087,208.60889,116.54179,-114.437965,133.9194,209.03365,115.9696,-114.01318,0.10570973,867.0422,270.6768,1.4550499,854.9278,870.6655,12.52042,1.0309118,0.35176632,626.3802,257.62885,4.076179,598.32874,636.0915,17.811905,2.020623,0.44088027,396.29953,239.3922,7.7580924,380.05276,411.59958,22.665808,8.479628,0.6487139,,,,,,,
2025-11-29,281.5,35.5,37.020985,248.5448,-83.38707,0.1831102,202.17871,37.364216,229.71129,-64.89679,0.18480787,202.17871,137.36769,222.87434,118.13026,-99.738075,136.05624,232.21577,117.13877,-90.39666,0.12410448,1011.74023,282.347,0.49752298,1000.2683,1019.6509,13.820635,,17.537798,607.606,254.08105,4.604026,598.8961,632.12335,13.478255,46.896305,2.5807896,439.1564,244.18225,7.4110765,386.38007,536.84235,17.911144,65.23807,1.0275338,258.39874,219.87117,10.486115,250.43823,266.57056,6.7777963,3.7582128
2025-11-29,281.5,36.5,34.05345,243.81738,-82.83168,0.17459802,195.03915,34.205364,229.03893,-68.205124,0.17537689,195.03917,130.87291,220.35852,113.246605,-98.82354,130.03963,233.72618,112.61609,-85.455864,8.170768,851.49963,270.3529,1.6382625,841.61646,868.9302,16.600418,,9.4738245,,,,,,,,0.061343957,316.3369,222.23102,9.446925,308.278,334.45822,,11.631666,1.0040259,247.14612,217.77856,10.6841135,243.70479,252.98956,5.0466056,2.7041261
2025-11-30,281.5,35.5,,,,,,54.650097,206.06738,-59.72574,0.2719022,200.99174,,,,,108.16424,318.6499,93.66342,-29.754705,50.83253,784.5148,265.85645,2.2486343,779.1251,826.1551,42.563873,34.50039,7.709612,639.2162,257.91177,3.983276,627.0367,671.93787,18.681732,76.58104,3.150943,376.52036,239.22697,7.98915,321.99777,469.96066,,51.425175,25.098726,259.7164,221.68845,10.411863,236.38092,327.28253,,38.316914
2025-11-30,281.5,36.5,,,,,,98.290794,207.42934,-111.88743,0.50709087,193.8327,,,,,53.3013,325.94644,46.97768,-16.61512,48.979095,752.01306,263.34702,2.554858,746.86066,807.7874,65.96755,66.18558,19.92646,627.2432,257.9291,4.06635,617.59503,710.2941,243.07721,56.68415,17.983953,405.75348,243.4847,7.345252,345.14157,605.6872,6.7441792,154.72792,7.5874805,,,,,,,
2025-12-01,281.5,35.5,,,,,,43.740246,170.67033,-14.556488,0.2188609,199.8541,,,,,129.35909,289.004,111.74228,-55.716297,0.59185886,,,,,,,,11.4580145,596.82715,258.36877,4.6133003,586.4445,618.98474,53.422634,,6.2217975,390.12552,241.08768,7.7394543,362.7794,458.85022,10.100832,133.9843,75.76063,248.33717,222.1039,10.743759,214.80623,343.5937,16.095545,53.59001
2025-12-01,281.5,36.5,,,,,,35.853077,184.79633,-27.973022,0.18607926,192.67638,,,,,129.15192,266.6864,112.70725,-67.7304,3.2867575,736.76245,263.82568,2.649574,733.31476,751.13074,19.427462,,6.13294,597.33984,256.7346,4.5113745,594.97156,608.77576,23.34075,,15.485008,369.60498,237.51688,8.042413,326.2961,439.85754,5.904402,89.57169,43.565266,240.66547,220.05325,10.9194565,217.74861,319.77014,,50.62852
2025-12-02,281.5,35.5,,,,,,119.050545,190.22014,-110.50419,0.59894675,198.7665,,,,,34.756886,315.79266,30.55783,-20.83547,16.922037,820.1046,268.47568,1.7538674,818.46875,939.65076,650.99805,,10.943761,597.75745,257.77512,4.4265857,519.2782,747.2926,436.7428,314.84064,18.910242,416.92447,249.08948,6.973823,349.96255,761.2442,,483.7561,32.925022,214.36969,216.85042,11.675585,186.17015,377.4042,,96.07784
2025-12-02,281.5,36.5,,,,,,99.27419,194.37703,-102.0803,0.5182112,191.57092,,,,,50.610676,306.82526,44.921783,-23.78556,16.416388,897.5808,271.8099,1.1719398,883.2545,921.17596,69.83087,1.1847512,15.145382,633.89014,259.32654,3.951617,631.40344,716.14886,311.01758,38.816788,14.325131,403.1102,247.37474,7.1824217,357.47345,694.2687,875.1763,427.10013,32.5352,212.72862,216.38977,11.6340685,189.59146,384.6843,,117.814285
2025-12-03,281.5,35.5,33.152164,252.20093,-87.6234,0.16766407,197.72969,34.018505,251.9954,-88.28421,0.1720455,197.7297,135.21436,230.0435,116.398125,-99.69779,135.20107,233.93126,116.38976,-95.81006,3.808035,950.58685,275.90186,0.56783223,944.78564,979.8896,17.868755,,0.078048386,,,,,,,,0.13794105,,,,,,,,0.0,,,,,,,
2025-12-03,281.5,36.5,33.25076,248.62799,-91.36162,0.17452897,190.51714,31.9037,247.75792,-89.144485,0.16745843,190.51714,129.60469,224.79608,112.93878,-98.525475,129.15965,226.48024,112.59976,-96.8413,1.5453643,948.78375,274.0324,0.574955,933.6733,969.601,41.304447,0.88739514,0.11017927,,,,,,,,0.10456308,,,,,,,,0.0,,,,,,,
2025-12-04,281.5,35.5,,241.25342,,,,94.64667,182.52635,-80.428635,0.48106414,196.74438,,262.70847,,-78.73465,63.002842,301.22385,55.206573,-40.21935,1.2485133,,,,,,,,3.548561,,,,,,,,13.249026,,,,,,,,52.81148,272.54202,228.6882,10.172853,227.24733,451.8471,,122.36773
2025-12-04,281.5,36.5,,240.11555,,,,95.74415,186.76204,-92.99053,0.50520444,189.51566,,249.15196,,-82.18612,55.891388,283.6776,49.59338,-47.66049,3.9939785,,,,,,,,4.2149496,,,,,,,,12.98112,393.0943,244.89804,7.579075,337.3299,461.72968,46.33032,,49.653065,276.30386,229.61125,9.967505,229.55159,439.69113,,108.60701
2025-12-05,281.5,35.5,,,,,,134.19743,166.78671,-105.17276,0.6853403,195.81139,,,,,15.942159,314.99625,14.0378065,-21.257261,2.3665094,717.0307,260.2117,2.8382242,675.91205,750.5613,14.475627,607.7621,4.7438283,569.8773,255.0636,5.0100236,530.2606,614.9777,16.383423,185.77846,22.649803,389.2771,244.6083,7.6262336,329.08585,473.5303,19.472012,101.4618,70.23806,264.4501,228.00835,10.313355,222.32028,513.5525,,578.334
2025-12-05,281.5,36.5,,,,,,121.303246,172.83911,-105.575005,0.6432887,188.56735,,,,,24.532211,300.64987,21.840876,-22.473928,2.3953545,712.2168,258.48444,2.9215517,589.72437,772.6566,18.562902,529.84625,5.3410945,600.4229,253.2998,4.457923,561.50574,640.48016,36.364162,276.4937,54.454468,357.85544,240.80276,8.218996,312.37326,517.74365,376.49658,142.26807,37.80907,278.51648,229.56645,9.873914,232.49818,497.4727,317.78226,298.88257
