Temperature,Relative.Humidity,Heat_Index,Dew_Point,datetime,sensor_id
89.3,29.9,87.8,53.7,2026-06-15 14:00:00,2558025
88.6,28.6,86.5,51.9,2026-06-15 14:20:00,2558025
90.4,28.8,89.1,53.7,2026-06-15 14:40:00,2558025
90.0,29.0,88.5,53.5,2026-06-15 15:00:00,2558025
90.9,27.4,89.4,52.7,2026-06-15 15:20:00,2558025
92.0,27.7,91.0,53.9,2026-06-15 15:40:00,2558025
90.2,29.5,89.1,54.2,2026-06-15 16:00:00,2558025
90.7,28.9,89.6,54.0,2026-06-15 16:20:00,2558025
91.1,28.6,90.0,54.0,2026-06-15 16:40:00,2558025
90.6,27.4,88.9,52.4,2026-06-15 17:00:00,2558025
93.3,26.1,92.1,53.4,2026-06-15 17:20:00,2558025
92.6,26.4,91.2,53.2,2026-06-15 17:40:00,2558025
90.5,27.2,88.9,52.2,2026-06-15 18:00:00,2558025
87.7,30.5,85.6,52.9,2026-06-15 18:20:00,2558025
86.3,32.5,84.6,53.4,2026-06-15 18:40:00,2558025
86.1,33.3,84.4,53.9,2026-06-15 19:00:00,2558025
85.7,33.7,84.0,53.9,2026-06-15 19:20:00,2558025
85.1,34.7,83.3,54.1,2026-06-15 19:40:00,2558025
84.0,35.1,82.4,53.5,2026-06-15 20:00:00,2558025
83.1,35.9,81.0,53.3,2026-06-15 20:20:00,2558025
81.8,37.5,79.7,53.4,2026-06-15 20:40:00,2558025
80.6,39.0,78.8,53.4,2026-06-15 21:00:00,2558025
78.1,42.3,76.3,53.3,2026-06-15 21:20:00,2558025
76.8,43.9,75.0,53.2,2026-06-15 21:40:00,2558025
75.3,45.1,73.6,52.6,2026-06-15 22:00:00,2558025
75.1,46.8,73.6,53.4,2026-06-15 22:20:00,2558025
73.5,50.0,72.3,53.7,2026-06-15 22:40:00,2558025
72.5,52.2,71.6,53.9,2026-06-15 23:00:00,2558025
71.5,54.3,70.9,54.2,2026-06-15 23:20:00,2558025
70.6,55.5,70.2,53.9,2026-06-15 23:40:00,2558025
70.0,56.7,69.4,53.9,2026-06-16 00:00:00,2558025
69.1,59.2,68.4,54.2,2026-06-16 00:20:00,2558025
69.1,60.8,68.2,55.0,2026-06-16 00:40:00,2558025
68.8,61.1,68.0,54.9,2026-06-16 01:00:00,2558025
68.2,62.4,67.3,54.9,2026-06-16 01:20:00,2558025
67.9,63.7,66.9,55.1,2026-06-16 01:40:00,2558025
68.2,63.0,67.5,55.1,2026-06-16 02:00:00,2558025
68.1,60.6,66.9,53.9,2026-06-16 02:20:00,2558025
69.0,57.5,68.0,53.4,2026-06-16 02:40:00,2558025
68.5,57.9,67.3,53.1,2026-06-16 03:00:00,2558025
68.1,58.3,66.7,52.9,2026-06-16 03:20:00,2558025
68.5,56.5,67.1,52.5,2026-06-16 03:40:00,2558025
68.9,55.0,67.5,52.0,2026-06-16 04:00:00,2558025
68.6,55.2,67.3,51.9,2026-06-16 04:20:00,2558025
68.0,56.1,66.6,51.8,2026-06-16 04:40:00,2558025
67.9,56.6,66.4,51.9,2026-06-16 05:00:00,2558025
67.8,56.7,66.2,51.9,2026-06-16 05:20:00,2558025
67.9,56.4,66.4,51.9,2026-06-16 05:40:00,2558025
67.8,57.4,66.2,52.2,2026-06-16 06:00:00,2558025
67.6,57.5,66.0,52.1,2026-06-16 06:20:00,2558025
67.9,57.8,66.6,52.5,2026-06-16 06:40:00,2558025
68.1,58.4,66.7,53.0,2026-06-16 07:00:00,2558025
68.5,58.6,67.3,53.4,2026-06-16 07:20:00,2558025
68.9,58.3,67.8,53.6,2026-06-16 07:40:00,2558025
69.9,57.8,69.3,54.4,2026-06-16 08:00:00,2558025
70.4,57.5,70.0,54.7,2026-06-16 08:20:00,2558025
70.6,57.5,70.2,54.9,2026-06-16 08:40:00,2558025
71.8,56.4,71.4,55.5,2026-06-16 09:00:00,2558025
73.1,53.4,72.5,55.2,2026-06-16 09:20:00,2558025
73.3,53.4,72.5,55.3,2026-06-16 09:40:00,2558025
75.6,50.9,74.5,56.2,2026-06-16 10:00:00,2558025
76.2,48.4,74.7,55.3,2026-06-16 10:20:00,2558025
77.1,47.6,75.6,55.7,2026-06-16 10:40:00,2558025
78.0,46.6,76.6,56.0,2026-06-16 11:00:00,2558025
78.1,44.8,76.5,54.9,2026-06-16 11:20:00,2558025
78.8,45.3,77.5,55.9,2026-06-16 11:40:00,2558025
79.1,43.5,77.5,55.0,2026-06-16 12:00:00,2558025
80.0,44.8,78.8,56.6,2026-06-16 12:20:00,2558025
80.9,43.5,79.7,56.7,2026-06-16 12:40:00,2558025
80.0,42.9,78.4,55.4,2026-06-16 13:00:00,2558025
81.8,42.3,80.6,56.7,2026-06-16 13:20:00,2558025
84.6,37.2,83.5,55.6,2026-06-16 13:40:00,2558025
84.9,38.6,84.4,57.0,2026-06-16 14:00:00,2558025
85.5,36.9,84.6,56.2,2026-06-16 14:20:00,2558025
86.3,36.8,85.6,56.8,2026-06-16 14:40:00,2558025
90.1,34.4,90.5,58.3,2026-06-16 15:00:00,2558025
87.7,34.9,87.1,56.6,2026-06-16 15:20:00,2558025
89.2,35.1,89.2,58.1,2026-06-16 15:40:00,2558025
86.6,37.0,86.4,57.3,2026-06-16 16:00:00,2558025
85.3,39.4,85.1,57.8,2026-06-16 16:20:00,2558025
86.1,39.2,86.0,58.3,2026-06-16 16:40:00,2558025
84.8,41.3,84.7,58.7,2026-06-16 17:00:00,2558025
84.7,41.7,84.6,58.9,2026-06-16 17:20:00,2558025
84.3,43.3,84.4,59.5,2026-06-16 17:40:00,2558025
83.9,44.3,84.0,59.9,2026-06-16 18:00:00,2558025
82.7,46.2,82.6,59.9,2026-06-16 18:20:00,2558025
82.6,47.3,82.4,60.5,2026-06-16 18:40:00,2558025
82.2,47.4,82.2,60.2,2026-06-16 19:00:00,2558025
81.8,46.7,81.5,59.4,2026-06-16 19:20:00,2558025
81.2,47.6,81.0,59.5,2026-06-16 19:40:00,2558025
80.7,48.2,80.2,59.3,2026-06-16 20:00:00,2558025
80.2,49.3,79.9,59.5,2026-06-16 20:20:00,2558025
79.3,50.4,78.8,59.3,2026-06-16 20:40:00,2558025
78.3,51.9,77.9,59.2,2026-06-16 21:00:00,2558025
77.5,52.8,76.6,58.9,2026-06-16 21:20:00,2558025
77.1,53.6,76.5,59.0,2026-06-16 21:40:00,2558025
76.5,55.0,75.9,59.1,2026-06-16 22:00:00,2558025
76.2,55.5,75.6,59.1,2026-06-16 22:20:00,2558025
75.9,56.6,75.2,59.4,2026-06-16 22:40:00,2558025
75.8,57.3,75.4,59.6,2026-06-16 23:00:00,2558025
75.7,58.0,75.2,59.9,2026-06-16 23:20:00,2558025
75.1,58.7,74.8,59.6,2026-06-16 23:40:00,2558025
75.0,59.6,74.7,60.0,2026-06-17 00:00:00,2558025
74.8,60.9,74.7,60.4,2026-06-17 00:20:00,2558025
74.2,62.6,74.3,60.6,2026-06-17 00:40:00,2558025
73.9,64.0,74.1,61.0,2026-06-17 01:00:00,2558025
73.5,65.5,73.8,61.2,2026-06-17 01:20:00,2558025
73.0,67.2,73.4,61.4,2026-06-17 01:40:00,2558025
72.7,68.9,73.2,61.9,2026-06-17 02:00:00,2558025
72.1,70.6,72.7,62.0,2026-06-17 02:20:00,2558025
71.8,72.5,72.7,62.5,2026-06-17 02:40:00,2558025
72.0,73.2,72.9,62.9,2026-06-17 03:00:00,2558025
71.7,74.4,72.5,63.2,2026-06-17 03:20:00,2558025
71.3,75.3,72.3,63.1,2026-06-17 03:40:00,2558025
71.3,76.6,72.3,63.5,2026-06-17 04:00:00,2558025
71.0,77.5,72.0,63.6,2026-06-17 04:20:00,2558025
70.7,78.7,71.4,63.7,2026-06-17 04:40:00,2558025
70.2,79.6,71.2,63.6,2026-06-17 05:00:00,2558025
70.1,80.4,70.9,63.8,2026-06-17 05:20:00,2558025
69.6,81.3,70.3,63.6,2026-06-17 05:40:00,2558025
69.1,82.6,70.0,63.6,2026-06-17 06:00:00,2558025
69.3,83.0,70.3,64.0,2026-06-17 06:20:00,2558025
69.1,83.4,70.0,63.9,2026-06-17 06:40:00,2558025
69.9,83.0,70.9,64.5,2026-06-17 07:00:00,2558025
70.9,81.3,72.1,64.8,2026-06-17 07:20:00,2558025
72.6,78.8,73.9,65.6,2026-06-17 07:40:00,2558025
76.1,69.6,77.0,65.5,2026-06-17 08:00:00,2558025
77.5,68.2,78.8,66.2,2026-06-17 08:20:00,2558025
80.0,63.4,82.0,66.5,2026-06-17 08:40:00,2558025
81.2,61.1,83.5,66.5,2026-06-17 09:00:00,2558025
79.8,58.8,81.0,64.1,2026-06-17 09:20:00,2558025
83.0,55.3,85.3,65.4,2026-06-17 09:40:00,2558025
85.7,49.6,88.5,64.6,2026-06-17 10:00:00,2558025
86.3,44.4,87.6,62.1,2026-06-17 10:20:00,2558025
86.7,42.2,87.6,61.0,2026-06-17 10:40:00,2558025
87.5,41.6,88.7,61.2,2026-06-17 11:00:00,2558025
90.4,37.6,92.3,61.0,2026-06-17 11:20:00,2558025
88.3,35.6,88.0,57.7,2026-06-17 11:40:00,2558025
89.8,34.1,90.0,57.8,2026-06-17 12:00:00,2558025
90.4,32.2,90.1,56.8,2026-06-17 12:20:00,2558025
89.6,31.9,88.9,55.8,2026-06-17 12:40:00,2558025
91.3,30.0,90.7,55.5,2026-06-17 13:00:00,2558025
92.9,29.8,92.8,56.7,2026-06-17 13:20:00,2558025
92.8,30.2,92.8,56.9,2026-06-17 13:40:00,2558025
92.6,30.2,92.5,56.9,2026-06-17 14:00:00,2558025
94.3,30.0,95.0,58.1,2026-06-17 14:20:00,2558025
93.4,29.8,93.4,57.1,2026-06-17 14:40:00,2558025
94.0,30.3,94.6,58.2,2026-06-17 15:00:00,2558025
92.5,32.7,93.4,59.0,2026-06-17 15:20:00,2558025
91.6,33.5,92.7,58.9,2026-06-17 15:40:00,2558025
92.7,31.6,93.6,58.1,2026-06-17 16:00:00,2558025
91.9,31.5,92.1,57.4,2026-06-17 16:20:00,2558025
94.8,29.6,95.9,58.1,2026-06-17 16:40:00,2558025
96.6,29.3,98.6,59.4,2026-06-17 17:00:00,2558025
97.3,28.7,99.1,59.4,2026-06-17 17:20:00,2558025
95.9,27.4,96.6,57.0,2026-06-17 17:40:00,2558025
94.7,28.9,95.2,57.3,2026-06-17 18:00:00,2558025
92.3,31.5,93.0,57.8,2026-06-17 18:20:00,2558025
91.6,33.5,92.7,58.9,2026-06-17 18:40:00,2558025
90.2,35.7,91.2,59.4,2026-06-17 19:00:00,2558025
89.3,37.4,90.3,59.9,2026-06-17 19:20:00,2558025
88.7,40.2,90.5,61.4,2026-06-17 19:40:00,2558025
87.5,42.5,89.1,62.0,2026-06-17 20:00:00,2558025
86.6,44.2,88.2,62.3,2026-06-17 20:20:00,2558025
85.6,45.9,87.1,62.4,2026-06-17 20:40:00,2558025
84.5,48.2,85.8,62.8,2026-06-17 21:00:00,2558025
83.8,51.4,85.6,63.9,2026-06-17 21:20:00,2558025
83.0,53.7,84.9,64.5,2026-06-17 21:40:00,2558025
82.7,56.5,84.7,65.7,2026-06-17 22:00:00,2558025
82.4,58.7,84.7,66.5,2026-06-17 22:20:00,2558025
82.4,61.2,85.6,67.7,2026-06-17 22:40:00,2558025
81.6,62.9,84.6,67.7,2026-06-17 23:00:00,2558025
81.1,64.5,84.0,68.0,2026-06-17 23:20:00,2558025
80.7,65.0,83.7,67.8,2026-06-17 23:40:00,2558025
80.6,64.9,83.3,67.7,2026-06-18 00:00:00,2558025
80.4,63.7,82.8,67.0,2026-06-18 00:20:00,2558025
80.4,63.0,82.6,66.6,2026-06-18 00:40:00,2558025
80.0,62.7,81.9,66.2,2026-06-18 01:00:00,2558025
79.8,62.9,81.7,66.0,2026-06-18 01:20:00,2558025
79.4,63.7,81.3,66.0,2026-06-18 01:40:00,2558025
78.7,65.1,80.4,66.0,2026-06-18 02:00:00,2558025
78.1,66.7,79.7,66.1,2026-06-18 02:20:00,2558025
78.4,67.0,80.1,66.5,2026-06-18 02:40:00,2558025
78.1,68.1,80.1,66.7,2026-06-18 03:00:00,2558025
77.9,70.1,80.1,67.4,2026-06-18 03:20:00,2558025
78.0,71.5,80.2,68.0,2026-06-18 03:40:00,2558025
77.9,74.2,80.6,69.0,2026-06-18 04:00:00,2558025
77.5,76.6,80.1,69.5,2026-06-18 04:20:00,2558025
77.0,78.3,79.5,69.8,2026-06-18 04:40:00,2558025
76.8,79.5,79.2,70.0,2026-06-18 05:00:00,2558025
76.6,80.3,78.8,70.1,2026-06-18 05:20:00,2558025
76.4,81.6,78.6,70.3,2026-06-18 05:40:00,2558025
76.1,82.4,78.6,70.4,2026-06-18 06:00:00,2558025
76.0,83.1,78.4,70.5,2026-06-18 06:20:00,2558025
76.3,83.0,78.8,70.8,2026-06-18 06:40:00,2558025
76.9,81.8,79.7,70.9,2026-06-18 07:00:00,2558025
77.5,80.4,80.6,71.0,2026-06-18 07:20:00,2558025
78.3,78.6,82.0,71.1,2026-06-18 07:40:00,2558025
79.4,76.4,83.8,71.4,2026-06-18 08:00:00,2558025
81.7,73.7,87.4,72.4,2026-06-18 08:20:00,2558025
80.7,71.0,84.9,70.4,2026-06-18 08:40:00,2558025
81.4,71.5,86.4,71.3,2026-06-18 09:00:00,2558025
82.0,67.2,86.5,70.1,2026-06-18 09:20:00,2558025
83.1,67.6,88.7,71.3,2026-06-18 09:40:00,2558025
85.0,63.9,91.8,71.4,2026-06-18 10:00:00,2558025
85.3,63.6,92.5,71.6,2026-06-18 10:20:00,2558025
86.6,60.4,93.7,71.3,2026-06-18 10:40:00,2558025
88.6,58.8,97.5,72.3,2026-06-18 11:00:00,2558025
90.2,55.9,100.0,72.3,2026-06-18 11:20:00,2558025
91.0,52.6,100.2,71.2,2026-06-18 11:40:00,2558025
91.6,51.8,101.3,71.4,2026-06-18 12:00:00,2558025
92.3,52.0,103.1,72.1,2026-06-18 12:20:00,2558025
92.5,47.4,100.4,69.5,2026-06-18 12:40:00,2558025
94.2,46.5,103.5,70.5,2026-06-18 13:00:00,2558025
95.6,45.2,106.0,71.0,2026-06-18 13:20:00,2558025
96.3,44.1,107.1,70.9,2026-06-18 13:40:00,2558025
95.9,43.4,105.8,70.1,2026-06-18 14:00:00,2558025
95.1,43.6,104.0,69.5,2026-06-18 14:20:00,2558025
97.4,43.5,108.9,71.4,2026-06-18 14:40:00,2558025
97.1,41.1,106.7,69.6,2026-06-18 15:00:00,2558025
96.9,41.5,106.5,69.7,2026-06-18 15:20:00,2558025
98.3,41.1,109.2,70.6,2026-06-18 15:40:00,2558025
84.5,54.8,87.8,66.5,2026-06-18 16:00:00,2558025
78.9,71.5,81.9,69.0,2026-06-18 16:20:00,2558025
77.8,85.0,82.2,72.9,2026-06-18 16:40:00,2558025
80.9,83.1,88.3,75.2,2026-06-18 17:00:00,2558025
82.5,78.3,90.3,75.0,2026-06-18 17:20:00,2558025
85.9,72.1,97.2,75.9,2026-06-18 17:40:00,2558025
89.3,68.3,104.4,77.5,2026-06-18 18:00:00,2558025
85.1,69.5,93.9,73.9,2026-06-18 18:20:00,2558025
83.4,70.9,90.3,73.0,2026-06-18 18:40:00,2558025
82.5,74.1,89.1,73.4,2026-06-18 19:00:00,2558025
82.3,76.6,89.4,74.2,2026-06-18 19:20:00,2558025
82.1,76.6,89.1,74.0,2026-06-18 19:40:00,2558025
81.2,78.7,88.0,73.9,2026-06-18 20:00:00,2558025
80.7,79.8,87.1,73.9,2026-06-18 20:20:00,2558025
80.6,80.9,86.9,74.2,2026-06-18 20:40:00,2558025
80.8,83.3,88.3,75.3,2026-06-18 21:00:00,2558025
78.1,90.7,84.0,75.1,2026-06-18 21:20:00,2558025
77.6,92.2,82.9,75.2,2026-06-18 21:40:00,2558025
76.8,91.9,80.8,74.2,2026-06-18 22:00:00,2558025
76.0,93.2,79.7,73.9,2026-06-18 22:20:00,2558025
75.5,92.1,78.8,73.0,2026-06-18 22:40:00,2558025
75.1,91.7,78.4,72.6,2026-06-18 23:00:00,2558025
74.6,92.8,77.7,72.3,2026-06-18 23:20:00,2558025
74.6,93.0,77.7,72.4,2026-06-18 23:40:00,2558025
74.0,94.2,77.2,72.2,2026-06-19 00:00:00,2558025
73.8,94.8,76.8,72.2,2026-06-19 00:20:00,2558025
74.0,94.5,77.2,72.3,2026-06-19 00:40:00,2558025
74.0,94.7,77.2,72.4,2026-06-19 01:00:00,2558025
73.7,94.1,76.6,71.9,2026-06-19 01:20:00,2558025
73.5,93.7,76.3,71.6,2026-06-19 01:40:00,2558025
73.6,93.0,76.5,71.4,2026-06-19 02:00:00,2558025
73.5,92.4,76.1,71.1,2026-06-19 02:20:00,2558025
73.7,92.2,76.5,71.2,2026-06-19 02:40:00,2558025
73.5,92.7,76.3,71.3,2026-06-19 03:00:00,2558025
73.3,93.9,76.1,71.4,2026-06-19 03:20:00,2558025
73.5,93.4,76.3,71.5,2026-06-19 03:40:00,2558025
73.3,93.4,75.9,71.3,2026-06-19 04:00:00,2558025
72.6,94.0,75.2,70.8,2026-06-19 04:20:00,2558025
72.1,94.6,74.7,70.5,2026-06-19 04:40:00,2558025
71.7,95.4,73.9,70.3,2026-06-19 05:00:00,2558025
71.5,95.8,73.6,70.2,2026-06-19 05:20:00,2558025
71.3,96.1,73.4,70.1,2026-06-19 05:40:00,2558025
70.9,96.3,72.9,69.8,2026-06-19 06:00:00,2558025
70.7,96.9,72.7,69.8,2026-06-19 06:20:00,2558025
71.0,97.3,72.9,70.2,2026-06-19 06:40:00,2558025
71.2,97.6,73.2,70.5,2026-06-19 07:00:00,2558025
71.2,97.8,73.2,70.6,2026-06-19 07:20:00,2558025
71.4,98.0,73.6,70.8,2026-06-19 07:40:00,2558025
71.4,98.1,73.6,70.8,2026-06-19 08:00:00,2558025
71.4,98.2,73.6,70.9,2026-06-19 08:20:00,2558025
72.0,98.3,74.7,71.4,2026-06-19 08:40:00,2558025
72.5,98.2,75.2,71.9,2026-06-19 09:00:00,2558025
72.8,97.8,75.7,72.1,2026-06-19 09:20:00,2558025
73.0,97.7,75.9,72.3,2026-06-19 09:40:00,2558025
74.0,97.8,77.5,73.4,2026-06-19 10:00:00,2558025
74.6,95.1,78.1,73.1,2026-06-19 10:20:00,2558025
75.8,91.0,79.2,73.0,2026-06-19 10:40:00,2558025
76.3,88.5,79.5,72.6,2026-06-19 11:00:00,2558025
76.9,88.7,80.6,73.3,2026-06-19 11:20:00,2558025
78.6,84.3,83.8,73.5,2026-06-19 11:40:00,2558025
79.7,81.8,85.3,73.6,2026-06-19 12:00:00,2558025
81.2,78.0,87.6,73.7,2026-06-19 12:20:00,2558025
81.5,74.1,86.9,72.4,2026-06-19 12:40:00,2558025
83.7,73.0,91.9,74.1,2026-06-19 13:00:00,2558025
84.9,67.5,92.7,72.9,2026-06-19 13:20:00,2558025
83.9,64.1,89.4,70.4,2026-06-19 13:40:00,2558025
85.2,61.5,91.4,70.5,2026-06-19 14:00:00,2558025
85.6,61.2,91.9,70.6,2026-06-19 14:20:00,2558025
86.0,59.5,92.1,70.2,2026-06-19 14:40:00,2558025
89.8,49.2,96.1,68.2,2026-06-19 15:00:00,2558025
89.4,47.4,94.3,66.8,2026-06-19 15:20:00,2558025
90.1,44.5,94.6,65.6,2026-06-19 15:40:00,2558025
91.2,42.9,95.7,65.5,2026-06-19 16:00:00,2558025
90.4,40.8,93.6,63.4,2026-06-19 16:20:00,2558025
90.6,41.1,93.9,63.7,2026-06-19 16:40:00,2558025
90.4,41.6,93.9,64.0,2026-06-19 17:00:00,2558025
89.1,40.8,91.2,62.1,2026-06-19 17:20:00,2558025
88.8,41.0,90.7,62.0,2026-06-19 17:40:00,2558025
89.4,40.4,91.4,62.2,2026-06-19 18:00:00,2558025
87.7,42.6,89.4,62.2,2026-06-19 18:20:00,2558025
85.7,44.3,86.9,61.5,2026-06-19 18:40:00,2558025
84.9,45.7,85.8,61.6,2026-06-19 19:00:00,2558025
85.2,45.9,86.4,62.0,2026-06-19 19:20:00,2558025
84.5,43.6,84.7,60.0,2026-06-19 19:40:00,2558025
83.3,48.5,84.0,61.8,2026-06-19 20:00:00,2558025
81.7,51.2,82.2,61.9,2026-06-19 20:20:00,2558025
80.5,53.6,81.1,62.2,2026-06-19 20:40:00,2558025
79.8,51.1,79.7,60.1,2026-06-19 21:00:00,2558025
78.3,52.3,77.9,59.4,2026-06-19 21:20:00,2558025
76.9,56.1,76.3,60.1,2026-06-19 21:40:00,2558025
75.7,59.6,75.4,60.7,2026-06-19 22:00:00,2558025
75.3,55.4,74.7,58.2,2026-06-19 22:20:00,2558025
74.4,56.2,73.8,57.8,2026-06-19 22:40:00,2558025
73.2,62.0,73.4,59.4,2026-06-19 23:00:00,2558025
72.2,60.3,72.1,57.7,2026-06-19 23:20:00,2558025
71.3,63.0,71.6,58.1,2026-06-19 23:40:00,2558025
70.6,67.0,70.9,59.1,2026-06-20 00:00:00,2558025
69.7,66.6,69.6,58.0,2026-06-20 00:20:00,2558025
70.6,65.6,70.7,58.5,2026-06-20 00:40:00,2558025
69.8,63.0,69.3,56.6,2026-06-20 01:00:00,2558025
68.9,64.0,68.2,56.2,2026-06-20 01:20:00,2558025
67.7,68.1,67.1,56.8,2026-06-20 01:40:00,2558025
66.6,69.5,65.8,56.3,2026-06-20 02:00:00,2558025
66.0,72.0,64.9,56.7,2026-06-20 02:20:00,2558025
65.3,73.2,64.4,56.5,2026-06-20 02:40:00,2558025
64.4,77.0,63.7,57.0,2026-06-20 03:00:00,2558025
63.9,79.0,63.5,57.3,2026-06-20 03:20:00,2558025
62.6,80.6,62.2,56.6,2026-06-20 03:40:00,2558025
62.2,81.2,61.9,56.4,2026-06-20 04:00:00,2558025
62.2,82.9,62.1,56.9,2026-06-20 04:20:00,2558025
61.3,84.1,61.2,56.5,2026-06-20 04:40:00,2558025
61.2,85.4,61.2,56.8,2026-06-20 05:00:00,2558025
61.1,86.0,61.0,56.8,2026-06-20 05:20:00,2558025
60.5,87.4,60.6,56.8,2026-06-20 05:40:00,2558025
60.5,88.0,60.6,56.9,2026-06-20 06:00:00,2558025
60.4,87.7,60.4,56.7,2026-06-20 06:20:00,2558025
60.9,87.6,61.0,57.2,2026-06-20 06:40:00,2558025
62.0,87.1,62.1,58.1,2026-06-20 07:00:00,2558025
63.0,86.0,63.0,58.7,2026-06-20 07:20:00,2558025
66.0,83.8,66.0,61.0,2026-06-20 07:40:00,2558025
75.3,67.8,75.9,63.9,2026-06-20 08:00:00,2558025
79.9,58.2,81.0,63.9,2026-06-20 08:20:00,2558025
82.1,52.4,82.9,62.9,2026-06-20 08:40:00,2558025
84.6,45.2,85.5,61.0,2026-06-20 09:00:00,2558025
86.0,39.1,86.0,58.3,2026-06-20 09:20:00,2558025
84.2,40.9,83.5,57.9,2026-06-20 09:40:00,2558025
85.8,36.3,84.9,56.1,2026-06-20 10:00:00,2558025
85.7,36.8,84.9,56.3,2026-06-20 10:20:00,2558025
87.5,34.9,86.7,56.4,2026-06-20 10:40:00,2558025
85.4,33.2,83.5,53.2,2026-06-20 11:00:00,2558025
87.1,31.9,85.5,53.6,2026-06-20 11:20:00,2558025
85.9,31.0,83.7,51.8,2026-06-20 11:40:00,2558025
87.9,31.6,86.2,54.0,2026-06-20 12:00:00,2558025
88.3,30.6,86.5,53.5,2026-06-20 12:20:00,2558025
87.5,31.9,86.0,53.9,2026-06-20 12:40:00,2558025
87.2,31.1,85.1,53.0,2026-06-20 13:00:00,2558025
87.2,31.8,85.3,53.6,2026-06-20 13:20:00,2558025
87.9,31.3,86.2,53.8,2026-06-20 13:40:00,2558025
89.2,30.0,87.4,53.7,2026-06-20 14:00:00,2558025
91.1,29.7,90.3,55.0,2026-06-20 14:20:00,2558025
90.4,30.0,89.4,54.8,2026-06-20 14:40:00,2558025
88.8,29.7,86.9,53.1,2026-06-20 15:00:00,2558025
90.2,30.7,89.4,55.2,2026-06-20 15:20:00,2558025
88.4,29.8,86.4,52.9,2026-06-20 15:40:00,2558025
90.5,30.6,90.0,55.4,2026-06-20 16:00:00,2558025
91.2,29.3,90.1,54.8,2026-06-20 16:20:00,2558025
90.4,29.6,89.2,54.4,2026-06-20 16:40:00,2558025
91.1,30.2,90.5,55.6,2026-06-20 17:00:00,2558025
92.0,30.3,91.8,56.5,2026-06-20 17:20:00,2558025
93.4,29.1,93.2,56.4,2026-06-20 17:40:00,2558025
90.8,30.2,90.0,55.2,2026-06-20 18:00:00,2558025
87.9,32.7,86.5,55.0,2026-06-20 18:20:00,2558025
87.3,33.1,86.0,54.7,2026-06-20 18:40:00,2558025
86.6,35.1,85.6,55.8,2026-06-20 19:00:00,2558025
85.8,36.8,84.9,56.3,2026-06-20 19:20:00,2558025
85.0,38.3,84.4,56.8,2026-06-20 19:40:00,2558025
83.8,40.7,82.9,57.4,2026-06-20 20:00:00,2558025
82.7,41.8,81.7,57.1,2026-06-20 20:20:00,2558025
80.9,43.8,79.7,56.8,2026-06-20 20:40:00,2558025
79.5,45.9,78.4,56.9,2026-06-20 21:00:00,2558025
78.8,47.4,77.7,57.1,2026-06-20 21:20:00,2558025
77.7,49.7,76.5,57.4,2026-06-20 21:40:00,2558025
76.7,50.9,75.6,57.2,2026-06-20 22:00:00,2558025
76.1,55.1,75.6,58.8,2026-06-20 22:20:00,2558025
75.7,55.7,75.0,58.7,2026-06-20 22:40:00,2558025
74.9,56.6,74.3,58.4,2026-06-20 23:00:00,2558025
74.5,56.1,73.9,57.8,2026-06-20 23:20:00,2558025
73.5,58.8,73.2,58.3,2026-06-20 23:40:00,2558025
73.0,61.1,72.9,58.9,2026-06-21 00:00:00,2558025
72.3,65.3,72.5,60.0,2026-06-21 00:20:00,2558025
72.3,65.1,72.7,60.0,2026-06-21 00:40:00,2558025
72.0,65.6,72.3,59.8,2026-06-21 01:00:00,2558025
71.7,65.5,72.0,59.5,2026-06-21 01:20:00,2558025
70.9,68.9,71.4,60.2,2026-06-21 01:40:00,2558025
70.5,69.3,71.1,60.0,2026-06-21 02:00:00,2558025
70.1,70.2,70.3,59.9,2026-06-21 02:20:00,2558025
70.0,70.3,70.3,59.9,2026-06-21 02:40:00,2558025
69.3,72.5,69.6,60.0,2026-06-21 03:00:00,2558025
69.1,73.5,69.1,60.2,2026-06-21 03:20:00,2558025
68.6,73.8,68.7,59.9,2026-06-21 03:40:00,2558025
68.2,74.6,68.2,59.8,2026-06-21 04:00:00,2558025
67.9,76.6,68.0,60.3,2026-06-21 04:20:00,2558025
67.2,78.5,67.1,60.3,2026-06-21 04:40:00,2558025
66.7,80.6,66.6,60.5,2026-06-21 05:00:00,2558025
66.0,81.7,65.8,60.2,2026-06-21 05:20:00,2558025
65.7,83.0,65.8,60.4,2026-06-21 05:40:00,2558025
65.7,83.7,65.8,60.7,2026-06-21 06:00:00,2558025
65.1,84.6,65.1,60.3,2026-06-21 06:20:00,2558025
65.3,85.0,65.5,60.7,2026-06-21 06:40:00,2558025
66.4,84.9,66.7,61.7,2026-06-21 07:00:00,2558025
68.8,82.5,69.6,63.2,2026-06-21 07:20:00,2558025
70.9,79.6,72.1,64.3,2026-06-21 07:40:00,2558025
75.6,72.3,76.8,66.1,2026-06-21 08:00:00,2558025
80.4,61.7,82.4,66.0,2026-06-21 08:20:00,2558025
82.6,57.8,85.1,66.3,2026-06-21 08:40:00,2558025
85.5,51.9,89.1,65.8,2026-06-21 09:00:00,2558025
87.0,50.7,91.0,66.5,2026-06-21 09:20:00,2558025
86.1,52.0,90.0,66.5,2026-06-21 09:40:00,2558025
89.7,47.1,94.8,66.9,2026-06-21 10:00:00,2558025
91.2,42.9,95.7,65.5,2026-06-21 10:20:00,2558025
91.5,40.0,95.2,63.8,2026-06-21 10:40:00,2558025
92.8,38.7,96.8,64.0,2026-06-21 11:00:00,2558025
92.5,36.2,95.0,61.8,2026-06-21 11:20:00,2558025
91.1,35.4,92.7,60.0,2026-06-21 11:40:00,2558025
94.9,34.5,98.4,62.5,2026-06-21 12:00:00,2558025
93.9,33.2,95.9,60.6,2026-06-21 12:20:00,2558025
92.2,32.3,93.0,58.4,2026-06-21 12:40:00,2558025
94.7,32.4,97.0,60.6,2026-06-21 13:00:00,2558025
93.0,32.9,94.6,59.6,2026-06-21 13:20:00,2558025
93.0,30.5,93.6,57.5,2026-06-21 13:40:00,2558025
95.0,32.3,97.7,60.8,2026-06-21 14:00:00,2558025
93.7,31.4,95.0,58.9,2026-06-21 14:20:00,2558025
95.1,34.7,98.8,62.9,2026-06-21 14:40:00,2558025
95.9,34.6,100.6,63.6,2026-06-21 15:00:00,2558025
92.7,34.6,94.8,60.7,2026-06-21 15:20:00,2558025
93.6,36.2,97.2,62.8,2026-06-21 15:40:00,2558025
92.0,34.0,93.6,59.6,2026-06-21 16:00:00,2558025
95.3,36.2,100.2,64.3,2026-06-21 16:20:00,2558025
92.7,36.3,95.7,62.1,2026-06-21 16:40:00,2558025
91.9,36.9,94.5,61.8,2026-06-21 17:00:00,2558025
92.2,37.1,95.2,62.2,2026-06-21 17:20:00,2558025
96.6,35.7,102.6,65.1,2026-06-21 17:40:00,2558025
93.6,36.6,97.3,63.1,2026-06-21 18:00:00,2558025
91.4,38.2,94.1,62.3,2026-06-21 18:20:00,2558025
90.9,39.4,94.1,62.8,2026-06-21 18:40:00,2558025
89.1,42.4,91.9,63.3,2026-06-21 19:00:00,2558025
88.0,44.5,90.7,63.7,2026-06-21 19:20:00,2558025
87.1,45.0,89.4,63.2,2026-06-21 19:40:00,2558025
86.6,46.1,88.9,63.4,2026-06-21 20:00:00,2558025
85.9,48.0,88.3,63.9,2026-06-21 20:20:00,2558025
85.6,48.2,87.6,63.8,2026-06-21 20:40:00,2558025
84.7,49.3,86.5,63.6,2026-06-21 21:00:00,2558025
84.0,50.1,86.0,63.5,2026-06-21 21:20:00,2558025
83.4,50.9,84.9,63.3,2026-06-21 21:40:00,2558025
82.3,51.8,83.3,62.8,2026-06-21 22:00:00,2558025
81.6,53.5,82.6,63.1,2026-06-21 22:20:00,2558025
80.6,54.8,81.5,62.8,2026-06-21 22:40:00,2558025
80.0,55.7,80.6,62.8,2026-06-21 23:00:00,2558025
79.2,58.3,80.1,63.3,2026-06-21 23:20:00,2558025
79.2,58.7,80.2,63.5,2026-06-21 23:40:00,2558025
79.2,60.9,80.4,64.5,2026-06-22 00:00:00,2558025
79.0,63.5,80.6,65.6,2026-06-22 00:20:00,2558025
78.8,66.3,81.0,66.6,2026-06-22 00:40:00,2558025
78.3,68.5,80.4,67.0,2026-06-22 01:00:00,2558025
77.5,70.8,79.2,67.2,2026-06-22 01:20:00,2558025
76.7,72.6,78.1,67.3,2026-06-22 01:40:00,2558025
76.5,74.3,78.1,67.7,2026-06-22 02:00:00,2558025
76.2,75.9,77.7,68.1,2026-06-22 02:20:00,2558025
76.0,77.1,77.7,68.3,2026-06-22 02:40:00,2558025
75.5,78.7,77.2,68.4,2026-06-22 03:00:00,2558025
74.7,80.3,76.6,68.2,2026-06-22 03:20:00,2558025
74.3,82.4,76.1,68.6,2026-06-22 03:40:00,2558025
74.0,83.3,76.1,68.6,2026-06-22 04:00:00,2558025
73.7,84.8,75.7,68.8,2026-06-22 04:20:00,2558025
73.1,85.9,75.0,68.7,2026-06-22 04:40:00,2558025
72.9,87.8,75.0,69.1,2026-06-22 05:00:00,2558025
72.6,88.5,74.7,69.0,2026-06-22 05:20:00,2558025
72.3,90.2,74.3,69.3,2026-06-22 05:40:00,2558025
72.5,91.1,74.7,69.7,2026-06-22 06:00:00,2558025
72.0,91.5,74.1,69.4,2026-06-22 06:20:00,2558025
72.4,92.0,74.7,69.9,2026-06-22 06:40:00,2558025
73.3,92.2,75.9,70.9,2026-06-22 07:00:00,2558025
74.8,90.6,77.7,71.9,2026-06-22 07:20:00,2558025
77.0,88.2,80.6,73.2,2026-06-22 07:40:00,2558025
83.6,77.2,92.8,75.7,2026-06-22 08:00:00,2558025
86.1,69.8,96.4,75.0,2026-06-22 08:20:00,2558025
87.0,67.6,97.9,74.9,2026-06-22 08:40:00,2558025
86.6,65.9,96.3,73.8,2026-06-22 09:00:00,2558025
89.1,63.1,101.1,74.9,2026-06-22 09:20:00,2558025
87.3,66.3,98.1,74.7,2026-06-22 09:40:00,2558025
88.2,62.5,98.2,73.8,2026-06-22 10:00:00,2558025
91.1,59.6,104.2,75.1,2026-06-22 10:20:00,2558025
91.3,57.5,103.6,74.2,2026-06-22 10:40:00,2558025
92.0,55.3,104.2,73.7,2026-06-22 11:00:00,2558025
91.5,55.1,102.7,73.1,2026-06-22 11:20:00,2558025
91.6,54.9,102.9,73.1,2026-06-22 11:40:00,2558025
91.9,54.4,103.6,73.1,2026-06-22 12:00:00,2558025
93.9,49.4,105.1,72.1,2026-06-22 12:20:00,2558025
93.9,52.4,106.7,73.8,2026-06-22 12:40:00,2558025
94.9,48.1,106.3,72.2,2026-06-22 13:00:00,2558025
94.0,49.8,105.3,72.4,2026-06-22 13:20:00,2558025
94.8,49.3,106.9,72.8,2026-06-22 13:40:00,2558025
93.2,47.5,101.8,70.2,2026-06-22 14:00:00,2558025
94.9,46.6,105.4,71.3,2026-06-22 14:20:00,2558025
95.5,45.4,105.8,71.1,2026-06-22 14:40:00,2558025
96.4,43.2,106.3,70.4,2026-06-22 15:00:00,2558025
96.0,44.1,106.2,70.6,2026-06-22 15:20:00,2558025
95.8,44.1,105.8,70.4,2026-06-22 15:40:00,2558025
98.5,42.0,110.3,71.4,2026-06-22 16:00:00,2558025
96.0,44.0,106.0,70.5,2026-06-22 16:20:00,2558025
96.9,42.6,107.2,70.4,2026-06-22 16:40:00,2558025
98.8,40.2,109.6,70.4,2026-06-22 17:00:00,2558025
98.9,38.5,108.7,69.3,2026-06-22 17:20:00,2558025
96.4,39.9,104.4,68.0,2026-06-22 17:40:00,2558025
97.7,39.4,107.1,68.9,2026-06-22 18:00:00,2558025
95.3,42.9,104.0,69.2,2026-06-22 18:20:00,2558025
93.4,44.8,101.1,68.8,2026-06-22 18:40:00,2558025
93.1,46.3,101.3,69.4,2026-06-22 19:00:00,2558025
93.0,46.4,101.3,69.4,2026-06-22 19:20:00,2558025
92.0,47.4,99.7,69.1,2026-06-22 19:40:00,2558025
90.8,49.7,98.2,69.4,2026-06-22 20:00:00,2558025
90.3,50.8,97.7,69.6,2026-06-22 20:20:00,2558025
89.4,50.1,95.4,68.3,2026-06-22 20:40:00,2558025
84.2,53.0,86.7,65.2,2026-06-22 21:00:00,2558025
81.2,60.8,83.5,66.4,2026-06-22 21:20:00,2558025
79.8,67.1,82.6,67.9,2026-06-22 21:40:00,2558025
79.4,69.1,82.4,68.4,2026-06-22 22:00:00,2558025
79.4,69.6,82.6,68.6,2026-06-22 22:20:00,2558025
79.1,71.0,82.0,68.8,2026-06-22 22:40:00,2558025
78.9,71.4,81.9,68.9,2026-06-22 23:00:00,2558025
78.5,72.8,81.3,69.0,2026-06-22 23:20:00,2558025
78.9,72.9,82.0,69.4,2026-06-22 23:40:00,2558025
79.4,74.1,83.3,70.4,2026-06-23 00:00:00,2558025
78.3,79.2,82.4,71.4,2026-06-23 00:20:00,2558025
77.1,80.9,80.1,70.8,2026-06-23 00:40:00,2558025
76.4,82.6,78.8,70.7,2026-06-23 01:00:00,2558025
75.8,83.7,78.4,70.5,2026-06-23 01:20:00,2558025
75.3,84.8,77.9,70.4,2026-06-23 01:40:00,2558025
74.9,86.2,77.5,70.5,2026-06-23 02:00:00,2558025
74.9,86.2,77.5,70.5,2026-06-23 02:20:00,2558025
74.9,86.7,77.5,70.6,2026-06-23 02:40:00,2558025
74.7,87.2,77.4,70.7,2026-06-23 03:00:00,2558025
74.2,88.1,76.6,70.5,2026-06-23 03:20:00,2558025
74.4,88.2,77.0,70.7,2026-06-23 03:40:00,2558025
74.6,88.1,77.2,70.8,2026-06-23 04:00:00,2558025
74.7,88.3,77.4,71.0,2026-06-23 04:20:00,2558025
74.7,88.9,77.5,71.2,2026-06-23 04:40:00,2558025
74.8,89.0,77.5,71.3,2026-06-23 05:00:00,2558025
75.0,88.8,77.7,71.4,2026-06-23 05:20:00,2558025
75.4,88.3,78.4,71.7,2026-06-23 05:40:00,2558025
76.0,87.2,79.0,71.9,2026-06-23 06:00:00,2558025
76.1,86.8,79.2,71.9,2026-06-23 06:20:00,2558025
76.1,87.0,79.2,72.0,2026-06-23 06:40:00,2558025
76.9,86.6,80.4,72.6,2026-06-23 07:00:00,2558025
77.7,85.0,81.7,72.8,2026-06-23 07:20:00,2558025
78.6,84.0,83.5,73.3,2026-06-23 07:40:00,2558025
82.6,76.5,90.3,74.5,2026-06-23 08:00:00,2558025
84.7,71.4,93.7,74.4,2026-06-23 08:20:00,2558025
85.3,67.9,94.1,73.5,2026-06-23 08:40:00,2558025
85.6,65.0,93.4,72.4,2026-06-23 09:00:00,2558025
87.6,62.6,96.6,73.3,2026-06-23 09:20:00,2558025
86.9,64.0,95.7,73.2,2026-06-23 09:40:00,2558025
84.9,64.5,92.1,71.6,2026-06-23 10:00:00,2558025
86.3,64.8,94.8,73.0,2026-06-23 10:20:00,2558025
85.4,62.7,92.1,71.2,2026-06-23 10:40:00,2558025
88.3,60.1,97.2,72.7,2026-06-23 11:00:00,2558025
85.3,61.8,91.8,70.7,2026-06-23 11:20:00,2558025
80.9,73.6,85.8,71.7,2026-06-23 11:40:00,2558025
74.3,90.8,77.2,71.4,2026-06-23 12:00:00,2558025
75.3,93.6,78.8,73.3,2026-06-23 12:20:00,2558025
78.8,92.9,86.2,76.6,2026-06-23 12:40:00,2558025
81.1,87.6,89.8,77.1,2026-06-23 13:00:00,2558025
83.6,82.9,95.0,77.8,2026-06-23 13:20:00,2558025
80.4,83.2,87.1,74.8,2026-06-23 13:40:00,2558025
78.1,91.0,84.0,75.2,2026-06-23 14:00:00,2558025
75.1,92.5,78.4,72.8,2026-06-23 14:20:00,2558025
75.3,94.1,79.0,73.5,2026-06-23 14:40:00,2558025
75.7,90.9,79.0,72.9,2026-06-23 15:00:00,2558025
76.7,91.2,80.6,74.0,2026-06-23 15:20:00,2558025
80.0,83.0,86.4,74.4,2026-06-23 15:40:00,2558025
82.0,77.8,89.1,74.4,2026-06-23 16:00:00,2558025
83.6,73.8,91.8,74.3,2026-06-23 16:20:00,2558025
81.4,75.1,87.3,72.7,2026-06-23 16:40:00,2558025
82.0,75.9,88.5,73.6,2026-06-23 17:00:00,2558025
81.7,75.2,88.0,73.1,2026-06-23 17:20:00,2558025
81.8,74.3,87.6,72.8,2026-06-23 17:40:00,2558025
84.5,67.3,91.8,72.4,2026-06-23 18:00:00,2558025
82.3,68.9,87.3,71.0,2026-06-23 18:20:00,2558025
81.6,67.5,85.6,69.8,2026-06-23 18:40:00,2558025
79.4,71.2,82.8,69.2,2026-06-23 19:00:00,2558025
75.9,77.2,77.5,68.2,2026-06-23 19:20:00,2558025
73.0,85.9,74.8,68.5,2026-06-23 19:40:00,2558025
72.4,88.7,74.5,68.9,2026-06-23 20:00:00,2558025
72.0,88.2,73.9,68.3,2026-06-23 20:20:00,2558025
71.5,88.8,73.2,68.0,2026-06-23 20:40:00,2558025
71.0,90.1,72.7,67.9,2026-06-23 21:00:00,2558025
70.7,91.0,72.1,67.9,2026-06-23 21:20:00,2558025
70.8,90.0,72.5,67.7,2026-06-23 21:40:00,2558025
70.5,91.9,72.0,68.0,2026-06-23 22:00:00,2558025
69.7,92.4,71.2,67.4,2026-06-23 22:20:00,2558025
69.7,93.4,71.2,67.7,2026-06-23 22:40:00,2558025
69.3,94.1,70.9,67.5,2026-06-23 23:00:00,2558025
69.4,94.5,70.9,67.8,2026-06-23 23:20:00,2558025
69.2,94.2,70.7,67.4,2026-06-23 23:40:00,2558025
68.5,94.9,69.8,66.9,2026-06-24 00:00:00,2558025
68.3,95.6,69.6,66.9,2026-06-24 00:20:00,2558025
67.9,95.9,69.4,66.7,2026-06-24 00:40:00,2558025
67.9,96.2,69.4,66.7,2026-06-24 01:00:00,2558025
67.6,96.6,68.9,66.6,2026-06-24 01:20:00,2558025
67.2,96.8,68.5,66.3,2026-06-24 01:40:00,2558025
66.9,96.9,68.2,66.0,2026-06-24 02:00:00,2558025
67.1,97.1,68.5,66.3,2026-06-24 02:20:00,2558025
67.0,97.2,68.4,66.1,2026-06-24 02:40:00,2558025
66.8,97.2,68.2,65.9,2026-06-24 03:00:00,2558025
66.4,97.2,67.8,65.6,2026-06-24 03:20:00,2558025
66.2,97.3,67.3,65.4,2026-06-24 03:40:00,2558025
66.1,97.5,67.5,65.4,2026-06-24 04:00:00,2558025
65.6,97.4,66.7,64.8,2026-06-24 04:20:00,2558025
65.4,97.5,66.7,64.7,2026-06-24 04:40:00,2558025
65.2,97.5,66.4,64.5,2026-06-24 05:00:00,2558025
64.5,97.2,65.5,63.7,2026-06-24 05:20:00,2558025
64.5,97.2,65.5,63.6,2026-06-24 05:40:00,2558025
63.9,97.2,64.9,63.1,2026-06-24 06:00:00,2558025
63.7,97.2,64.8,62.9,2026-06-24 06:20:00,2558025
63.3,97.3,64.4,62.5,2026-06-24 06:40:00,2558025
63.4,97.5,64.6,62.7,2026-06-24 07:00:00,2558025
64.2,97.4,65.3,63.5,2026-06-24 07:20:00,2558025
66.9,90.3,67.6,64.0,2026-06-24 07:40:00,2558025
73.5,77.3,74.8,65.9,2026-06-24 08:00:00,2558025
76.6,69.8,77.7,66.0,2026-06-24 08:20:00,2558025
78.2,58.9,78.6,62.6,2026-06-24 08:40:00,2558025
78.0,51.2,77.2,58.5,2026-06-24 09:00:00,2558025
80.0,48.9,79.5,59.0,2026-06-24 09:20:00,2558025
78.5,51.0,77.9,58.9,2026-06-24 09:40:00,2558025
79.9,47.0,79.2,57.8,2026-06-24 10:00:00,2558025
81.8,44.2,81.0,57.9,2026-06-24 10:20:00,2558025
81.8,42.0,80.4,56.5,2026-06-24 10:40:00,2558025
82.3,40.5,81.0,56.0,2026-06-24 11:00:00,2558025
84.3,40.1,83.7,57.5,2026-06-24 11:20:00,2558025
83.0,37.6,81.3,54.5,2026-06-24 11:40:00,2558025
85.6,37.2,84.7,56.4,2026-06-24 12:00:00,2558025
84.9,38.0,84.0,56.5,2026-06-24 12:20:00,2558025
83.9,39.0,82.9,56.3,2026-06-24 12:40:00,2558025
84.6,38.7,83.8,56.7,2026-06-24 13:00:00,2558025
85.6,38.4,85.1,57.4,2026-06-24 13:20:00,2558025
86.1,37.2,85.5,57.0,2026-06-24 13:40:00,2558025
85.2,36.1,84.0,55.4,2026-06-24 14:00:00,2558025
85.1,38.6,84.6,57.1,2026-06-24 14:20:00,2558025
86.3,37.2,85.8,57.1,2026-06-24 14:40:00,2558025
83.7,36.3,82.0,54.2,2026-06-24 15:00:00,2558025
85.1,38.0,84.2,56.6,2026-06-24 15:20:00,2558025
87.7,36.2,87.4,57.6,2026-06-24 15:40:00,2558025
88.9,33.9,88.5,56.8,2026-06-24 16:00:00,2558025
85.8,35.2,84.7,55.2,2026-06-24 16:20:00,2558025
85.5,34.7,84.2,54.5,2026-06-24 16:40:00,2558025
86.0,35.9,85.1,55.9,2026-06-24 17:00:00,2558025
88.9,33.6,88.5,56.6,2026-06-24 17:20:00,2558025
87.4,36.2,86.9,57.3,2026-06-24 17:40:00,2558025
89.2,33.9,88.9,57.1,2026-06-24 18:00:00,2558025
85.3,38.1,84.7,56.9,2026-06-24 18:20:00,2558025
83.8,40.4,82.9,57.2,2026-06-24 18:40:00,2558025
83.3,39.8,82.2,56.4,2026-06-24 19:00:00,2558025
82.3,43.0,81.3,57.5,2026-06-24 19:20:00,2558025
80.6,49.1,80.4,59.7,2026-06-24 19:40:00,2558025
78.9,52.3,78.6,60.0,2026-06-24 20:00:00,2558025
77.5,55.0,77.2,60.1,2026-06-24 20:20:00,2558025
76.1,59.1,75.9,60.8,2026-06-24 20:40:00,2558025
74.4,62.8,74.5,60.9,2026-06-24 21:00:00,2558025
72.8,67.4,73.2,61.4,2026-06-24 21:20:00,2558025
72.3,68.1,72.9,61.2,2026-06-24 21:40:00,2558025
71.7,71.9,72.3,62.2,2026-06-24 22:00:00,2558025
70.6,74.8,71.2,62.2,2026-06-24 22:20:00,2558025
69.7,77.1,70.3,62.2,2026-06-24 22:40:00,2558025
69.1,78.7,69.6,62.2,2026-06-24 23:00:00,2558025
68.5,80.3,68.9,62.2,2026-06-24 23:20:00,2558025
68.0,80.8,68.5,61.9,2026-06-24 23:40:00,2558025
67.6,81.3,67.8,61.6,2026-06-25 00:00:00,2558025
67.1,81.8,67.5,61.4,2026-06-25 00:20:00,2558025
67.0,83.7,67.3,61.9,2026-06-25 00:40:00,2558025
66.5,84.5,66.7,61.6,2026-06-25 01:00:00,2558025
66.3,85.4,66.6,61.8,2026-06-25 01:20:00,2558025
65.9,87.1,66.4,61.9,2026-06-25 01:40:00,2558025
65.6,87.8,65.8,61.9,2026-06-25 02:00:00,2558025
65.3,88.5,65.7,61.8,2026-06-25 02:20:00,2558025
65.0,89.6,65.5,61.8,2026-06-25 02:40:00,2558025
64.9,89.7,65.1,61.8,2026-06-25 03:00:00,2558025
64.9,90.0,65.3,61.9,2026-06-25 03:20:00,2558025
64.7,90.5,65.1,61.9,2026-06-25 03:40:00,2558025
64.6,90.9,64.9,61.8,2026-06-25 04:00:00,2558025
64.5,91.3,64.9,61.9,2026-06-25 04:20:00,2558025
64.4,91.9,64.8,61.9,2026-06-25 04:40:00,2558025
64.5,92.4,65.1,62.2,2026-06-25 05:00:00,2558025
64.6,92.5,65.1,62.3,2026-06-25 05:20:00,2558025
64.2,92.5,64.9,62.0,2026-06-25 05:40:00,2558025
64.2,93.3,64.9,62.3,2026-06-25 06:00:00,2558025
64.3,93.5,64.9,62.4,2026-06-25 06:20:00,2558025
64.5,93.1,65.1,62.4,2026-06-25 06:40:00,2558025
65.0,92.9,65.8,62.9,2026-06-25 07:00:00,2558025
66.3,91.9,67.1,63.8,2026-06-25 07:20:00,2558025
69.0,89.5,70.2,65.8,2026-06-25 07:40:00,2558025
74.2,82.2,76.1,68.4,2026-06-25 08:00:00,2558025
77.0,73.4,78.8,67.9,2026-06-25 08:20:00,2558025
80.4,69.2,84.0,69.3,2026-06-25 08:40:00,2558025
80.5,66.9,83.8,68.5,2026-06-25 09:00:00,2558025
81.1,66.5,84.6,68.9,2026-06-25 09:20:00,2558025
81.1,65.2,84.2,68.3,2026-06-25 09:40:00,2558025
82.9,60.6,86.2,67.9,2026-06-25 10:00:00,2558025
83.9,60.3,88.3,68.7,2026-06-25 10:20:00,2558025
84.4,56.5,88.3,67.3,2026-06-25 10:40:00,2558025
85.0,54.8,88.9,66.9,2026-06-25 11:00:00,2558025
84.9,52.4,88.2,65.6,2026-06-25 11:20:00,2558025
83.9,52.5,86.4,64.7,2026-06-25 11:40:00,2558025
86.9,50.6,91.0,66.4,2026-06-25 12:00:00,2558025
84.9,50.1,87.3,64.2,2026-06-25 12:20:00,2558025
86.6,46.2,88.9,63.5,2026-06-25 12:40:00,2558025
84.4,52.5,86.9,65.1,2026-06-25 13:00:00,2558025
87.2,50.4,91.2,66.6,2026-06-25 13:20:00,2558025
87.8,43.0,89.8,62.5,2026-06-25 13:40:00,2558025
86.2,46.0,88.2,63.0,2026-06-25 14:00:00,2558025
87.6,45.5,90.3,64.0,2026-06-25 14:20:00,2558025
89.5,42.9,92.7,64.0,2026-06-25 14:40:00,2558025
88.9,43.1,91.8,63.6,2026-06-25 15:00:00,2558025
90.6,41.1,94.1,63.8,2026-06-25 15:20:00,2558025
89.2,42.8,92.1,63.6,2026-06-25 15:40:00,2558025
89.1,45.6,93.0,65.4,2026-06-25 16:00:00,2558025
91.0,41.9,95.0,64.7,2026-06-25 16:20:00,2558025
91.7,41.8,96.3,65.2,2026-06-25 16:40:00,2558025
92.1,41.7,96.8,65.5,2026-06-25 17:00:00,2558025
90.6,43.1,94.8,65.2,2026-06-25 17:20:00,2558025
92.8,40.4,97.5,65.1,2026-06-25 17:40:00,2558025
90.9,40.5,94.5,63.6,2026-06-25 18:00:00,2558025
87.5,44.8,89.8,63.4,2026-06-25 18:20:00,2558025
85.9,50.4,89.1,65.3,2026-06-25 18:40:00,2558025
86.0,50.7,89.2,65.5,2026-06-25 19:00:00,2558025
86.0,49.2,88.7,64.7,2026-06-25 19:20:00,2558025
85.2,50.9,88.0,65.0,2026-06-25 19:40:00,2558025
84.4,53.6,87.1,65.7,2026-06-25 20:00:00,2558025
82.8,55.8,84.9,65.4,2026-06-25 20:20:00,2558025
81.6,58.1,83.5,65.4,2026-06-25 20:40:00,2558025
80.5,59.3,82.2,65.0,2026-06-25 21:00:00,2558025
79.7,60.4,81.3,64.8,2026-06-25 21:20:00,2558025
78.8,63.0,80.4,65.2,2026-06-25 21:40:00,2558025
77.7,64.9,79.0,65.0,2026-06-25 22:00:00,2558025
77.1,68.0,78.3,65.7,2026-06-25 22:20:00,2558025
76.0,70.6,77.0,65.8,2026-06-25 22:40:00,2558025
75.5,72.5,76.6,66.0,2026-06-25 23:00:00,2558025
74.4,73.8,75.6,65.5,2026-06-25 23:20:00,2558025
74.1,76.1,75.4,66.1,2026-06-25 23:40:00,2558025
73.9,76.7,75.2,66.1,2026-06-26 00:00:00,2558025
73.4,77.3,74.7,65.8,2026-06-26 00:20:00,2558025
72.9,79.7,74.5,66.2,2026-06-26 00:40:00,2558025
72.5,79.7,73.9,65.9,2026-06-26 01:00:00,2558025
72.6,80.6,74.1,66.3,2026-06-26 01:20:00,2558025
72.6,79.8,73.9,66.0,2026-06-26 01:40:00,2558025
72.3,81.1,73.6,66.1,2026-06-26 02:00:00,2558025
72.3,81.5,73.6,66.3,2026-06-26 02:20:00,2558025
72.3,80.0,73.6,65.8,2026-06-26 02:40:00,2558025
72.8,78.2,74.1,65.6,2026-06-26 03:00:00,2558025
73.1,77.4,74.5,65.6,2026-06-26 03:20:00,2558025
73.6,75.9,75.0,65.5,2026-06-26 03:40:00,2558025
73.6,76.0,75.0,65.6,2026-06-26 04:00:00,2558025
73.2,76.5,74.5,65.4,2026-06-26 04:20:00,2558025
72.8,78.1,74.1,65.6,2026-06-26 04:40:00,2558025
72.0,80.1,73.4,65.5,2026-06-26 05:00:00,2558025
71.8,81.3,73.2,65.8,2026-06-26 05:20:00,2558025
70.8,83.4,72.1,65.6,2026-06-26 05:40:00,2558025
70.4,84.7,71.6,65.6,2026-06-26 06:00:00,2558025
70.4,85.8,71.6,65.9,2026-06-26 06:20:00,2558025
70.1,86.9,71.4,66.0,2026-06-26 06:40:00,2558025
70.8,87.0,72.3,66.7,2026-06-26 07:00:00,2558025
71.9,85.4,73.4,67.3,2026-06-26 07:20:00,2558025
74.1,82.9,75.9,68.6,2026-06-26 07:40:00,2558025
80.8,73.5,85.8,71.6,2026-06-26 08:00:00,2558025
84.1,64.7,90.1,70.9,2026-06-26 08:20:00,2558025
84.3,63.5,90.1,70.6,2026-06-26 08:40:00,2558025
82.7,64.0,86.7,69.3,2026-06-26 09:00:00,2558025
82.5,64.2,86.5,69.2,2026-06-26 09:20:00,2558025
83.9,64.4,89.6,70.6,2026-06-26 09:40:00,2558025
84.6,60.1,89.8,69.2,2026-06-26 10:00:00,2558025
86.6,57.9,93.0,70.0,2026-06-26 10:20:00,2558025
87.0,53.0,91.9,67.8,2026-06-26 10:40:00,2558025
88.0,49.5,92.5,66.8,2026-06-26 11:00:00,2558025
85.7,53.2,89.8,66.8,2026-06-26 11:20:00,2558025
87.2,52.0,91.9,67.4,2026-06-26 11:40:00,2558025
86.1,52.4,90.1,66.7,2026-06-26 12:00:00,2558025
86.5,53.6,91.0,67.7,2026-06-26 12:20:00,2558025
86.5,52.9,90.9,67.3,2026-06-26 12:40:00,2558025
90.2,48.1,96.3,68.0,2026-06-26 13:00:00,2558025
88.0,50.3,92.8,67.2,2026-06-26 13:20:00,2558025
88.9,50.6,94.8,68.2,2026-06-26 13:40:00,2558025
89.5,49.7,95.7,68.2,2026-06-26 14:00:00,2558025
88.4,48.4,92.8,66.5,2026-06-26 14:20:00,2558025
89.9,49.2,96.1,68.4,2026-06-26 14:40:00,2558025
90.5,49.4,97.7,69.0,2026-06-26 15:00:00,2558025
89.9,48.4,95.7,67.9,2026-06-26 15:20:00,2558025
87.7,54.4,93.7,69.2,2026-06-26 15:40:00,2558025
87.5,56.1,94.1,69.9,2026-06-26 16:00:00,2558025
84.5,66.0,91.4,71.9,2026-06-26 16:20:00,2558025
87.1,62.2,95.7,72.6,2026-06-26 16:40:00,2558025
85.6,62.5,92.5,71.3,2026-06-26 17:00:00,2558025
84.2,65.4,90.3,71.3,2026-06-26 17:20:00,2558025
86.4,61.0,93.7,71.3,2026-06-26 17:40:00,2558025
84.4,64.5,90.9,71.2,2026-06-26 18:00:00,2558025
84.7,64.2,91.2,71.2,2026-06-26 18:20:00,2558025
83.5,66.1,89.2,71.0,2026-06-26 18:40:00,2558025
82.7,67.7,87.8,70.9,2026-06-26 19:00:00,2558025
81.7,66.8,85.8,69.6,2026-06-26 19:20:00,2558025
81.2,67.0,84.9,69.2,2026-06-26 19:40:00,2558025
81.1,67.7,84.9,69.4,2026-06-26 20:00:00,2558025
80.5,69.8,84.4,69.7,2026-06-26 20:20:00,2558025
79.0,72.4,82.4,69.3,2026-06-26 20:40:00,2558025
78.3,74.4,81.3,69.5,2026-06-26 21:00:00,2558025
77.8,76.6,80.8,69.9,2026-06-26 21:20:00,2558025
77.4,78.8,80.4,70.2,2026-06-26 21:40:00,2558025
77.4,80.0,80.6,70.8,2026-06-26 22:00:00,2558025
77.3,80.8,80.4,70.9,2026-06-26 22:20:00,2558025
77.1,82.2,80.2,71.3,2026-06-26 22:40:00,2558025
76.9,83.4,80.1,71.5,2026-06-26 23:00:00,2558025
76.7,84.9,79.9,71.8,2026-06-26 23:20:00,2558025
76.6,85.4,79.5,71.9,2026-06-26 23:40:00,2558025
76.5,85.5,79.5,71.8,2026-06-27 00:00:00,2558025
76.1,85.8,78.8,71.5,2026-06-27 00:20:00,2558025
75.6,86.6,78.4,71.3,2026-06-27 00:40:00,2558025
75.3,87.4,78.1,71.3,2026-06-27 01:00:00,2558025
74.9,88.1,77.7,71.2,2026-06-27 01:20:00,2558025
74.7,88.7,77.4,71.1,2026-06-27 01:40:00,2558025
74.7,89.2,77.5,71.3,2026-06-27 02:00:00,2558025
74.4,89.5,77.0,71.1,2026-06-27 02:20:00,2558025
74.5,89.5,77.4,71.2,2026-06-27 02:40:00,2558025
74.4,89.9,77.0,71.2,2026-06-27 03:00:00,2558025
74.4,90.0,77.2,71.3,2026-06-27 03:20:00,2558025
74.1,90.7,76.8,71.2,2026-06-27 03:40:00,2558025
74.2,91.1,77.0,71.4,2026-06-27 04:00:00,2558025
74.2,91.3,77.2,71.5,2026-06-27 04:20:00,2558025
74.0,91.8,76.8,71.5,2026-06-27 04:40:00,2558025
73.8,92.0,76.6,71.3,2026-06-27 05:00:00,2558025
73.6,92.2,76.5,71.2,2026-06-27 05:20:00,2558025
73.4,92.5,75.9,71.1,2026-06-27 05:40:00,2558025
73.1,93.0,75.7,71.0,2026-06-27 06:00:00,2558025
73.3,93.1,75.9,71.2,2026-06-27 06:20:00,2558025
73.5,93.2,76.3,71.4,2026-06-27 06:40:00,2558025
74.0,92.9,77.0,71.8,2026-06-27 07:00:00,2558025
75.5,91.0,78.6,72.6,2026-06-27 07:20:00,2558025
77.2,88.7,81.5,73.6,2026-06-27 07:40:00,2558025
77.0,86.7,80.8,72.7,2026-06-27 08:00:00,2558025
80.4,80.8,86.9,74.0,2026-06-27 08:20:00,2558025
82.8,76.7,90.9,74.8,2026-06-27 08:40:00,2558025
83.9,74.6,93.0,75.0,2026-06-27 09:00:00,2558025
83.8,71.1,91.4,73.4,2026-06-27 09:20:00,2558025
85.4,72.2,95.7,75.4,2026-06-27 09:40:00,2558025
87.0,67.8,97.9,75.1,2026-06-27 10:00:00,2558025
87.4,63.4,96.6,73.4,2026-06-27 10:20:00,2558025
88.9,61.6,99.9,74.0,2026-06-27 10:40:00,2558025
89.6,59.7,100.2,73.7,2026-06-27 11:00:00,2558025
89.0,60.3,99.0,73.4,2026-06-27 11:20:00,2558025
90.5,57.0,101.7,73.2,2026-06-27 11:40:00,2558025
90.0,57.2,100.4,72.8,2026-06-27 12:00:00,2558025
88.4,57.0,96.3,71.2,2026-06-27 12:20:00,2558025
89.6,57.7,99.7,72.7,2026-06-27 12:40:00,2558025
91.6,55.8,103.6,73.6,2026-06-27 13:00:00,2558025
92.5,53.0,103.6,72.8,2026-06-27 13:20:00,2558025
92.0,55.0,104.0,73.5,2026-06-27 13:40:00,2558025
92.4,53.4,103.8,73.0,2026-06-27 14:00:00,2558025
80.0,76.3,84.7,71.9,2026-06-27 14:20:00,2558025
81.2,80.3,88.2,74.5,2026-06-27 14:40:00,2558025
87.2,71.4,99.9,76.8,2026-06-27 15:00:00,2558025
88.8,66.0,101.7,75.9,2026-06-27 15:20:00,2558025
83.2,59.2,86.5,67.5,2026-06-27 15:40:00,2558025
79.5,71.7,82.9,69.6,2026-06-27 16:00:00,2558025
79.5,84.4,85.8,74.4,2026-06-27 16:20:00,2558025
80.9,79.9,87.4,74.2,2026-06-27 16:40:00,2558025
82.8,78.4,91.4,75.4,2026-06-27 17:00:00,2558025
87.4,64.1,97.0,73.8,2026-06-27 17:20:00,2558025
88.0,59.0,96.3,71.9,2026-06-27 17:40:00,2558025
89.5,59.5,100.0,73.5,2026-06-27 18:00:00,2558025
87.8,62.9,97.5,73.6,2026-06-27 18:20:00,2558025
85.9,67.0,95.0,73.7,2026-06-27 18:40:00,2558025
84.5,69.5,92.5,73.4,2026-06-27 19:00:00,2558025
83.8,72.7,91.9,74.1,2026-06-27 19:20:00,2558025
83.4,74.6,91.6,74.4,2026-06-27 19:40:00,2558025
83.0,76.3,91.2,74.8,2026-06-27 20:00:00,2558025
82.3,79.2,90.1,75.2,2026-06-27 20:20:00,2558025
81.6,81.3,89.2,75.3,2026-06-27 20:40:00,2558025
81.4,82.2,89.1,75.4,2026-06-27 21:00:00,2558025
80.7,82.7,87.8,74.9,2026-06-27 21:20:00,2558025
80.2,81.7,86.4,74.1,2026-06-27 21:40:00,2558025
79.7,77.3,84.2,71.9,2026-06-27 22:00:00,2558025
79.4,76.2,83.7,71.2,2026-06-27 22:20:00,2558025
78.8,76.7,82.4,70.8,2026-06-27 22:40:00,2558025
78.2,77.7,81.5,70.7,2026-06-27 23:00:00,2558025
77.9,78.1,81.3,70.5,2026-06-27 23:20:00,2558025
77.0,78.9,79.7,70.0,2026-06-27 23:40:00,2558025
76.8,79.7,79.2,70.0,2026-06-28 00:00:00,2558025
76.4,80.2,78.4,69.8,2026-06-28 00:20:00,2558025
75.9,81.3,78.1,69.7,2026-06-28 00:40:00,2558025
75.5,82.3,77.7,69.7,2026-06-28 01:00:00,2558025
75.2,83.1,77.5,69.7,2026-06-28 01:20:00,2558025
74.9,83.7,77.2,69.6,2026-06-28 01:40:00,2558025
75.0,83.8,77.2,69.7,2026-06-28 02:00:00,2558025
74.4,84.6,76.6,69.4,2026-06-28 02:20:00,2558025
73.7,86.0,75.9,69.2,2026-06-28 02:40:00,2558025
73.3,87.2,75.4,69.3,2026-06-28 03:00:00,2558025
73.1,87.9,75.4,69.3,2026-06-28 03:20:00,2558025
72.9,88.4,75.0,69.3,2026-06-28 03:40:00,2558025
72.3,89.5,74.5,69.1,2026-06-28 04:00:00,2558025
72.2,90.3,74.3,69.2,2026-06-28 04:20:00,2558025
72.1,90.8,74.1,69.3,2026-06-28 04:40:00,2558025
71.7,91.3,73.6,69.0,2026-06-28 05:00:00,2558025
71.7,91.3,73.6,69.0,2026-06-28 05:20:00,2558025
71.7,91.7,73.6,69.1,2026-06-28 05:40:00,2558025
71.7,91.6,73.6,69.1,2026-06-28 06:00:00,2558025
71.5,92.0,73.4,69.0,2026-06-28 06:20:00,2558025
71.7,92.0,73.6,69.3,2026-06-28 06:40:00,2558025
72.5,91.4,74.7,69.8,2026-06-28 07:00:00,2558025
73.8,87.8,76.3,70.0,2026-06-28 07:20:00,2558025
75.9,85.7,78.8,71.3,2026-06-28 07:40:00,2558025
80.0,77.4,85.1,72.3,2026-06-28 08:00:00,2558025
82.7,70.4,88.5,72.1,2026-06-28 08:20:00,2558025
79.6,75.6,84.0,71.2,2026-06-28 08:40:00,2558025
78.9,76.8,82.8,71.0,2026-06-28 09:00:00,2558025
79.0,76.8,83.1,71.1,2026-06-28 09:20:00,2558025
79.5,77.5,84.4,71.9,2026-06-28 09:40:00,2558025
81.7,74.4,87.8,72.8,2026-06-28 10:00:00,2558025
82.8,71.6,89.4,72.6,2026-06-28 10:20:00,2558025
83.4,69.0,90.0,72.1,2026-06-28 10:40:00,2558025
84.6,68.8,92.7,73.2,2026-06-28 11:00:00,2558025
86.6,67.0,96.6,74.3,2026-06-28 11:20:00,2558025
89.2,60.9,99.9,74.0,2026-06-28 11:40:00,2558025
90.8,56.8,101.8,73.4,2026-06-28 12:00:00,2558025
89.7,58.8,100.2,73.3,2026-06-28 12:20:00,2558025
88.9,59.9,98.8,73.2,2026-06-28 12:40:00,2558025
89.2,56.5,97.9,71.7,2026-06-28 13:00:00,2558025
90.0,55.9,99.7,72.1,2026-06-28 13:20:00,2558025
89.1,57.5,98.2,72.1,2026-06-28 13:40:00,2558025
90.0,53.2,98.4,70.7,2026-06-28 14:00:00,2558025
94.5,53.2,108.9,74.9,2026-06-28 14:20:00,2558025
92.4,48.5,101.1,70.2,2026-06-28 14:40:00,2558025
93.9,50.0,105.1,72.4,2026-06-28 15:00:00,2558025
92.8,50.4,102.9,71.7,2026-06-28 15:20:00,2558025
94.2,49.8,105.8,72.5,2026-06-28 15:40:00,2558025
91.4,56.3,102.9,73.6,2026-06-28 16:00:00,2558025
92.0,55.2,104.2,73.6,2026-06-28 16:20:00,2558025
91.4,54.9,102.2,72.9,2026-06-28 16:40:00,2558025
91.0,56.3,102.0,73.2,2026-06-28 17:00:00,2558025
87.0,65.6,96.8,74.1,2026-06-28 17:20:00,2558025
83.7,69.9,91.0,72.8,2026-06-28 17:40:00,2558025
81.8,75.6,88.2,73.3,2026-06-28 18:00:00,2558025
80.2,81.8,86.4,74.1,2026-06-28 18:20:00,2558025
77.2,82.3,80.2,71.4,2026-06-28 18:40:00,2558025
75.0,89.2,77.7,71.6,2026-06-28 19:00:00,2558025
74.6,92.5,77.7,72.3,2026-06-28 19:20:00,2558025
74.6,93.8,77.9,72.6,2026-06-28 19:40:00,2558025
74.8,94.7,78.1,73.2,2026-06-28 20:00:00,2558025
75.0,95.2,78.6,73.5,2026-06-28 20:20:00,2558025
75.0,95.5,78.6,73.6,2026-06-28 20:40:00,2558025
75.2,95.7,78.8,73.8,2026-06-28 21:00:00,2558025
75.1,95.8,78.8,73.9,2026-06-28 21:20:00,2558025
75.1,95.8,78.8,73.9,2026-06-28 21:40:00,2558025
75.1,95.9,78.8,73.8,2026-06-28 22:00:00,2558025
75.2,96.0,79.0,74.0,2026-06-28 22:20:00,2558025
75.2,95.7,79.0,73.9,2026-06-28 22:40:00,2558025
74.7,94.8,78.1,73.1,2026-06-28 23:00:00,2558025
74.5,95.2,78.1,73.1,2026-06-28 23:20:00,2558025
74.2,95.7,77.5,72.9,2026-06-28 23:40:00,2558025
73.8,96.1,77.0,72.6,2026-06-29 00:00:00,2558025
73.7,96.4,76.8,72.6,2026-06-29 00:20:00,2558025
73.7,96.5,76.8,72.6,2026-06-29 00:40:00,2558025
73.8,96.5,77.0,72.8,2026-06-29 01:00:00,2558025
74.0,96.2,77.2,72.9,2026-06-29 01:20:00,2558025
74.0,96.0,77.2,72.8,2026-06-29 01:40:00,2558025
73.8,96.1,77.0,72.6,2026-06-29 02:00:00,2558025
73.6,96.1,76.8,72.4,2026-06-29 02:20:00,2558025
73.2,96.3,76.3,72.1,2026-06-29 02:40:00,2558025
73.0,96.5,75.7,71.9,2026-06-29 03:00:00,2558025
73.2,96.9,76.1,72.2,2026-06-29 03:20:00,2558025
73.5,97.2,76.6,72.6,2026-06-29 03:40:00,2558025
73.5,97.0,76.6,72.6,2026-06-29 04:00:00,2558025
73.4,96.8,76.3,72.4,2026-06-29 04:20:00,2558025
73.3,96.7,76.3,72.3,2026-06-29 04:40:00,2558025
73.1,96.6,76.1,72.1,2026-06-29 05:00:00,2558025
73.1,96.2,75.9,72.0,2026-06-29 05:20:00,2558025
72.9,96.1,75.7,71.7,2026-06-29 05:40:00,2558025
72.8,96.0,75.4,71.6,2026-06-29 06:00:00,2558025
73.1,95.9,75.9,71.8,2026-06-29 06:20:00,2558025
73.2,95.5,75.9,71.8,2026-06-29 06:40:00,2558025
73.3,95.3,76.3,71.9,2026-06-29 07:00:00,2558025
73.4,94.7,76.1,71.8,2026-06-29 07:20:00,2558025
74.2,93.4,77.2,72.1,2026-06-29 07:40:00,2558025
73.9,91.8,76.6,71.4,2026-06-29 08:00:00,2558025
79.8,73.1,83.8,70.4,2026-06-15 02:20:00,3086527
79.8,73.7,84.0,70.6,2026-06-15 02:40:00,3086527
79.7,74.2,84.0,70.8,2026-06-15 03:00:00,3086527
79.4,74.8,83.5,70.7,2026-06-15 03:20:00,3086527
78.9,75.6,82.6,70.5,2026-06-15 03:40:00,3086527
78.3,76.8,81.9,70.4,2026-06-15 04:00:00,3086527
77.4,78.4,80.2,70.1,2026-06-15 04:20:00,3086527
76.8,78.9,79.0,69.7,2026-06-15 04:40:00,3086527
76.3,79.0,78.3,69.3,2026-06-15 05:00:00,3086527
76.0,75.4,77.5,67.6,2026-06-15 05:20:00,3086527
75.7,73.3,76.8,66.5,2026-06-15 05:40:00,3086527
75.3,71.9,76.3,65.6,2026-06-15 06:00:00,3086527
75.7,69.2,76.5,64.8,2026-06-15 06:20:00,3086527
75.9,67.6,76.5,64.4,2026-06-15 06:40:00,3086527
76.0,65.8,76.3,63.8,2026-06-15 07:00:00,3086527
76.1,65.2,76.3,63.5,2026-06-15 07:20:00,3086527
75.4,64.6,75.7,62.7,2026-06-15 07:40:00,3086527
76.2,61.8,76.3,62.1,2026-06-15 08:00:00,3086527
76.6,59.2,76.3,61.3,2026-06-15 08:20:00,3086527
76.9,57.8,76.5,60.9,2026-06-15 08:40:00,3086527
78.6,51.1,77.9,59.0,2026-06-15 09:00:00,3086527
79.5,49.8,79.2,59.2,2026-06-15 09:20:00,3086527
78.1,50.2,77.4,58.1,2026-06-15 09:40:00,3086527
79.5,48.6,78.8,58.4,2026-06-15 10:00:00,3086527
82.5,43.6,81.7,58.1,2026-06-15 10:20:00,3086527
80.7,43.5,79.5,56.5,2026-06-15 10:40:00,3086527
85.6,35.2,84.4,55.0,2026-06-15 11:00:00,3086527
85.7,35.9,84.7,55.6,2026-06-15 11:20:00,3086527
84.5,37.4,83.3,55.7,2026-06-15 11:40:00,3086527
82.5,36.5,80.4,53.2,2026-06-15 12:00:00,3086527
83.9,34.6,81.9,53.0,2026-06-15 12:20:00,3086527
86.7,32.9,85.3,54.2,2026-06-15 12:40:00,3086527
85.9,33.3,84.2,53.7,2026-06-15 13:00:00,3086527
86.6,34.2,85.5,55.0,2026-06-15 13:20:00,3086527
86.1,30.7,83.8,51.7,2026-06-15 13:40:00,3086527
87.2,29.0,84.7,51.0,2026-06-15 14:00:00,3086527
88.9,30.2,87.4,53.7,2026-06-15 14:20:00,3086527
86.9,31.0,84.9,52.7,2026-06-15 14:40:00,3086527
87.0,30.1,84.7,51.9,2026-06-15 15:00:00,3086527
88.2,30.6,86.5,53.4,2026-06-15 15:20:00,3086527
88.0,30.2,86.2,52.9,2026-06-15 15:40:00,3086527
88.6,32.0,87.4,55.0,2026-06-15 16:00:00,3086527
87.4,30.0,85.3,52.1,2026-06-15 16:20:00,3086527
88.5,28.5,86.5,51.7,2026-06-15 16:40:00,3086527
88.4,29.0,86.2,52.1,2026-06-15 17:00:00,3086527
87.6,29.2,85.1,51.6,2026-06-15 17:20:00,3086527
87.5,30.6,85.6,52.8,2026-06-15 17:40:00,3086527
88.1,30.3,86.2,53.1,2026-06-15 18:00:00,3086527
87.5,31.7,85.8,53.7,2026-06-15 18:20:00,3086527
85.7,32.8,83.8,53.2,2026-06-15 18:40:00,3086527
84.8,33.9,82.9,53.3,2026-06-15 19:00:00,3086527
84.1,35.2,82.4,53.6,2026-06-15 19:20:00,3086527
83.1,36.6,81.3,53.9,2026-06-15 19:40:00,3086527
82.2,36.9,79.9,53.3,2026-06-15 20:00:00,3086527
80.9,37.9,78.8,52.9,2026-06-15 20:20:00,3086527
79.4,38.5,77.4,51.9,2026-06-15 20:40:00,3086527
77.4,40.0,75.2,51.2,2026-06-15 21:00:00,3086527
76.0,42.2,73.9,51.4,2026-06-15 21:20:00,3086527
74.9,43.6,73.2,51.3,2026-06-15 21:40:00,3086527
74.7,43.8,73.0,51.2,2026-06-15 22:00:00,3086527
74.5,43.9,72.9,51.1,2026-06-15 22:20:00,3086527
73.8,46.2,72.3,51.9,2026-06-15 22:40:00,3086527
72.7,47.6,71.6,51.7,2026-06-15 23:00:00,3086527
71.9,48.9,70.9,51.7,2026-06-15 23:20:00,3086527
71.5,49.9,70.5,51.9,2026-06-15 23:40:00,3086527
71.3,51.1,70.5,52.3,2026-06-16 00:00:00,3086527
71.3,50.5,70.5,51.9,2026-06-16 00:20:00,3086527
70.8,52.1,70.2,52.4,2026-06-16 00:40:00,3086527
71.2,53.0,70.5,53.2,2026-06-16 01:00:00,3086527
70.6,53.8,70.0,53.0,2026-06-16 01:20:00,3086527
70.1,54.0,69.3,52.7,2026-06-16 01:40:00,3086527
69.9,53.7,68.9,52.3,2026-06-16 02:00:00,3086527
69.5,53.8,68.4,52.1,2026-06-16 02:20:00,3086527
69.4,53.2,68.2,51.6,2026-06-16 02:40:00,3086527
69.1,52.9,67.6,51.2,2026-06-16 03:00:00,3086527
68.5,53.5,66.9,51.0,2026-06-16 03:20:00,3086527
67.9,54.8,66.2,51.0,2026-06-16 03:40:00,3086527
67.4,56.0,65.5,51.2,2026-06-16 04:00:00,3086527
66.9,57.4,64.9,51.4,2026-06-16 04:20:00,3086527
66.8,56.6,64.9,50.9,2026-06-16 04:40:00,3086527
67.0,56.4,65.1,51.0,2026-06-16 05:00:00,3086527
67.1,56.5,65.3,51.1,2026-06-16 05:20:00,3086527
67.3,55.8,65.5,51.0,2026-06-16 05:40:00,3086527
67.5,55.3,65.8,50.9,2026-06-16 06:00:00,3086527
67.4,56.2,65.5,51.2,2026-06-16 06:20:00,3086527
67.1,57.6,65.5,51.7,2026-06-16 06:40:00,3086527
67.1,58.6,65.5,52.1,2026-06-16 07:00:00,3086527
67.3,60.0,65.8,52.9,2026-06-16 07:20:00,3086527
67.6,60.5,66.2,53.5,2026-06-16 07:40:00,3086527
68.3,61.5,67.3,54.5,2026-06-16 08:00:00,3086527
68.9,59.0,68.0,54.0,2026-06-16 08:20:00,3086527
69.2,58.7,68.4,54.1,2026-06-16 08:40:00,3086527
70.2,57.4,69.6,54.5,2026-06-16 09:00:00,3086527
71.1,57.1,70.7,55.1,2026-06-16 09:20:00,3086527
72.1,55.6,71.6,55.3,2026-06-16 09:40:00,3086527
73.5,54.4,72.9,56.0,2026-06-16 10:00:00,3086527
77.6,48.0,76.3,56.4,2026-06-16 10:20:00,3086527
78.5,44.8,77.0,55.3,2026-06-16 10:40:00,3086527
78.5,44.7,77.0,55.2,2026-06-16 11:00:00,3086527
78.8,44.7,77.4,55.5,2026-06-16 11:20:00,3086527
78.2,47.7,77.0,56.8,2026-06-16 11:40:00,3086527
79.2,46.2,78.1,56.8,2026-06-16 12:00:00,3086527
79.3,44.5,77.9,55.8,2026-06-16 12:20:00,3086527
78.7,43.6,77.2,54.7,2026-06-16 12:40:00,3086527
78.4,44.4,76.8,55.0,2026-06-16 13:00:00,3086527
80.9,42.0,79.5,55.7,2026-06-16 13:20:00,3086527
81.9,41.1,80.6,56.0,2026-06-16 13:40:00,3086527
83.4,39.5,82.2,56.2,2026-06-16 14:00:00,3086527
83.0,38.2,81.5,55.0,2026-06-16 14:20:00,3086527
83.9,37.2,82.6,55.0,2026-06-16 14:40:00,3086527
84.4,37.3,83.3,55.5,2026-06-16 15:00:00,3086527
84.1,37.0,82.6,55.0,2026-06-16 15:20:00,3086527
84.3,37.5,83.1,55.6,2026-06-16 15:40:00,3086527
82.7,38.5,81.0,54.8,2026-06-16 16:00:00,3086527
83.6,39.2,82.4,56.2,2026-06-16 16:20:00,3086527
83.6,39.4,82.6,56.3,2026-06-16 16:40:00,3086527
83.8,40.4,82.9,57.1,2026-06-16 17:00:00,3086527
83.1,43.3,82.6,58.5,2026-06-16 17:20:00,3086527
82.8,42.8,82.0,57.9,2026-06-16 17:40:00,3086527
81.9,43.8,81.0,57.8,2026-06-16 18:00:00,3086527
81.6,46.3,81.1,59.0,2026-06-16 18:20:00,3086527
81.6,48.1,81.3,60.1,2026-06-16 18:40:00,3086527
80.9,44.7,79.9,57.4,2026-06-16 19:00:00,3086527
80.5,45.7,79.5,57.7,2026-06-16 19:20:00,3086527
80.1,47.1,79.5,58.1,2026-06-16 19:40:00,3086527
79.8,47.6,79.2,58.2,2026-06-16 20:00:00,3086527
79.4,48.4,78.6,58.2,2026-06-16 20:20:00,3086527
78.7,49.5,77.9,58.2,2026-06-16 20:40:00,3086527
77.9,50.7,77.0,58.1,2026-06-16 21:00:00,3086527
77.2,51.7,76.5,58.1,2026-06-16 21:20:00,3086527
76.8,52.5,75.7,58.1,2026-06-16 21:40:00,3086527
76.2,53.9,75.4,58.4,2026-06-16 22:00:00,3086527
75.8,55.4,75.2,58.7,2026-06-16 22:20:00,3086527
75.1,57.2,74.7,58.9,2026-06-16 22:40:00,3086527
74.9,58.3,74.5,59.3,2026-06-16 23:00:00,3086527
74.7,58.8,74.5,59.3,2026-06-16 23:20:00,3086527
74.0,60.2,73.9,59.4,2026-06-16 23:40:00,3086527
73.6,61.5,73.8,59.6,2026-06-17 00:00:00,3086527
73.3,63.0,73.6,60.0,2026-06-17 00:20:00,3086527
72.9,64.6,73.2,60.3,2026-06-17 00:40:00,3086527
72.6,66.2,73.0,60.7,2026-06-17 01:00:00,3086527
72.1,67.9,72.5,60.9,2026-06-17 01:20:00,3086527
71.7,69.4,72.3,61.2,2026-06-17 01:40:00,3086527
71.3,71.0,72.0,61.4,2026-06-17 02:00:00,3086527
71.0,72.3,71.8,61.7,2026-06-17 02:20:00,3086527
70.8,73.9,71.6,62.0,2026-06-17 02:40:00,3086527
70.4,75.3,71.2,62.2,2026-06-17 03:00:00,3086527
70.2,76.3,71.1,62.4,2026-06-17 03:20:00,3086527
69.9,77.8,70.5,62.7,2026-06-17 03:40:00,3086527
69.8,79.0,70.7,63.0,2026-06-17 04:00:00,3086527
69.5,79.9,70.3,63.0,2026-06-17 04:20:00,3086527
69.3,81.1,70.2,63.2,2026-06-17 04:40:00,3086527
69.1,82.2,69.6,63.4,2026-06-17 05:00:00,3086527
68.7,83.0,69.6,63.4,2026-06-17 05:20:00,3086527
68.3,84.2,68.9,63.3,2026-06-17 05:40:00,3086527
68.0,85.4,68.7,63.5,2026-06-17 06:00:00,3086527
67.9,85.8,68.5,63.4,2026-06-17 06:20:00,3086527
68.1,86.2,68.7,63.8,2026-06-17 06:40:00,3086527
68.7,85.2,69.4,64.1,2026-06-17 07:00:00,3086527
69.6,83.9,70.5,64.5,2026-06-17 07:20:00,3086527
71.3,80.9,72.5,65.2,2026-06-17 07:40:00,3086527
73.1,77.5,74.5,65.7,2026-06-17 08:00:00,3086527
74.7,74.6,75.9,66.1,2026-06-17 08:20:00,3086527
76.6,69.1,77.5,65.7,2026-06-17 08:40:00,3086527
78.0,65.8,79.3,65.6,2026-06-17 09:00:00,3086527
80.6,60.3,82.6,65.6,2026-06-17 09:20:00,3086527
80.4,56.8,81.5,63.6,2026-06-17 09:40:00,3086527
84.5,52.3,87.1,65.1,2026-06-17 10:00:00,3086527
85.7,46.2,87.4,62.7,2026-06-17 10:20:00,3086527
86.5,42.4,87.4,60.9,2026-06-17 10:40:00,3086527
86.8,39.4,87.1,59.2,2026-06-17 11:00:00,3086527
87.9,37.9,88.2,59.0,2026-06-17 11:20:00,3086527
89.8,35.1,90.5,58.7,2026-06-17 11:40:00,3086527
88.8,34.9,88.7,57.5,2026-06-17 12:00:00,3086527
88.2,31.2,86.7,54.0,2026-06-17 12:20:00,3086527
90.0,31.9,89.6,56.1,2026-06-17 12:40:00,3086527
90.3,32.0,90.1,56.5,2026-06-17 13:00:00,3086527
89.2,30.6,87.6,54.2,2026-06-17 13:20:00,3086527
89.3,30.8,88.2,54.6,2026-06-17 13:40:00,3086527
91.3,29.6,90.5,55.2,2026-06-17 14:00:00,3086527
92.2,27.0,91.0,53.4,2026-06-17 14:20:00,3086527
92.3,28.2,91.6,54.6,2026-06-17 14:40:00,3086527
90.2,31.9,90.0,56.2,2026-06-17 15:00:00,3086527
89.3,32.2,88.5,55.8,2026-06-17 15:20:00,3086527
93.4,28.4,93.2,55.9,2026-06-17 15:40:00,3086527
90.3,31.2,90.0,55.8,2026-06-17 16:00:00,3086527
91.9,30.5,91.6,56.4,2026-06-17 16:20:00,3086527
92.4,30.0,92.1,56.5,2026-06-17 16:40:00,3086527
91.5,31.3,91.4,56.8,2026-06-17 17:00:00,3086527
91.9,30.1,91.8,56.2,2026-06-17 17:20:00,3086527
91.2,31.8,91.4,57.1,2026-06-17 17:40:00,3086527
92.3,30.5,92.1,56.8,2026-06-17 18:00:00,3086527
92.4,31.0,92.7,57.4,2026-06-17 18:20:00,3086527
90.5,30.6,89.6,55.4,2026-06-17 18:40:00,3086527
89.8,33.5,90.0,57.3,2026-06-17 19:00:00,3086527
89.3,33.7,89.1,57.0,2026-06-17 19:20:00,3086527
88.0,35.4,87.8,57.3,2026-06-17 19:40:00,3086527
87.3,36.9,87.1,57.7,2026-06-17 20:00:00,3086527
86.6,37.5,86.4,57.7,2026-06-17 20:20:00,3086527
85.1,39.7,84.9,57.8,2026-06-17 20:40:00,3086527
84.1,40.6,83.5,57.6,2026-06-17 21:00:00,3086527
82.8,42.8,82.0,57.9,2026-06-17 21:20:00,3086527
82.5,44.4,81.9,58.6,2026-06-17 21:40:00,3086527
81.9,45.5,81.3,58.8,2026-06-17 22:00:00,3086527
81.3,49.6,81.3,60.6,2026-06-17 22:20:00,3086527
80.9,55.2,81.9,63.3,2026-06-17 22:40:00,3086527
80.2,57.8,81.3,63.9,2026-06-17 23:00:00,3086527
80.0,58.9,81.1,64.4,2026-06-17 23:20:00,3086527
79.8,59.3,81.1,64.3,2026-06-17 23:40:00,3086527
79.7,60.0,81.0,64.6,2026-06-18 00:00:00,3086527
79.5,61.1,80.8,64.9,2026-06-18 00:20:00,3086527
79.4,61.9,81.0,65.1,2026-06-18 00:40:00,3086527
79.1,63.0,80.6,65.4,2026-06-18 01:00:00,3086527
78.6,64.0,80.2,65.4,2026-06-18 01:20:00,3086527
78.3,65.3,79.9,65.7,2026-06-18 01:40:00,3086527
77.5,66.7,78.6,65.6,2026-06-18 02:00:00,3086527
77.1,68.0,78.3,65.7,2026-06-18 02:20:00,3086527
76.9,69.0,77.9,65.9,2026-06-18 02:40:00,3086527
76.8,69.8,77.7,66.2,2026-06-18 03:00:00,3086527
76.6,70.9,77.7,66.5,2026-06-18 03:20:00,3086527
76.4,72.9,77.5,67.1,2026-06-18 03:40:00,3086527
76.3,75.1,77.9,67.8,2026-06-18 04:00:00,3086527
76.1,77.4,77.7,68.5,2026-06-18 04:20:00,3086527
75.9,79.5,77.9,69.1,2026-06-18 04:40:00,3086527
75.6,81.5,77.7,69.5,2026-06-18 05:00:00,3086527
75.5,82.2,77.7,69.7,2026-06-18 05:20:00,3086527
75.5,83.3,77.9,70.0,2026-06-18 05:40:00,3086527
75.4,83.6,77.9,70.1,2026-06-18 06:00:00,3086527
75.3,84.2,77.7,70.2,2026-06-18 06:20:00,3086527
75.9,83.8,78.4,70.6,2026-06-18 06:40:00,3086527
76.5,82.6,79.2,70.8,2026-06-18 07:00:00,3086527
76.7,81.7,79.3,70.6,2026-06-18 07:20:00,3086527
76.7,81.6,79.3,70.6,2026-06-18 07:40:00,3086527
77.4,80.3,80.6,70.8,2026-06-18 08:00:00,3086527
79.2,77.3,83.7,71.4,2026-06-18 08:20:00,3086527
79.8,74.6,84.0,71.0,2026-06-18 08:40:00,3086527
81.1,73.5,86.2,71.8,2026-06-18 09:00:00,3086527
81.9,70.8,87.1,71.5,2026-06-18 09:20:00,3086527
82.6,68.8,88.0,71.3,2026-06-18 09:40:00,3086527
83.5,66.9,89.6,71.3,2026-06-18 10:00:00,3086527
85.8,64.6,93.7,72.5,2026-06-18 10:20:00,3086527
86.4,62.9,94.5,72.2,2026-06-18 10:40:00,3086527
87.7,57.3,95.0,70.7,2026-06-18 11:00:00,3086527
89.2,54.9,97.2,70.8,2026-06-18 11:20:00,3086527
91.8,51.6,101.7,71.4,2026-06-18 11:40:00,3086527
90.6,54.4,100.2,71.8,2026-06-18 12:00:00,3086527
92.0,51.6,102.0,71.6,2026-06-18 12:20:00,3086527
92.4,50.1,102.0,71.2,2026-06-18 12:40:00,3086527
93.5,47.2,102.4,70.4,2026-06-18 13:00:00,3086527
95.0,46.3,105.6,71.1,2026-06-18 13:20:00,3086527
96.3,43.8,106.9,70.7,2026-06-18 13:40:00,3086527
96.8,42.4,106.7,70.2,2026-06-18 14:00:00,3086527
95.8,43.5,105.4,70.0,2026-06-18 14:20:00,3086527
96.7,42.1,106.5,69.9,2026-06-18 14:40:00,3086527
97.6,42.0,108.3,70.6,2026-06-18 15:00:00,3086527
94.5,42.5,102.0,68.2,2026-06-18 15:20:00,3086527
87.1,49.0,90.7,65.6,2026-06-18 15:40:00,3086527
82.3,59.7,84.9,66.9,2026-06-18 16:00:00,3086527
78.0,77.8,81.1,70.5,2026-06-18 16:20:00,3086527
80.4,73.7,84.9,71.2,2026-06-18 16:40:00,3086527
81.6,71.7,86.7,71.6,2026-06-18 17:00:00,3086527
84.1,68.9,91.6,72.8,2026-06-18 17:20:00,3086527
85.2,63.2,91.9,71.2,2026-06-18 17:40:00,3086527
85.7,58.9,91.6,69.6,2026-06-18 18:00:00,3086527
86.8,59.1,93.7,70.8,2026-06-18 18:20:00,3086527
86.5,59.3,93.2,70.6,2026-06-18 18:40:00,3086527
86.1,60.3,92.7,70.7,2026-06-18 19:00:00,3086527
86.0,61.4,93.2,71.2,2026-06-18 19:20:00,3086527
85.4,60.7,91.4,70.2,2026-06-18 19:40:00,3086527
84.6,65.0,91.4,71.5,2026-06-18 20:00:00,3086527
83.9,66.3,90.3,71.5,2026-06-18 20:20:00,3086527
82.8,68.8,88.5,71.5,2026-06-18 20:40:00,3086527
83.1,68.2,88.7,71.5,2026-06-18 21:00:00,3086527
79.3,82.5,84.7,73.5,2026-06-18 21:20:00,3086527
75.7,90.5,79.0,72.8,2026-06-18 21:40:00,3086527
75.2,94.2,78.6,73.4,2026-06-18 22:00:00,3086527
74.4,94.3,77.7,72.7,2026-06-18 22:20:00,3086527
74.0,94.9,77.2,72.4,2026-06-18 22:40:00,3086527
73.5,95.9,76.5,72.2,2026-06-18 23:00:00,3086527
73.3,96.9,76.3,72.4,2026-06-18 23:20:00,3086527
73.3,97.3,76.3,72.4,2026-06-18 23:40:00,3086527
73.1,97.9,76.3,72.5,2026-06-19 00:00:00,3086527
73.0,98.1,75.9,72.4,2026-06-19 00:20:00,3086527
73.0,98.3,75.9,72.5,2026-06-19 00:40:00,3086527
73.1,98.2,76.3,72.6,2026-06-19 01:00:00,3086527
73.0,98.1,75.9,72.5,2026-06-19 01:20:00,3086527
72.8,96.8,75.6,71.9,2026-06-19 01:40:00,3086527
72.6,96.5,75.2,71.6,2026-06-19 02:00:00,3086527
72.5,97.0,75.0,71.6,2026-06-19 02:20:00,3086527
72.4,97.4,75.0,71.7,2026-06-19 02:40:00,3086527
72.3,97.9,74.8,71.7,2026-06-19 03:00:00,3086527
72.3,98.4,75.2,71.9,2026-06-19 03:20:00,3086527
72.2,98.3,74.8,71.7,2026-06-19 03:40:00,3086527
72.3,98.0,74.8,71.7,2026-06-19 04:00:00,3086527
72.0,97.9,74.7,71.3,2026-06-19 04:20:00,3086527
71.4,98.0,73.6,70.8,2026-06-19 04:40:00,3086527
71.0,98.4,73.0,70.6,2026-06-19 05:00:00,3086527
70.6,98.8,72.5,70.3,2026-06-19 05:20:00,3086527
70.4,99.2,72.3,70.2,2026-06-19 05:40:00,3086527
70.4,99.7,72.3,70.3,2026-06-19 06:00:00,3086527
70.1,100.0,72.0,70.0,2026-06-19 06:20:00,3086527
70.2,100.0,72.1,70.2,2026-06-19 06:40:00,3086527
70.4,100.0,72.3,70.4,2026-06-19 07:00:00,3086527
70.4,100.0,72.3,70.4,2026-06-19 07:20:00,3086527
70.7,100.0,72.9,70.7,2026-06-19 07:40:00,3086527
70.6,100.0,72.5,70.6,2026-06-19 08:00:00,3086527
70.8,100.0,72.9,70.8,2026-06-19 08:20:00,3086527
71.1,100.0,73.4,71.1,2026-06-19 08:40:00,3086527
71.4,100.0,73.6,71.4,2026-06-19 09:00:00,3086527
71.7,100.0,74.1,71.7,2026-06-19 09:20:00,3086527
72.1,100.0,75.0,72.1,2026-06-19 09:40:00,3086527
73.3,100.0,76.6,73.2,2026-06-19 10:00:00,3086527
74.0,97.8,77.5,73.4,2026-06-19 10:20:00,3086527
75.5,96.2,79.3,74.4,2026-06-19 10:40:00,3086527
75.5,94.4,79.2,73.7,2026-06-19 11:00:00,3086527
76.6,91.3,80.8,73.9,2026-06-19 11:20:00,3086527
78.1,87.2,83.3,74.0,2026-06-19 11:40:00,3086527
79.4,84.6,85.5,74.4,2026-06-19 12:00:00,3086527
81.7,81.5,89.6,75.5,2026-06-19 12:20:00,3086527
80.7,80.0,87.1,73.9,2026-06-19 12:40:00,3086527
83.1,73.4,90.3,73.7,2026-06-19 13:00:00,3086527
84.1,70.3,91.9,73.3,2026-06-19 13:20:00,3086527
84.6,66.7,91.9,72.3,2026-06-19 13:40:00,3086527
84.5,65.1,91.0,71.5,2026-06-19 14:00:00,3086527
85.6,64.4,93.2,72.2,2026-06-19 14:20:00,3086527
87.1,58.5,94.3,70.8,2026-06-19 14:40:00,3086527
88.5,52.8,95.0,69.1,2026-06-19 15:00:00,3086527
87.8,50.0,92.3,66.8,2026-06-19 15:20:00,3086527
88.8,48.8,93.7,67.1,2026-06-19 15:40:00,3086527
88.2,45.8,91.2,64.7,2026-06-19 16:00:00,3086527
87.9,46.7,91.0,65.0,2026-06-19 16:20:00,3086527
86.6,49.2,90.0,65.3,2026-06-19 16:40:00,3086527
87.2,46.8,90.0,64.4,2026-06-19 17:00:00,3086527
87.0,48.4,90.1,65.2,2026-06-19 17:20:00,3086527
85.5,47.9,87.6,63.5,2026-06-19 17:40:00,3086527
86.9,45.1,89.1,63.1,2026-06-19 18:00:00,3086527
86.6,44.8,88.3,62.7,2026-06-19 18:20:00,3086527
84.7,46.6,85.8,62.0,2026-06-19 18:40:00,3086527
84.4,48.5,85.8,62.8,2026-06-19 19:00:00,3086527
83.4,48.4,84.2,61.9,2026-06-19 19:20:00,3086527
82.0,49.7,82.4,61.4,2026-06-19 19:40:00,3086527
81.0,52.4,81.5,62.0,2026-06-19 20:00:00,3086527
80.8,51.9,81.3,61.5,2026-06-19 20:20:00,3086527
79.3,50.1,78.8,59.1,2026-06-19 20:40:00,3086527
77.6,52.6,77.0,58.9,2026-06-19 21:00:00,3086527
76.1,55.2,75.6,58.9,2026-06-19 21:20:00,3086527
75.2,56.1,74.5,58.5,2026-06-19 21:40:00,3086527
74.4,57.1,73.9,58.2,2026-06-19 22:00:00,3086527
73.8,55.3,73.2,56.8,2026-06-19 22:20:00,3086527
73.0,59.5,72.7,58.0,2026-06-19 22:40:00,3086527
72.1,59.4,71.8,57.2,2026-06-19 23:00:00,3086527
71.9,58.2,71.6,56.4,2026-06-19 23:20:00,3086527
71.6,57.8,71.4,56.0,2026-06-19 23:40:00,3086527
70.7,59.7,70.3,56.0,2026-06-20 00:00:00,3086527
69.9,61.6,69.4,56.2,2026-06-20 00:20:00,3086527
69.2,62.1,68.5,55.7,2026-06-20 00:40:00,3086527
68.2,63.4,67.5,55.3,2026-06-20 01:00:00,3086527
68.1,63.2,67.1,55.1,2026-06-20 01:20:00,3086527
67.9,63.1,66.9,55.0,2026-06-20 01:40:00,3086527
67.2,64.4,66.0,54.8,2026-06-20 02:00:00,3086527
66.7,63.0,65.1,53.7,2026-06-20 02:20:00,3086527
65.7,67.2,64.2,54.5,2026-06-20 02:40:00,3086527
64.9,69.5,63.5,54.7,2026-06-20 03:00:00,3086527
64.7,71.0,63.3,55.1,2026-06-20 03:20:00,3086527
64.4,69.6,63.0,54.2,2026-06-20 03:40:00,3086527
64.0,68.5,62.4,53.4,2026-06-20 04:00:00,3086527
63.5,74.1,62.4,55.1,2026-06-20 04:20:00,3086527
63.0,70.9,61.7,53.4,2026-06-20 04:40:00,3086527
63.0,69.7,61.7,52.9,2026-06-20 05:00:00,3086527
62.3,75.4,61.5,54.4,2026-06-20 05:20:00,3086527
62.1,77.6,61.5,55.0,2026-06-20 05:40:00,3086527
61.6,79.0,61.2,55.1,2026-06-20 06:00:00,3086527
61.7,79.1,61.3,55.2,2026-06-20 06:20:00,3086527
62.3,79.9,61.9,56.0,2026-06-20 06:40:00,3086527
63.4,82.4,63.1,57.9,2026-06-20 07:00:00,3086527
64.1,79.8,63.7,57.7,2026-06-20 07:20:00,3086527
65.7,76.6,65.1,58.1,2026-06-20 07:40:00,3086527
69.4,72.2,69.6,60.0,2026-06-20 08:00:00,3086527
73.6,64.6,73.9,60.9,2026-06-20 08:20:00,3086527
76.3,56.2,75.7,59.6,2026-06-20 08:40:00,3086527
78.8,50.8,78.4,59.1,2026-06-20 09:00:00,3086527
81.3,47.6,81.0,59.5,2026-06-20 09:20:00,3086527
83.8,41.2,83.1,57.7,2026-06-20 09:40:00,3086527
85.4,38.8,84.9,57.5,2026-06-20 10:00:00,3086527
83.0,38.4,81.5,55.1,2026-06-20 10:20:00,3086527
84.9,40.4,84.6,58.1,2026-06-20 10:40:00,3086527
85.1,34.5,83.3,54.0,2026-06-20 11:00:00,3086527
84.8,33.6,82.9,53.0,2026-06-20 11:20:00,3086527
85.4,32.1,83.3,52.2,2026-06-20 11:40:00,3086527
84.4,30.8,81.9,50.3,2026-06-20 12:00:00,3086527
87.4,30.6,85.5,52.8,2026-06-20 12:20:00,3086527
84.8,30.7,82.2,50.5,2026-06-20 12:40:00,3086527
86.5,35.1,85.5,55.6,2026-06-20 13:00:00,3086527
87.1,30.7,85.1,52.5,2026-06-20 13:20:00,3086527
87.4,30.0,85.3,52.2,2026-06-20 13:40:00,3086527
87.8,32.8,86.5,55.0,2026-06-20 14:00:00,3086527
87.6,30.3,85.6,52.6,2026-06-20 14:20:00,3086527
88.3,32.8,87.1,55.4,2026-06-20 14:40:00,3086527
88.5,30.8,86.7,53.9,2026-06-20 15:00:00,3086527
88.2,31.8,86.9,54.4,2026-06-20 15:20:00,3086527
87.5,32.3,86.0,54.3,2026-06-20 15:40:00,3086527
88.1,31.6,86.5,54.2,2026-06-20 16:00:00,3086527
88.6,29.6,86.7,52.8,2026-06-20 16:20:00,3086527
88.3,31.0,86.5,53.9,2026-06-20 16:40:00,3086527
88.9,32.4,88.2,55.6,2026-06-20 17:00:00,3086527
87.9,32.7,86.5,55.0,2026-06-20 17:20:00,3086527
87.7,30.6,85.6,52.9,2026-06-20 17:40:00,3086527
87.6,32.0,86.0,54.1,2026-06-20 18:00:00,3086527
87.9,32.5,86.5,54.8,2026-06-20 18:20:00,3086527
86.6,34.4,85.5,55.2,2026-06-20 18:40:00,3086527
85.3,37.4,84.6,56.4,2026-06-20 19:00:00,3086527
84.4,37.8,83.3,55.9,2026-06-20 19:20:00,3086527
83.9,39.6,82.9,56.8,2026-06-20 19:40:00,3086527
82.5,41.6,81.3,56.8,2026-06-20 20:00:00,3086527
81.6,42.6,80.4,56.6,2026-06-20 20:20:00,3086527
80.3,44.1,79.2,56.5,2026-06-20 20:40:00,3086527
79.5,46.2,78.4,57.0,2026-06-20 21:00:00,3086527
78.7,48.4,77.9,57.6,2026-06-20 21:20:00,3086527
78.0,50.4,77.2,58.1,2026-06-20 21:40:00,3086527
77.9,48.9,77.0,57.2,2026-06-20 22:00:00,3086527
77.5,49.4,76.3,57.0,2026-06-20 22:20:00,3086527
77.4,48.0,76.1,56.2,2026-06-20 22:40:00,3086527
75.9,52.7,74.8,57.4,2026-06-20 23:00:00,3086527
74.4,54.7,73.6,57.1,2026-06-20 23:20:00,3086527
73.4,57.7,73.0,57.5,2026-06-20 23:40:00,3086527
72.8,59.5,72.5,57.9,2026-06-21 00:00:00,3086527
73.1,59.1,72.9,58.0,2026-06-21 00:20:00,3086527
73.3,58.4,73.0,57.8,2026-06-21 00:40:00,3086527
72.7,60.1,72.7,58.1,2026-06-21 01:00:00,3086527
72.1,61.8,72.1,58.3,2026-06-21 01:20:00,3086527
71.3,64.5,71.6,58.7,2026-06-21 01:40:00,3086527
70.7,66.9,71.2,59.2,2026-06-21 02:00:00,3086527
70.6,67.7,70.9,59.3,2026-06-21 02:20:00,3086527
70.4,69.4,70.9,59.9,2026-06-21 02:40:00,3086527
70.0,71.3,70.3,60.3,2026-06-21 03:00:00,3086527
69.3,72.6,69.6,60.2,2026-06-21 03:20:00,3086527
68.8,74.1,68.9,60.2,2026-06-21 03:40:00,3086527
68.5,76.8,68.5,60.9,2026-06-21 04:00:00,3086527
68.1,76.5,68.2,60.4,2026-06-21 04:20:00,3086527
67.6,75.8,67.5,59.7,2026-06-21 04:40:00,3086527
67.6,75.9,67.5,59.8,2026-06-21 05:00:00,3086527
67.3,76.7,67.3,59.7,2026-06-21 05:20:00,3086527
67.2,77.6,67.1,60.0,2026-06-21 05:40:00,3086527
66.9,80.1,67.1,60.6,2026-06-21 06:00:00,3086527
66.8,81.7,66.9,61.0,2026-06-21 06:20:00,3086527
67.0,81.6,67.1,61.2,2026-06-21 06:40:00,3086527
67.9,81.5,68.4,62.0,2026-06-21 07:00:00,3086527
69.3,79.4,70.0,62.7,2026-06-21 07:20:00,3086527
71.0,76.6,72.0,63.3,2026-06-21 07:40:00,3086527
73.0,73.5,73.9,64.0,2026-06-21 08:00:00,3086527
76.0,70.0,76.8,65.5,2026-06-21 08:20:00,3086527
80.0,63.7,82.2,66.5,2026-06-21 08:40:00,3086527
82.2,56.1,84.2,65.0,2026-06-21 09:00:00,3086527
84.5,53.7,87.4,65.8,2026-06-21 09:20:00,3086527
85.5,51.0,88.7,65.3,2026-06-21 09:40:00,3086527
88.1,48.9,92.3,66.5,2026-06-21 10:00:00,3086527
89.6,44.1,93.6,64.9,2026-06-21 10:20:00,3086527
89.2,40.6,91.2,62.2,2026-06-21 10:40:00,3086527
87.0,39.9,87.6,59.7,2026-06-21 11:00:00,3086527
89.0,36.8,89.6,59.2,2026-06-21 11:20:00,3086527
91.0,39.0,93.7,62.5,2026-06-21 11:40:00,3086527
91.9,35.1,93.9,60.5,2026-06-21 12:00:00,3086527
92.7,34.1,94.6,60.3,2026-06-21 12:20:00,3086527
94.5,33.4,97.3,61.3,2026-06-21 12:40:00,3086527
90.3,34.1,90.9,58.2,2026-06-21 13:00:00,3086527
91.2,34.9,92.5,59.6,2026-06-21 13:20:00,3086527
91.1,32.2,91.4,57.4,2026-06-21 13:40:00,3086527
90.4,33.7,90.9,58.0,2026-06-21 14:00:00,3086527
93.3,32.3,94.6,59.3,2026-06-21 14:20:00,3086527
93.0,34.0,94.8,60.4,2026-06-21 14:40:00,3086527
92.9,32.9,94.5,59.5,2026-06-21 15:00:00,3086527
92.9,35.3,95.5,61.4,2026-06-21 15:20:00,3086527
93.0,33.4,94.6,60.0,2026-06-21 15:40:00,3086527
92.7,34.2,94.6,60.4,2026-06-21 16:00:00,3086527
91.2,32.5,91.8,57.7,2026-06-21 16:20:00,3086527
90.2,36.2,91.4,59.8,2026-06-21 16:40:00,3086527
91.2,36.1,93.2,60.7,2026-06-21 17:00:00,3086527
89.7,36.5,90.7,59.6,2026-06-21 17:20:00,3086527
90.7,36.3,92.3,60.4,2026-06-21 17:40:00,3086527
90.4,36.3,91.8,60.1,2026-06-21 18:00:00,3086527
90.8,37.2,92.8,61.1,2026-06-21 18:20:00,3086527
89.8,37.7,91.4,60.6,2026-06-21 18:40:00,3086527
88.4,40.5,90.0,61.4,2026-06-21 19:00:00,3086527
88.6,41.9,90.7,62.5,2026-06-21 19:20:00,3086527
88.3,42.2,90.0,62.5,2026-06-21 19:40:00,3086527
87.7,42.8,89.4,62.3,2026-06-21 20:00:00,3086527
87.0,43.8,88.5,62.3,2026-06-21 20:20:00,3086527
85.9,46.1,87.6,62.8,2026-06-21 20:40:00,3086527
84.6,48.9,86.4,63.3,2026-06-21 21:00:00,3086527
83.5,51.5,85.3,63.8,2026-06-21 21:20:00,3086527
82.2,54.2,83.3,64.0,2026-06-21 21:40:00,3086527
81.4,55.6,82.6,64.0,2026-06-21 22:00:00,3086527
80.9,55.5,81.9,63.5,2026-06-21 22:20:00,3086527
80.4,55.4,81.1,63.0,2026-06-21 22:40:00,3086527
80.1,56.0,81.0,63.0,2026-06-21 23:00:00,3086527
79.2,57.4,79.9,62.9,2026-06-21 23:20:00,3086527
79.6,57.2,80.4,63.1,2026-06-21 23:40:00,3086527
79.7,59.9,81.1,64.6,2026-06-22 00:00:00,3086527
79.4,63.3,81.3,65.8,2026-06-22 00:20:00,3086527
79.4,67.6,82.2,67.7,2026-06-22 00:40:00,3086527
79.0,69.8,81.9,68.3,2026-06-22 01:00:00,3086527
78.5,72.1,81.3,68.8,2026-06-22 01:20:00,3086527
78.1,73.5,80.8,68.9,2026-06-22 01:40:00,3086527
77.6,75.1,80.2,69.1,2026-06-22 02:00:00,3086527
77.1,77.0,79.3,69.3,2026-06-22 02:20:00,3086527
76.9,78.8,79.3,69.8,2026-06-22 02:40:00,3086527
76.5,79.8,78.8,69.8,2026-06-22 03:00:00,3086527
75.9,81.3,78.1,69.8,2026-06-22 03:20:00,3086527
75.4,82.8,77.7,69.8,2026-06-22 03:40:00,3086527
75.0,83.8,77.2,69.8,2026-06-22 04:00:00,3086527
74.4,85.1,76.6,69.6,2026-06-22 04:20:00,3086527
73.9,86.6,76.1,69.6,2026-06-22 04:40:00,3086527
73.5,87.4,75.7,69.5,2026-06-22 05:00:00,3086527
73.3,89.2,75.6,69.9,2026-06-22 05:20:00,3086527
73.2,90.3,75.7,70.2,2026-06-22 05:40:00,3086527
72.8,90.6,75.0,69.9,2026-06-22 06:00:00,3086527
72.5,91.9,74.7,70.0,2026-06-22 06:20:00,3086527
72.9,92.6,75.4,70.6,2026-06-22 06:40:00,3086527
73.5,92.0,76.1,71.0,2026-06-22 07:00:00,3086527
74.6,90.8,77.5,71.7,2026-06-22 07:20:00,3086527
76.1,88.5,79.2,72.4,2026-06-22 07:40:00,3086527
77.9,84.8,82.6,73.0,2026-06-22 08:00:00,3086527
79.8,81.6,85.6,73.7,2026-06-22 08:20:00,3086527
81.3,76.7,87.3,73.3,2026-06-22 08:40:00,3086527
83.0,74.8,90.7,74.1,2026-06-22 09:00:00,3086527
85.0,68.6,93.6,73.5,2026-06-22 09:20:00,3086527
85.6,66.2,93.9,73.0,2026-06-22 09:40:00,3086527
86.3,64.0,94.6,72.7,2026-06-22 10:00:00,3086527
87.4,61.1,95.5,72.3,2026-06-22 10:20:00,3086527
87.6,59.0,95.5,71.5,2026-06-22 10:40:00,3086527
89.6,56.7,98.8,72.2,2026-06-22 11:00:00,3086527
91.0,53.8,100.9,72.0,2026-06-22 11:20:00,3086527
89.9,53.9,98.4,70.9,2026-06-22 11:40:00,3086527
90.1,53.6,98.6,71.0,2026-06-22 12:00:00,3086527
89.3,54.8,97.5,70.9,2026-06-22 12:20:00,3086527
90.2,54.2,99.3,71.4,2026-06-22 12:40:00,3086527
90.6,53.1,99.5,71.2,2026-06-22 13:00:00,3086527
90.6,50.0,98.1,69.4,2026-06-22 13:20:00,3086527
91.3,48.4,98.8,69.1,2026-06-22 13:40:00,3086527
91.1,50.1,99.3,69.9,2026-06-22 14:00:00,3086527
92.8,47.1,100.9,69.7,2026-06-22 14:20:00,3086527
91.1,49.5,99.0,69.6,2026-06-22 14:40:00,3086527
91.3,50.0,99.7,70.1,2026-06-22 15:00:00,3086527
92.6,48.3,101.3,70.2,2026-06-22 15:20:00,3086527
93.4,46.8,102.2,70.0,2026-06-22 15:40:00,3086527
92.0,47.3,99.5,69.1,2026-06-22 16:00:00,3086527
93.3,45.5,101.1,69.1,2026-06-22 16:20:00,3086527
94.2,45.5,102.9,69.9,2026-06-22 16:40:00,3086527
94.2,44.7,102.6,69.4,2026-06-22 17:00:00,3086527
93.7,45.2,101.7,69.3,2026-06-22 17:20:00,3086527
93.1,45.8,100.9,69.1,2026-06-22 17:40:00,3086527
93.1,45.2,100.6,68.7,2026-06-22 18:00:00,3086527
93.9,44.8,102.2,69.2,2026-06-22 18:20:00,3086527
92.5,45.3,99.5,68.3,2026-06-22 18:40:00,3086527
92.0,45.9,98.8,68.1,2026-06-22 19:00:00,3086527
91.5,47.6,98.8,68.8,2026-06-22 19:20:00,3086527
90.6,49.3,97.7,69.0,2026-06-22 19:40:00,3086527
89.7,51.3,96.6,69.3,2026-06-22 20:00:00,3086527
89.2,52.6,96.1,69.6,2026-06-22 20:20:00,3086527
85.0,51.4,87.8,65.1,2026-06-22 20:40:00,3086527
79.7,68.5,82.8,68.5,2026-06-22 21:00:00,3086527
76.6,78.0,78.8,69.2,2026-06-22 21:20:00,3086527
75.7,80.6,77.7,69.3,2026-06-22 21:40:00,3086527
76.3,80.0,78.4,69.7,2026-06-22 22:00:00,3086527
76.5,81.2,79.0,70.3,2026-06-22 22:20:00,3086527
76.5,83.0,79.2,70.9,2026-06-22 22:40:00,3086527
76.5,81.9,79.2,70.5,2026-06-22 23:00:00,3086527
76.1,81.8,78.3,70.1,2026-06-22 23:20:00,3086527
76.4,83.2,79.0,70.9,2026-06-22 23:40:00,3086527
77.0,81.8,79.7,71.0,2026-06-23 00:00:00,3086527
77.1,83.5,80.4,71.7,2026-06-23 00:20:00,3086527
76.3,85.7,79.2,71.7,2026-06-23 00:40:00,3086527
75.5,87.3,78.4,71.5,2026-06-23 01:00:00,3086527
74.9,88.9,77.7,71.4,2026-06-23 01:20:00,3086527
74.5,90.0,77.5,71.4,2026-06-23 01:40:00,3086527
74.4,88.4,77.0,70.8,2026-06-23 02:00:00,3086527
74.3,86.5,76.6,70.0,2026-06-23 02:20:00,3086527
74.2,87.2,76.6,70.1,2026-06-23 02:40:00,3086527
74.0,87.5,76.5,70.0,2026-06-23 03:00:00,3086527
74.6,85.7,76.8,70.0,2026-06-23 03:20:00,3086527
74.6,85.0,76.8,69.7,2026-06-23 03:40:00,3086527
74.4,84.9,76.6,69.6,2026-06-23 04:00:00,3086527
74.2,86.0,76.5,69.7,2026-06-23 04:20:00,3086527
74.4,87.6,77.0,70.5,2026-06-23 04:40:00,3086527
74.6,88.6,77.2,71.0,2026-06-23 05:00:00,3086527
74.9,88.8,77.7,71.3,2026-06-23 05:20:00,3086527
75.8,87.3,78.8,71.8,2026-06-23 05:40:00,3086527
76.4,85.8,79.2,71.8,2026-06-23 06:00:00,3086527
76.3,85.5,79.2,71.7,2026-06-23 06:20:00,3086527
76.2,85.6,79.0,71.6,2026-06-23 06:40:00,3086527
76.6,85.8,79.5,72.0,2026-06-23 07:00:00,3086527
77.3,84.7,81.0,72.3,2026-06-23 07:20:00,3086527
77.8,84.0,81.9,72.6,2026-06-23 07:40:00,3086527
79.2,81.6,84.6,73.1,2026-06-23 08:00:00,3086527
81.3,78.0,87.8,73.8,2026-06-23 08:20:00,3086527
81.9,73.0,87.6,72.4,2026-06-23 08:40:00,3086527
83.3,71.2,90.5,73.0,2026-06-23 09:00:00,3086527
84.8,67.1,92.5,72.7,2026-06-23 09:20:00,3086527
84.5,65.5,91.2,71.7,2026-06-23 09:40:00,3086527
83.6,68.9,90.1,72.3,2026-06-23 10:00:00,3086527
84.2,68.2,91.6,72.6,2026-06-23 10:20:00,3086527
83.4,71.1,90.5,73.1,2026-06-23 10:40:00,3086527
85.7,65.9,94.1,73.0,2026-06-23 11:00:00,3086527
84.0,67.0,90.9,71.9,2026-06-23 11:20:00,3086527
76.8,84.7,80.2,71.9,2026-06-23 11:40:00,3086527
74.6,91.2,77.5,71.9,2026-06-23 12:00:00,3086527
76.7,91.4,80.8,74.0,2026-06-23 12:20:00,3086527
80.1,88.6,88.0,76.4,2026-06-23 12:40:00,3086527
80.8,81.3,87.8,74.6,2026-06-23 13:00:00,3086527
83.4,80.4,93.6,76.7,2026-06-23 13:20:00,3086527
78.9,85.8,84.6,74.3,2026-06-23 13:40:00,3086527
74.9,90.9,77.9,72.1,2026-06-23 14:00:00,3086527
73.5,94.8,76.5,71.9,2026-06-23 14:20:00,3086527
73.8,96.5,77.0,72.8,2026-06-23 14:40:00,3086527
75.1,95.6,78.8,73.7,2026-06-23 15:00:00,3086527
76.7,91.8,80.8,74.1,2026-06-23 15:20:00,3086527
78.1,90.0,83.7,74.9,2026-06-23 15:40:00,3086527
78.4,87.8,83.8,74.5,2026-06-23 16:00:00,3086527
78.8,85.7,84.6,74.1,2026-06-23 16:20:00,3086527
79.5,85.2,86.0,74.7,2026-06-23 16:40:00,3086527
80.3,83.5,87.3,74.8,2026-06-23 17:00:00,3086527
80.0,82.0,86.2,73.9,2026-06-23 17:20:00,3086527
81.0,79.5,87.8,74.0,2026-06-23 17:40:00,3086527
81.4,76.5,87.6,73.3,2026-06-23 18:00:00,3086527
81.6,73.9,87.3,72.5,2026-06-23 18:20:00,3086527
79.8,76.1,84.4,71.5,2026-06-23 18:40:00,3086527
77.1,76.1,79.2,69.0,2026-06-23 19:00:00,3086527
72.2,86.8,74.1,68.1,2026-06-23 19:20:00,3086527
71.2,92.4,72.9,68.8,2026-06-23 19:40:00,3086527
70.8,94.5,72.7,69.1,2026-06-23 20:00:00,3086527
70.7,95.7,72.3,69.4,2026-06-23 20:20:00,3086527
70.1,95.8,71.8,68.8,2026-06-23 20:40:00,3086527
69.5,96.4,71.2,68.4,2026-06-23 21:00:00,3086527
69.5,97.0,71.2,68.7,2026-06-23 21:20:00,3086527
69.2,97.3,70.7,68.4,2026-06-23 21:40:00,3086527
68.6,97.1,70.2,67.7,2026-06-23 22:00:00,3086527
68.3,97.8,70.0,67.6,2026-06-23 22:20:00,3086527
68.3,98.6,70.0,67.9,2026-06-23 22:40:00,3086527
68.0,98.8,69.8,67.7,2026-06-23 23:00:00,3086527
68.1,99.1,69.8,67.8,2026-06-23 23:20:00,3086527
67.7,99.1,69.3,67.5,2026-06-23 23:40:00,3086527
67.5,99.4,69.3,67.4,2026-06-24 00:00:00,3086527
67.8,99.8,69.6,67.8,2026-06-24 00:20:00,3086527
67.7,100.0,69.4,67.7,2026-06-24 00:40:00,3086527
67.3,99.9,69.1,67.2,2026-06-24 01:00:00,3086527
66.9,99.9,68.4,66.8,2026-06-24 01:20:00,3086527
66.6,100.0,68.2,66.6,2026-06-24 01:40:00,3086527
66.5,100.0,68.0,66.5,2026-06-24 02:00:00,3086527
66.6,100.0,68.2,66.6,2026-06-24 02:20:00,3086527
66.5,100.0,68.0,66.5,2026-06-24 02:40:00,3086527
66.4,100.0,68.0,66.4,2026-06-24 03:00:00,3086527
66.0,100.0,67.5,66.0,2026-06-24 03:20:00,3086527
65.6,100.0,67.1,65.6,2026-06-24 03:40:00,3086527
65.3,100.0,66.7,65.3,2026-06-24 04:00:00,3086527
65.0,100.0,66.6,65.0,2026-06-24 04:20:00,3086527
64.2,100.0,65.5,64.2,2026-06-24 04:40:00,3086527
63.4,100.0,64.8,63.4,2026-06-24 05:00:00,3086527
62.9,100.0,64.2,62.8,2026-06-24 05:20:00,3086527
62.3,100.0,63.7,62.3,2026-06-24 05:40:00,3086527
61.8,100.0,63.1,61.8,2026-06-24 06:00:00,3086527
61.4,100.0,62.8,61.4,2026-06-24 06:20:00,3086527
61.3,100.0,62.4,61.3,2026-06-24 06:40:00,3086527
61.5,100.0,63.0,61.5,2026-06-24 07:00:00,3086527
62.2,100.0,63.5,62.2,2026-06-24 07:20:00,3086527
63.3,99.1,64.6,63.1,2026-06-24 07:40:00,3086527
65.3,95.3,66.2,63.9,2026-06-24 08:00:00,3086527
67.7,89.3,68.5,64.4,2026-06-24 08:20:00,3086527
71.0,79.6,72.1,64.4,2026-06-24 08:40:00,3086527
73.3,67.3,73.8,61.8,2026-06-24 09:00:00,3086527
74.9,64.3,75.2,62.0,2026-06-24 09:20:00,3086527
75.7,60.2,75.6,60.9,2026-06-24 09:40:00,3086527
77.9,48.9,76.6,57.1,2026-06-24 10:00:00,3086527
78.1,45.9,76.8,55.6,2026-06-24 10:20:00,3086527
79.1,43.3,77.5,54.9,2026-06-24 10:40:00,3086527
82.8,44.1,82.4,58.8,2026-06-24 11:00:00,3086527
82.6,42.6,81.5,57.5,2026-06-24 11:20:00,3086527
80.7,43.0,79.5,56.2,2026-06-24 11:40:00,3086527
83.1,41.4,82.4,57.3,2026-06-24 12:00:00,3086527
80.9,40.1,79.2,54.5,2026-06-24 12:20:00,3086527
83.3,41.9,82.8,57.8,2026-06-24 12:40:00,3086527
82.8,40.3,81.7,56.2,2026-06-24 13:00:00,3086527
83.4,39.6,82.2,56.3,2026-06-24 13:20:00,3086527
82.3,40.0,81.0,55.6,2026-06-24 13:40:00,3086527
83.7,39.7,82.8,56.6,2026-06-24 14:00:00,3086527
85.4,38.8,84.9,57.5,2026-06-24 14:20:00,3086527
84.7,38.1,83.8,56.4,2026-06-24 14:40:00,3086527
83.3,39.4,82.2,56.0,2026-06-24 15:00:00,3086527
83.6,41.3,82.9,57.6,2026-06-24 15:20:00,3086527
85.1,39.5,84.9,57.7,2026-06-24 15:40:00,3086527
84.7,37.2,83.5,55.7,2026-06-24 16:00:00,3086527
82.3,38.9,80.6,54.8,2026-06-24 16:20:00,3086527
82.2,39.0,80.6,54.8,2026-06-24 16:40:00,3086527
84.7,43.6,84.9,60.1,2026-06-24 17:00:00,3086527
84.2,38.5,83.3,56.2,2026-06-24 17:20:00,3086527
83.6,44.6,83.5,59.8,2026-06-24 17:40:00,3086527
83.7,40.4,82.9,57.1,2026-06-24 18:00:00,3086527
82.6,44.2,82.2,58.7,2026-06-24 18:20:00,3086527
82.0,41.4,80.6,56.3,2026-06-24 18:40:00,3086527
81.0,45.5,80.2,58.0,2026-06-24 19:00:00,3086527
79.8,47.6,79.2,58.2,2026-06-24 19:20:00,3086527
79.5,48.5,78.8,58.4,2026-06-24 19:40:00,3086527
79.1,50.6,78.6,59.2,2026-06-24 20:00:00,3086527
77.8,52.3,77.2,59.0,2026-06-24 20:20:00,3086527
76.4,54.0,75.6,58.5,2026-06-24 20:40:00,3086527
74.9,56.8,74.5,58.6,2026-06-24 21:00:00,3086527
73.8,58.6,73.6,58.4,2026-06-24 21:20:00,3086527
73.0,62.7,73.0,59.5,2026-06-24 21:40:00,3086527
72.1,62.8,72.3,58.8,2026-06-24 22:00:00,3086527
71.5,65.4,71.8,59.3,2026-06-24 22:20:00,3086527
71.0,68.7,71.4,60.2,2026-06-24 22:40:00,3086527
70.7,67.5,70.9,59.4,2026-06-24 23:00:00,3086527
70.3,67.7,70.3,59.1,2026-06-24 23:20:00,3086527
69.9,68.9,70.0,59.2,2026-06-24 23:40:00,3086527
70.0,69.9,70.3,59.7,2026-06-25 00:00:00,3086527
70.7,66.9,70.9,59.1,2026-06-25 00:20:00,3086527
70.7,67.9,70.9,59.5,2026-06-25 00:40:00,3086527
70.1,69.2,70.3,59.6,2026-06-25 01:00:00,3086527
69.9,69.4,70.2,59.5,2026-06-25 01:20:00,3086527
69.3,71.5,69.4,59.7,2026-06-25 01:40:00,3086527
68.7,72.0,68.9,59.3,2026-06-25 02:00:00,3086527
68.7,71.6,68.7,59.2,2026-06-25 02:20:00,3086527
69.1,71.2,69.1,59.4,2026-06-25 02:40:00,3086527
68.9,72.2,69.1,59.6,2026-06-25 03:00:00,3086527
68.6,74.2,68.7,60.0,2026-06-25 03:20:00,3086527
68.3,76.7,68.4,60.7,2026-06-25 03:40:00,3086527
68.1,78.4,68.2,61.1,2026-06-25 04:00:00,3086527
67.6,80.5,67.6,61.4,2026-06-25 04:20:00,3086527
66.9,82.7,67.3,61.5,2026-06-25 04:40:00,3086527
66.8,84.7,67.3,62.0,2026-06-25 05:00:00,3086527
66.6,85.9,66.9,62.2,2026-06-25 05:20:00,3086527
66.3,87.4,66.7,62.5,2026-06-25 05:40:00,3086527
66.2,88.3,66.7,62.6,2026-06-25 06:00:00,3086527
66.4,89.0,67.1,63.0,2026-06-25 06:20:00,3086527
66.5,89.9,67.1,63.4,2026-06-25 06:40:00,3086527
67.3,89.6,68.2,64.2,2026-06-25 07:00:00,3086527
69.0,87.1,70.0,65.0,2026-06-25 07:20:00,3086527
70.7,83.9,71.8,65.5,2026-06-25 07:40:00,3086527
72.0,81.6,73.4,66.1,2026-06-25 08:00:00,3086527
74.1,79.4,75.7,67.3,2026-06-25 08:20:00,3086527
76.6,74.7,78.3,68.0,2026-06-25 08:40:00,3086527
76.9,73.3,78.4,67.7,2026-06-25 09:00:00,3086527
77.3,70.9,79.0,67.2,2026-06-25 09:20:00,3086527
79.4,71.2,82.8,69.2,2026-06-25 09:40:00,3086527
80.9,64.1,83.7,67.7,2026-06-25 10:00:00,3086527
80.4,62.2,82.4,66.3,2026-06-25 10:20:00,3086527
82.0,60.4,84.6,67.0,2026-06-25 10:40:00,3086527
83.5,58.5,87.1,67.4,2026-06-25 11:00:00,3086527
83.1,57.4,86.0,66.5,2026-06-25 11:20:00,3086527
84.0,53.2,86.4,65.1,2026-06-25 11:40:00,3086527
82.0,52.0,82.8,62.6,2026-06-25 12:00:00,3086527
83.5,54.0,85.8,65.2,2026-06-25 12:20:00,3086527
83.8,50.0,85.3,63.2,2026-06-25 12:40:00,3086527
84.1,44.0,84.2,59.8,2026-06-25 13:00:00,3086527
86.2,46.4,88.3,63.2,2026-06-25 13:20:00,3086527
85.9,44.4,87.1,61.7,2026-06-25 13:40:00,3086527
86.9,45.4,89.1,63.3,2026-06-25 14:00:00,3086527
87.7,46.2,90.5,64.5,2026-06-25 14:20:00,3086527
86.6,48.2,89.6,64.8,2026-06-25 14:40:00,3086527
86.0,45.9,87.8,62.8,2026-06-25 15:00:00,3086527
86.2,46.5,88.3,63.3,2026-06-25 15:20:00,3086527
85.4,46.2,86.9,62.4,2026-06-25 15:40:00,3086527
85.3,47.7,87.3,63.2,2026-06-25 16:00:00,3086527
87.5,47.1,90.7,64.9,2026-06-25 16:20:00,3086527
86.2,46.9,88.5,63.6,2026-06-25 16:40:00,3086527
87.4,45.9,89.8,64.0,2026-06-25 17:00:00,3086527
85.6,50.0,88.3,64.8,2026-06-25 17:20:00,3086527
85.9,48.4,88.3,64.2,2026-06-25 17:40:00,3086527
86.0,47.7,88.2,63.8,2026-06-25 18:00:00,3086527
85.3,48.5,87.6,63.7,2026-06-25 18:20:00,3086527
84.9,50.1,87.3,64.3,2026-06-25 18:40:00,3086527
84.1,52.1,86.4,64.6,2026-06-25 19:00:00,3086527
83.9,53.4,86.4,65.1,2026-06-25 19:20:00,3086527
83.5,53.7,85.8,64.9,2026-06-25 19:40:00,3086527
82.6,54.6,84.4,64.6,2026-06-25 20:00:00,3086527
81.7,56.4,83.3,64.7,2026-06-25 20:20:00,3086527
80.8,58.6,82.6,64.9,2026-06-25 20:40:00,3086527
80.0,60.4,81.5,65.1,2026-06-25 21:00:00,3086527
78.9,62.8,80.2,65.2,2026-06-25 21:20:00,3086527
78.0,64.5,79.2,65.1,2026-06-25 21:40:00,3086527
77.2,66.3,78.3,65.1,2026-06-25 22:00:00,3086527
76.6,68.6,77.5,65.5,2026-06-25 22:20:00,3086527
76.1,69.8,77.0,65.5,2026-06-25 22:40:00,3086527
75.1,73.0,76.3,65.9,2026-06-25 23:00:00,3086527
74.6,72.9,75.6,65.3,2026-06-25 23:20:00,3086527
74.2,73.9,75.4,65.3,2026-06-25 23:40:00,3086527
74.0,76.1,75.4,65.9,2026-06-26 00:00:00,3086527
73.3,76.7,74.7,65.5,2026-06-26 00:20:00,3086527
73.3,75.6,74.5,65.2,2026-06-26 00:40:00,3086527
73.3,74.6,74.3,64.8,2026-06-26 01:00:00,3086527
73.0,75.5,74.1,64.8,2026-06-26 01:20:00,3086527
72.9,76.0,74.1,64.9,2026-06-26 01:40:00,3086527
73.4,74.9,74.5,65.0,2026-06-26 02:00:00,3086527
73.3,75.2,74.5,65.0,2026-06-26 02:20:00,3086527
73.0,76.2,74.1,65.0,2026-06-26 02:40:00,3086527
73.0,76.2,74.1,65.1,2026-06-26 03:00:00,3086527
73.1,76.5,74.5,65.2,2026-06-26 03:20:00,3086527
73.4,76.5,74.8,65.6,2026-06-26 03:40:00,3086527
73.5,76.5,74.8,65.6,2026-06-26 04:00:00,3086527
73.4,77.3,74.7,65.8,2026-06-26 04:20:00,3086527
72.8,78.6,74.1,65.8,2026-06-26 04:40:00,3086527
72.0,80.3,73.4,65.6,2026-06-26 05:00:00,3086527
71.3,82.5,72.7,65.7,2026-06-26 05:20:00,3086527
70.9,83.4,72.3,65.6,2026-06-26 05:40:00,3086527
70.3,84.2,71.4,65.3,2026-06-26 06:00:00,3086527
70.1,85.7,71.2,65.6,2026-06-26 06:20:00,3086527
70.2,86.7,71.6,66.0,2026-06-26 06:40:00,3086527
71.0,86.2,72.3,66.6,2026-06-26 07:00:00,3086527
72.1,85.5,73.6,67.5,2026-06-26 07:20:00,3086527
73.7,82.0,75.6,67.9,2026-06-26 07:40:00,3086527
76.1,80.1,78.3,69.5,2026-06-26 08:00:00,3086527
78.1,75.1,81.1,69.5,2026-06-26 08:20:00,3086527
78.5,72.0,81.1,68.7,2026-06-26 08:40:00,3086527
81.4,71.2,86.4,71.2,2026-06-26 09:00:00,3086527
80.3,67.0,83.5,68.3,2026-06-26 09:20:00,3086527
82.5,66.5,87.1,70.2,2026-06-26 09:40:00,3086527
82.6,65.5,86.7,69.8,2026-06-26 10:00:00,3086527
83.4,62.9,88.0,69.5,2026-06-26 10:20:00,3086527
83.3,61.5,87.3,68.7,2026-06-26 10:40:00,3086527
85.4,57.0,90.1,68.5,2026-06-26 11:00:00,3086527
85.7,53.3,89.8,66.8,2026-06-26 11:20:00,3086527
83.9,56.0,87.1,66.5,2026-06-26 11:40:00,3086527
83.3,57.8,86.2,66.8,2026-06-26 12:00:00,3086527
80.0,71.1,83.7,69.8,2026-06-26 12:20:00,3086527
84.2,66.3,90.7,71.7,2026-06-26 12:40:00,3086527
87.7,56.7,94.6,70.4,2026-06-26 13:00:00,3086527
87.1,52.8,92.1,67.8,2026-06-26 13:20:00,3086527
87.5,50.9,91.9,67.1,2026-06-26 13:40:00,3086527
88.6,52.2,94.6,68.8,2026-06-26 14:00:00,3086527
89.5,52.8,97.2,69.9,2026-06-26 14:20:00,3086527
90.5,53.8,99.7,71.5,2026-06-26 14:40:00,3086527
88.2,50.9,93.4,67.7,2026-06-26 15:00:00,3086527
88.1,55.0,94.8,69.9,2026-06-26 15:20:00,3086527
88.1,55.2,94.8,70.0,2026-06-26 15:40:00,3086527
86.6,57.5,92.8,69.8,2026-06-26 16:00:00,3086527
86.1,56.4,91.4,68.7,2026-06-26 16:20:00,3086527
86.4,58.0,92.7,69.9,2026-06-26 16:40:00,3086527
84.7,61.9,90.3,70.2,2026-06-26 17:00:00,3086527
83.9,66.8,90.3,71.7,2026-06-26 17:20:00,3086527
84.7,65.9,91.8,72.0,2026-06-26 17:40:00,3086527
85.0,61.5,90.9,70.2,2026-06-26 18:00:00,3086527
84.4,64.7,90.9,71.2,2026-06-26 18:20:00,3086527
83.5,65.0,89.1,70.5,2026-06-26 18:40:00,3086527
82.8,68.6,88.5,71.5,2026-06-26 19:00:00,3086527
81.2,69.7,85.6,70.3,2026-06-26 19:20:00,3086527
80.7,68.0,84.2,69.1,2026-06-26 19:40:00,3086527
80.3,67.5,83.7,68.6,2026-06-26 20:00:00,3086527
79.7,68.8,82.8,68.5,2026-06-26 20:20:00,3086527
78.5,70.5,81.0,68.1,2026-06-26 20:40:00,3086527
78.0,72.3,80.4,68.3,2026-06-26 21:00:00,3086527
77.4,74.1,79.7,68.5,2026-06-26 21:20:00,3086527
77.0,76.3,79.2,69.0,2026-06-26 21:40:00,3086527
76.8,78.0,78.8,69.4,2026-06-26 22:00:00,3086527
76.6,79.9,79.2,69.9,2026-06-26 22:20:00,3086527
76.5,81.2,79.0,70.3,2026-06-26 22:40:00,3086527
76.4,82.8,78.8,70.8,2026-06-26 23:00:00,3086527
76.1,84.0,78.6,70.9,2026-06-26 23:20:00,3086527
75.8,85.1,78.4,71.0,2026-06-26 23:40:00,3086527
75.7,86.3,78.4,71.3,2026-06-27 00:00:00,3086527
75.1,87.4,77.9,71.1,2026-06-27 00:20:00,3086527
74.8,88.3,77.4,71.1,2026-06-27 00:40:00,3086527
74.5,89.2,77.4,71.1,2026-06-27 01:00:00,3086527
74.3,89.9,76.8,71.1,2026-06-27 01:20:00,3086527
74.0,90.5,76.8,71.0,2026-06-27 01:40:00,3086527
73.8,91.0,76.5,71.0,2026-06-27 02:00:00,3086527
73.5,91.8,76.1,71.0,2026-06-27 02:20:00,3086527
73.5,92.5,76.1,71.2,2026-06-27 02:40:00,3086527
73.5,92.7,76.3,71.2,2026-06-27 03:00:00,3086527
73.5,93.4,76.3,71.5,2026-06-27 03:20:00,3086527
73.7,93.9,76.6,71.8,2026-06-27 03:40:00,3086527
73.7,94.2,76.6,72.0,2026-06-27 04:00:00,3086527
73.7,94.3,76.6,72.0,2026-06-27 04:20:00,3086527
73.7,94.5,76.6,72.0,2026-06-27 04:40:00,3086527
73.5,94.9,76.5,71.9,2026-06-27 05:00:00,3086527
73.5,94.5,76.5,71.8,2026-06-27 05:20:00,3086527
73.3,94.9,76.1,71.7,2026-06-27 05:40:00,3086527
73.3,95.3,76.3,71.9,2026-06-27 06:00:00,3086527
73.5,95.2,76.5,72.0,2026-06-27 06:20:00,3086527
73.6,94.7,76.6,72.0,2026-06-27 06:40:00,3086527
73.9,94.1,76.8,72.1,2026-06-27 07:00:00,3086527
74.6,93.1,77.7,72.4,2026-06-27 07:20:00,3086527
75.5,91.7,78.8,73.0,2026-06-27 07:40:00,3086527
75.7,90.3,79.0,72.6,2026-06-27 08:00:00,3086527
77.6,88.0,82.2,73.7,2026-06-27 08:20:00,3086527
79.4,84.2,85.5,74.2,2026-06-27 08:40:00,3086527
80.2,81.2,86.4,73.9,2026-06-27 09:00:00,3086527
83.1,75.7,91.6,74.7,2026-06-27 09:20:00,3086527
85.1,74.8,95.7,76.2,2026-06-27 09:40:00,3086527
86.5,71.3,98.1,76.0,2026-06-27 10:00:00,3086527
87.4,66.6,98.1,74.9,2026-06-27 10:20:00,3086527
88.7,65.4,100.8,75.6,2026-06-27 10:40:00,3086527
87.8,65.4,98.8,74.8,2026-06-27 11:00:00,3086527
87.6,61.8,96.6,72.9,2026-06-27 11:20:00,3086527
88.1,62.3,97.9,73.6,2026-06-27 11:40:00,3086527
87.9,61.9,97.2,73.2,2026-06-27 12:00:00,3086527
89.8,62.7,102.7,75.3,2026-06-27 12:20:00,3086527
90.9,58.3,103.1,74.2,2026-06-27 12:40:00,3086527
91.0,56.4,102.0,73.3,2026-06-27 13:00:00,3086527
92.0,57.2,105.3,74.7,2026-06-27 13:20:00,3086527
91.1,53.4,100.9,71.8,2026-06-27 13:40:00,3086527
90.0,57.0,100.2,72.7,2026-06-27 14:00:00,3086527
84.4,59.9,89.2,69.0,2026-06-27 14:20:00,3086527
86.1,61.7,93.2,71.4,2026-06-27 14:40:00,3086527
89.1,59.9,99.3,73.3,2026-06-27 15:00:00,3086527
88.7,60.5,98.8,73.3,2026-06-27 15:20:00,3086527
80.7,70.9,84.9,70.4,2026-06-27 15:40:00,3086527
75.9,84.7,78.4,70.9,2026-06-27 16:00:00,3086527
77.6,87.2,82.0,73.5,2026-06-27 16:20:00,3086527
80.8,87.1,89.4,76.6,2026-06-27 16:40:00,3086527
83.4,83.5,94.6,77.8,2026-06-27 17:00:00,3086527
82.6,78.1,90.3,75.0,2026-06-27 17:20:00,3086527
83.2,78.0,92.3,75.6,2026-06-27 17:40:00,3086527
85.0,73.1,95.2,75.4,2026-06-27 18:00:00,3086527
85.7,69.2,95.5,74.4,2026-06-27 18:20:00,3086527
84.8,70.8,93.9,74.2,2026-06-27 18:40:00,3086527
83.9,74.5,93.0,74.9,2026-06-27 19:00:00,3086527
83.5,75.2,92.3,74.8,2026-06-27 19:20:00,3086527
83.0,75.6,90.9,74.5,2026-06-27 19:40:00,3086527
81.9,78.9,89.4,74.7,2026-06-27 20:00:00,3086527
81.4,80.3,88.5,74.8,2026-06-27 20:20:00,3086527
80.8,81.0,87.6,74.4,2026-06-27 20:40:00,3086527
80.0,81.8,86.0,73.9,2026-06-27 21:00:00,3086527
79.5,80.7,84.7,73.0,2026-06-27 21:20:00,3086527
78.5,82.5,83.3,72.8,2026-06-27 21:40:00,3086527
78.3,80.6,82.6,71.9,2026-06-27 22:00:00,3086527
77.9,78.1,81.0,70.5,2026-06-27 22:20:00,3086527
77.4,77.8,80.2,69.9,2026-06-27 22:40:00,3086527
76.8,80.1,79.2,70.2,2026-06-27 23:00:00,3086527
76.1,81.4,78.4,70.0,2026-06-27 23:20:00,3086527
75.9,82.7,78.3,70.2,2026-06-27 23:40:00,3086527
75.6,84.0,78.1,70.4,2026-06-28 00:00:00,3086527
75.0,84.8,77.4,70.1,2026-06-28 00:20:00,3086527
74.4,85.7,76.6,69.9,2026-06-28 00:40:00,3086527
74.1,86.6,76.5,69.8,2026-06-28 01:00:00,3086527
74.2,87.0,76.6,70.0,2026-06-28 01:20:00,3086527
74.0,87.4,76.5,70.0,2026-06-28 01:40:00,3086527
73.5,88.3,75.7,69.9,2026-06-28 02:00:00,3086527
73.0,89.2,75.2,69.6,2026-06-28 02:20:00,3086527
72.7,90.4,75.0,69.7,2026-06-28 02:40:00,3086527
72.5,91.0,74.8,69.7,2026-06-28 03:00:00,3086527
72.3,91.2,74.3,69.6,2026-06-28 03:20:00,3086527
72.1,92.0,74.1,69.6,2026-06-28 03:40:00,3086527
72.0,92.7,74.1,69.8,2026-06-28 04:00:00,3086527
72.0,92.8,74.1,69.8,2026-06-28 04:20:00,3086527
71.9,93.0,73.9,69.7,2026-06-28 04:40:00,3086527
71.5,93.8,73.6,69.7,2026-06-28 05:00:00,3086527
71.3,94.4,73.4,69.6,2026-06-28 05:20:00,3086527
71.3,94.5,73.4,69.6,2026-06-28 05:40:00,3086527
71.3,94.5,73.4,69.6,2026-06-28 06:00:00,3086527
71.3,94.4,73.4,69.6,2026-06-28 06:20:00,3086527
71.4,94.2,73.4,69.6,2026-06-28 06:40:00,3086527
72.0,94.2,74.3,70.2,2026-06-28 07:00:00,3086527
72.9,91.7,75.4,70.3,2026-06-28 07:20:00,3086527
74.0,89.3,76.6,70.7,2026-06-28 07:40:00,3086527
77.3,82.5,80.6,71.5,2026-06-28 08:00:00,3086527
76.3,81.2,78.6,70.1,2026-06-28 08:20:00,3086527
77.1,82.0,80.2,71.2,2026-06-28 08:40:00,3086527
77.6,82.3,81.3,71.8,2026-06-28 09:00:00,3086527
79.4,78.2,84.2,72.0,2026-06-28 09:20:00,3086527
79.2,80.0,84.2,72.4,2026-06-28 09:40:00,3086527
80.4,76.9,86.0,72.5,2026-06-28 10:00:00,3086527
83.0,73.6,90.3,73.7,2026-06-28 10:20:00,3086527
83.0,71.2,89.6,72.7,2026-06-28 10:40:00,3086527
83.4,70.1,90.1,72.6,2026-06-28 11:00:00,3086527
84.3,70.0,92.3,73.5,2026-06-28 11:20:00,3086527
86.5,63.7,94.8,72.8,2026-06-28 11:40:00,3086527
86.6,64.4,95.5,73.1,2026-06-28 12:00:00,3086527
89.4,62.7,101.3,75.0,2026-06-28 12:20:00,3086527
86.3,59.2,92.7,70.4,2026-06-28 12:40:00,3086527
87.5,62.8,96.8,73.3,2026-06-28 13:00:00,3086527
87.5,63.4,97.2,73.6,2026-06-28 13:20:00,3086527
88.8,60.2,98.6,73.2,2026-06-28 13:40:00,3086527
89.3,60.3,99.9,73.8,2026-06-28 14:00:00,3086527
89.6,57.5,99.1,72.6,2026-06-28 14:20:00,3086527
89.4,57.8,99.0,72.6,2026-06-28 14:40:00,3086527
88.9,58.1,98.1,72.2,2026-06-28 15:00:00,3086527
89.8,56.0,99.3,72.0,2026-06-28 15:20:00,3086527
90.4,53.6,99.5,71.3,2026-06-28 15:40:00,3086527
91.9,53.2,102.6,72.5,2026-06-28 16:00:00,3086527
87.4,61.9,95.9,72.7,2026-06-28 16:20:00,3086527
87.2,65.5,97.2,74.2,2026-06-28 16:40:00,3086527
86.1,65.2,94.6,73.0,2026-06-28 17:00:00,3086527
83.4,71.4,90.5,73.2,2026-06-28 17:20:00,3086527
82.6,74.8,89.2,73.7,2026-06-28 17:40:00,3086527
81.4,78.3,88.2,73.9,2026-06-28 18:00:00,3086527
76.5,86.7,79.7,72.2,2026-06-28 18:20:00,3086527
74.6,92.5,77.5,72.2,2026-06-28 18:40:00,3086527
74.4,96.0,77.7,73.1,2026-06-28 19:00:00,3086527
74.0,96.3,77.2,72.8,2026-06-28 19:20:00,3086527
74.1,97.2,77.4,73.3,2026-06-28 19:40:00,3086527
74.4,98.0,78.1,73.8,2026-06-28 20:00:00,3086527
74.5,98.4,78.3,74.0,2026-06-28 20:20:00,3086527
74.6,98.5,78.3,74.1,2026-06-28 20:40:00,3086527
74.7,98.8,78.8,74.3,2026-06-28 21:00:00,3086527
74.6,99.2,78.4,74.4,2026-06-28 21:20:00,3086527
74.4,99.3,78.3,74.2,2026-06-28 21:40:00,3086527
74.2,99.3,77.9,74.0,2026-06-28 22:00:00,3086527
73.8,99.2,77.4,73.6,2026-06-28 22:20:00,3086527
73.6,99.4,77.2,73.4,2026-06-28 22:40:00,3086527
73.5,99.7,76.8,73.4,2026-06-28 23:00:00,3086527
73.4,99.9,76.8,73.4,2026-06-28 23:20:00,3086527
73.4,99.7,76.6,73.3,2026-06-28 23:40:00,3086527
72.9,99.7,76.1,72.8,2026-06-29 00:00:00,3086527
72.8,100.0,75.7,72.8,2026-06-29 00:20:00,3086527
72.8,100.0,75.7,72.8,2026-06-29 00:40:00,3086527
72.8,100.0,75.7,72.7,2026-06-29 01:00:00,3086527
72.8,100.0,75.7,72.8,2026-06-29 01:20:00,3086527
72.8,100.0,75.7,72.7,2026-06-29 01:40:00,3086527
72.6,100.0,75.6,72.6,2026-06-29 02:00:00,3086527
72.3,100.0,75.0,72.3,2026-06-29 02:20:00,3086527
72.1,100.0,75.0,72.1,2026-06-29 02:40:00,3086527
72.0,100.0,74.7,72.0,2026-06-29 03:00:00,3086527
72.4,100.0,75.2,72.4,2026-06-29 03:20:00,3086527
72.7,100.0,75.7,72.7,2026-06-29 03:40:00,3086527
72.9,100.0,76.1,72.9,2026-06-29 04:00:00,3086527
72.8,100.0,75.7,72.8,2026-06-29 04:20:00,3086527
72.7,100.0,75.7,72.7,2026-06-29 04:40:00,3086527
72.5,100.0,75.6,72.5,2026-06-29 05:00:00,3086527
72.3,100.0,75.2,72.3,2026-06-29 05:20:00,3086527
72.1,100.0,74.7,72.1,2026-06-29 05:40:00,3086527
71.9,100.0,74.5,71.9,2026-06-29 06:00:00,3086527
72.0,100.0,74.7,72.0,2026-06-29 06:20:00,3086527
72.1,100.0,74.7,72.1,2026-06-29 06:40:00,3086527
72.1,100.0,75.0,72.1,2026-06-29 07:00:00,3086527
72.4,99.8,75.2,72.3,2026-06-29 07:20:00,3086527
72.6,98.6,75.4,72.1,2026-06-29 07:40:00,3086527
73.2,97.7,76.3,72.5,2026-06-29 08:00:00,3086527
85.5,33.5,83.8,53.5,2026-06-15 13:20:00,2401086
87.7,34.4,86.9,56.2,2026-06-15 13:40:00,2401086
90.7,32.7,90.9,57.4,2026-06-15 14:00:00,2401086
88.9,30.2,87.4,53.7,2026-06-15 14:20:00,2401086
88.7,28.7,86.5,52.0,2026-06-15 14:40:00,2401086
88.8,28.1,86.5,51.6,2026-06-15 15:00:00,2401086
89.3,28.8,87.4,52.7,2026-06-15 15:20:00,2401086
90.1,27.5,88.5,52.2,2026-06-15 15:40:00,2401086
89.3,27.3,87.1,51.3,2026-06-15 16:00:00,2401086
89.4,29.0,87.6,53.0,2026-06-15 16:20:00,2401086
89.8,30.1,88.7,54.3,2026-06-15 16:40:00,2401086
89.2,29.0,87.3,52.8,2026-06-15 17:00:00,2401086
89.3,27.7,87.3,51.6,2026-06-15 17:20:00,2401086
90.6,27.7,89.1,52.8,2026-06-15 17:40:00,2401086
88.5,28.5,86.5,51.7,2026-06-15 18:00:00,2401086
89.0,29.5,87.3,53.1,2026-06-15 18:20:00,2401086
88.4,30.2,86.5,53.2,2026-06-15 18:40:00,2401086
87.3,30.9,85.5,53.0,2026-06-15 19:00:00,2401086
87.7,31.1,85.8,53.3,2026-06-15 19:20:00,2401086
85.6,32.1,83.5,52.4,2026-06-15 19:40:00,2401086
85.2,33.5,83.5,53.3,2026-06-15 20:00:00,2401086
84.1,34.2,82.2,52.8,2026-06-15 20:20:00,2401086
82.9,35.5,80.8,52.8,2026-06-15 20:40:00,2401086
81.8,36.5,79.5,52.7,2026-06-15 21:00:00,2401086
80.9,37.1,78.8,52.3,2026-06-15 21:20:00,2401086
80.3,38.3,78.3,52.7,2026-06-15 21:40:00,2401086
79.3,39.1,77.2,52.3,2026-06-15 22:00:00,2401086
78.9,40.7,77.0,53.1,2026-06-15 22:20:00,2401086
77.9,42.2,76.1,53.1,2026-06-15 22:40:00,2401086
76.8,44.1,75.0,53.4,2026-06-15 23:00:00,2401086
76.1,45.4,74.3,53.4,2026-06-15 23:20:00,2401086
75.5,46.1,73.8,53.4,2026-06-15 23:40:00,2401086
74.4,49.0,73.2,54.0,2026-06-16 00:00:00,2401086
73.1,52.9,72.3,54.9,2026-06-16 00:20:00,2401086
73.8,49.7,72.7,53.8,2026-06-16 00:40:00,2401086
73.0,51.3,72.0,53.9,2026-06-16 01:00:00,2401086
72.8,51.2,71.8,53.8,2026-06-16 01:20:00,2401086
72.1,51.9,71.2,53.5,2026-06-16 01:40:00,2401086
72.1,52.0,71.2,53.5,2026-06-16 02:00:00,2401086
71.5,52.1,70.7,53.1,2026-06-16 02:20:00,2401086
71.4,52.6,70.7,53.2,2026-06-16 02:40:00,2401086
70.4,53.9,69.8,52.9,2026-06-16 03:00:00,2401086
70.0,54.3,69.3,52.8,2026-06-16 03:20:00,2401086
70.2,53.4,69.4,52.4,2026-06-16 03:40:00,2401086
69.5,54.0,68.4,52.1,2026-06-16 04:00:00,2401086
69.6,54.3,68.4,52.4,2026-06-16 04:20:00,2401086
69.4,54.3,68.2,52.2,2026-06-16 04:40:00,2401086
69.1,54.8,67.6,52.1,2026-06-16 05:00:00,2401086
68.8,55.5,67.6,52.2,2026-06-16 05:20:00,2401086
69.0,55.1,67.8,52.2,2026-06-16 05:40:00,2401086
69.2,54.8,68.0,52.2,2026-06-16 06:00:00,2401086
69.3,55.3,68.4,52.6,2026-06-16 06:20:00,2401086
69.0,56.2,67.8,52.8,2026-06-16 06:40:00,2401086
69.3,56.7,68.4,53.2,2026-06-16 07:00:00,2401086
69.9,56.8,69.1,53.9,2026-06-16 07:20:00,2401086
70.6,56.6,70.2,54.5,2026-06-16 07:40:00,2401086
71.0,56.1,70.5,54.6,2026-06-16 08:00:00,2401086
71.7,55.6,71.2,55.0,2026-06-16 08:20:00,2401086
72.3,54.8,71.8,55.2,2026-06-16 08:40:00,2401086
73.2,53.1,72.5,55.1,2026-06-16 09:00:00,2401086
74.0,51.6,73.0,55.0,2026-06-16 09:20:00,2401086
74.5,50.7,73.6,55.0,2026-06-16 09:40:00,2401086
76.8,49.1,75.4,56.2,2026-06-16 10:00:00,2401086
78.9,46.8,77.9,56.9,2026-06-16 10:20:00,2401086
80.5,46.0,79.7,57.8,2026-06-16 10:40:00,2401086
78.9,43.8,77.4,55.1,2026-06-16 11:00:00,2401086
82.1,43.1,81.1,57.5,2026-06-16 11:20:00,2401086
79.2,44.1,77.9,55.5,2026-06-16 11:40:00,2401086
82.8,41.5,81.9,57.1,2026-06-16 12:00:00,2401086
82.3,41.6,81.1,56.7,2026-06-16 12:20:00,2401086
83.7,39.6,82.8,56.5,2026-06-16 12:40:00,2401086
83.7,40.2,82.9,57.0,2026-06-16 13:00:00,2401086
83.4,39.8,82.2,56.4,2026-06-16 13:20:00,2401086
86.4,37.4,86.0,57.3,2026-06-16 13:40:00,2401086
86.9,34.8,85.8,55.8,2026-06-16 14:00:00,2401086
87.0,36.7,86.5,57.3,2026-06-16 14:20:00,2401086
86.5,35.9,85.6,56.3,2026-06-16 14:40:00,2401086
88.8,35.3,88.9,57.9,2026-06-16 15:00:00,2401086
86.5,35.9,85.6,56.3,2026-06-16 15:20:00,2401086
84.8,38.8,84.2,56.9,2026-06-16 15:40:00,2401086
85.1,40.1,85.1,58.2,2026-06-16 16:00:00,2401086
84.5,40.8,84.0,58.1,2026-06-16 16:20:00,2401086
85.2,40.8,85.1,58.7,2026-06-16 16:40:00,2401086
84.8,42.2,84.9,59.3,2026-06-16 17:00:00,2401086
84.9,42.4,85.1,59.5,2026-06-16 17:20:00,2401086
83.6,41.8,82.9,57.9,2026-06-16 17:40:00,2401086
83.7,43.1,83.7,58.9,2026-06-16 18:00:00,2401086
82.6,45.4,82.4,59.4,2026-06-16 18:20:00,2401086
82.4,46.6,82.0,59.9,2026-06-16 18:40:00,2401086
82.5,46.5,82.2,59.9,2026-06-16 19:00:00,2401086
82.0,46.5,81.5,59.5,2026-06-16 19:20:00,2401086
81.3,47.7,81.0,59.6,2026-06-16 19:40:00,2401086
81.2,48.6,81.1,60.0,2026-06-16 20:00:00,2401086
80.9,50.2,81.0,60.7,2026-06-16 20:20:00,2401086
80.3,51.6,80.4,60.8,2026-06-16 20:40:00,2401086
79.9,52.3,80.1,60.9,2026-06-16 21:00:00,2401086
79.3,53.4,79.3,60.9,2026-06-16 21:20:00,2401086
78.9,52.5,78.6,60.1,2026-06-16 21:40:00,2401086
78.7,52.0,78.4,59.6,2026-06-16 22:00:00,2401086
78.4,52.9,77.9,59.8,2026-06-16 22:20:00,2401086
77.8,53.8,77.4,59.7,2026-06-16 22:40:00,2401086
77.4,54.8,77.0,59.9,2026-06-16 23:00:00,2401086
76.8,55.7,76.1,59.7,2026-06-16 23:20:00,2401086
76.3,56.7,75.9,59.9,2026-06-16 23:40:00,2401086
75.8,57.8,75.4,59.9,2026-06-17 00:00:00,2401086
75.4,59.3,75.2,60.2,2026-06-17 00:20:00,2401086
75.0,60.6,74.8,60.5,2026-06-17 00:40:00,2401086
74.6,62.1,74.7,60.7,2026-06-17 01:00:00,2401086
74.2,63.3,74.5,61.0,2026-06-17 01:20:00,2401086
73.8,64.8,74.1,61.3,2026-06-17 01:40:00,2401086
73.5,66.4,73.9,61.6,2026-06-17 02:00:00,2401086
73.1,68.0,73.6,61.9,2026-06-17 02:20:00,2401086
72.6,69.8,73.2,62.2,2026-06-17 02:40:00,2401086
72.5,71.0,73.0,62.5,2026-06-17 03:00:00,2401086
72.2,72.3,73.0,62.8,2026-06-17 03:20:00,2401086
72.0,73.6,72.9,63.1,2026-06-17 03:40:00,2401086
71.8,74.6,72.7,63.3,2026-06-17 04:00:00,2401086
71.7,75.5,72.7,63.5,2026-06-17 04:20:00,2401086
71.4,76.6,72.3,63.6,2026-06-17 04:40:00,2401086
71.3,77.5,72.3,63.8,2026-06-17 05:00:00,2401086
71.0,78.0,72.0,63.8,2026-06-17 05:20:00,2401086
70.8,78.8,71.8,63.9,2026-06-17 05:40:00,2401086
70.7,79.3,71.6,63.9,2026-06-17 06:00:00,2401086
70.5,79.7,71.4,63.9,2026-06-17 06:20:00,2401086
70.6,80.1,71.6,64.2,2026-06-17 06:40:00,2401086
70.8,79.8,72.0,64.3,2026-06-17 07:00:00,2401086
71.4,78.9,72.5,64.5,2026-06-17 07:20:00,2401086
72.4,77.9,73.6,65.1,2026-06-17 07:40:00,2401086
73.2,76.1,74.5,65.3,2026-06-17 08:00:00,2401086
74.1,75.2,75.4,65.7,2026-06-17 08:20:00,2401086
74.5,73.1,75.6,65.3,2026-06-17 08:40:00,2401086
75.7,70.2,76.5,65.3,2026-06-17 09:00:00,2401086
76.6,67.1,77.4,64.9,2026-06-17 09:20:00,2401086
77.5,62.9,77.9,63.9,2026-06-17 09:40:00,2401086
79.4,56.1,80.1,62.3,2026-06-17 10:00:00,2401086
82.0,51.5,82.6,62.3,2026-06-17 10:20:00,2401086
85.0,46.7,86.4,62.3,2026-06-17 10:40:00,2401086
86.0,42.8,86.7,60.7,2026-06-17 11:00:00,2401086
87.5,40.2,88.3,60.3,2026-06-17 11:20:00,2401086
89.8,39.6,91.8,62.0,2026-06-17 11:40:00,2401086
87.8,39.1,88.5,59.8,2026-06-17 12:00:00,2401086
89.1,35.7,89.4,58.4,2026-06-17 12:20:00,2401086
89.0,35.8,89.2,58.4,2026-06-17 12:40:00,2401086
92.2,32.7,93.2,58.7,2026-06-17 13:00:00,2401086
91.3,29.2,90.3,54.8,2026-06-17 13:20:00,2401086
91.1,30.7,90.7,56.0,2026-06-17 13:40:00,2401086
91.5,30.0,90.9,55.7,2026-06-17 14:00:00,2401086
92.1,32.1,92.8,58.1,2026-06-17 14:20:00,2401086
92.6,31.4,93.0,57.9,2026-06-17 14:40:00,2401086
92.7,33.3,94.1,59.6,2026-06-17 15:00:00,2401086
92.1,33.4,93.4,59.3,2026-06-17 15:20:00,2401086
94.3,31.0,95.4,59.0,2026-06-17 15:40:00,2401086
92.5,31.2,93.0,57.7,2026-06-17 16:00:00,2401086
92.5,31.3,92.8,57.7,2026-06-17 16:20:00,2401086
93.2,30.4,93.4,57.5,2026-06-17 16:40:00,2401086
94.4,30.0,95.2,58.2,2026-06-17 17:00:00,2401086
93.9,32.2,95.5,59.7,2026-06-17 17:20:00,2401086
94.2,29.1,94.6,57.1,2026-06-17 17:40:00,2401086
93.5,30.5,94.1,57.9,2026-06-17 18:00:00,2401086
94.6,30.4,95.5,58.7,2026-06-17 18:20:00,2401086
93.3,30.4,93.7,57.6,2026-06-17 18:40:00,2401086
92.8,33.0,94.1,59.5,2026-06-17 19:00:00,2401086
90.4,36.7,91.9,60.4,2026-06-17 19:20:00,2401086
89.6,39.5,91.8,61.7,2026-06-17 19:40:00,2401086
89.1,40.9,91.2,62.3,2026-06-17 20:00:00,2401086
88.4,42.0,90.3,62.5,2026-06-17 20:20:00,2401086
87.7,44.0,89.8,63.1,2026-06-17 20:40:00,2401086
86.9,46.9,89.2,64.1,2026-06-17 21:00:00,2401086
86.2,49.5,89.4,65.0,2026-06-17 21:20:00,2401086
85.4,51.4,88.5,65.5,2026-06-17 21:40:00,2401086
84.8,53.9,88.2,66.3,2026-06-17 22:00:00,2401086
84.2,56.1,87.8,66.8,2026-06-17 22:20:00,2401086
83.6,59.1,87.3,67.8,2026-06-17 22:40:00,2401086
83.0,61.2,86.7,68.3,2026-06-17 23:00:00,2401086
82.3,63.2,85.8,68.5,2026-06-17 23:20:00,2401086
81.9,64.0,85.3,68.6,2026-06-17 23:40:00,2401086
81.7,64.2,85.3,68.5,2026-06-18 00:00:00,2401086
81.7,63.0,84.9,67.8,2026-06-18 00:20:00,2401086
81.5,62.1,84.2,67.3,2026-06-18 00:40:00,2401086
81.2,61.7,83.7,66.8,2026-06-18 01:00:00,2401086
81.1,61.4,83.3,66.5,2026-06-18 01:20:00,2401086
80.5,62.0,82.6,66.3,2026-06-18 01:40:00,2401086
80.0,63.1,82.0,66.3,2026-06-18 02:00:00,2401086
79.7,64.0,81.9,66.5,2026-06-18 02:20:00,2401086
79.3,65.1,81.3,66.5,2026-06-18 02:40:00,2401086
78.9,66.2,81.0,66.7,2026-06-18 03:00:00,2401086
78.5,67.7,80.6,66.9,2026-06-18 03:20:00,2401086
78.3,69.3,80.6,67.4,2026-06-18 03:40:00,2401086
78.2,72.0,80.6,68.4,2026-06-18 04:00:00,2401086
78.0,74.7,80.8,69.3,2026-06-18 04:20:00,2401086
77.8,76.8,80.8,69.9,2026-06-18 04:40:00,2401086
77.4,78.2,80.2,70.1,2026-06-18 05:00:00,2401086
77.1,79.2,79.9,70.2,2026-06-18 05:20:00,2401086
76.8,80.1,79.5,70.2,2026-06-18 05:40:00,2401086
76.8,81.3,79.3,70.6,2026-06-18 06:00:00,2401086
76.7,81.7,79.3,70.7,2026-06-18 06:20:00,2401086
76.8,81.6,79.3,70.7,2026-06-18 06:40:00,2401086
77.1,81.3,80.1,70.9,2026-06-18 07:00:00,2401086
77.6,80.1,81.0,71.0,2026-06-18 07:20:00,2401086
78.0,79.2,81.5,71.0,2026-06-18 07:40:00,2401086
78.5,77.7,82.2,70.9,2026-06-18 08:00:00,2401086
79.3,76.7,83.5,71.3,2026-06-18 08:20:00,2401086
81.7,72.1,87.1,71.8,2026-06-18 08:40:00,2401086
81.7,69.8,86.5,70.8,2026-06-18 09:00:00,2401086
83.5,67.9,90.0,71.8,2026-06-18 09:20:00,2401086
83.9,65.8,90.1,71.2,2026-06-18 09:40:00,2401086
84.4,65.3,90.7,71.5,2026-06-18 10:00:00,2401086
86.3,62.7,94.1,72.1,2026-06-18 10:20:00,2401086
87.4,60.7,95.4,72.1,2026-06-18 10:40:00,2401086
87.3,58.7,94.8,71.1,2026-06-18 11:00:00,2401086
88.9,55.3,96.8,70.8,2026-06-18 11:20:00,2401086
92.9,53.7,105.3,73.6,2026-06-18 11:40:00,2401086
92.1,51.7,102.0,71.7,2026-06-18 12:00:00,2401086
92.2,51.3,102.2,71.6,2026-06-18 12:20:00,2401086
92.4,50.1,102.0,71.1,2026-06-18 12:40:00,2401086
94.3,47.5,104.7,71.3,2026-06-18 13:00:00,2401086
96.2,44.4,106.7,71.0,2026-06-18 13:20:00,2401086
95.9,44.3,106.2,70.6,2026-06-18 13:40:00,2401086
96.2,41.8,105.3,69.2,2026-06-18 14:00:00,2401086
96.0,43.9,106.0,70.5,2026-06-18 14:20:00,2401086
96.0,43.4,105.8,70.2,2026-06-18 14:40:00,2401086
98.6,40.7,109.2,70.5,2026-06-18 15:00:00,2401086
95.8,43.7,105.6,70.2,2026-06-18 15:20:00,2401086
96.1,44.4,106.3,70.8,2026-06-18 15:40:00,2401086
83.0,58.6,86.0,67.0,2026-06-18 16:00:00,2401086
76.5,76.4,78.3,68.5,2026-06-18 16:20:00,2401086
77.9,82.5,81.7,72.1,2026-06-18 16:40:00,2401086
81.1,79.6,87.8,74.2,2026-06-18 17:00:00,2401086
85.7,70.1,95.7,74.9,2026-06-18 17:20:00,2401086
87.5,61.6,96.3,72.7,2026-06-18 17:40:00,2401086
90.3,55.9,100.6,72.4,2026-06-18 18:00:00,2401086
87.8,55.5,94.6,69.9,2026-06-18 18:20:00,2401086
90.6,53.4,99.7,71.4,2026-06-18 18:40:00,2401086
89.0,54.4,96.4,70.4,2026-06-18 19:00:00,2401086
89.6,55.0,98.6,71.3,2026-06-18 19:20:00,2401086
88.2,56.9,95.9,71.0,2026-06-18 19:40:00,2401086
86.1,63.8,94.1,72.3,2026-06-18 20:00:00,2401086
84.7,68.0,92.5,73.0,2026-06-18 20:20:00,2401086
83.5,71.5,91.0,73.3,2026-06-18 20:40:00,2401086
83.4,71.3,90.5,73.1,2026-06-18 21:00:00,2401086
83.8,69.5,90.9,72.7,2026-06-18 21:20:00,2401086
83.7,68.8,90.7,72.3,2026-06-18 21:40:00,2401086
79.5,78.5,84.2,72.2,2026-06-18 22:00:00,2401086
77.7,83.6,81.5,72.3,2026-06-18 22:20:00,2401086
77.8,82.8,81.7,72.1,2026-06-18 22:40:00,2401086
78.0,80.9,81.9,71.7,2026-06-18 23:00:00,2401086
77.2,81.6,80.4,71.2,2026-06-18 23:20:00,2401086
76.2,84.0,78.8,71.0,2026-06-18 23:40:00,2401086
76.3,84.3,79.0,71.2,2026-06-19 00:00:00,2401086
76.6,84.5,79.3,71.5,2026-06-19 00:20:00,2401086
76.6,83.9,79.3,71.4,2026-06-19 00:40:00,2401086
76.4,84.3,79.0,71.3,2026-06-19 01:00:00,2401086
76.7,82.3,79.5,70.9,2026-06-19 01:20:00,2401086
76.9,80.6,79.7,70.4,2026-06-19 01:40:00,2401086
76.6,79.9,79.2,70.0,2026-06-19 02:00:00,2401086
76.5,80.2,78.8,69.9,2026-06-19 02:20:00,2401086
76.3,81.6,78.6,70.2,2026-06-19 02:40:00,2401086
76.2,82.3,78.6,70.4,2026-06-19 03:00:00,2401086
76.1,83.4,78.6,70.7,2026-06-19 03:20:00,2401086
75.8,83.9,78.4,70.6,2026-06-19 03:40:00,2401086
74.8,86.4,77.4,70.5,2026-06-19 04:00:00,2401086
73.2,88.7,75.6,69.7,2026-06-19 04:20:00,2401086
72.2,91.4,74.5,69.6,2026-06-19 04:40:00,2401086
71.8,92.5,73.9,69.5,2026-06-19 05:00:00,2401086
71.7,93.5,73.8,69.7,2026-06-19 05:20:00,2401086
71.3,93.9,73.4,69.5,2026-06-19 05:40:00,2401086
71.2,94.8,73.0,69.6,2026-06-19 06:00:00,2401086
71.2,95.5,73.0,69.8,2026-06-19 06:20:00,2401086
71.3,95.9,73.4,70.1,2026-06-19 06:40:00,2401086
71.3,96.1,73.4,70.2,2026-06-19 07:00:00,2401086
71.6,96.2,73.9,70.5,2026-06-19 07:20:00,2401086
71.5,96.2,73.6,70.4,2026-06-19 07:40:00,2401086
71.5,96.4,73.6,70.4,2026-06-19 08:00:00,2401086
71.5,96.7,73.6,70.5,2026-06-19 08:20:00,2401086
72.0,96.7,74.5,71.0,2026-06-19 08:40:00,2401086
72.8,96.5,75.6,71.7,2026-06-19 09:00:00,2401086
72.7,95.8,75.4,71.4,2026-06-19 09:20:00,2401086
72.9,95.6,75.7,71.6,2026-06-19 09:40:00,2401086
73.8,94.8,76.8,72.2,2026-06-19 10:00:00,2401086
76.4,93.7,80.2,74.4,2026-06-19 10:20:00,2401086
76.4,88.0,79.5,72.6,2026-06-19 10:40:00,2401086
78.8,84.8,84.0,73.8,2026-06-19 11:00:00,2401086
79.0,80.1,83.8,72.3,2026-06-19 11:20:00,2401086
79.2,78.5,83.8,72.0,2026-06-19 11:40:00,2401086
80.1,74.4,84.7,71.2,2026-06-19 12:00:00,2401086
80.4,74.6,85.1,71.6,2026-06-19 12:20:00,2401086
82.1,71.4,87.6,71.9,2026-06-19 12:40:00,2401086
83.6,69.4,90.3,72.5,2026-06-19 13:00:00,2401086
86.1,64.2,94.3,72.6,2026-06-19 13:20:00,2401086
86.5,60.8,93.6,71.3,2026-06-19 13:40:00,2401086
85.4,58.3,90.7,69.1,2026-06-19 14:00:00,2401086
85.3,55.4,89.6,67.5,2026-06-19 14:20:00,2401086
86.6,55.8,92.1,69.0,2026-06-19 14:40:00,2401086
88.6,53.7,95.2,69.7,2026-06-19 15:00:00,2401086
88.7,53.5,95.2,69.6,2026-06-19 15:20:00,2401086
88.8,43.9,91.6,64.0,2026-06-19 15:40:00,2401086
88.6,49.3,93.6,67.2,2026-06-19 16:00:00,2401086
88.2,47.4,92.1,65.7,2026-06-19 16:20:00,2401086
87.7,40.9,88.9,61.0,2026-06-19 16:40:00,2401086
89.6,41.3,92.1,63.0,2026-06-19 17:00:00,2401086
87.2,41.8,88.3,61.1,2026-06-19 17:20:00,2401086
88.5,42.1,90.3,62.6,2026-06-19 17:40:00,2401086
88.3,41.4,89.8,61.9,2026-06-19 18:00:00,2401086
87.4,41.4,88.5,61.1,2026-06-19 18:20:00,2401086
87.3,39.4,88.0,59.6,2026-06-19 18:40:00,2401086
88.2,39.9,89.2,60.7,2026-06-19 19:00:00,2401086
87.6,40.7,88.5,60.8,2026-06-19 19:20:00,2401086
86.6,41.1,87.4,60.1,2026-06-19 19:40:00,2401086
86.0,42.3,86.9,60.4,2026-06-19 20:00:00,2401086
85.3,43.2,86.0,60.4,2026-06-19 20:20:00,2401086
83.9,43.9,84.0,59.6,2026-06-19 20:40:00,2401086
82.6,43.6,81.7,58.2,2026-06-19 21:00:00,2401086
81.6,44.0,80.8,57.5,2026-06-19 21:20:00,2401086
81.2,44.3,80.2,57.4,2026-06-19 21:40:00,2401086
79.8,45.8,78.6,57.1,2026-06-19 22:00:00,2401086
78.6,47.2,77.4,56.8,2026-06-19 22:20:00,2401086
77.9,46.6,76.3,55.8,2026-06-19 22:40:00,2401086
77.5,46.2,75.9,55.2,2026-06-19 23:00:00,2401086
76.8,47.8,75.2,55.5,2026-06-19 23:20:00,2401086
76.0,48.2,74.5,55.0,2026-06-19 23:40:00,2401086
75.2,50.1,73.9,55.3,2026-06-20 00:00:00,2401086
74.4,50.9,73.4,55.0,2026-06-20 00:20:00,2401086
73.3,52.2,72.5,54.8,2026-06-20 00:40:00,2401086
72.1,54.5,71.6,54.8,2026-06-20 01:00:00,2401086
72.1,53.7,71.4,54.4,2026-06-20 01:20:00,2401086
71.7,53.5,71.1,53.9,2026-06-20 01:40:00,2401086
71.0,54.2,70.3,53.7,2026-06-20 02:00:00,2401086
70.3,56.2,69.6,54.0,2026-06-20 02:20:00,2401086
69.5,58.7,68.9,54.4,2026-06-20 02:40:00,2401086
69.1,59.8,68.4,54.6,2026-06-20 03:00:00,2401086
68.1,62.5,67.1,54.8,2026-06-20 03:20:00,2401086
67.6,63.0,66.4,54.5,2026-06-20 03:40:00,2401086
67.1,64.5,66.0,54.8,2026-06-20 04:00:00,2401086
66.1,68.2,64.9,55.3,2026-06-20 04:20:00,2401086
65.4,70.1,64.0,55.4,2026-06-20 04:40:00,2401086
65.1,71.2,63.7,55.5,2026-06-20 05:00:00,2401086
65.1,70.9,63.7,55.4,2026-06-20 05:20:00,2401086
64.5,74.1,63.5,56.0,2026-06-20 05:40:00,2401086
64.3,72.6,63.1,55.3,2026-06-20 06:00:00,2401086
63.9,75.7,63.1,56.1,2026-06-20 06:20:00,2401086
64.2,77.1,63.5,56.8,2026-06-20 06:40:00,2401086
65.4,73.9,64.4,56.9,2026-06-20 07:00:00,2401086
66.5,72.1,65.7,57.3,2026-06-20 07:20:00,2401086
67.5,69.1,66.9,57.0,2026-06-20 07:40:00,2401086
69.6,66.7,69.4,58.0,2026-06-20 08:00:00,2401086
72.4,60.1,72.3,57.8,2026-06-20 08:20:00,2401086
74.2,55.9,73.6,57.5,2026-06-20 08:40:00,2401086
75.8,52.4,74.8,57.1,2026-06-20 09:00:00,2401086
77.2,50.9,76.3,57.6,2026-06-20 09:20:00,2401086
78.3,49.0,77.4,57.6,2026-06-20 09:40:00,2401086
79.1,46.2,77.9,56.6,2026-06-20 10:00:00,2401086
82.8,41.3,81.9,56.9,2026-06-20 10:20:00,2401086
87.0,36.1,86.4,56.9,2026-06-20 10:40:00,2401086
84.7,35.4,83.1,54.3,2026-06-20 11:00:00,2401086
85.1,33.4,83.3,53.2,2026-06-20 11:20:00,2401086
88.8,31.2,87.4,54.5,2026-06-20 11:40:00,2401086
87.4,30.9,85.5,53.0,2026-06-20 12:00:00,2401086
88.2,28.1,85.8,51.1,2026-06-20 12:20:00,2401086
88.0,28.2,85.6,51.0,2026-06-20 12:40:00,2401086
87.2,28.3,84.6,50.4,2026-06-20 13:00:00,2401086
89.2,28.8,87.3,52.6,2026-06-20 13:20:00,2401086
89.2,27.8,87.1,51.7,2026-06-20 13:40:00,2401086
89.1,29.1,87.3,52.8,2026-06-20 14:00:00,2401086
90.4,29.1,89.1,53.9,2026-06-20 14:20:00,2401086
91.9,28.0,91.0,54.2,2026-06-20 14:40:00,2401086
89.8,26.9,87.8,51.4,2026-06-20 15:00:00,2401086
91.5,27.0,90.1,52.8,2026-06-20 15:20:00,2401086
91.3,26.1,89.6,51.7,2026-06-20 15:40:00,2401086
91.9,26.3,90.5,52.5,2026-06-20 16:00:00,2401086
91.3,28.2,90.1,53.8,2026-06-20 16:20:00,2401086
90.6,28.6,89.2,53.6,2026-06-20 16:40:00,2401086
90.9,28.8,89.8,54.1,2026-06-20 17:00:00,2401086
90.6,29.4,89.4,54.5,2026-06-20 17:20:00,2401086
90.5,29.1,89.4,54.1,2026-06-20 17:40:00,2401086
89.8,30.3,88.7,54.5,2026-06-20 18:00:00,2401086
90.9,29.4,90.0,54.6,2026-06-20 18:20:00,2401086
90.1,30.0,88.7,54.4,2026-06-20 18:40:00,2401086
89.4,31.0,88.2,54.8,2026-06-20 19:00:00,2401086
89.5,30.9,88.3,54.8,2026-06-20 19:20:00,2401086
87.9,33.7,86.9,55.8,2026-06-20 19:40:00,2401086
87.3,35.0,86.5,56.3,2026-06-20 20:00:00,2401086
86.1,36.1,85.3,56.1,2026-06-20 20:20:00,2401086
85.1,37.6,84.4,56.4,2026-06-20 20:40:00,2401086
84.2,39.1,83.3,56.6,2026-06-20 21:00:00,2401086
83.4,40.0,82.2,56.5,2026-06-20 21:20:00,2401086
82.5,41.3,81.3,56.6,2026-06-20 21:40:00,2401086
81.8,42.2,80.6,56.6,2026-06-20 22:00:00,2401086
81.3,42.6,79.9,56.4,2026-06-20 22:20:00,2401086
80.8,43.2,79.7,56.4,2026-06-20 22:40:00,2401086
80.1,44.0,78.8,56.2,2026-06-20 23:00:00,2401086
79.3,45.2,78.1,56.2,2026-06-20 23:20:00,2401086
78.5,46.0,77.2,56.1,2026-06-20 23:40:00,2401086
78.2,46.8,77.0,56.2,2026-06-21 00:00:00,2401086
78.1,47.2,77.0,56.3,2026-06-21 00:20:00,2401086
78.0,47.5,76.8,56.4,2026-06-21 00:40:00,2401086
77.7,48.2,76.3,56.6,2026-06-21 01:00:00,2401086
77.1,49.3,75.7,56.6,2026-06-21 01:20:00,2401086
76.6,50.6,75.4,56.9,2026-06-21 01:40:00,2401086
76.2,51.7,75.0,57.1,2026-06-21 02:00:00,2401086
75.7,52.9,74.7,57.3,2026-06-21 02:20:00,2401086
75.2,54.3,74.3,57.5,2026-06-21 02:40:00,2401086
74.7,55.7,74.1,57.8,2026-06-21 03:00:00,2401086
74.1,57.5,73.6,58.1,2026-06-21 03:20:00,2401086
73.8,58.5,73.6,58.3,2026-06-21 03:40:00,2401086
72.8,61.4,72.7,58.7,2026-06-21 04:00:00,2401086
72.5,63.6,72.7,59.4,2026-06-21 04:20:00,2401086
72.1,63.9,72.3,59.2,2026-06-21 04:40:00,2401086
72.1,64.7,72.5,59.6,2026-06-21 05:00:00,2401086
70.3,69.0,70.3,59.6,2026-06-21 05:20:00,2401086
69.9,70.3,70.2,59.8,2026-06-21 05:40:00,2401086
69.2,72.9,69.3,60.1,2026-06-21 06:00:00,2401086
69.3,73.8,69.6,60.6,2026-06-21 06:20:00,2401086
70.1,72.0,70.3,60.6,2026-06-21 06:40:00,2401086
71.6,70.2,72.1,61.4,2026-06-21 07:00:00,2401086
73.1,67.6,73.6,61.8,2026-06-21 07:20:00,2401086
73.7,67.0,74.1,62.1,2026-06-21 07:40:00,2401086
74.4,67.1,74.8,62.8,2026-06-21 08:00:00,2401086
75.8,64.3,76.1,62.9,2026-06-21 08:20:00,2401086
76.8,62.6,77.2,63.1,2026-06-21 08:40:00,2401086
78.8,60.7,79.9,64.1,2026-06-21 09:00:00,2401086
80.4,57.8,81.9,64.2,2026-06-21 09:20:00,2401086
81.3,55.3,82.4,63.7,2026-06-21 09:40:00,2401086
82.6,52.5,83.7,63.5,2026-06-21 10:00:00,2401086
86.4,47.9,89.2,64.3,2026-06-21 10:20:00,2401086
90.0,39.9,92.5,62.3,2026-06-21 10:40:00,2401086
90.7,38.4,93.2,62.0,2026-06-21 11:00:00,2401086
92.6,37.6,96.1,63.0,2026-06-21 11:20:00,2401086
93.3,36.3,96.6,62.6,2026-06-21 11:40:00,2401086
92.7,34.7,95.0,60.8,2026-06-21 12:00:00,2401086
91.6,33.8,92.8,59.1,2026-06-21 12:20:00,2401086
93.0,34.8,95.5,61.1,2026-06-21 12:40:00,2401086
94.6,30.9,95.9,59.2,2026-06-21 13:00:00,2401086
92.3,32.8,93.2,58.8,2026-06-21 13:20:00,2401086
94.9,33.0,97.7,61.3,2026-06-21 13:40:00,2401086
93.8,31.8,95.2,59.3,2026-06-21 14:00:00,2401086
95.5,30.9,97.3,59.9,2026-06-21 14:20:00,2401086
94.4,35.1,97.9,62.6,2026-06-21 14:40:00,2401086
96.4,31.5,99.1,61.3,2026-06-21 15:00:00,2401086
93.8,33.6,96.3,60.9,2026-06-21 15:20:00,2401086
95.7,33.0,99.0,62.0,2026-06-21 15:40:00,2401086
95.9,31.9,99.0,61.2,2026-06-21 16:00:00,2401086
93.8,33.0,95.9,60.3,2026-06-21 16:20:00,2401086
94.8,32.3,97.3,60.6,2026-06-21 16:40:00,2401086
94.4,31.8,96.3,59.9,2026-06-21 17:00:00,2401086
93.2,32.2,94.3,59.1,2026-06-21 17:20:00,2401086
94.0,34.9,97.0,62.1,2026-06-21 17:40:00,2401086
93.3,35.2,96.1,61.7,2026-06-21 18:00:00,2401086
92.2,36.9,95.0,62.1,2026-06-21 18:20:00,2401086
92.4,37.2,95.5,62.5,2026-06-21 18:40:00,2401086
91.7,37.9,94.5,62.4,2026-06-21 19:00:00,2401086
90.8,38.9,93.4,62.4,2026-06-21 19:20:00,2401086
90.2,40.4,93.2,62.9,2026-06-21 19:40:00,2401086
89.6,41.9,92.3,63.3,2026-06-21 20:00:00,2401086
88.8,43.4,91.6,63.7,2026-06-21 20:20:00,2401086
88.4,44.2,91.0,63.8,2026-06-21 20:40:00,2401086
87.7,44.6,90.0,63.4,2026-06-21 21:00:00,2401086
86.9,45.4,88.9,63.2,2026-06-21 21:20:00,2401086
86.1,46.5,88.2,63.2,2026-06-21 21:40:00,2401086
85.4,47.4,87.3,63.1,2026-06-21 22:00:00,2401086
84.9,47.7,86.4,62.9,2026-06-21 22:20:00,2401086
84.2,49.0,85.8,63.0,2026-06-21 22:40:00,2401086
83.5,49.8,84.9,62.8,2026-06-21 23:00:00,2401086
83.1,50.4,84.4,62.8,2026-06-21 23:20:00,2401086
82.4,52.4,83.3,63.2,2026-06-21 23:40:00,2401086
81.7,55.4,83.1,64.2,2026-06-22 00:00:00,2401086
81.0,58.9,82.8,65.3,2026-06-22 00:20:00,2401086
80.6,61.4,82.6,66.1,2026-06-22 00:40:00,2401086
79.8,63.9,81.9,66.5,2026-06-22 01:00:00,2401086
78.9,66.7,81.0,66.9,2026-06-22 01:20:00,2401086
78.7,69.0,81.1,67.6,2026-06-22 01:40:00,2401086
78.3,71.0,80.8,68.1,2026-06-22 02:00:00,2401086
77.8,73.0,80.1,68.5,2026-06-22 02:20:00,2401086
77.4,74.9,79.7,68.8,2026-06-22 02:40:00,2401086
77.2,76.5,79.3,69.2,2026-06-22 03:00:00,2401086
76.8,78.0,78.8,69.4,2026-06-22 03:20:00,2401086
76.3,79.7,78.4,69.6,2026-06-22 03:40:00,2401086
75.7,81.5,77.7,69.6,2026-06-22 04:00:00,2401086
75.5,82.9,77.7,69.9,2026-06-22 04:20:00,2401086
75.0,84.2,77.2,69.9,2026-06-22 04:40:00,2401086
74.7,85.1,77.2,69.9,2026-06-22 05:00:00,2401086
74.3,86.2,76.5,69.9,2026-06-22 05:20:00,2401086
73.9,87.7,76.3,70.0,2026-06-22 05:40:00,2401086
73.8,88.8,76.3,70.2,2026-06-22 06:00:00,2401086
73.8,88.9,76.3,70.4,2026-06-22 06:20:00,2401086
73.9,89.1,76.3,70.4,2026-06-22 06:40:00,2401086
74.2,89.1,76.8,70.8,2026-06-22 07:00:00,2401086
74.8,88.7,77.4,71.2,2026-06-22 07:20:00,2401086
76.2,87.7,79.3,72.2,2026-06-22 07:40:00,2401086
77.0,85.7,80.2,72.3,2026-06-22 08:00:00,2401086
78.0,83.4,82.4,72.5,2026-06-22 08:20:00,2401086
79.9,81.7,86.0,73.8,2026-06-22 08:40:00,2401086
80.9,77.8,86.9,73.3,2026-06-22 09:00:00,2401086
81.7,75.3,88.0,73.1,2026-06-22 09:20:00,2401086
81.6,73.7,87.3,72.4,2026-06-22 09:40:00,2401086
83.4,71.8,90.7,73.3,2026-06-22 10:00:00,2401086
85.1,68.4,93.9,73.5,2026-06-22 10:20:00,2401086
87.0,64.1,96.1,73.4,2026-06-22 10:40:00,2401086
88.4,60.4,97.9,73.0,2026-06-22 11:00:00,2401086
90.0,57.4,100.4,72.9,2026-06-22 11:20:00,2401086
90.0,55.3,99.5,71.8,2026-06-22 11:40:00,2401086
90.6,51.5,98.8,70.3,2026-06-22 12:00:00,2401086
92.0,52.1,102.4,72.0,2026-06-22 12:20:00,2401086
91.9,51.5,101.5,71.5,2026-06-22 12:40:00,2401086
93.0,50.1,103.5,71.7,2026-06-22 13:00:00,2401086
94.1,48.3,104.7,71.7,2026-06-22 13:20:00,2401086
95.4,46.7,106.7,71.7,2026-06-22 13:40:00,2401086
95.2,45.6,105.4,70.9,2026-06-22 14:00:00,2401086
93.2,46.2,101.3,69.4,2026-06-22 14:20:00,2401086
95.2,45.2,105.3,70.6,2026-06-22 14:40:00,2401086
93.1,45.8,100.9,69.1,2026-06-22 15:00:00,2401086
95.6,44.6,105.6,70.6,2026-06-22 15:20:00,2401086
95.1,44.2,104.2,69.9,2026-06-22 15:40:00,2401086
95.5,44.5,105.1,70.4,2026-06-22 16:00:00,2401086
96.3,43.0,106.3,70.2,2026-06-22 16:20:00,2401086
95.4,43.5,104.5,69.7,2026-06-22 16:40:00,2401086
96.1,42.2,105.4,69.5,2026-06-22 17:00:00,2401086
96.9,41.9,106.7,69.9,2026-06-22 17:20:00,2401086
95.4,43.0,104.4,69.4,2026-06-22 17:40:00,2401086
96.3,41.9,105.6,69.4,2026-06-22 18:00:00,2401086
95.1,41.9,102.9,68.3,2026-06-22 18:20:00,2401086
95.4,42.7,104.2,69.1,2026-06-22 18:40:00,2401086
94.1,44.3,102.2,69.0,2026-06-22 19:00:00,2401086
94.4,44.5,102.7,69.5,2026-06-22 19:20:00,2401086
93.4,45.0,100.9,68.9,2026-06-22 19:40:00,2401086
92.7,46.5,100.6,69.1,2026-06-22 20:00:00,2401086
92.4,47.7,100.6,69.6,2026-06-22 20:20:00,2401086
91.9,48.7,100.4,69.9,2026-06-22 20:40:00,2401086
83.3,54.0,85.6,65.0,2026-06-22 21:00:00,2401086
80.0,63.5,82.0,66.5,2026-06-22 21:20:00,2401086
79.5,67.3,82.0,67.7,2026-06-22 21:40:00,2401086
79.6,68.1,82.4,68.2,2026-06-22 22:00:00,2401086
79.8,68.0,82.8,68.3,2026-06-22 22:20:00,2401086
80.2,68.3,83.5,68.8,2026-06-22 22:40:00,2401086
80.2,68.8,83.5,69.0,2026-06-22 23:00:00,2401086
80.4,68.7,83.8,69.2,2026-06-22 23:20:00,2401086
80.7,68.7,84.4,69.4,2026-06-22 23:40:00,2401086
80.8,69.8,85.1,70.1,2026-06-23 00:00:00,2401086
81.3,70.9,85.8,70.9,2026-06-23 00:20:00,2401086
79.3,76.7,83.5,71.3,2026-06-23 00:40:00,2401086
78.5,76.8,82.2,70.6,2026-06-23 01:00:00,2401086
77.9,76.2,80.6,69.8,2026-06-23 01:20:00,2401086
77.6,76.5,80.4,69.6,2026-06-23 01:40:00,2401086
77.3,76.7,79.7,69.4,2026-06-23 02:00:00,2401086
77.3,76.4,79.7,69.3,2026-06-23 02:20:00,2401086
77.2,76.7,79.7,69.4,2026-06-23 02:40:00,2401086
77.1,77.5,79.3,69.5,2026-06-23 03:00:00,2401086
77.1,78.5,79.5,69.9,2026-06-23 03:20:00,2401086
77.2,80.0,80.2,70.5,2026-06-23 03:40:00,2401086
77.0,80.8,79.7,70.6,2026-06-23 04:00:00,2401086
76.8,81.7,79.7,70.8,2026-06-23 04:20:00,2401086
76.7,82.2,79.5,70.9,2026-06-23 04:40:00,2401086
76.6,82.4,79.2,70.8,2026-06-23 05:00:00,2401086
76.6,83.2,79.3,71.1,2026-06-23 05:20:00,2401086
77.3,82.6,80.6,71.6,2026-06-23 05:40:00,2401086
77.6,82.0,81.3,71.7,2026-06-23 06:00:00,2401086
78.0,81.4,81.9,71.8,2026-06-23 06:20:00,2401086
78.2,80.8,82.2,71.8,2026-06-23 06:40:00,2401086
78.7,80.5,83.1,72.2,2026-06-23 07:00:00,2401086
79.4,78.9,84.4,72.2,2026-06-23 07:20:00,2401086
79.5,78.1,84.2,72.1,2026-06-23 07:40:00,2401086
80.2,77.3,85.3,72.4,2026-06-23 08:00:00,2401086
81.2,75.5,86.9,72.7,2026-06-23 08:20:00,2401086
82.4,73.9,89.1,73.2,2026-06-23 08:40:00,2401086
82.8,69.9,88.9,72.0,2026-06-23 09:00:00,2401086
84.2,68.2,91.2,72.5,2026-06-23 09:20:00,2401086
85.2,64.6,92.5,71.9,2026-06-23 09:40:00,2401086
86.7,62.5,94.8,72.3,2026-06-23 10:00:00,2401086
86.6,60.5,93.9,71.3,2026-06-23 10:20:00,2401086
87.6,58.9,95.2,71.4,2026-06-23 10:40:00,2401086
86.9,58.1,93.4,70.3,2026-06-23 11:00:00,2401086
87.0,58.0,93.7,70.5,2026-06-23 11:20:00,2401086
85.3,61.2,91.6,70.5,2026-06-23 11:40:00,2401086
73.1,82.2,74.8,67.3,2026-06-23 12:00:00,2401086
74.4,91.2,77.2,71.7,2026-06-23 12:20:00,2401086
78.1,88.1,83.5,74.3,2026-06-23 12:40:00,2401086
81.3,81.8,88.7,75.2,2026-06-23 13:00:00,2401086
84.4,74.0,94.1,75.2,2026-06-23 13:20:00,2401086
80.7,77.6,86.5,73.1,2026-06-23 13:40:00,2401086
78.1,86.1,83.1,73.6,2026-06-23 14:00:00,2401086
74.4,91.1,77.2,71.6,2026-06-23 14:20:00,2401086
73.9,93.3,76.6,71.9,2026-06-23 14:40:00,2401086
75.4,93.6,79.0,73.4,2026-06-23 15:00:00,2401086
76.0,91.3,79.5,73.3,2026-06-23 15:20:00,2401086
77.8,86.7,82.4,73.5,2026-06-23 15:40:00,2401086
79.0,78.4,83.5,71.7,2026-06-23 16:00:00,2401086
80.9,74.9,86.2,72.1,2026-06-23 16:20:00,2401086
81.7,73.0,87.3,72.2,2026-06-23 16:40:00,2401086
82.0,74.1,88.0,73.0,2026-06-23 17:00:00,2401086
81.8,72.5,87.3,72.1,2026-06-23 17:20:00,2401086
82.1,70.9,87.4,71.8,2026-06-23 17:40:00,2401086
84.0,68.5,91.0,72.5,2026-06-23 18:00:00,2401086
81.9,68.7,86.5,70.6,2026-06-23 18:20:00,2401086
83.4,65.3,88.7,70.5,2026-06-23 18:40:00,2401086
78.6,71.1,81.1,68.4,2026-06-23 19:00:00,2401086
76.5,75.2,78.3,68.0,2026-06-23 19:20:00,2401086
75.9,76.3,77.4,67.9,2026-06-23 19:40:00,2401086
75.8,76.8,77.5,68.0,2026-06-23 20:00:00,2401086
75.3,77.2,76.8,67.7,2026-06-23 20:20:00,2401086
73.9,80.1,75.6,67.4,2026-06-23 20:40:00,2401086
73.7,78.6,75.2,66.6,2026-06-23 21:00:00,2401086
73.8,77.4,75.2,66.3,2026-06-23 21:20:00,2401086
73.1,78.4,74.5,65.9,2026-06-23 21:40:00,2401086
72.5,79.7,73.9,65.9,2026-06-23 22:00:00,2401086
72.0,81.5,73.4,66.0,2026-06-23 22:20:00,2401086
71.7,82.3,73.0,66.0,2026-06-23 22:40:00,2401086
71.5,82.9,72.9,66.0,2026-06-23 23:00:00,2401086
71.5,83.3,73.0,66.2,2026-06-23 23:20:00,2401086
71.3,84.1,72.7,66.2,2026-06-23 23:40:00,2401086
71.0,85.1,72.3,66.3,2026-06-24 00:00:00,2401086
70.7,86.0,71.8,66.3,2026-06-24 00:20:00,2401086
70.6,86.8,72.0,66.5,2026-06-24 00:40:00,2401086
70.4,86.9,71.8,66.3,2026-06-24 01:00:00,2401086
70.1,88.1,71.4,66.3,2026-06-24 01:20:00,2401086
69.8,88.8,70.9,66.3,2026-06-24 01:40:00,2401086
69.1,89.9,70.3,66.1,2026-06-24 02:00:00,2401086
68.8,90.7,70.0,66.0,2026-06-24 02:20:00,2401086
68.9,91.1,70.3,66.2,2026-06-24 02:40:00,2401086
68.9,90.6,70.3,66.1,2026-06-24 03:00:00,2401086
68.8,90.2,70.0,65.8,2026-06-24 03:20:00,2401086
68.8,90.2,70.0,65.8,2026-06-24 03:40:00,2401086
68.5,89.9,69.4,65.4,2026-06-24 04:00:00,2401086
68.3,90.3,69.4,65.3,2026-06-24 04:20:00,2401086
68.0,89.8,68.9,64.8,2026-06-24 04:40:00,2401086
67.7,87.9,68.5,64.0,2026-06-24 05:00:00,2401086
67.4,85.5,67.8,62.9,2026-06-24 05:20:00,2401086
67.0,83.7,67.3,61.9,2026-06-24 05:40:00,2401086
66.5,83.1,66.7,61.2,2026-06-24 06:00:00,2401086
66.0,84.5,66.2,61.2,2026-06-24 06:20:00,2401086
66.3,82.3,66.2,60.7,2026-06-24 06:40:00,2401086
66.6,79.8,66.6,60.2,2026-06-24 07:00:00,2401086
67.1,77.5,67.1,59.9,2026-06-24 07:20:00,2401086
67.9,74.7,67.8,59.6,2026-06-24 07:40:00,2401086
69.1,71.7,69.3,59.6,2026-06-24 08:00:00,2401086
69.9,68.5,70.0,59.1,2026-06-24 08:20:00,2401086
71.0,67.2,71.4,59.6,2026-06-24 08:40:00,2401086
72.1,64.7,72.5,59.6,2026-06-24 09:00:00,2401086
73.7,62.2,73.8,60.0,2026-06-24 09:20:00,2401086
75.4,52.9,74.5,57.1,2026-06-24 09:40:00,2401086
76.3,48.8,75.0,55.7,2026-06-24 10:00:00,2401086
78.0,48.5,77.0,57.0,2026-06-24 10:20:00,2401086
81.7,42.1,80.6,56.5,2026-06-24 10:40:00,2401086
81.6,40.7,80.1,55.4,2026-06-24 11:00:00,2401086
85.7,38.5,85.3,57.5,2026-06-24 11:20:00,2401086
84.6,37.0,83.3,55.5,2026-06-24 11:40:00,2401086
84.2,37.8,83.1,55.7,2026-06-24 12:00:00,2401086
83.9,36.4,82.4,54.4,2026-06-24 12:20:00,2401086
84.4,36.6,82.9,55.0,2026-06-24 12:40:00,2401086
84.6,35.7,83.1,54.5,2026-06-24 13:00:00,2401086
84.8,36.1,83.5,55.0,2026-06-24 13:20:00,2401086
84.4,37.2,83.3,55.5,2026-06-24 13:40:00,2401086
86.1,35.8,85.1,55.9,2026-06-24 14:00:00,2401086
83.9,34.7,81.9,53.1,2026-06-24 14:20:00,2401086
88.1,35.1,87.6,57.1,2026-06-24 14:40:00,2401086
85.4,33.9,83.7,53.8,2026-06-24 15:00:00,2401086
84.6,35.3,83.1,54.2,2026-06-24 15:20:00,2401086
86.1,34.2,84.7,54.6,2026-06-24 15:40:00,2401086
85.2,35.4,83.8,54.8,2026-06-24 16:00:00,2401086
86.8,34.7,85.8,55.7,2026-06-24 16:20:00,2401086
87.8,34.4,87.1,56.3,2026-06-24 16:40:00,2401086
86.1,36.0,85.3,56.0,2026-06-24 17:00:00,2401086
86.9,36.2,86.2,56.8,2026-06-24 17:20:00,2401086
87.2,35.6,86.5,56.8,2026-06-24 17:40:00,2401086
88.5,35.3,88.3,57.6,2026-06-24 18:00:00,2401086
87.7,34.4,86.9,56.2,2026-06-24 18:20:00,2401086
85.7,36.0,84.7,55.7,2026-06-24 18:40:00,2401086
87.9,35.7,87.4,57.4,2026-06-24 19:00:00,2401086
85.4,36.4,84.4,55.7,2026-06-24 19:20:00,2401086
84.8,39.1,84.2,57.2,2026-06-24 19:40:00,2401086
83.9,40.1,83.1,57.0,2026-06-24 20:00:00,2401086
83.8,40.1,82.9,56.9,2026-06-24 20:20:00,2401086
82.5,41.6,81.3,56.8,2026-06-24 20:40:00,2401086
80.9,44.6,79.9,57.3,2026-06-24 21:00:00,2401086
80.1,46.4,79.3,57.7,2026-06-24 21:20:00,2401086
79.0,49.6,78.4,58.6,2026-06-24 21:40:00,2401086
76.7,55.4,76.1,59.5,2026-06-24 22:00:00,2401086
76.5,57.4,76.1,60.4,2026-06-24 22:20:00,2401086
76.6,58.5,76.3,61.0,2026-06-24 22:40:00,2401086
76.5,56.1,75.9,59.6,2026-06-24 23:00:00,2401086
74.6,61.1,74.5,60.3,2026-06-24 23:20:00,2401086
72.6,67.2,73.0,61.1,2026-06-24 23:40:00,2401086
73.3,63.1,73.6,60.0,2026-06-25 00:00:00,2401086
72.8,67.7,73.2,61.5,2026-06-25 00:20:00,2401086
70.5,73.9,71.2,61.8,2026-06-25 00:40:00,2401086
70.1,74.7,70.5,61.7,2026-06-25 01:00:00,2401086
69.8,76.5,70.5,62.1,2026-06-25 01:20:00,2401086
69.3,78.1,69.8,62.1,2026-06-25 01:40:00,2401086
69.4,77.5,69.8,62.0,2026-06-25 02:00:00,2401086
68.8,78.5,69.1,61.8,2026-06-25 02:20:00,2401086
67.4,80.0,67.5,61.0,2026-06-25 02:40:00,2401086
67.6,81.9,67.8,61.9,2026-06-25 03:00:00,2401086
66.9,82.6,67.1,61.4,2026-06-25 03:20:00,2401086
67.1,83.4,67.6,61.9,2026-06-25 03:40:00,2401086
67.7,81.0,68.0,61.7,2026-06-25 04:00:00,2401086
67.9,80.3,68.2,61.7,2026-06-25 04:20:00,2401086
67.0,82.0,67.1,61.3,2026-06-25 04:40:00,2401086
66.3,84.0,66.4,61.3,2026-06-25 05:00:00,2401086
66.2,84.6,66.6,61.4,2026-06-25 05:20:00,2401086
65.3,86.2,65.5,61.1,2026-06-25 05:40:00,2401086
65.4,86.9,65.7,61.4,2026-06-25 06:00:00,2401086
65.1,87.5,65.3,61.3,2026-06-25 06:20:00,2401086
65.8,87.0,66.0,61.8,2026-06-25 06:40:00,2401086
66.5,87.1,66.9,62.5,2026-06-25 07:00:00,2401086
68.1,86.2,68.7,63.8,2026-06-25 07:20:00,2401086
70.8,82.8,72.1,65.3,2026-06-25 07:40:00,2401086
72.3,80.1,73.6,65.8,2026-06-25 08:00:00,2401086
73.5,78.1,74.8,66.2,2026-06-25 08:20:00,2401086
75.0,75.7,76.3,66.8,2026-06-25 08:40:00,2401086
76.1,73.3,77.4,66.9,2026-06-25 09:00:00,2401086
77.6,71.2,79.5,67.6,2026-06-25 09:20:00,2401086
78.9,68.2,81.1,67.5,2026-06-25 09:40:00,2401086
80.0,65.4,82.4,67.3,2026-06-25 10:00:00,2401086
81.7,61.1,84.4,67.0,2026-06-25 10:20:00,2401086
82.8,56.6,85.1,65.9,2026-06-25 10:40:00,2401086
84.2,55.5,87.6,66.5,2026-06-25 11:00:00,2401086
84.3,52.8,86.9,65.1,2026-06-25 11:20:00,2401086
86.1,48.8,88.9,64.6,2026-06-25 11:40:00,2401086
87.1,45.9,89.6,63.8,2026-06-25 12:00:00,2401086
85.6,44.4,86.5,61.4,2026-06-25 12:20:00,2401086
83.4,51.2,84.9,63.5,2026-06-25 12:40:00,2401086
87.8,48.7,91.9,66.1,2026-06-25 13:00:00,2401086
86.6,45.9,88.7,63.2,2026-06-25 13:20:00,2401086
88.2,43.9,90.5,63.5,2026-06-25 13:40:00,2401086
89.5,41.1,92.1,62.8,2026-06-25 14:00:00,2401086
86.4,45.5,88.2,62.8,2026-06-25 14:20:00,2401086
88.9,43.1,91.8,63.6,2026-06-25 14:40:00,2401086
87.5,42.2,89.1,61.7,2026-06-25 15:00:00,2401086
88.0,44.3,90.5,63.6,2026-06-25 15:20:00,2401086
88.3,44.6,90.9,64.0,2026-06-25 15:40:00,2401086
88.5,41.8,90.7,62.3,2026-06-25 16:00:00,2401086
89.8,42.8,93.4,64.2,2026-06-25 16:20:00,2401086
89.3,42.6,92.3,63.6,2026-06-25 16:40:00,2401086
88.6,41.3,90.5,62.1,2026-06-25 17:00:00,2401086
89.4,41.4,91.8,62.9,2026-06-25 17:20:00,2401086
89.7,41.9,92.7,63.5,2026-06-25 17:40:00,2401086
89.6,42.0,92.7,63.4,2026-06-25 18:00:00,2401086
89.4,42.2,91.9,63.4,2026-06-25 18:20:00,2401086
90.0,42.7,93.6,64.3,2026-06-25 18:40:00,2401086
89.2,42.9,92.1,63.7,2026-06-25 19:00:00,2401086
88.7,43.0,91.0,63.3,2026-06-25 19:20:00,2401086
87.3,45.5,89.8,63.7,2026-06-25 19:40:00,2401086
86.5,47.0,88.9,63.9,2026-06-25 20:00:00,2401086
85.6,48.1,87.6,63.7,2026-06-25 20:20:00,2401086
85.2,49.7,87.6,64.3,2026-06-25 20:40:00,2401086
83.8,52.0,85.8,64.3,2026-06-25 21:00:00,2401086
83.0,53.8,84.9,64.6,2026-06-25 21:20:00,2401086
82.3,55.2,84.0,64.6,2026-06-25 21:40:00,2401086
81.7,56.1,83.3,64.6,2026-06-25 22:00:00,2401086
80.8,57.9,82.4,64.6,2026-06-25 22:20:00,2401086
80.4,58.0,81.5,64.3,2026-06-25 22:40:00,2401086
80.2,58.5,81.5,64.3,2026-06-25 23:00:00,2401086
79.6,59.9,80.8,64.5,2026-06-25 23:20:00,2401086
78.1,62.8,79.2,64.4,2026-06-25 23:40:00,2401086
78.3,61.9,79.3,64.2,2026-06-26 00:00:00,2401086
78.5,61.4,79.3,64.1,2026-06-26 00:20:00,2401086
78.0,62.9,78.8,64.3,2026-06-26 00:40:00,2401086
77.6,63.9,78.4,64.4,2026-06-26 01:00:00,2401086
76.9,65.3,77.5,64.4,2026-06-26 01:20:00,2401086
76.6,66.6,77.2,64.7,2026-06-26 01:40:00,2401086
76.2,67.7,76.8,64.7,2026-06-26 02:00:00,2401086
76.1,68.6,76.6,65.0,2026-06-26 02:20:00,2401086
76.1,68.5,76.8,65.0,2026-06-26 02:40:00,2401086
75.8,69.1,76.6,64.9,2026-06-26 03:00:00,2401086
74.9,71.0,75.9,64.9,2026-06-26 03:20:00,2401086
74.8,71.7,75.7,65.0,2026-06-26 03:40:00,2401086
74.5,72.4,75.6,65.0,2026-06-26 04:00:00,2401086
74.0,73.0,75.0,64.8,2026-06-26 04:20:00,2401086
73.6,74.1,74.8,64.8,2026-06-26 04:40:00,2401086
73.5,74.5,74.5,64.9,2026-06-26 05:00:00,2401086
73.3,75.2,74.5,65.0,2026-06-26 05:20:00,2401086
73.1,76.0,74.3,65.1,2026-06-26 05:40:00,2401086
72.9,76.7,74.1,65.1,2026-06-26 06:00:00,2401086
72.8,77.3,73.9,65.3,2026-06-26 06:20:00,2401086
73.3,77.3,74.7,65.8,2026-06-26 06:40:00,2401086
73.7,77.2,75.0,66.1,2026-06-26 07:00:00,2401086
74.2,76.8,75.6,66.5,2026-06-26 07:20:00,2401086
74.8,76.5,76.3,66.9,2026-06-26 07:40:00,2401086
76.0,75.8,77.5,67.8,2026-06-26 08:00:00,2401086
77.8,73.6,80.2,68.6,2026-06-26 08:20:00,2401086
78.8,70.3,81.3,68.3,2026-06-26 08:40:00,2401086
79.8,68.0,82.8,68.3,2026-06-26 09:00:00,2401086
81.6,65.0,85.1,68.7,2026-06-26 09:20:00,2401086
84.1,62.0,89.2,69.7,2026-06-26 09:40:00,2401086
83.9,61.2,88.5,69.1,2026-06-26 10:00:00,2401086
84.4,59.0,89.1,68.5,2026-06-26 10:20:00,2401086
85.3,59.6,91.0,69.7,2026-06-26 10:40:00,2401086
86.0,55.8,90.9,68.3,2026-06-26 11:00:00,2401086
87.9,50.9,92.7,67.5,2026-06-26 11:20:00,2401086
87.7,51.4,92.5,67.6,2026-06-26 11:40:00,2401086
86.6,52.6,91.0,67.3,2026-06-26 12:00:00,2401086
87.9,50.1,92.5,67.1,2026-06-26 12:20:00,2401086
89.4,48.3,94.6,67.3,2026-06-26 12:40:00,2401086
89.9,47.5,95.4,67.3,2026-06-26 13:00:00,2401086
89.5,46.0,93.9,65.9,2026-06-26 13:20:00,2401086
89.3,46.6,93.9,66.2,2026-06-26 13:40:00,2401086
89.2,46.5,93.6,66.0,2026-06-26 14:00:00,2401086
91.0,45.0,96.3,66.7,2026-06-26 14:20:00,2401086
90.1,47.7,96.1,67.6,2026-06-26 14:40:00,2401086
91.9,45.7,98.8,68.0,2026-06-26 15:00:00,2401086
91.3,46.5,97.7,67.9,2026-06-26 15:20:00,2401086
89.2,49.9,94.8,68.0,2026-06-26 15:40:00,2401086
87.5,52.0,92.5,67.8,2026-06-26 16:00:00,2401086
83.1,63.9,87.4,69.6,2026-06-26 16:20:00,2401086
85.0,62.6,91.2,70.8,2026-06-26 16:40:00,2401086
85.9,61.0,92.7,70.9,2026-06-26 17:00:00,2401086
84.2,64.7,90.5,71.0,2026-06-26 17:20:00,2401086
84.7,61.9,90.3,70.2,2026-06-26 17:40:00,2401086
84.6,60.6,89.8,69.5,2026-06-26 18:00:00,2401086
85.1,62.0,91.6,70.7,2026-06-26 18:20:00,2401086
84.0,64.0,89.4,70.5,2026-06-26 18:40:00,2401086
82.8,66.4,87.8,70.5,2026-06-26 19:00:00,2401086
82.7,66.5,87.4,70.4,2026-06-26 19:20:00,2401086
81.6,66.3,85.5,69.3,2026-06-26 19:40:00,2401086
81.6,66.6,85.5,69.3,2026-06-26 20:00:00,2401086
79.8,69.8,83.1,69.0,2026-06-26 20:20:00,2401086
79.3,72.5,82.8,69.7,2026-06-26 20:40:00,2401086
78.9,73.9,82.2,69.9,2026-06-26 21:00:00,2401086
78.3,76.5,81.9,70.3,2026-06-26 21:20:00,2401086
77.6,79.1,80.8,70.6,2026-06-26 21:40:00,2401086
77.5,81.0,80.8,71.2,2026-06-26 22:00:00,2401086
77.3,83.3,80.8,71.8,2026-06-26 22:20:00,2401086
77.3,83.9,80.8,72.0,2026-06-26 22:40:00,2401086
77.0,84.5,80.4,72.0,2026-06-26 23:00:00,2401086
76.9,85.2,80.2,72.1,2026-06-26 23:20:00,2401086
76.7,86.0,79.9,72.2,2026-06-26 23:40:00,2401086
76.5,86.7,79.7,72.2,2026-06-27 00:00:00,2401086
76.5,86.4,79.7,72.2,2026-06-27 00:20:00,2401086
76.2,86.8,79.2,72.0,2026-06-27 00:40:00,2401086
76.2,86.9,79.2,72.0,2026-06-27 01:00:00,2401086
75.9,86.8,78.6,71.7,2026-06-27 01:20:00,2401086
75.6,87.5,78.6,71.6,2026-06-27 01:40:00,2401086
75.5,87.5,78.4,71.5,2026-06-27 02:00:00,2401086
75.3,87.4,78.1,71.3,2026-06-27 02:20:00,2401086
75.0,88.0,77.7,71.2,2026-06-27 02:40:00,2401086
75.0,88.7,77.7,71.4,2026-06-27 03:00:00,2401086
74.8,89.1,77.5,71.3,2026-06-27 03:20:00,2401086
74.7,89.6,77.5,71.4,2026-06-27 03:40:00,2401086
74.6,90.3,77.5,71.5,2026-06-27 04:00:00,2401086
74.4,90.4,77.2,71.4,2026-06-27 04:20:00,2401086
74.0,91.1,76.8,71.3,2026-06-27 04:40:00,2401086
74.0,91.3,76.8,71.3,2026-06-27 05:00:00,2401086
73.9,91.4,76.6,71.3,2026-06-27 05:20:00,2401086
74.0,91.5,76.8,71.3,2026-06-27 05:40:00,2401086
74.1,91.3,76.8,71.4,2026-06-27 06:00:00,2401086
74.2,91.4,77.2,71.5,2026-06-27 06:20:00,2401086
74.4,91.0,77.2,71.6,2026-06-27 06:40:00,2401086
74.9,90.2,77.9,71.9,2026-06-27 07:00:00,2401086
75.7,88.9,78.8,72.2,2026-06-27 07:20:00,2401086
76.6,87.2,79.7,72.5,2026-06-27 07:40:00,2401086
77.5,85.5,81.3,72.8,2026-06-27 08:00:00,2401086
78.2,83.5,82.8,72.8,2026-06-27 08:20:00,2401086
79.3,81.7,84.6,73.2,2026-06-27 08:40:00,2401086
79.7,79.9,84.9,72.9,2026-06-27 09:00:00,2401086
81.6,78.2,88.5,74.1,2026-06-27 09:20:00,2401086
83.1,75.4,90.9,74.5,2026-06-27 09:40:00,2401086
84.6,71.8,93.9,74.4,2026-06-27 10:00:00,2401086
86.4,67.8,96.6,74.5,2026-06-27 10:20:00,2401086
86.7,63.2,95.0,72.7,2026-06-27 10:40:00,2401086
89.8,59.4,100.4,73.7,2026-06-27 11:00:00,2401086
88.4,58.5,97.0,72.1,2026-06-27 11:20:00,2401086
89.4,58.2,99.0,72.7,2026-06-27 11:40:00,2401086
89.7,56.4,99.1,72.1,2026-06-27 12:00:00,2401086
90.8,53.5,100.2,71.6,2026-06-27 12:20:00,2401086
91.1,54.5,101.5,72.5,2026-06-27 12:40:00,2401086
93.4,52.5,105.4,73.4,2026-06-27 13:00:00,2401086
93.0,48.1,102.2,70.5,2026-06-27 13:20:00,2401086
94.0,48.5,104.5,71.6,2026-06-27 13:40:00,2401086
92.1,49.6,100.9,70.5,2026-06-27 14:00:00,2401086
85.0,63.0,91.6,71.0,2026-06-27 14:20:00,2401086
82.2,78.3,89.6,74.8,2026-06-27 14:40:00,2401086
85.3,70.4,95.0,74.6,2026-06-27 15:00:00,2401086
87.9,66.8,99.3,75.4,2026-06-27 15:20:00,2401086
83.6,63.4,88.5,69.8,2026-06-27 15:40:00,2401086
78.6,75.6,82.2,70.3,2026-06-27 16:00:00,2401086
79.7,84.6,86.4,74.7,2026-06-27 16:20:00,2401086
80.4,82.3,86.9,74.5,2026-06-27 16:40:00,2401086
80.3,78.1,86.0,72.8,2026-06-27 17:00:00,2401086
83.6,71.8,91.2,73.5,2026-06-27 17:20:00,2401086
84.4,65.3,90.7,71.4,2026-06-27 17:40:00,2401086
84.6,64.4,91.2,71.2,2026-06-27 18:00:00,2401086
85.5,62.2,92.3,71.1,2026-06-27 18:20:00,2401086
84.4,67.6,91.9,72.5,2026-06-27 18:40:00,2401086
83.3,71.6,90.3,73.1,2026-06-27 19:00:00,2401086
83.5,73.7,91.6,74.2,2026-06-27 19:20:00,2401086
83.2,74.8,91.0,74.4,2026-06-27 19:40:00,2401086
83.0,75.6,91.0,74.5,2026-06-27 20:00:00,2401086
82.9,75.7,90.5,74.4,2026-06-27 20:20:00,2401086
82.2,77.1,89.2,74.3,2026-06-27 20:40:00,2401086
82.0,78.7,89.4,74.7,2026-06-27 21:00:00,2401086
81.9,80.0,89.6,75.1,2026-06-27 21:20:00,2401086
81.5,81.3,89.2,75.2,2026-06-27 21:40:00,2401086
81.9,70.0,86.9,71.1,2026-06-27 22:00:00,2401086
81.2,69.3,85.5,70.2,2026-06-27 22:20:00,2401086
80.3,70.1,84.0,69.6,2026-06-27 22:40:00,2401086
79.5,73.0,83.1,70.1,2026-06-27 23:00:00,2401086
78.9,74.1,82.2,69.9,2026-06-27 23:20:00,2401086
78.2,75.7,81.3,69.9,2026-06-27 23:40:00,2401086
77.6,76.9,80.4,69.8,2026-06-28 00:00:00,2401086
77.5,77.2,80.1,69.8,2026-06-28 00:20:00,2401086
77.2,77.1,79.7,69.5,2026-06-28 00:40:00,2401086
76.8,77.7,78.6,69.3,2026-06-28 01:00:00,2401086
76.5,78.8,78.6,69.4,2026-06-28 01:20:00,2401086
76.3,79.6,78.4,69.5,2026-06-28 01:40:00,2401086
76.0,80.4,78.1,69.5,2026-06-28 02:00:00,2401086
75.5,81.2,77.5,69.3,2026-06-28 02:20:00,2401086
75.3,81.8,77.4,69.4,2026-06-28 02:40:00,2401086
75.2,81.9,77.5,69.3,2026-06-28 03:00:00,2401086
75.1,82.4,77.4,69.4,2026-06-28 03:20:00,2401086
74.9,82.9,77.2,69.3,2026-06-28 03:40:00,2401086
74.4,83.7,76.6,69.2,2026-06-28 04:00:00,2401086
74.2,84.8,76.5,69.4,2026-06-28 04:20:00,2401086
74.0,85.4,76.3,69.4,2026-06-28 04:40:00,2401086
73.7,86.3,75.9,69.3,2026-06-28 05:00:00,2401086
73.4,87.0,75.7,69.3,2026-06-28 05:20:00,2401086
73.6,86.9,75.9,69.4,2026-06-28 05:40:00,2401086
73.5,86.7,75.7,69.3,2026-06-28 06:00:00,2401086
73.7,86.4,75.9,69.3,2026-06-28 06:20:00,2401086
73.9,85.9,75.9,69.4,2026-06-28 06:40:00,2401086
74.1,85.4,76.3,69.4,2026-06-28 07:00:00,2401086
75.0,83.4,77.2,69.6,2026-06-28 07:20:00,2401086
76.0,81.0,78.3,69.7,2026-06-28 07:40:00,2401086
76.8,79.8,79.2,70.1,2026-06-28 08:00:00,2401086
78.6,77.3,82.2,70.9,2026-06-28 08:20:00,2401086
79.7,75.1,84.2,71.1,2026-06-28 08:40:00,2401086
80.5,74.3,85.3,71.6,2026-06-28 09:00:00,2401086
81.8,72.6,87.3,72.1,2026-06-28 09:20:00,2401086
82.0,72.3,87.4,72.1,2026-06-28 09:40:00,2401086
82.6,72.2,88.5,72.7,2026-06-28 10:00:00,2401086
83.8,70.4,91.2,73.1,2026-06-28 10:20:00,2401086
83.7,67.5,90.3,71.8,2026-06-28 10:40:00,2401086
85.7,65.9,94.1,73.0,2026-06-28 11:00:00,2401086
86.1,65.2,94.6,73.0,2026-06-28 11:20:00,2401086
87.9,60.3,96.3,72.5,2026-06-28 11:40:00,2401086
91.3,55.3,102.4,73.0,2026-06-28 12:00:00,2401086
89.5,57.0,99.0,72.2,2026-06-28 12:20:00,2401086
89.5,55.6,98.4,71.5,2026-06-28 12:40:00,2401086
89.6,56.0,99.0,71.9,2026-06-28 13:00:00,2401086
89.5,55.9,98.4,71.7,2026-06-28 13:20:00,2401086
91.8,55.3,103.6,73.5,2026-06-28 13:40:00,2401086
91.9,52.5,102.2,72.1,2026-06-28 14:00:00,2401086
91.2,51.6,100.4,70.9,2026-06-28 14:20:00,2401086
93.3,52.6,105.4,73.4,2026-06-28 14:40:00,2401086
91.1,53.2,100.8,71.7,2026-06-28 15:00:00,2401086
92.9,51.7,104.0,72.5,2026-06-28 15:20:00,2401086
93.2,50.1,104.0,71.9,2026-06-28 15:40:00,2401086
89.9,54.5,98.6,71.3,2026-06-28 16:00:00,2401086
88.5,59.4,97.7,72.6,2026-06-28 16:20:00,2401086
89.7,60.5,101.1,74.2,2026-06-28 16:40:00,2401086
89.0,65.3,101.8,75.8,2026-06-28 17:00:00,2401086
86.9,64.5,96.4,73.5,2026-06-28 17:20:00,2401086
85.9,63.3,93.6,72.0,2026-06-28 17:40:00,2401086
77.8,88.2,82.6,74.0,2026-06-28 18:00:00,2401086
77.4,91.7,82.4,74.8,2026-06-28 18:20:00,2401086
75.7,91.4,79.2,73.0,2026-06-28 18:40:00,2401086
74.0,93.6,77.0,72.0,2026-06-28 19:00:00,2401086
74.8,95.0,78.3,73.2,2026-06-28 19:20:00,2401086
74.9,95.2,78.6,73.5,2026-06-28 19:40:00,2401086
75.1,95.4,78.8,73.7,2026-06-28 20:00:00,2401086
74.4,95.4,77.7,73.0,2026-06-28 20:20:00,2401086
74.9,95.5,78.6,73.5,2026-06-28 20:40:00,2401086
74.9,95.9,78.6,73.6,2026-06-28 21:00:00,2401086
75.1,96.1,78.8,73.9,2026-06-28 21:20:00,2401086
75.2,96.3,78.8,74.0,2026-06-28 21:40:00,2401086
75.1,96.4,79.0,73.9,2026-06-28 22:00:00,2401086
74.9,96.4,78.6,73.8,2026-06-28 22:20:00,2401086
74.4,96.2,77.7,73.3,2026-06-28 22:40:00,2401086
74.2,96.3,77.5,73.1,2026-06-28 23:00:00,2401086
74.2,96.3,77.5,73.1,2026-06-28 23:20:00,2401086
74.0,96.3,77.4,72.9,2026-06-28 23:40:00,2401086
74.0,96.4,77.4,72.9,2026-06-29 00:00:00,2401086
74.0,96.2,77.2,72.9,2026-06-29 00:20:00,2401086
73.9,96.4,77.0,72.8,2026-06-29 00:40:00,2401086
74.0,96.5,77.4,73.0,2026-06-29 01:00:00,2401086
74.0,96.5,77.4,73.0,2026-06-29 01:20:00,2401086
74.0,96.2,77.2,72.9,2026-06-29 01:40:00,2401086
73.7,96.2,76.8,72.6,2026-06-29 02:00:00,2401086
73.5,96.1,76.5,72.3,2026-06-29 02:20:00,2401086
73.6,96.2,76.8,72.4,2026-06-29 02:40:00,2401086
73.5,96.2,76.5,72.3,2026-06-29 03:00:00,2401086
73.2,96.2,76.3,72.1,2026-06-29 03:20:00,2401086
73.3,96.4,76.3,72.2,2026-06-29 03:40:00,2401086
73.1,96.5,76.1,72.1,2026-06-29 04:00:00,2401086
73.1,96.6,76.1,72.1,2026-06-29 04:20:00,2401086
73.2,96.6,76.1,72.2,2026-06-29 04:40:00,2401086
73.1,96.5,76.1,72.1,2026-06-29 05:00:00,2401086
73.2,96.4,76.1,72.1,2026-06-29 05:20:00,2401086
73.0,96.1,75.7,71.8,2026-06-29 05:40:00,2401086
72.9,95.8,75.7,71.6,2026-06-29 06:00:00,2401086
73.0,95.7,75.7,71.7,2026-06-29 06:20:00,2401086
73.2,95.3,76.3,71.8,2026-06-29 06:40:00,2401086
73.5,95.0,76.5,71.9,2026-06-29 07:00:00,2401086
74.2,93.8,77.2,72.3,2026-06-29 07:20:00,2401086
74.8,92.5,77.9,72.5,2026-06-29 07:40:00,2401086
74.7,91.2,77.7,72.0,2026-06-29 08:00:00,2401086
80.4,68.9,84.0,69.3,2026-06-15 02:20:00,2799158
80.3,69.8,84.0,69.6,2026-06-15 02:40:00,2799158
80.2,70.4,83.8,69.7,2026-06-15 03:00:00,2799158
79.8,71.0,83.5,69.5,2026-06-15 03:20:00,2799158
79.3,72.1,82.6,69.5,2026-06-15 03:40:00,2799158
78.5,73.5,81.5,69.3,2026-06-15 04:00:00,2799158
77.6,74.8,80.1,69.0,2026-06-15 04:20:00,2799158
77.2,75.0,79.5,68.7,2026-06-15 04:40:00,2799158
77.0,73.5,79.0,67.9,2026-06-15 05:00:00,2799158
76.8,71.3,77.9,66.8,2026-06-15 05:20:00,2799158
76.8,65.7,77.5,64.5,2026-06-15 05:40:00,2799158
76.9,63.3,77.4,63.5,2026-06-15 06:00:00,2799158
77.0,62.4,77.2,63.1,2026-06-15 06:20:00,2799158
77.0,61.3,77.2,62.7,2026-06-15 06:40:00,2799158
77.1,60.5,77.2,62.4,2026-06-15 07:00:00,2799158
77.0,60.5,77.2,62.3,2026-06-15 07:20:00,2799158
77.0,61.1,77.2,62.6,2026-06-15 07:40:00,2799158
77.5,59.2,77.5,62.1,2026-06-15 08:00:00,2799158
77.4,58.4,77.4,61.6,2026-06-15 08:20:00,2799158
77.2,56.6,76.6,60.6,2026-06-15 08:40:00,2799158
77.7,54.6,77.4,60.1,2026-06-15 09:00:00,2799158
78.3,53.5,78.1,60.1,2026-06-15 09:20:00,2799158
77.5,52.4,76.6,58.7,2026-06-15 09:40:00,2799158
77.7,50.9,77.0,58.1,2026-06-15 10:00:00,2799158
78.7,50.1,78.1,58.5,2026-06-15 10:20:00,2799158
80.4,44.1,79.2,56.6,2026-06-15 10:40:00,2799158
81.4,41.0,79.9,55.4,2026-06-15 11:00:00,2799158
81.7,41.1,80.4,55.8,2026-06-15 11:20:00,2799158
79.9,42.1,78.3,54.8,2026-06-15 11:40:00,2799158
81.6,40.3,80.1,55.2,2026-06-15 12:00:00,2799158
82.4,37.3,80.4,53.7,2026-06-15 12:20:00,2799158
83.6,37.4,82.0,54.9,2026-06-15 12:40:00,2799158
83.8,35.7,81.9,53.8,2026-06-15 13:00:00,2799158
83.0,32.4,80.4,50.5,2026-06-15 13:20:00,2799158
85.3,33.5,83.7,53.4,2026-06-15 13:40:00,2799158
85.5,33.5,83.8,53.5,2026-06-15 14:00:00,2799158
86.1,33.0,84.4,53.7,2026-06-15 14:20:00,2799158
86.6,32.8,84.9,53.9,2026-06-15 14:40:00,2799158
85.3,31.9,82.9,52.0,2026-06-15 15:00:00,2799158
86.3,32.1,84.4,53.1,2026-06-15 15:20:00,2799158
87.3,33.5,86.0,55.1,2026-06-15 15:40:00,2799158
87.4,33.2,86.0,54.9,2026-06-15 16:00:00,2799158
87.5,30.4,85.5,52.6,2026-06-15 16:20:00,2799158
87.0,30.1,84.7,52.0,2026-06-15 16:40:00,2799158
86.3,30.5,83.8,51.7,2026-06-15 17:00:00,2799158
86.8,31.5,84.9,53.0,2026-06-15 17:20:00,2799158
86.5,31.9,84.6,53.0,2026-06-15 17:40:00,2799158
85.7,32.9,83.8,53.3,2026-06-15 18:00:00,2799158
85.8,33.6,84.0,53.9,2026-06-15 18:20:00,2799158
85.9,34.1,84.4,54.3,2026-06-15 18:40:00,2799158
84.9,34.8,83.1,54.1,2026-06-15 19:00:00,2799158
84.4,34.9,82.8,53.7,2026-06-15 19:20:00,2799158
83.9,35.7,82.2,53.9,2026-06-15 19:40:00,2799158
83.1,36.6,81.3,53.9,2026-06-15 20:00:00,2799158
81.9,37.3,79.9,53.3,2026-06-15 20:20:00,2799158
81.4,37.5,79.3,53.0,2026-06-15 20:40:00,2799158
78.6,40.5,76.6,52.6,2026-06-15 21:00:00,2799158
77.2,43.7,75.2,53.4,2026-06-15 21:20:00,2799158
76.3,46.1,74.7,54.0,2026-06-15 21:40:00,2799158
75.4,46.4,73.8,53.4,2026-06-15 22:00:00,2799158
73.9,48.2,72.5,53.2,2026-06-15 22:20:00,2799158
73.0,50.4,72.0,53.5,2026-06-15 22:40:00,2799158
72.2,52.1,71.4,53.7,2026-06-15 23:00:00,2799158
71.6,53.4,70.9,53.8,2026-06-15 23:20:00,2799158
70.8,55.1,70.5,53.9,2026-06-15 23:40:00,2799158
69.7,56.2,68.9,53.4,2026-06-16 00:00:00,2799158
69.3,57.5,68.5,53.6,2026-06-16 00:20:00,2799158
68.9,57.6,67.8,53.3,2026-06-16 00:40:00,2799158
68.3,58.1,66.9,53.0,2026-06-16 01:00:00,2799158
68.0,59.2,66.6,53.2,2026-06-16 01:20:00,2799158
67.6,59.4,66.0,53.0,2026-06-16 01:40:00,2799158
67.1,60.3,65.7,52.9,2026-06-16 02:00:00,2799158
66.7,61.7,64.9,53.1,2026-06-16 02:20:00,2799158
66.7,62.5,65.1,53.5,2026-06-16 02:40:00,2799158
65.8,63.3,63.9,53.0,2026-06-16 03:00:00,2799158
65.5,64.7,63.9,53.3,2026-06-16 03:20:00,2799158
65.2,65.1,63.3,53.2,2026-06-16 03:40:00,2799158
65.2,65.2,63.3,53.2,2026-06-16 04:00:00,2799158
65.0,65.0,63.1,53.0,2026-06-16 04:20:00,2799158
65.0,65.2,63.1,53.1,2026-06-16 04:40:00,2799158
64.9,64.3,63.0,52.6,2026-06-16 05:00:00,2799158
65.3,64.7,63.5,53.2,2026-06-16 05:20:00,2799158
66.3,61.7,64.4,52.8,2026-06-16 05:40:00,2799158
65.9,61.2,64.0,52.2,2026-06-16 06:00:00,2799158
66.8,59.6,65.1,52.3,2026-06-16 06:20:00,2799158
66.5,61.2,64.8,52.7,2026-06-16 06:40:00,2799158
66.7,61.2,64.9,52.9,2026-06-16 07:00:00,2799158
66.8,62.3,65.3,53.5,2026-06-16 07:20:00,2799158
67.7,60.3,66.6,53.4,2026-06-16 07:40:00,2799158
68.6,58.5,67.6,53.5,2026-06-16 08:00:00,2799158
69.4,57.5,68.5,53.8,2026-06-16 08:20:00,2799158
70.4,56.7,70.0,54.3,2026-06-16 08:40:00,2799158
71.4,56.4,70.9,55.1,2026-06-16 09:00:00,2799158
72.4,54.4,71.8,55.1,2026-06-16 09:20:00,2799158
73.2,53.1,72.5,55.1,2026-06-16 09:40:00,2799158
75.1,51.7,73.9,56.1,2026-06-16 10:00:00,2799158
76.4,49.0,75.0,55.9,2026-06-16 10:20:00,2799158
78.0,45.5,76.5,55.2,2026-06-16 10:40:00,2799158
78.0,46.2,76.6,55.7,2026-06-16 11:00:00,2799158
78.8,44.5,77.4,55.4,2026-06-16 11:20:00,2799158
79.0,44.2,77.7,55.4,2026-06-16 11:40:00,2799158
79.4,43.5,78.1,55.3,2026-06-16 12:00:00,2799158
79.1,44.1,77.7,55.3,2026-06-16 12:20:00,2799158
79.5,43.8,78.3,55.6,2026-06-16 12:40:00,2799158
79.5,44.1,78.3,55.8,2026-06-16 13:00:00,2799158
81.8,40.5,80.2,55.5,2026-06-16 13:20:00,2799158
82.8,39.0,81.3,55.4,2026-06-16 13:40:00,2799158
83.4,39.0,82.0,55.9,2026-06-16 14:00:00,2799158
84.2,37.0,82.9,55.1,2026-06-16 14:20:00,2799158
83.7,38.4,82.6,55.7,2026-06-16 14:40:00,2799158
83.5,38.1,82.2,55.3,2026-06-16 15:00:00,2799158
84.8,37.8,83.8,56.2,2026-06-16 15:20:00,2799158
85.7,37.1,85.1,56.5,2026-06-16 15:40:00,2799158
84.6,37.6,83.7,55.9,2026-06-16 16:00:00,2799158
85.0,38.4,84.4,56.8,2026-06-16 16:20:00,2799158
84.2,39.3,83.3,56.7,2026-06-16 16:40:00,2799158
84.2,40.1,83.5,57.3,2026-06-16 17:00:00,2799158
84.7,40.6,84.4,58.1,2026-06-16 17:20:00,2799158
83.7,41.4,83.1,57.7,2026-06-16 17:40:00,2799158
83.3,42.0,82.8,57.9,2026-06-16 18:00:00,2799158
83.2,43.2,82.8,58.5,2026-06-16 18:20:00,2799158
82.3,43.3,81.5,57.8,2026-06-16 18:40:00,2799158
81.5,43.9,80.4,57.4,2026-06-16 19:00:00,2799158
81.3,45.0,80.4,57.9,2026-06-16 19:20:00,2799158
80.9,45.5,80.1,58.0,2026-06-16 19:40:00,2799158
80.6,46.4,79.9,58.2,2026-06-16 20:00:00,2799158
80.2,46.5,79.3,57.8,2026-06-16 20:20:00,2799158
79.7,47.4,79.0,57.9,2026-06-16 20:40:00,2799158
79.0,48.6,78.3,58.0,2026-06-16 21:00:00,2799158
78.5,49.6,77.7,58.1,2026-06-16 21:20:00,2799158
78.1,50.6,77.4,58.3,2026-06-16 21:40:00,2799158
77.8,51.7,77.2,58.6,2026-06-16 22:00:00,2799158
77.3,53.0,76.5,58.8,2026-06-16 22:20:00,2799158
76.8,54.6,75.9,59.2,2026-06-16 22:40:00,2799158
76.2,55.9,75.6,59.3,2026-06-16 23:00:00,2799158
75.7,57.1,75.2,59.4,2026-06-16 23:20:00,2799158
75.3,58.2,74.8,59.6,2026-06-16 23:40:00,2799158
75.0,59.5,74.7,59.9,2026-06-17 00:00:00,2799158
74.4,60.9,74.3,60.1,2026-06-17 00:20:00,2799158
74.0,62.5,74.1,60.4,2026-06-17 00:40:00,2799158
73.5,63.9,73.8,60.5,2026-06-17 01:00:00,2799158
73.0,65.3,73.2,60.6,2026-06-17 01:20:00,2799158
72.5,66.9,72.9,60.9,2026-06-17 01:40:00,2799158
72.1,68.2,72.5,61.0,2026-06-17 02:00:00,2799158
71.9,69.2,72.5,61.2,2026-06-17 02:20:00,2799158
71.6,70.3,72.1,61.4,2026-06-17 02:40:00,2799158
71.2,72.0,72.0,61.7,2026-06-17 03:00:00,2799158
71.2,73.2,72.0,62.1,2026-06-17 03:20:00,2799158
70.8,74.2,71.6,62.1,2026-06-17 03:40:00,2799158
70.6,75.1,71.4,62.3,2026-06-17 04:00:00,2799158
70.3,75.9,71.1,62.4,2026-06-17 04:20:00,2799158
69.9,77.2,70.5,62.4,2026-06-17 04:40:00,2799158
69.7,77.9,70.3,62.5,2026-06-17 05:00:00,2799158
69.5,78.9,70.3,62.6,2026-06-17 05:20:00,2799158
69.2,79.3,69.8,62.5,2026-06-17 05:40:00,2799158
68.6,80.3,69.1,62.3,2026-06-17 06:00:00,2799158
68.7,80.9,69.4,62.6,2026-06-17 06:20:00,2799158
68.6,81.4,69.3,62.6,2026-06-17 06:40:00,2799158
69.1,81.2,69.8,63.1,2026-06-17 07:00:00,2799158
70.2,79.9,71.2,63.8,2026-06-17 07:20:00,2799158
71.6,77.5,72.7,64.2,2026-06-17 07:40:00,2799158
73.3,74.7,74.3,64.8,2026-06-17 08:00:00,2799158
74.7,70.9,75.7,64.7,2026-06-17 08:20:00,2799158
76.2,68.1,76.8,64.9,2026-06-17 08:40:00,2799158
77.4,64.2,78.3,64.3,2026-06-17 09:00:00,2799158
78.5,61.1,79.3,64.0,2026-06-17 09:20:00,2799158
79.4,58.7,80.4,63.7,2026-06-17 09:40:00,2799158
81.7,54.9,82.9,63.9,2026-06-17 10:00:00,2799158
81.8,50.6,82.2,61.7,2026-06-17 10:20:00,2799158
83.0,47.1,83.3,60.8,2026-06-17 10:40:00,2799158
82.9,43.5,82.2,58.4,2026-06-17 11:00:00,2799158
84.8,40.9,84.6,58.4,2026-06-17 11:20:00,2799158
85.1,38.0,84.4,56.6,2026-06-17 11:40:00,2799158
86.9,36.1,86.2,56.8,2026-06-17 12:00:00,2799158
86.5,34.6,85.3,55.3,2026-06-17 12:20:00,2799158
87.5,35.9,87.1,57.1,2026-06-17 12:40:00,2799158
88.4,33.9,87.8,56.4,2026-06-17 13:00:00,2799158
87.9,32.8,86.5,55.1,2026-06-17 13:20:00,2799158
89.9,32.3,89.4,56.4,2026-06-17 13:40:00,2799158
90.3,30.4,89.2,55.0,2026-06-17 14:00:00,2799158
90.8,30.5,90.1,55.6,2026-06-17 14:20:00,2799158
91.1,30.6,90.5,55.9,2026-06-17 14:40:00,2799158
91.2,31.2,90.9,56.5,2026-06-17 15:00:00,2799158
91.4,30.6,90.9,56.1,2026-06-17 15:20:00,2799158
91.9,30.8,92.1,56.8,2026-06-17 15:40:00,2799158
91.7,32.1,92.1,57.8,2026-06-17 16:00:00,2799158
90.5,30.7,90.0,55.5,2026-06-17 16:20:00,2799158
89.9,32.9,89.6,56.8,2026-06-17 16:40:00,2799158
91.6,30.4,91.2,56.2,2026-06-17 17:00:00,2799158
91.9,31.6,92.1,57.4,2026-06-17 17:20:00,2799158
91.1,30.6,90.7,56.0,2026-06-17 17:40:00,2799158
92.2,30.6,92.3,56.8,2026-06-17 18:00:00,2799158
91.5,30.9,91.2,56.5,2026-06-17 18:20:00,2799158
90.8,32.0,90.7,56.8,2026-06-17 18:40:00,2799158
90.8,31.4,90.5,56.3,2026-06-17 19:00:00,2799158
90.0,34.3,90.5,58.1,2026-06-17 19:20:00,2799158
89.4,34.3,89.4,57.6,2026-06-17 19:40:00,2799158
88.6,35.4,88.5,57.8,2026-06-17 20:00:00,2799158
87.7,36.5,87.6,57.8,2026-06-17 20:20:00,2799158
87.1,37.5,87.1,58.0,2026-06-17 20:40:00,2799158
86.4,38.5,86.4,58.1,2026-06-17 21:00:00,2799158
85.3,40.2,85.3,58.4,2026-06-17 21:20:00,2799158
84.8,41.8,84.9,59.1,2026-06-17 21:40:00,2799158
84.0,44.1,84.4,59.9,2026-06-17 22:00:00,2799158
83.5,45.6,83.8,60.3,2026-06-17 22:20:00,2799158
82.9,47.0,82.9,60.6,2026-06-17 22:40:00,2799158
82.0,50.0,82.4,61.5,2026-06-17 23:00:00,2799158
81.6,52.6,82.4,62.6,2026-06-17 23:20:00,2799158
81.7,54.1,82.8,63.5,2026-06-17 23:40:00,2799158
81.4,55.4,82.6,63.8,2026-06-18 00:00:00,2799158
80.8,56.9,82.2,64.1,2026-06-18 00:20:00,2799158
80.2,58.4,81.3,64.2,2026-06-18 00:40:00,2799158
79.8,59.8,81.1,64.6,2026-06-18 01:00:00,2799158
79.4,60.9,80.8,64.8,2026-06-18 01:20:00,2799158
79.3,61.8,80.6,65.0,2026-06-18 01:40:00,2799158
78.6,63.3,79.9,65.1,2026-06-18 02:00:00,2799158
78.2,64.4,79.3,65.2,2026-06-18 02:20:00,2799158
78.2,65.0,79.5,65.4,2026-06-18 02:40:00,2799158
77.9,65.7,79.3,65.5,2026-06-18 03:00:00,2799158
77.4,67.1,78.6,65.6,2026-06-18 03:20:00,2799158
77.4,68.7,78.8,66.3,2026-06-18 03:40:00,2799158
77.2,70.5,78.8,66.8,2026-06-18 04:00:00,2799158
77.0,72.6,78.4,67.5,2026-06-18 04:20:00,2799158
76.6,74.3,78.3,67.8,2026-06-18 04:40:00,2799158
76.3,75.7,77.9,68.1,2026-06-18 05:00:00,2799158
76.1,76.8,77.9,68.3,2026-06-18 05:20:00,2799158
76.0,78.0,77.9,68.6,2026-06-18 05:40:00,2799158
75.9,78.7,77.9,68.8,2026-06-18 06:00:00,2799158
76.0,79.1,78.1,69.1,2026-06-18 06:20:00,2799158
76.4,78.8,78.3,69.3,2026-06-18 06:40:00,2799158
77.1,78.0,79.5,69.7,2026-06-18 07:00:00,2799158
77.3,77.2,79.7,69.6,2026-06-18 07:20:00,2799158
77.4,76.9,80.1,69.6,2026-06-18 07:40:00,2799158
78.7,75.0,82.2,70.1,2026-06-18 08:00:00,2799158
79.7,73.3,83.8,70.4,2026-06-18 08:20:00,2799158
80.1,72.2,84.2,70.3,2026-06-18 08:40:00,2799158
81.2,70.1,85.6,70.5,2026-06-18 09:00:00,2799158
81.8,68.7,86.2,70.5,2026-06-18 09:20:00,2799158
81.8,68.3,86.2,70.4,2026-06-18 09:40:00,2799158
83.4,65.9,88.9,70.8,2026-06-18 10:00:00,2799158
85.6,63.5,92.8,71.7,2026-06-18 10:20:00,2799158
84.8,63.5,91.2,71.1,2026-06-18 10:40:00,2799158
86.4,60.3,93.4,71.0,2026-06-18 11:00:00,2799158
87.8,57.6,95.4,71.0,2026-06-18 11:20:00,2799158
89.8,54.3,98.6,71.1,2026-06-18 11:40:00,2799158
89.0,55.4,96.8,70.9,2026-06-18 12:00:00,2799158
90.0,53.7,98.6,70.9,2026-06-18 12:20:00,2799158
91.7,51.8,101.5,71.4,2026-06-18 12:40:00,2799158
93.7,49.5,104.7,72.0,2026-06-18 13:00:00,2799158
94.6,46.4,104.4,70.9,2026-06-18 13:20:00,2799158
95.7,46.5,107.4,72.0,2026-06-18 13:40:00,2799158
94.2,44.9,102.6,69.5,2026-06-18 14:00:00,2799158
94.6,45.1,103.6,70.0,2026-06-18 14:20:00,2799158
96.8,42.9,107.1,70.5,2026-06-18 14:40:00,2799158
96.5,42.6,106.5,70.1,2026-06-18 15:00:00,2799158
96.7,41.9,106.3,69.8,2026-06-18 15:20:00,2799158
84.7,51.4,87.3,64.8,2026-06-18 15:40:00,2799158
81.5,61.1,84.0,66.8,2026-06-18 16:00:00,2799158
81.0,63.8,83.8,67.6,2026-06-18 16:20:00,2799158
78.8,73.5,82.0,69.6,2026-06-18 16:40:00,2799158
82.1,68.2,86.9,70.6,2026-06-18 17:00:00,2799158
84.8,62.8,91.0,70.7,2026-06-18 17:20:00,2799158
86.5,57.7,92.5,69.8,2026-06-18 17:40:00,2799158
86.6,57.5,92.8,69.8,2026-06-18 18:00:00,2799158
87.0,56.3,93.0,69.6,2026-06-18 18:20:00,2799158
87.4,55.6,93.6,69.5,2026-06-18 18:40:00,2799158
86.6,57.5,92.8,69.8,2026-06-18 19:00:00,2799158
86.9,57.1,93.4,69.9,2026-06-18 19:20:00,2799158
86.5,57.2,92.3,69.5,2026-06-18 19:40:00,2799158
85.9,58.1,91.6,69.5,2026-06-18 20:00:00,2799158
85.2,60.3,90.9,69.9,2026-06-18 20:20:00,2799158
84.1,61.2,88.9,69.3,2026-06-18 20:40:00,2799158
83.6,61.5,88.0,69.0,2026-06-18 21:00:00,2799158
76.7,80.6,79.3,70.2,2026-06-18 21:20:00,2799158
75.2,87.4,77.9,71.2,2026-06-18 21:40:00,2799158
74.7,89.0,77.5,71.3,2026-06-18 22:00:00,2799158
74.1,87.6,76.5,70.2,2026-06-18 22:20:00,2799158
73.3,88.9,75.6,69.8,2026-06-18 22:40:00,2799158
73.2,90.6,75.7,70.3,2026-06-18 23:00:00,2799158
73.3,91.4,75.9,70.7,2026-06-18 23:20:00,2799158
73.5,92.0,76.1,71.0,2026-06-18 23:40:00,2799158
73.5,92.2,76.1,71.1,2026-06-19 00:00:00,2799158
73.8,92.2,76.6,71.4,2026-06-19 00:20:00,2799158
73.6,92.0,76.5,71.1,2026-06-19 00:40:00,2799158
73.9,92.0,76.6,71.4,2026-06-19 01:00:00,2799158
73.8,91.5,76.6,71.2,2026-06-19 01:20:00,2799158
73.5,90.2,76.1,70.4,2026-06-19 01:40:00,2799158
73.3,90.2,75.7,70.2,2026-06-19 02:00:00,2799158
73.1,90.5,75.6,70.1,2026-06-19 02:20:00,2799158
73.1,90.4,75.6,70.1,2026-06-19 02:40:00,2799158
73.1,90.1,75.6,70.0,2026-06-19 03:00:00,2799158
73.0,90.7,75.4,70.1,2026-06-19 03:20:00,2799158
73.0,90.7,75.4,70.1,2026-06-19 03:40:00,2799158
72.9,90.8,75.4,70.1,2026-06-19 04:00:00,2799158
72.7,90.8,75.0,69.8,2026-06-19 04:20:00,2799158
72.1,90.6,74.1,69.2,2026-06-19 04:40:00,2799158
71.7,91.3,73.6,69.1,2026-06-19 05:00:00,2799158
71.4,91.8,73.2,68.9,2026-06-19 05:20:00,2799158
71.0,92.1,72.7,68.6,2026-06-19 05:40:00,2799158
70.7,92.5,72.5,68.4,2026-06-19 06:00:00,2799158
70.5,92.7,72.0,68.3,2026-06-19 06:20:00,2799158
70.7,93.2,72.1,68.6,2026-06-19 06:40:00,2799158
70.8,93.5,72.5,68.8,2026-06-19 07:00:00,2799158
71.0,93.7,72.7,69.0,2026-06-19 07:20:00,2799158
71.2,93.7,72.9,69.2,2026-06-19 07:40:00,2799158
71.3,93.7,73.2,69.3,2026-06-19 08:00:00,2799158
71.5,93.7,73.4,69.6,2026-06-19 08:20:00,2799158
71.7,93.8,73.9,69.9,2026-06-19 08:40:00,2799158
71.9,93.9,74.1,70.0,2026-06-19 09:00:00,2799158
72.4,94.0,74.8,70.6,2026-06-19 09:20:00,2799158
73.0,94.0,75.6,71.1,2026-06-19 09:40:00,2799158
73.0,93.4,75.4,71.0,2026-06-19 10:00:00,2799158
74.5,92.2,77.5,72.1,2026-06-19 10:20:00,2799158
75.2,90.6,78.3,72.2,2026-06-19 10:40:00,2799158
74.9,89.9,77.7,71.7,2026-06-19 11:00:00,2799158
76.5,86.4,79.7,72.1,2026-06-19 11:20:00,2799158
77.5,84.4,81.1,72.4,2026-06-19 11:40:00,2799158
78.6,82.0,83.1,72.6,2026-06-19 12:00:00,2799158
79.8,79.4,85.3,72.8,2026-06-19 12:20:00,2799158
80.9,75.9,86.4,72.6,2026-06-19 12:40:00,2799158
81.4,72.8,86.5,71.9,2026-06-19 13:00:00,2799158
82.0,67.8,86.4,70.3,2026-06-19 13:20:00,2799158
83.6,67.7,90.0,71.8,2026-06-19 13:40:00,2799158
85.0,63.5,91.6,71.2,2026-06-19 14:00:00,2799158
85.7,60.4,92.1,70.4,2026-06-19 14:20:00,2799158
87.4,54.3,93.0,68.8,2026-06-19 14:40:00,2799158
86.6,51.8,90.9,66.8,2026-06-19 15:00:00,2799158
87.3,48.1,90.7,65.3,2026-06-19 15:20:00,2799158
86.5,50.4,90.0,65.9,2026-06-19 15:40:00,2799158
86.0,48.7,88.7,64.5,2026-06-19 16:00:00,2799158
87.8,46.4,90.9,64.7,2026-06-19 16:20:00,2799158
86.3,47.4,88.7,64.0,2026-06-19 16:40:00,2799158
86.1,45.8,87.8,62.7,2026-06-19 17:00:00,2799158
86.5,47.0,88.9,63.8,2026-06-19 17:20:00,2799158
86.6,44.8,88.3,62.6,2026-06-19 17:40:00,2799158
85.7,46.1,87.4,62.6,2026-06-19 18:00:00,2799158
85.7,46.0,87.4,62.6,2026-06-19 18:20:00,2799158
85.6,46.0,87.1,62.5,2026-06-19 18:40:00,2799158
85.3,43.6,85.8,60.6,2026-06-19 19:00:00,2799158
84.9,44.9,85.8,61.1,2026-06-19 19:20:00,2799158
84.1,45.3,84.6,60.7,2026-06-19 19:40:00,2799158
83.0,50.8,84.2,62.9,2026-06-19 20:00:00,2799158
83.0,43.7,82.6,58.7,2026-06-19 20:20:00,2799158
82.2,42.2,81.0,57.0,2026-06-19 20:40:00,2799158
80.0,46.8,79.2,57.8,2026-06-19 21:00:00,2799158
78.4,50.4,77.7,58.4,2026-06-19 21:20:00,2799158
76.4,55.9,75.7,59.5,2026-06-19 21:40:00,2799158
75.6,54.3,74.8,57.9,2026-06-19 22:00:00,2799158
74.0,56.6,73.4,57.6,2026-06-19 22:20:00,2799158
73.3,56.1,72.9,56.7,2026-06-19 22:40:00,2799158
72.4,57.9,72.1,56.8,2026-06-19 23:00:00,2799158
72.2,57.0,71.8,56.2,2026-06-19 23:20:00,2799158
71.6,61.7,71.8,57.8,2026-06-19 23:40:00,2799158
72.1,57.7,71.8,56.3,2026-06-20 00:00:00,2799158
70.5,60.5,70.5,56.2,2026-06-20 00:20:00,2799158
70.5,60.5,70.5,56.2,2026-06-20 00:40:00,2799158
70.8,57.1,70.5,54.9,2026-06-20 01:00:00,2799158
69.9,59.8,69.3,55.3,2026-06-20 01:20:00,2799158
69.0,60.6,68.2,54.8,2026-06-20 01:40:00,2799158
68.1,61.7,66.9,54.5,2026-06-20 02:00:00,2799158
66.9,63.3,65.5,54.0,2026-06-20 02:20:00,2799158
65.9,64.9,64.2,53.8,2026-06-20 02:40:00,2799158
65.1,67.0,63.3,53.9,2026-06-20 03:00:00,2799158
64.6,69.1,63.0,54.2,2026-06-20 03:20:00,2799158
63.5,71.3,62.4,54.1,2026-06-20 03:40:00,2799158
62.9,72.7,61.7,54.0,2026-06-20 04:00:00,2799158
62.2,75.8,61.3,54.5,2026-06-20 04:20:00,2799158
61.4,77.5,60.8,54.3,2026-06-20 04:40:00,2799158
60.8,79.6,60.4,54.5,2026-06-20 05:00:00,2799158
60.4,81.3,60.3,54.7,2026-06-20 05:20:00,2799158
59.8,82.4,59.5,54.4,2026-06-20 05:40:00,2799158
59.8,83.5,59.7,54.8,2026-06-20 06:00:00,2799158
59.7,84.6,59.7,55.1,2026-06-20 06:20:00,2799158
60.6,84.7,60.4,56.0,2026-06-20 06:40:00,2799158
61.6,84.2,61.5,56.8,2026-06-20 07:00:00,2799158
62.5,83.9,62.4,57.6,2026-06-20 07:20:00,2799158
64.7,81.2,64.4,58.8,2026-06-20 07:40:00,2799158
68.5,72.9,68.4,59.4,2026-06-20 08:00:00,2799158
74.2,60.2,74.1,59.5,2026-06-20 08:20:00,2799158
75.8,55.8,75.2,58.9,2026-06-20 08:40:00,2799158
78.8,49.7,77.9,58.4,2026-06-20 09:00:00,2799158
80.7,47.1,80.1,58.7,2026-06-20 09:20:00,2799158
81.5,44.5,80.4,57.8,2026-06-20 09:40:00,2799158
80.4,41.6,79.0,55.0,2026-06-20 10:00:00,2799158
80.9,42.5,79.5,56.0,2026-06-20 10:20:00,2799158
82.2,41.0,80.8,56.2,2026-06-20 10:40:00,2799158
82.3,38.5,80.6,54.5,2026-06-20 11:00:00,2799158
83.8,34.3,81.7,52.7,2026-06-20 11:20:00,2799158
84.3,33.5,82.2,52.5,2026-06-20 11:40:00,2799158
86.6,33.2,85.1,54.3,2026-06-20 12:00:00,2799158
86.5,31.9,84.6,53.0,2026-06-20 12:20:00,2799158
84.4,32.1,81.9,51.4,2026-06-20 12:40:00,2799158
85.0,34.0,83.3,53.5,2026-06-20 13:00:00,2799158
85.9,35.1,84.7,55.1,2026-06-20 13:20:00,2799158
86.9,33.9,85.8,55.1,2026-06-20 13:40:00,2799158
87.2,32.9,85.8,54.6,2026-06-20 14:00:00,2799158
87.1,33.1,85.8,54.6,2026-06-20 14:20:00,2799158
86.8,30.3,84.6,51.9,2026-06-20 14:40:00,2799158
87.9,32.4,86.4,54.7,2026-06-20 15:00:00,2799158
88.2,31.2,86.7,54.0,2026-06-20 15:20:00,2799158
87.9,31.7,86.2,54.2,2026-06-20 15:40:00,2799158
89.0,33.3,88.3,56.4,2026-06-20 16:00:00,2799158
87.8,30.6,86.0,53.1,2026-06-20 16:20:00,2799158
88.5,31.3,87.3,54.3,2026-06-20 16:40:00,2799158
87.5,31.0,85.6,53.2,2026-06-20 17:00:00,2799158
87.3,31.5,85.6,53.4,2026-06-20 17:20:00,2799158
87.4,32.6,85.8,54.5,2026-06-20 17:40:00,2799158
87.4,32.0,85.6,53.9,2026-06-20 18:00:00,2799158
86.8,32.8,85.3,54.1,2026-06-20 18:20:00,2799158
86.0,34.2,84.7,54.6,2026-06-20 18:40:00,2799158
85.8,35.7,84.6,55.5,2026-06-20 19:00:00,2799158
85.2,37.1,84.4,56.1,2026-06-20 19:20:00,2799158
84.4,39.2,83.7,56.9,2026-06-20 19:40:00,2799158
83.9,39.3,82.9,56.5,2026-06-20 20:00:00,2799158
83.2,41.0,82.2,57.1,2026-06-20 20:20:00,2799158
82.3,42.2,81.3,57.1,2026-06-20 20:40:00,2799158
81.5,44.3,80.8,57.7,2026-06-20 21:00:00,2799158
80.7,45.4,79.9,57.6,2026-06-20 21:20:00,2799158
80.3,46.0,79.5,57.7,2026-06-20 21:40:00,2799158
79.0,49.1,78.3,58.2,2026-06-20 22:00:00,2799158
78.8,46.9,77.9,56.8,2026-06-20 22:20:00,2799158
78.5,48.1,77.5,57.3,2026-06-20 22:40:00,2799158
77.4,50.1,76.5,57.3,2026-06-20 23:00:00,2799158
76.5,51.5,75.4,57.3,2026-06-20 23:20:00,2799158
75.2,52.5,74.1,56.6,2026-06-20 23:40:00,2799158
74.1,55.6,73.4,57.2,2026-06-21 00:00:00,2799158
73.5,57.2,73.0,57.4,2026-06-21 00:20:00,2799158
73.2,59.1,73.0,58.1,2026-06-21 00:40:00,2799158
72.6,60.8,72.5,58.3,2026-06-21 01:00:00,2799158
71.5,62.4,71.6,58.0,2026-06-21 01:20:00,2799158
70.8,64.8,71.1,58.4,2026-06-21 01:40:00,2799158
70.3,66.0,70.3,58.4,2026-06-21 02:00:00,2799158
70.0,67.3,70.2,58.6,2026-06-21 02:20:00,2799158
69.7,68.3,69.6,58.9,2026-06-21 02:40:00,2799158
69.4,69.0,69.3,58.7,2026-06-21 03:00:00,2799158
68.9,70.0,68.9,58.7,2026-06-21 03:20:00,2799158
68.3,72.4,68.2,59.1,2026-06-21 03:40:00,2799158
67.8,74.0,67.5,59.2,2026-06-21 04:00:00,2799158
67.4,75.3,67.3,59.3,2026-06-21 04:20:00,2799158
67.0,76.5,66.7,59.4,2026-06-21 04:40:00,2799158
66.5,78.2,66.2,59.5,2026-06-21 05:00:00,2799158
66.4,79.2,66.4,59.8,2026-06-21 05:20:00,2799158
66.1,79.2,65.8,59.5,2026-06-21 05:40:00,2799158
65.9,80.5,65.7,59.7,2026-06-21 06:00:00,2799158
65.7,81.1,65.7,59.7,2026-06-21 06:20:00,2799158
65.7,81.6,65.7,59.9,2026-06-21 06:40:00,2799158
66.7,81.7,66.7,61.0,2026-06-21 07:00:00,2799158
68.3,80.4,68.7,62.1,2026-06-21 07:20:00,2799158
70.0,78.2,70.7,62.9,2026-06-21 07:40:00,2799158
72.7,73.9,73.8,63.9,2026-06-21 08:00:00,2799158
76.1,68.0,76.6,64.7,2026-06-21 08:20:00,2799158
79.2,62.5,80.8,65.2,2026-06-21 08:40:00,2799158
82.1,56.9,84.0,65.3,2026-06-21 09:00:00,2799158
83.2,53.1,85.1,64.4,2026-06-21 09:20:00,2799158
83.2,52.9,85.1,64.3,2026-06-21 09:40:00,2799158
85.3,50.6,88.0,64.9,2026-06-21 10:00:00,2799158
86.0,49.8,89.2,65.1,2026-06-21 10:20:00,2799158
87.0,44.3,88.7,62.6,2026-06-21 10:40:00,2799158
87.6,43.5,89.4,62.7,2026-06-21 11:00:00,2799158
87.7,41.3,89.1,61.3,2026-06-21 11:20:00,2799158
87.8,40.4,88.9,60.7,2026-06-21 11:40:00,2799158
89.9,39.4,92.1,61.9,2026-06-21 12:00:00,2799158
89.8,37.2,91.2,60.2,2026-06-21 12:20:00,2799158
90.4,38.1,92.5,61.5,2026-06-21 12:40:00,2799158
91.0,37.1,93.0,61.1,2026-06-21 13:00:00,2799158
90.7,35.3,91.9,59.6,2026-06-21 13:20:00,2799158
91.4,34.1,92.7,59.1,2026-06-21 13:40:00,2799158
89.6,38.2,91.0,60.8,2026-06-21 14:00:00,2799158
90.6,35.3,91.8,59.5,2026-06-21 14:20:00,2799158
91.7,35.1,93.4,60.2,2026-06-21 14:40:00,2799158
91.8,33.4,92.8,58.9,2026-06-21 15:00:00,2799158
92.2,35.9,94.6,61.3,2026-06-21 15:20:00,2799158
91.5,34.8,93.0,59.9,2026-06-21 15:40:00,2799158
91.7,33.8,92.8,59.2,2026-06-21 16:00:00,2799158
93.6,31.8,94.8,59.1,2026-06-21 16:20:00,2799158
92.7,34.3,94.8,60.5,2026-06-21 16:40:00,2799158
93.1,34.0,95.2,60.6,2026-06-21 17:00:00,2799158
92.7,34.7,94.8,60.8,2026-06-21 17:20:00,2799158
92.4,34.2,94.1,60.2,2026-06-21 17:40:00,2799158
92.5,34.2,94.5,60.2,2026-06-21 18:00:00,2799158
92.1,35.5,94.1,60.9,2026-06-21 18:20:00,2799158
91.6,36.8,94.1,61.5,2026-06-21 18:40:00,2799158
91.3,36.9,93.6,61.4,2026-06-21 19:00:00,2799158
91.2,38.1,93.7,62.2,2026-06-21 19:20:00,2799158
90.5,39.0,93.2,62.2,2026-06-21 19:40:00,2799158
89.6,40.7,91.9,62.5,2026-06-21 20:00:00,2799158
88.4,42.2,90.5,62.5,2026-06-21 20:20:00,2799158
87.9,42.6,89.6,62.3,2026-06-21 20:40:00,2799158
86.9,44.5,88.9,62.7,2026-06-21 21:00:00,2799158
86.3,45.8,88.2,62.9,2026-06-21 21:20:00,2799158
85.6,46.4,87.1,62.7,2026-06-21 21:40:00,2799158
84.8,47.8,86.4,62.9,2026-06-21 22:00:00,2799158
83.4,51.1,84.9,63.5,2026-06-21 22:20:00,2799158
82.0,54.5,83.3,64.0,2026-06-21 22:40:00,2799158
79.5,57.7,80.4,63.3,2026-06-21 23:00:00,2799158
78.6,58.8,79.3,63.0,2026-06-21 23:20:00,2799158
77.9,60.2,78.3,63.0,2026-06-21 23:40:00,2799158
80.1,58.1,81.3,64.1,2026-06-22 00:00:00,2799158
80.7,61.4,82.8,66.1,2026-06-22 00:20:00,2799158
80.3,63.9,82.8,66.9,2026-06-22 00:40:00,2799158
79.8,66.0,82.4,67.5,2026-06-22 01:00:00,2799158
79.4,67.6,82.2,67.7,2026-06-22 01:20:00,2799158
78.8,69.1,81.5,67.8,2026-06-22 01:40:00,2799158
78.3,70.5,80.6,67.9,2026-06-22 02:00:00,2799158
78.0,71.9,80.2,68.1,2026-06-22 02:20:00,2799158
77.5,73.3,79.5,68.3,2026-06-22 02:40:00,2799158
77.2,74.5,79.3,68.5,2026-06-22 03:00:00,2799158
76.6,75.7,78.4,68.4,2026-06-22 03:20:00,2799158
76.1,77.3,77.9,68.5,2026-06-22 03:40:00,2799158
75.8,78.5,77.7,68.6,2026-06-22 04:00:00,2799158
75.6,79.7,77.7,68.9,2026-06-22 04:20:00,2799158
75.3,80.6,77.4,69.0,2026-06-22 04:40:00,2799158
75.1,81.7,77.2,69.1,2026-06-22 05:00:00,2799158
75.0,82.5,77.2,69.3,2026-06-22 05:20:00,2799158
74.7,83.3,77.0,69.3,2026-06-22 05:40:00,2799158
74.7,84.0,77.0,69.5,2026-06-22 06:00:00,2799158
74.4,84.7,76.6,69.5,2026-06-22 06:20:00,2799158
74.7,85.0,77.2,69.9,2026-06-22 06:40:00,2799158
75.4,84.8,78.1,70.5,2026-06-22 07:00:00,2799158
76.1,83.4,78.8,70.7,2026-06-22 07:20:00,2799158
77.0,81.9,80.2,71.0,2026-06-22 07:40:00,2799158
78.6,79.1,82.6,71.6,2026-06-22 08:00:00,2799158
80.7,75.2,86.0,72.1,2026-06-22 08:20:00,2799158
82.4,71.7,88.2,72.3,2026-06-22 08:40:00,2799158
83.5,68.9,90.1,72.2,2026-06-22 09:00:00,2799158
84.3,68.7,91.8,72.9,2026-06-22 09:20:00,2799158
84.5,66.3,91.6,72.1,2026-06-22 09:40:00,2799158
86.0,64.6,94.5,72.7,2026-06-22 10:00:00,2799158
86.5,63.2,94.6,72.5,2026-06-22 10:20:00,2799158
86.7,59.8,93.9,71.1,2026-06-22 10:40:00,2799158
88.3,59.6,96.8,72.4,2026-06-22 11:00:00,2799158
88.2,57.0,95.9,71.1,2026-06-22 11:20:00,2799158
89.3,55.6,97.9,71.3,2026-06-22 11:40:00,2799158
88.0,55.4,94.8,70.0,2026-06-22 12:00:00,2799158
90.3,56.0,100.6,72.4,2026-06-22 12:20:00,2799158
91.2,53.7,101.1,72.1,2026-06-22 12:40:00,2799158
90.0,52.8,98.2,70.4,2026-06-22 13:00:00,2799158
90.8,51.7,99.3,70.6,2026-06-22 13:20:00,2799158
91.9,49.5,100.8,70.4,2026-06-22 13:40:00,2799158
94.3,48.2,105.1,71.7,2026-06-22 14:00:00,2799158
92.7,49.0,102.2,70.7,2026-06-22 14:20:00,2799158
93.4,48.4,103.3,71.1,2026-06-22 14:40:00,2799158
93.2,48.3,102.7,70.8,2026-06-22 15:00:00,2799158
93.4,48.6,102.9,71.1,2026-06-22 15:20:00,2799158
93.8,45.4,102.2,69.5,2026-06-22 15:40:00,2799158
92.0,49.5,100.8,70.4,2026-06-22 16:00:00,2799158
93.3,46.1,101.5,69.5,2026-06-22 16:20:00,2799158
93.8,44.1,101.5,68.7,2026-06-22 16:40:00,2799158
94.3,42.8,101.8,68.2,2026-06-22 17:00:00,2799158
94.2,43.3,101.7,68.4,2026-06-22 17:20:00,2799158
95.1,43.5,103.8,69.4,2026-06-22 17:40:00,2799158
94.9,42.5,102.7,68.5,2026-06-22 18:00:00,2799158
94.0,43.2,101.3,68.2,2026-06-22 18:20:00,2799158
94.6,44.2,102.9,69.5,2026-06-22 18:40:00,2799158
93.6,44.7,101.5,68.9,2026-06-22 19:00:00,2799158
93.0,46.2,100.8,69.3,2026-06-22 19:20:00,2799158
92.0,47.5,99.7,69.2,2026-06-22 19:40:00,2799158
91.5,48.7,99.1,69.4,2026-06-22 20:00:00,2799158
91.0,50.4,99.1,70.0,2026-06-22 20:20:00,2799158
82.6,54.2,84.4,64.4,2026-06-22 20:40:00,2799158
79.8,66.2,82.4,67.5,2026-06-22 21:00:00,2799158
77.5,71.9,79.3,67.7,2026-06-22 21:20:00,2799158
76.9,74.4,78.6,68.1,2026-06-22 21:40:00,2799158
76.8,74.9,78.6,68.3,2026-06-22 22:00:00,2799158
77.0,75.0,78.6,68.4,2026-06-22 22:20:00,2799158
77.0,74.8,79.0,68.5,2026-06-22 22:40:00,2799158
77.0,75.4,79.2,68.6,2026-06-22 23:00:00,2799158
76.9,76.2,78.8,68.8,2026-06-22 23:20:00,2799158
77.4,76.2,79.9,69.3,2026-06-22 23:40:00,2799158
78.3,75.8,81.7,70.0,2026-06-23 00:00:00,2799158
77.7,77.2,80.8,70.0,2026-06-23 00:20:00,2799158
76.2,82.0,78.6,70.3,2026-06-23 00:40:00,2799158
75.2,85.0,77.5,70.3,2026-06-23 01:00:00,2799158
74.6,86.5,77.0,70.3,2026-06-23 01:20:00,2799158
74.4,87.6,77.0,70.5,2026-06-23 01:40:00,2799158
73.9,88.2,76.3,70.2,2026-06-23 02:00:00,2799158
74.1,87.2,76.5,70.0,2026-06-23 02:20:00,2799158
73.7,87.7,76.1,69.8,2026-06-23 02:40:00,2799158
73.9,86.4,76.1,69.5,2026-06-23 03:00:00,2799158
73.8,86.3,76.1,69.4,2026-06-23 03:20:00,2799158
73.4,87.0,75.7,69.3,2026-06-23 03:40:00,2799158
73.6,86.9,75.9,69.4,2026-06-23 04:00:00,2799158
73.0,87.6,75.0,69.1,2026-06-23 04:20:00,2799158
73.5,87.8,75.7,69.7,2026-06-23 04:40:00,2799158
74.9,85.6,77.4,70.3,2026-06-23 05:00:00,2799158
75.3,84.8,77.9,70.4,2026-06-23 05:20:00,2799158
75.4,84.8,78.1,70.5,2026-06-23 05:40:00,2799158
75.9,83.7,78.6,70.6,2026-06-23 06:00:00,2799158
76.2,82.5,78.6,70.5,2026-06-23 06:20:00,2799158
76.7,81.4,79.3,70.6,2026-06-23 06:40:00,2799158
77.2,80.7,80.4,70.8,2026-06-23 07:00:00,2799158
78.0,79.3,81.7,71.0,2026-06-23 07:20:00,2799158
78.2,78.3,81.7,70.9,2026-06-23 07:40:00,2799158
78.9,77.5,82.9,71.3,2026-06-23 08:00:00,2799158
81.5,73.9,86.9,72.3,2026-06-23 08:20:00,2799158
82.5,70.5,88.2,71.9,2026-06-23 08:40:00,2799158
82.5,69.3,87.8,71.4,2026-06-23 09:00:00,2799158
84.8,67.8,92.8,73.0,2026-06-23 09:20:00,2799158
84.9,65.7,92.5,72.1,2026-06-23 09:40:00,2799158
83.6,65.6,89.2,70.8,2026-06-23 10:00:00,2799158
82.8,67.5,88.2,71.0,2026-06-23 10:20:00,2799158
83.3,68.1,89.6,71.7,2026-06-23 10:40:00,2799158
83.7,67.3,90.1,71.7,2026-06-23 11:00:00,2799158
82.2,69.7,87.6,71.3,2026-06-23 11:20:00,2799158
77.1,80.0,79.9,70.4,2026-06-23 11:40:00,2799158
76.8,85.2,80.2,72.1,2026-06-23 12:00:00,2799158
78.3,85.5,83.3,73.6,2026-06-23 12:20:00,2799158
79.8,80.8,85.5,73.4,2026-06-23 12:40:00,2799158
83.1,76.6,91.2,75.0,2026-06-23 13:00:00,2799158
81.5,75.7,87.8,73.1,2026-06-23 13:20:00,2799158
77.4,81.7,80.8,71.3,2026-06-23 13:40:00,2799158
73.0,88.2,75.0,69.2,2026-06-23 14:00:00,2799158
72.8,90.9,75.0,70.0,2026-06-23 14:20:00,2799158
74.6,92.0,77.5,72.1,2026-06-23 14:40:00,2799158
76.0,91.5,79.5,73.3,2026-06-23 15:00:00,2799158
76.8,89.0,80.4,73.3,2026-06-23 15:20:00,2799158
76.8,85.8,80.2,72.3,2026-06-23 15:40:00,2799158
77.9,83.9,82.4,72.6,2026-06-23 16:00:00,2799158
78.8,82.5,84.0,73.1,2026-06-23 16:20:00,2799158
79.4,79.8,84.6,72.6,2026-06-23 16:40:00,2799158
79.4,75.8,83.7,71.2,2026-06-23 17:00:00,2799158
79.9,75.8,84.7,71.6,2026-06-23 17:20:00,2799158
81.3,74.2,86.5,72.3,2026-06-23 17:40:00,2799158
81.6,71.4,86.5,71.5,2026-06-23 18:00:00,2799158
81.4,71.0,86.4,71.1,2026-06-23 18:20:00,2799158
81.0,71.8,85.8,71.0,2026-06-23 18:40:00,2799158
78.9,70.8,81.7,68.6,2026-06-23 19:00:00,2799158
72.6,84.0,74.3,67.5,2026-06-23 19:20:00,2799158
72.0,87.9,73.9,68.2,2026-06-23 19:40:00,2799158
71.8,89.2,73.8,68.5,2026-06-23 20:00:00,2799158
71.5,89.4,73.2,68.2,2026-06-23 20:20:00,2799158
70.6,89.7,72.0,67.4,2026-06-23 20:40:00,2799158
69.6,90.6,71.1,66.8,2026-06-23 21:00:00,2799158
69.3,91.5,70.7,66.7,2026-06-23 21:20:00,2799158
69.3,91.8,70.7,66.8,2026-06-23 21:40:00,2799158
69.0,92.1,70.3,66.6,2026-06-23 22:00:00,2799158
68.8,92.4,70.2,66.5,2026-06-23 22:20:00,2799158
68.3,92.4,69.4,65.9,2026-06-23 22:40:00,2799158
68.1,92.7,69.3,65.9,2026-06-23 23:00:00,2799158
67.9,92.8,69.1,65.8,2026-06-23 23:20:00,2799158
67.7,92.8,68.9,65.6,2026-06-23 23:40:00,2799158
67.6,93.0,68.7,65.5,2026-06-24 00:00:00,2799158
67.7,93.4,68.9,65.8,2026-06-24 00:20:00,2799158
67.7,93.6,68.9,65.8,2026-06-24 00:40:00,2799158
67.7,93.7,68.9,65.8,2026-06-24 01:00:00,2799158
67.2,93.7,68.2,65.3,2026-06-24 01:20:00,2799158
66.7,93.8,67.6,64.9,2026-06-24 01:40:00,2799158
66.7,93.9,67.8,64.8,2026-06-24 02:00:00,2799158
66.5,94.0,67.6,64.7,2026-06-24 02:20:00,2799158
66.3,94.2,67.5,64.5,2026-06-24 02:40:00,2799158
66.1,94.3,67.1,64.4,2026-06-24 03:00:00,2799158
65.7,94.4,66.7,64.1,2026-06-24 03:20:00,2799158
65.3,94.4,66.4,63.7,2026-06-24 03:40:00,2799158
65.1,94.5,66.2,63.5,2026-06-24 04:00:00,2799158
64.7,94.5,65.5,63.1,2026-06-24 04:20:00,2799158
64.2,94.6,64.9,62.6,2026-06-24 04:40:00,2799158
63.9,94.6,64.8,62.3,2026-06-24 05:00:00,2799158
63.4,94.7,64.2,61.8,2026-06-24 05:20:00,2799158
62.9,94.7,63.7,61.3,2026-06-24 05:40:00,2799158
62.3,94.7,63.1,60.7,2026-06-24 06:00:00,2799158
62.0,94.8,62.8,60.5,2026-06-24 06:20:00,2799158
62.3,94.9,63.1,60.8,2026-06-24 06:40:00,2799158
62.5,95.0,63.3,61.0,2026-06-24 07:00:00,2799158
63.0,95.0,63.9,61.6,2026-06-24 07:20:00,2799158
63.8,94.8,64.6,62.3,2026-06-24 07:40:00,2799158
65.0,93.6,65.8,63.2,2026-06-24 08:00:00,2799158
68.1,85.3,68.7,63.5,2026-06-24 08:20:00,2799158
70.9,75.1,72.0,62.6,2026-06-24 08:40:00,2799158
72.3,68.8,72.7,61.5,2026-06-24 09:00:00,2799158
73.8,66.8,74.3,62.1,2026-06-24 09:20:00,2799158
74.4,60.7,74.3,59.9,2026-06-24 09:40:00,2799158
76.2,58.8,75.9,60.8,2026-06-24 10:00:00,2799158
76.6,54.3,75.7,58.9,2026-06-24 10:20:00,2799158
78.2,51.0,77.5,58.5,2026-06-24 10:40:00,2799158
78.3,52.0,77.9,59.3,2026-06-24 11:00:00,2799158
79.0,46.5,77.9,56.7,2026-06-24 11:20:00,2799158
80.2,49.1,79.7,59.4,2026-06-24 11:40:00,2799158
80.2,43.0,78.6,55.7,2026-06-24 12:00:00,2799158
80.7,42.5,79.3,55.8,2026-06-24 12:20:00,2799158
82.1,41.4,80.8,56.4,2026-06-24 12:40:00,2799158
82.8,41.4,81.9,57.0,2026-06-24 13:00:00,2799158
82.0,41.4,80.8,56.3,2026-06-24 13:20:00,2799158
84.0,42.2,83.7,58.6,2026-06-24 13:40:00,2799158
84.7,38.9,83.8,56.9,2026-06-24 14:00:00,2799158
84.6,41.5,84.6,58.6,2026-06-24 14:20:00,2799158
83.9,37.4,82.6,55.1,2026-06-24 14:40:00,2799158
84.0,41.5,83.5,58.2,2026-06-24 15:00:00,2799158
84.1,39.6,83.3,56.9,2026-06-24 15:20:00,2799158
84.5,38.7,83.5,56.6,2026-06-24 15:40:00,2799158
85.2,40.3,85.1,58.4,2026-06-24 16:00:00,2799158
83.9,41.5,83.5,58.0,2026-06-24 16:20:00,2799158
83.7,39.2,82.8,56.3,2026-06-24 16:40:00,2799158
83.6,41.1,82.9,57.5,2026-06-24 17:00:00,2799158
81.6,44.8,80.8,58.0,2026-06-24 17:20:00,2799158
80.9,48.9,80.6,60.0,2026-06-24 17:40:00,2799158
83.9,41.8,83.5,58.2,2026-06-24 18:00:00,2799158
82.8,41.6,81.9,57.1,2026-06-24 18:20:00,2799158
82.6,44.2,82.2,58.6,2026-06-24 18:40:00,2799158
82.2,43.6,81.5,57.9,2026-06-24 19:00:00,2799158
80.9,46.9,80.4,58.8,2026-06-24 19:20:00,2799158
81.4,44.2,80.4,57.6,2026-06-24 19:40:00,2799158
80.4,47.2,79.7,58.4,2026-06-24 20:00:00,2799158
79.1,48.5,78.3,58.0,2026-06-24 20:20:00,2799158
77.5,51.5,76.5,58.2,2026-06-24 20:40:00,2799158
75.7,57.0,75.2,59.4,2026-06-24 21:00:00,2799158
74.0,61.3,73.9,59.8,2026-06-24 21:20:00,2799158
73.1,64.1,73.4,60.2,2026-06-24 21:40:00,2799158
71.4,67.0,71.8,59.9,2026-06-24 22:00:00,2799158
70.4,69.2,70.9,59.8,2026-06-24 22:20:00,2799158
69.7,71.5,70.0,60.1,2026-06-24 22:40:00,2799158
69.0,73.8,69.1,60.3,2026-06-24 23:00:00,2799158
68.4,75.3,68.5,60.3,2026-06-24 23:20:00,2799158
68.0,76.2,68.0,60.2,2026-06-24 23:40:00,2799158
67.3,78.2,67.3,60.3,2026-06-25 00:00:00,2799158
66.8,78.9,66.7,60.1,2026-06-25 00:20:00,2799158
66.7,80.0,66.6,60.3,2026-06-25 00:40:00,2799158
66.1,80.9,66.0,60.1,2026-06-25 01:00:00,2799158
66.0,80.9,65.8,60.0,2026-06-25 01:20:00,2799158
65.6,81.7,65.3,59.8,2026-06-25 01:40:00,2799158
65.4,81.9,65.1,59.7,2026-06-25 02:00:00,2799158
65.0,82.1,64.8,59.4,2026-06-25 02:20:00,2799158
64.9,82.5,64.8,59.4,2026-06-25 02:40:00,2799158
64.9,82.2,64.8,59.4,2026-06-25 03:00:00,2799158
64.7,82.7,64.6,59.3,2026-06-25 03:20:00,2799158
64.7,83.3,64.6,59.5,2026-06-25 03:40:00,2799158
64.5,84.2,64.4,59.6,2026-06-25 04:00:00,2799158
64.1,85.4,64.0,59.7,2026-06-25 04:20:00,2799158
64.1,85.8,64.0,59.8,2026-06-25 04:40:00,2799158
63.8,86.7,63.9,59.8,2026-06-25 05:00:00,2799158
63.6,87.3,63.7,59.7,2026-06-25 05:20:00,2799158
63.5,88.0,63.5,59.8,2026-06-25 05:40:00,2799158
63.5,88.5,63.9,60.1,2026-06-25 06:00:00,2799158
63.7,88.5,64.0,60.3,2026-06-25 06:20:00,2799158
64.1,88.3,64.4,60.5,2026-06-25 06:40:00,2799158
64.9,87.8,65.3,61.2,2026-06-25 07:00:00,2799158
66.3,86.8,66.7,62.2,2026-06-25 07:20:00,2799158
68.5,85.4,69.3,63.9,2026-06-25 07:40:00,2799158
72.1,81.4,73.6,66.1,2026-06-25 08:00:00,2799158
74.5,76.4,75.9,66.6,2026-06-25 08:20:00,2799158
75.3,73.8,76.6,66.3,2026-06-25 08:40:00,2799158
76.6,71.5,77.9,66.7,2026-06-25 09:00:00,2799158
77.3,67.8,78.4,65.9,2026-06-25 09:20:00,2799158
78.1,67.7,80.1,66.5,2026-06-25 09:40:00,2799158
79.4,64.7,81.5,66.4,2026-06-25 10:00:00,2799158
79.7,64.1,81.9,66.5,2026-06-25 10:20:00,2799158
81.2,61.5,83.7,66.7,2026-06-25 10:40:00,2799158
81.9,60.5,84.6,66.8,2026-06-25 11:00:00,2799158
82.5,56.3,84.4,65.4,2026-06-25 11:20:00,2799158
83.2,55.7,85.6,65.7,2026-06-25 11:40:00,2799158
83.7,52.2,85.8,64.3,2026-06-25 12:00:00,2799158
83.2,52.6,84.9,64.1,2026-06-25 12:20:00,2799158
85.1,48.9,87.1,63.7,2026-06-25 12:40:00,2799158
85.9,47.7,88.2,63.8,2026-06-25 13:00:00,2799158
86.3,44.7,87.8,62.2,2026-06-25 13:20:00,2799158
87.4,44.0,89.2,62.8,2026-06-25 13:40:00,2799158
86.9,45.4,88.9,63.2,2026-06-25 14:00:00,2799158
85.1,47.4,86.5,62.8,2026-06-25 14:20:00,2799158
85.9,49.6,88.7,64.9,2026-06-25 14:40:00,2799158
85.9,46.7,87.8,63.2,2026-06-25 15:00:00,2799158
86.5,46.8,88.7,63.8,2026-06-25 15:20:00,2799158
85.5,47.5,87.6,63.2,2026-06-25 15:40:00,2799158
85.7,48.6,88.2,64.1,2026-06-25 16:00:00,2799158
86.5,46.7,88.7,63.7,2026-06-25 16:20:00,2799158
86.4,47.1,88.9,63.9,2026-06-25 16:40:00,2799158
87.4,46.6,90.1,64.4,2026-06-25 17:00:00,2799158
85.5,51.6,88.9,65.6,2026-06-25 17:20:00,2799158
86.3,49.4,89.4,65.1,2026-06-25 17:40:00,2799158
86.5,47.9,89.2,64.4,2026-06-25 18:00:00,2799158
86.3,49.6,89.4,65.2,2026-06-25 18:20:00,2799158
86.4,48.5,89.4,64.6,2026-06-25 18:40:00,2799158
86.2,48.4,89.1,64.5,2026-06-25 19:00:00,2799158
85.7,49.3,88.5,64.5,2026-06-25 19:20:00,2799158
85.2,49.2,87.4,64.0,2026-06-25 19:40:00,2799158
83.4,54.4,85.8,65.2,2026-06-25 20:00:00,2799158
81.7,56.6,83.3,64.8,2026-06-25 20:20:00,2799158
81.2,58.6,83.1,65.3,2026-06-25 20:40:00,2799158
79.6,61.0,81.1,65.0,2026-06-25 21:00:00,2799158
78.3,62.6,79.3,64.6,2026-06-25 21:20:00,2799158
77.4,64.5,78.3,64.5,2026-06-25 21:40:00,2799158
76.3,67.0,76.8,64.5,2026-06-25 22:00:00,2799158
75.9,68.5,76.6,64.8,2026-06-25 22:20:00,2799158
75.1,70.0,75.9,64.6,2026-06-25 22:40:00,2799158
74.1,72.2,75.0,64.5,2026-06-25 23:00:00,2799158
73.5,73.6,74.5,64.5,2026-06-25 23:20:00,2799158
73.1,74.6,74.1,64.6,2026-06-25 23:40:00,2799158
72.9,75.6,74.1,64.8,2026-06-26 00:00:00,2799158
72.3,77.5,73.6,64.9,2026-06-26 00:20:00,2799158
72.1,77.6,73.4,64.7,2026-06-26 00:40:00,2799158
72.0,78.2,73.2,64.8,2026-06-26 01:00:00,2799158
71.5,79.3,72.7,64.8,2026-06-26 01:20:00,2799158
71.3,79.6,72.5,64.6,2026-06-26 01:40:00,2799158
71.2,79.9,72.3,64.7,2026-06-26 02:00:00,2799158
71.2,79.6,72.3,64.5,2026-06-26 02:20:00,2799158
71.1,80.1,72.3,64.7,2026-06-26 02:40:00,2799158
71.2,79.7,72.3,64.6,2026-06-26 03:00:00,2799158
71.5,79.0,72.7,64.7,2026-06-26 03:20:00,2799158
71.5,79.2,72.7,64.7,2026-06-26 03:40:00,2799158
72.2,78.3,73.4,65.0,2026-06-26 04:00:00,2799158
71.5,79.2,72.7,64.7,2026-06-26 04:20:00,2799158
71.0,79.9,72.1,64.4,2026-06-26 04:40:00,2799158
70.4,81.2,71.4,64.4,2026-06-26 05:00:00,2799158
69.9,82.3,70.7,64.2,2026-06-26 05:20:00,2799158
69.6,83.5,70.7,64.4,2026-06-26 05:40:00,2799158
69.3,84.2,70.3,64.3,2026-06-26 06:00:00,2799158
69.1,85.3,70.2,64.6,2026-06-26 06:20:00,2799158
69.5,85.4,70.5,64.9,2026-06-26 06:40:00,2799158
70.2,85.0,71.4,65.5,2026-06-26 07:00:00,2799158
71.6,83.8,73.0,66.4,2026-06-26 07:20:00,2799158
73.8,80.0,75.6,67.3,2026-06-26 07:40:00,2799158
76.1,75.6,77.7,67.8,2026-06-26 08:00:00,2799158
78.5,71.4,81.1,68.5,2026-06-26 08:20:00,2799158
79.1,68.8,81.7,68.0,2026-06-26 08:40:00,2799158
80.4,66.9,83.3,68.4,2026-06-26 09:00:00,2799158
80.4,65.8,83.5,68.0,2026-06-26 09:20:00,2799158
81.2,64.9,84.6,68.2,2026-06-26 09:40:00,2799158
81.9,63.6,85.3,68.4,2026-06-26 10:00:00,2799158
82.9,61.8,86.5,68.4,2026-06-26 10:20:00,2799158
84.2,59.2,88.9,68.5,2026-06-26 10:40:00,2799158
84.7,54.5,88.0,66.4,2026-06-26 11:00:00,2799158
85.3,56.5,90.0,68.1,2026-06-26 11:20:00,2799158
84.5,55.8,88.0,67.0,2026-06-26 11:40:00,2799158
82.8,57.1,85.3,66.1,2026-06-26 12:00:00,2799158
82.0,63.4,85.1,68.3,2026-06-26 12:20:00,2799158
84.4,59.1,88.7,68.5,2026-06-26 12:40:00,2799158
87.2,54.6,92.8,68.8,2026-06-26 13:00:00,2799158
87.5,54.0,93.2,68.8,2026-06-26 13:20:00,2799158
87.2,53.3,92.3,68.2,2026-06-26 13:40:00,2799158
87.6,54.5,93.7,69.2,2026-06-26 14:00:00,2799158
87.6,54.0,93.6,68.9,2026-06-26 14:20:00,2799158
87.4,54.9,93.2,69.2,2026-06-26 14:40:00,2799158
88.4,55.9,95.7,70.7,2026-06-26 15:00:00,2799158
86.3,55.0,91.2,68.2,2026-06-26 15:20:00,2799158
87.0,55.5,92.8,69.2,2026-06-26 15:40:00,2799158
86.6,58.3,93.2,70.2,2026-06-26 16:00:00,2799158
86.9,56.3,92.7,69.4,2026-06-26 16:20:00,2799158
86.8,56.3,92.7,69.4,2026-06-26 16:40:00,2799158
86.5,58.4,92.8,70.1,2026-06-26 17:00:00,2799158
85.5,61.2,91.9,70.6,2026-06-26 17:20:00,2799158
86.2,60.7,93.2,71.0,2026-06-26 17:40:00,2799158
86.3,59.9,92.8,70.7,2026-06-26 18:00:00,2799158
86.2,60.2,93.0,70.8,2026-06-26 18:20:00,2799158
85.8,61.5,92.8,71.1,2026-06-26 18:40:00,2799158
84.3,63.1,90.0,70.4,2026-06-26 19:00:00,2799158
82.4,66.4,86.7,70.0,2026-06-26 19:20:00,2799158
81.2,67.3,84.9,69.3,2026-06-26 19:40:00,2799158
80.5,67.1,83.8,68.6,2026-06-26 20:00:00,2799158
80.1,66.5,83.1,67.9,2026-06-26 20:20:00,2799158
79.7,66.8,82.4,67.7,2026-06-26 20:40:00,2799158
79.1,68.0,81.5,67.6,2026-06-26 21:00:00,2799158
78.7,69.3,81.1,67.7,2026-06-26 21:20:00,2799158
78.4,70.5,80.8,68.0,2026-06-26 21:40:00,2799158
77.9,72.0,79.9,68.1,2026-06-26 22:00:00,2799158
77.5,73.5,79.7,68.4,2026-06-26 22:20:00,2799158
77.6,74.8,80.1,69.0,2026-06-26 22:40:00,2799158
77.6,76.2,80.2,69.5,2026-06-26 23:00:00,2799158
77.2,77.6,79.3,69.6,2026-06-26 23:20:00,2799158
77.0,78.3,79.5,69.7,2026-06-26 23:40:00,2799158
77.0,78.8,79.7,69.9,2026-06-27 00:00:00,2799158
76.7,79.6,79.2,69.9,2026-06-27 00:20:00,2799158
76.3,80.5,78.4,69.8,2026-06-27 00:40:00,2799158
76.0,81.4,78.3,69.9,2026-06-27 01:00:00,2799158
75.6,81.9,77.7,69.7,2026-06-27 01:20:00,2799158
75.4,82.4,77.7,69.6,2026-06-27 01:40:00,2799158
75.2,83.0,77.4,69.7,2026-06-27 02:00:00,2799158
75.0,83.8,77.2,69.7,2026-06-27 02:20:00,2799158
74.6,84.9,76.8,69.7,2026-06-27 02:40:00,2799158
74.4,85.4,76.6,69.8,2026-06-27 03:00:00,2799158
74.4,86.2,76.8,69.9,2026-06-27 03:20:00,2799158
74.4,86.5,76.8,70.1,2026-06-27 03:40:00,2799158
74.5,86.9,77.0,70.4,2026-06-27 04:00:00,2799158
74.4,87.3,76.8,70.3,2026-06-27 04:20:00,2799158
74.4,87.6,77.0,70.4,2026-06-27 04:40:00,2799158
74.2,87.8,76.6,70.4,2026-06-27 05:00:00,2799158
74.0,88.0,76.5,70.2,2026-06-27 05:20:00,2799158
74.1,88.2,76.5,70.4,2026-06-27 05:40:00,2799158
74.2,88.0,76.6,70.4,2026-06-27 06:00:00,2799158
74.3,87.8,77.0,70.4,2026-06-27 06:20:00,2799158
74.4,87.6,77.0,70.4,2026-06-27 06:40:00,2799158
74.5,87.4,77.2,70.5,2026-06-27 07:00:00,2799158
75.1,86.9,77.7,70.9,2026-06-27 07:20:00,2799158
75.8,85.5,78.4,71.1,2026-06-27 07:40:00,2799158
76.4,84.7,79.2,71.4,2026-06-27 08:00:00,2799158
78.1,81.8,82.2,72.1,2026-06-27 08:20:00,2799158
79.5,78.7,84.7,72.4,2026-06-27 08:40:00,2799158
81.0,76.5,86.9,72.9,2026-06-27 09:00:00,2799158
82.7,73.5,89.4,73.4,2026-06-27 09:20:00,2799158
83.6,71.4,91.0,73.3,2026-06-27 09:40:00,2799158
84.7,70.6,93.4,74.0,2026-06-27 10:00:00,2799158
84.8,68.4,93.0,73.3,2026-06-27 10:20:00,2799158
86.5,67.4,96.4,74.4,2026-06-27 10:40:00,2799158
86.2,64.9,95.0,73.0,2026-06-27 11:00:00,2799158
88.2,61.8,97.9,73.4,2026-06-27 11:20:00,2799158
88.2,61.2,97.5,73.1,2026-06-27 11:40:00,2799158
87.3,62.0,96.1,72.7,2026-06-27 12:00:00,2799158
88.1,61.7,97.5,73.3,2026-06-27 12:20:00,2799158
89.0,57.6,97.9,72.1,2026-06-27 12:40:00,2799158
89.9,56.4,99.7,72.3,2026-06-27 13:00:00,2799158
91.1,55.6,102.2,73.1,2026-06-27 13:20:00,2799158
89.7,55.7,98.8,71.8,2026-06-27 13:40:00,2799158
88.9,57.1,97.7,71.8,2026-06-27 14:00:00,2799158
85.8,59.2,92.1,70.0,2026-06-27 14:20:00,2799158
87.7,61.2,96.3,72.7,2026-06-27 14:40:00,2799158
90.9,56.4,102.2,73.2,2026-06-27 15:00:00,2799158
89.3,57.7,98.8,72.4,2026-06-27 15:20:00,2799158
77.2,77.6,79.3,69.6,2026-06-27 15:40:00,2799158
77.6,79.0,80.8,70.6,2026-06-27 16:00:00,2799158
81.5,78.8,88.7,74.3,2026-06-27 16:20:00,2799158
82.3,77.9,89.8,74.7,2026-06-27 16:40:00,2799158
85.0,72.1,94.8,75.0,2026-06-27 17:00:00,2799158
87.0,66.8,97.5,74.6,2026-06-27 17:20:00,2799158
86.6,67.5,97.0,74.6,2026-06-27 17:40:00,2799158
87.6,65.1,97.9,74.4,2026-06-27 18:00:00,2799158
87.2,61.3,95.4,72.3,2026-06-27 18:20:00,2799158
86.7,63.5,95.2,72.8,2026-06-27 18:40:00,2799158
85.7,66.1,94.3,73.1,2026-06-27 19:00:00,2799158
85.3,66.6,93.6,73.0,2026-06-27 19:20:00,2799158
84.7,68.0,92.5,72.9,2026-06-27 19:40:00,2799158
83.8,69.6,91.0,72.8,2026-06-27 20:00:00,2799158
82.8,73.2,89.8,73.4,2026-06-27 20:20:00,2799158
81.5,72.0,86.5,71.6,2026-06-27 20:40:00,2799158
80.5,72.6,84.9,70.9,2026-06-27 21:00:00,2799158
79.8,74.4,84.0,70.9,2026-06-27 21:20:00,2799158
79.4,72.6,83.1,69.8,2026-06-27 21:40:00,2799158
78.7,71.9,81.5,68.9,2026-06-27 22:00:00,2799158
78.3,72.7,81.1,68.8,2026-06-27 22:20:00,2799158
77.6,73.6,79.9,68.5,2026-06-27 22:40:00,2799158
77.1,75.1,79.2,68.6,2026-06-27 23:00:00,2799158
76.7,76.6,78.6,68.8,2026-06-27 23:20:00,2799158
76.4,77.5,78.1,68.8,2026-06-27 23:40:00,2799158
75.9,78.7,77.9,68.8,2026-06-28 00:00:00,2799158
75.4,79.2,77.4,68.5,2026-06-28 00:20:00,2799158
74.9,80.2,76.8,68.3,2026-06-28 00:40:00,2799158
74.7,81.1,76.6,68.5,2026-06-28 01:00:00,2799158
74.5,81.5,76.5,68.5,2026-06-28 01:20:00,2799158
74.3,82.0,76.5,68.5,2026-06-28 01:40:00,2799158
73.8,83.0,75.7,68.4,2026-06-28 02:00:00,2799158
73.3,83.9,75.2,68.2,2026-06-28 02:20:00,2799158
73.3,84.6,75.2,68.4,2026-06-28 02:40:00,2799158
73.0,85.5,74.8,68.4,2026-06-28 03:00:00,2799158
72.9,85.8,74.8,68.4,2026-06-28 03:20:00,2799158
72.7,86.5,74.8,68.4,2026-06-28 03:40:00,2799158
72.2,87.5,74.1,68.3,2026-06-28 04:00:00,2799158
72.1,88.3,73.9,68.5,2026-06-28 04:20:00,2799158
72.0,88.5,73.9,68.4,2026-06-28 04:40:00,2799158
71.8,88.7,73.6,68.3,2026-06-28 05:00:00,2799158
71.9,88.7,73.6,68.3,2026-06-28 05:20:00,2799158
71.7,88.6,73.4,68.2,2026-06-28 05:40:00,2799158
71.7,88.6,73.4,68.2,2026-06-28 06:00:00,2799158
71.7,88.6,73.4,68.2,2026-06-28 06:20:00,2799158
71.8,88.7,73.8,68.3,2026-06-28 06:40:00,2799158
72.3,88.6,74.1,68.7,2026-06-28 07:00:00,2799158
73.4,87.2,75.7,69.4,2026-06-28 07:20:00,2799158
75.2,84.2,77.7,70.1,2026-06-28 07:40:00,2799158
76.9,79.1,79.3,69.9,2026-06-28 08:00:00,2799158
77.0,77.9,79.5,69.5,2026-06-28 08:20:00,2799158
77.0,77.6,79.3,69.5,2026-06-28 08:40:00,2799158
78.8,76.2,82.8,70.7,2026-06-28 09:00:00,2799158
78.9,75.2,82.6,70.3,2026-06-28 09:20:00,2799158
79.6,75.2,83.8,71.1,2026-06-28 09:40:00,2799158
80.0,73.5,84.2,70.8,2026-06-28 10:00:00,2799158
82.4,71.6,88.3,72.3,2026-06-28 10:20:00,2799158
82.6,69.8,88.3,71.8,2026-06-28 10:40:00,2799158
84.1,70.4,92.1,73.4,2026-06-28 11:00:00,2799158
85.1,66.2,93.0,72.6,2026-06-28 11:20:00,2799158
85.9,65.8,94.6,73.1,2026-06-28 11:40:00,2799158
86.2,65.4,95.2,73.2,2026-06-28 12:00:00,2799158
87.2,63.0,96.3,73.1,2026-06-28 12:20:00,2799158
87.5,62.7,96.8,73.2,2026-06-28 12:40:00,2799158
87.5,60.6,95.7,72.1,2026-06-28 13:00:00,2799158
87.5,63.4,97.0,73.5,2026-06-28 13:20:00,2799158
89.1,59.8,99.3,73.3,2026-06-28 13:40:00,2799158
88.8,57.5,97.3,71.9,2026-06-28 14:00:00,2799158
90.1,58.0,101.1,73.4,2026-06-28 14:20:00,2799158
89.9,57.1,99.9,72.7,2026-06-28 14:40:00,2799158
89.5,55.0,98.1,71.2,2026-06-28 15:00:00,2799158
91.0,55.7,101.8,73.0,2026-06-28 15:20:00,2799158
90.6,53.8,100.0,71.6,2026-06-28 15:40:00,2799158
92.4,54.0,104.2,73.4,2026-06-28 16:00:00,2799158
90.1,56.7,100.6,72.7,2026-06-28 16:20:00,2799158
89.2,59.7,99.3,73.3,2026-06-28 16:40:00,2799158
87.0,62.9,95.7,72.8,2026-06-28 17:00:00,2799158
83.4,67.3,89.2,71.4,2026-06-28 17:20:00,2799158
83.9,68.9,91.0,72.6,2026-06-28 17:40:00,2799158
82.5,72.9,88.7,72.9,2026-06-28 18:00:00,2799158
75.9,83.5,78.6,70.6,2026-06-28 18:20:00,2799158
74.1,88.6,76.5,70.5,2026-06-28 18:40:00,2799158
74.7,90.5,77.7,71.7,2026-06-28 19:00:00,2799158
74.9,91.3,77.9,72.2,2026-06-28 19:20:00,2799158
74.4,91.8,77.4,71.8,2026-06-28 19:40:00,2799158
74.9,92.4,78.1,72.5,2026-06-28 20:00:00,2799158
74.8,92.7,77.9,72.6,2026-06-28 20:20:00,2799158
75.0,93.0,78.3,72.8,2026-06-28 20:40:00,2799158
75.1,93.2,78.4,73.0,2026-06-28 21:00:00,2799158
75.1,93.5,78.4,73.0,2026-06-28 21:20:00,2799158
74.7,93.5,77.9,72.7,2026-06-28 21:40:00,2799158
74.7,93.7,77.9,72.7,2026-06-28 22:00:00,2799158
74.7,93.8,77.9,72.8,2026-06-28 22:20:00,2799158
74.3,93.9,77.7,72.4,2026-06-28 22:40:00,2799158
74.0,93.9,77.2,72.1,2026-06-28 23:00:00,2799158
73.7,94.0,76.6,71.9,2026-06-28 23:20:00,2799158
73.5,94.1,76.5,71.7,2026-06-28 23:40:00,2799158
73.3,94.2,76.1,71.5,2026-06-29 00:00:00,2799158
73.3,94.3,76.1,71.5,2026-06-29 00:20:00,2799158
73.0,94.5,75.6,71.3,2026-06-29 00:40:00,2799158
73.0,94.5,75.6,71.3,2026-06-29 01:00:00,2799158
72.9,94.6,75.6,71.2,2026-06-29 01:20:00,2799158
72.8,94.7,75.4,71.1,2026-06-29 01:40:00,2799158
72.7,94.8,75.4,71.1,2026-06-29 02:00:00,2799158
72.6,94.9,75.2,71.0,2026-06-29 02:20:00,2799158
72.4,95.0,74.8,70.9,2026-06-29 02:40:00,2799158
72.3,95.0,74.8,70.8,2026-06-29 03:00:00,2799158
72.6,95.1,75.2,71.1,2026-06-29 03:20:00,2799158
73.0,95.2,75.7,71.5,2026-06-29 03:40:00,2799158
73.1,95.3,75.9,71.7,2026-06-29 04:00:00,2799158
73.0,95.3,75.7,71.6,2026-06-29 04:20:00,2799158
73.0,95.3,75.7,71.5,2026-06-29 04:40:00,2799158
72.8,95.4,75.4,71.4,2026-06-29 05:00:00,2799158
72.7,95.3,75.4,71.3,2026-06-29 05:20:00,2799158
72.6,95.4,75.2,71.2,2026-06-29 05:40:00,2799158
72.6,95.4,75.2,71.2,2026-06-29 06:00:00,2799158
72.6,95.4,75.2,71.2,2026-06-29 06:20:00,2799158
72.6,95.4,75.2,71.2,2026-06-29 06:40:00,2799158
72.9,95.3,75.7,71.5,2026-06-29 07:00:00,2799158
73.1,95.1,75.9,71.6,2026-06-29 07:20:00,2799158
73.2,94.6,75.9,71.5,2026-06-29 07:40:00,2799158
73.3,93.8,75.9,71.4,2026-06-29 08:00:00,2799158
80.0,71.7,83.8,70.1,2026-06-15 02:20:00,2974347
80.2,72.2,84.2,70.4,2026-06-15 02:40:00,2974347
80.0,72.4,84.0,70.3,2026-06-15 03:00:00,2974347
79.6,73.2,83.5,70.2,2026-06-15 03:20:00,2974347
79.2,74.0,82.9,70.2,2026-06-15 03:40:00,2974347
78.7,75.1,82.2,70.1,2026-06-15 04:00:00,2974347
78.3,75.8,81.7,70.0,2026-06-15 04:20:00,2974347
78.1,75.2,81.1,69.6,2026-06-15 04:40:00,2974347
77.6,75.3,80.2,69.1,2026-06-15 05:00:00,2974347
77.4,71.0,79.2,67.3,2026-06-15 05:20:00,2974347
77.1,68.8,78.3,66.1,2026-06-15 05:40:00,2974347
76.7,68.0,77.5,65.3,2026-06-15 06:00:00,2974347
76.6,65.9,77.2,64.4,2026-06-15 06:20:00,2974347
76.7,63.8,77.0,63.5,2026-06-15 06:40:00,2974347
76.6,62.6,76.6,62.9,2026-06-15 07:00:00,2974347
76.5,62.6,76.6,62.8,2026-06-15 07:20:00,2974347
76.1,62.2,76.1,62.2,2026-06-15 07:40:00,2974347
76.4,61.4,76.3,62.1,2026-06-15 08:00:00,2974347
76.7,58.8,76.5,61.2,2026-06-15 08:20:00,2974347
77.2,58.7,77.2,61.6,2026-06-15 08:40:00,2974347
78.6,49.9,77.7,58.4,2026-06-15 09:00:00,2974347
78.9,46.8,77.9,56.9,2026-06-15 09:20:00,2974347
78.2,47.7,77.0,56.8,2026-06-15 09:40:00,2974347
77.9,49.7,76.8,57.6,2026-06-15 10:00:00,2974347
80.1,46.2,79.3,57.6,2026-06-15 10:20:00,2974347
81.8,42.8,80.6,57.1,2026-06-15 10:40:00,2974347
84.0,38.0,82.6,55.7,2026-06-15 11:00:00,2974347
84.1,35.6,82.4,53.9,2026-06-15 11:20:00,2974347
82.4,37.2,80.4,53.6,2026-06-15 11:40:00,2974347
83.8,38.4,82.6,55.8,2026-06-15 12:00:00,2974347
83.2,35.2,81.1,52.9,2026-06-15 12:20:00,2974347
84.4,33.9,82.2,52.9,2026-06-15 12:40:00,2974347
85.4,31.5,83.1,51.8,2026-06-15 13:00:00,2974347
89.1,30.6,87.6,54.1,2026-06-15 13:20:00,2974347
90.7,29.1,89.6,54.2,2026-06-15 13:40:00,2974347
88.2,29.1,86.0,52.1,2026-06-15 14:00:00,2974347
88.3,28.5,86.0,51.6,2026-06-15 14:20:00,2974347
87.9,27.9,85.3,50.7,2026-06-15 14:40:00,2974347
91.0,29.1,90.0,54.4,2026-06-15 15:00:00,2974347
90.0,28.7,88.5,53.3,2026-06-15 15:20:00,2974347
90.1,29.2,88.7,53.8,2026-06-15 15:40:00,2974347
89.8,30.1,88.7,54.3,2026-06-15 16:00:00,2974347
87.0,29.7,84.6,51.5,2026-06-15 16:20:00,2974347
87.2,30.5,84.9,52.5,2026-06-15 16:40:00,2974347
86.4,31.0,84.2,52.2,2026-06-15 17:00:00,2974347
86.6,31.4,84.7,52.8,2026-06-15 17:20:00,2974347
85.6,31.8,83.5,52.2,2026-06-15 17:40:00,2974347
85.7,32.0,83.7,52.5,2026-06-15 18:00:00,2974347
85.4,33.8,83.7,53.7,2026-06-15 18:20:00,2974347
85.0,33.8,83.1,53.3,2026-06-15 18:40:00,2974347
84.7,34.8,82.9,53.9,2026-06-15 19:00:00,2974347
83.9,35.8,82.2,53.9,2026-06-15 19:20:00,2974347
83.2,35.9,81.1,53.5,2026-06-15 19:40:00,2974347
82.3,36.4,80.2,53.0,2026-06-15 20:00:00,2974347
81.0,37.7,79.0,52.8,2026-06-15 20:20:00,2974347
79.9,39.4,77.9,53.0,2026-06-15 20:40:00,2974347
78.4,40.2,76.3,52.2,2026-06-15 21:00:00,2974347
77.4,41.1,75.2,51.9,2026-06-15 21:20:00,2974347
76.3,43.0,74.3,52.2,2026-06-15 21:40:00,2974347
75.4,44.4,73.6,52.2,2026-06-15 22:00:00,2974347
74.7,44.6,73.0,51.7,2026-06-15 22:20:00,2974347
73.9,46.0,72.3,51.9,2026-06-15 22:40:00,2974347
73.5,47.7,72.3,52.4,2026-06-15 23:00:00,2974347
72.7,48.8,71.6,52.3,2026-06-15 23:20:00,2974347
72.0,50.4,71.2,52.5,2026-06-15 23:40:00,2974347
71.5,53.2,70.9,53.6,2026-06-16 00:00:00,2974347
71.0,53.2,70.3,53.1,2026-06-16 00:20:00,2974347
71.2,52.3,70.3,52.8,2026-06-16 00:40:00,2974347
70.7,54.5,70.0,53.4,2026-06-16 01:00:00,2974347
70.1,55.4,69.4,53.3,2026-06-16 01:20:00,2974347
69.9,55.0,68.9,53.0,2026-06-16 01:40:00,2974347
69.4,55.8,68.4,53.0,2026-06-16 02:00:00,2974347
69.2,55.4,68.2,52.5,2026-06-16 02:20:00,2974347
69.0,55.3,67.8,52.4,2026-06-16 02:40:00,2974347
69.2,53.9,68.0,51.8,2026-06-16 03:00:00,2974347
69.3,52.8,68.2,51.3,2026-06-16 03:20:00,2974347
69.0,52.6,67.6,51.0,2026-06-16 03:40:00,2974347
68.5,53.6,66.9,51.0,2026-06-16 04:00:00,2974347
68.2,54.5,66.7,51.2,2026-06-16 04:20:00,2974347
67.7,54.7,66.0,50.8,2026-06-16 04:40:00,2974347
67.6,55.2,65.8,51.0,2026-06-16 05:00:00,2974347
67.6,56.4,65.8,51.5,2026-06-16 05:20:00,2974347
67.6,56.3,65.8,51.5,2026-06-16 05:40:00,2974347
67.7,55.9,66.0,51.4,2026-06-16 06:00:00,2974347
67.7,55.6,66.0,51.3,2026-06-16 06:20:00,2974347
67.6,56.3,65.8,51.5,2026-06-16 06:40:00,2974347
67.9,57.2,66.4,52.2,2026-06-16 07:00:00,2974347
68.3,57.5,66.9,52.7,2026-06-16 07:20:00,2974347
68.6,57.6,67.5,53.1,2026-06-16 07:40:00,2974347
69.3,57.6,68.5,53.7,2026-06-16 08:00:00,2974347
69.7,57.4,68.9,53.9,2026-06-16 08:20:00,2974347
70.0,57.1,69.4,54.2,2026-06-16 08:40:00,2974347
70.9,55.9,70.5,54.4,2026-06-16 09:00:00,2974347
72.2,54.7,71.6,55.0,2026-06-16 09:20:00,2974347
73.2,54.3,72.7,55.7,2026-06-16 09:40:00,2974347
74.7,52.1,73.8,56.0,2026-06-16 10:00:00,2974347
77.7,49.1,76.6,57.1,2026-06-16 10:20:00,2974347
79.2,46.1,78.1,56.8,2026-06-16 10:40:00,2974347
80.1,42.9,78.6,55.5,2026-06-16 11:00:00,2974347
79.3,45.4,78.1,56.4,2026-06-16 11:20:00,2974347
79.2,46.2,78.1,56.8,2026-06-16 11:40:00,2974347
79.6,44.6,78.3,56.2,2026-06-16 12:00:00,2974347
79.6,44.4,78.3,56.0,2026-06-16 12:20:00,2974347
80.3,44.0,79.2,56.4,2026-06-16 12:40:00,2974347
80.9,44.5,79.9,57.3,2026-06-16 13:00:00,2974347
84.1,39.9,83.3,57.0,2026-06-16 13:20:00,2974347
86.1,38.1,85.6,57.6,2026-06-16 13:40:00,2974347
86.8,35.4,86.0,56.2,2026-06-16 14:00:00,2974347
88.8,34.3,88.5,57.0,2026-06-16 14:20:00,2974347
90.4,34.4,91.0,58.5,2026-06-16 14:40:00,2974347
91.1,32.3,91.4,57.5,2026-06-16 15:00:00,2974347
86.5,33.0,84.9,53.9,2026-06-16 15:20:00,2974347
85.8,34.2,84.6,54.5,2026-06-16 15:40:00,2974347
86.1,35.7,85.1,55.8,2026-06-16 16:00:00,2974347
84.0,38.3,82.8,55.9,2026-06-16 16:20:00,2974347
85.6,38.8,85.1,57.7,2026-06-16 16:40:00,2974347
84.4,39.9,83.5,57.3,2026-06-16 17:00:00,2974347
83.5,42.2,83.1,58.1,2026-06-16 17:20:00,2974347
83.5,41.8,82.9,57.9,2026-06-16 17:40:00,2974347
83.0,42.2,82.2,57.7,2026-06-16 18:00:00,2974347
81.9,45.5,81.3,58.8,2026-06-16 18:20:00,2974347
82.5,46.6,82.2,60.0,2026-06-16 18:40:00,2974347
81.2,43.5,80.1,56.9,2026-06-16 19:00:00,2974347
80.8,45.0,79.9,57.5,2026-06-16 19:20:00,2974347
80.6,46.0,79.7,57.9,2026-06-16 19:40:00,2974347
80.2,46.9,79.5,58.0,2026-06-16 20:00:00,2974347
79.7,47.2,79.0,57.8,2026-06-16 20:20:00,2974347
79.1,48.2,78.1,57.8,2026-06-16 20:40:00,2974347
78.4,49.5,77.5,57.9,2026-06-16 21:00:00,2974347
77.6,50.9,76.8,58.0,2026-06-16 21:20:00,2974347
76.6,52.3,75.7,57.9,2026-06-16 21:40:00,2974347
76.2,53.3,75.2,58.0,2026-06-16 22:00:00,2974347
75.8,54.5,75.0,58.3,2026-06-16 22:20:00,2974347
75.8,55.4,75.2,58.7,2026-06-16 22:40:00,2974347
75.3,56.6,74.7,58.8,2026-06-16 23:00:00,2974347
75.0,57.6,74.5,59.0,2026-06-16 23:20:00,2974347
74.7,58.7,74.5,59.3,2026-06-16 23:40:00,2974347
74.4,59.9,74.1,59.5,2026-06-17 00:00:00,2974347
74.0,61.0,73.9,59.7,2026-06-17 00:20:00,2974347
73.4,62.8,73.4,60.0,2026-06-17 00:40:00,2974347
73.1,64.5,73.4,60.4,2026-06-17 01:00:00,2974347
72.6,65.8,72.9,60.5,2026-06-17 01:20:00,2974347
72.0,67.6,72.5,60.7,2026-06-17 01:40:00,2974347
71.8,68.9,72.3,61.1,2026-06-17 02:00:00,2974347
71.4,70.8,72.0,61.4,2026-06-17 02:20:00,2974347
71.0,71.9,71.6,61.5,2026-06-17 02:40:00,2974347
70.8,73.1,71.6,61.7,2026-06-17 03:00:00,2974347
70.7,74.5,71.2,62.2,2026-06-17 03:20:00,2974347
70.2,75.6,71.1,62.1,2026-06-17 03:40:00,2974347
70.1,76.7,70.7,62.4,2026-06-17 04:00:00,2974347
69.9,77.5,70.5,62.5,2026-06-17 04:20:00,2974347
69.6,78.9,70.5,62.8,2026-06-17 04:40:00,2974347
69.3,79.7,70.0,62.8,2026-06-17 05:00:00,2974347
69.0,80.5,69.6,62.8,2026-06-17 05:20:00,2974347
68.5,81.9,68.9,62.7,2026-06-17 05:40:00,2974347
68.2,82.8,68.9,62.8,2026-06-17 06:00:00,2974347
67.9,83.5,68.5,62.7,2026-06-17 06:20:00,2974347
68.1,84.1,68.7,63.1,2026-06-17 06:40:00,2974347
68.6,83.8,69.4,63.6,2026-06-17 07:00:00,2974347
69.6,82.7,70.7,64.1,2026-06-17 07:20:00,2974347
70.5,81.2,71.6,64.5,2026-06-17 07:40:00,2974347
71.6,79.2,72.7,64.8,2026-06-17 08:00:00,2974347
73.1,76.3,74.3,65.1,2026-06-17 08:20:00,2974347
74.6,71.5,75.4,64.7,2026-06-17 08:40:00,2974347
75.7,68.7,76.3,64.7,2026-06-17 09:00:00,2974347
77.4,63.9,78.1,64.2,2026-06-17 09:20:00,2974347
80.6,59.2,82.2,65.0,2026-06-17 09:40:00,2974347
79.5,57.2,80.2,63.1,2026-06-17 10:00:00,2974347
81.7,50.9,82.2,61.8,2026-06-17 10:20:00,2974347
84.4,45.0,85.1,60.8,2026-06-17 10:40:00,2974347
85.4,41.1,85.5,59.1,2026-06-17 11:00:00,2974347
88.4,40.5,90.0,61.3,2026-06-17 11:20:00,2974347
83.8,38.9,82.6,56.1,2026-06-17 11:40:00,2974347
88.4,34.9,88.2,57.2,2026-06-17 12:00:00,2974347
88.0,31.4,86.5,54.0,2026-06-17 12:20:00,2974347
89.6,32.6,89.1,56.4,2026-06-17 12:40:00,2974347
91.9,29.8,91.4,55.8,2026-06-17 13:00:00,2974347
92.4,30.1,92.3,56.5,2026-06-17 13:20:00,2974347
91.8,27.5,90.5,53.6,2026-06-17 13:40:00,2974347
91.5,27.9,90.3,53.7,2026-06-17 14:00:00,2974347
95.3,26.3,95.2,55.3,2026-06-17 14:20:00,2974347
95.5,28.0,96.3,57.3,2026-06-17 14:40:00,2974347
93.4,29.3,93.6,56.7,2026-06-17 15:00:00,2974347
92.9,29.7,92.8,56.6,2026-06-17 15:20:00,2974347
94.0,31.2,95.2,58.9,2026-06-17 15:40:00,2974347
96.4,28.1,97.5,58.1,2026-06-17 16:00:00,2974347
92.0,28.8,91.2,55.0,2026-06-17 16:20:00,2974347
92.6,31.6,93.2,58.0,2026-06-17 16:40:00,2974347
90.9,31.1,90.7,56.2,2026-06-17 17:00:00,2974347
90.7,31.2,90.3,56.1,2026-06-17 17:20:00,2974347
91.1,32.8,91.6,57.8,2026-06-17 17:40:00,2974347
91.5,30.6,91.0,56.2,2026-06-17 18:00:00,2974347
91.5,32.4,91.9,57.9,2026-06-17 18:20:00,2974347
90.6,32.7,90.7,57.3,2026-06-17 18:40:00,2974347
90.3,32.9,90.3,57.2,2026-06-17 19:00:00,2974347
89.5,35.5,90.1,58.7,2026-06-17 19:20:00,2974347
88.9,35.0,89.1,57.7,2026-06-17 19:40:00,2974347
87.9,36.5,87.8,58.0,2026-06-17 20:00:00,2974347
87.2,37.4,87.1,58.1,2026-06-17 20:20:00,2974347
85.7,39.6,85.6,58.3,2026-06-17 20:40:00,2974347
85.0,40.2,84.7,58.1,2026-06-17 21:00:00,2974347
84.3,41.2,84.0,58.2,2026-06-17 21:20:00,2974347
83.1,43.2,82.8,58.4,2026-06-17 21:40:00,2974347
81.8,45.9,81.1,58.9,2026-06-17 22:00:00,2974347
81.4,50.3,81.7,61.1,2026-06-17 22:20:00,2974347
80.9,56.6,82.0,64.1,2026-06-17 22:40:00,2974347
80.3,59.5,81.9,64.9,2026-06-17 23:00:00,2974347
80.1,61.0,81.9,65.4,2026-06-17 23:20:00,2974347
80.3,60.1,82.0,65.2,2026-06-17 23:40:00,2974347
80.1,60.2,81.9,65.0,2026-06-18 00:00:00,2974347
80.1,60.5,81.9,65.2,2026-06-18 00:20:00,2974347
79.7,61.2,81.1,65.1,2026-06-18 00:40:00,2974347
79.2,62.0,80.6,65.0,2026-06-18 01:00:00,2974347
79.1,62.7,80.4,65.3,2026-06-18 01:20:00,2974347
79.0,63.0,80.6,65.3,2026-06-18 01:40:00,2974347
78.5,64.3,79.9,65.4,2026-06-18 02:00:00,2974347
77.9,65.8,79.0,65.5,2026-06-18 02:20:00,2974347
77.5,66.9,78.6,65.6,2026-06-18 02:40:00,2974347
77.0,68.0,78.3,65.6,2026-06-18 03:00:00,2974347
76.7,69.5,77.7,66.0,2026-06-18 03:20:00,2974347
76.8,71.4,77.9,66.8,2026-06-18 03:40:00,2974347
76.6,74.0,78.1,67.7,2026-06-18 04:00:00,2974347
76.3,76.2,77.9,68.3,2026-06-18 04:20:00,2974347
76.3,78.1,78.3,69.0,2026-06-18 04:40:00,2974347
76.1,79.4,78.3,69.3,2026-06-18 05:00:00,2974347
76.0,80.1,78.1,69.4,2026-06-18 05:20:00,2974347
76.0,80.9,78.3,69.7,2026-06-18 05:40:00,2974347
75.8,81.5,78.1,69.7,2026-06-18 06:00:00,2974347
75.7,82.1,77.9,69.9,2026-06-18 06:20:00,2974347
76.1,81.6,78.4,70.0,2026-06-18 06:40:00,2974347
76.7,80.7,79.3,70.3,2026-06-18 07:00:00,2974347
76.7,80.2,79.2,70.1,2026-06-18 07:20:00,2974347
77.0,79.7,79.5,70.2,2026-06-18 07:40:00,2974347
77.4,79.1,80.4,70.4,2026-06-18 08:00:00,2974347
78.6,77.2,82.2,70.8,2026-06-18 08:20:00,2974347
79.5,74.1,83.3,70.5,2026-06-18 08:40:00,2974347
80.6,72.8,84.9,71.0,2026-06-18 09:00:00,2974347
81.3,71.0,86.0,71.0,2026-06-18 09:20:00,2974347
82.0,69.0,86.7,70.8,2026-06-18 09:40:00,2974347
83.9,65.6,90.0,71.2,2026-06-18 10:00:00,2974347
85.4,64.5,92.8,72.0,2026-06-18 10:20:00,2974347
84.8,63.1,91.2,70.8,2026-06-18 10:40:00,2974347
87.4,57.8,94.3,70.7,2026-06-18 11:00:00,2974347
87.9,56.5,95.0,70.5,2026-06-18 11:20:00,2974347
90.9,53.0,100.4,71.3,2026-06-18 11:40:00,2974347
89.9,53.1,97.9,70.6,2026-06-18 12:00:00,2974347
90.6,51.0,98.4,70.0,2026-06-18 12:20:00,2974347
91.9,49.6,100.9,70.4,2026-06-18 12:40:00,2974347
93.3,46.4,101.7,69.7,2026-06-18 13:00:00,2974347
95.0,44.8,104.5,70.2,2026-06-18 13:20:00,2974347
94.9,43.7,103.6,69.4,2026-06-18 13:40:00,2974347
94.6,43.1,102.4,68.7,2026-06-18 14:00:00,2974347
93.4,44.6,100.9,68.6,2026-06-18 14:20:00,2974347
95.7,41.8,104.5,68.8,2026-06-18 14:40:00,2974347
97.6,41.0,107.6,69.9,2026-06-18 15:00:00,2974347
93.8,44.9,101.8,69.1,2026-06-18 15:20:00,2974347
90.0,45.2,94.6,66.0,2026-06-18 15:40:00,2974347
82.4,58.2,84.6,66.2,2026-06-18 16:00:00,2974347
82.1,71.5,87.6,72.0,2026-06-18 16:20:00,2974347
82.8,64.9,87.4,69.8,2026-06-18 16:40:00,2974347
82.5,67.7,87.4,70.8,2026-06-18 17:00:00,2974347
83.9,65.2,89.8,71.0,2026-06-18 17:20:00,2974347
84.8,61.6,90.7,70.1,2026-06-18 17:40:00,2974347
85.1,61.2,90.7,70.2,2026-06-18 18:00:00,2974347
85.1,61.3,90.9,70.2,2026-06-18 18:20:00,2974347
85.7,60.3,91.9,70.3,2026-06-18 18:40:00,2974347
85.1,60.8,90.7,70.0,2026-06-18 19:00:00,2974347
85.6,63.7,92.8,71.9,2026-06-18 19:20:00,2974347
85.6,63.4,92.7,71.7,2026-06-18 19:40:00,2974347
84.8,63.8,91.4,71.1,2026-06-18 20:00:00,2974347
84.3,64.5,90.5,71.0,2026-06-18 20:20:00,2974347
83.0,67.1,88.5,71.0,2026-06-18 20:40:00,2974347
83.6,67.1,89.6,71.5,2026-06-18 21:00:00,2974347
80.7,74.0,85.6,71.6,2026-06-18 21:20:00,2974347
75.5,87.5,78.4,71.6,2026-06-18 21:40:00,2974347
75.0,90.4,77.9,72.0,2026-06-18 22:00:00,2974347
74.5,91.5,77.5,71.9,2026-06-18 22:20:00,2974347
74.1,91.7,76.8,71.5,2026-06-18 22:40:00,2974347
73.7,92.2,76.5,71.2,2026-06-18 23:00:00,2974347
73.5,93.0,76.3,71.4,2026-06-18 23:20:00,2974347
73.5,93.3,76.3,71.4,2026-06-18 23:40:00,2974347
73.6,93.7,76.5,71.7,2026-06-19 00:00:00,2974347
73.1,93.8,75.9,71.2,2026-06-19 00:20:00,2974347
73.0,94.1,75.6,71.2,2026-06-19 00:40:00,2974347
73.0,94.3,75.6,71.3,2026-06-19 01:00:00,2974347
73.0,94.3,75.6,71.2,2026-06-19 01:20:00,2974347
72.8,93.6,75.2,70.8,2026-06-19 01:40:00,2974347
72.8,93.0,75.2,70.7,2026-06-19 02:00:00,2974347
72.7,93.0,75.2,70.5,2026-06-19 02:20:00,2974347
72.9,92.9,75.4,70.7,2026-06-19 02:40:00,2974347
72.8,92.7,75.2,70.5,2026-06-19 03:00:00,2974347
72.5,93.5,75.0,70.5,2026-06-19 03:20:00,2974347
72.7,93.8,75.4,70.8,2026-06-19 03:40:00,2974347
72.3,93.6,74.5,70.3,2026-06-19 04:00:00,2974347
72.0,94.0,74.3,70.2,2026-06-19 04:20:00,2974347
71.3,94.1,73.4,69.5,2026-06-19 04:40:00,2974347
71.3,94.7,73.4,69.6,2026-06-19 05:00:00,2974347
70.7,94.8,72.3,69.1,2026-06-19 05:20:00,2974347
70.3,95.1,72.0,68.8,2026-06-19 05:40:00,2974347
70.4,95.3,72.1,69.0,2026-06-19 06:00:00,2974347
70.3,95.5,72.0,68.9,2026-06-19 06:20:00,2974347
70.6,95.8,72.3,69.3,2026-06-19 06:40:00,2974347
70.7,96.0,72.7,69.5,2026-06-19 07:00:00,2974347
70.5,96.1,72.1,69.3,2026-06-19 07:20:00,2974347
70.6,96.2,72.3,69.5,2026-06-19 07:40:00,2974347
70.9,96.3,72.9,69.8,2026-06-19 08:00:00,2974347
70.8,96.4,72.7,69.7,2026-06-19 08:20:00,2974347
71.1,96.5,73.0,70.1,2026-06-19 08:40:00,2974347
71.7,96.6,73.9,70.7,2026-06-19 09:00:00,2974347
71.8,96.6,74.1,70.8,2026-06-19 09:20:00,2974347
72.2,96.7,74.7,71.2,2026-06-19 09:40:00,2974347
72.7,96.6,75.6,71.7,2026-06-19 10:00:00,2974347
73.6,96.4,76.8,72.5,2026-06-19 10:20:00,2974347
74.0,94.7,77.2,72.3,2026-06-19 10:40:00,2974347
75.0,92.5,78.3,72.7,2026-06-19 11:00:00,2974347
75.4,89.5,78.4,72.1,2026-06-19 11:20:00,2974347
77.4,87.3,81.9,73.3,2026-06-19 11:40:00,2974347
78.9,85.7,84.6,74.2,2026-06-19 12:00:00,2974347
80.6,81.8,87.6,74.5,2026-06-19 12:20:00,2974347
80.2,81.4,86.4,74.0,2026-06-19 12:40:00,2974347
83.4,72.7,91.0,73.7,2026-06-19 13:00:00,2974347
84.4,64.6,90.5,71.1,2026-06-19 13:20:00,2974347
84.2,63.8,90.3,70.6,2026-06-19 13:40:00,2974347
85.2,63.6,92.1,71.5,2026-06-19 14:00:00,2974347
85.4,63.6,92.5,71.6,2026-06-19 14:20:00,2974347
86.1,54.8,90.9,67.9,2026-06-19 14:40:00,2974347
88.3,51.1,93.6,67.9,2026-06-19 15:00:00,2974347
88.8,46.5,92.7,65.6,2026-06-19 15:20:00,2974347
88.2,45.2,91.0,64.3,2026-06-19 15:40:00,2974347
88.8,43.1,91.4,63.5,2026-06-19 16:00:00,2974347
87.6,40.9,88.5,60.9,2026-06-19 16:20:00,2974347
85.5,45.9,87.1,62.3,2026-06-19 16:40:00,2974347
85.6,46.5,87.3,62.7,2026-06-19 17:00:00,2974347
85.2,48.2,87.3,63.4,2026-06-19 17:20:00,2974347
84.8,49.1,86.7,63.6,2026-06-19 17:40:00,2974347
85.1,48.4,86.9,63.4,2026-06-19 18:00:00,2974347
84.4,47.1,85.3,62.0,2026-06-19 18:20:00,2974347
84.9,45.4,85.6,61.4,2026-06-19 18:40:00,2974347
84.1,48.1,85.3,62.3,2026-06-19 19:00:00,2974347
83.9,44.6,84.2,60.0,2026-06-19 19:20:00,2974347
82.8,47.0,82.9,60.5,2026-06-19 19:40:00,2974347
81.1,49.2,81.0,60.3,2026-06-19 20:00:00,2974347
80.0,51.2,79.9,60.4,2026-06-19 20:20:00,2974347
79.4,48.5,78.8,58.3,2026-06-19 20:40:00,2974347
78.0,50.6,77.2,58.2,2026-06-19 21:00:00,2974347
76.9,51.5,75.7,57.7,2026-06-19 21:20:00,2974347
75.8,53.6,75.0,57.8,2026-06-19 21:40:00,2974347
75.5,51.0,74.3,56.1,2026-06-19 22:00:00,2974347
74.8,51.5,73.6,55.8,2026-06-19 22:20:00,2974347
74.1,52.0,73.0,55.3,2026-06-19 22:40:00,2974347
73.3,53.8,72.7,55.6,2026-06-19 23:00:00,2974347
72.6,55.2,72.1,55.6,2026-06-19 23:20:00,2974347
72.5,54.0,71.8,54.9,2026-06-19 23:40:00,2974347
71.8,56.5,71.4,55.5,2026-06-20 00:00:00,2974347
71.0,57.9,70.7,55.4,2026-06-20 00:20:00,2974347
70.2,58.0,69.8,54.7,2026-06-20 00:40:00,2974347
69.7,61.0,69.3,55.6,2026-06-20 01:00:00,2974347
69.4,58.7,68.5,54.3,2026-06-20 01:20:00,2974347
68.8,60.7,68.0,54.7,2026-06-20 01:40:00,2974347
68.1,60.9,66.9,54.1,2026-06-20 02:00:00,2974347
67.2,62.5,65.8,53.9,2026-06-20 02:20:00,2974347
66.2,65.1,64.8,54.2,2026-06-20 02:40:00,2974347
65.5,67.9,64.2,54.7,2026-06-20 03:00:00,2974347
65.5,66.4,64.0,54.1,2026-06-20 03:20:00,2974347
65.8,63.5,63.9,53.1,2026-06-20 03:40:00,2974347
65.3,66.4,63.7,53.8,2026-06-20 04:00:00,2974347
64.9,65.6,63.1,53.2,2026-06-20 04:20:00,2974347
64.2,67.2,62.6,53.2,2026-06-20 04:40:00,2974347
63.5,68.6,62.1,53.0,2026-06-20 05:00:00,2974347
63.2,69.8,61.9,53.2,2026-06-20 05:20:00,2974347
62.7,71.7,61.5,53.4,2026-06-20 05:40:00,2974347
62.0,74.1,61.0,53.7,2026-06-20 06:00:00,2974347
61.7,76.1,60.8,54.1,2026-06-20 06:20:00,2974347
62.2,76.7,61.3,54.7,2026-06-20 06:40:00,2974347
63.0,76.8,62.2,55.6,2026-06-20 07:00:00,2974347
64.2,75.8,63.5,56.4,2026-06-20 07:20:00,2974347
65.3,74.7,64.2,57.0,2026-06-20 07:40:00,2974347
66.7,73.5,66.0,57.9,2026-06-20 08:00:00,2974347
69.1,68.6,68.9,58.3,2026-06-20 08:20:00,2974347
73.0,61.2,72.9,58.8,2026-06-20 08:40:00,2974347
76.4,51.8,75.4,57.3,2026-06-20 09:00:00,2974347
78.5,48.7,77.7,57.6,2026-06-20 09:20:00,2974347
79.9,43.8,78.4,55.9,2026-06-20 09:40:00,2974347
81.4,42.1,80.2,56.2,2026-06-20 10:00:00,2974347
82.9,40.5,81.7,56.5,2026-06-20 10:20:00,2974347
83.5,40.9,82.8,57.3,2026-06-20 10:40:00,2974347
85.5,40.3,85.5,58.6,2026-06-20 11:00:00,2974347
85.4,32.8,83.3,52.8,2026-06-20 11:20:00,2974347
86.1,34.2,84.7,54.6,2026-06-20 11:40:00,2974347
85.3,32.6,83.1,52.6,2026-06-20 12:00:00,2974347
85.9,32.1,84.0,52.8,2026-06-20 12:20:00,2974347
87.8,31.7,86.2,54.0,2026-06-20 12:40:00,2974347
87.2,31.5,85.3,53.4,2026-06-20 13:00:00,2974347
88.9,29.7,87.3,53.2,2026-06-20 13:20:00,2974347
87.7,30.2,85.6,52.7,2026-06-20 13:40:00,2974347
88.9,27.6,86.7,51.2,2026-06-20 14:00:00,2974347
88.3,28.3,85.8,51.4,2026-06-20 14:20:00,2974347
88.6,29.6,86.7,52.8,2026-06-20 14:40:00,2974347
87.2,28.7,84.6,50.7,2026-06-20 15:00:00,2974347
91.4,29.3,90.7,55.0,2026-06-20 15:20:00,2974347
89.0,30.1,87.4,53.6,2026-06-20 15:40:00,2974347
90.1,30.9,89.4,55.4,2026-06-20 16:00:00,2974347
90.8,30.1,90.0,55.2,2026-06-20 16:20:00,2974347
87.8,31.8,86.2,54.1,2026-06-20 16:40:00,2974347
87.5,32.9,86.2,54.7,2026-06-20 17:00:00,2974347
86.6,34.1,85.5,55.0,2026-06-20 17:20:00,2974347
86.4,35.3,85.5,55.7,2026-06-20 17:40:00,2974347
85.9,33.1,84.2,53.6,2026-06-20 18:00:00,2974347
85.8,33.9,84.4,54.2,2026-06-20 18:20:00,2974347
85.1,37.1,84.0,56.0,2026-06-20 18:40:00,2974347
84.5,39.2,83.7,57.0,2026-06-20 19:00:00,2974347
84.8,37.7,83.8,56.2,2026-06-20 19:20:00,2974347
83.9,38.5,82.8,56.0,2026-06-20 19:40:00,2974347
82.7,41.3,81.5,56.8,2026-06-20 20:00:00,2974347
81.2,43.2,80.1,56.8,2026-06-20 20:20:00,2974347
79.7,45.1,78.4,56.5,2026-06-20 20:40:00,2974347
79.0,47.4,78.1,57.3,2026-06-20 21:00:00,2974347
78.4,48.8,77.4,57.5,2026-06-20 21:20:00,2974347
77.7,50.3,76.6,57.8,2026-06-20 21:40:00,2974347
77.4,49.0,76.3,56.8,2026-06-20 22:00:00,2974347
77.1,50.1,75.9,57.1,2026-06-20 22:20:00,2974347
76.6,49.5,75.4,56.3,2026-06-20 22:40:00,2974347
75.9,52.4,75.0,57.3,2026-06-20 23:00:00,2974347
75.1,52.8,74.1,56.7,2026-06-20 23:20:00,2974347
74.4,53.5,73.6,56.4,2026-06-20 23:40:00,2974347
74.0,56.8,73.6,57.7,2026-06-21 00:00:00,2974347
73.9,56.2,73.2,57.3,2026-06-21 00:20:00,2974347
73.9,56.8,73.4,57.7,2026-06-21 00:40:00,2974347
73.7,57.6,73.4,57.8,2026-06-21 01:00:00,2974347
73.1,58.1,72.9,57.5,2026-06-21 01:20:00,2974347
72.7,58.8,72.5,57.5,2026-06-21 01:40:00,2974347
72.3,59.5,72.0,57.5,2026-06-21 02:00:00,2974347
71.9,61.1,71.8,57.8,2026-06-21 02:20:00,2974347
71.9,61.9,72.0,58.1,2026-06-21 02:40:00,2974347
71.3,63.9,71.6,58.4,2026-06-21 03:00:00,2974347
70.6,65.6,70.7,58.5,2026-06-21 03:20:00,2974347
69.9,67.4,70.0,58.6,2026-06-21 03:40:00,2974347
69.5,68.7,69.4,58.7,2026-06-21 04:00:00,2974347
69.4,70.4,69.4,59.3,2026-06-21 04:20:00,2974347
69.4,71.0,69.4,59.6,2026-06-21 04:40:00,2974347
69.5,72.6,69.8,60.4,2026-06-21 05:00:00,2974347
69.3,72.1,69.6,59.9,2026-06-21 05:20:00,2974347
68.6,73.4,68.7,59.8,2026-06-21 05:40:00,2974347
68.3,74.5,68.2,59.9,2026-06-21 06:00:00,2974347
67.7,76.3,67.6,60.0,2026-06-21 06:20:00,2974347
67.6,77.6,67.5,60.4,2026-06-21 06:40:00,2974347
67.9,78.2,68.0,60.8,2026-06-21 07:00:00,2974347
68.9,78.1,69.4,61.8,2026-06-21 07:20:00,2974347
70.2,77.1,71.1,62.7,2026-06-21 07:40:00,2974347
71.5,75.1,72.5,63.2,2026-06-21 08:00:00,2974347
73.6,72.0,74.5,64.0,2026-06-21 08:20:00,2974347
76.1,67.9,76.8,64.7,2026-06-21 08:40:00,2974347
78.8,59.9,79.7,63.7,2026-06-21 09:00:00,2974347
81.2,58.9,83.1,65.5,2026-06-21 09:20:00,2974347
83.1,56.5,85.8,66.1,2026-06-21 09:40:00,2974347
85.3,49.0,87.6,64.0,2026-06-21 10:00:00,2974347
87.4,46.6,90.1,64.4,2026-06-21 10:20:00,2974347
89.2,42.9,92.1,63.7,2026-06-21 10:40:00,2974347
89.6,39.7,91.9,61.9,2026-06-21 11:00:00,2974347
90.3,39.5,92.8,62.3,2026-06-21 11:20:00,2974347
89.1,37.1,90.0,59.5,2026-06-21 11:40:00,2974347
91.1,36.2,93.0,60.7,2026-06-21 12:00:00,2974347
91.4,34.2,92.7,59.3,2026-06-21 12:20:00,2974347
93.3,35.6,96.3,62.1,2026-06-21 12:40:00,2974347
92.9,33.9,94.8,60.3,2026-06-21 13:00:00,2974347
96.0,31.1,98.4,60.5,2026-06-21 13:20:00,2974347
93.6,31.5,94.6,58.9,2026-06-21 13:40:00,2974347
99.7,28.7,103.3,61.5,2026-06-21 14:00:00,2974347
94.6,28.8,95.0,57.3,2026-06-21 14:20:00,2974347
97.7,29.5,100.6,60.6,2026-06-21 14:40:00,2974347
93.7,31.1,94.5,58.5,2026-06-21 15:00:00,2974347
94.7,32.7,97.2,60.9,2026-06-21 15:20:00,2974347
92.4,35.2,94.6,60.9,2026-06-21 15:40:00,2974347
95.0,33.4,98.2,61.7,2026-06-21 16:00:00,2974347
96.8,31.2,100.0,61.4,2026-06-21 16:20:00,2974347
92.2,34.4,93.9,60.1,2026-06-21 16:40:00,2974347
92.5,33.2,93.6,59.4,2026-06-21 17:00:00,2974347
91.1,35.1,92.5,59.7,2026-06-21 17:20:00,2974347
91.1,34.7,92.3,59.4,2026-06-21 17:40:00,2974347
92.1,34.2,93.7,59.9,2026-06-21 18:00:00,2974347
91.9,34.8,93.6,60.2,2026-06-21 18:20:00,2974347
89.8,39.0,91.9,61.6,2026-06-21 18:40:00,2974347
89.1,40.3,91.0,61.9,2026-06-21 19:00:00,2974347
89.3,41.3,91.8,62.7,2026-06-21 19:20:00,2974347
88.9,42.1,91.4,62.9,2026-06-21 19:40:00,2974347
88.6,42.7,90.9,63.0,2026-06-21 20:00:00,2974347
87.5,43.9,89.6,62.9,2026-06-21 20:20:00,2974347
86.2,46.3,88.3,63.2,2026-06-21 20:40:00,2974347
85.2,48.1,87.1,63.4,2026-06-21 21:00:00,2974347
84.3,49.6,86.0,63.4,2026-06-21 21:20:00,2974347
83.3,50.6,84.7,63.1,2026-06-21 21:40:00,2974347
82.5,51.5,83.3,62.9,2026-06-21 22:00:00,2974347
82.0,52.8,82.9,63.0,2026-06-21 22:20:00,2974347
81.2,54.0,82.0,63.0,2026-06-21 22:40:00,2974347
80.4,55.0,81.0,62.7,2026-06-21 23:00:00,2974347
78.9,58.5,79.7,63.1,2026-06-21 23:20:00,2974347
79.8,56.2,80.4,62.8,2026-06-21 23:40:00,2974347
79.5,57.5,80.2,63.2,2026-06-22 00:00:00,2974347
79.2,60.6,80.4,64.5,2026-06-22 00:20:00,2974347
78.8,63.6,80.4,65.5,2026-06-22 00:40:00,2974347
78.3,67.1,80.1,66.6,2026-06-22 01:00:00,2974347
78.1,69.6,80.2,67.4,2026-06-22 01:20:00,2974347
77.3,71.0,79.0,67.2,2026-06-22 01:40:00,2974347
76.8,73.0,78.1,67.5,2026-06-22 02:00:00,2974347
76.8,74.5,78.3,68.1,2026-06-22 02:20:00,2974347
76.6,75.8,78.4,68.4,2026-06-22 02:40:00,2974347
76.3,77.2,78.1,68.6,2026-06-22 03:00:00,2974347
75.8,78.7,77.7,68.7,2026-06-22 03:20:00,2974347
75.1,80.3,77.0,68.6,2026-06-22 03:40:00,2974347
74.7,81.5,76.6,68.7,2026-06-22 04:00:00,2974347
74.5,82.2,76.6,68.7,2026-06-22 04:20:00,2974347
74.2,83.4,76.3,68.8,2026-06-22 04:40:00,2974347
73.8,84.6,75.9,68.8,2026-06-22 05:00:00,2974347
73.4,86.3,75.4,69.0,2026-06-22 05:20:00,2974347
73.3,87.4,75.6,69.4,2026-06-22 05:40:00,2974347
73.3,88.0,75.6,69.5,2026-06-22 06:00:00,2974347
73.3,88.0,75.6,69.5,2026-06-22 06:20:00,2974347
73.2,88.5,75.6,69.6,2026-06-22 06:40:00,2974347
73.7,88.5,76.1,70.1,2026-06-22 07:00:00,2974347
74.8,88.5,77.4,71.1,2026-06-22 07:20:00,2974347
75.8,86.7,78.6,71.5,2026-06-22 07:40:00,2974347
77.0,84.9,80.2,72.1,2026-06-22 08:00:00,2974347
78.7,82.5,83.7,72.9,2026-06-22 08:20:00,2974347
80.9,77.8,86.9,73.3,2026-06-22 08:40:00,2974347
82.2,73.2,88.5,72.8,2026-06-22 09:00:00,2974347
83.4,70.4,90.3,72.7,2026-06-22 09:20:00,2974347
84.8,66.3,92.3,72.3,2026-06-22 09:40:00,2974347
87.2,64.0,96.6,73.5,2026-06-22 10:00:00,2974347
86.8,60.3,94.1,71.4,2026-06-22 10:20:00,2974347
87.4,60.3,95.2,71.9,2026-06-22 10:40:00,2974347
86.3,59.0,92.7,70.3,2026-06-22 11:00:00,2974347
88.8,56.4,97.0,71.3,2026-06-22 11:20:00,2974347
89.2,52.2,95.9,69.4,2026-06-22 11:40:00,2974347
89.5,53.2,97.2,70.2,2026-06-22 12:00:00,2974347
90.1,55.8,99.7,72.1,2026-06-22 12:20:00,2974347
90.7,50.5,98.8,69.8,2026-06-22 12:40:00,2974347
92.9,51.4,104.0,72.3,2026-06-22 13:00:00,2974347
92.2,47.5,100.0,69.4,2026-06-22 13:20:00,2974347
92.0,47.3,99.5,69.1,2026-06-22 13:40:00,2974347
90.7,49.0,97.9,68.9,2026-06-22 14:00:00,2974347
93.2,49.1,103.3,71.3,2026-06-22 14:20:00,2974347
93.3,47.4,102.2,70.3,2026-06-22 14:40:00,2974347
92.0,46.7,99.3,68.7,2026-06-22 15:00:00,2974347
94.6,44.4,103.1,69.5,2026-06-22 15:20:00,2974347
96.1,41.9,105.3,69.2,2026-06-22 15:40:00,2974347
93.9,44.3,101.7,68.9,2026-06-22 16:00:00,2974347
94.7,43.7,103.1,69.1,2026-06-22 16:20:00,2974347
93.9,43.5,101.1,68.3,2026-06-22 16:40:00,2974347
94.7,43.7,103.1,69.2,2026-06-22 17:00:00,2974347
94.5,44.7,103.3,69.7,2026-06-22 17:20:00,2974347
93.7,44.5,101.7,68.9,2026-06-22 17:40:00,2974347
93.2,44.7,100.4,68.5,2026-06-22 18:00:00,2974347
93.3,44.1,100.4,68.2,2026-06-22 18:20:00,2974347
92.7,45.0,99.7,68.2,2026-06-22 18:40:00,2974347
92.4,45.5,99.3,68.2,2026-06-22 19:00:00,2974347
91.8,46.7,99.0,68.5,2026-06-22 19:20:00,2974347
91.0,48.0,97.9,68.6,2026-06-22 19:40:00,2974347
90.3,49.6,97.5,68.9,2026-06-22 20:00:00,2974347
90.0,50.7,97.3,69.3,2026-06-22 20:20:00,2974347
83.4,51.5,84.9,63.7,2026-06-22 20:40:00,2974347
80.0,68.5,83.1,68.7,2026-06-22 21:00:00,2974347
75.0,81.9,77.0,69.1,2026-06-22 21:20:00,2974347
73.8,86.6,76.1,69.6,2026-06-22 21:40:00,2974347
73.8,88.9,76.3,70.3,2026-06-22 22:00:00,2974347
73.9,89.3,76.3,70.6,2026-06-22 22:20:00,2974347
74.0,88.5,76.5,70.4,2026-06-22 22:40:00,2974347
73.9,88.6,76.3,70.3,2026-06-22 23:00:00,2974347
74.3,90.2,77.2,71.3,2026-06-22 23:20:00,2974347
74.7,90.2,77.7,71.6,2026-06-22 23:40:00,2974347
74.9,89.4,77.7,71.5,2026-06-23 00:00:00,2974347
76.9,85.0,80.2,72.1,2026-06-23 00:20:00,2974347
75.9,85.5,78.8,71.3,2026-06-23 00:40:00,2974347
75.3,86.5,78.1,70.9,2026-06-23 01:00:00,2974347
75.0,86.9,77.5,70.8,2026-06-23 01:20:00,2974347
74.7,87.8,77.4,70.8,2026-06-23 01:40:00,2974347
74.0,88.4,76.5,70.3,2026-06-23 02:00:00,2974347
73.8,88.6,76.3,70.3,2026-06-23 02:20:00,2974347
73.7,88.6,76.1,70.1,2026-06-23 02:40:00,2974347
73.5,88.8,75.9,70.0,2026-06-23 03:00:00,2974347
73.8,88.2,76.3,70.2,2026-06-23 03:20:00,2974347
74.1,87.7,76.5,70.2,2026-06-23 03:40:00,2974347
73.8,88.0,76.3,70.1,2026-06-23 04:00:00,2974347
73.8,88.5,76.3,70.2,2026-06-23 04:20:00,2974347
73.8,88.8,76.3,70.3,2026-06-23 04:40:00,2974347
73.8,89.1,76.3,70.4,2026-06-23 05:00:00,2974347
74.0,89.4,76.6,70.6,2026-06-23 05:20:00,2974347
74.6,89.0,77.4,71.2,2026-06-23 05:40:00,2974347
76.0,86.5,79.0,71.7,2026-06-23 06:00:00,2974347
76.2,85.1,79.0,71.4,2026-06-23 06:20:00,2974347
76.3,84.9,79.2,71.5,2026-06-23 06:40:00,2974347
76.7,84.8,79.9,71.8,2026-06-23 07:00:00,2974347
77.2,84.2,80.4,72.0,2026-06-23 07:20:00,2974347
77.7,83.5,81.9,72.3,2026-06-23 07:40:00,2974347
78.3,82.7,82.8,72.6,2026-06-23 08:00:00,2974347
79.7,80.6,85.5,73.2,2026-06-23 08:20:00,2974347
80.6,75.8,86.0,72.3,2026-06-23 08:40:00,2974347
81.5,73.0,86.5,72.0,2026-06-23 09:00:00,2974347
82.4,71.4,88.3,72.2,2026-06-23 09:20:00,2974347
83.5,68.7,90.1,72.2,2026-06-23 09:40:00,2974347
83.1,69.0,89.1,71.9,2026-06-23 10:00:00,2974347
83.3,69.3,90.0,72.2,2026-06-23 10:20:00,2974347
82.7,70.6,88.5,72.2,2026-06-23 10:40:00,2974347
83.6,67.4,89.8,71.7,2026-06-23 11:00:00,2974347
83.2,67.5,89.1,71.3,2026-06-23 11:20:00,2974347
76.9,84.1,80.1,71.7,2026-06-23 11:40:00,2974347
74.8,90.8,77.7,71.9,2026-06-23 12:00:00,2974347
76.9,91.9,81.1,74.4,2026-06-23 12:20:00,2974347
79.5,89.0,86.5,75.9,2026-06-23 12:40:00,2974347
82.0,81.8,90.1,75.9,2026-06-23 13:00:00,2974347
83.5,78.3,93.4,76.0,2026-06-23 13:20:00,2974347
78.9,85.6,84.6,74.2,2026-06-23 13:40:00,2974347
74.4,90.7,77.2,71.5,2026-06-23 14:00:00,2974347
73.4,92.8,76.3,71.2,2026-06-23 14:20:00,2974347
74.4,93.8,77.7,72.5,2026-06-23 14:40:00,2974347
75.3,93.8,79.0,73.4,2026-06-23 15:00:00,2974347
77.6,91.8,82.9,75.1,2026-06-23 15:20:00,2974347
79.8,83.3,86.0,74.3,2026-06-23 15:40:00,2974347
80.1,79.6,86.0,73.2,2026-06-23 16:00:00,2974347
81.7,78.3,88.9,74.3,2026-06-23 16:20:00,2974347
80.0,81.0,86.0,73.6,2026-06-23 16:40:00,2974347
80.2,78.7,85.8,73.0,2026-06-23 17:00:00,2974347
79.6,78.8,84.7,72.4,2026-06-23 17:20:00,2974347
80.4,77.9,85.8,72.9,2026-06-23 17:40:00,2974347
80.0,78.8,85.5,72.8,2026-06-23 18:00:00,2974347
79.0,78.3,83.5,71.7,2026-06-23 18:20:00,2974347
78.3,79.3,82.4,71.4,2026-06-23 18:40:00,2974347
76.6,78.5,78.6,69.4,2026-06-23 19:00:00,2974347
72.3,86.9,74.1,68.1,2026-06-23 19:20:00,2974347
71.7,91.0,73.6,68.9,2026-06-23 19:40:00,2974347
71.3,92.5,73.2,69.0,2026-06-23 20:00:00,2974347
70.5,92.7,72.1,68.3,2026-06-23 20:20:00,2974347
70.1,93.5,71.6,68.1,2026-06-23 20:40:00,2974347
69.7,94.0,71.4,67.8,2026-06-23 21:00:00,2974347
69.7,94.3,71.4,67.9,2026-06-23 21:20:00,2974347
69.5,94.5,71.1,67.8,2026-06-23 21:40:00,2974347
69.0,94.4,70.5,67.3,2026-06-23 22:00:00,2974347
68.6,94.5,70.2,67.0,2026-06-23 22:20:00,2974347
68.4,94.6,69.8,66.7,2026-06-23 22:40:00,2974347
68.4,94.8,69.8,66.8,2026-06-23 23:00:00,2974347
68.4,94.9,69.8,66.8,2026-06-23 23:20:00,2974347
68.1,94.9,69.4,66.6,2026-06-23 23:40:00,2974347
67.8,95.0,69.3,66.4,2026-06-24 00:00:00,2974347
67.9,95.2,69.3,66.5,2026-06-24 00:20:00,2974347
67.9,95.3,69.3,66.5,2026-06-24 00:40:00,2974347
67.6,95.2,68.9,66.1,2026-06-24 01:00:00,2974347
67.3,95.3,68.7,65.9,2026-06-24 01:20:00,2974347
67.0,95.3,68.2,65.7,2026-06-24 01:40:00,2974347
66.9,95.4,68.2,65.6,2026-06-24 02:00:00,2974347
66.7,95.5,67.8,65.4,2026-06-24 02:20:00,2974347
66.3,95.5,67.5,65.0,2026-06-24 02:40:00,2974347
66.5,95.5,67.6,65.2,2026-06-24 03:00:00,2974347
66.7,95.7,67.8,65.4,2026-06-24 03:20:00,2974347
66.4,95.7,67.8,65.1,2026-06-24 03:40:00,2974347
66.0,95.7,67.1,64.7,2026-06-24 04:00:00,2974347
65.3,95.7,66.4,64.1,2026-06-24 04:20:00,2974347
65.0,95.6,66.0,63.7,2026-06-24 04:40:00,2974347
64.5,95.6,65.3,63.2,2026-06-24 05:00:00,2974347
63.4,95.4,64.2,62.0,2026-06-24 05:20:00,2974347
63.1,95.4,63.9,61.8,2026-06-24 05:40:00,2974347
62.5,95.3,63.3,61.1,2026-06-24 06:00:00,2974347
62.2,95.3,63.0,60.8,2026-06-24 06:20:00,2974347
62.1,95.5,63.0,60.8,2026-06-24 06:40:00,2974347
62.2,95.6,63.0,61.0,2026-06-24 07:00:00,2974347
62.3,95.8,63.3,61.1,2026-06-24 07:20:00,2974347
62.5,95.8,63.5,61.3,2026-06-24 07:40:00,2974347
62.8,95.6,63.7,61.5,2026-06-24 08:00:00,2974347
63.8,95.4,64.6,62.4,2026-06-24 08:20:00,2974347
65.7,94.0,66.7,64.0,2026-06-24 08:40:00,2974347
68.0,90.0,69.1,65.0,2026-06-24 09:00:00,2974347
70.6,83.3,71.8,65.3,2026-06-24 09:20:00,2974347
72.0,74.1,72.9,63.3,2026-06-24 09:40:00,2974347
73.8,65.0,74.1,61.4,2026-06-24 10:00:00,2974347
75.9,59.5,75.6,60.8,2026-06-24 10:20:00,2974347
78.2,55.6,78.1,61.0,2026-06-24 10:40:00,2974347
79.5,52.2,79.3,60.4,2026-06-24 11:00:00,2974347
80.5,47.2,79.9,58.6,2026-06-24 11:20:00,2974347
80.6,43.8,79.3,56.5,2026-06-24 11:40:00,2974347
80.1,41.6,78.4,54.7,2026-06-24 12:00:00,2974347
83.1,39.8,81.7,56.1,2026-06-24 12:20:00,2974347
81.2,38.9,79.3,53.8,2026-06-24 12:40:00,2974347
84.7,44.8,85.3,60.9,2026-06-24 13:00:00,2974347
83.1,37.1,81.3,54.2,2026-06-24 13:20:00,2974347
86.0,37.0,85.1,56.6,2026-06-24 13:40:00,2974347
85.9,43.0,86.7,60.8,2026-06-24 14:00:00,2974347
85.1,43.8,85.5,60.6,2026-06-24 14:20:00,2974347
86.2,40.9,86.7,59.6,2026-06-24 14:40:00,2974347
86.1,37.8,85.6,57.3,2026-06-24 15:00:00,2974347
87.8,37.4,88.0,58.6,2026-06-24 15:20:00,2974347
91.9,32.9,92.8,58.6,2026-06-24 15:40:00,2974347
88.9,33.0,88.3,56.0,2026-06-24 16:00:00,2974347
85.0,38.5,84.4,56.9,2026-06-24 16:20:00,2974347
83.0,41.4,82.0,57.1,2026-06-24 16:40:00,2974347
82.5,42.4,81.5,57.4,2026-06-24 17:00:00,2974347
83.2,41.4,82.4,57.4,2026-06-24 17:20:00,2974347
82.0,39.3,80.4,54.8,2026-06-24 17:40:00,2974347
80.6,45.4,79.9,57.5,2026-06-24 18:00:00,2974347
81.4,44.3,80.4,57.5,2026-06-24 18:20:00,2974347
79.7,47.9,78.8,58.2,2026-06-24 18:40:00,2974347
78.2,49.2,77.2,57.6,2026-06-24 19:00:00,2974347
77.4,52.0,76.6,58.4,2026-06-24 19:20:00,2974347
76.9,53.1,75.9,58.5,2026-06-24 19:40:00,2974347
76.5,53.7,75.7,58.5,2026-06-24 20:00:00,2974347
75.9,54.5,75.0,58.3,2026-06-24 20:20:00,2974347
74.9,57.3,74.5,58.8,2026-06-24 20:40:00,2974347
73.9,60.9,73.8,59.6,2026-06-24 21:00:00,2974347
73.1,61.3,73.0,59.0,2026-06-24 21:20:00,2974347
72.6,64.8,72.9,60.1,2026-06-24 21:40:00,2974347
72.0,64.0,72.3,59.2,2026-06-24 22:00:00,2974347
71.5,66.3,72.0,59.6,2026-06-24 22:20:00,2974347
70.8,67.4,71.2,59.5,2026-06-24 22:40:00,2974347
70.0,69.6,70.3,59.6,2026-06-24 23:00:00,2974347
69.8,73.2,70.2,60.8,2026-06-24 23:20:00,2974347
69.5,73.0,69.8,60.5,2026-06-24 23:40:00,2974347
69.2,74.0,69.4,60.5,2026-06-25 00:00:00,2974347
69.0,75.0,69.1,60.7,2026-06-25 00:20:00,2974347
68.8,76.5,69.1,61.1,2026-06-25 00:40:00,2974347
68.4,76.9,68.7,60.9,2026-06-25 01:00:00,2974347
68.1,78.4,68.2,61.2,2026-06-25 01:20:00,2974347
67.9,77.6,68.0,60.6,2026-06-25 01:40:00,2974347
67.6,77.6,67.5,60.4,2026-06-25 02:00:00,2974347
67.2,77.9,67.1,60.1,2026-06-25 02:20:00,2974347
67.3,77.6,67.3,60.0,2026-06-25 02:40:00,2974347
67.3,79.0,67.5,60.6,2026-06-25 03:00:00,2974347
67.1,79.5,67.3,60.5,2026-06-25 03:20:00,2974347
66.7,79.7,66.6,60.2,2026-06-25 03:40:00,2974347
66.4,80.8,66.6,60.4,2026-06-25 04:00:00,2974347
66.3,81.7,66.2,60.5,2026-06-25 04:20:00,2974347
66.1,82.7,66.2,60.7,2026-06-25 04:40:00,2974347
66.1,83.5,66.2,60.9,2026-06-25 05:00:00,2974347
66.2,84.8,66.4,61.5,2026-06-25 05:20:00,2974347
66.2,85.6,66.4,61.8,2026-06-25 05:40:00,2974347
66.3,86.3,66.7,62.1,2026-06-25 06:00:00,2974347
66.2,86.9,66.7,62.2,2026-06-25 06:20:00,2974347
66.3,87.4,66.7,62.5,2026-06-25 06:40:00,2974347
66.8,87.9,67.5,63.1,2026-06-25 07:00:00,2974347
67.8,87.4,68.5,63.9,2026-06-25 07:20:00,2974347
69.0,86.3,69.8,64.7,2026-06-25 07:40:00,2974347
70.6,83.5,71.8,65.3,2026-06-25 08:00:00,2974347
72.5,81.6,73.8,66.5,2026-06-25 08:20:00,2974347
74.5,77.3,76.1,67.0,2026-06-25 08:40:00,2974347
76.4,75.0,77.9,67.9,2026-06-25 09:00:00,2974347
76.6,72.1,77.9,66.9,2026-06-25 09:20:00,2974347
77.5,71.2,79.2,67.4,2026-06-25 09:40:00,2974347
78.9,67.0,81.0,67.0,2026-06-25 10:00:00,2974347
80.7,63.9,83.3,67.4,2026-06-25 10:20:00,2974347
80.6,61.3,82.4,66.0,2026-06-25 10:40:00,2974347
83.5,58.9,87.3,67.6,2026-06-25 11:00:00,2974347
83.0,55.1,85.3,65.3,2026-06-25 11:20:00,2974347
83.6,56.0,86.5,66.3,2026-06-25 11:40:00,2974347
83.9,53.6,86.5,65.3,2026-06-25 12:00:00,2974347
82.9,53.7,84.6,64.4,2026-06-25 12:20:00,2974347
87.0,48.4,90.1,65.1,2026-06-25 12:40:00,2974347
85.4,47.1,87.1,62.9,2026-06-25 13:00:00,2974347
86.5,44.3,88.0,62.2,2026-06-25 13:20:00,2974347
89.7,41.0,92.5,62.9,2026-06-25 13:40:00,2974347
89.8,41.3,92.8,63.1,2026-06-25 14:00:00,2974347
88.6,44.0,91.4,63.9,2026-06-25 14:20:00,2974347
89.8,41.9,93.0,63.6,2026-06-25 14:40:00,2974347
90.0,39.2,92.3,61.9,2026-06-25 15:00:00,2974347
90.8,38.5,93.2,62.1,2026-06-25 15:20:00,2974347
88.8,40.2,90.5,61.6,2026-06-25 15:40:00,2974347
91.2,38.8,94.1,62.6,2026-06-25 16:00:00,2974347
90.1,43.6,93.9,64.9,2026-06-25 16:20:00,2974347
87.6,45.6,90.1,64.0,2026-06-25 16:40:00,2974347
87.4,47.0,90.3,64.7,2026-06-25 17:00:00,2974347
86.1,48.3,88.7,64.3,2026-06-25 17:20:00,2974347
87.0,47.0,89.8,64.4,2026-06-25 17:40:00,2974347
85.6,47.3,87.4,63.2,2026-06-25 18:00:00,2974347
85.7,47.7,87.8,63.6,2026-06-25 18:20:00,2974347
86.3,47.9,88.9,64.2,2026-06-25 18:40:00,2974347
85.0,49.0,87.1,63.7,2026-06-25 19:00:00,2974347
83.4,55.9,86.0,66.0,2026-06-25 19:20:00,2974347
82.2,57.3,84.0,65.6,2026-06-25 19:40:00,2974347
81.3,59.6,83.3,65.9,2026-06-25 20:00:00,2974347
80.5,59.8,82.2,65.3,2026-06-25 20:20:00,2974347
79.8,61.7,81.5,65.4,2026-06-25 20:40:00,2974347
78.8,63.9,80.4,65.6,2026-06-25 21:00:00,2974347
78.0,66.1,79.5,65.8,2026-06-25 21:20:00,2974347
77.3,67.3,78.3,65.6,2026-06-25 21:40:00,2974347
76.7,68.1,77.5,65.4,2026-06-25 22:00:00,2974347
76.2,70.1,77.0,65.8,2026-06-25 22:20:00,2974347
75.8,70.5,76.8,65.6,2026-06-25 22:40:00,2974347
75.4,71.8,76.5,65.7,2026-06-25 23:00:00,2974347
75.0,73.0,76.1,65.8,2026-06-25 23:20:00,2974347
74.6,74.5,75.7,65.9,2026-06-25 23:40:00,2974347
74.3,74.7,75.4,65.7,2026-06-26 00:00:00,2974347
73.8,75.2,75.2,65.5,2026-06-26 00:20:00,2974347
73.5,75.7,74.7,65.4,2026-06-26 00:40:00,2974347
73.1,76.4,74.5,65.3,2026-06-26 01:00:00,2974347
73.0,77.3,74.1,65.5,2026-06-26 01:20:00,2974347
72.8,76.2,73.9,64.8,2026-06-26 01:40:00,2974347
73.0,75.7,74.1,64.9,2026-06-26 02:00:00,2974347
72.6,76.4,73.8,64.8,2026-06-26 02:20:00,2974347
72.3,77.2,73.4,64.8,2026-06-26 02:40:00,2974347
72.3,77.4,73.4,64.8,2026-06-26 03:00:00,2974347
72.5,76.6,73.6,64.7,2026-06-26 03:20:00,2974347
72.8,76.6,73.9,65.0,2026-06-26 03:40:00,2974347
73.1,76.2,74.3,65.2,2026-06-26 04:00:00,2974347
73.0,76.7,74.1,65.2,2026-06-26 04:20:00,2974347
72.9,77.8,74.1,65.5,2026-06-26 04:40:00,2974347
72.1,79.3,73.4,65.3,2026-06-26 05:00:00,2974347
71.5,80.7,72.7,65.2,2026-06-26 05:20:00,2974347
71.3,81.4,72.5,65.3,2026-06-26 05:40:00,2974347
70.7,82.1,71.6,64.9,2026-06-26 06:00:00,2974347
70.5,83.2,71.6,65.1,2026-06-26 06:20:00,2974347
70.2,84.5,71.4,65.3,2026-06-26 06:40:00,2974347
70.8,84.8,72.1,66.0,2026-06-26 07:00:00,2974347
71.8,84.1,73.4,66.7,2026-06-26 07:20:00,2974347
73.3,82.2,75.0,67.5,2026-06-26 07:40:00,2974347
74.7,79.9,76.6,68.1,2026-06-26 08:00:00,2974347
76.5,77.2,78.4,68.8,2026-06-26 08:20:00,2974347
77.5,72.9,79.5,68.1,2026-06-26 08:40:00,2974347
79.6,70.3,82.8,69.1,2026-06-26 09:00:00,2974347
80.4,67.5,83.7,68.7,2026-06-26 09:20:00,2974347
81.2,65.4,84.6,68.5,2026-06-26 09:40:00,2974347
82.0,65.3,85.6,69.2,2026-06-26 10:00:00,2974347
82.6,63.5,86.7,69.0,2026-06-26 10:20:00,2974347
83.2,58.9,86.5,67.3,2026-06-26 10:40:00,2974347
85.3,54.2,89.1,66.8,2026-06-26 11:00:00,2974347
84.3,51.5,86.5,64.5,2026-06-26 11:20:00,2974347
83.9,53.4,86.5,65.2,2026-06-26 11:40:00,2974347
83.8,55.2,86.7,66.0,2026-06-26 12:00:00,2974347
81.7,64.1,85.3,68.4,2026-06-26 12:20:00,2974347
86.1,62.0,93.4,71.5,2026-06-26 12:40:00,2974347
88.6,51.8,94.5,68.6,2026-06-26 13:00:00,2974347
86.8,52.8,91.4,67.5,2026-06-26 13:20:00,2974347
87.6,55.0,93.9,69.4,2026-06-26 13:40:00,2974347
86.4,51.7,90.5,66.5,2026-06-26 14:00:00,2974347
88.4,50.9,93.7,67.9,2026-06-26 14:20:00,2974347
89.2,51.0,95.4,68.7,2026-06-26 14:40:00,2974347
88.5,50.2,93.9,67.6,2026-06-26 15:00:00,2974347
88.9,52.1,95.5,69.0,2026-06-26 15:20:00,2974347
87.7,53.2,93.2,68.6,2026-06-26 15:40:00,2974347
87.1,55.4,93.0,69.2,2026-06-26 16:00:00,2974347
87.3,57.4,94.3,70.4,2026-06-26 16:20:00,2974347
86.6,58.8,93.4,70.4,2026-06-26 16:40:00,2974347
85.6,61.1,91.9,70.6,2026-06-26 17:00:00,2974347
84.7,63.0,90.7,70.7,2026-06-26 17:20:00,2974347
85.6,64.0,93.0,72.1,2026-06-26 17:40:00,2974347
85.2,63.3,91.9,71.3,2026-06-26 18:00:00,2974347
84.7,63.8,91.0,71.0,2026-06-26 18:20:00,2974347
83.9,63.7,89.4,70.3,2026-06-26 18:40:00,2974347
82.8,67.5,88.0,70.9,2026-06-26 19:00:00,2974347
81.1,68.6,84.9,69.8,2026-06-26 19:20:00,2974347
81.2,67.0,84.9,69.2,2026-06-26 19:40:00,2974347
80.8,65.5,84.0,68.2,2026-06-26 20:00:00,2974347
79.3,67.1,81.7,67.4,2026-06-26 20:20:00,2974347
78.5,69.5,80.8,67.7,2026-06-26 20:40:00,2974347
78.1,71.3,80.6,68.0,2026-06-26 21:00:00,2974347
77.7,73.0,79.9,68.4,2026-06-26 21:20:00,2974347
77.5,75.5,79.9,69.1,2026-06-26 21:40:00,2974347
77.3,76.4,79.5,69.3,2026-06-26 22:00:00,2974347
77.1,78.2,79.5,69.8,2026-06-26 22:20:00,2974347
77.0,79.7,79.9,70.2,2026-06-26 22:40:00,2974347
76.6,81.1,79.3,70.4,2026-06-26 23:00:00,2974347
76.4,82.5,78.8,70.6,2026-06-26 23:20:00,2974347
76.0,84.3,78.6,70.9,2026-06-26 23:40:00,2974347
75.8,85.0,78.4,71.0,2026-06-27 00:00:00,2974347
75.5,85.8,78.1,71.0,2026-06-27 00:20:00,2974347
74.9,86.5,77.5,70.6,2026-06-27 00:40:00,2974347
74.7,87.1,77.4,70.6,2026-06-27 01:00:00,2974347
74.5,87.8,77.2,70.6,2026-06-27 01:20:00,2974347
74.2,88.1,76.6,70.5,2026-06-27 01:40:00,2974347
73.9,88.5,76.3,70.3,2026-06-27 02:00:00,2974347
73.9,89.1,76.3,70.4,2026-06-27 02:20:00,2974347
73.4,89.6,75.9,70.2,2026-06-27 02:40:00,2974347
73.5,90.1,76.1,70.4,2026-06-27 03:00:00,2974347
73.7,90.3,76.3,70.7,2026-06-27 03:20:00,2974347
73.8,90.5,76.5,70.9,2026-06-27 03:40:00,2974347
74.0,90.4,76.8,71.1,2026-06-27 04:00:00,2974347
74.0,90.6,76.8,71.1,2026-06-27 04:20:00,2974347
74.0,90.7,76.8,71.1,2026-06-27 04:40:00,2974347
73.8,90.9,76.5,71.0,2026-06-27 05:00:00,2974347
73.9,90.6,76.5,70.9,2026-06-27 05:20:00,2974347
73.7,90.8,76.3,70.8,2026-06-27 05:40:00,2974347
73.7,91.2,76.3,70.9,2026-06-27 06:00:00,2974347
73.7,91.0,76.3,70.9,2026-06-27 06:20:00,2974347
73.9,90.9,76.5,71.1,2026-06-27 06:40:00,2974347
74.3,90.5,77.2,71.4,2026-06-27 07:00:00,2974347
74.6,89.6,77.4,71.3,2026-06-27 07:20:00,2974347
75.3,88.9,78.3,71.8,2026-06-27 07:40:00,2974347
75.9,87.8,78.8,72.0,2026-06-27 08:00:00,2974347
76.8,86.5,80.1,72.4,2026-06-27 08:20:00,2974347
78.5,83.6,83.5,73.1,2026-06-27 08:40:00,2974347
79.3,81.7,84.6,73.2,2026-06-27 09:00:00,2974347
81.0,78.9,87.6,73.8,2026-06-27 09:20:00,2974347
82.0,74.7,88.2,73.1,2026-06-27 09:40:00,2974347
84.1,72.1,92.7,74.1,2026-06-27 10:00:00,2974347
85.6,70.0,95.4,74.7,2026-06-27 10:20:00,2974347
87.1,64.9,97.0,73.8,2026-06-27 10:40:00,2974347
86.4,62.0,94.1,71.8,2026-06-27 11:00:00,2974347
87.7,63.4,97.5,73.7,2026-06-27 11:20:00,2974347
89.2,60.8,99.9,73.9,2026-06-27 11:40:00,2974347
87.4,61.6,95.9,72.6,2026-06-27 12:00:00,2974347
89.0,60.9,99.3,73.7,2026-06-27 12:20:00,2974347
90.1,56.9,100.2,72.7,2026-06-27 12:40:00,2974347
92.3,54.5,104.0,73.5,2026-06-27 13:00:00,2974347
91.6,52.5,101.8,71.7,2026-06-27 13:20:00,2974347
93.7,49.9,104.5,72.2,2026-06-27 13:40:00,2974347
89.6,54.9,98.4,71.3,2026-06-27 14:00:00,2974347
82.2,66.0,86.2,69.7,2026-06-27 14:20:00,2974347
85.3,68.0,93.7,73.5,2026-06-27 14:40:00,2974347
88.4,64.0,99.5,74.6,2026-06-27 15:00:00,2974347
87.3,64.3,97.2,73.8,2026-06-27 15:20:00,2974347
81.4,72.6,86.5,71.8,2026-06-27 15:40:00,2974347
77.1,87.1,80.8,73.0,2026-06-27 16:00:00,2974347
79.6,88.6,86.7,75.9,2026-06-27 16:20:00,2974347
81.0,86.8,89.6,76.7,2026-06-27 16:40:00,2974347
82.0,84.4,90.9,76.8,2026-06-27 17:00:00,2974347
81.6,81.0,89.1,75.1,2026-06-27 17:20:00,2974347
81.6,78.3,88.5,74.2,2026-06-27 17:40:00,2974347
83.0,75.3,90.9,74.4,2026-06-27 18:00:00,2974347
85.4,70.5,95.2,74.8,2026-06-27 18:20:00,2974347
85.0,70.2,94.1,74.2,2026-06-27 18:40:00,2974347
84.2,72.2,92.7,74.2,2026-06-27 19:00:00,2974347
84.1,73.2,93.0,74.6,2026-06-27 19:20:00,2974347
83.4,74.3,91.4,74.3,2026-06-27 19:40:00,2974347
83.0,74.8,90.7,74.2,2026-06-27 20:00:00,2974347
82.5,76.8,89.8,74.4,2026-06-27 20:20:00,2974347
81.3,79.9,88.2,74.5,2026-06-27 20:40:00,2974347
80.7,79.8,87.1,73.8,2026-06-27 21:00:00,2974347
80.1,80.0,86.0,73.3,2026-06-27 21:20:00,2974347
79.4,78.6,84.4,72.1,2026-06-27 21:40:00,2974347
79.0,76.7,83.1,71.1,2026-06-27 22:00:00,2974347
78.5,75.5,81.9,70.1,2026-06-27 22:20:00,2974347
78.0,76.3,81.0,69.9,2026-06-27 22:40:00,2974347
77.2,78.2,79.9,69.9,2026-06-27 23:00:00,2974347
76.5,79.0,78.6,69.5,2026-06-27 23:20:00,2974347
76.2,80.4,78.3,69.8,2026-06-27 23:40:00,2974347
76.0,81.2,78.3,69.8,2026-06-28 00:00:00,2974347
75.4,82.1,77.7,69.5,2026-06-28 00:20:00,2974347
74.9,82.8,77.2,69.3,2026-06-28 00:40:00,2974347
74.8,83.5,77.0,69.5,2026-06-28 01:00:00,2974347
74.7,83.8,77.0,69.5,2026-06-28 01:20:00,2974347
74.4,83.9,76.6,69.2,2026-06-28 01:40:00,2974347
73.8,85.2,75.9,69.1,2026-06-28 02:00:00,2974347
73.4,86.2,75.6,69.0,2026-06-28 02:20:00,2974347
73.0,87.0,75.0,68.9,2026-06-28 02:40:00,2974347
72.8,88.0,74.8,69.0,2026-06-28 03:00:00,2974347
72.4,88.7,74.5,68.9,2026-06-28 03:20:00,2974347
72.1,89.6,73.9,68.9,2026-06-28 03:40:00,2974347
71.8,90.5,73.9,68.9,2026-06-28 04:00:00,2974347
71.7,90.8,73.6,68.8,2026-06-28 04:20:00,2974347
71.5,91.0,73.4,68.7,2026-06-28 04:40:00,2974347
71.3,91.4,73.2,68.6,2026-06-28 05:00:00,2974347
71.4,91.4,73.2,68.7,2026-06-28 05:20:00,2974347
71.4,91.2,73.2,68.7,2026-06-28 05:40:00,2974347
71.5,91.0,73.4,68.8,2026-06-28 06:00:00,2974347
71.5,90.8,73.4,68.7,2026-06-28 06:20:00,2974347
71.5,90.9,73.4,68.6,2026-06-28 06:40:00,2974347
72.0,90.7,74.1,69.1,2026-06-28 07:00:00,2974347
72.7,89.4,74.8,69.4,2026-06-28 07:20:00,2974347
74.0,87.1,76.5,69.9,2026-06-28 07:40:00,2974347
75.9,82.6,78.4,70.3,2026-06-28 08:00:00,2974347
76.3,82.1,78.8,70.4,2026-06-28 08:20:00,2974347
76.8,80.5,79.3,70.4,2026-06-28 08:40:00,2974347
77.0,81.0,80.1,70.8,2026-06-28 09:00:00,2974347
78.2,79.9,82.0,71.5,2026-06-28 09:20:00,2974347
79.1,78.9,83.7,72.0,2026-06-28 09:40:00,2974347
79.4,77.0,84.0,71.5,2026-06-28 10:00:00,2974347
81.4,74.2,86.9,72.4,2026-06-28 10:20:00,2974347
82.7,72.3,89.1,72.9,2026-06-28 10:40:00,2974347
83.7,71.3,91.4,73.4,2026-06-28 11:00:00,2974347
83.5,68.7,90.1,72.1,2026-06-28 11:20:00,2974347
84.6,64.9,91.4,71.5,2026-06-28 11:40:00,2974347
86.1,63.9,94.1,72.5,2026-06-28 12:00:00,2974347
87.5,63.5,97.2,73.5,2026-06-28 12:20:00,2974347
87.3,62.0,96.1,72.6,2026-06-28 12:40:00,2974347
88.4,61.5,98.2,73.5,2026-06-28 13:00:00,2974347
88.8,62.4,99.7,74.2,2026-06-28 13:20:00,2974347
88.6,57.5,97.0,71.7,2026-06-28 13:40:00,2974347
90.2,55.8,100.0,72.3,2026-06-28 14:00:00,2974347
93.4,55.0,106.7,74.8,2026-06-28 14:20:00,2974347
92.8,53.6,104.9,73.5,2026-06-28 14:40:00,2974347
92.0,53.7,103.3,72.8,2026-06-28 15:00:00,2974347
91.3,51.4,100.4,70.8,2026-06-28 15:20:00,2974347
94.1,48.6,104.9,71.8,2026-06-28 15:40:00,2974347
93.8,44.7,101.8,69.0,2026-06-28 16:00:00,2974347
91.9,53.0,102.4,72.3,2026-06-28 16:20:00,2974347
88.5,60.7,97.9,73.2,2026-06-28 16:40:00,2974347
88.2,61.5,97.7,73.2,2026-06-28 17:00:00,2974347
85.1,66.4,92.8,72.6,2026-06-28 17:20:00,2974347
83.1,71.0,90.0,72.8,2026-06-28 17:40:00,2974347
83.0,74.6,90.7,74.1,2026-06-28 18:00:00,2974347
77.8,84.3,82.0,72.7,2026-06-28 18:20:00,2974347
74.5,88.9,77.4,71.0,2026-06-28 18:40:00,2974347
74.7,92.1,77.9,72.3,2026-06-28 19:00:00,2974347
74.3,92.4,77.2,71.9,2026-06-28 19:20:00,2974347
74.1,93.0,77.0,71.9,2026-06-28 19:40:00,2974347
74.5,94.1,77.9,72.7,2026-06-28 20:00:00,2974347
74.7,94.4,78.1,72.9,2026-06-28 20:20:00,2974347
74.5,94.5,77.9,72.8,2026-06-28 20:40:00,2974347
74.4,94.7,77.7,72.8,2026-06-28 21:00:00,2974347
74.4,94.8,77.7,72.8,2026-06-28 21:20:00,2974347
74.4,95.0,77.7,72.9,2026-06-28 21:40:00,2974347
74.4,95.1,77.7,72.9,2026-06-28 22:00:00,2974347
74.0,95.0,77.2,72.5,2026-06-28 22:20:00,2974347
73.9,95.1,77.0,72.4,2026-06-28 22:40:00,2974347
73.6,95.2,76.8,72.1,2026-06-28 23:00:00,2974347
73.5,95.2,76.5,72.0,2026-06-28 23:20:00,2974347
73.3,95.3,76.3,71.9,2026-06-28 23:40:00,2974347
73.1,95.4,75.9,71.7,2026-06-29 00:00:00,2974347
73.1,95.5,75.9,71.7,2026-06-29 00:20:00,2974347
72.9,95.6,75.7,71.6,2026-06-29 00:40:00,2974347
72.9,95.7,75.7,71.6,2026-06-29 01:00:00,2974347
73.2,95.9,76.3,72.0,2026-06-29 01:20:00,2974347
73.0,95.9,75.7,71.8,2026-06-29 01:40:00,2974347
73.1,96.0,75.9,71.8,2026-06-29 02:00:00,2974347
72.8,96.0,75.4,71.5,2026-06-29 02:20:00,2974347
72.6,96.0,75.2,71.3,2026-06-29 02:40:00,2974347
72.4,96.0,74.8,71.2,2026-06-29 03:00:00,2974347
72.8,96.2,75.4,71.7,2026-06-29 03:20:00,2974347
73.0,96.3,75.7,71.9,2026-06-29 03:40:00,2974347
73.2,96.4,76.1,72.1,2026-06-29 04:00:00,2974347
73.0,96.4,75.7,71.9,2026-06-29 04:20:00,2974347
73.0,96.4,75.7,71.9,2026-06-29 04:40:00,2974347
72.9,96.3,75.7,71.8,2026-06-29 05:00:00,2974347
72.5,96.2,74.8,71.3,2026-06-29 05:20:00,2974347
72.4,96.2,74.8,71.3,2026-06-29 05:40:00,2974347
72.3,96.2,74.7,71.1,2026-06-29 06:00:00,2974347
72.1,96.1,74.5,70.9,2026-06-29 06:20:00,2974347
72.3,96.1,74.7,71.1,2026-06-29 06:40:00,2974347
72.3,96.0,74.7,71.1,2026-06-29 07:00:00,2974347
72.6,96.1,75.2,71.4,2026-06-29 07:20:00,2974347
72.8,96.0,75.4,71.6,2026-06-29 07:40:00,2974347
73.0,95.6,75.7,71.6,2026-06-29 08:00:00,2974347
80.0,72.9,84.0,70.4,2026-06-15 02:20:00,2974167
79.8,73.4,83.8,70.5,2026-06-15 02:40:00,2974167
79.7,73.7,83.8,70.5,2026-06-15 03:00:00,2974167
79.4,74.3,83.3,70.5,2026-06-15 03:20:00,2974167
79.0,75.5,82.9,70.6,2026-06-15 03:40:00,2974167
78.5,76.6,82.0,70.5,2026-06-15 04:00:00,2974167
78.2,77.1,81.5,70.4,2026-06-15 04:20:00,2974167
77.7,77.7,80.4,70.2,2026-06-15 04:40:00,2974167
77.8,75.3,80.6,69.3,2026-06-15 05:00:00,2974167
77.1,75.6,79.2,68.8,2026-06-15 05:20:00,2974167
77.0,73.0,78.4,67.7,2026-06-15 05:40:00,2974167
77.0,68.9,78.3,66.0,2026-06-15 06:00:00,2974167
76.7,66.9,77.4,64.8,2026-06-15 06:20:00,2974167
76.8,66.4,77.7,64.8,2026-06-15 06:40:00,2974167
76.9,64.7,77.5,64.1,2026-06-15 07:00:00,2974167
76.6,64.4,77.0,63.7,2026-06-15 07:20:00,2974167
76.5,64.7,77.0,63.7,2026-06-15 07:40:00,2974167
76.4,64.7,76.6,63.6,2026-06-15 08:00:00,2974167
77.4,60.2,77.7,62.5,2026-06-15 08:20:00,2974167
76.8,58.2,76.5,61.0,2026-06-15 08:40:00,2974167
76.6,56.2,75.9,59.8,2026-06-15 09:00:00,2974167
77.1,52.8,76.3,58.6,2026-06-15 09:20:00,2974167
78.3,48.0,77.2,57.0,2026-06-15 09:40:00,2974167
78.8,42.4,77.2,54.1,2026-06-15 10:00:00,2974167
78.0,43.6,76.3,54.1,2026-06-15 10:20:00,2974167
78.8,43.7,77.2,54.8,2026-06-15 10:40:00,2974167
79.9,44.8,78.4,56.5,2026-06-15 11:00:00,2974167
81.2,40.3,79.7,54.9,2026-06-15 11:20:00,2974167
81.7,39.7,80.1,54.8,2026-06-15 11:40:00,2974167
81.6,39.8,79.9,54.8,2026-06-15 12:00:00,2974167
81.9,38.8,80.1,54.4,2026-06-15 12:20:00,2974167
82.8,36.1,81.0,53.2,2026-06-15 12:40:00,2974167
85.1,36.4,84.2,55.5,2026-06-15 13:00:00,2974167
84.2,35.3,82.6,53.8,2026-06-15 13:20:00,2974167
85.9,33.8,84.4,54.1,2026-06-15 13:40:00,2974167
87.1,31.1,85.1,53.0,2026-06-15 14:00:00,2974167
86.8,28.8,84.2,50.6,2026-06-15 14:20:00,2974167
87.8,30.4,85.8,52.9,2026-06-15 14:40:00,2974167
90.6,29.2,89.4,54.2,2026-06-15 15:00:00,2974167
90.3,27.7,88.5,52.4,2026-06-15 15:20:00,2974167
90.9,27.6,89.6,52.8,2026-06-15 15:40:00,2974167
89.4,29.3,87.6,53.3,2026-06-15 16:00:00,2974167
90.8,29.1,89.6,54.3,2026-06-15 16:20:00,2974167
93.7,28.4,93.7,56.2,2026-06-15 16:40:00,2974167
90.3,25.0,88.0,49.7,2026-06-15 17:00:00,2974167
93.5,25.5,92.3,53.0,2026-06-15 17:20:00,2974167
94.4,25.4,93.4,53.6,2026-06-15 17:40:00,2974167
92.8,26.1,91.4,53.0,2026-06-15 18:00:00,2974167
93.5,26.1,92.5,53.6,2026-06-15 18:20:00,2974167
92.1,27.2,90.9,53.5,2026-06-15 18:40:00,2974167
93.8,27.0,93.4,54.8,2026-06-15 19:00:00,2974167
93.7,27.1,93.0,54.8,2026-06-15 19:20:00,2974167
89.3,28.9,87.4,52.7,2026-06-15 19:40:00,2974167
85.2,32.8,83.1,52.7,2026-06-15 20:00:00,2974167
83.1,34.9,80.8,52.6,2026-06-15 20:20:00,2974167
81.8,35.7,79.3,52.1,2026-06-15 20:40:00,2974167
80.4,36.9,78.3,51.7,2026-06-15 21:00:00,2974167
78.8,39.5,76.5,52.1,2026-06-15 21:20:00,2974167
76.7,42.2,74.7,52.0,2026-06-15 21:40:00,2974167
75.7,44.8,73.8,52.8,2026-06-15 22:00:00,2974167
74.4,46.2,72.9,52.4,2026-06-15 22:20:00,2974167
73.4,47.9,72.1,52.5,2026-06-15 22:40:00,2974167
72.5,49.8,71.4,52.7,2026-06-15 23:00:00,2974167
71.2,52.7,70.5,53.0,2026-06-15 23:20:00,2974167
70.6,53.9,70.0,53.1,2026-06-15 23:40:00,2974167
68.9,58.0,68.0,53.5,2026-06-16 00:00:00,2974167
69.6,57.5,68.7,53.9,2026-06-16 00:20:00,2974167
68.4,59.5,67.3,53.7,2026-06-16 00:40:00,2974167
68.5,59.6,67.3,53.9,2026-06-16 01:00:00,2974167
68.6,59.8,67.6,54.1,2026-06-16 01:20:00,2974167
69.9,55.4,69.1,53.2,2026-06-16 01:40:00,2974167
69.3,55.9,68.4,52.9,2026-06-16 02:00:00,2974167
68.8,56.4,67.6,52.7,2026-06-16 02:20:00,2974167
69.7,54.6,68.7,52.6,2026-06-16 02:40:00,2974167
69.6,54.1,68.7,52.3,2026-06-16 03:00:00,2974167
69.1,54.7,68.0,52.2,2026-06-16 03:20:00,2974167
68.9,54.6,67.6,51.9,2026-06-16 03:40:00,2974167
68.4,54.7,66.9,51.5,2026-06-16 04:00:00,2974167
68.2,55.3,66.7,51.6,2026-06-16 04:20:00,2974167
68.0,55.9,66.4,51.7,2026-06-16 04:40:00,2974167
67.7,56.4,66.2,51.7,2026-06-16 05:00:00,2974167
67.9,56.2,66.4,51.7,2026-06-16 05:20:00,2974167
68.0,55.8,66.6,51.7,2026-06-16 05:40:00,2974167
67.9,56.0,66.4,51.6,2026-06-16 06:00:00,2974167
67.9,56.5,66.4,51.9,2026-06-16 06:20:00,2974167
68.1,57.0,66.6,52.3,2026-06-16 06:40:00,2974167
67.9,58.4,66.6,52.8,2026-06-16 07:00:00,2974167
68.3,58.6,67.1,53.2,2026-06-16 07:20:00,2974167
68.4,58.0,67.3,53.0,2026-06-16 07:40:00,2974167
69.1,59.1,68.4,54.2,2026-06-16 08:00:00,2974167
69.3,59.5,68.5,54.6,2026-06-16 08:20:00,2974167
69.9,58.6,69.3,54.8,2026-06-16 08:40:00,2974167
71.0,59.1,70.7,56.0,2026-06-16 09:00:00,2974167
71.8,55.5,71.4,55.0,2026-06-16 09:20:00,2974167
71.7,54.1,71.1,54.2,2026-06-16 09:40:00,2974167
73.1,53.2,72.3,55.1,2026-06-16 10:00:00,2974167
74.8,52.2,73.8,56.1,2026-06-16 10:20:00,2974167
75.3,51.7,74.3,56.3,2026-06-16 10:40:00,2974167
76.5,48.9,75.2,55.9,2026-06-16 11:00:00,2974167
76.7,50.0,75.4,56.6,2026-06-16 11:20:00,2974167
77.2,47.8,75.6,55.9,2026-06-16 11:40:00,2974167
78.8,47.8,77.9,57.4,2026-06-16 12:00:00,2974167
78.8,44.8,77.2,55.5,2026-06-16 12:20:00,2974167
79.0,46.5,77.9,56.8,2026-06-16 12:40:00,2974167
79.4,47.0,78.6,57.4,2026-06-16 13:00:00,2974167
80.1,43.9,78.8,56.1,2026-06-16 13:20:00,2974167
80.7,41.5,79.2,55.1,2026-06-16 13:40:00,2974167
83.9,37.6,82.6,55.3,2026-06-16 14:00:00,2974167
84.3,38.6,83.3,56.4,2026-06-16 14:20:00,2974167
83.5,39.9,82.6,56.6,2026-06-16 14:40:00,2974167
84.8,37.2,83.8,55.7,2026-06-16 15:00:00,2974167
85.4,39.3,85.1,57.9,2026-06-16 15:20:00,2974167
88.7,36.4,88.7,58.6,2026-06-16 15:40:00,2974167
85.4,36.9,84.4,56.1,2026-06-16 16:00:00,2974167
84.2,39.9,83.3,57.1,2026-06-16 16:20:00,2974167
83.9,42.3,83.7,58.6,2026-06-16 16:40:00,2974167
84.0,41.0,83.5,57.8,2026-06-16 17:00:00,2974167
84.6,41.2,84.6,58.4,2026-06-16 17:20:00,2974167
83.9,42.1,83.7,58.4,2026-06-16 17:40:00,2974167
82.9,43.2,82.2,58.2,2026-06-16 18:00:00,2974167
81.9,47.2,81.7,59.9,2026-06-16 18:20:00,2974167
81.9,47.0,81.7,59.7,2026-06-16 18:40:00,2974167
81.2,49.0,81.1,60.2,2026-06-16 19:00:00,2974167
80.7,49.0,80.4,59.8,2026-06-16 19:20:00,2974167
80.2,48.3,79.5,58.9,2026-06-16 19:40:00,2974167
79.8,49.5,79.3,59.3,2026-06-16 20:00:00,2974167
79.2,50.7,78.8,59.4,2026-06-16 20:20:00,2974167
78.4,51.7,77.7,59.1,2026-06-16 20:40:00,2974167
77.5,52.8,76.6,58.9,2026-06-16 21:00:00,2974167
77.0,53.4,75.9,58.7,2026-06-16 21:20:00,2974167
76.5,54.1,75.7,58.6,2026-06-16 21:40:00,2974167
76.0,55.2,75.4,58.8,2026-06-16 22:00:00,2974167
76.0,55.5,75.4,58.9,2026-06-16 22:20:00,2974167
75.8,56.1,75.2,59.0,2026-06-16 22:40:00,2974167
75.1,57.9,74.7,59.2,2026-06-16 23:00:00,2974167
74.8,57.9,74.3,59.0,2026-06-16 23:20:00,2974167
74.8,58.4,74.5,59.3,2026-06-16 23:40:00,2974167
74.7,58.9,74.5,59.3,2026-06-17 00:00:00,2974167
74.3,60.4,74.1,59.6,2026-06-17 00:20:00,2974167
74.0,62.0,74.1,60.1,2026-06-17 00:40:00,2974167
73.5,63.5,73.8,60.4,2026-06-17 01:00:00,2974167
73.0,65.0,73.2,60.6,2026-06-17 01:20:00,2974167
72.6,66.5,73.0,60.8,2026-06-17 01:40:00,2974167
72.0,68.2,72.5,60.9,2026-06-17 02:00:00,2974167
71.6,70.2,72.3,61.4,2026-06-17 02:20:00,2974167
71.3,71.9,72.0,61.8,2026-06-17 02:40:00,2974167
71.2,73.0,72.0,62.1,2026-06-17 03:00:00,2974167
70.9,74.1,71.8,62.2,2026-06-17 03:20:00,2974167
70.8,75.2,71.8,62.5,2026-06-17 03:40:00,2974167
70.6,76.3,71.4,62.8,2026-06-17 04:00:00,2974167
70.3,77.3,71.1,62.8,2026-06-17 04:20:00,2974167
69.9,78.6,70.5,62.9,2026-06-17 04:40:00,2974167
69.9,78.8,70.7,63.0,2026-06-17 05:00:00,2974167
69.5,79.9,70.3,63.1,2026-06-17 05:20:00,2974167
69.3,81.1,70.2,63.3,2026-06-17 05:40:00,2974167
68.8,81.9,69.4,63.0,2026-06-17 06:00:00,2974167
68.4,83.1,69.1,63.1,2026-06-17 06:20:00,2974167
68.3,84.0,68.9,63.2,2026-06-17 06:40:00,2974167
68.6,84.3,69.4,63.6,2026-06-17 07:00:00,2974167
69.4,83.5,70.3,64.2,2026-06-17 07:20:00,2974167
70.6,81.6,71.6,64.7,2026-06-17 07:40:00,2974167
71.7,79.4,72.9,65.0,2026-06-17 08:00:00,2974167
72.8,77.8,74.1,65.4,2026-06-17 08:20:00,2974167
73.7,75.4,75.0,65.5,2026-06-17 08:40:00,2974167
75.0,72.1,76.1,65.4,2026-06-17 09:00:00,2974167
76.2,69.0,77.0,65.3,2026-06-17 09:20:00,2974167
77.7,63.1,78.4,64.1,2026-06-17 09:40:00,2974167
78.9,59.5,79.7,63.6,2026-06-17 10:00:00,2974167
79.8,55.7,80.4,62.5,2026-06-17 10:20:00,2974167
81.0,52.3,81.5,61.9,2026-06-17 10:40:00,2974167
82.1,49.9,82.4,61.5,2026-06-17 11:00:00,2974167
83.4,44.7,83.3,59.7,2026-06-17 11:20:00,2974167
85.4,40.3,85.3,58.5,2026-06-17 11:40:00,2974167
85.7,39.0,85.5,57.9,2026-06-17 12:00:00,2974167
86.3,37.0,85.8,57.0,2026-06-17 12:20:00,2974167
88.2,33.4,87.3,55.9,2026-06-17 12:40:00,2974167
88.4,35.1,88.2,57.4,2026-06-17 13:00:00,2974167
90.2,33.0,90.3,57.3,2026-06-17 13:20:00,2974167
90.9,30.3,90.3,55.5,2026-06-17 13:40:00,2974167
91.4,30.7,90.9,56.3,2026-06-17 14:00:00,2974167
90.7,29.7,89.8,54.7,2026-06-17 14:20:00,2974167
92.9,29.5,92.8,56.4,2026-06-17 14:40:00,2974167
93.4,30.4,93.7,57.7,2026-06-17 15:00:00,2974167
91.0,32.2,91.0,57.3,2026-06-17 15:20:00,2974167
92.1,31.3,92.3,57.3,2026-06-17 15:40:00,2974167
93.5,29.2,93.6,56.7,2026-06-17 16:00:00,2974167
97.6,27.9,99.3,58.9,2026-06-17 16:20:00,2974167
96.5,26.5,97.2,56.6,2026-06-17 16:40:00,2974167
97.8,26.7,99.1,57.8,2026-06-17 17:00:00,2974167
98.7,26.3,100.2,58.1,2026-06-17 17:20:00,2974167
97.3,26.4,98.2,57.2,2026-06-17 17:40:00,2974167
92.3,28.6,91.6,55.0,2026-06-17 18:00:00,2974167
94.5,29.0,95.2,57.3,2026-06-17 18:20:00,2974167
94.7,30.7,96.1,59.1,2026-06-17 18:40:00,2974167
91.4,32.8,92.1,58.1,2026-06-17 19:00:00,2974167
92.1,33.9,93.6,59.7,2026-06-17 19:20:00,2974167
88.9,37.2,89.8,59.4,2026-06-17 19:40:00,2974167
87.0,41.6,88.2,60.9,2026-06-17 20:00:00,2974167
85.8,44.3,87.1,61.6,2026-06-17 20:20:00,2974167
85.0,46.0,86.2,61.9,2026-06-17 20:40:00,2974167
83.9,48.0,84.9,62.1,2026-06-17 21:00:00,2974167
83.4,50.0,84.6,62.8,2026-06-17 21:20:00,2974167
82.6,53.0,83.7,63.7,2026-06-17 21:40:00,2974167
82.2,55.0,83.7,64.4,2026-06-17 22:00:00,2974167
81.9,57.0,83.8,65.2,2026-06-17 22:20:00,2974167
81.8,60.2,84.2,66.6,2026-06-17 22:40:00,2974167
81.6,61.6,84.2,67.1,2026-06-17 23:00:00,2974167
81.3,63.0,84.0,67.5,2026-06-17 23:20:00,2974167
80.7,64.0,83.3,67.4,2026-06-17 23:40:00,2974167
80.2,64.5,82.6,67.1,2026-06-18 00:00:00,2974167
80.2,63.5,82.4,66.7,2026-06-18 00:20:00,2974167
80.4,62.0,82.4,66.2,2026-06-18 00:40:00,2974167
80.1,61.8,82.0,65.8,2026-06-18 01:00:00,2974167
79.5,62.5,81.3,65.6,2026-06-18 01:20:00,2974167
78.9,63.6,80.4,65.6,2026-06-18 01:40:00,2974167
78.4,64.8,79.7,65.6,2026-06-18 02:00:00,2974167
77.9,66.4,79.5,65.8,2026-06-18 02:20:00,2974167
77.8,66.8,79.2,65.9,2026-06-18 02:40:00,2974167
77.5,67.8,78.8,66.0,2026-06-18 03:00:00,2974167
77.9,69.2,79.7,67.0,2026-06-18 03:20:00,2974167
77.8,70.4,79.7,67.4,2026-06-18 03:40:00,2974167
77.7,73.1,79.9,68.4,2026-06-18 04:00:00,2974167
77.5,75.1,79.9,69.0,2026-06-18 04:20:00,2974167
77.2,76.8,79.3,69.3,2026-06-18 04:40:00,2974167
76.8,78.4,78.8,69.5,2026-06-18 05:00:00,2974167
76.7,79.1,79.0,69.7,2026-06-18 05:20:00,2974167
76.5,79.9,78.8,69.8,2026-06-18 05:40:00,2974167
76.2,80.7,78.4,69.9,2026-06-18 06:00:00,2974167
76.1,81.5,78.4,70.0,2026-06-18 06:20:00,2974167
76.4,81.6,78.6,70.3,2026-06-18 06:40:00,2974167
76.9,81.0,79.7,70.6,2026-06-18 07:00:00,2974167
77.4,79.7,80.6,70.6,2026-06-18 07:20:00,2974167
77.6,79.1,80.8,70.6,2026-06-18 07:40:00,2974167
78.2,77.8,81.7,70.7,2026-06-18 08:00:00,2974167
78.8,76.9,82.6,70.9,2026-06-18 08:20:00,2974167
80.8,73.3,85.8,71.5,2026-06-18 08:40:00,2974167
80.7,72.2,85.1,71.0,2026-06-18 09:00:00,2974167
81.5,70.3,86.4,70.9,2026-06-18 09:20:00,2974167
82.1,69.4,87.1,71.1,2026-06-18 09:40:00,2974167
84.2,67.8,91.2,72.4,2026-06-18 10:00:00,2974167
84.2,65.9,90.9,71.6,2026-06-18 10:20:00,2974167
84.6,63.8,91.0,71.0,2026-06-18 10:40:00,2974167
86.2,62.2,93.9,71.7,2026-06-18 11:00:00,2974167
87.8,59.0,95.9,71.7,2026-06-18 11:20:00,2974167
89.5,54.7,97.9,71.0,2026-06-18 11:40:00,2974167
90.0,54.1,99.0,71.2,2026-06-18 12:00:00,2974167
90.9,52.4,100.2,71.1,2026-06-18 12:20:00,2974167
92.5,50.9,102.4,71.7,2026-06-18 12:40:00,2974167
92.9,48.3,102.0,70.5,2026-06-18 13:00:00,2974167
94.6,45.4,103.8,70.2,2026-06-18 13:20:00,2974167
95.8,44.8,106.2,70.9,2026-06-18 13:40:00,2974167
95.0,43.2,103.6,69.2,2026-06-18 14:00:00,2974167
94.9,44.2,103.8,69.7,2026-06-18 14:20:00,2974167
96.0,43.5,105.8,70.2,2026-06-18 14:40:00,2974167
97.3,41.7,107.4,70.1,2026-06-18 15:00:00,2974167
95.2,43.1,103.6,69.2,2026-06-18 15:20:00,2974167
96.3,42.2,105.8,69.6,2026-06-18 15:40:00,2974167
82.6,57.4,84.9,66.0,2026-06-18 16:00:00,2974167
77.1,75.2,79.2,68.6,2026-06-18 16:20:00,2974167
79.1,87.2,85.3,74.9,2026-06-18 16:40:00,2974167
80.6,80.9,86.9,74.1,2026-06-18 17:00:00,2974167
82.8,73.7,90.0,73.6,2026-06-18 17:20:00,2974167
90.8,56.6,101.8,73.2,2026-06-18 17:40:00,2974167
84.7,69.0,92.8,73.4,2026-06-18 18:00:00,2974167
86.6,68.3,97.3,74.9,2026-06-18 18:20:00,2974167
86.8,64.7,96.1,73.5,2026-06-18 18:40:00,2974167
83.2,72.9,90.5,73.6,2026-06-18 19:00:00,2974167
83.4,73.8,91.4,74.1,2026-06-18 19:20:00,2974167
81.7,77.1,88.5,73.8,2026-06-18 19:40:00,2974167
80.4,78.9,86.2,73.2,2026-06-18 20:00:00,2974167
79.8,81.7,85.6,73.7,2026-06-18 20:20:00,2974167
79.5,80.5,85.1,73.0,2026-06-18 20:40:00,2974167
80.0,81.6,86.0,73.9,2026-06-18 21:00:00,2974167
77.8,90.9,83.1,74.9,2026-06-18 21:20:00,2974167
77.0,91.9,81.7,74.5,2026-06-18 21:40:00,2974167
76.1,91.8,79.5,73.5,2026-06-18 22:00:00,2974167
75.6,92.7,79.2,73.3,2026-06-18 22:20:00,2974167
74.8,91.6,77.9,72.2,2026-06-18 22:40:00,2974167
74.6,92.4,77.5,72.2,2026-06-18 23:00:00,2974167
74.0,92.8,77.0,71.7,2026-06-18 23:20:00,2974167
73.9,93.5,76.6,71.9,2026-06-18 23:40:00,2974167
73.7,94.0,76.6,71.9,2026-06-19 00:00:00,2974167
73.8,94.4,76.8,72.1,2026-06-19 00:20:00,2974167
73.7,94.3,76.6,71.9,2026-06-19 00:40:00,2974167
73.5,94.6,76.5,71.9,2026-06-19 01:00:00,2974167
73.3,94.8,76.1,71.7,2026-06-19 01:20:00,2974167
73.1,94.7,75.9,71.5,2026-06-19 01:40:00,2974167
72.8,94.8,75.4,71.2,2026-06-19 02:00:00,2974167
72.6,94.8,75.2,71.0,2026-06-19 02:20:00,2974167
72.4,94.8,74.8,70.8,2026-06-19 02:40:00,2974167
72.3,94.8,74.7,70.7,2026-06-19 03:00:00,2974167
72.6,95.2,75.2,71.2,2026-06-19 03:20:00,2974167
72.5,95.3,74.8,71.0,2026-06-19 03:40:00,2974167
72.5,95.5,74.8,71.1,2026-06-19 04:00:00,2974167
72.1,95.0,74.3,70.6,2026-06-19 04:20:00,2974167
71.8,94.8,74.1,70.2,2026-06-19 04:40:00,2974167
71.5,94.8,73.6,69.9,2026-06-19 05:00:00,2974167
71.4,95.1,73.4,69.9,2026-06-19 05:20:00,2974167
71.2,95.3,73.0,69.8,2026-06-19 05:40:00,2974167
70.9,95.5,72.9,69.5,2026-06-19 06:00:00,2974167
70.8,95.7,72.7,69.5,2026-06-19 06:20:00,2974167
70.8,96.0,72.7,69.6,2026-06-19 06:40:00,2974167
70.9,96.2,72.9,69.8,2026-06-19 07:00:00,2974167
71.0,96.3,72.9,69.8,2026-06-19 07:20:00,2974167
71.3,96.5,73.4,70.3,2026-06-19 07:40:00,2974167
71.3,96.5,73.4,70.2,2026-06-19 08:00:00,2974167
71.4,96.6,73.4,70.4,2026-06-19 08:20:00,2974167
71.7,96.6,73.9,70.7,2026-06-19 08:40:00,2974167
72.1,96.6,74.5,71.1,2026-06-19 09:00:00,2974167
72.2,96.5,74.7,71.2,2026-06-19 09:20:00,2974167
72.5,96.6,75.2,71.5,2026-06-19 09:40:00,2974167
73.0,96.5,75.7,72.0,2026-06-19 10:00:00,2974167
73.3,95.6,76.3,71.9,2026-06-19 10:20:00,2974167
74.6,94.3,77.9,72.8,2026-06-19 10:40:00,2974167
75.2,92.3,78.6,72.9,2026-06-19 11:00:00,2974167
76.4,92.1,80.1,73.9,2026-06-19 11:20:00,2974167
77.0,88.3,80.6,73.2,2026-06-19 11:40:00,2974167
77.5,85.6,81.3,72.9,2026-06-19 12:00:00,2974167
78.9,82.6,84.0,73.2,2026-06-19 12:20:00,2974167
79.7,79.3,85.3,72.7,2026-06-19 12:40:00,2974167
81.6,77.2,88.2,73.7,2026-06-19 13:00:00,2974167
83.6,72.9,91.4,73.9,2026-06-19 13:20:00,2974167
83.5,68.4,90.1,72.0,2026-06-19 13:40:00,2974167
84.7,63.5,91.0,71.0,2026-06-19 14:00:00,2974167
86.4,62.6,94.3,72.1,2026-06-19 14:20:00,2974167
87.3,58.5,94.6,70.9,2026-06-19 14:40:00,2974167
87.8,58.4,95.7,71.4,2026-06-19 15:00:00,2974167
89.2,44.8,92.7,65.0,2026-06-19 15:20:00,2974167
89.8,42.9,93.0,64.2,2026-06-19 15:40:00,2974167
89.9,47.8,95.4,67.5,2026-06-19 16:00:00,2974167
88.1,42.5,90.0,62.5,2026-06-19 16:20:00,2974167
88.2,42.3,90.1,62.4,2026-06-19 16:40:00,2974167
92.4,40.7,97.0,65.1,2026-06-19 17:00:00,2974167
90.1,39.9,92.7,62.4,2026-06-19 17:20:00,2974167
91.0,40.7,94.5,63.8,2026-06-19 17:40:00,2974167
90.0,39.8,92.5,62.2,2026-06-19 18:00:00,2974167
90.0,39.7,92.5,62.2,2026-06-19 18:20:00,2974167
92.9,37.9,96.8,63.5,2026-06-19 18:40:00,2974167
86.8,40.3,87.3,59.8,2026-06-19 19:00:00,2974167
89.1,38.7,90.5,60.6,2026-06-19 19:20:00,2974167
85.9,44.5,87.1,61.8,2026-06-19 19:40:00,2974167
83.6,45.7,83.8,60.5,2026-06-19 20:00:00,2974167
80.9,53.1,81.5,62.2,2026-06-19 20:20:00,2974167
79.4,55.6,79.9,62.1,2026-06-19 20:40:00,2974167
78.5,53.0,78.3,60.0,2026-06-19 21:00:00,2974167
77.1,54.7,76.5,59.6,2026-06-19 21:20:00,2974167
75.7,58.4,75.4,60.0,2026-06-19 21:40:00,2974167
74.9,61.8,75.0,60.9,2026-06-19 22:00:00,2974167
73.5,58.7,73.2,58.2,2026-06-19 22:20:00,2974167
72.9,60.2,72.9,58.3,2026-06-19 22:40:00,2974167
72.1,63.1,72.3,58.9,2026-06-19 23:00:00,2974167
71.0,64.3,71.2,58.4,2026-06-19 23:20:00,2974167
69.9,66.4,70.0,58.2,2026-06-19 23:40:00,2974167
68.9,68.7,68.7,58.2,2026-06-20 00:00:00,2974167
68.0,69.1,67.6,57.5,2026-06-20 00:20:00,2974167
67.9,68.8,67.3,57.3,2026-06-20 00:40:00,2974167
68.8,64.5,68.2,56.4,2026-06-20 01:00:00,2974167
68.6,64.0,68.0,56.0,2026-06-20 01:20:00,2974167
67.1,66.7,66.2,55.7,2026-06-20 01:40:00,2974167
66.1,70.7,65.1,56.3,2026-06-20 02:00:00,2974167
65.2,72.4,64.0,56.1,2026-06-20 02:20:00,2974167
64.5,74.3,63.5,56.2,2026-06-20 02:40:00,2974167
64.0,75.6,63.1,56.1,2026-06-20 03:00:00,2974167
62.8,78.7,62.2,56.1,2026-06-20 03:20:00,2974167
63.0,78.8,62.4,56.3,2026-06-20 03:40:00,2974167
62.2,79.6,61.7,55.9,2026-06-20 04:00:00,2974167
61.6,81.2,61.3,55.8,2026-06-20 04:20:00,2974167
61.4,81.7,61.2,55.7,2026-06-20 04:40:00,2974167
60.6,83.1,60.6,55.5,2026-06-20 05:00:00,2974167
60.1,84.5,60.1,55.4,2026-06-20 05:20:00,2974167
60.0,85.8,59.9,55.7,2026-06-20 05:40:00,2974167
59.6,86.3,59.7,55.5,2026-06-20 06:00:00,2974167
59.6,86.6,59.7,55.6,2026-06-20 06:20:00,2974167
59.9,87.5,59.9,56.1,2026-06-20 06:40:00,2974167
60.7,87.1,60.8,56.9,2026-06-20 07:00:00,2974167
61.6,87.0,61.7,57.7,2026-06-20 07:20:00,2974167
62.8,85.5,62.6,58.3,2026-06-20 07:40:00,2974167
64.4,83.1,64.4,59.2,2026-06-20 08:00:00,2974167
66.7,78.9,66.6,60.0,2026-06-20 08:20:00,2974167
69.9,73.6,70.3,61.1,2026-06-20 08:40:00,2974167
72.3,64.9,72.5,59.8,2026-06-20 09:00:00,2974167
75.4,54.5,74.7,57.8,2026-06-20 09:20:00,2974167
77.3,49.6,76.1,57.0,2026-06-20 09:40:00,2974167
77.7,46.1,76.3,55.4,2026-06-20 10:00:00,2974167
79.0,44.4,77.7,55.5,2026-06-20 10:20:00,2974167
80.2,40.8,78.4,54.2,2026-06-20 10:40:00,2974167
80.4,40.8,78.8,54.5,2026-06-20 11:00:00,2974167
82.1,33.6,79.3,50.7,2026-06-20 11:20:00,2974167
83.0,39.1,81.7,55.5,2026-06-20 11:40:00,2974167
84.3,33.2,82.2,52.2,2026-06-20 12:00:00,2974167
84.7,33.2,82.6,52.6,2026-06-20 12:20:00,2974167
84.7,32.3,82.4,51.8,2026-06-20 12:40:00,2974167
85.1,34.0,83.3,53.6,2026-06-20 13:00:00,2974167
84.8,32.4,82.6,52.0,2026-06-20 13:20:00,2974167
86.1,33.5,84.6,54.1,2026-06-20 13:40:00,2974167
86.5,32.2,84.6,53.4,2026-06-20 14:00:00,2974167
88.2,29.2,86.2,52.2,2026-06-20 14:20:00,2974167
88.1,30.8,86.4,53.5,2026-06-20 14:40:00,2974167
88.1,28.8,85.8,51.6,2026-06-20 15:00:00,2974167
90.4,28.9,89.1,53.7,2026-06-20 15:20:00,2974167
89.5,30.6,88.2,54.5,2026-06-20 15:40:00,2974167
89.7,30.1,88.3,54.2,2026-06-20 16:00:00,2974167
93.5,28.7,93.4,56.2,2026-06-20 16:20:00,2974167
92.3,28.5,91.4,55.0,2026-06-20 16:40:00,2974167
91.9,28.3,90.9,54.4,2026-06-20 17:00:00,2974167
94.0,27.0,93.4,55.0,2026-06-20 17:20:00,2974167
94.9,26.8,94.8,55.5,2026-06-20 17:40:00,2974167
94.2,29.0,94.6,57.1,2026-06-20 18:00:00,2974167
93.1,27.8,92.5,55.0,2026-06-20 18:20:00,2974167
93.0,27.8,92.3,54.8,2026-06-20 18:40:00,2974167
94.6,27.7,94.6,56.2,2026-06-20 19:00:00,2974167
90.9,31.2,90.7,56.2,2026-06-20 19:20:00,2974167
89.8,35.2,90.5,58.7,2026-06-20 19:40:00,2974167
83.8,40.5,82.9,57.2,2026-06-20 20:00:00,2974167
80.9,44.0,79.7,57.0,2026-06-20 20:20:00,2974167
80.0,45.8,79.0,57.2,2026-06-20 20:40:00,2974167
78.6,47.2,77.7,56.9,2026-06-20 21:00:00,2974167
77.8,48.5,76.6,56.8,2026-06-20 21:20:00,2974167
77.1,49.9,75.7,57.0,2026-06-20 21:40:00,2974167
76.2,51.6,75.0,57.1,2026-06-20 22:00:00,2974167
75.5,54.3,74.7,57.9,2026-06-20 22:20:00,2974167
74.9,55.4,74.3,57.9,2026-06-20 22:40:00,2974167
74.1,56.6,73.4,57.7,2026-06-20 23:00:00,2974167
72.4,60.7,72.3,58.1,2026-06-20 23:20:00,2974167
72.0,60.1,72.0,57.4,2026-06-20 23:40:00,2974167
71.2,63.7,71.4,58.2,2026-06-21 00:00:00,2974167
70.7,65.2,70.7,58.4,2026-06-21 00:20:00,2974167
70.6,65.9,70.7,58.7,2026-06-21 00:40:00,2974167
70.7,63.7,71.1,57.8,2026-06-21 01:00:00,2974167
70.1,67.1,70.2,58.6,2026-06-21 01:20:00,2974167
69.7,66.0,69.4,57.8,2026-06-21 01:40:00,2974167
68.9,68.3,68.7,58.0,2026-06-21 02:00:00,2974167
68.3,70.2,68.0,58.2,2026-06-21 02:20:00,2974167
68.2,71.3,68.0,58.6,2026-06-21 02:40:00,2974167
67.8,72.3,67.6,58.6,2026-06-21 03:00:00,2974167
67.5,73.7,67.3,58.8,2026-06-21 03:20:00,2974167
66.7,77.0,66.4,59.3,2026-06-21 03:40:00,2974167
66.5,77.3,66.2,59.2,2026-06-21 04:00:00,2974167
66.4,76.7,66.0,58.9,2026-06-21 04:20:00,2974167
66.0,78.4,65.5,59.1,2026-06-21 04:40:00,2974167
65.4,80.0,64.9,59.1,2026-06-21 05:00:00,2974167
65.3,81.1,64.9,59.3,2026-06-21 05:20:00,2974167
64.8,83.0,64.8,59.5,2026-06-21 05:40:00,2974167
64.3,84.2,64.2,59.4,2026-06-21 06:00:00,2974167
64.4,84.7,64.4,59.7,2026-06-21 06:20:00,2974167
64.3,85.7,64.2,60.0,2026-06-21 06:40:00,2974167
64.8,86.1,64.8,60.5,2026-06-21 07:00:00,2974167
66.2,85.0,66.4,61.5,2026-06-21 07:20:00,2974167
67.5,83.3,68.0,62.3,2026-06-21 07:40:00,2974167
68.9,81.7,69.6,63.1,2026-06-21 08:00:00,2974167
70.6,80.8,71.6,64.5,2026-06-21 08:20:00,2974167
73.1,76.0,74.3,65.1,2026-06-21 08:40:00,2974167
75.8,69.8,76.6,65.3,2026-06-21 09:00:00,2974167
77.5,65.0,78.4,64.8,2026-06-21 09:20:00,2974167
78.7,65.6,80.4,66.2,2026-06-21 09:40:00,2974167
81.1,57.0,82.4,64.4,2026-06-21 10:00:00,2974167
82.8,51.4,84.0,63.1,2026-06-21 10:20:00,2974167
84.1,49.8,85.8,63.3,2026-06-21 10:40:00,2974167
85.3,44.4,86.4,61.2,2026-06-21 11:00:00,2974167
86.4,41.4,87.1,60.2,2026-06-21 11:20:00,2974167
87.9,40.2,88.9,60.8,2026-06-21 11:40:00,2974167
88.2,39.0,89.1,60.1,2026-06-21 12:00:00,2974167
89.0,37.1,89.8,59.4,2026-06-21 12:20:00,2974167
91.5,36.0,93.4,60.7,2026-06-21 12:40:00,2974167
91.2,34.3,92.5,59.2,2026-06-21 13:00:00,2974167
90.5,36.2,92.1,60.1,2026-06-21 13:20:00,2974167
91.8,34.0,93.2,59.4,2026-06-21 13:40:00,2974167
93.4,33.7,95.5,60.6,2026-06-21 14:00:00,2974167
93.0,33.0,94.6,59.7,2026-06-21 14:20:00,2974167
92.9,34.2,95.0,60.5,2026-06-21 14:40:00,2974167
93.8,33.3,95.9,60.5,2026-06-21 15:00:00,2974167
93.8,34.9,96.8,61.9,2026-06-21 15:20:00,2974167
93.2,37.6,97.0,63.5,2026-06-21 15:40:00,2974167
96.2,31.4,98.8,61.0,2026-06-21 16:00:00,2974167
93.7,31.6,94.8,59.0,2026-06-21 16:20:00,2974167
95.4,31.8,98.1,60.7,2026-06-21 16:40:00,2974167
96.4,31.9,99.5,61.7,2026-06-21 17:00:00,2974167
93.0,36.1,95.9,62.2,2026-06-21 17:20:00,2974167
94.9,35.6,99.1,63.4,2026-06-21 17:40:00,2974167
92.2,38.0,95.5,62.9,2026-06-21 18:00:00,2974167
91.0,38.1,93.6,62.0,2026-06-21 18:20:00,2974167
94.4,34.7,97.5,62.2,2026-06-21 18:40:00,2974167
89.8,40.7,92.5,62.7,2026-06-21 19:00:00,2974167
86.9,44.8,88.9,62.9,2026-06-21 19:20:00,2974167
85.5,47.6,87.6,63.3,2026-06-21 19:40:00,2974167
85.2,47.7,87.1,63.1,2026-06-21 20:00:00,2974167
84.9,48.1,86.5,63.1,2026-06-21 20:20:00,2974167
84.7,50.4,86.9,64.3,2026-06-21 20:40:00,2974167
84.1,51.2,86.2,64.1,2026-06-21 21:00:00,2974167
83.4,51.6,84.9,63.7,2026-06-21 21:20:00,2974167
82.8,52.1,84.2,63.4,2026-06-21 21:40:00,2974167
82.2,52.9,83.5,63.4,2026-06-21 22:00:00,2974167
81.4,54.1,82.4,63.2,2026-06-21 22:20:00,2974167
80.5,56.2,81.5,63.5,2026-06-21 22:40:00,2974167
79.5,56.9,80.4,63.0,2026-06-21 23:00:00,2974167
78.8,58.5,79.7,63.1,2026-06-21 23:20:00,2974167
78.0,60.9,78.6,63.4,2026-06-21 23:40:00,2974167
78.0,62.1,78.8,63.9,2026-06-22 00:00:00,2974167
77.6,63.8,78.4,64.4,2026-06-22 00:20:00,2974167
77.1,66.0,77.7,64.8,2026-06-22 00:40:00,2974167
77.0,69.0,78.4,66.0,2026-06-22 01:00:00,2974167
76.8,70.6,78.3,66.5,2026-06-22 01:20:00,2974167
76.6,72.4,77.9,67.1,2026-06-22 01:40:00,2974167
75.8,74.1,77.2,67.0,2026-06-22 02:00:00,2974167
75.7,75.6,77.2,67.4,2026-06-22 02:20:00,2974167
75.6,76.6,77.4,67.7,2026-06-22 02:40:00,2974167
75.1,78.5,76.8,68.0,2026-06-22 03:00:00,2974167
74.9,79.9,76.8,68.3,2026-06-22 03:20:00,2974167
74.5,81.3,76.5,68.4,2026-06-22 03:40:00,2974167
74.1,82.1,75.9,68.3,2026-06-22 04:00:00,2974167
73.8,83.1,75.7,68.3,2026-06-22 04:20:00,2974167
73.5,85.3,75.6,68.8,2026-06-22 04:40:00,2974167
73.1,86.2,75.2,68.8,2026-06-22 05:00:00,2974167
72.6,87.3,74.5,68.6,2026-06-22 05:20:00,2974167
72.6,88.1,74.7,68.8,2026-06-22 05:40:00,2974167
72.3,89.3,74.1,69.0,2026-06-22 06:00:00,2974167
72.1,90.2,74.1,69.0,2026-06-22 06:20:00,2974167
72.3,90.8,74.3,69.4,2026-06-22 06:40:00,2974167
72.7,90.5,75.0,69.7,2026-06-22 07:00:00,2974167
73.8,90.6,76.5,70.9,2026-06-22 07:20:00,2974167
74.8,89.2,77.5,71.4,2026-06-22 07:40:00,2974167
76.5,87.0,79.7,72.3,2026-06-22 08:00:00,2974167
78.0,84.1,82.4,72.8,2026-06-22 08:20:00,2974167
79.0,82.3,84.4,73.2,2026-06-22 08:40:00,2974167
80.2,79.7,86.0,73.3,2026-06-22 09:00:00,2974167
81.6,76.5,88.0,73.5,2026-06-22 09:20:00,2974167
82.9,74.2,90.0,73.8,2026-06-22 09:40:00,2974167
83.9,72.3,92.1,74.0,2026-06-22 10:00:00,2974167
84.9,71.5,94.6,74.7,2026-06-22 10:20:00,2974167
85.7,68.9,95.4,74.3,2026-06-22 10:40:00,2974167
86.3,64.6,94.8,73.0,2026-06-22 11:00:00,2974167
88.4,62.7,98.8,74.0,2026-06-22 11:20:00,2974167
89.7,57.9,99.9,72.9,2026-06-22 11:40:00,2974167
89.4,54.9,97.5,71.0,2026-06-22 12:00:00,2974167
90.1,54.3,99.3,71.4,2026-06-22 12:20:00,2974167
90.1,55.4,99.5,71.9,2026-06-22 12:40:00,2974167
92.7,51.7,103.6,72.3,2026-06-22 13:00:00,2974167
92.2,52.3,102.7,72.2,2026-06-22 13:20:00,2974167
92.5,48.9,101.3,70.4,2026-06-22 13:40:00,2974167
93.0,48.3,102.0,70.6,2026-06-22 14:00:00,2974167
93.7,46.7,102.6,70.2,2026-06-22 14:20:00,2974167
94.9,46.7,105.4,71.3,2026-06-22 14:40:00,2974167
95.0,44.4,104.4,69.9,2026-06-22 15:00:00,2974167
96.3,44.3,107.2,71.0,2026-06-22 15:20:00,2974167
96.8,41.5,106.5,69.5,2026-06-22 15:40:00,2974167
95.2,43.7,104.0,69.6,2026-06-22 16:00:00,2974167
95.5,43.5,104.5,69.8,2026-06-22 16:20:00,2974167
96.5,42.4,106.2,69.9,2026-06-22 16:40:00,2974167
98.4,39.1,108.0,69.2,2026-06-22 17:00:00,2974167
98.9,39.2,109.0,69.7,2026-06-22 17:20:00,2974167
99.5,38.1,109.8,69.5,2026-06-22 17:40:00,2974167
98.3,38.1,107.2,68.4,2026-06-22 18:00:00,2974167
101.0,37.6,112.5,70.4,2026-06-22 18:20:00,2974167
96.2,42.2,105.4,69.5,2026-06-22 18:40:00,2974167
92.8,47.0,100.9,69.5,2026-06-22 19:00:00,2974167
94.6,44.1,102.9,69.4,2026-06-22 19:20:00,2974167
91.6,47.8,99.1,69.0,2026-06-22 19:40:00,2974167
90.6,49.9,98.1,69.3,2026-06-22 20:00:00,2974167
89.4,51.2,95.9,69.0,2026-06-22 20:20:00,2974167
86.3,48.3,89.1,64.5,2026-06-22 20:40:00,2974167
82.2,56.4,84.2,65.2,2026-06-22 21:00:00,2974167
78.4,67.7,80.2,66.8,2026-06-22 21:20:00,2974167
78.3,70.3,80.6,67.8,2026-06-22 21:40:00,2974167
77.8,72.2,80.1,68.1,2026-06-22 22:00:00,2974167
78.0,73.3,80.4,68.7,2026-06-22 22:20:00,2974167
77.9,74.2,80.6,69.0,2026-06-22 22:40:00,2974167
77.8,74.7,80.4,69.1,2026-06-22 23:00:00,2974167
77.3,76.1,79.5,69.2,2026-06-22 23:20:00,2974167
77.5,76.3,79.9,69.4,2026-06-22 23:40:00,2974167
77.7,76.6,80.8,69.8,2026-06-23 00:00:00,2974167
78.9,77.5,82.9,71.3,2026-06-23 00:20:00,2974167
78.1,78.7,81.9,70.9,2026-06-23 00:40:00,2974167
77.1,79.2,79.9,70.2,2026-06-23 01:00:00,2974167
76.7,80.0,79.2,70.0,2026-06-23 01:20:00,2974167
76.3,80.7,78.6,70.0,2026-06-23 01:40:00,2974167
76.1,80.7,78.4,69.7,2026-06-23 02:00:00,2974167
75.8,81.3,78.1,69.7,2026-06-23 02:20:00,2974167
75.0,83.0,77.2,69.5,2026-06-23 02:40:00,2974167
74.5,84.1,76.8,69.4,2026-06-23 03:00:00,2974167
74.4,84.8,76.6,69.5,2026-06-23 03:20:00,2974167
74.8,84.6,77.2,69.8,2026-06-23 03:40:00,2974167
74.9,84.7,77.4,70.0,2026-06-23 04:00:00,2974167
74.9,84.9,77.4,70.1,2026-06-23 04:20:00,2974167
74.5,85.7,76.8,69.9,2026-06-23 04:40:00,2974167
74.6,86.0,77.0,70.1,2026-06-23 05:00:00,2974167
74.4,86.6,76.8,70.1,2026-06-23 05:20:00,2974167
74.6,87.1,77.0,70.5,2026-06-23 05:40:00,2974167
75.4,86.4,78.3,71.1,2026-06-23 06:00:00,2974167
75.8,85.8,78.4,71.2,2026-06-23 06:20:00,2974167
76.1,85.5,78.8,71.4,2026-06-23 06:40:00,2974167
76.2,85.9,79.0,71.7,2026-06-23 07:00:00,2974167
76.8,85.7,79.9,72.2,2026-06-23 07:20:00,2974167
77.4,84.7,81.3,72.4,2026-06-23 07:40:00,2974167
78.4,82.6,82.8,72.7,2026-06-23 08:00:00,2974167
80.0,79.3,85.6,73.0,2026-06-23 08:20:00,2974167
81.2,75.8,87.1,72.9,2026-06-23 08:40:00,2974167
82.2,73.1,88.2,72.7,2026-06-23 09:00:00,2974167
82.8,71.7,89.4,72.7,2026-06-23 09:20:00,2974167
83.6,69.3,90.3,72.5,2026-06-23 09:40:00,2974167
83.9,67.3,90.5,71.9,2026-06-23 10:00:00,2974167
83.9,66.8,90.3,71.7,2026-06-23 10:20:00,2974167
85.1,66.8,92.8,72.8,2026-06-23 10:40:00,2974167
85.5,64.6,93.2,72.2,2026-06-23 11:00:00,2974167
84.4,63.9,90.7,70.8,2026-06-23 11:20:00,2974167
82.2,70.4,87.4,71.6,2026-06-23 11:40:00,2974167
74.3,87.3,76.8,70.3,2026-06-23 12:00:00,2974167
74.7,91.7,77.9,72.1,2026-06-23 12:20:00,2974167
76.5,91.7,80.4,73.8,2026-06-23 12:40:00,2974167
79.4,90.0,86.7,76.2,2026-06-23 13:00:00,2974167
81.2,86.3,89.8,76.7,2026-06-23 13:20:00,2974167
79.3,85.8,85.3,74.6,2026-06-23 13:40:00,2974167
77.9,92.0,83.3,75.3,2026-06-23 14:00:00,2974167
74.0,92.8,77.0,71.8,2026-06-23 14:20:00,2974167
74.4,94.1,77.7,72.5,2026-06-23 14:40:00,2974167
74.8,93.9,78.1,73.0,2026-06-23 15:00:00,2974167
76.7,94.6,81.1,75.1,2026-06-23 15:20:00,2974167
78.8,88.5,85.1,75.1,2026-06-23 15:40:00,2974167
80.5,80.6,86.9,74.0,2026-06-23 16:00:00,2974167
81.7,78.0,88.7,74.1,2026-06-23 16:20:00,2974167
80.9,77.0,86.7,73.0,2026-06-23 16:40:00,2974167
81.9,77.3,88.9,74.1,2026-06-23 17:00:00,2974167
80.7,78.4,86.7,73.4,2026-06-23 17:20:00,2974167
80.8,75.8,86.4,72.5,2026-06-23 17:40:00,2974167
86.2,66.9,95.9,73.9,2026-06-23 18:00:00,2974167
87.1,63.2,96.3,73.1,2026-06-23 18:20:00,2974167
83.4,63.8,88.3,69.9,2026-06-23 18:40:00,2974167
78.5,71.4,81.1,68.5,2026-06-23 19:00:00,2974167
75.9,75.7,77.4,67.7,2026-06-23 19:20:00,2974167
74.5,83.2,76.6,69.0,2026-06-23 19:40:00,2974167
73.7,85.3,75.7,69.0,2026-06-23 20:00:00,2974167
72.8,84.5,74.5,67.9,2026-06-23 20:20:00,2974167
72.3,85.0,74.1,67.6,2026-06-23 20:40:00,2974167
72.0,86.0,73.8,67.6,2026-06-23 21:00:00,2974167
71.9,85.9,73.4,67.5,2026-06-23 21:20:00,2974167
71.7,85.5,73.2,67.2,2026-06-23 21:40:00,2974167
71.9,85.2,73.4,67.2,2026-06-23 22:00:00,2974167
71.3,85.8,72.7,66.8,2026-06-23 22:20:00,2974167
70.9,86.8,72.5,66.7,2026-06-23 22:40:00,2974167
70.7,86.4,72.3,66.5,2026-06-23 23:00:00,2974167
70.5,88.3,71.8,66.8,2026-06-23 23:20:00,2974167
70.2,88.8,71.6,66.7,2026-06-23 23:40:00,2974167
69.1,90.1,70.5,66.1,2026-06-24 00:00:00,2974167
68.6,91.4,69.8,65.9,2026-06-24 00:20:00,2974167
68.5,92.0,69.6,66.1,2026-06-24 00:40:00,2974167
68.6,92.3,70.0,66.2,2026-06-24 01:00:00,2974167
68.0,92.4,69.3,65.7,2026-06-24 01:20:00,2974167
67.8,92.9,69.1,65.7,2026-06-24 01:40:00,2974167
67.2,93.2,68.2,65.2,2026-06-24 02:00:00,2974167
67.2,93.5,68.2,65.2,2026-06-24 02:20:00,2974167
67.0,93.6,68.0,65.1,2026-06-24 02:40:00,2974167
66.8,93.7,67.8,64.9,2026-06-24 03:00:00,2974167
66.8,93.8,67.8,64.9,2026-06-24 03:20:00,2974167
66.6,93.7,67.6,64.7,2026-06-24 03:40:00,2974167
66.1,93.7,66.9,64.2,2026-06-24 04:00:00,2974167
65.9,94.0,66.9,64.1,2026-06-24 04:20:00,2974167
65.9,93.9,66.9,64.1,2026-06-24 04:40:00,2974167
65.5,93.5,66.4,63.6,2026-06-24 05:00:00,2974167
64.8,92.3,65.5,62.5,2026-06-24 05:20:00,2974167
64.4,92.7,65.1,62.2,2026-06-24 05:40:00,2974167
63.9,93.0,64.6,61.9,2026-06-24 06:00:00,2974167
63.7,93.2,64.4,61.7,2026-06-24 06:20:00,2974167
63.3,93.4,64.0,61.4,2026-06-24 06:40:00,2974167
63.7,93.5,64.4,61.8,2026-06-24 07:00:00,2974167
64.1,92.3,64.8,61.8,2026-06-24 07:20:00,2974167
65.2,87.9,65.5,61.5,2026-06-24 07:40:00,2974167
66.6,82.5,66.7,61.1,2026-06-24 08:00:00,2974167
68.1,77.1,68.2,60.7,2026-06-24 08:20:00,2974167
69.9,72.4,70.3,60.6,2026-06-24 08:40:00,2974167
71.0,68.2,71.4,60.0,2026-06-24 09:00:00,2974167
72.0,65.5,72.3,59.8,2026-06-24 09:20:00,2974167
73.3,61.1,73.2,59.0,2026-06-24 09:40:00,2974167
74.2,56.8,73.8,57.8,2026-06-24 10:00:00,2974167
75.1,55.2,74.5,57.9,2026-06-24 10:20:00,2974167
76.3,53.1,75.4,58.0,2026-06-24 10:40:00,2974167
77.2,51.5,76.3,58.0,2026-06-24 11:00:00,2974167
78.1,47.3,77.0,56.4,2026-06-24 11:20:00,2974167
79.4,44.6,78.1,56.0,2026-06-24 11:40:00,2974167
79.7,44.0,78.4,55.9,2026-06-24 12:00:00,2974167
79.4,42.9,77.9,54.8,2026-06-24 12:20:00,2974167
80.8,42.0,79.3,55.6,2026-06-24 12:40:00,2974167
80.8,41.0,79.3,54.9,2026-06-24 13:00:00,2974167
82.6,38.7,80.8,54.9,2026-06-24 13:20:00,2974167
83.5,38.9,82.4,55.9,2026-06-24 13:40:00,2974167
82.9,37.8,81.1,54.6,2026-06-24 14:00:00,2974167
83.9,38.2,82.8,55.7,2026-06-24 14:20:00,2974167
83.4,38.4,82.0,55.4,2026-06-24 14:40:00,2974167
84.9,36.5,83.8,55.4,2026-06-24 15:00:00,2974167
85.6,36.9,84.6,56.2,2026-06-24 15:20:00,2974167
86.0,34.8,84.9,55.0,2026-06-24 15:40:00,2974167
88.4,34.1,88.0,56.6,2026-06-24 16:00:00,2974167
83.6,41.0,82.8,57.4,2026-06-24 16:20:00,2974167
85.6,39.6,85.3,58.2,2026-06-24 16:40:00,2974167
86.9,39.7,87.1,59.5,2026-06-24 17:00:00,2974167
87.0,33.2,85.6,54.6,2026-06-24 17:20:00,2974167
84.9,41.5,84.7,58.9,2026-06-24 17:40:00,2974167
89.9,35.1,90.5,58.7,2026-06-24 18:00:00,2974167
90.4,33.0,90.5,57.3,2026-06-24 18:20:00,2974167
87.0,35.3,86.2,56.3,2026-06-24 18:40:00,2974167
86.8,39.5,87.1,59.2,2026-06-24 19:00:00,2974167
82.7,42.8,81.9,57.8,2026-06-24 19:20:00,2974167
79.1,51.2,78.6,59.5,2026-06-24 19:40:00,2974167
77.7,53.3,77.2,59.4,2026-06-24 20:00:00,2974167
76.1,56.7,75.7,59.6,2026-06-24 20:20:00,2974167
74.9,58.6,74.7,59.5,2026-06-24 20:40:00,2974167
73.7,62.8,73.8,60.2,2026-06-24 21:00:00,2974167
72.6,67.4,73.0,61.2,2026-06-24 21:20:00,2974167
71.5,69.6,72.1,61.1,2026-06-24 21:40:00,2974167
70.7,71.5,71.4,61.0,2026-06-24 22:00:00,2974167
70.1,73.2,70.5,61.2,2026-06-24 22:20:00,2974167
69.7,74.3,70.2,61.1,2026-06-24 22:40:00,2974167
68.9,75.7,69.1,60.9,2026-06-24 23:00:00,2974167
68.2,78.9,68.7,61.4,2026-06-24 23:20:00,2974167
67.5,80.0,67.6,61.1,2026-06-24 23:40:00,2974167
67.2,78.5,67.1,60.3,2026-06-25 00:00:00,2974167
67.0,79.5,67.1,60.4,2026-06-25 00:20:00,2974167
65.9,84.5,66.2,61.1,2026-06-25 00:40:00,2974167
66.0,85.1,66.2,61.4,2026-06-25 01:00:00,2974167
65.5,85.6,65.7,61.1,2026-06-25 01:20:00,2974167
64.8,87.5,64.9,61.0,2026-06-25 01:40:00,2974167
65.1,87.5,65.3,61.3,2026-06-25 02:00:00,2974167
64.4,88.2,64.6,60.8,2026-06-25 02:20:00,2974167
64.1,88.9,64.4,60.8,2026-06-25 02:40:00,2974167
63.9,89.2,64.2,60.6,2026-06-25 03:00:00,2974167
63.5,89.7,63.9,60.5,2026-06-25 03:20:00,2974167
63.5,90.0,64.0,60.5,2026-06-25 03:40:00,2974167
63.1,90.6,63.5,60.3,2026-06-25 04:00:00,2974167
63.1,90.9,63.5,60.4,2026-06-25 04:20:00,2974167
62.9,91.4,63.3,60.4,2026-06-25 04:40:00,2974167
62.9,91.5,63.3,60.3,2026-06-25 05:00:00,2974167
62.8,91.7,63.3,60.3,2026-06-25 05:20:00,2974167
62.8,91.7,63.3,60.4,2026-06-25 05:40:00,2974167
62.8,91.9,63.3,60.4,2026-06-25 06:00:00,2974167
62.7,92.3,63.3,60.5,2026-06-25 06:20:00,2974167
63.1,92.5,63.7,60.9,2026-06-25 06:40:00,2974167
63.6,92.4,64.2,61.4,2026-06-25 07:00:00,2974167
64.6,92.1,65.3,62.3,2026-06-25 07:20:00,2974167
66.1,91.4,66.9,63.5,2026-06-25 07:40:00,2974167
67.7,90.2,68.7,64.7,2026-06-25 08:00:00,2974167
69.4,88.8,70.5,66.0,2026-06-25 08:20:00,2974167
72.1,85.0,73.6,67.4,2026-06-25 08:40:00,2974167
75.1,79.5,77.0,68.3,2026-06-25 09:00:00,2974167
75.9,77.6,77.5,68.4,2026-06-25 09:20:00,2974167
76.6,75.6,78.3,68.3,2026-06-25 09:40:00,2974167
78.3,70.3,80.6,67.8,2026-06-25 10:00:00,2974167
79.4,65.6,81.7,66.9,2026-06-25 10:20:00,2974167
80.4,65.5,83.1,67.7,2026-06-25 10:40:00,2974167
80.5,60.4,82.4,65.5,2026-06-25 11:00:00,2974167
82.2,58.7,84.4,66.3,2026-06-25 11:20:00,2974167
83.0,56.3,85.5,65.8,2026-06-25 11:40:00,2974167
82.0,54.5,83.3,64.0,2026-06-25 12:00:00,2974167
81.8,58.6,83.8,65.9,2026-06-25 12:20:00,2974167
82.3,60.6,85.1,67.3,2026-06-25 12:40:00,2974167
84.2,50.3,86.2,63.7,2026-06-25 13:00:00,2974167
84.8,52.5,87.8,65.5,2026-06-25 13:20:00,2974167
86.5,46.4,88.5,63.5,2026-06-25 13:40:00,2974167
86.6,43.9,88.0,62.0,2026-06-25 14:00:00,2974167
84.8,51.6,87.4,65.0,2026-06-25 14:20:00,2974167
87.0,48.7,90.3,65.3,2026-06-25 14:40:00,2974167
88.6,43.8,91.2,63.8,2026-06-25 15:00:00,2974167
88.0,43.6,90.3,63.1,2026-06-25 15:20:00,2974167
90.9,42.5,95.4,65.0,2026-06-25 15:40:00,2974167
86.8,48.7,90.0,65.2,2026-06-25 16:00:00,2974167
91.2,41.3,95.0,64.4,2026-06-25 16:20:00,2974167
90.6,40.2,93.6,63.2,2026-06-25 16:40:00,2974167
92.8,38.1,96.4,63.6,2026-06-25 17:00:00,2974167
94.2,38.7,99.3,65.2,2026-06-25 17:20:00,2974167
92.0,42.1,97.0,65.7,2026-06-25 17:40:00,2974167
91.6,39.7,95.4,63.7,2026-06-25 18:00:00,2974167
88.2,42.0,90.0,62.3,2026-06-25 18:20:00,2974167
86.2,49.1,89.2,64.9,2026-06-25 18:40:00,2974167
86.2,50.2,89.6,65.5,2026-06-25 19:00:00,2974167
85.7,51.8,89.2,65.9,2026-06-25 19:20:00,2974167
83.8,54.6,86.4,65.7,2026-06-25 19:40:00,2974167
82.5,55.9,84.2,65.1,2026-06-25 20:00:00,2974167
81.5,56.9,82.9,64.7,2026-06-25 20:20:00,2974167
80.4,59.0,82.0,64.8,2026-06-25 20:40:00,2974167
79.6,60.3,81.0,64.6,2026-06-25 21:00:00,2974167
78.8,61.2,79.7,64.3,2026-06-25 21:20:00,2974167
77.4,65.8,78.4,65.0,2026-06-25 21:40:00,2974167
76.6,66.7,77.2,64.7,2026-06-25 22:00:00,2974167
75.5,71.7,76.5,65.7,2026-06-25 22:20:00,2974167
75.2,71.1,76.1,65.2,2026-06-25 22:40:00,2974167
74.3,72.8,75.2,65.0,2026-06-25 23:00:00,2974167
73.7,75.9,75.0,65.6,2026-06-25 23:20:00,2974167
72.5,78.9,73.9,65.6,2026-06-25 23:40:00,2974167
72.0,80.7,73.4,65.7,2026-06-26 00:00:00,2974167
72.1,79.7,73.4,65.4,2026-06-26 00:20:00,2974167
71.4,82.2,72.5,65.7,2026-06-26 00:40:00,2974167
71.1,83.3,72.5,65.8,2026-06-26 01:00:00,2974167
71.0,82.3,72.1,65.3,2026-06-26 01:20:00,2974167
70.9,83.3,72.3,65.6,2026-06-26 01:40:00,2974167
70.4,84.3,71.6,65.4,2026-06-26 02:00:00,2974167
70.5,84.3,71.6,65.5,2026-06-26 02:20:00,2974167
69.9,85.5,70.9,65.3,2026-06-26 02:40:00,2974167
70.6,85.2,71.8,65.9,2026-06-26 03:00:00,2974167
70.8,83.7,72.1,65.7,2026-06-26 03:20:00,2974167
71.3,82.8,72.7,65.8,2026-06-26 03:40:00,2974167
71.7,82.5,73.0,66.0,2026-06-26 04:00:00,2974167
71.3,82.3,72.5,65.6,2026-06-26 04:20:00,2974167
70.4,83.8,71.6,65.3,2026-06-26 04:40:00,2974167
69.6,85.5,70.5,65.0,2026-06-26 05:00:00,2974167
69.4,86.2,70.3,65.0,2026-06-26 05:20:00,2974167
69.0,87.1,70.0,65.0,2026-06-26 05:40:00,2974167
68.4,88.3,69.4,64.8,2026-06-26 06:00:00,2974167
68.1,89.4,69.1,64.9,2026-06-26 06:20:00,2974167
68.5,89.2,69.4,65.2,2026-06-26 06:40:00,2974167
68.7,89.6,69.6,65.5,2026-06-26 07:00:00,2974167
69.7,89.2,70.9,66.3,2026-06-26 07:20:00,2974167
70.9,88.0,72.5,67.2,2026-06-26 07:40:00,2974167
72.4,86.4,74.3,68.1,2026-06-26 08:00:00,2974167
74.2,83.7,76.3,69.0,2026-06-26 08:20:00,2974167
77.0,77.8,79.5,69.5,2026-06-26 08:40:00,2974167
78.4,74.6,81.3,69.7,2026-06-26 09:00:00,2974167
79.6,71.9,83.1,69.7,2026-06-26 09:20:00,2974167
80.8,69.8,85.1,70.0,2026-06-26 09:40:00,2974167
81.0,70.2,85.3,70.4,2026-06-26 10:00:00,2974167
82.6,63.5,86.7,69.0,2026-06-26 10:20:00,2974167
84.5,59.1,89.1,68.6,2026-06-26 10:40:00,2974167
85.6,54.1,89.6,67.1,2026-06-26 11:00:00,2974167
85.9,53.5,90.1,67.0,2026-06-26 11:20:00,2974167
85.7,55.4,90.3,67.9,2026-06-26 11:40:00,2974167
84.7,53.5,87.8,65.9,2026-06-26 12:00:00,2974167
84.4,57.2,88.5,67.6,2026-06-26 12:20:00,2974167
85.5,58.6,91.0,69.3,2026-06-26 12:40:00,2974167
87.5,52.4,92.7,67.9,2026-06-26 13:00:00,2974167
87.9,50.9,92.7,67.5,2026-06-26 13:20:00,2974167
87.0,50.2,90.9,66.3,2026-06-26 13:40:00,2974167
88.6,50.7,94.1,68.0,2026-06-26 14:00:00,2974167
88.7,50.5,94.1,67.9,2026-06-26 14:20:00,2974167
90.3,49.9,97.7,69.1,2026-06-26 14:40:00,2974167
89.3,52.0,96.3,69.4,2026-06-26 15:00:00,2974167
91.5,47.6,98.6,68.7,2026-06-26 15:20:00,2974167
87.4,53.6,92.7,68.5,2026-06-26 15:40:00,2974167
87.1,54.6,92.8,68.8,2026-06-26 16:00:00,2974167
86.3,63.2,94.3,72.3,2026-06-26 16:20:00,2974167
86.4,61.7,94.1,71.7,2026-06-26 16:40:00,2974167
85.0,64.1,91.9,71.5,2026-06-26 17:00:00,2974167
82.9,68.0,88.3,71.3,2026-06-26 17:20:00,2974167
85.4,62.0,91.9,70.9,2026-06-26 17:40:00,2974167
82.9,66.6,87.8,70.6,2026-06-26 18:00:00,2974167
82.0,70.4,87.4,71.5,2026-06-26 18:20:00,2974167
82.5,69.9,88.0,71.7,2026-06-26 18:40:00,2974167
82.7,68.1,87.8,71.1,2026-06-26 19:00:00,2974167
82.0,69.3,86.7,71.0,2026-06-26 19:20:00,2974167
81.7,67.1,85.8,69.7,2026-06-26 19:40:00,2974167
81.3,67.0,84.9,69.3,2026-06-26 20:00:00,2974167
80.4,68.5,83.8,69.0,2026-06-26 20:20:00,2974167
79.3,71.2,82.4,69.1,2026-06-26 20:40:00,2974167
78.3,73.3,81.1,69.0,2026-06-26 21:00:00,2974167
78.0,74.9,80.8,69.3,2026-06-26 21:20:00,2974167
77.6,77.0,80.4,69.9,2026-06-26 21:40:00,2974167
77.3,78.3,79.9,70.0,2026-06-26 22:00:00,2974167
77.5,79.4,80.6,70.6,2026-06-26 22:20:00,2974167
77.5,80.0,80.6,70.9,2026-06-26 22:40:00,2974167
77.2,81.4,80.4,71.1,2026-06-26 23:00:00,2974167
76.9,83.0,79.9,71.3,2026-06-26 23:20:00,2974167
76.6,84.1,79.3,71.4,2026-06-26 23:40:00,2974167
76.5,84.4,79.3,71.5,2026-06-27 00:00:00,2974167
76.0,84.8,78.8,71.1,2026-06-27 00:20:00,2974167
75.8,85.2,78.4,71.0,2026-06-27 00:40:00,2974167
75.5,85.7,78.1,70.9,2026-06-27 01:00:00,2974167
74.9,86.7,77.5,70.7,2026-06-27 01:20:00,2974167
74.6,87.6,77.2,70.6,2026-06-27 01:40:00,2974167
74.6,87.8,77.2,70.7,2026-06-27 02:00:00,2974167
74.4,88.1,77.0,70.7,2026-06-27 02:20:00,2974167
74.3,88.5,77.0,70.7,2026-06-27 02:40:00,2974167
74.4,88.7,77.0,70.9,2026-06-27 03:00:00,2974167
74.5,88.8,77.4,71.0,2026-06-27 03:20:00,2974167
74.2,89.4,76.8,70.8,2026-06-27 03:40:00,2974167
73.9,90.0,76.5,70.8,2026-06-27 04:00:00,2974167
73.9,90.4,76.5,70.9,2026-06-27 04:20:00,2974167
74.0,90.6,76.8,71.1,2026-06-27 04:40:00,2974167
74.0,90.4,76.8,71.0,2026-06-27 05:00:00,2974167
73.6,90.8,76.3,70.8,2026-06-27 05:20:00,2974167
73.3,91.4,75.9,70.6,2026-06-27 05:40:00,2974167
73.2,91.7,75.9,70.7,2026-06-27 06:00:00,2974167
73.1,92.0,75.6,70.7,2026-06-27 06:20:00,2974167
73.2,92.0,75.9,70.8,2026-06-27 06:40:00,2974167
73.5,92.1,76.1,71.0,2026-06-27 07:00:00,2974167
74.5,91.2,77.5,71.7,2026-06-27 07:20:00,2974167
75.6,89.2,78.8,72.2,2026-06-27 07:40:00,2974167
76.2,87.7,79.3,72.2,2026-06-27 08:00:00,2974167
76.8,86.9,80.4,72.6,2026-06-27 08:20:00,2974167
78.0,84.9,82.6,73.1,2026-06-27 08:40:00,2974167
78.9,83.1,84.0,73.4,2026-06-27 09:00:00,2974167
79.9,81.1,86.0,73.6,2026-06-27 09:20:00,2974167
81.4,78.8,88.3,74.1,2026-06-27 09:40:00,2974167
82.5,76.2,89.6,74.2,2026-06-27 10:00:00,2974167
83.7,73.8,92.3,74.4,2026-06-27 10:20:00,2974167
85.1,70.3,94.3,74.3,2026-06-27 10:40:00,2974167
86.4,67.5,96.6,74.4,2026-06-27 11:00:00,2974167
86.7,64.6,95.7,73.3,2026-06-27 11:20:00,2974167
87.7,61.8,96.6,73.0,2026-06-27 11:40:00,2974167
87.2,60.8,95.2,72.1,2026-06-27 12:00:00,2974167
87.1,61.0,95.2,72.1,2026-06-27 12:20:00,2974167
88.4,60.2,97.7,72.8,2026-06-27 12:40:00,2974167
89.6,58.5,99.7,73.1,2026-06-27 13:00:00,2974167
90.7,54.4,100.8,72.0,2026-06-27 13:20:00,2974167
91.5,52.6,101.3,71.7,2026-06-27 13:40:00,2974167
91.4,53.4,101.8,72.1,2026-06-27 14:00:00,2974167
79.5,73.9,83.3,70.4,2026-06-27 14:20:00,2974167
77.4,86.8,81.7,73.1,2026-06-27 14:40:00,2974167
79.6,88.7,86.9,76.0,2026-06-27 15:00:00,2974167
81.2,89.1,90.7,77.7,2026-06-27 15:20:00,2974167
80.6,83.4,88.0,75.1,2026-06-27 15:40:00,2974167
76.0,86.2,79.0,71.5,2026-06-27 16:00:00,2974167
77.1,90.3,81.3,74.0,2026-06-27 16:20:00,2974167
78.3,91.1,84.4,75.5,2026-06-27 16:40:00,2974167
80.7,88.0,89.1,76.8,2026-06-27 17:00:00,2974167
83.0,79.3,92.3,76.0,2026-06-27 17:20:00,2974167
82.5,78.2,90.3,75.0,2026-06-27 17:40:00,2974167
83.9,78.8,94.5,76.6,2026-06-27 18:00:00,2974167
83.2,74.9,91.0,74.4,2026-06-27 18:20:00,2974167
81.9,76.7,88.7,73.8,2026-06-27 18:40:00,2974167
80.3,81.7,86.7,74.1,2026-06-27 19:00:00,2974167
80.1,83.3,86.7,74.6,2026-06-27 19:20:00,2974167
79.5,85.5,85.8,74.8,2026-06-27 19:40:00,2974167
79.8,85.5,86.5,75.0,2026-06-27 20:00:00,2974167
80.0,85.7,86.9,75.3,2026-06-27 20:20:00,2974167
79.8,86.7,86.7,75.5,2026-06-27 20:40:00,2974167
80.4,84.4,87.4,75.2,2026-06-27 21:00:00,2974167
80.0,85.3,86.9,75.2,2026-06-27 21:20:00,2974167
79.5,86.0,86.2,75.0,2026-06-27 21:40:00,2974167
78.8,84.2,84.4,73.6,2026-06-27 22:00:00,2974167
79.0,81.2,84.0,72.7,2026-06-27 22:20:00,2974167
78.4,78.3,82.0,71.1,2026-06-27 22:40:00,2974167
78.0,79.0,81.5,70.9,2026-06-27 23:00:00,2974167
77.5,79.0,80.4,70.4,2026-06-27 23:20:00,2974167
76.9,80.4,79.5,70.4,2026-06-27 23:40:00,2974167
76.4,81.4,78.6,70.3,2026-06-28 00:00:00,2974167
76.2,81.6,78.4,70.2,2026-06-28 00:20:00,2974167
75.6,82.2,77.9,69.8,2026-06-28 00:40:00,2974167
75.1,83.4,77.5,69.8,2026-06-28 01:00:00,2974167
75.1,83.7,77.5,69.9,2026-06-28 01:20:00,2974167
74.9,84.8,77.4,70.0,2026-06-28 01:40:00,2974167
74.2,85.8,76.5,69.7,2026-06-28 02:00:00,2974167
73.6,87.2,75.9,69.5,2026-06-28 02:20:00,2974167
73.2,88.2,75.4,69.5,2026-06-28 02:40:00,2974167
72.8,88.9,74.8,69.3,2026-06-28 03:00:00,2974167
72.6,89.3,74.7,69.3,2026-06-28 03:20:00,2974167
72.4,89.7,74.5,69.2,2026-06-28 03:40:00,2974167
72.4,90.1,74.7,69.3,2026-06-28 04:00:00,2974167
72.0,90.7,74.1,69.1,2026-06-28 04:20:00,2974167
71.7,90.9,73.6,68.9,2026-06-28 04:40:00,2974167
71.3,91.3,73.2,68.7,2026-06-28 05:00:00,2974167
71.0,92.2,72.7,68.6,2026-06-28 05:20:00,2974167
71.0,92.4,72.7,68.6,2026-06-28 05:40:00,2974167
71.0,92.4,72.7,68.7,2026-06-28 06:00:00,2974167
71.0,92.6,72.7,68.7,2026-06-28 06:20:00,2974167
71.0,92.7,72.7,68.8,2026-06-28 06:40:00,2974167
71.3,92.7,73.2,69.0,2026-06-28 07:00:00,2974167
72.0,92.2,74.1,69.6,2026-06-28 07:20:00,2974167
72.8,90.6,75.0,69.8,2026-06-28 07:40:00,2974167
75.1,86.3,77.7,70.7,2026-06-28 08:00:00,2974167
77.3,83.0,80.6,71.7,2026-06-28 08:20:00,2974167
77.8,80.5,81.5,71.3,2026-06-28 08:40:00,2974167
77.6,80.5,81.0,71.1,2026-06-28 09:00:00,2974167
78.2,80.5,82.0,71.7,2026-06-28 09:20:00,2974167
78.4,80.0,82.4,71.7,2026-06-28 09:40:00,2974167
79.5,78.7,84.4,72.3,2026-06-28 10:00:00,2974167
80.4,78.5,86.0,73.1,2026-06-28 10:20:00,2974167
82.2,73.8,88.3,73.0,2026-06-28 10:40:00,2974167
82.5,72.5,88.7,72.8,2026-06-28 11:00:00,2974167
83.9,71.8,92.1,73.8,2026-06-28 11:20:00,2974167
83.9,68.8,91.0,72.5,2026-06-28 11:40:00,2974167
85.5,66.1,93.9,72.9,2026-06-28 12:00:00,2974167
86.1,65.5,94.8,73.2,2026-06-28 12:20:00,2974167
86.9,64.0,95.7,73.2,2026-06-28 12:40:00,2974167
86.3,61.4,93.6,71.4,2026-06-28 13:00:00,2974167
86.5,65.4,95.5,73.5,2026-06-28 13:20:00,2974167
86.5,62.6,94.3,72.2,2026-06-28 13:40:00,2974167
89.4,62.0,100.9,74.7,2026-06-28 14:00:00,2974167
91.0,53.7,100.8,71.9,2026-06-28 14:20:00,2974167
92.0,50.2,101.3,70.8,2026-06-28 14:40:00,2974167
91.7,53.4,102.2,72.3,2026-06-28 15:00:00,2974167
89.5,60.0,100.4,73.7,2026-06-28 15:20:00,2974167
92.6,50.8,102.7,71.7,2026-06-28 15:40:00,2974167
95.2,45.5,105.4,70.8,2026-06-28 16:00:00,2974167
92.0,52.0,102.2,71.9,2026-06-28 16:20:00,2974167
87.2,61.2,95.4,72.2,2026-06-28 16:40:00,2974167
86.7,64.2,95.7,73.2,2026-06-28 17:00:00,2974167
85.2,70.7,94.8,74.6,2026-06-28 17:20:00,2974167
80.2,79.0,85.8,73.1,2026-06-28 17:40:00,2974167
77.8,88.9,82.8,74.3,2026-06-28 18:00:00,2974167
77.7,91.5,82.9,75.0,2026-06-28 18:20:00,2974167
74.2,90.2,77.0,71.1,2026-06-28 18:40:00,2974167
73.4,92.5,76.1,71.1,2026-06-28 19:00:00,2974167
74.2,94.4,77.4,72.5,2026-06-28 19:20:00,2974167
74.2,94.5,77.4,72.5,2026-06-28 19:40:00,2974167
74.4,94.9,77.7,72.8,2026-06-28 20:00:00,2974167
74.6,95.2,78.1,73.1,2026-06-28 20:20:00,2974167
74.6,95.3,78.1,73.1,2026-06-28 20:40:00,2974167
74.7,95.6,78.3,73.3,2026-06-28 21:00:00,2974167
74.8,95.7,78.3,73.5,2026-06-28 21:20:00,2974167
74.8,95.9,78.3,73.5,2026-06-28 21:40:00,2974167
74.6,95.9,78.1,73.3,2026-06-28 22:00:00,2974167
74.7,96.0,78.3,73.4,2026-06-28 22:20:00,2974167
74.5,96.0,78.1,73.3,2026-06-28 22:40:00,2974167
74.1,95.9,77.2,72.9,2026-06-28 23:00:00,2974167
73.9,96.0,77.0,72.7,2026-06-28 23:20:00,2974167
73.9,96.1,77.0,72.7,2026-06-28 23:40:00,2974167
73.7,96.1,76.8,72.5,2026-06-29 00:00:00,2974167
73.5,96.1,76.5,72.3,2026-06-29 00:20:00,2974167
73.3,96.2,76.3,72.1,2026-06-29 00:40:00,2974167
73.4,96.3,76.6,72.3,2026-06-29 01:00:00,2974167
73.5,96.4,76.6,72.4,2026-06-29 01:20:00,2974167
73.3,96.3,76.3,72.1,2026-06-29 01:40:00,2974167
73.3,96.4,76.3,72.2,2026-06-29 02:00:00,2974167
73.0,96.3,75.7,71.9,2026-06-29 02:20:00,2974167
72.7,96.3,75.6,71.6,2026-06-29 02:40:00,2974167
72.6,96.4,75.2,71.6,2026-06-29 03:00:00,2974167
73.0,96.7,75.7,71.9,2026-06-29 03:20:00,2974167
73.1,96.7,76.1,72.1,2026-06-29 03:40:00,2974167
73.0,96.8,75.7,72.1,2026-06-29 04:00:00,2974167
73.1,96.8,76.1,72.1,2026-06-29 04:20:00,2974167
73.1,96.8,76.1,72.1,2026-06-29 04:40:00,2974167
72.8,96.7,75.6,71.7,2026-06-29 05:00:00,2974167
72.6,96.6,75.2,71.6,2026-06-29 05:20:00,2974167
72.5,96.6,75.0,71.4,2026-06-29 05:40:00,2974167
72.3,96.6,75.0,71.3,2026-06-29 06:00:00,2974167
72.3,96.6,75.0,71.3,2026-06-29 06:20:00,2974167
72.5,96.6,75.0,71.4,2026-06-29 06:40:00,2974167
72.5,96.5,75.2,71.4,2026-06-29 07:00:00,2974167
72.8,96.4,75.6,71.7,2026-06-29 07:20:00,2974167
72.9,96.2,75.7,71.8,2026-06-29 07:40:00,2974167
72.9,95.3,75.7,71.5,2026-06-29 08:00:00,2974167
85.3,36.0,84.0,55.3,2026-06-15 13:20:00,2968880
86.1,33.2,84.4,53.8,2026-06-15 13:40:00,2968880
85.7,35.1,84.4,55.0,2026-06-15 14:00:00,2968880
86.7,34.0,85.3,55.0,2026-06-15 14:20:00,2968880
87.5,31.0,85.6,53.1,2026-06-15 14:40:00,2968880
88.2,31.6,86.7,54.3,2026-06-15 15:00:00,2968880
89.1,31.4,88.0,54.8,2026-06-15 15:20:00,2968880
88.8,30.5,87.1,53.9,2026-06-15 15:40:00,2968880
89.1,30.8,87.8,54.4,2026-06-15 16:00:00,2968880
88.8,32.4,87.8,55.4,2026-06-15 16:20:00,2968880
89.9,31.5,89.1,55.7,2026-06-15 16:40:00,2968880
89.2,30.7,87.8,54.4,2026-06-15 17:00:00,2968880
88.9,30.8,87.6,54.2,2026-06-15 17:20:00,2968880
89.2,29.9,87.4,53.7,2026-06-15 17:40:00,2968880
89.1,30.4,87.6,53.9,2026-06-15 18:00:00,2968880
88.7,31.1,87.3,54.3,2026-06-15 18:20:00,2968880
88.0,31.9,86.7,54.3,2026-06-15 18:40:00,2968880
87.8,32.9,86.5,55.0,2026-06-15 19:00:00,2968880
86.5,34.1,85.1,54.8,2026-06-15 19:20:00,2968880
85.4,33.5,83.7,53.5,2026-06-15 19:40:00,2968880
84.5,34.2,82.6,53.2,2026-06-15 20:00:00,2968880
83.4,35.3,81.5,53.2,2026-06-15 20:20:00,2968880
82.6,36.4,80.4,53.2,2026-06-15 20:40:00,2968880
81.4,38.5,79.5,53.8,2026-06-15 21:00:00,2968880
80.4,39.0,78.4,53.2,2026-06-15 21:20:00,2968880
79.5,40.2,77.5,53.2,2026-06-15 21:40:00,2968880
78.0,42.9,76.1,53.6,2026-06-15 22:00:00,2968880
76.8,43.9,74.8,53.2,2026-06-15 22:20:00,2968880
75.6,46.8,74.1,53.9,2026-06-15 22:40:00,2968880
74.6,47.7,73.2,53.4,2026-06-15 23:00:00,2968880
74.0,48.4,72.9,53.3,2026-06-15 23:20:00,2968880
73.1,50.5,72.1,53.6,2026-06-15 23:40:00,2968880
72.7,51.9,72.0,54.0,2026-06-16 00:00:00,2968880
72.0,55.3,71.6,55.1,2026-06-16 00:20:00,2968880
72.0,54.7,71.4,54.8,2026-06-16 00:40:00,2968880
71.2,54.3,70.5,53.9,2026-06-16 01:00:00,2968880
71.0,59.1,70.7,56.0,2026-06-16 01:20:00,2968880
70.9,61.1,70.9,56.8,2026-06-16 01:40:00,2968880
71.0,56.9,70.5,55.0,2026-06-16 02:00:00,2968880
71.6,53.5,71.1,53.8,2026-06-16 02:20:00,2968880
71.9,50.5,71.1,52.5,2026-06-16 02:40:00,2968880
71.7,51.3,70.9,52.8,2026-06-16 03:00:00,2968880
71.3,50.9,70.5,52.2,2026-06-16 03:20:00,2968880
71.0,51.4,70.2,52.2,2026-06-16 03:40:00,2968880
70.6,52.8,70.0,52.6,2026-06-16 04:00:00,2968880
70.1,53.1,69.3,52.3,2026-06-16 04:20:00,2968880
69.7,54.9,68.7,52.8,2026-06-16 04:40:00,2968880
69.2,55.4,68.2,52.5,2026-06-16 05:00:00,2968880
69.1,55.2,68.2,52.3,2026-06-16 05:20:00,2968880
69.3,55.3,68.4,52.6,2026-06-16 05:40:00,2968880
69.3,55.5,68.4,52.7,2026-06-16 06:00:00,2968880
69.3,55.7,68.4,52.8,2026-06-16 06:20:00,2968880
69.6,56.3,68.9,53.4,2026-06-16 06:40:00,2968880
69.7,56.9,68.9,53.7,2026-06-16 07:00:00,2968880
69.9,57.5,69.3,54.2,2026-06-16 07:20:00,2968880
70.1,57.8,69.6,54.6,2026-06-16 07:40:00,2968880
70.7,57.9,70.3,55.1,2026-06-16 08:00:00,2968880
71.0,57.2,70.5,55.1,2026-06-16 08:20:00,2968880
71.3,57.2,70.9,55.4,2026-06-16 08:40:00,2968880
72.0,56.9,71.6,55.9,2026-06-16 09:00:00,2968880
73.3,54.6,72.7,56.0,2026-06-16 09:20:00,2968880
73.1,53.9,72.5,55.5,2026-06-16 09:40:00,2968880
74.5,52.8,73.8,56.2,2026-06-16 10:00:00,2968880
75.3,52.0,74.3,56.5,2026-06-16 10:20:00,2968880
76.2,50.8,75.0,56.7,2026-06-16 10:40:00,2968880
77.9,49.0,76.6,57.2,2026-06-16 11:00:00,2968880
77.5,49.4,76.3,57.1,2026-06-16 11:20:00,2968880
78.0,48.1,76.8,56.8,2026-06-16 11:40:00,2968880
78.7,46.6,77.5,56.6,2026-06-16 12:00:00,2968880
79.3,44.6,77.9,55.9,2026-06-16 12:20:00,2968880
79.9,46.0,78.8,57.3,2026-06-16 12:40:00,2968880
79.8,44.2,78.4,56.0,2026-06-16 13:00:00,2968880
80.3,44.3,79.2,56.6,2026-06-16 13:20:00,2968880
82.8,41.8,81.9,57.3,2026-06-16 13:40:00,2968880
83.6,41.5,82.9,57.8,2026-06-16 14:00:00,2968880
84.1,41.7,83.8,58.3,2026-06-16 14:20:00,2968880
84.3,40.1,83.7,57.5,2026-06-16 14:40:00,2968880
85.4,39.7,85.1,58.1,2026-06-16 15:00:00,2968880
85.7,41.1,86.0,59.3,2026-06-16 15:20:00,2968880
86.0,39.7,85.8,58.6,2026-06-16 15:40:00,2968880
85.1,42.3,85.6,59.6,2026-06-16 16:00:00,2968880
85.0,42.4,85.3,59.6,2026-06-16 16:20:00,2968880
85.2,41.8,85.5,59.4,2026-06-16 16:40:00,2968880
84.7,41.5,84.6,58.7,2026-06-16 17:00:00,2968880
84.7,43.8,84.9,60.2,2026-06-16 17:20:00,2968880
83.5,43.4,83.3,58.9,2026-06-16 17:40:00,2968880
83.3,45.2,83.1,59.9,2026-06-16 18:00:00,2968880
83.0,46.8,83.3,60.5,2026-06-16 18:20:00,2968880
82.8,47.0,82.9,60.5,2026-06-16 18:40:00,2968880
82.4,46.5,82.0,59.8,2026-06-16 19:00:00,2968880
82.1,47.2,81.9,60.0,2026-06-16 19:20:00,2968880
82.0,48.2,81.9,60.5,2026-06-16 19:40:00,2968880
81.7,49.4,82.0,60.9,2026-06-16 20:00:00,2968880
80.9,51.1,81.1,61.2,2026-06-16 20:20:00,2968880
80.5,52.3,80.8,61.4,2026-06-16 20:40:00,2968880
80.1,53.2,80.4,61.5,2026-06-16 21:00:00,2968880
79.7,53.7,79.9,61.4,2026-06-16 21:20:00,2968880
79.2,54.6,79.5,61.4,2026-06-16 21:40:00,2968880
78.6,53.0,78.4,60.1,2026-06-16 22:00:00,2968880
78.4,53.5,78.1,60.2,2026-06-16 22:20:00,2968880
78.0,54.3,77.7,60.2,2026-06-16 22:40:00,2968880
77.3,55.7,76.8,60.2,2026-06-16 23:00:00,2968880
76.9,56.6,76.3,60.3,2026-06-16 23:20:00,2968880
76.5,57.6,76.1,60.5,2026-06-16 23:40:00,2968880
76.1,59.1,75.7,60.7,2026-06-17 00:00:00,2968880
75.7,60.3,75.6,61.0,2026-06-17 00:20:00,2968880
75.3,61.7,75.4,61.2,2026-06-17 00:40:00,2968880
74.9,63.3,75.2,61.6,2026-06-17 01:00:00,2968880
74.4,64.8,74.7,61.8,2026-06-17 01:20:00,2968880
74.0,66.2,74.5,62.0,2026-06-17 01:40:00,2968880
73.7,67.8,74.3,62.3,2026-06-17 02:00:00,2968880
73.4,69.1,73.9,62.7,2026-06-17 02:20:00,2968880
73.2,70.9,73.9,63.2,2026-06-17 02:40:00,2968880
73.0,72.3,73.9,63.5,2026-06-17 03:00:00,2968880
72.8,73.2,73.8,63.7,2026-06-17 03:20:00,2968880
72.5,74.2,73.6,63.8,2026-06-17 03:40:00,2968880
72.3,75.0,73.4,64.0,2026-06-17 04:00:00,2968880
72.1,76.1,73.4,64.2,2026-06-17 04:20:00,2968880
72.0,76.8,73.2,64.3,2026-06-17 04:40:00,2968880
71.7,77.4,72.7,64.3,2026-06-17 05:00:00,2968880
71.5,77.9,72.5,64.3,2026-06-17 05:20:00,2968880
71.3,78.5,72.3,64.3,2026-06-17 05:40:00,2968880
71.1,79.2,72.3,64.3,2026-06-17 06:00:00,2968880
70.8,79.8,72.0,64.2,2026-06-17 06:20:00,2968880
70.8,80.1,72.0,64.3,2026-06-17 06:40:00,2968880
70.9,80.2,72.1,64.5,2026-06-17 07:00:00,2968880
71.3,79.9,72.5,64.7,2026-06-17 07:20:00,2968880
71.8,79.5,73.2,65.1,2026-06-17 07:40:00,2968880
72.8,78.4,74.1,65.7,2026-06-17 08:00:00,2968880
73.7,76.6,75.0,65.9,2026-06-17 08:20:00,2968880
75.9,73.4,77.2,66.8,2026-06-17 08:40:00,2968880
78.1,67.5,80.1,66.5,2026-06-17 09:00:00,2968880
80.5,62.8,82.8,66.6,2026-06-17 09:20:00,2968880
80.6,59.9,82.4,65.4,2026-06-17 09:40:00,2968880
82.3,55.8,84.0,65.0,2026-06-17 10:00:00,2968880
83.0,53.2,84.7,64.2,2026-06-17 10:20:00,2968880
84.9,48.6,86.7,63.4,2026-06-17 10:40:00,2968880
85.3,44.3,86.4,61.1,2026-06-17 11:00:00,2968880
85.7,44.1,86.9,61.4,2026-06-17 11:20:00,2968880
85.9,42.4,86.7,60.4,2026-06-17 11:40:00,2968880
86.7,41.3,87.6,60.4,2026-06-17 12:00:00,2968880
87.3,40.3,88.2,60.2,2026-06-17 12:20:00,2968880
87.5,36.9,87.3,57.9,2026-06-17 12:40:00,2968880
88.9,34.2,88.7,57.1,2026-06-17 13:00:00,2968880
89.3,35.0,89.6,58.1,2026-06-17 13:20:00,2968880
90.8,33.9,91.4,58.5,2026-06-17 13:40:00,2968880
91.0,33.6,91.8,58.4,2026-06-17 14:00:00,2968880
91.0,34.8,92.1,59.4,2026-06-17 14:20:00,2968880
91.3,35.1,92.8,59.9,2026-06-17 14:40:00,2968880
90.9,35.2,92.3,59.6,2026-06-17 15:00:00,2968880
92.1,33.6,93.2,59.3,2026-06-17 15:20:00,2968880
91.9,34.6,93.4,60.0,2026-06-17 15:40:00,2968880
93.2,34.1,95.5,60.7,2026-06-17 16:00:00,2968880
93.1,33.9,95.0,60.5,2026-06-17 16:20:00,2968880
92.9,33.0,94.5,59.5,2026-06-17 16:40:00,2968880
91.4,33.5,92.5,58.7,2026-06-17 17:00:00,2968880
93.1,33.0,94.6,59.8,2026-06-17 17:20:00,2968880
91.8,34.0,93.0,59.4,2026-06-17 17:40:00,2968880
92.3,33.4,93.4,59.3,2026-06-17 18:00:00,2968880
92.4,33.5,93.7,59.5,2026-06-17 18:20:00,2968880
91.9,34.6,93.7,60.0,2026-06-17 18:40:00,2968880
92.0,36.0,94.3,61.3,2026-06-17 19:00:00,2968880
90.2,39.9,92.8,62.5,2026-06-17 19:20:00,2968880
90.0,40.8,92.8,63.0,2026-06-17 19:40:00,2968880
89.0,42.7,91.6,63.4,2026-06-17 20:00:00,2968880
88.6,42.8,91.0,63.1,2026-06-17 20:20:00,2968880
87.7,45.8,90.3,64.3,2026-06-17 20:40:00,2968880
87.0,47.9,90.1,64.9,2026-06-17 21:00:00,2968880
86.4,50.0,89.8,65.5,2026-06-17 21:20:00,2968880
85.6,52.5,89.1,66.2,2026-06-17 21:40:00,2968880
85.0,54.7,88.9,66.9,2026-06-17 22:00:00,2968880
84.5,57.0,88.5,67.6,2026-06-17 22:20:00,2968880
84.0,59.9,88.5,68.6,2026-06-17 22:40:00,2968880
83.2,61.8,87.3,68.8,2026-06-17 23:00:00,2968880
82.8,63.6,87.1,69.1,2026-06-17 23:20:00,2968880
82.2,64.9,86.4,69.3,2026-06-17 23:40:00,2968880
81.9,65.1,85.6,69.0,2026-06-18 00:00:00,2968880
81.7,64.0,85.1,68.4,2026-06-18 00:20:00,2968880
81.6,63.0,84.6,67.8,2026-06-18 00:40:00,2968880
81.2,62.9,84.0,67.4,2026-06-18 01:00:00,2968880
81.1,62.7,83.7,67.1,2026-06-18 01:20:00,2968880
80.7,63.1,83.1,67.0,2026-06-18 01:40:00,2968880
80.2,64.0,82.4,66.9,2026-06-18 02:00:00,2968880
79.9,64.8,82.4,67.0,2026-06-18 02:20:00,2968880
79.5,65.8,81.7,67.0,2026-06-18 02:40:00,2968880
79.0,67.3,81.3,67.2,2026-06-18 03:00:00,2968880
78.6,69.2,81.1,67.7,2026-06-18 03:20:00,2968880
78.5,71.1,81.1,68.4,2026-06-18 03:40:00,2968880
78.5,73.8,81.7,69.5,2026-06-18 04:00:00,2968880
78.4,75.5,81.5,70.0,2026-06-18 04:20:00,2968880
78.1,77.4,81.5,70.4,2026-06-18 04:40:00,2968880
77.7,78.7,81.1,70.6,2026-06-18 05:00:00,2968880
77.4,79.6,80.6,70.6,2026-06-18 05:20:00,2968880
77.2,80.4,80.2,70.7,2026-06-18 05:40:00,2968880
77.1,81.1,80.1,70.8,2026-06-18 06:00:00,2968880
77.1,81.5,80.1,71.0,2026-06-18 06:20:00,2968880
77.0,81.9,79.9,71.0,2026-06-18 06:40:00,2968880
77.2,81.8,80.4,71.2,2026-06-18 07:00:00,2968880
77.6,81.1,81.1,71.4,2026-06-18 07:20:00,2968880
78.1,80.0,82.0,71.4,2026-06-18 07:40:00,2968880
78.5,79.1,82.6,71.5,2026-06-18 08:00:00,2968880
79.0,78.3,83.5,71.7,2026-06-18 08:20:00,2968880
81.5,74.2,86.9,72.5,2026-06-18 08:40:00,2968880
82.1,72.3,87.8,72.3,2026-06-18 09:00:00,2968880
83.9,69.0,91.2,72.6,2026-06-18 09:20:00,2968880
84.7,67.0,92.1,72.5,2026-06-18 09:40:00,2968880
84.9,67.2,92.7,72.8,2026-06-18 10:00:00,2968880
85.4,64.2,92.7,71.9,2026-06-18 10:20:00,2968880
86.7,63.6,95.2,72.9,2026-06-18 10:40:00,2968880
87.2,61.4,95.4,72.3,2026-06-18 11:00:00,2968880
89.5,58.4,99.5,73.0,2026-06-18 11:20:00,2968880
90.1,56.1,99.9,72.3,2026-06-18 11:40:00,2968880
90.9,54.6,101.1,72.2,2026-06-18 12:00:00,2968880
91.4,54.3,101.8,72.6,2026-06-18 12:20:00,2968880
92.0,52.9,102.7,72.4,2026-06-18 12:40:00,2968880
93.1,51.4,104.4,72.5,2026-06-18 13:00:00,2968880
94.8,48.6,106.7,72.4,2026-06-18 13:20:00,2968880
95.1,47.0,106.2,71.7,2026-06-18 13:40:00,2968880
95.0,47.3,106.2,71.8,2026-06-18 14:00:00,2968880
94.5,48.6,105.8,72.2,2026-06-18 14:20:00,2968880
95.8,45.7,106.9,71.5,2026-06-18 14:40:00,2968880
94.9,46.5,105.3,71.2,2026-06-18 15:00:00,2968880
95.5,47.0,106.9,72.0,2026-06-18 15:20:00,2968880
97.0,44.8,108.7,72.0,2026-06-18 15:40:00,2968880
89.5,49.4,95.5,68.0,2026-06-18 16:00:00,2968880
83.2,58.7,86.5,67.2,2026-06-18 16:20:00,2968880
80.7,71.0,84.9,70.4,2026-06-18 16:40:00,2968880
82.0,70.1,87.3,71.3,2026-06-18 17:00:00,2968880
84.4,67.9,91.6,72.6,2026-06-18 17:20:00,2968880
87.0,62.3,95.4,72.6,2026-06-18 17:40:00,2968880
88.7,58.1,97.5,72.1,2026-06-18 18:00:00,2968880
88.8,56.6,97.0,71.3,2026-06-18 18:20:00,2968880
88.0,61.0,97.2,72.9,2026-06-18 18:40:00,2968880
87.6,62.3,96.4,73.1,2026-06-18 19:00:00,2968880
87.2,62.3,95.7,72.8,2026-06-18 19:20:00,2968880
86.5,65.6,95.7,73.5,2026-06-18 19:40:00,2968880
85.4,69.2,94.6,74.1,2026-06-18 20:00:00,2968880
84.5,69.7,92.7,73.5,2026-06-18 20:20:00,2968880
83.8,71.4,91.4,73.5,2026-06-18 20:40:00,2968880
83.6,71.8,91.2,73.5,2026-06-18 21:00:00,2968880
83.4,72.1,90.9,73.5,2026-06-18 21:20:00,2968880
83.2,70.6,90.0,72.6,2026-06-18 21:40:00,2968880
83.2,70.0,89.8,72.4,2026-06-18 22:00:00,2968880
80.7,75.5,86.0,72.3,2026-06-18 22:20:00,2968880
79.4,78.3,84.2,72.1,2026-06-18 22:40:00,2968880
78.9,76.8,82.9,71.0,2026-06-18 23:00:00,2968880
78.4,77.6,81.9,70.8,2026-06-18 23:20:00,2968880
77.7,80.6,81.1,71.3,2026-06-18 23:40:00,2968880
77.2,82.0,80.2,71.3,2026-06-19 00:00:00,2968880
77.3,81.9,80.6,71.4,2026-06-19 00:20:00,2968880
77.4,81.6,80.8,71.3,2026-06-19 00:40:00,2968880
77.4,81.1,80.8,71.2,2026-06-19 01:00:00,2968880
77.3,79.8,80.2,70.6,2026-06-19 01:20:00,2968880
77.3,79.1,80.1,70.3,2026-06-19 01:40:00,2968880
77.2,79.0,79.7,70.1,2026-06-19 02:00:00,2968880
77.0,79.8,79.5,70.2,2026-06-19 02:20:00,2968880
76.8,81.4,79.3,70.7,2026-06-19 02:40:00,2968880
76.6,82.2,79.2,70.8,2026-06-19 03:00:00,2968880
76.5,82.5,79.2,70.8,2026-06-19 03:20:00,2968880
76.3,82.6,78.8,70.6,2026-06-19 03:40:00,2968880
75.5,84.0,77.9,70.3,2026-06-19 04:00:00,2968880
74.1,86.9,76.5,69.9,2026-06-19 04:20:00,2968880
73.2,88.8,75.6,69.7,2026-06-19 04:40:00,2968880
72.8,90.3,75.0,69.7,2026-06-19 05:00:00,2968880
72.2,91.7,74.5,69.7,2026-06-19 05:20:00,2968880
71.9,92.7,73.9,69.6,2026-06-19 05:40:00,2968880
71.9,93.7,73.9,69.9,2026-06-19 06:00:00,2968880
71.7,94.3,73.9,70.0,2026-06-19 06:20:00,2968880
71.5,94.7,73.6,69.8,2026-06-19 06:40:00,2968880
71.5,94.9,73.6,70.0,2026-06-19 07:00:00,2968880
71.9,95.4,74.1,70.5,2026-06-19 07:20:00,2968880
72.0,95.5,74.5,70.6,2026-06-19 07:40:00,2968880
71.7,95.6,73.9,70.3,2026-06-19 08:00:00,2968880
71.7,95.9,73.9,70.4,2026-06-19 08:20:00,2968880
72.0,96.1,74.5,70.8,2026-06-19 08:40:00,2968880
72.2,96.2,74.7,71.0,2026-06-19 09:00:00,2968880
72.8,96.4,75.6,71.7,2026-06-19 09:20:00,2968880
72.6,96.2,75.2,71.5,2026-06-19 09:40:00,2968880
73.1,96.4,76.1,72.0,2026-06-19 10:00:00,2968880
73.7,96.1,76.8,72.5,2026-06-19 10:20:00,2968880
74.3,94.9,77.4,72.7,2026-06-19 10:40:00,2968880
75.1,92.8,78.4,72.9,2026-06-19 11:00:00,2968880
75.9,90.5,79.2,72.9,2026-06-19 11:20:00,2968880
77.1,89.3,81.1,73.7,2026-06-19 11:40:00,2968880
77.6,86.2,82.0,73.1,2026-06-19 12:00:00,2968880
78.5,83.3,83.5,73.1,2026-06-19 12:20:00,2968880
80.6,82.4,87.8,74.8,2026-06-19 12:40:00,2968880
80.4,77.8,85.8,72.8,2026-06-19 13:00:00,2968880
82.1,74.5,88.5,73.2,2026-06-19 13:20:00,2968880
83.2,70.7,90.0,72.7,2026-06-19 13:40:00,2968880
84.2,68.2,91.2,72.5,2026-06-19 14:00:00,2968880
84.9,63.7,91.8,71.3,2026-06-19 14:20:00,2968880
85.4,60.2,91.2,70.0,2026-06-19 14:40:00,2968880
87.1,58.6,94.3,70.8,2026-06-19 15:00:00,2968880
87.4,55.6,93.6,69.5,2026-06-19 15:20:00,2968880
88.0,47.8,91.9,65.8,2026-06-19 15:40:00,2968880
88.5,47.0,92.7,65.8,2026-06-19 16:00:00,2968880
89.4,45.6,93.4,65.6,2026-06-19 16:20:00,2968880
89.6,43.4,93.2,64.4,2026-06-19 16:40:00,2968880
88.1,44.5,90.7,63.8,2026-06-19 17:00:00,2968880
87.9,43.8,90.0,63.1,2026-06-19 17:20:00,2968880
87.2,45.5,89.6,63.6,2026-06-19 17:40:00,2968880
87.5,44.8,89.8,63.4,2026-06-19 18:00:00,2968880
86.3,45.0,88.0,62.4,2026-06-19 18:20:00,2968880
87.2,43.4,88.9,62.3,2026-06-19 18:40:00,2968880
87.0,42.6,88.3,61.5,2026-06-19 19:00:00,2968880
85.8,45.0,87.4,62.1,2026-06-19 19:20:00,2968880
85.5,44.6,86.7,61.5,2026-06-19 19:40:00,2968880
84.8,44.3,85.5,60.7,2026-06-19 20:00:00,2968880
83.9,46.2,84.6,61.1,2026-06-19 20:20:00,2968880
82.5,49.0,82.8,61.4,2026-06-19 20:40:00,2968880
81.1,53.2,81.7,62.4,2026-06-19 21:00:00,2968880
79.8,59.8,81.1,64.5,2026-06-19 21:20:00,2968880
78.7,57.0,79.2,62.2,2026-06-19 21:40:00,2968880
77.8,56.5,77.7,61.1,2026-06-19 22:00:00,2968880
78.0,53.2,77.5,59.6,2026-06-19 22:20:00,2968880
77.0,54.5,76.1,59.3,2026-06-19 22:40:00,2968880
76.4,52.0,75.4,57.5,2026-06-19 23:00:00,2968880
76.2,52.0,75.2,57.3,2026-06-19 23:20:00,2968880
75.5,52.0,74.5,56.7,2026-06-19 23:40:00,2968880
74.7,53.3,73.8,56.6,2026-06-20 00:00:00,2968880
74.6,51.0,73.6,55.3,2026-06-20 00:20:00,2968880
74.0,51.7,73.0,55.1,2026-06-20 00:40:00,2968880
73.0,56.7,72.5,56.7,2026-06-20 01:00:00,2968880
72.0,61.5,72.1,58.1,2026-06-20 01:20:00,2968880
70.8,64.6,71.1,58.3,2026-06-20 01:40:00,2968880
69.3,66.8,69.3,57.8,2026-06-20 02:00:00,2968880
68.6,64.9,68.0,56.4,2026-06-20 02:20:00,2968880
67.5,68.8,66.7,56.9,2026-06-20 02:40:00,2968880
66.6,71.5,65.8,57.1,2026-06-20 03:00:00,2968880
66.0,72.3,64.9,56.8,2026-06-20 03:20:00,2968880
65.4,73.1,64.2,56.6,2026-06-20 03:40:00,2968880
64.8,76.5,64.0,57.3,2026-06-20 04:00:00,2968880
64.1,76.9,63.5,56.7,2026-06-20 04:20:00,2968880
63.9,79.4,63.5,57.4,2026-06-20 04:40:00,2968880
63.7,82.4,63.3,58.2,2026-06-20 05:00:00,2968880
62.9,83.7,62.8,57.9,2026-06-20 05:20:00,2968880
62.5,84.7,62.4,57.8,2026-06-20 05:40:00,2968880
62.2,85.4,62.1,57.8,2026-06-20 06:00:00,2968880
61.8,85.9,61.7,57.5,2026-06-20 06:20:00,2968880
62.2,86.2,62.1,58.0,2026-06-20 06:40:00,2968880
62.9,85.9,62.8,58.6,2026-06-20 07:00:00,2968880
64.0,84.1,63.9,59.1,2026-06-20 07:20:00,2968880
64.9,82.2,64.8,59.4,2026-06-20 07:40:00,2968880
66.8,75.9,66.6,59.0,2026-06-20 08:00:00,2968880
69.1,71.8,68.9,59.6,2026-06-20 08:20:00,2968880
74.0,63.2,74.3,60.7,2026-06-20 08:40:00,2968880
79.1,52.9,79.0,60.4,2026-06-20 09:00:00,2968880
80.9,45.8,80.1,58.0,2026-06-20 09:20:00,2968880
81.5,43.8,80.4,57.4,2026-06-20 09:40:00,2968880
82.8,40.3,81.7,56.3,2026-06-20 10:00:00,2968880
82.8,40.0,81.7,56.1,2026-06-20 10:20:00,2968880
83.7,37.9,82.4,55.3,2026-06-20 10:40:00,2968880
83.6,36.4,81.9,54.1,2026-06-20 11:00:00,2968880
83.8,36.3,82.0,54.2,2026-06-20 11:20:00,2968880
84.1,35.2,82.4,53.7,2026-06-20 11:40:00,2968880
84.7,33.2,82.6,52.6,2026-06-20 12:00:00,2968880
85.1,32.2,82.8,52.1,2026-06-20 12:20:00,2968880
85.1,34.4,83.7,53.9,2026-06-20 12:40:00,2968880
85.6,32.1,83.5,52.4,2026-06-20 13:00:00,2968880
85.5,32.9,83.7,53.0,2026-06-20 13:20:00,2968880
85.9,33.1,84.2,53.5,2026-06-20 13:40:00,2968880
87.2,32.7,85.6,54.3,2026-06-20 14:00:00,2968880
86.6,33.2,85.1,54.3,2026-06-20 14:20:00,2968880
87.5,32.9,86.2,54.8,2026-06-20 14:40:00,2968880
87.0,31.6,85.1,53.2,2026-06-20 15:00:00,2968880
87.9,31.2,86.0,53.7,2026-06-20 15:20:00,2968880
87.7,33.0,86.5,55.0,2026-06-20 15:40:00,2968880
87.4,33.0,86.0,54.8,2026-06-20 16:00:00,2968880
87.7,32.1,86.2,54.4,2026-06-20 16:20:00,2968880
89.0,31.5,87.8,54.9,2026-06-20 16:40:00,2968880
89.5,32.2,88.9,56.0,2026-06-20 17:00:00,2968880
88.9,31.9,88.0,55.2,2026-06-20 17:20:00,2968880
89.3,32.8,88.7,56.2,2026-06-20 17:40:00,2968880
89.3,32.4,88.7,56.0,2026-06-20 18:00:00,2968880
88.4,32.2,87.3,55.0,2026-06-20 18:20:00,2968880
88.6,34.0,88.0,56.7,2026-06-20 18:40:00,2968880
87.9,33.6,86.9,55.7,2026-06-20 19:00:00,2968880
86.9,35.7,86.2,56.5,2026-06-20 19:20:00,2968880
86.2,37.5,85.8,57.3,2026-06-20 19:40:00,2968880
85.3,37.6,84.4,56.5,2026-06-20 20:00:00,2968880
84.5,39.2,83.7,57.0,2026-06-20 20:20:00,2968880
83.6,41.0,82.8,57.4,2026-06-20 20:40:00,2968880
82.7,41.8,81.7,57.1,2026-06-20 21:00:00,2968880
81.2,45.8,80.4,58.3,2026-06-20 21:20:00,2968880
79.9,48.8,79.3,58.9,2026-06-20 21:40:00,2968880
79.1,52.9,79.0,60.5,2026-06-20 22:00:00,2968880
78.4,51.1,77.7,58.8,2026-06-20 22:20:00,2968880
78.1,56.4,78.1,61.3,2026-06-20 22:40:00,2968880
77.5,57.6,77.4,61.3,2026-06-20 23:00:00,2968880
76.8,59.8,76.5,61.8,2026-06-20 23:20:00,2968880
75.6,57.3,75.2,59.4,2026-06-20 23:40:00,2968880
75.2,62.4,75.2,61.5,2026-06-21 00:00:00,2968880
74.8,64.0,75.0,61.8,2026-06-21 00:20:00,2968880
74.3,63.2,74.7,61.0,2026-06-21 00:40:00,2968880
74.1,66.9,74.5,62.4,2026-06-21 01:00:00,2968880
73.6,65.0,73.9,61.1,2026-06-21 01:20:00,2968880
73.2,68.9,73.8,62.4,2026-06-21 01:40:00,2968880
73.2,64.9,73.4,60.7,2026-06-21 02:00:00,2968880
73.0,65.0,73.2,60.6,2026-06-21 02:20:00,2968880
72.4,67.8,72.9,61.2,2026-06-21 02:40:00,2968880
71.9,68.5,72.3,60.9,2026-06-21 03:00:00,2968880
71.5,71.2,72.1,61.7,2026-06-21 03:20:00,2968880
70.7,69.0,71.4,60.1,2026-06-21 03:40:00,2968880
70.5,70.5,71.1,60.5,2026-06-21 04:00:00,2968880
70.8,70.1,71.4,60.5,2026-06-21 04:20:00,2968880
70.4,69.9,70.9,60.2,2026-06-21 04:40:00,2968880
69.8,72.3,70.0,60.5,2026-06-21 05:00:00,2968880
69.6,77.4,70.2,62.2,2026-06-21 05:20:00,2968880
68.5,77.1,68.7,61.1,2026-06-21 05:40:00,2968880
67.9,78.3,68.0,60.9,2026-06-21 06:00:00,2968880
67.7,81.2,68.0,61.7,2026-06-21 06:20:00,2968880
67.6,83.1,68.0,62.3,2026-06-21 06:40:00,2968880
68.1,82.1,68.5,62.4,2026-06-21 07:00:00,2968880
69.1,80.4,69.6,62.8,2026-06-21 07:20:00,2968880
70.6,77.9,71.4,63.3,2026-06-21 07:40:00,2968880
71.9,75.8,72.9,63.8,2026-06-21 08:00:00,2968880
73.8,72.7,74.8,64.5,2026-06-21 08:20:00,2968880
76.7,68.4,77.5,65.5,2026-06-21 08:40:00,2968880
80.1,60.2,81.9,65.0,2026-06-21 09:00:00,2968880
83.0,55.8,85.3,65.6,2026-06-21 09:20:00,2968880
84.2,53.1,86.7,65.2,2026-06-21 09:40:00,2968880
85.8,51.1,89.4,65.7,2026-06-21 10:00:00,2968880
87.0,48.1,90.1,65.0,2026-06-21 10:20:00,2968880
88.1,45.2,90.9,64.2,2026-06-21 10:40:00,2968880
88.4,42.6,90.5,62.8,2026-06-21 11:00:00,2968880
89.0,41.4,91.2,62.5,2026-06-21 11:20:00,2968880
88.8,39.1,90.1,60.7,2026-06-21 11:40:00,2968880
89.5,39.3,91.4,61.4,2026-06-21 12:00:00,2968880
91.3,36.0,93.2,60.6,2026-06-21 12:20:00,2968880
91.3,36.4,93.2,60.9,2026-06-21 12:40:00,2968880
92.1,34.8,94.1,60.4,2026-06-21 13:00:00,2968880
91.8,35.5,93.9,60.7,2026-06-21 13:20:00,2968880
92.4,35.8,95.0,61.4,2026-06-21 13:40:00,2968880
93.8,38.5,98.6,64.8,2026-06-21 14:00:00,2968880
92.7,38.5,96.6,63.7,2026-06-21 14:20:00,2968880
93.4,37.2,97.3,63.4,2026-06-21 14:40:00,2968880
92.0,36.9,94.8,62.0,2026-06-21 15:00:00,2968880
93.4,36.0,96.6,62.5,2026-06-21 15:20:00,2968880
94.4,35.2,97.9,62.7,2026-06-21 15:40:00,2968880
93.0,35.5,95.5,61.7,2026-06-21 16:00:00,2968880
93.8,35.3,97.0,62.2,2026-06-21 16:20:00,2968880
92.6,36.4,95.4,62.1,2026-06-21 16:40:00,2968880
91.8,36.9,94.5,61.7,2026-06-21 17:00:00,2968880
91.8,36.5,94.3,61.4,2026-06-21 17:20:00,2968880
92.4,36.5,95.2,62.0,2026-06-21 17:40:00,2968880
92.2,38.3,95.7,63.2,2026-06-21 18:00:00,2968880
92.9,38.8,97.2,64.1,2026-06-21 18:20:00,2968880
92.4,38.5,96.1,63.5,2026-06-21 18:40:00,2968880
91.4,39.3,94.8,63.2,2026-06-21 19:00:00,2968880
91.0,39.9,94.1,63.2,2026-06-21 19:20:00,2968880
90.3,41.5,93.6,63.7,2026-06-21 19:40:00,2968880
89.5,43.1,92.8,64.1,2026-06-21 20:00:00,2968880
88.7,44.4,91.8,64.2,2026-06-21 20:20:00,2968880
88.2,44.8,90.9,64.0,2026-06-21 20:40:00,2968880
87.4,45.0,89.4,63.4,2026-06-21 21:00:00,2968880
86.6,45.8,88.7,63.3,2026-06-21 21:20:00,2968880
85.7,47.3,87.6,63.4,2026-06-21 21:40:00,2968880
85.2,48.1,87.1,63.4,2026-06-21 22:00:00,2968880
84.5,48.8,86.2,63.2,2026-06-21 22:20:00,2968880
84.0,49.8,85.5,63.3,2026-06-21 22:40:00,2968880
83.2,52.4,84.9,64.0,2026-06-21 23:00:00,2968880
82.0,53.5,83.3,63.5,2026-06-21 23:20:00,2968880
82.0,54.5,83.3,64.0,2026-06-21 23:40:00,2968880
81.5,56.7,83.1,64.7,2026-06-22 00:00:00,2968880
81.0,59.8,82.9,65.8,2026-06-22 00:20:00,2968880
80.6,62.3,82.8,66.5,2026-06-22 00:40:00,2968880
79.8,65.0,82.2,67.0,2026-06-22 01:00:00,2968880
79.4,67.2,82.0,67.6,2026-06-22 01:20:00,2968880
78.7,69.2,81.1,67.7,2026-06-22 01:40:00,2968880
78.2,71.9,80.6,68.4,2026-06-22 02:00:00,2968880
77.9,73.7,80.2,68.8,2026-06-22 02:20:00,2968880
77.6,75.4,80.2,69.2,2026-06-22 02:40:00,2968880
77.4,76.6,80.1,69.5,2026-06-22 03:00:00,2968880
76.9,78.0,79.2,69.5,2026-06-22 03:20:00,2968880
76.6,79.6,78.8,69.8,2026-06-22 03:40:00,2968880
76.1,80.8,78.4,69.7,2026-06-22 04:00:00,2968880
75.6,82.0,77.9,69.7,2026-06-22 04:20:00,2968880
75.5,83.1,77.7,70.0,2026-06-22 04:40:00,2968880
75.0,84.3,77.2,69.9,2026-06-22 05:00:00,2968880
74.7,85.5,77.2,70.1,2026-06-22 05:20:00,2968880
74.5,86.4,77.0,70.2,2026-06-22 05:40:00,2968880
74.4,87.3,76.8,70.3,2026-06-22 06:00:00,2968880
74.4,87.9,77.0,70.5,2026-06-22 06:20:00,2968880
74.4,88.3,77.0,70.7,2026-06-22 06:40:00,2968880
74.6,88.7,77.2,71.0,2026-06-22 07:00:00,2968880
75.0,88.9,77.7,71.5,2026-06-22 07:20:00,2968880
75.7,88.1,78.6,71.9,2026-06-22 07:40:00,2968880
76.6,87.0,79.7,72.4,2026-06-22 08:00:00,2968880
77.8,85.7,82.2,73.1,2026-06-22 08:20:00,2968880
80.4,81.5,87.1,74.3,2026-06-22 08:40:00,2968880
83.2,75.5,91.4,74.7,2026-06-22 09:00:00,2968880
83.6,74.0,91.8,74.4,2026-06-22 09:20:00,2968880
84.5,71.3,93.2,74.2,2026-06-22 09:40:00,2968880
85.4,70.0,94.8,74.5,2026-06-22 10:00:00,2968880
86.0,68.9,95.7,74.6,2026-06-22 10:20:00,2968880
87.5,66.1,98.4,74.8,2026-06-22 10:40:00,2968880
88.3,63.3,98.6,74.3,2026-06-22 11:00:00,2968880
88.9,62.0,100.0,74.2,2026-06-22 11:20:00,2968880
89.6,59.8,100.2,73.7,2026-06-22 11:40:00,2968880
90.0,55.9,99.7,72.1,2026-06-22 12:00:00,2968880
90.7,56.4,101.7,73.0,2026-06-22 12:20:00,2968880
91.7,54.1,102.7,72.8,2026-06-22 12:40:00,2968880
92.1,53.4,103.1,72.7,2026-06-22 13:00:00,2968880
92.9,50.8,103.6,72.0,2026-06-22 13:20:00,2968880
92.8,50.5,102.9,71.7,2026-06-22 13:40:00,2968880
93.3,48.7,103.1,71.1,2026-06-22 14:00:00,2968880
93.4,49.2,103.6,71.5,2026-06-22 14:20:00,2968880
94.7,47.6,105.6,71.7,2026-06-22 14:40:00,2968880
95.8,47.2,108.0,72.4,2026-06-22 15:00:00,2968880
94.6,47.0,104.9,71.3,2026-06-22 15:20:00,2968880
95.1,46.2,105.6,71.2,2026-06-22 15:40:00,2968880
95.5,46.8,106.9,71.9,2026-06-22 16:00:00,2968880
95.9,44.6,106.5,70.9,2026-06-22 16:20:00,2968880
95.4,45.7,106.0,71.1,2026-06-22 16:40:00,2968880
96.5,45.0,107.8,71.7,2026-06-22 17:00:00,2968880
96.5,43.5,106.9,70.7,2026-06-22 17:20:00,2968880
96.0,43.9,106.0,70.5,2026-06-22 17:40:00,2968880
96.5,43.3,106.9,70.6,2026-06-22 18:00:00,2968880
96.1,43.7,106.3,70.4,2026-06-22 18:20:00,2968880
95.5,43.9,104.7,70.1,2026-06-22 18:40:00,2968880
94.4,44.9,102.9,69.7,2026-06-22 19:00:00,2968880
94.2,46.0,103.3,70.2,2026-06-22 19:20:00,2968880
93.1,46.3,101.3,69.5,2026-06-22 19:40:00,2968880
92.7,47.5,101.1,69.9,2026-06-22 20:00:00,2968880
92.3,48.7,100.8,70.2,2026-06-22 20:20:00,2968880
91.6,49.8,100.2,70.2,2026-06-22 20:40:00,2968880
86.5,50.0,89.8,65.7,2026-06-22 21:00:00,2968880
82.6,58.5,85.3,66.6,2026-06-22 21:20:00,2968880
81.2,63.8,84.2,67.7,2026-06-22 21:40:00,2968880
80.9,66.8,84.2,68.8,2026-06-22 22:00:00,2968880
80.6,68.6,84.4,69.3,2026-06-22 22:20:00,2968880
80.3,69.7,84.0,69.5,2026-06-22 22:40:00,2968880
80.5,69.8,84.4,69.7,2026-06-22 23:00:00,2968880
80.6,70.9,84.6,70.2,2026-06-22 23:20:00,2968880
80.7,71.3,84.9,70.6,2026-06-22 23:40:00,2968880
80.7,72.4,85.3,71.0,2026-06-23 00:00:00,2968880
81.2,73.3,86.4,71.8,2026-06-23 00:20:00,2968880
79.2,79.5,84.2,72.3,2026-06-23 00:40:00,2968880
78.3,80.3,82.4,71.8,2026-06-23 01:00:00,2968880
77.6,80.8,81.1,71.3,2026-06-23 01:20:00,2968880
77.2,81.7,80.4,71.1,2026-06-23 01:40:00,2968880
77.0,82.3,79.9,71.2,2026-06-23 02:00:00,2968880
77.0,83.0,79.9,71.4,2026-06-23 02:20:00,2968880
76.4,84.0,79.0,71.2,2026-06-23 02:40:00,2968880
76.0,84.5,78.6,71.0,2026-06-23 03:00:00,2968880
75.9,85.5,78.8,71.3,2026-06-23 03:20:00,2968880
76.2,86.0,79.2,71.7,2026-06-23 03:40:00,2968880
76.1,87.0,79.2,72.0,2026-06-23 04:00:00,2968880
76.1,87.1,79.0,71.9,2026-06-23 04:20:00,2968880
76.2,86.7,79.2,71.9,2026-06-23 04:40:00,2968880
76.2,86.3,79.2,71.8,2026-06-23 05:00:00,2968880
76.5,85.5,79.5,71.9,2026-06-23 05:20:00,2968880
76.8,85.1,79.9,72.0,2026-06-23 05:40:00,2968880
77.3,84.2,80.8,72.2,2026-06-23 06:00:00,2968880
77.7,83.7,81.5,72.3,2026-06-23 06:20:00,2968880
77.9,84.3,82.0,72.8,2026-06-23 06:40:00,2968880
78.1,84.3,82.8,73.0,2026-06-23 07:00:00,2968880
78.7,82.8,83.7,73.0,2026-06-23 07:20:00,2968880
79.4,81.0,84.9,73.1,2026-06-23 07:40:00,2968880
79.8,80.6,85.5,73.3,2026-06-23 08:00:00,2968880
80.9,78.4,87.1,73.5,2026-06-23 08:20:00,2968880
83.0,75.4,90.9,74.4,2026-06-23 08:40:00,2968880
84.5,70.7,93.0,73.9,2026-06-23 09:00:00,2968880
85.9,66.0,94.6,73.2,2026-06-23 09:20:00,2968880
86.5,65.0,95.5,73.3,2026-06-23 09:40:00,2968880
86.0,64.5,94.1,72.6,2026-06-23 10:00:00,2968880
85.7,66.0,94.1,73.0,2026-06-23 10:20:00,2968880
85.7,65.0,93.9,72.6,2026-06-23 10:40:00,2968880
87.2,63.2,96.3,73.1,2026-06-23 11:00:00,2968880
86.0,62.6,93.2,71.7,2026-06-23 11:20:00,2968880
85.1,63.5,92.1,71.3,2026-06-23 11:40:00,2968880
74.7,84.4,77.0,69.7,2026-06-23 12:00:00,2968880
73.8,92.6,76.6,71.6,2026-06-23 12:20:00,2968880
75.9,94.2,79.7,74.1,2026-06-23 12:40:00,2968880
77.4,94.4,82.9,75.6,2026-06-23 13:00:00,2968880
78.8,92.4,85.5,76.4,2026-06-23 13:20:00,2968880
78.5,89.2,84.6,75.1,2026-06-23 13:40:00,2968880
77.1,90.2,81.3,74.0,2026-06-23 14:00:00,2968880
75.2,92.5,78.4,72.9,2026-06-23 14:20:00,2968880
74.8,94.0,78.1,73.0,2026-06-23 14:40:00,2968880
74.9,94.4,78.4,73.2,2026-06-23 15:00:00,2968880
75.3,94.8,79.0,73.7,2026-06-23 15:20:00,2968880
76.5,92.8,80.6,74.2,2026-06-23 15:40:00,2968880
77.0,90.0,81.0,73.8,2026-06-23 16:00:00,2968880
78.6,87.0,84.6,74.4,2026-06-23 16:20:00,2968880
79.1,82.9,84.4,73.4,2026-06-23 16:40:00,2968880
79.2,82.7,84.7,73.4,2026-06-23 17:00:00,2968880
80.2,80.7,86.2,73.7,2026-06-23 17:20:00,2968880
80.2,79.6,86.0,73.3,2026-06-23 17:40:00,2968880
81.6,76.5,88.0,73.4,2026-06-23 18:00:00,2968880
82.4,73.5,88.9,73.1,2026-06-23 18:20:00,2968880
82.6,69.8,88.0,71.7,2026-06-23 18:40:00,2968880
79.1,72.2,82.2,69.4,2026-06-23 19:00:00,2968880
76.2,77.8,78.1,68.8,2026-06-23 19:20:00,2968880
75.5,79.6,77.4,68.7,2026-06-23 19:40:00,2968880
74.9,81.6,77.0,68.9,2026-06-23 20:00:00,2968880
74.5,82.4,76.6,68.8,2026-06-23 20:20:00,2968880
73.8,83.5,75.9,68.5,2026-06-23 20:40:00,2968880
73.4,84.3,75.4,68.4,2026-06-23 21:00:00,2968880
73.3,80.8,75.0,67.0,2026-06-23 21:20:00,2968880
73.3,80.2,74.8,66.8,2026-06-23 21:40:00,2968880
73.0,80.6,74.5,66.6,2026-06-23 22:00:00,2968880
72.4,81.4,73.8,66.4,2026-06-23 22:20:00,2968880
71.8,83.3,73.4,66.5,2026-06-23 22:40:00,2968880
71.8,84.2,73.4,66.8,2026-06-23 23:00:00,2968880
71.3,85.0,72.7,66.6,2026-06-23 23:20:00,2968880
70.9,86.5,72.5,66.7,2026-06-23 23:40:00,2968880
70.4,87.7,71.8,66.5,2026-06-24 00:00:00,2968880
69.8,88.6,71.2,66.3,2026-06-24 00:20:00,2968880
69.4,89.6,70.5,66.3,2026-06-24 00:40:00,2968880
69.0,90.8,70.3,66.2,2026-06-24 01:00:00,2968880
68.8,91.5,70.0,66.2,2026-06-24 01:20:00,2968880
68.8,92.0,70.2,66.3,2026-06-24 01:40:00,2968880
68.5,92.6,69.6,66.3,2026-06-24 02:00:00,2968880
68.1,93.0,69.3,66.0,2026-06-24 02:20:00,2968880
67.9,93.2,69.1,65.8,2026-06-24 02:40:00,2968880
67.7,93.6,68.9,65.8,2026-06-24 03:00:00,2968880
67.6,93.7,68.7,65.7,2026-06-24 03:20:00,2968880
67.2,93.8,68.4,65.4,2026-06-24 03:40:00,2968880
67.1,94.1,68.4,65.4,2026-06-24 04:00:00,2968880
67.1,94.2,68.4,65.4,2026-06-24 04:20:00,2968880
66.9,94.0,68.2,65.2,2026-06-24 04:40:00,2968880
66.6,93.8,67.8,64.8,2026-06-24 05:00:00,2968880
66.3,93.2,67.3,64.2,2026-06-24 05:20:00,2968880
65.7,92.3,66.6,63.4,2026-06-24 05:40:00,2968880
65.5,92.8,66.4,63.4,2026-06-24 06:00:00,2968880
64.8,91.8,65.3,62.3,2026-06-24 06:20:00,2968880
64.5,92.7,65.1,62.3,2026-06-24 06:40:00,2968880
64.6,92.6,65.3,62.4,2026-06-24 07:00:00,2968880
65.0,90.1,65.7,62.1,2026-06-24 07:20:00,2968880
66.1,85.0,66.4,61.4,2026-06-24 07:40:00,2968880
67.8,78.8,68.0,61.0,2026-06-24 08:00:00,2968880
69.1,75.1,69.6,60.9,2026-06-24 08:20:00,2968880
71.5,68.1,72.0,60.4,2026-06-24 08:40:00,2968880
74.8,61.2,74.7,60.5,2026-06-24 09:00:00,2968880
76.5,56.6,75.9,60.0,2026-06-24 09:20:00,2968880
77.5,51.8,76.6,58.4,2026-06-24 09:40:00,2968880
78.0,47.6,76.8,56.5,2026-06-24 10:00:00,2968880
80.0,46.4,79.0,57.6,2026-06-24 10:20:00,2968880
79.9,44.8,78.8,56.5,2026-06-24 10:40:00,2968880
80.4,43.9,79.0,56.4,2026-06-24 11:00:00,2968880
80.7,42.3,79.3,55.7,2026-06-24 11:20:00,2968880
81.1,41.7,79.5,55.6,2026-06-24 11:40:00,2968880
81.7,41.6,80.4,56.1,2026-06-24 12:00:00,2968880
81.9,40.3,80.4,55.4,2026-06-24 12:20:00,2968880
82.2,39.8,80.4,55.4,2026-06-24 12:40:00,2968880
82.5,40.1,81.1,55.8,2026-06-24 13:00:00,2968880
82.2,40.0,80.6,55.5,2026-06-24 13:20:00,2968880
83.2,41.1,82.4,57.2,2026-06-24 13:40:00,2968880
82.9,38.2,81.3,54.8,2026-06-24 14:00:00,2968880
83.2,39.4,82.0,55.9,2026-06-24 14:20:00,2968880
83.5,40.9,82.8,57.3,2026-06-24 14:40:00,2968880
83.8,40.5,82.9,57.3,2026-06-24 15:00:00,2968880
83.4,39.5,82.2,56.3,2026-06-24 15:20:00,2968880
83.8,40.7,82.9,57.4,2026-06-24 15:40:00,2968880
84.0,39.4,82.9,56.7,2026-06-24 16:00:00,2968880
84.5,40.2,84.0,57.7,2026-06-24 16:20:00,2968880
85.0,38.4,84.4,56.9,2026-06-24 16:40:00,2968880
84.6,39.5,84.0,57.3,2026-06-24 17:00:00,2968880
84.9,38.6,84.4,56.9,2026-06-24 17:20:00,2968880
84.8,38.4,84.0,56.7,2026-06-24 17:40:00,2968880
85.8,37.2,85.3,56.8,2026-06-24 18:00:00,2968880
86.0,37.9,85.6,57.4,2026-06-24 18:20:00,2968880
85.3,37.1,84.4,56.1,2026-06-24 18:40:00,2968880
84.8,38.3,84.0,56.6,2026-06-24 19:00:00,2968880
83.8,41.6,83.3,58.0,2026-06-24 19:20:00,2968880
82.8,47.1,82.9,60.6,2026-06-24 19:40:00,2968880
81.1,46.8,80.6,58.9,2026-06-24 20:00:00,2968880
79.8,49.8,79.3,59.4,2026-06-24 20:20:00,2968880
78.1,51.6,77.5,58.8,2026-06-24 20:40:00,2968880
76.5,55.4,75.9,59.3,2026-06-24 21:00:00,2968880
75.5,60.5,75.4,60.9,2026-06-24 21:20:00,2968880
74.5,60.4,74.5,59.9,2026-06-24 21:40:00,2968880
73.4,64.5,73.6,60.7,2026-06-24 22:00:00,2968880
72.9,64.5,73.2,60.2,2026-06-24 22:20:00,2968880
72.3,66.3,72.7,60.4,2026-06-24 22:40:00,2968880
71.8,67.4,72.3,60.5,2026-06-24 23:00:00,2968880
71.3,71.6,72.0,61.6,2026-06-24 23:20:00,2968880
70.7,72.0,71.2,61.2,2026-06-24 23:40:00,2968880
70.1,75.3,70.7,61.9,2026-06-25 00:00:00,2968880
69.7,76.1,70.3,61.8,2026-06-25 00:20:00,2968880
69.3,78.6,69.8,62.3,2026-06-25 00:40:00,2968880
68.8,80.0,69.3,62.3,2026-06-25 01:00:00,2968880
68.0,80.2,68.2,61.6,2026-06-25 01:20:00,2968880
67.5,81.3,67.8,61.6,2026-06-25 01:40:00,2968880
67.2,82.6,67.6,61.7,2026-06-25 02:00:00,2968880
67.0,82.9,67.3,61.6,2026-06-25 02:20:00,2968880
66.6,84.2,66.9,61.7,2026-06-25 02:40:00,2968880
66.1,84.5,66.4,61.3,2026-06-25 03:00:00,2968880
65.9,84.8,66.2,61.2,2026-06-25 03:20:00,2968880
65.6,85.4,65.7,61.1,2026-06-25 03:40:00,2968880
65.3,86.1,65.5,61.1,2026-06-25 04:00:00,2968880
65.2,86.4,65.5,61.0,2026-06-25 04:20:00,2968880
65.3,88.0,65.7,61.7,2026-06-25 04:40:00,2968880
65.3,88.8,65.8,61.9,2026-06-25 05:00:00,2968880
65.0,88.3,65.5,61.4,2026-06-25 05:20:00,2968880
64.9,88.7,65.1,61.5,2026-06-25 05:40:00,2968880
65.0,88.9,65.5,61.6,2026-06-25 06:00:00,2968880
64.9,89.8,65.1,61.8,2026-06-25 06:20:00,2968880
65.1,90.3,65.8,62.2,2026-06-25 06:40:00,2968880
65.6,90.4,66.2,62.7,2026-06-25 07:00:00,2968880
66.5,90.6,67.3,63.6,2026-06-25 07:20:00,2968880
68.5,89.8,69.4,65.4,2026-06-25 07:40:00,2968880
70.4,86.0,71.6,66.1,2026-06-25 08:00:00,2968880
72.1,83.0,73.6,66.6,2026-06-25 08:20:00,2968880
74.7,79.5,76.6,67.9,2026-06-25 08:40:00,2968880
77.2,74.7,79.0,68.5,2026-06-25 09:00:00,2968880
78.3,72.6,81.1,68.8,2026-06-25 09:20:00,2968880
79.5,69.1,82.8,68.5,2026-06-25 09:40:00,2968880
81.1,66.1,84.4,68.7,2026-06-25 10:00:00,2968880
82.1,62.6,85.3,68.1,2026-06-25 10:20:00,2968880
82.3,60.4,85.1,67.2,2026-06-25 10:40:00,2968880
82.9,59.1,85.8,67.1,2026-06-25 11:00:00,2968880
83.4,56.5,86.2,66.3,2026-06-25 11:20:00,2968880
84.9,55.5,88.7,67.2,2026-06-25 11:40:00,2968880
84.2,53.5,87.1,65.5,2026-06-25 12:00:00,2968880
83.8,53.3,86.0,65.0,2026-06-25 12:20:00,2968880
83.2,54.5,85.5,65.1,2026-06-25 12:40:00,2968880
82.8,54.5,84.7,64.8,2026-06-25 13:00:00,2968880
82.9,54.6,84.7,64.9,2026-06-25 13:20:00,2968880
85.6,52.7,89.2,66.3,2026-06-25 13:40:00,2968880
85.8,50.3,88.7,65.2,2026-06-25 14:00:00,2968880
85.6,50.7,88.5,65.2,2026-06-25 14:20:00,2968880
87.5,47.9,91.0,65.3,2026-06-25 14:40:00,2968880
87.0,47.7,90.0,64.7,2026-06-25 15:00:00,2968880
87.9,47.1,91.2,65.2,2026-06-25 15:20:00,2968880
86.7,48.4,89.6,64.9,2026-06-25 15:40:00,2968880
87.9,48.1,91.6,65.9,2026-06-25 16:00:00,2968880
87.5,45.5,90.1,63.9,2026-06-25 16:20:00,2968880
88.4,45.9,91.6,64.9,2026-06-25 16:40:00,2968880
88.8,45.7,92.3,65.2,2026-06-25 17:00:00,2968880
88.5,45.5,91.6,64.8,2026-06-25 17:20:00,2968880
89.0,45.3,92.5,65.1,2026-06-25 17:40:00,2968880
89.0,45.1,92.5,64.9,2026-06-25 18:00:00,2968880
89.0,44.1,92.1,64.3,2026-06-25 18:20:00,2968880
88.7,45.5,91.9,64.9,2026-06-25 18:40:00,2968880
87.9,45.6,90.7,64.3,2026-06-25 19:00:00,2968880
86.9,46.7,89.6,64.1,2026-06-25 19:20:00,2968880
86.5,48.2,89.2,64.6,2026-06-25 19:40:00,2968880
86.0,48.8,88.9,64.5,2026-06-25 20:00:00,2968880
85.7,50.1,88.7,65.0,2026-06-25 20:20:00,2968880
85.1,51.9,88.0,65.4,2026-06-25 20:40:00,2968880
84.0,58.0,87.6,67.6,2026-06-25 21:00:00,2968880
81.8,58.9,83.8,66.1,2026-06-25 21:20:00,2968880
80.1,61.7,82.0,65.8,2026-06-25 21:40:00,2968880
79.3,65.8,81.3,66.8,2026-06-25 22:00:00,2968880
78.6,68.4,80.6,67.3,2026-06-25 22:20:00,2968880
77.8,70.0,79.7,67.2,2026-06-25 22:40:00,2968880
76.8,70.1,77.7,66.3,2026-06-25 23:00:00,2968880
76.5,72.7,77.9,67.1,2026-06-25 23:20:00,2968880
76.0,75.1,77.5,67.5,2026-06-25 23:40:00,2968880
75.5,74.1,76.8,66.6,2026-06-26 00:00:00,2968880
74.9,75.3,76.3,66.6,2026-06-26 00:20:00,2968880
75.0,77.1,76.5,67.3,2026-06-26 00:40:00,2968880
75.0,74.8,76.1,66.4,2026-06-26 01:00:00,2968880
75.3,73.1,76.5,66.1,2026-06-26 01:20:00,2968880
75.0,73.3,76.1,65.9,2026-06-26 01:40:00,2968880
74.6,75.8,75.9,66.4,2026-06-26 02:00:00,2968880
74.3,75.0,75.7,65.9,2026-06-26 02:20:00,2968880
75.1,73.5,76.5,66.1,2026-06-26 02:40:00,2968880
75.0,72.9,76.1,65.8,2026-06-26 03:00:00,2968880
74.8,73.3,75.9,65.7,2026-06-26 03:20:00,2968880
74.4,75.2,75.7,66.0,2026-06-26 03:40:00,2968880
74.1,74.9,75.2,65.6,2026-06-26 04:00:00,2968880
73.7,75.9,75.0,65.7,2026-06-26 04:20:00,2968880
72.9,78.7,74.3,65.9,2026-06-26 04:40:00,2968880
72.0,79.2,73.4,65.2,2026-06-26 05:00:00,2968880
71.7,81.7,73.0,65.8,2026-06-26 05:20:00,2968880
71.6,83.8,73.0,66.4,2026-06-26 05:40:00,2968880
71.0,84.5,72.3,66.0,2026-06-26 06:00:00,2968880
70.4,85.5,71.6,65.9,2026-06-26 06:20:00,2968880
70.6,85.8,71.8,66.1,2026-06-26 06:40:00,2968880
71.2,85.8,72.5,66.7,2026-06-26 07:00:00,2968880
72.7,83.1,74.5,67.3,2026-06-26 07:20:00,2968880
73.9,81.2,75.6,67.7,2026-06-26 07:40:00,2968880
75.3,80.1,77.2,68.7,2026-06-26 08:00:00,2968880
76.5,77.8,78.6,69.0,2026-06-26 08:20:00,2968880
78.3,75.5,81.5,69.9,2026-06-26 08:40:00,2968880
81.0,69.9,85.3,70.3,2026-06-26 09:00:00,2968880
82.2,67.8,86.7,70.5,2026-06-26 09:20:00,2968880
82.5,66.4,87.1,70.2,2026-06-26 09:40:00,2968880
82.4,67.0,86.9,70.3,2026-06-26 10:00:00,2968880
82.8,68.0,88.3,71.2,2026-06-26 10:20:00,2968880
85.0,63.4,91.6,71.2,2026-06-26 10:40:00,2968880
85.5,61.4,91.9,70.7,2026-06-26 11:00:00,2968880
87.5,54.1,93.2,68.8,2026-06-26 11:20:00,2968880
86.1,57.4,91.8,69.2,2026-06-26 11:40:00,2968880
85.2,58.2,90.1,68.9,2026-06-26 12:00:00,2968880
86.1,58.8,92.3,70.0,2026-06-26 12:20:00,2968880
87.3,53.8,92.8,68.5,2026-06-26 12:40:00,2968880
87.0,53.3,91.9,67.9,2026-06-26 13:00:00,2968880
88.3,52.6,94.1,68.8,2026-06-26 13:20:00,2968880
88.3,51.5,93.7,68.2,2026-06-26 13:40:00,2968880
88.4,52.5,94.5,68.9,2026-06-26 14:00:00,2968880
89.6,50.4,95.9,68.7,2026-06-26 14:20:00,2968880
88.4,52.0,94.3,68.6,2026-06-26 14:40:00,2968880
88.2,52.1,93.9,68.5,2026-06-26 15:00:00,2968880
87.4,53.4,92.7,68.4,2026-06-26 15:20:00,2968880
86.7,57.2,93.0,69.8,2026-06-26 15:40:00,2968880
85.1,61.9,91.0,70.5,2026-06-26 16:00:00,2968880
81.7,73.8,87.6,72.5,2026-06-26 16:20:00,2968880
83.6,70.9,90.9,73.2,2026-06-26 16:40:00,2968880
83.5,69.5,90.3,72.4,2026-06-26 17:00:00,2968880
83.2,68.2,89.2,71.6,2026-06-26 17:20:00,2968880
84.6,65.6,91.6,71.8,2026-06-26 17:40:00,2968880
84.6,64.2,91.2,71.2,2026-06-26 18:00:00,2968880
84.2,65.2,90.7,71.3,2026-06-26 18:20:00,2968880
83.5,67.7,90.0,71.7,2026-06-26 18:40:00,2968880
82.8,69.3,88.7,71.8,2026-06-26 19:00:00,2968880
82.2,68.5,87.3,70.8,2026-06-26 19:20:00,2968880
81.6,69.8,86.4,70.8,2026-06-26 19:40:00,2968880
80.9,69.8,85.1,70.2,2026-06-26 20:00:00,2968880
80.1,72.4,84.4,70.4,2026-06-26 20:20:00,2968880
79.3,74.7,83.1,70.6,2026-06-26 20:40:00,2968880
78.6,76.4,82.4,70.6,2026-06-26 21:00:00,2968880
78.3,78.5,82.0,71.1,2026-06-26 21:20:00,2968880
77.8,80.7,81.5,71.3,2026-06-26 21:40:00,2968880
77.5,82.4,81.0,71.7,2026-06-26 22:00:00,2968880
77.2,84.1,80.8,72.1,2026-06-26 22:20:00,2968880
77.2,85.0,80.6,72.3,2026-06-26 22:40:00,2968880
77.1,85.7,80.6,72.4,2026-06-26 23:00:00,2968880
77.1,86.0,80.6,72.5,2026-06-26 23:20:00,2968880
77.1,86.0,80.8,72.6,2026-06-26 23:40:00,2968880
76.8,86.5,80.1,72.4,2026-06-27 00:00:00,2968880
76.7,86.7,80.1,72.4,2026-06-27 00:20:00,2968880
76.5,87.1,79.7,72.3,2026-06-27 00:40:00,2968880
76.1,87.5,79.3,72.1,2026-06-27 01:00:00,2968880
76.0,87.5,79.2,72.0,2026-06-27 01:20:00,2968880
75.7,88.2,78.6,71.9,2026-06-27 01:40:00,2968880
75.5,88.1,78.4,71.8,2026-06-27 02:00:00,2968880
75.5,88.0,78.4,71.6,2026-06-27 02:20:00,2968880
75.4,88.2,78.4,71.7,2026-06-27 02:40:00,2968880
75.3,88.4,78.1,71.6,2026-06-27 03:00:00,2968880
75.1,88.7,78.1,71.6,2026-06-27 03:20:00,2968880
74.8,89.4,77.5,71.4,2026-06-27 03:40:00,2968880
74.7,89.7,77.5,71.5,2026-06-27 04:00:00,2968880
74.7,89.9,77.5,71.5,2026-06-27 04:20:00,2968880
74.6,90.1,77.5,71.5,2026-06-27 04:40:00,2968880
74.6,90.1,77.5,71.5,2026-06-27 05:00:00,2968880
74.5,90.2,77.5,71.4,2026-06-27 05:20:00,2968880
74.4,90.5,77.2,71.5,2026-06-27 05:40:00,2968880
74.4,90.5,77.2,71.5,2026-06-27 06:00:00,2968880
74.4,90.6,77.2,71.5,2026-06-27 06:20:00,2968880
74.6,90.6,77.5,71.6,2026-06-27 06:40:00,2968880
74.8,90.6,77.7,71.9,2026-06-27 07:00:00,2968880
75.5,89.7,78.4,72.2,2026-06-27 07:20:00,2968880
76.1,88.6,79.2,72.4,2026-06-27 07:40:00,2968880
76.8,87.6,80.2,72.8,2026-06-27 08:00:00,2968880
77.4,86.6,81.7,73.0,2026-06-27 08:20:00,2968880
79.3,84.9,85.3,74.3,2026-06-27 08:40:00,2968880
81.6,79.8,88.9,74.8,2026-06-27 09:00:00,2968880
83.4,76.4,92.1,75.2,2026-06-27 09:20:00,2968880
85.0,72.6,95.0,75.2,2026-06-27 09:40:00,2968880
85.7,71.2,96.3,75.3,2026-06-27 10:00:00,2968880
86.7,68.8,97.5,75.2,2026-06-27 10:20:00,2968880
87.9,65.5,98.8,74.9,2026-06-27 10:40:00,2968880
88.3,65.0,99.5,75.0,2026-06-27 11:00:00,2968880
88.1,64.5,98.8,74.6,2026-06-27 11:20:00,2968880
88.5,63.3,99.1,74.4,2026-06-27 11:40:00,2968880
88.7,60.6,98.8,73.3,2026-06-27 12:00:00,2968880
89.9,59.1,100.9,73.7,2026-06-27 12:20:00,2968880
89.3,60.0,99.7,73.5,2026-06-27 12:40:00,2968880
90.1,58.7,101.1,73.7,2026-06-27 13:00:00,2968880
90.3,60.1,102.7,74.6,2026-06-27 13:20:00,2968880
91.0,57.9,102.9,74.1,2026-06-27 13:40:00,2968880
90.9,57.1,102.6,73.6,2026-06-27 14:00:00,2968880
89.2,59.5,99.1,73.3,2026-06-27 14:20:00,2968880
80.8,79.9,87.4,74.0,2026-06-27 14:40:00,2968880
83.3,78.3,92.8,75.8,2026-06-27 15:00:00,2968880
87.2,73.6,100.9,77.7,2026-06-27 15:20:00,2968880
84.2,64.7,90.5,71.0,2026-06-27 15:40:00,2968880
80.7,68.3,84.4,69.3,2026-06-27 16:00:00,2968880
82.4,68.6,87.6,71.0,2026-06-27 16:20:00,2968880
83.5,69.5,90.3,72.5,2026-06-27 16:40:00,2968880
82.4,70.5,88.2,71.9,2026-06-27 17:00:00,2968880
84.7,65.2,91.4,71.7,2026-06-27 17:20:00,2968880
85.1,63.7,91.8,71.4,2026-06-27 17:40:00,2968880
84.1,65.0,90.3,71.0,2026-06-27 18:00:00,2968880
84.7,67.2,92.3,72.6,2026-06-27 18:20:00,2968880
84.8,70.6,93.9,74.1,2026-06-27 18:40:00,2968880
84.0,73.3,93.0,74.6,2026-06-27 19:00:00,2968880
83.9,74.6,93.0,74.9,2026-06-27 19:20:00,2968880
83.9,74.8,93.0,75.1,2026-06-27 19:40:00,2968880
83.5,75.7,92.5,75.1,2026-06-27 20:00:00,2968880
82.9,79.0,91.6,75.7,2026-06-27 20:20:00,2968880
82.2,80.1,90.0,75.4,2026-06-27 20:40:00,2968880
81.9,81.3,90.0,75.6,2026-06-27 21:00:00,2968880
81.5,82.7,89.6,75.7,2026-06-27 21:20:00,2968880
81.2,81.9,88.7,75.2,2026-06-27 21:40:00,2968880
81.1,75.8,86.7,72.7,2026-06-27 22:00:00,2968880
80.8,72.6,85.6,71.2,2026-06-27 22:20:00,2968880
80.4,73.4,84.7,71.1,2026-06-27 22:40:00,2968880
79.9,75.2,84.2,71.3,2026-06-27 23:00:00,2968880
79.2,75.0,83.3,70.6,2026-06-27 23:20:00,2968880
78.6,76.1,81.9,70.4,2026-06-27 23:40:00,2968880
78.3,77.0,81.9,70.5,2026-06-28 00:00:00,2968880
78.0,77.1,81.1,70.2,2026-06-28 00:20:00,2968880
77.6,77.7,80.4,70.1,2026-06-28 00:40:00,2968880
77.3,77.9,79.9,69.9,2026-06-28 01:00:00,2968880
77.0,78.8,79.7,69.9,2026-06-28 01:20:00,2968880
76.8,79.3,79.5,69.9,2026-06-28 01:40:00,2968880
76.6,79.5,79.2,69.8,2026-06-28 02:00:00,2968880
76.5,79.8,78.8,69.8,2026-06-28 02:20:00,2968880
76.2,80.9,78.4,69.9,2026-06-28 02:40:00,2968880
75.9,81.3,78.1,69.7,2026-06-28 03:00:00,2968880
75.6,82.1,77.9,69.7,2026-06-28 03:20:00,2968880
75.3,83.3,77.7,69.9,2026-06-28 03:40:00,2968880
74.9,84.3,77.2,69.8,2026-06-28 04:00:00,2968880
74.4,85.0,76.6,69.6,2026-06-28 04:20:00,2968880
73.8,86.2,76.1,69.4,2026-06-28 04:40:00,2968880
73.5,86.9,75.7,69.4,2026-06-28 05:00:00,2968880
73.5,87.3,75.7,69.5,2026-06-28 05:20:00,2968880
73.6,87.3,76.1,69.6,2026-06-28 05:40:00,2968880
73.7,87.2,75.9,69.6,2026-06-28 06:00:00,2968880
73.5,87.7,75.7,69.6,2026-06-28 06:20:00,2968880
73.4,87.6,75.6,69.4,2026-06-28 06:40:00,2968880
73.8,87.4,76.3,69.8,2026-06-28 07:00:00,2968880
74.3,85.6,76.6,69.7,2026-06-28 07:20:00,2968880
75.1,84.5,77.5,70.1,2026-06-28 07:40:00,2968880
76.3,82.5,78.8,70.6,2026-06-28 08:00:00,2968880
78.1,79.7,82.0,71.3,2026-06-28 08:20:00,2968880
79.1,78.2,83.5,71.7,2026-06-28 08:40:00,2968880
79.3,78.6,83.8,72.1,2026-06-28 09:00:00,2968880
80.3,77.0,85.6,72.4,2026-06-28 09:20:00,2968880
80.0,77.5,85.1,72.3,2026-06-28 09:40:00,2968880
80.4,77.5,85.8,72.7,2026-06-28 10:00:00,2968880
81.5,75.7,87.4,73.0,2026-06-28 10:20:00,2968880
82.3,74.2,88.7,73.3,2026-06-28 10:40:00,2968880
83.5,73.2,91.6,74.0,2026-06-28 11:00:00,2968880
83.7,71.4,91.4,73.4,2026-06-28 11:20:00,2968880
84.7,69.8,93.2,73.8,2026-06-28 11:40:00,2968880
87.2,65.6,97.2,74.2,2026-06-28 12:00:00,2968880
87.0,65.0,96.6,73.8,2026-06-28 12:20:00,2968880
87.4,64.7,97.3,74.0,2026-06-28 12:40:00,2968880
88.0,62.0,97.7,73.4,2026-06-28 13:00:00,2968880
87.9,63.0,97.5,73.7,2026-06-28 13:20:00,2968880
88.8,62.6,99.7,74.4,2026-06-28 13:40:00,2968880
88.8,61.9,99.3,74.0,2026-06-28 14:00:00,2968880
90.7,57.6,102.4,73.7,2026-06-28 14:20:00,2968880
91.4,56.1,102.9,73.5,2026-06-28 14:40:00,2968880
91.4,55.6,102.6,73.2,2026-06-28 15:00:00,2968880
91.1,55.8,102.2,73.2,2026-06-28 15:20:00,2968880
92.1,56.8,105.4,74.6,2026-06-28 15:40:00,2968880
90.7,57.6,102.4,73.7,2026-06-28 16:00:00,2968880
90.9,59.8,104.0,75.0,2026-06-28 16:20:00,2968880
90.1,62.8,103.3,75.7,2026-06-28 16:40:00,2968880
90.5,61.4,103.8,75.4,2026-06-28 17:00:00,2968880
87.0,64.0,96.1,73.3,2026-06-28 17:20:00,2968880
85.6,66.6,94.1,73.1,2026-06-28 17:40:00,2968880
79.6,81.3,85.3,73.4,2026-06-28 18:00:00,2968880
77.6,89.8,82.4,74.3,2026-06-28 18:20:00,2968880
76.8,89.7,80.8,73.6,2026-06-28 18:40:00,2968880
75.1,90.9,78.3,72.2,2026-06-28 19:00:00,2968880
74.7,92.7,77.9,72.4,2026-06-28 19:20:00,2968880
74.9,93.8,78.4,73.0,2026-06-28 19:40:00,2968880
75.4,94.8,79.2,73.8,2026-06-28 20:00:00,2968880
75.1,94.6,78.6,73.5,2026-06-28 20:20:00,2968880
75.6,95.0,79.5,74.1,2026-06-28 20:40:00,2968880
75.4,94.9,79.2,73.8,2026-06-28 21:00:00,2968880
75.3,95.0,79.0,73.8,2026-06-28 21:20:00,2968880
75.1,95.1,78.8,73.5,2026-06-28 21:40:00,2968880
75.1,95.4,78.8,73.7,2026-06-28 22:00:00,2968880
75.2,95.7,79.0,73.9,2026-06-28 22:20:00,2968880
75.2,95.9,79.0,74.0,2026-06-28 22:40:00,2968880
75.1,95.7,78.8,73.7,2026-06-28 23:00:00,2968880
74.7,95.5,78.3,73.3,2026-06-28 23:20:00,2968880
74.7,95.5,78.3,73.3,2026-06-28 23:40:00,2968880
74.7,95.5,78.3,73.3,2026-06-29 00:00:00,2968880
74.5,95.7,78.1,73.2,2026-06-29 00:20:00,2968880
74.1,95.8,77.2,72.8,2026-06-29 00:40:00,2968880
74.0,96.0,77.2,72.8,2026-06-29 01:00:00,2968880
74.0,96.2,77.2,72.8,2026-06-29 01:20:00,2968880
74.0,96.2,77.2,72.8,2026-06-29 01:40:00,2968880
74.0,96.0,77.2,72.8,2026-06-29 02:00:00,2968880
73.8,96.0,77.0,72.5,2026-06-29 02:20:00,2968880
73.7,96.0,76.8,72.4,2026-06-29 02:40:00,2968880
73.6,96.3,76.8,72.4,2026-06-29 03:00:00,2968880
73.5,96.3,76.6,72.3,2026-06-29 03:20:00,2968880
73.3,96.3,76.3,72.1,2026-06-29 03:40:00,2968880
73.1,96.4,76.1,72.1,2026-06-29 04:00:00,2968880
73.1,96.5,76.1,72.1,2026-06-29 04:20:00,2968880
73.2,96.7,76.3,72.2,2026-06-29 04:40:00,2968880
73.3,96.6,76.3,72.2,2026-06-29 05:00:00,2968880
73.2,96.5,76.3,72.2,2026-06-29 05:20:00,2968880
73.1,96.3,76.1,72.0,2026-06-29 05:40:00,2968880
73.0,96.1,75.7,71.8,2026-06-29 06:00:00,2968880
72.8,96.0,75.4,71.6,2026-06-29 06:20:00,2968880
72.9,95.8,75.7,71.6,2026-06-29 06:40:00,2968880
73.1,95.5,75.9,71.8,2026-06-29 07:00:00,2968880
73.5,95.0,76.5,71.9,2026-06-29 07:20:00,2968880
73.6,94.2,76.6,71.8,2026-06-29 07:40:00,2968880
74.0,93.8,77.0,72.1,2026-06-29 08:00:00,2968880
87.0,30.2,84.7,52.0,2026-06-15 14:00:00,2974177
90.6,27.6,89.1,52.7,2026-06-15 14:20:00,2974177
89.5,29.2,87.8,53.2,2026-06-15 14:40:00,2974177
91.7,28.3,90.7,54.2,2026-06-15 15:00:00,2974177
89.5,27.5,87.6,51.6,2026-06-15 15:20:00,2974177
90.6,28.8,89.2,53.8,2026-06-15 15:40:00,2974177
90.7,28.2,89.4,53.3,2026-06-15 16:00:00,2974177
89.5,30.5,88.2,54.5,2026-06-15 16:20:00,2974177
90.8,28.5,89.6,53.7,2026-06-15 16:40:00,2974177
90.9,26.7,89.2,52.0,2026-06-15 17:00:00,2974177
90.3,26.3,88.2,51.1,2026-06-15 17:20:00,2974177
89.5,27.0,87.3,51.1,2026-06-15 17:40:00,2974177
88.2,28.0,85.8,51.0,2026-06-15 18:00:00,2974177
89.5,29.0,87.8,53.0,2026-06-15 18:20:00,2974177
87.2,31.1,85.1,53.1,2026-06-15 18:40:00,2974177
85.8,32.7,83.8,53.2,2026-06-15 19:00:00,2974177
85.6,33.2,83.8,53.4,2026-06-15 19:20:00,2974177
84.9,34.1,83.3,53.5,2026-06-15 19:40:00,2974177
83.9,34.8,82.0,53.2,2026-06-15 20:00:00,2974177
83.2,36.0,81.1,53.5,2026-06-15 20:20:00,2974177
82.1,37.5,80.1,53.6,2026-06-15 20:40:00,2974177
80.8,39.5,79.0,53.9,2026-06-15 21:00:00,2974177
79.3,41.5,77.4,53.9,2026-06-15 21:20:00,2974177
77.2,43.4,75.2,53.2,2026-06-15 21:40:00,2974177
76.5,44.8,74.7,53.5,2026-06-15 22:00:00,2974177
75.1,45.8,73.6,52.8,2026-06-15 22:20:00,2974177
73.5,49.0,72.3,53.2,2026-06-15 22:40:00,2974177
72.7,52.9,72.0,54.5,2026-06-15 23:00:00,2974177
72.0,54.1,71.4,54.5,2026-06-15 23:20:00,2974177
71.3,56.6,70.9,55.1,2026-06-15 23:40:00,2974177
70.0,59.6,69.6,55.3,2026-06-16 00:00:00,2974177
70.2,59.5,69.8,55.5,2026-06-16 00:20:00,2974177
69.9,60.0,69.3,55.4,2026-06-16 00:40:00,2974177
69.4,60.2,68.7,55.0,2026-06-16 01:00:00,2974177
69.2,62.0,68.5,55.6,2026-06-16 01:20:00,2974177
69.7,61.3,69.3,55.9,2026-06-16 01:40:00,2974177
69.5,60.9,69.1,55.5,2026-06-16 02:00:00,2974177
69.8,59.6,69.1,55.1,2026-06-16 02:20:00,2974177
69.7,58.4,69.1,54.4,2026-06-16 02:40:00,2974177
69.5,58.9,68.9,54.5,2026-06-16 03:00:00,2974177
69.4,58.0,68.5,54.0,2026-06-16 03:20:00,2974177
68.3,61.0,67.3,54.4,2026-06-16 03:40:00,2974177
68.6,55.9,67.3,52.3,2026-06-16 04:00:00,2974177
68.6,55.1,67.3,51.8,2026-06-16 04:20:00,2974177
68.2,55.6,66.7,51.7,2026-06-16 04:40:00,2974177
67.9,56.0,66.4,51.6,2026-06-16 05:00:00,2974177
67.8,56.0,66.4,51.6,2026-06-16 05:20:00,2974177
67.8,55.9,66.4,51.5,2026-06-16 05:40:00,2974177
68.0,57.4,66.4,52.4,2026-06-16 06:00:00,2974177
67.7,56.9,66.2,51.9,2026-06-16 06:20:00,2974177
67.9,57.4,66.4,52.3,2026-06-16 06:40:00,2974177
68.1,58.1,66.7,52.8,2026-06-16 07:00:00,2974177
68.2,58.8,67.1,53.2,2026-06-16 07:20:00,2974177
68.4,59.5,67.3,53.7,2026-06-16 07:40:00,2974177
68.7,59.7,67.8,54.2,2026-06-16 08:00:00,2974177
69.6,59.1,68.9,54.7,2026-06-16 08:20:00,2974177
70.2,59.0,69.8,55.2,2026-06-16 08:40:00,2974177
70.9,58.1,70.7,55.4,2026-06-16 09:00:00,2974177
72.2,55.9,71.8,55.7,2026-06-16 09:20:00,2974177
72.8,53.7,72.1,55.0,2026-06-16 09:40:00,2974177
74.1,52.3,73.0,55.5,2026-06-16 10:00:00,2974177
75.5,50.6,74.3,56.0,2026-06-16 10:20:00,2974177
76.1,49.3,74.8,55.8,2026-06-16 10:40:00,2974177
77.4,48.4,76.1,56.4,2026-06-16 11:00:00,2974177
77.6,45.6,76.1,55.0,2026-06-16 11:20:00,2974177
78.1,46.9,77.0,56.2,2026-06-16 11:40:00,2974177
79.2,45.3,78.1,56.2,2026-06-16 12:00:00,2974177
78.4,44.4,76.8,55.0,2026-06-16 12:20:00,2974177
79.2,44.9,77.9,56.0,2026-06-16 12:40:00,2974177
79.5,43.0,77.9,55.1,2026-06-16 13:00:00,2974177
81.2,43.6,80.1,56.9,2026-06-16 13:20:00,2974177
83.8,38.7,82.6,55.9,2026-06-16 13:40:00,2974177
84.6,36.5,83.3,55.1,2026-06-16 14:00:00,2974177
83.6,37.2,82.0,54.8,2026-06-16 14:20:00,2974177
83.6,37.0,81.9,54.6,2026-06-16 14:40:00,2974177
87.2,34.9,86.4,56.1,2026-06-16 15:00:00,2974177
86.6,35.1,85.6,55.8,2026-06-16 15:20:00,2974177
87.3,35.0,86.5,56.3,2026-06-16 15:40:00,2974177
84.8,38.5,84.0,56.8,2026-06-16 16:00:00,2974177
84.4,39.6,83.8,57.2,2026-06-16 16:20:00,2974177
84.5,38.8,83.7,56.7,2026-06-16 16:40:00,2974177
84.3,40.7,83.8,57.8,2026-06-16 17:00:00,2974177
84.0,41.7,83.5,58.2,2026-06-16 17:20:00,2974177
84.0,42.6,83.7,58.9,2026-06-16 17:40:00,2974177
83.6,43.5,83.3,59.1,2026-06-16 18:00:00,2974177
82.2,46.2,82.0,59.5,2026-06-16 18:20:00,2974177
82.5,47.4,82.4,60.5,2026-06-16 18:40:00,2974177
81.8,48.0,81.7,60.1,2026-06-16 19:00:00,2974177
81.9,47.6,81.9,60.1,2026-06-16 19:20:00,2974177
81.3,46.7,80.8,59.0,2026-06-16 19:40:00,2974177
81.0,47.6,80.8,59.3,2026-06-16 20:00:00,2974177
80.4,48.7,79.9,59.3,2026-06-16 20:20:00,2974177
79.7,49.4,79.2,59.0,2026-06-16 20:40:00,2974177
78.5,51.4,77.9,59.1,2026-06-16 21:00:00,2974177
78.0,52.0,77.4,58.9,2026-06-16 21:20:00,2974177
77.3,52.8,76.5,58.7,2026-06-16 21:40:00,2974177
76.7,54.0,75.9,58.9,2026-06-16 22:00:00,2974177
76.4,55.0,75.7,59.1,2026-06-16 22:20:00,2974177
76.2,55.7,75.6,59.2,2026-06-16 22:40:00,2974177
75.8,56.6,75.2,59.3,2026-06-16 23:00:00,2974177
75.8,56.8,75.4,59.4,2026-06-16 23:20:00,2974177
75.6,57.5,75.2,59.6,2026-06-16 23:40:00,2974177
75.4,58.0,75.0,59.6,2026-06-17 00:00:00,2974177
75.2,59.4,74.8,60.0,2026-06-17 00:20:00,2974177
74.8,60.9,74.7,60.4,2026-06-17 00:40:00,2974177
74.4,62.3,74.5,60.7,2026-06-17 01:00:00,2974177
74.0,63.7,74.3,60.9,2026-06-17 01:20:00,2974177
73.6,65.0,73.9,61.1,2026-06-17 01:40:00,2974177
73.3,66.4,73.8,61.4,2026-06-17 02:00:00,2974177
72.8,68.2,73.2,61.7,2026-06-17 02:20:00,2974177
72.7,69.5,73.4,62.1,2026-06-17 02:40:00,2974177
72.3,71.0,72.9,62.3,2026-06-17 03:00:00,2974177
72.0,72.3,72.9,62.6,2026-06-17 03:20:00,2974177
71.7,73.5,72.5,62.7,2026-06-17 03:40:00,2974177
71.5,74.3,72.3,62.9,2026-06-17 04:00:00,2974177
71.3,75.4,72.3,63.1,2026-06-17 04:20:00,2974177
70.9,76.6,72.0,63.2,2026-06-17 04:40:00,2974177
70.9,77.0,72.0,63.3,2026-06-17 05:00:00,2974177
70.4,78.2,71.2,63.3,2026-06-17 05:20:00,2974177
70.2,79.0,71.2,63.4,2026-06-17 05:40:00,2974177
70.1,79.4,70.9,63.4,2026-06-17 06:00:00,2974177
69.7,80.3,70.5,63.4,2026-06-17 06:20:00,2974177
69.6,81.0,70.5,63.5,2026-06-17 06:40:00,2974177
70.0,80.9,71.1,63.8,2026-06-17 07:00:00,2974177
71.3,79.3,72.5,64.5,2026-06-17 07:20:00,2974177
71.8,78.3,73.0,64.7,2026-06-17 07:40:00,2974177
72.6,77.6,73.8,65.2,2026-06-17 08:00:00,2974177
73.4,75.9,74.7,65.4,2026-06-17 08:20:00,2974177
74.7,73.4,75.9,65.7,2026-06-17 08:40:00,2974177
76.8,69.7,77.7,66.1,2026-06-17 09:00:00,2974177
77.6,65.4,78.6,65.0,2026-06-17 09:20:00,2974177
79.2,60.1,80.4,64.1,2026-06-17 09:40:00,2974177
80.7,56.0,81.9,63.6,2026-06-17 10:00:00,2974177
82.2,49.6,82.4,61.5,2026-06-17 10:20:00,2974177
83.5,47.4,84.2,61.4,2026-06-17 10:40:00,2974177
84.2,44.6,84.4,60.3,2026-06-17 11:00:00,2974177
84.1,44.3,84.4,60.0,2026-06-17 11:20:00,2974177
86.3,41.6,87.1,60.2,2026-06-17 11:40:00,2974177
88.6,33.9,88.0,56.5,2026-06-17 12:00:00,2974177
89.5,33.0,89.2,56.6,2026-06-17 12:20:00,2974177
89.5,32.4,89.1,56.1,2026-06-17 12:40:00,2974177
90.7,30.8,90.3,55.8,2026-06-17 13:00:00,2974177
90.6,30.4,89.8,55.3,2026-06-17 13:20:00,2974177
92.9,29.5,92.8,56.5,2026-06-17 13:40:00,2974177
92.8,28.7,92.3,55.6,2026-06-17 14:00:00,2974177
92.7,28.9,92.3,55.7,2026-06-17 14:20:00,2974177
95.1,28.4,95.5,57.3,2026-06-17 14:40:00,2974177
97.0,28.5,98.6,58.9,2026-06-17 15:00:00,2974177
94.0,30.4,94.6,58.2,2026-06-17 15:20:00,2974177
91.8,33.0,92.8,58.6,2026-06-17 15:40:00,2974177
92.3,31.2,92.5,57.5,2026-06-17 16:00:00,2974177
91.8,31.2,91.9,57.0,2026-06-17 16:20:00,2974177
95.0,29.3,96.1,58.1,2026-06-17 16:40:00,2974177
96.3,27.0,97.0,56.8,2026-06-17 17:00:00,2974177
95.7,27.5,96.4,56.9,2026-06-17 17:20:00,2974177
97.4,26.2,98.4,57.0,2026-06-17 17:40:00,2974177
94.8,28.6,95.5,57.2,2026-06-17 18:00:00,2974177
95.2,27.9,95.4,56.9,2026-06-17 18:20:00,2974177
92.9,29.9,92.8,56.8,2026-06-17 18:40:00,2974177
90.6,33.9,91.0,58.3,2026-06-17 19:00:00,2974177
89.8,34.8,90.3,58.4,2026-06-17 19:20:00,2974177
88.7,38.5,89.6,60.2,2026-06-17 19:40:00,2974177
87.8,41.1,89.2,61.2,2026-06-17 20:00:00,2974177
87.2,42.6,88.5,61.7,2026-06-17 20:20:00,2974177
86.0,44.7,87.4,62.0,2026-06-17 20:40:00,2974177
85.1,46.5,86.4,62.3,2026-06-17 21:00:00,2974177
84.2,49.2,86.0,63.1,2026-06-17 21:20:00,2974177
83.7,51.4,85.6,63.9,2026-06-17 21:40:00,2974177
83.2,54.3,85.5,65.0,2026-06-17 22:00:00,2974177
83.0,56.6,85.5,65.9,2026-06-17 22:20:00,2974177
82.6,58.9,85.5,66.8,2026-06-17 22:40:00,2974177
82.1,60.9,84.9,67.3,2026-06-17 23:00:00,2974177
81.8,62.2,84.7,67.6,2026-06-17 23:20:00,2974177
81.4,62.9,84.4,67.6,2026-06-17 23:40:00,2974177
81.1,62.9,83.7,67.2,2026-06-18 00:00:00,2974177
80.9,61.9,83.1,66.6,2026-06-18 00:20:00,2974177
81.0,61.1,83.3,66.3,2026-06-18 00:40:00,2974177
80.6,61.0,82.4,65.9,2026-06-18 01:00:00,2974177
80.2,61.5,82.0,65.8,2026-06-18 01:20:00,2974177
79.8,62.2,81.7,65.7,2026-06-18 01:40:00,2974177
79.3,63.5,81.0,65.8,2026-06-18 02:00:00,2974177
78.8,64.9,80.8,66.0,2026-06-18 02:20:00,2974177
78.6,65.4,80.4,66.1,2026-06-18 02:40:00,2974177
78.5,66.2,80.2,66.3,2026-06-18 03:00:00,2974177
78.4,68.0,80.2,67.0,2026-06-18 03:20:00,2974177
78.3,70.0,80.6,67.7,2026-06-18 03:40:00,2974177
78.2,72.8,80.8,68.7,2026-06-18 04:00:00,2974177
77.8,74.7,80.4,69.1,2026-06-18 04:20:00,2974177
77.5,76.3,79.9,69.5,2026-06-18 04:40:00,2974177
77.2,77.9,79.9,69.7,2026-06-18 05:00:00,2974177
77.1,78.5,79.5,69.9,2026-06-18 05:20:00,2974177
76.7,79.6,79.2,69.9,2026-06-18 05:40:00,2974177
76.5,80.4,78.8,70.0,2026-06-18 06:00:00,2974177
76.3,81.3,78.6,70.1,2026-06-18 06:20:00,2974177
76.5,81.4,79.0,70.4,2026-06-18 06:40:00,2974177
77.2,80.8,80.1,70.8,2026-06-18 07:00:00,2974177
77.5,79.4,80.6,70.6,2026-06-18 07:20:00,2974177
78.0,78.6,81.5,70.8,2026-06-18 07:40:00,2974177
78.4,77.6,81.9,70.8,2026-06-18 08:00:00,2974177
79.3,75.9,83.3,71.1,2026-06-18 08:20:00,2974177
81.2,72.6,86.4,71.6,2026-06-18 08:40:00,2974177
81.5,70.8,86.2,71.1,2026-06-18 09:00:00,2974177
82.5,68.5,87.6,71.1,2026-06-18 09:20:00,2974177
82.8,67.3,88.0,70.9,2026-06-18 09:40:00,2974177
84.8,66.0,92.1,72.2,2026-06-18 10:00:00,2974177
85.5,63.2,92.7,71.6,2026-06-18 10:20:00,2974177
86.9,61.0,94.8,71.9,2026-06-18 10:40:00,2974177
88.3,58.0,96.3,71.7,2026-06-18 11:00:00,2974177
90.2,54.9,99.7,71.8,2026-06-18 11:20:00,2974177
91.8,53.5,102.7,72.5,2026-06-18 11:40:00,2974177
91.0,51.8,99.7,70.8,2026-06-18 12:00:00,2974177
92.8,49.9,102.6,71.3,2026-06-18 12:20:00,2974177
93.4,48.4,103.3,71.0,2026-06-18 12:40:00,2974177
95.0,46.5,105.8,71.3,2026-06-18 13:00:00,2974177
96.5,43.2,106.7,70.4,2026-06-18 13:20:00,2974177
96.1,43.2,106.0,70.1,2026-06-18 13:40:00,2974177
96.4,42.0,105.6,69.5,2026-06-18 14:00:00,2974177
96.9,41.6,106.5,69.7,2026-06-18 14:20:00,2974177
98.1,41.6,109.2,70.8,2026-06-18 14:40:00,2974177
99.6,39.2,110.7,70.4,2026-06-18 15:00:00,2974177
96.7,41.4,106.0,69.4,2026-06-18 15:20:00,2974177
98.7,40.3,109.4,70.4,2026-06-18 15:40:00,2974177
84.4,54.2,87.3,66.0,2026-06-18 16:00:00,2974177
77.2,72.4,79.2,67.6,2026-06-18 16:20:00,2974177
76.1,87.8,79.2,72.2,2026-06-18 16:40:00,2974177
78.6,86.7,84.0,74.3,2026-06-18 17:00:00,2974177
80.3,87.7,88.3,76.3,2026-06-18 17:20:00,2974177
84.4,79.5,95.7,77.3,2026-06-18 17:40:00,2974177
84.6,71.9,93.9,74.5,2026-06-18 18:00:00,2974177
85.2,73.8,95.9,75.9,2026-06-18 18:20:00,2974177
83.6,76.9,92.8,75.6,2026-06-18 18:40:00,2974177
82.3,78.4,90.0,74.9,2026-06-18 19:00:00,2974177
82.0,79.8,89.6,75.1,2026-06-18 19:20:00,2974177
81.2,79.7,88.2,74.3,2026-06-18 19:40:00,2974177
81.1,81.9,88.3,75.0,2026-06-18 20:00:00,2974177
80.4,82.3,86.9,74.5,2026-06-18 20:20:00,2974177
80.0,83.0,86.4,74.3,2026-06-18 20:40:00,2974177
80.2,86.3,87.4,75.7,2026-06-18 21:00:00,2974177
77.9,90.8,83.5,75.0,2026-06-18 21:20:00,2974177
77.2,92.8,82.2,75.0,2026-06-18 21:40:00,2974177
76.2,92.4,79.9,73.9,2026-06-18 22:00:00,2974177
75.7,93.3,79.2,73.6,2026-06-18 22:20:00,2974177
75.1,93.4,78.4,73.1,2026-06-18 22:40:00,2974177
74.8,93.4,77.9,72.8,2026-06-18 23:00:00,2974177
74.2,93.6,77.2,72.2,2026-06-18 23:20:00,2974177
74.2,94.3,77.4,72.5,2026-06-18 23:40:00,2974177
73.9,94.4,76.8,72.2,2026-06-19 00:00:00,2974177
73.8,94.7,76.8,72.2,2026-06-19 00:20:00,2974177
73.8,94.8,76.8,72.2,2026-06-19 00:40:00,2974177
73.8,94.8,76.8,72.2,2026-06-19 01:00:00,2974177
73.7,94.9,76.6,72.1,2026-06-19 01:20:00,2974177
73.6,94.8,76.6,72.0,2026-06-19 01:40:00,2974177
73.3,94.5,76.1,71.7,2026-06-19 02:00:00,2974177
73.1,94.3,75.9,71.4,2026-06-19 02:20:00,2974177
72.9,94.4,75.6,71.2,2026-06-19 02:40:00,2974177
73.0,94.8,75.6,71.4,2026-06-19 03:00:00,2974177
73.0,94.9,75.6,71.4,2026-06-19 03:20:00,2974177
72.9,95.2,75.7,71.5,2026-06-19 03:40:00,2974177
72.9,94.8,75.6,71.3,2026-06-19 04:00:00,2974177
72.8,94.7,75.4,71.1,2026-06-19 04:20:00,2974177
72.2,94.6,74.7,70.5,2026-06-19 04:40:00,2974177
71.8,94.7,74.1,70.2,2026-06-19 05:00:00,2974177
71.6,94.9,73.6,70.0,2026-06-19 05:20:00,2974177
71.2,95.1,73.0,69.7,2026-06-19 05:40:00,2974177
71.0,95.4,72.9,69.6,2026-06-19 06:00:00,2974177
71.0,95.7,72.9,69.7,2026-06-19 06:20:00,2974177
71.0,96.0,72.9,69.8,2026-06-19 06:40:00,2974177
71.1,96.3,73.0,70.0,2026-06-19 07:00:00,2974177
71.2,96.5,73.0,70.1,2026-06-19 07:20:00,2974177
71.4,96.6,73.4,70.4,2026-06-19 07:40:00,2974177
71.4,96.7,73.4,70.4,2026-06-19 08:00:00,2974177
71.5,96.8,73.6,70.5,2026-06-19 08:20:00,2974177
71.9,96.9,74.1,71.0,2026-06-19 08:40:00,2974177
72.3,97.0,74.7,71.4,2026-06-19 09:00:00,2974177
72.5,97.0,75.2,71.6,2026-06-19 09:20:00,2974177
72.7,97.0,75.6,71.8,2026-06-19 09:40:00,2974177
72.9,97.0,75.7,72.0,2026-06-19 10:00:00,2974177
73.5,96.7,76.6,72.5,2026-06-19 10:20:00,2974177
74.7,96.0,78.3,73.5,2026-06-19 10:40:00,2974177
75.4,94.9,79.2,73.8,2026-06-19 11:00:00,2974177
76.0,93.6,79.7,74.0,2026-06-19 11:20:00,2974177
77.6,91.4,82.9,74.9,2026-06-19 11:40:00,2974177
77.8,88.2,82.6,74.0,2026-06-19 12:00:00,2974177
78.6,86.3,84.4,74.2,2026-06-19 12:20:00,2974177
79.8,83.5,86.2,74.3,2026-06-19 12:40:00,2974177
81.3,79.7,88.2,74.4,2026-06-19 13:00:00,2974177
82.6,72.0,88.5,72.6,2026-06-19 13:20:00,2974177
82.8,70.9,89.1,72.4,2026-06-19 13:40:00,2974177
84.5,66.2,91.6,72.0,2026-06-19 14:00:00,2974177
85.5,62.2,92.3,71.0,2026-06-19 14:20:00,2974177
86.0,60.3,92.3,70.6,2026-06-19 14:40:00,2974177
88.0,55.6,95.0,70.2,2026-06-19 15:00:00,2974177
87.8,48.0,91.6,65.7,2026-06-19 15:20:00,2974177
89.9,45.8,94.5,66.3,2026-06-19 15:40:00,2974177
89.8,45.2,94.3,65.8,2026-06-19 16:00:00,2974177
89.1,43.0,92.1,63.7,2026-06-19 16:20:00,2974177
90.5,42.7,94.3,64.7,2026-06-19 16:40:00,2974177
88.8,41.5,90.9,62.4,2026-06-19 17:00:00,2974177
86.6,41.8,87.6,60.7,2026-06-19 17:20:00,2974177
88.6,41.9,90.7,62.5,2026-06-19 17:40:00,2974177
89.5,43.5,93.0,64.3,2026-06-19 18:00:00,2974177
88.9,42.0,91.4,62.9,2026-06-19 18:20:00,2974177
85.6,46.9,87.4,63.0,2026-06-19 18:40:00,2974177
85.0,47.4,86.5,62.8,2026-06-19 19:00:00,2974177
84.1,48.6,85.5,62.6,2026-06-19 19:20:00,2974177
83.4,46.9,83.8,61.0,2026-06-19 19:40:00,2974177
82.3,50.1,82.9,61.9,2026-06-19 20:00:00,2974177
81.3,51.7,81.5,61.8,2026-06-19 20:20:00,2974177
80.2,55.0,81.0,62.5,2026-06-19 20:40:00,2974177
78.9,57.4,79.3,62.6,2026-06-19 21:00:00,2974177
77.8,56.2,77.7,60.9,2026-06-19 21:20:00,2974177
76.7,57.5,76.3,60.6,2026-06-19 21:40:00,2974177
75.8,58.9,75.6,60.4,2026-06-19 22:00:00,2974177
75.1,59.4,74.8,60.0,2026-06-19 22:20:00,2974177
74.5,59.0,74.3,59.2,2026-06-19 22:40:00,2974177
73.7,60.2,73.6,59.0,2026-06-19 23:00:00,2974177
72.8,60.0,72.5,58.1,2026-06-19 23:20:00,2974177
72.0,62.9,72.1,58.7,2026-06-19 23:40:00,2974177
71.2,66.2,71.6,59.3,2026-06-20 00:00:00,2974177
70.4,68.4,70.7,59.5,2026-06-20 00:20:00,2974177
70.3,67.7,70.3,59.1,2026-06-20 00:40:00,2974177
69.9,67.9,70.0,58.8,2026-06-20 01:00:00,2974177
69.5,64.8,69.3,57.1,2026-06-20 01:20:00,2974177
69.1,65.2,68.5,56.9,2026-06-20 01:40:00,2974177
68.1,67.4,67.5,56.9,2026-06-20 02:00:00,2974177
67.3,69.4,66.7,56.9,2026-06-20 02:20:00,2974177
66.5,71.1,65.5,56.8,2026-06-20 02:40:00,2974177
65.5,73.3,64.6,56.8,2026-06-20 03:00:00,2974177
64.3,76.0,63.5,56.6,2026-06-20 03:20:00,2974177
64.3,76.8,63.5,56.9,2026-06-20 03:40:00,2974177
63.7,77.8,63.0,56.6,2026-06-20 04:00:00,2974177
62.4,81.1,62.2,56.6,2026-06-20 04:20:00,2974177
62.6,81.0,62.2,56.6,2026-06-20 04:40:00,2974177
62.0,81.9,61.7,56.4,2026-06-20 05:00:00,2974177
62.0,82.9,61.9,56.7,2026-06-20 05:20:00,2974177
61.4,83.5,61.3,56.3,2026-06-20 05:40:00,2974177
61.4,83.9,61.3,56.5,2026-06-20 06:00:00,2974177
61.0,85.9,61.0,56.8,2026-06-20 06:20:00,2974177
61.5,86.5,61.5,57.4,2026-06-20 06:40:00,2974177
62.0,87.0,62.1,58.1,2026-06-20 07:00:00,2974177
62.9,85.7,62.8,58.5,2026-06-20 07:20:00,2974177
63.9,85.3,63.9,59.4,2026-06-20 07:40:00,2974177
65.3,83.2,65.3,60.1,2026-06-20 08:00:00,2974177
67.6,79.4,67.6,61.0,2026-06-20 08:20:00,2974177
70.3,77.3,71.1,62.9,2026-06-20 08:40:00,2974177
74.4,64.7,74.7,61.7,2026-06-20 09:00:00,2974177
76.9,54.1,76.1,59.0,2026-06-20 09:20:00,2974177
78.4,48.1,77.2,57.2,2026-06-20 09:40:00,2974177
79.8,46.2,78.8,57.3,2026-06-20 10:00:00,2974177
80.6,42.0,79.2,55.4,2026-06-20 10:20:00,2974177
82.8,41.0,81.7,56.6,2026-06-20 10:40:00,2974177
82.4,37.3,80.4,53.7,2026-06-20 11:00:00,2974177
83.0,36.4,81.1,53.7,2026-06-20 11:20:00,2974177
84.9,32.4,82.6,52.1,2026-06-20 11:40:00,2974177
85.3,33.7,83.7,53.5,2026-06-20 12:00:00,2974177
85.5,32.7,83.7,52.9,2026-06-20 12:20:00,2974177
86.6,31.0,84.6,52.4,2026-06-20 12:40:00,2974177
86.3,30.8,84.0,52.0,2026-06-20 13:00:00,2974177
87.4,31.2,85.6,53.3,2026-06-20 13:20:00,2974177
87.9,30.5,85.8,53.1,2026-06-20 13:40:00,2974177
86.4,31.5,84.4,52.6,2026-06-20 14:00:00,2974177
89.3,28.9,87.4,52.8,2026-06-20 14:20:00,2974177
90.1,28.9,88.5,53.4,2026-06-20 14:40:00,2974177
89.7,28.7,88.0,53.0,2026-06-20 15:00:00,2974177
90.5,29.2,89.4,54.2,2026-06-20 15:20:00,2974177
90.0,29.1,88.5,53.6,2026-06-20 15:40:00,2974177
89.4,30.4,88.0,54.2,2026-06-20 16:00:00,2974177
89.6,29.2,88.0,53.3,2026-06-20 16:20:00,2974177
90.4,29.4,89.2,54.2,2026-06-20 16:40:00,2974177
91.0,28.6,89.8,54.0,2026-06-20 17:00:00,2974177
91.3,29.9,90.5,55.4,2026-06-20 17:20:00,2974177
93.0,28.4,92.3,55.5,2026-06-20 17:40:00,2974177
91.2,29.3,90.5,54.8,2026-06-20 18:00:00,2974177
90.6,30.8,90.0,55.7,2026-06-20 18:20:00,2974177
88.2,32.9,87.1,55.3,2026-06-20 18:40:00,2974177
86.7,34.0,85.5,55.0,2026-06-20 19:00:00,2974177
85.8,36.4,84.9,56.1,2026-06-20 19:20:00,2974177
84.7,39.2,84.0,57.1,2026-06-20 19:40:00,2974177
83.7,41.3,83.1,57.7,2026-06-20 20:00:00,2974177
82.5,42.6,81.5,57.5,2026-06-20 20:20:00,2974177
81.2,43.7,80.1,57.0,2026-06-20 20:40:00,2974177
80.1,45.5,79.2,57.2,2026-06-20 21:00:00,2974177
79.1,46.7,77.9,57.0,2026-06-20 21:20:00,2974177
78.5,48.6,77.7,57.5,2026-06-20 21:40:00,2974177
77.7,50.0,77.0,57.6,2026-06-20 22:00:00,2974177
76.8,51.9,75.7,57.8,2026-06-20 22:20:00,2974177
75.7,55.9,75.0,58.9,2026-06-20 22:40:00,2974177
75.3,54.2,74.5,57.6,2026-06-20 23:00:00,2974177
74.0,57.7,73.6,58.2,2026-06-20 23:20:00,2974177
73.5,60.0,73.4,58.8,2026-06-20 23:40:00,2974177
73.7,59.1,73.4,58.5,2026-06-21 00:00:00,2974177
72.6,64.5,72.9,59.9,2026-06-21 00:20:00,2974177
72.3,65.5,72.5,60.1,2026-06-21 00:40:00,2974177
71.7,68.1,72.1,60.6,2026-06-21 01:00:00,2974177
71.3,68.9,71.8,60.6,2026-06-21 01:20:00,2974177
71.5,67.5,72.0,60.1,2026-06-21 01:40:00,2974177
71.0,65.8,71.2,59.0,2026-06-21 02:00:00,2974177
70.3,70.5,70.5,60.3,2026-06-21 02:20:00,2974177
70.1,72.3,70.5,60.7,2026-06-21 02:40:00,2974177
69.6,71.1,69.8,59.8,2026-06-21 03:00:00,2974177
69.1,73.1,69.3,60.2,2026-06-21 03:20:00,2974177
68.2,75.4,68.4,60.1,2026-06-21 03:40:00,2974177
67.9,78.2,68.0,60.8,2026-06-21 04:00:00,2974177
67.7,78.2,67.8,60.7,2026-06-21 04:20:00,2974177
67.1,78.2,67.1,60.1,2026-06-21 04:40:00,2974177
66.6,79.3,66.6,60.0,2026-06-21 05:00:00,2974177
66.5,80.7,66.6,60.4,2026-06-21 05:20:00,2974177
66.3,81.9,66.2,60.6,2026-06-21 05:40:00,2974177
65.8,83.4,65.8,60.6,2026-06-21 06:00:00,2974177
66.1,82.7,66.2,60.7,2026-06-21 06:20:00,2974177
66.1,82.5,66.0,60.6,2026-06-21 06:40:00,2974177
66.3,82.9,66.4,61.0,2026-06-21 07:00:00,2974177
67.4,83.7,67.8,62.3,2026-06-21 07:20:00,2974177
68.5,82.0,68.9,62.8,2026-06-21 07:40:00,2974177
70.2,81.2,71.2,64.2,2026-06-21 08:00:00,2974177
72.0,79.1,73.4,65.2,2026-06-21 08:20:00,2974177
74.4,75.5,75.7,66.1,2026-06-21 08:40:00,2974177
77.2,69.4,78.6,66.4,2026-06-21 09:00:00,2974177
79.2,63.5,81.0,65.7,2026-06-21 09:20:00,2974177
80.7,60.4,82.6,65.8,2026-06-21 09:40:00,2974177
82.7,57.5,84.9,66.2,2026-06-21 10:00:00,2974177
84.8,49.7,87.1,63.9,2026-06-21 10:20:00,2974177
86.2,46.2,88.3,63.2,2026-06-21 10:40:00,2974177
88.0,41.8,89.8,61.9,2026-06-21 11:00:00,2974177
90.3,40.4,93.4,63.0,2026-06-21 11:20:00,2974177
91.4,34.6,92.5,59.5,2026-06-21 11:40:00,2974177
91.6,34.5,93.0,59.7,2026-06-21 12:00:00,2974177
91.5,34.0,92.7,59.3,2026-06-21 12:20:00,2974177
92.5,33.3,94.1,59.5,2026-06-21 12:40:00,2974177
93.5,33.1,95.2,60.2,2026-06-21 13:00:00,2974177
93.0,32.0,93.9,58.8,2026-06-21 13:20:00,2974177
91.2,34.2,92.1,59.1,2026-06-21 13:40:00,2974177
94.0,31.5,95.4,59.2,2026-06-21 14:00:00,2974177
93.8,33.6,96.1,60.8,2026-06-21 14:20:00,2974177
94.0,33.4,96.3,60.9,2026-06-21 14:40:00,2974177
95.0,34.4,98.8,62.6,2026-06-21 15:00:00,2974177
91.8,34.6,93.4,59.9,2026-06-21 15:20:00,2974177
92.7,35.2,95.2,61.2,2026-06-21 15:40:00,2974177
93.7,33.8,96.3,61.0,2026-06-21 16:00:00,2974177
94.0,34.2,96.6,61.5,2026-06-21 16:20:00,2974177
93.8,34.7,96.8,61.8,2026-06-21 16:40:00,2974177
92.0,36.5,94.5,61.6,2026-06-21 17:00:00,2974177
91.5,37.7,94.3,62.1,2026-06-21 17:20:00,2974177
94.6,36.8,99.1,64.1,2026-06-21 17:40:00,2974177
93.3,36.7,96.8,62.9,2026-06-21 18:00:00,2974177
91.5,38.8,94.6,63.0,2026-06-21 18:20:00,2974177
90.7,39.0,93.4,62.3,2026-06-21 18:40:00,2974177
89.2,42.6,91.9,63.5,2026-06-21 19:00:00,2974177
88.2,43.6,90.5,63.3,2026-06-21 19:20:00,2974177
86.9,45.5,88.9,63.3,2026-06-21 19:40:00,2974177
86.5,45.7,88.3,63.1,2026-06-21 20:00:00,2974177
86.1,46.4,88.0,63.2,2026-06-21 20:20:00,2974177
85.8,47.7,87.8,63.7,2026-06-21 20:40:00,2974177
84.9,48.6,86.9,63.4,2026-06-21 21:00:00,2974177
84.3,49.6,86.0,63.4,2026-06-21 21:20:00,2974177
83.6,49.8,84.9,62.9,2026-06-21 21:40:00,2974177
83.1,49.9,84.2,62.5,2026-06-21 22:00:00,2974177
82.1,51.9,82.9,62.7,2026-06-21 22:20:00,2974177
81.0,54.5,82.0,63.0,2026-06-21 22:40:00,2974177
79.4,58.4,80.2,63.5,2026-06-21 23:00:00,2974177
78.8,59.9,79.5,63.7,2026-06-21 23:20:00,2974177
78.4,61.2,79.2,63.9,2026-06-21 23:40:00,2974177
78.5,61.0,79.3,63.9,2026-06-22 00:00:00,2974177
78.5,63.7,79.9,65.2,2026-06-22 00:20:00,2974177
78.4,65.5,79.9,65.9,2026-06-22 00:40:00,2974177
78.1,67.8,80.1,66.6,2026-06-22 01:00:00,2974177
77.9,69.3,79.7,67.0,2026-06-22 01:20:00,2974177
77.1,71.7,78.6,67.2,2026-06-22 01:40:00,2974177
76.4,73.3,77.5,67.2,2026-06-22 02:00:00,2974177
75.9,75.3,77.4,67.5,2026-06-22 02:20:00,2974177
75.3,77.1,76.8,67.6,2026-06-22 02:40:00,2974177
75.4,78.3,77.2,68.2,2026-06-22 03:00:00,2974177
75.5,78.1,77.2,68.2,2026-06-22 03:20:00,2974177
75.1,79.3,77.0,68.3,2026-06-22 03:40:00,2974177
74.7,81.1,76.6,68.5,2026-06-22 04:00:00,2974177
74.3,82.5,76.5,68.6,2026-06-22 04:20:00,2974177
73.9,83.7,75.9,68.6,2026-06-22 04:40:00,2974177
73.7,84.8,75.7,68.8,2026-06-22 05:00:00,2974177
73.4,86.2,75.4,69.0,2026-06-22 05:20:00,2974177
73.3,86.5,75.4,69.0,2026-06-22 05:40:00,2974177
73.0,87.6,75.0,69.1,2026-06-22 06:00:00,2974177
73.1,87.8,75.4,69.3,2026-06-22 06:20:00,2974177
73.0,88.6,75.0,69.4,2026-06-22 06:40:00,2974177
73.3,89.2,75.6,69.9,2026-06-22 07:00:00,2974177
74.7,88.7,77.5,71.1,2026-06-22 07:20:00,2974177
75.2,87.0,77.7,71.0,2026-06-22 07:40:00,2974177
76.7,86.1,80.1,72.2,2026-06-22 08:00:00,2974177
78.2,83.6,82.8,72.8,2026-06-22 08:20:00,2974177
79.8,81.1,85.6,73.5,2026-06-22 08:40:00,2974177
81.4,77.1,87.8,73.6,2026-06-22 09:00:00,2974177
83.0,73.4,90.3,73.6,2026-06-22 09:20:00,2974177
84.0,71.7,92.1,73.9,2026-06-22 09:40:00,2974177
84.8,69.7,93.6,73.8,2026-06-22 10:00:00,2974177
86.0,67.0,95.0,73.7,2026-06-22 10:20:00,2974177
86.9,64.3,95.9,73.4,2026-06-22 10:40:00,2974177
88.1,61.7,97.5,73.3,2026-06-22 11:00:00,2974177
90.1,58.4,100.9,73.5,2026-06-22 11:20:00,2974177
91.5,54.8,102.6,73.0,2026-06-22 11:40:00,2974177
91.1,54.4,101.5,72.4,2026-06-22 12:00:00,2974177
90.6,52.7,99.3,71.0,2026-06-22 12:20:00,2974177
91.5,52.4,101.3,71.6,2026-06-22 12:40:00,2974177
93.0,52.5,104.5,73.0,2026-06-22 13:00:00,2974177
92.0,51.2,101.8,71.4,2026-06-22 13:20:00,2974177
93.5,47.8,102.7,70.7,2026-06-22 13:40:00,2974177
93.2,48.5,102.6,70.8,2026-06-22 14:00:00,2974177
93.2,46.5,101.7,69.6,2026-06-22 14:20:00,2974177
93.9,47.9,104.0,71.2,2026-06-22 14:40:00,2974177
96.4,43.1,106.3,70.3,2026-06-22 15:00:00,2974177
95.5,43.8,104.7,69.9,2026-06-22 15:20:00,2974177
94.9,43.3,103.3,69.0,2026-06-22 15:40:00,2974177
95.9,43.3,105.6,70.0,2026-06-22 16:00:00,2974177
96.3,43.8,106.9,70.7,2026-06-22 16:20:00,2974177
96.4,42.3,105.8,69.7,2026-06-22 16:40:00,2974177
97.0,40.7,106.3,69.2,2026-06-22 17:00:00,2974177
97.1,39.6,105.6,68.5,2026-06-22 17:20:00,2974177
97.9,38.9,107.1,68.6,2026-06-22 17:40:00,2974177
96.6,40.1,104.9,68.4,2026-06-22 18:00:00,2974177
95.8,41.4,104.2,68.6,2026-06-22 18:20:00,2974177
93.6,44.1,101.1,68.5,2026-06-22 18:40:00,2974177
92.9,46.6,101.1,69.5,2026-06-22 19:00:00,2974177
92.8,45.7,100.2,68.7,2026-06-22 19:20:00,2974177
92.0,48.0,100.0,69.4,2026-06-22 19:40:00,2974177
91.0,49.2,98.4,69.2,2026-06-22 20:00:00,2974177
90.4,49.8,97.5,69.1,2026-06-22 20:20:00,2974177
88.4,48.9,93.0,66.8,2026-06-22 20:40:00,2974177
84.5,52.1,87.1,65.0,2026-06-22 21:00:00,2974177
80.9,61.6,83.1,66.5,2026-06-22 21:20:00,2974177
79.9,66.3,82.8,67.7,2026-06-22 21:40:00,2974177
79.9,68.2,83.1,68.5,2026-06-22 22:00:00,2974177
79.3,70.4,82.2,68.8,2026-06-22 22:20:00,2974177
79.4,70.6,82.8,69.0,2026-06-22 22:40:00,2974177
79.4,70.8,82.8,69.1,2026-06-22 23:00:00,2974177
79.5,70.9,82.9,69.3,2026-06-22 23:20:00,2974177
79.4,71.5,82.8,69.4,2026-06-22 23:40:00,2974177
79.5,72.1,82.9,69.7,2026-06-23 00:00:00,2974177
79.4,77.1,84.0,71.6,2026-06-23 00:20:00,2974177
78.2,78.6,81.9,71.0,2026-06-23 00:40:00,2974177
77.1,79.7,79.9,70.3,2026-06-23 01:00:00,2974177
76.8,81.5,79.3,70.7,2026-06-23 01:20:00,2974177
76.5,81.6,79.0,70.4,2026-06-23 01:40:00,2974177
76.2,82.1,78.6,70.4,2026-06-23 02:00:00,2974177
75.3,83.6,77.7,70.0,2026-06-23 02:20:00,2974177
75.5,83.7,77.9,70.2,2026-06-23 02:40:00,2974177
75.5,83.7,77.9,70.3,2026-06-23 03:00:00,2974177
75.7,83.8,78.1,70.4,2026-06-23 03:20:00,2974177
75.7,84.3,78.1,70.6,2026-06-23 03:40:00,2974177
75.5,84.5,77.9,70.5,2026-06-23 04:00:00,2974177
75.4,85.0,78.1,70.6,2026-06-23 04:20:00,2974177
75.4,85.2,78.1,70.6,2026-06-23 04:40:00,2974177
75.4,85.6,78.1,70.8,2026-06-23 05:00:00,2974177
75.2,86.2,77.9,70.8,2026-06-23 05:20:00,2974177
75.4,86.4,78.3,71.1,2026-06-23 05:40:00,2974177
75.7,86.4,78.4,71.3,2026-06-23 06:00:00,2974177
76.2,85.7,79.0,71.6,2026-06-23 06:20:00,2974177
76.3,85.5,79.2,71.6,2026-06-23 06:40:00,2974177
76.7,85.8,79.9,72.1,2026-06-23 07:00:00,2974177
77.3,85.0,81.0,72.4,2026-06-23 07:20:00,2974177
78.0,83.8,82.4,72.7,2026-06-23 07:40:00,2974177
78.9,81.9,83.8,72.9,2026-06-23 08:00:00,2974177
80.4,78.7,86.2,73.1,2026-06-23 08:20:00,2974177
82.0,75.2,88.3,73.3,2026-06-23 08:40:00,2974177
83.4,71.2,90.5,73.1,2026-06-23 09:00:00,2974177
84.3,68.1,91.6,72.6,2026-06-23 09:20:00,2974177
85.2,65.9,93.0,72.6,2026-06-23 09:40:00,2974177
84.7,66.2,91.9,72.2,2026-06-23 10:00:00,2974177
85.4,65.5,93.2,72.5,2026-06-23 10:20:00,2974177
85.6,64.3,93.2,72.1,2026-06-23 10:40:00,2974177
87.7,62.0,96.8,73.1,2026-06-23 11:00:00,2974177
85.7,62.0,92.7,71.2,2026-06-23 11:20:00,2974177
80.7,70.8,84.9,70.4,2026-06-23 11:40:00,2974177
74.7,87.9,77.4,70.9,2026-06-23 12:00:00,2974177
75.2,92.1,78.4,72.7,2026-06-23 12:20:00,2974177
77.0,92.5,81.1,74.6,2026-06-23 12:40:00,2974177
79.0,90.6,86.0,76.1,2026-06-23 13:00:00,2974177
81.4,89.5,91.2,78.0,2026-06-23 13:20:00,2974177
79.2,87.3,85.8,75.1,2026-06-23 13:40:00,2974177
78.2,92.0,84.2,75.7,2026-06-23 14:00:00,2974177
74.7,92.3,77.9,72.3,2026-06-23 14:20:00,2974177
74.7,93.8,77.9,72.8,2026-06-23 14:40:00,2974177
74.9,93.5,78.3,72.8,2026-06-23 15:00:00,2974177
76.4,94.3,80.4,74.7,2026-06-23 15:20:00,2974177
77.2,89.5,81.1,73.8,2026-06-23 15:40:00,2974177
77.5,86.0,81.5,73.0,2026-06-23 16:00:00,2974177
79.0,85.5,84.9,74.3,2026-06-23 16:20:00,2974177
79.0,84.2,84.7,73.8,2026-06-23 16:40:00,2974177
79.5,84.0,85.8,74.3,2026-06-23 17:00:00,2974177
79.3,81.5,84.4,73.1,2026-06-23 17:20:00,2974177
80.1,80.7,86.2,73.6,2026-06-23 17:40:00,2974177
82.5,73.0,88.9,73.0,2026-06-23 18:00:00,2974177
82.5,71.2,88.3,72.2,2026-06-23 18:20:00,2974177
80.9,70.8,85.3,70.6,2026-06-23 18:40:00,2974177
78.3,73.8,81.3,69.2,2026-06-23 19:00:00,2974177
75.3,77.5,76.8,67.8,2026-06-23 19:20:00,2974177
72.8,86.9,74.8,68.7,2026-06-23 19:40:00,2974177
72.1,90.2,74.1,69.1,2026-06-23 20:00:00,2974177
71.4,89.5,73.0,68.1,2026-06-23 20:20:00,2974177
71.2,89.7,72.7,68.0,2026-06-23 20:40:00,2974177
71.1,91.3,72.9,68.4,2026-06-23 21:00:00,2974177
71.0,92.2,72.7,68.6,2026-06-23 21:20:00,2974177
71.0,92.1,72.7,68.5,2026-06-23 21:40:00,2974177
70.7,92.0,72.5,68.3,2026-06-23 22:00:00,2974177
70.3,91.9,71.8,67.8,2026-06-23 22:20:00,2974177
70.3,92.4,71.8,68.0,2026-06-23 22:40:00,2974177
70.2,92.4,71.8,67.9,2026-06-23 23:00:00,2974177
70.1,92.6,71.6,67.8,2026-06-23 23:20:00,2974177
69.9,92.5,71.4,67.6,2026-06-23 23:40:00,2974177
69.5,92.4,70.9,67.2,2026-06-24 00:00:00,2974177
69.1,92.8,70.5,67.0,2026-06-24 00:20:00,2974177
69.0,93.1,70.3,66.9,2026-06-24 00:40:00,2974177
68.7,92.9,70.2,66.6,2026-06-24 01:00:00,2974177
68.5,92.9,69.6,66.3,2026-06-24 01:20:00,2974177
68.1,93.2,69.3,66.0,2026-06-24 01:40:00,2974177
68.0,93.5,69.3,66.1,2026-06-24 02:00:00,2974177
67.8,93.3,69.1,65.8,2026-06-24 02:20:00,2974177
67.4,93.5,68.5,65.4,2026-06-24 02:40:00,2974177
67.3,93.7,68.5,65.4,2026-06-24 03:00:00,2974177
67.2,93.5,68.2,65.3,2026-06-24 03:20:00,2974177
66.9,93.5,67.8,65.0,2026-06-24 03:40:00,2974177
66.5,93.8,67.6,64.7,2026-06-24 04:00:00,2974177
66.4,94.1,67.6,64.6,2026-06-24 04:20:00,2974177
66.2,93.8,67.1,64.3,2026-06-24 04:40:00,2974177
65.7,94.2,66.7,64.0,2026-06-24 05:00:00,2974177
65.2,93.6,66.0,63.3,2026-06-24 05:20:00,2974177
64.9,94.0,65.7,63.1,2026-06-24 05:40:00,2974177
64.6,94.1,65.3,62.8,2026-06-24 06:00:00,2974177
64.4,93.7,65.1,62.5,2026-06-24 06:20:00,2974177
64.4,93.6,64.9,62.5,2026-06-24 06:40:00,2974177
64.2,93.9,65.1,62.4,2026-06-24 07:00:00,2974177
64.7,93.0,65.3,62.6,2026-06-24 07:20:00,2974177
65.2,92.4,66.0,63.0,2026-06-24 07:40:00,2974177
65.5,91.5,66.2,63.0,2026-06-24 08:00:00,2974177
66.5,89.6,67.1,63.3,2026-06-24 08:20:00,2974177
68.0,86.7,68.9,63.9,2026-06-24 08:40:00,2974177
70.9,74.6,71.8,62.4,2026-06-24 09:00:00,2974177
72.6,64.5,72.9,60.0,2026-06-24 09:20:00,2974177
73.8,62.9,73.9,60.3,2026-06-24 09:40:00,2974177
75.0,58.5,74.7,59.5,2026-06-24 10:00:00,2974177
76.2,52.7,75.2,57.7,2026-06-24 10:20:00,2974177
77.9,49.0,77.0,57.2,2026-06-24 10:40:00,2974177
79.5,46.8,78.8,57.5,2026-06-24 11:00:00,2974177
80.3,45.9,79.3,57.6,2026-06-24 11:20:00,2974177
81.6,41.1,80.2,55.7,2026-06-24 11:40:00,2974177
81.8,42.7,80.6,56.9,2026-06-24 12:00:00,2974177
83.1,41.1,82.0,57.1,2026-06-24 12:20:00,2974177
82.5,40.1,81.1,55.8,2026-06-24 12:40:00,2974177
84.7,38.2,83.8,56.4,2026-06-24 13:00:00,2974177
84.8,40.4,84.6,58.1,2026-06-24 13:20:00,2974177
85.6,39.2,85.3,57.9,2026-06-24 13:40:00,2974177
84.4,37.5,83.3,55.7,2026-06-24 14:00:00,2974177
84.2,36.9,82.6,55.0,2026-06-24 14:20:00,2974177
84.5,37.2,83.3,55.5,2026-06-24 14:40:00,2974177
84.2,37.5,82.9,55.5,2026-06-24 15:00:00,2974177
84.3,41.5,84.0,58.4,2026-06-24 15:20:00,2974177
86.7,36.9,86.2,57.2,2026-06-24 15:40:00,2974177
84.9,35.9,83.5,54.9,2026-06-24 16:00:00,2974177
85.3,38.2,84.6,57.0,2026-06-24 16:20:00,2974177
85.9,38.7,85.6,57.9,2026-06-24 16:40:00,2974177
83.9,37.6,82.6,55.3,2026-06-24 17:00:00,2974177
87.3,34.1,86.4,55.6,2026-06-24 17:20:00,2974177
86.2,38.1,86.0,57.7,2026-06-24 17:40:00,2974177
86.6,36.0,86.0,56.4,2026-06-24 18:00:00,2974177
86.9,37.1,86.5,57.5,2026-06-24 18:20:00,2974177
84.4,37.0,83.3,55.3,2026-06-24 18:40:00,2974177
82.5,43.7,81.7,58.2,2026-06-24 19:00:00,2974177
81.6,45.9,81.0,58.8,2026-06-24 19:20:00,2974177
79.7,49.1,79.0,58.9,2026-06-24 19:40:00,2974177
78.8,51.5,78.4,59.5,2026-06-24 20:00:00,2974177
77.2,57.5,76.8,61.0,2026-06-24 20:20:00,2974177
75.8,62.2,75.9,62.0,2026-06-24 20:40:00,2974177
74.5,65.9,74.8,62.4,2026-06-24 21:00:00,2974177
73.6,68.3,74.3,62.5,2026-06-24 21:20:00,2974177
72.6,69.7,73.2,62.1,2026-06-24 21:40:00,2974177
71.3,73.3,72.1,62.3,2026-06-24 22:00:00,2974177
70.9,74.4,71.8,62.3,2026-06-24 22:20:00,2974177
70.4,75.8,71.2,62.5,2026-06-24 22:40:00,2974177
69.8,77.2,70.5,62.3,2026-06-24 23:00:00,2974177
69.5,78.6,70.2,62.6,2026-06-24 23:20:00,2974177
69.0,80.5,69.6,62.7,2026-06-24 23:40:00,2974177
69.0,80.5,69.6,62.8,2026-06-25 00:00:00,2974177
68.4,81.1,68.9,62.4,2026-06-25 00:20:00,2974177
67.2,84.5,67.6,62.3,2026-06-25 00:40:00,2974177
67.6,84.1,68.0,62.6,2026-06-25 01:00:00,2974177
66.9,85.0,67.5,62.3,2026-06-25 01:20:00,2974177
66.3,87.2,66.7,62.3,2026-06-25 01:40:00,2974177
66.5,87.1,66.9,62.5,2026-06-25 02:00:00,2974177
66.3,87.1,66.7,62.3,2026-06-25 02:20:00,2974177
65.5,88.7,66.0,62.1,2026-06-25 02:40:00,2974177
65.2,89.4,65.7,62.0,2026-06-25 03:00:00,2974177
64.8,90.1,65.3,61.8,2026-06-25 03:20:00,2974177
64.6,90.5,65.1,61.8,2026-06-25 03:40:00,2974177
64.4,91.1,64.9,61.7,2026-06-25 04:00:00,2974177
64.6,91.2,65.1,62.0,2026-06-25 04:20:00,2974177
64.5,91.2,64.9,61.8,2026-06-25 04:40:00,2974177
64.4,91.4,64.8,61.8,2026-06-25 05:00:00,2974177
64.2,91.8,64.6,61.8,2026-06-25 05:20:00,2974177
64.1,92.2,64.8,61.8,2026-06-25 05:40:00,2974177
64.1,92.4,64.8,61.8,2026-06-25 06:00:00,2974177
64.1,92.5,64.8,61.8,2026-06-25 06:20:00,2974177
64.3,92.5,64.9,62.1,2026-06-25 06:40:00,2974177
64.6,92.3,65.3,62.4,2026-06-25 07:00:00,2974177
65.8,92.0,66.6,63.4,2026-06-25 07:20:00,2974177
67.2,91.0,68.2,64.5,2026-06-25 07:40:00,2974177
68.8,89.8,69.8,65.7,2026-06-25 08:00:00,2974177
71.3,86.0,72.7,66.8,2026-06-25 08:20:00,2974177
73.6,82.0,75.6,67.7,2026-06-25 08:40:00,2974177
75.9,78.3,77.9,68.7,2026-06-25 09:00:00,2974177
77.2,74.5,79.3,68.5,2026-06-25 09:20:00,2974177
77.9,72.1,80.4,68.2,2026-06-25 09:40:00,2974177
79.5,68.1,82.2,68.1,2026-06-25 10:00:00,2974177
80.4,64.0,82.8,67.1,2026-06-25 10:20:00,2974177
80.9,61.0,82.9,66.1,2026-06-25 10:40:00,2974177
82.4,59.5,85.3,66.8,2026-06-25 11:00:00,2974177
83.6,56.5,86.5,66.5,2026-06-25 11:20:00,2974177
83.8,53.6,86.2,65.2,2026-06-25 11:40:00,2974177
84.7,51.6,87.3,65.0,2026-06-25 12:00:00,2974177
83.9,51.8,86.0,64.3,2026-06-25 12:20:00,2974177
85.2,49.2,87.4,64.0,2026-06-25 12:40:00,2974177
84.1,52.4,86.5,64.8,2026-06-25 13:00:00,2974177
85.8,48.8,88.5,64.3,2026-06-25 13:20:00,2974177
87.2,45.3,89.4,63.5,2026-06-25 13:40:00,2974177
86.4,48.6,89.4,64.7,2026-06-25 14:00:00,2974177
87.0,45.5,89.2,63.4,2026-06-25 14:20:00,2974177
88.8,44.0,91.8,64.1,2026-06-25 14:40:00,2974177
91.8,39.7,95.5,63.8,2026-06-25 15:00:00,2974177
88.9,42.0,91.4,62.8,2026-06-25 15:20:00,2974177
88.2,43.5,90.5,63.2,2026-06-25 15:40:00,2974177
87.3,46.8,90.1,64.5,2026-06-25 16:00:00,2974177
88.4,44.8,91.2,64.2,2026-06-25 16:20:00,2974177
89.2,42.0,91.8,63.1,2026-06-25 16:40:00,2974177
90.0,42.1,93.4,63.9,2026-06-25 17:00:00,2974177
89.3,42.8,92.3,63.8,2026-06-25 17:20:00,2974177
92.2,41.0,96.8,65.1,2026-06-25 17:40:00,2974177
89.9,43.5,93.6,64.7,2026-06-25 18:00:00,2974177
87.9,44.5,90.1,63.6,2026-06-25 18:20:00,2974177
87.1,48.7,90.5,65.4,2026-06-25 18:40:00,2974177
85.9,50.4,89.1,65.3,2026-06-25 19:00:00,2974177
85.6,50.1,88.3,64.9,2026-06-25 19:20:00,2974177
85.2,51.4,88.2,65.3,2026-06-25 19:40:00,2974177
84.2,52.0,86.4,64.7,2026-06-25 20:00:00,2974177
83.1,54.1,85.3,64.8,2026-06-25 20:20:00,2974177
82.2,56.1,84.2,65.0,2026-06-25 20:40:00,2974177
81.0,58.3,82.6,65.0,2026-06-25 21:00:00,2974177
79.8,60.6,81.3,65.0,2026-06-25 21:20:00,2974177
78.4,64.5,79.7,65.4,2026-06-25 21:40:00,2974177
77.8,66.3,79.2,65.7,2026-06-25 22:00:00,2974177
76.6,70.2,77.5,66.1,2026-06-25 22:20:00,2974177
76.2,71.9,77.2,66.5,2026-06-25 22:40:00,2974177
75.0,76.6,76.5,67.1,2026-06-25 23:00:00,2974177
75.2,76.5,76.6,67.3,2026-06-25 23:20:00,2974177
74.2,77.1,75.6,66.6,2026-06-25 23:40:00,2974177
73.4,79.5,75.0,66.7,2026-06-26 00:00:00,2974177
73.1,81.2,74.7,67.0,2026-06-26 00:20:00,2974177
73.1,81.7,74.7,67.2,2026-06-26 00:40:00,2974177
72.4,82.3,73.9,66.7,2026-06-26 01:00:00,2974177
72.3,82.5,73.8,66.7,2026-06-26 01:20:00,2974177
72.1,83.0,73.6,66.6,2026-06-26 01:40:00,2974177
72.0,82.8,73.6,66.4,2026-06-26 02:00:00,2974177
71.6,83.6,73.0,66.3,2026-06-26 02:20:00,2974177
71.3,84.6,72.7,66.4,2026-06-26 02:40:00,2974177
71.4,84.3,72.7,66.4,2026-06-26 03:00:00,2974177
71.9,81.8,73.2,66.0,2026-06-26 03:20:00,2974177
72.3,81.1,73.6,66.1,2026-06-26 03:40:00,2974177
72.5,79.6,73.8,65.8,2026-06-26 04:00:00,2974177
72.3,80.2,73.6,65.9,2026-06-26 04:20:00,2974177
72.3,79.7,73.6,65.7,2026-06-26 04:40:00,2974177
72.0,81.3,73.4,65.9,2026-06-26 05:00:00,2974177
71.5,82.3,72.9,65.8,2026-06-26 05:20:00,2974177
70.7,84.0,72.1,65.7,2026-06-26 05:40:00,2974177
70.7,84.4,72.1,65.8,2026-06-26 06:00:00,2974177
69.5,87.7,70.7,65.7,2026-06-26 06:20:00,2974177
69.9,87.7,71.1,66.1,2026-06-26 06:40:00,2974177
70.3,87.8,71.6,66.5,2026-06-26 07:00:00,2974177
70.9,87.6,72.5,67.0,2026-06-26 07:20:00,2974177
71.7,86.9,73.4,67.6,2026-06-26 07:40:00,2974177
74.0,83.4,76.1,68.6,2026-06-26 08:00:00,2974177
76.1,79.3,78.3,69.3,2026-06-26 08:20:00,2974177
78.2,74.8,81.0,69.5,2026-06-26 08:40:00,2974177
79.4,72.2,82.9,69.7,2026-06-26 09:00:00,2974177
80.4,69.1,84.2,69.4,2026-06-26 09:20:00,2974177
81.6,70.1,86.4,70.9,2026-06-26 09:40:00,2974177
82.3,65.7,86.5,69.7,2026-06-26 10:00:00,2974177
84.3,61.5,89.4,69.6,2026-06-26 10:20:00,2974177
86.2,56.0,91.6,68.6,2026-06-26 10:40:00,2974177
87.3,53.4,92.7,68.3,2026-06-26 11:00:00,2974177
86.4,52.2,90.5,66.8,2026-06-26 11:20:00,2974177
86.7,53.6,91.8,67.9,2026-06-26 11:40:00,2974177
86.1,53.3,90.3,67.2,2026-06-26 12:00:00,2974177
86.1,56.6,91.4,68.8,2026-06-26 12:20:00,2974177
86.8,54.5,92.1,68.5,2026-06-26 12:40:00,2974177
88.9,49.6,94.5,67.6,2026-06-26 13:00:00,2974177
88.5,49.1,93.6,67.0,2026-06-26 13:20:00,2974177
88.0,51.1,93.2,67.7,2026-06-26 13:40:00,2974177
88.7,51.2,94.3,68.3,2026-06-26 14:00:00,2974177
90.1,48.8,96.8,68.3,2026-06-26 14:20:00,2974177
89.6,49.9,95.7,68.4,2026-06-26 14:40:00,2974177
89.6,49.3,95.9,68.1,2026-06-26 15:00:00,2974177
89.3,49.0,94.8,67.6,2026-06-26 15:20:00,2974177
88.6,54.6,95.7,70.1,2026-06-26 15:40:00,2974177
87.5,56.4,94.3,70.1,2026-06-26 16:00:00,2974177
84.7,64.7,91.2,71.5,2026-06-26 16:20:00,2974177
84.3,65.8,90.9,71.6,2026-06-26 16:40:00,2974177
85.5,63.7,92.8,71.7,2026-06-26 17:00:00,2974177
83.9,66.0,90.1,71.3,2026-06-26 17:20:00,2974177
84.9,64.9,91.8,71.8,2026-06-26 17:40:00,2974177
84.6,66.5,91.9,72.2,2026-06-26 18:00:00,2974177
84.1,66.6,90.7,71.8,2026-06-26 18:20:00,2974177
83.2,66.8,88.7,71.0,2026-06-26 18:40:00,2974177
82.4,67.8,87.4,70.7,2026-06-26 19:00:00,2974177
82.0,68.4,86.5,70.5,2026-06-26 19:20:00,2974177
81.5,66.5,85.1,69.2,2026-06-26 19:40:00,2974177
80.9,67.0,84.4,68.9,2026-06-26 20:00:00,2974177
80.0,69.2,83.3,69.0,2026-06-26 20:20:00,2974177
79.4,71.3,82.8,69.3,2026-06-26 20:40:00,2974177
79.0,72.5,82.4,69.4,2026-06-26 21:00:00,2974177
78.3,75.1,81.5,69.8,2026-06-26 21:20:00,2974177
77.9,76.9,81.1,70.1,2026-06-26 21:40:00,2974177
77.5,78.4,80.2,70.3,2026-06-26 22:00:00,2974177
77.5,79.6,80.6,70.7,2026-06-26 22:20:00,2974177
77.3,80.9,80.4,71.0,2026-06-26 22:40:00,2974177
77.2,82.4,80.2,71.4,2026-06-26 23:00:00,2974177
77.0,83.4,80.4,71.6,2026-06-26 23:20:00,2974177
76.8,83.9,79.7,71.6,2026-06-26 23:40:00,2974177
76.8,84.1,79.7,71.6,2026-06-27 00:00:00,2974177
76.5,84.4,79.3,71.4,2026-06-27 00:20:00,2974177
76.2,84.7,79.0,71.3,2026-06-27 00:40:00,2974177
75.9,85.2,78.8,71.2,2026-06-27 01:00:00,2974177
75.7,85.7,78.3,71.1,2026-06-27 01:20:00,2974177
75.3,86.3,78.1,70.9,2026-06-27 01:40:00,2974177
75.0,86.9,77.5,70.8,2026-06-27 02:00:00,2974177
74.7,87.6,77.4,70.8,2026-06-27 02:20:00,2974177
74.9,87.7,77.7,71.0,2026-06-27 02:40:00,2974177
74.9,87.9,77.7,71.1,2026-06-27 03:00:00,2974177
75.1,87.7,77.9,71.2,2026-06-27 03:20:00,2974177
74.9,88.1,77.7,71.1,2026-06-27 03:40:00,2974177
74.8,88.5,77.4,71.1,2026-06-27 04:00:00,2974177
74.7,88.8,77.5,71.2,2026-06-27 04:20:00,2974177
74.5,89.5,77.4,71.2,2026-06-27 04:40:00,2974177
74.4,89.5,77.0,71.1,2026-06-27 05:00:00,2974177
74.2,89.7,76.8,71.0,2026-06-27 05:20:00,2974177
74.0,90.1,76.8,70.9,2026-06-27 05:40:00,2974177
73.9,90.4,76.5,70.9,2026-06-27 06:00:00,2974177
73.5,91.0,76.1,70.8,2026-06-27 06:20:00,2974177
73.7,91.2,76.3,70.9,2026-06-27 06:40:00,2974177
73.9,91.2,76.5,71.2,2026-06-27 07:00:00,2974177
75.0,90.4,77.9,72.0,2026-06-27 07:20:00,2974177
75.9,88.6,79.2,72.3,2026-06-27 07:40:00,2974177
76.5,87.5,79.9,72.5,2026-06-27 08:00:00,2974177
77.1,86.5,80.8,72.8,2026-06-27 08:20:00,2974177
78.6,84.2,83.8,73.5,2026-06-27 08:40:00,2974177
80.4,81.1,87.1,74.1,2026-06-27 09:00:00,2974177
81.7,78.1,88.9,74.2,2026-06-27 09:20:00,2974177
82.6,75.8,90.1,74.2,2026-06-27 09:40:00,2974177
84.1,74.2,93.2,74.9,2026-06-27 10:00:00,2974177
85.5,70.5,95.5,74.8,2026-06-27 10:20:00,2974177
87.4,65.4,97.7,74.3,2026-06-27 10:40:00,2974177
88.6,61.5,98.6,73.6,2026-06-27 11:00:00,2974177
87.6,61.6,96.3,72.8,2026-06-27 11:20:00,2974177
88.7,60.0,98.4,73.0,2026-06-27 11:40:00,2974177
89.2,60.3,99.5,73.6,2026-06-27 12:00:00,2974177
88.8,60.5,98.8,73.3,2026-06-27 12:20:00,2974177
90.1,57.8,101.1,73.3,2026-06-27 12:40:00,2974177
91.5,55.3,102.9,73.2,2026-06-27 13:00:00,2974177
92.4,53.2,103.8,72.9,2026-06-27 13:20:00,2974177
91.5,54.1,102.2,72.6,2026-06-27 13:40:00,2974177
92.1,53.9,103.3,73.0,2026-06-27 14:00:00,2974177
79.3,76.5,83.5,71.3,2026-06-27 14:20:00,2974177
79.0,87.0,85.3,74.8,2026-06-27 14:40:00,2974177
83.2,84.1,94.5,77.9,2026-06-27 15:00:00,2974177
84.6,78.8,96.4,77.3,2026-06-27 15:20:00,2974177
82.3,68.9,87.3,71.1,2026-06-27 15:40:00,2974177
77.8,80.5,81.5,71.3,2026-06-27 16:00:00,2974177
78.5,87.0,84.0,74.4,2026-06-27 16:20:00,2974177
80.2,86.9,87.6,75.9,2026-06-27 16:40:00,2974177
80.8,81.6,87.8,74.7,2026-06-27 17:00:00,2974177
84.4,72.5,93.7,74.6,2026-06-27 17:20:00,2974177
87.2,63.3,96.3,73.3,2026-06-27 17:40:00,2974177
87.4,64.7,97.3,74.0,2026-06-27 18:00:00,2974177
87.5,63.1,97.0,73.3,2026-06-27 18:20:00,2974177
85.7,68.5,95.2,74.2,2026-06-27 18:40:00,2974177
84.3,71.0,92.7,73.9,2026-06-27 19:00:00,2974177
83.3,74.8,91.0,74.4,2026-06-27 19:20:00,2974177
82.9,76.3,90.7,74.6,2026-06-27 19:40:00,2974177
82.6,77.9,90.7,75.0,2026-06-27 20:00:00,2974177
82.0,79.6,89.6,75.1,2026-06-27 20:20:00,2974177
81.3,82.2,88.9,75.4,2026-06-27 20:40:00,2974177
81.2,82.8,89.1,75.5,2026-06-27 21:00:00,2974177
80.7,83.0,87.8,75.1,2026-06-27 21:20:00,2974177
80.2,82.9,86.7,74.5,2026-06-27 21:40:00,2974177
79.9,80.5,85.5,73.3,2026-06-27 22:00:00,2974177
79.4,78.2,84.2,72.0,2026-06-27 22:20:00,2974177
78.9,77.3,82.9,71.2,2026-06-27 22:40:00,2974177
78.3,78.2,82.0,71.0,2026-06-27 23:00:00,2974177
77.9,78.0,81.3,70.5,2026-06-27 23:20:00,2974177
77.4,78.9,80.4,70.3,2026-06-27 23:40:00,2974177
77.0,80.0,79.9,70.4,2026-06-28 00:00:00,2974177
76.6,80.9,79.0,70.3,2026-06-28 00:20:00,2974177
76.0,81.5,78.3,69.9,2026-06-28 00:40:00,2974177
75.7,82.2,77.9,69.9,2026-06-28 01:00:00,2974177
75.6,82.8,77.9,70.0,2026-06-28 01:20:00,2974177
75.5,83.1,77.7,70.0,2026-06-28 01:40:00,2974177
75.2,83.4,77.7,69.9,2026-06-28 02:00:00,2974177
74.6,84.3,76.8,69.5,2026-06-28 02:20:00,2974177
74.3,85.3,76.5,69.5,2026-06-28 02:40:00,2974177
74.0,86.1,76.3,69.6,2026-06-28 03:00:00,2974177
73.5,86.7,75.7,69.3,2026-06-28 03:20:00,2974177
73.4,87.3,75.4,69.3,2026-06-28 03:40:00,2974177
73.1,87.8,75.4,69.3,2026-06-28 04:00:00,2974177
72.7,88.6,74.8,69.1,2026-06-28 04:20:00,2974177
72.4,88.9,74.5,69.0,2026-06-28 04:40:00,2974177
72.3,89.2,74.5,69.0,2026-06-28 05:00:00,2974177
72.1,89.9,73.9,69.0,2026-06-28 05:20:00,2974177
72.1,90.1,74.1,69.0,2026-06-28 05:40:00,2974177
71.8,90.5,73.9,68.9,2026-06-28 06:00:00,2974177
71.9,90.6,73.9,69.0,2026-06-28 06:20:00,2974177
71.8,90.8,73.9,69.0,2026-06-28 06:40:00,2974177
72.1,90.9,74.1,69.3,2026-06-28 07:00:00,2974177
73.3,90.0,75.7,70.2,2026-06-28 07:20:00,2974177
74.0,88.0,76.5,70.2,2026-06-28 07:40:00,2974177
75.4,85.9,78.1,70.9,2026-06-28 08:00:00,2974177
77.5,82.0,81.0,71.5,2026-06-28 08:20:00,2974177
77.9,81.6,81.9,71.8,2026-06-28 08:40:00,2974177
78.4,80.0,82.4,71.7,2026-06-28 09:00:00,2974177
79.0,78.6,83.5,71.7,2026-06-28 09:20:00,2974177
78.9,79.9,83.5,72.2,2026-06-28 09:40:00,2974177
80.2,77.2,85.3,72.4,2026-06-28 10:00:00,2974177
81.5,75.3,87.6,72.9,2026-06-28 10:20:00,2974177
82.8,73.4,89.8,73.5,2026-06-28 10:40:00,2974177
83.3,72.8,90.5,73.6,2026-06-28 11:00:00,2974177
84.7,69.9,93.2,73.8,2026-06-28 11:20:00,2974177
87.3,64.7,97.3,74.0,2026-06-28 11:40:00,2974177
87.8,60.7,96.4,72.5,2026-06-28 12:00:00,2974177
87.1,64.1,96.6,73.5,2026-06-28 12:20:00,2974177
88.7,61.8,98.8,73.8,2026-06-28 12:40:00,2974177
87.5,61.5,96.1,72.6,2026-06-28 13:00:00,2974177
87.5,60.5,95.7,72.2,2026-06-28 13:20:00,2974177
87.2,61.3,95.4,72.3,2026-06-28 13:40:00,2974177
91.2,56.6,103.1,73.7,2026-06-28 14:00:00,2974177
91.7,52.9,102.0,72.1,2026-06-28 14:20:00,2974177
92.6,49.1,101.8,70.7,2026-06-28 14:40:00,2974177
93.3,52.9,105.6,73.5,2026-06-28 15:00:00,2974177
92.1,51.2,102.2,71.5,2026-06-28 15:20:00,2974177
93.2,53.5,105.6,73.8,2026-06-28 15:40:00,2974177
92.1,54.8,103.8,73.4,2026-06-28 16:00:00,2974177
92.0,54.4,103.5,73.2,2026-06-28 16:20:00,2974177
90.3,57.3,101.3,73.1,2026-06-28 16:40:00,2974177
88.4,60.2,97.7,72.8,2026-06-28 17:00:00,2974177
86.2,67.5,95.9,74.1,2026-06-28 17:20:00,2974177
83.7,70.2,91.0,73.0,2026-06-28 17:40:00,2974177
80.9,76.5,86.5,72.8,2026-06-28 18:00:00,2974177
79.7,83.1,86.0,74.1,2026-06-28 18:20:00,2974177
76.7,82.9,79.5,71.1,2026-06-28 18:40:00,2974177
74.4,90.0,77.2,71.2,2026-06-28 19:00:00,2974177
74.2,92.5,77.2,71.9,2026-06-28 19:20:00,2974177
74.8,94.0,78.1,72.9,2026-06-28 19:40:00,2974177
74.7,94.1,78.1,72.9,2026-06-28 20:00:00,2974177
75.0,94.6,78.4,73.3,2026-06-28 20:20:00,2974177
75.2,94.8,78.6,73.6,2026-06-28 20:40:00,2974177
75.0,94.8,78.4,73.4,2026-06-28 21:00:00,2974177
75.1,95.0,78.6,73.6,2026-06-28 21:20:00,2974177
75.2,95.2,79.0,73.7,2026-06-28 21:40:00,2974177
75.2,95.2,79.0,73.7,2026-06-28 22:00:00,2974177
75.1,95.2,78.8,73.6,2026-06-28 22:20:00,2974177
75.0,95.5,78.6,73.6,2026-06-28 22:40:00,2974177
74.4,95.4,77.7,73.0,2026-06-28 23:00:00,2974177
74.2,95.6,77.5,72.8,2026-06-28 23:20:00,2974177
74.2,95.7,77.5,72.9,2026-06-28 23:40:00,2974177
74.2,95.6,77.5,72.8,2026-06-29 00:00:00,2974177
73.8,95.3,77.0,72.4,2026-06-29 00:20:00,2974177
73.5,95.6,76.5,72.2,2026-06-29 00:40:00,2974177
73.7,96.0,76.8,72.4,2026-06-29 01:00:00,2974177
73.6,96.2,76.8,72.4,2026-06-29 01:20:00,2974177
73.5,96.3,76.5,72.4,2026-06-29 01:40:00,2974177
73.4,96.3,76.3,72.3,2026-06-29 02:00:00,2974177
73.2,96.4,76.3,72.1,2026-06-29 02:20:00,2974177
73.0,96.3,75.7,71.9,2026-06-29 02:40:00,2974177
73.0,96.5,75.7,71.9,2026-06-29 03:00:00,2974177
73.1,96.5,76.1,72.1,2026-06-29 03:20:00,2974177
73.2,96.5,76.3,72.2,2026-06-29 03:40:00,2974177
73.3,96.5,76.3,72.2,2026-06-29 04:00:00,2974177
73.2,96.6,76.1,72.1,2026-06-29 04:20:00,2974177
73.1,96.6,76.1,72.1,2026-06-29 04:40:00,2974177
72.9,96.6,75.7,71.9,2026-06-29 05:00:00,2974177
72.7,96.5,75.6,71.7,2026-06-29 05:20:00,2974177
72.5,96.5,75.2,71.5,2026-06-29 05:40:00,2974177
72.3,96.5,74.7,71.3,2026-06-29 06:00:00,2974177
72.3,96.5,74.7,71.3,2026-06-29 06:20:00,2974177
72.6,96.5,75.2,71.5,2026-06-29 06:40:00,2974177
72.6,96.4,75.2,71.5,2026-06-29 07:00:00,2974177
72.8,96.2,75.4,71.7,2026-06-29 07:20:00,2974177
73.0,95.9,75.7,71.7,2026-06-29 07:40:00,2974177
73.4,95.2,76.3,71.9,2026-06-29 08:00:00,2974177
82.2,38.5,80.6,54.5,2026-06-15 13:00:00,2974337
83.0,37.6,81.3,54.5,2026-06-15 13:20:00,2974337
83.4,37.8,81.9,55.0,2026-06-15 13:40:00,2974337
84.7,34.2,82.9,53.4,2026-06-15 14:00:00,2974337
84.8,33.1,82.8,52.7,2026-06-15 14:20:00,2974337
85.3,32.0,83.3,52.1,2026-06-15 14:40:00,2974337
86.3,31.8,84.4,52.8,2026-06-15 15:00:00,2974337
86.1,32.4,84.2,53.2,2026-06-15 15:20:00,2974337
86.1,31.4,84.0,52.3,2026-06-15 15:40:00,2974337
86.4,32.1,84.6,53.2,2026-06-15 16:00:00,2974337
86.1,33.1,84.4,53.7,2026-06-15 16:20:00,2974337
86.4,33.6,85.1,54.4,2026-06-15 16:40:00,2974337
86.2,31.2,84.0,52.2,2026-06-15 17:00:00,2974337
86.1,31.4,84.0,52.3,2026-06-15 17:20:00,2974337
86.0,31.0,83.8,51.9,2026-06-15 17:40:00,2974337
85.9,31.4,83.8,52.2,2026-06-15 18:00:00,2974337
85.9,31.8,83.8,52.5,2026-06-15 18:20:00,2974337
85.8,33.1,84.2,53.5,2026-06-15 18:40:00,2974337
84.8,32.8,82.6,52.3,2026-06-15 19:00:00,2974337
83.8,33.5,81.5,52.0,2026-06-15 19:20:00,2974337
83.0,35.2,81.0,52.7,2026-06-15 19:40:00,2974337
82.2,35.5,79.7,52.2,2026-06-15 20:00:00,2974337
81.0,37.0,78.8,52.3,2026-06-15 20:20:00,2974337
80.0,37.6,77.7,51.9,2026-06-15 20:40:00,2974337
79.0,38.9,76.8,51.9,2026-06-15 21:00:00,2974337
78.0,41.4,75.9,52.7,2026-06-15 21:20:00,2974337
76.5,42.7,74.5,52.2,2026-06-15 21:40:00,2974337
75.6,43.8,73.8,52.0,2026-06-15 22:00:00,2974337
74.9,44.9,73.2,52.0,2026-06-15 22:20:00,2974337
73.8,46.9,72.5,52.3,2026-06-15 22:40:00,2974337
73.5,48.3,72.3,52.8,2026-06-15 23:00:00,2974337
72.9,48.3,71.8,52.2,2026-06-15 23:20:00,2974337
72.1,49.6,71.2,52.3,2026-06-15 23:40:00,2974337
71.4,51.2,70.5,52.4,2026-06-16 00:00:00,2974337
71.5,52.4,70.7,53.2,2026-06-16 00:20:00,2974337
71.6,51.4,70.7,52.7,2026-06-16 00:40:00,2974337
71.4,51.5,70.5,52.6,2026-06-16 01:00:00,2974337
71.3,51.1,70.5,52.3,2026-06-16 01:20:00,2974337
70.8,51.6,70.2,52.2,2026-06-16 01:40:00,2974337
70.4,53.0,69.8,52.4,2026-06-16 02:00:00,2974337
69.7,53.9,68.7,52.2,2026-06-16 02:20:00,2974337
69.3,54.7,68.2,52.3,2026-06-16 02:40:00,2974337
68.9,55.4,67.8,52.2,2026-06-16 03:00:00,2974337
68.4,55.4,67.1,51.9,2026-06-16 03:20:00,2974337
68.3,55.7,66.7,51.8,2026-06-16 03:40:00,2974337
67.7,56.6,66.2,51.8,2026-06-16 04:00:00,2974337
67.3,57.3,65.7,51.7,2026-06-16 04:20:00,2974337
67.2,57.9,65.5,51.9,2026-06-16 04:40:00,2974337
66.9,57.6,65.1,51.5,2026-06-16 05:00:00,2974337
66.9,57.4,65.1,51.4,2026-06-16 05:20:00,2974337
66.8,57.7,64.9,51.5,2026-06-16 05:40:00,2974337
66.8,57.9,64.9,51.5,2026-06-16 06:00:00,2974337
66.8,58.1,64.9,51.7,2026-06-16 06:20:00,2974337
66.7,59.2,64.8,52.0,2026-06-16 06:40:00,2974337
66.8,59.9,65.1,52.4,2026-06-16 07:00:00,2974337
66.9,60.0,65.3,52.6,2026-06-16 07:20:00,2974337
67.1,61.1,65.7,53.3,2026-06-16 07:40:00,2974337
67.7,61.5,66.6,54.0,2026-06-16 08:00:00,2974337
67.9,61.4,66.7,54.2,2026-06-16 08:20:00,2974337
68.5,61.7,67.5,54.9,2026-06-16 08:40:00,2974337
70.1,59.0,69.6,55.1,2026-06-16 09:00:00,2974337
70.7,57.0,70.5,54.7,2026-06-16 09:20:00,2974337
71.3,55.7,70.9,54.7,2026-06-16 09:40:00,2974337
72.8,55.2,72.3,55.8,2026-06-16 10:00:00,2974337
73.6,53.3,72.9,55.5,2026-06-16 10:20:00,2974337
74.3,52.6,73.4,55.9,2026-06-16 10:40:00,2974337
76.0,50.4,74.8,56.2,2026-06-16 11:00:00,2974337
76.8,47.7,75.2,55.5,2026-06-16 11:20:00,2974337
76.7,49.3,75.4,56.3,2026-06-16 11:40:00,2974337
77.6,47.4,76.3,56.0,2026-06-16 12:00:00,2974337
77.5,47.5,76.1,56.0,2026-06-16 12:20:00,2974337
78.1,47.3,77.0,56.4,2026-06-16 12:40:00,2974337
77.4,47.5,76.1,55.9,2026-06-16 13:00:00,2974337
78.4,47.3,77.2,56.7,2026-06-16 13:20:00,2974337
79.5,45.6,78.4,56.7,2026-06-16 13:40:00,2974337
80.9,41.5,79.3,55.3,2026-06-16 14:00:00,2974337
82.3,40.9,81.0,56.2,2026-06-16 14:20:00,2974337
82.2,40.9,80.6,56.1,2026-06-16 14:40:00,2974337
82.2,40.4,81.0,55.9,2026-06-16 15:00:00,2974337
84.2,39.8,83.5,57.1,2026-06-16 15:20:00,2974337
83.9,41.1,83.5,57.8,2026-06-16 15:40:00,2974337
83.5,41.8,82.9,57.9,2026-06-16 16:00:00,2974337
83.1,42.1,82.6,57.8,2026-06-16 16:20:00,2974337
83.0,42.9,82.4,58.2,2026-06-16 16:40:00,2974337
82.9,43.8,82.2,58.6,2026-06-16 17:00:00,2974337
82.7,43.6,82.0,58.3,2026-06-16 17:20:00,2974337
82.2,43.8,81.5,58.0,2026-06-16 17:40:00,2974337
81.9,45.6,81.3,58.9,2026-06-16 18:00:00,2974337
81.2,46.8,80.8,58.9,2026-06-16 18:20:00,2974337
81.1,48.8,81.0,60.0,2026-06-16 18:40:00,2974337
80.7,48.3,80.2,59.3,2026-06-16 19:00:00,2974337
80.4,49.0,79.9,59.5,2026-06-16 19:20:00,2974337
80.2,48.4,79.5,59.0,2026-06-16 19:40:00,2974337
79.8,49.1,79.3,59.0,2026-06-16 20:00:00,2974337
79.4,49.5,79.0,58.9,2026-06-16 20:20:00,2974337
78.8,50.5,78.4,58.9,2026-06-16 20:40:00,2974337
78.2,51.6,77.5,58.9,2026-06-16 21:00:00,2974337
77.6,52.0,77.0,58.6,2026-06-16 21:20:00,2974337
77.0,52.9,76.3,58.5,2026-06-16 21:40:00,2974337
76.7,53.8,75.9,58.7,2026-06-16 22:00:00,2974337
76.5,54.2,75.7,58.7,2026-06-16 22:20:00,2974337
76.1,55.5,75.4,59.0,2026-06-16 22:40:00,2974337
75.5,56.5,74.8,59.0,2026-06-16 23:00:00,2974337
75.1,57.4,74.7,59.0,2026-06-16 23:20:00,2974337
74.7,58.2,74.3,59.0,2026-06-16 23:40:00,2974337
74.4,59.5,74.1,59.4,2026-06-17 00:00:00,2974337
74.0,60.5,73.9,59.5,2026-06-17 00:20:00,2974337
73.8,61.9,73.9,59.9,2026-06-17 00:40:00,2974337
73.3,63.4,73.6,60.2,2026-06-17 01:00:00,2974337
73.0,64.5,73.2,60.4,2026-06-17 01:20:00,2974337
72.4,66.1,72.9,60.5,2026-06-17 01:40:00,2974337
72.1,67.5,72.5,60.8,2026-06-17 02:00:00,2974337
71.7,69.0,72.3,61.0,2026-06-17 02:20:00,2974337
71.5,70.4,72.1,61.3,2026-06-17 02:40:00,2974337
71.1,72.3,72.0,61.8,2026-06-17 03:00:00,2974337
70.9,73.7,71.8,62.1,2026-06-17 03:20:00,2974337
70.6,74.7,71.2,62.2,2026-06-17 03:40:00,2974337
70.5,75.5,71.4,62.4,2026-06-17 04:00:00,2974337
70.3,76.5,71.1,62.6,2026-06-17 04:20:00,2974337
69.9,77.8,70.5,62.7,2026-06-17 04:40:00,2974337
69.8,78.6,70.5,62.9,2026-06-17 05:00:00,2974337
69.6,79.4,70.3,63.0,2026-06-17 05:20:00,2974337
69.1,80.6,69.8,62.9,2026-06-17 05:40:00,2974337
69.0,81.2,69.6,63.0,2026-06-17 06:00:00,2974337
68.7,81.8,69.4,62.9,2026-06-17 06:20:00,2974337
68.6,82.7,69.4,63.1,2026-06-17 06:40:00,2974337
69.0,82.6,69.8,63.5,2026-06-17 07:00:00,2974337
69.5,82.5,70.3,64.0,2026-06-17 07:20:00,2974337
70.4,81.6,71.4,64.5,2026-06-17 07:40:00,2974337
71.7,79.9,72.9,65.2,2026-06-17 08:00:00,2974337
73.5,77.0,74.8,65.8,2026-06-17 08:20:00,2974337
75.3,72.8,76.5,65.9,2026-06-17 08:40:00,2974337
76.9,68.5,77.9,65.8,2026-06-17 09:00:00,2974337
78.8,64.0,80.4,65.6,2026-06-17 09:20:00,2974337
79.7,58.6,80.6,63.9,2026-06-17 09:40:00,2974337
80.6,56.7,81.9,63.8,2026-06-17 10:00:00,2974337
81.3,52.1,81.7,62.1,2026-06-17 10:20:00,2974337
82.2,49.0,82.2,61.2,2026-06-17 10:40:00,2974337
82.8,48.8,83.5,61.6,2026-06-17 11:00:00,2974337
84.7,45.7,85.5,61.4,2026-06-17 11:20:00,2974337
85.8,42.0,86.5,60.1,2026-06-17 11:40:00,2974337
85.9,39.1,85.8,58.2,2026-06-17 12:00:00,2974337
86.7,39.7,86.9,59.3,2026-06-17 12:20:00,2974337
86.4,36.9,85.8,56.9,2026-06-17 12:40:00,2974337
86.8,35.7,86.0,56.4,2026-06-17 13:00:00,2974337
87.8,34.7,87.3,56.5,2026-06-17 13:20:00,2974337
87.8,33.1,86.7,55.3,2026-06-17 13:40:00,2974337
88.6,34.1,88.0,56.7,2026-06-17 14:00:00,2974337
89.1,32.0,88.3,55.4,2026-06-17 14:20:00,2974337
88.7,33.3,87.8,56.1,2026-06-17 14:40:00,2974337
89.2,33.1,88.7,56.4,2026-06-17 15:00:00,2974337
89.8,34.9,90.3,58.4,2026-06-17 15:20:00,2974337
88.5,35.9,88.5,58.1,2026-06-17 15:40:00,2974337
88.2,34.6,87.6,56.8,2026-06-17 16:00:00,2974337
90.1,33.4,90.1,57.5,2026-06-17 16:20:00,2974337
89.3,34.5,89.4,57.7,2026-06-17 16:40:00,2974337
90.4,33.0,90.5,57.4,2026-06-17 17:00:00,2974337
90.9,32.1,91.0,57.1,2026-06-17 17:20:00,2974337
90.0,32.3,89.6,56.4,2026-06-17 17:40:00,2974337
90.6,33.4,90.9,57.9,2026-06-17 18:00:00,2974337
89.9,32.6,89.6,56.7,2026-06-17 18:20:00,2974337
89.5,33.8,89.4,57.3,2026-06-17 18:40:00,2974337
88.4,35.4,88.3,57.7,2026-06-17 19:00:00,2974337
87.7,37.8,88.0,58.8,2026-06-17 19:20:00,2974337
87.2,39.6,87.6,59.6,2026-06-17 19:40:00,2974337
86.5,43.3,87.6,61.5,2026-06-17 20:00:00,2974337
85.7,45.1,87.1,62.0,2026-06-17 20:20:00,2974337
85.0,45.8,86.0,61.8,2026-06-17 20:40:00,2974337
84.3,47.6,85.5,62.3,2026-06-17 21:00:00,2974337
83.8,50.4,85.3,63.4,2026-06-17 21:20:00,2974337
83.2,53.1,85.1,64.4,2026-06-17 21:40:00,2974337
83.0,55.6,85.3,65.5,2026-06-17 22:00:00,2974337
82.6,57.6,85.1,66.2,2026-06-17 22:20:00,2974337
82.2,60.0,84.9,67.0,2026-06-17 22:40:00,2974337
81.8,61.8,84.6,67.4,2026-06-17 23:00:00,2974337
81.3,63.2,84.0,67.6,2026-06-17 23:20:00,2974337
80.8,63.9,83.7,67.4,2026-06-17 23:40:00,2974337
80.4,64.2,82.9,67.2,2026-06-18 00:00:00,2974337
80.0,64.3,82.2,66.8,2026-06-18 00:20:00,2974337
79.6,64.2,81.7,66.4,2026-06-18 00:40:00,2974337
79.4,63.8,81.3,66.1,2026-06-18 01:00:00,2974337
79.1,63.7,80.8,65.7,2026-06-18 01:20:00,2974337
78.6,64.6,80.4,65.7,2026-06-18 01:40:00,2974337
78.3,65.1,79.9,65.7,2026-06-18 02:00:00,2974337
77.9,66.1,79.5,65.7,2026-06-18 02:20:00,2974337
77.5,67.3,78.6,65.8,2026-06-18 02:40:00,2974337
77.5,67.6,78.8,65.9,2026-06-18 03:00:00,2974337
77.2,68.9,78.4,66.2,2026-06-18 03:20:00,2974337
77.2,70.6,79.0,66.9,2026-06-18 03:40:00,2974337
77.3,72.7,79.2,67.8,2026-06-18 04:00:00,2974337
77.1,75.1,79.2,68.6,2026-06-18 04:20:00,2974337
77.0,77.2,79.3,69.3,2026-06-18 04:40:00,2974337
76.6,78.3,78.8,69.4,2026-06-18 05:00:00,2974337
76.3,79.5,78.4,69.5,2026-06-18 05:20:00,2974337
76.2,80.2,78.3,69.7,2026-06-18 05:40:00,2974337
76.1,81.0,78.3,69.8,2026-06-18 06:00:00,2974337
75.9,81.8,78.1,69.9,2026-06-18 06:20:00,2974337
76.0,82.2,78.4,70.2,2026-06-18 06:40:00,2974337
76.4,81.8,78.6,70.4,2026-06-18 07:00:00,2974337
77.0,80.7,79.7,70.6,2026-06-18 07:20:00,2974337
77.1,80.2,79.9,70.5,2026-06-18 07:40:00,2974337
77.7,79.3,81.3,70.8,2026-06-18 08:00:00,2974337
78.3,78.2,82.0,70.9,2026-06-18 08:20:00,2974337
80.6,73.4,85.1,71.2,2026-06-18 08:40:00,2974337
80.7,72.6,85.3,71.1,2026-06-18 09:00:00,2974337
82.2,70.0,87.6,71.5,2026-06-18 09:20:00,2974337
83.1,68.3,88.9,71.6,2026-06-18 09:40:00,2974337
83.9,67.9,90.9,72.1,2026-06-18 10:00:00,2974337
84.6,66.0,91.8,71.9,2026-06-18 10:20:00,2974337
86.0,62.9,93.7,71.9,2026-06-18 10:40:00,2974337
86.7,61.7,94.5,72.0,2026-06-18 11:00:00,2974337
88.1,58.2,95.9,71.5,2026-06-18 11:20:00,2974337
88.9,55.2,96.8,70.7,2026-06-18 11:40:00,2974337
89.4,55.6,97.9,71.4,2026-06-18 12:00:00,2974337
90.1,54.7,99.1,71.6,2026-06-18 12:20:00,2974337
91.7,52.4,101.7,71.8,2026-06-18 12:40:00,2974337
92.2,51.6,102.6,71.8,2026-06-18 13:00:00,2974337
92.8,49.6,102.6,71.2,2026-06-18 13:20:00,2974337
93.8,47.2,103.3,70.6,2026-06-18 13:40:00,2974337
94.7,46.9,105.1,71.2,2026-06-18 14:00:00,2974337
94.2,46.5,103.5,70.5,2026-06-18 14:20:00,2974337
93.4,47.0,102.0,70.1,2026-06-18 14:40:00,2974337
96.2,44.4,106.7,70.9,2026-06-18 15:00:00,2974337
94.2,44.9,102.6,69.5,2026-06-18 15:20:00,2974337
91.1,45.6,96.8,67.2,2026-06-18 15:40:00,2974337
81.3,60.7,83.5,66.4,2026-06-18 16:00:00,2974337
76.2,71.5,77.2,66.4,2026-06-18 16:20:00,2974337
77.7,77.5,80.8,70.1,2026-06-18 16:40:00,2974337
80.7,73.8,85.6,71.6,2026-06-18 17:00:00,2974337
82.2,69.4,87.4,71.2,2026-06-18 17:20:00,2974337
83.4,66.3,89.1,70.9,2026-06-18 17:40:00,2974337
84.4,64.1,90.3,70.9,2026-06-18 18:00:00,2974337
85.1,61.7,91.4,70.5,2026-06-18 18:20:00,2974337
85.5,63.0,92.7,71.4,2026-06-18 18:40:00,2974337
85.0,63.5,91.8,71.2,2026-06-18 19:00:00,2974337
84.7,66.1,91.8,72.1,2026-06-18 19:20:00,2974337
84.1,67.9,91.2,72.3,2026-06-18 19:40:00,2974337
83.3,68.6,89.2,71.9,2026-06-18 20:00:00,2974337
82.9,68.2,88.3,71.3,2026-06-18 20:20:00,2974337
82.4,70.7,88.2,71.9,2026-06-18 20:40:00,2974337
82.3,72.5,88.3,72.6,2026-06-18 21:00:00,2974337
78.2,83.7,82.8,72.9,2026-06-18 21:20:00,2974337
76.8,89.0,80.4,73.3,2026-06-18 21:40:00,2974337
75.9,89.4,79.2,72.6,2026-06-18 22:00:00,2974337
75.1,90.4,78.3,72.1,2026-06-18 22:20:00,2974337
74.8,90.5,77.7,71.8,2026-06-18 22:40:00,2974337
74.7,90.5,77.7,71.7,2026-06-18 23:00:00,2974337
74.2,91.0,77.0,71.4,2026-06-18 23:20:00,2974337
74.2,91.6,77.2,71.6,2026-06-18 23:40:00,2974337
73.8,92.0,76.6,71.3,2026-06-19 00:00:00,2974337
73.8,92.8,76.6,71.6,2026-06-19 00:20:00,2974337
73.7,93.0,76.5,71.5,2026-06-19 00:40:00,2974337
73.6,93.3,76.5,71.5,2026-06-19 01:00:00,2974337
73.6,93.5,76.5,71.6,2026-06-19 01:20:00,2974337
73.3,93.3,75.9,71.2,2026-06-19 01:40:00,2974337
73.4,92.7,76.3,71.2,2026-06-19 02:00:00,2974337
72.8,92.6,75.2,70.6,2026-06-19 02:20:00,2974337
72.9,92.7,75.4,70.6,2026-06-19 02:40:00,2974337
72.8,92.8,75.2,70.6,2026-06-19 03:00:00,2974337
72.8,92.9,75.2,70.7,2026-06-19 03:20:00,2974337
72.8,93.1,75.2,70.6,2026-06-19 03:40:00,2974337
72.8,93.3,75.2,70.7,2026-06-19 04:00:00,2974337
72.4,93.2,74.7,70.4,2026-06-19 04:20:00,2974337
72.3,93.2,74.5,70.2,2026-06-19 04:40:00,2974337
71.8,93.5,73.9,69.8,2026-06-19 05:00:00,2974337
71.4,93.8,73.4,69.5,2026-06-19 05:20:00,2974337
71.2,94.2,73.0,69.4,2026-06-19 05:40:00,2974337
70.7,94.3,72.7,69.0,2026-06-19 06:00:00,2974337
70.6,94.7,72.3,69.0,2026-06-19 06:20:00,2974337
70.6,95.1,72.3,69.2,2026-06-19 06:40:00,2974337
70.8,95.4,72.7,69.4,2026-06-19 07:00:00,2974337
70.9,95.6,72.9,69.6,2026-06-19 07:20:00,2974337
71.1,95.8,73.0,69.8,2026-06-19 07:40:00,2974337
71.3,95.9,73.4,70.1,2026-06-19 08:00:00,2974337
71.3,96.0,73.4,70.1,2026-06-19 08:20:00,2974337
71.5,96.1,73.6,70.3,2026-06-19 08:40:00,2974337
72.0,96.2,74.5,70.9,2026-06-19 09:00:00,2974337
72.2,96.3,74.7,71.1,2026-06-19 09:20:00,2974337
72.1,96.2,74.7,71.0,2026-06-19 09:40:00,2974337
72.7,96.3,75.4,71.6,2026-06-19 10:00:00,2974337
73.0,96.1,75.7,71.9,2026-06-19 10:20:00,2974337
73.7,95.6,76.8,72.4,2026-06-19 10:40:00,2974337
74.2,94.9,77.4,72.7,2026-06-19 11:00:00,2974337
74.7,93.7,77.9,72.8,2026-06-19 11:20:00,2974337
75.9,91.3,79.3,73.2,2026-06-19 11:40:00,2974337
76.5,88.3,79.9,72.8,2026-06-19 12:00:00,2974337
77.8,86.3,82.4,73.4,2026-06-19 12:20:00,2974337
78.7,82.4,83.7,72.9,2026-06-19 12:40:00,2974337
80.0,79.7,85.6,73.1,2026-06-19 13:00:00,2974337
81.4,76.9,87.8,73.5,2026-06-19 13:20:00,2974337
82.0,72.9,88.0,72.5,2026-06-19 13:40:00,2974337
82.1,69.6,87.1,71.2,2026-06-19 14:00:00,2974337
83.6,68.2,90.1,72.0,2026-06-19 14:20:00,2974337
83.7,63.8,89.1,70.2,2026-06-19 14:40:00,2974337
85.1,59.2,90.5,69.3,2026-06-19 15:00:00,2974337
85.8,53.5,89.8,67.0,2026-06-19 15:20:00,2974337
86.2,50.6,89.8,65.7,2026-06-19 15:40:00,2974337
85.3,57.2,90.0,68.4,2026-06-19 16:00:00,2974337
85.7,50.4,88.7,65.2,2026-06-19 16:20:00,2974337
86.0,47.2,88.0,63.5,2026-06-19 16:40:00,2974337
85.3,47.4,87.3,63.1,2026-06-19 17:00:00,2974337
84.7,48.3,86.2,63.0,2026-06-19 17:20:00,2974337
84.9,47.0,86.2,62.4,2026-06-19 17:40:00,2974337
85.5,46.0,87.1,62.3,2026-06-19 18:00:00,2974337
85.3,44.4,86.4,61.2,2026-06-19 18:20:00,2974337
84.7,43.7,84.9,60.2,2026-06-19 18:40:00,2974337
84.8,45.0,85.5,61.1,2026-06-19 19:00:00,2974337
83.6,46.7,84.0,61.0,2026-06-19 19:20:00,2974337
83.3,48.5,84.2,61.9,2026-06-19 19:40:00,2974337
82.2,48.4,82.0,60.8,2026-06-19 20:00:00,2974337
81.4,49.7,81.5,60.8,2026-06-19 20:20:00,2974337
80.6,48.5,80.2,59.4,2026-06-19 20:40:00,2974337
79.1,49.0,78.3,58.3,2026-06-19 21:00:00,2974337
78.3,52.0,77.9,59.2,2026-06-19 21:20:00,2974337
76.8,53.3,75.7,58.5,2026-06-19 21:40:00,2974337
76.8,49.6,75.4,56.5,2026-06-19 22:00:00,2974337
75.7,52.1,74.7,56.9,2026-06-19 22:20:00,2974337
74.9,52.2,73.9,56.2,2026-06-19 22:40:00,2974337
74.3,53.7,73.6,56.4,2026-06-19 23:00:00,2974337
73.8,55.2,73.2,56.7,2026-06-19 23:20:00,2974337
72.8,56.1,72.3,56.3,2026-06-19 23:40:00,2974337
72.3,54.1,71.8,54.8,2026-06-20 00:00:00,2974337
71.9,54.6,71.2,54.6,2026-06-20 00:20:00,2974337
71.3,55.2,70.9,54.4,2026-06-20 00:40:00,2974337
70.7,56.5,70.2,54.5,2026-06-20 01:00:00,2974337
69.7,59.9,69.1,55.1,2026-06-20 01:20:00,2974337
68.9,61.9,68.4,55.3,2026-06-20 01:40:00,2974337
68.3,63.4,67.5,55.4,2026-06-20 02:00:00,2974337
67.6,64.1,66.6,55.1,2026-06-20 02:20:00,2974337
66.7,66.4,65.5,55.1,2026-06-20 02:40:00,2974337
65.6,68.4,64.2,54.9,2026-06-20 03:00:00,2974337
65.3,69.2,63.9,54.9,2026-06-20 03:20:00,2974337
65.3,70.0,63.9,55.2,2026-06-20 03:40:00,2974337
64.7,70.5,63.3,54.9,2026-06-20 04:00:00,2974337
64.4,71.8,63.1,55.1,2026-06-20 04:20:00,2974337
64.7,71.7,63.5,55.3,2026-06-20 04:40:00,2974337
64.2,71.5,63.1,54.9,2026-06-20 05:00:00,2974337
63.9,71.9,62.8,54.7,2026-06-20 05:20:00,2974337
63.4,72.9,62.2,54.5,2026-06-20 05:40:00,2974337
62.8,74.4,61.9,54.6,2026-06-20 06:00:00,2974337
62.8,74.4,61.9,54.6,2026-06-20 06:20:00,2974337
63.4,75.4,62.6,55.5,2026-06-20 06:40:00,2974337
64.3,74.0,63.3,55.9,2026-06-20 07:00:00,2974337
65.3,72.4,64.0,56.2,2026-06-20 07:20:00,2974337
66.8,70.2,66.0,56.8,2026-06-20 07:40:00,2974337
69.3,66.0,69.3,57.4,2026-06-20 08:00:00,2974337
71.6,60.2,71.6,57.1,2026-06-20 08:20:00,2974337
74.4,56.3,73.8,57.8,2026-06-20 08:40:00,2974337
76.6,52.7,75.7,58.1,2026-06-20 09:00:00,2974337
77.9,50.5,77.0,58.0,2026-06-20 09:20:00,2974337
78.5,48.4,77.5,57.5,2026-06-20 09:40:00,2974337
79.5,44.2,78.1,55.8,2026-06-20 10:00:00,2974337
80.0,43.9,78.6,56.0,2026-06-20 10:20:00,2974337
81.1,41.7,79.5,55.7,2026-06-20 10:40:00,2974337
81.3,42.5,79.9,56.4,2026-06-20 11:00:00,2974337
81.6,36.5,79.3,52.4,2026-06-20 11:20:00,2974337
83.8,35.9,82.0,53.9,2026-06-20 11:40:00,2974337
83.2,32.8,80.6,51.0,2026-06-20 12:00:00,2974337
84.2,33.2,82.2,52.2,2026-06-20 12:20:00,2974337
83.8,33.5,81.5,52.1,2026-06-20 12:40:00,2974337
84.2,34.0,82.4,52.9,2026-06-20 13:00:00,2974337
83.9,33.7,81.7,52.3,2026-06-20 13:20:00,2974337
84.3,35.5,82.6,54.1,2026-06-20 13:40:00,2974337
84.8,35.0,83.1,54.1,2026-06-20 14:00:00,2974337
85.5,32.2,83.5,52.4,2026-06-20 14:20:00,2974337
86.0,32.3,84.2,53.0,2026-06-20 14:40:00,2974337
86.8,32.6,85.3,53.9,2026-06-20 15:00:00,2974337
86.5,32.2,84.6,53.3,2026-06-20 15:20:00,2974337
86.9,33.8,85.5,55.0,2026-06-20 15:40:00,2974337
86.3,35.9,85.5,56.1,2026-06-20 16:00:00,2974337
86.7,33.2,85.5,54.4,2026-06-20 16:20:00,2974337
86.5,34.0,85.1,54.9,2026-06-20 16:40:00,2974337
86.5,34.4,85.3,55.1,2026-06-20 17:00:00,2974337
85.9,33.6,84.4,53.9,2026-06-20 17:20:00,2974337
86.5,34.7,85.3,55.3,2026-06-20 17:40:00,2974337
86.4,34.8,85.3,55.3,2026-06-20 18:00:00,2974337
85.8,35.0,84.4,55.0,2026-06-20 18:20:00,2974337
86.4,32.2,84.6,53.2,2026-06-20 18:40:00,2974337
85.3,35.6,84.0,55.1,2026-06-20 19:00:00,2974337
84.2,38.3,83.3,56.1,2026-06-20 19:20:00,2974337
83.4,39.9,82.2,56.5,2026-06-20 19:40:00,2974337
82.6,40.9,81.3,56.4,2026-06-20 20:00:00,2974337
81.6,42.4,80.4,56.6,2026-06-20 20:20:00,2974337
80.4,45.6,79.3,57.5,2026-06-20 20:40:00,2974337
79.3,46.1,78.1,56.8,2026-06-20 21:00:00,2974337
78.4,48.4,77.4,57.3,2026-06-20 21:20:00,2974337
77.8,50.0,76.8,57.7,2026-06-20 21:40:00,2974337
77.1,49.7,75.7,56.9,2026-06-20 22:00:00,2974337
76.6,51.0,75.4,57.1,2026-06-20 22:20:00,2974337
76.1,51.7,75.0,57.0,2026-06-20 22:40:00,2974337
75.5,53.0,74.5,57.2,2026-06-20 23:00:00,2974337
74.9,54.5,74.1,57.3,2026-06-20 23:20:00,2974337
74.2,55.1,73.6,57.1,2026-06-20 23:40:00,2974337
73.8,57.1,73.4,57.7,2026-06-21 00:00:00,2974337
73.5,56.6,73.0,57.2,2026-06-21 00:20:00,2974337
73.8,56.4,73.2,57.3,2026-06-21 00:40:00,2974337
73.7,56.8,73.2,57.4,2026-06-21 01:00:00,2974337
73.1,57.6,72.9,57.3,2026-06-21 01:20:00,2974337
72.7,60.2,72.7,58.1,2026-06-21 01:40:00,2974337
72.2,61.2,72.1,58.1,2026-06-21 02:00:00,2974337
72.0,61.7,72.1,58.1,2026-06-21 02:20:00,2974337
71.7,62.7,71.8,58.4,2026-06-21 02:40:00,2974337
71.4,63.2,71.6,58.3,2026-06-21 03:00:00,2974337
70.9,65.7,71.2,58.9,2026-06-21 03:20:00,2974337
70.6,65.7,70.7,58.6,2026-06-21 03:40:00,2974337
70.1,67.5,70.2,58.8,2026-06-21 04:00:00,2974337
69.9,68.5,70.0,59.1,2026-06-21 04:20:00,2974337
69.7,69.6,69.8,59.4,2026-06-21 04:40:00,2974337
69.7,70.3,69.8,59.6,2026-06-21 05:00:00,2974337
69.7,71.3,70.0,60.1,2026-06-21 05:20:00,2974337
69.3,72.0,69.6,59.9,2026-06-21 05:40:00,2974337
69.0,73.2,69.1,60.1,2026-06-21 06:00:00,2974337
68.5,74.5,68.4,60.0,2026-06-21 06:20:00,2974337
68.4,75.7,68.5,60.4,2026-06-21 06:40:00,2974337
68.5,76.7,68.5,60.9,2026-06-21 07:00:00,2974337
69.6,76.6,70.0,61.9,2026-06-21 07:20:00,2974337
71.2,73.2,72.0,62.2,2026-06-21 07:40:00,2974337
72.3,73.3,73.0,63.2,2026-06-21 08:00:00,2974337
74.1,72.2,75.0,64.6,2026-06-21 08:20:00,2974337
76.9,66.1,77.7,64.7,2026-06-21 08:40:00,2974337
79.2,59.5,80.2,63.8,2026-06-21 09:00:00,2974337
80.5,56.8,81.7,63.8,2026-06-21 09:20:00,2974337
81.8,55.9,83.1,64.5,2026-06-21 09:40:00,2974337
83.0,53.8,84.9,64.5,2026-06-21 10:00:00,2974337
84.2,49.9,85.8,63.4,2026-06-21 10:20:00,2974337
85.6,47.3,87.4,63.2,2026-06-21 10:40:00,2974337
85.9,44.1,87.1,61.6,2026-06-21 11:00:00,2974337
87.0,42.2,88.2,61.2,2026-06-21 11:20:00,2974337
88.7,41.4,90.9,62.3,2026-06-21 11:40:00,2974337
89.3,40.0,91.4,61.8,2026-06-21 12:00:00,2974337
89.6,38.0,91.2,60.6,2026-06-21 12:20:00,2974337
88.8,38.5,89.8,60.3,2026-06-21 12:40:00,2974337
89.1,37.1,90.0,59.6,2026-06-21 13:00:00,2974337
89.6,35.5,90.1,58.7,2026-06-21 13:20:00,2974337
90.6,36.2,92.1,60.2,2026-06-21 13:40:00,2974337
90.6,35.6,91.8,59.7,2026-06-21 14:00:00,2974337
91.0,35.3,92.3,59.7,2026-06-21 14:20:00,2974337
91.9,37.5,94.6,62.3,2026-06-21 14:40:00,2974337
92.0,36.2,94.5,61.4,2026-06-21 15:00:00,2974337
92.8,36.0,95.5,62.0,2026-06-21 15:20:00,2974337
91.2,37.2,93.4,61.5,2026-06-21 15:40:00,2974337
91.1,36.9,93.2,61.2,2026-06-21 16:00:00,2974337
91.5,37.0,93.9,61.6,2026-06-21 16:20:00,2974337
90.9,37.3,93.2,61.2,2026-06-21 16:40:00,2974337
91.0,37.8,93.4,61.7,2026-06-21 17:00:00,2974337
91.0,37.4,93.2,61.4,2026-06-21 17:20:00,2974337
90.2,37.9,92.1,61.1,2026-06-21 17:40:00,2974337
90.1,39.6,92.8,62.3,2026-06-21 18:00:00,2974337
89.9,40.0,92.3,62.3,2026-06-21 18:20:00,2974337
88.8,41.7,91.0,62.5,2026-06-21 18:40:00,2974337
88.8,41.4,90.9,62.3,2026-06-21 19:00:00,2974337
87.6,43.5,89.4,62.7,2026-06-21 19:20:00,2974337
86.8,45.2,88.9,63.0,2026-06-21 19:40:00,2974337
86.0,46.8,87.8,63.3,2026-06-21 20:00:00,2974337
85.9,47.4,88.2,63.6,2026-06-21 20:20:00,2974337
86.0,48.4,88.7,64.3,2026-06-21 20:40:00,2974337
85.7,47.0,87.6,63.2,2026-06-21 21:00:00,2974337
84.7,48.4,86.4,63.1,2026-06-21 21:20:00,2974337
83.9,49.0,85.3,62.7,2026-06-21 21:40:00,2974337
83.0,50.8,84.2,62.9,2026-06-21 22:00:00,2974337
82.0,52.3,82.8,62.8,2026-06-21 22:20:00,2974337
81.6,52.7,82.4,62.6,2026-06-21 22:40:00,2974337
81.1,53.7,81.9,62.7,2026-06-21 23:00:00,2974337
80.6,54.9,81.1,62.8,2026-06-21 23:20:00,2974337
80.2,56.2,81.0,63.2,2026-06-21 23:40:00,2974337
80.4,57.6,81.5,64.0,2026-06-22 00:00:00,2974337
79.7,61.1,81.3,65.1,2026-06-22 00:20:00,2974337
79.3,63.9,81.0,66.0,2026-06-22 00:40:00,2974337
78.9,66.3,81.0,66.7,2026-06-22 01:00:00,2974337
78.3,68.5,80.4,67.1,2026-06-22 01:20:00,2974337
78.0,69.7,80.1,67.2,2026-06-22 01:40:00,2974337
77.4,71.1,79.2,67.3,2026-06-22 02:00:00,2974337
77.0,73.0,78.8,67.7,2026-06-22 02:20:00,2974337
76.8,74.6,78.3,68.1,2026-06-22 02:40:00,2974337
76.5,75.7,78.3,68.2,2026-06-22 03:00:00,2974337
75.9,77.4,77.5,68.3,2026-06-22 03:20:00,2974337
75.5,79.0,77.4,68.5,2026-06-22 03:40:00,2974337
75.2,80.3,77.2,68.7,2026-06-22 04:00:00,2974337
74.9,81.6,77.0,68.9,2026-06-22 04:20:00,2974337
74.6,83.1,76.6,69.1,2026-06-22 04:40:00,2974337
74.2,84.3,76.3,69.2,2026-06-22 05:00:00,2974337
74.0,85.6,76.3,69.5,2026-06-22 05:20:00,2974337
73.9,86.3,76.1,69.5,2026-06-22 05:40:00,2974337
73.7,87.5,76.1,69.8,2026-06-22 06:00:00,2974337
73.6,88.4,76.1,69.9,2026-06-22 06:20:00,2974337
73.7,88.9,76.1,70.2,2026-06-22 06:40:00,2974337
74.1,88.8,76.6,70.6,2026-06-22 07:00:00,2974337
74.8,88.3,77.4,71.1,2026-06-22 07:20:00,2974337
75.6,87.8,78.6,71.7,2026-06-22 07:40:00,2974337
76.8,86.1,80.1,72.3,2026-06-22 08:00:00,2974337
78.8,83.3,83.8,73.3,2026-06-22 08:20:00,2974337
80.6,78.2,86.7,73.2,2026-06-22 08:40:00,2974337
82.4,75.9,89.6,74.0,2026-06-22 09:00:00,2974337
83.5,72.6,91.4,73.7,2026-06-22 09:20:00,2974337
84.0,70.6,91.6,73.4,2026-06-22 09:40:00,2974337
84.1,70.4,92.1,73.4,2026-06-22 10:00:00,2974337
84.7,69.8,93.0,73.7,2026-06-22 10:20:00,2974337
86.2,68.0,96.3,74.4,2026-06-22 10:40:00,2974337
86.8,65.9,96.6,74.0,2026-06-22 11:00:00,2974337
88.0,61.7,97.5,73.2,2026-06-22 11:20:00,2974337
88.4,58.8,97.2,72.2,2026-06-22 11:40:00,2974337
89.5,56.9,98.8,72.1,2026-06-22 12:00:00,2974337
90.3,54.5,99.9,71.7,2026-06-22 12:20:00,2974337
90.0,54.7,99.1,71.5,2026-06-22 12:40:00,2974337
89.9,54.7,98.8,71.5,2026-06-22 13:00:00,2974337
90.1,54.7,99.5,71.6,2026-06-22 13:20:00,2974337
91.0,54.2,101.1,72.1,2026-06-22 13:40:00,2974337
90.7,52.7,99.9,71.1,2026-06-22 14:00:00,2974337
91.5,51.1,100.6,70.8,2026-06-22 14:20:00,2974337
92.2,50.0,101.5,70.9,2026-06-22 14:40:00,2974337
92.3,50.1,102.0,71.0,2026-06-22 15:00:00,2974337
92.4,48.6,101.1,70.2,2026-06-22 15:20:00,2974337
92.9,49.2,102.6,71.0,2026-06-22 15:40:00,2974337
92.7,49.2,102.2,70.9,2026-06-22 16:00:00,2974337
92.0,49.7,100.9,70.5,2026-06-22 16:20:00,2974337
92.7,47.7,101.3,69.9,2026-06-22 16:40:00,2974337
92.9,48.2,102.0,70.4,2026-06-22 17:00:00,2974337
93.5,46.0,101.8,69.7,2026-06-22 17:20:00,2974337
93.2,45.9,100.9,69.2,2026-06-22 17:40:00,2974337
93.0,46.1,100.8,69.2,2026-06-22 18:00:00,2974337
93.4,45.1,101.3,69.0,2026-06-22 18:20:00,2974337
92.4,46.8,100.0,69.0,2026-06-22 18:40:00,2974337
91.4,48.5,99.1,69.2,2026-06-22 19:00:00,2974337
91.2,49.0,99.0,69.4,2026-06-22 19:20:00,2974337
90.8,49.1,97.9,69.0,2026-06-22 19:40:00,2974337
90.1,50.2,97.0,69.0,2026-06-22 20:00:00,2974337
89.4,51.7,96.1,69.3,2026-06-22 20:20:00,2974337
87.2,48.0,90.3,65.1,2026-06-22 20:40:00,2974337
82.1,55.9,83.8,64.8,2026-06-22 21:00:00,2974337
77.9,68.8,79.7,66.8,2026-06-22 21:20:00,2974337
77.5,72.3,79.3,67.8,2026-06-22 21:40:00,2974337
77.2,73.9,79.3,68.2,2026-06-22 22:00:00,2974337
77.0,75.2,79.2,68.6,2026-06-22 22:20:00,2974337
77.3,75.5,79.5,68.9,2026-06-22 22:40:00,2974337
77.5,75.4,79.9,69.1,2026-06-22 23:00:00,2974337
77.2,76.3,79.2,69.1,2026-06-22 23:20:00,2974337
77.3,76.9,79.7,69.5,2026-06-22 23:40:00,2974337
77.5,76.8,80.1,69.6,2026-06-23 00:00:00,2974337
78.6,76.7,82.0,70.7,2026-06-23 00:20:00,2974337
78.7,77.0,82.6,70.8,2026-06-23 00:40:00,2974337
78.1,76.8,81.5,70.2,2026-06-23 01:00:00,2974337
77.5,77.3,80.1,69.8,2026-06-23 01:20:00,2974337
77.0,78.1,79.2,69.6,2026-06-23 01:40:00,2974337
76.4,78.9,78.3,69.3,2026-06-23 02:00:00,2974337
76.1,78.9,78.1,69.1,2026-06-23 02:20:00,2974337
75.8,79.7,77.9,69.1,2026-06-23 02:40:00,2974337
75.5,80.5,77.5,69.0,2026-06-23 03:00:00,2974337
75.3,80.8,77.4,69.0,2026-06-23 03:20:00,2974337
75.6,81.0,77.7,69.3,2026-06-23 03:40:00,2974337
75.8,81.1,78.1,69.6,2026-06-23 04:00:00,2974337
75.8,81.3,78.1,69.6,2026-06-23 04:20:00,2974337
75.7,82.0,77.9,69.8,2026-06-23 04:40:00,2974337
75.8,82.9,78.3,70.2,2026-06-23 05:00:00,2974337
76.1,83.0,78.4,70.5,2026-06-23 05:20:00,2974337
76.3,83.2,78.8,70.8,2026-06-23 05:40:00,2974337
76.8,82.6,79.5,71.1,2026-06-23 06:00:00,2974337
77.2,82.0,80.2,71.3,2026-06-23 06:20:00,2974337
77.2,82.0,80.6,71.3,2026-06-23 06:40:00,2974337
77.4,82.1,81.0,71.5,2026-06-23 07:00:00,2974337
77.8,81.9,81.7,71.8,2026-06-23 07:20:00,2974337
78.3,81.5,82.6,72.2,2026-06-23 07:40:00,2974337
78.7,80.7,83.3,72.2,2026-06-23 08:00:00,2974337
80.1,78.9,85.8,72.9,2026-06-23 08:20:00,2974337
82.3,75.2,89.1,73.7,2026-06-23 08:40:00,2974337
83.3,71.1,90.1,72.9,2026-06-23 09:00:00,2974337
84.7,67.7,92.5,72.8,2026-06-23 09:20:00,2974337
84.4,66.9,91.6,72.2,2026-06-23 09:40:00,2974337
83.9,66.7,90.3,71.7,2026-06-23 10:00:00,2974337
84.2,68.1,91.6,72.5,2026-06-23 10:20:00,2974337
84.7,65.8,91.8,72.0,2026-06-23 10:40:00,2974337
85.3,66.6,93.6,73.0,2026-06-23 11:00:00,2974337
84.9,65.0,91.9,71.8,2026-06-23 11:20:00,2974337
82.5,66.2,86.9,70.0,2026-06-23 11:40:00,2974337
74.3,83.2,76.6,68.9,2026-06-23 12:00:00,2974337
74.6,90.3,77.5,71.6,2026-06-23 12:20:00,2974337
75.8,91.4,79.3,73.1,2026-06-23 12:40:00,2974337
77.5,90.9,82.2,74.6,2026-06-23 13:00:00,2974337
79.2,88.5,86.0,75.5,2026-06-23 13:20:00,2974337
79.2,85.7,85.3,74.6,2026-06-23 13:40:00,2974337
77.6,88.8,82.4,74.0,2026-06-23 14:00:00,2974337
73.3,91.3,75.7,70.5,2026-06-23 14:20:00,2974337
73.5,93.2,76.3,71.4,2026-06-23 14:40:00,2974337
74.0,93.6,77.0,72.0,2026-06-23 15:00:00,2974337
74.4,93.7,77.5,72.5,2026-06-23 15:20:00,2974337
75.6,93.5,79.2,73.5,2026-06-23 15:40:00,2974337
76.5,89.0,80.1,73.0,2026-06-23 16:00:00,2974337
77.3,87.7,81.5,73.4,2026-06-23 16:20:00,2974337
78.0,86.1,82.8,73.5,2026-06-23 16:40:00,2974337
78.6,85.0,84.0,73.7,2026-06-23 17:00:00,2974337
78.6,83.0,83.3,73.0,2026-06-23 17:20:00,2974337
78.9,81.0,83.7,72.5,2026-06-23 17:40:00,2974337
80.0,79.7,85.6,73.2,2026-06-23 18:00:00,2974337
80.4,76.6,85.6,72.3,2026-06-23 18:20:00,2974337
80.8,73.5,85.8,71.6,2026-06-23 18:40:00,2974337
76.3,77.9,78.3,68.9,2026-06-23 19:00:00,2974337
74.1,80.7,75.7,67.8,2026-06-23 19:20:00,2974337
73.5,83.5,75.4,68.2,2026-06-23 19:40:00,2974337
73.1,85.6,75.0,68.6,2026-06-23 20:00:00,2974337
72.3,85.7,74.1,67.8,2026-06-23 20:20:00,2974337
71.6,86.2,73.2,67.3,2026-06-23 20:40:00,2974337
71.5,87.0,73.2,67.4,2026-06-23 21:00:00,2974337
71.2,87.2,72.7,67.2,2026-06-23 21:20:00,2974337
71.2,86.7,72.7,67.0,2026-06-23 21:40:00,2974337
70.9,86.6,72.5,66.7,2026-06-23 22:00:00,2974337
70.6,87.0,72.0,66.6,2026-06-23 22:20:00,2974337
70.1,88.0,71.4,66.4,2026-06-23 22:40:00,2974337
69.7,88.8,70.9,66.3,2026-06-23 23:00:00,2974337
69.8,89.0,71.2,66.4,2026-06-23 23:20:00,2974337
69.5,89.1,70.7,66.2,2026-06-23 23:40:00,2974337
69.0,90.0,70.3,66.0,2026-06-24 00:00:00,2974337
68.7,90.8,69.8,65.9,2026-06-24 00:20:00,2974337
68.6,91.6,69.8,66.0,2026-06-24 00:40:00,2974337
68.5,91.9,69.6,66.1,2026-06-24 01:00:00,2974337
68.2,92.0,69.4,65.8,2026-06-24 01:20:00,2974337
67.9,92.3,69.1,65.5,2026-06-24 01:40:00,2974337
67.7,92.8,68.9,65.5,2026-06-24 02:00:00,2974337
67.4,93.1,68.5,65.3,2026-06-24 02:20:00,2974337
67.4,93.6,68.5,65.4,2026-06-24 02:40:00,2974337
67.3,93.9,68.7,65.5,2026-06-24 03:00:00,2974337
67.1,94.0,68.4,65.3,2026-06-24 03:20:00,2974337
67.0,94.0,68.2,65.2,2026-06-24 03:40:00,2974337
66.7,93.9,67.8,64.8,2026-06-24 04:00:00,2974337
66.5,93.9,67.6,64.6,2026-06-24 04:20:00,2974337
66.2,93.3,67.3,64.2,2026-06-24 04:40:00,2974337
65.8,91.3,66.4,63.2,2026-06-24 05:00:00,2974337
65.3,89.4,65.8,62.1,2026-06-24 05:20:00,2974337
64.5,89.0,64.8,61.2,2026-06-24 05:40:00,2974337
64.1,89.7,64.4,60.9,2026-06-24 06:00:00,2974337
63.9,89.8,64.2,60.8,2026-06-24 06:20:00,2974337
64.0,89.1,64.2,60.7,2026-06-24 06:40:00,2974337
64.4,87.4,64.4,60.5,2026-06-24 07:00:00,2974337
65.0,85.3,65.1,60.5,2026-06-24 07:20:00,2974337
66.1,82.8,66.2,60.7,2026-06-24 07:40:00,2974337
67.4,79.0,67.5,60.6,2026-06-24 08:00:00,2974337
69.1,75.4,69.3,61.0,2026-06-24 08:20:00,2974337
70.8,68.8,71.2,60.0,2026-06-24 08:40:00,2974337
72.2,65.0,72.5,59.8,2026-06-24 09:00:00,2974337
73.9,61.9,73.9,60.0,2026-06-24 09:20:00,2974337
74.9,57.4,74.5,58.9,2026-06-24 09:40:00,2974337
75.5,54.5,74.7,57.9,2026-06-24 10:00:00,2974337
75.9,52.0,74.8,57.0,2026-06-24 10:20:00,2974337
76.6,50.0,75.4,56.6,2026-06-24 10:40:00,2974337
77.4,48.9,76.3,56.7,2026-06-24 11:00:00,2974337
77.9,46.8,76.8,56.0,2026-06-24 11:20:00,2974337
79.8,43.8,78.4,55.9,2026-06-24 11:40:00,2974337
80.4,44.8,79.2,57.0,2026-06-24 12:00:00,2974337
80.9,41.7,79.3,55.5,2026-06-24 12:20:00,2974337
80.0,42.3,78.4,55.1,2026-06-24 12:40:00,2974337
80.2,43.4,78.8,55.9,2026-06-24 13:00:00,2974337
80.8,43.5,79.7,56.5,2026-06-24 13:20:00,2974337
80.9,41.6,79.3,55.4,2026-06-24 13:40:00,2974337
80.7,40.7,79.0,54.6,2026-06-24 14:00:00,2974337
80.7,42.3,79.3,55.7,2026-06-24 14:20:00,2974337
81.0,42.3,79.7,56.0,2026-06-24 14:40:00,2974337
82.3,43.1,81.5,57.7,2026-06-24 15:00:00,2974337
81.6,43.3,80.6,57.1,2026-06-24 15:20:00,2974337
81.7,40.5,80.2,55.3,2026-06-24 15:40:00,2974337
81.9,40.8,80.4,55.7,2026-06-24 16:00:00,2974337
81.8,41.4,80.4,56.1,2026-06-24 16:20:00,2974337
81.8,41.8,80.4,56.4,2026-06-24 16:40:00,2974337
82.0,44.1,81.1,58.0,2026-06-24 17:00:00,2974337
82.0,41.0,80.6,56.0,2026-06-24 17:20:00,2974337
81.9,41.9,80.6,56.5,2026-06-24 17:40:00,2974337
82.2,40.6,80.6,55.9,2026-06-24 18:00:00,2974337
82.1,41.2,80.8,56.2,2026-06-24 18:20:00,2974337
82.1,40.8,80.6,55.9,2026-06-24 18:40:00,2974337
81.2,43.7,80.1,57.0,2026-06-24 19:00:00,2974337
80.5,47.3,79.9,58.6,2026-06-24 19:20:00,2974337
79.3,48.5,78.6,58.2,2026-06-24 19:40:00,2974337
78.1,51.9,77.7,59.0,2026-06-24 20:00:00,2974337
77.2,55.2,76.8,59.9,2026-06-24 20:20:00,2974337
75.8,56.3,75.2,59.2,2026-06-24 20:40:00,2974337
74.7,59.9,74.5,59.9,2026-06-24 21:00:00,2974337
73.8,60.5,73.8,59.3,2026-06-24 21:20:00,2974337
72.6,61.9,72.7,58.8,2026-06-24 21:40:00,2974337
72.1,62.6,72.3,58.7,2026-06-24 22:00:00,2974337
71.6,61.7,71.8,57.8,2026-06-24 22:20:00,2974337
71.3,62.4,71.4,57.8,2026-06-24 22:40:00,2974337
71.0,64.0,71.2,58.2,2026-06-24 23:00:00,2974337
70.8,66.6,71.2,59.1,2026-06-24 23:20:00,2974337
70.2,66.2,70.3,58.5,2026-06-24 23:40:00,2974337
70.0,67.8,70.2,58.9,2026-06-25 00:00:00,2974337
69.9,70.1,70.2,59.7,2026-06-25 00:20:00,2974337
69.7,71.4,70.0,60.0,2026-06-25 00:40:00,2974337
69.5,71.8,69.6,60.0,2026-06-25 01:00:00,2974337
69.3,72.1,69.6,59.9,2026-06-25 01:20:00,2974337
69.1,72.2,69.3,59.8,2026-06-25 01:40:00,2974337
68.3,73.7,68.2,59.5,2026-06-25 02:00:00,2974337
68.2,76.0,68.4,60.3,2026-06-25 02:20:00,2974337
68.0,77.7,68.2,60.8,2026-06-25 02:40:00,2974337
67.7,78.6,67.8,60.8,2026-06-25 03:00:00,2974337
67.4,79.0,67.5,60.6,2026-06-25 03:20:00,2974337
67.0,80.5,67.1,60.8,2026-06-25 03:40:00,2974337
66.5,82.2,66.6,60.9,2026-06-25 04:00:00,2974337
66.3,83.3,66.4,61.0,2026-06-25 04:20:00,2974337
66.2,84.2,66.2,61.3,2026-06-25 04:40:00,2974337
66.5,85.0,66.7,61.8,2026-06-25 05:00:00,2974337
66.7,85.9,66.9,62.4,2026-06-25 05:20:00,2974337
66.8,86.2,67.3,62.6,2026-06-25 05:40:00,2974337
66.9,87.0,67.5,62.9,2026-06-25 06:00:00,2974337
67.0,87.3,67.6,63.1,2026-06-25 06:20:00,2974337
67.0,87.7,67.6,63.2,2026-06-25 06:40:00,2974337
67.3,87.8,68.0,63.6,2026-06-25 07:00:00,2974337
68.1,87.7,68.9,64.3,2026-06-25 07:20:00,2974337
69.3,86.7,70.5,65.1,2026-06-25 07:40:00,2974337
70.6,85.5,71.8,66.0,2026-06-25 08:00:00,2974337
72.2,82.8,73.8,66.7,2026-06-25 08:20:00,2974337
74.5,77.8,76.1,67.1,2026-06-25 08:40:00,2974337
76.1,75.5,77.7,67.8,2026-06-25 09:00:00,2974337
76.9,73.2,78.4,67.7,2026-06-25 09:20:00,2974337
77.5,71.2,79.2,67.4,2026-06-25 09:40:00,2974337
78.9,69.5,81.5,68.0,2026-06-25 10:00:00,2974337
79.6,66.8,82.2,67.6,2026-06-25 10:20:00,2974337
80.9,64.0,83.7,67.6,2026-06-25 10:40:00,2974337
81.1,62.4,83.7,67.0,2026-06-25 11:00:00,2974337
81.7,58.6,83.8,65.8,2026-06-25 11:20:00,2974337
82.8,56.1,85.1,65.5,2026-06-25 11:40:00,2974337
81.8,56.1,83.3,64.6,2026-06-25 12:00:00,2974337
81.4,57.1,82.9,64.8,2026-06-25 12:20:00,2974337
81.2,60.1,83.5,66.0,2026-06-25 12:40:00,2974337
82.6,56.8,84.6,65.7,2026-06-25 13:00:00,2974337
83.3,52.7,85.3,64.3,2026-06-25 13:20:00,2974337
84.4,53.2,87.1,65.5,2026-06-25 13:40:00,2974337
84.0,48.6,85.1,62.6,2026-06-25 14:00:00,2974337
84.4,50.5,86.7,64.1,2026-06-25 14:20:00,2974337
84.2,50.0,86.2,63.6,2026-06-25 14:40:00,2974337
84.7,48.5,86.4,63.1,2026-06-25 15:00:00,2974337
84.2,48.2,85.6,62.5,2026-06-25 15:20:00,2974337
84.7,50.7,86.9,64.4,2026-06-25 15:40:00,2974337
84.7,50.3,86.9,64.2,2026-06-25 16:00:00,2974337
85.2,51.9,88.3,65.6,2026-06-25 16:20:00,2974337
85.6,49.9,88.2,64.8,2026-06-25 16:40:00,2974337
85.7,50.1,88.7,65.0,2026-06-25 17:00:00,2974337
85.4,48.0,87.4,63.5,2026-06-25 17:20:00,2974337
85.4,49.5,87.8,64.4,2026-06-25 17:40:00,2974337
85.6,49.3,88.2,64.4,2026-06-25 18:00:00,2974337
85.7,49.8,88.5,64.8,2026-06-25 18:20:00,2974337
84.3,52.0,86.7,64.7,2026-06-25 18:40:00,2974337
83.9,52.1,86.2,64.5,2026-06-25 19:00:00,2974337
83.8,52.6,86.0,64.6,2026-06-25 19:20:00,2974337
83.0,55.8,85.3,65.6,2026-06-25 19:40:00,2974337
82.3,56.3,84.2,65.2,2026-06-25 20:00:00,2974337
81.4,56.6,82.8,64.5,2026-06-25 20:20:00,2974337
80.8,59.0,82.6,65.1,2026-06-25 20:40:00,2974337
79.7,60.4,81.0,64.7,2026-06-25 21:00:00,2974337
79.2,61.7,80.6,64.9,2026-06-25 21:20:00,2974337
78.4,63.9,79.5,65.2,2026-06-25 21:40:00,2974337
77.7,63.7,78.8,64.5,2026-06-25 22:00:00,2974337
77.2,64.6,78.1,64.4,2026-06-25 22:20:00,2974337
76.8,66.3,77.4,64.7,2026-06-25 22:40:00,2974337
76.3,67.6,77.0,64.8,2026-06-25 23:00:00,2974337
75.9,68.1,76.6,64.7,2026-06-25 23:20:00,2974337
75.7,70.1,76.5,65.2,2026-06-25 23:40:00,2974337
75.7,70.4,76.5,65.4,2026-06-26 00:00:00,2974337
75.4,69.1,76.3,64.6,2026-06-26 00:20:00,2974337
74.9,70.2,75.7,64.5,2026-06-26 00:40:00,2974337
74.8,71.2,75.7,64.8,2026-06-26 01:00:00,2974337
74.7,70.4,75.6,64.5,2026-06-26 01:20:00,2974337
74.5,71.8,75.4,64.8,2026-06-26 01:40:00,2974337
74.0,73.0,75.0,64.8,2026-06-26 02:00:00,2974337
73.8,73.3,74.8,64.7,2026-06-26 02:20:00,2974337
73.8,73.6,75.0,64.9,2026-06-26 02:40:00,2974337
73.7,74.2,74.8,65.0,2026-06-26 03:00:00,2974337
74.0,73.9,75.2,65.1,2026-06-26 03:20:00,2974337
73.9,74.2,75.0,65.2,2026-06-26 03:40:00,2974337
73.8,74.6,75.0,65.2,2026-06-26 04:00:00,2974337
73.6,75.0,75.0,65.2,2026-06-26 04:20:00,2974337
73.4,75.7,74.5,65.2,2026-06-26 04:40:00,2974337
72.9,76.9,74.1,65.2,2026-06-26 05:00:00,2974337
72.3,79.2,73.6,65.4,2026-06-26 05:20:00,2974337
71.7,80.0,72.9,65.1,2026-06-26 05:40:00,2974337
71.2,81.1,72.3,65.1,2026-06-26 06:00:00,2974337
71.0,82.2,72.1,65.3,2026-06-26 06:20:00,2974337
71.1,82.8,72.5,65.6,2026-06-26 06:40:00,2974337
71.5,83.4,73.0,66.2,2026-06-26 07:00:00,2974337
72.0,83.6,73.6,66.7,2026-06-26 07:20:00,2974337
73.0,83.3,74.8,67.6,2026-06-26 07:40:00,2974337
74.4,81.0,76.3,68.1,2026-06-26 08:00:00,2974337
76.5,78.0,78.6,69.1,2026-06-26 08:20:00,2974337
78.4,74.3,81.3,69.5,2026-06-26 08:40:00,2974337
80.2,68.4,83.5,68.8,2026-06-26 09:00:00,2974337
81.1,66.1,84.4,68.7,2026-06-26 09:20:00,2974337
81.0,67.8,84.9,69.3,2026-06-26 09:40:00,2974337
80.9,68.1,84.6,69.3,2026-06-26 10:00:00,2974337
82.1,66.3,86.4,69.8,2026-06-26 10:20:00,2974337
83.4,61.0,87.4,68.5,2026-06-26 10:40:00,2974337
85.3,57.2,90.0,68.4,2026-06-26 11:00:00,2974337
86.8,53.3,91.8,67.8,2026-06-26 11:20:00,2974337
84.8,55.6,88.7,67.2,2026-06-26 11:40:00,2974337
85.5,56.5,90.3,68.2,2026-06-26 12:00:00,2974337
84.4,57.6,88.3,67.8,2026-06-26 12:20:00,2974337
84.9,59.8,90.0,69.3,2026-06-26 12:40:00,2974337
86.3,55.1,91.4,68.3,2026-06-26 13:00:00,2974337
86.3,55.5,91.4,68.5,2026-06-26 13:20:00,2974337
85.6,52.1,89.1,66.0,2026-06-26 13:40:00,2974337
86.3,55.0,91.2,68.2,2026-06-26 14:00:00,2974337
86.5,52.9,90.9,67.3,2026-06-26 14:20:00,2974337
86.5,53.3,91.0,67.5,2026-06-26 14:40:00,2974337
86.8,54.3,92.1,68.3,2026-06-26 15:00:00,2974337
87.5,53.7,93.2,68.6,2026-06-26 15:20:00,2974337
86.5,56.0,91.9,68.9,2026-06-26 15:40:00,2974337
86.2,57.3,91.9,69.3,2026-06-26 16:00:00,2974337
85.4,61.4,91.6,70.6,2026-06-26 16:20:00,2974337
84.3,64.8,90.5,71.1,2026-06-26 16:40:00,2974337
83.5,65.3,89.1,70.7,2026-06-26 17:00:00,2974337
83.0,66.4,88.3,70.7,2026-06-26 17:20:00,2974337
82.8,65.6,87.6,70.1,2026-06-26 17:40:00,2974337
83.0,66.1,88.2,70.5,2026-06-26 18:00:00,2974337
82.8,66.4,87.8,70.5,2026-06-26 18:20:00,2974337
82.5,67.5,87.3,70.6,2026-06-26 18:40:00,2974337
82.3,68.3,87.3,70.8,2026-06-26 19:00:00,2974337
81.5,68.9,86.2,70.3,2026-06-26 19:20:00,2974337
80.9,66.8,84.2,68.8,2026-06-26 19:40:00,2974337
80.7,66.7,84.0,68.6,2026-06-26 20:00:00,2974337
80.1,68.9,83.7,69.0,2026-06-26 20:20:00,2974337
79.4,70.9,82.8,69.1,2026-06-26 20:40:00,2974337
78.8,72.8,81.7,69.3,2026-06-26 21:00:00,2974337
78.1,74.7,81.0,69.4,2026-06-26 21:20:00,2974337
77.7,76.9,80.8,69.9,2026-06-26 21:40:00,2974337
77.5,78.0,80.2,70.1,2026-06-26 22:00:00,2974337
77.4,79.6,80.6,70.6,2026-06-26 22:20:00,2974337
77.4,80.5,80.8,70.9,2026-06-26 22:40:00,2974337
76.9,82.3,79.9,71.1,2026-06-26 23:00:00,2974337
76.6,83.9,79.3,71.4,2026-06-26 23:20:00,2974337
76.3,85.0,79.2,71.5,2026-06-26 23:40:00,2974337
76.2,85.1,79.0,71.4,2026-06-27 00:00:00,2974337
76.2,84.7,79.0,71.2,2026-06-27 00:20:00,2974337
76.0,84.4,78.6,71.0,2026-06-27 00:40:00,2974337
75.5,85.1,78.1,70.8,2026-06-27 01:00:00,2974337
75.3,85.8,77.9,70.7,2026-06-27 01:20:00,2974337
74.9,86.5,77.5,70.6,2026-06-27 01:40:00,2974337
74.7,87.1,77.4,70.5,2026-06-27 02:00:00,2974337
74.5,87.5,77.2,70.5,2026-06-27 02:20:00,2974337
74.3,88.1,76.6,70.5,2026-06-27 02:40:00,2974337
74.3,88.4,77.0,70.7,2026-06-27 03:00:00,2974337
74.2,88.9,76.8,70.7,2026-06-27 03:20:00,2974337
74.2,89.2,76.8,70.8,2026-06-27 03:40:00,2974337
74.2,89.4,76.8,70.8,2026-06-27 04:00:00,2974337
74.2,89.7,76.8,71.0,2026-06-27 04:20:00,2974337
74.2,89.8,76.8,71.0,2026-06-27 04:40:00,2974337
74.0,90.1,76.8,70.9,2026-06-27 05:00:00,2974337
73.7,90.5,76.3,70.7,2026-06-27 05:20:00,2974337
73.5,90.9,76.1,70.6,2026-06-27 05:40:00,2974337
73.3,91.2,75.7,70.6,2026-06-27 06:00:00,2974337
73.2,91.5,75.9,70.6,2026-06-27 06:20:00,2974337
73.2,91.9,75.9,70.7,2026-06-27 06:40:00,2974337
73.5,92.0,76.1,71.0,2026-06-27 07:00:00,2974337
74.2,91.6,77.2,71.6,2026-06-27 07:20:00,2974337
75.3,90.1,78.4,72.2,2026-06-27 07:40:00,2974337
76.6,87.6,79.9,72.6,2026-06-27 08:00:00,2974337
77.3,85.8,81.0,72.7,2026-06-27 08:20:00,2974337
79.0,83.5,84.6,73.6,2026-06-27 08:40:00,2974337
80.6,79.9,86.7,73.8,2026-06-27 09:00:00,2974337
81.7,78.7,89.1,74.5,2026-06-27 09:20:00,2974337
82.6,76.2,90.3,74.4,2026-06-27 09:40:00,2974337
83.4,74.4,91.6,74.4,2026-06-27 10:00:00,2974337
84.4,72.5,93.2,74.6,2026-06-27 10:20:00,2974337
85.5,72.1,96.3,75.4,2026-06-27 10:40:00,2974337
86.1,67.1,95.4,73.9,2026-06-27 11:00:00,2974337
86.1,68.6,96.1,74.5,2026-06-27 11:20:00,2974337
86.9,65.8,96.6,74.0,2026-06-27 11:40:00,2974337
87.4,63.5,96.8,73.5,2026-06-27 12:00:00,2974337
87.3,64.2,97.2,73.7,2026-06-27 12:20:00,2974337
88.0,63.3,98.2,74.0,2026-06-27 12:40:00,2974337
89.0,60.2,99.0,73.4,2026-06-27 13:00:00,2974337
89.8,57.3,100.0,72.7,2026-06-27 13:20:00,2974337
90.3,56.2,100.2,72.6,2026-06-27 13:40:00,2974337
89.8,56.0,99.0,72.0,2026-06-27 14:00:00,2974337
84.0,63.9,89.8,70.5,2026-06-27 14:20:00,2974337
81.5,74.4,87.4,72.6,2026-06-27 14:40:00,2974337
82.8,76.5,90.7,74.7,2026-06-27 15:00:00,2974337
85.3,72.0,95.4,75.2,2026-06-27 15:20:00,2974337
84.0,73.7,92.7,74.7,2026-06-27 15:40:00,2974337
78.7,76.3,82.4,70.6,2026-06-27 16:00:00,2974337
78.3,85.3,83.3,73.5,2026-06-27 16:20:00,2974337
78.5,84.3,83.5,73.3,2026-06-27 16:40:00,2974337
78.6,82.5,83.7,72.9,2026-06-27 17:00:00,2974337
79.3,81.9,84.6,73.3,2026-06-27 17:20:00,2974337
81.3,79.2,88.2,74.2,2026-06-27 17:40:00,2974337
82.7,72.4,89.2,73.0,2026-06-27 18:00:00,2974337
83.9,70.4,91.6,73.2,2026-06-27 18:20:00,2974337
82.8,71.2,89.2,72.5,2026-06-27 18:40:00,2974337
82.4,74.1,89.1,73.3,2026-06-27 19:00:00,2974337
82.2,75.4,88.7,73.6,2026-06-27 19:20:00,2974337
82.0,77.5,89.1,74.3,2026-06-27 19:40:00,2974337
81.6,78.5,88.5,74.2,2026-06-27 20:00:00,2974337
81.4,79.6,88.5,74.5,2026-06-27 20:20:00,2974337
81.1,80.6,88.0,74.5,2026-06-27 20:40:00,2974337
80.8,81.7,88.0,74.7,2026-06-27 21:00:00,2974337
80.4,82.1,86.9,74.4,2026-06-27 21:20:00,2974337
80.0,81.9,86.0,74.0,2026-06-27 21:40:00,2974337
79.5,80.6,85.1,73.1,2026-06-27 22:00:00,2974337
78.9,79.2,83.5,72.0,2026-06-27 22:20:00,2974337
78.7,78.5,82.8,71.4,2026-06-27 22:40:00,2974337
78.0,77.6,81.1,70.4,2026-06-27 23:00:00,2974337
77.6,78.1,80.6,70.2,2026-06-27 23:20:00,2974337
77.0,79.0,79.7,70.0,2026-06-27 23:40:00,2974337
76.5,80.1,78.8,69.9,2026-06-28 00:00:00,2974337
76.2,80.6,78.4,69.8,2026-06-28 00:20:00,2974337
75.8,81.2,78.1,69.6,2026-06-28 00:40:00,2974337
75.5,81.6,77.5,69.4,2026-06-28 01:00:00,2974337
75.3,82.8,77.5,69.7,2026-06-28 01:20:00,2974337
75.0,83.0,77.2,69.5,2026-06-28 01:40:00,2974337
74.7,83.5,77.0,69.3,2026-06-28 02:00:00,2974337
74.2,84.2,76.3,69.2,2026-06-28 02:20:00,2974337
73.9,85.3,75.9,69.2,2026-06-28 02:40:00,2974337
73.5,86.3,75.7,69.1,2026-06-28 03:00:00,2974337
73.2,86.9,75.4,69.1,2026-06-28 03:20:00,2974337
73.0,87.4,75.0,69.0,2026-06-28 03:40:00,2974337
72.8,87.8,74.8,69.0,2026-06-28 04:00:00,2974337
72.5,88.3,74.7,68.8,2026-06-28 04:20:00,2974337
72.1,88.9,74.1,68.7,2026-06-28 04:40:00,2974337
72.1,89.2,73.9,68.7,2026-06-28 05:00:00,2974337
72.0,89.5,73.9,68.7,2026-06-28 05:20:00,2974337
71.8,89.9,73.8,68.7,2026-06-28 05:40:00,2974337
71.8,89.9,73.8,68.7,2026-06-28 06:00:00,2974337
71.9,90.1,73.9,68.8,2026-06-28 06:20:00,2974337
71.9,89.9,73.8,68.8,2026-06-28 06:40:00,2974337
72.1,89.8,73.9,69.0,2026-06-28 07:00:00,2974337
72.8,89.4,74.8,69.5,2026-06-28 07:20:00,2974337
73.7,87.8,76.1,69.8,2026-06-28 07:40:00,2974337
74.8,85.6,77.2,70.2,2026-06-28 08:00:00,2974337
77.5,81.2,80.8,71.2,2026-06-28 08:20:00,2974337
77.9,79.8,81.7,71.2,2026-06-28 08:40:00,2974337
78.4,79.9,82.4,71.7,2026-06-28 09:00:00,2974337
79.5,78.3,84.6,72.2,2026-06-28 09:20:00,2974337
79.0,78.6,83.5,71.8,2026-06-28 09:40:00,2974337
79.4,79.4,84.6,72.4,2026-06-28 10:00:00,2974337
80.5,76.5,85.8,72.4,2026-06-28 10:20:00,2974337
81.5,76.2,87.4,73.2,2026-06-28 10:40:00,2974337
82.9,73.3,89.8,73.5,2026-06-28 11:00:00,2974337
83.7,72.3,91.8,73.8,2026-06-28 11:20:00,2974337
84.8,68.0,92.8,73.0,2026-06-28 11:40:00,2974337
85.8,66.8,94.8,73.5,2026-06-28 12:00:00,2974337
86.2,65.3,95.0,73.1,2026-06-28 12:20:00,2974337
86.5,64.8,95.4,73.2,2026-06-28 12:40:00,2974337
87.0,64.3,96.3,73.4,2026-06-28 13:00:00,2974337
86.6,65.3,95.9,73.6,2026-06-28 13:20:00,2974337
87.4,64.6,97.3,74.0,2026-06-28 13:40:00,2974337
87.9,60.4,96.4,72.5,2026-06-28 14:00:00,2974337
88.9,58.3,98.2,72.3,2026-06-28 14:20:00,2974337
89.7,55.5,98.8,71.7,2026-06-28 14:40:00,2974337
89.5,57.7,99.1,72.6,2026-06-28 15:00:00,2974337
89.2,57.2,98.1,72.1,2026-06-28 15:20:00,2974337
88.0,59.5,96.4,72.1,2026-06-28 15:40:00,2974337
86.8,63.2,95.4,72.8,2026-06-28 16:00:00,2974337
84.8,65.7,92.1,72.0,2026-06-28 16:20:00,2974337
84.2,68.7,91.9,72.8,2026-06-28 16:40:00,2974337
84.2,72.1,93.0,74.2,2026-06-28 17:00:00,2974337
83.3,74.8,91.6,74.5,2026-06-28 17:20:00,2974337
78.3,81.6,82.6,72.2,2026-06-28 17:40:00,2974337
77.0,90.7,81.0,74.0,2026-06-28 18:00:00,2974337
76.5,92.1,80.4,74.0,2026-06-28 18:20:00,2974337
73.8,92.0,76.6,71.3,2026-06-28 18:40:00,2974337
73.1,93.4,75.7,71.1,2026-06-28 19:00:00,2974337
73.6,94.3,76.6,71.9,2026-06-28 19:20:00,2974337
73.8,94.8,76.8,72.2,2026-06-28 19:40:00,2974337
73.8,95.0,77.0,72.3,2026-06-28 20:00:00,2974337
73.6,95.2,76.8,72.1,2026-06-28 20:20:00,2974337
73.9,95.4,77.0,72.5,2026-06-28 20:40:00,2974337
73.9,95.6,77.0,72.6,2026-06-28 21:00:00,2974337
74.2,95.8,77.5,72.9,2026-06-28 21:20:00,2974337
74.0,95.9,77.2,72.8,2026-06-28 21:40:00,2974337
74.0,96.0,77.2,72.8,2026-06-28 22:00:00,2974337
73.8,96.1,77.0,72.6,2026-06-28 22:20:00,2974337
73.5,96.1,76.5,72.3,2026-06-28 22:40:00,2974337
73.5,96.2,76.5,72.4,2026-06-28 23:00:00,2974337
73.3,96.2,76.3,72.2,2026-06-28 23:20:00,2974337
73.3,96.3,76.3,72.2,2026-06-28 23:40:00,2974337
73.1,96.4,76.1,72.0,2026-06-29 00:00:00,2974337
73.0,96.4,75.7,71.9,2026-06-29 00:20:00,2974337
72.9,96.5,75.7,71.9,2026-06-29 00:40:00,2974337
73.1,96.6,76.1,72.0,2026-06-29 01:00:00,2974337
73.2,96.7,76.3,72.2,2026-06-29 01:20:00,2974337
73.0,96.7,75.7,72.0,2026-06-29 01:40:00,2974337
72.8,96.7,75.6,71.9,2026-06-29 02:00:00,2974337
72.6,96.8,75.2,71.6,2026-06-29 02:20:00,2974337
72.4,96.8,75.0,71.4,2026-06-29 02:40:00,2974337
72.6,96.9,75.2,71.7,2026-06-29 03:00:00,2974337
72.6,96.9,75.2,71.7,2026-06-29 03:20:00,2974337
72.8,97.0,75.6,71.8,2026-06-29 03:40:00,2974337
72.6,97.0,75.2,71.7,2026-06-29 04:00:00,2974337
72.6,97.0,75.2,71.7,2026-06-29 04:20:00,2974337
72.4,97.0,75.0,71.5,2026-06-29 04:40:00,2974337
72.3,97.1,74.7,71.4,2026-06-29 05:00:00,2974337
72.2,97.1,74.7,71.3,2026-06-29 05:20:00,2974337
72.1,97.0,74.5,71.2,2026-06-29 05:40:00,2974337
72.0,97.1,74.5,71.2,2026-06-29 06:00:00,2974337
71.9,97.0,74.1,71.0,2026-06-29 06:20:00,2974337
71.8,97.0,74.1,70.9,2026-06-29 06:40:00,2974337
72.1,97.0,74.5,71.2,2026-06-29 07:00:00,2974337
72.2,97.0,74.7,71.3,2026-06-29 07:20:00,2974337
72.3,97.0,75.0,71.4,2026-06-29 07:40:00,2974337
86.6,30.0,84.4,51.5,2026-06-15 14:40:00,2974172
87.3,30.3,85.3,52.4,2026-06-15 15:00:00,2974172
88.9,29.4,87.3,52.9,2026-06-15 15:20:00,2974172
87.9,30.5,85.8,53.1,2026-06-15 15:40:00,2974172
88.1,32.2,86.7,54.7,2026-06-15 16:00:00,2974172
88.9,30.9,87.6,54.2,2026-06-15 16:20:00,2974172
89.1,28.5,87.3,52.2,2026-06-15 16:40:00,2974172
88.7,28.4,86.4,51.7,2026-06-15 17:00:00,2974172
89.8,27.2,87.8,51.6,2026-06-15 17:20:00,2974172
88.8,28.2,86.5,51.7,2026-06-15 17:40:00,2974172
89.9,28.5,88.2,53.0,2026-06-15 18:00:00,2974172
89.2,29.7,87.4,53.5,2026-06-15 18:20:00,2974172
91.1,28.9,90.0,54.4,2026-06-15 18:40:00,2974172
89.4,29.7,87.8,53.7,2026-06-15 19:00:00,2974172
86.3,32.3,84.4,53.3,2026-06-15 19:20:00,2974172
85.0,33.9,83.1,53.4,2026-06-15 19:40:00,2974172
84.1,34.6,82.2,53.2,2026-06-15 20:00:00,2974172
82.2,37.0,80.1,53.3,2026-06-15 20:20:00,2974172
80.8,37.5,78.8,52.4,2026-06-15 20:40:00,2974172
79.3,38.3,77.0,51.7,2026-06-15 21:00:00,2974172
78.3,39.3,76.1,51.6,2026-06-15 21:20:00,2974172
76.9,41.2,74.7,51.6,2026-06-15 21:40:00,2974172
75.8,43.1,73.8,51.8,2026-06-15 22:00:00,2974172
74.4,45.5,72.9,51.9,2026-06-15 22:20:00,2974172
73.3,47.0,72.0,51.8,2026-06-15 22:40:00,2974172
72.7,48.2,71.6,52.0,2026-06-15 23:00:00,2974172
71.9,49.8,70.9,52.1,2026-06-15 23:20:00,2974172
71.2,50.8,70.3,52.0,2026-06-15 23:40:00,2974172
70.6,51.5,69.8,51.9,2026-06-16 00:00:00,2974172
70.9,52.0,70.2,52.4,2026-06-16 00:20:00,2974172
71.3,52.5,70.5,53.0,2026-06-16 00:40:00,2974172
71.3,53.3,70.7,53.4,2026-06-16 01:00:00,2974172
70.9,53.6,70.3,53.2,2026-06-16 01:20:00,2974172
70.4,53.9,69.8,52.9,2026-06-16 01:40:00,2974172
70.1,54.8,69.3,53.1,2026-06-16 02:00:00,2974172
69.7,53.4,68.7,52.0,2026-06-16 02:20:00,2974172
69.5,54.0,68.4,52.2,2026-06-16 02:40:00,2974172
69.8,52.8,68.7,51.8,2026-06-16 03:00:00,2974172
69.8,51.5,68.7,51.1,2026-06-16 03:20:00,2974172
69.5,51.7,68.2,50.9,2026-06-16 03:40:00,2974172
68.9,52.5,67.5,50.8,2026-06-16 04:00:00,2974172
68.3,53.0,66.6,50.6,2026-06-16 04:20:00,2974172
68.1,53.8,66.4,50.7,2026-06-16 04:40:00,2974172
67.8,54.3,66.2,50.8,2026-06-16 05:00:00,2974172
67.7,55.0,66.0,51.0,2026-06-16 05:20:00,2974172
67.6,55.0,65.8,50.9,2026-06-16 05:40:00,2974172
67.6,55.0,65.8,50.9,2026-06-16 06:00:00,2974172
67.4,55.4,65.5,50.9,2026-06-16 06:20:00,2974172
67.5,56.1,65.8,51.3,2026-06-16 06:40:00,2974172
67.6,56.7,65.8,51.7,2026-06-16 07:00:00,2974172
67.6,57.5,65.8,52.1,2026-06-16 07:20:00,2974172
67.8,57.9,66.2,52.4,2026-06-16 07:40:00,2974172
68.5,58.0,67.3,53.2,2026-06-16 08:00:00,2974172
68.6,58.0,67.5,53.2,2026-06-16 08:20:00,2974172
69.3,58.0,68.5,53.9,2026-06-16 08:40:00,2974172
70.2,57.6,69.8,54.6,2026-06-16 09:00:00,2974172
71.3,56.1,70.9,54.8,2026-06-16 09:20:00,2974172
71.8,55.3,71.4,54.9,2026-06-16 09:40:00,2974172
72.8,53.9,72.1,55.2,2026-06-16 10:00:00,2974172
74.4,50.8,73.4,55.0,2026-06-16 10:20:00,2974172
76.2,49.5,74.8,55.9,2026-06-16 10:40:00,2974172
76.8,47.3,75.2,55.2,2026-06-16 11:00:00,2974172
77.1,44.8,75.2,54.0,2026-06-16 11:20:00,2974172
77.5,46.4,75.9,55.3,2026-06-16 11:40:00,2974172
78.3,45.5,77.0,55.5,2026-06-16 12:00:00,2974172
78.4,45.6,77.0,55.7,2026-06-16 12:20:00,2974172
79.2,45.1,78.1,56.0,2026-06-16 12:40:00,2974172
78.8,45.3,77.4,55.8,2026-06-16 13:00:00,2974172
79.7,44.0,78.4,55.9,2026-06-16 13:20:00,2974172
81.6,40.9,80.1,55.5,2026-06-16 13:40:00,2974172
82.2,40.3,81.0,55.7,2026-06-16 14:00:00,2974172
84.6,38.3,83.8,56.4,2026-06-16 14:20:00,2974172
84.2,36.7,82.9,55.0,2026-06-16 14:40:00,2974172
84.3,37.3,83.1,55.5,2026-06-16 15:00:00,2974172
85.0,36.0,83.7,55.0,2026-06-16 15:20:00,2974172
85.2,37.4,84.4,56.3,2026-06-16 15:40:00,2974172
84.5,36.9,83.1,55.3,2026-06-16 16:00:00,2974172
84.7,37.7,83.7,56.0,2026-06-16 16:20:00,2974172
85.3,38.6,84.7,57.2,2026-06-16 16:40:00,2974172
84.5,40.0,83.8,57.5,2026-06-16 17:00:00,2974172
84.4,40.9,84.0,58.1,2026-06-16 17:20:00,2974172
83.9,41.7,83.5,58.1,2026-06-16 17:40:00,2974172
83.2,41.9,82.4,57.7,2026-06-16 18:00:00,2974172
82.5,45.1,82.0,59.1,2026-06-16 18:20:00,2974172
82.2,46.6,81.7,59.7,2026-06-16 18:40:00,2974172
82.2,44.7,81.7,58.6,2026-06-16 19:00:00,2974172
81.5,44.2,80.8,57.7,2026-06-16 19:20:00,2974172
81.0,45.2,80.2,57.8,2026-06-16 19:40:00,2974172
80.7,45.8,79.9,57.9,2026-06-16 20:00:00,2974172
80.3,46.4,79.5,57.9,2026-06-16 20:20:00,2974172
79.4,48.0,78.6,58.0,2026-06-16 20:40:00,2974172
78.1,50.4,77.4,58.1,2026-06-16 21:00:00,2974172
77.2,52.0,76.3,58.2,2026-06-16 21:20:00,2974172
76.6,53.0,75.6,58.2,2026-06-16 21:40:00,2974172
76.1,53.9,75.2,58.2,2026-06-16 22:00:00,2974172
75.7,54.9,74.8,58.4,2026-06-16 22:20:00,2974172
75.2,56.1,74.5,58.5,2026-06-16 22:40:00,2974172
74.7,57.3,74.3,58.6,2026-06-16 23:00:00,2974172
74.1,59.0,73.8,58.8,2026-06-16 23:20:00,2974172
74.1,59.7,73.8,59.2,2026-06-16 23:40:00,2974172
74.1,60.0,73.9,59.3,2026-06-17 00:00:00,2974172
73.9,61.1,73.8,59.7,2026-06-17 00:20:00,2974172
73.7,62.5,73.8,60.1,2026-06-17 00:40:00,2974172
73.3,63.8,73.6,60.3,2026-06-17 01:00:00,2974172
73.0,65.2,73.2,60.5,2026-06-17 01:20:00,2974172
72.4,66.6,72.9,60.7,2026-06-17 01:40:00,2974172
72.0,68.3,72.5,61.0,2026-06-17 02:00:00,2974172
71.7,69.6,72.3,61.2,2026-06-17 02:20:00,2974172
71.4,71.1,72.0,61.5,2026-06-17 02:40:00,2974172
71.1,72.6,72.0,61.8,2026-06-17 03:00:00,2974172
70.9,73.8,71.8,62.2,2026-06-17 03:20:00,2974172
70.5,75.2,71.4,62.3,2026-06-17 03:40:00,2974172
70.2,76.3,71.1,62.4,2026-06-17 04:00:00,2974172
70.1,77.4,70.7,62.6,2026-06-17 04:20:00,2974172
69.9,78.0,70.5,62.7,2026-06-17 04:40:00,2974172
69.4,79.8,70.0,62.9,2026-06-17 05:00:00,2974172
68.9,80.9,69.4,62.7,2026-06-17 05:20:00,2974172
68.4,82.5,68.9,62.8,2026-06-17 05:40:00,2974172
68.1,83.3,68.7,62.8,2026-06-17 06:00:00,2974172
67.7,84.3,68.2,62.8,2026-06-17 06:20:00,2974172
67.7,85.2,68.4,63.1,2026-06-17 06:40:00,2974172
68.5,84.5,69.3,63.6,2026-06-17 07:00:00,2974172
69.5,83.8,70.5,64.4,2026-06-17 07:20:00,2974172
71.4,79.6,72.5,64.8,2026-06-17 07:40:00,2974172
72.1,78.6,73.2,65.1,2026-06-17 08:00:00,2974172
73.2,76.6,74.7,65.4,2026-06-17 08:20:00,2974172
74.4,74.2,75.6,65.7,2026-06-17 08:40:00,2974172
75.7,70.0,76.5,65.2,2026-06-17 09:00:00,2974172
76.2,68.1,76.8,64.9,2026-06-17 09:20:00,2974172
77.9,62.9,78.8,64.2,2026-06-17 09:40:00,2974172
78.7,59.1,79.3,63.2,2026-06-17 10:00:00,2974172
79.7,57.0,80.4,63.1,2026-06-17 10:20:00,2974172
81.2,51.3,81.5,61.6,2026-06-17 10:40:00,2974172
82.5,47.0,82.4,60.2,2026-06-17 11:00:00,2974172
83.2,43.8,82.8,58.9,2026-06-17 11:20:00,2974172
83.9,41.2,83.5,57.8,2026-06-17 11:40:00,2974172
84.9,39.1,84.6,57.3,2026-06-17 12:00:00,2974172
85.9,35.3,84.7,55.3,2026-06-17 12:20:00,2974172
87.5,32.7,86.2,54.7,2026-06-17 12:40:00,2974172
87.7,34.8,87.1,56.5,2026-06-17 13:00:00,2974172
88.8,32.4,87.8,55.5,2026-06-17 13:20:00,2974172
90.8,30.8,90.1,55.8,2026-06-17 13:40:00,2974172
90.9,29.1,90.0,54.4,2026-06-17 14:00:00,2974172
90.7,28.4,89.4,53.6,2026-06-17 14:20:00,2974172
91.1,28.7,90.0,54.2,2026-06-17 14:40:00,2974172
90.8,31.1,90.3,56.1,2026-06-17 15:00:00,2974172
92.4,31.3,92.8,57.7,2026-06-17 15:20:00,2974172
91.1,32.2,91.2,57.3,2026-06-17 15:40:00,2974172
92.2,30.8,92.3,57.0,2026-06-17 16:00:00,2974172
92.5,29.9,92.1,56.4,2026-06-17 16:20:00,2974172
93.1,30.2,93.4,57.3,2026-06-17 16:40:00,2974172
92.9,29.3,92.7,56.3,2026-06-17 17:00:00,2974172
93.1,29.0,92.8,56.2,2026-06-17 17:20:00,2974172
92.7,29.9,92.7,56.6,2026-06-17 17:40:00,2974172
93.3,28.9,93.0,56.1,2026-06-17 18:00:00,2974172
93.2,29.5,93.2,56.7,2026-06-17 18:20:00,2974172
94.2,28.9,94.5,57.0,2026-06-17 18:40:00,2974172
93.0,29.6,92.8,56.6,2026-06-17 19:00:00,2974172
91.1,33.1,91.8,58.1,2026-06-17 19:20:00,2974172
89.9,34.1,90.1,57.8,2026-06-17 19:40:00,2974172
88.5,35.5,88.5,57.8,2026-06-17 20:00:00,2974172
86.7,38.3,86.9,58.4,2026-06-17 20:20:00,2974172
85.1,40.7,84.9,58.5,2026-06-17 20:40:00,2974172
84.2,42.1,83.8,58.7,2026-06-17 21:00:00,2974172
82.8,43.8,82.2,58.6,2026-06-17 21:20:00,2974172
81.4,46.0,80.8,58.7,2026-06-17 21:40:00,2974172
80.1,48.7,79.7,59.1,2026-06-17 22:00:00,2974172
79.5,50.8,79.2,59.7,2026-06-17 22:20:00,2974172
79.6,53.9,79.9,61.4,2026-06-17 22:40:00,2974172
79.3,54.6,79.5,61.5,2026-06-17 23:00:00,2974172
78.8,57.7,79.2,62.6,2026-06-17 23:20:00,2974172
79.5,62.4,81.1,65.5,2026-06-17 23:40:00,2974172
79.6,61.8,81.3,65.3,2026-06-18 00:00:00,2974172
79.9,61.0,81.7,65.2,2026-06-18 00:20:00,2974172
79.6,61.3,81.1,65.1,2026-06-18 00:40:00,2974172
79.4,62.0,81.0,65.2,2026-06-18 01:00:00,2974172
79.0,62.8,80.4,65.3,2026-06-18 01:20:00,2974172
79.0,63.0,80.6,65.3,2026-06-18 01:40:00,2974172
78.6,64.0,80.2,65.4,2026-06-18 02:00:00,2974172
78.1,64.8,79.5,65.3,2026-06-18 02:20:00,2974172
77.5,66.7,78.6,65.5,2026-06-18 02:40:00,2974172
77.1,67.8,78.3,65.7,2026-06-18 03:00:00,2974172
76.8,69.1,78.1,65.9,2026-06-18 03:20:00,2974172
76.6,71.0,77.9,66.5,2026-06-18 03:40:00,2974172
76.9,72.7,78.4,67.5,2026-06-18 04:00:00,2974172
76.8,75.0,78.3,68.3,2026-06-18 04:20:00,2974172
76.6,77.0,78.6,68.9,2026-06-18 04:40:00,2974172
76.6,78.3,78.8,69.4,2026-06-18 05:00:00,2974172
76.6,79.2,78.8,69.6,2026-06-18 05:20:00,2974172
76.4,79.9,78.4,69.7,2026-06-18 05:40:00,2974172
76.2,80.5,78.3,69.8,2026-06-18 06:00:00,2974172
76.1,81.3,78.3,69.9,2026-06-18 06:20:00,2974172
76.4,81.4,78.6,70.3,2026-06-18 06:40:00,2974172
76.8,80.9,79.3,70.5,2026-06-18 07:00:00,2974172
77.0,80.2,79.9,70.4,2026-06-18 07:20:00,2974172
77.5,79.4,80.6,70.6,2026-06-18 07:40:00,2974172
77.6,78.3,80.6,70.4,2026-06-18 08:00:00,2974172
78.8,77.1,82.9,71.0,2026-06-18 08:20:00,2974172
79.8,74.5,84.0,71.0,2026-06-18 08:40:00,2974172
80.6,73.2,85.1,71.2,2026-06-18 09:00:00,2974172
81.3,71.5,86.0,71.2,2026-06-18 09:20:00,2974172
82.1,69.8,87.3,71.3,2026-06-18 09:40:00,2974172
83.4,67.5,89.2,71.5,2026-06-18 10:00:00,2974172
84.3,66.0,90.9,71.7,2026-06-18 10:20:00,2974172
84.8,64.2,91.6,71.4,2026-06-18 10:40:00,2974172
87.3,60.9,95.5,72.2,2026-06-18 11:00:00,2974172
88.5,58.0,96.6,71.8,2026-06-18 11:20:00,2974172
88.5,56.2,96.4,71.0,2026-06-18 11:40:00,2974172
89.9,53.8,98.4,71.0,2026-06-18 12:00:00,2974172
90.6,53.1,99.5,71.2,2026-06-18 12:20:00,2974172
91.8,50.4,100.9,70.8,2026-06-18 12:40:00,2974172
93.1,48.2,102.4,70.6,2026-06-18 13:00:00,2974172
92.8,46.8,100.8,69.4,2026-06-18 13:20:00,2974172
95.1,45.2,104.7,70.6,2026-06-18 13:40:00,2974172
94.7,44.8,103.8,69.9,2026-06-18 14:00:00,2974172
94.6,44.7,103.3,69.8,2026-06-18 14:20:00,2974172
95.3,43.2,104.0,69.4,2026-06-18 14:40:00,2974172
96.2,42.1,105.4,69.4,2026-06-18 15:00:00,2974172
94.0,43.9,101.7,68.7,2026-06-18 15:20:00,2974172
88.3,45.0,91.0,64.3,2026-06-18 15:40:00,2974172
82.7,57.4,84.9,66.1,2026-06-18 16:00:00,2974172
81.8,66.5,85.8,69.6,2026-06-18 16:20:00,2974172
83.9,61.1,88.5,69.1,2026-06-18 16:40:00,2974172
84.0,61.0,88.5,69.1,2026-06-18 17:00:00,2974172
85.4,59.8,91.0,69.8,2026-06-18 17:20:00,2974172
87.8,56.6,95.0,70.4,2026-06-18 17:40:00,2974172
88.1,54.8,94.6,69.8,2026-06-18 18:00:00,2974172
89.2,52.7,96.1,69.7,2026-06-18 18:20:00,2974172
90.3,51.6,98.4,70.1,2026-06-18 18:40:00,2974172
89.1,53.6,96.4,70.1,2026-06-18 19:00:00,2974172
87.6,59.0,95.2,71.5,2026-06-18 19:20:00,2974172
86.0,60.7,92.8,70.9,2026-06-18 19:40:00,2974172
85.7,62.1,92.7,71.2,2026-06-18 20:00:00,2974172
85.0,63.1,91.6,71.0,2026-06-18 20:20:00,2974172
84.0,64.5,89.6,70.7,2026-06-18 20:40:00,2974172
83.6,66.4,89.4,71.2,2026-06-18 21:00:00,2974172
82.4,73.1,88.9,72.9,2026-06-18 21:20:00,2974172
77.1,86.1,80.8,72.6,2026-06-18 21:40:00,2974172
76.1,90.1,79.3,72.9,2026-06-18 22:00:00,2974172
75.3,91.5,78.6,72.6,2026-06-18 22:20:00,2974172
74.5,91.9,77.5,72.0,2026-06-18 22:40:00,2974172
74.0,92.7,77.0,71.8,2026-06-18 23:00:00,2974172
73.8,93.4,76.6,71.8,2026-06-18 23:20:00,2974172
73.7,93.6,76.5,71.7,2026-06-18 23:40:00,2974172
73.5,94.1,76.5,71.7,2026-06-19 00:00:00,2974172
73.5,94.3,76.5,71.8,2026-06-19 00:20:00,2974172
73.5,94.6,76.5,71.8,2026-06-19 00:40:00,2974172
73.4,94.7,76.5,71.8,2026-06-19 01:00:00,2974172
73.4,94.8,76.5,71.8,2026-06-19 01:20:00,2974172
73.2,94.6,76.1,71.6,2026-06-19 01:40:00,2974172
73.0,94.3,75.6,71.2,2026-06-19 02:00:00,2974172
72.9,94.2,75.6,71.1,2026-06-19 02:20:00,2974172
72.8,94.1,75.4,71.0,2026-06-19 02:40:00,2974172
72.8,94.4,75.4,71.1,2026-06-19 03:00:00,2974172
72.6,94.4,75.2,70.8,2026-06-19 03:20:00,2974172
72.7,94.8,75.4,71.1,2026-06-19 03:40:00,2974172
72.7,94.9,75.4,71.1,2026-06-19 04:00:00,2974172
72.4,95.1,74.8,70.9,2026-06-19 04:20:00,2974172
71.7,95.2,73.9,70.2,2026-06-19 04:40:00,2974172
71.5,95.4,73.6,70.1,2026-06-19 05:00:00,2974172
71.2,95.5,73.0,69.9,2026-06-19 05:20:00,2974172
70.9,95.8,72.9,69.6,2026-06-19 05:40:00,2974172
70.8,96.0,72.7,69.6,2026-06-19 06:00:00,2974172
70.6,96.2,72.3,69.5,2026-06-19 06:20:00,2974172
70.7,96.4,72.7,69.7,2026-06-19 06:40:00,2974172
70.8,96.7,72.7,69.8,2026-06-19 07:00:00,2974172
70.8,96.8,72.7,69.9,2026-06-19 07:20:00,2974172
71.1,97.0,73.0,70.2,2026-06-19 07:40:00,2974172
71.2,97.1,73.0,70.3,2026-06-19 08:00:00,2974172
71.3,97.2,73.4,70.4,2026-06-19 08:20:00,2974172
71.7,97.3,73.9,70.8,2026-06-19 08:40:00,2974172
71.9,97.4,74.1,71.1,2026-06-19 09:00:00,2974172
72.1,97.4,74.5,71.3,2026-06-19 09:20:00,2974172
72.3,97.5,74.7,71.5,2026-06-19 09:40:00,2974172
72.5,97.5,75.2,71.7,2026-06-19 10:00:00,2974172
73.3,97.6,76.5,72.6,2026-06-19 10:20:00,2974172
73.4,97.5,76.8,72.7,2026-06-19 10:40:00,2974172
73.9,97.5,77.0,73.2,2026-06-19 11:00:00,2974172
74.6,97.3,78.1,73.7,2026-06-19 11:20:00,2974172
75.1,96.9,79.0,74.2,2026-06-19 11:40:00,2974172
76.3,95.5,80.6,74.9,2026-06-19 12:00:00,2974172
76.7,94.0,81.1,74.9,2026-06-19 12:20:00,2974172
78.5,90.3,84.7,75.4,2026-06-19 12:40:00,2974172
79.8,85.5,86.5,75.0,2026-06-19 13:00:00,2974172
81.3,78.8,88.0,74.1,2026-06-19 13:20:00,2974172
82.2,75.3,89.1,73.6,2026-06-19 13:40:00,2974172
83.0,71.4,89.6,72.8,2026-06-19 14:00:00,2974172
83.5,67.7,90.0,71.7,2026-06-19 14:20:00,2974172
85.7,60.9,92.3,70.7,2026-06-19 14:40:00,2974172
86.1,55.6,91.2,68.4,2026-06-19 15:00:00,2974172
87.0,51.7,91.4,67.1,2026-06-19 15:20:00,2974172
87.2,50.8,91.4,66.7,2026-06-19 15:40:00,2974172
87.1,49.6,91.0,66.0,2026-06-19 16:00:00,2974172
87.6,48.5,91.4,65.8,2026-06-19 16:20:00,2974172
85.4,48.9,87.6,64.0,2026-06-19 16:40:00,2974172
86.3,47.0,88.5,63.6,2026-06-19 17:00:00,2974172
86.7,47.8,89.4,64.5,2026-06-19 17:20:00,2974172
86.5,45.8,88.3,63.1,2026-06-19 17:40:00,2974172
87.7,46.3,90.5,64.6,2026-06-19 18:00:00,2974172
86.6,43.6,88.0,61.9,2026-06-19 18:20:00,2974172
87.7,43.9,89.6,63.0,2026-06-19 18:40:00,2974172
88.4,43.5,90.9,63.4,2026-06-19 19:00:00,2974172
84.5,46.3,85.5,61.6,2026-06-19 19:20:00,2974172
83.0,49.7,83.8,62.3,2026-06-19 19:40:00,2974172
81.5,54.6,82.8,63.6,2026-06-19 20:00:00,2974172
80.1,56.4,81.0,63.2,2026-06-19 20:20:00,2974172
79.2,56.3,79.7,62.2,2026-06-19 20:40:00,2974172
78.0,54.1,77.7,60.0,2026-06-19 21:00:00,2974172
76.4,58.2,75.9,60.6,2026-06-19 21:20:00,2974172
75.8,58.7,75.6,60.3,2026-06-19 21:40:00,2974172
75.8,57.1,75.4,59.5,2026-06-19 22:00:00,2974172
75.4,55.4,74.8,58.3,2026-06-19 22:20:00,2974172
74.1,59.0,73.8,58.8,2026-06-19 22:40:00,2974172
73.7,57.3,73.2,57.6,2026-06-19 23:00:00,2974172
73.3,60.0,73.0,58.6,2026-06-19 23:20:00,2974172
73.1,63.3,73.4,59.9,2026-06-19 23:40:00,2974172
72.4,58.8,72.1,57.2,2026-06-20 00:00:00,2974172
72.6,56.3,72.1,56.2,2026-06-20 00:20:00,2974172
71.9,61.7,72.0,58.0,2026-06-20 00:40:00,2974172
71.2,62.1,71.2,57.5,2026-06-20 01:00:00,2974172
70.3,59.1,69.8,55.4,2026-06-20 01:20:00,2974172
69.6,59.5,68.9,54.9,2026-06-20 01:40:00,2974172
68.9,60.8,68.0,54.8,2026-06-20 02:00:00,2974172
68.0,61.6,66.7,54.3,2026-06-20 02:20:00,2974172
67.2,63.4,65.8,54.3,2026-06-20 02:40:00,2974172
66.6,68.2,65.7,55.8,2026-06-20 03:00:00,2974172
67.0,68.2,66.0,56.2,2026-06-20 03:20:00,2974172
66.8,65.1,65.5,54.7,2026-06-20 03:40:00,2974172
66.5,64.2,65.1,54.0,2026-06-20 04:00:00,2974172
65.8,66.8,64.2,54.5,2026-06-20 04:20:00,2974172
64.8,70.1,63.5,54.8,2026-06-20 04:40:00,2974172
63.4,73.1,62.2,54.6,2026-06-20 05:00:00,2974172
62.8,73.1,61.7,54.1,2026-06-20 05:20:00,2974172
61.9,75.5,61.2,54.1,2026-06-20 05:40:00,2974172
61.4,77.4,60.8,54.2,2026-06-20 06:00:00,2974172
61.1,79.2,60.6,54.6,2026-06-20 06:20:00,2974172
61.5,79.7,61.0,55.1,2026-06-20 06:40:00,2974172
62.1,80.7,61.9,56.1,2026-06-20 07:00:00,2974172
63.1,81.8,62.8,57.5,2026-06-20 07:20:00,2974172
66.1,76.6,65.5,58.6,2026-06-20 07:40:00,2974172
67.2,74.7,66.7,58.9,2026-06-20 08:00:00,2974172
69.5,71.3,69.6,59.8,2026-06-20 08:20:00,2974172
71.8,68.2,72.3,60.7,2026-06-20 08:40:00,2974172
74.3,58.7,73.9,58.9,2026-06-20 09:00:00,2974172
75.7,52.2,74.7,57.0,2026-06-20 09:20:00,2974172
77.1,48.5,75.7,56.2,2026-06-20 09:40:00,2974172
78.0,46.1,76.6,55.6,2026-06-20 10:00:00,2974172
78.8,46.1,77.7,56.4,2026-06-20 10:20:00,2974172
79.8,41.7,78.1,54.5,2026-06-20 10:40:00,2974172
80.9,40.9,79.2,55.0,2026-06-20 11:00:00,2974172
81.2,35.1,78.8,51.1,2026-06-20 11:20:00,2974172
81.9,34.6,79.3,51.2,2026-06-20 11:40:00,2974172
83.6,35.4,81.7,53.4,2026-06-20 12:00:00,2974172
83.6,32.5,81.0,51.0,2026-06-20 12:20:00,2974172
84.6,33.2,82.6,52.5,2026-06-20 12:40:00,2974172
83.9,34.2,81.9,52.8,2026-06-20 13:00:00,2974172
84.8,31.9,82.4,51.6,2026-06-20 13:20:00,2974172
85.9,32.3,84.0,52.9,2026-06-20 13:40:00,2974172
85.6,32.2,83.5,52.5,2026-06-20 14:00:00,2974172
85.9,30.0,83.3,50.9,2026-06-20 14:20:00,2974172
86.9,31.9,85.3,53.5,2026-06-20 14:40:00,2974172
87.4,31.1,85.5,53.2,2026-06-20 15:00:00,2974172
88.1,31.4,86.5,54.0,2026-06-20 15:20:00,2974172
88.2,33.4,87.3,55.8,2026-06-20 15:40:00,2974172
87.2,32.8,85.6,54.4,2026-06-20 16:00:00,2974172
88.4,30.8,86.7,53.8,2026-06-20 16:20:00,2974172
87.7,30.2,85.6,52.6,2026-06-20 16:40:00,2974172
88.1,31.3,86.5,53.9,2026-06-20 17:00:00,2974172
88.6,30.7,87.1,53.8,2026-06-20 17:20:00,2974172
89.4,28.9,87.4,52.8,2026-06-20 17:40:00,2974172
89.4,30.3,88.0,54.1,2026-06-20 18:00:00,2974172
89.7,31.2,88.7,55.2,2026-06-20 18:20:00,2974172
91.3,31.3,91.2,56.7,2026-06-20 18:40:00,2974172
87.9,31.7,86.2,54.1,2026-06-20 19:00:00,2974172
85.0,41.9,85.1,59.2,2026-06-20 19:20:00,2974172
84.5,38.5,83.5,56.4,2026-06-20 19:40:00,2974172
82.7,40.8,81.3,56.5,2026-06-20 20:00:00,2974172
81.5,41.7,80.1,56.0,2026-06-20 20:20:00,2974172
80.3,43.4,79.0,56.0,2026-06-20 20:40:00,2974172
79.0,47.5,78.1,57.4,2026-06-20 21:00:00,2974172
78.4,49.8,77.5,58.1,2026-06-20 21:20:00,2974172
77.4,49.9,76.3,57.3,2026-06-20 21:40:00,2974172
77.0,52.1,75.9,58.1,2026-06-20 22:00:00,2974172
76.3,52.1,75.4,57.4,2026-06-20 22:20:00,2974172
76.1,54.9,75.2,58.7,2026-06-20 22:40:00,2974172
75.7,54.7,74.8,58.2,2026-06-20 23:00:00,2974172
75.0,55.5,74.3,58.0,2026-06-20 23:20:00,2974172
74.1,55.9,73.4,57.4,2026-06-20 23:40:00,2974172
73.4,57.7,73.2,57.6,2026-06-21 00:00:00,2974172
73.0,56.3,72.5,56.5,2026-06-21 00:20:00,2974172
72.9,58.8,72.7,57.6,2026-06-21 00:40:00,2974172
72.5,59.3,72.3,57.5,2026-06-21 01:00:00,2974172
72.1,60.5,72.1,57.7,2026-06-21 01:20:00,2974172
71.7,61.9,71.8,58.0,2026-06-21 01:40:00,2974172
71.3,61.6,71.4,57.5,2026-06-21 02:00:00,2974172
71.0,62.5,71.1,57.5,2026-06-21 02:20:00,2974172
71.0,63.9,71.2,58.1,2026-06-21 02:40:00,2974172
70.6,65.6,70.7,58.5,2026-06-21 03:00:00,2974172
69.8,68.7,69.6,59.0,2026-06-21 03:20:00,2974172
69.1,69.0,68.7,58.5,2026-06-21 03:40:00,2974172
68.9,71.0,68.9,59.1,2026-06-21 04:00:00,2974172
68.6,71.5,68.5,59.1,2026-06-21 04:20:00,2974172
68.5,72.2,68.4,59.2,2026-06-21 04:40:00,2974172
68.5,72.9,68.4,59.4,2026-06-21 05:00:00,2974172
68.1,75.2,68.2,60.0,2026-06-21 05:20:00,2974172
67.6,75.8,67.5,59.7,2026-06-21 05:40:00,2974172
67.2,77.5,67.1,59.9,2026-06-21 06:00:00,2974172
66.8,79.3,66.7,60.2,2026-06-21 06:20:00,2974172
66.6,79.6,66.6,60.1,2026-06-21 06:40:00,2974172
66.9,80.2,66.7,60.6,2026-06-21 07:00:00,2974172
68.0,80.8,68.5,61.9,2026-06-21 07:20:00,2974172
69.6,78.8,70.3,62.7,2026-06-21 07:40:00,2974172
71.0,76.7,72.0,63.3,2026-06-21 08:00:00,2974172
72.9,75.2,74.1,64.6,2026-06-21 08:20:00,2974172
74.9,70.8,75.9,64.8,2026-06-21 08:40:00,2974172
77.2,65.5,77.7,64.7,2026-06-21 09:00:00,2974172
78.2,65.2,79.5,65.6,2026-06-21 09:20:00,2974172
80.2,58.6,81.5,64.3,2026-06-21 09:40:00,2974172
81.4,56.4,82.8,64.4,2026-06-21 10:00:00,2974172
82.8,49.4,83.7,61.9,2026-06-21 10:20:00,2974172
84.1,47.7,85.3,62.1,2026-06-21 10:40:00,2974172
85.6,46.2,87.1,62.5,2026-06-21 11:00:00,2974172
86.7,42.9,88.2,61.5,2026-06-21 11:20:00,2974172
86.9,40.5,87.8,60.1,2026-06-21 11:40:00,2974172
87.9,38.8,88.5,59.7,2026-06-21 12:00:00,2974172
88.4,37.8,89.1,59.4,2026-06-21 12:20:00,2974172
89.3,38.6,90.9,60.9,2026-06-21 12:40:00,2974172
90.7,34.2,91.6,58.7,2026-06-21 13:00:00,2974172
90.1,33.5,90.3,57.6,2026-06-21 13:20:00,2974172
91.0,34.5,91.9,59.1,2026-06-21 13:40:00,2974172
92.1,33.1,93.4,59.0,2026-06-21 14:00:00,2974172
93.7,31.8,95.0,59.2,2026-06-21 14:20:00,2974172
92.8,32.4,93.9,58.9,2026-06-21 14:40:00,2974172
92.8,32.6,93.9,59.1,2026-06-21 15:00:00,2974172
94.3,34.5,97.5,62.1,2026-06-21 15:20:00,2974172
92.4,34.3,94.3,60.2,2026-06-21 15:40:00,2974172
93.3,34.5,95.7,61.1,2026-06-21 16:00:00,2974172
92.4,33.8,93.9,59.8,2026-06-21 16:20:00,2974172
93.8,33.3,96.1,60.6,2026-06-21 16:40:00,2974172
93.2,32.9,94.8,59.7,2026-06-21 17:00:00,2974172
93.6,35.3,96.6,62.0,2026-06-21 17:20:00,2974172
94.6,32.6,96.8,60.7,2026-06-21 17:40:00,2974172
94.5,31.4,96.1,59.5,2026-06-21 18:00:00,2974172
94.4,33.1,96.8,60.9,2026-06-21 18:20:00,2974172
91.4,37.5,93.7,61.8,2026-06-21 18:40:00,2974172
89.4,39.4,91.2,61.4,2026-06-21 19:00:00,2974172
88.9,41.2,91.2,62.3,2026-06-21 19:20:00,2974172
88.2,45.5,91.0,64.5,2026-06-21 19:40:00,2974172
87.5,45.6,90.1,63.9,2026-06-21 20:00:00,2974172
86.5,48.6,89.4,64.9,2026-06-21 20:20:00,2974172
85.5,48.3,87.8,63.8,2026-06-21 20:40:00,2974172
84.3,51.5,86.5,64.5,2026-06-21 21:00:00,2974172
83.1,54.0,84.9,64.7,2026-06-21 21:20:00,2974172
82.0,54.7,83.5,64.1,2026-06-21 21:40:00,2974172
81.1,57.0,82.4,64.4,2026-06-21 22:00:00,2974172
80.0,57.6,81.0,63.8,2026-06-21 22:20:00,2974172
79.5,59.6,80.6,64.2,2026-06-21 22:40:00,2974172
78.8,60.5,79.9,64.0,2026-06-21 23:00:00,2974172
78.0,60.6,78.6,63.3,2026-06-21 23:20:00,2974172
77.6,61.0,78.1,63.1,2026-06-21 23:40:00,2974172
77.2,61.9,77.7,63.2,2026-06-22 00:00:00,2974172
77.7,62.3,78.3,63.8,2026-06-22 00:20:00,2974172
77.3,64.5,77.9,64.4,2026-06-22 00:40:00,2974172
77.0,67.1,77.7,65.2,2026-06-22 01:00:00,2974172
76.9,69.7,78.1,66.2,2026-06-22 01:20:00,2974172
76.4,70.4,77.2,66.0,2026-06-22 01:40:00,2974172
76.2,72.9,77.4,66.9,2026-06-22 02:00:00,2974172
76.2,75.7,77.7,68.0,2026-06-22 02:20:00,2974172
76.4,76.3,77.9,68.4,2026-06-22 02:40:00,2974172
76.0,77.3,77.7,68.4,2026-06-22 03:00:00,2974172
75.3,79.1,77.0,68.3,2026-06-22 03:20:00,2974172
74.3,80.9,76.3,68.1,2026-06-22 03:40:00,2974172
74.0,82.8,75.9,68.4,2026-06-22 04:00:00,2974172
74.2,83.5,76.3,68.9,2026-06-22 04:20:00,2974172
74.0,83.9,76.1,68.8,2026-06-22 04:40:00,2974172
73.3,85.5,75.2,68.7,2026-06-22 05:00:00,2974172
73.0,86.5,75.0,68.7,2026-06-22 05:20:00,2974172
72.9,87.6,75.0,69.0,2026-06-22 05:40:00,2974172
72.8,88.5,74.8,69.2,2026-06-22 06:00:00,2974172
72.6,89.0,74.7,69.2,2026-06-22 06:20:00,2974172
72.4,89.5,74.5,69.1,2026-06-22 06:40:00,2974172
72.9,89.6,75.2,69.6,2026-06-22 07:00:00,2974172
73.5,89.0,75.9,70.1,2026-06-22 07:20:00,2974172
76.5,86.0,79.7,72.0,2026-06-22 07:40:00,2974172
77.3,84.2,80.8,72.2,2026-06-22 08:00:00,2974172
78.5,82.3,83.3,72.7,2026-06-22 08:20:00,2974172
80.3,79.2,86.4,73.2,2026-06-22 08:40:00,2974172
81.8,76.8,88.5,73.8,2026-06-22 09:00:00,2974172
82.6,73.5,89.4,73.3,2026-06-22 09:20:00,2974172
83.8,71.6,91.6,73.6,2026-06-22 09:40:00,2974172
84.8,67.7,92.8,72.9,2026-06-22 10:00:00,2974172
85.8,65.0,94.3,72.7,2026-06-22 10:20:00,2974172
86.7,64.0,95.4,73.0,2026-06-22 10:40:00,2974172
87.7,62.0,96.8,73.1,2026-06-22 11:00:00,2974172
88.2,57.3,95.9,71.2,2026-06-22 11:20:00,2974172
89.0,55.1,96.8,70.8,2026-06-22 11:40:00,2974172
88.8,56.6,97.0,71.4,2026-06-22 12:00:00,2974172
89.2,56.2,97.7,71.5,2026-06-22 12:20:00,2974172
90.5,55.2,100.2,72.2,2026-06-22 12:40:00,2974172
90.6,54.0,100.0,71.7,2026-06-22 13:00:00,2974172
90.8,52.1,99.5,70.8,2026-06-22 13:20:00,2974172
90.9,51.0,99.5,70.2,2026-06-22 13:40:00,2974172
90.9,50.6,99.1,70.0,2026-06-22 14:00:00,2974172
91.4,50.8,100.0,70.6,2026-06-22 14:20:00,2974172
92.2,49.7,101.3,70.7,2026-06-22 14:40:00,2974172
92.5,48.3,101.3,70.2,2026-06-22 15:00:00,2974172
93.0,47.8,102.0,70.3,2026-06-22 15:20:00,2974172
94.5,44.2,102.9,69.4,2026-06-22 15:40:00,2974172
94.4,46.7,104.2,70.9,2026-06-22 16:00:00,2974172
94.1,45.0,102.7,69.5,2026-06-22 16:20:00,2974172
96.1,42.2,105.1,69.4,2026-06-22 16:40:00,2974172
97.0,41.3,106.3,69.5,2026-06-22 17:00:00,2974172
96.1,41.0,104.7,68.6,2026-06-22 17:20:00,2974172
95.5,41.8,103.6,68.6,2026-06-22 17:40:00,2974172
94.9,42.6,102.9,68.7,2026-06-22 18:00:00,2974172
96.3,40.4,104.7,68.3,2026-06-22 18:20:00,2974172
94.1,41.9,101.1,67.4,2026-06-22 18:40:00,2974172
93.2,44.5,100.2,68.3,2026-06-22 19:00:00,2974172
92.6,45.6,99.9,68.5,2026-06-22 19:20:00,2974172
91.5,47.1,98.4,68.5,2026-06-22 19:40:00,2974172
90.4,50.2,97.9,69.3,2026-06-22 20:00:00,2974172
89.4,51.6,96.1,69.2,2026-06-22 20:20:00,2974172
84.4,49.9,86.4,63.7,2026-06-22 20:40:00,2974172
81.0,66.6,84.6,68.9,2026-06-22 21:00:00,2974172
75.4,81.5,77.5,69.3,2026-06-22 21:20:00,2974172
73.9,86.5,76.1,69.6,2026-06-22 21:40:00,2974172
73.5,89.4,75.9,70.2,2026-06-22 22:00:00,2974172
73.6,90.7,76.3,70.7,2026-06-22 22:20:00,2974172
73.8,91.2,76.5,71.0,2026-06-22 22:40:00,2974172
74.0,91.3,76.8,71.3,2026-06-22 23:00:00,2974172
73.6,91.7,76.5,71.0,2026-06-22 23:20:00,2974172
73.7,92.3,76.5,71.3,2026-06-22 23:40:00,2974172
73.9,92.3,76.6,71.6,2026-06-23 00:00:00,2974172
76.1,88.8,79.5,72.6,2026-06-23 00:20:00,2974172
76.0,87.5,79.2,72.0,2026-06-23 00:40:00,2974172
75.1,89.4,78.1,71.7,2026-06-23 01:00:00,2974172
74.3,89.3,76.8,70.9,2026-06-23 01:20:00,2974172
73.8,90.2,76.5,70.8,2026-06-23 01:40:00,2974172
73.4,91.5,75.9,70.7,2026-06-23 02:00:00,2974172
73.1,91.5,75.6,70.4,2026-06-23 02:20:00,2974172
72.9,91.6,75.4,70.3,2026-06-23 02:40:00,2974172
72.7,92.1,75.2,70.3,2026-06-23 03:00:00,2974172
72.8,92.5,75.2,70.5,2026-06-23 03:20:00,2974172
72.8,92.7,75.2,70.5,2026-06-23 03:40:00,2974172
72.6,92.8,75.0,70.3,2026-06-23 04:00:00,2974172
72.6,93.1,75.0,70.4,2026-06-23 04:20:00,2974172
72.3,93.4,74.5,70.3,2026-06-23 04:40:00,2974172
72.3,93.6,74.7,70.4,2026-06-23 05:00:00,2974172
72.3,93.7,74.7,70.4,2026-06-23 05:20:00,2974172
72.8,93.9,75.4,70.9,2026-06-23 05:40:00,2974172
73.9,93.5,76.6,71.9,2026-06-23 06:00:00,2974172
74.4,92.3,77.4,72.0,2026-06-23 06:20:00,2974172
74.5,91.7,77.5,71.9,2026-06-23 06:40:00,2974172
74.8,91.8,77.9,72.3,2026-06-23 07:00:00,2974172
75.4,91.5,78.8,72.8,2026-06-23 07:20:00,2974172
76.5,89.6,80.1,73.2,2026-06-23 07:40:00,2974172
77.8,87.2,82.4,73.7,2026-06-23 08:00:00,2974172
79.4,82.2,85.1,73.5,2026-06-23 08:20:00,2974172
80.8,78.9,87.3,73.7,2026-06-23 08:40:00,2974172
81.4,76.5,87.6,73.3,2026-06-23 09:00:00,2974172
81.6,74.3,87.3,72.6,2026-06-23 09:20:00,2974172
82.6,73.2,89.4,73.2,2026-06-23 09:40:00,2974172
82.4,70.8,87.8,71.9,2026-06-23 10:00:00,2974172
82.9,71.2,89.2,72.6,2026-06-23 10:20:00,2974172
82.8,71.6,89.4,72.6,2026-06-23 10:40:00,2974172
83.9,69.2,91.2,72.8,2026-06-23 11:00:00,2974172
83.7,69.1,90.9,72.4,2026-06-23 11:20:00,2974172
77.0,83.0,80.2,71.4,2026-06-23 11:40:00,2974172
74.4,91.0,77.2,71.6,2026-06-23 12:00:00,2974172
76.2,93.6,80.1,74.3,2026-06-23 12:20:00,2974172
77.6,93.8,83.1,75.7,2026-06-23 12:40:00,2974172
78.4,92.1,84.7,75.9,2026-06-23 13:00:00,2974172
79.7,89.1,87.4,76.2,2026-06-23 13:20:00,2974172
78.5,90.9,84.7,75.7,2026-06-23 13:40:00,2974172
74.4,91.4,77.4,71.7,2026-06-23 14:00:00,2974172
73.8,93.6,76.6,71.9,2026-06-23 14:20:00,2974172
74.0,94.7,77.2,72.4,2026-06-23 14:40:00,2974172
74.5,95.1,78.1,73.0,2026-06-23 15:00:00,2974172
75.7,95.1,79.5,74.2,2026-06-23 15:20:00,2974172
77.2,93.7,81.9,75.2,2026-06-23 15:40:00,2974172
77.2,90.6,81.9,74.2,2026-06-23 16:00:00,2974172
78.9,88.2,85.1,75.1,2026-06-23 16:20:00,2974172
79.1,86.4,85.3,74.7,2026-06-23 16:40:00,2974172
79.2,85.8,85.3,74.5,2026-06-23 17:00:00,2974172
79.0,82.8,84.4,73.3,2026-06-23 17:20:00,2974172
80.4,81.6,86.7,74.2,2026-06-23 17:40:00,2974172
80.1,78.9,85.8,73.0,2026-06-23 18:00:00,2974172
81.8,74.2,87.6,72.8,2026-06-23 18:20:00,2974172
79.8,76.3,84.4,71.7,2026-06-23 18:40:00,2974172
77.2,76.8,79.7,69.3,2026-06-23 19:00:00,2974172
72.3,84.8,73.9,67.5,2026-06-23 19:20:00,2974172
70.9,91.5,72.7,68.3,2026-06-23 19:40:00,2974172
70.6,93.0,72.1,68.5,2026-06-23 20:00:00,2974172
70.2,93.7,71.8,68.3,2026-06-23 20:20:00,2974172
69.7,94.1,71.4,67.9,2026-06-23 20:40:00,2974172
69.5,94.7,71.1,67.9,2026-06-23 21:00:00,2974172
69.5,95.1,71.1,68.0,2026-06-23 21:20:00,2974172
69.3,95.3,70.9,67.9,2026-06-23 21:40:00,2974172
69.1,95.5,70.5,67.7,2026-06-23 22:00:00,2974172
68.9,95.7,70.5,67.6,2026-06-23 22:20:00,2974172
68.7,95.8,70.3,67.5,2026-06-23 22:40:00,2974172
68.6,96.0,70.2,67.4,2026-06-23 23:00:00,2974172
68.5,96.1,70.0,67.3,2026-06-23 23:20:00,2974172
68.1,96.2,69.6,66.9,2026-06-23 23:40:00,2974172
67.7,96.2,69.1,66.6,2026-06-24 00:00:00,2974172
67.9,96.3,69.4,66.9,2026-06-24 00:20:00,2974172
68.0,96.5,69.4,66.9,2026-06-24 00:40:00,2974172
67.7,96.5,69.1,66.7,2026-06-24 01:00:00,2974172
67.3,96.6,68.7,66.3,2026-06-24 01:20:00,2974172
66.8,96.6,68.2,65.8,2026-06-24 01:40:00,2974172
66.5,96.6,67.8,65.6,2026-06-24 02:00:00,2974172
66.5,96.7,67.8,65.5,2026-06-24 02:20:00,2974172
66.2,96.7,67.3,65.2,2026-06-24 02:40:00,2974172
65.9,96.8,67.1,65.0,2026-06-24 03:00:00,2974172
65.8,96.9,66.9,64.8,2026-06-24 03:20:00,2974172
65.6,96.9,66.7,64.7,2026-06-24 03:40:00,2974172
65.4,97.0,66.6,64.5,2026-06-24 04:00:00,2974172
65.4,97.0,66.6,64.5,2026-06-24 04:20:00,2974172
64.9,97.0,65.8,64.0,2026-06-24 04:40:00,2974172
64.1,97.0,65.1,63.2,2026-06-24 05:00:00,2974172
63.5,96.9,64.6,62.6,2026-06-24 05:20:00,2974172
63.0,96.8,64.0,62.1,2026-06-24 05:40:00,2974172
62.6,96.8,63.5,61.6,2026-06-24 06:00:00,2974172
62.3,96.8,63.3,61.4,2026-06-24 06:20:00,2974172
62.3,96.8,63.3,61.3,2026-06-24 06:40:00,2974172
62.3,96.8,63.3,61.4,2026-06-24 07:00:00,2974172
62.3,96.7,63.3,61.4,2026-06-24 07:20:00,2974172
63.5,96.6,64.6,62.5,2026-06-24 07:40:00,2974172
64.0,95.9,64.9,62.8,2026-06-24 08:00:00,2974172
64.9,94.4,65.7,63.3,2026-06-24 08:20:00,2974172
65.9,92.3,66.7,63.6,2026-06-24 08:40:00,2974172
67.3,88.5,68.2,63.8,2026-06-24 09:00:00,2974172
69.2,79.7,69.8,62.6,2026-06-24 09:20:00,2974172
70.6,74.6,71.2,62.1,2026-06-24 09:40:00,2974172
72.1,67.9,72.5,60.9,2026-06-24 10:00:00,2974172
73.5,66.4,73.9,61.6,2026-06-24 10:20:00,2974172
74.5,56.9,74.1,58.2,2026-06-24 10:40:00,2974172
75.6,55.0,75.0,58.3,2026-06-24 11:00:00,2974172
76.5,59.5,76.3,61.4,2026-06-24 11:20:00,2974172
77.5,46.8,76.1,55.5,2026-06-24 11:40:00,2974172
78.2,46.8,77.0,56.3,2026-06-24 12:00:00,2974172
79.3,50.1,78.8,59.1,2026-06-24 12:20:00,2974172
79.8,45.2,78.6,56.7,2026-06-24 12:40:00,2974172
80.0,44.0,78.6,56.2,2026-06-24 13:00:00,2974172
81.3,45.1,80.4,58.0,2026-06-24 13:20:00,2974172
81.9,48.0,81.9,60.3,2026-06-24 13:40:00,2974172
81.8,45.5,81.1,58.7,2026-06-24 14:00:00,2974172
81.9,46.1,81.5,59.1,2026-06-24 14:20:00,2974172
81.9,41.3,80.6,56.1,2026-06-24 14:40:00,2974172
82.9,42.8,82.0,58.0,2026-06-24 15:00:00,2974172
82.5,42.5,81.5,57.5,2026-06-24 15:20:00,2974172
83.6,38.4,82.2,55.6,2026-06-24 15:40:00,2974172
83.7,39.7,82.8,56.6,2026-06-24 16:00:00,2974172
83.0,40.5,81.9,56.5,2026-06-24 16:20:00,2974172
83.3,43.0,82.6,58.4,2026-06-24 16:40:00,2974172
83.6,42.4,83.1,58.4,2026-06-24 17:00:00,2974172
85.4,38.5,84.7,57.3,2026-06-24 17:20:00,2974172
85.8,37.1,85.3,56.6,2026-06-24 17:40:00,2974172
84.4,41.7,84.0,58.6,2026-06-24 18:00:00,2974172
85.6,39.1,85.3,57.8,2026-06-24 18:20:00,2974172
83.4,44.1,83.3,59.3,2026-06-24 18:40:00,2974172
80.5,48.6,80.2,59.4,2026-06-24 19:00:00,2974172
79.2,51.0,79.0,59.5,2026-06-24 19:20:00,2974172
78.4,57.1,78.6,61.9,2026-06-24 19:40:00,2974172
77.0,61.1,77.2,62.6,2026-06-24 20:00:00,2974172
76.0,61.3,75.9,61.7,2026-06-24 20:20:00,2974172
75.1,63.5,75.4,61.9,2026-06-24 20:40:00,2974172
73.8,64.8,74.1,61.2,2026-06-24 21:00:00,2974172
73.0,66.8,73.4,61.3,2026-06-24 21:20:00,2974172
72.0,68.7,72.5,61.1,2026-06-24 21:40:00,2974172
71.3,69.5,72.0,60.8,2026-06-24 22:00:00,2974172
70.7,68.6,71.2,59.9,2026-06-24 22:20:00,2974172
69.9,69.9,70.2,59.7,2026-06-24 22:40:00,2974172
69.3,73.6,69.6,60.6,2026-06-24 23:00:00,2974172
68.7,74.7,68.9,60.4,2026-06-24 23:20:00,2974172
68.3,75.3,68.4,60.1,2026-06-24 23:40:00,2974172
67.9,77.5,68.0,60.6,2026-06-25 00:00:00,2974172
67.5,79.2,67.6,60.8,2026-06-25 00:20:00,2974172
67.4,80.6,67.5,61.3,2026-06-25 00:40:00,2974172
67.2,80.7,67.3,61.0,2026-06-25 01:00:00,2974172
66.9,81.4,66.9,61.0,2026-06-25 01:20:00,2974172
66.7,80.6,66.6,60.5,2026-06-25 01:40:00,2974172
66.1,80.8,66.0,60.1,2026-06-25 02:00:00,2974172
65.5,82.4,65.3,60.0,2026-06-25 02:20:00,2974172
65.4,83.0,65.3,60.1,2026-06-25 02:40:00,2974172
65.2,84.0,65.1,60.3,2026-06-25 03:00:00,2974172
65.2,84.5,65.3,60.4,2026-06-25 03:20:00,2974172
65.1,85.0,65.1,60.5,2026-06-25 03:40:00,2974172
64.8,85.8,64.8,60.5,2026-06-25 04:00:00,2974172
64.7,86.5,64.8,60.6,2026-06-25 04:20:00,2974172
64.4,87.5,64.4,60.6,2026-06-25 04:40:00,2974172
64.2,88.4,64.6,60.8,2026-06-25 05:00:00,2974172
64.4,89.7,64.8,61.3,2026-06-25 05:20:00,2974172
64.3,90.2,64.8,61.4,2026-06-25 05:40:00,2974172
64.5,90.9,64.9,61.8,2026-06-25 06:00:00,2974172
64.6,91.5,65.1,62.1,2026-06-25 06:20:00,2974172
64.9,91.8,65.7,62.5,2026-06-25 06:40:00,2974172
65.5,91.9,66.4,63.1,2026-06-25 07:00:00,2974172
66.4,91.5,67.3,63.9,2026-06-25 07:20:00,2974172
68.5,90.0,69.4,65.4,2026-06-25 07:40:00,2974172
69.5,88.1,70.7,65.8,2026-06-25 08:00:00,2974172
70.7,87.1,72.3,66.7,2026-06-25 08:20:00,2974172
72.6,84.6,74.3,67.7,2026-06-25 08:40:00,2974172
75.2,81.1,77.2,69.0,2026-06-25 09:00:00,2974172
76.4,76.9,78.1,68.6,2026-06-25 09:20:00,2974172
77.0,75.6,78.8,68.6,2026-06-25 09:40:00,2974172
78.1,71.2,80.6,68.0,2026-06-25 10:00:00,2974172
78.8,68.5,81.3,67.6,2026-06-25 10:20:00,2974172
79.9,64.5,82.4,66.9,2026-06-25 10:40:00,2974172
81.3,64.5,84.4,68.2,2026-06-25 11:00:00,2974172
82.0,60.1,84.6,66.8,2026-06-25 11:20:00,2974172
81.6,58.9,83.7,65.9,2026-06-25 11:40:00,2974172
82.2,55.2,84.0,64.6,2026-06-25 12:00:00,2974172
82.0,56.4,83.7,65.0,2026-06-25 12:20:00,2974172
82.9,55.9,85.1,65.6,2026-06-25 12:40:00,2974172
84.4,49.6,86.4,63.5,2026-06-25 13:00:00,2974172
84.7,50.3,86.9,64.1,2026-06-25 13:20:00,2974172
84.6,46.1,85.6,61.6,2026-06-25 13:40:00,2974172
85.9,49.5,88.7,64.8,2026-06-25 14:00:00,2974172
86.3,49.4,89.4,65.1,2026-06-25 14:20:00,2974172
87.3,47.5,90.5,65.0,2026-06-25 14:40:00,2974172
86.8,43.6,88.3,62.0,2026-06-25 15:00:00,2974172
86.6,46.0,88.7,63.3,2026-06-25 15:20:00,2974172
87.6,43.9,89.6,62.9,2026-06-25 15:40:00,2974172
87.5,44.9,89.8,63.4,2026-06-25 16:00:00,2974172
87.9,45.3,90.5,64.1,2026-06-25 16:20:00,2974172
87.3,46.3,90.0,64.2,2026-06-25 16:40:00,2974172
88.3,45.7,91.2,64.7,2026-06-25 17:00:00,2974172
86.7,46.6,89.1,63.8,2026-06-25 17:20:00,2974172
89.3,44.9,93.0,65.1,2026-06-25 17:40:00,2974172
87.0,49.4,90.5,65.8,2026-06-25 18:00:00,2974172
87.7,45.0,90.0,63.7,2026-06-25 18:20:00,2974172
88.5,46.7,92.5,65.6,2026-06-25 18:40:00,2974172
87.3,48.1,90.7,65.3,2026-06-25 19:00:00,2974172
84.7,53.5,87.8,66.0,2026-06-25 19:20:00,2974172
83.0,58.7,86.2,67.1,2026-06-25 19:40:00,2974172
81.7,61.4,84.6,67.1,2026-06-25 20:00:00,2974172
81.0,63.5,83.8,67.4,2026-06-25 20:20:00,2974172
79.8,65.1,82.2,67.0,2026-06-25 20:40:00,2974172
78.4,66.7,80.1,66.4,2026-06-25 21:00:00,2974172
77.8,67.7,79.3,66.2,2026-06-25 21:20:00,2974172
77.2,68.0,78.4,65.8,2026-06-25 21:40:00,2974172
76.3,69.2,77.2,65.5,2026-06-25 22:00:00,2974172
75.7,70.8,76.6,65.5,2026-06-25 22:20:00,2974172
75.2,73.1,76.3,65.9,2026-06-25 22:40:00,2974172
74.6,74.3,75.7,65.9,2026-06-25 23:00:00,2974172
73.7,76.2,75.0,65.8,2026-06-25 23:20:00,2974172
73.3,77.0,74.7,65.7,2026-06-25 23:40:00,2974172
73.2,78.2,74.7,66.0,2026-06-26 00:00:00,2974172
72.7,79.4,74.3,65.9,2026-06-26 00:20:00,2974172
72.1,80.7,73.6,65.9,2026-06-26 00:40:00,2974172
71.9,80.4,73.2,65.6,2026-06-26 01:00:00,2974172
71.6,80.9,73.0,65.4,2026-06-26 01:20:00,2974172
71.3,81.8,72.5,65.4,2026-06-26 01:40:00,2974172
70.9,82.1,72.1,65.1,2026-06-26 02:00:00,2974172
70.6,82.9,71.8,65.1,2026-06-26 02:20:00,2974172
70.2,82.9,71.4,64.8,2026-06-26 02:40:00,2974172
70.2,83.3,71.4,64.9,2026-06-26 03:00:00,2974172
70.3,83.5,71.4,65.0,2026-06-26 03:20:00,2974172
70.6,83.1,71.8,65.2,2026-06-26 03:40:00,2974172
70.8,83.1,72.1,65.4,2026-06-26 04:00:00,2974172
70.9,82.9,72.3,65.4,2026-06-26 04:20:00,2974172
70.8,83.0,72.1,65.4,2026-06-26 04:40:00,2974172
70.9,83.7,72.3,65.7,2026-06-26 05:00:00,2974172
70.8,83.9,72.1,65.7,2026-06-26 05:20:00,2974172
70.4,84.9,71.6,65.6,2026-06-26 05:40:00,2974172
69.6,86.0,70.5,65.2,2026-06-26 06:00:00,2974172
69.3,87.0,70.5,65.3,2026-06-26 06:20:00,2974172
69.4,87.6,70.5,65.5,2026-06-26 06:40:00,2974172
69.7,87.8,70.9,65.9,2026-06-26 07:00:00,2974172
70.3,87.8,71.6,66.5,2026-06-26 07:20:00,2974172
72.0,86.5,73.8,67.7,2026-06-26 07:40:00,2974172
73.6,84.2,75.7,68.5,2026-06-26 08:00:00,2974172
75.4,81.2,77.5,69.2,2026-06-26 08:20:00,2974172
77.0,77.9,79.5,69.6,2026-06-26 08:40:00,2974172
78.6,75.9,81.9,70.4,2026-06-26 09:00:00,2974172
79.8,72.8,83.7,70.2,2026-06-26 09:20:00,2974172
80.7,67.9,84.2,69.1,2026-06-26 09:40:00,2974172
81.2,69.7,85.6,70.3,2026-06-26 10:00:00,2974172
82.2,68.7,86.9,70.9,2026-06-26 10:20:00,2974172
83.1,63.4,87.3,69.4,2026-06-26 10:40:00,2974172
84.5,56.7,88.3,67.5,2026-06-26 11:00:00,2974172
85.0,54.6,88.9,66.8,2026-06-26 11:20:00,2974172
84.3,55.3,87.6,66.6,2026-06-26 11:40:00,2974172
83.6,57.9,86.9,67.2,2026-06-26 12:00:00,2974172
81.9,62.6,84.9,67.9,2026-06-26 12:20:00,2974172
83.5,61.8,88.0,69.0,2026-06-26 12:40:00,2974172
85.4,56.9,90.1,68.4,2026-06-26 13:00:00,2974172
85.6,53.2,89.4,66.7,2026-06-26 13:20:00,2974172
86.3,54.7,91.2,68.1,2026-06-26 13:40:00,2974172
87.1,54.1,92.7,68.5,2026-06-26 14:00:00,2974172
87.1,51.8,91.8,67.2,2026-06-26 14:20:00,2974172
88.0,54.3,94.5,69.4,2026-06-26 14:40:00,2974172
87.9,53.5,93.7,68.9,2026-06-26 15:00:00,2974172
87.7,53.0,93.2,68.5,2026-06-26 15:20:00,2974172
86.9,56.6,93.2,69.6,2026-06-26 15:40:00,2974172
86.6,57.9,93.0,70.0,2026-06-26 16:00:00,2974172
86.2,60.9,93.4,71.1,2026-06-26 16:20:00,2974172
86.6,60.0,93.6,71.1,2026-06-26 16:40:00,2974172
84.7,63.3,90.9,70.9,2026-06-26 17:00:00,2974172
84.2,65.1,90.7,71.2,2026-06-26 17:20:00,2974172
85.2,64.7,92.5,72.0,2026-06-26 17:40:00,2974172
85.9,64.2,93.9,72.4,2026-06-26 18:00:00,2974172
84.6,64.3,91.2,71.2,2026-06-26 18:20:00,2974172
84.2,64.2,90.5,70.8,2026-06-26 18:40:00,2974172
84.8,64.8,91.8,71.7,2026-06-26 19:00:00,2974172
82.5,66.7,87.1,70.3,2026-06-26 19:20:00,2974172
81.7,66.1,85.6,69.3,2026-06-26 19:40:00,2974172
81.1,65.8,84.4,68.6,2026-06-26 20:00:00,2974172
80.3,66.8,83.3,68.2,2026-06-26 20:20:00,2974172
79.4,69.0,82.4,68.3,2026-06-26 20:40:00,2974172
78.5,71.2,81.1,68.4,2026-06-26 21:00:00,2974172
77.4,74.1,79.7,68.5,2026-06-26 21:20:00,2974172
77.4,75.8,79.9,69.1,2026-06-26 21:40:00,2974172
77.2,77.4,79.7,69.5,2026-06-26 22:00:00,2974172
77.3,78.3,79.9,70.1,2026-06-26 22:20:00,2974172
77.4,79.4,80.6,70.4,2026-06-26 22:40:00,2974172
77.2,80.8,80.1,70.8,2026-06-26 23:00:00,2974172
76.9,82.0,79.9,71.0,2026-06-26 23:20:00,2974172
76.7,83.3,79.7,71.3,2026-06-26 23:40:00,2974172
76.5,83.9,79.3,71.3,2026-06-27 00:00:00,2974172
76.2,84.5,78.8,71.2,2026-06-27 00:20:00,2974172
75.7,85.5,78.3,71.0,2026-06-27 00:40:00,2974172
75.2,86.3,77.9,70.8,2026-06-27 01:00:00,2974172
74.7,87.3,77.4,70.6,2026-06-27 01:20:00,2974172
74.0,88.5,76.5,70.4,2026-06-27 01:40:00,2974172
74.0,89.0,76.6,70.5,2026-06-27 02:00:00,2974172
73.9,89.3,76.3,70.5,2026-06-27 02:20:00,2974172
73.9,89.6,76.3,70.6,2026-06-27 02:40:00,2974172
74.0,89.5,76.6,70.7,2026-06-27 03:00:00,2974172
74.0,89.7,76.6,70.8,2026-06-27 03:20:00,2974172
73.8,90.3,76.5,70.8,2026-06-27 03:40:00,2974172
73.9,90.6,76.5,70.9,2026-06-27 04:00:00,2974172
74.0,90.8,76.8,71.2,2026-06-27 04:20:00,2974172
74.0,90.9,76.8,71.2,2026-06-27 04:40:00,2974172
74.0,91.1,76.8,71.2,2026-06-27 05:00:00,2974172
73.9,91.2,76.5,71.1,2026-06-27 05:20:00,2974172
73.8,91.4,76.6,71.2,2026-06-27 05:40:00,2974172
73.8,91.4,76.6,71.2,2026-06-27 06:00:00,2974172
73.8,91.3,76.6,71.2,2026-06-27 06:20:00,2974172
74.0,91.5,76.8,71.3,2026-06-27 06:40:00,2974172
74.4,91.1,77.2,71.6,2026-06-27 07:00:00,2974172
75.0,90.4,77.9,72.0,2026-06-27 07:20:00,2974172
76.5,88.4,79.9,72.8,2026-06-27 07:40:00,2974172
76.4,87.4,79.5,72.3,2026-06-27 08:00:00,2974172
77.2,86.5,80.8,72.8,2026-06-27 08:20:00,2974172
78.4,85.2,83.3,73.6,2026-06-27 08:40:00,2974172
79.3,83.2,84.9,73.7,2026-06-27 09:00:00,2974172
79.8,81.9,85.8,73.8,2026-06-27 09:20:00,2974172
80.7,80.5,87.3,74.1,2026-06-27 09:40:00,2974172
82.2,78.3,89.6,74.7,2026-06-27 10:00:00,2974172
83.4,75.4,91.8,74.8,2026-06-27 10:20:00,2974172
84.4,70.6,93.0,73.8,2026-06-27 10:40:00,2974172
85.8,68.9,95.7,74.4,2026-06-27 11:00:00,2974172
86.5,66.4,96.1,74.0,2026-06-27 11:20:00,2974172
86.6,63.3,95.0,72.7,2026-06-27 11:40:00,2974172
87.3,63.4,96.8,73.4,2026-06-27 12:00:00,2974172
87.4,64.6,97.3,74.0,2026-06-27 12:20:00,2974172
89.3,62.0,100.9,74.6,2026-06-27 12:40:00,2974172
89.6,59.1,100.0,73.4,2026-06-27 13:00:00,2974172
90.1,59.0,101.1,73.8,2026-06-27 13:20:00,2974172
91.6,55.2,103.1,73.3,2026-06-27 13:40:00,2974172
89.3,55.5,97.9,71.3,2026-06-27 14:00:00,2974172
82.0,70.3,87.1,71.3,2026-06-27 14:20:00,2974172
82.0,76.9,89.2,74.0,2026-06-27 14:40:00,2974172
85.6,72.5,96.4,75.7,2026-06-27 15:00:00,2974172
86.6,68.1,97.2,74.8,2026-06-27 15:20:00,2974172
82.0,75.6,88.3,73.5,2026-06-27 15:40:00,2974172
76.4,86.7,79.3,72.1,2026-06-27 16:00:00,2974172
78.6,92.3,85.1,76.2,2026-06-27 16:20:00,2974172
79.4,92.2,87.3,76.9,2026-06-27 16:40:00,2974172
80.7,89.9,89.6,77.5,2026-06-27 17:00:00,2974172
82.1,83.6,91.0,76.6,2026-06-27 17:20:00,2974172
83.9,81.3,95.4,77.5,2026-06-27 17:40:00,2974172
84.3,80.7,96.3,77.7,2026-06-27 18:00:00,2974172
85.3,78.7,98.4,77.9,2026-06-27 18:20:00,2974172
84.3,77.5,95.0,76.5,2026-06-27 18:40:00,2974172
82.8,81.6,92.5,76.6,2026-06-27 19:00:00,2974172
81.6,82.4,89.6,75.8,2026-06-27 19:20:00,2974172
81.1,84.7,89.1,76.1,2026-06-27 19:40:00,2974172
80.3,86.6,88.0,76.0,2026-06-27 20:00:00,2974172
80.6,84.9,88.0,75.6,2026-06-27 20:20:00,2974172
80.5,84.6,88.0,75.5,2026-06-27 20:40:00,2974172
80.2,83.0,86.7,74.5,2026-06-27 21:00:00,2974172
79.1,83.5,84.6,73.7,2026-06-27 21:20:00,2974172
78.5,83.4,83.5,73.1,2026-06-27 21:40:00,2974172
78.0,81.1,81.9,71.7,2026-06-27 22:00:00,2974172
78.0,80.0,81.7,71.3,2026-06-27 22:20:00,2974172
77.5,80.9,80.8,71.1,2026-06-27 22:40:00,2974172
77.1,81.0,80.1,70.8,2026-06-27 23:00:00,2974172
76.6,80.8,79.3,70.3,2026-06-27 23:20:00,2974172
76.2,82.3,78.6,70.4,2026-06-27 23:40:00,2974172
75.9,83.4,78.6,70.5,2026-06-28 00:00:00,2974172
75.5,84.1,77.9,70.3,2026-06-28 00:20:00,2974172
74.9,84.7,77.4,70.0,2026-06-28 00:40:00,2974172
74.4,85.5,76.6,69.8,2026-06-28 01:00:00,2974172
74.2,86.0,76.5,69.8,2026-06-28 01:20:00,2974172
73.9,86.7,76.1,69.7,2026-06-28 01:40:00,2974172
73.5,87.5,75.7,69.6,2026-06-28 02:00:00,2974172
73.1,88.1,75.4,69.4,2026-06-28 02:20:00,2974172
72.6,89.8,74.7,69.4,2026-06-28 02:40:00,2974172
72.2,90.7,74.3,69.3,2026-06-28 03:00:00,2974172
71.9,91.1,73.9,69.2,2026-06-28 03:20:00,2974172
71.4,91.8,73.2,68.9,2026-06-28 03:40:00,2974172
71.2,92.5,72.9,68.9,2026-06-28 04:00:00,2974172
71.2,92.9,72.9,69.0,2026-06-28 04:20:00,2974172
71.0,93.1,72.7,68.9,2026-06-28 04:40:00,2974172
70.7,93.3,72.5,68.7,2026-06-28 05:00:00,2974172
70.7,93.7,72.1,68.8,2026-06-28 05:20:00,2974172
70.9,93.6,72.7,69.0,2026-06-28 05:40:00,2974172
71.0,93.3,72.7,69.0,2026-06-28 06:00:00,2974172
70.8,93.4,72.5,68.8,2026-06-28 06:20:00,2974172
70.8,93.8,72.7,68.9,2026-06-28 06:40:00,2974172
71.0,94.1,72.9,69.2,2026-06-28 07:00:00,2974172
72.0,93.7,74.1,70.0,2026-06-28 07:20:00,2974172
73.6,92.3,76.5,71.2,2026-06-28 07:40:00,2974172
75.3,88.1,78.1,71.6,2026-06-28 08:00:00,2974172
76.0,85.0,78.8,71.2,2026-06-28 08:20:00,2974172
76.6,83.4,79.3,71.2,2026-06-28 08:40:00,2974172
76.9,83.6,80.1,71.6,2026-06-28 09:00:00,2974172
77.5,81.9,80.8,71.5,2026-06-28 09:20:00,2974172
78.2,81.7,82.2,72.1,2026-06-28 09:40:00,2974172
79.2,81.4,84.4,73.0,2026-06-28 10:00:00,2974172
80.4,78.2,86.0,73.0,2026-06-28 10:20:00,2974172
81.7,76.3,88.3,73.5,2026-06-28 10:40:00,2974172
82.6,76.3,89.8,74.4,2026-06-28 11:00:00,2974172
82.9,71.7,89.4,72.8,2026-06-28 11:20:00,2974172
84.4,69.8,92.7,73.5,2026-06-28 11:40:00,2974172
84.7,67.6,92.5,72.8,2026-06-28 12:00:00,2974172
85.3,68.0,94.1,73.5,2026-06-28 12:20:00,2974172
86.6,65.8,96.3,73.8,2026-06-28 12:40:00,2974172
86.3,67.2,95.9,74.1,2026-06-28 13:00:00,2974172
86.5,64.8,95.4,73.2,2026-06-28 13:20:00,2974172
87.3,62.9,96.4,73.1,2026-06-28 13:40:00,2974172
88.9,60.4,99.1,73.4,2026-06-28 14:00:00,2974172
89.4,57.3,98.8,72.3,2026-06-28 14:20:00,2974172
89.3,58.2,99.1,72.7,2026-06-28 14:40:00,2974172
89.2,58.5,98.8,72.8,2026-06-28 15:00:00,2974172
89.4,57.5,98.8,72.4,2026-06-28 15:20:00,2974172
90.8,52.7,99.7,71.1,2026-06-28 15:40:00,2974172
91.2,54.6,102.0,72.6,2026-06-28 16:00:00,2974172
88.7,57.8,97.5,71.9,2026-06-28 16:20:00,2974172
87.2,64.2,96.6,73.6,2026-06-28 16:40:00,2974172
85.9,66.1,94.6,73.3,2026-06-28 17:00:00,2974172
84.2,70.7,92.5,73.7,2026-06-28 17:20:00,2974172
82.5,73.6,88.9,73.1,2026-06-28 17:40:00,2974172
80.7,78.7,86.9,73.5,2026-06-28 18:00:00,2974172
77.6,86.7,82.0,73.3,2026-06-28 18:20:00,2974172
75.5,90.7,78.6,72.6,2026-06-28 18:40:00,2974172
74.6,93.0,77.7,72.4,2026-06-28 19:00:00,2974172
74.3,94.0,77.7,72.5,2026-06-28 19:20:00,2974172
74.2,94.6,77.4,72.5,2026-06-28 19:40:00,2974172
74.2,95.0,77.5,72.7,2026-06-28 20:00:00,2974172
74.5,95.5,78.1,73.1,2026-06-28 20:20:00,2974172
74.5,95.7,78.1,73.2,2026-06-28 20:40:00,2974172
74.6,96.0,78.1,73.3,2026-06-28 21:00:00,2974172
74.4,96.1,77.7,73.2,2026-06-28 21:20:00,2974172
74.6,96.3,78.1,73.4,2026-06-28 21:40:00,2974172
74.4,96.4,77.9,73.3,2026-06-28 22:00:00,2974172
74.1,96.5,77.4,73.0,2026-06-28 22:20:00,2974172
73.8,96.5,77.0,72.8,2026-06-28 22:40:00,2974172
73.7,96.6,76.8,72.6,2026-06-28 23:00:00,2974172
73.3,96.6,76.3,72.3,2026-06-28 23:20:00,2974172
73.2,96.7,76.1,72.2,2026-06-28 23:40:00,2974172
73.0,96.7,75.7,72.0,2026-06-29 00:00:00,2974172
72.7,96.8,75.6,71.7,2026-06-29 00:20:00,2974172
72.7,96.8,75.6,71.7,2026-06-29 00:40:00,2974172
72.8,97.0,75.6,71.9,2026-06-29 01:00:00,2974172
73.1,97.1,76.1,72.2,2026-06-29 01:20:00,2974172
73.0,97.1,75.7,72.2,2026-06-29 01:40:00,2974172
72.9,97.2,75.7,72.1,2026-06-29 02:00:00,2974172
72.8,97.2,75.6,71.9,2026-06-29 02:20:00,2974172
72.5,97.3,75.0,71.6,2026-06-29 02:40:00,2974172
72.4,97.3,75.0,71.6,2026-06-29 03:00:00,2974172
72.6,97.4,75.2,71.8,2026-06-29 03:20:00,2974172
73.0,97.5,75.7,72.2,2026-06-29 03:40:00,2974172
73.1,97.5,76.1,72.3,2026-06-29 04:00:00,2974172
73.1,97.5,76.3,72.4,2026-06-29 04:20:00,2974172
72.9,97.5,75.9,72.1,2026-06-29 04:40:00,2974172
72.5,97.6,75.4,71.8,2026-06-29 05:00:00,2974172
72.5,97.6,75.2,71.7,2026-06-29 05:20:00,2974172
72.1,97.6,74.8,71.4,2026-06-29 05:40:00,2974172
71.9,97.5,74.3,71.2,2026-06-29 06:00:00,2974172
72.1,97.6,74.7,71.3,2026-06-29 06:20:00,2974172
72.0,97.6,74.7,71.3,2026-06-29 06:40:00,2974172
72.2,97.6,74.8,71.5,2026-06-29 07:00:00,2974172
72.2,97.6,74.8,71.5,2026-06-29 07:20:00,2974172
72.5,97.5,75.4,71.8,2026-06-29 07:40:00,2974172
72.8,97.5,75.6,72.0,2026-06-29 08:00:00,2974172
84.3,33.0,82.2,52.1,2026-06-15 13:40:00,2968885
87.0,31.8,85.1,53.4,2026-06-15 14:00:00,2968885
87.9,31.7,86.2,54.1,2026-06-15 14:20:00,2968885
85.2,31.3,82.9,51.4,2026-06-15 14:40:00,2968885
85.9,30.3,83.5,51.2,2026-06-15 15:00:00,2968885
87.8,29.4,85.6,52.0,2026-06-15 15:20:00,2968885
88.8,28.9,86.7,52.4,2026-06-15 15:40:00,2968885
90.0,29.5,88.7,53.9,2026-06-15 16:00:00,2968885
90.2,31.6,89.8,56.0,2026-06-15 16:20:00,2968885
87.2,33.2,85.8,54.7,2026-06-15 16:40:00,2968885
85.6,31.5,83.3,52.0,2026-06-15 17:00:00,2968885
86.9,30.9,84.7,52.6,2026-06-15 17:20:00,2968885
85.8,32.0,84.0,52.6,2026-06-15 17:40:00,2968885
85.7,32.3,83.7,52.7,2026-06-15 18:00:00,2968885
86.1,32.9,84.4,53.6,2026-06-15 18:20:00,2968885
85.6,33.9,83.8,53.9,2026-06-15 18:40:00,2968885
85.6,34.3,84.0,54.3,2026-06-15 19:00:00,2968885
84.7,34.0,82.8,53.2,2026-06-15 19:20:00,2968885
84.8,33.7,82.9,53.1,2026-06-15 19:40:00,2968885
84.7,33.7,82.8,53.0,2026-06-15 20:00:00,2968885
82.6,36.9,80.6,53.7,2026-06-15 20:20:00,2968885
81.3,37.3,79.2,52.8,2026-06-15 20:40:00,2968885
79.7,39.5,77.7,52.9,2026-06-15 21:00:00,2968885
77.9,41.9,76.1,52.9,2026-06-15 21:20:00,2968885
76.5,44.3,74.7,53.2,2026-06-15 21:40:00,2968885
75.3,46.4,73.6,53.3,2026-06-15 22:00:00,2968885
74.3,47.5,73.0,53.1,2026-06-15 22:20:00,2968885
73.8,49.8,72.7,53.9,2026-06-15 22:40:00,2968885
72.9,50.8,72.0,53.7,2026-06-15 23:00:00,2968885
72.3,53.4,71.6,54.4,2026-06-15 23:20:00,2968885
71.3,55.0,70.9,54.3,2026-06-15 23:40:00,2968885
71.0,55.7,70.5,54.3,2026-06-16 00:00:00,2968885
70.1,57.3,69.4,54.3,2026-06-16 00:20:00,2968885
69.7,59.3,69.1,54.9,2026-06-16 00:40:00,2968885
69.5,59.2,68.9,54.7,2026-06-16 01:00:00,2968885
70.2,57.9,69.8,54.6,2026-06-16 01:20:00,2968885
71.0,53.5,70.3,53.3,2026-06-16 01:40:00,2968885
71.2,52.2,70.3,52.8,2026-06-16 02:00:00,2968885
70.6,52.6,70.0,52.4,2026-06-16 02:20:00,2968885
70.1,53.5,69.3,52.5,2026-06-16 02:40:00,2968885
70.1,54.3,69.3,52.8,2026-06-16 03:00:00,2968885
70.2,53.8,69.4,52.6,2026-06-16 03:20:00,2968885
69.8,54.5,68.7,52.6,2026-06-16 03:40:00,2968885
69.4,54.9,68.2,52.5,2026-06-16 04:00:00,2968885
68.9,55.6,67.8,52.4,2026-06-16 04:20:00,2968885
68.5,55.8,67.1,52.1,2026-06-16 04:40:00,2968885
68.4,56.5,67.1,52.3,2026-06-16 05:00:00,2968885
68.3,57.3,66.9,52.7,2026-06-16 05:20:00,2968885
68.3,57.0,66.9,52.4,2026-06-16 05:40:00,2968885
68.3,56.9,66.9,52.4,2026-06-16 06:00:00,2968885
68.1,57.8,66.7,52.7,2026-06-16 06:20:00,2968885
68.3,59.0,67.1,53.5,2026-06-16 06:40:00,2968885
68.3,59.4,67.1,53.7,2026-06-16 07:00:00,2968885
68.5,60.0,67.5,54.1,2026-06-16 07:20:00,2968885
69.0,60.5,68.2,54.8,2026-06-16 07:40:00,2968885
69.8,59.8,69.3,55.2,2026-06-16 08:00:00,2968885
70.5,59.1,70.2,55.5,2026-06-16 08:20:00,2968885
71.1,58.6,70.9,55.8,2026-06-16 08:40:00,2968885
72.2,56.4,71.8,55.9,2026-06-16 09:00:00,2968885
72.9,54.4,72.3,55.5,2026-06-16 09:20:00,2968885
73.0,54.7,72.3,55.7,2026-06-16 09:40:00,2968885
75.0,51.2,73.8,55.7,2026-06-16 10:00:00,2968885
75.1,50.8,73.9,55.7,2026-06-16 10:20:00,2968885
76.4,49.8,75.0,56.3,2026-06-16 10:40:00,2968885
76.6,48.4,75.0,55.7,2026-06-16 11:00:00,2968885
77.9,47.1,76.8,56.1,2026-06-16 11:20:00,2968885
77.2,46.9,75.9,55.4,2026-06-16 11:40:00,2968885
79.9,44.7,78.4,56.4,2026-06-16 12:00:00,2968885
79.8,44.9,78.4,56.5,2026-06-16 12:20:00,2968885
79.5,44.5,78.1,56.0,2026-06-16 12:40:00,2968885
80.7,42.7,79.3,55.9,2026-06-16 13:00:00,2968885
82.3,40.6,81.0,56.0,2026-06-16 13:20:00,2968885
84.2,39.3,83.5,56.8,2026-06-16 13:40:00,2968885
86.9,36.4,86.2,57.0,2026-06-16 14:00:00,2968885
86.0,37.4,85.5,57.0,2026-06-16 14:20:00,2968885
84.6,38.2,83.8,56.3,2026-06-16 14:40:00,2968885
86.5,37.8,86.2,57.7,2026-06-16 15:00:00,2968885
86.0,38.4,85.6,57.7,2026-06-16 15:20:00,2968885
85.6,39.8,85.3,58.4,2026-06-16 15:40:00,2968885
85.3,39.1,84.9,57.6,2026-06-16 16:00:00,2968885
85.2,41.3,85.3,59.1,2026-06-16 16:20:00,2968885
85.7,41.7,86.2,59.8,2026-06-16 16:40:00,2968885
85.2,40.9,85.1,58.8,2026-06-16 17:00:00,2968885
84.5,42.3,84.6,59.1,2026-06-16 17:20:00,2968885
84.0,43.3,84.2,59.3,2026-06-16 17:40:00,2968885
82.9,45.0,82.4,59.3,2026-06-16 18:00:00,2968885
82.4,47.1,82.2,60.2,2026-06-16 18:20:00,2968885
82.0,48.3,81.9,60.5,2026-06-16 18:40:00,2968885
81.6,48.1,81.3,60.1,2026-06-16 19:00:00,2968885
81.3,48.0,81.0,59.7,2026-06-16 19:20:00,2968885
81.3,48.8,81.1,60.2,2026-06-16 19:40:00,2968885
80.9,48.9,80.6,59.9,2026-06-16 20:00:00,2968885
80.2,50.4,80.1,60.0,2026-06-16 20:20:00,2968885
79.4,52.4,79.3,60.4,2026-06-16 20:40:00,2968885
78.3,53.3,77.9,59.9,2026-06-16 21:00:00,2968885
77.3,54.7,76.6,59.7,2026-06-16 21:20:00,2968885
76.6,56.2,76.1,59.9,2026-06-16 21:40:00,2968885
76.5,56.4,75.9,59.8,2026-06-16 22:00:00,2968885
76.3,56.6,75.7,59.7,2026-06-16 22:20:00,2968885
75.8,57.9,75.4,59.9,2026-06-16 22:40:00,2968885
75.1,59.2,74.8,60.0,2026-06-16 23:00:00,2968885
74.5,60.6,74.5,60.0,2026-06-16 23:20:00,2968885
74.4,61.4,74.3,60.3,2026-06-16 23:40:00,2968885
74.3,62.3,74.3,60.5,2026-06-17 00:00:00,2968885
74.3,62.8,74.3,60.8,2026-06-17 00:20:00,2968885
74.0,64.2,74.3,61.2,2026-06-17 00:40:00,2968885
73.8,65.3,74.1,61.5,2026-06-17 01:00:00,2968885
73.6,66.4,74.1,61.7,2026-06-17 01:20:00,2968885
73.1,67.8,73.6,61.9,2026-06-17 01:40:00,2968885
72.5,70.0,73.2,62.2,2026-06-17 02:00:00,2968885
72.0,71.4,72.7,62.3,2026-06-17 02:20:00,2968885
71.8,73.0,72.7,62.7,2026-06-17 02:40:00,2968885
71.8,73.9,72.7,63.0,2026-06-17 03:00:00,2968885
71.7,75.0,72.7,63.3,2026-06-17 03:20:00,2968885
71.4,76.1,72.3,63.4,2026-06-17 03:40:00,2968885
71.2,77.1,72.1,63.6,2026-06-17 04:00:00,2968885
71.0,78.2,72.0,63.9,2026-06-17 04:20:00,2968885
70.8,80.1,72.0,64.3,2026-06-17 04:40:00,2968885
70.3,80.5,71.2,64.0,2026-06-17 05:00:00,2968885
70.2,81.1,71.2,64.2,2026-06-17 05:20:00,2968885
69.6,81.9,70.5,63.9,2026-06-17 05:40:00,2968885
69.4,83.6,70.3,64.2,2026-06-17 06:00:00,2968885
69.6,83.2,70.5,64.3,2026-06-17 06:20:00,2968885
69.7,83.4,70.7,64.4,2026-06-17 06:40:00,2968885
70.1,82.8,71.2,64.6,2026-06-17 07:00:00,2968885
72.1,80.2,73.4,65.7,2026-06-17 07:20:00,2968885
73.3,76.6,74.7,65.4,2026-06-17 07:40:00,2968885
73.9,74.2,75.0,65.1,2026-06-17 08:00:00,2968885
76.1,70.2,77.0,65.7,2026-06-17 08:20:00,2968885
76.3,69.5,77.2,65.6,2026-06-17 08:40:00,2968885
78.3,64.6,79.7,65.4,2026-06-17 09:00:00,2968885
78.9,61.7,80.1,64.7,2026-06-17 09:20:00,2968885
79.8,56.3,80.4,62.8,2026-06-17 09:40:00,2968885
82.5,53.1,83.7,63.7,2026-06-17 10:00:00,2968885
84.7,48.3,86.2,63.0,2026-06-17 10:20:00,2968885
85.8,45.3,87.1,62.2,2026-06-17 10:40:00,2968885
83.6,44.7,83.5,59.8,2026-06-17 11:00:00,2968885
88.1,41.4,89.6,61.7,2026-06-17 11:20:00,2968885
87.0,40.5,87.8,60.1,2026-06-17 11:40:00,2968885
90.0,39.0,92.3,61.7,2026-06-17 12:00:00,2968885
88.2,33.4,87.3,55.8,2026-06-17 12:20:00,2968885
89.5,33.7,89.4,57.2,2026-06-17 12:40:00,2968885
91.6,31.8,92.1,57.4,2026-06-17 13:00:00,2968885
91.1,30.3,90.5,55.6,2026-06-17 13:20:00,2968885
91.0,29.4,90.0,54.8,2026-06-17 13:40:00,2968885
93.0,31.6,93.7,58.4,2026-06-17 14:00:00,2968885
94.6,30.5,95.7,58.8,2026-06-17 14:20:00,2968885
91.7,31.8,92.1,57.5,2026-06-17 14:40:00,2968885
93.4,31.1,94.3,58.3,2026-06-17 15:00:00,2968885
93.9,31.4,95.2,59.1,2026-06-17 15:20:00,2968885
91.4,34.3,92.5,59.3,2026-06-17 15:40:00,2968885
92.5,33.1,93.6,59.3,2026-06-17 16:00:00,2968885
90.7,32.0,90.7,56.8,2026-06-17 16:20:00,2968885
92.3,33.3,93.6,59.3,2026-06-17 16:40:00,2968885
91.5,34.3,92.7,59.4,2026-06-17 17:00:00,2968885
91.9,33.0,92.8,58.6,2026-06-17 17:20:00,2968885
93.1,32.7,94.5,59.5,2026-06-17 17:40:00,2968885
91.5,32.2,91.9,57.7,2026-06-17 18:00:00,2968885
92.1,32.2,92.7,58.2,2026-06-17 18:20:00,2968885
91.3,34.2,92.5,59.2,2026-06-17 18:40:00,2968885
90.4,37.4,92.1,60.9,2026-06-17 19:00:00,2968885
88.8,40.4,90.7,61.7,2026-06-17 19:20:00,2968885
88.7,41.9,90.7,62.5,2026-06-17 19:40:00,2968885
88.0,43.2,90.1,62.9,2026-06-17 20:00:00,2968885
86.7,45.4,88.5,63.1,2026-06-17 20:20:00,2968885
85.7,47.3,87.6,63.3,2026-06-17 20:40:00,2968885
85.3,50.2,88.2,64.7,2026-06-17 21:00:00,2968885
84.5,52.7,87.3,65.3,2026-06-17 21:20:00,2968885
84.0,55.4,87.3,66.3,2026-06-17 21:40:00,2968885
83.4,57.4,86.4,66.8,2026-06-17 22:00:00,2968885
82.9,59.6,86.0,67.4,2026-06-17 22:20:00,2968885
82.5,61.6,85.8,68.0,2026-06-17 22:40:00,2968885
81.8,63.8,85.1,68.3,2026-06-17 23:00:00,2968885
81.2,65.5,84.7,68.6,2026-06-17 23:20:00,2968885
80.8,67.0,84.4,68.8,2026-06-17 23:40:00,2968885
80.3,67.0,83.5,68.3,2026-06-18 00:00:00,2968885
79.8,67.2,82.6,67.9,2026-06-18 00:20:00,2968885
79.7,66.3,82.4,67.5,2026-06-18 00:40:00,2968885
79.5,65.3,81.7,66.8,2026-06-18 01:00:00,2968885
79.0,65.6,81.1,66.5,2026-06-18 01:20:00,2968885
78.8,66.2,81.0,66.5,2026-06-18 01:40:00,2968885
78.0,67.4,79.5,66.3,2026-06-18 02:00:00,2968885
77.7,68.5,79.2,66.5,2026-06-18 02:20:00,2968885
77.6,69.4,79.3,66.8,2026-06-18 02:40:00,2968885
77.0,70.6,78.6,66.8,2026-06-18 03:00:00,2968885
76.6,72.1,77.9,66.9,2026-06-18 03:20:00,2968885
76.6,73.7,78.1,67.6,2026-06-18 03:40:00,2968885
77.0,76.3,78.8,68.9,2026-06-18 04:00:00,2968885
77.2,77.9,79.9,69.7,2026-06-18 04:20:00,2968885
77.0,79.2,79.7,70.1,2026-06-18 04:40:00,2968885
76.9,80.2,79.5,70.3,2026-06-18 05:00:00,2968885
76.5,81.2,79.0,70.3,2026-06-18 05:20:00,2968885
76.3,82.1,78.8,70.5,2026-06-18 05:40:00,2968885
76.1,83.1,78.4,70.5,2026-06-18 06:00:00,2968885
76.0,83.5,78.6,70.6,2026-06-18 06:20:00,2968885
76.3,83.6,79.0,71.0,2026-06-18 06:40:00,2968885
77.0,82.7,80.2,71.3,2026-06-18 07:00:00,2968885
77.7,81.0,81.5,71.4,2026-06-18 07:20:00,2968885
78.8,79.3,83.5,71.8,2026-06-18 07:40:00,2968885
79.3,77.5,83.7,71.7,2026-06-18 08:00:00,2968885
80.5,75.6,85.6,72.1,2026-06-18 08:20:00,2968885
82.7,69.7,88.3,71.8,2026-06-18 08:40:00,2968885
82.3,71.0,88.0,72.0,2026-06-18 09:00:00,2968885
83.9,66.4,90.3,71.5,2026-06-18 09:20:00,2968885
85.4,65.0,93.0,72.2,2026-06-18 09:40:00,2968885
86.4,65.0,95.5,73.2,2026-06-18 10:00:00,2968885
85.2,64.1,92.3,71.7,2026-06-18 10:20:00,2968885
87.0,60.8,94.8,71.8,2026-06-18 10:40:00,2968885
89.5,59.2,100.0,73.3,2026-06-18 11:00:00,2968885
90.6,53.6,99.9,71.5,2026-06-18 11:20:00,2968885
92.5,51.6,103.3,72.1,2026-06-18 11:40:00,2968885
91.3,51.5,100.4,70.9,2026-06-18 12:00:00,2968885
91.3,51.3,100.2,70.8,2026-06-18 12:20:00,2968885
93.4,47.7,102.7,70.6,2026-06-18 12:40:00,2968885
94.8,46.9,105.1,71.3,2026-06-18 13:00:00,2968885
95.2,43.9,104.0,69.7,2026-06-18 13:20:00,2968885
97.4,43.5,108.9,71.4,2026-06-18 13:40:00,2968885
97.5,42.6,108.9,71.0,2026-06-18 14:00:00,2968885
96.9,43.6,107.8,71.1,2026-06-18 14:20:00,2968885
97.7,43.2,109.6,71.6,2026-06-18 14:40:00,2968885
100.5,39.0,112.5,71.1,2026-06-18 15:00:00,2968885
99.3,40.1,110.3,70.8,2026-06-18 15:20:00,2968885
99.1,40.7,110.5,71.0,2026-06-18 15:40:00,2968885
81.9,60.0,84.4,66.6,2026-06-18 16:00:00,2968885
76.9,73.2,78.4,67.7,2026-06-18 16:20:00,2968885
76.5,86.6,79.7,72.2,2026-06-18 16:40:00,2968885
79.5,87.0,86.2,75.3,2026-06-18 17:00:00,2968885
80.7,83.5,88.0,75.2,2026-06-18 17:20:00,2968885
82.1,76.5,89.1,73.9,2026-06-18 17:40:00,2968885
83.3,73.2,91.2,73.8,2026-06-18 18:00:00,2968885
84.1,73.2,93.0,74.6,2026-06-18 18:20:00,2968885
84.2,71.2,92.7,73.9,2026-06-18 18:40:00,2968885
84.4,71.6,93.2,74.2,2026-06-18 19:00:00,2968885
85.0,72.7,95.0,75.2,2026-06-18 19:20:00,2968885
84.5,73.9,94.1,75.2,2026-06-18 19:40:00,2968885
84.0,71.5,91.9,73.8,2026-06-18 20:00:00,2968885
83.5,73.3,91.6,74.0,2026-06-18 20:20:00,2968885
82.5,74.9,89.2,73.8,2026-06-18 20:40:00,2968885
82.4,75.4,89.4,73.8,2026-06-18 21:00:00,2968885
80.3,82.3,86.9,74.4,2026-06-18 21:20:00,2968885
79.2,85.6,85.3,74.5,2026-06-18 21:40:00,2968885
78.2,86.7,83.1,73.9,2026-06-18 22:00:00,2968885
77.1,87.8,81.0,73.2,2026-06-18 22:20:00,2968885
76.6,87.7,79.9,72.6,2026-06-18 22:40:00,2968885
76.8,86.3,80.1,72.4,2026-06-18 23:00:00,2968885
75.8,87.0,78.6,71.6,2026-06-18 23:20:00,2968885
75.4,88.2,78.4,71.7,2026-06-18 23:40:00,2968885
75.1,88.7,78.1,71.6,2026-06-19 00:00:00,2968885
75.3,88.5,78.1,71.7,2026-06-19 00:20:00,2968885
75.5,88.0,78.4,71.7,2026-06-19 00:40:00,2968885
75.5,88.7,78.4,71.9,2026-06-19 01:00:00,2968885
75.5,86.9,78.3,71.3,2026-06-19 01:20:00,2968885
75.4,86.3,78.3,71.1,2026-06-19 01:40:00,2968885
75.7,84.2,78.1,70.6,2026-06-19 02:00:00,2968885
75.7,84.3,78.1,70.6,2026-06-19 02:20:00,2968885
75.7,84.6,78.1,70.7,2026-06-19 02:40:00,2968885
75.7,84.9,78.3,70.8,2026-06-19 03:00:00,2968885
75.3,86.1,77.9,70.9,2026-06-19 03:20:00,2968885
75.2,87.4,77.9,71.2,2026-06-19 03:40:00,2968885
74.4,88.5,77.0,70.8,2026-06-19 04:00:00,2968885
73.3,90.3,75.7,70.3,2026-06-19 04:20:00,2968885
72.3,91.7,74.5,69.7,2026-06-19 04:40:00,2968885
72.0,93.0,74.1,69.9,2026-06-19 05:00:00,2968885
72.0,93.7,74.1,70.1,2026-06-19 05:20:00,2968885
71.4,94.1,73.4,69.6,2026-06-19 05:40:00,2968885
71.3,94.7,73.4,69.6,2026-06-19 06:00:00,2968885
71.1,95.3,73.0,69.7,2026-06-19 06:20:00,2968885
71.3,95.7,73.4,70.0,2026-06-19 06:40:00,2968885
71.5,96.0,73.6,70.3,2026-06-19 07:00:00,2968885
71.5,96.1,73.6,70.3,2026-06-19 07:20:00,2968885
71.6,96.3,73.9,70.5,2026-06-19 07:40:00,2968885
71.5,96.5,73.6,70.5,2026-06-19 08:00:00,2968885
71.8,96.6,74.1,70.8,2026-06-19 08:20:00,2968885
72.2,96.7,74.7,71.2,2026-06-19 08:40:00,2968885
72.3,96.5,74.7,71.2,2026-06-19 09:00:00,2968885
72.8,96.2,75.4,71.7,2026-06-19 09:20:00,2968885
73.3,96.3,76.3,72.1,2026-06-19 09:40:00,2968885
73.0,95.7,75.7,71.7,2026-06-19 10:00:00,2968885
75.3,94.0,79.0,73.4,2026-06-19 10:20:00,2968885
75.6,91.0,79.0,72.8,2026-06-19 10:40:00,2968885
76.6,88.8,80.1,73.1,2026-06-19 11:00:00,2968885
76.4,88.4,79.5,72.7,2026-06-19 11:20:00,2968885
77.0,84.7,80.6,72.0,2026-06-19 11:40:00,2968885
78.3,79.4,82.4,71.4,2026-06-19 12:00:00,2968885
80.0,79.9,85.6,73.2,2026-06-19 12:20:00,2968885
80.6,75.6,86.0,72.2,2026-06-19 12:40:00,2968885
82.6,75.3,90.0,74.0,2026-06-19 13:00:00,2968885
83.3,67.3,89.2,71.3,2026-06-19 13:20:00,2968885
83.2,64.5,88.2,70.0,2026-06-19 13:40:00,2968885
84.8,64.6,91.8,71.6,2026-06-19 14:00:00,2968885
84.7,60.9,90.0,69.7,2026-06-19 14:20:00,2968885
86.1,56.0,91.4,68.5,2026-06-19 14:40:00,2968885
86.1,57.6,91.8,69.4,2026-06-19 15:00:00,2968885
88.2,48.1,92.3,66.1,2026-06-19 15:20:00,2968885
88.1,45.7,91.0,64.5,2026-06-19 15:40:00,2968885
88.8,45.7,92.3,65.1,2026-06-19 16:00:00,2968885
88.4,45.6,91.6,64.7,2026-06-19 16:20:00,2968885
85.9,44.1,87.1,61.5,2026-06-19 16:40:00,2968885
85.9,45.4,87.4,62.3,2026-06-19 17:00:00,2968885
87.0,46.5,89.6,64.0,2026-06-19 17:20:00,2968885
86.1,45.7,87.8,62.8,2026-06-19 17:40:00,2968885
85.5,46.0,87.1,62.3,2026-06-19 18:00:00,2968885
85.4,44.1,86.4,61.1,2026-06-19 18:20:00,2968885
85.6,43.8,86.4,61.1,2026-06-19 18:40:00,2968885
85.7,44.1,86.9,61.4,2026-06-19 19:00:00,2968885
85.6,44.8,86.7,61.7,2026-06-19 19:20:00,2968885
85.8,44.1,86.9,61.4,2026-06-19 19:40:00,2968885
84.2,46.2,85.1,61.3,2026-06-19 20:00:00,2968885
82.3,49.2,82.8,61.4,2026-06-19 20:20:00,2968885
80.5,54.7,81.1,62.7,2026-06-19 20:40:00,2968885
78.6,57.4,78.8,62.3,2026-06-19 21:00:00,2968885
77.2,59.7,77.0,62.1,2026-06-19 21:20:00,2968885
75.8,60.8,75.7,61.4,2026-06-19 21:40:00,2968885
74.9,63.2,75.2,61.5,2026-06-19 22:00:00,2968885
74.7,60.1,74.7,59.9,2026-06-19 22:20:00,2968885
73.9,59.1,73.6,58.7,2026-06-19 22:40:00,2968885
72.9,61.9,73.0,59.1,2026-06-19 23:00:00,2968885
72.1,63.0,72.3,58.8,2026-06-19 23:20:00,2968885
71.5,64.7,71.8,59.0,2026-06-19 23:40:00,2968885
70.6,65.5,70.7,58.4,2026-06-20 00:00:00,2968885
69.9,66.1,70.0,58.0,2026-06-20 00:20:00,2968885
70.3,63.3,70.2,57.2,2026-06-20 00:40:00,2968885
71.2,59.5,70.9,56.3,2026-06-20 01:00:00,2968885
70.2,62.0,70.0,56.6,2026-06-20 01:20:00,2968885
68.6,65.7,68.0,56.7,2026-06-20 01:40:00,2968885
67.4,68.2,66.6,56.6,2026-06-20 02:00:00,2968885
66.4,70.5,65.5,56.5,2026-06-20 02:20:00,2968885
65.4,72.1,64.2,56.2,2026-06-20 02:40:00,2968885
64.7,74.0,63.7,56.2,2026-06-20 03:00:00,2968885
64.1,77.1,63.5,56.8,2026-06-20 03:20:00,2968885
63.2,79.1,62.8,56.6,2026-06-20 03:40:00,2968885
63.0,80.6,62.6,56.9,2026-06-20 04:00:00,2968885
62.4,81.7,62.2,56.8,2026-06-20 04:20:00,2968885
62.0,83.0,61.9,56.7,2026-06-20 04:40:00,2968885
61.8,84.3,61.7,57.0,2026-06-20 05:00:00,2968885
61.4,85.4,61.3,57.0,2026-06-20 05:20:00,2968885
61.1,85.1,61.0,56.5,2026-06-20 05:40:00,2968885
60.8,86.2,60.6,56.6,2026-06-20 06:00:00,2968885
61.2,86.1,61.2,57.1,2026-06-20 06:20:00,2968885
61.6,85.9,61.5,57.4,2026-06-20 06:40:00,2968885
62.9,85.0,62.8,58.3,2026-06-20 07:00:00,2968885
64.3,83.4,64.2,59.2,2026-06-20 07:20:00,2968885
68.0,77.3,68.2,60.6,2026-06-20 07:40:00,2968885
73.1,69.0,73.6,62.3,2026-06-20 08:00:00,2968885
77.2,56.9,77.0,60.8,2026-06-20 08:20:00,2968885
78.4,50.8,77.7,58.7,2026-06-20 08:40:00,2968885
80.7,48.4,80.4,59.4,2026-06-20 09:00:00,2968885
81.7,44.8,81.0,58.2,2026-06-20 09:20:00,2968885
80.2,43.1,78.8,55.8,2026-06-20 09:40:00,2968885
82.8,40.0,81.7,56.1,2026-06-20 10:00:00,2968885
84.4,38.2,83.5,56.2,2026-06-20 10:20:00,2968885
82.7,36.6,80.6,53.5,2026-06-20 10:40:00,2968885
84.2,35.5,82.6,54.0,2026-06-20 11:00:00,2968885
84.1,31.8,81.5,50.9,2026-06-20 11:20:00,2968885
88.4,30.7,86.7,53.6,2026-06-20 11:40:00,2968885
85.6,30.9,83.1,51.4,2026-06-20 12:00:00,2968885
85.7,30.1,83.3,50.8,2026-06-20 12:20:00,2968885
84.7,30.7,82.0,50.5,2026-06-20 12:40:00,2968885
87.3,31.2,85.5,53.2,2026-06-20 13:00:00,2968885
87.1,30.8,85.1,52.6,2026-06-20 13:20:00,2968885
88.0,33.4,87.1,55.7,2026-06-20 13:40:00,2968885
88.0,31.8,86.5,54.3,2026-06-20 14:00:00,2968885
88.2,32.2,86.9,54.8,2026-06-20 14:20:00,2968885
88.0,30.9,86.4,53.5,2026-06-20 14:40:00,2968885
89.8,30.2,88.7,54.4,2026-06-20 15:00:00,2968885
87.9,29.9,85.6,52.5,2026-06-20 15:20:00,2968885
87.8,30.5,85.8,53.0,2026-06-20 15:40:00,2968885
90.8,32.3,90.7,57.1,2026-06-20 16:00:00,2968885
90.7,29.2,89.8,54.3,2026-06-20 16:20:00,2968885
88.8,30.8,87.3,54.1,2026-06-20 16:40:00,2968885
88.3,33.1,87.3,55.7,2026-06-20 17:00:00,2968885
87.8,33.0,86.7,55.1,2026-06-20 17:20:00,2968885
87.2,33.2,85.8,54.8,2026-06-20 17:40:00,2968885
87.1,33.7,86.0,55.1,2026-06-20 18:00:00,2968885
87.2,34.1,86.2,55.5,2026-06-20 18:20:00,2968885
86.1,35.9,85.1,56.0,2026-06-20 18:40:00,2968885
85.8,37.2,85.3,56.8,2026-06-20 19:00:00,2968885
85.3,38.1,84.7,56.9,2026-06-20 19:20:00,2968885
86.4,37.9,86.2,57.7,2026-06-20 19:40:00,2968885
87.7,36.3,87.4,57.6,2026-06-20 20:00:00,2968885
83.9,41.6,83.5,58.1,2026-06-20 20:20:00,2968885
81.1,43.8,79.9,57.1,2026-06-20 20:40:00,2968885
79.5,47.4,78.6,57.7,2026-06-20 21:00:00,2968885
78.5,49.8,77.7,58.2,2026-06-20 21:20:00,2968885
77.6,51.5,76.8,58.3,2026-06-20 21:40:00,2968885
76.7,53.5,75.9,58.6,2026-06-20 22:00:00,2968885
76.1,56.2,75.4,59.3,2026-06-20 22:20:00,2968885
75.5,58.0,75.0,59.7,2026-06-20 22:40:00,2968885
75.0,59.1,74.7,59.7,2026-06-20 23:00:00,2968885
74.2,60.2,74.1,59.5,2026-06-20 23:20:00,2968885
73.6,62.8,73.8,60.1,2026-06-20 23:40:00,2968885
73.1,63.5,73.4,60.0,2026-06-21 00:00:00,2968885
73.1,63.4,73.4,59.9,2026-06-21 00:20:00,2968885
72.8,63.4,73.0,59.7,2026-06-21 00:40:00,2968885
72.6,63.5,72.9,59.5,2026-06-21 01:00:00,2968885
72.1,63.6,72.5,59.1,2026-06-21 01:20:00,2968885
71.6,65.2,71.8,59.3,2026-06-21 01:40:00,2968885
71.2,66.0,71.6,59.2,2026-06-21 02:00:00,2968885
71.1,66.7,71.6,59.4,2026-06-21 02:20:00,2968885
70.6,67.3,70.9,59.3,2026-06-21 02:40:00,2968885
70.3,68.7,70.3,59.5,2026-06-21 03:00:00,2968885
70.1,69.4,70.3,59.6,2026-06-21 03:20:00,2968885
69.8,71.0,70.2,60.0,2026-06-21 03:40:00,2968885
70.2,71.8,70.7,60.7,2026-06-21 04:00:00,2968885
70.2,72.5,70.7,60.9,2026-06-21 04:20:00,2968885
69.4,73.8,69.6,60.7,2026-06-21 04:40:00,2968885
68.6,74.6,68.7,60.2,2026-06-21 05:00:00,2968885
68.3,75.7,68.4,60.3,2026-06-21 05:20:00,2968885
67.6,77.4,67.5,60.3,2026-06-21 05:40:00,2968885
67.3,78.8,67.5,60.5,2026-06-21 06:00:00,2968885
66.8,79.9,66.7,60.4,2026-06-21 06:20:00,2968885
66.9,80.4,67.1,60.7,2026-06-21 06:40:00,2968885
67.4,80.7,67.6,61.3,2026-06-21 07:00:00,2968885
69.7,79.3,70.5,63.0,2026-06-21 07:20:00,2968885
72.7,75.9,73.9,64.7,2026-06-21 07:40:00,2968885
75.2,71.2,76.3,65.2,2026-06-21 08:00:00,2968885
79.5,65.0,81.7,66.7,2026-06-21 08:20:00,2968885
79.4,60.5,80.8,64.5,2026-06-21 08:40:00,2968885
82.0,55.5,83.5,64.5,2026-06-21 09:00:00,2968885
85.4,52.7,88.9,66.2,2026-06-21 09:20:00,2968885
87.2,49.0,90.7,65.7,2026-06-21 09:40:00,2968885
85.8,46.1,87.6,62.7,2026-06-21 10:00:00,2968885
90.4,43.1,94.5,64.9,2026-06-21 10:20:00,2968885
91.4,38.8,94.3,62.8,2026-06-21 10:40:00,2968885
91.2,40.5,94.8,63.8,2026-06-21 11:00:00,2968885
93.2,36.4,96.6,62.6,2026-06-21 11:20:00,2968885
92.1,35.9,94.3,61.2,2026-06-21 11:40:00,2968885
92.4,35.4,94.8,61.2,2026-06-21 12:00:00,2968885
94.2,33.5,96.6,61.1,2026-06-21 12:20:00,2968885
92.4,32.2,93.2,58.4,2026-06-21 12:40:00,2968885
94.1,35.7,97.7,62.9,2026-06-21 13:00:00,2968885
93.0,34.0,95.2,60.5,2026-06-21 13:20:00,2968885
93.0,35.6,95.5,61.8,2026-06-21 13:40:00,2968885
94.4,33.0,96.8,60.9,2026-06-21 14:00:00,2968885
96.5,32.9,100.4,62.6,2026-06-21 14:20:00,2968885
97.2,33.5,102.0,63.8,2026-06-21 14:40:00,2968885
98.2,31.3,102.0,62.6,2026-06-21 15:00:00,2968885
94.4,32.7,96.6,60.6,2026-06-21 15:20:00,2968885
93.8,35.8,97.3,62.6,2026-06-21 15:40:00,2968885
92.8,35.6,95.4,61.6,2026-06-21 16:00:00,2968885
91.5,36.3,93.6,61.0,2026-06-21 16:20:00,2968885
91.9,35.3,93.7,60.6,2026-06-21 16:40:00,2968885
91.3,37.2,93.6,61.5,2026-06-21 17:00:00,2968885
91.1,37.1,93.4,61.3,2026-06-21 17:20:00,2968885
91.1,38.5,93.9,62.4,2026-06-21 17:40:00,2968885
90.7,38.9,93.4,62.3,2026-06-21 18:00:00,2968885
90.6,40.9,93.9,63.6,2026-06-21 18:20:00,2968885
90.4,40.1,93.4,62.8,2026-06-21 18:40:00,2968885
89.6,42.4,92.5,63.7,2026-06-21 19:00:00,2968885
88.5,43.0,91.0,63.2,2026-06-21 19:20:00,2968885
87.7,45.5,90.3,64.0,2026-06-21 19:40:00,2968885
87.9,44.9,90.3,63.8,2026-06-21 20:00:00,2968885
87.2,46.4,89.8,64.1,2026-06-21 20:20:00,2968885
86.4,47.9,89.2,64.3,2026-06-21 20:40:00,2968885
86.1,47.0,88.3,63.5,2026-06-21 21:00:00,2968885
85.3,47.9,87.1,63.3,2026-06-21 21:20:00,2968885
84.2,49.1,85.8,63.0,2026-06-21 21:40:00,2968885
83.6,50.2,85.1,63.1,2026-06-21 22:00:00,2968885
82.8,52.6,84.4,63.7,2026-06-21 22:20:00,2968885
81.7,55.0,83.1,64.0,2026-06-21 22:40:00,2968885
80.5,57.0,81.7,63.9,2026-06-21 23:00:00,2968885
79.4,60.0,80.6,64.3,2026-06-21 23:20:00,2968885
79.9,60.1,81.5,64.8,2026-06-21 23:40:00,2968885
79.4,62.2,81.1,65.4,2026-06-22 00:00:00,2968885
79.2,64.3,81.1,66.1,2026-06-22 00:20:00,2968885
78.6,67.2,80.8,66.8,2026-06-22 00:40:00,2968885
78.5,68.5,80.6,67.3,2026-06-22 01:00:00,2968885
78.1,69.7,80.2,67.4,2026-06-22 01:20:00,2968885
77.3,72.1,79.2,67.6,2026-06-22 01:40:00,2968885
77.0,74.7,78.6,68.3,2026-06-22 02:00:00,2968885
76.5,75.8,78.3,68.3,2026-06-22 02:20:00,2968885
76.1,77.8,77.7,68.6,2026-06-22 02:40:00,2968885
75.8,79.3,77.9,68.9,2026-06-22 03:00:00,2968885
75.2,80.8,77.2,68.9,2026-06-22 03:20:00,2968885
75.1,82.4,77.4,69.3,2026-06-22 03:40:00,2968885
74.5,83.6,76.8,69.2,2026-06-22 04:00:00,2968885
74.0,84.6,76.3,69.0,2026-06-22 04:20:00,2968885
73.7,86.0,75.7,69.2,2026-06-22 04:40:00,2968885
73.5,87.3,75.7,69.5,2026-06-22 05:00:00,2968885
73.1,88.0,75.4,69.3,2026-06-22 05:20:00,2968885
72.7,89.4,74.8,69.4,2026-06-22 05:40:00,2968885
72.5,89.9,74.7,69.3,2026-06-22 06:00:00,2968885
72.4,90.5,74.7,69.5,2026-06-22 06:20:00,2968885
72.6,90.9,74.8,69.8,2026-06-22 06:40:00,2968885
73.5,90.3,76.1,70.5,2026-06-22 07:00:00,2968885
75.4,89.0,78.4,72.0,2026-06-22 07:20:00,2968885
77.0,85.5,80.6,72.4,2026-06-22 07:40:00,2968885
80.0,81.6,86.0,73.8,2026-06-22 08:00:00,2968885
82.1,77.3,89.2,74.3,2026-06-22 08:20:00,2968885
84.3,72.8,93.2,74.7,2026-06-22 08:40:00,2968885
84.8,70.2,93.6,74.0,2026-06-22 09:00:00,2968885
86.6,69.3,97.7,75.3,2026-06-22 09:20:00,2968885
87.5,66.3,98.4,74.9,2026-06-22 09:40:00,2968885
88.3,64.8,99.3,74.9,2026-06-22 10:00:00,2968885
88.5,63.3,99.1,74.4,2026-06-22 10:20:00,2968885
89.9,61.5,102.2,74.9,2026-06-22 10:40:00,2968885
90.0,61.4,102.4,74.9,2026-06-22 11:00:00,2968885
92.7,55.0,105.6,74.1,2026-06-22 11:20:00,2968885
92.7,53.9,105.1,73.5,2026-06-22 11:40:00,2968885
92.6,54.0,104.5,73.5,2026-06-22 12:00:00,2968885
91.6,53.4,102.2,72.2,2026-06-22 12:20:00,2968885
92.0,51.5,102.0,71.6,2026-06-22 12:40:00,2968885
93.4,47.0,102.4,70.2,2026-06-22 13:00:00,2968885
94.1,51.1,106.7,73.3,2026-06-22 13:20:00,2968885
95.3,47.7,107.1,72.3,2026-06-22 13:40:00,2968885
94.4,46.8,104.2,70.9,2026-06-22 14:00:00,2968885
95.8,46.8,107.6,72.1,2026-06-22 14:20:00,2968885
94.7,47.9,106.0,71.9,2026-06-22 14:40:00,2968885
97.4,44.6,109.8,72.3,2026-06-22 15:00:00,2968885
96.5,42.7,106.5,70.1,2026-06-22 15:20:00,2968885
96.5,42.4,106.3,70.0,2026-06-22 15:40:00,2968885
97.2,43.0,108.1,71.0,2026-06-22 16:00:00,2968885
96.6,43.4,106.9,70.7,2026-06-22 16:20:00,2968885
95.6,45.0,106.0,70.9,2026-06-22 16:40:00,2968885
95.5,44.6,105.3,70.5,2026-06-22 17:00:00,2968885
94.9,44.3,103.8,69.8,2026-06-22 17:20:00,2968885
94.6,44.2,102.9,69.5,2026-06-22 17:40:00,2968885
94.7,44.4,103.6,69.7,2026-06-22 18:00:00,2968885
94.3,45.4,102.9,69.9,2026-06-22 18:20:00,2968885
93.6,46.3,102.4,69.9,2026-06-22 18:40:00,2968885
93.1,47.7,102.0,70.3,2026-06-22 19:00:00,2968885
93.0,47.8,101.7,70.3,2026-06-22 19:20:00,2968885
91.9,48.7,100.4,69.9,2026-06-22 19:40:00,2968885
91.0,50.2,99.0,69.8,2026-06-22 20:00:00,2968885
90.4,51.6,98.4,70.2,2026-06-22 20:20:00,2968885
89.7,53.2,97.7,70.4,2026-06-22 20:40:00,2968885
82.8,56.2,85.1,65.6,2026-06-22 21:00:00,2968885
79.2,65.8,81.3,66.7,2026-06-22 21:20:00,2968885
78.8,69.4,81.5,68.0,2026-06-22 21:40:00,2968885
79.3,70.5,82.4,68.9,2026-06-22 22:00:00,2968885
79.2,71.2,82.4,69.1,2026-06-22 22:20:00,2968885
79.2,71.7,82.6,69.3,2026-06-22 22:40:00,2968885
79.0,72.2,82.2,69.3,2026-06-22 23:00:00,2968885
78.9,73.1,82.0,69.6,2026-06-22 23:20:00,2968885
79.3,73.3,82.8,70.0,2026-06-22 23:40:00,2968885
79.5,74.1,83.7,70.6,2026-06-23 00:00:00,2968885
79.4,77.3,84.0,71.7,2026-06-23 00:20:00,2968885
78.3,81.5,82.6,72.2,2026-06-23 00:40:00,2968885
77.2,81.2,80.4,71.0,2026-06-23 01:00:00,2968885
76.6,82.0,79.5,70.7,2026-06-23 01:20:00,2968885
76.3,82.6,78.8,70.6,2026-06-23 01:40:00,2968885
75.8,83.3,78.4,70.4,2026-06-23 02:00:00,2968885
75.7,83.8,78.1,70.4,2026-06-23 02:20:00,2968885
75.3,84.2,77.7,70.2,2026-06-23 02:40:00,2968885
75.1,84.4,77.5,70.1,2026-06-23 03:00:00,2968885
74.7,85.4,77.2,70.0,2026-06-23 03:20:00,2968885
75.0,85.7,77.4,70.4,2026-06-23 03:40:00,2968885
75.2,85.8,77.5,70.6,2026-06-23 04:00:00,2968885
75.3,86.0,77.9,70.8,2026-06-23 04:20:00,2968885
74.9,86.8,77.5,70.7,2026-06-23 04:40:00,2968885
74.8,87.7,77.4,70.9,2026-06-23 05:00:00,2968885
75.0,87.8,77.7,71.1,2026-06-23 05:20:00,2968885
75.5,87.6,78.4,71.6,2026-06-23 05:40:00,2968885
76.1,86.6,79.0,71.8,2026-06-23 06:00:00,2968885
76.1,86.4,79.2,71.7,2026-06-23 06:20:00,2968885
76.4,86.3,79.3,72.0,2026-06-23 06:40:00,2968885
76.8,86.6,80.1,72.5,2026-06-23 07:00:00,2968885
77.6,85.5,81.9,72.9,2026-06-23 07:20:00,2968885
78.9,83.5,84.2,73.4,2026-06-23 07:40:00,2968885
81.0,79.5,87.8,74.1,2026-06-23 08:00:00,2968885
83.1,75.3,90.9,74.5,2026-06-23 08:20:00,2968885
84.2,68.8,91.9,72.8,2026-06-23 08:40:00,2968885
86.1,67.3,95.5,74.0,2026-06-23 09:00:00,2968885
86.3,62.5,93.9,72.0,2026-06-23 09:20:00,2968885
86.6,62.9,95.0,72.5,2026-06-23 09:40:00,2968885
86.3,63.6,94.5,72.5,2026-06-23 10:00:00,2968885
85.6,64.5,93.2,72.2,2026-06-23 10:20:00,2968885
87.0,62.1,95.4,72.5,2026-06-23 10:40:00,2968885
86.6,60.9,94.1,71.5,2026-06-23 11:00:00,2968885
86.8,64.2,95.7,73.2,2026-06-23 11:20:00,2968885
82.0,68.4,86.5,70.6,2026-06-23 11:40:00,2968885
72.5,91.3,74.7,69.8,2026-06-23 12:00:00,2968885
74.4,94.5,77.7,72.8,2026-06-23 12:20:00,2968885
77.4,93.7,82.8,75.4,2026-06-23 12:40:00,2968885
80.1,88.3,88.0,76.3,2026-06-23 13:00:00,2968885
82.0,82.0,90.1,75.9,2026-06-23 13:20:00,2968885
81.2,86.9,90.0,77.0,2026-06-23 13:40:00,2968885
79.0,88.0,85.5,75.1,2026-06-23 14:00:00,2968885
74.2,92.5,77.2,71.9,2026-06-23 14:20:00,2968885
74.7,93.9,78.1,72.8,2026-06-23 14:40:00,2968885
75.6,92.7,79.2,73.3,2026-06-23 15:00:00,2968885
75.7,90.8,79.0,72.8,2026-06-23 15:20:00,2968885
77.6,84.0,81.5,72.4,2026-06-23 15:40:00,2968885
78.2,80.9,82.2,71.9,2026-06-23 16:00:00,2968885
79.4,77.7,84.0,71.8,2026-06-23 16:20:00,2968885
78.8,81.4,83.3,72.6,2026-06-23 16:40:00,2968885
79.8,78.8,85.1,72.6,2026-06-23 17:00:00,2968885
80.6,79.2,86.5,73.5,2026-06-23 17:20:00,2968885
80.2,76.5,85.3,72.1,2026-06-23 17:40:00,2968885
81.3,75.9,87.1,72.9,2026-06-23 18:00:00,2968885
81.3,75.3,86.9,72.7,2026-06-23 18:20:00,2968885
81.4,71.0,86.4,71.1,2026-06-23 18:40:00,2968885
77.5,74.6,79.7,68.7,2026-06-23 19:00:00,2968885
75.3,80.0,77.2,68.7,2026-06-23 19:20:00,2968885
74.3,82.7,76.5,68.7,2026-06-23 19:40:00,2968885
73.5,84.6,75.6,68.6,2026-06-23 20:00:00,2968885
73.1,84.9,75.0,68.3,2026-06-23 20:20:00,2968885
72.3,85.0,74.1,67.6,2026-06-23 20:40:00,2968885
72.1,85.8,73.6,67.6,2026-06-23 21:00:00,2968885
72.2,85.6,73.9,67.6,2026-06-23 21:20:00,2968885
72.1,84.2,73.9,67.1,2026-06-23 21:40:00,2968885
71.9,84.6,73.4,67.0,2026-06-23 22:00:00,2968885
71.2,85.2,72.5,66.5,2026-06-23 22:20:00,2968885
71.2,85.7,72.5,66.7,2026-06-23 22:40:00,2968885
70.8,86.4,72.3,66.6,2026-06-23 23:00:00,2968885
70.8,87.0,72.3,66.7,2026-06-23 23:20:00,2968885
70.1,88.1,71.4,66.4,2026-06-23 23:40:00,2968885
69.5,89.6,70.7,66.3,2026-06-24 00:00:00,2968885
68.9,91.0,70.3,66.2,2026-06-24 00:20:00,2968885
68.6,91.9,69.8,66.1,2026-06-24 00:40:00,2968885
68.3,92.9,69.4,66.1,2026-06-24 01:00:00,2968885
67.8,93.1,69.1,65.8,2026-06-24 01:20:00,2968885
67.6,94.0,68.9,65.8,2026-06-24 01:40:00,2968885
67.5,94.3,68.9,65.8,2026-06-24 02:00:00,2968885
67.2,94.4,68.4,65.5,2026-06-24 02:20:00,2968885
66.9,94.7,68.0,65.3,2026-06-24 02:40:00,2968885
66.7,95.0,67.8,65.2,2026-06-24 03:00:00,2968885
66.8,95.1,68.0,65.4,2026-06-24 03:20:00,2968885
66.7,95.1,67.8,65.3,2026-06-24 03:40:00,2968885
66.3,95.4,67.5,65.0,2026-06-24 04:00:00,2968885
66.6,95.7,67.8,65.3,2026-06-24 04:20:00,2968885
66.7,95.4,67.8,65.3,2026-06-24 04:40:00,2968885
66.3,93.8,67.3,64.4,2026-06-24 05:00:00,2968885
65.7,92.0,66.6,63.3,2026-06-24 05:20:00,2968885
64.3,91.3,64.8,61.7,2026-06-24 05:40:00,2968885
64.0,92.3,64.6,61.7,2026-06-24 06:00:00,2968885
63.4,92.7,64.0,61.2,2026-06-24 06:20:00,2968885
63.4,93.6,64.0,61.5,2026-06-24 06:40:00,2968885
64.1,92.4,64.8,61.8,2026-06-24 07:00:00,2968885
66.5,85.3,66.7,61.9,2026-06-24 07:20:00,2968885
68.5,76.7,68.5,60.9,2026-06-24 07:40:00,2968885
70.6,71.6,71.1,60.9,2026-06-24 08:00:00,2968885
72.1,65.2,72.3,59.8,2026-06-24 08:20:00,2968885
74.9,60.4,74.8,60.2,2026-06-24 08:40:00,2968885
76.3,55.8,75.7,59.4,2026-06-24 09:00:00,2968885
76.5,54.2,75.7,58.7,2026-06-24 09:20:00,2968885
77.4,50.3,76.5,57.5,2026-06-24 09:40:00,2968885
77.1,48.3,75.6,56.0,2026-06-24 10:00:00,2968885
80.2,46.6,79.3,58.0,2026-06-24 10:20:00,2968885
79.8,43.9,78.4,55.9,2026-06-24 10:40:00,2968885
80.3,44.0,79.2,56.4,2026-06-24 11:00:00,2968885
82.5,42.5,81.5,57.4,2026-06-24 11:20:00,2968885
83.1,40.8,82.2,56.9,2026-06-24 11:40:00,2968885
82.8,39.2,81.5,55.5,2026-06-24 12:00:00,2968885
84.8,37.1,83.8,55.7,2026-06-24 12:20:00,2968885
83.2,38.0,81.7,55.0,2026-06-24 12:40:00,2968885
85.1,38.3,84.6,56.9,2026-06-24 13:00:00,2968885
84.8,36.5,83.7,55.3,2026-06-24 13:20:00,2968885
85.8,36.7,84.9,56.3,2026-06-24 13:40:00,2968885
84.5,37.6,83.3,55.8,2026-06-24 14:00:00,2968885
83.9,38.8,82.8,56.2,2026-06-24 14:20:00,2968885
85.9,38.8,85.6,57.9,2026-06-24 14:40:00,2968885
84.0,36.1,82.6,54.3,2026-06-24 15:00:00,2968885
82.8,37.2,81.1,54.1,2026-06-24 15:20:00,2968885
84.4,34.4,82.6,53.3,2026-06-24 15:40:00,2968885
86.0,39.2,85.8,58.2,2026-06-24 16:00:00,2968885
85.5,36.2,84.6,55.7,2026-06-24 16:20:00,2968885
84.6,37.2,83.5,55.6,2026-06-24 16:40:00,2968885
84.4,37.5,83.1,55.7,2026-06-24 17:00:00,2968885
84.7,37.9,83.7,56.2,2026-06-24 17:20:00,2968885
84.6,39.9,84.0,57.5,2026-06-24 17:40:00,2968885
83.5,37.4,82.0,54.8,2026-06-24 18:00:00,2968885
83.5,40.9,82.8,57.3,2026-06-24 18:20:00,2968885
83.2,41.5,82.4,57.4,2026-06-24 18:40:00,2968885
82.0,41.0,80.6,56.0,2026-06-24 19:00:00,2968885
81.6,45.9,81.0,58.7,2026-06-24 19:20:00,2968885
80.8,48.0,80.4,59.3,2026-06-24 19:40:00,2968885
81.2,50.0,81.5,60.8,2026-06-24 20:00:00,2968885
79.0,51.8,78.8,59.8,2026-06-24 20:20:00,2968885
76.5,57.7,76.1,60.5,2026-06-24 20:40:00,2968885
74.8,61.0,74.7,60.4,2026-06-24 21:00:00,2968885
73.8,64.1,74.1,60.9,2026-06-24 21:20:00,2968885
72.8,67.0,73.2,61.2,2026-06-24 21:40:00,2968885
72.0,69.2,72.7,61.4,2026-06-24 22:00:00,2968885
71.4,71.3,72.0,61.6,2026-06-24 22:20:00,2968885
70.8,71.3,71.4,61.0,2026-06-24 22:40:00,2968885
70.1,72.9,70.5,61.0,2026-06-24 23:00:00,2968885
69.7,75.0,70.2,61.4,2026-06-24 23:20:00,2968885
68.9,75.8,69.3,60.9,2026-06-24 23:40:00,2968885
68.3,77.2,68.5,60.9,2026-06-25 00:00:00,2968885
68.1,77.7,68.2,60.9,2026-06-25 00:20:00,2968885
67.7,79.3,68.0,61.1,2026-06-25 00:40:00,2968885
67.3,80.7,67.5,61.1,2026-06-25 01:00:00,2968885
66.9,80.9,66.9,60.8,2026-06-25 01:20:00,2968885
66.5,81.7,66.6,60.7,2026-06-25 01:40:00,2968885
66.1,82.2,66.0,60.4,2026-06-25 02:00:00,2968885
65.7,83.4,65.8,60.5,2026-06-25 02:20:00,2968885
65.5,84.1,65.5,60.6,2026-06-25 02:40:00,2968885
65.4,84.9,65.5,60.7,2026-06-25 03:00:00,2968885
65.4,85.2,65.5,60.8,2026-06-25 03:20:00,2968885
65.0,85.7,65.1,60.6,2026-06-25 03:40:00,2968885
64.9,86.8,64.9,60.8,2026-06-25 04:00:00,2968885
64.8,87.6,64.9,61.1,2026-06-25 04:20:00,2968885
64.8,88.1,64.9,61.2,2026-06-25 04:40:00,2968885
64.5,88.5,64.8,61.0,2026-06-25 05:00:00,2968885
64.4,89.3,64.6,61.2,2026-06-25 05:20:00,2968885
64.5,89.8,64.8,61.4,2026-06-25 05:40:00,2968885
64.5,90.3,64.9,61.6,2026-06-25 06:00:00,2968885
64.6,90.7,64.9,61.8,2026-06-25 06:20:00,2968885
64.8,91.0,65.3,62.1,2026-06-25 06:40:00,2968885
65.7,90.8,66.4,62.9,2026-06-25 07:00:00,2968885
67.6,89.4,68.4,64.4,2026-06-25 07:20:00,2968885
70.0,84.8,71.2,65.2,2026-06-25 07:40:00,2968885
72.0,82.9,73.6,66.5,2026-06-25 08:00:00,2968885
75.0,76.5,76.5,67.1,2026-06-25 08:20:00,2968885
76.6,72.8,77.9,67.2,2026-06-25 08:40:00,2968885
79.5,70.7,82.8,69.1,2026-06-25 09:00:00,2968885
79.3,67.0,81.7,67.4,2026-06-25 09:20:00,2968885
81.0,66.4,84.6,68.8,2026-06-25 09:40:00,2968885
84.1,63.7,89.8,70.4,2026-06-25 10:00:00,2968885
83.2,58.8,86.5,67.3,2026-06-25 10:20:00,2968885
84.2,56.5,87.6,67.0,2026-06-25 10:40:00,2968885
83.8,56.5,86.9,66.6,2026-06-25 11:00:00,2968885
85.6,52.4,89.1,66.2,2026-06-25 11:20:00,2968885
84.5,53.2,87.3,65.6,2026-06-25 11:40:00,2968885
85.9,47.5,88.2,63.6,2026-06-25 12:00:00,2968885
83.2,53.1,85.1,64.4,2026-06-25 12:20:00,2968885
85.9,50.2,89.1,65.3,2026-06-25 12:40:00,2968885
84.3,51.7,86.7,64.6,2026-06-25 13:00:00,2968885
86.7,49.3,90.0,65.4,2026-06-25 13:20:00,2968885
87.2,43.0,88.7,62.0,2026-06-25 13:40:00,2968885
84.9,47.6,86.4,62.8,2026-06-25 14:00:00,2968885
87.4,47.3,90.5,64.9,2026-06-25 14:20:00,2968885
91.0,45.4,96.4,66.9,2026-06-25 14:40:00,2968885
88.1,46.3,91.2,64.9,2026-06-25 15:00:00,2968885
87.0,46.1,89.4,63.8,2026-06-25 15:20:00,2968885
87.7,47.8,91.0,65.4,2026-06-25 15:40:00,2968885
89.0,44.5,92.1,64.5,2026-06-25 16:00:00,2968885
90.4,44.0,94.8,65.5,2026-06-25 16:20:00,2968885
87.4,46.3,90.0,64.2,2026-06-25 16:40:00,2968885
87.4,46.0,90.0,64.1,2026-06-25 17:00:00,2968885
87.5,47.7,90.9,65.2,2026-06-25 17:20:00,2968885
87.8,47.5,91.4,65.4,2026-06-25 17:40:00,2968885
87.1,46.9,90.0,64.4,2026-06-25 18:00:00,2968885
87.1,48.1,90.3,65.1,2026-06-25 18:20:00,2968885
86.4,49.4,89.6,65.2,2026-06-25 18:40:00,2968885
86.1,49.1,88.9,64.7,2026-06-25 19:00:00,2968885
85.3,50.6,88.2,64.9,2026-06-25 19:20:00,2968885
85.0,50.7,87.6,64.7,2026-06-25 19:40:00,2968885
84.2,54.6,87.1,66.1,2026-06-25 20:00:00,2968885
83.0,55.9,85.5,65.6,2026-06-25 20:20:00,2968885
81.6,59.7,83.8,66.2,2026-06-25 20:40:00,2968885
80.8,60.9,82.9,66.0,2026-06-25 21:00:00,2968885
79.8,63.2,81.9,66.1,2026-06-25 21:20:00,2968885
78.7,64.9,80.4,65.9,2026-06-25 21:40:00,2968885
77.7,66.8,78.8,65.8,2026-06-25 22:00:00,2968885
76.8,68.3,77.5,65.6,2026-06-25 22:20:00,2968885
76.2,70.0,77.0,65.7,2026-06-25 22:40:00,2968885
75.7,72.1,76.8,66.0,2026-06-25 23:00:00,2968885
75.1,73.7,76.5,66.1,2026-06-25 23:20:00,2968885
74.5,75.1,75.9,66.1,2026-06-25 23:40:00,2968885
74.0,76.1,75.4,66.0,2026-06-26 00:00:00,2968885
73.7,76.4,75.0,65.8,2026-06-26 00:20:00,2968885
73.3,78.0,74.7,66.1,2026-06-26 00:40:00,2968885
73.1,78.4,74.5,66.0,2026-06-26 01:00:00,2968885
73.9,76.4,75.2,66.0,2026-06-26 01:20:00,2968885
74.0,75.7,75.4,65.8,2026-06-26 01:40:00,2968885
74.0,75.5,75.4,65.8,2026-06-26 02:00:00,2968885
73.3,76.6,74.7,65.5,2026-06-26 02:20:00,2968885
73.1,77.0,74.5,65.5,2026-06-26 02:40:00,2968885
73.7,75.7,75.0,65.5,2026-06-26 03:00:00,2968885
73.7,75.7,75.0,65.6,2026-06-26 03:20:00,2968885
72.8,77.7,73.9,65.4,2026-06-26 03:40:00,2968885
72.4,79.1,73.8,65.6,2026-06-26 04:00:00,2968885
71.8,80.7,73.2,65.6,2026-06-26 04:20:00,2968885
71.3,81.9,72.5,65.5,2026-06-26 04:40:00,2968885
70.7,82.9,72.1,65.3,2026-06-26 05:00:00,2968885
70.4,83.8,71.6,65.3,2026-06-26 05:20:00,2968885
70.1,85.0,71.2,65.3,2026-06-26 05:40:00,2968885
69.8,85.8,70.9,65.4,2026-06-26 06:00:00,2968885
69.7,86.5,70.9,65.4,2026-06-26 06:20:00,2968885
70.0,86.9,71.4,65.9,2026-06-26 06:40:00,2968885
70.8,86.6,72.3,66.7,2026-06-26 07:00:00,2968885
72.7,84.1,74.5,67.6,2026-06-26 07:20:00,2968885
74.8,81.5,76.6,68.7,2026-06-26 07:40:00,2968885
78.2,76.0,81.3,70.0,2026-06-26 08:00:00,2968885
80.4,70.8,84.2,70.0,2026-06-26 08:20:00,2968885
81.4,69.1,85.8,70.3,2026-06-26 08:40:00,2968885
83.6,65.4,89.1,70.8,2026-06-26 09:00:00,2968885
83.0,65.0,87.8,70.0,2026-06-26 09:20:00,2968885
83.8,63.8,89.1,70.2,2026-06-26 09:40:00,2968885
84.4,63.0,90.0,70.4,2026-06-26 10:00:00,2968885
86.3,59.2,92.8,70.4,2026-06-26 10:20:00,2968885
88.7,57.0,96.8,71.5,2026-06-26 10:40:00,2968885
87.5,51.4,92.3,67.4,2026-06-26 11:00:00,2968885
87.1,51.0,91.4,66.8,2026-06-26 11:20:00,2968885
88.5,52.6,94.5,69.0,2026-06-26 11:40:00,2968885
87.0,52.6,91.8,67.6,2026-06-26 12:00:00,2968885
88.3,51.2,93.6,68.0,2026-06-26 12:20:00,2968885
87.3,52.7,92.3,67.9,2026-06-26 12:40:00,2968885
90.7,50.6,98.8,69.9,2026-06-26 13:00:00,2968885
88.3,49.6,92.8,67.1,2026-06-26 13:20:00,2968885
87.2,50.0,91.0,66.3,2026-06-26 13:40:00,2968885
87.6,48.7,91.6,65.9,2026-06-26 14:00:00,2968885
89.3,52.0,96.3,69.3,2026-06-26 14:20:00,2968885
86.9,50.2,90.9,66.1,2026-06-26 14:40:00,2968885
88.7,50.1,93.9,67.7,2026-06-26 15:00:00,2968885
89.2,49.7,94.8,67.9,2026-06-26 15:20:00,2968885
87.9,55.3,94.5,69.9,2026-06-26 15:40:00,2968885
87.2,55.3,93.0,69.2,2026-06-26 16:00:00,2968885
84.0,67.8,91.2,72.2,2026-06-26 16:20:00,2968885
85.0,67.1,93.0,72.9,2026-06-26 16:40:00,2968885
84.2,66.2,91.0,71.7,2026-06-26 17:00:00,2968885
83.1,67.4,88.5,71.2,2026-06-26 17:20:00,2968885
84.2,67.1,90.9,72.1,2026-06-26 17:40:00,2968885
84.4,66.2,91.4,71.9,2026-06-26 18:00:00,2968885
85.0,64.2,91.9,71.5,2026-06-26 18:20:00,2968885
83.5,66.4,89.4,71.1,2026-06-26 18:40:00,2968885
82.5,69.2,87.8,71.3,2026-06-26 19:00:00,2968885
81.8,69.9,86.5,71.0,2026-06-26 19:20:00,2968885
81.3,68.4,85.3,69.9,2026-06-26 19:40:00,2968885
81.8,67.5,86.0,70.0,2026-06-26 20:00:00,2968885
79.8,71.1,83.5,69.5,2026-06-26 20:20:00,2968885
78.5,74.2,81.7,69.7,2026-06-26 20:40:00,2968885
78.2,76.1,81.3,70.1,2026-06-26 21:00:00,2968885
77.7,78.3,80.6,70.4,2026-06-26 21:20:00,2968885
77.5,79.9,80.6,70.8,2026-06-26 21:40:00,2968885
77.1,81.4,80.1,70.9,2026-06-26 22:00:00,2968885
76.9,82.9,79.9,71.3,2026-06-26 22:20:00,2968885
76.8,84.4,79.7,71.7,2026-06-26 22:40:00,2968885
76.5,85.9,79.5,71.9,2026-06-26 23:00:00,2968885
76.5,86.7,79.7,72.2,2026-06-26 23:20:00,2968885
76.5,86.8,79.7,72.2,2026-06-26 23:40:00,2968885
76.4,86.6,79.3,72.1,2026-06-27 00:00:00,2968885
76.1,86.5,79.2,71.8,2026-06-27 00:20:00,2968885
75.8,87.2,78.6,71.7,2026-06-27 00:40:00,2968885
75.5,87.7,78.4,71.6,2026-06-27 01:00:00,2968885
75.1,88.1,77.9,71.3,2026-06-27 01:20:00,2968885
74.9,88.5,77.7,71.2,2026-06-27 01:40:00,2968885
74.6,88.8,77.4,71.1,2026-06-27 02:00:00,2968885
74.5,89.1,77.4,71.1,2026-06-27 02:20:00,2968885
74.7,89.3,77.5,71.3,2026-06-27 02:40:00,2968885
74.6,89.4,77.4,71.2,2026-06-27 03:00:00,2968885
74.4,89.9,77.0,71.3,2026-06-27 03:20:00,2968885
74.2,90.5,77.0,71.2,2026-06-27 03:40:00,2968885
74.0,90.9,76.8,71.2,2026-06-27 04:00:00,2968885
74.1,91.3,76.8,71.4,2026-06-27 04:20:00,2968885
74.1,91.7,76.8,71.5,2026-06-27 04:40:00,2968885
74.0,91.7,76.8,71.4,2026-06-27 05:00:00,2968885
73.8,92.2,76.6,71.4,2026-06-27 05:20:00,2968885
73.6,92.3,76.5,71.2,2026-06-27 05:40:00,2968885
73.5,92.7,76.3,71.3,2026-06-27 06:00:00,2968885
73.7,92.9,76.5,71.5,2026-06-27 06:20:00,2968885
73.5,92.8,76.3,71.3,2026-06-27 06:40:00,2968885
74.2,92.6,77.2,71.9,2026-06-27 07:00:00,2968885
76.0,90.2,79.3,72.9,2026-06-27 07:20:00,2968885
77.0,88.4,81.0,73.3,2026-06-27 07:40:00,2968885
77.3,86.4,81.1,73.0,2026-06-27 08:00:00,2968885
80.2,81.8,86.4,74.1,2026-06-27 08:20:00,2968885
82.1,78.8,89.8,74.8,2026-06-27 08:40:00,2968885
84.2,74.4,93.7,75.2,2026-06-27 09:00:00,2968885
84.3,72.6,93.2,74.5,2026-06-27 09:20:00,2968885
85.8,71.0,96.3,75.3,2026-06-27 09:40:00,2968885
86.8,68.8,97.9,75.3,2026-06-27 10:00:00,2968885
86.6,66.7,96.4,74.2,2026-06-27 10:20:00,2968885
89.8,63.4,102.7,75.7,2026-06-27 10:40:00,2968885
88.6,58.5,97.3,72.1,2026-06-27 11:00:00,2968885
87.0,61.9,95.4,72.3,2026-06-27 11:20:00,2968885
89.2,61.9,100.4,74.4,2026-06-27 11:40:00,2968885
92.4,56.5,105.6,74.7,2026-06-27 12:00:00,2968885
89.6,56.3,99.0,72.0,2026-06-27 12:20:00,2968885
90.7,57.3,102.2,73.5,2026-06-27 12:40:00,2968885
93.8,52.0,106.3,73.5,2026-06-27 13:00:00,2968885
92.8,51.5,103.5,72.3,2026-06-27 13:20:00,2968885
91.1,53.5,101.1,71.9,2026-06-27 13:40:00,2968885
91.7,53.3,102.2,72.2,2026-06-27 14:00:00,2968885
81.0,75.5,86.5,72.5,2026-06-27 14:20:00,2968885
81.0,84.4,88.9,75.9,2026-06-27 14:40:00,2968885
85.2,79.2,98.2,78.1,2026-06-27 15:00:00,2968885
87.2,75.8,101.8,78.6,2026-06-27 15:20:00,2968885
83.9,64.5,89.6,70.7,2026-06-27 15:40:00,2968885
80.0,74.2,84.4,71.0,2026-06-27 16:00:00,2968885
82.2,78.0,89.4,74.6,2026-06-27 16:20:00,2968885
81.7,74.3,87.6,72.7,2026-06-27 16:40:00,2968885
82.3,75.2,89.1,73.7,2026-06-27 17:00:00,2968885
83.4,72.2,90.9,73.5,2026-06-27 17:20:00,2968885
85.3,65.1,93.0,72.3,2026-06-27 17:40:00,2968885
85.4,64.7,92.8,72.2,2026-06-27 18:00:00,2968885
84.4,67.3,91.8,72.4,2026-06-27 18:20:00,2968885
84.0,70.5,92.1,73.4,2026-06-27 18:40:00,2968885
83.5,73.3,91.6,74.1,2026-06-27 19:00:00,2968885
83.4,74.4,91.6,74.4,2026-06-27 19:20:00,2968885
83.3,76.0,91.9,74.9,2026-06-27 19:40:00,2968885
83.3,76.7,92.3,75.2,2026-06-27 20:00:00,2968885
82.5,77.7,90.1,74.9,2026-06-27 20:20:00,2968885
82.0,79.7,89.6,75.1,2026-06-27 20:40:00,2968885
81.5,81.6,89.2,75.3,2026-06-27 21:00:00,2968885
81.4,83.0,89.4,75.7,2026-06-27 21:20:00,2968885
80.8,81.4,87.8,74.6,2026-06-27 21:40:00,2968885
80.5,76.9,86.0,72.6,2026-06-27 22:00:00,2968885
79.9,74.6,84.4,71.1,2026-06-27 22:20:00,2968885
79.5,75.2,83.7,70.9,2026-06-27 22:40:00,2968885
78.8,76.9,82.6,70.9,2026-06-27 23:00:00,2968885
78.2,77.6,81.5,70.6,2026-06-27 23:20:00,2968885
77.5,78.5,80.2,70.3,2026-06-27 23:40:00,2968885
77.3,79.4,80.2,70.4,2026-06-28 00:00:00,2968885
77.1,80.0,79.9,70.4,2026-06-28 00:20:00,2968885
76.4,80.5,78.4,69.9,2026-06-28 00:40:00,2968885
76.0,81.1,78.3,69.8,2026-06-28 01:00:00,2968885
75.8,82.0,78.3,69.9,2026-06-28 01:20:00,2968885
75.6,82.4,77.9,69.9,2026-06-28 01:40:00,2968885
75.4,82.8,77.7,69.8,2026-06-28 02:00:00,2968885
74.9,83.6,77.2,69.6,2026-06-28 02:20:00,2968885
74.2,85.0,76.5,69.4,2026-06-28 02:40:00,2968885
74.0,86.1,76.3,69.6,2026-06-28 03:00:00,2968885
73.9,86.4,76.1,69.5,2026-06-28 03:20:00,2968885
73.3,87.1,75.4,69.2,2026-06-28 03:40:00,2968885
73.0,87.8,75.0,69.1,2026-06-28 04:00:00,2968885
72.7,88.5,74.8,69.1,2026-06-28 04:20:00,2968885
72.3,89.5,74.1,69.0,2026-06-28 04:40:00,2968885
72.1,90.1,74.1,69.0,2026-06-28 05:00:00,2968885
72.1,90.4,74.1,69.1,2026-06-28 05:20:00,2968885
71.9,90.6,73.9,69.0,2026-06-28 05:40:00,2968885
71.9,90.6,73.9,69.0,2026-06-28 06:00:00,2968885
71.9,90.8,73.9,69.0,2026-06-28 06:20:00,2968885
72.2,90.6,74.3,69.3,2026-06-28 06:40:00,2968885
73.0,89.6,75.2,69.7,2026-06-28 07:00:00,2968885
74.8,86.2,77.2,70.4,2026-06-28 07:20:00,2968885
76.1,82.3,78.4,70.3,2026-06-28 07:40:00,2968885
78.3,79.2,82.4,71.3,2026-06-28 08:00:00,2968885
82.2,72.9,88.0,72.6,2026-06-28 08:20:00,2968885
79.0,75.9,82.9,70.7,2026-06-28 08:40:00,2968885
79.3,76.9,83.7,71.4,2026-06-28 09:00:00,2968885
80.1,76.2,85.1,71.9,2026-06-28 09:20:00,2968885
78.9,78.2,83.1,71.5,2026-06-28 09:40:00,2968885
80.9,77.2,86.7,73.1,2026-06-28 10:00:00,2968885
81.8,73.4,87.4,72.5,2026-06-28 10:20:00,2968885
83.0,70.3,89.2,72.3,2026-06-28 10:40:00,2968885
83.8,70.4,91.2,73.1,2026-06-28 11:00:00,2968885
85.1,69.4,93.9,73.9,2026-06-28 11:20:00,2968885
88.3,64.2,99.1,74.7,2026-06-28 11:40:00,2968885
90.9,59.7,103.8,74.9,2026-06-28 12:00:00,2968885
89.1,60.2,99.5,73.5,2026-06-28 12:20:00,2968885
90.6,58.9,102.6,74.3,2026-06-28 12:40:00,2968885
90.6,57.9,102.0,73.8,2026-06-28 13:00:00,2968885
88.9,58.2,98.2,72.3,2026-06-28 13:20:00,2968885
90.2,57.6,100.9,73.2,2026-06-28 13:40:00,2968885
90.6,55.7,100.9,72.6,2026-06-28 14:00:00,2968885
91.9,53.3,102.6,72.5,2026-06-28 14:20:00,2968885
94.1,51.6,106.9,73.5,2026-06-28 14:40:00,2968885
91.6,53.8,102.6,72.5,2026-06-28 15:00:00,2968885
91.1,53.4,100.9,71.8,2026-06-28 15:20:00,2968885
92.6,53.4,104.4,73.1,2026-06-28 15:40:00,2968885
92.3,55.0,104.2,73.7,2026-06-28 16:00:00,2968885
92.2,55.4,104.5,73.9,2026-06-28 16:20:00,2968885
91.5,57.0,103.8,74.1,2026-06-28 16:40:00,2968885
87.9,63.2,97.7,73.8,2026-06-28 17:00:00,2968885
86.1,70.6,97.0,75.4,2026-06-28 17:20:00,2968885
83.9,70.2,91.4,73.2,2026-06-28 17:40:00,2968885
78.4,87.6,83.8,74.4,2026-06-28 18:00:00,2968885
77.6,90.8,82.8,74.7,2026-06-28 18:20:00,2968885
75.8,90.1,79.2,72.7,2026-06-28 18:40:00,2968885
74.1,91.5,76.8,71.4,2026-06-28 19:00:00,2968885
74.2,93.7,77.2,72.2,2026-06-28 19:20:00,2968885
74.6,94.5,77.9,72.9,2026-06-28 19:40:00,2968885
74.7,95.1,78.3,73.2,2026-06-28 20:00:00,2968885
75.0,95.5,78.6,73.6,2026-06-28 20:20:00,2968885
74.9,95.6,78.6,73.5,2026-06-28 20:40:00,2968885
75.1,95.8,78.8,73.8,2026-06-28 21:00:00,2968885
75.0,96.0,78.6,73.7,2026-06-28 21:20:00,2968885
75.1,96.3,78.8,74.0,2026-06-28 21:40:00,2968885
75.1,96.4,79.0,74.0,2026-06-28 22:00:00,2968885
75.3,96.5,79.2,74.2,2026-06-28 22:20:00,2968885
75.0,96.4,78.6,73.9,2026-06-28 22:40:00,2968885
74.8,96.3,78.3,73.6,2026-06-28 23:00:00,2968885
74.3,96.2,77.7,73.1,2026-06-28 23:20:00,2968885
74.2,96.4,77.5,73.1,2026-06-28 23:40:00,2968885
74.0,96.5,77.4,72.9,2026-06-29 00:00:00,2968885
73.9,96.7,77.0,72.9,2026-06-29 00:20:00,2968885
73.7,96.8,76.8,72.7,2026-06-29 00:40:00,2968885
73.9,96.9,77.0,73.0,2026-06-29 01:00:00,2968885
74.1,97.0,77.4,73.2,2026-06-29 01:20:00,2968885
73.9,96.8,77.0,72.9,2026-06-29 01:40:00,2968885
73.7,96.7,76.8,72.6,2026-06-29 02:00:00,2968885
73.4,96.7,76.3,72.4,2026-06-29 02:20:00,2968885
73.2,96.7,76.3,72.2,2026-06-29 02:40:00,2968885
73.2,96.9,76.1,72.2,2026-06-29 03:00:00,2968885
73.3,97.0,76.3,72.3,2026-06-29 03:20:00,2968885
73.2,96.9,76.1,72.2,2026-06-29 03:40:00,2968885
73.2,97.1,76.1,72.3,2026-06-29 04:00:00,2968885
73.1,97.1,76.1,72.2,2026-06-29 04:20:00,2968885
73.1,97.1,76.1,72.2,2026-06-29 04:40:00,2968885
73.0,96.9,75.7,72.0,2026-06-29 05:00:00,2968885
73.0,96.8,75.7,72.0,2026-06-29 05:20:00,2968885
72.9,96.9,75.7,72.0,2026-06-29 05:40:00,2968885
72.7,96.8,75.6,71.7,2026-06-29 06:00:00,2968885
72.8,96.7,75.6,71.7,2026-06-29 06:20:00,2968885
72.8,96.3,75.4,71.7,2026-06-29 06:40:00,2968885
73.1,96.2,75.9,72.0,2026-06-29 07:00:00,2968885
73.4,95.4,76.3,72.0,2026-06-29 07:20:00,2968885
73.9,93.8,76.6,72.0,2026-06-29 07:40:00,2968885
73.9,93.2,76.6,71.8,2026-06-29 08:00:00,2968885
89.5,28.6,87.8,52.6,2026-06-15 14:20:00,2974173
89.4,29.9,87.8,53.7,2026-06-15 14:40:00,2974173
87.6,30.1,85.5,52.4,2026-06-15 15:00:00,2974173
89.2,30.1,87.6,53.8,2026-06-15 15:20:00,2974173
87.7,29.9,85.5,52.3,2026-06-15 15:40:00,2974173
90.4,30.2,89.4,55.0,2026-06-15 16:00:00,2974173
88.1,31.9,86.7,54.4,2026-06-15 16:20:00,2974173
88.9,30.7,87.6,54.1,2026-06-15 16:40:00,2974173
88.0,30.8,86.4,53.3,2026-06-15 17:00:00,2974173
88.6,29.9,86.7,53.1,2026-06-15 17:20:00,2974173
89.1,29.0,87.3,52.7,2026-06-15 17:40:00,2974173
88.5,29.6,86.4,52.7,2026-06-15 18:00:00,2974173
88.4,30.0,86.5,53.1,2026-06-15 18:20:00,2974173
87.9,30.7,86.0,53.2,2026-06-15 18:40:00,2974173
88.5,31.2,86.9,54.2,2026-06-15 19:00:00,2974173
88.9,30.9,87.6,54.3,2026-06-15 19:20:00,2974173
85.1,33.5,83.3,53.2,2026-06-15 19:40:00,2974173
83.8,35.1,81.9,53.3,2026-06-15 20:00:00,2974173
82.7,36.4,80.6,53.3,2026-06-15 20:20:00,2974173
81.3,37.5,79.2,52.9,2026-06-15 20:40:00,2974173
80.0,39.0,77.9,52.8,2026-06-15 21:00:00,2974173
78.5,40.2,76.5,52.3,2026-06-15 21:20:00,2974173
77.0,42.6,75.0,52.6,2026-06-15 21:40:00,2974173
75.8,44.3,73.9,52.5,2026-06-15 22:00:00,2974173
74.9,45.5,73.4,52.4,2026-06-15 22:20:00,2974173
74.1,46.6,72.5,52.3,2026-06-15 22:40:00,2974173
73.0,49.0,71.8,52.6,2026-06-15 23:00:00,2974173
72.2,50.3,71.4,52.8,2026-06-15 23:20:00,2974173
71.5,51.8,70.7,52.9,2026-06-15 23:40:00,2974173
70.8,54.0,70.3,53.3,2026-06-16 00:00:00,2974173
70.4,55.0,69.8,53.5,2026-06-16 00:20:00,2974173
70.3,54.9,69.4,53.3,2026-06-16 00:40:00,2974173
69.9,55.6,69.1,53.3,2026-06-16 01:00:00,2974173
70.4,54.0,69.8,52.9,2026-06-16 01:20:00,2974173
70.8,52.3,70.2,52.5,2026-06-16 01:40:00,2974173
70.6,52.2,69.8,52.2,2026-06-16 02:00:00,2974173
70.1,52.9,69.3,52.2,2026-06-16 02:20:00,2974173
69.7,53.9,68.7,52.3,2026-06-16 02:40:00,2974173
69.4,54.4,68.2,52.3,2026-06-16 03:00:00,2974173
69.0,55.1,67.8,52.2,2026-06-16 03:20:00,2974173
69.0,54.5,67.6,51.9,2026-06-16 03:40:00,2974173
68.6,54.8,67.3,51.7,2026-06-16 04:00:00,2974173
68.2,55.6,66.7,51.7,2026-06-16 04:20:00,2974173
67.6,56.9,65.8,51.8,2026-06-16 04:40:00,2974173
67.5,57.3,65.8,51.9,2026-06-16 05:00:00,2974173
67.3,57.8,65.7,51.9,2026-06-16 05:20:00,2974173
67.6,57.1,65.8,51.9,2026-06-16 05:40:00,2974173
67.6,57.2,65.8,51.9,2026-06-16 06:00:00,2974173
67.6,57.8,66.0,52.2,2026-06-16 06:20:00,2974173
67.9,58.2,66.6,52.7,2026-06-16 06:40:00,2974173
68.2,58.7,67.1,53.2,2026-06-16 07:00:00,2974173
68.3,59.2,67.1,53.5,2026-06-16 07:20:00,2974173
68.6,58.8,67.6,53.7,2026-06-16 07:40:00,2974173
69.5,58.0,68.7,54.1,2026-06-16 08:00:00,2974173
70.4,58.2,70.2,55.0,2026-06-16 08:20:00,2974173
70.4,58.2,70.2,55.0,2026-06-16 08:40:00,2974173
72.0,57.0,71.6,56.0,2026-06-16 09:00:00,2974173
72.9,53.9,72.3,55.2,2026-06-16 09:20:00,2974173
73.3,53.7,72.7,55.5,2026-06-16 09:40:00,2974173
76.4,49.4,75.0,56.1,2026-06-16 10:00:00,2974173
76.9,48.8,75.6,56.2,2026-06-16 10:20:00,2974173
77.2,47.5,75.9,55.7,2026-06-16 10:40:00,2974173
77.9,47.3,76.5,56.2,2026-06-16 11:00:00,2974173
78.0,46.0,76.6,55.5,2026-06-16 11:20:00,2974173
78.5,45.6,77.2,55.8,2026-06-16 11:40:00,2974173
79.5,43.5,78.1,55.4,2026-06-16 12:00:00,2974173
79.6,43.8,78.3,55.7,2026-06-16 12:20:00,2974173
79.7,43.8,78.3,55.7,2026-06-16 12:40:00,2974173
80.5,44.3,79.3,56.8,2026-06-16 13:00:00,2974173
81.7,43.0,80.6,57.0,2026-06-16 13:20:00,2974173
83.1,40.0,81.9,56.3,2026-06-16 13:40:00,2974173
83.2,36.3,81.3,53.7,2026-06-16 14:00:00,2974173
82.0,38.6,80.1,54.4,2026-06-16 14:20:00,2974173
84.2,38.7,83.1,56.3,2026-06-16 14:40:00,2974173
84.7,37.5,83.7,56.0,2026-06-16 15:00:00,2974173
86.6,37.5,86.4,57.7,2026-06-16 15:20:00,2974173
86.3,37.8,85.8,57.5,2026-06-16 15:40:00,2974173
86.1,37.6,85.6,57.2,2026-06-16 16:00:00,2974173
86.3,39.6,86.4,58.9,2026-06-16 16:20:00,2974173
85.3,38.4,84.6,57.1,2026-06-16 16:40:00,2974173
85.5,39.9,85.5,58.4,2026-06-16 17:00:00,2974173
85.3,41.2,85.5,59.1,2026-06-16 17:20:00,2974173
84.7,42.2,84.7,59.1,2026-06-16 17:40:00,2974173
83.9,43.1,83.8,59.1,2026-06-16 18:00:00,2974173
83.2,45.7,83.1,60.1,2026-06-16 18:20:00,2974173
82.8,47.3,82.9,60.7,2026-06-16 18:40:00,2974173
82.2,47.6,82.4,60.4,2026-06-16 19:00:00,2974173
81.9,47.9,81.9,60.2,2026-06-16 19:20:00,2974173
81.4,47.7,81.1,59.7,2026-06-16 19:40:00,2974173
80.9,48.6,80.6,59.8,2026-06-16 20:00:00,2974173
80.4,49.2,79.9,59.6,2026-06-16 20:20:00,2974173
79.4,50.3,79.2,59.3,2026-06-16 20:40:00,2974173
78.2,52.0,77.7,59.2,2026-06-16 21:00:00,2974173
77.5,54.1,76.8,59.6,2026-06-16 21:20:00,2974173
76.7,54.8,75.9,59.3,2026-06-16 21:40:00,2974173
76.4,55.6,75.7,59.3,2026-06-16 22:00:00,2974173
76.0,56.3,75.4,59.3,2026-06-16 22:20:00,2974173
75.7,57.0,75.2,59.4,2026-06-16 22:40:00,2974173
75.4,58.2,75.0,59.7,2026-06-16 23:00:00,2974173
75.5,58.0,75.0,59.6,2026-06-16 23:20:00,2974173
75.1,58.7,74.8,59.7,2026-06-16 23:40:00,2974173
74.8,59.9,74.5,60.0,2026-06-17 00:00:00,2974173
74.5,61.2,74.5,60.3,2026-06-17 00:20:00,2974173
74.1,62.9,74.1,60.7,2026-06-17 00:40:00,2974173
73.5,64.5,73.8,60.8,2026-06-17 01:00:00,2974173
73.0,66.0,73.4,61.0,2026-06-17 01:20:00,2974173
72.6,67.8,73.0,61.3,2026-06-17 01:40:00,2974173
72.2,69.4,72.9,61.6,2026-06-17 02:00:00,2974173
71.9,70.9,72.5,61.9,2026-06-17 02:20:00,2974173
71.7,72.5,72.5,62.4,2026-06-17 02:40:00,2974173
71.6,73.5,72.3,62.7,2026-06-17 03:00:00,2974173
71.3,74.5,72.1,62.8,2026-06-17 03:20:00,2974173
71.0,75.9,72.0,63.0,2026-06-17 03:40:00,2974173
70.8,76.8,71.8,63.1,2026-06-17 04:00:00,2974173
70.6,77.9,71.4,63.4,2026-06-17 04:20:00,2974173
70.3,78.8,71.1,63.4,2026-06-17 04:40:00,2974173
69.9,79.9,70.7,63.4,2026-06-17 05:00:00,2974173
69.6,80.7,70.3,63.4,2026-06-17 05:20:00,2974173
69.3,81.7,70.2,63.5,2026-06-17 05:40:00,2974173
69.0,82.3,69.6,63.4,2026-06-17 06:00:00,2974173
68.9,83.2,69.6,63.6,2026-06-17 06:20:00,2974173
68.9,83.6,69.6,63.7,2026-06-17 06:40:00,2974173
69.7,83.0,70.7,64.2,2026-06-17 07:00:00,2974173
70.7,81.6,71.6,64.8,2026-06-17 07:20:00,2974173
71.9,79.4,73.2,65.1,2026-06-17 07:40:00,2974173
74.2,75.1,75.6,65.9,2026-06-17 08:00:00,2974173
78.3,67.0,80.1,66.5,2026-06-17 08:20:00,2974173
81.4,61.0,83.8,66.7,2026-06-17 08:40:00,2974173
82.8,58.2,85.6,66.7,2026-06-17 09:00:00,2974173
84.6,53.7,87.8,65.9,2026-06-17 09:20:00,2974173
85.3,51.0,88.2,65.1,2026-06-17 09:40:00,2974173
85.9,47.3,88.2,63.6,2026-06-17 10:00:00,2974173
87.9,44.6,90.3,63.6,2026-06-17 10:20:00,2974173
87.7,42.6,89.4,62.2,2026-06-17 10:40:00,2974173
91.3,39.6,94.6,63.3,2026-06-17 11:00:00,2974173
88.8,38.8,90.0,60.5,2026-06-17 11:20:00,2974173
90.1,36.1,91.2,59.7,2026-06-17 11:40:00,2974173
91.5,34.3,92.7,59.5,2026-06-17 12:00:00,2974173
90.8,33.2,91.0,57.9,2026-06-17 12:20:00,2974173
90.4,30.2,89.4,54.9,2026-06-17 12:40:00,2974173
92.7,30.9,93.2,57.5,2026-06-17 13:00:00,2974173
88.5,30.0,86.9,53.2,2026-06-17 13:20:00,2974173
93.0,28.9,92.8,56.0,2026-06-17 13:40:00,2974173
93.0,28.6,92.5,55.7,2026-06-17 14:00:00,2974173
93.3,28.8,93.0,56.1,2026-06-17 14:20:00,2974173
94.9,28.9,95.5,57.5,2026-06-17 14:40:00,2974173
93.7,30.8,94.8,58.4,2026-06-17 15:00:00,2974173
91.5,33.0,92.3,58.4,2026-06-17 15:20:00,2974173
93.0,32.9,94.3,59.5,2026-06-17 15:40:00,2974173
94.3,30.2,95.0,58.2,2026-06-17 16:00:00,2974173
91.5,32.1,91.8,57.7,2026-06-17 16:20:00,2974173
93.5,30.7,94.1,58.0,2026-06-17 16:40:00,2974173
93.5,29.4,93.6,56.9,2026-06-17 17:00:00,2974173
93.6,30.6,94.3,58.0,2026-06-17 17:20:00,2974173
95.3,28.8,96.1,57.8,2026-06-17 17:40:00,2974173
94.4,29.4,94.8,57.6,2026-06-17 18:00:00,2974173
93.8,29.2,94.1,56.9,2026-06-17 18:20:00,2974173
95.1,29.6,96.3,58.4,2026-06-17 18:40:00,2974173
92.2,33.4,93.4,59.3,2026-06-17 19:00:00,2974173
91.9,33.6,93.0,59.2,2026-06-17 19:20:00,2974173
89.8,38.3,91.4,61.0,2026-06-17 19:40:00,2974173
88.1,41.3,89.6,61.7,2026-06-17 20:00:00,2974173
87.0,43.7,88.5,62.3,2026-06-17 20:20:00,2974173
86.0,45.5,87.6,62.5,2026-06-17 20:40:00,2974173
84.8,47.8,86.4,62.8,2026-06-17 21:00:00,2974173
83.6,51.0,85.3,63.6,2026-06-17 21:20:00,2974173
82.8,53.8,84.6,64.4,2026-06-17 21:40:00,2974173
82.4,56.1,84.4,65.2,2026-06-17 22:00:00,2974173
82.2,58.6,84.4,66.2,2026-06-17 22:20:00,2974173
82.1,60.8,84.9,67.2,2026-06-17 22:40:00,2974173
81.6,63.4,84.6,68.0,2026-06-17 23:00:00,2974173
81.0,64.7,84.0,68.0,2026-06-17 23:20:00,2974173
80.4,65.5,83.5,67.8,2026-06-17 23:40:00,2974173
80.2,65.8,82.9,67.7,2026-06-18 00:00:00,2974173
80.2,65.0,82.8,67.3,2026-06-18 00:20:00,2974173
80.2,63.7,82.4,66.8,2026-06-18 00:40:00,2974173
80.1,63.1,82.4,66.4,2026-06-18 01:00:00,2974173
79.7,63.5,81.7,66.2,2026-06-18 01:20:00,2974173
79.3,64.1,81.1,66.1,2026-06-18 01:40:00,2974173
78.5,65.5,80.1,65.9,2026-06-18 02:00:00,2974173
77.8,67.5,79.3,66.2,2026-06-18 02:20:00,2974173
78.2,67.7,80.1,66.6,2026-06-18 02:40:00,2974173
77.6,68.6,79.2,66.5,2026-06-18 03:00:00,2974173
77.6,70.0,79.3,67.1,2026-06-18 03:20:00,2974173
77.8,72.0,79.9,68.0,2026-06-18 03:40:00,2974173
77.8,74.5,80.4,69.0,2026-06-18 04:00:00,2974173
77.4,76.5,80.1,69.4,2026-06-18 04:20:00,2974173
77.1,78.3,79.5,69.8,2026-06-18 04:40:00,2974173
76.8,79.5,79.2,69.9,2026-06-18 05:00:00,2974173
76.6,80.5,78.8,70.1,2026-06-18 05:20:00,2974173
76.3,81.4,78.6,70.2,2026-06-18 05:40:00,2974173
76.0,82.2,78.4,70.2,2026-06-18 06:00:00,2974173
76.0,82.8,78.4,70.4,2026-06-18 06:20:00,2974173
76.3,82.9,78.8,70.7,2026-06-18 06:40:00,2974173
77.0,81.9,80.2,71.1,2026-06-18 07:00:00,2974173
77.6,80.2,81.0,71.1,2026-06-18 07:20:00,2974173
78.3,79.1,82.2,71.3,2026-06-18 07:40:00,2974173
78.9,77.2,82.9,71.1,2026-06-18 08:00:00,2974173
81.6,74.4,87.4,72.6,2026-06-18 08:20:00,2974173
81.8,69.7,86.5,71.0,2026-06-18 08:40:00,2974173
82.0,71.2,87.3,71.8,2026-06-18 09:00:00,2974173
83.4,67.1,89.2,71.4,2026-06-18 09:20:00,2974173
83.5,66.2,89.2,71.0,2026-06-18 09:40:00,2974173
87.9,63.0,97.5,73.8,2026-06-18 10:00:00,2974173
85.2,63.2,91.9,71.3,2026-06-18 10:20:00,2974173
86.5,60.5,93.6,71.2,2026-06-18 10:40:00,2974173
89.8,56.4,99.1,72.2,2026-06-18 11:00:00,2974173
91.9,54.4,103.1,73.1,2026-06-18 11:20:00,2974173
92.0,51.1,101.8,71.4,2026-06-18 11:40:00,2974173
91.9,51.8,101.8,71.6,2026-06-18 12:00:00,2974173
92.9,49.9,103.1,71.4,2026-06-18 12:20:00,2974173
94.1,47.9,104.5,71.4,2026-06-18 12:40:00,2974173
95.1,47.0,106.0,71.7,2026-06-18 13:00:00,2974173
97.4,43.5,108.9,71.4,2026-06-18 13:20:00,2974173
98.2,42.8,109.9,71.7,2026-06-18 13:40:00,2974173
97.0,42.3,107.4,70.3,2026-06-18 14:00:00,2974173
97.4,43.4,108.9,71.5,2026-06-18 14:20:00,2974173
97.6,43.2,109.0,71.5,2026-06-18 14:40:00,2974173
97.7,41.4,108.3,70.3,2026-06-18 15:00:00,2974173
96.3,43.4,106.5,70.4,2026-06-18 15:20:00,2974173
97.5,42.0,108.3,70.6,2026-06-18 15:40:00,2974173
82.1,57.3,84.0,65.5,2026-06-18 16:00:00,2974173
76.8,77.0,78.6,69.0,2026-06-18 16:20:00,2974173
77.7,85.0,82.2,72.9,2026-06-18 16:40:00,2974173
78.9,83.3,84.2,73.4,2026-06-18 17:00:00,2974173
81.0,78.3,87.4,73.6,2026-06-18 17:20:00,2974173
85.7,72.0,96.4,75.6,2026-06-18 17:40:00,2974173
88.1,65.2,99.1,74.9,2026-06-18 18:00:00,2974173
87.8,66.8,99.3,75.4,2026-06-18 18:20:00,2974173
88.7,66.0,101.5,75.8,2026-06-18 18:40:00,2974173
85.3,70.5,94.6,74.6,2026-06-18 19:00:00,2974173
85.5,69.2,95.0,74.2,2026-06-18 19:20:00,2974173
84.7,72.3,94.1,74.8,2026-06-18 19:40:00,2974173
83.0,73.8,90.5,73.8,2026-06-18 20:00:00,2974173
82.3,77.6,89.8,74.6,2026-06-18 20:20:00,2974173
81.6,77.9,88.3,74.0,2026-06-18 20:40:00,2974173
81.6,79.4,88.9,74.6,2026-06-18 21:00:00,2974173
78.0,89.9,83.3,74.8,2026-06-18 21:20:00,2974173
77.3,91.9,82.0,74.8,2026-06-18 21:40:00,2974173
76.3,91.8,80.1,73.7,2026-06-18 22:00:00,2974173
75.9,92.4,79.3,73.5,2026-06-18 22:20:00,2974173
74.9,92.2,78.1,72.5,2026-06-18 22:40:00,2974173
74.7,92.0,77.9,72.2,2026-06-18 23:00:00,2974173
74.3,92.6,77.2,72.0,2026-06-18 23:20:00,2974173
74.1,93.0,77.0,71.9,2026-06-18 23:40:00,2974173
74.0,93.8,77.2,72.1,2026-06-19 00:00:00,2974173
73.8,94.3,76.8,72.1,2026-06-19 00:20:00,2974173
73.8,94.5,76.8,72.1,2026-06-19 00:40:00,2974173
73.7,94.8,76.6,72.1,2026-06-19 01:00:00,2974173
73.5,94.7,76.5,71.9,2026-06-19 01:20:00,2974173
73.4,94.4,76.1,71.7,2026-06-19 01:40:00,2974173
73.3,94.2,76.1,71.5,2026-06-19 02:00:00,2974173
73.1,94.0,75.9,71.3,2026-06-19 02:20:00,2974173
73.0,93.7,75.4,71.0,2026-06-19 02:40:00,2974173
73.1,93.7,75.7,71.2,2026-06-19 03:00:00,2974173
73.1,94.0,75.9,71.3,2026-06-19 03:20:00,2974173
72.9,94.4,75.6,71.2,2026-06-19 03:40:00,2974173
73.0,94.8,75.6,71.3,2026-06-19 04:00:00,2974173
72.5,94.4,74.8,70.8,2026-06-19 04:20:00,2974173
71.9,94.6,74.1,70.2,2026-06-19 04:40:00,2974173
71.6,94.9,73.9,70.1,2026-06-19 05:00:00,2974173
71.4,95.2,73.4,70.0,2026-06-19 05:20:00,2974173
71.2,95.5,73.0,69.9,2026-06-19 05:40:00,2974173
71.0,95.7,72.9,69.7,2026-06-19 06:00:00,2974173
70.9,96.0,72.9,69.7,2026-06-19 06:20:00,2974173
71.1,96.3,73.0,70.0,2026-06-19 06:40:00,2974173
71.1,96.5,73.0,70.1,2026-06-19 07:00:00,2974173
71.2,96.6,73.0,70.2,2026-06-19 07:20:00,2974173
71.4,96.8,73.4,70.4,2026-06-19 07:40:00,2974173
71.3,96.9,73.4,70.4,2026-06-19 08:00:00,2974173
71.5,97.0,73.6,70.6,2026-06-19 08:20:00,2974173
71.8,97.0,74.1,70.9,2026-06-19 08:40:00,2974173
72.9,97.1,75.7,72.0,2026-06-19 09:00:00,2974173
73.1,97.0,76.1,72.2,2026-06-19 09:20:00,2974173
72.8,96.6,75.6,71.8,2026-06-19 09:40:00,2974173
73.7,96.4,76.8,72.6,2026-06-19 10:00:00,2974173
74.9,95.0,78.4,73.3,2026-06-19 10:20:00,2974173
76.3,91.2,79.9,73.6,2026-06-19 10:40:00,2974173
76.5,89.8,80.1,73.2,2026-06-19 11:00:00,2974173
77.4,88.1,81.9,73.6,2026-06-19 11:20:00,2974173
77.9,83.8,81.9,72.6,2026-06-19 11:40:00,2974173
79.8,82.3,85.8,73.9,2026-06-19 12:00:00,2974173
81.2,76.5,87.3,73.1,2026-06-19 12:20:00,2974173
82.1,75.6,88.7,73.6,2026-06-19 12:40:00,2974173
84.3,73.0,93.4,74.7,2026-06-19 13:00:00,2974173
85.3,64.9,93.0,72.1,2026-06-19 13:20:00,2974173
85.1,64.1,91.8,71.5,2026-06-19 13:40:00,2974173
86.0,61.3,93.0,71.1,2026-06-19 14:00:00,2974173
87.5,58.9,95.2,71.4,2026-06-19 14:20:00,2974173
88.5,57.1,96.3,71.4,2026-06-19 14:40:00,2974173
86.3,59.0,92.7,70.3,2026-06-19 15:00:00,2974173
88.5,48.6,92.8,66.7,2026-06-19 15:20:00,2974173
88.5,46.8,92.5,65.6,2026-06-19 15:40:00,2974173
88.7,45.5,91.9,64.9,2026-06-19 16:00:00,2974173
88.1,43.3,90.3,63.0,2026-06-19 16:20:00,2974173
87.9,43.9,90.1,63.2,2026-06-19 16:40:00,2974173
88.1,43.7,90.3,63.2,2026-06-19 17:00:00,2974173
86.7,44.6,88.7,62.6,2026-06-19 17:20:00,2974173
87.5,43.6,89.4,62.7,2026-06-19 17:40:00,2974173
88.7,44.0,91.8,64.0,2026-06-19 18:00:00,2974173
88.4,42.2,90.3,62.5,2026-06-19 18:20:00,2974173
89.2,41.1,91.4,62.5,2026-06-19 18:40:00,2974173
86.6,42.3,87.8,61.0,2026-06-19 19:00:00,2974173
88.7,42.3,90.9,62.8,2026-06-19 19:20:00,2974173
84.9,42.9,85.3,59.9,2026-06-19 19:40:00,2974173
83.9,45.9,84.4,60.8,2026-06-19 20:00:00,2974173
82.5,49.7,82.9,61.8,2026-06-19 20:20:00,2974173
81.0,49.6,81.0,60.4,2026-06-19 20:40:00,2974173
80.1,49.0,79.7,59.2,2026-06-19 21:00:00,2974173
78.8,49.8,78.3,58.5,2026-06-19 21:20:00,2974173
77.2,53.4,76.5,58.9,2026-06-19 21:40:00,2974173
76.1,54.6,75.4,58.6,2026-06-19 22:00:00,2974173
75.4,55.5,74.8,58.4,2026-06-19 22:20:00,2974173
75.0,54.6,74.1,57.5,2026-06-19 22:40:00,2974173
73.5,57.9,73.2,57.8,2026-06-19 23:00:00,2974173
72.5,57.9,72.3,56.9,2026-06-19 23:20:00,2974173
71.6,60.6,71.6,57.3,2026-06-19 23:40:00,2974173
71.0,61.5,70.9,57.1,2026-06-20 00:00:00,2974173
70.3,62.1,70.0,56.7,2026-06-20 00:20:00,2974173
70.1,62.9,69.8,56.9,2026-06-20 00:40:00,2974173
70.8,58.5,70.7,55.5,2026-06-20 01:00:00,2974173
70.1,58.7,69.6,55.0,2026-06-20 01:20:00,2974173
69.1,61.3,68.5,55.2,2026-06-20 01:40:00,2974173
67.6,65.6,66.6,55.7,2026-06-20 02:00:00,2974173
66.7,68.1,65.7,55.8,2026-06-20 02:20:00,2974173
65.7,70.6,64.6,55.8,2026-06-20 02:40:00,2974173
64.8,72.9,63.7,55.9,2026-06-20 03:00:00,2974173
64.2,74.2,63.1,55.8,2026-06-20 03:20:00,2974173
63.9,76.0,63.1,56.2,2026-06-20 03:40:00,2974173
63.6,75.1,62.8,55.5,2026-06-20 04:00:00,2974173
63.1,75.6,62.2,55.3,2026-06-20 04:20:00,2974173
62.7,77.9,62.1,55.7,2026-06-20 04:40:00,2974173
61.9,79.5,61.5,55.5,2026-06-20 05:00:00,2974173
61.6,80.3,61.2,55.4,2026-06-20 05:20:00,2974173
61.1,81.7,60.8,55.5,2026-06-20 05:40:00,2974173
60.8,82.9,60.6,55.5,2026-06-20 06:00:00,2974173
60.9,83.2,60.8,55.7,2026-06-20 06:20:00,2974173
61.4,83.7,61.3,56.5,2026-06-20 06:40:00,2974173
63.1,82.7,63.0,57.7,2026-06-20 07:00:00,2974173
64.3,81.8,64.0,58.6,2026-06-20 07:20:00,2974173
66.2,79.2,66.0,59.6,2026-06-20 07:40:00,2974173
71.5,73.0,72.3,62.4,2026-06-20 08:00:00,2974173
83.0,54.3,85.1,64.8,2026-06-20 08:20:00,2974173
85.7,43.2,86.5,60.7,2026-06-20 08:40:00,2974173
86.0,41.3,86.4,59.7,2026-06-20 09:00:00,2974173
86.2,39.5,86.4,58.7,2026-06-20 09:20:00,2974173
86.4,38.1,86.4,57.8,2026-06-20 09:40:00,2974173
87.2,36.4,86.9,57.3,2026-06-20 10:00:00,2974173
86.9,35.7,86.2,56.5,2026-06-20 10:20:00,2974173
84.3,33.2,82.2,52.3,2026-06-20 10:40:00,2974173
86.9,31.3,84.9,52.9,2026-06-20 11:00:00,2974173
87.5,29.5,85.3,51.7,2026-06-20 11:20:00,2974173
89.2,31.1,88.0,54.7,2026-06-20 11:40:00,2974173
88.1,30.3,86.2,53.0,2026-06-20 12:00:00,2974173
86.8,30.8,84.7,52.4,2026-06-20 12:20:00,2974173
87.6,29.0,85.1,51.5,2026-06-20 12:40:00,2974173
88.9,31.0,87.6,54.4,2026-06-20 13:00:00,2974173
87.8,31.5,86.2,53.8,2026-06-20 13:20:00,2974173
88.2,30.5,86.4,53.3,2026-06-20 13:40:00,2974173
89.7,30.5,88.5,54.6,2026-06-20 14:00:00,2974173
90.5,29.7,89.6,54.6,2026-06-20 14:20:00,2974173
89.1,28.6,87.3,52.3,2026-06-20 14:40:00,2974173
88.4,29.5,86.4,52.6,2026-06-20 15:00:00,2974173
89.9,30.6,88.9,54.9,2026-06-20 15:20:00,2974173
88.8,31.4,87.4,54.6,2026-06-20 15:40:00,2974173
90.2,31.1,89.4,55.6,2026-06-20 16:00:00,2974173
90.6,29.6,89.6,54.6,2026-06-20 16:20:00,2974173
88.9,31.0,87.6,54.3,2026-06-20 16:40:00,2974173
89.2,31.5,88.2,55.1,2026-06-20 17:00:00,2974173
89.3,31.5,88.3,55.2,2026-06-20 17:20:00,2974173
90.1,30.8,89.1,55.2,2026-06-20 17:40:00,2974173
91.3,31.1,91.0,56.5,2026-06-20 18:00:00,2974173
90.6,31.1,90.1,55.9,2026-06-20 18:20:00,2974173
90.6,29.8,89.6,54.8,2026-06-20 18:40:00,2974173
90.4,32.3,90.1,56.7,2026-06-20 19:00:00,2974173
89.4,33.7,89.1,57.1,2026-06-20 19:20:00,2974173
86.1,36.5,85.3,56.4,2026-06-20 19:40:00,2974173
84.4,39.0,83.7,56.8,2026-06-20 20:00:00,2974173
83.2,40.8,82.2,56.9,2026-06-20 20:20:00,2974173
82.0,41.7,80.6,56.4,2026-06-20 20:40:00,2974173
80.4,44.6,79.3,56.9,2026-06-20 21:00:00,2974173
79.5,47.0,78.6,57.5,2026-06-20 21:20:00,2974173
78.8,48.8,77.9,57.8,2026-06-20 21:40:00,2974173
77.7,50.7,76.6,57.9,2026-06-20 22:00:00,2974173
77.0,53.1,76.3,58.7,2026-06-20 22:20:00,2974173
76.2,54.0,75.4,58.4,2026-06-20 22:40:00,2974173
75.3,55.3,74.7,58.2,2026-06-20 23:00:00,2974173
74.6,56.1,73.9,57.9,2026-06-20 23:20:00,2974173
73.7,58.2,73.4,58.2,2026-06-20 23:40:00,2974173
73.4,58.8,73.2,58.1,2026-06-21 00:00:00,2974173
73.6,59.9,73.4,58.8,2026-06-21 00:20:00,2974173
73.3,61.1,73.2,59.1,2026-06-21 00:40:00,2974173
72.7,62.1,72.9,58.9,2026-06-21 01:00:00,2974173
72.2,62.8,72.3,58.9,2026-06-21 01:20:00,2974173
71.4,65.2,71.6,59.1,2026-06-21 01:40:00,2974173
71.3,66.1,71.8,59.3,2026-06-21 02:00:00,2974173
70.9,66.6,71.4,59.3,2026-06-21 02:20:00,2974173
70.6,67.7,70.9,59.4,2026-06-21 02:40:00,2974173
70.1,69.6,70.3,59.7,2026-06-21 03:00:00,2974173
69.7,69.8,69.8,59.3,2026-06-21 03:20:00,2974173
68.9,70.2,68.9,58.8,2026-06-21 03:40:00,2974173
68.3,73.2,68.2,59.4,2026-06-21 04:00:00,2974173
68.1,73.5,68.0,59.3,2026-06-21 04:20:00,2974173
67.7,74.3,67.5,59.3,2026-06-21 04:40:00,2974173
67.4,75.4,67.3,59.3,2026-06-21 05:00:00,2974173
67.0,76.9,66.9,59.5,2026-06-21 05:20:00,2974173
66.6,78.5,66.4,59.7,2026-06-21 05:40:00,2974173
66.3,79.5,66.0,59.7,2026-06-21 06:00:00,2974173
66.4,80.1,66.4,60.1,2026-06-21 06:20:00,2974173
67.1,80.8,67.5,61.0,2026-06-21 06:40:00,2974173
67.8,80.5,68.2,61.6,2026-06-21 07:00:00,2974173
69.5,79.2,70.3,62.8,2026-06-21 07:20:00,2974173
72.0,75.8,73.0,63.9,2026-06-21 07:40:00,2974173
75.5,71.4,76.5,65.6,2026-06-21 08:00:00,2974173
80.5,61.8,82.6,66.2,2026-06-21 08:20:00,2974173
86.1,54.2,90.7,67.7,2026-06-21 08:40:00,2974173
89.0,48.9,94.1,67.3,2026-06-21 09:00:00,2974173
87.9,47.0,91.2,65.2,2026-06-21 09:20:00,2974173
89.3,45.5,93.2,65.5,2026-06-21 09:40:00,2974173
91.0,44.2,95.9,66.2,2026-06-21 10:00:00,2974173
90.4,39.6,93.0,62.5,2026-06-21 10:20:00,2974173
90.2,38.0,92.1,61.2,2026-06-21 10:40:00,2974173
91.0,36.5,92.8,60.8,2026-06-21 11:00:00,2974173
94.8,36.4,99.1,63.9,2026-06-21 11:20:00,2974173
91.8,33.9,93.0,59.3,2026-06-21 11:40:00,2974173
94.0,34.0,96.4,61.4,2026-06-21 12:00:00,2974173
94.9,33.5,97.9,61.8,2026-06-21 12:20:00,2974173
95.5,32.9,98.6,61.8,2026-06-21 12:40:00,2974173
94.1,31.0,95.4,58.9,2026-06-21 13:00:00,2974173
94.6,32.0,96.4,60.1,2026-06-21 13:20:00,2974173
94.1,31.2,95.5,59.1,2026-06-21 13:40:00,2974173
94.7,32.5,97.0,60.7,2026-06-21 14:00:00,2974173
95.0,34.7,99.0,62.8,2026-06-21 14:20:00,2974173
95.5,32.9,98.6,61.7,2026-06-21 14:40:00,2974173
92.5,35.8,95.0,61.5,2026-06-21 15:00:00,2974173
92.4,36.0,95.0,61.6,2026-06-21 15:20:00,2974173
93.4,35.7,96.3,62.2,2026-06-21 15:40:00,2974173
96.7,31.4,99.9,61.4,2026-06-21 16:00:00,2974173
94.6,33.9,97.5,61.8,2026-06-21 16:20:00,2974173
94.9,34.3,98.4,62.4,2026-06-21 16:40:00,2974173
93.4,35.2,96.3,61.8,2026-06-21 17:00:00,2974173
92.4,36.8,95.4,62.2,2026-06-21 17:20:00,2974173
94.2,36.4,98.1,63.5,2026-06-21 17:40:00,2974173
93.4,37.1,97.2,63.4,2026-06-21 18:00:00,2974173
91.8,37.0,94.5,61.8,2026-06-21 18:20:00,2974173
93.8,37.2,97.9,63.7,2026-06-21 18:40:00,2974173
90.6,40.1,93.6,63.0,2026-06-21 19:00:00,2974173
88.8,41.9,91.0,62.7,2026-06-21 19:20:00,2974173
88.0,43.6,90.3,63.2,2026-06-21 19:40:00,2974173
87.5,45.4,90.0,63.7,2026-06-21 20:00:00,2974173
86.8,47.5,89.6,64.5,2026-06-21 20:20:00,2974173
86.5,48.1,89.2,64.6,2026-06-21 20:40:00,2974173
85.2,49.4,87.6,64.2,2026-06-21 21:00:00,2974173
84.2,51.0,86.4,64.1,2026-06-21 21:20:00,2974173
83.4,51.5,84.9,63.7,2026-06-21 21:40:00,2974173
82.5,52.0,83.5,63.1,2026-06-21 22:00:00,2974173
81.6,53.5,82.6,63.0,2026-06-21 22:20:00,2974173
80.9,54.7,81.7,63.1,2026-06-21 22:40:00,2974173
80.3,56.5,81.3,63.4,2026-06-21 23:00:00,2974173
79.6,57.2,80.4,63.2,2026-06-21 23:20:00,2974173
78.9,59.0,79.7,63.4,2026-06-21 23:40:00,2974173
78.8,61.3,79.9,64.4,2026-06-22 00:00:00,2974173
78.5,64.0,79.9,65.3,2026-06-22 00:20:00,2974173
78.1,67.1,79.9,66.3,2026-06-22 00:40:00,2974173
77.6,69.7,79.3,66.9,2026-06-22 01:00:00,2974173
77.2,71.7,79.0,67.4,2026-06-22 01:20:00,2974173
76.7,73.4,78.1,67.5,2026-06-22 01:40:00,2974173
76.2,74.7,77.5,67.6,2026-06-22 02:00:00,2974173
75.9,75.9,77.4,67.7,2026-06-22 02:20:00,2974173
75.5,77.7,77.2,68.1,2026-06-22 02:40:00,2974173
75.2,79.1,77.0,68.3,2026-06-22 03:00:00,2974173
74.7,80.6,76.6,68.3,2026-06-22 03:20:00,2974173
74.3,82.2,76.5,68.5,2026-06-22 03:40:00,2974173
74.2,83.0,76.3,68.7,2026-06-22 04:00:00,2974173
73.8,84.3,75.9,68.8,2026-06-22 04:20:00,2974173
73.5,85.8,75.6,68.9,2026-06-22 04:40:00,2974173
73.2,86.8,75.4,69.0,2026-06-22 05:00:00,2974173
73.0,87.9,75.0,69.2,2026-06-22 05:20:00,2974173
72.7,89.1,74.8,69.3,2026-06-22 05:40:00,2974173
72.7,90.1,75.0,69.6,2026-06-22 06:00:00,2974173
72.8,90.7,75.0,69.9,2026-06-22 06:20:00,2974173
73.1,90.8,75.6,70.3,2026-06-22 06:40:00,2974173
74.1,90.5,76.8,71.1,2026-06-22 07:00:00,2974173
75.5,89.0,78.4,72.0,2026-06-22 07:20:00,2974173
76.3,87.0,79.3,72.2,2026-06-22 07:40:00,2974173
80.0,82.6,86.2,74.3,2026-06-22 08:00:00,2974173
85.3,72.0,95.5,75.2,2026-06-22 08:20:00,2974173
86.2,65.3,95.2,73.2,2026-06-22 08:40:00,2974173
88.6,65.2,100.6,75.4,2026-06-22 09:00:00,2974173
90.2,58.9,101.7,73.9,2026-06-22 09:20:00,2974173
91.2,59.0,104.4,74.9,2026-06-22 09:40:00,2974173
92.0,56.3,104.5,74.2,2026-06-22 10:00:00,2974173
91.2,57.7,103.6,74.2,2026-06-22 10:20:00,2974173
92.5,56.8,106.2,74.9,2026-06-22 10:40:00,2974173
92.4,55.9,105.3,74.3,2026-06-22 11:00:00,2974173
92.8,55.5,106.0,74.5,2026-06-22 11:20:00,2974173
95.6,49.1,108.9,73.5,2026-06-22 11:40:00,2974173
93.3,51.3,104.5,72.6,2026-06-22 12:00:00,2974173
94.7,49.5,106.9,72.8,2026-06-22 12:20:00,2974173
95.1,51.9,109.6,74.7,2026-06-22 12:40:00,2974173
95.8,46.9,107.8,72.2,2026-06-22 13:00:00,2974173
94.4,49.3,105.8,72.5,2026-06-22 13:20:00,2974173
96.0,46.8,108.0,72.4,2026-06-22 13:40:00,2974173
95.5,47.2,107.1,72.1,2026-06-22 14:00:00,2974173
95.0,44.8,104.5,70.2,2026-06-22 14:20:00,2974173
95.7,45.9,106.5,71.5,2026-06-22 14:40:00,2974173
95.0,45.1,104.7,70.4,2026-06-22 15:00:00,2974173
95.2,45.7,105.1,70.9,2026-06-22 15:20:00,2974173
96.1,43.9,106.0,70.6,2026-06-22 15:40:00,2974173
95.8,43.8,105.6,70.2,2026-06-22 16:00:00,2974173
95.5,44.9,105.4,70.7,2026-06-22 16:20:00,2974173
96.0,44.9,106.7,71.1,2026-06-22 16:40:00,2974173
96.3,43.5,106.5,70.4,2026-06-22 17:00:00,2974173
96.4,42.5,106.0,69.9,2026-06-22 17:20:00,2974173
96.8,41.5,106.2,69.6,2026-06-22 17:40:00,2974173
96.8,41.5,106.2,69.5,2026-06-22 18:00:00,2974173
96.3,42.5,106.0,69.8,2026-06-22 18:20:00,2974173
96.0,44.2,106.2,70.7,2026-06-22 18:40:00,2974173
93.6,46.2,102.2,69.8,2026-06-22 19:00:00,2974173
94.3,46.3,103.5,70.5,2026-06-22 19:20:00,2974173
92.2,47.6,100.2,69.4,2026-06-22 19:40:00,2974173
91.0,49.9,98.8,69.7,2026-06-22 20:00:00,2974173
90.3,51.2,97.9,69.8,2026-06-22 20:20:00,2974173
87.4,47.9,90.7,65.2,2026-06-22 20:40:00,2974173
83.5,54.9,86.2,65.6,2026-06-22 21:00:00,2974173
79.1,66.3,81.3,66.9,2026-06-22 21:20:00,2974173
78.4,70.5,80.8,68.0,2026-06-22 21:40:00,2974173
78.8,71.3,81.9,68.8,2026-06-22 22:00:00,2974173
78.8,72.0,82.0,69.0,2026-06-22 22:20:00,2974173
78.5,73.2,81.5,69.2,2026-06-22 22:40:00,2974173
78.4,74.1,81.3,69.5,2026-06-22 23:00:00,2974173
78.4,74.6,81.3,69.6,2026-06-22 23:20:00,2974173
78.9,73.7,82.2,69.8,2026-06-22 23:40:00,2974173
78.9,75.0,82.6,70.3,2026-06-23 00:00:00,2974173
79.0,78.5,83.5,71.7,2026-06-23 00:20:00,2974173
77.9,80.2,81.7,71.3,2026-06-23 00:40:00,2974173
76.9,81.2,79.7,70.7,2026-06-23 01:00:00,2974173
76.3,81.7,78.6,70.3,2026-06-23 01:20:00,2974173
76.1,81.9,78.3,70.1,2026-06-23 01:40:00,2974173
75.8,82.5,78.3,70.1,2026-06-23 02:00:00,2974173
75.5,83.2,77.7,70.1,2026-06-23 02:20:00,2974173
75.1,84.0,77.5,69.9,2026-06-23 02:40:00,2974173
74.8,84.7,77.2,69.9,2026-06-23 03:00:00,2974173
74.7,85.4,77.2,70.0,2026-06-23 03:20:00,2974173
75.3,85.3,77.9,70.6,2026-06-23 03:40:00,2974173
75.6,84.8,78.3,70.7,2026-06-23 04:00:00,2974173
75.6,85.0,78.3,70.8,2026-06-23 04:20:00,2974173
75.3,85.7,77.9,70.7,2026-06-23 04:40:00,2974173
75.2,86.3,77.7,70.8,2026-06-23 05:00:00,2974173
75.3,86.7,78.1,71.0,2026-06-23 05:20:00,2974173
75.8,86.5,78.6,71.5,2026-06-23 05:40:00,2974173
76.5,85.6,79.5,71.8,2026-06-23 06:00:00,2974173
76.7,85.0,79.9,71.9,2026-06-23 06:20:00,2974173
76.9,85.1,80.2,72.1,2026-06-23 06:40:00,2974173
77.7,84.6,81.7,72.7,2026-06-23 07:00:00,2974173
78.5,83.2,83.5,73.0,2026-06-23 07:20:00,2974173
79.4,81.7,84.9,73.3,2026-06-23 07:40:00,2974173
81.7,79.3,89.2,74.7,2026-06-23 08:00:00,2974173
85.7,69.9,95.7,74.8,2026-06-23 08:20:00,2974173
89.3,64.7,102.4,75.9,2026-06-23 08:40:00,2974173
86.1,62.5,93.6,71.8,2026-06-23 09:00:00,2974173
88.9,60.2,99.0,73.3,2026-06-23 09:20:00,2974173
88.7,59.5,97.7,72.8,2026-06-23 09:40:00,2974173
86.7,63.0,95.0,72.6,2026-06-23 10:00:00,2974173
87.7,64.1,97.7,74.0,2026-06-23 10:20:00,2974173
87.3,62.5,96.3,73.0,2026-06-23 10:40:00,2974173
90.4,59.6,102.4,74.5,2026-06-23 11:00:00,2974173
87.5,60.4,95.7,72.1,2026-06-23 11:20:00,2974173
82.2,69.1,87.4,71.1,2026-06-23 11:40:00,2974173
74.2,87.8,76.6,70.3,2026-06-23 12:00:00,2974173
75.5,91.8,78.8,72.9,2026-06-23 12:20:00,2974173
79.2,90.1,86.4,76.0,2026-06-23 12:40:00,2974173
83.8,82.2,95.2,77.7,2026-06-23 13:00:00,2974173
86.3,79.4,101.3,79.2,2026-06-23 13:20:00,2974173
81.6,80.2,88.9,74.8,2026-06-23 13:40:00,2974173
78.5,88.2,84.4,74.8,2026-06-23 14:00:00,2974173
73.8,91.4,76.6,71.2,2026-06-23 14:20:00,2974173
74.7,93.3,77.9,72.6,2026-06-23 14:40:00,2974173
75.3,92.3,78.6,72.9,2026-06-23 15:00:00,2974173
76.8,91.0,80.6,73.9,2026-06-23 15:20:00,2974173
78.5,85.1,83.7,73.7,2026-06-23 15:40:00,2974173
79.8,80.4,85.3,73.2,2026-06-23 16:00:00,2974173
80.9,79.3,87.4,73.9,2026-06-23 16:20:00,2974173
80.5,77.1,86.0,72.6,2026-06-23 16:40:00,2974173
81.3,77.6,87.6,73.6,2026-06-23 17:00:00,2974173
80.4,76.1,85.6,72.2,2026-06-23 17:20:00,2974173
80.9,75.8,86.4,72.6,2026-06-23 17:40:00,2974173
83.9,70.0,91.4,73.1,2026-06-23 18:00:00,2974173
84.2,70.9,92.7,73.8,2026-06-23 18:20:00,2974173
82.9,67.9,88.2,71.2,2026-06-23 18:40:00,2974173
78.1,73.4,80.8,68.9,2026-06-23 19:00:00,2974173
75.7,78.2,77.5,68.4,2026-06-23 19:20:00,2974173
73.8,85.1,75.9,69.0,2026-06-23 19:40:00,2974173
72.6,87.2,74.5,68.6,2026-06-23 20:00:00,2974173
72.1,86.7,74.1,68.0,2026-06-23 20:20:00,2974173
71.7,87.3,73.4,67.7,2026-06-23 20:40:00,2974173
71.2,88.0,72.7,67.5,2026-06-23 21:00:00,2974173
71.3,87.7,72.9,67.5,2026-06-23 21:20:00,2974173
71.3,87.3,72.9,67.3,2026-06-23 21:40:00,2974173
71.1,87.3,72.7,67.1,2026-06-23 22:00:00,2974173
70.6,87.7,72.0,66.7,2026-06-23 22:20:00,2974173
70.6,88.2,72.0,67.0,2026-06-23 22:40:00,2974173
70.4,88.9,71.8,66.9,2026-06-23 23:00:00,2974173
70.0,90.0,71.6,66.9,2026-06-23 23:20:00,2974173
69.6,91.1,70.9,66.9,2026-06-23 23:40:00,2974173
68.9,92.1,70.3,66.5,2026-06-24 00:00:00,2974173
68.5,92.9,69.6,66.4,2026-06-24 00:20:00,2974173
68.5,93.3,69.6,66.5,2026-06-24 00:40:00,2974173
68.3,93.7,69.4,66.4,2026-06-24 01:00:00,2974173
67.9,94.0,69.3,66.1,2026-06-24 01:20:00,2974173
67.7,94.5,69.1,66.1,2026-06-24 01:40:00,2974173
67.6,94.8,68.9,66.0,2026-06-24 02:00:00,2974173
67.2,95.0,68.4,65.8,2026-06-24 02:20:00,2974173
67.0,95.2,68.2,65.6,2026-06-24 02:40:00,2974173
66.7,95.3,67.8,65.3,2026-06-24 03:00:00,2974173
66.6,95.4,67.8,65.3,2026-06-24 03:20:00,2974173
66.4,95.6,67.6,65.1,2026-06-24 03:40:00,2974173
66.1,95.7,67.3,64.8,2026-06-24 04:00:00,2974173
66.0,95.8,67.1,64.8,2026-06-24 04:20:00,2974173
65.4,95.7,66.4,64.2,2026-06-24 04:40:00,2974173
64.8,95.4,65.7,63.4,2026-06-24 05:00:00,2974173
64.5,94.8,65.3,62.9,2026-06-24 05:20:00,2974173
64.1,94.7,64.9,62.5,2026-06-24 05:40:00,2974173
63.8,94.7,64.6,62.3,2026-06-24 06:00:00,2974173
63.5,94.7,64.2,61.9,2026-06-24 06:20:00,2974173
63.5,94.5,64.4,61.9,2026-06-24 06:40:00,2974173
64.1,93.4,64.8,62.1,2026-06-24 07:00:00,2974173
64.9,90.2,65.7,62.0,2026-06-24 07:20:00,2974173
66.7,85.1,66.9,62.1,2026-06-24 07:40:00,2974173
70.0,75.8,70.7,62.0,2026-06-24 08:00:00,2974173
74.9,64.8,75.2,62.2,2026-06-24 08:20:00,2974173
78.6,58.7,79.2,62.9,2026-06-24 08:40:00,2974173
79.8,50.2,79.5,59.6,2026-06-24 09:00:00,2974173
80.7,47.8,80.2,59.1,2026-06-24 09:20:00,2974173
81.1,47.4,80.6,59.2,2026-06-24 09:40:00,2974173
81.2,44.6,80.2,57.6,2026-06-24 10:00:00,2974173
82.8,43.9,82.2,58.6,2026-06-24 10:20:00,2974173
81.1,41.5,79.5,55.6,2026-06-24 10:40:00,2974173
85.2,41.7,85.5,59.3,2026-06-24 11:00:00,2974173
84.8,39.4,84.4,57.4,2026-06-24 11:20:00,2974173
83.5,41.8,82.9,57.9,2026-06-24 11:40:00,2974173
83.0,38.2,81.5,54.9,2026-06-24 12:00:00,2974173
86.0,38.5,85.8,57.8,2026-06-24 12:20:00,2974173
86.4,37.9,86.2,57.7,2026-06-24 12:40:00,2974173
86.6,37.5,86.4,57.6,2026-06-24 13:00:00,2974173
85.8,36.4,85.1,56.1,2026-06-24 13:20:00,2974173
86.7,37.5,86.5,57.7,2026-06-24 13:40:00,2974173
84.8,36.7,83.7,55.4,2026-06-24 14:00:00,2974173
86.0,36.7,85.1,56.5,2026-06-24 14:20:00,2974173
86.4,39.8,86.7,59.1,2026-06-24 14:40:00,2974173
85.3,38.2,84.7,56.9,2026-06-24 15:00:00,2974173
84.2,37.5,82.8,55.5,2026-06-24 15:20:00,2974173
82.7,36.6,80.6,53.5,2026-06-24 15:40:00,2974173
84.7,39.4,84.0,57.3,2026-06-24 16:00:00,2974173
86.1,38.0,85.6,57.5,2026-06-24 16:20:00,2974173
85.0,38.3,84.4,56.8,2026-06-24 16:40:00,2974173
84.2,35.7,82.6,54.1,2026-06-24 17:00:00,2974173
85.7,36.7,84.9,56.2,2026-06-24 17:20:00,2974173
86.6,39.5,86.9,59.1,2026-06-24 17:40:00,2974173
88.0,34.4,87.4,56.5,2026-06-24 18:00:00,2974173
85.1,36.6,84.2,55.7,2026-06-24 18:20:00,2974173
87.5,39.1,88.0,59.5,2026-06-24 18:40:00,2974173
87.3,36.8,87.1,57.7,2026-06-24 19:00:00,2974173
84.1,41.3,83.7,58.0,2026-06-24 19:20:00,2974173
81.5,47.7,81.3,59.8,2026-06-24 19:40:00,2974173
80.0,49.0,79.5,59.2,2026-06-24 20:00:00,2974173
78.3,52.2,77.9,59.3,2026-06-24 20:20:00,2974173
76.6,55.6,76.1,59.6,2026-06-24 20:40:00,2974173
75.0,59.4,74.7,59.9,2026-06-24 21:00:00,2974173
73.7,62.4,73.8,60.1,2026-06-24 21:20:00,2974173
72.8,65.8,73.0,60.7,2026-06-24 21:40:00,2974173
71.7,68.7,72.1,60.9,2026-06-24 22:00:00,2974173
71.5,70.3,72.1,61.3,2026-06-24 22:20:00,2974173
71.0,70.0,71.6,60.8,2026-06-24 22:40:00,2974173
70.6,70.4,71.1,60.5,2026-06-24 23:00:00,2974173
69.9,72.2,70.3,60.6,2026-06-24 23:20:00,2974173
69.4,74.3,69.6,60.8,2026-06-24 23:40:00,2974173
69.0,75.3,69.3,60.9,2026-06-25 00:00:00,2974173
68.5,75.3,68.5,60.4,2026-06-25 00:20:00,2974173
68.2,77.4,68.5,60.8,2026-06-25 00:40:00,2974173
67.6,78.8,67.5,60.8,2026-06-25 01:00:00,2974173
67.2,80.0,67.3,60.8,2026-06-25 01:20:00,2974173
67.0,81.0,67.1,60.9,2026-06-25 01:40:00,2974173
66.4,82.6,66.7,61.0,2026-06-25 02:00:00,2974173
66.3,83.2,66.4,61.1,2026-06-25 02:20:00,2974173
66.0,84.0,66.0,61.0,2026-06-25 02:40:00,2974173
65.7,84.8,65.8,61.0,2026-06-25 03:00:00,2974173
65.6,85.8,65.7,61.2,2026-06-25 03:20:00,2974173
65.4,86.2,65.5,61.2,2026-06-25 03:40:00,2974173
65.4,86.9,65.7,61.4,2026-06-25 04:00:00,2974173
65.4,87.5,65.7,61.6,2026-06-25 04:20:00,2974173
65.1,87.6,65.3,61.3,2026-06-25 04:40:00,2974173
64.8,88.2,65.1,61.2,2026-06-25 05:00:00,2974173
64.5,89.1,64.8,61.2,2026-06-25 05:20:00,2974173
64.4,89.8,64.6,61.3,2026-06-25 05:40:00,2974173
64.2,90.5,64.6,61.4,2026-06-25 06:00:00,2974173
64.5,90.9,64.9,61.8,2026-06-25 06:20:00,2974173
64.9,90.8,65.7,62.2,2026-06-25 06:40:00,2974173
65.9,90.6,66.6,63.0,2026-06-25 07:00:00,2974173
67.6,89.2,68.4,64.3,2026-06-25 07:20:00,2974173
70.0,86.6,71.4,65.8,2026-06-25 07:40:00,2974173
73.1,83.5,75.0,67.8,2026-06-25 08:00:00,2974173
78.7,75.1,82.2,70.1,2026-06-25 08:20:00,2974173
82.3,67.1,86.9,70.3,2026-06-25 08:40:00,2974173
83.0,63.2,87.3,69.2,2026-06-25 09:00:00,2974173
82.8,63.9,87.1,69.3,2026-06-25 09:20:00,2974173
83.5,62.2,88.2,69.2,2026-06-25 09:40:00,2974173
85.4,58.7,90.9,69.3,2026-06-25 10:00:00,2974173
86.1,55.4,91.0,68.2,2026-06-25 10:20:00,2974173
87.0,53.2,91.9,67.9,2026-06-25 10:40:00,2974173
85.8,53.7,89.8,67.1,2026-06-25 11:00:00,2974173
87.5,52.0,92.5,67.7,2026-06-25 11:20:00,2974173
85.4,52.4,88.7,66.0,2026-06-25 11:40:00,2974173
85.3,51.5,88.2,65.4,2026-06-25 12:00:00,2974173
83.9,52.7,86.4,64.8,2026-06-25 12:20:00,2974173
86.6,48.8,89.8,65.0,2026-06-25 12:40:00,2974173
84.7,49.4,86.5,63.7,2026-06-25 13:00:00,2974173
88.0,46.1,91.2,64.7,2026-06-25 13:20:00,2974173
87.6,43.8,89.6,62.9,2026-06-25 13:40:00,2974173
87.2,44.9,89.2,63.2,2026-06-25 14:00:00,2974173
88.7,47.5,93.2,66.2,2026-06-25 14:20:00,2974173
89.4,42.9,92.3,63.9,2026-06-25 14:40:00,2974173
87.7,43.0,89.4,62.3,2026-06-25 15:00:00,2974173
88.3,44.5,90.9,64.0,2026-06-25 15:20:00,2974173
89.6,43.2,93.0,64.3,2026-06-25 15:40:00,2974173
87.2,47.0,90.0,64.5,2026-06-25 16:00:00,2974173
89.3,46.5,93.9,66.1,2026-06-25 16:20:00,2974173
88.6,45.7,91.9,65.0,2026-06-25 16:40:00,2974173
87.3,43.2,89.1,62.2,2026-06-25 17:00:00,2974173
87.5,45.8,90.1,64.1,2026-06-25 17:20:00,2974173
90.1,44.6,94.6,65.7,2026-06-25 17:40:00,2974173
89.9,43.9,93.7,65.0,2026-06-25 18:00:00,2974173
89.0,45.3,92.5,65.0,2026-06-25 18:20:00,2974173
88.4,45.8,91.6,64.9,2026-06-25 18:40:00,2974173
89.2,46.6,93.6,66.1,2026-06-25 19:00:00,2974173
88.4,46.4,91.9,65.2,2026-06-25 19:20:00,2974173
86.5,48.1,89.2,64.5,2026-06-25 19:40:00,2974173
85.1,52.4,88.5,65.7,2026-06-25 20:00:00,2974173
83.9,54.3,86.7,65.7,2026-06-25 20:20:00,2974173
82.6,56.0,84.7,65.3,2026-06-25 20:40:00,2974173
81.4,57.5,83.1,65.0,2026-06-25 21:00:00,2974173
80.4,59.3,81.9,64.9,2026-06-25 21:20:00,2974173
79.5,60.5,81.0,64.7,2026-06-25 21:40:00,2974173
78.6,62.6,79.9,64.8,2026-06-25 22:00:00,2974173
77.8,65.4,79.0,65.3,2026-06-25 22:20:00,2974173
76.8,67.9,77.5,65.4,2026-06-25 22:40:00,2974173
76.0,69.7,76.8,65.4,2026-06-25 23:00:00,2974173
75.5,70.8,76.5,65.4,2026-06-25 23:20:00,2974173
75.1,72.8,76.3,65.7,2026-06-25 23:40:00,2974173
74.5,74.4,75.7,65.8,2026-06-26 00:00:00,2974173
73.5,76.5,74.8,65.6,2026-06-26 00:20:00,2974173
73.5,77.3,74.8,65.9,2026-06-26 00:40:00,2974173
73.1,77.8,74.5,65.8,2026-06-26 01:00:00,2974173
73.0,77.7,74.1,65.6,2026-06-26 01:20:00,2974173
73.0,77.3,74.1,65.5,2026-06-26 01:40:00,2974173
72.8,77.9,74.1,65.4,2026-06-26 02:00:00,2974173
72.4,78.9,73.8,65.5,2026-06-26 02:20:00,2974173
72.3,79.1,73.6,65.5,2026-06-26 02:40:00,2974173
72.2,79.5,73.6,65.5,2026-06-26 03:00:00,2974173
72.7,78.7,74.1,65.7,2026-06-26 03:20:00,2974173
72.8,78.1,74.1,65.6,2026-06-26 03:40:00,2974173
72.6,78.6,73.8,65.6,2026-06-26 04:00:00,2974173
72.4,79.0,73.8,65.5,2026-06-26 04:20:00,2974173
72.1,80.0,73.6,65.6,2026-06-26 04:40:00,2974173
72.0,80.7,73.4,65.7,2026-06-26 05:00:00,2974173
71.4,81.5,72.5,65.4,2026-06-26 05:20:00,2974173
70.7,83.0,72.1,65.3,2026-06-26 05:40:00,2974173
70.5,84.2,71.6,65.5,2026-06-26 06:00:00,2974173
70.2,84.8,71.4,65.4,2026-06-26 06:20:00,2974173
70.5,85.6,71.8,66.0,2026-06-26 06:40:00,2974173
71.2,85.7,72.5,66.7,2026-06-26 07:00:00,2974173
72.5,84.8,74.1,67.6,2026-06-26 07:20:00,2974173
74.4,82.8,76.5,68.8,2026-06-26 07:40:00,2974173
78.2,78.1,81.7,70.8,2026-06-26 08:00:00,2974173
85.0,67.6,93.2,73.1,2026-06-26 08:20:00,2974173
85.8,61.9,93.0,71.3,2026-06-26 08:40:00,2974173
86.2,61.1,93.4,71.2,2026-06-26 09:00:00,2974173
83.7,63.1,88.9,69.8,2026-06-26 09:20:00,2974173
83.8,62.2,88.5,69.5,2026-06-26 09:40:00,2974173
84.4,61.0,89.2,69.5,2026-06-26 10:00:00,2974173
87.4,57.5,94.3,70.5,2026-06-26 10:20:00,2974173
90.2,50.1,97.3,69.2,2026-06-26 10:40:00,2974173
91.4,47.1,98.1,68.4,2026-06-26 11:00:00,2974173
89.0,49.7,94.5,67.8,2026-06-26 11:20:00,2974173
88.2,50.9,93.4,67.7,2026-06-26 11:40:00,2974173
87.3,52.4,92.3,67.7,2026-06-26 12:00:00,2974173
87.0,53.4,92.1,68.1,2026-06-26 12:20:00,2974173
87.3,52.8,92.3,68.0,2026-06-26 12:40:00,2974173
90.6,50.8,98.4,69.9,2026-06-26 13:00:00,2974173
90.6,49.8,97.9,69.3,2026-06-26 13:20:00,2974173
88.8,50.8,94.5,68.2,2026-06-26 13:40:00,2974173
87.9,51.2,92.8,67.7,2026-06-26 14:00:00,2974173
88.6,50.3,93.9,67.8,2026-06-26 14:20:00,2974173
89.2,49.8,94.8,68.0,2026-06-26 14:40:00,2974173
90.1,51.2,97.5,69.7,2026-06-26 15:00:00,2974173
88.9,51.4,95.2,68.7,2026-06-26 15:20:00,2974173
88.2,54.7,95.0,69.8,2026-06-26 15:40:00,2974173
88.5,55.0,96.1,70.3,2026-06-26 16:00:00,2974173
85.8,64.4,93.9,72.4,2026-06-26 16:20:00,2974173
85.9,64.9,94.3,72.7,2026-06-26 16:40:00,2974173
85.6,62.5,92.5,71.3,2026-06-26 17:00:00,2974173
84.5,64.2,90.9,71.1,2026-06-26 17:20:00,2974173
84.8,64.8,91.8,71.7,2026-06-26 17:40:00,2974173
84.7,64.1,91.0,71.2,2026-06-26 18:00:00,2974173
85.1,64.4,92.5,71.8,2026-06-26 18:20:00,2974173
84.0,65.8,90.5,71.4,2026-06-26 18:40:00,2974173
82.9,68.1,88.3,71.3,2026-06-26 19:00:00,2974173
82.1,69.4,87.1,71.1,2026-06-26 19:20:00,2974173
81.6,67.5,85.6,69.8,2026-06-26 19:40:00,2974173
82.0,66.8,86.0,69.8,2026-06-26 20:00:00,2974173
80.6,69.1,84.6,69.5,2026-06-26 20:20:00,2974173
79.3,72.0,82.6,69.5,2026-06-26 20:40:00,2974173
78.6,74.2,81.7,69.7,2026-06-26 21:00:00,2974173
78.0,76.3,81.0,69.9,2026-06-26 21:20:00,2974173
77.6,78.0,80.6,70.2,2026-06-26 21:40:00,2974173
77.5,79.1,80.4,70.5,2026-06-26 22:00:00,2974173
77.5,80.3,80.6,70.9,2026-06-26 22:20:00,2974173
77.4,81.3,80.8,71.2,2026-06-26 22:40:00,2974173
77.3,82.3,80.6,71.5,2026-06-26 23:00:00,2974173
77.0,83.7,80.4,71.7,2026-06-26 23:20:00,2974173
76.9,84.6,80.2,71.9,2026-06-26 23:40:00,2974173
76.6,85.0,79.5,71.8,2026-06-27 00:00:00,2974173
76.2,85.3,79.0,71.5,2026-06-27 00:20:00,2974173
75.8,85.8,78.4,71.2,2026-06-27 00:40:00,2974173
75.5,86.4,78.3,71.2,2026-06-27 01:00:00,2974173
75.1,87.2,77.7,71.0,2026-06-27 01:20:00,2974173
74.7,88.0,77.4,70.9,2026-06-27 01:40:00,2974173
74.6,88.3,77.2,70.9,2026-06-27 02:00:00,2974173
74.4,88.8,77.0,70.9,2026-06-27 02:20:00,2974173
74.5,89.1,77.4,71.0,2026-06-27 02:40:00,2974173
74.6,89.2,77.4,71.2,2026-06-27 03:00:00,2974173
74.5,89.5,77.4,71.2,2026-06-27 03:20:00,2974173
74.4,89.7,77.0,71.2,2026-06-27 03:40:00,2974173
74.3,90.2,77.0,71.2,2026-06-27 04:00:00,2974173
74.3,90.5,77.0,71.3,2026-06-27 04:20:00,2974173
74.2,90.9,77.0,71.3,2026-06-27 04:40:00,2974173
73.8,91.2,76.5,71.1,2026-06-27 05:00:00,2974173
73.6,91.7,76.5,71.0,2026-06-27 05:20:00,2974173
73.3,92.1,75.9,70.9,2026-06-27 05:40:00,2974173
73.2,92.4,75.9,70.9,2026-06-27 06:00:00,2974173
73.4,92.5,75.9,71.1,2026-06-27 06:20:00,2974173
73.5,92.5,76.1,71.2,2026-06-27 06:40:00,2974173
74.3,92.1,77.4,71.9,2026-06-27 07:00:00,2974173
75.7,90.3,79.0,72.7,2026-06-27 07:20:00,2974173
77.3,87.8,81.5,73.4,2026-06-27 07:40:00,2974173
77.7,85.6,81.9,73.0,2026-06-27 08:00:00,2974173
81.8,80.6,89.4,75.2,2026-06-27 08:20:00,2974173
85.3,74.0,96.4,76.1,2026-06-27 08:40:00,2974173
85.7,69.6,95.5,74.6,2026-06-27 09:00:00,2974173
86.2,68.3,96.4,74.6,2026-06-27 09:20:00,2974173
90.0,64.9,104.4,76.6,2026-06-27 09:40:00,2974173
89.2,62.6,100.8,74.7,2026-06-27 10:00:00,2974173
88.7,62.0,99.0,74.0,2026-06-27 10:20:00,2974173
91.7,59.2,105.4,75.4,2026-06-27 10:40:00,2974173
92.1,57.6,105.8,75.0,2026-06-27 11:00:00,2974173
89.4,59.6,99.5,73.5,2026-06-27 11:20:00,2974173
91.0,56.9,102.6,73.6,2026-06-27 11:40:00,2974173
89.6,57.7,99.7,72.7,2026-06-27 12:00:00,2974173
89.8,59.5,100.9,73.8,2026-06-27 12:20:00,2974173
91.6,56.5,104.0,73.9,2026-06-27 12:40:00,2974173
92.9,53.8,105.3,73.6,2026-06-27 13:00:00,2974173
92.7,51.2,103.3,72.0,2026-06-27 13:20:00,2974173
91.0,53.4,100.6,71.7,2026-06-27 13:40:00,2974173
92.8,52.9,104.4,73.1,2026-06-27 14:00:00,2974173
77.9,77.6,80.8,70.3,2026-06-27 14:20:00,2974173
79.2,86.3,85.5,74.8,2026-06-27 14:40:00,2974173
84.0,82.7,96.4,78.2,2026-06-27 15:00:00,2974173
86.0,81.8,101.5,79.7,2026-06-27 15:20:00,2974173
81.6,74.3,87.3,72.6,2026-06-27 15:40:00,2974173
76.4,83.0,78.8,70.9,2026-06-27 16:00:00,2974173
78.5,88.6,84.4,74.9,2026-06-27 16:20:00,2974173
80.7,85.9,88.7,76.1,2026-06-27 16:40:00,2974173
80.4,82.4,87.4,74.6,2026-06-27 17:00:00,2974173
83.6,76.0,92.5,75.2,2026-06-27 17:20:00,2974173
86.4,67.9,96.6,74.5,2026-06-27 17:40:00,2974173
88.1,66.8,100.0,75.7,2026-06-27 18:00:00,2974173
87.7,64.7,98.1,74.4,2026-06-27 18:20:00,2974173
87.3,67.9,98.8,75.4,2026-06-27 18:40:00,2974173
84.4,71.0,92.7,73.9,2026-06-27 19:00:00,2974173
83.6,74.6,91.9,74.7,2026-06-27 19:20:00,2974173
82.8,77.3,91.0,75.0,2026-06-27 19:40:00,2974173
82.5,80.0,90.9,75.7,2026-06-27 20:00:00,2974173
82.0,81.2,90.0,75.7,2026-06-27 20:20:00,2974173
81.2,82.6,88.9,75.4,2026-06-27 20:40:00,2974173
81.0,83.6,88.9,75.6,2026-06-27 21:00:00,2974173
80.3,84.1,87.4,75.1,2026-06-27 21:20:00,2974173
80.0,84.4,86.5,74.8,2026-06-27 21:40:00,2974173
79.6,80.6,85.1,73.1,2026-06-27 22:00:00,2974173
78.9,79.8,83.5,72.2,2026-06-27 22:20:00,2974173
78.5,78.9,82.6,71.4,2026-06-27 22:40:00,2974173
78.0,79.6,81.7,71.2,2026-06-27 23:00:00,2974173
77.5,80.0,80.6,70.8,2026-06-27 23:20:00,2974173
76.9,81.1,79.7,70.7,2026-06-27 23:40:00,2974173
76.5,81.9,79.0,70.6,2026-06-28 00:00:00,2974173
76.1,82.5,78.6,70.4,2026-06-28 00:20:00,2974173
75.6,83.3,78.1,70.2,2026-06-28 00:40:00,2974173
75.2,83.9,77.5,70.0,2026-06-28 01:00:00,2974173
75.0,84.8,77.4,70.1,2026-06-28 01:20:00,2974173
74.7,85.0,77.2,69.9,2026-06-28 01:40:00,2974173
74.5,85.5,76.8,69.9,2026-06-28 02:00:00,2974173
73.7,86.5,75.9,69.4,2026-06-28 02:20:00,2974173
73.5,87.8,75.7,69.6,2026-06-28 02:40:00,2974173
73.1,88.2,75.4,69.4,2026-06-28 03:00:00,2974173
72.9,88.8,75.2,69.4,2026-06-28 03:20:00,2974173
72.6,89.6,74.7,69.4,2026-06-28 03:40:00,2974173
72.5,90.0,74.5,69.3,2026-06-28 04:00:00,2974173
72.1,90.2,74.3,69.1,2026-06-28 04:20:00,2974173
71.8,90.9,73.9,69.0,2026-06-28 04:40:00,2974173
71.5,91.5,73.4,68.9,2026-06-28 05:00:00,2974173
71.5,91.9,73.4,69.0,2026-06-28 05:20:00,2974173
71.3,92.2,73.2,68.9,2026-06-28 05:40:00,2974173
71.4,92.1,73.2,69.0,2026-06-28 06:00:00,2974173
71.4,92.0,73.2,69.0,2026-06-28 06:20:00,2974173
71.6,92.0,73.4,69.1,2026-06-28 06:40:00,2974173
72.4,91.8,74.7,69.9,2026-06-28 07:00:00,2974173
73.7,89.6,76.1,70.4,2026-06-28 07:20:00,2974173
75.1,86.5,77.7,70.8,2026-06-28 07:40:00,2974173
79.1,81.9,84.2,73.1,2026-06-28 08:00:00,2974173
84.4,71.4,92.8,74.1,2026-06-28 08:20:00,2974173
78.9,76.3,82.8,70.8,2026-06-28 08:40:00,2974173
78.9,78.5,83.1,71.6,2026-06-28 09:00:00,2974173
80.2,76.3,85.1,72.1,2026-06-28 09:20:00,2974173
79.6,78.2,84.6,72.2,2026-06-28 09:40:00,2974173
82.1,74.2,88.3,73.0,2026-06-28 10:00:00,2974173
84.4,71.3,92.7,74.0,2026-06-28 10:20:00,2974173
84.3,68.6,91.8,72.8,2026-06-28 10:40:00,2974173
85.3,68.8,94.5,73.9,2026-06-28 11:00:00,2974173
87.2,67.3,98.1,75.1,2026-06-28 11:20:00,2974173
89.3,61.4,100.6,74.2,2026-06-28 11:40:00,2974173
89.9,59.4,100.9,73.8,2026-06-28 12:00:00,2974173
88.7,61.0,99.0,73.5,2026-06-28 12:20:00,2974173
90.7,59.1,103.1,74.5,2026-06-28 12:40:00,2974173
90.1,59.7,102.0,74.2,2026-06-28 13:00:00,2974173
88.9,56.2,97.3,71.3,2026-06-28 13:20:00,2974173
89.7,59.7,100.6,73.8,2026-06-28 13:40:00,2974173
92.4,55.1,104.9,74.0,2026-06-28 14:00:00,2974173
93.7,51.1,105.8,72.9,2026-06-28 14:20:00,2974173
94.2,50.2,106.2,72.8,2026-06-28 14:40:00,2974173
92.3,52.5,103.5,72.4,2026-06-28 15:00:00,2974173
92.1,51.5,102.0,71.6,2026-06-28 15:20:00,2974173
93.8,50.7,105.4,72.8,2026-06-28 15:40:00,2974173
94.7,52.3,108.9,74.4,2026-06-28 16:00:00,2974173
92.1,54.7,104.2,73.5,2026-06-28 16:20:00,2974173
90.4,57.6,101.5,73.4,2026-06-28 16:40:00,2974173
87.6,63.1,97.3,73.5,2026-06-28 17:00:00,2974173
85.3,71.5,95.0,75.0,2026-06-28 17:20:00,2974173
81.7,74.6,87.8,72.9,2026-06-28 17:40:00,2974173
78.7,86.9,84.4,74.5,2026-06-28 18:00:00,2974173
78.5,89.2,84.6,75.1,2026-06-28 18:20:00,2974173
74.9,88.5,77.7,71.3,2026-06-28 18:40:00,2974173
73.5,91.8,76.1,70.9,2026-06-28 19:00:00,2974173
74.3,93.6,77.2,72.3,2026-06-28 19:20:00,2974173
74.2,94.1,77.4,72.4,2026-06-28 19:40:00,2974173
74.6,94.6,77.9,73.0,2026-06-28 20:00:00,2974173
74.9,95.0,78.4,73.3,2026-06-28 20:20:00,2974173
75.0,95.2,78.6,73.5,2026-06-28 20:40:00,2974173
75.2,95.4,78.8,73.8,2026-06-28 21:00:00,2974173
75.2,95.5,79.0,73.8,2026-06-28 21:20:00,2974173
75.2,95.7,79.0,73.9,2026-06-28 21:40:00,2974173
75.3,95.8,79.0,74.0,2026-06-28 22:00:00,2974173
75.1,95.9,78.8,73.9,2026-06-28 22:20:00,2974173
74.7,95.7,78.3,73.3,2026-06-28 22:40:00,2974173
74.3,95.5,77.7,72.9,2026-06-28 23:00:00,2974173
74.1,95.5,77.2,72.7,2026-06-28 23:20:00,2974173
74.1,95.7,77.2,72.8,2026-06-28 23:40:00,2974173
73.8,95.8,77.0,72.6,2026-06-29 00:00:00,2974173
73.5,96.0,76.5,72.3,2026-06-29 00:20:00,2974173
73.5,96.1,76.5,72.3,2026-06-29 00:40:00,2974173
73.7,96.3,76.8,72.6,2026-06-29 01:00:00,2974173
73.8,96.3,77.0,72.7,2026-06-29 01:20:00,2974173
73.6,96.2,76.8,72.4,2026-06-29 01:40:00,2974173
73.3,96.2,76.3,72.2,2026-06-29 02:00:00,2974173
73.1,96.2,75.9,72.0,2026-06-29 02:20:00,2974173
72.9,96.2,75.7,71.8,2026-06-29 02:40:00,2974173
72.9,96.4,75.7,71.8,2026-06-29 03:00:00,2974173
73.1,96.6,76.1,72.1,2026-06-29 03:20:00,2974173
73.3,96.6,76.3,72.2,2026-06-29 03:40:00,2974173
73.3,96.6,76.3,72.2,2026-06-29 04:00:00,2974173
73.1,96.6,76.1,72.1,2026-06-29 04:20:00,2974173
73.2,96.6,76.3,72.2,2026-06-29 04:40:00,2974173
73.1,96.5,76.1,72.0,2026-06-29 05:00:00,2974173
72.9,96.4,75.7,71.8,2026-06-29 05:20:00,2974173
72.7,96.3,75.6,71.6,2026-06-29 05:40:00,2974173
72.6,96.3,75.2,71.4,2026-06-29 06:00:00,2974173
72.6,96.3,75.2,71.5,2026-06-29 06:20:00,2974173
72.8,96.1,75.4,71.6,2026-06-29 06:40:00,2974173
73.1,95.7,75.9,71.8,2026-06-29 07:00:00,2974173
73.2,95.4,76.3,71.8,2026-06-29 07:20:00,2974173
73.8,94.5,76.8,72.2,2026-06-29 07:40:00,2974173
73.8,93.6,76.6,71.9,2026-06-29 08:00:00,2974173
82.0,40.2,80.4,55.5,2026-06-15 13:00:00,3085267
82.6,37.8,80.6,54.3,2026-06-15 13:20:00,3085267
83.2,37.6,81.7,54.7,2026-06-15 13:40:00,3085267
84.3,35.0,82.6,53.7,2026-06-15 14:00:00,3085267
85.1,34.0,83.5,53.7,2026-06-15 14:20:00,3085267
85.3,31.7,83.1,51.9,2026-06-15 14:40:00,3085267
86.2,32.5,84.6,53.3,2026-06-15 15:00:00,3085267
86.7,31.7,84.7,53.1,2026-06-15 15:20:00,3085267
86.6,31.0,84.6,52.4,2026-06-15 15:40:00,3085267
88.1,30.7,86.4,53.4,2026-06-15 16:00:00,3085267
89.2,30.9,87.8,54.6,2026-06-15 16:20:00,3085267
88.8,30.0,86.9,53.4,2026-06-15 16:40:00,3085267
92.9,27.2,92.1,54.2,2026-06-15 17:00:00,3085267
94.2,23.5,92.5,51.4,2026-06-15 17:20:00,3085267
95.2,23.1,93.9,51.8,2026-06-15 17:40:00,3085267
93.6,23.9,91.8,51.3,2026-06-15 18:00:00,3085267
88.6,29.3,86.7,52.6,2026-06-15 18:20:00,3085267
88.0,30.3,86.2,53.0,2026-06-15 18:40:00,3085267
86.1,31.5,84.0,52.4,2026-06-15 19:00:00,3085267
84.8,32.8,82.6,52.4,2026-06-15 19:20:00,3085267
84.0,33.7,82.0,52.4,2026-06-15 19:40:00,3085267
83.3,34.7,81.1,52.6,2026-06-15 20:00:00,3085267
82.6,35.5,80.4,52.6,2026-06-15 20:20:00,3085267
81.7,36.8,79.5,52.7,2026-06-15 20:40:00,3085267
80.6,38.6,78.6,53.1,2026-06-15 21:00:00,3085267
78.6,40.6,76.6,52.7,2026-06-15 21:20:00,3085267
77.9,41.4,75.9,52.6,2026-06-15 21:40:00,3085267
76.8,43.2,74.7,52.7,2026-06-15 22:00:00,3085267
76.0,45.2,74.3,53.2,2026-06-15 22:20:00,3085267
74.8,46.7,73.2,53.1,2026-06-15 22:40:00,3085267
73.8,48.1,72.5,52.9,2026-06-15 23:00:00,3085267
73.3,49.6,72.1,53.3,2026-06-15 23:20:00,3085267
72.6,50.5,71.8,53.2,2026-06-15 23:40:00,3085267
72.2,51.5,71.4,53.4,2026-06-16 00:00:00,3085267
71.7,52.9,71.1,53.6,2026-06-16 00:20:00,3085267
71.5,53.4,70.9,53.6,2026-06-16 00:40:00,3085267
71.7,53.3,71.1,53.8,2026-06-16 01:00:00,3085267
71.9,51.7,71.1,53.2,2026-06-16 01:20:00,3085267
72.0,50.8,71.2,52.8,2026-06-16 01:40:00,3085267
71.7,51.3,70.9,52.7,2026-06-16 02:00:00,3085267
71.1,52.3,70.3,52.8,2026-06-16 02:20:00,3085267
70.6,52.9,70.0,52.5,2026-06-16 02:40:00,3085267
70.4,52.9,69.8,52.4,2026-06-16 03:00:00,3085267
70.2,53.1,69.4,52.3,2026-06-16 03:20:00,3085267
69.8,53.5,68.7,52.1,2026-06-16 03:40:00,3085267
69.3,54.2,68.2,52.1,2026-06-16 04:00:00,3085267
68.7,55.3,67.6,52.1,2026-06-16 04:20:00,3085267
68.4,56.1,67.1,52.1,2026-06-16 04:40:00,3085267
68.2,56.5,66.9,52.1,2026-06-16 05:00:00,3085267
68.0,57.3,66.4,52.3,2026-06-16 05:20:00,3085267
67.9,57.1,66.4,52.2,2026-06-16 05:40:00,3085267
67.8,58.1,66.6,52.6,2026-06-16 06:00:00,3085267
67.8,58.9,66.6,53.0,2026-06-16 06:20:00,3085267
67.9,59.5,66.6,53.3,2026-06-16 06:40:00,3085267
68.2,60.7,67.3,54.1,2026-06-16 07:00:00,3085267
68.4,60.7,67.5,54.3,2026-06-16 07:20:00,3085267
68.8,61.2,68.0,54.9,2026-06-16 07:40:00,3085267
69.3,61.2,68.7,55.4,2026-06-16 08:00:00,3085267
69.7,60.8,69.3,55.6,2026-06-16 08:20:00,3085267
70.1,59.7,69.6,55.5,2026-06-16 08:40:00,3085267
70.8,58.0,70.7,55.3,2026-06-16 09:00:00,3085267
71.4,56.8,70.9,55.3,2026-06-16 09:20:00,3085267
72.0,56.5,71.6,55.7,2026-06-16 09:40:00,3085267
72.8,54.8,72.1,55.6,2026-06-16 10:00:00,3085267
73.6,54.8,73.0,56.3,2026-06-16 10:20:00,3085267
74.4,53.8,73.6,56.6,2026-06-16 10:40:00,3085267
75.9,50.3,74.8,56.1,2026-06-16 11:00:00,3085267
76.4,48.2,74.8,55.4,2026-06-16 11:20:00,3085267
77.0,49.0,75.7,56.4,2026-06-16 11:40:00,3085267
77.8,47.3,76.5,56.2,2026-06-16 12:00:00,3085267
78.3,45.7,77.0,55.7,2026-06-16 12:20:00,3085267
78.4,46.0,77.0,55.9,2026-06-16 12:40:00,3085267
78.4,48.1,77.2,57.2,2026-06-16 13:00:00,3085267
78.8,44.5,77.4,55.4,2026-06-16 13:20:00,3085267
80.0,44.8,78.8,56.7,2026-06-16 13:40:00,3085267
81.7,42.0,80.4,56.4,2026-06-16 14:00:00,3085267
82.2,41.2,80.8,56.3,2026-06-16 14:20:00,3085267
82.9,41.5,81.9,57.1,2026-06-16 14:40:00,3085267
82.8,41.0,81.9,56.7,2026-06-16 15:00:00,3085267
85.0,39.8,84.6,57.8,2026-06-16 15:20:00,3085267
84.4,40.4,84.0,57.8,2026-06-16 15:40:00,3085267
83.8,40.6,82.9,57.3,2026-06-16 16:00:00,3085267
83.9,41.6,83.5,58.1,2026-06-16 16:20:00,3085267
84.0,42.1,83.8,58.5,2026-06-16 16:40:00,3085267
83.7,43.5,83.7,59.1,2026-06-16 17:00:00,3085267
83.1,44.0,82.6,58.9,2026-06-16 17:20:00,3085267
83.5,43.7,83.3,59.1,2026-06-16 17:40:00,3085267
82.6,44.9,81.9,59.0,2026-06-16 18:00:00,3085267
81.9,46.7,81.7,59.5,2026-06-16 18:20:00,3085267
81.8,48.1,81.7,60.2,2026-06-16 18:40:00,3085267
81.2,49.1,81.1,60.3,2026-06-16 19:00:00,3085267
80.8,49.5,80.8,60.2,2026-06-16 19:20:00,3085267
80.6,50.1,80.8,60.3,2026-06-16 19:40:00,3085267
80.3,49.7,80.1,59.8,2026-06-16 20:00:00,3085267
79.7,50.5,79.3,59.7,2026-06-16 20:20:00,3085267
79.3,51.2,79.0,59.8,2026-06-16 20:40:00,3085267
78.6,52.9,78.4,60.0,2026-06-16 21:00:00,3085267
77.9,53.9,77.4,59.8,2026-06-16 21:20:00,3085267
77.1,54.9,76.5,59.6,2026-06-16 21:40:00,3085267
76.9,55.2,76.3,59.6,2026-06-16 22:00:00,3085267
76.8,55.5,76.3,59.7,2026-06-16 22:20:00,3085267
76.6,56.0,75.9,59.8,2026-06-16 22:40:00,3085267
76.1,58.1,75.6,60.3,2026-06-16 23:00:00,3085267
75.6,58.5,75.4,60.1,2026-06-16 23:20:00,3085267
75.3,59.5,75.0,60.2,2026-06-16 23:40:00,3085267
75.0,59.9,74.7,60.2,2026-06-17 00:00:00,3085267
74.7,61.0,74.7,60.4,2026-06-17 00:20:00,3085267
74.6,62.0,74.7,60.7,2026-06-17 00:40:00,3085267
74.2,63.7,74.5,61.2,2026-06-17 01:00:00,3085267
73.7,64.8,73.9,61.1,2026-06-17 01:20:00,3085267
73.3,66.4,73.8,61.4,2026-06-17 01:40:00,3085267
72.8,67.7,73.2,61.4,2026-06-17 02:00:00,3085267
72.5,69.4,73.0,61.9,2026-06-17 02:20:00,3085267
72.1,70.6,72.9,62.1,2026-06-17 02:40:00,3085267
71.9,72.2,72.7,62.4,2026-06-17 03:00:00,3085267
71.8,73.1,72.7,62.7,2026-06-17 03:20:00,3085267
71.5,74.4,72.3,62.9,2026-06-17 03:40:00,3085267
71.4,75.2,72.3,63.1,2026-06-17 04:00:00,3085267
71.1,76.2,72.1,63.2,2026-06-17 04:20:00,3085267
70.9,77.4,72.0,63.5,2026-06-17 04:40:00,3085267
70.7,78.3,71.4,63.6,2026-06-17 05:00:00,3085267
70.4,78.9,71.4,63.6,2026-06-17 05:20:00,3085267
70.1,79.9,70.9,63.6,2026-06-17 05:40:00,3085267
69.9,80.7,70.7,63.7,2026-06-17 06:00:00,3085267
69.7,81.3,70.5,63.7,2026-06-17 06:20:00,3085267
69.5,82.1,70.3,63.8,2026-06-17 06:40:00,3085267
69.7,82.3,70.5,64.1,2026-06-17 07:00:00,3085267
70.2,82.2,71.2,64.5,2026-06-17 07:20:00,3085267
71.0,81.0,72.1,64.9,2026-06-17 07:40:00,3085267
71.8,79.9,73.2,65.3,2026-06-17 08:00:00,3085267
72.6,78.9,73.9,65.6,2026-06-17 08:20:00,3085267
73.5,76.7,74.8,65.7,2026-06-17 08:40:00,3085267
74.6,73.5,75.6,65.6,2026-06-17 09:00:00,3085267
75.7,71.7,76.6,65.9,2026-06-17 09:20:00,3085267
76.7,68.3,77.5,65.4,2026-06-17 09:40:00,3085267
78.5,61.5,79.5,64.2,2026-06-17 10:00:00,3085267
79.2,57.2,79.9,62.8,2026-06-17 10:20:00,3085267
80.3,52.3,80.6,61.2,2026-06-17 10:40:00,3085267
81.3,50.3,81.5,61.1,2026-06-17 11:00:00,3085267
81.6,50.0,81.7,61.1,2026-06-17 11:20:00,3085267
82.8,42.8,82.0,57.9,2026-06-17 11:40:00,3085267
83.9,42.1,83.7,58.4,2026-06-17 12:00:00,3085267
84.8,38.7,84.0,56.9,2026-06-17 12:20:00,3085267
85.4,38.0,84.7,56.9,2026-06-17 12:40:00,3085267
86.8,36.0,86.2,56.6,2026-06-17 13:00:00,3085267
87.4,33.6,86.2,55.3,2026-06-17 13:20:00,3085267
88.1,33.1,87.1,55.5,2026-06-17 13:40:00,3085267
88.2,34.4,87.6,56.7,2026-06-17 14:00:00,3085267
89.6,32.4,89.1,56.2,2026-06-17 14:20:00,3085267
89.9,33.7,90.0,57.5,2026-06-17 14:40:00,3085267
91.0,33.0,91.4,57.9,2026-06-17 15:00:00,3085267
91.3,31.7,91.4,57.1,2026-06-17 15:20:00,3085267
90.4,34.5,91.0,58.6,2026-06-17 15:40:00,3085267
90.3,34.6,91.0,58.7,2026-06-17 16:00:00,3085267
92.8,30.9,93.2,57.6,2026-06-17 16:20:00,3085267
91.5,31.7,91.6,57.2,2026-06-17 16:40:00,3085267
91.3,31.3,91.2,56.7,2026-06-17 17:00:00,3085267
95.5,28.8,96.4,58.0,2026-06-17 17:20:00,3085267
99.7,25.2,101.3,57.9,2026-06-17 17:40:00,3085267
97.8,25.7,98.8,56.8,2026-06-17 18:00:00,3085267
92.8,29.1,92.5,56.0,2026-06-17 18:20:00,3085267
91.9,30.6,91.8,56.6,2026-06-17 18:40:00,3085267
89.8,35.1,90.5,58.7,2026-06-17 19:00:00,3085267
88.9,38.1,90.0,60.1,2026-06-17 19:20:00,3085267
88.3,40.6,89.6,61.4,2026-06-17 19:40:00,3085267
87.5,42.6,89.1,62.0,2026-06-17 20:00:00,3085267
86.6,44.2,88.2,62.2,2026-06-17 20:20:00,3085267
85.7,45.8,87.3,62.5,2026-06-17 20:40:00,3085267
85.1,47.5,86.7,62.9,2026-06-17 21:00:00,3085267
84.7,50.6,86.9,64.4,2026-06-17 21:20:00,3085267
84.0,53.7,86.9,65.4,2026-06-17 21:40:00,3085267
83.8,55.8,86.7,66.3,2026-06-17 22:00:00,3085267
83.4,57.7,86.5,66.9,2026-06-17 22:20:00,3085267
82.8,59.7,86.0,67.4,2026-06-17 22:40:00,3085267
82.4,62.0,85.8,68.1,2026-06-17 23:00:00,3085267
82.0,63.4,85.1,68.3,2026-06-17 23:20:00,3085267
81.5,64.7,84.7,68.4,2026-06-17 23:40:00,3085267
80.9,65.4,84.0,68.3,2026-06-18 00:00:00,3085267
80.7,65.3,83.7,67.9,2026-06-18 00:20:00,3085267
80.4,64.7,82.9,67.4,2026-06-18 00:40:00,3085267
80.1,64.0,82.4,66.8,2026-06-18 01:00:00,3085267
79.9,63.7,82.2,66.5,2026-06-18 01:20:00,3085267
79.5,64.0,81.7,66.3,2026-06-18 01:40:00,3085267
79.3,64.5,81.1,66.3,2026-06-18 02:00:00,3085267
78.8,65.7,80.4,66.3,2026-06-18 02:20:00,3085267
78.2,67.2,79.9,66.4,2026-06-18 02:40:00,3085267
77.7,68.5,79.2,66.5,2026-06-18 03:00:00,3085267
77.4,69.4,79.0,66.6,2026-06-18 03:20:00,3085267
77.2,70.6,79.0,66.9,2026-06-18 03:40:00,3085267
77.5,73.1,79.5,68.2,2026-06-18 04:00:00,3085267
77.6,75.4,80.2,69.2,2026-06-18 04:20:00,3085267
77.5,76.5,80.1,69.5,2026-06-18 04:40:00,3085267
77.3,78.1,79.9,70.0,2026-06-18 05:00:00,3085267
77.2,78.8,80.1,70.2,2026-06-18 05:20:00,3085267
77.0,79.8,79.5,70.2,2026-06-18 05:40:00,3085267
76.6,80.7,79.3,70.2,2026-06-18 06:00:00,3085267
76.5,81.7,79.0,70.5,2026-06-18 06:20:00,3085267
76.4,82.3,78.8,70.6,2026-06-18 06:40:00,3085267
76.9,81.9,79.7,70.9,2026-06-18 07:00:00,3085267
77.2,81.2,80.4,71.0,2026-06-18 07:20:00,3085267
77.5,80.6,80.8,71.0,2026-06-18 07:40:00,3085267
78.0,79.4,81.7,71.1,2026-06-18 08:00:00,3085267
78.3,78.8,82.2,71.2,2026-06-18 08:20:00,3085267
80.4,75.8,85.5,72.0,2026-06-18 08:40:00,3085267
80.7,74.0,85.6,71.6,2026-06-18 09:00:00,3085267
81.9,72.0,87.4,72.0,2026-06-18 09:20:00,3085267
82.5,70.3,88.0,71.8,2026-06-18 09:40:00,3085267
83.3,69.1,90.0,72.1,2026-06-18 10:00:00,3085267
84.2,66.8,90.9,71.9,2026-06-18 10:20:00,3085267
85.3,65.6,92.8,72.4,2026-06-18 10:40:00,3085267
85.4,64.1,92.7,71.9,2026-06-18 11:00:00,3085267
86.8,62.6,95.2,72.5,2026-06-18 11:20:00,3085267
88.7,58.9,97.5,72.4,2026-06-18 11:40:00,3085267
89.5,56.9,98.8,72.2,2026-06-18 12:00:00,3085267
90.2,55.4,99.9,72.1,2026-06-18 12:20:00,3085267
90.9,54.0,100.9,71.9,2026-06-18 12:40:00,3085267
91.6,52.6,101.8,71.8,2026-06-18 13:00:00,3085267
93.9,48.9,104.4,71.8,2026-06-18 13:20:00,3085267
94.3,46.6,104.0,70.7,2026-06-18 13:40:00,3085267
94.9,44.5,104.0,69.9,2026-06-18 14:00:00,3085267
93.3,47.3,102.2,70.2,2026-06-18 14:20:00,3085267
94.9,44.7,104.2,70.1,2026-06-18 14:40:00,3085267
96.0,43.6,106.0,70.3,2026-06-18 15:00:00,3085267
95.4,43.1,104.4,69.4,2026-06-18 15:20:00,3085267
94.7,45.8,104.4,70.5,2026-06-18 15:40:00,3085267
84.8,54.3,88.3,66.5,2026-06-18 16:00:00,3085267
77.7,71.9,79.9,67.9,2026-06-18 16:20:00,3085267
75.8,83.8,78.4,70.6,2026-06-18 16:40:00,3085267
77.4,90.0,82.2,74.2,2026-06-18 17:00:00,3085267
81.6,83.4,90.0,76.1,2026-06-18 17:20:00,3085267
85.1,77.2,96.8,77.1,2026-06-18 17:40:00,3085267
86.8,69.9,98.4,75.8,2026-06-18 18:00:00,3085267
82.9,75.5,90.3,74.4,2026-06-18 18:20:00,3085267
83.0,75.8,91.0,74.5,2026-06-18 18:40:00,3085267
81.2,79.4,88.2,74.2,2026-06-18 19:00:00,3085267
81.5,78.5,88.5,74.2,2026-06-18 19:20:00,3085267
81.3,79.0,88.0,74.1,2026-06-18 19:40:00,3085267
80.9,79.8,87.4,74.1,2026-06-18 20:00:00,3085267
80.7,79.4,87.1,73.8,2026-06-18 20:20:00,3085267
80.5,81.2,87.1,74.2,2026-06-18 20:40:00,3085267
80.2,81.5,86.4,74.0,2026-06-18 21:00:00,3085267
78.7,86.8,84.4,74.4,2026-06-18 21:20:00,3085267
77.9,91.2,83.1,75.1,2026-06-18 21:40:00,3085267
77.2,91.2,81.9,74.5,2026-06-18 22:00:00,3085267
76.4,91.7,80.1,73.8,2026-06-18 22:20:00,3085267
75.6,92.4,79.2,73.2,2026-06-18 22:40:00,3085267
75.0,93.0,78.3,72.8,2026-06-18 23:00:00,3085267
74.8,94.0,78.1,72.9,2026-06-18 23:20:00,3085267
74.3,94.0,77.7,72.5,2026-06-18 23:40:00,3085267
74.0,94.8,77.2,72.5,2026-06-19 00:00:00,3085267
74.0,95.4,77.2,72.6,2026-06-19 00:20:00,3085267
74.0,95.6,77.2,72.7,2026-06-19 00:40:00,3085267
74.1,95.8,77.2,72.8,2026-06-19 01:00:00,3085267
73.8,95.7,77.0,72.6,2026-06-19 01:20:00,3085267
73.7,94.9,76.6,72.1,2026-06-19 01:40:00,3085267
73.6,94.3,76.6,71.9,2026-06-19 02:00:00,3085267
73.6,93.8,76.6,71.7,2026-06-19 02:20:00,3085267
73.6,93.4,76.5,71.6,2026-06-19 02:40:00,3085267
73.5,93.0,76.3,71.3,2026-06-19 03:00:00,3085267
73.5,93.4,76.3,71.5,2026-06-19 03:20:00,3085267
73.6,93.7,76.5,71.7,2026-06-19 03:40:00,3085267
73.6,94.1,76.6,71.8,2026-06-19 04:00:00,3085267
73.2,94.2,75.9,71.4,2026-06-19 04:20:00,3085267
72.6,94.7,75.2,71.0,2026-06-19 04:40:00,3085267
72.1,95.8,74.5,70.8,2026-06-19 05:00:00,3085267
71.8,96.5,74.1,70.8,2026-06-19 05:20:00,3085267
71.5,97.1,73.6,70.6,2026-06-19 05:40:00,3085267
71.2,97.2,73.0,70.3,2026-06-19 06:00:00,3085267
71.0,97.8,73.0,70.3,2026-06-19 06:20:00,3085267
71.2,98.3,73.2,70.6,2026-06-19 06:40:00,3085267
71.1,98.6,73.2,70.6,2026-06-19 07:00:00,3085267
71.2,98.9,73.4,70.8,2026-06-19 07:20:00,3085267
71.3,99.2,73.6,71.0,2026-06-19 07:40:00,3085267
71.6,99.5,74.1,71.5,2026-06-19 08:00:00,3085267
71.6,99.6,73.9,71.5,2026-06-19 08:20:00,3085267
71.8,99.8,74.5,71.7,2026-06-19 08:40:00,3085267
72.1,100.0,75.0,72.1,2026-06-19 09:00:00,3085267
72.3,100.0,75.0,72.3,2026-06-19 09:20:00,3085267
72.4,100.0,75.2,72.4,2026-06-19 09:40:00,3085267
72.8,100.0,75.7,72.8,2026-06-19 10:00:00,3085267
73.3,100.0,76.6,73.2,2026-06-19 10:20:00,3085267
73.7,99.6,77.2,73.6,2026-06-19 10:40:00,3085267
74.2,99.1,77.9,73.9,2026-06-19 11:00:00,3085267
74.5,97.7,78.3,73.8,2026-06-19 11:20:00,3085267
74.9,96.2,78.6,73.7,2026-06-19 11:40:00,3085267
75.5,94.4,79.2,73.8,2026-06-19 12:00:00,3085267
76.5,94.0,80.8,74.7,2026-06-19 12:20:00,3085267
78.0,89.5,83.3,74.6,2026-06-19 12:40:00,3085267
78.8,85.9,84.6,74.2,2026-06-19 13:00:00,3085267
80.2,80.5,86.2,73.7,2026-06-19 13:20:00,3085267
81.4,74.3,86.9,72.4,2026-06-19 13:40:00,3085267
82.2,71.5,88.0,72.1,2026-06-19 14:00:00,3085267
82.4,69.8,87.6,71.5,2026-06-19 14:20:00,3085267
83.0,67.1,88.5,71.0,2026-06-19 14:40:00,3085267
85.1,62.1,91.6,70.7,2026-06-19 15:00:00,3085267
85.7,59.9,91.8,70.2,2026-06-19 15:20:00,3085267
86.8,52.0,91.2,67.0,2026-06-19 15:40:00,3085267
86.0,54.5,90.3,67.7,2026-06-19 16:00:00,3085267
87.1,49.0,90.7,65.6,2026-06-19 16:20:00,3085267
87.9,45.4,90.5,64.1,2026-06-19 16:40:00,3085267
88.4,44.7,91.2,64.2,2026-06-19 17:00:00,3085267
90.2,40.9,93.2,63.2,2026-06-19 17:20:00,3085267
92.3,40.8,96.6,65.0,2026-06-19 17:40:00,3085267
93.5,37.3,97.3,63.5,2026-06-19 18:00:00,3085267
88.2,41.5,89.8,61.8,2026-06-19 18:20:00,3085267
86.3,45.1,88.0,62.5,2026-06-19 18:40:00,3085267
83.8,47.8,84.7,61.9,2026-06-19 19:00:00,3085267
82.6,51.2,83.3,62.7,2026-06-19 19:20:00,3085267
81.9,52.6,82.9,62.9,2026-06-19 19:40:00,3085267
81.6,51.9,82.2,62.2,2026-06-19 20:00:00,3085267
80.7,53.1,81.1,62.0,2026-06-19 20:20:00,3085267
79.7,56.0,80.4,62.6,2026-06-19 20:40:00,3085267
79.2,56.6,79.7,62.4,2026-06-19 21:00:00,3085267
77.9,60.2,78.3,63.0,2026-06-19 21:20:00,3085267
77.2,55.5,76.8,60.1,2026-06-19 21:40:00,3085267
76.8,53.1,75.9,58.5,2026-06-19 22:00:00,3085267
76.7,51.5,75.6,57.5,2026-06-19 22:20:00,3085267
76.1,51.9,75.2,57.2,2026-06-19 22:40:00,3085267
75.8,50.6,74.7,56.2,2026-06-19 23:00:00,3085267
75.4,50.8,74.3,55.9,2026-06-19 23:20:00,3085267
74.8,52.9,73.8,56.4,2026-06-19 23:40:00,3085267
74.1,51.9,73.0,55.3,2026-06-20 00:00:00,3085267
73.6,52.6,72.9,55.2,2026-06-20 00:20:00,3085267
72.7,54.8,72.1,55.5,2026-06-20 00:40:00,3085267
71.8,56.4,71.4,55.5,2026-06-20 01:00:00,3085267
71.2,57.4,70.7,55.4,2026-06-20 01:20:00,3085267
70.2,59.2,69.8,55.4,2026-06-20 01:40:00,3085267
69.8,59.9,69.1,55.2,2026-06-20 02:00:00,3085267
69.1,61.8,68.5,55.5,2026-06-20 02:20:00,3085267
67.8,63.8,66.7,55.1,2026-06-20 02:40:00,3085267
66.7,66.2,65.5,55.1,2026-06-20 03:00:00,3085267
66.0,69.0,64.6,55.5,2026-06-20 03:20:00,3085267
66.1,68.1,64.9,55.3,2026-06-20 03:40:00,3085267
66.4,68.7,65.3,55.8,2026-06-20 04:00:00,3085267
65.9,69.6,64.8,55.7,2026-06-20 04:20:00,3085267
65.4,70.9,64.0,55.8,2026-06-20 04:40:00,3085267
65.1,72.5,63.9,56.0,2026-06-20 05:00:00,3085267
64.6,71.2,63.3,55.1,2026-06-20 05:20:00,3085267
64.0,73.0,62.8,55.2,2026-06-20 05:40:00,3085267
63.5,74.1,62.6,55.1,2026-06-20 06:00:00,3085267
63.3,74.3,62.2,55.0,2026-06-20 06:20:00,3085267
63.6,76.4,62.8,56.0,2026-06-20 06:40:00,3085267
64.0,77.6,63.3,56.9,2026-06-20 07:00:00,3085267
64.2,77.7,63.5,57.0,2026-06-20 07:20:00,3085267
64.8,77.1,64.2,57.4,2026-06-20 07:40:00,3085267
65.8,75.3,65.1,57.8,2026-06-20 08:00:00,3085267
68.6,69.5,68.4,58.3,2026-06-20 08:20:00,3085267
71.0,67.0,71.4,59.5,2026-06-20 08:40:00,3085267
72.0,66.0,72.5,60.0,2026-06-20 09:00:00,3085267
74.5,57.7,74.1,58.6,2026-06-20 09:20:00,3085267
75.6,55.2,75.0,58.4,2026-06-20 09:40:00,3085267
77.9,49.0,77.0,57.2,2026-06-20 10:00:00,3085267
78.4,45.0,76.8,55.3,2026-06-20 10:20:00,3085267
79.2,45.1,78.1,56.1,2026-06-20 10:40:00,3085267
79.6,43.7,78.3,55.6,2026-06-20 11:00:00,3085267
79.9,40.3,78.1,53.7,2026-06-20 11:20:00,3085267
80.8,36.8,78.6,52.0,2026-06-20 11:40:00,3085267
81.6,36.7,79.3,52.6,2026-06-20 12:00:00,3085267
82.3,34.4,79.9,51.5,2026-06-20 12:20:00,3085267
83.1,35.1,81.1,52.7,2026-06-20 12:40:00,3085267
83.0,33.8,80.6,51.6,2026-06-20 13:00:00,3085267
83.0,34.2,80.8,51.9,2026-06-20 13:20:00,3085267
83.4,38.0,81.9,55.1,2026-06-20 13:40:00,3085267
84.0,35.7,82.4,54.0,2026-06-20 14:00:00,3085267
84.7,34.7,82.9,53.9,2026-06-20 14:20:00,3085267
85.0,34.5,83.3,53.9,2026-06-20 14:40:00,3085267
85.9,33.3,84.2,53.7,2026-06-20 15:00:00,3085267
86.2,34.0,84.9,54.6,2026-06-20 15:20:00,3085267
86.1,34.9,84.9,55.2,2026-06-20 15:40:00,3085267
87.2,33.3,85.8,54.8,2026-06-20 16:00:00,3085267
87.6,32.9,86.2,54.8,2026-06-20 16:20:00,3085267
88.7,32.2,87.4,55.2,2026-06-20 16:40:00,3085267
90.5,32.3,90.1,56.9,2026-06-20 17:00:00,3085267
93.0,28.4,92.5,55.5,2026-06-20 17:20:00,3085267
95.6,25.8,95.5,55.0,2026-06-20 17:40:00,3085267
95.7,26.3,95.7,55.7,2026-06-20 18:00:00,3085267
88.7,31.4,87.4,54.5,2026-06-20 18:20:00,3085267
87.9,33.6,86.9,55.7,2026-06-20 18:40:00,3085267
85.6,36.0,84.4,55.6,2026-06-20 19:00:00,3085267
84.4,35.6,82.9,54.3,2026-06-20 19:20:00,3085267
83.9,39.5,82.9,56.6,2026-06-20 19:40:00,3085267
82.8,40.6,81.7,56.5,2026-06-20 20:00:00,3085267
82.1,41.2,80.8,56.3,2026-06-20 20:20:00,3085267
81.2,43.4,80.1,56.8,2026-06-20 20:40:00,3085267
80.0,44.1,78.8,56.2,2026-06-20 21:00:00,3085267
79.2,45.8,78.1,56.5,2026-06-20 21:20:00,3085267
78.5,47.3,77.4,56.8,2026-06-20 21:40:00,3085267
77.9,48.2,76.5,56.7,2026-06-20 22:00:00,3085267
77.5,50.1,76.5,57.4,2026-06-20 22:20:00,3085267
77.1,51.3,76.1,57.8,2026-06-20 22:40:00,3085267
76.8,51.6,75.6,57.6,2026-06-20 23:00:00,3085267
76.5,51.9,75.6,57.5,2026-06-20 23:20:00,3085267
76.0,53.3,75.0,57.8,2026-06-20 23:40:00,3085267
75.7,53.5,74.8,57.6,2026-06-21 00:00:00,3085267
75.3,53.5,74.5,57.3,2026-06-21 00:20:00,3085267
75.3,53.4,74.3,57.2,2026-06-21 00:40:00,3085267
75.3,54.3,74.5,57.7,2026-06-21 01:00:00,3085267
75.0,55.6,74.3,58.0,2026-06-21 01:20:00,3085267
74.3,57.0,73.9,58.1,2026-06-21 01:40:00,3085267
74.0,59.0,73.8,58.8,2026-06-21 02:00:00,3085267
73.7,59.1,73.4,58.5,2026-06-21 02:20:00,3085267
73.4,61.2,73.2,59.2,2026-06-21 02:40:00,3085267
73.0,62.0,73.0,59.3,2026-06-21 03:00:00,3085267
72.5,63.7,72.7,59.5,2026-06-21 03:20:00,3085267
72.3,64.3,72.5,59.6,2026-06-21 03:40:00,3085267
72.3,65.2,72.5,60.0,2026-06-21 04:00:00,3085267
72.2,64.8,72.5,59.8,2026-06-21 04:20:00,3085267
71.7,65.4,72.0,59.5,2026-06-21 04:40:00,3085267
71.5,67.8,72.0,60.3,2026-06-21 05:00:00,3085267
71.0,69.5,71.6,60.5,2026-06-21 05:20:00,3085267
70.2,70.4,70.5,60.2,2026-06-21 05:40:00,3085267
69.9,70.9,70.2,60.0,2026-06-21 06:00:00,3085267
69.2,72.8,69.3,60.1,2026-06-21 06:20:00,3085267
68.7,75.5,68.9,60.6,2026-06-21 06:40:00,3085267
69.0,76.2,69.3,61.2,2026-06-21 07:00:00,3085267
69.7,77.3,70.3,62.3,2026-06-21 07:20:00,3085267
70.5,76.1,71.4,62.6,2026-06-21 07:40:00,3085267
71.6,74.4,72.3,63.0,2026-06-21 08:00:00,3085267
72.7,73.5,73.8,63.7,2026-06-21 08:20:00,3085267
73.8,73.4,74.8,64.8,2026-06-21 08:40:00,3085267
75.4,69.9,76.3,64.9,2026-06-21 09:00:00,3085267
77.1,66.3,77.9,65.0,2026-06-21 09:20:00,3085267
78.9,62.8,80.2,65.2,2026-06-21 09:40:00,3085267
81.3,60.2,83.5,66.2,2026-06-21 10:00:00,3085267
82.0,54.3,83.5,63.9,2026-06-21 10:20:00,3085267
83.3,49.9,84.2,62.6,2026-06-21 10:40:00,3085267
84.1,46.8,84.9,61.5,2026-06-21 11:00:00,3085267
84.7,47.7,86.2,62.6,2026-06-21 11:20:00,3085267
85.9,44.7,87.3,61.9,2026-06-21 11:40:00,3085267
86.9,41.5,87.6,60.7,2026-06-21 12:00:00,3085267
87.9,40.9,89.1,61.2,2026-06-21 12:20:00,3085267
87.8,39.2,88.5,60.0,2026-06-21 12:40:00,3085267
88.3,38.6,88.9,60.0,2026-06-21 13:00:00,3085267
88.2,39.8,89.2,60.6,2026-06-21 13:20:00,3085267
88.9,36.9,89.6,59.2,2026-06-21 13:40:00,3085267
89.5,38.5,91.0,60.9,2026-06-21 14:00:00,3085267
90.6,35.5,91.8,59.6,2026-06-21 14:20:00,3085267
91.4,38.6,94.3,62.7,2026-06-21 14:40:00,3085267
90.6,38.4,93.0,61.8,2026-06-21 15:00:00,3085267
92.0,37.5,95.2,62.4,2026-06-21 15:20:00,3085267
91.4,38.6,94.6,62.7,2026-06-21 15:40:00,3085267
91.2,37.7,93.9,61.8,2026-06-21 16:00:00,3085267
91.3,37.9,93.9,62.0,2026-06-21 16:20:00,3085267
91.8,38.0,95.0,62.6,2026-06-21 16:40:00,3085267
94.0,35.5,97.3,62.6,2026-06-21 17:00:00,3085267
95.2,32.4,97.7,61.0,2026-06-21 17:20:00,3085267
94.4,35.9,98.2,63.2,2026-06-21 17:40:00,3085267
95.2,36.8,100.2,64.7,2026-06-21 18:00:00,3085267
90.4,39.9,93.2,62.7,2026-06-21 18:20:00,3085267
88.9,42.8,91.8,63.4,2026-06-21 18:40:00,3085267
88.3,43.0,90.3,63.0,2026-06-21 19:00:00,3085267
87.9,43.8,90.0,63.2,2026-06-21 19:20:00,3085267
86.7,45.6,88.9,63.2,2026-06-21 19:40:00,3085267
85.7,47.7,87.8,63.6,2026-06-21 20:00:00,3085267
85.1,48.8,87.4,63.7,2026-06-21 20:20:00,3085267
84.7,50.1,86.9,64.1,2026-06-21 20:40:00,3085267
84.6,51.0,87.1,64.5,2026-06-21 21:00:00,3085267
84.3,50.1,86.2,63.7,2026-06-21 21:20:00,3085267
83.5,52.8,85.6,64.5,2026-06-21 21:40:00,3085267
82.6,52.2,83.8,63.4,2026-06-21 22:00:00,3085267
82.0,53.9,83.1,63.6,2026-06-21 22:20:00,3085267
81.3,55.2,82.4,63.6,2026-06-21 22:40:00,3085267
80.6,55.9,81.7,63.4,2026-06-21 23:00:00,3085267
80.0,56.1,80.8,63.0,2026-06-21 23:20:00,3085267
79.8,57.2,80.6,63.3,2026-06-21 23:40:00,3085267
80.0,60.9,81.7,65.3,2026-06-22 00:00:00,3085267
80.0,62.5,81.9,66.1,2026-06-22 00:20:00,3085267
79.5,64.6,81.5,66.5,2026-06-22 00:40:00,3085267
79.0,66.7,81.3,66.9,2026-06-22 01:00:00,3085267
78.5,68.5,80.6,67.3,2026-06-22 01:20:00,3085267
78.1,70.2,80.2,67.6,2026-06-22 01:40:00,3085267
77.8,72.1,80.1,68.1,2026-06-22 02:00:00,3085267
77.5,73.6,79.7,68.4,2026-06-22 02:20:00,3085267
77.0,75.3,78.8,68.6,2026-06-22 02:40:00,3085267
76.6,76.4,78.4,68.6,2026-06-22 03:00:00,3085267
76.1,78.2,77.9,68.8,2026-06-22 03:20:00,3085267
75.6,79.8,77.7,69.0,2026-06-22 03:40:00,3085267
75.5,81.2,77.5,69.3,2026-06-22 04:00:00,3085267
75.1,82.2,77.4,69.3,2026-06-22 04:20:00,3085267
74.6,83.7,76.8,69.3,2026-06-22 04:40:00,3085267
74.1,85.2,76.3,69.3,2026-06-22 05:00:00,3085267
73.9,85.8,75.9,69.3,2026-06-22 05:20:00,3085267
73.5,87.5,75.7,69.5,2026-06-22 05:40:00,3085267
73.4,88.6,75.7,69.8,2026-06-22 06:00:00,3085267
73.2,89.3,75.6,69.9,2026-06-22 06:20:00,3085267
73.1,90.1,75.6,70.0,2026-06-22 06:40:00,3085267
73.3,90.5,75.7,70.4,2026-06-22 07:00:00,3085267
73.7,90.5,76.3,70.7,2026-06-22 07:20:00,3085267
74.4,90.6,77.2,71.5,2026-06-22 07:40:00,3085267
75.8,89.7,79.0,72.5,2026-06-22 08:00:00,3085267
76.9,87.5,80.6,72.9,2026-06-22 08:20:00,3085267
78.4,85.4,83.3,73.6,2026-06-22 08:40:00,3085267
79.3,83.0,84.7,73.7,2026-06-22 09:00:00,3085267
80.4,80.7,86.5,73.9,2026-06-22 09:20:00,3085267
81.3,79.8,88.2,74.4,2026-06-22 09:40:00,3085267
82.6,77.0,90.5,74.7,2026-06-22 10:00:00,3085267
83.2,75.7,91.4,74.8,2026-06-22 10:20:00,3085267
84.1,73.4,93.0,74.6,2026-06-22 10:40:00,3085267
85.0,70.8,94.3,74.4,2026-06-22 11:00:00,3085267
86.2,68.2,96.3,74.5,2026-06-22 11:20:00,3085267
87.3,63.6,96.8,73.5,2026-06-22 11:40:00,3085267
87.8,61.8,97.0,73.1,2026-06-22 12:00:00,3085267
87.6,62.4,96.6,73.1,2026-06-22 12:20:00,3085267
88.3,59.7,97.0,72.5,2026-06-22 12:40:00,3085267
89.4,56.5,98.2,71.9,2026-06-22 13:00:00,3085267
90.2,56.6,100.4,72.7,2026-06-22 13:20:00,3085267
90.6,55.2,100.8,72.3,2026-06-22 13:40:00,3085267
91.0,53.6,100.8,71.9,2026-06-22 14:00:00,3085267
91.5,52.9,101.5,71.9,2026-06-22 14:20:00,3085267
92.2,51.1,102.2,71.5,2026-06-22 14:40:00,3085267
92.7,52.0,103.8,72.4,2026-06-22 15:00:00,3085267
93.3,50.0,103.8,71.8,2026-06-22 15:20:00,3085267
93.7,47.8,103.1,70.8,2026-06-22 15:40:00,3085267
93.7,48.6,104.2,71.5,2026-06-22 16:00:00,3085267
93.1,49.7,103.3,71.5,2026-06-22 16:20:00,3085267
92.7,49.1,102.2,70.8,2026-06-22 16:40:00,3085267
95.0,45.6,105.1,70.7,2026-06-22 17:00:00,3085267
97.9,40.8,108.3,70.0,2026-06-22 17:20:00,3085267
96.8,41.4,106.5,69.5,2026-06-22 17:40:00,3085267
99.7,39.2,110.7,70.4,2026-06-22 18:00:00,3085267
94.8,43.5,103.5,69.2,2026-06-22 18:20:00,3085267
94.2,45.0,102.7,69.6,2026-06-22 18:40:00,3085267
92.4,47.2,100.2,69.4,2026-06-22 19:00:00,3085267
91.9,48.8,100.0,69.9,2026-06-22 19:20:00,3085267
91.4,48.8,99.3,69.4,2026-06-22 19:40:00,3085267
90.6,50.2,98.2,69.5,2026-06-22 20:00:00,3085267
90.0,51.4,97.7,69.7,2026-06-22 20:20:00,3085267
89.5,52.7,97.0,69.9,2026-06-22 20:40:00,3085267
84.8,52.1,87.6,65.3,2026-06-22 21:00:00,3085267
81.7,61.2,84.4,67.0,2026-06-22 21:20:00,3085267
79.7,67.3,82.2,67.9,2026-06-22 21:40:00,3085267
79.0,69.9,81.9,68.4,2026-06-22 22:00:00,3085267
79.1,70.7,82.0,68.8,2026-06-22 22:20:00,3085267
79.0,72.1,82.2,69.3,2026-06-22 22:40:00,3085267
78.9,72.5,82.0,69.3,2026-06-22 23:00:00,3085267
78.5,73.5,81.5,69.3,2026-06-22 23:20:00,3085267
78.6,74.3,82.0,69.8,2026-06-22 23:40:00,3085267
78.4,75.4,81.5,70.0,2026-06-23 00:00:00,3085267
78.9,76.7,82.8,70.9,2026-06-23 00:20:00,3085267
78.8,78.9,82.9,71.7,2026-06-23 00:40:00,3085267
78.3,77.5,81.9,70.7,2026-06-23 01:00:00,3085267
77.7,78.0,81.0,70.3,2026-06-23 01:20:00,3085267
77.5,78.7,80.4,70.3,2026-06-23 01:40:00,3085267
77.0,78.6,79.5,69.9,2026-06-23 02:00:00,3085267
76.7,78.6,79.0,69.5,2026-06-23 02:20:00,3085267
76.2,79.7,78.3,69.4,2026-06-23 02:40:00,3085267
75.9,80.5,78.3,69.5,2026-06-23 03:00:00,3085267
75.6,81.6,77.7,69.5,2026-06-23 03:20:00,3085267
75.6,82.5,77.9,69.9,2026-06-23 03:40:00,3085267
75.5,83.0,77.7,70.0,2026-06-23 04:00:00,3085267
75.5,83.6,77.9,70.1,2026-06-23 04:20:00,3085267
75.4,84.4,77.9,70.4,2026-06-23 04:40:00,3085267
75.1,85.4,77.5,70.4,2026-06-23 05:00:00,3085267
75.3,85.8,77.9,70.7,2026-06-23 05:20:00,3085267
75.5,86.1,78.3,71.0,2026-06-23 05:40:00,3085267
76.1,85.8,78.8,71.5,2026-06-23 06:00:00,3085267
76.6,85.1,79.5,71.7,2026-06-23 06:20:00,3085267
76.7,84.9,79.9,71.8,2026-06-23 06:40:00,3085267
77.0,85.0,80.2,72.1,2026-06-23 07:00:00,3085267
77.2,84.9,80.6,72.3,2026-06-23 07:20:00,3085267
77.6,84.4,81.5,72.6,2026-06-23 07:40:00,3085267
78.3,83.4,82.9,72.8,2026-06-23 08:00:00,3085267
78.9,82.5,84.0,73.1,2026-06-23 08:20:00,3085267
80.2,80.5,86.2,73.6,2026-06-23 08:40:00,3085267
81.4,75.6,87.4,73.0,2026-06-23 09:00:00,3085267
82.5,72.7,88.7,72.9,2026-06-23 09:20:00,3085267
82.8,71.2,89.2,72.6,2026-06-23 09:40:00,3085267
83.8,68.9,90.7,72.4,2026-06-23 10:00:00,3085267
83.7,70.2,91.0,73.0,2026-06-23 10:20:00,3085267
84.4,66.5,91.6,72.1,2026-06-23 10:40:00,3085267
84.7,66.4,91.9,72.3,2026-06-23 11:00:00,3085267
85.2,66.0,93.0,72.6,2026-06-23 11:20:00,3085267
84.3,66.0,90.9,71.7,2026-06-23 11:40:00,3085267
75.9,84.8,78.8,71.0,2026-06-23 12:00:00,3085267
73.8,91.8,76.6,71.3,2026-06-23 12:20:00,3085267
75.3,95.1,79.0,73.8,2026-06-23 12:40:00,3085267
77.0,96.3,82.4,75.9,2026-06-23 13:00:00,3085267
77.8,93.6,83.7,75.8,2026-06-23 13:20:00,3085267
77.7,93.6,83.7,75.8,2026-06-23 13:40:00,3085267
76.9,95.0,81.7,75.3,2026-06-23 14:00:00,3085267
74.7,94.6,78.1,73.1,2026-06-23 14:20:00,3085267
74.0,96.5,77.4,72.9,2026-06-23 14:40:00,3085267
74.6,97.2,78.1,73.7,2026-06-23 15:00:00,3085267
74.6,96.6,78.1,73.6,2026-06-23 15:20:00,3085267
75.5,96.2,79.3,74.3,2026-06-23 15:40:00,3085267
77.1,94.4,82.0,75.3,2026-06-23 16:00:00,3085267
79.2,86.9,85.6,75.0,2026-06-23 16:20:00,3085267
78.9,87.0,84.9,74.7,2026-06-23 16:40:00,3085267
79.7,86.9,86.7,75.5,2026-06-23 17:00:00,3085267
79.4,84.1,85.5,74.2,2026-06-23 17:20:00,3085267
79.2,83.2,84.9,73.7,2026-06-23 17:40:00,3085267
83.4,79.0,93.0,76.2,2026-06-23 18:00:00,3085267
81.6,75.2,87.6,73.0,2026-06-23 18:20:00,3085267
82.0,71.5,87.3,71.9,2026-06-23 18:40:00,3085267
77.0,76.0,79.2,68.8,2026-06-23 19:00:00,3085267
75.2,81.3,77.2,69.0,2026-06-23 19:20:00,3085267
74.5,82.6,76.6,68.9,2026-06-23 19:40:00,3085267
73.9,84.4,75.9,68.9,2026-06-23 20:00:00,3085267
73.3,85.9,75.2,68.8,2026-06-23 20:20:00,3085267
72.6,86.7,74.5,68.3,2026-06-23 20:40:00,3085267
72.2,87.2,74.1,68.1,2026-06-23 21:00:00,3085267
72.0,86.1,73.8,67.6,2026-06-23 21:20:00,3085267
71.9,84.7,73.4,67.0,2026-06-23 21:40:00,3085267
71.7,85.4,73.2,67.0,2026-06-23 22:00:00,3085267
71.2,86.3,72.7,66.9,2026-06-23 22:20:00,3085267
70.9,87.5,72.5,67.0,2026-06-23 22:40:00,3085267
70.4,88.6,71.8,66.9,2026-06-23 23:00:00,3085267
70.1,89.4,71.4,66.8,2026-06-23 23:20:00,3085267
69.7,90.0,71.1,66.7,2026-06-23 23:40:00,3085267
69.3,91.2,70.7,66.6,2026-06-24 00:00:00,3085267
68.7,91.9,70.2,66.3,2026-06-24 00:20:00,3085267
68.5,93.2,69.6,66.4,2026-06-24 00:40:00,3085267
68.5,93.7,69.6,66.6,2026-06-24 01:00:00,3085267
68.2,94.4,69.6,66.5,2026-06-24 01:20:00,3085267
67.9,95.1,69.3,66.5,2026-06-24 01:40:00,3085267
67.6,95.5,68.9,66.3,2026-06-24 02:00:00,3085267
67.4,95.8,68.7,66.2,2026-06-24 02:20:00,3085267
67.2,96.1,68.5,66.1,2026-06-24 02:40:00,3085267
67.2,96.6,68.5,66.2,2026-06-24 03:00:00,3085267
67.2,96.8,68.5,66.3,2026-06-24 03:20:00,3085267
67.2,97.0,68.5,66.3,2026-06-24 03:40:00,3085267
67.0,97.0,68.4,66.1,2026-06-24 04:00:00,3085267
66.8,97.0,68.2,65.9,2026-06-24 04:20:00,3085267
66.6,96.7,68.0,65.6,2026-06-24 04:40:00,3085267
66.3,93.8,67.5,64.4,2026-06-24 05:00:00,3085267
66.1,91.3,66.9,63.4,2026-06-24 05:20:00,3085267
65.7,89.8,66.2,62.6,2026-06-24 05:40:00,3085267
65.2,89.5,65.7,62.0,2026-06-24 06:00:00,3085267
64.8,89.5,65.1,61.6,2026-06-24 06:20:00,3085267
64.6,89.7,64.9,61.5,2026-06-24 06:40:00,3085267
65.0,87.9,65.3,61.4,2026-06-24 07:00:00,3085267
65.3,85.5,65.5,60.9,2026-06-24 07:20:00,3085267
66.2,82.8,66.2,60.8,2026-06-24 07:40:00,3085267
67.2,79.3,67.3,60.6,2026-06-24 08:00:00,3085267
68.2,75.2,68.4,60.0,2026-06-24 08:20:00,3085267
69.1,73.2,69.3,60.1,2026-06-24 08:40:00,3085267
70.2,69.1,70.5,59.6,2026-06-24 09:00:00,3085267
71.3,70.2,72.0,61.1,2026-06-24 09:20:00,3085267
72.4,64.3,72.7,59.7,2026-06-24 09:40:00,3085267
74.2,59.9,73.9,59.4,2026-06-24 10:00:00,3085267
74.6,56.0,73.9,57.8,2026-06-24 10:20:00,3085267
75.1,52.6,74.1,56.6,2026-06-24 10:40:00,3085267
75.8,51.1,74.7,56.4,2026-06-24 11:00:00,3085267
76.1,51.3,75.0,56.8,2026-06-24 11:20:00,3085267
76.9,50.5,75.7,57.1,2026-06-24 11:40:00,3085267
77.4,49.0,76.3,56.7,2026-06-24 12:00:00,3085267
78.5,47.6,77.5,57.0,2026-06-24 12:20:00,3085267
79.1,44.9,77.7,55.9,2026-06-24 12:40:00,3085267
79.3,44.7,77.9,56.0,2026-06-24 13:00:00,3085267
79.4,46.0,78.4,56.8,2026-06-24 13:20:00,3085267
80.1,46.0,79.3,57.5,2026-06-24 13:40:00,3085267
81.1,43.2,79.9,56.6,2026-06-24 14:00:00,3085267
80.7,42.4,79.3,55.8,2026-06-24 14:20:00,3085267
81.3,42.4,79.9,56.3,2026-06-24 14:40:00,3085267
81.8,42.1,80.6,56.5,2026-06-24 15:00:00,3085267
81.8,42.0,80.4,56.4,2026-06-24 15:20:00,3085267
81.8,41.6,80.4,56.2,2026-06-24 15:40:00,3085267
82.5,42.2,81.5,57.2,2026-06-24 16:00:00,3085267
82.5,39.9,81.0,55.7,2026-06-24 16:20:00,3085267
83.7,41.6,83.3,57.9,2026-06-24 16:40:00,3085267
83.4,41.1,82.6,57.3,2026-06-24 17:00:00,3085267
88.9,41.6,91.4,62.5,2026-06-24 17:20:00,3085267
87.0,35.9,86.4,56.8,2026-06-24 17:40:00,3085267
89.8,32.4,89.1,56.3,2026-06-24 18:00:00,3085267
83.9,39.6,82.9,56.8,2026-06-24 18:20:00,3085267
81.5,43.5,80.6,57.2,2026-06-24 18:40:00,3085267
80.1,46.9,79.5,58.0,2026-06-24 19:00:00,3085267
79.2,48.2,78.4,58.0,2026-06-24 19:20:00,3085267
78.5,52.2,78.1,59.6,2026-06-24 19:40:00,3085267
77.6,52.4,77.0,58.8,2026-06-24 20:00:00,3085267
76.7,53.9,75.9,58.7,2026-06-24 20:20:00,3085267
75.7,56.7,75.0,59.3,2026-06-24 20:40:00,3085267
74.7,59.8,74.5,59.8,2026-06-24 21:00:00,3085267
73.8,62.7,73.9,60.3,2026-06-24 21:20:00,3085267
72.9,65.6,73.2,60.7,2026-06-24 21:40:00,3085267
72.3,66.2,72.7,60.4,2026-06-24 22:00:00,3085267
71.9,66.1,72.3,60.0,2026-06-24 22:20:00,3085267
71.4,70.7,72.0,61.4,2026-06-24 22:40:00,3085267
71.1,67.0,71.6,59.6,2026-06-24 23:00:00,3085267
70.8,68.6,71.2,60.0,2026-06-24 23:20:00,3085267
70.6,68.9,70.9,59.9,2026-06-24 23:40:00,3085267
69.9,72.0,70.2,60.5,2026-06-25 00:00:00,3085267
69.6,72.0,69.8,60.2,2026-06-25 00:20:00,3085267
69.5,73.5,69.8,60.6,2026-06-25 00:40:00,3085267
69.1,72.9,69.1,60.0,2026-06-25 01:00:00,3085267
68.5,73.8,68.4,59.8,2026-06-25 01:20:00,3085267
68.3,74.5,68.2,59.9,2026-06-25 01:40:00,3085267
67.6,75.8,67.5,59.6,2026-06-25 02:00:00,3085267
67.1,77.0,67.1,59.6,2026-06-25 02:20:00,3085267
66.7,78.5,66.4,59.8,2026-06-25 02:40:00,3085267
66.3,79.5,66.0,59.7,2026-06-25 03:00:00,3085267
66.2,80.5,65.8,60.0,2026-06-25 03:20:00,3085267
65.9,81.3,65.8,60.0,2026-06-25 03:40:00,3085267
65.9,82.8,66.0,60.5,2026-06-25 04:00:00,3085267
65.7,83.5,65.8,60.6,2026-06-25 04:20:00,3085267
65.7,84.0,65.8,60.7,2026-06-25 04:40:00,3085267
65.7,85.2,65.8,61.1,2026-06-25 05:00:00,3085267
65.6,85.9,65.7,61.3,2026-06-25 05:20:00,3085267
65.6,86.8,65.8,61.5,2026-06-25 05:40:00,3085267
65.5,87.7,65.8,61.7,2026-06-25 06:00:00,3085267
65.4,88.7,65.8,62.0,2026-06-25 06:20:00,3085267
65.4,89.2,65.8,62.2,2026-06-25 06:40:00,3085267
65.6,90.1,66.2,62.6,2026-06-25 07:00:00,3085267
66.1,90.4,66.9,63.2,2026-06-25 07:20:00,3085267
67.0,90.1,68.0,64.0,2026-06-25 07:40:00,3085267
68.1,90.0,69.3,65.0,2026-06-25 08:00:00,3085267
69.3,88.8,70.5,65.9,2026-06-25 08:20:00,3085267
71.5,86.5,73.2,67.3,2026-06-25 08:40:00,3085267
73.5,82.9,75.4,68.0,2026-06-25 09:00:00,3085267
75.0,80.3,76.8,68.5,2026-06-25 09:20:00,3085267
76.2,76.2,77.7,68.1,2026-06-25 09:40:00,3085267
77.3,74.1,79.3,68.4,2026-06-25 10:00:00,3085267
78.4,72.1,81.0,68.7,2026-06-25 10:20:00,3085267
79.2,67.9,81.9,67.7,2026-06-25 10:40:00,3085267
79.5,64.9,81.7,66.7,2026-06-25 11:00:00,3085267
80.7,62.5,82.9,66.7,2026-06-25 11:20:00,3085267
81.0,62.6,83.7,67.1,2026-06-25 11:40:00,3085267
81.6,61.1,84.0,66.9,2026-06-25 12:00:00,3085267
80.6,62.3,82.9,66.5,2026-06-25 12:20:00,3085267
80.4,62.0,82.4,66.2,2026-06-25 12:40:00,3085267
81.7,58.3,83.7,65.7,2026-06-25 13:00:00,3085267
82.2,59.7,84.9,66.8,2026-06-25 13:20:00,3085267
83.4,55.8,86.0,66.0,2026-06-25 13:40:00,3085267
83.7,49.4,85.1,62.7,2026-06-25 14:00:00,3085267
83.4,54.3,85.8,65.1,2026-06-25 14:20:00,3085267
83.8,50.8,85.5,63.6,2026-06-25 14:40:00,3085267
86.1,48.7,88.7,64.5,2026-06-25 15:00:00,3085267
85.1,52.1,88.0,65.5,2026-06-25 15:20:00,3085267
85.0,52.9,88.3,65.9,2026-06-25 15:40:00,3085267
85.6,48.9,88.0,64.2,2026-06-25 16:00:00,3085267
85.8,51.3,89.1,65.8,2026-06-25 16:20:00,3085267
86.6,51.5,90.7,66.6,2026-06-25 16:40:00,3085267
87.3,46.5,90.1,64.3,2026-06-25 17:00:00,3085267
91.3,41.3,95.4,64.5,2026-06-25 17:20:00,3085267
91.1,42.1,95.4,64.9,2026-06-25 17:40:00,3085267
91.1,42.1,95.4,64.9,2026-06-25 18:00:00,3085267
87.2,45.9,89.6,63.8,2026-06-25 18:20:00,3085267
86.8,49.7,90.3,65.8,2026-06-25 18:40:00,3085267
84.8,52.8,87.8,65.6,2026-06-25 19:00:00,3085267
83.7,54.7,86.5,65.7,2026-06-25 19:20:00,3085267
82.9,56.0,85.1,65.6,2026-06-25 19:40:00,3085267
82.3,57.4,84.4,65.8,2026-06-25 20:00:00,3085267
81.6,57.5,83.5,65.1,2026-06-25 20:20:00,3085267
80.9,58.5,82.6,64.9,2026-06-25 20:40:00,3085267
80.1,60.2,81.9,65.1,2026-06-25 21:00:00,3085267
79.4,61.8,81.0,65.1,2026-06-25 21:20:00,3085267
78.6,62.5,79.9,64.8,2026-06-25 21:40:00,3085267
78.1,63.4,79.3,64.7,2026-06-25 22:00:00,3085267
77.4,65.1,78.4,64.8,2026-06-25 22:20:00,3085267
76.9,65.8,77.5,64.6,2026-06-25 22:40:00,3085267
76.5,66.9,77.2,64.7,2026-06-25 23:00:00,3085267
75.9,69.9,76.6,65.4,2026-06-25 23:20:00,3085267
75.4,70.0,76.3,64.9,2026-06-25 23:40:00,3085267
75.1,71.1,76.1,65.1,2026-06-26 00:00:00,3085267
74.7,70.8,75.7,64.6,2026-06-26 00:20:00,3085267
74.2,72.4,75.2,64.8,2026-06-26 00:40:00,3085267
74.2,73.7,75.4,65.3,2026-06-26 01:00:00,3085267
74.0,73.9,75.2,65.1,2026-06-26 01:20:00,3085267
73.8,74.0,75.0,64.9,2026-06-26 01:40:00,3085267
73.6,75.0,74.8,65.2,2026-06-26 02:00:00,3085267
73.7,75.5,75.0,65.5,2026-06-26 02:20:00,3085267
73.7,75.4,75.0,65.5,2026-06-26 02:40:00,3085267
73.5,75.8,74.7,65.4,2026-06-26 03:00:00,3085267
73.5,76.9,74.8,65.8,2026-06-26 03:20:00,3085267
73.3,76.3,74.5,65.4,2026-06-26 03:40:00,3085267
73.2,76.5,74.7,65.4,2026-06-26 04:00:00,3085267
73.1,76.8,74.5,65.4,2026-06-26 04:20:00,3085267
72.8,77.5,73.9,65.4,2026-06-26 04:40:00,3085267
72.2,78.6,73.4,65.2,2026-06-26 05:00:00,3085267
71.6,80.3,72.7,65.2,2026-06-26 05:20:00,3085267
71.3,81.3,72.5,65.2,2026-06-26 05:40:00,3085267
71.2,82.4,72.3,65.5,2026-06-26 06:00:00,3085267
71.1,82.9,72.5,65.7,2026-06-26 06:20:00,3085267
71.2,83.5,72.5,65.9,2026-06-26 06:40:00,3085267
71.6,83.6,73.2,66.4,2026-06-26 07:00:00,3085267
72.0,83.8,73.6,66.8,2026-06-26 07:20:00,3085267
72.9,83.0,74.7,67.5,2026-06-26 07:40:00,3085267
73.8,82.3,75.7,68.1,2026-06-26 08:00:00,3085267
75.1,81.1,77.2,68.9,2026-06-26 08:20:00,3085267
76.4,80.3,78.4,69.9,2026-06-26 08:40:00,3085267
77.3,78.2,79.9,69.9,2026-06-26 09:00:00,3085267
78.5,77.0,82.2,70.7,2026-06-26 09:20:00,3085267
79.5,73.4,83.1,70.3,2026-06-26 09:40:00,3085267
80.2,73.6,84.6,71.0,2026-06-26 10:00:00,3085267
81.1,71.2,85.6,70.9,2026-06-26 10:20:00,3085267
82.4,67.7,87.4,70.6,2026-06-26 10:40:00,3085267
83.6,64.4,88.9,70.3,2026-06-26 11:00:00,3085267
84.8,59.0,89.8,68.8,2026-06-26 11:20:00,3085267
84.3,60.3,89.1,69.1,2026-06-26 11:40:00,3085267
84.2,61.7,89.1,69.6,2026-06-26 12:00:00,3085267
84.4,60.6,89.4,69.3,2026-06-26 12:20:00,3085267
84.7,57.8,89.1,68.2,2026-06-26 12:40:00,3085267
84.8,58.2,89.6,68.5,2026-06-26 13:00:00,3085267
86.0,56.2,91.4,68.6,2026-06-26 13:20:00,3085267
86.3,55.4,91.4,68.4,2026-06-26 13:40:00,3085267
86.7,55.2,92.3,68.7,2026-06-26 14:00:00,3085267
87.1,55.5,93.0,69.2,2026-06-26 14:20:00,3085267
87.3,53.4,92.7,68.3,2026-06-26 14:40:00,3085267
87.0,55.4,92.7,69.0,2026-06-26 15:00:00,3085267
88.2,54.3,94.8,69.6,2026-06-26 15:20:00,3085267
86.5,57.9,92.7,69.9,2026-06-26 15:40:00,3085267
86.3,60.3,93.0,70.9,2026-06-26 16:00:00,3085267
85.0,62.9,91.4,71.0,2026-06-26 16:20:00,3085267
84.2,66.8,91.2,72.0,2026-06-26 16:40:00,3085267
84.9,65.9,92.1,72.2,2026-06-26 17:00:00,3085267
83.2,67.9,89.1,71.5,2026-06-26 17:20:00,3085267
84.0,67.0,90.5,71.8,2026-06-26 17:40:00,3085267
84.1,65.8,90.5,71.4,2026-06-26 18:00:00,3085267
83.0,68.6,88.9,71.7,2026-06-26 18:20:00,3085267
82.3,70.1,87.6,71.6,2026-06-26 18:40:00,3085267
82.2,70.2,87.3,71.5,2026-06-26 19:00:00,3085267
81.7,70.5,86.7,71.2,2026-06-26 19:20:00,3085267
81.3,70.2,85.6,70.6,2026-06-26 19:40:00,3085267
81.0,70.2,85.3,70.4,2026-06-26 20:00:00,3085267
80.3,70.4,84.2,69.8,2026-06-26 20:20:00,3085267
79.4,73.0,83.1,69.9,2026-06-26 20:40:00,3085267
78.5,74.8,81.7,69.9,2026-06-26 21:00:00,3085267
78.0,77.1,81.1,70.3,2026-06-26 21:20:00,3085267
77.6,79.0,80.8,70.5,2026-06-26 21:40:00,3085267
77.2,80.8,80.4,70.9,2026-06-26 22:00:00,3085267
77.1,82.3,80.2,71.3,2026-06-26 22:20:00,3085267
77.0,83.5,80.4,71.6,2026-06-26 22:40:00,3085267
76.9,84.6,80.1,71.9,2026-06-26 23:00:00,3085267
76.6,85.7,79.5,72.0,2026-06-26 23:20:00,3085267
76.6,86.5,79.7,72.3,2026-06-26 23:40:00,3085267
76.5,86.4,79.7,72.2,2026-06-27 00:00:00,3085267
76.4,86.3,79.3,72.0,2026-06-27 00:20:00,3085267
76.2,86.5,79.2,71.9,2026-06-27 00:40:00,3085267
76.0,86.8,79.0,71.8,2026-06-27 01:00:00,3085267
75.7,87.3,78.6,71.6,2026-06-27 01:20:00,3085267
75.3,87.9,78.1,71.5,2026-06-27 01:40:00,3085267
75.1,88.3,77.9,71.3,2026-06-27 02:00:00,3085267
74.9,88.6,77.7,71.3,2026-06-27 02:20:00,3085267
74.8,89.2,77.5,71.4,2026-06-27 02:40:00,3085267
74.8,89.5,77.5,71.5,2026-06-27 03:00:00,3085267
74.7,89.9,77.5,71.6,2026-06-27 03:20:00,3085267
74.5,90.4,77.5,71.5,2026-06-27 03:40:00,3085267
74.4,90.9,77.2,71.5,2026-06-27 04:00:00,3085267
74.4,91.4,77.4,71.7,2026-06-27 04:20:00,3085267
74.4,91.7,77.4,71.9,2026-06-27 04:40:00,3085267
74.3,91.8,77.2,71.7,2026-06-27 05:00:00,3085267
74.0,92.1,76.8,71.6,2026-06-27 05:20:00,3085267
73.8,92.7,76.6,71.6,2026-06-27 05:40:00,3085267
73.6,93.2,76.5,71.5,2026-06-27 06:00:00,3085267
73.5,93.5,76.3,71.5,2026-06-27 06:20:00,3085267
73.5,93.7,76.3,71.6,2026-06-27 06:40:00,3085267
73.7,93.9,76.6,71.9,2026-06-27 07:00:00,3085267
74.2,93.6,77.2,72.2,2026-06-27 07:20:00,3085267
75.0,92.5,78.3,72.7,2026-06-27 07:40:00,3085267
76.0,90.8,79.3,73.1,2026-06-27 08:00:00,3085267
76.6,89.6,80.4,73.4,2026-06-27 08:20:00,3085267
77.3,88.1,81.5,73.5,2026-06-27 08:40:00,3085267
78.3,86.3,83.5,73.8,2026-06-27 09:00:00,3085267
79.5,84.0,85.5,74.3,2026-06-27 09:20:00,3085267
80.7,83.3,88.0,75.1,2026-06-27 09:40:00,3085267
82.1,78.7,89.8,74.9,2026-06-27 10:00:00,3085267
82.8,76.8,90.9,74.7,2026-06-27 10:20:00,3085267
83.8,74.3,92.3,74.8,2026-06-27 10:40:00,3085267
85.1,72.9,95.5,75.5,2026-06-27 11:00:00,3085267
85.2,69.4,94.3,74.0,2026-06-27 11:20:00,3085267
85.2,71.6,95.2,75.0,2026-06-27 11:40:00,3085267
85.8,69.5,95.5,74.7,2026-06-27 12:00:00,3085267
86.2,68.2,96.3,74.5,2026-06-27 12:20:00,3085267
86.6,66.7,96.4,74.2,2026-06-27 12:40:00,3085267
87.4,65.8,97.9,74.6,2026-06-27 13:00:00,3085267
88.7,63.2,99.7,74.5,2026-06-27 13:20:00,3085267
88.9,62.0,100.0,74.2,2026-06-27 13:40:00,3085267
89.6,61.3,101.1,74.5,2026-06-27 14:00:00,3085267
85.8,65.8,94.6,73.1,2026-06-27 14:20:00,3085267
79.3,81.4,84.4,73.1,2026-06-27 14:40:00,3085267
79.4,87.7,86.4,75.5,2026-06-27 15:00:00,3085267
81.1,86.4,89.4,76.6,2026-06-27 15:20:00,3085267
81.3,87.4,90.1,77.1,2026-06-27 15:40:00,3085267
78.2,79.2,82.0,71.2,2026-06-27 16:00:00,3085267
76.5,88.7,80.1,73.0,2026-06-27 16:20:00,3085267
77.1,89.7,81.1,73.8,2026-06-27 16:40:00,3085267
77.6,90.0,82.4,74.4,2026-06-27 17:00:00,3085267
81.8,82.5,90.0,76.0,2026-06-27 17:20:00,3085267
85.4,75.9,97.2,76.9,2026-06-27 17:40:00,3085267
84.1,76.0,93.9,75.7,2026-06-27 18:00:00,3085267
81.9,77.2,88.9,74.0,2026-06-27 18:20:00,3085267
81.0,78.1,87.4,73.5,2026-06-27 18:40:00,3085267
80.4,80.7,86.9,73.9,2026-06-27 19:00:00,3085267
79.7,82.9,86.0,74.0,2026-06-27 19:20:00,3085267
79.4,84.9,85.6,74.4,2026-06-27 19:40:00,3085267
79.7,86.0,86.2,75.1,2026-06-27 20:00:00,3085267
79.8,85.9,86.5,75.2,2026-06-27 20:20:00,3085267
79.9,85.4,86.5,75.1,2026-06-27 20:40:00,3085267
80.0,85.5,86.9,75.3,2026-06-27 21:00:00,3085267
80.0,86.0,87.1,75.4,2026-06-27 21:20:00,3085267
79.7,86.2,86.4,75.2,2026-06-27 21:40:00,3085267
79.4,86.1,86.0,74.8,2026-06-27 22:00:00,3085267
78.8,81.3,83.7,72.6,2026-06-27 22:20:00,3085267
78.6,79.4,82.8,71.7,2026-06-27 22:40:00,3085267
78.3,79.1,82.2,71.3,2026-06-27 23:00:00,3085267
77.9,80.4,81.7,71.4,2026-06-27 23:20:00,3085267
77.5,80.2,80.6,70.9,2026-06-27 23:40:00,3085267
77.0,80.9,80.1,70.7,2026-06-28 00:00:00,3085267
76.5,82.4,79.2,70.8,2026-06-28 00:20:00,3085267
76.1,83.0,78.6,70.5,2026-06-28 00:40:00,3085267
75.8,83.1,78.3,70.3,2026-06-28 01:00:00,3085267
75.6,84.1,78.1,70.4,2026-06-28 01:20:00,3085267
75.3,85.1,77.9,70.5,2026-06-28 01:40:00,3085267
75.1,85.4,77.5,70.4,2026-06-28 02:00:00,3085267
74.6,85.5,76.8,70.0,2026-06-28 02:20:00,3085267
74.3,87.3,76.8,70.3,2026-06-28 02:40:00,3085267
73.9,88.2,76.3,70.2,2026-06-28 03:00:00,3085267
73.7,88.2,76.1,69.9,2026-06-28 03:20:00,3085267
73.5,89.4,75.9,70.2,2026-06-28 03:40:00,3085267
73.3,89.6,75.6,70.1,2026-06-28 04:00:00,3085267
73.1,89.3,75.4,69.7,2026-06-28 04:20:00,3085267
72.6,90.3,74.8,69.6,2026-06-28 04:40:00,3085267
72.5,90.8,74.7,69.6,2026-06-28 05:00:00,3085267
72.1,91.2,74.3,69.4,2026-06-28 05:20:00,3085267
72.2,92.4,74.5,69.9,2026-06-28 05:40:00,3085267
72.2,91.8,74.5,69.7,2026-06-28 06:00:00,3085267
72.3,92.1,74.5,69.9,2026-06-28 06:20:00,3085267
72.4,91.2,74.7,69.7,2026-06-28 06:40:00,3085267
72.5,91.2,74.8,69.8,2026-06-28 07:00:00,3085267
72.8,90.8,75.0,69.9,2026-06-28 07:20:00,3085267
73.4,89.8,75.9,70.2,2026-06-28 07:40:00,3085267
74.1,88.1,76.5,70.3,2026-06-28 08:00:00,3085267
75.6,86.3,78.4,71.2,2026-06-28 08:20:00,3085267
76.9,84.2,80.1,71.8,2026-06-28 08:40:00,3085267
77.6,82.4,81.3,71.8,2026-06-28 09:00:00,3085267
78.0,82.1,82.0,72.1,2026-06-28 09:20:00,3085267
78.5,81.5,82.9,72.3,2026-06-28 09:40:00,3085267
78.9,80.5,83.7,72.4,2026-06-28 10:00:00,3085267
80.0,79.4,85.6,73.1,2026-06-28 10:20:00,3085267
81.0,77.0,87.1,73.1,2026-06-28 10:40:00,3085267
82.0,75.2,88.7,73.4,2026-06-28 11:00:00,3085267
82.6,74.8,89.8,73.8,2026-06-28 11:20:00,3085267
83.4,75.3,91.8,74.7,2026-06-28 11:40:00,3085267
84.4,70.7,93.0,73.9,2026-06-28 12:00:00,3085267
84.6,75.0,94.8,75.8,2026-06-28 12:20:00,3085267
85.7,69.1,95.5,74.4,2026-06-28 12:40:00,3085267
86.2,65.3,95.2,73.2,2026-06-28 13:00:00,3085267
85.8,68.0,95.0,74.0,2026-06-28 13:20:00,3085267
85.9,71.3,96.6,75.5,2026-06-28 13:40:00,3085267
87.0,64.8,96.4,73.7,2026-06-28 14:00:00,3085267
88.4,63.5,99.3,74.4,2026-06-28 14:20:00,3085267
89.2,61.1,99.9,74.0,2026-06-28 14:40:00,3085267
89.5,62.5,101.7,75.0,2026-06-28 15:00:00,3085267
88.7,60.1,98.6,73.1,2026-06-28 15:20:00,3085267
88.0,64.1,98.6,74.3,2026-06-28 15:40:00,3085267
90.1,63.4,103.6,76.0,2026-06-28 16:00:00,3085267
89.4,62.0,100.9,74.7,2026-06-28 16:20:00,3085267
86.9,65.0,96.6,73.7,2026-06-28 16:40:00,3085267
85.2,71.1,95.0,74.8,2026-06-28 17:00:00,3085267
84.1,73.6,93.0,74.8,2026-06-28 17:20:00,3085267
83.6,72.1,91.2,73.6,2026-06-28 17:40:00,3085267
77.5,87.3,81.9,73.4,2026-06-28 18:00:00,3085267
77.2,93.7,82.2,75.2,2026-06-28 18:20:00,3085267
75.7,94.1,79.3,73.8,2026-06-28 18:40:00,3085267
73.7,94.3,76.6,71.9,2026-06-28 19:00:00,3085267
73.7,96.5,76.8,72.7,2026-06-28 19:20:00,3085267
73.7,97.2,76.8,72.9,2026-06-28 19:40:00,3085267
74.1,98.0,77.5,73.5,2026-06-28 20:00:00,3085267
74.4,98.3,78.1,73.9,2026-06-28 20:20:00,3085267
74.2,98.5,77.7,73.8,2026-06-28 20:40:00,3085267
74.3,98.7,77.7,73.9,2026-06-28 21:00:00,3085267
74.3,98.9,77.9,73.9,2026-06-28 21:20:00,3085267
74.4,99.1,78.3,74.1,2026-06-28 21:40:00,3085267
74.4,99.4,78.3,74.2,2026-06-28 22:00:00,3085267
74.4,99.5,78.3,74.3,2026-06-28 22:20:00,3085267
74.2,99.5,77.9,74.0,2026-06-28 22:40:00,3085267
73.9,99.6,77.4,73.7,2026-06-28 23:00:00,3085267
73.7,99.7,77.2,73.6,2026-06-28 23:20:00,3085267
73.5,99.7,76.8,73.5,2026-06-28 23:40:00,3085267
73.4,99.8,76.6,73.3,2026-06-29 00:00:00,3085267
73.3,99.9,76.6,73.2,2026-06-29 00:20:00,3085267
73.3,100.0,76.6,73.2,2026-06-29 00:40:00,3085267
73.3,100.0,76.6,73.3,2026-06-29 01:00:00,3085267
73.5,100.0,76.8,73.5,2026-06-29 01:20:00,3085267
73.4,100.0,76.8,73.4,2026-06-29 01:40:00,3085267
73.3,100.0,76.6,73.3,2026-06-29 02:00:00,3085267
73.1,100.0,76.3,73.1,2026-06-29 02:20:00,3085267
72.9,100.0,76.1,72.9,2026-06-29 02:40:00,3085267
73.0,100.0,76.1,73.0,2026-06-29 03:00:00,3085267
72.9,100.0,76.1,72.9,2026-06-29 03:20:00,3085267
72.9,100.0,76.1,72.9,2026-06-29 03:40:00,3085267
72.9,100.0,76.1,72.9,2026-06-29 04:00:00,3085267
72.8,100.0,75.7,72.8,2026-06-29 04:20:00,3085267
72.8,100.0,75.7,72.7,2026-06-29 04:40:00,3085267
72.7,100.0,75.7,72.7,2026-06-29 05:00:00,3085267
72.6,100.0,75.6,72.6,2026-06-29 05:20:00,3085267
72.4,100.0,75.2,72.4,2026-06-29 05:40:00,3085267
72.3,100.0,75.2,72.3,2026-06-29 06:00:00,3085267
72.2,100.0,75.0,72.2,2026-06-29 06:20:00,3085267
72.1,100.0,75.0,72.1,2026-06-29 06:40:00,3085267
72.3,100.0,75.0,72.3,2026-06-29 07:00:00,3085267
72.3,100.0,75.0,72.3,2026-06-29 07:20:00,3085267
72.4,100.0,75.2,72.4,2026-06-29 07:40:00,3085267
91.4,27.6,90.0,53.3,2026-06-15 14:20:00,2974344
91.1,28.7,90.0,54.2,2026-06-15 14:40:00,2974344
90.3,28.1,88.9,52.9,2026-06-15 15:00:00,2974344
91.4,27.5,90.3,53.3,2026-06-15 15:20:00,2974344
88.9,29.2,87.1,52.8,2026-06-15 15:40:00,2974344
88.7,31.0,87.1,54.2,2026-06-15 16:00:00,2974344
88.7,32.2,87.4,55.2,2026-06-15 16:20:00,2974344
88.8,31.6,87.6,54.7,2026-06-15 16:40:00,2974344
88.6,30.0,86.7,53.2,2026-06-15 17:00:00,2974344
87.9,29.2,85.5,51.9,2026-06-15 17:20:00,2974344
88.4,30.5,86.5,53.5,2026-06-15 17:40:00,2974344
87.8,30.8,86.0,53.2,2026-06-15 18:00:00,2974344
86.8,32.3,85.1,53.6,2026-06-15 18:20:00,2974344
86.5,33.3,84.9,54.2,2026-06-15 18:40:00,2974344
85.5,33.8,83.8,53.7,2026-06-15 19:00:00,2974344
85.2,34.2,83.7,53.8,2026-06-15 19:20:00,2974344
84.6,35.1,83.1,54.0,2026-06-15 19:40:00,2974344
83.8,35.7,81.9,53.7,2026-06-15 20:00:00,2974344
82.8,36.7,81.0,53.7,2026-06-15 20:20:00,2974344
81.2,39.5,79.5,54.2,2026-06-15 20:40:00,2974344
79.6,41.5,77.9,54.2,2026-06-15 21:00:00,2974344
78.2,42.1,76.3,53.3,2026-06-15 21:20:00,2974344
77.0,43.5,75.0,53.1,2026-06-15 21:40:00,2974344
75.7,45.4,73.9,53.2,2026-06-15 22:00:00,2974344
74.8,46.5,73.2,53.0,2026-06-15 22:20:00,2974344
73.7,49.4,72.5,53.6,2026-06-15 22:40:00,2974344
72.8,51.1,71.8,53.6,2026-06-15 23:00:00,2974344
71.9,53.6,71.2,54.2,2026-06-15 23:20:00,2974344
70.8,56.9,70.5,54.8,2026-06-15 23:40:00,2974344
69.9,60.1,69.4,55.5,2026-06-16 00:00:00,2974344
69.8,59.6,69.3,55.1,2026-06-16 00:20:00,2974344
69.4,60.5,68.7,55.2,2026-06-16 00:40:00,2974344
68.9,61.6,68.2,55.2,2026-06-16 01:00:00,2974344
68.5,63.3,67.6,55.5,2026-06-16 01:20:00,2974344
68.6,63.0,68.0,55.5,2026-06-16 01:40:00,2974344
68.7,60.6,68.0,54.6,2026-06-16 02:00:00,2974344
69.1,57.9,68.4,53.7,2026-06-16 02:20:00,2974344
69.4,54.8,68.2,52.5,2026-06-16 02:40:00,2974344
69.1,56.4,68.2,53.0,2026-06-16 03:00:00,2974344
68.6,57.1,67.5,52.8,2026-06-16 03:20:00,2974344
68.3,57.0,66.9,52.5,2026-06-16 03:40:00,2974344
68.5,55.2,67.1,51.8,2026-06-16 04:00:00,2974344
68.3,55.2,66.7,51.6,2026-06-16 04:20:00,2974344
67.9,56.1,66.4,51.7,2026-06-16 04:40:00,2974344
67.6,56.7,65.8,51.7,2026-06-16 05:00:00,2974344
67.5,57.2,65.8,51.9,2026-06-16 05:20:00,2974344
67.6,56.7,65.8,51.7,2026-06-16 05:40:00,2974344
67.6,57.0,65.8,51.8,2026-06-16 06:00:00,2974344
67.4,57.7,65.7,52.0,2026-06-16 06:20:00,2974344
67.7,58.0,66.2,52.4,2026-06-16 06:40:00,2974344
68.1,58.8,66.7,53.1,2026-06-16 07:00:00,2974344
68.2,58.8,67.1,53.2,2026-06-16 07:20:00,2974344
68.5,59.0,67.3,53.7,2026-06-16 07:40:00,2974344
69.1,59.0,68.4,54.2,2026-06-16 08:00:00,2974344
69.9,58.4,69.3,54.7,2026-06-16 08:20:00,2974344
70.3,58.2,69.8,54.9,2026-06-16 08:40:00,2974344
71.0,58.1,70.7,55.6,2026-06-16 09:00:00,2974344
72.5,55.0,72.1,55.5,2026-06-16 09:20:00,2974344
72.9,54.4,72.3,55.5,2026-06-16 09:40:00,2974344
74.4,52.2,73.4,55.7,2026-06-16 10:00:00,2974344
76.2,49.9,74.8,56.2,2026-06-16 10:20:00,2974344
76.7,49.5,75.4,56.4,2026-06-16 10:40:00,2974344
77.3,47.8,75.9,56.0,2026-06-16 11:00:00,2974344
78.4,46.1,77.0,56.0,2026-06-16 11:20:00,2974344
78.2,46.8,77.0,56.2,2026-06-16 11:40:00,2974344
79.6,44.8,78.3,56.3,2026-06-16 12:00:00,2974344
79.7,44.7,78.3,56.3,2026-06-16 12:20:00,2974344
80.1,44.1,79.0,56.3,2026-06-16 12:40:00,2974344
80.5,43.5,79.3,56.3,2026-06-16 13:00:00,2974344
81.2,42.7,79.9,56.4,2026-06-16 13:20:00,2974344
83.9,38.7,82.8,56.1,2026-06-16 13:40:00,2974344
85.2,36.9,84.2,55.9,2026-06-16 14:00:00,2974344
84.7,36.7,83.3,55.3,2026-06-16 14:20:00,2974344
88.2,35.5,88.0,57.5,2026-06-16 14:40:00,2974344
87.7,34.8,87.1,56.5,2026-06-16 15:00:00,2974344
88.9,33.9,88.5,56.9,2026-06-16 15:20:00,2974344
87.6,35.3,87.3,56.8,2026-06-16 15:40:00,2974344
85.3,38.2,84.7,57.0,2026-06-16 16:00:00,2974344
84.5,39.9,83.8,57.5,2026-06-16 16:20:00,2974344
84.7,39.8,84.0,57.6,2026-06-16 16:40:00,2974344
84.8,41.0,84.7,58.5,2026-06-16 17:00:00,2974344
85.0,41.8,85.1,59.2,2026-06-16 17:20:00,2974344
84.2,42.7,84.0,59.1,2026-06-16 17:40:00,2974344
83.2,44.1,82.9,59.1,2026-06-16 18:00:00,2974344
83.0,46.2,83.1,60.2,2026-06-16 18:20:00,2974344
82.8,46.8,82.9,60.4,2026-06-16 18:40:00,2974344
82.2,47.8,82.0,60.4,2026-06-16 19:00:00,2974344
81.9,47.2,81.7,59.9,2026-06-16 19:20:00,2974344
81.3,47.1,80.8,59.2,2026-06-16 19:40:00,2974344
81.0,48.0,80.8,59.5,2026-06-16 20:00:00,2974344
80.4,49.0,80.2,59.5,2026-06-16 20:20:00,2974344
79.8,49.4,79.3,59.2,2026-06-16 20:40:00,2974344
78.5,51.2,77.9,59.0,2026-06-16 21:00:00,2974344
77.7,52.3,77.2,58.9,2026-06-16 21:20:00,2974344
77.1,53.4,76.5,58.8,2026-06-16 21:40:00,2974344
76.6,54.7,75.7,59.0,2026-06-16 22:00:00,2974344
76.2,55.8,75.6,59.3,2026-06-16 22:20:00,2974344
75.8,56.4,75.2,59.2,2026-06-16 22:40:00,2974344
75.6,57.1,75.2,59.4,2026-06-16 23:00:00,2974344
75.5,57.7,75.0,59.5,2026-06-16 23:20:00,2974344
75.1,58.7,74.8,59.6,2026-06-16 23:40:00,2974344
75.1,59.2,74.8,59.9,2026-06-17 00:00:00,2974344
74.8,60.3,74.7,60.1,2026-06-17 00:20:00,2974344
74.4,61.8,74.5,60.5,2026-06-17 00:40:00,2974344
74.0,63.3,74.3,60.7,2026-06-17 01:00:00,2974344
73.5,64.6,73.8,60.8,2026-06-17 01:20:00,2974344
73.0,66.2,73.4,61.1,2026-06-17 01:40:00,2974344
72.4,68.0,72.9,61.2,2026-06-17 02:00:00,2974344
72.1,69.6,72.7,61.6,2026-06-17 02:20:00,2974344
72.0,70.9,72.7,62.0,2026-06-17 02:40:00,2974344
71.8,72.2,72.7,62.4,2026-06-17 03:00:00,2974344
71.5,73.4,72.3,62.5,2026-06-17 03:20:00,2974344
71.2,74.7,72.0,62.7,2026-06-17 03:40:00,2974344
71.1,75.7,72.1,63.0,2026-06-17 04:00:00,2974344
70.9,76.5,72.0,63.1,2026-06-17 04:20:00,2974344
70.4,77.6,71.2,63.0,2026-06-17 04:40:00,2974344
70.0,78.7,70.7,63.0,2026-06-17 05:00:00,2974344
69.7,79.6,70.5,63.1,2026-06-17 05:20:00,2974344
69.5,80.3,70.3,63.2,2026-06-17 05:40:00,2974344
69.1,81.2,69.8,63.2,2026-06-17 06:00:00,2974344
68.8,82.2,69.4,63.2,2026-06-17 06:20:00,2974344
68.9,82.8,69.8,63.4,2026-06-17 06:40:00,2974344
69.3,82.8,70.3,63.9,2026-06-17 07:00:00,2974344
70.2,81.9,71.2,64.4,2026-06-17 07:20:00,2974344
71.5,79.9,72.7,65.0,2026-06-17 07:40:00,2974344
73.1,77.5,74.5,65.7,2026-06-17 08:00:00,2974344
73.6,75.6,75.0,65.4,2026-06-17 08:20:00,2974344
75.1,73.9,76.5,66.2,2026-06-17 08:40:00,2974344
76.0,70.8,77.0,65.8,2026-06-17 09:00:00,2974344
77.1,67.6,78.3,65.6,2026-06-17 09:20:00,2974344
78.9,63.7,80.4,65.6,2026-06-17 09:40:00,2974344
82.1,55.6,83.7,64.7,2026-06-17 10:00:00,2974344
84.6,48.1,86.2,62.8,2026-06-17 10:20:00,2974344
85.3,45.6,86.7,62.0,2026-06-17 10:40:00,2974344
85.7,44.7,86.9,61.8,2026-06-17 11:00:00,2974344
86.2,42.3,87.3,60.6,2026-06-17 11:20:00,2974344
87.6,40.2,88.3,60.4,2026-06-17 11:40:00,2974344
88.8,34.4,88.5,57.1,2026-06-17 12:00:00,2974344
89.5,33.6,89.4,57.2,2026-06-17 12:20:00,2974344
91.9,31.8,92.7,57.7,2026-06-17 12:40:00,2974344
90.0,31.1,89.2,55.3,2026-06-17 13:00:00,2974344
91.9,29.5,91.2,55.5,2026-06-17 13:20:00,2974344
92.8,29.2,92.5,56.0,2026-06-17 13:40:00,2974344
96.1,27.5,97.0,57.3,2026-06-17 14:00:00,2974344
96.3,27.6,97.3,57.5,2026-06-17 14:20:00,2974344
96.2,28.4,97.3,58.2,2026-06-17 14:40:00,2974344
97.6,28.2,99.5,59.2,2026-06-17 15:00:00,2974344
95.8,30.7,97.9,60.0,2026-06-17 15:20:00,2974344
92.0,32.9,92.8,58.7,2026-06-17 15:40:00,2974344
91.2,32.8,91.6,57.9,2026-06-17 16:00:00,2974344
91.5,32.4,91.9,57.9,2026-06-17 16:20:00,2974344
92.7,31.3,93.4,57.9,2026-06-17 16:40:00,2974344
93.6,29.9,93.9,57.4,2026-06-17 17:00:00,2974344
92.7,30.8,93.2,57.5,2026-06-17 17:20:00,2974344
93.4,30.6,94.1,57.9,2026-06-17 17:40:00,2974344
92.2,31.1,92.3,57.3,2026-06-17 18:00:00,2974344
91.4,31.6,91.4,57.1,2026-06-17 18:20:00,2974344
92.0,31.3,92.3,57.3,2026-06-17 18:40:00,2974344
90.0,35.1,90.7,58.8,2026-06-17 19:00:00,2974344
89.1,36.5,89.8,59.0,2026-06-17 19:20:00,2974344
88.3,39.5,89.2,60.6,2026-06-17 19:40:00,2974344
87.5,41.9,88.9,61.6,2026-06-17 20:00:00,2974344
86.8,43.9,88.3,62.2,2026-06-17 20:20:00,2974344
85.7,45.4,87.1,62.2,2026-06-17 20:40:00,2974344
84.8,47.5,86.4,62.6,2026-06-17 21:00:00,2974344
83.7,50.1,85.3,63.1,2026-06-17 21:20:00,2974344
83.1,52.7,84.7,64.0,2026-06-17 21:40:00,2974344
82.7,54.9,84.4,64.8,2026-06-17 22:00:00,2974344
82.2,57.8,84.2,65.9,2026-06-17 22:20:00,2974344
81.9,60.6,84.6,67.0,2026-06-17 22:40:00,2974344
81.5,61.4,84.0,66.9,2026-06-17 23:00:00,2974344
81.0,63.4,83.8,67.4,2026-06-17 23:20:00,2974344
80.5,64.4,83.1,67.4,2026-06-17 23:40:00,2974344
80.2,65.1,82.8,67.4,2026-06-18 00:00:00,2974344
80.6,63.5,83.1,67.1,2026-06-18 00:20:00,2974344
80.3,62.9,82.6,66.5,2026-06-18 00:40:00,2974344
80.0,63.4,82.0,66.4,2026-06-18 01:00:00,2974344
79.7,63.6,81.9,66.3,2026-06-18 01:20:00,2974344
78.9,64.3,80.6,65.9,2026-06-18 01:40:00,2974344
78.5,65.2,80.1,65.9,2026-06-18 02:00:00,2974344
78.0,66.3,79.5,65.9,2026-06-18 02:20:00,2974344
77.6,67.7,79.2,66.1,2026-06-18 02:40:00,2974344
77.7,68.3,79.2,66.4,2026-06-18 03:00:00,2974344
77.9,69.4,79.7,67.0,2026-06-18 03:20:00,2974344
77.7,70.7,79.5,67.4,2026-06-18 03:40:00,2974344
77.7,73.4,80.1,68.6,2026-06-18 04:00:00,2974344
77.5,74.5,79.7,68.8,2026-06-18 04:20:00,2974344
77.2,77.1,79.7,69.4,2026-06-18 04:40:00,2974344
77.0,78.5,79.5,69.8,2026-06-18 05:00:00,2974344
76.8,79.3,79.2,69.9,2026-06-18 05:20:00,2974344
76.5,80.2,78.8,69.9,2026-06-18 05:40:00,2974344
76.2,80.9,78.4,69.9,2026-06-18 06:00:00,2974344
76.2,81.6,78.4,70.1,2026-06-18 06:20:00,2974344
76.4,81.8,78.6,70.4,2026-06-18 06:40:00,2974344
77.0,81.1,80.1,70.8,2026-06-18 07:00:00,2974344
77.5,79.7,80.6,70.7,2026-06-18 07:20:00,2974344
78.0,78.9,81.5,70.9,2026-06-18 07:40:00,2974344
78.6,77.5,82.2,71.0,2026-06-18 08:00:00,2974344
79.4,76.2,83.7,71.2,2026-06-18 08:20:00,2974344
81.2,72.6,86.4,71.5,2026-06-18 08:40:00,2974344
81.2,71.4,86.0,71.1,2026-06-18 09:00:00,2974344
82.6,69.5,87.8,71.6,2026-06-18 09:20:00,2974344
82.8,68.4,88.5,71.4,2026-06-18 09:40:00,2974344
85.3,66.0,93.4,72.6,2026-06-18 10:00:00,2974344
85.2,63.9,92.3,71.6,2026-06-18 10:20:00,2974344
86.6,61.6,94.5,71.8,2026-06-18 10:40:00,2974344
88.4,58.6,97.0,72.0,2026-06-18 11:00:00,2974344
89.9,55.9,99.3,72.0,2026-06-18 11:20:00,2974344
91.3,53.5,101.5,72.1,2026-06-18 11:40:00,2974344
90.7,53.3,100.2,71.4,2026-06-18 12:00:00,2974344
92.7,50.9,103.1,71.9,2026-06-18 12:20:00,2974344
93.1,49.0,102.7,71.1,2026-06-18 12:40:00,2974344
94.8,46.7,104.9,71.2,2026-06-18 13:00:00,2974344
95.6,44.2,105.4,70.3,2026-06-18 13:20:00,2974344
96.6,44.3,107.8,71.3,2026-06-18 13:40:00,2974344
96.6,42.2,106.2,69.9,2026-06-18 14:00:00,2974344
97.3,41.4,107.1,69.9,2026-06-18 14:20:00,2974344
97.7,42.6,109.2,71.2,2026-06-18 14:40:00,2974344
99.3,40.4,110.8,71.0,2026-06-18 15:00:00,2974344
96.3,41.9,105.6,69.4,2026-06-18 15:20:00,2974344
96.7,42.5,106.9,70.2,2026-06-18 15:40:00,2974344
83.9,56.1,87.3,66.6,2026-06-18 16:00:00,2974344
78.5,73.8,81.7,69.5,2026-06-18 16:20:00,2974344
76.5,86.3,79.7,72.1,2026-06-18 16:40:00,2974344
78.2,87.7,83.5,74.3,2026-06-18 17:00:00,2974344
80.0,87.8,87.4,76.1,2026-06-18 17:20:00,2974344
81.7,85.1,90.7,76.8,2026-06-18 17:40:00,2974344
82.4,80.7,91.0,75.9,2026-06-18 18:00:00,2974344
82.1,80.8,90.1,75.6,2026-06-18 18:20:00,2974344
82.4,78.2,90.3,74.9,2026-06-18 18:40:00,2974344
81.7,76.8,88.5,73.7,2026-06-18 19:00:00,2974344
81.6,79.6,88.9,74.7,2026-06-18 19:20:00,2974344
81.4,80.5,88.7,74.8,2026-06-18 19:40:00,2974344
80.8,82.9,88.3,75.1,2026-06-18 20:00:00,2974344
80.1,83.6,86.9,74.6,2026-06-18 20:20:00,2974344
79.8,83.2,86.0,74.3,2026-06-18 20:40:00,2974344
79.6,85.7,86.2,74.9,2026-06-18 21:00:00,2974344
77.8,91.1,83.1,75.0,2026-06-18 21:20:00,2974344
77.5,92.9,82.8,75.3,2026-06-18 21:40:00,2974344
76.2,92.7,80.1,73.9,2026-06-18 22:00:00,2974344
75.4,93.3,79.0,73.3,2026-06-18 22:20:00,2974344
74.9,93.5,78.3,72.9,2026-06-18 22:40:00,2974344
74.6,93.2,77.7,72.5,2026-06-18 23:00:00,2974344
74.1,93.7,77.0,72.1,2026-06-18 23:20:00,2974344
74.0,94.0,77.2,72.1,2026-06-18 23:40:00,2974344
73.7,94.3,76.6,72.0,2026-06-19 00:00:00,2974344
73.8,94.6,76.8,72.2,2026-06-19 00:20:00,2974344
73.7,94.6,76.6,72.0,2026-06-19 00:40:00,2974344
73.6,94.8,76.6,72.0,2026-06-19 01:00:00,2974344
73.5,94.9,76.5,71.9,2026-06-19 01:20:00,2974344
73.3,94.8,76.1,71.7,2026-06-19 01:40:00,2974344
73.0,94.7,75.6,71.3,2026-06-19 02:00:00,2974344
72.9,94.4,75.6,71.2,2026-06-19 02:20:00,2974344
72.8,94.2,75.4,71.0,2026-06-19 02:40:00,2974344
72.9,94.4,75.6,71.2,2026-06-19 03:00:00,2974344
72.8,94.5,75.4,71.2,2026-06-19 03:20:00,2974344
72.9,94.8,75.6,71.3,2026-06-19 03:40:00,2974344
72.7,94.9,75.4,71.2,2026-06-19 04:00:00,2974344
72.4,94.7,74.8,70.8,2026-06-19 04:20:00,2974344
72.1,94.7,74.3,70.5,2026-06-19 04:40:00,2974344
71.6,94.6,73.6,69.9,2026-06-19 05:00:00,2974344
71.6,95.0,73.6,70.1,2026-06-19 05:20:00,2974344
71.3,95.1,73.4,69.8,2026-06-19 05:40:00,2974344
71.0,95.3,72.9,69.5,2026-06-19 06:00:00,2974344
70.9,95.5,72.9,69.5,2026-06-19 06:20:00,2974344
71.0,95.8,72.9,69.7,2026-06-19 06:40:00,2974344
71.2,96.1,73.0,70.0,2026-06-19 07:00:00,2974344
71.2,96.2,73.0,70.0,2026-06-19 07:20:00,2974344
71.4,96.3,73.4,70.3,2026-06-19 07:40:00,2974344
71.3,96.4,73.4,70.2,2026-06-19 08:00:00,2974344
71.6,96.5,73.6,70.5,2026-06-19 08:20:00,2974344
72.0,96.6,74.5,71.0,2026-06-19 08:40:00,2974344
72.6,96.7,75.2,71.6,2026-06-19 09:00:00,2974344
72.4,96.6,75.0,71.4,2026-06-19 09:20:00,2974344
72.6,96.6,75.2,71.6,2026-06-19 09:40:00,2974344
73.4,96.6,76.6,72.4,2026-06-19 10:00:00,2974344
74.2,96.1,77.5,73.0,2026-06-19 10:20:00,2974344
75.5,94.7,79.2,73.8,2026-06-19 10:40:00,2974344
75.4,92.5,78.8,73.1,2026-06-19 11:00:00,2974344
75.8,91.9,79.3,73.3,2026-06-19 11:20:00,2974344
78.0,88.2,83.1,74.2,2026-06-19 11:40:00,2974344
78.0,84.5,82.4,73.0,2026-06-19 12:00:00,2974344
79.7,85.3,86.2,74.9,2026-06-19 12:20:00,2974344
80.8,76.9,86.7,72.9,2026-06-19 12:40:00,2974344
81.8,76.9,88.5,73.9,2026-06-19 13:00:00,2974344
84.0,68.0,91.2,72.4,2026-06-19 13:20:00,2974344
83.9,65.3,90.0,71.0,2026-06-19 13:40:00,2974344
86.4,61.8,94.1,71.7,2026-06-19 14:00:00,2974344
87.8,60.3,96.3,72.3,2026-06-19 14:20:00,2974344
87.3,58.8,94.8,71.2,2026-06-19 14:40:00,2974344
88.8,54.0,95.9,70.0,2026-06-19 15:00:00,2974344
89.5,48.8,95.2,67.7,2026-06-19 15:20:00,2974344
88.1,46.6,91.4,65.1,2026-06-19 15:40:00,2974344
88.2,48.3,92.5,66.2,2026-06-19 16:00:00,2974344
87.5,45.7,90.1,63.9,2026-06-19 16:20:00,2974344
88.4,44.8,91.2,64.2,2026-06-19 16:40:00,2974344
87.6,44.8,89.8,63.5,2026-06-19 17:00:00,2974344
86.7,44.3,88.5,62.4,2026-06-19 17:20:00,2974344
86.5,45.8,88.3,63.1,2026-06-19 17:40:00,2974344
87.2,44.4,89.1,62.8,2026-06-19 18:00:00,2974344
86.1,46.3,88.0,63.1,2026-06-19 18:20:00,2974344
84.9,46.6,86.4,62.2,2026-06-19 18:40:00,2974344
84.2,48.1,85.6,62.5,2026-06-19 19:00:00,2974344
83.6,51.0,85.3,63.6,2026-06-19 19:20:00,2974344
83.4,48.8,84.4,62.1,2026-06-19 19:40:00,2974344
82.2,50.0,82.6,61.7,2026-06-19 20:00:00,2974344
81.2,51.6,81.5,61.7,2026-06-19 20:20:00,2974344
80.0,55.1,80.6,62.4,2026-06-19 20:40:00,2974344
79.2,52.9,79.2,60.6,2026-06-19 21:00:00,2974344
77.9,56.1,77.7,61.0,2026-06-19 21:20:00,2974344
76.6,57.4,76.1,60.4,2026-06-19 21:40:00,2974344
75.3,59.1,75.0,60.1,2026-06-19 22:00:00,2974344
75.4,56.6,74.8,58.9,2026-06-19 22:20:00,2974344
74.5,58.8,74.3,59.1,2026-06-19 22:40:00,2974344
73.5,59.5,73.2,58.5,2026-06-19 23:00:00,2974344
72.4,61.0,72.3,58.2,2026-06-19 23:20:00,2974344
71.4,62.7,71.4,58.0,2026-06-19 23:40:00,2974344
70.6,65.9,70.7,58.7,2026-06-20 00:00:00,2974344
70.0,67.5,70.2,58.7,2026-06-20 00:20:00,2974344
70.5,64.2,70.5,57.8,2026-06-20 00:40:00,2974344
70.5,64.8,70.7,58.1,2026-06-20 01:00:00,2974344
69.3,65.8,69.1,57.3,2026-06-20 01:20:00,2974344
68.2,66.4,67.6,56.6,2026-06-20 01:40:00,2974344
67.4,68.4,66.6,56.6,2026-06-20 02:00:00,2974344
66.4,71.1,65.5,56.8,2026-06-20 02:20:00,2974344
65.7,72.2,64.8,56.5,2026-06-20 02:40:00,2974344
64.9,74.2,63.9,56.5,2026-06-20 03:00:00,2974344
64.0,77.4,63.3,56.8,2026-06-20 03:20:00,2974344
63.4,78.0,62.8,56.4,2026-06-20 03:40:00,2974344
62.8,79.7,62.4,56.4,2026-06-20 04:00:00,2974344
62.0,81.6,61.7,56.2,2026-06-20 04:20:00,2974344
61.8,81.9,61.5,56.2,2026-06-20 04:40:00,2974344
61.3,82.5,61.2,55.9,2026-06-20 05:00:00,2974344
60.9,84.2,60.8,56.1,2026-06-20 05:20:00,2974344
60.7,85.0,60.6,56.1,2026-06-20 05:40:00,2974344
60.6,85.3,60.4,56.2,2026-06-20 06:00:00,2974344
60.4,86.5,60.6,56.4,2026-06-20 06:20:00,2974344
60.9,87.2,61.0,57.1,2026-06-20 06:40:00,2974344
61.8,87.6,61.9,58.1,2026-06-20 07:00:00,2974344
62.7,87.2,62.8,58.8,2026-06-20 07:20:00,2974344
64.0,85.5,63.9,59.6,2026-06-20 07:40:00,2974344
66.0,82.7,66.0,60.6,2026-06-20 08:00:00,2974344
68.2,80.2,68.7,61.9,2026-06-20 08:20:00,2974344
70.8,76.1,71.8,62.9,2026-06-20 08:40:00,2974344
74.6,60.3,74.5,59.9,2026-06-20 09:00:00,2974344
76.9,53.9,76.1,59.0,2026-06-20 09:20:00,2974344
78.7,48.8,77.9,57.8,2026-06-20 09:40:00,2974344
81.2,44.8,80.2,57.7,2026-06-20 10:00:00,2974344
83.2,40.5,82.2,56.8,2026-06-20 10:20:00,2974344
85.8,39.9,85.6,58.6,2026-06-20 10:40:00,2974344
83.8,35.4,81.9,53.6,2026-06-20 11:00:00,2974344
84.9,33.4,83.1,53.0,2026-06-20 11:20:00,2974344
85.9,34.1,84.6,54.4,2026-06-20 11:40:00,2974344
85.1,32.1,83.1,52.1,2026-06-20 12:00:00,2974344
85.5,32.7,83.7,52.9,2026-06-20 12:20:00,2974344
87.4,32.8,85.8,54.6,2026-06-20 12:40:00,2974344
87.1,32.0,85.5,53.7,2026-06-20 13:00:00,2974344
87.5,33.1,86.4,55.0,2026-06-20 13:20:00,2974344
88.4,34.2,88.0,56.6,2026-06-20 13:40:00,2974344
87.4,31.0,85.5,53.1,2026-06-20 14:00:00,2974344
89.4,29.5,87.8,53.5,2026-06-20 14:20:00,2974344
91.4,28.5,90.5,54.2,2026-06-20 14:40:00,2974344
90.2,29.7,89.1,54.3,2026-06-20 15:00:00,2974344
90.3,31.0,89.4,55.5,2026-06-20 15:20:00,2974344
89.5,34.3,89.6,57.7,2026-06-20 15:40:00,2974344
88.2,31.3,86.7,54.0,2026-06-20 16:00:00,2974344
87.7,33.1,86.5,55.1,2026-06-20 16:20:00,2974344
87.7,33.1,86.5,55.2,2026-06-20 16:40:00,2974344
88.2,34.0,87.4,56.4,2026-06-20 17:00:00,2974344
88.1,31.8,86.5,54.3,2026-06-20 17:20:00,2974344
88.1,33.3,87.1,55.7,2026-06-20 17:40:00,2974344
88.2,32.9,87.3,55.4,2026-06-20 18:00:00,2974344
86.5,36.5,85.8,56.7,2026-06-20 18:20:00,2974344
86.7,36.0,86.0,56.5,2026-06-20 18:40:00,2974344
85.6,36.3,84.6,55.9,2026-06-20 19:00:00,2974344
84.7,38.4,83.8,56.6,2026-06-20 19:20:00,2974344
84.1,39.5,83.3,56.8,2026-06-20 19:40:00,2974344
83.1,40.8,82.2,56.9,2026-06-20 20:00:00,2974344
82.0,41.9,80.6,56.6,2026-06-20 20:20:00,2974344
81.2,43.4,80.1,56.8,2026-06-20 20:40:00,2974344
79.9,45.0,78.8,56.6,2026-06-20 21:00:00,2974344
79.1,46.6,77.9,56.9,2026-06-20 21:20:00,2974344
78.2,48.7,77.2,57.3,2026-06-20 21:40:00,2974344
77.1,50.3,75.9,57.2,2026-06-20 22:00:00,2974344
76.2,52.4,75.2,57.5,2026-06-20 22:20:00,2974344
75.6,55.5,75.0,58.5,2026-06-20 22:40:00,2974344
75.0,54.9,74.1,57.7,2026-06-20 23:00:00,2974344
74.2,58.6,73.9,58.7,2026-06-20 23:20:00,2974344
73.3,60.4,73.2,58.8,2026-06-20 23:40:00,2974344
73.0,59.6,72.7,58.1,2026-06-21 00:00:00,2974344
72.3,66.3,72.9,60.5,2026-06-21 00:20:00,2974344
72.2,67.1,72.7,60.7,2026-06-21 00:40:00,2974344
71.7,68.1,72.1,60.6,2026-06-21 01:00:00,2974344
71.2,70.8,71.8,61.2,2026-06-21 01:20:00,2974344
70.6,67.8,70.9,59.5,2026-06-21 01:40:00,2974344
70.6,66.0,70.9,58.7,2026-06-21 02:00:00,2974344
70.1,71.1,70.3,60.2,2026-06-21 02:20:00,2974344
69.8,71.4,70.0,60.1,2026-06-21 02:40:00,2974344
69.3,71.0,69.4,59.5,2026-06-21 03:00:00,2974344
68.9,71.0,68.7,59.1,2026-06-21 03:20:00,2974344
68.0,75.1,68.2,59.8,2026-06-21 03:40:00,2974344
67.7,77.1,67.8,60.2,2026-06-21 04:00:00,2974344
67.5,76.7,67.5,59.9,2026-06-21 04:20:00,2974344
67.0,77.6,66.9,59.7,2026-06-21 04:40:00,2974344
66.4,78.9,66.4,59.7,2026-06-21 05:00:00,2974344
66.1,80.9,66.0,60.1,2026-06-21 05:20:00,2974344
65.9,81.7,65.8,60.2,2026-06-21 05:40:00,2974344
65.5,82.4,65.3,60.0,2026-06-21 06:00:00,2974344
65.7,82.1,65.7,60.1,2026-06-21 06:20:00,2974344
65.7,82.5,65.7,60.2,2026-06-21 06:40:00,2974344
66.1,82.9,66.2,60.8,2026-06-21 07:00:00,2974344
67.5,83.3,68.0,62.3,2026-06-21 07:20:00,2974344
69.3,81.6,70.2,63.4,2026-06-21 07:40:00,2974344
71.1,79.0,72.3,64.3,2026-06-21 08:00:00,2974344
72.8,77.1,73.9,65.2,2026-06-21 08:20:00,2974344
75.1,73.2,76.3,65.9,2026-06-21 08:40:00,2974344
77.2,66.5,78.3,65.2,2026-06-21 09:00:00,2974344
78.8,63.1,80.4,65.2,2026-06-21 09:20:00,2974344
80.7,59.5,82.4,65.2,2026-06-21 09:40:00,2974344
84.1,54.4,87.1,65.9,2026-06-21 10:00:00,2974344
87.2,49.8,91.0,66.2,2026-06-21 10:20:00,2974344
88.5,41.9,90.3,62.4,2026-06-21 10:40:00,2974344
88.5,41.5,90.5,62.2,2026-06-21 11:00:00,2974344
90.9,39.6,94.1,62.9,2026-06-21 11:20:00,2974344
90.4,34.7,91.2,58.8,2026-06-21 11:40:00,2974344
90.8,35.7,92.1,59.9,2026-06-21 12:00:00,2974344
92.3,36.0,95.0,61.5,2026-06-21 12:20:00,2974344
92.9,33.9,94.8,60.3,2026-06-21 12:40:00,2974344
93.5,33.4,95.4,60.4,2026-06-21 13:00:00,2974344
92.8,32.8,93.9,59.3,2026-06-21 13:20:00,2974344
91.4,35.0,92.8,59.9,2026-06-21 13:40:00,2974344
97.0,32.5,100.9,62.7,2026-06-21 14:00:00,2974344
98.6,32.0,103.1,63.6,2026-06-21 14:20:00,2974344
97.9,33.0,102.9,63.9,2026-06-21 14:40:00,2974344
97.9,33.8,103.5,64.6,2026-06-21 15:00:00,2974344
92.8,34.9,95.0,61.0,2026-06-21 15:20:00,2974344
93.0,36.7,96.4,62.7,2026-06-21 15:40:00,2974344
93.1,36.3,96.3,62.4,2026-06-21 16:00:00,2974344
92.8,37.5,96.1,63.0,2026-06-21 16:20:00,2974344
93.1,36.9,96.6,62.9,2026-06-21 16:40:00,2974344
91.6,37.3,94.3,61.8,2026-06-21 17:00:00,2974344
91.1,39.3,94.1,62.9,2026-06-21 17:20:00,2974344
92.8,38.8,96.8,64.1,2026-06-21 17:40:00,2974344
92.0,38.0,95.2,62.8,2026-06-21 18:00:00,2974344
90.6,39.5,93.4,62.7,2026-06-21 18:20:00,2974344
90.2,40.6,93.2,63.0,2026-06-21 18:40:00,2974344
88.7,43.4,91.2,63.5,2026-06-21 19:00:00,2974344
87.8,44.5,90.1,63.5,2026-06-21 19:20:00,2974344
86.7,46.1,88.9,63.5,2026-06-21 19:40:00,2974344
86.2,46.6,88.3,63.4,2026-06-21 20:00:00,2974344
85.7,48.1,88.0,63.9,2026-06-21 20:20:00,2974344
85.2,49.6,87.6,64.2,2026-06-21 20:40:00,2974344
84.4,50.3,86.5,63.9,2026-06-21 21:00:00,2974344
83.5,51.4,85.3,63.7,2026-06-21 21:20:00,2974344
83.0,51.2,84.4,63.2,2026-06-21 21:40:00,2974344
82.6,51.2,83.3,62.7,2026-06-21 22:00:00,2974344
81.7,53.0,82.6,62.9,2026-06-21 22:20:00,2974344
80.6,56.1,81.9,63.5,2026-06-21 22:40:00,2974344
79.1,58.8,79.9,63.4,2026-06-21 23:00:00,2974344
78.5,60.7,79.3,63.8,2026-06-21 23:20:00,2974344
78.2,60.8,78.8,63.5,2026-06-21 23:40:00,2974344
78.2,61.6,79.0,64.0,2026-06-22 00:00:00,2974344
78.2,64.4,79.3,65.2,2026-06-22 00:20:00,2974344
78.0,66.7,79.5,66.0,2026-06-22 00:40:00,2974344
77.7,68.5,79.2,66.5,2026-06-22 01:00:00,2974344
77.3,70.3,78.8,66.9,2026-06-22 01:20:00,2974344
76.8,72.2,78.1,67.2,2026-06-22 01:40:00,2974344
76.1,74.1,77.5,67.3,2026-06-22 02:00:00,2974344
75.8,75.6,77.4,67.6,2026-06-22 02:20:00,2974344
75.3,77.4,76.8,67.8,2026-06-22 02:40:00,2974344
75.2,78.3,77.0,68.0,2026-06-22 03:00:00,2974344
74.8,79.3,76.6,68.0,2026-06-22 03:20:00,2974344
74.2,80.8,76.1,67.9,2026-06-22 03:40:00,2974344
74.0,82.3,75.9,68.3,2026-06-22 04:00:00,2974344
73.8,83.7,75.9,68.5,2026-06-22 04:20:00,2974344
73.4,84.7,75.2,68.5,2026-06-22 04:40:00,2974344
73.1,86.1,75.2,68.6,2026-06-22 05:00:00,2974344
72.8,87.2,74.8,68.7,2026-06-22 05:20:00,2974344
72.6,87.8,74.7,68.7,2026-06-22 05:40:00,2974344
72.4,88.9,74.5,68.9,2026-06-22 06:00:00,2974344
72.4,89.4,74.5,69.1,2026-06-22 06:20:00,2974344
72.6,89.9,74.7,69.4,2026-06-22 06:40:00,2974344
73.1,90.2,75.6,70.1,2026-06-22 07:00:00,2974344
74.2,89.9,76.8,71.0,2026-06-22 07:20:00,2974344
74.9,87.9,77.7,71.1,2026-06-22 07:40:00,2974344
76.9,86.3,80.4,72.5,2026-06-22 08:00:00,2974344
78.3,84.2,83.1,73.1,2026-06-22 08:20:00,2974344
79.9,81.2,86.0,73.6,2026-06-22 08:40:00,2974344
80.9,78.6,87.3,73.6,2026-06-22 09:00:00,2974344
82.1,75.8,88.9,73.7,2026-06-22 09:20:00,2974344
83.6,74.0,91.8,74.4,2026-06-22 09:40:00,2974344
86.5,70.3,97.7,75.7,2026-06-22 10:00:00,2974344
88.1,65.4,99.3,75.0,2026-06-22 10:20:00,2974344
88.8,62.4,99.7,74.2,2026-06-22 10:40:00,2974344
88.9,60.9,99.3,73.7,2026-06-22 11:00:00,2974344
91.3,58.0,103.8,74.5,2026-06-22 11:20:00,2974344
91.5,54.7,102.6,73.0,2026-06-22 11:40:00,2974344
90.8,55.4,101.1,72.6,2026-06-22 12:00:00,2974344
89.8,53.0,97.9,70.4,2026-06-22 12:20:00,2974344
91.9,52.7,102.7,72.2,2026-06-22 12:40:00,2974344
93.5,52.5,105.8,73.5,2026-06-22 13:00:00,2974344
92.5,51.3,103.1,71.9,2026-06-22 13:20:00,2974344
94.5,47.8,105.3,71.7,2026-06-22 13:40:00,2974344
94.4,46.5,104.0,70.7,2026-06-22 14:00:00,2974344
92.9,45.8,100.6,68.9,2026-06-22 14:20:00,2974344
94.9,46.9,105.6,71.5,2026-06-22 14:40:00,2974344
95.1,42.8,103.5,69.0,2026-06-22 15:00:00,2974344
95.1,43.1,103.6,69.1,2026-06-22 15:20:00,2974344
94.8,44.5,103.6,69.8,2026-06-22 15:40:00,2974344
94.9,45.8,104.7,70.7,2026-06-22 16:00:00,2974344
94.9,46.4,105.3,71.2,2026-06-22 16:20:00,2974344
94.5,45.3,103.6,70.1,2026-06-22 16:40:00,2974344
95.2,44.2,104.2,70.0,2026-06-22 17:00:00,2974344
95.6,42.7,104.5,69.3,2026-06-22 17:20:00,2974344
95.4,43.7,104.7,69.8,2026-06-22 17:40:00,2974344
94.4,43.6,102.4,68.9,2026-06-22 18:00:00,2974344
94.0,45.1,102.4,69.4,2026-06-22 18:20:00,2974344
93.2,45.6,101.3,69.1,2026-06-22 18:40:00,2974344
92.6,48.5,101.5,70.3,2026-06-22 19:00:00,2974344
92.3,47.5,100.4,69.5,2026-06-22 19:20:00,2974344
91.5,48.8,99.3,69.5,2026-06-22 19:40:00,2974344
90.2,50.6,97.5,69.4,2026-06-22 20:00:00,2974344
90.1,51.0,97.5,69.5,2026-06-22 20:20:00,2974344
88.4,50.1,93.6,67.5,2026-06-22 20:40:00,2974344
84.3,53.2,87.1,65.4,2026-06-22 21:00:00,2974344
80.6,62.8,82.9,66.7,2026-06-22 21:20:00,2974344
79.6,67.2,82.2,67.8,2026-06-22 21:40:00,2974344
79.3,69.7,82.2,68.5,2026-06-22 22:00:00,2974344
79.0,70.7,82.0,68.7,2026-06-22 22:20:00,2974344
79.1,71.3,82.0,69.0,2026-06-22 22:40:00,2974344
78.9,71.4,81.9,68.9,2026-06-22 23:00:00,2974344
78.9,72.0,82.0,69.1,2026-06-22 23:20:00,2974344
79.0,72.4,82.4,69.3,2026-06-22 23:40:00,2974344
79.1,73.1,82.4,69.7,2026-06-23 00:00:00,2974344
78.5,78.3,82.4,71.2,2026-06-23 00:20:00,2974344
77.6,81.5,81.1,71.5,2026-06-23 00:40:00,2974344
76.8,80.7,79.3,70.4,2026-06-23 01:00:00,2974344
76.0,82.3,78.4,70.2,2026-06-23 01:20:00,2974344
75.5,83.4,77.9,70.1,2026-06-23 01:40:00,2974344
75.1,84.0,77.5,70.0,2026-06-23 02:00:00,2974344
74.8,84.6,77.0,69.9,2026-06-23 02:20:00,2974344
74.7,84.9,77.2,69.8,2026-06-23 02:40:00,2974344
74.6,85.2,76.8,69.8,2026-06-23 03:00:00,2974344
74.6,85.4,76.8,69.9,2026-06-23 03:20:00,2974344
74.9,85.8,77.4,70.4,2026-06-23 03:40:00,2974344
75.0,85.9,77.4,70.5,2026-06-23 04:00:00,2974344
74.9,86.2,77.5,70.5,2026-06-23 04:20:00,2974344
74.6,86.5,77.0,70.3,2026-06-23 04:40:00,2974344
74.5,87.0,77.0,70.4,2026-06-23 05:00:00,2974344
74.6,87.6,77.2,70.7,2026-06-23 05:20:00,2974344
74.9,87.7,77.7,71.0,2026-06-23 05:40:00,2974344
75.3,87.4,78.1,71.3,2026-06-23 06:00:00,2974344
75.8,86.5,78.6,71.5,2026-06-23 06:20:00,2974344
75.9,86.5,79.0,71.6,2026-06-23 06:40:00,2974344
76.5,86.2,79.7,72.1,2026-06-23 07:00:00,2974344
77.4,85.2,81.3,72.5,2026-06-23 07:20:00,2974344
78.2,83.6,82.8,72.8,2026-06-23 07:40:00,2974344
79.4,82.0,85.1,73.4,2026-06-23 08:00:00,2974344
80.6,79.0,86.9,73.5,2026-06-23 08:20:00,2974344
82.2,76.0,88.9,73.8,2026-06-23 08:40:00,2974344
83.3,72.3,90.5,73.4,2026-06-23 09:00:00,2974344
83.4,70.4,90.3,72.8,2026-06-23 09:20:00,2974344
84.9,68.7,93.6,73.5,2026-06-23 09:40:00,2974344
85.0,67.6,93.2,73.1,2026-06-23 10:00:00,2974344
85.7,66.8,94.5,73.4,2026-06-23 10:20:00,2974344
85.6,64.4,93.2,72.2,2026-06-23 10:40:00,2974344
87.6,62.2,96.8,73.1,2026-06-23 11:00:00,2974344
85.9,63.0,93.4,71.8,2026-06-23 11:20:00,2974344
80.4,73.3,84.7,71.1,2026-06-23 11:40:00,2974344
74.2,88.2,76.6,70.5,2026-06-23 12:00:00,2974344
75.6,92.7,79.2,73.3,2026-06-23 12:20:00,2974344
78.3,92.8,84.9,76.0,2026-06-23 12:40:00,2974344
80.4,89.9,88.7,77.1,2026-06-23 13:00:00,2974344
82.2,85.8,91.6,77.5,2026-06-23 13:20:00,2974344
79.8,86.5,86.7,75.4,2026-06-23 13:40:00,2974344
77.8,91.3,83.3,75.1,2026-06-23 14:00:00,2974344
74.4,92.5,77.5,72.1,2026-06-23 14:20:00,2974344
75.1,93.8,78.6,73.2,2026-06-23 14:40:00,2974344
75.3,93.1,78.8,73.1,2026-06-23 15:00:00,2974344
76.6,93.5,81.0,74.6,2026-06-23 15:20:00,2974344
77.7,89.5,82.9,74.4,2026-06-23 15:40:00,2974344
77.4,87.9,81.9,73.5,2026-06-23 16:00:00,2974344
78.2,85.7,82.9,73.5,2026-06-23 16:20:00,2974344
78.5,85.2,83.7,73.7,2026-06-23 16:40:00,2974344
79.3,84.3,85.1,74.2,2026-06-23 17:00:00,2974344
79.5,81.8,84.9,73.4,2026-06-23 17:20:00,2974344
79.9,79.2,85.6,72.9,2026-06-23 17:40:00,2974344
81.5,74.5,87.1,72.6,2026-06-23 18:00:00,2974344
81.1,74.1,86.4,72.1,2026-06-23 18:20:00,2974344
80.7,71.8,85.1,70.8,2026-06-23 18:40:00,2974344
78.6,73.7,81.5,69.5,2026-06-23 19:00:00,2974344
75.5,77.8,77.2,68.1,2026-06-23 19:20:00,2974344
73.1,86.2,75.2,68.7,2026-06-23 19:40:00,2974344
72.1,88.6,74.1,68.6,2026-06-23 20:00:00,2974344
71.8,88.6,73.6,68.3,2026-06-23 20:20:00,2974344
71.3,88.3,72.9,67.6,2026-06-23 20:40:00,2974344
71.0,89.4,72.5,67.7,2026-06-23 21:00:00,2974344
71.0,90.5,72.7,68.0,2026-06-23 21:20:00,2974344
70.9,89.0,72.5,67.5,2026-06-23 21:40:00,2974344
70.8,90.2,72.5,67.8,2026-06-23 22:00:00,2974344
70.2,91.2,71.8,67.6,2026-06-23 22:20:00,2974344
70.0,91.8,71.6,67.5,2026-06-23 22:40:00,2974344
69.7,92.2,71.2,67.4,2026-06-23 23:00:00,2974344
69.6,92.7,70.9,67.4,2026-06-23 23:20:00,2974344
69.3,92.6,70.7,67.1,2026-06-23 23:40:00,2974344
68.9,92.8,70.2,66.7,2026-06-24 00:00:00,2974344
68.6,93.2,70.0,66.5,2026-06-24 00:20:00,2974344
68.5,93.6,69.6,66.5,2026-06-24 00:40:00,2974344
68.3,93.6,69.4,66.3,2026-06-24 01:00:00,2974344
67.9,93.7,69.1,66.0,2026-06-24 01:20:00,2974344
67.4,93.9,68.7,65.6,2026-06-24 01:40:00,2974344
67.4,94.4,68.7,65.7,2026-06-24 02:00:00,2974344
67.1,94.5,68.4,65.5,2026-06-24 02:20:00,2974344
66.9,94.6,68.0,65.3,2026-06-24 02:40:00,2974344
66.7,94.6,67.8,65.1,2026-06-24 03:00:00,2974344
66.5,94.7,67.6,64.8,2026-06-24 03:20:00,2974344
66.3,94.7,67.5,64.7,2026-06-24 03:40:00,2974344
66.1,94.8,67.1,64.5,2026-06-24 04:00:00,2974344
65.9,94.9,66.9,64.4,2026-06-24 04:20:00,2974344
65.5,94.9,66.6,64.0,2026-06-24 04:40:00,2974344
65.2,95.0,66.2,63.7,2026-06-24 05:00:00,2974344
64.6,94.7,65.5,63.1,2026-06-24 05:20:00,2974344
64.2,94.7,65.1,62.7,2026-06-24 05:40:00,2974344
63.9,94.8,64.8,62.4,2026-06-24 06:00:00,2974344
63.7,94.8,64.6,62.2,2026-06-24 06:20:00,2974344
63.7,95.0,64.6,62.2,2026-06-24 06:40:00,2974344
63.7,95.0,64.6,62.3,2026-06-24 07:00:00,2974344
64.1,94.7,64.9,62.5,2026-06-24 07:20:00,2974344
64.9,94.0,66.0,63.2,2026-06-24 07:40:00,2974344
66.2,91.1,67.1,63.5,2026-06-24 08:00:00,2974344
67.9,82.6,68.5,62.5,2026-06-24 08:20:00,2974344
70.1,76.0,70.7,62.2,2026-06-24 08:40:00,2974344
71.8,69.7,72.5,61.4,2026-06-24 09:00:00,2974344
73.3,60.6,73.2,58.9,2026-06-24 09:20:00,2974344
74.2,57.8,73.8,58.4,2026-06-24 09:40:00,2974344
76.9,52.9,75.9,58.4,2026-06-24 10:00:00,2974344
79.0,50.6,78.6,59.2,2026-06-24 10:20:00,2974344
78.9,47.0,77.9,57.0,2026-06-24 10:40:00,2974344
80.6,46.0,79.9,57.9,2026-06-24 11:00:00,2974344
81.5,44.0,80.6,57.5,2026-06-24 11:20:00,2974344
82.0,41.5,80.6,56.3,2026-06-24 11:40:00,2974344
82.8,41.0,81.9,56.8,2026-06-24 12:00:00,2974344
81.5,39.8,79.9,54.7,2026-06-24 12:20:00,2974344
82.4,40.0,81.1,55.7,2026-06-24 12:40:00,2974344
84.8,38.4,84.0,56.7,2026-06-24 13:00:00,2974344
84.4,37.7,83.3,55.9,2026-06-24 13:20:00,2974344
85.2,38.5,84.6,57.1,2026-06-24 13:40:00,2974344
85.7,39.5,85.6,58.3,2026-06-24 14:00:00,2974344
83.8,37.1,82.4,54.8,2026-06-24 14:20:00,2974344
86.4,37.6,86.2,57.5,2026-06-24 14:40:00,2974344
84.7,38.9,83.8,56.9,2026-06-24 15:00:00,2974344
84.8,38.3,84.0,56.6,2026-06-24 15:20:00,2974344
86.6,36.5,86.2,56.9,2026-06-24 15:40:00,2974344
84.6,38.7,83.8,56.7,2026-06-24 16:00:00,2974344
84.5,40.1,84.0,57.6,2026-06-24 16:20:00,2974344
85.2,38.6,84.6,57.1,2026-06-24 16:40:00,2974344
84.4,39.7,83.5,57.2,2026-06-24 17:00:00,2974344
85.3,38.0,84.6,56.8,2026-06-24 17:20:00,2974344
84.4,40.1,84.0,57.5,2026-06-24 17:40:00,2974344
84.8,39.3,84.4,57.3,2026-06-24 18:00:00,2974344
83.5,40.9,82.8,57.3,2026-06-24 18:20:00,2974344
83.3,39.2,82.0,55.9,2026-06-24 18:40:00,2974344
82.5,43.2,81.7,57.9,2026-06-24 19:00:00,2974344
81.4,45.5,80.6,58.3,2026-06-24 19:20:00,2974344
80.0,47.9,79.3,58.5,2026-06-24 19:40:00,2974344
78.9,51.3,78.4,59.4,2026-06-24 20:00:00,2974344
77.6,56.3,77.4,60.8,2026-06-24 20:20:00,2974344
76.0,61.3,75.9,61.8,2026-06-24 20:40:00,2974344
74.6,66.1,75.0,62.5,2026-06-24 21:00:00,2974344
73.2,69.2,73.9,62.5,2026-06-24 21:20:00,2974344
72.2,71.0,72.9,62.3,2026-06-24 21:40:00,2974344
71.3,73.0,72.1,62.2,2026-06-24 22:00:00,2974344
70.8,73.8,71.6,62.1,2026-06-24 22:20:00,2974344
70.2,75.1,71.1,62.0,2026-06-24 22:40:00,2974344
69.6,77.4,70.2,62.2,2026-06-24 23:00:00,2974344
69.1,79.2,69.6,62.3,2026-06-24 23:20:00,2974344
68.6,80.9,69.3,62.5,2026-06-24 23:40:00,2974344
68.3,81.2,68.7,62.3,2026-06-25 00:00:00,2974344
67.7,82.3,68.0,62.2,2026-06-25 00:20:00,2974344
67.0,84.2,67.3,62.1,2026-06-25 00:40:00,2974344
67.0,85.0,67.5,62.4,2026-06-25 01:00:00,2974344
66.3,85.9,66.6,62.0,2026-06-25 01:20:00,2974344
65.9,87.1,66.4,62.0,2026-06-25 01:40:00,2974344
65.9,88.1,66.4,62.2,2026-06-25 02:00:00,2974344
65.6,88.1,65.8,61.9,2026-06-25 02:20:00,2974344
65.1,89.1,65.5,61.8,2026-06-25 02:40:00,2974344
64.8,89.8,65.1,61.7,2026-06-25 03:00:00,2974344
64.6,90.3,64.9,61.7,2026-06-25 03:20:00,2974344
64.4,90.7,64.9,61.6,2026-06-25 03:40:00,2974344
64.2,91.0,64.6,61.5,2026-06-25 04:00:00,2974344
64.2,91.5,64.8,61.7,2026-06-25 04:20:00,2974344
64.1,91.5,64.6,61.6,2026-06-25 04:40:00,2974344
64.0,91.7,64.4,61.6,2026-06-25 05:00:00,2974344
64.0,92.0,64.6,61.6,2026-06-25 05:20:00,2974344
63.9,92.3,64.6,61.6,2026-06-25 05:40:00,2974344
63.8,92.3,64.4,61.5,2026-06-25 06:00:00,2974344
63.8,92.4,64.4,61.6,2026-06-25 06:20:00,2974344
64.1,92.6,64.8,61.9,2026-06-25 06:40:00,2974344
64.7,92.5,65.3,62.5,2026-06-25 07:00:00,2974344
65.8,92.3,66.6,63.5,2026-06-25 07:20:00,2974344
67.6,91.0,68.5,64.8,2026-06-25 07:40:00,2974344
69.5,88.7,70.7,66.0,2026-06-25 08:00:00,2974344
71.4,86.3,72.7,67.1,2026-06-25 08:20:00,2974344
73.7,82.7,75.6,68.1,2026-06-25 08:40:00,2974344
75.9,78.9,77.9,68.9,2026-06-25 09:00:00,2974344
77.2,74.4,79.3,68.4,2026-06-25 09:20:00,2974344
78.3,73.4,81.1,69.0,2026-06-25 09:40:00,2974344
80.1,67.2,83.1,68.2,2026-06-25 10:00:00,2974344
82.0,61.3,84.9,67.4,2026-06-25 10:20:00,2974344
83.0,60.0,86.5,67.7,2026-06-25 10:40:00,2974344
82.5,60.5,85.5,67.5,2026-06-25 11:00:00,2974344
84.6,58.1,89.1,68.3,2026-06-25 11:20:00,2974344
83.8,55.4,86.7,66.1,2026-06-25 11:40:00,2974344
85.1,54.7,88.9,66.9,2026-06-25 12:00:00,2974344
84.2,53.1,86.9,65.3,2026-06-25 12:20:00,2974344
84.9,52.9,88.3,65.9,2026-06-25 12:40:00,2974344
84.6,54.8,88.2,66.5,2026-06-25 13:00:00,2974344
85.7,49.6,88.5,64.7,2026-06-25 13:20:00,2974344
89.6,46.1,93.9,66.1,2026-06-25 13:40:00,2974344
87.3,45.5,89.8,63.7,2026-06-25 14:00:00,2974344
89.4,46.8,93.9,66.4,2026-06-25 14:20:00,2974344
91.4,43.3,96.4,65.9,2026-06-25 14:40:00,2974344
92.8,39.8,97.3,64.8,2026-06-25 15:00:00,2974344
88.8,43.8,91.6,64.0,2026-06-25 15:20:00,2974344
88.9,46.0,92.8,65.5,2026-06-25 15:40:00,2974344
87.4,48.2,90.9,65.4,2026-06-25 16:00:00,2974344
86.8,47.6,89.6,64.5,2026-06-25 16:20:00,2974344
87.5,45.7,90.1,64.0,2026-06-25 16:40:00,2974344
87.2,45.6,89.6,63.7,2026-06-25 17:00:00,2974344
88.1,46.3,91.2,64.9,2026-06-25 17:20:00,2974344
88.0,47.4,91.8,65.5,2026-06-25 17:40:00,2974344
87.9,45.9,90.7,64.5,2026-06-25 18:00:00,2974344
86.1,47.8,88.5,64.0,2026-06-25 18:20:00,2974344
86.1,50.5,89.4,65.6,2026-06-25 18:40:00,2974344
85.6,51.2,88.7,65.4,2026-06-25 19:00:00,2974344
85.6,52.0,89.1,65.9,2026-06-25 19:20:00,2974344
84.8,52.2,87.6,65.3,2026-06-25 19:40:00,2974344
83.9,52.4,86.2,64.6,2026-06-25 20:00:00,2974344
82.9,54.9,84.7,65.0,2026-06-25 20:20:00,2974344
81.9,56.8,83.8,65.1,2026-06-25 20:40:00,2974344
80.6,60.2,82.4,65.5,2026-06-25 21:00:00,2974344
79.5,60.7,80.8,64.7,2026-06-25 21:20:00,2974344
78.3,65.8,79.9,65.9,2026-06-25 21:40:00,2974344
77.5,67.7,78.8,66.0,2026-06-25 22:00:00,2974344
76.5,71.3,77.7,66.6,2026-06-25 22:20:00,2974344
75.8,73.2,77.0,66.6,2026-06-25 22:40:00,2974344
74.9,76.6,76.5,67.1,2026-06-25 23:00:00,2974344
74.6,77.0,76.1,66.9,2026-06-25 23:20:00,2974344
73.9,77.9,75.4,66.5,2026-06-25 23:40:00,2974344
73.2,80.3,74.7,66.7,2026-06-26 00:00:00,2974344
72.8,81.5,74.3,66.8,2026-06-26 00:20:00,2974344
72.6,82.1,74.1,66.8,2026-06-26 00:40:00,2974344
72.1,83.0,73.8,66.7,2026-06-26 01:00:00,2974344
72.0,82.7,73.6,66.4,2026-06-26 01:20:00,2974344
71.9,82.1,73.2,66.1,2026-06-26 01:40:00,2974344
71.6,82.9,73.2,66.1,2026-06-26 02:00:00,2974344
71.3,83.8,72.7,66.2,2026-06-26 02:20:00,2974344
71.2,82.9,72.5,65.8,2026-06-26 02:40:00,2974344
71.2,83.2,72.5,65.8,2026-06-26 03:00:00,2974344
71.6,81.4,73.0,65.6,2026-06-26 03:20:00,2974344
72.1,80.3,73.4,65.7,2026-06-26 03:40:00,2974344
72.2,79.6,73.6,65.5,2026-06-26 04:00:00,2974344
72.3,79.6,73.6,65.6,2026-06-26 04:20:00,2974344
72.0,79.8,73.4,65.4,2026-06-26 04:40:00,2974344
71.7,81.0,73.0,65.5,2026-06-26 05:00:00,2974344
71.2,82.4,72.3,65.5,2026-06-26 05:20:00,2974344
70.4,84.5,71.6,65.5,2026-06-26 05:40:00,2974344
70.0,85.7,71.2,65.5,2026-06-26 06:00:00,2974344
69.3,87.6,70.5,65.4,2026-06-26 06:20:00,2974344
69.6,88.0,70.7,65.9,2026-06-26 06:40:00,2974344
70.2,88.0,71.6,66.4,2026-06-26 07:00:00,2974344
70.9,87.5,72.5,67.0,2026-06-26 07:20:00,2974344
72.0,86.5,73.8,67.7,2026-06-26 07:40:00,2974344
74.2,83.7,76.3,69.0,2026-06-26 08:00:00,2974344
76.4,80.1,78.4,69.8,2026-06-26 08:20:00,2974344
78.5,76.1,81.9,70.3,2026-06-26 08:40:00,2974344
79.5,73.7,83.3,70.3,2026-06-26 09:00:00,2974344
80.8,70.8,85.3,70.4,2026-06-26 09:20:00,2974344
82.0,69.5,87.1,71.1,2026-06-26 09:40:00,2974344
82.8,66.7,87.8,70.5,2026-06-26 10:00:00,2974344
85.6,60.8,91.9,70.5,2026-06-26 10:20:00,2974344
87.8,58.1,95.5,71.3,2026-06-26 10:40:00,2974344
88.2,55.9,95.4,70.4,2026-06-26 11:00:00,2974344
86.2,52.0,90.3,66.6,2026-06-26 11:20:00,2974344
86.4,54.4,91.4,67.9,2026-06-26 11:40:00,2974344
86.4,56.4,92.1,69.0,2026-06-26 12:00:00,2974344
86.6,55.8,92.1,69.0,2026-06-26 12:20:00,2974344
86.3,53.6,90.7,67.4,2026-06-26 12:40:00,2974344
89.1,51.5,95.7,68.9,2026-06-26 13:00:00,2974344
88.6,49.8,93.7,67.4,2026-06-26 13:20:00,2974344
88.0,51.8,93.4,68.1,2026-06-26 13:40:00,2974344
89.8,52.2,97.5,69.9,2026-06-26 14:00:00,2974344
90.0,48.9,96.4,68.2,2026-06-26 14:20:00,2974344
89.8,48.3,95.7,67.6,2026-06-26 14:40:00,2974344
91.0,49.6,98.8,69.6,2026-06-26 15:00:00,2974344
90.1,49.6,96.6,68.6,2026-06-26 15:20:00,2974344
88.6,55.6,96.3,70.7,2026-06-26 15:40:00,2974344
88.0,57.0,95.5,70.9,2026-06-26 16:00:00,2974344
84.2,65.6,90.9,71.4,2026-06-26 16:20:00,2974344
84.5,65.6,91.2,71.7,2026-06-26 16:40:00,2974344
84.5,65.5,91.2,71.7,2026-06-26 17:00:00,2974344
84.1,65.2,90.3,71.2,2026-06-26 17:20:00,2974344
84.7,64.5,91.2,71.4,2026-06-26 17:40:00,2974344
84.7,66.2,91.8,72.2,2026-06-26 18:00:00,2974344
84.9,64.8,91.8,71.7,2026-06-26 18:20:00,2974344
83.4,66.5,89.1,71.1,2026-06-26 18:40:00,2974344
82.5,68.7,87.6,71.1,2026-06-26 19:00:00,2974344
81.9,69.4,86.7,70.9,2026-06-26 19:20:00,2974344
81.4,68.5,85.6,70.1,2026-06-26 19:40:00,2974344
81.2,67.7,85.1,69.5,2026-06-26 20:00:00,2974344
80.0,70.0,83.5,69.3,2026-06-26 20:20:00,2974344
79.2,72.0,82.6,69.4,2026-06-26 20:40:00,2974344
78.6,73.4,81.5,69.4,2026-06-26 21:00:00,2974344
78.1,75.7,81.3,69.8,2026-06-26 21:20:00,2974344
77.6,77.8,80.4,70.1,2026-06-26 21:40:00,2974344
77.4,78.7,80.4,70.2,2026-06-26 22:00:00,2974344
77.4,79.8,80.6,70.6,2026-06-26 22:20:00,2974344
77.3,80.9,80.4,71.0,2026-06-26 22:40:00,2974344
77.0,82.2,80.2,71.2,2026-06-26 23:00:00,2974344
76.8,83.5,80.1,71.4,2026-06-26 23:20:00,2974344
76.7,84.3,79.7,71.7,2026-06-26 23:40:00,2974344
76.6,84.5,79.3,71.6,2026-06-27 00:00:00,2974344
76.3,84.6,79.2,71.3,2026-06-27 00:20:00,2974344
75.8,85.3,78.4,71.0,2026-06-27 00:40:00,2974344
75.4,85.9,78.1,70.9,2026-06-27 01:00:00,2974344
74.9,86.6,77.5,70.6,2026-06-27 01:20:00,2974344
74.6,87.3,77.2,70.6,2026-06-27 01:40:00,2974344
74.3,87.9,77.0,70.5,2026-06-27 02:00:00,2974344
74.1,88.4,76.5,70.5,2026-06-27 02:20:00,2974344
74.3,88.6,77.0,70.7,2026-06-27 02:40:00,2974344
74.5,88.8,77.4,70.9,2026-06-27 03:00:00,2974344
74.3,89.0,77.0,70.8,2026-06-27 03:20:00,2974344
74.2,89.2,76.8,70.8,2026-06-27 03:40:00,2974344
74.2,89.5,76.8,70.8,2026-06-27 04:00:00,2974344
74.1,89.8,76.6,70.9,2026-06-27 04:20:00,2974344
74.0,90.3,76.8,71.0,2026-06-27 04:40:00,2974344
73.8,90.3,76.5,70.8,2026-06-27 05:00:00,2974344
73.5,90.8,76.1,70.7,2026-06-27 05:20:00,2974344
73.3,91.2,75.7,70.6,2026-06-27 05:40:00,2974344
73.2,91.6,75.9,70.6,2026-06-27 06:00:00,2974344
73.2,92.0,75.6,70.7,2026-06-27 06:20:00,2974344
73.2,92.1,75.6,70.8,2026-06-27 06:40:00,2974344
73.7,92.0,76.5,71.2,2026-06-27 07:00:00,2974344
74.5,91.4,77.5,71.8,2026-06-27 07:20:00,2974344
75.9,89.6,79.0,72.6,2026-06-27 07:40:00,2974344
76.3,88.0,79.5,72.5,2026-06-27 08:00:00,2974344
77.2,87.0,81.3,73.0,2026-06-27 08:20:00,2974344
78.7,84.4,83.8,73.6,2026-06-27 08:40:00,2974344
80.0,81.7,86.0,73.8,2026-06-27 09:00:00,2974344
81.3,79.9,88.2,74.5,2026-06-27 09:20:00,2974344
82.2,77.3,89.2,74.4,2026-06-27 09:40:00,2974344
84.6,73.5,94.3,75.1,2026-06-27 10:00:00,2974344
87.0,68.1,97.9,75.1,2026-06-27 10:20:00,2974344
88.1,64.3,98.8,74.5,2026-06-27 10:40:00,2974344
89.3,63.3,101.7,75.1,2026-06-27 11:00:00,2974344
88.4,62.1,98.6,73.7,2026-06-27 11:20:00,2974344
89.2,58.7,98.8,72.9,2026-06-27 11:40:00,2974344
88.8,60.4,98.8,73.3,2026-06-27 12:00:00,2974344
88.7,60.1,98.6,73.1,2026-06-27 12:20:00,2974344
90.3,59.3,101.8,74.1,2026-06-27 12:40:00,2974344
90.8,57.2,102.0,73.6,2026-06-27 13:00:00,2974344
92.2,54.0,103.8,73.1,2026-06-27 13:20:00,2974344
91.5,55.4,102.9,73.2,2026-06-27 13:40:00,2974344
91.8,54.0,102.9,72.8,2026-06-27 14:00:00,2974344
79.3,75.3,83.3,70.8,2026-06-27 14:20:00,2974344
79.6,86.8,86.4,75.3,2026-06-27 14:40:00,2974344
84.8,78.3,96.8,77.3,2026-06-27 15:00:00,2974344
86.4,75.1,99.7,77.5,2026-06-27 15:20:00,2974344
82.2,69.5,87.1,71.2,2026-06-27 15:40:00,2974344
78.2,78.7,81.9,71.0,2026-06-27 16:00:00,2974344
79.4,85.8,85.8,74.8,2026-06-27 16:20:00,2974344
81.2,83.5,89.2,75.8,2026-06-27 16:40:00,2974344
81.2,78.3,87.8,73.8,2026-06-27 17:00:00,2974344
83.9,74.6,93.0,74.9,2026-06-27 17:20:00,2974344
84.7,70.9,93.4,74.2,2026-06-27 17:40:00,2974344
85.7,68.6,95.2,74.2,2026-06-27 18:00:00,2974344
85.3,70.6,95.2,74.7,2026-06-27 18:20:00,2974344
84.7,71.3,93.6,74.4,2026-06-27 18:40:00,2974344
83.8,73.6,92.1,74.4,2026-06-27 19:00:00,2974344
82.9,76.0,90.5,74.5,2026-06-27 19:20:00,2974344
82.7,77.1,90.5,74.8,2026-06-27 19:40:00,2974344
82.2,78.5,89.6,74.8,2026-06-27 20:00:00,2974344
81.8,80.0,89.2,75.1,2026-06-27 20:20:00,2974344
81.1,82.5,88.5,75.2,2026-06-27 20:40:00,2974344
80.9,83.5,88.5,75.4,2026-06-27 21:00:00,2974344
80.4,83.8,87.6,75.1,2026-06-27 21:20:00,2974344
79.8,83.8,86.2,74.5,2026-06-27 21:40:00,2974344
79.6,83.1,85.6,74.0,2026-06-27 22:00:00,2974344
78.9,80.7,83.7,72.5,2026-06-27 22:20:00,2974344
78.5,78.3,82.4,71.2,2026-06-27 22:40:00,2974344
78.1,78.5,81.7,70.9,2026-06-27 23:00:00,2974344
77.7,78.8,81.1,70.6,2026-06-27 23:20:00,2974344
77.0,79.7,79.9,70.2,2026-06-27 23:40:00,2974344
76.7,80.3,79.2,70.2,2026-06-28 00:00:00,2974344
76.3,81.3,78.6,70.2,2026-06-28 00:20:00,2974344
75.7,82.5,77.9,70.0,2026-06-28 00:40:00,2974344
75.1,83.1,77.4,69.6,2026-06-28 01:00:00,2974344
75.0,83.7,77.2,69.7,2026-06-28 01:20:00,2974344
74.7,84.2,77.0,69.6,2026-06-28 01:40:00,2974344
74.5,84.9,76.8,69.7,2026-06-28 02:00:00,2974344
74.0,85.4,76.3,69.3,2026-06-28 02:20:00,2974344
73.5,86.4,75.7,69.2,2026-06-28 02:40:00,2974344
73.2,87.2,75.2,69.2,2026-06-28 03:00:00,2974344
72.8,88.1,74.8,69.0,2026-06-28 03:20:00,2974344
72.6,88.7,74.7,69.0,2026-06-28 03:40:00,2974344
72.2,89.3,74.1,68.9,2026-06-28 04:00:00,2974344
71.9,89.9,73.8,68.7,2026-06-28 04:20:00,2974344
71.8,90.4,73.9,68.9,2026-06-28 04:40:00,2974344
71.5,90.7,73.4,68.6,2026-06-28 05:00:00,2974344
71.5,91.2,73.4,68.8,2026-06-28 05:20:00,2974344
71.4,91.2,73.2,68.7,2026-06-28 05:40:00,2974344
71.3,91.3,73.2,68.6,2026-06-28 06:00:00,2974344
71.2,91.6,72.9,68.6,2026-06-28 06:20:00,2974344
71.3,91.7,73.2,68.8,2026-06-28 06:40:00,2974344
71.7,91.8,73.6,69.2,2026-06-28 07:00:00,2974344
72.7,90.6,75.0,69.8,2026-06-28 07:20:00,2974344
74.0,88.2,76.5,70.3,2026-06-28 07:40:00,2974344
76.0,85.7,78.8,71.4,2026-06-28 08:00:00,2974344
78.4,81.0,82.6,72.1,2026-06-28 08:20:00,2974344
78.5,79.8,82.8,71.7,2026-06-28 08:40:00,2974344
78.5,79.7,82.8,71.7,2026-06-28 09:00:00,2974344
79.4,79.5,84.6,72.5,2026-06-28 09:20:00,2974344
79.2,79.7,84.2,72.4,2026-06-28 09:40:00,2974344
80.9,77.1,86.7,73.0,2026-06-28 10:00:00,2974344
82.5,74.5,89.2,73.5,2026-06-28 10:20:00,2974344
84.2,72.3,93.0,74.3,2026-06-28 10:40:00,2974344
84.8,69.5,93.4,73.7,2026-06-28 11:00:00,2974344
85.9,70.8,96.4,75.3,2026-06-28 11:20:00,2974344
88.1,63.0,98.1,73.9,2026-06-28 11:40:00,2974344
88.2,62.0,98.1,73.6,2026-06-28 12:00:00,2974344
88.8,63.2,100.0,74.7,2026-06-28 12:20:00,2974344
89.4,62.2,100.9,74.8,2026-06-28 12:40:00,2974344
88.6,59.5,97.7,72.7,2026-06-28 13:00:00,2974344
87.9,61.0,96.6,72.8,2026-06-28 13:20:00,2974344
88.9,59.6,98.6,73.0,2026-06-28 13:40:00,2974344
93.4,55.3,107.6,74.9,2026-06-28 14:00:00,2974344
93.4,52.1,105.4,73.2,2026-06-28 14:20:00,2974344
94.2,50.6,106.3,73.1,2026-06-28 14:40:00,2974344
93.7,52.1,106.5,73.5,2026-06-28 15:00:00,2974344
92.9,50.6,103.5,71.9,2026-06-28 15:20:00,2974344
92.5,52.6,103.8,72.6,2026-06-28 15:40:00,2974344
92.2,55.0,104.2,73.7,2026-06-28 16:00:00,2974344
91.3,55.7,102.6,73.2,2026-06-28 16:20:00,2974344
90.0,59.4,101.3,73.9,2026-06-28 16:40:00,2974344
88.2,62.1,98.1,73.5,2026-06-28 17:00:00,2974344
86.1,67.8,95.7,74.2,2026-06-28 17:20:00,2974344
83.0,70.7,89.4,72.5,2026-06-28 17:40:00,2974344
80.7,77.8,86.5,73.1,2026-06-28 18:00:00,2974344
79.3,84.4,85.1,74.2,2026-06-28 18:20:00,2974344
76.5,84.6,79.5,71.5,2026-06-28 18:40:00,2974344
74.2,90.0,76.8,71.1,2026-06-28 19:00:00,2974344
74.4,92.4,77.4,72.0,2026-06-28 19:20:00,2974344
74.6,93.5,77.7,72.5,2026-06-28 19:40:00,2974344
74.5,94.0,77.9,72.7,2026-06-28 20:00:00,2974344
74.9,94.5,78.4,73.2,2026-06-28 20:20:00,2974344
75.1,94.7,78.6,73.5,2026-06-28 20:40:00,2974344
74.9,94.7,78.4,73.3,2026-06-28 21:00:00,2974344
75.0,95.0,78.4,73.5,2026-06-28 21:20:00,2974344
75.1,95.1,78.8,73.6,2026-06-28 21:40:00,2974344
75.1,95.1,78.8,73.6,2026-06-28 22:00:00,2974344
75.0,95.2,78.6,73.5,2026-06-28 22:20:00,2974344
75.0,95.4,78.6,73.6,2026-06-28 22:40:00,2974344
74.6,95.3,78.1,73.1,2026-06-28 23:00:00,2974344
74.1,95.2,77.2,72.6,2026-06-28 23:20:00,2974344
74.0,95.4,77.2,72.6,2026-06-28 23:40:00,2974344
73.8,95.4,77.0,72.4,2026-06-29 00:00:00,2974344
73.5,95.5,76.5,72.2,2026-06-29 00:20:00,2974344
73.5,95.7,76.5,72.2,2026-06-29 00:40:00,2974344
73.6,95.8,76.8,72.3,2026-06-29 01:00:00,2974344
73.7,96.0,76.8,72.4,2026-06-29 01:20:00,2974344
73.5,96.0,76.5,72.3,2026-06-29 01:40:00,2974344
73.3,96.0,76.3,72.1,2026-06-29 02:00:00,2974344
73.1,96.0,75.9,71.9,2026-06-29 02:20:00,2974344
72.9,96.0,75.7,71.7,2026-06-29 02:40:00,2974344
72.8,96.1,75.4,71.6,2026-06-29 03:00:00,2974344
73.0,96.2,75.7,71.9,2026-06-29 03:20:00,2974344
73.1,96.3,76.1,72.0,2026-06-29 03:40:00,2974344
73.1,96.3,76.1,72.0,2026-06-29 04:00:00,2974344
73.1,96.3,76.1,72.0,2026-06-29 04:20:00,2974344
73.1,96.3,76.1,72.0,2026-06-29 04:40:00,2974344
73.0,96.2,75.7,71.8,2026-06-29 05:00:00,2974344
72.7,96.1,75.4,71.5,2026-06-29 05:20:00,2974344
72.6,96.0,75.2,71.3,2026-06-29 05:40:00,2974344
72.4,96.0,74.8,71.2,2026-06-29 06:00:00,2974344
72.6,95.9,75.2,71.3,2026-06-29 06:20:00,2974344
72.7,95.8,75.4,71.4,2026-06-29 06:40:00,2974344
72.8,95.6,75.4,71.4,2026-06-29 07:00:00,2974344
73.0,95.3,75.7,71.6,2026-06-29 07:20:00,2974344
73.3,94.6,76.1,71.6,2026-06-29 07:40:00,2974344
73.4,93.8,76.3,71.5,2026-06-29 08:00:00,2974344
80.2,75.5,84.9,71.7,2026-06-15 02:20:00,2968902
80.1,75.8,85.1,71.8,2026-06-15 02:40:00,2968902
79.9,76.3,84.4,71.7,2026-06-15 03:00:00,2968902
79.7,76.7,84.6,71.7,2026-06-15 03:20:00,2968902
79.2,77.8,83.8,71.7,2026-06-15 03:40:00,2968902
78.7,78.7,82.9,71.5,2026-06-15 04:00:00,2968902
78.6,78.9,82.9,71.5,2026-06-15 04:20:00,2968902
78.5,78.5,82.4,71.3,2026-06-15 04:40:00,2968902
78.3,77.5,81.9,70.7,2026-06-15 05:00:00,2968902
77.9,76.4,81.0,69.9,2026-06-15 05:20:00,2968902
77.6,75.6,80.2,69.3,2026-06-15 05:40:00,2968902
77.5,71.3,79.2,67.5,2026-06-15 06:00:00,2968902
77.4,68.3,78.8,66.1,2026-06-15 06:20:00,2968902
77.3,67.3,78.3,65.7,2026-06-15 06:40:00,2968902
77.6,66.3,78.8,65.5,2026-06-15 07:00:00,2968902
77.7,65.2,78.6,65.0,2026-06-15 07:20:00,2968902
77.2,65.6,78.1,64.8,2026-06-15 07:40:00,2968902
76.8,65.0,77.5,64.2,2026-06-15 08:00:00,2968902
77.8,63.0,78.6,64.2,2026-06-15 08:20:00,2968902
78.4,57.2,78.6,62.0,2026-06-15 08:40:00,2968902
78.1,57.1,78.3,61.7,2026-06-15 09:00:00,2968902
78.5,52.5,78.1,59.7,2026-06-15 09:20:00,2968902
78.7,51.1,78.3,59.1,2026-06-15 09:40:00,2968902
78.1,43.7,76.5,54.2,2026-06-15 10:00:00,2968902
77.8,46.0,76.3,55.4,2026-06-15 10:20:00,2968902
79.6,44.8,78.3,56.3,2026-06-15 10:40:00,2968902
80.2,43.7,78.8,56.1,2026-06-15 11:00:00,2968902
83.1,40.8,82.2,56.9,2026-06-15 11:20:00,2968902
83.4,40.1,82.4,56.6,2026-06-15 11:40:00,2968902
83.0,39.3,81.7,55.7,2026-06-15 12:00:00,2968902
83.4,37.1,81.9,54.5,2026-06-15 12:20:00,2968902
83.0,36.2,81.1,53.5,2026-06-15 12:40:00,2968902
83.8,35.9,82.0,53.9,2026-06-15 13:00:00,2968902
84.6,35.5,83.1,54.3,2026-06-15 13:20:00,2968902
86.0,33.5,84.4,54.0,2026-06-15 13:40:00,2968902
86.0,33.8,84.6,54.2,2026-06-15 14:00:00,2968902
87.2,32.3,85.5,54.1,2026-06-15 14:20:00,2968902
89.4,29.0,87.4,52.9,2026-06-15 14:40:00,2968902
89.4,29.9,87.8,53.7,2026-06-15 15:00:00,2968902
89.8,28.4,88.0,52.7,2026-06-15 15:20:00,2968902
90.8,28.6,89.6,53.7,2026-06-15 15:40:00,2968902
89.7,30.1,88.3,54.3,2026-06-15 16:00:00,2968902
90.0,31.3,89.4,55.6,2026-06-15 16:20:00,2968902
91.6,29.0,90.9,54.9,2026-06-15 16:40:00,2968902
91.3,27.7,90.0,53.3,2026-06-15 17:00:00,2968902
89.8,27.8,88.0,52.1,2026-06-15 17:20:00,2968902
91.3,28.2,90.1,53.9,2026-06-15 17:40:00,2968902
89.1,30.1,87.6,53.7,2026-06-15 18:00:00,2968902
87.2,31.2,85.1,53.1,2026-06-15 18:20:00,2968902
86.5,32.0,84.6,53.1,2026-06-15 18:40:00,2968902
86.4,33.3,84.9,54.2,2026-06-15 19:00:00,2968902
85.8,33.3,84.0,53.6,2026-06-15 19:20:00,2968902
84.7,33.5,82.6,52.9,2026-06-15 19:40:00,2968902
84.4,34.5,82.6,53.4,2026-06-15 20:00:00,2968902
83.3,35.2,81.1,52.9,2026-06-15 20:20:00,2968902
82.2,35.7,80.1,52.4,2026-06-15 20:40:00,2968902
81.5,36.7,79.3,52.5,2026-06-15 21:00:00,2968902
80.3,38.1,78.3,52.5,2026-06-15 21:20:00,2968902
79.3,39.5,77.2,52.6,2026-06-15 21:40:00,2968902
78.6,40.2,76.6,52.5,2026-06-15 22:00:00,2968902
78.0,41.3,75.9,52.6,2026-06-15 22:20:00,2968902
76.9,43.2,74.8,52.8,2026-06-15 22:40:00,2968902
75.8,44.8,73.9,52.8,2026-06-15 23:00:00,2968902
75.1,47.0,73.6,53.5,2026-06-15 23:20:00,2968902
74.2,48.2,72.9,53.3,2026-06-15 23:40:00,2968902
74.2,47.8,72.9,53.2,2026-06-16 00:00:00,2968902
73.8,49.1,72.7,53.5,2026-06-16 00:20:00,2968902
73.6,49.2,72.5,53.4,2026-06-16 00:40:00,2968902
73.9,47.7,72.5,52.8,2026-06-16 01:00:00,2968902
74.2,46.8,72.9,52.5,2026-06-16 01:20:00,2968902
73.9,46.8,72.5,52.2,2026-06-16 01:40:00,2968902
73.2,47.6,72.1,52.2,2026-06-16 02:00:00,2968902
72.6,48.6,71.6,52.1,2026-06-16 02:20:00,2968902
72.1,49.3,71.1,52.0,2026-06-16 02:40:00,2968902
71.5,50.0,70.5,51.9,2026-06-16 03:00:00,2968902
71.3,50.0,70.3,51.7,2026-06-16 03:20:00,2968902
70.8,50.5,70.2,51.6,2026-06-16 03:40:00,2968902
70.2,51.9,69.3,51.7,2026-06-16 04:00:00,2968902
69.7,53.0,68.7,51.9,2026-06-16 04:20:00,2968902
69.4,53.6,68.2,51.9,2026-06-16 04:40:00,2968902
69.2,54.0,68.0,51.9,2026-06-16 05:00:00,2968902
69.0,54.4,67.6,51.9,2026-06-16 05:20:00,2968902
69.1,54.6,68.0,52.0,2026-06-16 05:40:00,2968902
69.1,54.9,68.0,52.2,2026-06-16 06:00:00,2968902
68.8,55.8,67.6,52.4,2026-06-16 06:20:00,2968902
69.0,56.6,67.8,53.0,2026-06-16 06:40:00,2968902
69.4,57.4,68.4,53.7,2026-06-16 07:00:00,2968902
69.5,58.0,68.7,54.1,2026-06-16 07:20:00,2968902
70.0,57.9,69.6,54.5,2026-06-16 07:40:00,2968902
70.7,57.2,70.5,54.8,2026-06-16 08:00:00,2968902
71.6,56.5,71.2,55.3,2026-06-16 08:20:00,2968902
71.6,56.1,71.2,55.1,2026-06-16 08:40:00,2968902
72.3,54.9,71.6,55.2,2026-06-16 09:00:00,2968902
73.3,53.1,72.5,55.2,2026-06-16 09:20:00,2968902
73.6,53.1,72.9,55.5,2026-06-16 09:40:00,2968902
74.7,51.9,73.8,55.9,2026-06-16 10:00:00,2968902
76.1,50.8,75.0,56.6,2026-06-16 10:20:00,2968902
76.8,48.7,75.4,56.0,2026-06-16 10:40:00,2968902
77.0,47.7,75.6,55.6,2026-06-16 11:00:00,2968902
78.2,47.7,77.0,56.8,2026-06-16 11:20:00,2968902
78.4,46.0,77.0,55.9,2026-06-16 11:40:00,2968902
79.3,45.1,78.1,56.2,2026-06-16 12:00:00,2968902
80.8,42.9,79.5,56.1,2026-06-16 12:20:00,2968902
80.8,42.6,79.5,56.0,2026-06-16 12:40:00,2968902
80.0,42.4,78.4,55.1,2026-06-16 13:00:00,2968902
81.2,41.7,79.7,55.7,2026-06-16 13:20:00,2968902
82.3,41.4,81.1,56.5,2026-06-16 13:40:00,2968902
83.0,38.9,81.5,55.5,2026-06-16 14:00:00,2968902
84.5,39.4,83.8,57.1,2026-06-16 14:20:00,2968902
85.3,39.0,84.9,57.6,2026-06-16 14:40:00,2968902
86.9,37.5,86.9,57.9,2026-06-16 15:00:00,2968902
85.6,37.7,84.9,56.8,2026-06-16 15:20:00,2968902
89.0,37.6,90.0,59.8,2026-06-16 15:40:00,2968902
86.7,38.2,86.5,58.2,2026-06-16 16:00:00,2968902
85.1,39.9,84.9,58.0,2026-06-16 16:20:00,2968902
86.1,40.3,86.4,59.1,2026-06-16 16:40:00,2968902
85.9,39.3,85.8,58.3,2026-06-16 17:00:00,2968902
85.8,40.0,85.8,58.7,2026-06-16 17:20:00,2968902
84.3,41.7,84.0,58.5,2026-06-16 17:40:00,2968902
84.0,43.3,84.2,59.3,2026-06-16 18:00:00,2968902
83.3,45.3,83.5,60.0,2026-06-16 18:20:00,2968902
82.9,46.2,82.8,60.1,2026-06-16 18:40:00,2968902
83.0,45.8,82.9,60.0,2026-06-16 19:00:00,2968902
82.5,46.8,82.4,60.1,2026-06-16 19:20:00,2968902
82.6,46.2,82.6,59.9,2026-06-16 19:40:00,2968902
81.9,48.0,81.9,60.3,2026-06-16 20:00:00,2968902
81.6,49.4,81.7,60.8,2026-06-16 20:20:00,2968902
81.1,50.5,81.1,61.0,2026-06-16 20:40:00,2968902
80.4,49.8,80.2,60.0,2026-06-16 21:00:00,2968902
80.1,49.5,79.9,59.5,2026-06-16 21:20:00,2968902
79.4,50.2,79.2,59.2,2026-06-16 21:40:00,2968902
79.0,50.9,78.6,59.3,2026-06-16 22:00:00,2968902
78.5,52.4,78.1,59.7,2026-06-16 22:20:00,2968902
77.9,53.7,77.4,59.7,2026-06-16 22:40:00,2968902
77.0,55.4,76.6,59.8,2026-06-16 23:00:00,2968902
76.7,56.4,76.1,60.0,2026-06-16 23:20:00,2968902
76.4,57.2,75.9,60.1,2026-06-16 23:40:00,2968902
75.9,58.4,75.6,60.3,2026-06-17 00:00:00,2968902
75.3,60.2,75.2,60.6,2026-06-17 00:20:00,2968902
75.0,61.8,75.0,61.0,2026-06-17 00:40:00,2968902
74.6,63.2,74.8,61.2,2026-06-17 01:00:00,2968902
74.2,64.8,74.5,61.6,2026-06-17 01:20:00,2968902
73.8,66.2,74.3,61.9,2026-06-17 01:40:00,2968902
73.5,67.7,73.9,62.2,2026-06-17 02:00:00,2968902
73.1,69.4,73.8,62.5,2026-06-17 02:20:00,2968902
72.7,71.1,73.6,62.8,2026-06-17 02:40:00,2968902
72.4,72.6,73.2,63.1,2026-06-17 03:00:00,2968902
72.3,73.6,73.4,63.5,2026-06-17 03:20:00,2968902
72.2,74.3,73.2,63.6,2026-06-17 03:40:00,2968902
72.1,75.3,73.0,63.9,2026-06-17 04:00:00,2968902
71.8,76.6,72.9,64.0,2026-06-17 04:20:00,2968902
71.6,77.4,72.7,64.2,2026-06-17 04:40:00,2968902
71.6,77.6,72.5,64.2,2026-06-17 05:00:00,2968902
71.3,78.5,72.3,64.2,2026-06-17 05:20:00,2968902
71.0,79.1,72.1,64.2,2026-06-17 05:40:00,2968902
70.8,79.5,72.0,64.1,2026-06-17 06:00:00,2968902
70.6,80.3,71.6,64.2,2026-06-17 06:20:00,2968902
70.5,80.7,71.6,64.3,2026-06-17 06:40:00,2968902
71.1,80.2,72.3,64.7,2026-06-17 07:00:00,2968902
71.9,79.0,73.0,65.0,2026-06-17 07:20:00,2968902
72.8,78.2,74.1,65.6,2026-06-17 07:40:00,2968902
73.8,76.5,75.2,66.0,2026-06-17 08:00:00,2968902
74.2,75.2,75.6,65.9,2026-06-17 08:20:00,2968902
74.9,73.5,76.1,65.8,2026-06-17 08:40:00,2968902
76.6,69.7,77.5,66.0,2026-06-17 09:00:00,2968902
77.2,68.8,78.4,66.1,2026-06-17 09:20:00,2968902
78.9,64.9,80.8,66.1,2026-06-17 09:40:00,2968902
79.5,59.4,80.6,64.1,2026-06-17 10:00:00,2968902
81.6,54.5,82.8,63.6,2026-06-17 10:20:00,2968902
83.4,47.0,83.8,61.1,2026-06-17 10:40:00,2968902
84.7,47.4,86.0,62.5,2026-06-17 11:00:00,2968902
87.1,42.0,88.3,61.2,2026-06-17 11:20:00,2968902
87.0,41.0,88.0,60.5,2026-06-17 11:40:00,2968902
87.4,39.9,88.0,60.0,2026-06-17 12:00:00,2968902
88.4,36.6,88.7,58.5,2026-06-17 12:20:00,2968902
89.2,35.9,89.6,58.7,2026-06-17 12:40:00,2968902
88.8,32.6,88.0,55.6,2026-06-17 13:00:00,2968902
88.6,34.1,88.0,56.7,2026-06-17 13:20:00,2968902
90.2,32.8,90.1,57.0,2026-06-17 13:40:00,2968902
91.3,32.6,91.8,57.8,2026-06-17 14:00:00,2968902
91.5,32.8,92.1,58.2,2026-06-17 14:20:00,2968902
94.1,32.1,95.9,59.9,2026-06-17 14:40:00,2968902
92.4,33.2,93.6,59.2,2026-06-17 15:00:00,2968902
94.9,31.6,97.0,60.1,2026-06-17 15:20:00,2968902
92.0,33.1,93.0,58.9,2026-06-17 15:40:00,2968902
96.2,30.4,98.4,60.1,2026-06-17 16:00:00,2968902
94.1,29.7,94.8,57.7,2026-06-17 16:20:00,2968902
94.8,30.7,96.3,59.2,2026-06-17 16:40:00,2968902
95.8,30.9,98.1,60.2,2026-06-17 17:00:00,2968902
96.5,29.4,98.2,59.3,2026-06-17 17:20:00,2968902
97.2,29.5,99.7,60.2,2026-06-17 17:40:00,2968902
93.7,30.3,94.1,57.9,2026-06-17 18:00:00,2968902
93.2,32.1,94.5,59.1,2026-06-17 18:20:00,2968902
93.3,32.8,94.8,59.7,2026-06-17 18:40:00,2968902
91.4,35.4,93.2,60.2,2026-06-17 19:00:00,2968902
91.1,38.2,93.7,62.2,2026-06-17 19:20:00,2968902
89.9,39.8,92.1,62.2,2026-06-17 19:40:00,2968902
89.6,41.4,92.5,63.1,2026-06-17 20:00:00,2968902
89.2,41.6,91.6,62.9,2026-06-17 20:20:00,2968902
88.4,44.2,91.0,63.8,2026-06-17 20:40:00,2968902
87.5,47.2,90.7,65.0,2026-06-17 21:00:00,2968902
86.6,49.8,90.1,65.7,2026-06-17 21:20:00,2968902
86.0,52.4,89.8,66.5,2026-06-17 21:40:00,2968902
85.3,54.4,89.4,67.0,2026-06-17 22:00:00,2968902
84.8,56.7,89.1,67.7,2026-06-17 22:20:00,2968902
84.2,58.7,88.5,68.1,2026-06-17 22:40:00,2968902
83.5,60.8,87.8,68.5,2026-06-17 23:00:00,2968902
83.0,62.6,87.1,68.9,2026-06-17 23:20:00,2968902
82.5,63.6,86.4,68.9,2026-06-17 23:40:00,2968902
82.1,63.8,85.6,68.6,2026-06-18 00:00:00,2968902
81.7,63.3,84.9,68.0,2026-06-18 00:20:00,2968902
81.5,62.1,84.4,67.3,2026-06-18 00:40:00,2968902
81.4,61.5,84.0,66.9,2026-06-18 01:00:00,2968902
81.1,61.5,83.5,66.6,2026-06-18 01:20:00,2968902
80.7,62.4,82.9,66.7,2026-06-18 01:40:00,2968902
80.2,63.5,82.4,66.7,2026-06-18 02:00:00,2968902
79.9,64.5,82.0,66.8,2026-06-18 02:20:00,2968902
79.5,65.6,81.7,66.9,2026-06-18 02:40:00,2968902
79.2,66.6,81.5,67.1,2026-06-18 03:00:00,2968902
78.9,68.3,81.3,67.6,2026-06-18 03:20:00,2968902
78.6,70.4,81.3,68.2,2026-06-18 03:40:00,2968902
78.6,73.6,81.5,69.4,2026-06-18 04:00:00,2968902
78.3,75.5,81.5,69.9,2026-06-18 04:20:00,2968902
77.9,77.5,81.1,70.3,2026-06-18 04:40:00,2968902
77.7,78.6,80.6,70.5,2026-06-18 05:00:00,2968902
77.3,79.7,80.2,70.5,2026-06-18 05:20:00,2968902
77.2,80.4,79.9,70.7,2026-06-18 05:40:00,2968902
76.9,81.4,79.7,70.8,2026-06-18 06:00:00,2968902
77.0,81.7,79.7,70.9,2026-06-18 06:20:00,2968902
77.1,81.6,80.1,71.1,2026-06-18 06:40:00,2968902
77.5,81.1,80.8,71.3,2026-06-18 07:00:00,2968902
77.8,80.4,81.3,71.3,2026-06-18 07:20:00,2968902
78.3,79.4,82.4,71.4,2026-06-18 07:40:00,2968902
78.9,78.3,83.1,71.6,2026-06-18 08:00:00,2968902
79.6,76.6,84.2,71.6,2026-06-18 08:20:00,2968902
81.6,72.8,86.9,72.0,2026-06-18 08:40:00,2968902
81.7,71.8,87.1,71.7,2026-06-18 09:00:00,2968902
82.6,70.3,88.3,72.0,2026-06-18 09:20:00,2968902
83.4,67.4,89.2,71.5,2026-06-18 09:40:00,2968902
84.4,67.1,91.8,72.3,2026-06-18 10:00:00,2968902
85.1,64.2,91.9,71.6,2026-06-18 10:20:00,2968902
85.6,63.2,92.7,71.7,2026-06-18 10:40:00,2968902
87.8,61.1,96.6,72.7,2026-06-18 11:00:00,2968902
89.4,57.1,98.6,72.2,2026-06-18 11:20:00,2968902
91.2,54.5,101.5,72.5,2026-06-18 11:40:00,2968902
91.0,53.9,100.9,71.9,2026-06-18 12:00:00,2968902
91.6,52.9,102.0,72.0,2026-06-18 12:20:00,2968902
92.7,51.8,103.6,72.3,2026-06-18 12:40:00,2968902
93.3,49.6,103.6,71.6,2026-06-18 13:00:00,2968902
94.5,47.3,104.9,71.3,2026-06-18 13:20:00,2968902
95.8,46.1,107.1,71.8,2026-06-18 13:40:00,2968902
97.2,45.0,109.4,72.2,2026-06-18 14:00:00,2968902
95.6,44.8,105.8,70.7,2026-06-18 14:20:00,2968902
96.0,43.9,106.0,70.5,2026-06-18 14:40:00,2968902
98.4,41.0,109.6,70.6,2026-06-18 15:00:00,2968902
98.2,44.1,110.8,72.5,2026-06-18 15:20:00,2968902
99.8,40.6,111.9,71.6,2026-06-18 15:40:00,2968902
84.6,54.1,88.0,66.2,2026-06-18 16:00:00,2968902
81.5,62.8,84.2,67.6,2026-06-18 16:20:00,2968902
78.0,80.0,81.7,71.3,2026-06-18 16:40:00,2968902
82.5,71.8,88.5,72.5,2026-06-18 17:00:00,2968902
85.3,67.4,93.6,73.3,2026-06-18 17:20:00,2968902
89.5,59.0,99.9,73.2,2026-06-18 17:40:00,2968902
90.0,57.1,100.2,72.8,2026-06-18 18:00:00,2968902
87.6,59.8,95.4,71.9,2026-06-18 18:20:00,2968902
86.9,59.7,94.3,71.2,2026-06-18 18:40:00,2968902
87.5,60.5,95.7,72.2,2026-06-18 19:00:00,2968902
88.5,59.4,97.3,72.5,2026-06-18 19:20:00,2968902
87.9,61.3,96.8,72.9,2026-06-18 19:40:00,2968902
86.4,64.9,95.5,73.1,2026-06-18 20:00:00,2968902
84.8,68.3,93.0,73.2,2026-06-18 20:20:00,2968902
84.0,71.0,91.8,73.6,2026-06-18 20:40:00,2968902
84.0,72.4,92.3,74.1,2026-06-18 21:00:00,2968902
83.8,71.8,91.6,73.7,2026-06-18 21:20:00,2968902
84.1,68.8,91.4,72.7,2026-06-18 21:40:00,2968902
80.7,76.9,86.4,72.8,2026-06-18 22:00:00,2968902
78.9,81.4,83.7,72.7,2026-06-18 22:20:00,2968902
78.2,82.7,82.4,72.4,2026-06-18 22:40:00,2968902
78.1,80.4,82.0,71.5,2026-06-18 23:00:00,2968902
77.5,81.5,80.8,71.3,2026-06-18 23:20:00,2968902
76.4,84.2,79.0,71.3,2026-06-18 23:40:00,2968902
76.5,84.5,79.3,71.5,2026-06-19 00:00:00,2968902
77.0,83.5,80.1,71.6,2026-06-19 00:20:00,2968902
77.1,83.0,80.2,71.6,2026-06-19 00:40:00,2968902
77.1,82.2,80.2,71.3,2026-06-19 01:00:00,2968902
77.3,80.2,80.2,70.7,2026-06-19 01:20:00,2968902
77.3,79.5,80.2,70.5,2026-06-19 01:40:00,2968902
77.1,79.3,79.9,70.2,2026-06-19 02:00:00,2968902
77.1,79.3,79.9,70.2,2026-06-19 02:20:00,2968902
77.2,80.3,79.9,70.6,2026-06-19 02:40:00,2968902
76.8,81.5,79.3,70.7,2026-06-19 03:00:00,2968902
76.7,82.8,79.5,71.1,2026-06-19 03:20:00,2968902
76.1,83.6,78.8,70.8,2026-06-19 03:40:00,2968902
75.1,85.4,77.5,70.4,2026-06-19 04:00:00,2968902
73.9,88.0,76.3,70.1,2026-06-19 04:20:00,2968902
73.0,89.4,75.2,69.6,2026-06-19 04:40:00,2968902
72.7,91.2,75.0,70.0,2026-06-19 05:00:00,2968902
72.4,92.1,74.7,70.0,2026-06-19 05:20:00,2968902
72.0,93.1,74.1,69.9,2026-06-19 05:40:00,2968902
71.9,94.1,74.1,70.1,2026-06-19 06:00:00,2968902
71.5,94.6,73.6,69.8,2026-06-19 06:20:00,2968902
71.4,95.0,73.4,69.9,2026-06-19 06:40:00,2968902
71.7,95.5,73.9,70.3,2026-06-19 07:00:00,2968902
72.1,95.7,74.5,70.8,2026-06-19 07:20:00,2968902
72.1,95.8,74.5,70.8,2026-06-19 07:40:00,2968902
71.8,95.8,74.1,70.5,2026-06-19 08:00:00,2968902
72.0,96.1,74.5,70.8,2026-06-19 08:20:00,2968902
72.6,96.2,75.2,71.4,2026-06-19 08:40:00,2968902
72.8,95.9,75.4,71.5,2026-06-19 09:00:00,2968902
73.4,95.7,76.5,72.1,2026-06-19 09:20:00,2968902
73.2,95.4,75.9,71.8,2026-06-19 09:40:00,2968902
73.5,95.2,76.5,72.0,2026-06-19 10:00:00,2968902
75.0,93.3,78.3,72.9,2026-06-19 10:20:00,2968902
76.4,90.2,79.9,73.3,2026-06-19 10:40:00,2968902
77.1,87.5,81.0,73.1,2026-06-19 11:00:00,2968902
77.3,86.1,81.1,72.8,2026-06-19 11:20:00,2968902
78.4,82.1,82.8,72.5,2026-06-19 11:40:00,2968902
80.4,81.1,86.7,74.0,2026-06-19 12:00:00,2968902
79.8,78.7,85.1,72.6,2026-06-19 12:20:00,2968902
81.8,74.0,87.6,72.7,2026-06-19 12:40:00,2968902
82.2,74.7,88.5,73.4,2026-06-19 13:00:00,2968902
84.5,69.1,92.5,73.2,2026-06-19 13:20:00,2968902
85.0,64.0,91.8,71.5,2026-06-19 13:40:00,2968902
85.6,63.4,92.8,71.8,2026-06-19 14:00:00,2968902
86.1,59.4,92.5,70.3,2026-06-19 14:20:00,2968902
87.9,56.2,94.8,70.4,2026-06-19 14:40:00,2968902
86.7,53.5,91.8,67.8,2026-06-19 15:00:00,2968902
89.5,48.4,95.0,67.4,2026-06-19 15:20:00,2968902
90.7,43.2,95.2,65.3,2026-06-19 15:40:00,2968902
90.7,44.0,95.5,65.8,2026-06-19 16:00:00,2968902
90.3,43.3,94.6,65.0,2026-06-19 16:20:00,2968902
89.8,40.1,92.3,62.3,2026-06-19 16:40:00,2968902
88.0,41.5,89.6,61.7,2026-06-19 17:00:00,2968902
90.3,40.1,93.4,62.8,2026-06-19 17:20:00,2968902
90.4,40.8,93.6,63.3,2026-06-19 17:40:00,2968902
87.5,43.0,89.2,62.3,2026-06-19 18:00:00,2968902
87.5,42.7,89.2,62.0,2026-06-19 18:20:00,2968902
86.8,43.1,88.2,61.7,2026-06-19 18:40:00,2968902
86.7,42.9,88.2,61.5,2026-06-19 19:00:00,2968902
86.2,43.9,87.6,61.7,2026-06-19 19:20:00,2968902
85.6,42.8,86.2,60.4,2026-06-19 19:40:00,2968902
85.1,43.3,85.8,60.3,2026-06-19 20:00:00,2968902
84.5,44.5,84.9,60.5,2026-06-19 20:20:00,2968902
83.1,46.2,83.1,60.3,2026-06-19 20:40:00,2968902
82.0,47.2,81.7,59.9,2026-06-19 21:00:00,2968902
80.9,48.4,80.4,59.6,2026-06-19 21:20:00,2968902
79.5,49.8,79.2,59.2,2026-06-19 21:40:00,2968902
79.0,47.8,78.1,57.5,2026-06-19 22:00:00,2968902
78.2,48.0,77.0,56.9,2026-06-19 22:20:00,2968902
77.3,49.1,76.1,56.8,2026-06-19 22:40:00,2968902
77.0,47.8,75.6,55.7,2026-06-19 23:00:00,2968902
76.1,49.3,74.8,55.8,2026-06-19 23:20:00,2968902
75.3,50.9,74.1,55.9,2026-06-19 23:40:00,2968902
74.4,52.1,73.4,55.7,2026-06-20 00:00:00,2968902
73.6,53.4,72.9,55.6,2026-06-20 00:20:00,2968902
73.8,51.0,72.9,54.6,2026-06-20 00:40:00,2968902
73.5,50.8,72.5,54.1,2026-06-20 01:00:00,2968902
73.2,50.9,72.3,54.0,2026-06-20 01:20:00,2968902
71.4,55.6,70.9,54.7,2026-06-20 01:40:00,2968902
69.9,59.3,69.3,55.0,2026-06-20 02:00:00,2968902
68.9,61.8,68.0,55.2,2026-06-20 02:20:00,2968902
68.2,63.7,67.5,55.4,2026-06-20 02:40:00,2968902
67.0,67.1,66.0,55.7,2026-06-20 03:00:00,2968902
66.7,68.1,65.7,55.8,2026-06-20 03:20:00,2968902
65.9,69.3,64.6,55.5,2026-06-20 03:40:00,2968902
65.9,69.6,64.8,55.7,2026-06-20 04:00:00,2968902
65.5,69.4,64.2,55.2,2026-06-20 04:20:00,2968902
65.4,70.1,64.0,55.4,2026-06-20 04:40:00,2968902
64.8,71.9,63.7,55.5,2026-06-20 05:00:00,2968902
64.4,72.7,63.3,55.5,2026-06-20 05:20:00,2968902
63.9,74.1,63.0,55.5,2026-06-20 05:40:00,2968902
63.5,75.0,62.6,55.4,2026-06-20 06:00:00,2968902
63.4,75.6,62.6,55.5,2026-06-20 06:20:00,2968902
64.6,73.9,63.5,56.1,2026-06-20 06:40:00,2968902
66.3,71.8,65.5,56.9,2026-06-20 07:00:00,2968902
66.7,69.7,65.8,56.5,2026-06-20 07:20:00,2968902
68.3,67.9,67.8,57.3,2026-06-20 07:40:00,2968902
70.7,64.0,70.7,57.9,2026-06-20 08:00:00,2968902
73.1,60.0,73.0,58.4,2026-06-20 08:20:00,2968902
75.0,54.1,74.1,57.3,2026-06-20 08:40:00,2968902
76.7,51.7,75.7,57.7,2026-06-20 09:00:00,2968902
78.3,48.6,77.4,57.3,2026-06-20 09:20:00,2968902
79.4,44.6,78.1,56.0,2026-06-20 09:40:00,2968902
80.4,42.1,79.2,55.3,2026-06-20 10:00:00,2968902
81.1,41.0,79.5,55.1,2026-06-20 10:20:00,2968902
82.0,39.1,80.4,54.8,2026-06-20 10:40:00,2968902
83.2,37.3,81.5,54.4,2026-06-20 11:00:00,2968902
85.1,35.0,83.8,54.4,2026-06-20 11:20:00,2968902
84.4,32.8,82.2,52.0,2026-06-20 11:40:00,2968902
86.4,30.9,84.2,52.1,2026-06-20 12:00:00,2968902
86.4,30.2,84.2,51.5,2026-06-20 12:20:00,2968902
88.1,30.7,86.4,53.5,2026-06-20 12:40:00,2968902
86.3,30.7,84.0,51.8,2026-06-20 13:00:00,2968902
86.8,31.4,84.9,52.9,2026-06-20 13:20:00,2968902
87.8,32.1,86.4,54.4,2026-06-20 13:40:00,2968902
87.5,31.0,85.6,53.2,2026-06-20 14:00:00,2968902
88.6,31.1,87.1,54.2,2026-06-20 14:20:00,2968902
89.7,28.6,88.0,52.8,2026-06-20 14:40:00,2968902
89.5,29.0,87.8,53.0,2026-06-20 15:00:00,2968902
89.3,27.9,87.3,51.9,2026-06-20 15:20:00,2968902
90.5,29.9,89.2,54.8,2026-06-20 15:40:00,2968902
89.0,30.6,87.4,54.0,2026-06-20 16:00:00,2968902
87.8,29.3,85.6,51.9,2026-06-20 16:20:00,2968902
91.6,28.8,90.9,54.6,2026-06-20 16:40:00,2968902
94.4,28.1,94.5,56.4,2026-06-20 17:00:00,2968902
91.7,28.4,90.7,54.4,2026-06-20 17:20:00,2968902
93.1,28.6,92.8,55.7,2026-06-20 17:40:00,2968902
89.8,30.1,88.3,54.3,2026-06-20 18:00:00,2968902
87.6,32.3,86.0,54.3,2026-06-20 18:20:00,2968902
88.5,32.1,87.4,55.0,2026-06-20 18:40:00,2968902
87.9,33.2,86.7,55.3,2026-06-20 19:00:00,2968902
86.8,34.9,85.8,55.8,2026-06-20 19:20:00,2968902
86.4,35.9,85.6,56.2,2026-06-20 19:40:00,2968902
85.6,37.0,84.6,56.3,2026-06-20 20:00:00,2968902
84.9,37.5,84.2,56.2,2026-06-20 20:20:00,2968902
83.4,39.7,82.2,56.4,2026-06-20 20:40:00,2968902
83.3,40.1,82.2,56.5,2026-06-20 21:00:00,2968902
82.0,41.9,80.8,56.6,2026-06-20 21:20:00,2968902
81.2,43.9,80.1,57.1,2026-06-20 21:40:00,2968902
80.8,44.3,79.9,57.0,2026-06-20 22:00:00,2968902
80.0,45.0,78.8,56.8,2026-06-20 22:20:00,2968902
79.9,44.6,78.4,56.4,2026-06-20 22:40:00,2968902
79.5,45.3,78.3,56.5,2026-06-20 23:00:00,2968902
78.5,47.1,77.4,56.7,2026-06-20 23:20:00,2968902
77.3,49.5,76.1,56.9,2026-06-20 23:40:00,2968902
76.9,50.3,75.7,57.0,2026-06-21 00:00:00,2968902
77.0,51.0,76.1,57.5,2026-06-21 00:20:00,2968902
77.0,51.0,76.1,57.5,2026-06-21 00:40:00,2968902
76.2,52.7,75.2,57.7,2026-06-21 01:00:00,2968902
75.3,55.3,74.7,58.2,2026-06-21 01:20:00,2968902
75.1,55.5,74.5,58.1,2026-06-21 01:40:00,2968902
75.0,56.1,74.3,58.3,2026-06-21 02:00:00,2968902
74.9,56.3,74.3,58.3,2026-06-21 02:20:00,2968902
74.4,57.6,73.9,58.5,2026-06-21 02:40:00,2968902
74.1,59.1,73.8,58.9,2026-06-21 03:00:00,2968902
73.6,60.4,73.6,59.1,2026-06-21 03:20:00,2968902
73.4,61.8,73.4,59.5,2026-06-21 03:40:00,2968902
73.7,61.7,73.8,59.7,2026-06-21 04:00:00,2968902
73.4,62.1,73.6,59.6,2026-06-21 04:20:00,2968902
72.8,63.7,73.0,59.7,2026-06-21 04:40:00,2968902
72.1,65.1,72.5,59.8,2026-06-21 05:00:00,2968902
71.8,66.2,72.3,59.9,2026-06-21 05:20:00,2968902
71.1,68.3,71.6,60.2,2026-06-21 05:40:00,2968902
70.6,69.8,71.1,60.2,2026-06-21 06:00:00,2968902
70.1,72.0,70.3,60.7,2026-06-21 06:20:00,2968902
69.9,73.6,70.3,61.1,2026-06-21 06:40:00,2968902
70.6,73.4,71.2,61.7,2026-06-21 07:00:00,2968902
72.3,70.7,72.9,62.2,2026-06-21 07:20:00,2968902
73.8,69.0,74.5,63.0,2026-06-21 07:40:00,2968902
74.8,66.7,75.2,63.0,2026-06-21 08:00:00,2968902
76.3,65.6,76.6,63.9,2026-06-21 08:20:00,2968902
77.4,63.3,78.1,64.0,2026-06-21 08:40:00,2968902
78.9,59.9,79.7,63.8,2026-06-21 09:00:00,2968902
80.3,58.6,81.7,64.5,2026-06-21 09:20:00,2968902
81.9,55.2,83.5,64.2,2026-06-21 09:40:00,2968902
83.4,51.5,84.9,63.7,2026-06-21 10:00:00,2968902
84.9,47.1,86.5,62.5,2026-06-21 10:20:00,2968902
87.4,43.9,89.2,62.7,2026-06-21 10:40:00,2968902
88.9,41.1,91.2,62.3,2026-06-21 11:00:00,2968902
88.9,38.4,90.1,60.4,2026-06-21 11:20:00,2968902
90.8,37.8,93.0,61.5,2026-06-21 11:40:00,2968902
91.1,36.3,93.0,60.7,2026-06-21 12:00:00,2968902
91.3,36.0,93.2,60.6,2026-06-21 12:20:00,2968902
91.3,35.8,93.0,60.4,2026-06-21 12:40:00,2968902
92.0,34.5,93.7,60.0,2026-06-21 13:00:00,2968902
93.9,33.8,96.3,61.1,2026-06-21 13:20:00,2968902
94.2,32.2,95.9,60.0,2026-06-21 13:40:00,2968902
93.0,33.0,94.5,59.6,2026-06-21 14:00:00,2968902
95.8,32.9,99.1,62.0,2026-06-21 14:20:00,2968902
95.1,33.1,98.1,61.5,2026-06-21 14:40:00,2968902
96.3,32.6,100.0,62.1,2026-06-21 15:00:00,2968902
97.4,31.4,100.9,62.1,2026-06-21 15:20:00,2968902
95.3,33.0,98.4,61.7,2026-06-21 15:40:00,2968902
94.3,33.1,96.8,60.9,2026-06-21 16:00:00,2968902
94.9,33.3,97.7,61.6,2026-06-21 16:20:00,2968902
93.7,33.9,95.9,61.0,2026-06-21 16:40:00,2968902
93.3,34.0,95.5,60.7,2026-06-21 17:00:00,2968902
92.7,34.5,94.8,60.6,2026-06-21 17:20:00,2968902
96.7,33.8,101.3,63.5,2026-06-21 17:40:00,2968902
93.4,35.3,96.1,61.9,2026-06-21 18:00:00,2968902
92.8,36.7,95.9,62.5,2026-06-21 18:20:00,2968902
92.8,36.7,95.9,62.4,2026-06-21 18:40:00,2968902
91.9,38.4,95.2,62.9,2026-06-21 19:00:00,2968902
91.3,38.8,94.3,62.7,2026-06-21 19:20:00,2968902
90.6,40.4,93.7,63.3,2026-06-21 19:40:00,2968902
89.9,41.9,93.0,63.7,2026-06-21 20:00:00,2968902
89.0,43.5,91.9,64.0,2026-06-21 20:20:00,2968902
88.4,44.0,91.0,63.7,2026-06-21 20:40:00,2968902
87.7,43.9,89.8,63.1,2026-06-21 21:00:00,2968902
87.0,44.6,88.9,62.8,2026-06-21 21:20:00,2968902
86.2,45.8,88.2,62.9,2026-06-21 21:40:00,2968902
85.5,47.2,87.4,63.1,2026-06-21 22:00:00,2968902
84.9,47.8,86.7,62.9,2026-06-21 22:20:00,2968902
84.3,48.5,85.8,62.8,2026-06-21 22:40:00,2968902
83.6,49.5,84.7,62.7,2026-06-21 23:00:00,2968902
83.2,50.7,84.4,63.0,2026-06-21 23:20:00,2968902
82.7,53.7,84.2,64.2,2026-06-21 23:40:00,2968902
82.1,58.0,84.2,65.9,2026-06-22 00:00:00,2968902
81.6,61.0,84.0,66.9,2026-06-22 00:20:00,2968902
81.2,63.0,84.0,67.5,2026-06-22 00:40:00,2968902
80.1,64.6,82.6,67.1,2026-06-22 01:00:00,2968902
79.4,67.6,82.2,67.8,2026-06-22 01:20:00,2968902
79.1,69.5,81.9,68.3,2026-06-22 01:40:00,2968902
78.6,71.1,81.5,68.5,2026-06-22 02:00:00,2968902
78.2,73.3,80.8,68.9,2026-06-22 02:20:00,2968902
78.0,74.8,80.8,69.3,2026-06-22 02:40:00,2968902
77.7,76.0,80.2,69.5,2026-06-22 03:00:00,2968902
77.2,77.4,79.7,69.6,2026-06-22 03:20:00,2968902
76.6,79.2,78.8,69.6,2026-06-22 03:40:00,2968902
76.1,80.9,78.4,69.8,2026-06-22 04:00:00,2968902
75.9,82.3,78.3,70.1,2026-06-22 04:20:00,2968902
75.7,83.4,78.1,70.3,2026-06-22 04:40:00,2968902
75.2,84.9,77.9,70.4,2026-06-22 05:00:00,2968902
75.0,85.9,77.4,70.5,2026-06-22 05:20:00,2968902
74.8,86.5,77.4,70.4,2026-06-22 05:40:00,2968902
74.5,87.6,77.2,70.6,2026-06-22 06:00:00,2968902
74.5,88.1,77.2,70.7,2026-06-22 06:20:00,2968902
74.7,88.2,77.4,71.0,2026-06-22 06:40:00,2968902
75.2,88.2,77.9,71.4,2026-06-22 07:00:00,2968902
75.7,87.8,78.6,71.8,2026-06-22 07:20:00,2968902
76.8,86.1,80.1,72.3,2026-06-22 07:40:00,2968902
78.2,84.4,82.8,73.0,2026-06-22 08:00:00,2968902
79.4,81.7,84.9,73.4,2026-06-22 08:20:00,2968902
80.4,79.4,86.7,73.5,2026-06-22 08:40:00,2968902
81.7,77.6,88.7,74.0,2026-06-22 09:00:00,2968902
81.5,77.2,87.8,73.7,2026-06-22 09:20:00,2968902
82.5,75.9,89.6,74.2,2026-06-22 09:40:00,2968902
83.5,74.2,91.8,74.4,2026-06-22 10:00:00,2968902
84.6,71.9,93.9,74.5,2026-06-22 10:20:00,2968902
86.3,68.2,96.3,74.6,2026-06-22 10:40:00,2968902
87.2,64.5,96.8,73.8,2026-06-22 11:00:00,2968902
89.7,58.5,100.0,73.2,2026-06-22 11:20:00,2968902
91.4,54.3,102.2,72.6,2026-06-22 11:40:00,2968902
91.1,55.3,102.0,72.9,2026-06-22 12:00:00,2968902
91.9,51.7,102.0,71.6,2026-06-22 12:20:00,2968902
93.1,51.5,104.4,72.6,2026-06-22 12:40:00,2968902
93.9,51.4,106.3,73.3,2026-06-22 13:00:00,2968902
93.9,49.7,104.9,72.2,2026-06-22 13:20:00,2968902
94.3,48.7,105.4,72.0,2026-06-22 13:40:00,2968902
95.3,45.7,105.6,71.1,2026-06-22 14:00:00,2968902
94.9,45.6,104.7,70.6,2026-06-22 14:20:00,2968902
96.4,43.2,106.3,70.3,2026-06-22 14:40:00,2968902
98.5,41.8,110.1,71.3,2026-06-22 15:00:00,2968902
99.4,41.7,111.9,72.1,2026-06-22 15:20:00,2968902
95.6,42.6,104.5,69.3,2026-06-22 15:40:00,2968902
98.2,42.0,109.6,71.1,2026-06-22 16:00:00,2968902
99.2,41.5,111.4,71.6,2026-06-22 16:20:00,2968902
99.6,40.5,111.6,71.3,2026-06-22 16:40:00,2968902
99.1,39.3,109.4,70.0,2026-06-22 17:00:00,2968902
99.8,39.1,110.8,70.5,2026-06-22 17:20:00,2968902
99.4,40.2,110.8,71.0,2026-06-22 17:40:00,2968902
98.3,39.7,108.3,69.6,2026-06-22 18:00:00,2968902
96.0,42.5,105.3,69.5,2026-06-22 18:20:00,2968902
95.5,42.8,104.2,69.2,2026-06-22 18:40:00,2968902
94.8,44.2,103.5,69.5,2026-06-22 19:00:00,2968902
94.9,44.4,104.0,69.8,2026-06-22 19:20:00,2968902
93.5,45.1,101.3,69.1,2026-06-22 19:40:00,2968902
93.1,46.5,101.5,69.6,2026-06-22 20:00:00,2968902
92.4,47.9,100.6,69.8,2026-06-22 20:20:00,2968902
91.9,49.3,100.2,70.1,2026-06-22 20:40:00,2968902
84.6,52.8,87.6,65.4,2026-06-22 21:00:00,2968902
80.5,62.6,82.8,66.6,2026-06-22 21:20:00,2968902
80.2,66.5,83.1,68.0,2026-06-22 21:40:00,2968902
80.4,67.8,83.7,68.8,2026-06-22 22:00:00,2968902
80.2,69.1,83.7,69.2,2026-06-22 22:20:00,2968902
80.0,69.8,83.5,69.3,2026-06-22 22:40:00,2968902
80.4,69.7,84.0,69.5,2026-06-22 23:00:00,2968902
81.0,69.6,85.3,70.1,2026-06-22 23:20:00,2968902
81.0,70.1,85.3,70.4,2026-06-22 23:40:00,2968902
81.1,71.8,85.8,71.1,2026-06-23 00:00:00,2968902
80.2,75.9,85.1,71.9,2026-06-23 00:20:00,2968902
78.5,79.8,82.8,71.8,2026-06-23 00:40:00,2968902
78.0,79.0,81.5,71.0,2026-06-23 01:00:00,2968902
77.5,79.7,80.6,70.7,2026-06-23 01:20:00,2968902
77.2,79.6,80.2,70.4,2026-06-23 01:40:00,2968902
77.2,80.4,80.2,70.8,2026-06-23 02:00:00,2968902
77.1,80.9,80.1,70.8,2026-06-23 02:20:00,2968902
76.6,82.0,79.2,70.7,2026-06-23 02:40:00,2968902
76.5,82.5,79.2,70.8,2026-06-23 03:00:00,2968902
76.5,82.8,79.2,70.8,2026-06-23 03:20:00,2968902
77.0,82.4,80.2,71.2,2026-06-23 03:40:00,2968902
77.0,82.9,80.2,71.4,2026-06-23 04:00:00,2968902
77.3,82.6,80.6,71.6,2026-06-23 04:20:00,2968902
77.2,82.7,80.2,71.5,2026-06-23 04:40:00,2968902
77.1,83.2,80.2,71.6,2026-06-23 05:00:00,2968902
77.2,83.2,80.8,71.8,2026-06-23 05:20:00,2968902
77.7,82.6,81.3,72.0,2026-06-23 05:40:00,2968902
78.3,81.5,82.6,72.2,2026-06-23 06:00:00,2968902
78.3,81.4,82.6,72.1,2026-06-23 06:20:00,2968902
78.5,81.5,82.9,72.3,2026-06-23 06:40:00,2968902
78.7,81.3,83.3,72.5,2026-06-23 07:00:00,2968902
79.2,80.6,84.4,72.7,2026-06-23 07:20:00,2968902
79.5,79.8,84.9,72.8,2026-06-23 07:40:00,2968902
80.6,78.9,86.5,73.4,2026-06-23 08:00:00,2968902
81.4,76.2,87.6,73.2,2026-06-23 08:20:00,2968902
82.5,73.8,89.1,73.3,2026-06-23 08:40:00,2968902
83.3,71.1,90.5,73.0,2026-06-23 09:00:00,2968902
83.4,69.7,90.1,72.5,2026-06-23 09:20:00,2968902
85.2,66.7,93.2,72.9,2026-06-23 09:40:00,2968902
85.3,64.8,93.0,72.2,2026-06-23 10:00:00,2968902
86.5,64.4,95.2,73.0,2026-06-23 10:20:00,2968902
86.4,62.1,94.3,71.9,2026-06-23 10:40:00,2968902
87.1,60.2,94.8,71.7,2026-06-23 11:00:00,2968902
86.8,62.3,95.0,72.4,2026-06-23 11:20:00,2968902
84.5,66.2,91.6,72.0,2026-06-23 11:40:00,2968902
72.4,89.3,74.5,69.1,2026-06-23 12:00:00,2968902
74.1,94.2,77.2,72.3,2026-06-23 12:20:00,2968902
76.6,95.0,81.1,75.1,2026-06-23 12:40:00,2968902
79.4,92.0,87.3,76.8,2026-06-23 13:00:00,2968902
81.9,83.7,90.7,76.5,2026-06-23 13:20:00,2968902
80.7,83.6,88.0,75.3,2026-06-23 13:40:00,2968902
79.1,88.5,85.5,75.4,2026-06-23 14:00:00,2968902
75.3,91.3,78.6,72.6,2026-06-23 14:20:00,2968902
75.2,93.5,78.4,73.2,2026-06-23 14:40:00,2968902
75.9,92.9,79.7,73.7,2026-06-23 15:00:00,2968902
76.4,90.7,79.9,73.4,2026-06-23 15:20:00,2968902
78.9,84.8,84.6,73.9,2026-06-23 15:40:00,2968902
79.7,80.6,85.5,73.2,2026-06-23 16:00:00,2968902
81.2,78.1,87.8,73.8,2026-06-23 16:20:00,2968902
80.8,76.0,86.4,72.5,2026-06-23 16:40:00,2968902
81.8,76.0,88.2,73.5,2026-06-23 17:00:00,2968902
82.1,75.0,88.7,73.4,2026-06-23 17:20:00,2968902
82.3,73.4,88.5,72.9,2026-06-23 17:40:00,2968902
82.8,71.5,89.2,72.7,2026-06-23 18:00:00,2968902
81.8,70.2,86.5,71.2,2026-06-23 18:20:00,2968902
82.6,69.2,88.2,71.5,2026-06-23 18:40:00,2968902
78.6,72.4,81.3,69.0,2026-06-23 19:00:00,2968902
76.5,78.7,78.6,69.3,2026-06-23 19:20:00,2968902
75.2,79.4,77.2,68.4,2026-06-23 19:40:00,2968902
74.5,82.3,76.6,68.7,2026-06-23 20:00:00,2968902
74.0,82.9,75.9,68.5,2026-06-23 20:20:00,2968902
73.2,83.4,75.2,67.9,2026-06-23 20:40:00,2968902
72.9,83.8,74.8,67.7,2026-06-23 21:00:00,2968902
73.4,82.4,75.0,67.7,2026-06-23 21:20:00,2968902
73.1,80.1,74.7,66.6,2026-06-23 21:40:00,2968902
73.0,80.5,74.5,66.6,2026-06-23 22:00:00,2968902
72.6,81.0,74.1,66.4,2026-06-23 22:20:00,2968902
72.3,82.6,73.9,66.8,2026-06-23 22:40:00,2968902
72.0,83.3,73.6,66.7,2026-06-23 23:00:00,2968902
71.3,84.6,72.7,66.4,2026-06-23 23:20:00,2968902
71.0,86.0,72.3,66.6,2026-06-23 23:40:00,2968902
70.4,87.8,71.8,66.6,2026-06-24 00:00:00,2968902
70.0,89.2,71.4,66.7,2026-06-24 00:20:00,2968902
69.7,90.2,71.1,66.7,2026-06-24 00:40:00,2968902
69.3,91.0,70.7,66.5,2026-06-24 01:00:00,2968902
69.1,91.6,70.5,66.5,2026-06-24 01:20:00,2968902
68.9,91.7,70.3,66.4,2026-06-24 01:40:00,2968902
68.5,92.9,69.6,66.3,2026-06-24 02:00:00,2968902
68.2,93.4,69.4,66.2,2026-06-24 02:20:00,2968902
68.1,93.1,69.3,66.1,2026-06-24 02:40:00,2968902
68.1,92.8,69.3,65.9,2026-06-24 03:00:00,2968902
67.8,93.1,69.1,65.8,2026-06-24 03:20:00,2968902
67.9,92.9,69.1,65.7,2026-06-24 03:40:00,2968902
67.5,93.2,68.7,65.5,2026-06-24 04:00:00,2968902
67.6,93.2,68.7,65.5,2026-06-24 04:20:00,2968902
67.1,92.6,68.2,64.9,2026-06-24 04:40:00,2968902
66.8,90.3,67.6,63.9,2026-06-24 05:00:00,2968902
66.6,86.4,67.1,62.4,2026-06-24 05:20:00,2968902
66.5,83.7,66.7,61.4,2026-06-24 05:40:00,2968902
65.6,86.6,65.8,61.5,2026-06-24 06:00:00,2968902
65.0,87.9,65.3,61.3,2026-06-24 06:20:00,2968902
65.4,87.8,65.7,61.7,2026-06-24 06:40:00,2968902
66.6,82.8,66.9,61.2,2026-06-24 07:00:00,2968902
68.1,75.7,68.2,60.1,2026-06-24 07:20:00,2968902
69.1,71.9,69.3,59.6,2026-06-24 07:40:00,2968902
70.7,68.8,71.2,60.0,2026-06-24 08:00:00,2968902
71.6,64.3,71.8,58.9,2026-06-24 08:20:00,2968902
72.2,62.9,72.3,58.9,2026-06-24 08:40:00,2968902
73.1,61.7,73.2,59.2,2026-06-24 09:00:00,2968902
74.4,58.0,73.9,58.7,2026-06-24 09:20:00,2968902
75.9,53.8,75.2,58.0,2026-06-24 09:40:00,2968902
77.4,47.2,76.1,55.7,2026-06-24 10:00:00,2968902
77.5,45.6,75.9,54.8,2026-06-24 10:20:00,2968902
78.9,44.2,77.4,55.3,2026-06-24 10:40:00,2968902
79.7,43.9,78.4,55.8,2026-06-24 11:00:00,2968902
80.4,41.1,79.0,54.7,2026-06-24 11:20:00,2968902
80.9,40.3,79.2,54.6,2026-06-24 11:40:00,2968902
81.8,40.3,80.2,55.3,2026-06-24 12:00:00,2968902
82.9,38.3,81.3,54.9,2026-06-24 12:20:00,2968902
81.9,38.3,80.1,54.0,2026-06-24 12:40:00,2968902
83.5,38.3,82.2,55.5,2026-06-24 13:00:00,2968902
84.3,37.8,83.1,55.8,2026-06-24 13:20:00,2968902
84.5,37.6,83.3,55.9,2026-06-24 13:40:00,2968902
85.6,37.0,84.7,56.4,2026-06-24 14:00:00,2968902
84.9,37.2,83.8,55.9,2026-06-24 14:20:00,2968902
85.0,38.1,84.2,56.6,2026-06-24 14:40:00,2968902
85.0,36.6,83.8,55.5,2026-06-24 15:00:00,2968902
85.3,38.2,84.7,57.0,2026-06-24 15:20:00,2968902
86.8,36.5,86.4,57.0,2026-06-24 15:40:00,2968902
86.2,35.2,85.3,55.5,2026-06-24 16:00:00,2968902
87.1,34.5,86.2,55.7,2026-06-24 16:20:00,2968902
85.6,36.3,84.6,55.9,2026-06-24 16:40:00,2968902
86.8,34.4,85.6,55.4,2026-06-24 17:00:00,2968902
89.8,32.3,89.1,56.3,2026-06-24 17:20:00,2968902
86.8,33.7,85.5,54.8,2026-06-24 17:40:00,2968902
87.4,35.0,86.5,56.4,2026-06-24 18:00:00,2968902
84.4,36.5,83.1,54.9,2026-06-24 18:20:00,2968902
84.4,38.2,83.5,56.1,2026-06-24 18:40:00,2968902
83.8,38.4,82.6,55.8,2026-06-24 19:00:00,2968902
83.5,39.1,82.4,56.0,2026-06-24 19:20:00,2968902
82.6,40.6,81.3,56.3,2026-06-24 19:40:00,2968902
81.8,42.9,80.6,57.1,2026-06-24 20:00:00,2968902
80.9,45.5,80.1,57.9,2026-06-24 20:20:00,2968902
79.8,48.4,79.2,58.6,2026-06-24 20:40:00,2968902
78.6,50.5,78.1,58.7,2026-06-24 21:00:00,2968902
77.5,53.6,76.8,59.3,2026-06-24 21:20:00,2968902
75.8,57.5,75.4,59.7,2026-06-24 21:40:00,2968902
75.3,58.5,75.0,59.7,2026-06-24 22:00:00,2968902
74.7,60.7,74.7,60.2,2026-06-24 22:20:00,2968902
73.9,63.0,73.9,60.5,2026-06-24 22:40:00,2968902
73.3,65.0,73.6,60.8,2026-06-24 23:00:00,2968902
72.8,67.2,73.2,61.2,2026-06-24 23:20:00,2968902
71.9,69.1,72.5,61.2,2026-06-24 23:40:00,2968902
71.3,70.8,72.0,61.3,2026-06-25 00:00:00,2968902
71.0,71.5,71.6,61.3,2026-06-25 00:20:00,2968902
70.6,73.1,71.2,61.5,2026-06-25 00:40:00,2968902
70.0,74.5,70.5,61.5,2026-06-25 01:00:00,2968902
69.7,74.7,70.2,61.3,2026-06-25 01:20:00,2968902
69.7,75.3,70.3,61.6,2026-06-25 01:40:00,2968902
69.4,76.3,69.8,61.6,2026-06-25 02:00:00,2968902
69.1,77.0,69.4,61.6,2026-06-25 02:20:00,2968902
69.0,77.0,69.4,61.4,2026-06-25 02:40:00,2968902
69.2,76.8,69.6,61.6,2026-06-25 03:00:00,2968902
69.3,76.6,69.8,61.6,2026-06-25 03:20:00,2968902
69.2,76.7,69.6,61.5,2026-06-25 03:40:00,2968902
69.1,77.0,69.6,61.6,2026-06-25 04:00:00,2968902
68.9,77.7,69.4,61.7,2026-06-25 04:20:00,2968902
68.0,80.7,68.5,61.9,2026-06-25 04:40:00,2968902
67.5,82.4,67.8,62.0,2026-06-25 05:00:00,2968902
67.4,83.6,67.8,62.3,2026-06-25 05:20:00,2968902
67.2,84.5,67.6,62.4,2026-06-25 05:40:00,2968902
67.4,85.1,67.8,62.8,2026-06-25 06:00:00,2968902
67.9,84.6,68.5,63.1,2026-06-25 06:20:00,2968902
68.7,83.8,69.6,63.6,2026-06-25 06:40:00,2968902
69.5,82.7,70.5,64.1,2026-06-25 07:00:00,2968902
70.4,82.4,71.4,64.7,2026-06-25 07:20:00,2968902
72.1,80.7,73.4,65.8,2026-06-25 07:40:00,2968902
73.0,78.8,74.3,66.0,2026-06-25 08:00:00,2968902
73.7,77.4,75.0,66.2,2026-06-25 08:20:00,2968902
75.3,75.8,76.8,67.2,2026-06-25 08:40:00,2968902
77.0,73.3,78.4,67.7,2026-06-25 09:00:00,2968902
78.6,69.8,81.0,67.9,2026-06-25 09:20:00,2968902
79.3,66.8,81.5,67.3,2026-06-25 09:40:00,2968902
80.0,65.8,82.6,67.5,2026-06-25 10:00:00,2968902
81.8,63.9,85.1,68.4,2026-06-25 10:20:00,2968902
82.5,60.6,85.5,67.6,2026-06-25 10:40:00,2968902
84.3,56.0,87.8,66.9,2026-06-25 11:00:00,2968902
86.0,51.4,89.4,66.0,2026-06-25 11:20:00,2968902
86.1,50.9,89.4,65.8,2026-06-25 11:40:00,2968902
86.8,48.6,90.0,65.1,2026-06-25 12:00:00,2968902
84.8,48.4,86.5,63.2,2026-06-25 12:20:00,2968902
85.7,50.8,88.9,65.4,2026-06-25 12:40:00,2968902
84.2,49.4,85.6,63.2,2026-06-25 13:00:00,2968902
84.8,49.5,86.9,63.8,2026-06-25 13:20:00,2968902
87.0,46.5,89.6,64.1,2026-06-25 13:40:00,2968902
86.6,45.7,88.7,63.2,2026-06-25 14:00:00,2968902
89.2,42.6,91.9,63.5,2026-06-25 14:20:00,2968902
89.2,41.6,91.6,62.8,2026-06-25 14:40:00,2968902
89.8,42.8,93.0,64.1,2026-06-25 15:00:00,2968902
88.3,43.9,90.5,63.5,2026-06-25 15:20:00,2968902
90.4,43.1,94.5,65.0,2026-06-25 15:40:00,2968902
91.2,42.6,95.9,65.4,2026-06-25 16:00:00,2968902
89.9,42.8,93.4,64.3,2026-06-25 16:20:00,2968902
92.4,39.7,96.6,64.3,2026-06-25 16:40:00,2968902
92.7,39.7,97.2,64.6,2026-06-25 17:00:00,2968902
91.8,40.6,96.1,64.4,2026-06-25 17:20:00,2968902
93.4,39.1,97.9,64.8,2026-06-25 17:40:00,2968902
90.5,41.8,94.3,64.1,2026-06-25 18:00:00,2968902
89.0,44.3,92.1,64.5,2026-06-25 18:20:00,2968902
88.4,44.3,91.0,63.9,2026-06-25 18:40:00,2968902
87.7,45.4,90.1,64.0,2026-06-25 19:00:00,2968902
87.6,45.7,90.1,64.1,2026-06-25 19:20:00,2968902
87.1,46.6,89.8,64.2,2026-06-25 19:40:00,2968902
86.5,47.7,89.1,64.3,2026-06-25 20:00:00,2968902
86.0,48.9,88.5,64.5,2026-06-25 20:20:00,2968902
85.2,49.9,87.6,64.4,2026-06-25 20:40:00,2968902
84.4,51.4,86.5,64.5,2026-06-25 21:00:00,2968902
83.5,52.8,85.6,64.5,2026-06-25 21:20:00,2968902
82.9,53.8,84.6,64.4,2026-06-25 21:40:00,2968902
82.3,55.0,83.8,64.5,2026-06-25 22:00:00,2968902
81.4,56.4,82.8,64.4,2026-06-25 22:20:00,2968902
80.9,57.7,82.4,64.6,2026-06-25 22:40:00,2968902
80.2,59.3,81.7,64.8,2026-06-25 23:00:00,2968902
79.8,59.9,81.1,64.6,2026-06-25 23:20:00,2968902
79.4,60.6,80.8,64.6,2026-06-25 23:40:00,2968902
78.9,61.5,80.1,64.5,2026-06-26 00:00:00,2968902
78.6,61.8,79.5,64.4,2026-06-26 00:20:00,2968902
78.1,63.1,79.3,64.5,2026-06-26 00:40:00,2968902
77.8,64.4,78.8,64.8,2026-06-26 01:00:00,2968902
77.4,65.5,78.4,64.9,2026-06-26 01:20:00,2968902
77.2,66.8,78.3,65.3,2026-06-26 01:40:00,2968902
76.8,68.0,77.5,65.4,2026-06-26 02:00:00,2968902
75.8,70.0,76.6,65.3,2026-06-26 02:20:00,2968902
75.9,70.0,76.8,65.4,2026-06-26 02:40:00,2968902
75.9,69.9,76.6,65.4,2026-06-26 03:00:00,2968902
75.7,70.2,76.5,65.3,2026-06-26 03:20:00,2968902
75.4,71.2,76.5,65.4,2026-06-26 03:40:00,2968902
75.2,71.8,76.3,65.5,2026-06-26 04:00:00,2968902
74.9,72.5,76.1,65.4,2026-06-26 04:20:00,2968902
74.2,73.8,75.4,65.3,2026-06-26 04:40:00,2968902
73.8,75.2,75.2,65.5,2026-06-26 05:00:00,2968902
73.8,75.6,75.2,65.6,2026-06-26 05:20:00,2968902
74.0,75.6,75.4,65.8,2026-06-26 05:40:00,2968902
74.0,75.8,75.4,65.9,2026-06-26 06:00:00,2968902
73.6,76.8,75.0,65.9,2026-06-26 06:20:00,2968902
74.0,77.2,75.4,66.4,2026-06-26 06:40:00,2968902
74.7,76.8,76.3,66.9,2026-06-26 07:00:00,2968902
75.4,76.2,77.0,67.4,2026-06-26 07:20:00,2968902
75.9,76.0,77.5,67.8,2026-06-26 07:40:00,2968902
76.7,75.5,78.4,68.3,2026-06-26 08:00:00,2968902
78.1,73.2,80.8,68.8,2026-06-26 08:20:00,2968902
79.2,71.2,82.4,69.1,2026-06-26 08:40:00,2968902
80.5,68.3,84.0,69.1,2026-06-26 09:00:00,2968902
82.7,65.7,87.3,70.0,2026-06-26 09:20:00,2968902
82.8,63.8,87.1,69.3,2026-06-26 09:40:00,2968902
83.4,64.1,88.3,70.0,2026-06-26 10:00:00,2968902
85.1,62.1,91.6,70.7,2026-06-26 10:20:00,2968902
86.2,57.1,91.9,69.2,2026-06-26 10:40:00,2968902
85.9,53.7,90.1,67.2,2026-06-26 11:00:00,2968902
87.1,52.0,91.9,67.3,2026-06-26 11:20:00,2968902
88.2,53.8,94.6,69.3,2026-06-26 11:40:00,2968902
87.0,52.8,91.9,67.7,2026-06-26 12:00:00,2968902
88.1,51.1,93.2,67.8,2026-06-26 12:20:00,2968902
87.4,52.1,92.1,67.7,2026-06-26 12:40:00,2968902
86.9,51.6,91.4,66.9,2026-06-26 13:00:00,2968902
87.8,49.9,92.3,66.8,2026-06-26 13:20:00,2968902
89.1,49.6,94.6,67.7,2026-06-26 13:40:00,2968902
88.7,48.7,93.6,66.9,2026-06-26 14:00:00,2968902
90.0,47.9,95.9,67.6,2026-06-26 14:20:00,2968902
89.5,49.7,95.7,68.2,2026-06-26 14:40:00,2968902
89.1,49.9,94.8,68.0,2026-06-26 15:00:00,2968902
89.1,50.8,95.4,68.4,2026-06-26 15:20:00,2968902
89.1,51.3,95.5,68.8,2026-06-26 15:40:00,2968902
88.3,53.0,94.3,69.0,2026-06-26 16:00:00,2968902
84.9,65.8,92.1,72.2,2026-06-26 16:20:00,2968902
87.2,62.9,96.1,73.0,2026-06-26 16:40:00,2968902
85.8,62.9,93.0,71.7,2026-06-26 17:00:00,2968902
84.0,65.7,90.1,71.3,2026-06-26 17:20:00,2968902
87.5,59.6,95.4,71.7,2026-06-26 17:40:00,2968902
86.5,58.0,92.7,70.0,2026-06-26 18:00:00,2968902
85.6,60.9,91.9,70.5,2026-06-26 18:20:00,2968902
84.4,64.6,90.9,71.2,2026-06-26 18:40:00,2968902
83.8,66.8,90.0,71.5,2026-06-26 19:00:00,2968902
83.4,65.2,88.7,70.4,2026-06-26 19:20:00,2968902
82.4,66.2,86.5,69.9,2026-06-26 19:40:00,2968902
82.0,67.7,86.7,70.3,2026-06-26 20:00:00,2968902
80.4,70.2,84.0,69.8,2026-06-26 20:20:00,2968902
79.4,73.0,83.1,70.0,2026-06-26 20:40:00,2968902
78.9,75.0,82.4,70.3,2026-06-26 21:00:00,2968902
78.5,76.8,82.2,70.6,2026-06-26 21:20:00,2968902
78.2,78.4,81.7,70.9,2026-06-26 21:40:00,2968902
78.0,80.4,81.7,71.4,2026-06-26 22:00:00,2968902
77.6,81.8,81.1,71.6,2026-06-26 22:20:00,2968902
77.3,83.8,80.8,72.1,2026-06-26 22:40:00,2968902
77.0,84.8,80.6,72.1,2026-06-26 23:00:00,2968902
77.1,85.5,80.6,72.4,2026-06-26 23:20:00,2968902
76.9,85.7,80.2,72.2,2026-06-26 23:40:00,2968902
77.1,85.3,80.6,72.4,2026-06-27 00:00:00,2968902
77.0,84.7,80.6,72.1,2026-06-27 00:20:00,2968902
77.1,84.6,80.6,72.1,2026-06-27 00:40:00,2968902
76.7,84.8,79.9,71.8,2026-06-27 01:00:00,2968902
76.4,85.4,79.2,71.7,2026-06-27 01:20:00,2968902
75.8,86.3,78.6,71.5,2026-06-27 01:40:00,2968902
75.7,86.6,78.4,71.4,2026-06-27 02:00:00,2968902
75.7,86.8,78.4,71.5,2026-06-27 02:20:00,2968902
75.7,86.9,78.4,71.5,2026-06-27 02:40:00,2968902
75.5,87.6,78.4,71.5,2026-06-27 03:00:00,2968902
75.7,87.5,78.6,71.7,2026-06-27 03:20:00,2968902
75.3,88.0,78.1,71.5,2026-06-27 03:40:00,2968902
75.4,88.4,78.4,71.7,2026-06-27 04:00:00,2968902
75.3,88.8,78.3,71.7,2026-06-27 04:20:00,2968902
75.1,89.1,78.1,71.7,2026-06-27 04:40:00,2968902
74.9,89.3,77.7,71.6,2026-06-27 05:00:00,2968902
74.8,89.7,77.5,71.5,2026-06-27 05:20:00,2968902
74.8,89.7,77.5,71.5,2026-06-27 05:40:00,2968902
74.7,89.8,77.5,71.5,2026-06-27 06:00:00,2968902
74.6,89.9,77.4,71.4,2026-06-27 06:20:00,2968902
74.8,90.0,77.5,71.6,2026-06-27 06:40:00,2968902
75.2,89.4,78.3,71.9,2026-06-27 07:00:00,2968902
76.1,88.3,79.3,72.4,2026-06-27 07:20:00,2968902
76.5,87.5,79.9,72.5,2026-06-27 07:40:00,2968902
77.4,86.0,81.5,72.8,2026-06-27 08:00:00,2968902
78.2,84.5,82.8,73.1,2026-06-27 08:20:00,2968902
80.1,82.3,86.5,74.2,2026-06-27 08:40:00,2968902
81.5,79.0,88.3,74.4,2026-06-27 09:00:00,2968902
82.2,77.9,89.4,74.6,2026-06-27 09:20:00,2968902
83.6,74.6,91.9,74.6,2026-06-27 09:40:00,2968902
84.3,73.0,93.4,74.7,2026-06-27 10:00:00,2968902
85.7,70.1,95.7,74.9,2026-06-27 10:20:00,2968902
86.7,67.3,97.2,74.6,2026-06-27 10:40:00,2968902
89.1,63.9,101.5,75.2,2026-06-27 11:00:00,2968902
88.5,61.6,98.4,73.6,2026-06-27 11:20:00,2968902
91.0,58.1,102.9,74.2,2026-06-27 11:40:00,2968902
90.0,58.2,100.9,73.4,2026-06-27 12:00:00,2968902
91.2,54.3,101.8,72.4,2026-06-27 12:20:00,2968902
89.7,56.6,99.1,72.2,2026-06-27 12:40:00,2968902
89.8,55.8,99.1,71.9,2026-06-27 13:00:00,2968902
92.4,52.6,103.5,72.5,2026-06-27 13:20:00,2968902
92.7,52.3,104.0,72.6,2026-06-27 13:40:00,2968902
92.8,53.7,104.9,73.5,2026-06-27 14:00:00,2968902
83.4,67.9,89.4,71.6,2026-06-27 14:20:00,2968902
83.0,73.4,90.3,73.6,2026-06-27 14:40:00,2968902
89.2,64.7,101.8,75.7,2026-06-27 15:00:00,2968902
90.2,59.5,101.8,74.2,2026-06-27 15:20:00,2968902
84.0,60.2,88.7,68.8,2026-06-27 15:40:00,2968902
80.9,68.3,84.7,69.5,2026-06-27 16:00:00,2968902
82.6,72.7,89.2,73.0,2026-06-27 16:20:00,2968902
81.5,70.9,86.5,71.2,2026-06-27 16:40:00,2968902
85.5,68.5,94.8,73.9,2026-06-27 17:00:00,2968902
87.7,61.5,96.6,72.9,2026-06-27 17:20:00,2968902
89.2,55.5,97.5,71.2,2026-06-27 17:40:00,2968902
87.6,59.8,95.4,71.9,2026-06-27 18:00:00,2968902
85.3,63.9,92.7,71.7,2026-06-27 18:20:00,2968902
85.1,67.6,93.7,73.2,2026-06-27 18:40:00,2968902
85.2,69.9,94.5,74.3,2026-06-27 19:00:00,2968902
85.4,70.7,95.2,74.8,2026-06-27 19:20:00,2968902
84.7,72.4,94.1,74.8,2026-06-27 19:40:00,2968902
84.2,74.1,93.2,75.0,2026-06-27 20:00:00,2968902
83.7,76.0,93.0,75.3,2026-06-27 20:20:00,2968902
82.9,77.4,91.2,75.1,2026-06-27 20:40:00,2968902
82.4,79.9,90.9,75.6,2026-06-27 21:00:00,2968902
81.8,81.7,89.8,75.6,2026-06-27 21:20:00,2968902
81.8,79.7,89.2,74.9,2026-06-27 21:40:00,2968902
81.5,74.8,87.1,72.7,2026-06-27 22:00:00,2968902
80.9,71.4,85.3,70.7,2026-06-27 22:20:00,2968902
80.0,73.3,84.2,70.7,2026-06-27 22:40:00,2968902
79.4,74.4,83.5,70.6,2026-06-27 23:00:00,2968902
78.7,75.2,82.2,70.2,2026-06-27 23:20:00,2968902
78.2,76.8,81.5,70.4,2026-06-27 23:40:00,2968902
77.8,77.6,80.8,70.2,2026-06-28 00:00:00,2968902
77.5,77.9,80.2,70.0,2026-06-28 00:20:00,2968902
77.2,78.3,79.5,69.9,2026-06-28 00:40:00,2968902
76.9,78.7,79.3,69.7,2026-06-28 01:00:00,2968902
76.6,79.4,78.8,69.7,2026-06-28 01:20:00,2968902
76.4,80.0,78.4,69.7,2026-06-28 01:40:00,2968902
76.2,80.3,78.3,69.7,2026-06-28 02:00:00,2968902
76.0,80.9,78.3,69.7,2026-06-28 02:20:00,2968902
75.7,81.6,77.7,69.6,2026-06-28 02:40:00,2968902
75.3,82.6,77.5,69.6,2026-06-28 03:00:00,2968902
75.2,82.8,77.4,69.6,2026-06-28 03:20:00,2968902
74.9,83.5,77.2,69.6,2026-06-28 03:40:00,2968902
74.8,83.8,77.0,69.6,2026-06-28 04:00:00,2968902
74.4,84.7,76.6,69.5,2026-06-28 04:20:00,2968902
74.2,85.2,76.5,69.4,2026-06-28 04:40:00,2968902
74.2,85.5,76.5,69.6,2026-06-28 05:00:00,2968902
73.9,86.0,75.9,69.5,2026-06-28 05:20:00,2968902
73.8,86.2,76.1,69.4,2026-06-28 05:40:00,2968902
73.5,86.7,75.7,69.3,2026-06-28 06:00:00,2968902
73.4,87.0,75.4,69.3,2026-06-28 06:20:00,2968902
74.0,86.1,76.3,69.5,2026-06-28 06:40:00,2968902
74.3,85.3,76.5,69.5,2026-06-28 07:00:00,2968902
75.1,84.1,77.5,69.9,2026-06-28 07:20:00,2968902
76.2,81.8,78.4,70.2,2026-06-28 07:40:00,2968902
77.6,79.8,81.0,70.9,2026-06-28 08:00:00,2968902
79.1,76.8,83.3,71.2,2026-06-28 08:20:00,2968902
80.3,75.9,85.5,72.0,2026-06-28 08:40:00,2968902
79.8,76.4,84.4,71.7,2026-06-28 09:00:00,2968902
80.9,76.1,86.4,72.6,2026-06-28 09:20:00,2968902
79.7,76.3,84.4,71.6,2026-06-28 09:40:00,2968902
81.1,76.0,86.7,72.8,2026-06-28 10:00:00,2968902
83.0,72.6,90.1,73.3,2026-06-28 10:20:00,2968902
84.5,70.3,92.8,73.8,2026-06-28 10:40:00,2968902
85.3,67.8,94.1,73.4,2026-06-28 11:00:00,2968902
84.7,68.5,92.7,73.2,2026-06-28 11:20:00,2968902
87.1,65.9,97.3,74.3,2026-06-28 11:40:00,2968902
89.5,59.7,100.2,73.6,2026-06-28 12:00:00,2968902
89.0,59.9,98.8,73.3,2026-06-28 12:20:00,2968902
90.2,58.3,101.3,73.5,2026-06-28 12:40:00,2968902
91.0,56.5,102.2,73.4,2026-06-28 13:00:00,2968902
89.5,55.9,98.4,71.7,2026-06-28 13:20:00,2968902
89.2,56.9,97.9,71.9,2026-06-28 13:40:00,2968902
90.6,57.3,101.8,73.4,2026-06-28 14:00:00,2968902
91.0,55.1,101.5,72.6,2026-06-28 14:20:00,2968902
95.1,48.5,107.2,72.6,2026-06-28 14:40:00,2968902
94.2,49.8,105.8,72.6,2026-06-28 15:00:00,2968902
92.8,51.5,103.5,72.2,2026-06-28 15:20:00,2968902
94.8,49.8,107.1,73.1,2026-06-28 15:40:00,2968902
93.1,51.8,104.7,72.8,2026-06-28 16:00:00,2968902
92.8,53.6,104.9,73.5,2026-06-28 16:20:00,2968902
91.5,54.7,102.6,72.8,2026-06-28 16:40:00,2968902
91.9,57.0,105.1,74.5,2026-06-28 17:00:00,2968902
86.8,65.6,96.4,73.9,2026-06-28 17:20:00,2968902
85.3,66.8,93.6,73.0,2026-06-28 17:40:00,2968902
78.0,86.8,82.8,73.7,2026-06-28 18:00:00,2968902
77.6,91.8,82.9,75.1,2026-06-28 18:20:00,2968902
76.4,90.6,79.9,73.5,2026-06-28 18:40:00,2968902
74.9,91.5,78.1,72.3,2026-06-28 19:00:00,2968902
74.4,93.2,77.5,72.3,2026-06-28 19:20:00,2968902
75.1,94.5,78.6,73.4,2026-06-28 19:40:00,2968902
75.3,94.4,79.0,73.6,2026-06-28 20:00:00,2968902
75.3,95.1,79.0,73.8,2026-06-28 20:20:00,2968902
75.6,95.2,79.5,74.1,2026-06-28 20:40:00,2968902
75.6,95.4,79.5,74.2,2026-06-28 21:00:00,2968902
75.5,95.5,79.3,74.2,2026-06-28 21:20:00,2968902
75.2,95.7,78.8,73.9,2026-06-28 21:40:00,2968902
75.2,95.8,78.8,73.9,2026-06-28 22:00:00,2968902
75.3,96.0,79.0,74.1,2026-06-28 22:20:00,2968902
75.1,95.3,78.8,73.7,2026-06-28 22:40:00,2968902
75.1,94.7,78.6,73.5,2026-06-28 23:00:00,2968902
74.7,94.7,78.1,73.1,2026-06-28 23:20:00,2968902
74.5,94.9,77.9,73.0,2026-06-28 23:40:00,2968902
74.6,95.3,78.1,73.1,2026-06-29 00:00:00,2968902
74.4,95.6,77.7,73.1,2026-06-29 00:20:00,2968902
74.1,95.7,77.2,72.8,2026-06-29 00:40:00,2968902
74.2,96.0,77.5,73.0,2026-06-29 01:00:00,2968902
74.4,95.7,77.7,73.1,2026-06-29 01:20:00,2968902
74.3,95.4,77.5,72.9,2026-06-29 01:40:00,2968902
74.1,95.1,77.2,72.6,2026-06-29 02:00:00,2968902
74.1,95.0,77.2,72.6,2026-06-29 02:20:00,2968902
73.8,95.2,77.0,72.3,2026-06-29 02:40:00,2968902
73.8,95.2,77.0,72.3,2026-06-29 03:00:00,2968902
73.6,95.4,76.8,72.2,2026-06-29 03:20:00,2968902
73.3,95.8,76.3,72.1,2026-06-29 03:40:00,2968902
73.3,96.2,76.3,72.2,2026-06-29 04:00:00,2968902
73.3,96.4,76.3,72.2,2026-06-29 04:20:00,2968902
73.3,96.1,76.3,72.1,2026-06-29 04:40:00,2968902
73.4,95.8,76.5,72.1,2026-06-29 05:00:00,2968902
73.5,95.4,76.5,72.1,2026-06-29 05:20:00,2968902
73.4,95.3,76.5,72.0,2026-06-29 05:40:00,2968902
73.3,94.7,76.1,71.6,2026-06-29 06:00:00,2968902
73.5,94.6,76.5,71.8,2026-06-29 06:20:00,2968902
73.5,94.1,76.5,71.7,2026-06-29 06:40:00,2968902
73.7,93.7,76.5,71.7,2026-06-29 07:00:00,2968902
74.0,92.9,77.0,71.8,2026-06-29 07:20:00,2968902
74.0,92.4,76.8,71.6,2026-06-29 07:40:00,2968902
74.3,91.6,77.2,71.7,2026-06-29 08:00:00,2968902
89.5,31.0,88.3,54.9,2026-06-15 14:00:00,2968890
91.6,29.7,91.0,55.5,2026-06-15 14:20:00,2968890
91.7,29.0,90.9,54.9,2026-06-15 14:40:00,2968890
93.4,28.6,93.0,56.0,2026-06-15 15:00:00,2968890
91.6,26.5,90.1,52.4,2026-06-15 15:20:00,2968890
92.1,27.6,91.0,53.9,2026-06-15 15:40:00,2968890
91.6,28.2,90.7,54.1,2026-06-15 16:00:00,2968890
92.7,28.8,92.3,55.6,2026-06-15 16:20:00,2968890
90.9,30.5,90.3,55.6,2026-06-15 16:40:00,2968890
89.0,30.8,87.6,54.2,2026-06-15 17:00:00,2968890
87.5,30.7,85.6,52.9,2026-06-15 17:20:00,2968890
86.4,31.5,84.4,52.6,2026-06-15 17:40:00,2968890
86.5,32.5,84.7,53.6,2026-06-15 18:00:00,2968890
85.8,32.9,84.0,53.3,2026-06-15 18:20:00,2968890
85.3,33.8,83.7,53.6,2026-06-15 18:40:00,2968890
84.8,35.3,83.3,54.3,2026-06-15 19:00:00,2968890
84.7,34.9,82.9,53.9,2026-06-15 19:20:00,2968890
84.0,34.9,82.0,53.3,2026-06-15 19:40:00,2968890
83.1,36.4,81.1,53.7,2026-06-15 20:00:00,2968890
81.8,37.8,79.7,53.6,2026-06-15 20:20:00,2968890
80.4,38.9,78.4,53.1,2026-06-15 20:40:00,2968890
79.2,40.1,77.4,52.8,2026-06-15 21:00:00,2968890
78.2,41.3,76.1,52.8,2026-06-15 21:20:00,2968890
77.4,43.3,75.6,53.4,2026-06-15 21:40:00,2968890
75.9,44.7,73.9,52.8,2026-06-15 22:00:00,2968890
75.2,46.2,73.6,53.2,2026-06-15 22:20:00,2968890
74.0,47.3,72.7,52.7,2026-06-15 22:40:00,2968890
73.3,49.1,72.1,53.0,2026-06-15 23:00:00,2968890
72.8,49.6,71.6,52.9,2026-06-15 23:20:00,2968890
72.3,51.7,71.6,53.6,2026-06-15 23:40:00,2968890
72.0,52.7,71.4,53.7,2026-06-16 00:00:00,2968890
70.9,54.6,70.3,53.7,2026-06-16 00:20:00,2968890
70.2,56.2,69.6,53.8,2026-06-16 00:40:00,2968890
69.9,57.0,69.1,53.9,2026-06-16 01:00:00,2968890
70.4,55.5,70.0,53.7,2026-06-16 01:20:00,2968890
71.0,53.4,70.3,53.2,2026-06-16 01:40:00,2968890
71.5,51.4,70.7,52.6,2026-06-16 02:00:00,2968890
71.0,52.2,70.2,52.6,2026-06-16 02:20:00,2968890
70.8,52.8,70.3,52.7,2026-06-16 02:40:00,2968890
70.5,52.5,70.0,52.4,2026-06-16 03:00:00,2968890
70.4,52.4,69.6,52.1,2026-06-16 03:20:00,2968890
70.1,52.6,69.3,52.0,2026-06-16 03:40:00,2968890
69.9,53.3,68.9,52.1,2026-06-16 04:00:00,2968890
69.3,54.3,68.2,52.1,2026-06-16 04:20:00,2968890
68.8,55.1,67.6,52.1,2026-06-16 04:40:00,2968890
68.6,55.4,67.3,52.0,2026-06-16 05:00:00,2968890
68.6,55.2,67.3,52.0,2026-06-16 05:20:00,2968890
68.7,55.2,67.3,52.0,2026-06-16 05:40:00,2968890
68.6,55.6,67.3,52.1,2026-06-16 06:00:00,2968890
68.5,56.5,67.1,52.4,2026-06-16 06:20:00,2968890
68.7,57.2,67.6,53.0,2026-06-16 06:40:00,2968890
68.9,57.9,68.0,53.5,2026-06-16 07:00:00,2968890
69.1,58.2,68.4,53.8,2026-06-16 07:20:00,2968890
69.4,58.9,68.5,54.4,2026-06-16 07:40:00,2968890
69.9,58.9,69.3,54.9,2026-06-16 08:00:00,2968890
70.4,58.9,70.2,55.3,2026-06-16 08:20:00,2968890
70.8,57.9,70.7,55.3,2026-06-16 08:40:00,2968890
72.0,57.2,71.6,56.1,2026-06-16 09:00:00,2968890
72.8,55.0,72.1,55.7,2026-06-16 09:20:00,2968890
73.3,53.8,72.7,55.5,2026-06-16 09:40:00,2968890
74.6,52.8,73.8,56.2,2026-06-16 10:00:00,2968890
75.3,52.0,74.3,56.4,2026-06-16 10:20:00,2968890
76.3,50.5,75.2,56.6,2026-06-16 10:40:00,2968890
76.8,48.7,75.6,56.1,2026-06-16 11:00:00,2968890
78.2,47.2,77.0,56.4,2026-06-16 11:20:00,2968890
78.3,46.5,77.0,56.1,2026-06-16 11:40:00,2968890
78.5,47.7,77.5,57.0,2026-06-16 12:00:00,2968890
79.3,45.6,78.1,56.5,2026-06-16 12:20:00,2968890
79.8,44.5,78.4,56.2,2026-06-16 12:40:00,2968890
80.1,42.3,78.6,55.1,2026-06-16 13:00:00,2968890
80.8,42.1,79.5,55.7,2026-06-16 13:20:00,2968890
82.5,40.1,81.1,55.8,2026-06-16 13:40:00,2968890
83.6,38.4,82.2,55.6,2026-06-16 14:00:00,2968890
85.2,39.2,84.7,57.6,2026-06-16 14:20:00,2968890
84.8,38.1,84.0,56.5,2026-06-16 14:40:00,2968890
85.9,37.8,85.5,57.2,2026-06-16 15:00:00,2968890
84.7,40.0,84.2,57.7,2026-06-16 15:20:00,2968890
87.4,38.9,87.8,59.4,2026-06-16 15:40:00,2968890
86.0,39.6,86.2,58.6,2026-06-16 16:00:00,2968890
84.2,42.0,83.8,58.6,2026-06-16 16:20:00,2968890
84.0,41.8,83.8,58.3,2026-06-16 16:40:00,2968890
83.3,41.6,82.4,57.5,2026-06-16 17:00:00,2968890
83.0,43.9,82.6,58.8,2026-06-16 17:20:00,2968890
82.6,44.7,82.2,58.9,2026-06-16 17:40:00,2968890
81.7,46.5,81.3,59.2,2026-06-16 18:00:00,2968890
81.7,48.7,81.9,60.5,2026-06-16 18:20:00,2968890
81.6,49.3,81.7,60.8,2026-06-16 18:40:00,2968890
81.1,48.7,81.0,60.0,2026-06-16 19:00:00,2968890
80.9,48.4,80.6,59.6,2026-06-16 19:20:00,2968890
80.8,48.6,80.6,59.6,2026-06-16 19:40:00,2968890
80.3,49.7,80.1,59.8,2026-06-16 20:00:00,2968890
79.8,50.4,79.5,59.7,2026-06-16 20:20:00,2968890
79.0,52.1,78.8,60.0,2026-06-16 20:40:00,2968890
78.2,53.5,77.9,59.9,2026-06-16 21:00:00,2968890
77.5,53.8,76.8,59.4,2026-06-16 21:20:00,2968890
77.3,54.0,76.6,59.4,2026-06-16 21:40:00,2968890
76.7,55.0,76.1,59.4,2026-06-16 22:00:00,2968890
76.8,55.5,76.1,59.6,2026-06-16 22:20:00,2968890
76.5,56.2,75.9,59.7,2026-06-16 22:40:00,2968890
75.9,57.5,75.4,59.8,2026-06-16 23:00:00,2968890
75.4,58.7,75.2,60.0,2026-06-16 23:20:00,2968890
75.1,59.2,74.8,59.9,2026-06-16 23:40:00,2968890
74.9,60.1,74.8,60.1,2026-06-17 00:00:00,2968890
74.5,61.7,74.7,60.5,2026-06-17 00:20:00,2968890
74.0,63.5,74.3,60.8,2026-06-17 00:40:00,2968890
73.6,64.8,73.9,61.0,2026-06-17 01:00:00,2968890
73.1,66.4,73.6,61.3,2026-06-17 01:20:00,2968890
72.6,68.4,73.0,61.6,2026-06-17 01:40:00,2968890
72.2,70.0,72.9,61.8,2026-06-17 02:00:00,2968890
72.0,71.3,72.7,62.2,2026-06-17 02:20:00,2968890
71.7,72.8,72.5,62.5,2026-06-17 02:40:00,2968890
71.4,74.2,72.1,62.7,2026-06-17 03:00:00,2968890
71.2,75.4,72.1,63.0,2026-06-17 03:20:00,2968890
71.0,76.5,72.0,63.3,2026-06-17 03:40:00,2968890
70.9,77.4,72.0,63.5,2026-06-17 04:00:00,2968890
70.7,78.4,71.8,63.7,2026-06-17 04:20:00,2968890
70.4,79.3,71.4,63.7,2026-06-17 04:40:00,2968890
70.2,80.2,71.2,63.8,2026-06-17 05:00:00,2968890
69.8,80.9,70.7,63.7,2026-06-17 05:20:00,2968890
69.6,81.8,70.3,63.8,2026-06-17 05:40:00,2968890
69.5,82.3,70.3,63.8,2026-06-17 06:00:00,2968890
69.1,83.0,70.0,63.8,2026-06-17 06:20:00,2968890
69.2,83.3,70.0,63.9,2026-06-17 06:40:00,2968890
69.8,83.1,70.7,64.4,2026-06-17 07:00:00,2968890
71.0,81.2,72.1,64.9,2026-06-17 07:20:00,2968890
72.2,79.0,73.6,65.4,2026-06-17 07:40:00,2968890
73.0,77.4,74.1,65.6,2026-06-17 08:00:00,2968890
74.2,75.4,75.6,65.9,2026-06-17 08:20:00,2968890
75.5,73.7,76.8,66.5,2026-06-17 08:40:00,2968890
76.2,69.7,77.0,65.5,2026-06-17 09:00:00,2968890
78.1,67.3,79.9,66.4,2026-06-17 09:20:00,2968890
79.5,62.9,81.1,65.8,2026-06-17 09:40:00,2968890
80.9,58.5,82.6,64.9,2026-06-17 10:00:00,2968890
82.2,53.8,83.3,63.8,2026-06-17 10:20:00,2968890
83.6,49.0,84.6,62.4,2026-06-17 10:40:00,2968890
84.4,47.9,85.8,62.5,2026-06-17 11:00:00,2968890
84.4,44.6,84.9,60.5,2026-06-17 11:20:00,2968890
85.9,43.1,86.9,60.9,2026-06-17 11:40:00,2968890
85.7,41.8,86.2,59.8,2026-06-17 12:00:00,2968890
87.4,37.6,87.4,58.3,2026-06-17 12:20:00,2968890
87.8,36.0,87.6,57.5,2026-06-17 12:40:00,2968890
89.5,33.3,89.2,56.8,2026-06-17 13:00:00,2968890
90.7,32.5,90.9,57.3,2026-06-17 13:20:00,2968890
90.2,31.6,89.8,56.0,2026-06-17 13:40:00,2968890
91.3,30.1,90.7,55.7,2026-06-17 14:00:00,2968890
92.8,31.4,93.4,58.1,2026-06-17 14:20:00,2968890
90.5,33.7,91.0,58.0,2026-06-17 14:40:00,2968890
94.6,31.1,95.9,59.3,2026-06-17 15:00:00,2968890
94.0,31.0,95.0,58.8,2026-06-17 15:20:00,2968890
90.5,34.8,91.2,59.0,2026-06-17 15:40:00,2968890
90.9,33.3,91.6,58.0,2026-06-17 16:00:00,2968890
90.8,33.6,91.2,58.2,2026-06-17 16:20:00,2968890
91.9,33.0,92.8,58.7,2026-06-17 16:40:00,2968890
91.4,34.3,92.5,59.3,2026-06-17 17:00:00,2968890
91.9,32.2,92.3,58.0,2026-06-17 17:20:00,2968890
92.2,32.7,93.2,58.7,2026-06-17 17:40:00,2968890
91.6,32.9,92.5,58.4,2026-06-17 18:00:00,2968890
91.3,32.7,91.8,58.0,2026-06-17 18:20:00,2968890
90.5,34.6,91.0,58.8,2026-06-17 18:40:00,2968890
89.5,37.7,90.9,60.3,2026-06-17 19:00:00,2968890
88.3,40.9,89.6,61.6,2026-06-17 19:20:00,2968890
88.0,42.3,90.0,62.3,2026-06-17 19:40:00,2968890
87.1,44.1,89.1,62.7,2026-06-17 20:00:00,2968890
86.8,44.6,88.7,62.7,2026-06-17 20:20:00,2968890
86.1,46.2,88.0,63.0,2026-06-17 20:40:00,2968890
85.3,49.7,88.0,64.4,2026-06-17 21:00:00,2968890
84.7,52.2,87.4,65.2,2026-06-17 21:20:00,2968890
84.1,54.6,87.1,66.0,2026-06-17 21:40:00,2968890
83.6,56.6,86.5,66.6,2026-06-17 22:00:00,2968890
82.9,59.3,86.0,67.2,2026-06-17 22:20:00,2968890
82.5,61.7,85.8,68.0,2026-06-17 22:40:00,2968890
81.9,63.8,85.3,68.4,2026-06-17 23:00:00,2968890
81.4,65.3,84.7,68.6,2026-06-17 23:20:00,2968890
80.9,66.4,84.2,68.6,2026-06-17 23:40:00,2968890
80.7,65.9,83.8,68.2,2026-06-18 00:00:00,2968890
80.7,64.8,83.7,67.7,2026-06-18 00:20:00,2968890
80.6,63.5,83.1,67.1,2026-06-18 00:40:00,2968890
80.5,62.9,82.9,66.7,2026-06-18 01:00:00,2968890
80.2,62.9,82.2,66.4,2026-06-18 01:20:00,2968890
79.8,63.6,81.9,66.3,2026-06-18 01:40:00,2968890
78.8,65.2,80.8,66.2,2026-06-18 02:00:00,2968890
77.9,67.7,79.7,66.4,2026-06-18 02:20:00,2968890
77.6,68.7,79.2,66.5,2026-06-18 02:40:00,2968890
76.9,70.2,78.1,66.5,2026-06-18 03:00:00,2968890
76.6,71.4,77.7,66.7,2026-06-18 03:20:00,2968890
77.6,72.7,79.7,68.1,2026-06-18 03:40:00,2968890
77.7,75.2,80.6,69.3,2026-06-18 04:00:00,2968890
77.4,77.1,80.1,69.6,2026-06-18 04:20:00,2968890
77.1,79.0,79.7,70.1,2026-06-18 04:40:00,2968890
76.9,80.1,79.5,70.3,2026-06-18 05:00:00,2968890
76.6,81.1,79.0,70.4,2026-06-18 05:20:00,2968890
76.2,82.0,78.6,70.3,2026-06-18 05:40:00,2968890
76.0,83.1,78.4,70.5,2026-06-18 06:00:00,2968890
75.8,83.6,78.4,70.5,2026-06-18 06:20:00,2968890
76.0,83.7,78.6,70.7,2026-06-18 06:40:00,2968890
76.6,83.0,79.2,71.0,2026-06-18 07:00:00,2968890
77.0,81.8,80.1,71.1,2026-06-18 07:20:00,2968890
77.6,80.8,81.1,71.2,2026-06-18 07:40:00,2968890
78.1,79.8,82.0,71.3,2026-06-18 08:00:00,2968890
78.8,77.9,83.1,71.3,2026-06-18 08:20:00,2968890
80.8,73.5,85.8,71.5,2026-06-18 08:40:00,2968890
80.9,73.5,85.8,71.6,2026-06-18 09:00:00,2968890
82.5,71.3,88.3,72.2,2026-06-18 09:20:00,2968890
83.1,69.9,89.8,72.3,2026-06-18 09:40:00,2968890
84.3,68.3,91.8,72.7,2026-06-18 10:00:00,2968890
84.4,65.4,91.2,71.5,2026-06-18 10:20:00,2968890
86.2,64.5,94.8,72.8,2026-06-18 10:40:00,2968890
87.1,62.1,95.7,72.5,2026-06-18 11:00:00,2968890
88.2,59.1,96.6,72.1,2026-06-18 11:20:00,2968890
89.7,55.9,98.8,71.9,2026-06-18 11:40:00,2968890
90.6,54.7,100.4,72.1,2026-06-18 12:00:00,2968890
91.2,53.8,101.1,72.1,2026-06-18 12:20:00,2968890
92.4,51.4,102.7,71.9,2026-06-18 12:40:00,2968890
93.9,49.4,104.7,72.1,2026-06-18 13:00:00,2968890
95.8,46.0,107.1,71.7,2026-06-18 13:20:00,2968890
96.8,46.1,109.2,72.6,2026-06-18 13:40:00,2968890
96.2,44.1,106.5,70.8,2026-06-18 14:00:00,2968890
95.6,45.5,106.2,71.2,2026-06-18 14:20:00,2968890
96.7,44.3,107.8,71.3,2026-06-18 14:40:00,2968890
98.0,40.1,107.8,69.6,2026-06-18 15:00:00,2968890
97.7,42.5,109.0,71.0,2026-06-18 15:20:00,2968890
99.0,42.8,111.9,72.4,2026-06-18 15:40:00,2968890
86.2,51.6,90.1,66.3,2026-06-18 16:00:00,2968890
81.3,66.8,84.9,69.2,2026-06-18 16:20:00,2968890
78.1,85.4,82.9,73.3,2026-06-18 16:40:00,2968890
80.1,84.0,87.1,74.8,2026-06-18 17:00:00,2968890
80.9,80.3,87.4,74.2,2026-06-18 17:20:00,2968890
81.8,77.1,88.5,73.9,2026-06-18 17:40:00,2968890
82.2,74.5,88.9,73.3,2026-06-18 18:00:00,2968890
83.3,70.8,90.0,72.8,2026-06-18 18:20:00,2968890
83.7,71.7,91.6,73.6,2026-06-18 18:40:00,2968890
84.0,70.5,91.6,73.4,2026-06-18 19:00:00,2968890
84.4,71.8,93.4,74.3,2026-06-18 19:20:00,2968890
84.1,71.5,92.3,73.9,2026-06-18 19:40:00,2968890
83.4,73.4,91.2,74.0,2026-06-18 20:00:00,2968890
82.9,74.2,90.0,73.8,2026-06-18 20:20:00,2968890
82.2,75.3,88.7,73.6,2026-06-18 20:40:00,2968890
82.0,76.2,88.5,73.8,2026-06-18 21:00:00,2968890
79.5,84.5,85.5,74.4,2026-06-18 21:20:00,2968890
78.8,87.8,84.7,74.8,2026-06-18 21:40:00,2968890
78.3,87.2,83.7,74.1,2026-06-18 22:00:00,2968890
77.4,87.8,81.9,73.5,2026-06-18 22:20:00,2968890
76.7,87.8,80.2,72.8,2026-06-18 22:40:00,2968890
76.2,86.9,79.2,72.1,2026-06-18 23:00:00,2968890
75.8,88.1,78.8,72.0,2026-06-18 23:20:00,2968890
75.3,89.2,78.3,71.9,2026-06-18 23:40:00,2968890
74.8,89.8,77.5,71.6,2026-06-19 00:00:00,2968890
74.8,89.8,77.5,71.6,2026-06-19 00:20:00,2968890
75.0,89.2,77.7,71.6,2026-06-19 00:40:00,2968890
75.3,88.2,78.1,71.6,2026-06-19 01:00:00,2968890
75.1,87.5,77.9,71.2,2026-06-19 01:20:00,2968890
75.4,85.7,78.1,70.8,2026-06-19 01:40:00,2968890
75.5,84.5,77.9,70.4,2026-06-19 02:00:00,2968890
75.5,84.2,77.9,70.4,2026-06-19 02:20:00,2968890
75.5,84.3,77.9,70.4,2026-06-19 02:40:00,2968890
75.4,84.8,78.1,70.5,2026-06-19 03:00:00,2968890
75.2,85.9,77.9,70.7,2026-06-19 03:20:00,2968890
75.0,86.4,77.5,70.7,2026-06-19 03:40:00,2968890
74.0,88.0,76.5,70.2,2026-06-19 04:00:00,2968890
72.7,90.0,75.0,69.6,2026-06-19 04:20:00,2968890
72.0,92.3,74.1,69.6,2026-06-19 04:40:00,2968890
71.6,93.2,73.4,69.5,2026-06-19 05:00:00,2968890
71.3,94.0,73.4,69.5,2026-06-19 05:20:00,2968890
71.0,94.3,72.9,69.3,2026-06-19 05:40:00,2968890
70.7,94.8,72.7,69.2,2026-06-19 06:00:00,2968890
70.7,95.5,72.7,69.4,2026-06-19 06:20:00,2968890
71.0,96.0,72.9,69.7,2026-06-19 06:40:00,2968890
71.0,96.2,72.9,69.9,2026-06-19 07:00:00,2968890
71.3,96.4,73.4,70.2,2026-06-19 07:20:00,2968890
71.2,96.5,73.0,70.2,2026-06-19 07:40:00,2968890
71.2,96.7,73.0,70.2,2026-06-19 08:00:00,2968890
71.3,96.7,73.4,70.3,2026-06-19 08:20:00,2968890
71.6,96.8,73.9,70.6,2026-06-19 08:40:00,2968890
72.3,96.9,74.7,71.4,2026-06-19 09:00:00,2968890
72.6,96.8,75.2,71.6,2026-06-19 09:20:00,2968890
72.7,96.7,75.6,71.7,2026-06-19 09:40:00,2968890
73.1,96.6,76.1,72.1,2026-06-19 10:00:00,2968890
73.7,95.4,76.8,72.3,2026-06-19 10:20:00,2968890
74.9,94.3,78.4,73.1,2026-06-19 10:40:00,2968890
75.7,91.7,79.2,73.1,2026-06-19 11:00:00,2968890
76.2,91.5,79.9,73.6,2026-06-19 11:20:00,2968890
76.8,89.0,80.4,73.3,2026-06-19 11:40:00,2968890
78.9,85.6,84.6,74.2,2026-06-19 12:00:00,2968890
79.5,83.5,85.5,74.0,2026-06-19 12:20:00,2968890
81.2,81.8,88.7,75.1,2026-06-19 12:40:00,2968890
81.5,79.8,88.9,74.7,2026-06-19 13:00:00,2968890
84.8,72.7,94.6,75.1,2026-06-19 13:20:00,2968890
84.7,67.5,92.5,72.8,2026-06-19 13:40:00,2968890
86.5,65.1,95.5,73.4,2026-06-19 14:00:00,2968890
87.2,62.3,95.9,72.8,2026-06-19 14:20:00,2968890
89.8,55.6,99.1,71.8,2026-06-19 14:40:00,2968890
88.6,54.4,95.5,70.0,2026-06-19 15:00:00,2968890
92.0,47.9,99.9,69.4,2026-06-19 15:20:00,2968890
92.1,43.6,97.7,66.8,2026-06-19 15:40:00,2968890
93.7,42.6,100.4,67.6,2026-06-19 16:00:00,2968890
94.3,40.8,100.4,66.8,2026-06-19 16:20:00,2968890
89.4,41.8,91.9,63.1,2026-06-19 16:40:00,2968890
87.3,45.5,89.8,63.7,2026-06-19 17:00:00,2968890
87.1,45.1,89.4,63.3,2026-06-19 17:20:00,2968890
86.3,46.7,88.5,63.5,2026-06-19 17:40:00,2968890
85.8,47.6,87.8,63.6,2026-06-19 18:00:00,2968890
85.5,47.0,87.4,63.0,2026-06-19 18:20:00,2968890
84.8,47.0,86.2,62.3,2026-06-19 18:40:00,2968890
84.8,46.0,86.0,61.7,2026-06-19 19:00:00,2968890
84.2,48.1,85.3,62.4,2026-06-19 19:20:00,2968890
83.8,47.6,84.7,61.8,2026-06-19 19:40:00,2968890
82.6,49.8,83.3,62.0,2026-06-19 20:00:00,2968890
81.6,51.5,82.0,62.0,2026-06-19 20:20:00,2968890
80.6,52.7,81.0,61.7,2026-06-19 20:40:00,2968890
79.1,56.2,79.5,62.2,2026-06-19 21:00:00,2968890
77.7,55.2,77.4,60.3,2026-06-19 21:20:00,2968890
76.6,57.2,76.1,60.4,2026-06-19 21:40:00,2968890
75.7,58.4,75.2,60.0,2026-06-19 22:00:00,2968890
74.9,60.4,74.8,60.2,2026-06-19 22:20:00,2968890
74.0,60.8,73.9,59.6,2026-06-19 22:40:00,2968890
73.0,59.1,72.7,57.8,2026-06-19 23:00:00,2968890
72.4,60.9,72.3,58.2,2026-06-19 23:20:00,2968890
71.6,62.0,71.6,57.8,2026-06-19 23:40:00,2968890
70.8,64.7,71.1,58.3,2026-06-20 00:00:00,2968890
70.2,67.0,70.3,58.8,2026-06-20 00:20:00,2968890
69.9,66.0,69.8,58.0,2026-06-20 00:40:00,2968890
69.1,67.0,68.9,57.7,2026-06-20 01:00:00,2968890
68.8,64.1,68.2,56.2,2026-06-20 01:20:00,2968890
68.3,64.9,67.5,56.0,2026-06-20 01:40:00,2968890
67.3,67.9,66.6,56.4,2026-06-20 02:00:00,2968890
66.5,69.0,65.5,56.1,2026-06-20 02:20:00,2968890
66.0,70.4,64.8,56.1,2026-06-20 02:40:00,2968890
64.8,74.5,63.9,56.5,2026-06-20 03:00:00,2968890
64.0,76.8,63.1,56.6,2026-06-20 03:20:00,2968890
63.3,78.6,62.6,56.5,2026-06-20 03:40:00,2968890
63.0,79.4,62.6,56.5,2026-06-20 04:00:00,2968890
63.0,80.1,62.6,56.7,2026-06-20 04:20:00,2968890
62.4,80.8,62.1,56.4,2026-06-20 04:40:00,2968890
62.2,81.3,61.9,56.4,2026-06-20 05:00:00,2968890
61.9,81.3,61.7,56.1,2026-06-20 05:20:00,2968890
61.2,82.8,61.2,56.0,2026-06-20 05:40:00,2968890
61.0,84.2,61.0,56.2,2026-06-20 06:00:00,2968890
61.1,84.3,61.0,56.4,2026-06-20 06:20:00,2968890
61.6,84.1,61.5,56.8,2026-06-20 06:40:00,2968890
62.2,84.2,62.1,57.3,2026-06-20 07:00:00,2968890
63.7,83.7,63.7,58.7,2026-06-20 07:20:00,2968890
65.9,79.8,65.7,59.4,2026-06-20 07:40:00,2968890
68.5,74.6,68.4,60.1,2026-06-20 08:00:00,2968890
71.7,67.1,72.1,60.2,2026-06-20 08:20:00,2968890
74.0,60.5,73.9,59.5,2026-06-20 08:40:00,2968890
76.5,55.1,75.9,59.2,2026-06-20 09:00:00,2968890
77.7,52.3,77.2,58.9,2026-06-20 09:20:00,2968890
79.7,47.5,79.2,58.0,2026-06-20 09:40:00,2968890
80.4,44.1,79.3,56.6,2026-06-20 10:00:00,2968890
81.2,42.9,79.9,56.5,2026-06-20 10:20:00,2968890
82.5,39.1,81.0,55.1,2026-06-20 10:40:00,2968890
82.7,34.7,80.2,52.1,2026-06-20 11:00:00,2968890
84.0,37.8,82.6,55.5,2026-06-20 11:20:00,2968890
84.7,34.6,82.9,53.7,2026-06-20 11:40:00,2968890
85.4,33.3,83.5,53.3,2026-06-20 12:00:00,2968890
84.9,32.6,82.9,52.3,2026-06-20 12:20:00,2968890
85.2,31.9,82.9,52.0,2026-06-20 12:40:00,2968890
86.0,33.0,84.4,53.6,2026-06-20 13:00:00,2968890
85.6,32.6,83.7,52.9,2026-06-20 13:20:00,2968890
87.4,33.1,86.0,54.8,2026-06-20 13:40:00,2968890
87.5,32.5,86.2,54.4,2026-06-20 14:00:00,2968890
90.0,31.2,89.2,55.5,2026-06-20 14:20:00,2968890
91.1,29.6,90.3,55.0,2026-06-20 14:40:00,2968890
89.4,31.4,88.3,55.2,2026-06-20 15:00:00,2968890
89.5,31.2,88.5,55.1,2026-06-20 15:20:00,2968890
89.2,31.5,88.0,55.0,2026-06-20 15:40:00,2968890
89.3,31.6,88.3,55.2,2026-06-20 16:00:00,2968890
90.6,29.1,89.4,54.1,2026-06-20 16:20:00,2968890
89.1,29.3,87.4,53.0,2026-06-20 16:40:00,2968890
88.4,33.3,87.6,55.9,2026-06-20 17:00:00,2968890
87.4,33.2,86.0,54.9,2026-06-20 17:20:00,2968890
86.6,34.1,85.5,55.0,2026-06-20 17:40:00,2968890
86.5,34.8,85.3,55.5,2026-06-20 18:00:00,2968890
86.1,34.7,84.7,55.0,2026-06-20 18:20:00,2968890
85.9,35.0,84.6,55.1,2026-06-20 18:40:00,2968890
85.6,37.0,84.7,56.3,2026-06-20 19:00:00,2968890
85.1,37.4,84.4,56.2,2026-06-20 19:20:00,2968890
84.4,38.0,83.3,56.0,2026-06-20 19:40:00,2968890
83.8,39.4,82.8,56.5,2026-06-20 20:00:00,2968890
82.6,43.1,81.7,57.9,2026-06-20 20:20:00,2968890
81.1,44.4,80.1,57.4,2026-06-20 20:40:00,2968890
79.7,46.9,79.0,57.7,2026-06-20 21:00:00,2968890
78.5,48.1,77.5,57.3,2026-06-20 21:20:00,2968890
77.9,50.2,77.0,57.8,2026-06-20 21:40:00,2968890
77.3,53.7,76.6,59.2,2026-06-20 22:00:00,2968890
77.0,52.8,76.3,58.4,2026-06-20 22:20:00,2968890
76.4,54.4,75.6,58.7,2026-06-20 22:40:00,2968890
75.9,54.8,75.2,58.5,2026-06-20 23:00:00,2968890
75.2,55.4,74.7,58.2,2026-06-20 23:20:00,2968890
74.8,56.3,74.1,58.2,2026-06-20 23:40:00,2968890
74.2,57.9,73.8,58.4,2026-06-21 00:00:00,2968890
73.7,59.1,73.4,58.5,2026-06-21 00:20:00,2968890
73.3,59.9,73.0,58.5,2026-06-21 00:40:00,2968890
73.1,59.5,72.9,58.2,2026-06-21 01:00:00,2968890
73.0,61.7,73.0,59.0,2026-06-21 01:20:00,2968890
72.3,61.9,72.5,58.6,2026-06-21 01:40:00,2968890
72.1,61.8,72.3,58.3,2026-06-21 02:00:00,2968890
71.7,63.2,72.0,58.6,2026-06-21 02:20:00,2968890
71.5,64.8,71.8,59.0,2026-06-21 02:40:00,2968890
71.2,65.2,71.4,58.9,2026-06-21 03:00:00,2968890
70.8,67.0,71.2,59.3,2026-06-21 03:20:00,2968890
70.7,68.4,71.2,59.8,2026-06-21 03:40:00,2968890
70.8,69.3,71.4,60.2,2026-06-21 04:00:00,2968890
70.6,69.1,71.1,60.0,2026-06-21 04:20:00,2968890
70.3,70.7,70.5,60.3,2026-06-21 04:40:00,2968890
69.8,71.4,70.2,60.2,2026-06-21 05:00:00,2968890
68.6,74.3,68.7,60.1,2026-06-21 05:20:00,2968890
68.0,76.2,68.0,60.2,2026-06-21 05:40:00,2968890
67.7,77.1,67.8,60.3,2026-06-21 06:00:00,2968890
66.9,78.7,66.6,60.1,2026-06-21 06:20:00,2968890
67.0,79.6,67.1,60.5,2026-06-21 06:40:00,2968890
67.6,80.6,67.6,61.4,2026-06-21 07:00:00,2968890
69.1,80.3,69.8,62.8,2026-06-21 07:20:00,2968890
70.6,79.1,71.6,63.8,2026-06-21 07:40:00,2968890
72.7,74.7,73.8,64.2,2026-06-21 08:00:00,2968890
74.9,70.5,75.9,64.7,2026-06-21 08:20:00,2968890
76.6,66.0,77.0,64.4,2026-06-21 08:40:00,2968890
78.6,65.2,80.4,66.0,2026-06-21 09:00:00,2968890
80.3,62.4,82.4,66.3,2026-06-21 09:20:00,2968890
82.1,58.2,84.2,65.9,2026-06-21 09:40:00,2968890
83.0,51.9,84.6,63.6,2026-06-21 10:00:00,2968890
85.8,50.4,88.7,65.2,2026-06-21 10:20:00,2968890
87.5,44.9,89.8,63.4,2026-06-21 10:40:00,2968890
87.5,42.1,88.9,61.6,2026-06-21 11:00:00,2968890
87.9,41.2,89.2,61.4,2026-06-21 11:20:00,2968890
89.6,40.5,91.9,62.4,2026-06-21 11:40:00,2968890
89.2,38.1,90.5,60.4,2026-06-21 12:00:00,2968890
89.8,37.4,91.0,60.4,2026-06-21 12:20:00,2968890
90.9,36.0,92.7,60.2,2026-06-21 12:40:00,2968890
91.5,36.1,93.6,60.8,2026-06-21 13:00:00,2968890
91.2,35.1,92.8,59.9,2026-06-21 13:20:00,2968890
91.4,37.2,93.9,61.6,2026-06-21 13:40:00,2968890
91.9,34.4,93.4,59.8,2026-06-21 14:00:00,2968890
94.9,34.8,98.6,62.8,2026-06-21 14:20:00,2968890
95.2,36.2,100.2,64.2,2026-06-21 14:40:00,2968890
95.2,32.9,98.1,61.5,2026-06-21 15:00:00,2968890
93.0,34.3,95.0,60.7,2026-06-21 15:20:00,2968890
91.9,36.9,94.5,61.8,2026-06-21 15:40:00,2968890
91.1,37.9,93.6,61.9,2026-06-21 16:00:00,2968890
92.3,36.8,95.2,62.1,2026-06-21 16:20:00,2968890
91.7,36.4,93.9,61.2,2026-06-21 16:40:00,2968890
90.6,37.0,92.5,60.8,2026-06-21 17:00:00,2968890
90.4,38.0,92.5,61.4,2026-06-21 17:20:00,2968890
90.5,40.1,93.4,62.9,2026-06-21 17:40:00,2968890
90.1,40.5,92.8,62.9,2026-06-21 18:00:00,2968890
90.0,41.5,93.2,63.5,2026-06-21 18:20:00,2968890
90.0,40.9,92.8,63.1,2026-06-21 18:40:00,2968890
89.2,42.0,91.8,63.1,2026-06-21 19:00:00,2968890
88.2,43.7,90.5,63.4,2026-06-21 19:20:00,2968890
87.3,45.1,89.6,63.4,2026-06-21 19:40:00,2968890
86.7,46.5,89.1,63.7,2026-06-21 20:00:00,2968890
86.6,47.3,89.2,64.2,2026-06-21 20:20:00,2968890
86.3,47.6,88.7,64.0,2026-06-21 20:40:00,2968890
85.9,47.8,88.3,63.8,2026-06-21 21:00:00,2968890
84.8,48.8,86.7,63.4,2026-06-21 21:20:00,2968890
84.5,49.0,86.2,63.2,2026-06-21 21:40:00,2968890
82.9,51.3,84.0,63.1,2026-06-21 22:00:00,2968890
82.3,52.2,83.3,63.0,2026-06-21 22:20:00,2968890
81.9,53.1,82.9,63.1,2026-06-21 22:40:00,2968890
80.9,56.7,82.0,64.1,2026-06-21 23:00:00,2968890
79.8,57.7,80.8,63.5,2026-06-21 23:20:00,2968890
80.7,57.7,82.0,64.5,2026-06-21 23:40:00,2968890
80.3,60.6,82.0,65.4,2026-06-22 00:00:00,2968890
79.4,63.0,81.3,65.7,2026-06-22 00:20:00,2968890
78.5,66.4,80.4,66.4,2026-06-22 00:40:00,2968890
77.8,69.2,79.7,66.9,2026-06-22 01:00:00,2968890
77.3,71.0,79.0,67.2,2026-06-22 01:20:00,2968890
77.5,72.6,79.5,68.0,2026-06-22 01:40:00,2968890
76.7,74.3,78.3,67.9,2026-06-22 02:00:00,2968890
76.6,76.0,78.3,68.5,2026-06-22 02:20:00,2968890
76.1,77.0,77.7,68.3,2026-06-22 02:40:00,2968890
75.6,78.3,77.5,68.4,2026-06-22 03:00:00,2968890
74.9,79.9,76.8,68.3,2026-06-22 03:20:00,2968890
74.2,82.8,76.3,68.6,2026-06-22 03:40:00,2968890
74.6,83.2,76.8,69.1,2026-06-22 04:00:00,2968890
74.2,84.9,76.5,69.3,2026-06-22 04:20:00,2968890
74.0,85.6,76.3,69.4,2026-06-22 04:40:00,2968890
73.7,87.6,76.1,69.8,2026-06-22 05:00:00,2968890
73.3,88.1,75.6,69.6,2026-06-22 05:20:00,2968890
72.8,89.1,74.8,69.4,2026-06-22 05:40:00,2968890
72.8,90.1,75.0,69.7,2026-06-22 06:00:00,2968890
72.6,90.2,74.8,69.6,2026-06-22 06:20:00,2968890
72.6,90.9,74.8,69.8,2026-06-22 06:40:00,2968890
73.1,91.1,75.6,70.3,2026-06-22 07:00:00,2968890
74.9,89.8,77.7,71.7,2026-06-22 07:20:00,2968890
76.2,87.9,79.3,72.4,2026-06-22 07:40:00,2968890
77.4,85.9,81.5,72.9,2026-06-22 08:00:00,2968890
78.5,83.1,83.3,72.9,2026-06-22 08:20:00,2968890
80.1,80.2,86.0,73.4,2026-06-22 08:40:00,2968890
82.0,77.4,89.4,74.3,2026-06-22 09:00:00,2968890
82.0,76.2,88.7,73.7,2026-06-22 09:20:00,2968890
83.1,75.7,91.0,74.6,2026-06-22 09:40:00,2968890
83.8,73.7,92.1,74.5,2026-06-22 10:00:00,2968890
84.6,73.2,94.3,75.0,2026-06-22 10:20:00,2968890
86.5,70.6,97.9,75.8,2026-06-22 10:40:00,2968890
87.2,67.2,98.1,75.0,2026-06-22 11:00:00,2968890
88.2,63.4,98.6,74.2,2026-06-22 11:20:00,2968890
90.0,60.2,101.8,74.4,2026-06-22 11:40:00,2968890
89.8,58.3,100.4,73.3,2026-06-22 12:00:00,2968890
89.3,58.9,99.3,73.0,2026-06-22 12:20:00,2968890
90.3,56.2,100.8,72.6,2026-06-22 12:40:00,2968890
91.9,52.7,102.2,72.1,2026-06-22 13:00:00,2968890
92.0,52.5,102.6,72.1,2026-06-22 13:20:00,2968890
94.3,49.3,105.8,72.4,2026-06-22 13:40:00,2968890
93.0,49.1,102.6,71.1,2026-06-22 14:00:00,2968890
93.2,48.2,102.2,70.7,2026-06-22 14:20:00,2968890
93.3,48.2,102.6,70.8,2026-06-22 14:40:00,2968890
96.4,46.5,108.5,72.5,2026-06-22 15:00:00,2968890
95.0,45.3,104.7,70.5,2026-06-22 15:20:00,2968890
93.3,45.8,101.3,69.3,2026-06-22 15:40:00,2968890
96.0,45.9,107.4,71.8,2026-06-22 16:00:00,2968890
96.2,44.2,106.5,70.8,2026-06-22 16:20:00,2968890
94.7,44.5,103.6,69.7,2026-06-22 16:40:00,2968890
95.4,44.7,105.3,70.4,2026-06-22 17:00:00,2968890
94.2,44.6,102.4,69.3,2026-06-22 17:20:00,2968890
94.4,46.0,103.6,70.4,2026-06-22 17:40:00,2968890
94.2,44.8,102.6,69.5,2026-06-22 18:00:00,2968890
93.7,45.8,102.4,69.7,2026-06-22 18:20:00,2968890
93.0,46.8,101.5,69.7,2026-06-22 18:40:00,2968890
92.7,47.5,101.1,69.8,2026-06-22 19:00:00,2968890
92.6,47.3,100.8,69.6,2026-06-22 19:20:00,2968890
91.8,48.0,99.7,69.3,2026-06-22 19:40:00,2968890
91.1,49.5,99.0,69.5,2026-06-22 20:00:00,2968890
90.7,50.4,98.6,69.8,2026-06-22 20:20:00,2968890
89.8,52.3,97.5,70.0,2026-06-22 20:40:00,2968890
85.0,53.0,88.3,66.0,2026-06-22 21:00:00,2968890
80.5,62.9,82.9,66.7,2026-06-22 21:20:00,2968890
79.2,68.1,81.9,67.8,2026-06-22 21:40:00,2968890
79.1,70.3,81.9,68.6,2026-06-22 22:00:00,2968890
79.3,70.8,82.4,69.0,2026-06-22 22:20:00,2968890
78.8,72.1,81.7,69.0,2026-06-22 22:40:00,2968890
78.8,72.5,81.7,69.2,2026-06-22 23:00:00,2968890
78.5,73.3,81.5,69.3,2026-06-22 23:20:00,2968890
78.8,73.8,82.0,69.7,2026-06-22 23:40:00,2968890
79.4,75.3,83.7,70.8,2026-06-23 00:00:00,2968890
78.9,76.8,82.8,71.0,2026-06-23 00:20:00,2968890
77.5,80.8,80.8,71.2,2026-06-23 00:40:00,2968890
76.7,80.8,79.3,70.4,2026-06-23 01:00:00,2968890
76.1,82.7,78.6,70.5,2026-06-23 01:20:00,2968890
75.6,83.0,77.9,70.1,2026-06-23 01:40:00,2968890
75.3,83.7,77.7,70.0,2026-06-23 02:00:00,2968890
75.2,84.2,77.5,70.1,2026-06-23 02:20:00,2968890
75.1,84.6,77.5,70.1,2026-06-23 02:40:00,2968890
75.0,84.5,77.2,70.0,2026-06-23 03:00:00,2968890
74.6,85.5,76.8,69.9,2026-06-23 03:20:00,2968890
74.5,86.4,77.0,70.2,2026-06-23 03:40:00,2968890
74.6,86.6,77.0,70.3,2026-06-23 04:00:00,2968890
74.7,87.0,77.4,70.5,2026-06-23 04:20:00,2968890
74.5,87.4,77.2,70.5,2026-06-23 04:40:00,2968890
74.6,87.9,77.2,70.7,2026-06-23 05:00:00,2968890
74.9,87.6,77.7,70.9,2026-06-23 05:20:00,2968890
75.1,87.7,77.9,71.2,2026-06-23 05:40:00,2968890
75.4,87.8,78.4,71.6,2026-06-23 06:00:00,2968890
75.5,87.3,78.4,71.5,2026-06-23 06:20:00,2968890
75.8,87.5,78.8,71.8,2026-06-23 06:40:00,2968890
76.3,87.1,79.3,72.2,2026-06-23 07:00:00,2968890
77.0,85.9,80.6,72.5,2026-06-23 07:20:00,2968890
78.0,83.9,82.4,72.7,2026-06-23 07:40:00,2968890
79.3,82.3,84.7,73.4,2026-06-23 08:00:00,2968890
80.7,79.1,86.9,73.6,2026-06-23 08:20:00,2968890
82.0,75.7,88.5,73.5,2026-06-23 08:40:00,2968890
83.9,73.0,92.5,74.3,2026-06-23 09:00:00,2968890
83.8,69.6,91.0,72.7,2026-06-23 09:20:00,2968890
84.8,68.3,93.0,73.2,2026-06-23 09:40:00,2968890
84.7,66.6,91.9,72.3,2026-06-23 10:00:00,2968890
84.9,66.7,92.8,72.6,2026-06-23 10:20:00,2968890
84.8,65.4,91.9,71.9,2026-06-23 10:40:00,2968890
86.2,64.6,94.8,72.9,2026-06-23 11:00:00,2968890
85.3,66.4,93.6,72.8,2026-06-23 11:20:00,2968890
83.9,70.8,91.6,73.4,2026-06-23 11:40:00,2968890
73.6,88.0,76.1,69.8,2026-06-23 12:00:00,2968890
74.5,93.6,77.7,72.5,2026-06-23 12:20:00,2968890
76.9,93.3,81.3,74.8,2026-06-23 12:40:00,2968890
79.4,89.9,86.7,76.1,2026-06-23 13:00:00,2968890
81.4,85.1,90.0,76.4,2026-06-23 13:20:00,2968890
79.7,86.1,86.7,75.2,2026-06-23 13:40:00,2968890
78.3,90.4,84.4,75.2,2026-06-23 14:00:00,2968890
75.0,92.0,78.1,72.5,2026-06-23 14:20:00,2968890
75.5,94.2,79.2,73.7,2026-06-23 14:40:00,2968890
76.2,93.3,80.1,74.1,2026-06-23 15:00:00,2968890
76.7,93.0,81.0,74.5,2026-06-23 15:20:00,2968890
80.9,85.2,88.7,76.0,2026-06-23 15:40:00,2968890
81.9,82.2,90.3,76.0,2026-06-23 16:00:00,2968890
84.7,74.7,94.8,75.8,2026-06-23 16:20:00,2968890
81.6,78.2,88.5,74.2,2026-06-23 16:40:00,2968890
80.8,81.4,87.8,74.6,2026-06-23 17:00:00,2968890
80.7,80.7,87.3,74.2,2026-06-23 17:20:00,2968890
80.5,79.8,86.7,73.7,2026-06-23 17:40:00,2968890
81.1,79.2,87.8,74.1,2026-06-23 18:00:00,2968890
80.4,77.5,86.2,72.8,2026-06-23 18:20:00,2968890
80.3,75.7,85.5,71.9,2026-06-23 18:40:00,2968890
78.0,75.5,81.0,69.6,2026-06-23 19:00:00,2968890
75.8,80.5,78.1,69.4,2026-06-23 19:20:00,2968890
74.9,82.5,77.2,69.2,2026-06-23 19:40:00,2968890
73.9,85.2,75.9,69.1,2026-06-23 20:00:00,2968890
73.3,85.7,75.2,68.8,2026-06-23 20:20:00,2968890
72.5,85.5,74.1,67.8,2026-06-23 20:40:00,2968890
72.0,86.1,73.8,67.6,2026-06-23 21:00:00,2968890
72.1,86.2,73.9,67.8,2026-06-23 21:20:00,2968890
72.1,84.8,73.6,67.3,2026-06-23 21:40:00,2968890
71.7,84.7,73.2,66.9,2026-06-23 22:00:00,2968890
71.4,85.5,72.7,66.8,2026-06-23 22:20:00,2968890
71.0,86.4,72.5,66.8,2026-06-23 22:40:00,2968890
70.7,86.4,72.3,66.5,2026-06-23 23:00:00,2968890
70.6,87.5,72.0,66.8,2026-06-23 23:20:00,2968890
70.2,88.5,71.6,66.7,2026-06-23 23:40:00,2968890
69.7,89.7,70.9,66.6,2026-06-24 00:00:00,2968890
69.1,91.1,70.5,66.4,2026-06-24 00:20:00,2968890
68.8,92.0,70.2,66.3,2026-06-24 00:40:00,2968890
68.3,92.4,69.4,66.0,2026-06-24 01:00:00,2968890
68.1,93.1,69.3,66.0,2026-06-24 01:20:00,2968890
67.5,93.7,68.7,65.6,2026-06-24 01:40:00,2968890
67.4,94.3,68.7,65.7,2026-06-24 02:00:00,2968890
67.4,94.6,68.7,65.8,2026-06-24 02:20:00,2968890
67.3,94.5,68.7,65.7,2026-06-24 02:40:00,2968890
67.0,94.4,68.2,65.3,2026-06-24 03:00:00,2968890
66.6,94.5,67.8,64.9,2026-06-24 03:20:00,2968890
66.5,94.9,67.6,65.0,2026-06-24 03:40:00,2968890
66.6,95.1,67.8,65.1,2026-06-24 04:00:00,2968890
66.2,94.8,67.1,64.6,2026-06-24 04:20:00,2968890
66.1,95.1,67.1,64.6,2026-06-24 04:40:00,2968890
65.9,93.9,66.9,64.0,2026-06-24 05:00:00,2968890
65.3,93.5,66.0,63.3,2026-06-24 05:20:00,2968890
64.5,92.7,65.1,62.4,2026-06-24 05:40:00,2968890
63.7,93.0,64.4,61.7,2026-06-24 06:00:00,2968890
63.4,93.5,64.0,61.5,2026-06-24 06:20:00,2968890
63.2,93.9,64.0,61.4,2026-06-24 06:40:00,2968890
63.7,93.9,64.4,61.9,2026-06-24 07:00:00,2968890
65.1,91.5,65.8,62.6,2026-06-24 07:20:00,2968890
67.3,84.9,67.8,62.6,2026-06-24 07:40:00,2968890
69.4,76.5,69.8,61.7,2026-06-24 08:00:00,2968890
70.8,73.5,71.6,62.0,2026-06-24 08:20:00,2968890
72.3,67.1,72.7,60.8,2026-06-24 08:40:00,2968890
74.1,62.8,74.1,60.6,2026-06-24 09:00:00,2968890
74.2,59.5,73.9,59.1,2026-06-24 09:20:00,2968890
75.7,56.3,75.0,59.1,2026-06-24 09:40:00,2968890
76.8,54.9,76.1,59.4,2026-06-24 10:00:00,2968890
77.2,52.8,76.3,58.6,2026-06-24 10:20:00,2968890
78.6,52.0,78.4,59.6,2026-06-24 10:40:00,2968890
79.2,49.1,78.6,58.5,2026-06-24 11:00:00,2968890
79.4,48.1,78.6,58.1,2026-06-24 11:20:00,2968890
79.9,43.9,78.6,56.0,2026-06-24 11:40:00,2968890
81.3,42.1,79.9,56.1,2026-06-24 12:00:00,2968890
81.4,40.4,79.9,55.0,2026-06-24 12:20:00,2968890
82.6,40.8,81.3,56.4,2026-06-24 12:40:00,2968890
82.0,40.4,80.6,55.7,2026-06-24 13:00:00,2968890
82.3,38.4,80.6,54.5,2026-06-24 13:20:00,2968890
84.3,41.5,84.0,58.4,2026-06-24 13:40:00,2968890
84.3,39.9,83.7,57.3,2026-06-24 14:00:00,2968890
84.9,40.1,84.7,58.0,2026-06-24 14:20:00,2968890
85.3,40.9,85.3,58.9,2026-06-24 14:40:00,2968890
84.4,38.1,83.5,56.1,2026-06-24 15:00:00,2968890
85.2,40.3,85.1,58.4,2026-06-24 15:20:00,2968890
87.8,36.4,87.6,57.8,2026-06-24 15:40:00,2968890
88.5,35.8,88.7,58.0,2026-06-24 16:00:00,2968890
88.1,36.8,88.2,58.4,2026-06-24 16:20:00,2968890
85.8,37.4,85.3,56.8,2026-06-24 16:40:00,2968890
84.1,38.4,83.1,56.0,2026-06-24 17:00:00,2968890
84.5,37.9,83.3,56.1,2026-06-24 17:20:00,2968890
83.1,38.6,81.9,55.4,2026-06-24 17:40:00,2968890
83.0,38.3,81.5,55.1,2026-06-24 18:00:00,2968890
82.6,39.5,81.1,55.6,2026-06-24 18:20:00,2968890
82.4,41.0,81.1,56.3,2026-06-24 18:40:00,2968890
81.6,42.1,80.4,56.4,2026-06-24 19:00:00,2968890
81.5,42.2,80.2,56.3,2026-06-24 19:20:00,2968890
80.6,46.7,79.7,58.3,2026-06-24 19:40:00,2968890
79.4,50.8,79.2,59.5,2026-06-24 20:00:00,2968890
78.2,51.5,77.5,58.9,2026-06-24 20:20:00,2968890
77.0,53.4,75.9,58.7,2026-06-24 20:40:00,2968890
75.9,57.5,75.4,59.8,2026-06-24 21:00:00,2968890
74.5,60.7,74.5,60.0,2026-06-24 21:20:00,2968890
73.3,63.6,73.6,60.2,2026-06-24 21:40:00,2968890
72.7,66.5,73.2,60.9,2026-06-24 22:00:00,2968890
72.1,67.3,72.7,60.7,2026-06-24 22:20:00,2968890
71.3,70.3,72.0,61.2,2026-06-24 22:40:00,2968890
70.8,71.0,71.4,60.9,2026-06-24 23:00:00,2968890
70.6,70.9,71.1,60.7,2026-06-24 23:20:00,2968890
69.7,73.2,70.0,60.8,2026-06-24 23:40:00,2968890
68.8,76.0,69.1,60.9,2026-06-25 00:00:00,2968890
68.1,78.1,68.2,61.1,2026-06-25 00:20:00,2968890
67.9,78.5,68.0,61.0,2026-06-25 00:40:00,2968890
67.6,79.5,67.6,61.0,2026-06-25 01:00:00,2968890
67.6,80.1,67.6,61.2,2026-06-25 01:20:00,2968890
67.3,80.9,67.6,61.2,2026-06-25 01:40:00,2968890
66.6,82.2,66.7,61.0,2026-06-25 02:00:00,2968890
66.1,83.4,66.2,61.0,2026-06-25 02:20:00,2968890
65.9,84.0,66.0,61.0,2026-06-25 02:40:00,2968890
65.9,84.6,66.2,61.1,2026-06-25 03:00:00,2968890
65.9,84.6,66.2,61.1,2026-06-25 03:20:00,2968890
65.7,85.5,65.8,61.2,2026-06-25 03:40:00,2968890
65.6,85.4,65.7,61.1,2026-06-25 04:00:00,2968890
65.3,86.1,65.3,61.0,2026-06-25 04:20:00,2968890
64.9,87.7,64.9,61.1,2026-06-25 04:40:00,2968890
64.6,88.6,64.8,61.1,2026-06-25 05:00:00,2968890
64.6,89.2,64.9,61.3,2026-06-25 05:20:00,2968890
64.7,89.5,64.9,61.6,2026-06-25 05:40:00,2968890
64.7,89.7,64.9,61.6,2026-06-25 06:00:00,2968890
64.9,90.2,65.3,62.0,2026-06-25 06:20:00,2968890
64.9,90.5,65.3,62.1,2026-06-25 06:40:00,2968890
65.4,90.4,66.0,62.6,2026-06-25 07:00:00,2968890
67.1,90.2,68.2,64.1,2026-06-25 07:20:00,2968890
69.1,87.5,70.3,65.3,2026-06-25 07:40:00,2968890
70.9,84.8,72.3,66.1,2026-06-25 08:00:00,2968890
72.6,82.2,74.1,66.8,2026-06-25 08:20:00,2968890
74.1,79.0,75.6,67.2,2026-06-25 08:40:00,2968890
76.1,76.8,77.9,68.3,2026-06-25 09:00:00,2968890
77.0,74.2,78.6,68.1,2026-06-25 09:20:00,2968890
77.9,72.7,80.4,68.5,2026-06-25 09:40:00,2968890
78.9,69.7,81.5,68.2,2026-06-25 10:00:00,2968890
80.4,67.7,83.7,68.7,2026-06-25 10:20:00,2968890
80.8,65.5,84.0,68.2,2026-06-25 10:40:00,2968890
80.9,61.4,82.9,66.4,2026-06-25 11:00:00,2968890
82.0,59.8,84.6,66.7,2026-06-25 11:20:00,2968890
82.6,54.7,84.4,64.7,2026-06-25 11:40:00,2968890
84.6,52.5,87.4,65.2,2026-06-25 12:00:00,2968890
83.1,55.9,85.5,65.8,2026-06-25 12:20:00,2968890
83.9,54.6,86.7,65.8,2026-06-25 12:40:00,2968890
83.0,53.2,84.7,64.3,2026-06-25 13:00:00,2968890
84.8,50.9,87.3,64.6,2026-06-25 13:20:00,2968890
86.0,45.9,87.4,62.7,2026-06-25 13:40:00,2968890
85.7,49.4,88.5,64.6,2026-06-25 14:00:00,2968890
84.7,49.8,86.7,63.8,2026-06-25 14:20:00,2968890
87.9,47.4,91.4,65.4,2026-06-25 14:40:00,2968890
90.6,44.1,95.2,65.8,2026-06-25 15:00:00,2968890
87.0,49.6,90.5,65.9,2026-06-25 15:20:00,2968890
85.9,48.5,88.5,64.2,2026-06-25 15:40:00,2968890
87.8,46.2,90.9,64.6,2026-06-25 16:00:00,2968890
90.0,45.1,94.6,65.9,2026-06-25 16:20:00,2968890
89.5,44.5,93.4,65.0,2026-06-25 16:40:00,2968890
87.7,45.4,90.1,64.0,2026-06-25 17:00:00,2968890
87.1,47.9,90.3,64.9,2026-06-25 17:20:00,2968890
86.1,48.4,88.7,64.3,2026-06-25 17:40:00,2968890
86.2,49.1,89.2,64.9,2026-06-25 18:00:00,2968890
86.1,48.5,88.7,64.4,2026-06-25 18:20:00,2968890
85.8,49.6,88.5,64.8,2026-06-25 18:40:00,2968890
85.5,51.7,88.9,65.6,2026-06-25 19:00:00,2968890
84.7,50.7,86.9,64.4,2026-06-25 19:20:00,2968890
84.0,53.1,86.7,65.1,2026-06-25 19:40:00,2968890
83.3,55.0,85.8,65.4,2026-06-25 20:00:00,2968890
82.5,55.9,84.4,65.2,2026-06-25 20:20:00,2968890
81.6,58.0,83.5,65.4,2026-06-25 20:40:00,2968890
80.5,59.8,82.2,65.2,2026-06-25 21:00:00,2968890
80.3,60.2,82.0,65.2,2026-06-25 21:20:00,2968890
79.4,62.4,81.1,65.5,2026-06-25 21:40:00,2968890
78.4,64.5,79.7,65.5,2026-06-25 22:00:00,2968890
77.5,66.0,78.4,65.3,2026-06-25 22:20:00,2968890
77.0,68.4,78.3,65.8,2026-06-25 22:40:00,2968890
76.6,69.6,77.5,65.9,2026-06-25 23:00:00,2968890
75.6,72.0,76.8,65.9,2026-06-25 23:20:00,2968890
74.9,74.2,76.1,66.1,2026-06-25 23:40:00,2968890
74.9,74.2,76.1,66.1,2026-06-26 00:00:00,2968890
74.5,74.4,75.7,65.8,2026-06-26 00:20:00,2968890
73.8,76.3,75.2,65.9,2026-06-26 00:40:00,2968890
74.0,76.0,75.4,65.9,2026-06-26 01:00:00,2968890
73.8,75.4,75.2,65.6,2026-06-26 01:20:00,2968890
74.9,73.5,76.1,65.8,2026-06-26 01:40:00,2968890
74.5,73.9,75.7,65.6,2026-06-26 02:00:00,2968890
74.1,75.2,75.4,65.7,2026-06-26 02:20:00,2968890
73.4,76.3,74.7,65.5,2026-06-26 02:40:00,2968890
73.3,76.9,74.7,65.6,2026-06-26 03:00:00,2968890
72.8,77.9,74.1,65.4,2026-06-26 03:20:00,2968890
72.8,77.8,74.1,65.4,2026-06-26 03:40:00,2968890
72.4,78.5,73.6,65.4,2026-06-26 04:00:00,2968890
72.2,79.1,73.6,65.4,2026-06-26 04:20:00,2968890
71.7,80.0,72.9,65.2,2026-06-26 04:40:00,2968890
71.4,81.3,72.5,65.4,2026-06-26 05:00:00,2968890
70.7,82.7,72.1,65.2,2026-06-26 05:20:00,2968890
70.2,83.7,71.4,65.1,2026-06-26 05:40:00,2968890
69.8,85.2,70.9,65.1,2026-06-26 06:00:00,2968890
70.1,85.7,71.2,65.7,2026-06-26 06:20:00,2968890
69.8,86.2,70.9,65.5,2026-06-26 06:40:00,2968890
70.2,86.8,71.6,66.0,2026-06-26 07:00:00,2968890
71.3,86.2,72.7,66.9,2026-06-26 07:20:00,2968890
73.1,84.3,75.0,68.1,2026-06-26 07:40:00,2968890
75.4,80.2,77.4,68.9,2026-06-26 08:00:00,2968890
77.0,77.3,79.3,69.3,2026-06-26 08:20:00,2968890
78.2,75.5,81.1,69.9,2026-06-26 08:40:00,2968890
79.5,73.8,83.7,70.4,2026-06-26 09:00:00,2968890
80.5,70.8,84.6,70.2,2026-06-26 09:20:00,2968890
81.4,68.4,85.6,69.9,2026-06-26 09:40:00,2968890
82.4,67.6,87.4,70.6,2026-06-26 10:00:00,2968890
83.9,63.2,89.2,70.0,2026-06-26 10:20:00,2968890
84.7,62.0,90.3,70.2,2026-06-26 10:40:00,2968890
85.3,56.4,90.0,68.0,2026-06-26 11:00:00,2968890
84.5,56.4,88.2,67.3,2026-06-26 11:20:00,2968890
85.6,56.1,90.3,68.2,2026-06-26 11:40:00,2968890
85.5,55.9,90.1,67.9,2026-06-26 12:00:00,2968890
85.9,55.6,90.9,68.2,2026-06-26 12:20:00,2968890
86.6,54.4,91.8,68.2,2026-06-26 12:40:00,2968890
88.4,52.5,94.5,68.8,2026-06-26 13:00:00,2968890
88.2,51.6,93.7,68.1,2026-06-26 13:20:00,2968890
89.4,52.4,96.4,69.7,2026-06-26 13:40:00,2968890
89.8,51.2,97.0,69.3,2026-06-26 14:00:00,2968890
91.0,48.0,97.9,68.6,2026-06-26 14:20:00,2968890
89.7,50.4,96.3,68.8,2026-06-26 14:40:00,2968890
89.8,51.5,97.2,69.6,2026-06-26 15:00:00,2968890
89.6,50.3,96.3,68.7,2026-06-26 15:20:00,2968890
87.5,56.0,94.1,69.9,2026-06-26 15:40:00,2968890
86.0,56.6,91.0,68.8,2026-06-26 16:00:00,2968890
84.3,68.1,91.6,72.6,2026-06-26 16:20:00,2968890
83.0,68.9,88.9,71.8,2026-06-26 16:40:00,2968890
83.2,69.6,89.6,72.2,2026-06-26 17:00:00,2968890
82.5,70.8,88.2,72.0,2026-06-26 17:20:00,2968890
83.4,68.2,89.6,71.9,2026-06-26 17:40:00,2968890
83.5,66.8,89.6,71.3,2026-06-26 18:00:00,2968890
83.7,66.7,90.0,71.4,2026-06-26 18:20:00,2968890
82.7,68.9,88.2,71.5,2026-06-26 18:40:00,2968890
81.9,70.8,87.1,71.5,2026-06-26 19:00:00,2968890
81.3,70.5,85.8,70.8,2026-06-26 19:20:00,2968890
80.9,69.7,85.1,70.1,2026-06-26 19:40:00,2968890
80.4,69.9,84.0,69.6,2026-06-26 20:00:00,2968890
79.5,72.1,82.9,69.7,2026-06-26 20:20:00,2968890
78.2,75.1,81.1,69.7,2026-06-26 20:40:00,2968890
77.7,76.7,80.4,69.8,2026-06-26 21:00:00,2968890
77.4,79.0,80.4,70.3,2026-06-26 21:20:00,2968890
76.9,80.4,79.5,70.4,2026-06-26 21:40:00,2968890
76.9,81.7,79.7,70.8,2026-06-26 22:00:00,2968890
76.8,82.9,79.5,71.2,2026-06-26 22:20:00,2968890
76.7,84.2,79.7,71.6,2026-06-26 22:40:00,2968890
76.3,85.8,79.2,71.7,2026-06-26 23:00:00,2968890
76.3,86.7,79.3,72.1,2026-06-26 23:20:00,2968890
76.1,87.2,79.2,72.0,2026-06-26 23:40:00,2968890
76.1,86.4,79.2,71.8,2026-06-27 00:00:00,2968890
75.8,86.8,78.6,71.6,2026-06-27 00:20:00,2968890
75.5,87.4,78.4,71.5,2026-06-27 00:40:00,2968890
75.3,88.0,78.1,71.5,2026-06-27 01:00:00,2968890
74.9,88.5,77.7,71.2,2026-06-27 01:20:00,2968890
74.7,88.8,77.5,71.1,2026-06-27 01:40:00,2968890
74.6,88.7,77.2,71.0,2026-06-27 02:00:00,2968890
74.4,89.0,77.0,70.9,2026-06-27 02:20:00,2968890
74.5,89.5,77.4,71.2,2026-06-27 02:40:00,2968890
74.4,89.9,77.0,71.2,2026-06-27 03:00:00,2968890
74.2,90.1,77.0,71.2,2026-06-27 03:20:00,2968890
73.9,90.6,76.5,71.0,2026-06-27 03:40:00,2968890
73.8,91.2,76.5,71.1,2026-06-27 04:00:00,2968890
73.8,91.7,76.6,71.2,2026-06-27 04:20:00,2968890
73.8,92.1,76.6,71.3,2026-06-27 04:40:00,2968890
73.6,92.2,76.5,71.2,2026-06-27 05:00:00,2968890
73.5,92.4,76.1,71.2,2026-06-27 05:20:00,2968890
73.4,92.6,75.9,71.1,2026-06-27 05:40:00,2968890
73.5,92.5,76.1,71.1,2026-06-27 06:00:00,2968890
73.4,92.6,75.9,71.1,2026-06-27 06:20:00,2968890
73.5,92.6,76.3,71.2,2026-06-27 06:40:00,2968890
74.2,92.2,77.2,71.7,2026-06-27 07:00:00,2968890
75.3,90.6,78.4,72.3,2026-06-27 07:20:00,2968890
75.9,89.3,79.2,72.6,2026-06-27 07:40:00,2968890
76.4,87.9,79.5,72.6,2026-06-27 08:00:00,2968890
77.4,86.5,81.7,73.1,2026-06-27 08:20:00,2968890
78.7,84.1,83.8,73.5,2026-06-27 08:40:00,2968890
80.5,82.0,87.3,74.5,2026-06-27 09:00:00,2968890
81.1,78.9,87.6,73.9,2026-06-27 09:20:00,2968890
82.2,77.4,89.8,74.5,2026-06-27 09:40:00,2968890
83.6,75.0,92.3,74.8,2026-06-27 10:00:00,2968890
85.3,72.5,95.9,75.5,2026-06-27 10:20:00,2968890
85.9,69.9,96.3,74.9,2026-06-27 10:40:00,2968890
87.1,65.7,97.3,74.2,2026-06-27 11:00:00,2968890
86.3,64.5,94.8,72.9,2026-06-27 11:20:00,2968890
87.4,64.5,97.3,73.9,2026-06-27 11:40:00,2968890
89.2,61.0,99.9,73.9,2026-06-27 12:00:00,2968890
89.7,60.3,100.9,74.1,2026-06-27 12:20:00,2968890
89.2,60.7,99.7,73.8,2026-06-27 12:40:00,2968890
90.9,57.7,102.7,73.9,2026-06-27 13:00:00,2968890
91.6,56.0,103.6,73.7,2026-06-27 13:20:00,2968890
90.2,56.9,100.6,72.8,2026-06-27 13:40:00,2968890
91.2,56.1,102.4,73.3,2026-06-27 14:00:00,2968890
82.2,72.9,88.0,72.6,2026-06-27 14:20:00,2968890
80.1,84.5,87.1,74.9,2026-06-27 14:40:00,2968890
84.3,80.7,96.3,77.7,2026-06-27 15:00:00,2968890
85.9,74.8,98.1,76.9,2026-06-27 15:20:00,2968890
83.5,63.6,88.7,69.9,2026-06-27 15:40:00,2968890
79.3,72.9,82.8,69.8,2026-06-27 16:00:00,2968890
80.8,79.5,87.4,73.9,2026-06-27 16:20:00,2968890
80.9,77.7,86.9,73.3,2026-06-27 16:40:00,2968890
81.2,77.3,87.4,73.5,2026-06-27 17:00:00,2968890
83.0,73.7,90.5,73.8,2026-06-27 17:20:00,2968890
85.0,67.3,93.0,73.0,2026-06-27 17:40:00,2968890
85.2,66.1,93.0,72.6,2026-06-27 18:00:00,2968890
84.1,68.5,91.4,72.6,2026-06-27 18:20:00,2968890
83.4,71.2,90.5,73.1,2026-06-27 18:40:00,2968890
83.3,73.7,91.4,74.0,2026-06-27 19:00:00,2968890
83.0,76.2,91.2,74.8,2026-06-27 19:20:00,2968890
82.8,77.2,91.0,74.9,2026-06-27 19:40:00,2968890
82.6,77.9,90.1,74.9,2026-06-27 20:00:00,2968890
82.3,78.5,90.0,74.9,2026-06-27 20:20:00,2968890
81.8,79.9,89.2,75.0,2026-06-27 20:40:00,2968890
81.4,81.9,89.1,75.3,2026-06-27 21:00:00,2968890
80.9,83.4,88.5,75.4,2026-06-27 21:20:00,2968890
80.7,80.1,87.1,74.0,2026-06-27 21:40:00,2968890
80.4,74.4,85.1,71.5,2026-06-27 22:00:00,2968890
79.7,74.3,83.7,70.8,2026-06-27 22:20:00,2968890
78.9,75.8,82.6,70.6,2026-06-27 22:40:00,2968890
78.4,77.7,81.9,70.8,2026-06-27 23:00:00,2968890
77.8,78.3,81.0,70.5,2026-06-27 23:20:00,2968890
77.3,79.1,80.1,70.3,2026-06-27 23:40:00,2968890
76.9,80.1,79.5,70.3,2026-06-28 00:00:00,2968890
76.5,80.8,79.0,70.1,2026-06-28 00:20:00,2968890
75.9,81.4,78.3,69.8,2026-06-28 00:40:00,2968890
75.5,82.3,77.7,69.7,2026-06-28 01:00:00,2968890
75.3,83.0,77.5,69.7,2026-06-28 01:20:00,2968890
75.1,83.7,77.5,69.8,2026-06-28 01:40:00,2968890
75.0,84.2,77.2,69.9,2026-06-28 02:00:00,2968890
74.4,84.5,76.6,69.4,2026-06-28 02:20:00,2968890
73.9,85.7,75.9,69.4,2026-06-28 02:40:00,2968890
73.7,86.3,75.9,69.4,2026-06-28 03:00:00,2968890
73.5,86.9,75.7,69.4,2026-06-28 03:20:00,2968890
73.2,87.3,75.6,69.2,2026-06-28 03:40:00,2968890
72.9,87.9,75.0,69.1,2026-06-28 04:00:00,2968890
72.7,88.5,74.8,69.1,2026-06-28 04:20:00,2968890
72.2,89.1,74.1,68.9,2026-06-28 04:40:00,2968890
71.8,90.1,73.9,68.8,2026-06-28 05:00:00,2968890
72.1,90.3,74.3,69.1,2026-06-28 05:20:00,2968890
72.5,89.4,74.5,69.2,2026-06-28 05:40:00,2968890
72.3,89.2,74.5,69.0,2026-06-28 06:00:00,2968890
72.1,89.8,74.1,69.0,2026-06-28 06:20:00,2968890
72.3,89.6,74.1,69.1,2026-06-28 06:40:00,2968890
73.0,88.8,75.2,69.4,2026-06-28 07:00:00,2968890
74.3,86.7,76.8,70.1,2026-06-28 07:20:00,2968890
75.5,84.0,77.9,70.3,2026-06-28 07:40:00,2968890
76.7,82.9,79.5,71.1,2026-06-28 08:00:00,2968890
78.9,79.1,83.3,71.9,2026-06-28 08:20:00,2968890
78.5,78.9,82.6,71.4,2026-06-28 08:40:00,2968890
78.5,79.2,82.8,71.5,2026-06-28 09:00:00,2968890
79.0,79.3,83.8,72.1,2026-06-28 09:20:00,2968890
79.0,79.3,83.8,72.1,2026-06-28 09:40:00,2968890
80.0,78.2,85.3,72.5,2026-06-28 10:00:00,2968890
80.8,76.4,86.5,72.7,2026-06-28 10:20:00,2968890
82.1,74.9,88.5,73.3,2026-06-28 10:40:00,2968890
82.9,72.3,89.6,73.1,2026-06-28 11:00:00,2968890
83.8,72.9,91.9,74.2,2026-06-28 11:20:00,2968890
85.8,69.0,95.9,74.5,2026-06-28 11:40:00,2968890
87.3,67.0,98.2,75.0,2026-06-28 12:00:00,2968890
86.2,65.4,95.2,73.2,2026-06-28 12:20:00,2968890
87.9,63.9,98.1,74.1,2026-06-28 12:40:00,2968890
87.7,61.9,96.8,73.0,2026-06-28 13:00:00,2968890
87.1,64.3,96.8,73.6,2026-06-28 13:20:00,2968890
88.4,61.4,98.2,73.5,2026-06-28 13:40:00,2968890
90.0,58.8,101.1,73.7,2026-06-28 14:00:00,2968890
90.6,57.0,101.7,73.3,2026-06-28 14:20:00,2968890
92.6,53.6,104.4,73.3,2026-06-28 14:40:00,2968890
90.9,55.0,101.5,72.5,2026-06-28 15:00:00,2968890
90.6,57.1,101.7,73.3,2026-06-28 15:20:00,2968890
92.4,55.6,105.3,74.2,2026-06-28 15:40:00,2968890
90.6,56.7,101.3,73.1,2026-06-28 16:00:00,2968890
91.3,55.5,102.6,73.2,2026-06-28 16:20:00,2968890
90.0,56.7,100.0,72.5,2026-06-28 16:40:00,2968890
89.8,61.4,101.5,74.7,2026-06-28 17:00:00,2968890
85.8,70.4,96.4,75.1,2026-06-28 17:20:00,2968890
84.3,69.0,92.1,73.0,2026-06-28 17:40:00,2968890
78.5,84.5,83.5,73.5,2026-06-28 18:00:00,2968890
77.5,89.7,82.0,74.2,2026-06-28 18:20:00,2968890
76.5,90.7,80.2,73.6,2026-06-28 18:40:00,2968890
74.9,91.4,78.1,72.2,2026-06-28 19:00:00,2968890
74.2,93.2,77.2,72.1,2026-06-28 19:20:00,2968890
74.5,94.6,77.9,72.8,2026-06-28 19:40:00,2968890
74.4,94.8,77.7,72.8,2026-06-28 20:00:00,2968890
74.9,95.6,78.6,73.5,2026-06-28 20:20:00,2968890
74.9,95.7,78.6,73.5,2026-06-28 20:40:00,2968890
74.8,95.7,78.3,73.5,2026-06-28 21:00:00,2968890
74.9,95.8,78.6,73.6,2026-06-28 21:20:00,2968890
75.0,96.1,78.6,73.8,2026-06-28 21:40:00,2968890
75.0,96.1,78.6,73.8,2026-06-28 22:00:00,2968890
75.1,96.2,78.8,73.9,2026-06-28 22:20:00,2968890
74.9,96.1,78.6,73.7,2026-06-28 22:40:00,2968890
74.7,96.0,78.3,73.5,2026-06-28 23:00:00,2968890
74.2,95.8,77.5,73.0,2026-06-28 23:20:00,2968890
74.0,96.0,77.2,72.8,2026-06-28 23:40:00,2968890
73.8,96.2,77.0,72.6,2026-06-29 00:00:00,2968890
73.7,96.4,76.8,72.6,2026-06-29 00:20:00,2968890
73.5,96.5,76.6,72.4,2026-06-29 00:40:00,2968890
73.7,96.7,76.8,72.7,2026-06-29 01:00:00,2968890
73.9,96.7,77.0,73.0,2026-06-29 01:20:00,2968890
73.8,96.5,77.0,72.7,2026-06-29 01:40:00,2968890
73.5,96.4,76.6,72.4,2026-06-29 02:00:00,2968890
73.4,96.4,76.3,72.3,2026-06-29 02:20:00,2968890
73.1,96.4,76.1,72.1,2026-06-29 02:40:00,2968890
73.1,96.5,76.1,72.0,2026-06-29 03:00:00,2968890
73.0,96.6,75.7,71.9,2026-06-29 03:20:00,2968890
73.1,96.8,76.1,72.1,2026-06-29 03:40:00,2968890
73.2,96.9,76.1,72.2,2026-06-29 04:00:00,2968890
73.2,96.9,76.1,72.2,2026-06-29 04:20:00,2968890
73.1,96.8,76.1,72.2,2026-06-29 04:40:00,2968890
72.9,96.6,75.7,71.9,2026-06-29 05:00:00,2968890
72.8,96.4,75.6,71.7,2026-06-29 05:20:00,2968890
72.7,96.4,75.6,71.6,2026-06-29 05:40:00,2968890
72.6,96.2,75.2,71.5,2026-06-29 06:00:00,2968890
72.7,96.3,75.6,71.6,2026-06-29 06:20:00,2968890
72.7,96.1,75.4,71.5,2026-06-29 06:40:00,2968890
72.9,95.9,75.7,71.6,2026-06-29 07:00:00,2968890
73.0,95.6,75.7,71.6,2026-06-29 07:20:00,2968890
73.6,94.6,76.6,72.0,2026-06-29 07:40:00,2968890
73.7,93.3,76.5,71.7,2026-06-29 08:00:00,2968890
