Temperature,Relative.Humidity,Heat_Index,Dew_Point,datetime,sensor_id
91.0,29.9,90.1,55.2,2026-06-05 11:40:00,2974345
90.4,28.5,89.1,53.4,2026-06-05 12:00:00,2974345
91.0,30.5,90.3,55.7,2026-06-05 12:20:00,2974345
91.6,29.6,91.0,55.4,2026-06-05 12:40:00,2974345
91.6,28.8,90.9,54.7,2026-06-05 13:00:00,2974345
91.5,27.9,90.3,53.8,2026-06-05 13:20:00,2974345
92.3,27.3,91.4,53.8,2026-06-05 13:40:00,2974345
93.3,28.1,92.8,55.5,2026-06-05 14:00:00,2974345
93.5,26.8,92.7,54.3,2026-06-05 14:20:00,2974345
94.3,27.1,93.9,55.3,2026-06-05 14:40:00,2974345
96.5,25.3,96.6,55.2,2026-06-05 15:00:00,2974345
96.4,24.8,96.1,54.6,2026-06-05 15:20:00,2974345
94.3,23.5,92.3,51.4,2026-06-05 15:40:00,2974345
95.5,24.8,94.8,53.9,2026-06-05 16:00:00,2974345
98.8,25.1,100.0,57.0,2026-06-05 16:20:00,2974345
98.8,24.8,99.5,56.6,2026-06-05 16:40:00,2974345
100.0,24.2,101.1,57.0,2026-06-05 17:00:00,2974345
97.2,26.1,98.1,56.8,2026-06-05 17:20:00,2974345
97.2,25.6,97.7,56.1,2026-06-05 17:40:00,2974345
98.3,26.1,99.7,57.6,2026-06-05 18:00:00,2974345
96.4,26.2,96.8,56.1,2026-06-05 18:20:00,2974345
94.6,27.0,94.5,55.5,2026-06-05 18:40:00,2974345
93.9,27.3,93.6,55.2,2026-06-05 19:00:00,2974345
91.4,29.0,90.5,54.6,2026-06-05 19:20:00,2974345
88.6,31.7,87.3,54.7,2026-06-05 19:40:00,2974345
87.3,33.1,86.0,54.8,2026-06-05 20:00:00,2974345
85.3,35.7,84.0,55.1,2026-06-05 20:20:00,2974345
84.6,36.6,83.3,55.2,2026-06-05 20:40:00,2974345
80.5,42.7,79.2,55.8,2026-06-05 21:00:00,2974345
77.3,49.7,76.1,57.1,2026-06-05 21:20:00,2974345
75.5,52.4,74.5,56.9,2026-06-05 21:40:00,2974345
74.1,54.9,73.2,56.8,2026-06-05 22:00:00,2974345
73.3,55.6,72.9,56.4,2026-06-05 22:20:00,2974345
73.3,56.7,72.9,57.0,2026-06-05 22:40:00,2974345
73.7,55.9,73.2,57.0,2026-06-05 23:00:00,2974345
72.0,61.0,72.0,57.9,2026-06-05 23:20:00,2974345
71.2,61.1,71.1,57.1,2026-06-05 23:40:00,2974345
70.3,63.3,70.2,57.3,2026-06-06 00:00:00,2974345
69.4,64.3,69.1,56.8,2026-06-06 00:20:00,2974345
68.7,66.8,68.2,57.2,2026-06-06 00:40:00,2974345
67.7,68.8,67.1,57.2,2026-06-06 01:00:00,2974345
67.0,71.1,66.2,57.3,2026-06-06 01:20:00,2974345
66.3,72.7,65.5,57.3,2026-06-06 01:40:00,2974345
65.6,74.8,64.6,57.4,2026-06-06 02:00:00,2974345
65.2,75.9,64.4,57.4,2026-06-06 02:20:00,2974345
65.3,77.0,64.8,57.9,2026-06-06 02:40:00,2974345
65.1,77.3,64.4,57.8,2026-06-06 03:00:00,2974345
64.9,77.6,64.2,57.7,2026-06-06 03:20:00,2974345
64.1,79.3,63.7,57.6,2026-06-06 03:40:00,2974345
63.4,80.9,63.1,57.4,2026-06-06 04:00:00,2974345
62.9,82.6,62.8,57.5,2026-06-06 04:20:00,2974345
62.0,84.2,61.9,57.2,2026-06-06 04:40:00,2974345
61.4,85.6,61.3,57.0,2026-06-06 05:00:00,2974345
60.9,86.7,61.0,56.9,2026-06-06 05:20:00,2974345
60.9,88.0,61.0,57.3,2026-06-06 05:40:00,2974345
60.6,88.2,61.0,57.1,2026-06-06 06:00:00,2974345
60.9,88.6,61.2,57.5,2026-06-06 06:20:00,2974345
61.4,88.5,61.7,58.0,2026-06-06 06:40:00,2974345
63.2,87.9,63.3,59.6,2026-06-06 07:00:00,2974345
66.8,85.1,67.3,62.2,2026-06-06 07:20:00,2974345
72.6,73.5,73.6,63.6,2026-06-06 07:40:00,2974345
77.1,60.2,77.2,62.2,2026-06-06 08:00:00,2974345
79.2,55.4,79.7,61.8,2026-06-06 08:20:00,2974345
81.1,53.1,81.7,62.4,2026-06-06 08:40:00,2974345
81.8,50.7,82.2,61.7,2026-06-06 09:00:00,2974345
83.1,48.8,84.0,61.9,2026-06-06 09:20:00,2974345
85.0,46.7,86.4,62.3,2026-06-06 09:40:00,2974345
83.7,46.6,84.4,61.1,2026-06-06 10:00:00,2974345
86.3,44.8,87.8,62.3,2026-06-06 10:20:00,2974345
86.1,44.3,87.4,61.8,2026-06-06 10:40:00,2974345
86.6,42.6,87.8,61.2,2026-06-06 11:00:00,2974345
88.2,41.1,89.8,61.6,2026-06-06 11:20:00,2974345
88.8,41.1,90.9,62.1,2026-06-06 11:40:00,2974345
91.9,38.7,95.4,63.2,2026-06-06 12:00:00,2974345
90.1,36.7,91.4,60.1,2026-06-06 12:20:00,2974345
91.1,35.6,92.7,60.1,2026-06-06 12:40:00,2974345
92.4,35.5,94.8,61.1,2026-06-06 13:00:00,2974345
91.5,35.7,93.2,60.5,2026-06-06 13:20:00,2974345
91.0,34.1,91.9,58.9,2026-06-06 13:40:00,2974345
91.5,36.0,93.4,60.9,2026-06-06 14:00:00,2974345
92.5,34.9,94.6,60.8,2026-06-06 14:20:00,2974345
91.8,36.5,94.3,61.4,2026-06-06 14:40:00,2974345
92.8,36.9,95.9,62.6,2026-06-06 15:00:00,2974345
93.9,36.0,97.3,62.8,2026-06-06 15:20:00,2974345
90.7,36.5,92.5,60.5,2026-06-06 15:40:00,2974345
93.0,36.3,96.3,62.3,2026-06-06 16:00:00,2974345
98.0,33.7,103.5,64.6,2026-06-06 16:20:00,2974345
96.5,33.1,100.6,62.8,2026-06-06 16:40:00,2974345
96.5,32.1,99.9,62.0,2026-06-06 17:00:00,2974345
94.1,32.2,95.9,59.9,2026-06-06 17:20:00,2974345
94.4,32.4,96.4,60.4,2026-06-06 17:40:00,2974345
95.2,31.1,97.0,59.9,2026-06-06 18:00:00,2974345
97.0,31.2,100.0,61.5,2026-06-06 18:20:00,2974345
94.6,31.9,96.4,60.2,2026-06-06 18:40:00,2974345
94.1,32.7,96.3,60.4,2026-06-06 19:00:00,2974345
90.6,35.5,91.8,59.5,2026-06-06 19:20:00,2974345
88.6,38.4,89.6,60.0,2026-06-06 19:40:00,2974345
87.6,39.8,88.5,60.2,2026-06-06 20:00:00,2974345
86.5,40.5,86.9,59.6,2026-06-06 20:20:00,2974345
85.2,41.7,85.5,59.3,2026-06-06 20:40:00,2974345
81.9,46.7,81.7,59.6,2026-06-06 21:00:00,2974345
79.7,51.5,79.3,60.2,2026-06-06 21:20:00,2974345
77.6,56.0,77.4,60.7,2026-06-06 21:40:00,2974345
76.6,57.7,76.3,60.6,2026-06-06 22:00:00,2974345
77.2,57.6,76.8,61.0,2026-06-06 22:20:00,2974345
77.2,56.7,77.0,60.7,2026-06-06 22:40:00,2974345
75.9,59.3,75.6,60.7,2026-06-06 23:00:00,2974345
75.0,62.5,75.0,61.4,2026-06-06 23:20:00,2974345
75.5,61.7,75.6,61.5,2026-06-06 23:40:00,2974345
74.0,64.6,74.3,61.4,2026-06-07 00:00:00,2974345
73.0,67.5,73.4,61.6,2026-06-07 00:20:00,2974345
71.0,71.6,71.6,61.4,2026-06-07 00:40:00,2974345
70.2,73.2,70.7,61.2,2026-06-07 01:00:00,2974345
68.9,75.7,69.3,60.9,2026-06-07 01:20:00,2974345
68.5,76.6,68.5,60.9,2026-06-07 01:40:00,2974345
68.1,78.3,68.2,61.1,2026-06-07 02:00:00,2974345
67.8,79.6,68.2,61.3,2026-06-07 02:20:00,2974345
67.1,80.5,67.3,60.9,2026-06-07 02:40:00,2974345
67.0,81.7,67.1,61.2,2026-06-07 03:00:00,2974345
66.7,82.2,66.7,61.1,2026-06-07 03:20:00,2974345
66.1,83.7,66.2,61.1,2026-06-07 03:40:00,2974345
66.5,83.5,66.7,61.4,2026-06-07 04:00:00,2974345
65.9,84.7,66.2,61.1,2026-06-07 04:20:00,2974345
66.4,84.2,66.7,61.5,2026-06-07 04:40:00,2974345
67.1,83.8,67.6,62.1,2026-06-07 05:00:00,2974345
66.8,82.5,67.1,61.3,2026-06-07 05:20:00,2974345
65.4,85.0,65.5,60.8,2026-06-07 05:40:00,2974345
65.3,86.2,65.5,61.1,2026-06-07 06:00:00,2974345
66.4,85.7,66.7,62.0,2026-06-07 06:20:00,2974345
67.2,84.8,67.6,62.4,2026-06-07 06:40:00,2974345
68.5,83.6,69.1,63.3,2026-06-07 07:00:00,2974345
72.0,77.1,73.2,64.4,2026-06-07 07:20:00,2974345
75.0,72.3,76.1,65.5,2026-06-07 07:40:00,2974345
78.2,65.6,79.5,65.7,2026-06-07 08:00:00,2974345
79.8,61.4,81.3,65.3,2026-06-07 08:20:00,2974345
80.2,59.6,81.7,64.8,2026-06-07 08:40:00,2974345
82.6,55.8,84.6,65.2,2026-06-07 09:00:00,2974345
83.8,54.9,86.5,65.8,2026-06-07 09:20:00,2974345
85.5,53.0,89.2,66.4,2026-06-07 09:40:00,2974345
86.6,50.5,90.3,66.0,2026-06-07 10:00:00,2974345
87.3,48.0,90.7,65.2,2026-06-07 10:20:00,2974345
88.8,47.2,93.0,66.0,2026-06-07 10:40:00,2974345
87.9,43.1,89.8,62.7,2026-06-07 11:00:00,2974345
90.4,42.5,94.3,64.5,2026-06-07 11:20:00,2974345
91.3,41.8,95.7,64.9,2026-06-07 11:40:00,2974345
90.8,40.6,94.1,63.6,2026-06-07 12:00:00,2974345
92.8,40.6,97.7,65.4,2026-06-07 12:20:00,2974345
91.0,38.4,93.6,62.1,2026-06-07 12:40:00,2974345
91.7,38.7,95.0,63.0,2026-06-07 13:00:00,2974345
94.0,36.8,97.9,63.6,2026-06-07 13:20:00,2974345
94.4,35.1,97.9,62.6,2026-06-07 13:40:00,2974345
95.9,32.8,99.5,62.0,2026-06-07 14:00:00,2974345
95.9,32.3,99.1,61.6,2026-06-07 14:20:00,2974345
97.0,33.1,101.1,63.2,2026-06-07 14:40:00,2974345
96.5,31.1,99.3,61.0,2026-06-07 15:00:00,2974345
98.9,30.9,103.1,62.9,2026-06-07 15:20:00,2974345
99.1,31.0,103.5,63.1,2026-06-07 15:40:00,2974345
100.0,30.9,104.9,63.8,2026-06-07 16:00:00,2974345
99.2,30.6,103.5,62.9,2026-06-07 16:20:00,2974345
99.8,30.8,104.4,63.6,2026-06-07 16:40:00,2974345
101.1,30.0,106.7,64.0,2026-06-07 17:00:00,2974345
98.4,32.4,103.1,63.8,2026-06-07 17:20:00,2974345
97.5,34.0,103.1,64.4,2026-06-07 17:40:00,2974345
96.4,34.9,101.3,64.1,2026-06-07 18:00:00,2974345
97.3,36.3,104.0,66.1,2026-06-07 18:20:00,2974345
96.7,35.2,102.2,64.7,2026-06-07 18:40:00,2974345
95.6,37.0,101.3,65.1,2026-06-07 19:00:00,2974345
92.5,37.7,96.1,63.0,2026-06-07 19:20:00,2974345
91.1,39.1,94.1,62.8,2026-06-07 19:40:00,2974345
90.2,40.1,93.0,62.7,2026-06-07 20:00:00,2974345
89.1,41.2,91.4,62.5,2026-06-07 20:20:00,2974345
88.4,42.0,90.3,62.4,2026-06-07 20:40:00,2974345
87.6,43.4,89.6,62.6,2026-06-07 21:00:00,2974345
86.6,45.2,88.5,62.9,2026-06-07 21:20:00,2974345
85.2,47.9,87.1,63.2,2026-06-07 21:40:00,2974345
84.8,49.1,86.9,63.6,2026-06-07 22:00:00,2974345
84.6,49.5,86.5,63.6,2026-06-07 22:20:00,2974345
83.9,50.6,85.6,63.6,2026-06-07 22:40:00,2974345
83.2,51.9,84.7,63.7,2026-06-07 23:00:00,2974345
82.4,53.5,83.8,63.8,2026-06-07 23:20:00,2974345
81.2,55.5,82.4,63.7,2026-06-07 23:40:00,2974345
81.2,56.5,82.6,64.3,2026-06-08 00:00:00,2974345
80.7,57.6,82.0,64.4,2026-06-08 00:20:00,2974345
80.0,58.7,81.1,64.2,2026-06-08 00:40:00,2974345
78.6,61.4,79.5,64.2,2026-06-08 01:00:00,2974345
78.0,63.1,79.0,64.5,2026-06-08 01:20:00,2974345
78.4,63.0,79.5,64.8,2026-06-08 01:40:00,2974345
77.6,64.4,78.4,64.7,2026-06-08 02:00:00,2974345
78.0,64.3,79.2,65.0,2026-06-08 02:20:00,2974345
77.1,65.7,77.7,64.7,2026-06-08 02:40:00,2974345
74.9,70.2,75.7,64.5,2026-06-08 03:00:00,2974345
73.3,74.1,74.3,64.6,2026-06-08 03:20:00,2974345
72.4,76.5,73.6,64.6,2026-06-08 03:40:00,2974345
72.8,76.7,73.9,65.0,2026-06-08 04:00:00,2974345
71.9,78.5,73.0,64.8,2026-06-08 04:20:00,2974345
71.7,79.6,72.9,65.1,2026-06-08 04:40:00,2974345
71.3,80.6,72.5,65.0,2026-06-08 05:00:00,2974345
71.2,80.7,72.3,65.0,2026-06-08 05:20:00,2974345
70.6,82.5,71.8,65.0,2026-06-08 05:40:00,2974345
70.1,83.8,71.2,65.0,2026-06-08 06:00:00,2974345
70.1,84.3,71.2,65.2,2026-06-08 06:20:00,2974345
71.0,83.9,72.3,65.9,2026-06-08 06:40:00,2974345
72.5,82.8,74.3,67.0,2026-06-08 07:00:00,2974345
74.7,80.1,76.6,68.1,2026-06-08 07:20:00,2974345
80.1,70.1,83.8,69.5,2026-06-08 07:40:00,2974345
84.4,61.4,89.8,69.7,2026-06-08 08:00:00,2974345
86.4,56.4,92.1,69.1,2026-06-08 08:20:00,2974345
85.5,56.2,90.3,68.1,2026-06-08 08:40:00,2974345
86.2,55.3,91.4,68.3,2026-06-08 09:00:00,2974345
88.4,53.0,94.6,69.1,2026-06-08 09:20:00,2974345
88.7,50.3,94.3,67.8,2026-06-08 09:40:00,2974345
88.7,50.0,94.1,67.6,2026-06-08 10:00:00,2974345
89.8,49.1,96.1,68.1,2026-06-08 10:20:00,2974345
91.9,47.0,99.1,68.8,2026-06-08 10:40:00,2974345
92.9,46.5,100.9,69.3,2026-06-08 11:00:00,2974345
92.9,45.3,100.2,68.6,2026-06-08 11:20:00,2974345
93.0,43.6,99.7,67.6,2026-06-08 11:40:00,2974345
94.8,42.5,102.7,68.5,2026-06-08 12:00:00,2974345
94.4,41.0,100.9,67.0,2026-06-08 12:20:00,2974345
96.7,40.0,105.1,68.4,2026-06-08 12:40:00,2974345
92.0,41.4,96.6,65.2,2026-06-08 13:00:00,2974345
95.6,39.2,102.6,66.8,2026-06-08 13:20:00,2974345
93.7,38.4,98.2,64.6,2026-06-08 13:40:00,2974345
93.7,40.4,99.5,66.0,2026-06-08 14:00:00,2974345
95.5,39.4,102.4,66.8,2026-06-08 14:20:00,2974345
95.3,39.2,101.8,66.5,2026-06-08 14:40:00,2974345
94.4,40.1,100.6,66.4,2026-06-08 15:00:00,2974345
94.8,40.8,101.7,67.3,2026-06-08 15:20:00,2974345
95.8,39.7,103.3,67.4,2026-06-08 15:40:00,2974345
94.3,40.2,100.2,66.4,2026-06-08 16:00:00,2974345
94.7,38.1,100.0,65.2,2026-06-08 16:20:00,2974345
95.4,38.3,101.7,66.0,2026-06-08 16:40:00,2974345
93.9,37.5,98.2,64.1,2026-06-08 17:00:00,2974345
94.8,36.7,99.3,64.2,2026-06-08 17:20:00,2974345
94.8,35.7,99.1,63.5,2026-06-08 17:40:00,2974345
92.0,38.0,95.2,62.8,2026-06-08 18:00:00,2974345
91.2,38.9,94.1,62.7,2026-06-08 18:20:00,2974345
90.1,40.0,92.7,62.5,2026-06-08 18:40:00,2974345
91.0,39.6,94.1,63.1,2026-06-08 19:00:00,2974345
88.8,41.9,91.0,62.7,2026-06-08 19:20:00,2974345
87.7,44.9,90.0,63.6,2026-06-08 19:40:00,2974345
86.1,47.4,88.3,63.7,2026-06-08 20:00:00,2974345
84.8,49.4,86.9,63.7,2026-06-08 20:20:00,2974345
83.4,51.7,85.1,63.8,2026-06-08 20:40:00,2974345
82.5,53.5,83.8,63.9,2026-06-08 21:00:00,2974345
81.5,55.0,82.4,63.7,2026-06-08 21:20:00,2974345
80.4,56.6,81.3,63.6,2026-06-08 21:40:00,2974345
79.0,58.8,79.9,63.3,2026-06-08 22:00:00,2974345
78.0,60.4,78.6,63.2,2026-06-08 22:20:00,2974345
76.1,63.3,76.5,62.7,2026-06-08 22:40:00,2974345
75.1,65.2,75.4,62.6,2026-06-08 23:00:00,2974345
73.9,64.9,74.1,61.4,2026-06-08 23:20:00,2974345
72.9,66.9,73.4,61.2,2026-06-08 23:40:00,2974345
72.1,67.5,72.7,60.8,2026-06-09 00:00:00,2974345
71.4,69.6,72.0,60.9,2026-06-09 00:20:00,2974345
71.0,69.9,71.6,60.6,2026-06-09 00:40:00,2974345
70.5,70.7,70.9,60.5,2026-06-09 01:00:00,2974345
69.8,71.8,70.0,60.3,2026-06-09 01:20:00,2974345
68.7,67.8,68.2,57.6,2026-06-09 01:40:00,2974345
68.3,68.2,67.8,57.3,2026-06-09 02:00:00,2974345
67.9,68.6,67.3,57.2,2026-06-09 02:20:00,2974345
67.4,69.6,66.7,57.1,2026-06-09 02:40:00,2974345
67.3,71.2,66.7,57.7,2026-06-09 03:00:00,2974345
67.2,72.6,66.7,58.1,2026-06-09 03:20:00,2974345
66.9,73.3,66.4,58.1,2026-06-09 03:40:00,2974345
67.0,73.9,66.6,58.4,2026-06-09 04:00:00,2974345
67.0,74.4,66.6,58.5,2026-06-09 04:20:00,2974345
66.9,74.4,66.6,58.5,2026-06-09 04:40:00,2974345
66.8,74.3,66.4,58.4,2026-06-09 05:00:00,2974345
66.1,72.5,65.3,57.0,2026-06-09 05:20:00,2974345
65.9,72.4,64.9,56.8,2026-06-09 05:40:00,2974345
65.8,70.8,64.6,56.0,2026-06-09 06:00:00,2974345
65.8,70.8,64.6,56.1,2026-06-09 06:20:00,2974345
66.2,70.2,65.1,56.2,2026-06-09 06:40:00,2974345
67.2,68.6,66.4,56.5,2026-06-09 07:00:00,2974345
68.4,67.0,68.0,57.0,2026-06-09 07:20:00,2974345
69.5,63.5,69.3,56.6,2026-06-09 07:40:00,2974345
72.6,60.5,72.5,58.1,2026-06-09 08:00:00,2974345
73.1,60.3,73.0,58.5,2026-06-09 08:20:00,2974345
74.3,57.7,73.9,58.4,2026-06-09 08:40:00,2974345
73.7,59.9,73.4,58.8,2026-06-09 09:00:00,2974345
73.2,60.2,73.0,58.6,2026-06-09 09:20:00,2974345
75.8,58.3,75.4,60.1,2026-06-09 09:40:00,2974345
76.7,57.5,76.3,60.6,2026-06-09 10:00:00,2974345
76.5,57.8,76.1,60.5,2026-06-09 10:20:00,2974345
78.7,56.1,79.0,61.7,2026-06-09 10:40:00,2974345
80.7,52.1,81.0,61.6,2026-06-09 11:00:00,2974345
81.9,49.8,82.2,61.3,2026-06-09 11:20:00,2974345
82.9,51.4,84.0,63.1,2026-06-09 11:40:00,2974345
82.6,50.6,83.1,62.4,2026-06-09 12:00:00,2974345
82.0,51.2,82.6,62.2,2026-06-09 12:20:00,2974345
84.7,51.0,87.1,64.6,2026-06-09 12:40:00,2974345
85.2,51.5,88.2,65.4,2026-06-09 13:00:00,2974345
87.0,53.9,92.1,68.2,2026-06-09 13:20:00,2974345
85.8,53.9,90.0,67.2,2026-06-09 13:40:00,2974345
86.1,53.9,90.5,67.4,2026-06-09 14:00:00,2974345
87.0,54.0,92.1,68.3,2026-06-09 14:20:00,2974345
88.5,52.4,94.5,68.8,2026-06-09 14:40:00,2974345
87.3,52.7,92.3,67.9,2026-06-09 15:00:00,2974345
88.8,50.6,94.5,68.1,2026-06-09 15:20:00,2974345
91.3,50.7,99.9,70.4,2026-06-09 15:40:00,2974345
91.2,49.4,99.0,69.6,2026-06-09 16:00:00,2974345
91.1,49.8,99.1,69.8,2026-06-09 16:20:00,2974345
88.3,52.0,93.9,68.4,2026-06-09 16:40:00,2974345
89.5,51.8,96.4,69.4,2026-06-09 17:00:00,2974345
88.8,52.1,95.2,69.0,2026-06-09 17:20:00,2974345
89.0,51.2,95.0,68.6,2026-06-09 17:40:00,2974345
88.0,52.6,93.7,68.5,2026-06-09 18:00:00,2974345
86.9,53.9,91.9,68.1,2026-06-09 18:20:00,2974345
87.2,54.3,92.7,68.7,2026-06-09 18:40:00,2974345
85.8,55.9,90.9,68.3,2026-06-09 19:00:00,2974345
86.0,57.0,91.2,69.0,2026-06-09 19:20:00,2974345
85.6,58.1,90.9,69.2,2026-06-09 19:40:00,2974345
84.9,59.0,89.8,69.0,2026-06-09 20:00:00,2974345
83.8,60.6,88.0,68.8,2026-06-09 20:20:00,2974345
83.0,62.1,86.9,68.6,2026-06-09 20:40:00,2974345
82.2,63.4,85.5,68.5,2026-06-09 21:00:00,2974345
81.2,65.5,84.7,68.5,2026-06-09 21:20:00,2974345
79.4,69.6,82.6,68.6,2026-06-09 21:40:00,2974345
78.5,71.6,81.1,68.5,2026-06-09 22:00:00,2974345
77.7,73.4,80.1,68.6,2026-06-09 22:20:00,2974345
78.1,74.0,81.0,69.1,2026-06-09 22:40:00,2974345
79.2,72.0,82.6,69.4,2026-06-09 23:00:00,2974345
79.6,71.5,83.1,69.6,2026-06-09 23:20:00,2974345
79.6,73.5,83.5,70.4,2026-06-09 23:40:00,2974345
79.6,74.6,83.7,70.8,2026-06-10 00:00:00,2974345
79.1,75.7,82.9,70.8,2026-06-10 00:20:00,2974345
78.7,77.1,82.6,70.9,2026-06-10 00:40:00,2974345
78.3,78.2,82.0,71.0,2026-06-10 01:00:00,2974345
78.1,79.1,81.9,71.1,2026-06-10 01:20:00,2974345
77.7,79.8,81.3,71.0,2026-06-10 01:40:00,2974345
77.2,80.4,80.2,70.7,2026-06-10 02:00:00,2974345
76.8,81.0,79.3,70.5,2026-06-10 02:20:00,2974345
76.5,81.7,79.0,70.4,2026-06-10 02:40:00,2974345
76.1,82.3,78.6,70.3,2026-06-10 03:00:00,2974345
75.8,83.1,78.3,70.3,2026-06-10 03:20:00,2974345
75.7,83.4,78.1,70.3,2026-06-10 03:40:00,2974345
75.6,83.6,78.1,70.3,2026-06-10 04:00:00,2974345
75.3,84.1,77.7,70.2,2026-06-10 04:20:00,2974345
75.1,84.8,77.5,70.2,2026-06-10 04:40:00,2974345
75.0,84.9,77.4,70.1,2026-06-10 05:00:00,2974345
75.0,85.1,77.4,70.2,2026-06-10 05:20:00,2974345
75.0,85.3,77.4,70.3,2026-06-10 05:40:00,2974345
75.0,85.5,77.4,70.3,2026-06-10 06:00:00,2974345
75.3,85.3,77.9,70.6,2026-06-10 06:20:00,2974345
75.7,85.1,78.3,70.9,2026-06-10 06:40:00,2974345
76.0,84.5,78.6,71.0,2026-06-10 07:00:00,2974345
76.3,84.1,79.0,71.1,2026-06-10 07:20:00,2974345
76.4,83.9,79.0,71.2,2026-06-10 07:40:00,2974345
77.0,83.3,80.4,71.5,2026-06-10 08:00:00,2974345
77.6,81.3,81.1,71.5,2026-06-10 08:20:00,2974345
78.3,79.4,82.4,71.4,2026-06-10 08:40:00,2974345
79.5,77.5,84.0,71.8,2026-06-10 09:00:00,2974345
81.1,74.4,86.4,72.2,2026-06-10 09:20:00,2974345
81.6,73.8,87.3,72.4,2026-06-10 09:40:00,2974345
82.9,70.4,89.1,72.2,2026-06-10 10:00:00,2974345
86.8,65.0,96.3,73.6,2026-06-10 10:20:00,2974345
87.2,63.7,96.4,73.4,2026-06-10 10:40:00,2974345
87.2,62.1,95.7,72.7,2026-06-10 11:00:00,2974345
84.8,63.7,91.4,71.2,2026-06-10 11:20:00,2974345
86.3,64.0,94.6,72.6,2026-06-10 11:40:00,2974345
87.9,60.5,96.4,72.6,2026-06-10 12:00:00,2974345
88.7,56.9,97.2,71.5,2026-06-10 12:20:00,2974345
89.4,55.3,97.7,71.3,2026-06-10 12:40:00,2974345
89.8,55.5,99.0,71.7,2026-06-10 13:00:00,2974345
92.2,49.9,101.3,70.8,2026-06-10 13:20:00,2974345
90.9,50.7,99.3,70.1,2026-06-10 13:40:00,2974345
91.5,49.7,99.9,70.1,2026-06-10 14:00:00,2974345
91.0,50.9,99.3,70.3,2026-06-10 14:20:00,2974345
90.3,51.8,98.6,70.2,2026-06-10 14:40:00,2974345
92.2,48.3,100.6,69.8,2026-06-10 15:00:00,2974345
92.7,46.6,100.8,69.2,2026-06-10 15:20:00,2974345
94.8,46.6,104.9,71.2,2026-06-10 15:40:00,2974345
93.8,45.2,102.0,69.4,2026-06-10 16:00:00,2974345
91.6,46.8,98.6,68.4,2026-06-10 16:20:00,2974345
94.5,46.6,104.5,70.9,2026-06-10 16:40:00,2974345
97.6,45.3,110.5,72.9,2026-06-10 17:00:00,2974345
95.0,44.9,104.5,70.2,2026-06-10 17:20:00,2974345
95.0,44.2,104.2,69.8,2026-06-10 17:40:00,2974345
94.4,43.6,102.4,68.8,2026-06-10 18:00:00,2974345
96.6,43.0,106.7,70.4,2026-06-10 18:20:00,2974345
91.9,46.9,99.5,68.8,2026-06-10 18:40:00,2974345
91.1,48.7,98.4,69.1,2026-06-10 19:00:00,2974345
92.1,47.5,99.7,69.3,2026-06-10 19:20:00,2974345
91.0,49.4,98.6,69.4,2026-06-10 19:40:00,2974345
89.7,50.7,96.4,69.0,2026-06-10 20:00:00,2974345
88.6,52.7,94.8,69.1,2026-06-10 20:20:00,2974345
87.7,54.4,93.7,69.2,2026-06-10 20:40:00,2974345
87.1,55.6,93.2,69.3,2026-06-10 21:00:00,2974345
85.6,58.1,90.9,69.2,2026-06-10 21:20:00,2974345
85.2,59.6,90.7,69.6,2026-06-10 21:40:00,2974345
84.7,60.6,89.8,69.6,2026-06-10 22:00:00,2974345
83.6,63.7,88.7,70.0,2026-06-10 22:20:00,2974345
83.8,63.5,89.1,70.1,2026-06-10 22:40:00,2974345
83.7,63.8,89.1,70.1,2026-06-10 23:00:00,2974345
83.4,64.3,88.5,70.1,2026-06-10 23:20:00,2974345
82.8,65.7,87.6,70.2,2026-06-10 23:40:00,2974345
82.5,66.0,86.9,70.0,2026-06-11 00:00:00,2974345
82.3,66.4,86.7,70.0,2026-06-11 00:20:00,2974345
81.8,67.6,86.0,70.0,2026-06-11 00:40:00,2974345
81.5,68.4,85.6,70.0,2026-06-11 01:00:00,2974345
80.8,69.6,84.9,69.9,2026-06-11 01:20:00,2974345
79.5,71.4,83.1,69.5,2026-06-11 01:40:00,2974345
78.4,74.2,81.3,69.5,2026-06-11 02:00:00,2974345
78.1,75.2,81.1,69.6,2026-06-11 02:20:00,2974345
78.6,73.4,81.5,69.3,2026-06-11 02:40:00,2974345
78.1,74.0,81.0,69.1,2026-06-11 03:00:00,2974345
77.9,74.5,80.4,69.1,2026-06-11 03:20:00,2974345
77.5,75.2,79.9,69.0,2026-06-11 03:40:00,2974345
77.1,75.6,79.2,68.8,2026-06-11 04:00:00,2974345
76.5,76.7,78.4,68.6,2026-06-11 04:20:00,2974345
75.7,77.8,77.5,68.3,2026-06-11 04:40:00,2974345
75.7,77.9,77.5,68.3,2026-06-11 05:00:00,2974345
75.4,78.1,77.2,68.1,2026-06-11 05:20:00,2974345
74.9,78.4,76.6,67.7,2026-06-11 05:40:00,2974345
74.5,79.6,76.3,67.7,2026-06-11 06:00:00,2974345
75.3,78.2,77.0,68.0,2026-06-11 06:20:00,2974345
75.9,77.0,77.7,68.2,2026-06-11 06:40:00,2974345
76.6,76.0,78.3,68.5,2026-06-11 07:00:00,2974345
77.3,74.7,79.3,68.7,2026-06-11 07:20:00,2974345
79.8,71.1,83.5,69.6,2026-06-11 07:40:00,2974345
81.0,68.1,84.9,69.5,2026-06-11 08:00:00,2974345
83.2,65.4,88.3,70.4,2026-06-11 08:20:00,2974345
84.8,63.2,91.2,70.9,2026-06-11 08:40:00,2974345
85.4,62.9,92.3,71.3,2026-06-11 09:00:00,2974345
88.1,60.7,97.0,72.8,2026-06-11 09:20:00,2974345
88.5,59.5,97.3,72.6,2026-06-11 09:40:00,2974345
89.0,57.3,97.7,71.9,2026-06-11 10:00:00,2974345
91.1,54.1,101.5,72.3,2026-06-11 10:20:00,2974345
93.4,52.1,105.3,73.1,2026-06-11 10:40:00,2974345
93.2,51.3,104.7,72.6,2026-06-11 11:00:00,2974345
95.0,49.2,107.6,73.0,2026-06-11 11:20:00,2974345
94.4,47.2,104.5,71.2,2026-06-11 11:40:00,2974345
95.3,46.8,106.3,71.7,2026-06-11 12:00:00,2974345
97.1,45.7,109.8,72.6,2026-06-11 12:20:00,2974345
96.5,44.2,107.4,71.2,2026-06-11 12:40:00,2974345
97.6,43.8,109.6,71.9,2026-06-11 13:00:00,2974345
95.1,44.8,104.5,70.3,2026-06-11 13:20:00,2974345
97.2,43.3,108.3,71.2,2026-06-11 13:40:00,2974345
101.0,38.8,113.5,71.3,2026-06-11 14:00:00,2974345
100.4,38.1,111.7,70.2,2026-06-11 14:20:00,2974345
101.9,36.9,113.9,70.6,2026-06-11 14:40:00,2974345
103.2,37.2,117.0,72.1,2026-06-11 15:00:00,2974345
102.4,37.0,115.2,71.1,2026-06-11 15:20:00,2974345
99.3,38.7,109.8,69.8,2026-06-11 15:40:00,2974345
102.1,37.4,114.8,71.2,2026-06-11 16:00:00,2974345
104.4,36.8,119.3,72.7,2026-06-11 16:20:00,2974345
101.8,38.2,114.6,71.5,2026-06-11 16:40:00,2974345
99.1,38.7,109.0,69.5,2026-06-11 17:00:00,2974345
103.6,36.8,117.3,72.0,2026-06-11 17:20:00,2974345
100.7,39.3,113.0,71.5,2026-06-11 17:40:00,2974345
96.3,41.9,105.6,69.4,2026-06-11 18:00:00,2974345
84.5,57.6,88.7,67.9,2026-06-11 18:20:00,2974345
85.4,78.2,98.2,77.8,2026-06-11 18:40:00,2974345
84.9,73.1,94.8,75.3,2026-06-11 19:00:00,2974345
83.6,77.1,92.8,75.7,2026-06-11 19:20:00,2974345
81.7,78.8,89.1,74.5,2026-06-11 19:40:00,2974345
80.5,84.7,88.0,75.4,2026-06-11 20:00:00,2974345
79.0,87.8,85.5,75.0,2026-06-11 20:20:00,2974345
78.2,90.0,83.8,75.0,2026-06-11 20:40:00,2974345
77.8,91.1,83.1,75.0,2026-06-11 21:00:00,2974345
77.7,92.0,82.9,75.2,2026-06-11 21:20:00,2974345
77.6,92.3,82.9,75.2,2026-06-11 21:40:00,2974345
84.9,72.0,94.8,74.9,2026-06-11 22:00:00,2974345
85.6,64.9,93.4,72.5,2026-06-11 22:20:00,2974345
83.2,72.0,90.3,73.3,2026-06-11 22:40:00,2974345
82.4,71.4,88.3,72.2,2026-06-11 23:00:00,2974345
81.4,74.0,86.9,72.3,2026-06-11 23:20:00,2974345
83.7,67.3,90.1,71.7,2026-06-11 23:40:00,2974345
83.0,66.8,88.3,70.9,2026-06-12 00:00:00,2974345
82.4,68.7,87.6,71.1,2026-06-12 00:20:00,2974345
82.0,69.3,86.7,71.0,2026-06-12 00:40:00,2974345
81.6,70.3,86.4,71.0,2026-06-12 01:00:00,2974345
81.1,71.4,85.6,70.9,2026-06-12 01:20:00,2974345
80.0,74.3,84.4,71.0,2026-06-12 01:40:00,2974345
77.7,79.9,81.3,71.0,2026-06-12 02:00:00,2974345
76.7,83.0,79.5,71.1,2026-06-12 02:20:00,2974345
76.1,83.6,78.6,70.7,2026-06-12 02:40:00,2974345
75.6,85.8,78.3,71.0,2026-06-12 03:00:00,2974345
75.4,86.7,78.3,71.1,2026-06-12 03:20:00,2974345
75.7,86.2,78.4,71.3,2026-06-12 03:40:00,2974345
75.4,86.8,78.3,71.2,2026-06-12 04:00:00,2974345
75.6,87.1,78.4,71.5,2026-06-12 04:20:00,2974345
75.7,86.5,78.4,71.3,2026-06-12 04:40:00,2974345
77.2,83.7,80.8,71.9,2026-06-12 05:00:00,2974345
77.4,83.1,81.0,71.8,2026-06-12 05:20:00,2974345
76.4,84.8,79.2,71.5,2026-06-12 05:40:00,2974345
74.9,88.0,77.7,71.1,2026-06-12 06:00:00,2974345
74.7,89.2,77.5,71.3,2026-06-12 06:20:00,2974345
75.5,89.3,78.4,72.1,2026-06-12 06:40:00,2974345
79.0,84.2,84.7,73.8,2026-06-12 07:00:00,2974345
80.8,80.2,87.4,74.1,2026-06-12 07:20:00,2974345
84.0,75.4,93.2,75.3,2026-06-12 07:40:00,2974345
85.2,73.1,95.7,75.6,2026-06-12 08:00:00,2974345
86.8,69.5,98.2,75.6,2026-06-12 08:20:00,2974345
86.6,67.9,97.2,74.8,2026-06-12 08:40:00,2974345
88.7,64.3,100.2,75.0,2026-06-12 09:00:00,2974345
91.0,61.0,104.5,75.7,2026-06-12 09:20:00,2974345
93.4,55.6,107.8,75.2,2026-06-12 09:40:00,2974345
94.8,50.4,108.0,73.5,2026-06-12 10:00:00,2974345
96.4,48.4,110.1,73.7,2026-06-12 10:20:00,2974345
98.0,47.1,112.8,74.3,2026-06-12 10:40:00,2974345
97.5,44.3,109.9,72.2,2026-06-12 11:00:00,2974345
97.9,40.9,108.3,70.1,2026-06-12 11:20:00,2974345
98.0,39.8,107.6,69.4,2026-06-12 11:40:00,2974345
100.0,38.5,110.8,70.2,2026-06-12 12:00:00,2974345
99.8,40.0,111.4,71.1,2026-06-12 12:20:00,2974345
99.4,37.9,109.2,69.2,2026-06-12 12:40:00,2974345
99.2,36.9,108.1,68.3,2026-06-12 13:00:00,2974345
100.9,35.8,110.7,68.9,2026-06-12 13:20:00,2974345
101.7,34.0,111.0,68.0,2026-06-12 13:40:00,2974345
101.4,32.8,109.4,66.7,2026-06-12 14:00:00,2974345
103.1,32.5,112.5,67.9,2026-06-12 14:20:00,2974345
104.2,34.8,117.0,70.9,2026-06-12 14:40:00,2974345
100.9,34.4,109.4,67.7,2026-06-12 15:00:00,2974345
101.7,34.4,111.4,68.4,2026-06-12 15:20:00,2974345
105.1,29.5,113.5,66.9,2026-06-12 15:40:00,2974345
103.5,30.9,111.7,66.9,2026-06-12 16:00:00,2974345
101.0,34.1,109.6,67.6,2026-06-12 16:20:00,2974345
105.0,32.2,115.9,69.3,2026-06-12 16:40:00,2974345
104.0,30.3,112.3,66.8,2026-06-12 17:00:00,2974345
106.4,30.8,117.3,69.3,2026-06-12 17:20:00,2974345
104.7,30.7,114.1,67.7,2026-06-12 17:40:00,2974345
105.7,31.3,116.2,69.1,2026-06-12 18:00:00,2974345
105.8,30.0,115.0,67.9,2026-06-12 18:20:00,2974345
102.3,30.6,109.2,65.6,2026-06-12 18:40:00,2974345
101.8,33.6,110.7,67.8,2026-06-12 19:00:00,2974345
100.0,35.3,108.3,67.7,2026-06-12 19:20:00,2974345
98.3,37.5,106.7,68.0,2026-06-12 19:40:00,2974345
97.2,37.8,104.7,67.2,2026-06-12 20:00:00,2974345
95.3,41.0,102.7,67.8,2026-06-12 20:20:00,2974345
94.3,42.0,101.1,67.7,2026-06-12 20:40:00,2974345
91.7,45.4,97.9,67.6,2026-06-12 21:00:00,2974345
89.0,51.8,95.4,69.0,2026-06-12 21:20:00,2974345
87.5,53.5,93.0,68.5,2026-06-12 21:40:00,2974345
86.4,56.4,91.9,69.0,2026-06-12 22:00:00,2974345
84.8,59.9,90.0,69.3,2026-06-12 22:20:00,2974345
83.5,64.1,88.9,70.1,2026-06-12 22:40:00,2974345
84.8,60.5,90.1,69.6,2026-06-12 23:00:00,2974345
88.0,50.0,92.8,67.1,2026-06-12 23:20:00,2974345
87.8,48.6,91.8,66.0,2026-06-12 23:40:00,2974345
86.7,47.9,89.8,64.7,2026-06-13 00:00:00,2974345
86.0,48.9,88.9,64.6,2026-06-13 00:20:00,2974345
84.2,52.0,86.7,64.7,2026-06-13 00:40:00,2974345
82.0,57.1,83.8,65.3,2026-06-13 01:00:00,2974345
80.7,60.1,82.6,65.6,2026-06-13 01:20:00,2974345
80.4,62.9,82.9,66.6,2026-06-13 01:40:00,2974345
80.6,62.1,82.9,66.5,2026-06-13 02:00:00,2974345
79.6,64.5,81.7,66.6,2026-06-13 02:20:00,2974345
79.2,64.5,81.1,66.2,2026-06-13 02:40:00,2974345
78.6,65.8,80.4,66.3,2026-06-13 03:00:00,2974345
76.9,71.1,78.3,66.8,2026-06-13 03:20:00,2974345
76.2,72.1,77.4,66.5,2026-06-13 03:40:00,2974345
75.5,74.1,76.8,66.7,2026-06-13 04:00:00,2974345
74.7,75.8,76.1,66.5,2026-06-13 04:20:00,2974345
74.6,76.2,75.9,66.6,2026-06-13 04:40:00,2974345
73.7,77.9,75.2,66.4,2026-06-13 05:00:00,2974345
73.1,79.6,74.7,66.5,2026-06-13 05:20:00,2974345
73.0,80.3,74.5,66.5,2026-06-13 05:40:00,2974345
72.2,81.9,73.8,66.3,2026-06-13 06:00:00,2974345
72.1,83.0,73.6,66.7,2026-06-13 06:20:00,2974345
72.3,83.4,73.9,67.0,2026-06-13 06:40:00,2974345
73.6,82.8,75.6,68.0,2026-06-13 07:00:00,2974345
75.8,80.7,78.1,69.5,2026-06-13 07:20:00,2974345
83.0,68.1,88.7,71.4,2026-06-13 07:40:00,2974345
86.3,60.1,93.0,70.8,2026-06-13 08:00:00,2974345
88.4,55.2,95.5,70.3,2026-06-13 08:20:00,2974345
88.2,53.8,94.6,69.3,2026-06-13 08:40:00,2974345
88.6,52.5,94.8,69.0,2026-06-13 09:00:00,2974345
90.0,52.0,97.9,70.0,2026-06-13 09:20:00,2974345
90.2,50.8,97.7,69.5,2026-06-13 09:40:00,2974345
91.9,49.7,100.6,70.4,2026-06-13 10:00:00,2974345
90.4,50.9,98.1,69.8,2026-06-13 10:20:00,2974345
92.7,49.5,102.4,71.1,2026-06-13 10:40:00,2974345
91.8,48.2,99.9,69.4,2026-06-13 11:00:00,2974345
93.8,46.1,102.6,69.9,2026-06-13 11:20:00,2974345
94.7,46.5,104.7,71.0,2026-06-13 11:40:00,2974345
94.1,45.7,103.1,70.0,2026-06-13 12:00:00,2974345
94.8,45.5,104.2,70.4,2026-06-13 12:20:00,2974345
93.9,42.9,100.8,67.9,2026-06-13 12:40:00,2974345
96.0,43.5,105.8,70.2,2026-06-13 13:00:00,2974345
95.4,44.2,104.9,70.2,2026-06-13 13:20:00,2974345
95.8,43.6,105.6,70.1,2026-06-13 13:40:00,2974345
99.4,41.2,111.4,71.6,2026-06-13 14:00:00,2974345
98.2,39.6,107.8,69.5,2026-06-13 14:20:00,2974345
97.5,38.1,105.8,67.7,2026-06-13 14:40:00,2974345
102.2,36.8,114.1,70.8,2026-06-13 15:00:00,2974345
97.4,37.2,104.9,66.9,2026-06-13 15:20:00,2974345
102.4,38.2,116.2,72.1,2026-06-13 15:40:00,2974345
101.9,34.7,112.1,68.8,2026-06-13 16:00:00,2974345
97.7,37.9,106.0,67.7,2026-06-13 16:20:00,2974345
95.8,41.3,104.2,68.5,2026-06-13 16:40:00,2974345
102.0,34.5,111.9,68.7,2026-06-13 17:00:00,2974345
99.0,40.1,109.9,70.5,2026-06-13 17:20:00,2974345
99.5,35.5,107.8,67.5,2026-06-13 17:40:00,2974345
100.7,35.6,109.9,68.5,2026-06-13 18:00:00,2974345
100.4,35.8,109.8,68.4,2026-06-13 18:20:00,2974345
102.1,34.8,112.5,69.1,2026-06-13 18:40:00,2974345
97.1,37.3,104.2,66.7,2026-06-13 19:00:00,2974345
96.4,38.9,103.8,67.4,2026-06-13 19:20:00,2974345
94.1,43.0,101.7,68.2,2026-06-13 19:40:00,2974345
93.0,45.2,100.2,68.6,2026-06-13 20:00:00,2974345
91.6,47.7,99.1,69.0,2026-06-13 20:20:00,2974345
89.9,50.3,96.6,68.9,2026-06-13 20:40:00,2974345
85.1,56.0,89.6,67.7,2026-06-13 21:00:00,2974345
83.2,62.4,87.4,69.0,2026-06-13 21:20:00,2974345
79.2,75.6,83.3,70.8,2026-06-13 21:40:00,2974345
75.5,86.4,78.3,71.1,2026-06-13 22:00:00,2974345
74.5,89.5,77.4,71.2,2026-06-13 22:20:00,2974345
74.2,91.2,77.0,71.4,2026-06-13 22:40:00,2974345
73.7,92.1,76.5,71.3,2026-06-13 23:00:00,2974345
74.0,92.2,76.8,71.6,2026-06-13 23:20:00,2974345
73.7,92.7,76.5,71.4,2026-06-13 23:40:00,2974345
73.5,93.2,76.3,71.4,2026-06-14 00:00:00,2974345
73.3,93.7,75.9,71.4,2026-06-14 00:20:00,2974345
73.6,94.4,76.6,71.9,2026-06-14 00:40:00,2974345
73.2,93.9,76.1,71.3,2026-06-14 01:00:00,2974345
73.2,93.5,75.9,71.2,2026-06-14 01:20:00,2974345
72.4,94.1,74.8,70.6,2026-06-14 01:40:00,2974345
72.3,94.5,74.7,70.6,2026-06-14 02:00:00,2974345
72.0,94.6,74.3,70.4,2026-06-14 02:20:00,2974345
71.5,94.9,73.6,70.0,2026-06-14 02:40:00,2974345
71.3,95.1,73.4,69.9,2026-06-14 03:00:00,2974345
71.2,95.3,73.0,69.7,2026-06-14 03:20:00,2974345
71.2,95.5,73.0,69.8,2026-06-14 03:40:00,2974345
71.0,95.6,72.9,69.6,2026-06-14 04:00:00,2974345
70.8,95.8,72.7,69.6,2026-06-14 04:20:00,2974345
70.6,95.8,72.3,69.3,2026-06-14 04:40:00,2974345
70.6,96.0,72.3,69.3,2026-06-14 05:00:00,2974345
70.1,96.0,71.8,68.9,2026-06-14 05:20:00,2974345
70.1,96.2,71.8,69.0,2026-06-14 05:40:00,2974345
70.1,96.3,71.8,69.0,2026-06-14 06:00:00,2974345
70.2,96.4,72.0,69.1,2026-06-14 06:20:00,2974345
70.6,96.5,72.3,69.6,2026-06-14 06:40:00,2974345
71.7,96.6,73.9,70.7,2026-06-14 07:00:00,2974345
73.3,96.6,76.3,72.3,2026-06-14 07:20:00,2974345
77.5,92.4,82.6,75.1,2026-06-14 07:40:00,2974345
79.9,85.4,86.9,75.1,2026-06-14 08:00:00,2974345
83.4,76.7,92.3,75.3,2026-06-14 08:20:00,2974345
85.1,72.7,95.0,75.3,2026-06-14 08:40:00,2974345
82.9,75.3,90.3,74.2,2026-06-14 09:00:00,2974345
84.1,72.1,92.7,74.1,2026-06-14 09:20:00,2974345
87.2,69.0,99.0,75.7,2026-06-14 09:40:00,2974345
86.8,67.0,97.2,74.5,2026-06-14 10:00:00,2974345
89.6,63.0,102.4,75.3,2026-06-14 10:20:00,2974345
91.5,57.9,104.2,74.6,2026-06-14 10:40:00,2974345
93.9,55.9,108.9,75.7,2026-06-14 11:00:00,2974345
92.8,54.6,105.4,74.0,2026-06-14 11:20:00,2974345
92.5,54.0,104.5,73.5,2026-06-14 11:40:00,2974345
93.5,55.0,107.4,74.9,2026-06-14 12:00:00,2974345
93.7,53.5,106.9,74.3,2026-06-14 12:20:00,2974345
95.8,48.5,108.9,73.3,2026-06-14 12:40:00,2974345
94.8,51.0,108.3,73.8,2026-06-14 13:00:00,2974345
95.0,48.9,107.4,72.7,2026-06-14 13:20:00,2974345
94.3,47.5,104.2,71.2,2026-06-14 13:40:00,2974345
97.3,44.9,109.4,72.3,2026-06-14 14:00:00,2974345
98.7,35.7,106.2,66.9,2026-06-14 14:20:00,2974345
100.6,36.9,110.7,69.4,2026-06-14 14:40:00,2974345
99.5,35.8,108.0,67.6,2026-06-14 15:00:00,2974345
100.7,35.0,109.6,68.0,2026-06-14 15:20:00,2974345
102.7,33.8,112.8,68.8,2026-06-14 15:40:00,2974345
100.9,33.9,109.0,67.3,2026-06-14 16:00:00,2974345
100.9,36.8,111.6,69.6,2026-06-14 16:20:00,2974345
101.1,36.4,111.6,69.5,2026-06-14 16:40:00,2974345
99.7,38.5,109.9,69.9,2026-06-14 17:00:00,2974345
99.0,39.4,109.6,70.0,2026-06-14 17:20:00,2974345
100.5,31.9,106.7,65.2,2026-06-14 17:40:00,2974345
99.2,31.9,104.4,64.1,2026-06-14 18:00:00,2974345
99.8,31.4,104.9,64.1,2026-06-14 18:20:00,2974345
96.8,34.6,102.2,64.4,2026-06-14 18:40:00,2974345
95.7,36.8,101.5,65.1,2026-06-14 19:00:00,2974345
87.5,52.2,92.5,67.8,2026-06-14 19:20:00,2974345
80.4,79.7,86.4,73.5,2026-06-14 19:40:00,2974345
80.3,81.4,86.7,74.1,2026-06-14 20:00:00,2974345
82.2,74.8,88.5,73.4,2026-06-14 20:20:00,2974345
82.7,67.8,87.8,70.9,2026-06-14 20:40:00,2974345
82.9,66.0,87.6,70.3,2026-06-14 21:00:00,2974345
82.6,68.4,88.0,71.1,2026-06-14 21:20:00,2974345
82.2,71.3,88.0,72.1,2026-06-14 21:40:00,2974345
81.6,72.8,86.9,72.0,2026-06-14 22:00:00,2974345
81.5,72.6,86.9,71.9,2026-06-14 22:20:00,2974345
81.6,71.9,86.7,71.6,2026-06-14 22:40:00,2974345
81.3,72.0,86.2,71.4,2026-06-14 23:00:00,2974345
81.1,72.1,85.8,71.3,2026-06-14 23:20:00,2974345
80.9,72.0,85.5,71.1,2026-06-14 23:40:00,2974345
80.7,72.4,85.3,71.0,2026-06-15 00:00:00,2974345
80.5,73.0,84.9,71.0,2026-06-15 00:20:00,2974345
79.9,74.3,84.4,71.0,2026-06-15 00:40:00,2974345
79.7,75.6,84.4,71.3,2026-06-15 01:00:00,2974345
79.6,76.1,84.0,71.4,2026-06-15 01:20:00,2974345
79.5,76.9,84.0,71.6,2026-06-15 01:40:00,2974345
79.3,77.5,83.7,71.7,2026-06-15 02:00:00,2974345
79.2,77.9,83.8,71.7,2026-06-15 02:20:00,2974345
79.0,78.4,83.5,71.7,2026-06-15 02:40:00,2974345
78.8,78.8,83.3,71.7,2026-06-15 03:00:00,2974345
78.4,80.1,82.4,71.7,2026-06-15 03:20:00,2974345
78.1,80.8,82.2,71.7,2026-06-15 03:40:00,2974345
76.6,83.2,79.3,71.1,2026-06-15 04:00:00,2974345
75.5,85.2,78.1,70.7,2026-06-15 04:20:00,2974345
74.9,86.9,77.5,70.7,2026-06-15 04:40:00,2974345
74.3,88.3,76.6,70.6,2026-06-15 05:00:00,2974345
73.8,89.5,76.3,70.6,2026-06-15 05:20:00,2974345
73.3,90.2,75.7,70.3,2026-06-15 05:40:00,2974345
73.3,90.8,75.7,70.5,2026-06-15 06:00:00,2974345
73.9,88.8,76.3,70.4,2026-06-15 06:20:00,2974345
76.2,78.5,78.1,69.0,2026-06-15 06:40:00,2974345
77.5,70.0,79.0,66.9,2026-06-15 07:00:00,2974345
77.6,66.0,78.8,65.4,2026-06-15 07:20:00,2974345
77.7,65.5,79.0,65.3,2026-06-15 07:40:00,2974345
79.5,62.1,81.3,65.4,2026-06-15 08:00:00,2974345
81.2,56.8,82.8,64.4,2026-06-15 08:20:00,2974345
80.3,54.9,81.0,62.6,2026-06-15 08:40:00,2974345
79.0,55.2,79.3,61.6,2026-06-15 09:00:00,2974345
78.7,55.7,78.8,61.6,2026-06-15 09:20:00,2974345
78.9,51.0,78.4,59.2,2026-06-15 09:40:00,2974345
79.6,48.9,79.0,58.7,2026-06-15 10:00:00,2974345
79.4,46.0,78.4,56.8,2026-06-15 10:20:00,2974345
83.3,40.0,82.4,56.5,2026-06-15 10:40:00,2974345
83.4,42.9,82.9,58.5,2026-06-15 11:00:00,2974345
85.2,39.9,84.9,58.1,2026-06-15 11:20:00,2974345
85.1,35.6,83.8,54.9,2026-06-15 11:40:00,2974345
86.4,34.9,85.3,55.4,2026-06-15 12:00:00,2974345
85.9,34.4,84.6,54.6,2026-06-15 12:20:00,2974345
85.4,35.5,84.0,55.1,2026-06-15 12:40:00,2974345
86.2,36.1,85.5,56.2,2026-06-15 13:00:00,2974345
86.3,35.2,85.3,55.6,2026-06-15 13:20:00,2974345
86.6,32.5,84.9,53.7,2026-06-15 13:40:00,2974345
88.0,32.4,86.9,54.8,2026-06-15 14:00:00,2974345
88.7,31.6,87.3,54.6,2026-06-15 14:20:00,2974345
89.8,31.2,89.1,55.3,2026-06-15 14:40:00,2974345
90.0,30.6,89.1,55.0,2026-06-15 15:00:00,2974345
92.7,29.3,92.5,56.0,2026-06-15 15:20:00,2974345
91.6,30.7,91.4,56.4,2026-06-15 15:40:00,2974345
91.4,30.1,90.7,55.7,2026-06-15 16:00:00,2974345
92.8,31.0,93.2,57.7,2026-06-15 16:20:00,2974345
93.6,28.2,93.4,55.8,2026-06-15 16:40:00,2974345
92.5,29.1,91.9,55.7,2026-06-15 17:00:00,2974345
91.7,28.1,90.7,54.1,2026-06-15 17:20:00,2974345
93.1,28.2,92.7,55.4,2026-06-15 17:40:00,2974345
91.8,29.0,91.2,55.0,2026-06-15 18:00:00,2974345
91.0,29.5,90.1,54.9,2026-06-15 18:20:00,2974345
94.1,29.1,94.6,57.1,2026-06-15 18:40:00,2974345
91.0,29.9,90.1,55.1,2026-06-15 19:00:00,2974345
88.2,31.2,86.7,54.0,2026-06-15 19:20:00,2974345
85.3,34.2,83.8,53.9,2026-06-15 19:40:00,2974345
84.5,35.4,82.9,54.2,2026-06-15 20:00:00,2974345
83.5,36.4,81.9,54.0,2026-06-15 20:20:00,2974345
81.5,38.7,79.5,53.9,2026-06-15 20:40:00,2974345
80.2,40.7,78.4,54.1,2026-06-15 21:00:00,2974345
77.1,47.2,75.6,55.4,2026-06-15 21:20:00,2974345
75.3,50.7,74.1,55.7,2026-06-15 21:40:00,2974345
73.3,54.7,72.7,56.0,2026-06-15 22:00:00,2974345
71.7,58.0,71.4,56.2,2026-06-15 22:20:00,2974345
71.1,58.8,70.9,56.0,2026-06-15 22:40:00,2974345
70.1,60.9,69.8,55.9,2026-06-15 23:00:00,2974345
69.1,64.0,68.7,56.4,2026-06-15 23:20:00,2974345
68.0,67.1,67.5,56.7,2026-06-15 23:40:00,2974345
67.7,68.1,67.1,56.9,2026-06-16 00:00:00,2974345
67.1,70.0,66.6,57.0,2026-06-16 00:20:00,2974345
67.2,69.6,66.6,56.9,2026-06-16 00:40:00,2974345
66.3,70.5,65.3,56.4,2026-06-16 01:00:00,2974345
66.1,70.8,65.1,56.3,2026-06-16 01:20:00,2974345
66.0,72.3,64.9,56.8,2026-06-16 01:40:00,2974345
67.7,65.8,66.9,55.9,2026-06-16 02:00:00,2974345
70.7,55.8,70.5,54.2,2026-06-16 02:20:00,2974345
71.2,52.5,70.5,53.0,2026-06-16 02:40:00,2974345
71.0,52.1,70.2,52.6,2026-06-16 03:00:00,2974345
70.9,51.6,70.2,52.2,2026-06-16 03:20:00,2974345
70.7,51.9,70.2,52.2,2026-06-16 03:40:00,2974345
70.3,52.2,69.3,52.0,2026-06-16 04:00:00,2974345
69.7,53.2,68.7,51.9,2026-06-16 04:20:00,2974345
68.8,55.0,67.5,52.0,2026-06-16 04:40:00,2974345
68.3,56.4,66.9,52.1,2026-06-16 05:00:00,2974345
68.3,56.3,66.9,52.2,2026-06-16 05:20:00,2974345
68.6,56.2,67.3,52.4,2026-06-16 05:40:00,2974345
68.6,56.6,67.5,52.6,2026-06-16 06:00:00,2974345
91.5,28.2,90.3,54.0,2026-06-05 11:40:00,2968895
90.9,27.8,89.6,53.1,2026-06-05 12:00:00,2968895
91.2,28.1,89.8,53.6,2026-06-05 12:20:00,2968895
92.0,29.4,91.4,55.5,2026-06-05 12:40:00,2968895
94.2,26.8,93.7,55.0,2026-06-05 13:00:00,2968895
92.8,25.3,91.2,52.2,2026-06-05 13:20:00,2968895
93.4,26.3,92.5,53.7,2026-06-05 13:40:00,2968895
94.5,27.3,94.5,55.7,2026-06-05 14:00:00,2968895
95.6,25.6,95.4,54.8,2026-06-05 14:20:00,2968895
95.5,25.4,95.0,54.5,2026-06-05 14:40:00,2968895
95.5,24.1,94.5,53.1,2026-06-05 15:00:00,2968895
95.2,25.1,94.6,54.0,2026-06-05 15:20:00,2968895
95.9,24.3,95.4,53.7,2026-06-05 15:40:00,2968895
97.4,24.2,97.3,54.8,2026-06-05 16:00:00,2968895
98.2,24.0,98.4,55.2,2026-06-05 16:20:00,2968895
97.4,23.6,97.2,54.1,2026-06-05 16:40:00,2968895
97.0,23.6,96.3,53.7,2026-06-05 17:00:00,2968895
97.9,23.2,97.7,54.0,2026-06-05 17:20:00,2968895
98.5,23.1,98.4,54.5,2026-06-05 17:40:00,2968895
95.5,25.2,95.0,54.3,2026-06-05 18:00:00,2968895
92.6,27.9,91.8,54.6,2026-06-05 18:20:00,2968895
92.2,28.5,91.4,54.9,2026-06-05 18:40:00,2968895
91.1,29.4,90.1,54.8,2026-06-05 19:00:00,2968895
90.5,30.2,89.4,55.0,2026-06-05 19:20:00,2968895
89.4,30.6,88.0,54.4,2026-06-05 19:40:00,2968895
88.2,31.4,86.7,54.0,2026-06-05 20:00:00,2968895
86.9,32.8,85.5,54.2,2026-06-05 20:20:00,2968895
85.9,34.2,84.6,54.5,2026-06-05 20:40:00,2968895
84.9,35.5,83.3,54.6,2026-06-05 21:00:00,2968895
83.9,35.8,82.2,54.0,2026-06-05 21:20:00,2968895
83.7,35.9,82.0,53.8,2026-06-05 21:40:00,2968895
83.0,36.8,81.1,53.9,2026-06-05 22:00:00,2968895
81.6,38.9,79.7,54.2,2026-06-05 22:20:00,2968895
79.6,41.9,77.9,54.5,2026-06-05 22:40:00,2968895
78.9,43.6,77.4,54.9,2026-06-05 23:00:00,2968895
78.6,44.2,77.0,55.0,2026-06-05 23:20:00,2968895
78.6,44.8,77.2,55.4,2026-06-05 23:40:00,2968895
78.2,45.4,76.6,55.4,2026-06-06 00:00:00,2968895
77.6,46.8,76.3,55.6,2026-06-06 00:20:00,2968895
75.9,49.2,74.7,55.5,2026-06-06 00:40:00,2968895
74.7,52.1,73.8,55.9,2026-06-06 01:00:00,2968895
74.2,53.2,73.4,56.1,2026-06-06 01:20:00,2968895
73.3,55.1,72.9,56.3,2026-06-06 01:40:00,2968895
72.6,57.1,72.1,56.6,2026-06-06 02:00:00,2968895
72.6,57.7,72.3,56.9,2026-06-06 02:20:00,2968895
71.9,58.9,71.6,56.8,2026-06-06 02:40:00,2968895
71.4,60.6,71.2,57.1,2026-06-06 03:00:00,2968895
71.3,60.9,71.2,57.1,2026-06-06 03:20:00,2968895
70.5,62.7,70.5,57.2,2026-06-06 03:40:00,2968895
69.8,64.7,69.4,57.4,2026-06-06 04:00:00,2968895
69.2,66.1,68.9,57.4,2026-06-06 04:20:00,2968895
68.6,67.3,68.2,57.3,2026-06-06 04:40:00,2968895
68.4,68.1,68.0,57.5,2026-06-06 05:00:00,2968895
67.7,69.8,67.3,57.5,2026-06-06 05:20:00,2968895
67.6,70.4,66.9,57.7,2026-06-06 05:40:00,2968895
67.5,70.8,66.9,57.7,2026-06-06 06:00:00,2968895
67.0,71.8,66.4,57.6,2026-06-06 06:20:00,2968895
67.5,72.3,67.1,58.3,2026-06-06 06:40:00,2968895
68.8,70.8,68.7,58.9,2026-06-06 07:00:00,2968895
71.7,66.7,72.1,60.1,2026-06-06 07:20:00,2968895
73.3,63.5,73.6,60.2,2026-06-06 07:40:00,2968895
74.5,61.8,74.7,60.6,2026-06-06 08:00:00,2968895
76.0,60.0,75.9,61.1,2026-06-06 08:20:00,2968895
77.7,57.2,77.9,61.4,2026-06-06 08:40:00,2968895
81.3,53.1,81.9,62.6,2026-06-06 09:00:00,2968895
84.5,48.2,85.8,62.7,2026-06-06 09:20:00,2968895
87.3,43.5,89.1,62.4,2026-06-06 09:40:00,2968895
85.4,44.9,86.4,61.6,2026-06-06 10:00:00,2968895
88.2,41.5,89.8,61.9,2026-06-06 10:20:00,2968895
88.0,41.1,89.6,61.5,2026-06-06 10:40:00,2968895
89.4,39.1,91.0,61.2,2026-06-06 11:00:00,2968895
89.6,38.2,91.0,60.8,2026-06-06 11:20:00,2968895
89.3,37.5,90.5,60.0,2026-06-06 11:40:00,2968895
89.8,36.8,90.9,59.9,2026-06-06 12:00:00,2968895
90.8,35.1,91.9,59.5,2026-06-06 12:20:00,2968895
91.0,35.3,92.3,59.8,2026-06-06 12:40:00,2968895
92.0,34.3,93.7,59.8,2026-06-06 13:00:00,2968895
92.8,34.2,94.6,60.5,2026-06-06 13:20:00,2968895
92.5,33.8,94.3,59.9,2026-06-06 13:40:00,2968895
93.3,34.0,95.5,60.8,2026-06-06 14:00:00,2968895
91.5,34.7,93.0,59.8,2026-06-06 14:20:00,2968895
93.3,35.1,96.1,61.6,2026-06-06 14:40:00,2968895
92.9,36.1,95.7,62.1,2026-06-06 15:00:00,2968895
94.0,35.5,97.3,62.6,2026-06-06 15:20:00,2968895
91.6,35.4,93.4,60.4,2026-06-06 15:40:00,2968895
94.5,34.8,98.1,62.5,2026-06-06 16:00:00,2968895
96.8,31.9,100.2,62.0,2026-06-06 16:20:00,2968895
95.8,32.8,99.1,61.9,2026-06-06 16:40:00,2968895
95.5,32.1,98.1,61.1,2026-06-06 17:00:00,2968895
95.1,31.8,97.3,60.4,2026-06-06 17:20:00,2968895
94.5,31.3,96.1,59.5,2026-06-06 17:40:00,2968895
92.9,31.8,93.7,58.5,2026-06-06 18:00:00,2968895
91.4,34.2,92.7,59.3,2026-06-06 18:20:00,2968895
90.8,35.7,92.1,59.9,2026-06-06 18:40:00,2968895
90.2,35.5,91.2,59.2,2026-06-06 19:00:00,2968895
89.3,37.0,90.1,59.6,2026-06-06 19:20:00,2968895
88.7,37.8,89.6,59.7,2026-06-06 19:40:00,2968895
87.7,38.9,88.3,59.7,2026-06-06 20:00:00,2968895
86.7,39.8,87.1,59.4,2026-06-06 20:20:00,2968895
85.6,41.3,85.8,59.4,2026-06-06 20:40:00,2968895
84.1,43.0,84.2,59.2,2026-06-06 21:00:00,2968895
83.4,44.1,83.3,59.3,2026-06-06 21:20:00,2968895
82.6,45.4,82.0,59.3,2026-06-06 21:40:00,2968895
81.4,47.3,81.0,59.4,2026-06-06 22:00:00,2968895
80.9,48.5,80.6,59.7,2026-06-06 22:20:00,2968895
80.7,49.3,80.6,59.9,2026-06-06 22:40:00,2968895
80.1,50.5,80.1,60.0,2026-06-06 23:00:00,2968895
78.4,53.1,77.9,59.9,2026-06-06 23:20:00,2968895
78.1,54.0,77.9,60.1,2026-06-06 23:40:00,2968895
77.9,54.5,77.7,60.2,2026-06-07 00:00:00,2968895
77.2,56.0,76.8,60.3,2026-06-07 00:20:00,2968895
76.9,57.1,76.5,60.5,2026-06-07 00:40:00,2968895
76.3,58.5,76.1,60.7,2026-06-07 01:00:00,2968895
75.7,60.4,75.6,61.0,2026-06-07 01:20:00,2968895
75.1,62.0,75.2,61.1,2026-06-07 01:40:00,2968895
74.2,63.8,74.5,61.2,2026-06-07 02:00:00,2968895
73.5,65.5,73.8,61.2,2026-06-07 02:20:00,2968895
73.1,66.6,73.6,61.3,2026-06-07 02:40:00,2968895
72.8,67.2,73.2,61.3,2026-06-07 03:00:00,2968895
72.4,68.1,72.9,61.3,2026-06-07 03:20:00,2968895
71.9,69.0,72.3,61.2,2026-06-07 03:40:00,2968895
71.5,69.9,72.1,61.2,2026-06-07 04:00:00,2968895
71.4,70.4,72.0,61.3,2026-06-07 04:20:00,2968895
71.0,71.3,71.6,61.3,2026-06-07 04:40:00,2968895
70.7,72.2,71.2,61.2,2026-06-07 05:00:00,2968895
70.4,72.9,71.1,61.3,2026-06-07 05:20:00,2968895
69.8,74.4,70.2,61.3,2026-06-07 05:40:00,2968895
69.5,75.1,70.0,61.3,2026-06-07 06:00:00,2968895
69.7,75.5,70.3,61.6,2026-06-07 06:20:00,2968895
70.2,75.3,71.1,62.0,2026-06-07 06:40:00,2968895
70.9,74.9,71.8,62.5,2026-06-07 07:00:00,2968895
71.7,73.9,72.5,63.0,2026-06-07 07:20:00,2968895
73.2,72.2,74.1,63.7,2026-06-07 07:40:00,2968895
75.3,69.2,76.1,64.5,2026-06-07 08:00:00,2968895
77.0,65.7,77.5,64.6,2026-06-07 08:20:00,2968895
77.5,63.6,78.1,64.2,2026-06-07 08:40:00,2968895
82.4,59.2,84.7,66.7,2026-06-07 09:00:00,2968895
86.5,50.9,90.1,66.1,2026-06-07 09:20:00,2968895
88.2,48.4,92.5,66.3,2026-06-07 09:40:00,2968895
88.7,45.4,92.1,64.8,2026-06-07 10:00:00,2968895
91.1,43.2,95.7,65.6,2026-06-07 10:20:00,2968895
93.0,41.9,98.6,66.4,2026-06-07 10:40:00,2968895
92.7,40.8,97.7,65.4,2026-06-07 11:00:00,2968895
91.5,39.5,95.0,63.4,2026-06-07 11:20:00,2968895
91.9,39.9,95.7,64.0,2026-06-07 11:40:00,2968895
91.9,38.6,95.2,63.1,2026-06-07 12:00:00,2968895
92.1,38.2,95.5,63.0,2026-06-07 12:20:00,2968895
93.5,34.6,95.9,61.4,2026-06-07 12:40:00,2968895
93.6,35.6,96.8,62.3,2026-06-07 13:00:00,2968895
95.3,33.7,98.8,62.2,2026-06-07 13:20:00,2968895
95.4,33.9,99.1,62.5,2026-06-07 13:40:00,2968895
96.5,32.2,99.9,61.9,2026-06-07 14:00:00,2968895
96.1,32.7,99.7,62.1,2026-06-07 14:20:00,2968895
96.1,32.0,99.0,61.4,2026-06-07 14:40:00,2968895
97.2,31.9,101.1,62.3,2026-06-07 15:00:00,2968895
95.9,32.1,99.0,61.3,2026-06-07 15:20:00,2968895
97.4,31.5,101.1,62.2,2026-06-07 15:40:00,2968895
96.0,31.9,99.0,61.3,2026-06-07 16:00:00,2968895
97.9,31.3,101.8,62.4,2026-06-07 16:20:00,2968895
98.3,31.0,102.2,62.5,2026-06-07 16:40:00,2968895
100.0,29.9,104.2,63.0,2026-06-07 17:00:00,2968895
98.8,31.1,103.3,63.0,2026-06-07 17:20:00,2968895
98.3,33.5,104.0,64.6,2026-06-07 17:40:00,2968895
95.1,35.7,99.5,63.7,2026-06-07 18:00:00,2968895
93.5,36.9,97.2,63.2,2026-06-07 18:20:00,2968895
93.2,38.1,97.3,63.9,2026-06-07 18:40:00,2968895
92.5,38.9,96.4,63.9,2026-06-07 19:00:00,2968895
92.0,38.4,95.4,63.0,2026-06-07 19:20:00,2968895
91.3,38.8,94.3,62.8,2026-06-07 19:40:00,2968895
90.6,39.3,93.2,62.4,2026-06-07 20:00:00,2968895
89.8,39.2,91.9,61.8,2026-06-07 20:20:00,2968895
88.9,40.4,90.7,61.8,2026-06-07 20:40:00,2968895
88.4,41.8,90.3,62.2,2026-06-07 21:00:00,2968895
87.4,43.2,89.1,62.3,2026-06-07 21:20:00,2968895
86.5,44.4,88.0,62.3,2026-06-07 21:40:00,2968895
85.6,46.3,87.1,62.6,2026-06-07 22:00:00,2968895
84.9,47.9,86.7,63.0,2026-06-07 22:20:00,2968895
84.3,48.9,85.8,63.0,2026-06-07 22:40:00,2968895
83.9,49.6,85.5,63.0,2026-06-07 23:00:00,2968895
83.4,50.4,84.7,63.1,2026-06-07 23:20:00,2968895
82.8,51.8,84.2,63.3,2026-06-07 23:40:00,2968895
82.5,52.9,83.7,63.6,2026-06-08 00:00:00,2968895
82.2,54.0,83.3,63.9,2026-06-08 00:20:00,2968895
81.7,55.0,83.1,64.0,2026-06-08 00:40:00,2968895
81.0,56.3,82.2,64.0,2026-06-08 01:00:00,2968895
80.6,57.6,81.9,64.2,2026-06-08 01:20:00,2968895
80.3,58.1,81.5,64.2,2026-06-08 01:40:00,2968895
80.0,58.8,81.1,64.2,2026-06-08 02:00:00,2968895
79.4,60.1,80.8,64.4,2026-06-08 02:20:00,2968895
78.7,61.4,79.7,64.3,2026-06-08 02:40:00,2968895
78.2,62.8,79.2,64.4,2026-06-08 03:00:00,2968895
78.0,63.5,79.0,64.7,2026-06-08 03:20:00,2968895
77.9,64.0,79.0,64.8,2026-06-08 03:40:00,2968895
77.9,64.2,78.8,64.8,2026-06-08 04:00:00,2968895
77.6,64.9,78.6,64.8,2026-06-08 04:20:00,2968895
77.2,65.7,77.7,64.8,2026-06-08 04:40:00,2968895
76.9,66.8,77.7,65.0,2026-06-08 05:00:00,2968895
77.2,66.2,78.3,65.0,2026-06-08 05:20:00,2968895
76.4,67.6,77.0,64.9,2026-06-08 05:40:00,2968895
75.3,69.9,76.1,64.8,2026-06-08 06:00:00,2968895
74.7,71.6,75.7,64.9,2026-06-08 06:20:00,2968895
74.9,72.6,76.1,65.5,2026-06-08 06:40:00,2968895
75.5,72.5,76.6,66.1,2026-06-08 07:00:00,2968895
76.4,69.9,77.2,65.9,2026-06-08 07:20:00,2968895
77.1,68.6,78.3,66.0,2026-06-08 07:40:00,2968895
78.3,67.0,80.1,66.5,2026-06-08 08:00:00,2968895
80.0,64.8,82.4,67.1,2026-06-08 08:20:00,2968895
81.4,62.7,84.2,67.5,2026-06-08 08:40:00,2968895
84.5,59.7,89.2,68.9,2026-06-08 09:00:00,2968895
87.5,54.4,93.4,69.0,2026-06-08 09:20:00,2968895
89.0,49.9,94.5,67.9,2026-06-08 09:40:00,2968895
90.4,49.8,97.5,69.1,2026-06-08 10:00:00,2968895
92.4,48.2,100.8,70.0,2026-06-08 10:20:00,2968895
92.3,47.2,100.2,69.3,2026-06-08 10:40:00,2968895
91.9,44.8,97.9,67.4,2026-06-08 11:00:00,2968895
91.7,45.0,97.5,67.4,2026-06-08 11:20:00,2968895
93.6,43.6,100.8,68.1,2026-06-08 11:40:00,2968895
93.6,42.4,100.2,67.3,2026-06-08 12:00:00,2968895
93.9,40.9,99.9,66.5,2026-06-08 12:20:00,2968895
94.0,40.6,100.0,66.4,2026-06-08 12:40:00,2968895
92.7,40.4,97.5,65.1,2026-06-08 13:00:00,2968895
93.8,39.0,98.8,65.1,2026-06-08 13:20:00,2968895
93.5,37.7,97.5,63.8,2026-06-08 13:40:00,2968895
94.2,39.7,100.0,66.0,2026-06-08 14:00:00,2968895
93.4,38.5,97.9,64.3,2026-06-08 14:20:00,2968895
94.2,39.4,99.9,65.8,2026-06-08 14:40:00,2968895
94.2,39.2,99.7,65.6,2026-06-08 15:00:00,2968895
93.8,39.8,99.3,65.7,2026-06-08 15:20:00,2968895
94.9,38.9,100.9,66.0,2026-06-08 15:40:00,2968895
94.3,38.8,99.5,65.4,2026-06-08 16:00:00,2968895
96.1,36.5,102.0,65.2,2026-06-08 16:20:00,2968895
94.4,38.0,99.3,64.8,2026-06-08 16:40:00,2968895
94.2,36.5,98.1,63.5,2026-06-08 17:00:00,2968895
93.7,36.2,97.2,62.9,2026-06-08 17:20:00,2968895
94.2,35.9,97.9,63.0,2026-06-08 17:40:00,2968895
92.0,36.9,94.8,62.0,2026-06-08 18:00:00,2968895
90.8,37.9,93.0,61.7,2026-06-08 18:20:00,2968895
90.0,39.4,92.5,62.0,2026-06-08 18:40:00,2968895
89.4,40.1,91.4,62.0,2026-06-08 19:00:00,2968895
88.9,40.9,91.0,62.1,2026-06-08 19:20:00,2968895
87.8,43.3,89.8,62.7,2026-06-08 19:40:00,2968895
86.1,46.4,88.2,63.2,2026-06-08 20:00:00,2968895
85.1,48.5,87.3,63.5,2026-06-08 20:20:00,2968895
83.8,50.6,85.5,63.5,2026-06-08 20:40:00,2968895
82.7,52.6,84.0,63.6,2026-06-08 21:00:00,2968895
81.9,53.7,83.1,63.5,2026-06-08 21:20:00,2968895
80.7,55.7,81.7,63.3,2026-06-08 21:40:00,2968895
79.4,57.5,80.2,63.1,2026-06-08 22:00:00,2968895
78.2,59.9,78.6,63.2,2026-06-08 22:20:00,2968895
76.8,61.6,76.8,62.6,2026-06-08 22:40:00,2968895
75.2,63.6,75.6,62.0,2026-06-08 23:00:00,2968895
74.7,62.9,74.8,61.2,2026-06-08 23:20:00,2968895
73.1,64.4,73.4,60.4,2026-06-08 23:40:00,2968895
72.5,65.9,72.9,60.4,2026-06-09 00:00:00,2968895
71.7,67.0,72.1,60.2,2026-06-09 00:20:00,2968895
71.3,68.3,71.8,60.4,2026-06-09 00:40:00,2968895
71.0,68.9,71.4,60.2,2026-06-09 01:00:00,2968895
70.2,68.5,70.3,59.4,2026-06-09 01:20:00,2968895
69.8,67.2,69.6,58.4,2026-06-09 01:40:00,2968895
68.9,64.8,68.2,56.6,2026-06-09 02:00:00,2968895
68.5,66.1,68.0,56.8,2026-06-09 02:20:00,2968895
68.1,67.2,67.5,56.8,2026-06-09 02:40:00,2968895
68.2,68.4,67.8,57.4,2026-06-09 03:00:00,2968895
67.8,70.3,67.3,57.8,2026-06-09 03:20:00,2968895
67.6,71.1,66.9,57.8,2026-06-09 03:40:00,2968895
67.9,71.2,67.5,58.3,2026-06-09 04:00:00,2968895
67.7,71.4,67.3,58.2,2026-06-09 04:20:00,2968895
67.6,70.8,66.9,57.8,2026-06-09 04:40:00,2968895
67.2,68.8,66.4,56.6,2026-06-09 05:00:00,2968895
66.7,68.8,65.7,56.1,2026-06-09 05:20:00,2968895
66.6,68.3,65.7,55.9,2026-06-09 05:40:00,2968895
66.3,68.4,65.1,55.6,2026-06-09 06:00:00,2968895
66.3,67.8,65.1,55.4,2026-06-09 06:20:00,2968895
66.5,67.8,65.3,55.5,2026-06-09 06:40:00,2968895
67.0,66.8,66.0,55.6,2026-06-09 07:00:00,2968895
67.3,65.8,66.4,55.5,2026-06-09 07:20:00,2968895
67.9,66.2,67.3,56.2,2026-06-09 07:40:00,2968895
67.9,66.6,67.3,56.3,2026-06-09 08:00:00,2968895
68.4,65.8,67.8,56.5,2026-06-09 08:20:00,2968895
71.0,63.9,71.2,58.2,2026-06-09 08:40:00,2968895
73.7,59.1,73.4,58.5,2026-06-09 09:00:00,2968895
75.2,57.5,74.7,59.2,2026-06-09 09:20:00,2968895
76.8,55.7,76.3,59.8,2026-06-09 09:40:00,2968895
76.8,57.3,76.3,60.5,2026-06-09 10:00:00,2968895
77.8,57.2,77.9,61.4,2026-06-09 10:20:00,2968895
77.8,54.9,77.4,60.3,2026-06-09 10:40:00,2968895
81.5,52.4,82.0,62.3,2026-06-09 11:00:00,2968895
81.2,50.5,81.5,61.1,2026-06-09 11:20:00,2968895
81.4,50.5,81.7,61.2,2026-06-09 11:40:00,2968895
82.6,49.9,83.3,62.0,2026-06-09 12:00:00,2968895
83.9,49.9,85.5,63.2,2026-06-09 12:20:00,2968895
86.1,48.5,88.7,64.5,2026-06-09 12:40:00,2968895
85.8,50.0,88.7,65.0,2026-06-09 13:00:00,2968895
86.6,51.0,90.5,66.3,2026-06-09 13:20:00,2968895
87.0,52.0,91.6,67.3,2026-06-09 13:40:00,2968895
87.2,51.2,91.6,67.0,2026-06-09 14:00:00,2968895
87.0,51.8,91.4,67.1,2026-06-09 14:20:00,2968895
87.9,50.6,92.7,67.4,2026-06-09 14:40:00,2968895
87.9,50.3,92.5,67.1,2026-06-09 15:00:00,2968895
88.7,50.3,93.9,67.8,2026-06-09 15:20:00,2968895
89.1,49.9,94.8,67.9,2026-06-09 15:40:00,2968895
89.7,48.0,95.2,67.4,2026-06-09 16:00:00,2968895
88.6,49.6,93.6,67.3,2026-06-09 16:20:00,2968895
87.2,52.1,91.9,67.4,2026-06-09 16:40:00,2968895
88.0,51.8,93.4,68.1,2026-06-09 17:00:00,2968895
88.4,51.7,94.1,68.4,2026-06-09 17:20:00,2968895
89.1,51.4,95.7,68.8,2026-06-09 17:40:00,2968895
87.7,51.6,92.7,67.7,2026-06-09 18:00:00,2968895
86.9,53.6,92.1,68.0,2026-06-09 18:20:00,2968895
86.7,54.0,91.6,68.1,2026-06-09 18:40:00,2968895
86.0,55.4,91.0,68.2,2026-06-09 19:00:00,2968895
85.7,56.4,90.7,68.4,2026-06-09 19:20:00,2968895
85.5,57.2,90.5,68.6,2026-06-09 19:40:00,2968895
84.7,58.5,89.2,68.5,2026-06-09 20:00:00,2968895
84.2,59.4,88.5,68.5,2026-06-09 20:20:00,2968895
83.3,60.7,87.3,68.3,2026-06-09 20:40:00,2968895
82.8,61.7,86.5,68.3,2026-06-09 21:00:00,2968895
82.3,62.5,85.6,68.2,2026-06-09 21:20:00,2968895
81.4,64.1,84.6,68.1,2026-06-09 21:40:00,2968895
80.8,65.4,84.0,68.2,2026-06-09 22:00:00,2968895
80.5,66.1,83.5,68.2,2026-06-09 22:20:00,2968895
80.0,67.6,83.1,68.3,2026-06-09 22:40:00,2968895
80.1,68.1,83.3,68.6,2026-06-09 23:00:00,2968895
80.2,68.7,83.5,69.0,2026-06-09 23:20:00,2968895
80.1,71.0,84.0,69.8,2026-06-09 23:40:00,2968895
79.8,72.7,83.7,70.3,2026-06-10 00:00:00,2968895
79.4,74.1,83.3,70.4,2026-06-10 00:20:00,2968895
79.1,75.5,82.9,70.7,2026-06-10 00:40:00,2968895
78.5,76.8,82.0,70.6,2026-06-10 01:00:00,2968895
78.3,77.6,81.9,70.7,2026-06-10 01:20:00,2968895
78.0,78.2,81.3,70.6,2026-06-10 01:40:00,2968895
77.6,79.0,80.8,70.5,2026-06-10 02:00:00,2968895
77.1,79.7,79.9,70.3,2026-06-10 02:20:00,2968895
76.8,80.2,79.2,70.2,2026-06-10 02:40:00,2968895
76.2,81.0,78.4,70.0,2026-06-10 03:00:00,2968895
75.9,81.8,78.3,70.0,2026-06-10 03:20:00,2968895
75.9,82.2,78.3,70.1,2026-06-10 03:40:00,2968895
75.9,82.3,78.3,70.1,2026-06-10 04:00:00,2968895
75.5,82.8,77.7,69.9,2026-06-10 04:20:00,2968895
75.5,83.0,77.7,70.0,2026-06-10 04:40:00,2968895
75.3,83.4,77.7,69.9,2026-06-10 05:00:00,2968895
75.2,83.7,77.5,69.9,2026-06-10 05:20:00,2968895
75.1,83.9,77.5,69.9,2026-06-10 05:40:00,2968895
75.0,84.2,77.2,69.9,2026-06-10 06:00:00,2968895
75.4,84.3,77.9,70.3,2026-06-10 06:20:00,2968895
75.5,84.3,77.9,70.5,2026-06-10 06:40:00,2968895
75.7,84.1,78.1,70.5,2026-06-10 07:00:00,2968895
76.0,83.6,78.6,70.7,2026-06-10 07:20:00,2968895
76.1,83.5,78.8,70.7,2026-06-10 07:40:00,2968895
76.4,83.1,78.8,70.9,2026-06-10 08:00:00,2968895
77.2,81.8,80.4,71.2,2026-06-10 08:20:00,2968895
78.0,79.8,81.7,71.3,2026-06-10 08:40:00,2968895
79.4,78.1,84.2,72.0,2026-06-10 09:00:00,2968895
81.5,73.2,86.7,72.1,2026-06-10 09:20:00,2968895
81.8,71.3,86.9,71.6,2026-06-10 09:40:00,2968895
84.9,67.1,92.5,72.7,2026-06-10 10:00:00,2968895
86.9,63.9,95.7,73.1,2026-06-10 10:20:00,2968895
87.2,62.3,95.7,72.8,2026-06-10 10:40:00,2968895
86.4,60.4,93.6,71.0,2026-06-10 11:00:00,2968895
85.9,61.1,92.7,70.9,2026-06-10 11:20:00,2968895
87.2,60.1,94.8,71.6,2026-06-10 11:40:00,2968895
87.7,58.1,95.2,71.1,2026-06-10 12:00:00,2968895
89.2,54.4,97.0,70.6,2026-06-10 12:20:00,2968895
89.0,53.5,96.1,69.9,2026-06-10 12:40:00,2968895
89.7,53.4,97.7,70.5,2026-06-10 13:00:00,2968895
89.8,51.0,96.4,69.2,2026-06-10 13:20:00,2968895
93.3,47.0,102.0,70.1,2026-06-10 13:40:00,2968895
92.8,47.5,101.1,69.9,2026-06-10 14:00:00,2968895
91.3,48.8,99.0,69.3,2026-06-10 14:20:00,2968895
90.9,50.4,99.1,69.9,2026-06-10 14:40:00,2968895
92.9,48.0,101.8,70.3,2026-06-10 15:00:00,2968895
93.2,46.1,101.5,69.4,2026-06-10 15:20:00,2968895
94.8,44.5,103.6,69.8,2026-06-10 15:40:00,2968895
92.3,46.5,99.7,68.8,2026-06-10 16:00:00,2968895
93.9,44.9,102.2,69.3,2026-06-10 16:20:00,2968895
94.8,44.1,103.5,69.5,2026-06-10 16:40:00,2968895
94.3,45.1,102.7,69.7,2026-06-10 17:00:00,2968895
93.7,44.6,101.3,68.8,2026-06-10 17:20:00,2968895
94.8,45.2,104.0,70.2,2026-06-10 17:40:00,2968895
93.7,46.0,102.6,69.8,2026-06-10 18:00:00,2968895
93.3,46.2,101.5,69.5,2026-06-10 18:20:00,2968895
91.8,47.3,99.3,68.8,2026-06-10 18:40:00,2968895
91.1,48.3,98.4,68.9,2026-06-10 19:00:00,2968895
91.0,48.0,97.9,68.6,2026-06-10 19:20:00,2968895
91.0,48.6,98.1,69.0,2026-06-10 19:40:00,2968895
89.8,50.0,96.4,68.6,2026-06-10 20:00:00,2968895
88.9,51.4,95.2,68.7,2026-06-10 20:20:00,2968895
88.2,53.1,94.3,68.9,2026-06-10 20:40:00,2968895
87.5,54.0,93.2,68.8,2026-06-10 21:00:00,2968895
87.1,55.0,93.0,69.0,2026-06-10 21:20:00,2968895
86.4,56.6,92.1,69.2,2026-06-10 21:40:00,2968895
85.7,58.1,91.2,69.3,2026-06-10 22:00:00,2968895
85.2,59.3,90.7,69.4,2026-06-10 22:20:00,2968895
84.4,61.1,89.2,69.5,2026-06-10 22:40:00,2968895
83.9,62.4,89.1,69.6,2026-06-10 23:00:00,2968895
83.3,63.4,88.0,69.6,2026-06-10 23:20:00,2968895
82.9,64.2,87.3,69.5,2026-06-10 23:40:00,2968895
82.5,65.3,86.7,69.7,2026-06-11 00:00:00,2968895
82.3,65.8,86.5,69.7,2026-06-11 00:20:00,2968895
81.4,67.2,85.3,69.5,2026-06-11 00:40:00,2968895
81.2,68.2,85.1,69.7,2026-06-11 01:00:00,2968895
80.9,68.7,84.7,69.7,2026-06-11 01:20:00,2968895
80.6,69.4,84.6,69.7,2026-06-11 01:40:00,2968895
79.9,70.8,83.3,69.5,2026-06-11 02:00:00,2968895
79.5,71.5,82.8,69.4,2026-06-11 02:20:00,2968895
79.2,71.8,82.6,69.3,2026-06-11 02:40:00,2968895
78.6,72.3,81.7,69.0,2026-06-11 03:00:00,2968895
78.2,73.0,80.8,68.8,2026-06-11 03:20:00,2968895
77.8,73.4,80.1,68.6,2026-06-11 03:40:00,2968895
77.5,74.3,79.7,68.6,2026-06-11 04:00:00,2968895
77.1,75.0,79.2,68.6,2026-06-11 04:20:00,2968895
76.8,75.4,78.8,68.5,2026-06-11 04:40:00,2968895
76.5,75.7,78.3,68.3,2026-06-11 05:00:00,2968895
76.1,75.8,77.7,67.9,2026-06-11 05:20:00,2968895
75.8,76.1,77.4,67.7,2026-06-11 05:40:00,2968895
75.6,76.2,77.2,67.6,2026-06-11 06:00:00,2968895
75.5,76.3,77.0,67.6,2026-06-11 06:20:00,2968895
75.6,76.4,77.2,67.6,2026-06-11 06:40:00,2968895
76.1,76.1,77.7,68.0,2026-06-11 07:00:00,2968895
76.9,75.2,78.8,68.4,2026-06-11 07:20:00,2968895
77.7,74.1,80.2,68.8,2026-06-11 07:40:00,2968895
78.9,72.7,82.0,69.4,2026-06-11 08:00:00,2968895
80.1,71.1,84.0,69.9,2026-06-11 08:20:00,2968895
82.0,69.5,86.7,71.1,2026-06-11 08:40:00,2968895
86.1,65.9,95.0,73.3,2026-06-11 09:00:00,2968895
89.6,58.2,99.5,73.0,2026-06-11 09:20:00,2968895
91.9,55.4,103.6,73.6,2026-06-11 09:40:00,2968895
92.3,53.3,103.8,72.9,2026-06-11 10:00:00,2968895
92.8,51.6,103.6,72.4,2026-06-11 10:20:00,2968895
94.3,48.9,105.1,72.1,2026-06-11 10:40:00,2968895
95.3,47.9,107.2,72.4,2026-06-11 11:00:00,2968895
95.8,47.7,108.3,72.7,2026-06-11 11:20:00,2968895
96.3,46.7,108.9,72.6,2026-06-11 11:40:00,2968895
96.5,44.9,107.8,71.6,2026-06-11 12:00:00,2968895
96.6,44.7,108.1,71.6,2026-06-11 12:20:00,2968895
98.0,43.5,110.1,72.0,2026-06-11 12:40:00,2968895
97.0,41.8,107.1,69.9,2026-06-11 13:00:00,2968895
99.1,40.1,109.9,70.6,2026-06-11 13:20:00,2968895
99.0,40.2,110.1,70.6,2026-06-11 13:40:00,2968895
99.2,39.8,110.1,70.4,2026-06-11 14:00:00,2968895
100.9,38.1,112.5,70.7,2026-06-11 14:20:00,2968895
101.7,36.1,112.8,69.8,2026-06-11 14:40:00,2968895
101.7,35.9,112.5,69.6,2026-06-11 15:00:00,2968895
101.4,34.6,110.8,68.3,2026-06-11 15:20:00,2968895
102.8,32.4,111.7,67.6,2026-06-11 15:40:00,2968895
103.3,33.5,113.9,69.0,2026-06-11 16:00:00,2968895
101.4,34.7,110.8,68.4,2026-06-11 16:20:00,2968895
100.4,37.1,110.8,69.4,2026-06-11 16:40:00,2968895
100.9,36.9,111.6,69.7,2026-06-11 17:00:00,2968895
99.4,39.2,110.1,70.3,2026-06-11 17:20:00,2968895
98.5,39.6,108.5,69.7,2026-06-11 17:40:00,2968895
96.5,41.5,105.6,69.2,2026-06-11 18:00:00,2968895
79.5,78.3,84.2,72.2,2026-06-11 18:20:00,2968895
79.0,87.6,85.5,75.0,2026-06-11 18:40:00,2968895
79.8,83.5,86.2,74.3,2026-06-11 19:00:00,2968895
80.9,86.5,89.2,76.6,2026-06-11 19:20:00,2968895
81.7,85.2,90.9,76.8,2026-06-11 19:40:00,2968895
82.0,82.9,90.5,76.3,2026-06-11 20:00:00,2968895
81.2,86.8,90.0,76.8,2026-06-11 20:20:00,2968895
80.6,85.0,88.3,75.7,2026-06-11 20:40:00,2968895
80.7,84.8,88.3,75.7,2026-06-11 21:00:00,2968895
81.4,82.6,89.2,75.6,2026-06-11 21:20:00,2968895
82.5,76.8,89.8,74.4,2026-06-11 21:40:00,2968895
84.3,69.8,92.3,73.3,2026-06-11 22:00:00,2968895
84.6,68.3,92.7,73.0,2026-06-11 22:20:00,2968895
84.7,65.6,91.6,71.9,2026-06-11 22:40:00,2968895
84.0,66.2,90.7,71.6,2026-06-11 23:00:00,2968895
83.4,67.0,89.2,71.3,2026-06-11 23:20:00,2968895
83.4,66.4,89.1,71.0,2026-06-11 23:40:00,2968895
82.9,66.5,87.8,70.6,2026-06-12 00:00:00,2968895
82.4,67.5,87.3,70.5,2026-06-12 00:20:00,2968895
81.8,68.7,86.2,70.5,2026-06-12 00:40:00,2968895
81.4,69.6,86.0,70.5,2026-06-12 01:00:00,2968895
81.3,70.3,85.8,70.7,2026-06-12 01:20:00,2968895
81.0,71.1,85.6,70.8,2026-06-12 01:40:00,2968895
80.5,72.5,84.9,70.9,2026-06-12 02:00:00,2968895
80.0,74.6,84.4,71.1,2026-06-12 02:20:00,2968895
79.7,75.3,84.2,71.2,2026-06-12 02:40:00,2968895
79.4,76.0,83.7,71.2,2026-06-12 03:00:00,2968895
79.2,77.0,83.7,71.4,2026-06-12 03:20:00,2968895
78.8,77.7,82.9,71.3,2026-06-12 03:40:00,2968895
78.9,77.8,82.9,71.4,2026-06-12 04:00:00,2968895
78.9,78.2,83.1,71.6,2026-06-12 04:20:00,2968895
78.8,78.8,83.3,71.7,2026-06-12 04:40:00,2968895
78.4,79.5,82.4,71.6,2026-06-12 05:00:00,2968895
78.2,80.2,82.0,71.6,2026-06-12 05:20:00,2968895
77.9,80.9,81.9,71.6,2026-06-12 05:40:00,2968895
77.8,81.8,81.5,71.8,2026-06-12 06:00:00,2968895
77.7,82.1,81.7,71.8,2026-06-12 06:20:00,2968895
78.2,82.0,82.4,72.2,2026-06-12 06:40:00,2968895
79.3,81.1,84.4,73.0,2026-06-12 07:00:00,2968895
80.7,79.2,87.1,73.6,2026-06-12 07:20:00,2968895
82.2,76.5,89.1,74.0,2026-06-12 07:40:00,2968895
83.0,74.2,90.5,74.0,2026-06-12 08:00:00,2968895
83.7,73.1,92.1,74.1,2026-06-12 08:20:00,2968895
84.2,72.1,92.7,74.2,2026-06-12 08:40:00,2968895
88.0,70.1,101.5,77.0,2026-06-12 09:00:00,2968895
92.0,58.3,105.8,75.3,2026-06-12 09:20:00,2968895
94.7,53.0,109.2,74.8,2026-06-12 09:40:00,2968895
93.7,51.0,105.8,72.9,2026-06-12 10:00:00,2968895
94.9,49.0,106.9,72.7,2026-06-12 10:20:00,2968895
98.0,45.8,111.9,73.5,2026-06-12 10:40:00,2968895
98.6,42.6,110.8,71.9,2026-06-12 11:00:00,2968895
98.4,40.0,108.5,69.9,2026-06-12 11:20:00,2968895
100.1,38.3,111.0,70.1,2026-06-12 11:40:00,2968895
99.3,37.4,108.9,68.8,2026-06-12 12:00:00,2968895
99.0,38.9,109.2,69.6,2026-06-12 12:20:00,2968895
99.5,36.8,108.7,68.4,2026-06-12 12:40:00,2968895
99.2,36.5,107.8,67.9,2026-06-12 13:00:00,2968895
100.3,35.6,109.2,68.1,2026-06-12 13:20:00,2968895
101.3,33.7,109.9,67.4,2026-06-12 13:40:00,2968895
101.3,32.6,109.0,66.5,2026-06-12 14:00:00,2968895
102.0,31.0,109.0,65.7,2026-06-12 14:20:00,2968895
102.6,33.0,111.9,68.0,2026-06-12 14:40:00,2968895
101.3,35.3,111.4,68.8,2026-06-12 15:00:00,2968895
102.5,33.1,111.7,68.0,2026-06-12 15:20:00,2968895
104.1,29.0,111.2,65.6,2026-06-12 15:40:00,2968895
104.2,30.5,112.6,67.1,2026-06-12 16:00:00,2968895
105.1,30.5,114.4,67.9,2026-06-12 16:20:00,2968895
105.0,30.9,114.6,68.1,2026-06-12 16:40:00,2968895
105.0,30.4,113.9,67.6,2026-06-12 17:00:00,2968895
105.5,29.9,114.6,67.7,2026-06-12 17:20:00,2968895
103.6,30.7,111.6,66.7,2026-06-12 17:40:00,2968895
102.5,31.6,110.5,66.7,2026-06-12 18:00:00,2968895
101.4,31.5,108.3,65.6,2026-06-12 18:20:00,2968895
100.1,32.6,106.7,65.4,2026-06-12 18:40:00,2968895
99.2,34.8,106.5,66.5,2026-06-12 19:00:00,2968895
98.7,35.3,105.8,66.5,2026-06-12 19:20:00,2968895
98.3,35.5,105.4,66.4,2026-06-12 19:40:00,2968895
97.3,36.9,104.4,66.6,2026-06-12 20:00:00,2968895
96.2,39.1,103.6,67.2,2026-06-12 20:20:00,2968895
95.5,40.0,102.6,67.3,2026-06-12 20:40:00,2968895
94.5,41.3,101.5,67.4,2026-06-12 21:00:00,2968895
94.0,41.9,100.8,67.4,2026-06-12 21:20:00,2968895
93.4,43.4,100.4,67.8,2026-06-12 21:40:00,2968895
93.0,44.0,100.0,67.9,2026-06-12 22:00:00,2968895
92.1,46.6,99.3,68.7,2026-06-12 22:20:00,2968895
90.3,48.5,96.6,68.2,2026-06-12 22:40:00,2968895
90.0,46.8,95.4,66.9,2026-06-12 23:00:00,2968895
88.9,45.9,92.7,65.4,2026-06-12 23:20:00,2968895
88.0,46.5,91.4,64.9,2026-06-12 23:40:00,2968895
86.7,47.2,89.2,64.2,2026-06-13 00:00:00,2968895
85.7,48.7,88.2,64.2,2026-06-13 00:20:00,2968895
85.0,50.1,87.4,64.4,2026-06-13 00:40:00,2968895
84.0,52.1,86.2,64.5,2026-06-13 01:00:00,2968895
83.3,53.5,85.5,64.7,2026-06-13 01:20:00,2968895
83.4,54.5,85.8,65.3,2026-06-13 01:40:00,2968895
82.9,55.6,84.9,65.4,2026-06-13 02:00:00,2968895
82.1,57.0,84.0,65.3,2026-06-13 02:20:00,2968895
81.7,57.3,83.5,65.1,2026-06-13 02:40:00,2968895
81.2,58.4,83.1,65.3,2026-06-13 03:00:00,2968895
80.3,59.9,81.9,65.1,2026-06-13 03:20:00,2968895
80.0,60.8,81.7,65.2,2026-06-13 03:40:00,2968895
79.6,62.0,81.3,65.4,2026-06-13 04:00:00,2968895
79.2,63.4,81.0,65.6,2026-06-13 04:20:00,2968895
78.8,63.8,80.4,65.5,2026-06-13 04:40:00,2968895
78.5,65.1,80.1,65.8,2026-06-13 05:00:00,2968895
78.5,65.0,80.1,65.8,2026-06-13 05:20:00,2968895
78.2,65.7,79.5,65.8,2026-06-13 05:40:00,2968895
78.0,66.8,79.5,66.0,2026-06-13 06:00:00,2968895
77.8,68.4,79.5,66.5,2026-06-13 06:20:00,2968895
78.1,66.9,79.9,66.2,2026-06-13 06:40:00,2968895
78.8,66.4,81.0,66.7,2026-06-13 07:00:00,2968895
79.5,65.3,81.7,66.8,2026-06-13 07:20:00,2968895
80.1,65.2,82.8,67.3,2026-06-13 07:40:00,2968895
80.8,64.7,83.8,67.8,2026-06-13 08:00:00,2968895
82.0,63.6,85.3,68.4,2026-06-13 08:20:00,2968895
83.4,61.2,87.4,68.6,2026-06-13 08:40:00,2968895
86.1,58.4,92.1,69.8,2026-06-13 09:00:00,2968895
89.4,52.7,96.4,69.8,2026-06-13 09:20:00,2968895
91.5,50.5,100.2,70.5,2026-06-13 09:40:00,2968895
92.2,49.4,101.1,70.5,2026-06-13 10:00:00,2968895
89.2,49.5,94.6,67.8,2026-06-13 10:20:00,2968895
90.9,49.8,98.8,69.5,2026-06-13 10:40:00,2968895
92.9,47.3,101.3,69.9,2026-06-13 11:00:00,2968895
93.0,46.4,100.9,69.4,2026-06-13 11:20:00,2968895
91.4,48.5,99.1,69.2,2026-06-13 11:40:00,2968895
92.8,47.1,100.9,69.6,2026-06-13 12:00:00,2968895
93.4,45.9,101.8,69.5,2026-06-13 12:20:00,2968895
94.3,46.2,103.5,70.4,2026-06-13 12:40:00,2968895
94.3,45.3,102.7,69.8,2026-06-13 13:00:00,2968895
96.8,42.6,107.2,70.3,2026-06-13 13:20:00,2968895
94.8,43.4,103.3,69.1,2026-06-13 13:40:00,2968895
95.4,41.3,103.3,68.1,2026-06-13 14:00:00,2968895
95.8,42.1,104.5,69.1,2026-06-13 14:20:00,2968895
98.7,40.1,109.2,70.2,2026-06-13 14:40:00,2968895
95.4,41.4,103.3,68.2,2026-06-13 15:00:00,2968895
95.7,41.3,104.2,68.4,2026-06-13 15:20:00,2968895
98.3,40.4,108.7,70.1,2026-06-13 15:40:00,2968895
96.5,39.2,104.4,67.7,2026-06-13 16:00:00,2968895
99.8,37.3,109.6,69.1,2026-06-13 16:20:00,2968895
97.9,36.8,105.4,67.0,2026-06-13 16:40:00,2968895
101.0,35.6,111.0,68.8,2026-06-13 17:00:00,2968895
95.7,40.0,102.9,67.5,2026-06-13 17:20:00,2968895
100.7,36.4,110.7,69.1,2026-06-13 17:40:00,2968895
97.9,36.7,105.4,67.0,2026-06-13 18:00:00,2968895
96.4,38.9,103.8,67.3,2026-06-13 18:20:00,2968895
96.6,39.1,104.4,67.6,2026-06-13 18:40:00,2968895
96.0,38.9,103.1,67.0,2026-06-13 19:00:00,2968895
95.2,39.7,101.8,66.8,2026-06-13 19:20:00,2968895
94.2,40.4,100.2,66.4,2026-06-13 19:40:00,2968895
93.7,42.5,100.4,67.5,2026-06-13 20:00:00,2968895
93.0,44.8,100.0,68.4,2026-06-13 20:20:00,2968895
91.8,45.9,98.6,68.0,2026-06-13 20:40:00,2968895
88.0,50.5,92.8,67.3,2026-06-13 21:00:00,2968895
85.9,57.9,91.6,69.4,2026-06-13 21:20:00,2968895
83.9,62.1,88.9,69.5,2026-06-13 21:40:00,2968895
80.4,70.1,84.0,69.8,2026-06-13 22:00:00,2968895
79.3,70.8,82.4,69.0,2026-06-13 22:20:00,2968895
78.2,74.8,81.0,69.6,2026-06-13 22:40:00,2968895
78.4,74.4,81.3,69.6,2026-06-13 23:00:00,2968895
79.4,71.1,82.8,69.2,2026-06-13 23:20:00,2968895
79.7,70.0,82.8,69.0,2026-06-13 23:40:00,2968895
80.4,68.3,83.8,69.0,2026-06-14 00:00:00,2968895
80.1,69.1,83.7,69.0,2026-06-14 00:20:00,2968895
79.8,69.8,83.1,69.0,2026-06-14 00:40:00,2968895
78.5,73.0,81.3,69.1,2026-06-14 01:00:00,2968895
77.2,77.2,79.7,69.5,2026-06-14 01:20:00,2968895
76.9,78.0,79.2,69.5,2026-06-14 01:40:00,2968895
76.4,79.0,78.3,69.4,2026-06-14 02:00:00,2968895
76.1,80.1,78.3,69.5,2026-06-14 02:20:00,2968895
75.5,80.9,77.5,69.3,2026-06-14 02:40:00,2968895
75.0,82.5,77.0,69.3,2026-06-14 03:00:00,2968895
74.9,83.0,77.2,69.4,2026-06-14 03:20:00,2968895
74.6,83.8,76.8,69.4,2026-06-14 03:40:00,2968895
74.3,84.8,76.6,69.4,2026-06-14 04:00:00,2968895
74.4,85.3,76.6,69.6,2026-06-14 04:20:00,2968895
74.0,86.3,76.3,69.7,2026-06-14 04:40:00,2968895
73.7,87.5,76.1,69.7,2026-06-14 05:00:00,2968895
73.4,88.4,75.7,69.8,2026-06-14 05:20:00,2968895
73.4,89.0,75.9,70.0,2026-06-14 05:40:00,2968895
73.1,89.7,75.4,69.9,2026-06-14 06:00:00,2968895
73.1,90.1,75.6,70.0,2026-06-14 06:20:00,2968895
73.7,89.1,76.1,70.3,2026-06-14 06:40:00,2968895
74.0,88.6,76.5,70.4,2026-06-14 07:00:00,2968895
74.8,87.9,77.4,70.9,2026-06-14 07:20:00,2968895
75.8,86.6,78.6,71.5,2026-06-14 07:40:00,2968895
76.9,84.5,80.1,71.9,2026-06-14 08:00:00,2968895
78.3,82.2,82.8,72.5,2026-06-14 08:20:00,2968895
80.5,78.0,86.4,73.0,2026-06-14 08:40:00,2968895
82.0,75.3,88.7,73.4,2026-06-14 09:00:00,2968895
84.7,70.6,93.4,74.0,2026-06-14 09:20:00,2968895
85.9,67.8,95.4,74.0,2026-06-14 09:40:00,2968895
89.7,63.6,102.7,75.7,2026-06-14 10:00:00,2968895
90.4,57.0,101.1,73.1,2026-06-14 10:20:00,2968895
91.6,56.0,103.6,73.7,2026-06-14 10:40:00,2968895
94.4,51.5,107.2,73.7,2026-06-14 11:00:00,2968895
95.6,50.3,109.8,74.1,2026-06-14 11:20:00,2968895
96.1,48.4,109.8,73.5,2026-06-14 11:40:00,2968895
94.4,50.1,106.5,72.9,2026-06-14 12:00:00,2968895
94.5,50.5,107.2,73.3,2026-06-14 12:20:00,2968895
96.3,46.8,108.9,72.6,2026-06-14 12:40:00,2968895
94.0,50.4,105.6,72.7,2026-06-14 13:00:00,2968895
94.4,48.7,105.6,72.1,2026-06-14 13:20:00,2968895
94.2,46.8,103.8,70.7,2026-06-14 13:40:00,2968895
97.3,44.4,109.2,72.1,2026-06-14 14:00:00,2968895
99.0,36.1,107.2,67.4,2026-06-14 14:20:00,2968895
99.0,36.2,107.2,67.5,2026-06-14 14:40:00,2968895
99.2,35.3,106.9,67.0,2026-06-14 15:00:00,2968895
99.5,36.0,108.1,67.7,2026-06-14 15:20:00,2968895
100.9,34.7,109.8,68.0,2026-06-14 15:40:00,2968895
102.1,33.8,111.6,68.2,2026-06-14 16:00:00,2968895
98.5,36.4,106.3,67.3,2026-06-14 16:20:00,2968895
98.3,37.3,106.5,67.7,2026-06-14 16:40:00,2968895
97.7,38.4,106.3,68.1,2026-06-14 17:00:00,2968895
99.8,36.6,108.9,68.5,2026-06-14 17:20:00,2968895
98.9,30.9,103.1,62.9,2026-06-14 17:40:00,2968895
99.8,31.3,104.9,64.0,2026-06-14 18:00:00,2968895
98.3,32.7,103.3,64.0,2026-06-14 18:20:00,2968895
97.3,33.7,102.2,64.0,2026-06-14 18:40:00,2968895
94.0,40.4,99.9,66.3,2026-06-14 19:00:00,2968895
86.8,54.1,91.9,68.2,2026-06-14 19:20:00,2968895
81.8,75.4,88.0,73.2,2026-06-14 19:40:00,2968895
81.3,78.0,87.8,73.8,2026-06-14 20:00:00,2968895
81.4,74.6,87.1,72.6,2026-06-14 20:20:00,2968895
81.7,75.9,88.2,73.3,2026-06-14 20:40:00,2968895
81.6,68.7,86.0,70.3,2026-06-14 21:00:00,2968895
82.0,68.9,86.5,70.8,2026-06-14 21:20:00,2968895
82.1,70.8,87.4,71.7,2026-06-14 21:40:00,2968895
81.6,71.8,86.7,71.6,2026-06-14 22:00:00,2968895
81.8,71.6,87.1,71.7,2026-06-14 22:20:00,2968895
81.6,70.8,86.5,71.2,2026-06-14 22:40:00,2968895
81.4,70.7,86.2,71.0,2026-06-14 23:00:00,2968895
81.2,70.7,85.8,70.8,2026-06-14 23:20:00,2968895
80.9,71.1,85.3,70.6,2026-06-14 23:40:00,2968895
80.7,71.3,84.9,70.6,2026-06-15 00:00:00,2968895
80.4,71.8,84.7,70.5,2026-06-15 00:20:00,2968895
80.2,72.7,84.4,70.6,2026-06-15 00:40:00,2968895
80.0,73.6,84.2,70.8,2026-06-15 01:00:00,2968895
79.8,74.2,84.0,70.9,2026-06-15 01:20:00,2968895
79.8,74.7,84.0,71.0,2026-06-15 01:40:00,2968895
79.6,75.2,83.8,71.1,2026-06-15 02:00:00,2968895
79.5,75.6,84.0,71.2,2026-06-15 02:20:00,2968895
79.4,75.8,83.7,71.2,2026-06-15 02:40:00,2968895
79.4,76.2,83.8,71.3,2026-06-15 03:00:00,2968895
79.1,76.9,83.3,71.2,2026-06-15 03:20:00,2968895
78.8,77.4,82.6,71.1,2026-06-15 03:40:00,2968895
78.5,78.0,82.4,71.0,2026-06-15 04:00:00,2968895
78.2,78.9,81.9,71.0,2026-06-15 04:20:00,2968895
77.7,79.9,81.0,71.0,2026-06-15 04:40:00,2968895
77.3,80.8,80.4,70.9,2026-06-15 05:00:00,2968895
76.8,81.1,79.7,70.6,2026-06-15 05:20:00,2968895
77.4,77.2,80.1,69.6,2026-06-15 05:40:00,2968895
77.5,75.0,79.9,69.0,2026-06-15 06:00:00,2968895
77.2,74.2,79.0,68.3,2026-06-15 06:20:00,2968895
77.4,69.8,79.0,66.7,2026-06-15 06:40:00,2968895
77.6,65.4,78.6,65.1,2026-06-15 07:00:00,2968895
77.6,64.1,78.4,64.5,2026-06-15 07:20:00,2968895
77.3,63.0,77.9,63.7,2026-06-15 07:40:00,2968895
77.0,63.0,77.2,63.4,2026-06-15 08:00:00,2968895
77.2,60.9,77.2,62.6,2026-06-15 08:20:00,2968895
78.3,57.2,78.6,61.9,2026-06-15 08:40:00,2968895
78.3,56.7,78.6,61.7,2026-06-15 09:00:00,2968895
78.5,55.4,78.6,61.2,2026-06-15 09:20:00,2968895
78.0,50.5,77.2,58.1,2026-06-15 09:40:00,2968895
78.4,47.8,77.2,57.0,2026-06-15 10:00:00,2968895
79.9,44.5,78.8,56.4,2026-06-15 10:20:00,2968895
83.9,38.9,82.8,56.2,2026-06-15 10:40:00,2968895
83.8,39.4,82.8,56.5,2026-06-15 11:00:00,2968895
84.3,37.8,83.1,55.8,2026-06-15 11:20:00,2968895
84.8,37.1,83.8,55.7,2026-06-15 11:40:00,2968895
85.0,33.0,82.9,52.7,2026-06-15 12:00:00,2968895
84.9,34.7,83.5,54.0,2026-06-15 12:20:00,2968895
85.7,35.4,84.6,55.2,2026-06-15 12:40:00,2968895
86.6,34.6,85.5,55.4,2026-06-15 13:00:00,2968895
85.6,33.3,83.8,53.4,2026-06-15 13:20:00,2968895
86.9,30.9,84.9,52.6,2026-06-15 13:40:00,2968895
88.5,31.0,87.1,54.0,2026-06-15 14:00:00,2968895
89.5,30.4,88.2,54.3,2026-06-15 14:20:00,2968895
90.1,29.0,88.5,53.6,2026-06-15 14:40:00,2968895
89.5,28.8,87.8,52.9,2026-06-15 15:00:00,2968895
89.5,29.9,88.0,53.9,2026-06-15 15:20:00,2968895
91.1,28.8,90.0,54.3,2026-06-15 15:40:00,2968895
92.0,29.6,91.6,55.8,2026-06-15 16:00:00,2968895
93.1,28.5,92.8,55.7,2026-06-15 16:20:00,2968895
92.1,27.6,91.2,54.0,2026-06-15 16:40:00,2968895
92.1,27.7,91.0,54.0,2026-06-15 17:00:00,2968895
93.3,26.9,92.3,54.2,2026-06-15 17:20:00,2968895
92.1,27.4,90.9,53.7,2026-06-15 17:40:00,2968895
89.6,29.7,88.2,53.8,2026-06-15 18:00:00,2968895
87.3,30.8,85.5,52.8,2026-06-15 18:20:00,2968895
87.0,32.0,85.3,53.5,2026-06-15 18:40:00,2968895
86.7,32.5,85.3,53.8,2026-06-15 19:00:00,2968895
86.1,33.5,84.4,54.0,2026-06-15 19:20:00,2968895
85.5,34.1,84.0,54.0,2026-06-15 19:40:00,2968895
84.7,34.5,82.9,53.6,2026-06-15 20:00:00,2968895
83.9,35.5,82.2,53.7,2026-06-15 20:20:00,2968895
83.0,36.3,81.1,53.5,2026-06-15 20:40:00,2968895
81.8,37.5,79.7,53.4,2026-06-15 21:00:00,2968895
80.7,38.6,78.6,53.2,2026-06-15 21:20:00,2968895
79.5,39.4,77.4,52.6,2026-06-15 21:40:00,2968895
78.5,40.2,76.5,52.3,2026-06-15 22:00:00,2968895
77.6,41.2,75.6,52.2,2026-06-15 22:20:00,2968895
77.4,41.5,75.2,52.1,2026-06-15 22:40:00,2968895
76.7,42.2,74.7,52.0,2026-06-15 23:00:00,2968895
76.2,43.5,74.3,52.4,2026-06-15 23:20:00,2968895
75.1,45.2,73.6,52.4,2026-06-15 23:40:00,2968895
74.7,46.3,73.2,52.7,2026-06-16 00:00:00,2968895
74.1,47.5,72.7,52.9,2026-06-16 00:20:00,2968895
74.4,46.9,73.0,52.8,2026-06-16 00:40:00,2968895
73.4,48.2,72.3,52.6,2026-06-16 01:00:00,2968895
73.0,49.1,71.8,52.7,2026-06-16 01:20:00,2968895
72.6,49.1,71.6,52.4,2026-06-16 01:40:00,2968895
72.3,48.8,71.2,52.0,2026-06-16 02:00:00,2968895
72.2,48.1,71.2,51.5,2026-06-16 02:20:00,2968895
72.0,48.4,71.1,51.5,2026-06-16 02:40:00,2968895
71.6,48.7,70.7,51.3,2026-06-16 03:00:00,2968895
71.4,49.1,70.3,51.3,2026-06-16 03:20:00,2968895
71.0,49.2,70.0,51.0,2026-06-16 03:40:00,2968895
70.6,49.9,69.6,51.0,2026-06-16 04:00:00,2968895
70.2,51.1,69.3,51.3,2026-06-16 04:20:00,2968895
69.6,52.1,68.5,51.3,2026-06-16 04:40:00,2968895
69.3,52.8,68.2,51.4,2026-06-16 05:00:00,2968895
69.1,53.6,67.6,51.5,2026-06-16 05:20:00,2968895
69.1,53.5,67.6,51.5,2026-06-16 05:40:00,2968895
69.0,54.2,67.6,51.8,2026-06-16 06:00:00,2968895
92.2,31.6,92.7,57.8,2026-06-05 11:40:00,2558026
92.9,27.9,92.3,54.9,2026-06-05 12:00:00,2558026
91.7,29.3,91.0,55.2,2026-06-05 12:20:00,2558026
92.3,28.1,91.4,54.6,2026-06-05 12:40:00,2558026
92.6,28.3,91.9,55.0,2026-06-05 13:00:00,2558026
92.3,27.4,91.4,53.9,2026-06-05 13:20:00,2558026
92.9,27.9,92.3,54.9,2026-06-05 13:40:00,2558026
94.2,27.2,93.9,55.3,2026-06-05 14:00:00,2558026
95.6,26.2,95.7,55.5,2026-06-05 14:20:00,2558026
95.6,26.1,95.7,55.3,2026-06-05 14:40:00,2558026
94.2,25.6,93.2,53.6,2026-06-05 15:00:00,2558026
95.3,26.1,95.2,55.0,2026-06-05 15:20:00,2558026
95.8,24.6,95.2,53.9,2026-06-05 15:40:00,2558026
97.3,24.9,97.3,55.5,2026-06-05 16:00:00,2558026
98.0,25.9,99.0,57.1,2026-06-05 16:20:00,2558026
98.2,25.2,99.0,56.6,2026-06-05 16:40:00,2558026
97.1,24.1,96.8,54.4,2026-06-05 17:00:00,2558026
97.1,25.6,97.5,56.1,2026-06-05 17:20:00,2558026
96.9,26.2,97.5,56.6,2026-06-05 17:40:00,2558026
96.2,26.4,96.4,56.2,2026-06-05 18:00:00,2558026
94.9,27.1,95.0,55.8,2026-06-05 18:20:00,2558026
91.2,29.6,90.5,55.2,2026-06-05 18:40:00,2558026
89.8,31.1,89.1,55.3,2026-06-05 19:00:00,2558026
89.2,31.8,88.2,55.3,2026-06-05 19:20:00,2558026
88.2,33.6,87.4,56.0,2026-06-05 19:40:00,2558026
86.3,35.4,85.3,55.7,2026-06-05 20:00:00,2558026
84.4,37.2,83.3,55.4,2026-06-05 20:20:00,2558026
83.3,38.7,82.0,55.5,2026-06-05 20:40:00,2558026
79.2,45.4,78.1,56.3,2026-06-05 21:00:00,2558026
76.2,49.5,74.8,55.9,2026-06-05 21:20:00,2558026
74.5,55.8,73.9,57.7,2026-06-05 21:40:00,2558026
73.2,59.1,73.0,58.1,2026-06-05 22:00:00,2558026
72.1,59.5,71.8,57.3,2026-06-05 22:20:00,2558026
72.4,59.7,72.1,57.6,2026-06-05 22:40:00,2558026
72.4,59.6,72.1,57.6,2026-06-05 23:00:00,2558026
72.0,59.5,71.8,57.1,2026-06-05 23:20:00,2558026
70.8,62.5,70.9,57.3,2026-06-05 23:40:00,2558026
69.8,65.5,69.4,57.7,2026-06-06 00:00:00,2558026
68.9,66.4,68.4,57.2,2026-06-06 00:20:00,2558026
68.0,68.9,67.5,57.4,2026-06-06 00:40:00,2558026
67.0,70.3,66.2,57.1,2026-06-06 01:00:00,2558026
66.6,72.0,65.8,57.3,2026-06-06 01:20:00,2558026
65.9,73.0,64.9,57.0,2026-06-06 01:40:00,2558026
65.4,75.1,64.6,57.3,2026-06-06 02:00:00,2558026
64.9,76.1,64.2,57.2,2026-06-06 02:20:00,2558026
64.8,76.9,64.2,57.4,2026-06-06 02:40:00,2558026
64.6,77.2,64.0,57.3,2026-06-06 03:00:00,2558026
64.1,78.7,63.5,57.4,2026-06-06 03:20:00,2558026
63.4,80.0,63.0,57.2,2026-06-06 03:40:00,2558026
62.9,81.2,62.6,57.0,2026-06-06 04:00:00,2558026
62.5,82.7,62.4,57.2,2026-06-06 04:20:00,2558026
62.1,83.5,62.1,57.0,2026-06-06 04:40:00,2558026
61.3,84.7,61.2,56.6,2026-06-06 05:00:00,2558026
60.9,85.8,60.8,56.6,2026-06-06 05:20:00,2558026
60.6,86.5,60.6,56.6,2026-06-06 05:40:00,2558026
60.2,87.1,60.3,56.4,2026-06-06 06:00:00,2558026
60.5,87.7,60.6,56.8,2026-06-06 06:20:00,2558026
61.0,87.6,61.0,57.3,2026-06-06 06:40:00,2558026
63.9,86.1,63.9,59.7,2026-06-06 07:00:00,2558026
71.7,74.1,72.5,63.0,2026-06-06 07:20:00,2558026
73.4,69.3,74.1,62.8,2026-06-06 07:40:00,2558026
76.5,59.8,76.3,61.5,2026-06-06 08:00:00,2558026
80.4,55.7,81.1,63.1,2026-06-06 08:20:00,2558026
80.7,54.4,81.5,62.7,2026-06-06 08:40:00,2558026
81.4,51.4,81.9,61.8,2026-06-06 09:00:00,2558026
82.5,47.4,82.4,60.5,2026-06-06 09:20:00,2558026
85.8,48.1,88.3,63.9,2026-06-06 09:40:00,2558026
84.4,46.8,85.6,61.9,2026-06-06 10:00:00,2558026
86.0,44.3,87.1,61.7,2026-06-06 10:20:00,2558026
86.3,44.2,87.6,62.0,2026-06-06 10:40:00,2558026
87.1,41.1,88.2,60.7,2026-06-06 11:00:00,2558026
88.4,41.3,90.1,61.9,2026-06-06 11:20:00,2558026
88.5,39.0,89.8,60.4,2026-06-06 11:40:00,2558026
90.5,38.4,93.0,61.8,2026-06-06 12:00:00,2558026
90.4,37.7,92.3,61.1,2026-06-06 12:20:00,2558026
91.2,35.6,93.0,60.2,2026-06-06 12:40:00,2558026
91.8,35.8,93.9,60.9,2026-06-06 13:00:00,2558026
91.5,36.7,93.7,61.4,2026-06-06 13:20:00,2558026
90.3,34.6,91.0,58.6,2026-06-06 13:40:00,2558026
92.3,36.1,95.0,61.5,2026-06-06 14:00:00,2558026
91.1,35.8,92.7,60.3,2026-06-06 14:20:00,2558026
92.6,37.2,95.9,62.7,2026-06-06 14:40:00,2558026
93.0,36.8,96.3,62.7,2026-06-06 15:00:00,2558026
93.0,36.6,96.4,62.6,2026-06-06 15:20:00,2558026
91.6,37.6,94.5,62.2,2026-06-06 15:40:00,2558026
92.9,37.9,96.8,63.5,2026-06-06 16:00:00,2558026
95.6,33.9,99.5,62.7,2026-06-06 16:20:00,2558026
95.5,34.3,99.3,62.9,2026-06-06 16:40:00,2558026
95.4,31.8,98.1,60.7,2026-06-06 17:00:00,2558026
94.3,32.1,96.3,60.0,2026-06-06 17:20:00,2558026
95.9,32.0,99.0,61.3,2026-06-06 17:40:00,2558026
93.4,32.1,94.8,59.3,2026-06-06 18:00:00,2558026
93.7,32.9,95.5,60.2,2026-06-06 18:20:00,2558026
90.4,36.3,91.8,60.1,2026-06-06 18:40:00,2558026
89.5,37.3,90.7,60.0,2026-06-06 19:00:00,2558026
88.7,38.6,90.0,60.3,2026-06-06 19:20:00,2558026
87.9,39.8,88.7,60.4,2026-06-06 19:40:00,2558026
86.7,41.2,87.4,60.3,2026-06-06 20:00:00,2558026
85.4,42.3,85.8,60.0,2026-06-06 20:20:00,2558026
83.8,44.1,83.8,59.6,2026-06-06 20:40:00,2558026
81.4,47.9,81.1,59.7,2026-06-06 21:00:00,2558026
79.8,51.4,79.7,60.3,2026-06-06 21:20:00,2558026
76.7,57.0,76.3,60.3,2026-06-06 21:40:00,2558026
76.1,59.2,75.9,60.9,2026-06-06 22:00:00,2558026
77.5,56.6,77.2,60.9,2026-06-06 22:20:00,2558026
75.5,60.2,75.4,60.7,2026-06-06 22:40:00,2558026
73.8,63.9,74.1,60.9,2026-06-06 23:00:00,2558026
73.5,64.9,73.8,61.0,2026-06-06 23:20:00,2558026
74.6,63.5,74.8,61.4,2026-06-06 23:40:00,2558026
73.8,65.1,74.1,61.4,2026-06-07 00:00:00,2558026
73.7,65.3,73.9,61.3,2026-06-07 00:20:00,2558026
71.0,70.4,71.6,60.9,2026-06-07 00:40:00,2558026
70.1,73.1,70.5,61.0,2026-06-07 01:00:00,2558026
68.9,75.1,69.3,60.7,2026-06-07 01:20:00,2558026
68.1,77.5,68.2,60.9,2026-06-07 01:40:00,2558026
67.6,78.7,67.5,60.8,2026-06-07 02:00:00,2558026
67.1,79.6,67.3,60.6,2026-06-07 02:20:00,2558026
66.6,80.7,66.6,60.5,2026-06-07 02:40:00,2558026
66.4,81.8,66.6,60.7,2026-06-07 03:00:00,2558026
66.3,81.8,66.2,60.6,2026-06-07 03:20:00,2558026
66.3,81.8,66.2,60.5,2026-06-07 03:40:00,2558026
66.1,82.3,66.0,60.5,2026-06-07 04:00:00,2558026
65.7,83.0,65.8,60.4,2026-06-07 04:20:00,2558026
66.0,83.1,66.0,60.7,2026-06-07 04:40:00,2558026
66.5,82.1,66.6,60.9,2026-06-07 05:00:00,2558026
66.4,81.6,66.6,60.6,2026-06-07 05:20:00,2558026
65.1,83.6,65.1,60.1,2026-06-07 05:40:00,2558026
64.7,84.9,64.6,60.1,2026-06-07 06:00:00,2558026
66.1,83.3,66.2,60.8,2026-06-07 06:20:00,2558026
66.3,83.3,66.4,61.1,2026-06-07 06:40:00,2558026
68.3,82.6,68.9,62.8,2026-06-07 07:00:00,2558026
74.7,70.2,75.6,64.4,2026-06-07 07:20:00,2558026
75.9,66.4,76.3,63.9,2026-06-07 07:40:00,2558026
78.7,61.1,79.7,64.1,2026-06-07 08:00:00,2558026
79.7,60.3,81.3,64.7,2026-06-07 08:20:00,2558026
80.9,59.0,82.6,65.2,2026-06-07 08:40:00,2558026
81.8,56.2,83.3,64.7,2026-06-07 09:00:00,2558026
85.2,54.0,88.9,66.7,2026-06-07 09:20:00,2558026
85.6,51.4,88.7,65.6,2026-06-07 09:40:00,2558026
86.1,48.8,88.9,64.6,2026-06-07 10:00:00,2558026
88.0,48.7,92.3,66.3,2026-06-07 10:20:00,2558026
89.5,46.8,94.3,66.5,2026-06-07 10:40:00,2558026
89.8,44.3,93.9,65.2,2026-06-07 11:00:00,2558026
90.1,44.1,94.5,65.3,2026-06-07 11:20:00,2558026
91.1,41.2,95.0,64.4,2026-06-07 11:40:00,2558026
91.6,40.9,95.9,64.5,2026-06-07 12:00:00,2558026
92.5,40.1,97.2,64.8,2026-06-07 12:20:00,2558026
92.0,38.2,95.4,63.0,2026-06-07 12:40:00,2558026
91.9,38.5,95.2,63.0,2026-06-07 13:00:00,2558026
93.8,36.3,97.5,63.0,2026-06-07 13:20:00,2558026
96.1,35.2,100.9,64.1,2026-06-07 13:40:00,2558026
96.2,32.7,99.7,62.1,2026-06-07 14:00:00,2558026
96.3,32.2,99.7,61.8,2026-06-07 14:20:00,2558026
97.3,33.7,102.2,64.0,2026-06-07 14:40:00,2558026
96.0,32.1,99.0,61.4,2026-06-07 15:00:00,2558026
98.5,32.9,103.8,64.4,2026-06-07 15:20:00,2558026
98.7,31.2,102.9,63.0,2026-06-07 15:40:00,2558026
99.4,32.1,104.9,64.5,2026-06-07 16:00:00,2558026
99.2,31.5,104.0,63.6,2026-06-07 16:20:00,2558026
99.9,30.6,104.7,63.5,2026-06-07 16:40:00,2558026
97.6,29.9,100.4,60.9,2026-06-07 17:00:00,2558026
96.9,34.0,101.8,63.9,2026-06-07 17:20:00,2558026
97.4,35.7,103.8,65.8,2026-06-07 17:40:00,2558026
96.7,36.6,103.1,65.8,2026-06-07 18:00:00,2558026
95.4,37.2,101.1,65.1,2026-06-07 18:20:00,2558026
92.8,39.1,97.0,64.2,2026-06-07 18:40:00,2558026
91.5,40.8,95.4,64.3,2026-06-07 19:00:00,2558026
90.9,40.6,94.5,63.6,2026-06-07 19:20:00,2558026
90.1,41.8,93.2,63.7,2026-06-07 19:40:00,2558026
89.2,42.1,91.8,63.2,2026-06-07 20:00:00,2558026
87.3,44.1,89.2,62.8,2026-06-07 20:20:00,2558026
87.3,44.4,89.2,63.0,2026-06-07 20:40:00,2558026
86.4,45.7,88.3,63.0,2026-06-07 21:00:00,2558026
85.1,47.8,87.1,63.1,2026-06-07 21:20:00,2558026
82.6,52.5,84.0,63.5,2026-06-07 21:40:00,2558026
82.6,53.3,84.0,64.0,2026-06-07 22:00:00,2558026
83.0,53.0,84.7,64.1,2026-06-07 22:20:00,2558026
82.6,53.8,84.2,64.2,2026-06-07 22:40:00,2558026
81.3,55.6,82.4,63.9,2026-06-07 23:00:00,2558026
80.7,58.0,82.0,64.5,2026-06-07 23:20:00,2558026
79.2,59.7,80.2,64.0,2026-06-07 23:40:00,2558026
78.7,61.1,79.7,64.2,2026-06-08 00:00:00,2558026
78.9,61.3,79.9,64.5,2026-06-08 00:20:00,2558026
78.1,62.7,79.2,64.4,2026-06-08 00:40:00,2558026
76.3,66.6,76.8,64.4,2026-06-08 01:00:00,2558026
75.5,68.1,76.1,64.2,2026-06-08 01:20:00,2558026
75.9,68.0,76.6,64.6,2026-06-08 01:40:00,2558026
75.1,69.7,75.9,64.5,2026-06-08 02:00:00,2558026
75.6,69.3,76.5,64.8,2026-06-08 02:20:00,2558026
74.5,70.8,75.4,64.4,2026-06-08 02:40:00,2558026
73.3,73.7,74.3,64.4,2026-06-08 03:00:00,2558026
72.4,75.3,73.6,64.2,2026-06-08 03:20:00,2558026
71.7,76.7,72.7,64.0,2026-06-08 03:40:00,2558026
71.4,77.8,72.3,64.1,2026-06-08 04:00:00,2558026
71.1,79.2,72.3,64.3,2026-06-08 04:20:00,2558026
70.8,79.7,72.0,64.2,2026-06-08 04:40:00,2558026
70.7,80.4,72.0,64.4,2026-06-08 05:00:00,2558026
70.4,80.4,71.4,64.1,2026-06-08 05:20:00,2558026
70.0,81.7,71.1,64.1,2026-06-08 05:40:00,2558026
69.6,83.1,70.5,64.2,2026-06-08 06:00:00,2558026
69.5,83.3,70.5,64.3,2026-06-08 06:20:00,2558026
70.2,83.1,71.4,64.8,2026-06-08 06:40:00,2558026
72.0,82.1,73.4,66.2,2026-06-08 07:00:00,2558026
78.5,73.2,81.5,69.2,2026-06-08 07:20:00,2558026
81.9,64.6,85.5,68.8,2026-06-08 07:40:00,2558026
84.6,58.6,89.2,68.5,2026-06-08 08:00:00,2558026
86.7,55.5,92.3,68.9,2026-06-08 08:20:00,2558026
85.3,55.0,89.4,67.3,2026-06-08 08:40:00,2558026
85.0,55.2,89.1,67.1,2026-06-08 09:00:00,2558026
87.6,53.8,93.2,68.8,2026-06-08 09:20:00,2558026
88.6,50.6,94.1,67.9,2026-06-08 09:40:00,2558026
87.7,50.8,92.3,67.2,2026-06-08 10:00:00,2558026
89.4,49.7,95.2,68.1,2026-06-08 10:20:00,2558026
91.6,47.5,99.0,68.8,2026-06-08 10:40:00,2558026
92.2,47.0,99.9,69.0,2026-06-08 11:00:00,2558026
92.2,45.4,99.0,68.0,2026-06-08 11:20:00,2558026
92.4,43.8,98.4,67.2,2026-06-08 11:40:00,2558026
92.7,44.0,99.1,67.5,2026-06-08 12:00:00,2558026
92.3,42.5,97.7,66.2,2026-06-08 12:20:00,2558026
93.3,41.8,99.1,66.6,2026-06-08 12:40:00,2558026
91.3,42.5,95.9,65.3,2026-06-08 13:00:00,2558026
92.9,40.2,97.9,65.1,2026-06-08 13:20:00,2558026
92.5,40.0,97.0,64.7,2026-06-08 13:40:00,2558026
93.9,41.8,100.2,67.2,2026-06-08 14:00:00,2558026
93.3,40.0,98.2,65.3,2026-06-08 14:20:00,2558026
94.0,39.9,99.7,65.9,2026-06-08 14:40:00,2558026
92.8,40.8,97.7,65.5,2026-06-08 15:00:00,2558026
92.4,41.3,97.3,65.5,2026-06-08 15:20:00,2558026
94.4,40.6,100.8,66.7,2026-06-08 15:40:00,2558026
93.5,41.5,99.5,66.7,2026-06-08 16:00:00,2558026
92.8,39.3,97.0,64.3,2026-06-08 16:20:00,2558026
94.0,39.6,99.5,65.6,2026-06-08 16:40:00,2558026
93.0,38.8,97.2,64.2,2026-06-08 17:00:00,2558026
92.7,38.2,96.4,63.5,2026-06-08 17:20:00,2558026
94.2,37.3,98.6,64.1,2026-06-08 17:40:00,2558026
91.5,39.2,94.8,63.2,2026-06-08 18:00:00,2558026
90.5,39.7,93.4,62.7,2026-06-08 18:20:00,2558026
89.5,40.7,91.9,62.5,2026-06-08 18:40:00,2558026
89.1,41.5,91.6,62.7,2026-06-08 19:00:00,2558026
88.3,43.2,90.3,63.1,2026-06-08 19:20:00,2558026
87.3,45.8,89.8,63.9,2026-06-08 19:40:00,2558026
85.6,48.5,87.8,64.0,2026-06-08 20:00:00,2558026
84.5,50.2,86.5,64.0,2026-06-08 20:20:00,2558026
83.2,52.6,84.9,64.1,2026-06-08 20:40:00,2558026
82.3,54.1,83.7,64.0,2026-06-08 21:00:00,2558026
81.4,55.4,82.6,63.9,2026-06-08 21:20:00,2558026
80.4,56.9,81.5,63.7,2026-06-08 21:40:00,2558026
78.9,59.0,79.7,63.4,2026-06-08 22:00:00,2558026
77.9,60.7,78.3,63.2,2026-06-08 22:20:00,2558026
76.1,63.4,76.3,62.7,2026-06-08 22:40:00,2558026
75.0,65.1,75.2,62.5,2026-06-08 23:00:00,2558026
73.8,64.8,74.1,61.2,2026-06-08 23:20:00,2558026
72.8,66.4,73.2,60.9,2026-06-08 23:40:00,2558026
72.1,67.1,72.5,60.5,2026-06-09 00:00:00,2558026
71.2,69.3,71.8,60.6,2026-06-09 00:20:00,2558026
70.9,69.4,71.6,60.4,2026-06-09 00:40:00,2558026
70.3,70.2,70.5,60.2,2026-06-09 01:00:00,2558026
69.3,71.8,69.4,59.8,2026-06-09 01:20:00,2558026
68.6,67.2,68.2,57.3,2026-06-09 01:40:00,2558026
68.2,67.6,67.8,57.1,2026-06-09 02:00:00,2558026
67.7,68.0,67.1,56.8,2026-06-09 02:20:00,2558026
67.4,69.1,66.6,56.9,2026-06-09 02:40:00,2558026
67.2,70.6,66.6,57.3,2026-06-09 03:00:00,2558026
67.0,71.8,66.4,57.5,2026-06-09 03:20:00,2558026
66.9,72.2,66.2,57.7,2026-06-09 03:40:00,2558026
66.7,72.7,66.0,57.7,2026-06-09 04:00:00,2558026
66.8,73.5,66.4,58.0,2026-06-09 04:20:00,2558026
66.6,73.4,66.0,57.8,2026-06-09 04:40:00,2558026
66.6,73.9,66.0,58.0,2026-06-09 05:00:00,2558026
66.2,71.5,65.5,56.8,2026-06-09 05:20:00,2558026
65.9,71.5,64.9,56.5,2026-06-09 05:40:00,2558026
65.7,70.3,64.6,55.7,2026-06-09 06:00:00,2558026
65.6,69.9,64.4,55.5,2026-06-09 06:20:00,2558026
65.8,69.7,64.6,55.6,2026-06-09 06:40:00,2558026
67.0,67.9,66.0,56.1,2026-06-09 07:00:00,2558026
69.4,63.2,68.9,56.4,2026-06-09 07:20:00,2558026
69.5,61.3,69.1,55.6,2026-06-09 07:40:00,2558026
72.1,58.7,71.8,56.8,2026-06-09 08:00:00,2558026
72.3,58.8,72.0,57.1,2026-06-09 08:20:00,2558026
73.8,56.8,73.4,57.5,2026-06-09 08:40:00,2558026
72.6,58.4,72.3,57.1,2026-06-09 09:00:00,2558026
72.4,59.8,72.1,57.7,2026-06-09 09:20:00,2558026
74.2,59.5,73.9,59.2,2026-06-09 09:40:00,2558026
75.9,56.9,75.4,59.5,2026-06-09 10:00:00,2558026
76.6,57.3,76.1,60.4,2026-06-09 10:20:00,2558026
77.2,55.7,76.8,60.1,2026-06-09 10:40:00,2558026
80.6,53.8,81.1,62.3,2026-06-09 11:00:00,2558026
81.4,51.1,81.9,61.6,2026-06-09 11:20:00,2558026
82.2,51.2,82.8,62.3,2026-06-09 11:40:00,2558026
81.8,52.3,82.4,62.6,2026-06-09 12:00:00,2558026
83.7,50.9,85.5,63.6,2026-06-09 12:20:00,2558026
83.5,52.1,85.5,64.1,2026-06-09 12:40:00,2558026
85.5,50.7,88.5,65.1,2026-06-09 13:00:00,2558026
84.7,54.6,88.2,66.5,2026-06-09 13:20:00,2558026
86.0,52.5,90.1,66.6,2026-06-09 13:40:00,2558026
86.5,52.9,90.9,67.2,2026-06-09 14:00:00,2558026
87.2,53.0,92.1,68.0,2026-06-09 14:20:00,2558026
88.2,52.2,93.9,68.5,2026-06-09 14:40:00,2558026
87.0,50.7,91.0,66.5,2026-06-09 15:00:00,2558026
87.7,51.6,92.7,67.7,2026-06-09 15:20:00,2558026
90.1,48.6,96.3,68.1,2026-06-09 15:40:00,2558026
90.4,48.6,97.0,68.3,2026-06-09 16:00:00,2558026
89.8,49.9,96.4,68.6,2026-06-09 16:20:00,2558026
87.0,53.6,92.1,68.1,2026-06-09 16:40:00,2558026
88.2,53.3,94.5,69.0,2026-06-09 17:00:00,2558026
88.4,52.8,94.6,69.0,2026-06-09 17:20:00,2558026
89.8,51.5,97.2,69.5,2026-06-09 17:40:00,2558026
87.8,52.7,93.4,68.4,2026-06-09 18:00:00,2558026
87.4,54.2,93.0,68.8,2026-06-09 18:20:00,2558026
86.4,55.5,91.8,68.6,2026-06-09 18:40:00,2558026
85.6,56.5,90.3,68.4,2026-06-09 19:00:00,2558026
85.4,58.0,90.5,68.9,2026-06-09 19:20:00,2558026
85.1,58.6,90.3,69.0,2026-06-09 19:40:00,2558026
84.3,60.2,89.1,69.0,2026-06-09 20:00:00,2558026
83.1,61.8,86.9,68.6,2026-06-09 20:20:00,2558026
82.4,63.1,85.8,68.5,2026-06-09 20:40:00,2558026
81.2,64.9,84.6,68.3,2026-06-09 21:00:00,2558026
80.2,67.7,83.3,68.5,2026-06-09 21:20:00,2558026
78.6,69.9,81.0,67.9,2026-06-09 21:40:00,2558026
77.9,71.7,79.9,68.0,2026-06-09 22:00:00,2558026
77.2,72.8,79.2,67.8,2026-06-09 22:20:00,2558026
77.4,73.2,79.5,68.1,2026-06-09 22:40:00,2558026
78.8,71.3,81.9,68.7,2026-06-09 23:00:00,2558026
79.4,70.8,82.8,69.1,2026-06-09 23:20:00,2558026
79.5,71.7,83.1,69.6,2026-06-09 23:40:00,2558026
79.4,72.9,83.1,69.9,2026-06-10 00:00:00,2558026
79.0,73.8,82.6,69.9,2026-06-10 00:20:00,2558026
78.7,75.0,82.0,70.1,2026-06-10 00:40:00,2558026
78.4,75.8,81.7,70.1,2026-06-10 01:00:00,2558026
77.9,76.7,81.1,70.0,2026-06-10 01:20:00,2558026
77.5,77.3,80.1,69.9,2026-06-10 01:40:00,2558026
77.2,77.8,79.7,69.7,2026-06-10 02:00:00,2558026
76.8,78.5,78.8,69.5,2026-06-10 02:20:00,2558026
76.3,78.9,78.3,69.3,2026-06-10 02:40:00,2558026
75.9,79.6,78.1,69.2,2026-06-10 03:00:00,2558026
75.6,80.2,77.7,69.1,2026-06-10 03:20:00,2558026
75.5,80.7,77.5,69.2,2026-06-10 03:40:00,2558026
75.5,80.8,77.5,69.2,2026-06-10 04:00:00,2558026
75.2,81.1,77.2,69.0,2026-06-10 04:20:00,2558026
75.0,81.6,77.0,69.0,2026-06-10 04:40:00,2558026
74.9,81.9,77.0,69.0,2026-06-10 05:00:00,2558026
74.9,82.1,77.0,69.0,2026-06-10 05:20:00,2558026
74.9,82.3,77.0,69.1,2026-06-10 05:40:00,2558026
74.9,82.3,77.0,69.2,2026-06-10 06:00:00,2558026
75.1,82.3,77.4,69.4,2026-06-10 06:20:00,2558026
75.5,82.0,77.7,69.6,2026-06-10 06:40:00,2558026
75.9,81.4,78.3,69.8,2026-06-10 07:00:00,2558026
76.2,81.1,78.4,69.9,2026-06-10 07:20:00,2558026
76.3,80.7,78.6,70.0,2026-06-10 07:40:00,2558026
76.7,80.2,79.2,70.2,2026-06-10 08:00:00,2558026
77.5,78.5,80.2,70.2,2026-06-10 08:20:00,2558026
78.3,76.9,81.9,70.4,2026-06-10 08:40:00,2558026
79.0,75.7,82.9,70.7,2026-06-10 09:00:00,2558026
81.0,72.7,86.0,71.4,2026-06-10 09:20:00,2558026
81.7,70.4,86.7,71.1,2026-06-10 09:40:00,2558026
84.1,66.9,90.9,71.9,2026-06-10 10:00:00,2558026
86.6,61.3,94.3,71.7,2026-06-10 10:20:00,2558026
86.6,61.5,94.5,71.9,2026-06-10 10:40:00,2558026
87.0,59.7,94.3,71.2,2026-06-10 11:00:00,2558026
85.5,61.5,92.1,70.7,2026-06-10 11:20:00,2558026
86.8,61.6,94.8,72.0,2026-06-10 11:40:00,2558026
87.7,58.9,95.5,71.5,2026-06-10 12:00:00,2558026
88.6,56.8,96.6,71.3,2026-06-10 12:20:00,2558026
89.4,54.5,97.3,70.8,2026-06-10 12:40:00,2558026
89.6,54.5,97.7,71.0,2026-06-10 13:00:00,2558026
92.2,50.2,101.7,70.9,2026-06-10 13:20:00,2558026
90.2,50.4,97.5,69.3,2026-06-10 13:40:00,2558026
91.2,48.8,99.0,69.3,2026-06-10 14:00:00,2558026
91.1,50.4,99.5,70.1,2026-06-10 14:20:00,2558026
90.0,51.5,97.7,69.7,2026-06-10 14:40:00,2558026
92.4,48.0,100.8,69.9,2026-06-10 15:00:00,2558026
94.4,45.6,103.3,70.1,2026-06-10 15:20:00,2558026
93.7,44.9,101.8,69.1,2026-06-10 15:40:00,2558026
93.7,44.3,101.7,68.7,2026-06-10 16:00:00,2558026
92.8,46.2,100.4,69.0,2026-06-10 16:20:00,2558026
94.3,47.0,104.4,71.0,2026-06-10 16:40:00,2558026
96.3,45.7,108.0,71.9,2026-06-10 17:00:00,2558026
95.2,44.3,104.5,70.1,2026-06-10 17:20:00,2558026
94.0,44.5,102.0,69.1,2026-06-10 17:40:00,2558026
93.8,45.7,102.4,69.7,2026-06-10 18:00:00,2558026
95.2,44.5,104.7,70.2,2026-06-10 18:20:00,2558026
91.0,47.8,97.7,68.5,2026-06-10 18:40:00,2558026
90.5,50.4,97.9,69.5,2026-06-10 19:00:00,2558026
90.6,50.3,98.2,69.6,2026-06-10 19:20:00,2558026
90.2,50.5,97.5,69.3,2026-06-10 19:40:00,2558026
89.0,52.3,95.7,69.3,2026-06-10 20:00:00,2558026
87.0,56.0,92.8,69.4,2026-06-10 20:20:00,2558026
85.9,57.5,91.4,69.2,2026-06-10 20:40:00,2558026
85.3,58.5,90.7,69.1,2026-06-10 21:00:00,2558026
83.3,62.9,87.6,69.3,2026-06-10 21:20:00,2558026
83.5,62.7,88.2,69.4,2026-06-10 21:40:00,2558026
82.4,64.7,86.5,69.3,2026-06-10 22:00:00,2558026
80.8,67.7,84.6,69.1,2026-06-10 22:20:00,2558026
82.0,66.5,86.4,69.8,2026-06-10 22:40:00,2558026
82.1,66.2,86.4,69.7,2026-06-10 23:00:00,2558026
81.7,66.8,85.8,69.6,2026-06-10 23:20:00,2558026
81.5,67.6,85.5,69.7,2026-06-10 23:40:00,2558026
81.7,67.0,85.8,69.6,2026-06-11 00:00:00,2558026
81.4,67.4,85.3,69.6,2026-06-11 00:20:00,2558026
80.9,68.3,84.7,69.5,2026-06-11 00:40:00,2558026
79.9,70.1,83.1,69.3,2026-06-11 01:00:00,2558026
79.5,70.8,82.8,69.2,2026-06-11 01:20:00,2558026
79.2,71.3,82.4,69.1,2026-06-11 01:40:00,2558026
77.8,73.5,80.2,68.7,2026-06-11 02:00:00,2558026
77.3,75.0,79.3,68.7,2026-06-11 02:20:00,2558026
78.2,72.8,80.8,68.7,2026-06-11 02:40:00,2558026
77.9,72.8,80.1,68.4,2026-06-11 03:00:00,2558026
77.4,73.3,79.5,68.1,2026-06-11 03:20:00,2558026
77.4,73.5,79.5,68.3,2026-06-11 03:40:00,2558026
76.9,74.0,78.6,68.0,2026-06-11 04:00:00,2558026
76.2,75.0,77.7,67.7,2026-06-11 04:20:00,2558026
75.7,75.8,77.2,67.6,2026-06-11 04:40:00,2558026
75.1,76.6,76.6,67.3,2026-06-11 05:00:00,2558026
74.9,76.5,76.5,67.1,2026-06-11 05:20:00,2558026
74.7,76.6,76.3,66.8,2026-06-11 05:40:00,2558026
73.4,79.3,74.8,66.6,2026-06-11 06:00:00,2558026
74.4,77.7,75.9,67.0,2026-06-11 06:20:00,2558026
75.0,76.7,76.5,67.2,2026-06-11 06:40:00,2558026
76.2,75.0,77.5,67.7,2026-06-11 07:00:00,2558026
78.6,70.7,81.5,68.3,2026-06-11 07:20:00,2558026
80.7,67.0,84.0,68.7,2026-06-11 07:40:00,2558026
82.5,64.9,86.7,69.5,2026-06-11 08:00:00,2558026
84.7,61.8,90.3,70.2,2026-06-11 08:20:00,2558026
85.2,60.2,90.9,69.8,2026-06-11 08:40:00,2558026
85.8,59.9,92.1,70.3,2026-06-11 09:00:00,2558026
87.6,58.8,95.5,71.4,2026-06-11 09:20:00,2558026
88.8,57.3,97.3,71.8,2026-06-11 09:40:00,2558026
90.1,55.3,99.5,71.8,2026-06-11 10:00:00,2558026
90.7,53.4,100.2,71.5,2026-06-11 10:20:00,2558026
92.6,52.7,104.0,72.8,2026-06-11 10:40:00,2558026
93.3,50.2,104.0,72.0,2026-06-11 11:00:00,2558026
94.2,48.3,104.7,71.7,2026-06-11 11:20:00,2558026
95.6,48.8,108.7,73.2,2026-06-11 11:40:00,2558026
93.0,48.2,102.4,70.6,2026-06-11 12:00:00,2558026
95.8,47.8,108.3,72.9,2026-06-11 12:20:00,2558026
96.9,44.5,108.3,71.7,2026-06-11 12:40:00,2558026
96.5,43.8,107.1,70.9,2026-06-11 13:00:00,2558026
96.2,45.1,107.2,71.4,2026-06-11 13:20:00,2558026
97.3,42.3,107.8,70.6,2026-06-11 13:40:00,2558026
100.0,39.4,111.4,70.9,2026-06-11 14:00:00,2558026
99.5,38.1,109.8,69.4,2026-06-11 14:20:00,2558026
101.9,37.2,114.1,70.9,2026-06-11 14:40:00,2558026
101.8,37.5,113.9,71.0,2026-06-11 15:00:00,2558026
102.0,36.2,113.7,70.2,2026-06-11 15:20:00,2558026
100.3,38.5,111.7,70.4,2026-06-11 15:40:00,2558026
101.4,36.9,112.8,70.2,2026-06-11 16:00:00,2558026
102.5,37.6,115.9,71.7,2026-06-11 16:20:00,2558026
100.5,39.0,112.3,71.0,2026-06-11 16:40:00,2558026
99.0,39.1,109.4,69.7,2026-06-11 17:00:00,2558026
100.9,38.0,112.5,70.6,2026-06-11 17:20:00,2558026
98.7,40.4,109.4,70.4,2026-06-11 17:40:00,2558026
95.5,43.1,104.4,69.5,2026-06-11 18:00:00,2558026
84.4,62.2,90.1,70.1,2026-06-11 18:20:00,2558026
81.5,77.0,87.8,73.5,2026-06-11 18:40:00,2558026
80.6,77.8,86.2,73.0,2026-06-11 19:00:00,2558026
79.6,82.9,85.6,73.9,2026-06-11 19:20:00,2558026
79.6,82.8,85.5,73.9,2026-06-11 19:40:00,2558026
78.5,84.7,83.7,73.5,2026-06-11 20:00:00,2558026
77.5,87.3,81.7,73.4,2026-06-11 20:20:00,2558026
77.2,88.8,81.7,73.6,2026-06-11 20:40:00,2558026
76.9,89.6,80.8,73.6,2026-06-11 21:00:00,2558026
76.8,90.2,80.6,73.7,2026-06-11 21:20:00,2558026
76.9,90.6,81.0,73.9,2026-06-11 21:40:00,2558026
82.2,74.2,88.7,73.2,2026-06-11 22:00:00,2558026
82.2,72.7,88.0,72.5,2026-06-11 22:20:00,2558026
79.8,76.6,84.6,71.8,2026-06-11 22:40:00,2558026
80.2,75.5,84.9,71.8,2026-06-11 23:00:00,2558026
80.4,73.4,84.7,71.1,2026-06-11 23:20:00,2558026
81.0,72.3,86.0,71.2,2026-06-11 23:40:00,2558026
81.7,69.5,86.4,70.7,2026-06-12 00:00:00,2558026
80.8,70.6,85.3,70.4,2026-06-12 00:20:00,2558026
80.7,70.8,84.9,70.3,2026-06-12 00:40:00,2558026
80.2,71.7,84.2,70.2,2026-06-12 01:00:00,2558026
79.1,73.9,82.6,70.0,2026-06-12 01:20:00,2558026
77.0,77.7,79.3,69.5,2026-06-12 01:40:00,2558026
76.1,80.5,78.3,69.7,2026-06-12 02:00:00,2558026
75.6,82.3,77.9,69.8,2026-06-12 02:20:00,2558026
75.2,82.6,77.4,69.5,2026-06-12 02:40:00,2558026
74.9,83.9,77.2,69.7,2026-06-12 03:00:00,2558026
74.7,84.9,77.2,69.9,2026-06-12 03:20:00,2558026
74.5,85.5,76.8,69.9,2026-06-12 03:40:00,2558026
74.4,85.8,76.6,69.8,2026-06-12 04:00:00,2558026
74.8,85.7,77.2,70.2,2026-06-12 04:20:00,2558026
75.0,84.6,77.2,70.0,2026-06-12 04:40:00,2558026
75.3,84.3,77.7,70.3,2026-06-12 05:00:00,2558026
75.8,83.4,78.4,70.4,2026-06-12 05:20:00,2558026
74.5,85.3,76.8,69.8,2026-06-12 05:40:00,2558026
73.9,87.2,76.1,69.8,2026-06-12 06:00:00,2558026
73.9,88.1,76.3,70.2,2026-06-12 06:20:00,2558026
75.3,87.0,78.1,71.2,2026-06-12 06:40:00,2558026
77.1,84.3,80.4,72.0,2026-06-12 07:00:00,2558026
81.1,77.7,87.3,73.5,2026-06-12 07:20:00,2558026
83.1,71.4,90.1,72.9,2026-06-12 07:40:00,2558026
85.3,69.2,94.6,74.1,2026-06-12 08:00:00,2558026
86.1,66.1,95.0,73.5,2026-06-12 08:20:00,2558026
87.5,64.7,97.7,74.2,2026-06-12 08:40:00,2558026
89.1,62.6,100.8,74.6,2026-06-12 09:00:00,2558026
89.4,59.2,99.5,73.2,2026-06-12 09:20:00,2558026
91.9,55.9,104.0,73.9,2026-06-12 09:40:00,2558026
93.9,50.4,105.8,72.7,2026-06-12 10:00:00,2558026
94.5,49.5,106.5,72.7,2026-06-12 10:20:00,2558026
95.7,48.8,109.2,73.4,2026-06-12 10:40:00,2558026
95.9,45.0,106.7,71.2,2026-06-12 11:00:00,2558026
96.7,42.0,106.5,69.8,2026-06-12 11:20:00,2558026
99.2,40.0,110.3,70.6,2026-06-12 11:40:00,2558026
98.3,40.9,109.2,70.4,2026-06-12 12:00:00,2558026
99.3,39.4,109.9,70.3,2026-06-12 12:20:00,2558026
99.2,38.1,109.0,69.1,2026-06-12 12:40:00,2558026
99.2,38.2,109.0,69.3,2026-06-12 13:00:00,2558026
100.0,36.2,109.0,68.4,2026-06-12 13:20:00,2558026
101.1,35.4,110.8,68.7,2026-06-12 13:40:00,2558026
101.9,31.6,109.4,66.1,2026-06-12 14:00:00,2558026
102.8,32.3,111.6,67.5,2026-06-12 14:20:00,2558026
104.7,35.3,118.6,71.8,2026-06-12 14:40:00,2558026
100.0,36.8,109.6,68.9,2026-06-12 15:00:00,2558026
101.4,34.8,110.8,68.4,2026-06-12 15:20:00,2558026
103.6,29.8,110.7,65.8,2026-06-12 15:40:00,2558026
103.0,31.5,111.2,67.0,2026-06-12 16:00:00,2558026
100.7,34.2,109.0,67.4,2026-06-12 16:20:00,2558026
103.7,32.2,113.4,68.2,2026-06-12 16:40:00,2558026
106.0,30.5,115.9,68.6,2026-06-12 17:00:00,2558026
104.9,31.2,114.4,68.3,2026-06-12 17:20:00,2558026
103.5,30.5,111.4,66.5,2026-06-12 17:40:00,2558026
103.9,32.0,113.5,68.3,2026-06-12 18:00:00,2558026
102.6,31.0,110.1,66.2,2026-06-12 18:20:00,2558026
100.3,33.6,107.8,66.5,2026-06-12 18:40:00,2558026
98.3,38.0,107.2,68.3,2026-06-12 19:00:00,2558026
97.7,39.1,106.9,68.6,2026-06-12 19:20:00,2558026
96.9,40.2,105.6,68.7,2026-06-12 19:40:00,2558026
95.0,41.5,102.6,67.9,2026-06-12 20:00:00,2558026
92.0,46.3,99.1,68.5,2026-06-12 20:20:00,2558026
90.5,48.7,97.3,68.5,2026-06-12 20:40:00,2558026
88.6,53.0,95.0,69.3,2026-06-12 21:00:00,2558026
86.8,55.4,92.3,68.9,2026-06-12 21:20:00,2558026
85.6,57.5,90.7,68.9,2026-06-12 21:40:00,2558026
85.0,60.2,90.5,69.7,2026-06-12 22:00:00,2558026
83.6,63.4,88.5,69.8,2026-06-12 22:20:00,2558026
82.5,66.8,87.1,70.3,2026-06-12 22:40:00,2558026
82.8,65.6,87.6,70.1,2026-06-12 23:00:00,2558026
85.1,56.4,89.2,67.8,2026-06-12 23:20:00,2558026
85.4,54.2,89.4,67.0,2026-06-12 23:40:00,2558026
85.3,52.3,88.5,65.8,2026-06-13 00:00:00,2558026
84.7,51.9,87.3,65.0,2026-06-13 00:20:00,2558026
82.8,55.8,84.9,65.4,2026-06-13 00:40:00,2558026
80.9,60.2,82.9,65.8,2026-06-13 01:00:00,2558026
79.5,62.1,81.1,65.4,2026-06-13 01:20:00,2558026
79.5,63.8,81.7,66.2,2026-06-13 01:40:00,2558026
79.4,64.1,81.3,66.2,2026-06-13 02:00:00,2558026
78.2,65.7,79.5,65.8,2026-06-13 02:20:00,2558026
77.8,67.6,79.3,66.2,2026-06-13 02:40:00,2558026
77.5,67.8,78.8,66.0,2026-06-13 03:00:00,2558026
76.3,69.5,77.2,65.6,2026-06-13 03:20:00,2558026
75.4,71.5,76.5,65.6,2026-06-13 03:40:00,2558026
74.9,73.3,76.1,65.7,2026-06-13 04:00:00,2558026
74.2,74.1,75.4,65.5,2026-06-13 04:20:00,2558026
73.7,75.5,75.0,65.5,2026-06-13 04:40:00,2558026
73.2,77.4,74.7,65.7,2026-06-13 05:00:00,2558026
72.6,78.7,73.8,65.6,2026-06-13 05:20:00,2558026
72.5,79.1,73.8,65.6,2026-06-13 05:40:00,2558026
71.8,80.5,73.2,65.5,2026-06-13 06:00:00,2558026
71.5,81.5,72.7,65.6,2026-06-13 06:20:00,2558026
71.9,81.4,73.2,65.8,2026-06-13 06:40:00,2558026
72.8,81.3,74.3,66.7,2026-06-13 07:00:00,2558026
77.7,76.0,80.2,69.5,2026-06-13 07:20:00,2558026
84.3,65.5,90.9,71.5,2026-06-13 07:40:00,2558026
88.1,57.1,95.5,71.0,2026-06-13 08:00:00,2558026
89.9,52.4,97.7,70.2,2026-06-13 08:20:00,2558026
91.5,51.1,100.6,70.8,2026-06-13 08:40:00,2558026
90.5,48.3,96.8,68.3,2026-06-13 09:00:00,2558026
91.5,49.5,99.7,70.0,2026-06-13 09:20:00,2558026
91.0,49.2,98.4,69.3,2026-06-13 09:40:00,2558026
91.9,46.7,99.0,68.5,2026-06-13 10:00:00,2558026
91.9,50.5,100.9,70.8,2026-06-13 10:20:00,2558026
94.1,47.6,104.4,71.2,2026-06-13 10:40:00,2558026
93.6,47.4,102.9,70.6,2026-06-13 11:00:00,2558026
92.8,46.0,100.4,69.0,2026-06-13 11:20:00,2558026
94.0,46.8,103.5,70.6,2026-06-13 11:40:00,2558026
94.4,45.3,103.3,70.0,2026-06-13 12:00:00,2558026
95.4,44.2,104.9,70.2,2026-06-13 12:20:00,2558026
96.0,42.2,105.1,69.4,2026-06-13 12:40:00,2558026
95.2,44.2,104.5,70.0,2026-06-13 13:00:00,2558026
95.5,44.9,105.4,70.7,2026-06-13 13:20:00,2558026
96.9,42.6,107.2,70.4,2026-06-13 13:40:00,2558026
97.2,40.0,106.3,68.8,2026-06-13 14:00:00,2558026
96.9,40.1,105.6,68.6,2026-06-13 14:20:00,2558026
99.1,38.0,108.5,69.0,2026-06-13 14:40:00,2558026
99.8,37.9,109.9,69.5,2026-06-13 15:00:00,2558026
97.7,38.5,106.5,68.2,2026-06-13 15:20:00,2558026
100.0,38.0,110.3,69.8,2026-06-13 15:40:00,2558026
102.6,34.9,113.5,69.6,2026-06-13 16:00:00,2558026
97.2,41.8,107.4,70.1,2026-06-13 16:20:00,2558026
95.2,44.3,104.4,70.0,2026-06-13 16:40:00,2558026
100.9,36.1,110.8,69.0,2026-06-13 17:00:00,2558026
97.4,41.6,107.6,70.1,2026-06-13 17:20:00,2558026
100.4,37.5,110.7,69.7,2026-06-13 17:40:00,2558026
97.9,37.6,106.2,67.7,2026-06-13 18:00:00,2558026
97.9,36.6,105.4,66.9,2026-06-13 18:20:00,2558026
96.6,40.3,104.9,68.5,2026-06-13 18:40:00,2558026
94.4,41.9,101.5,67.7,2026-06-13 19:00:00,2558026
93.7,43.4,101.1,68.1,2026-06-13 19:20:00,2558026
91.9,47.8,99.5,69.3,2026-06-13 19:40:00,2558026
91.3,48.5,98.8,69.2,2026-06-13 20:00:00,2558026
89.6,50.5,96.3,68.8,2026-06-13 20:20:00,2558026
87.7,55.4,94.1,69.7,2026-06-13 20:40:00,2558026
84.7,57.0,88.9,67.8,2026-06-13 21:00:00,2558026
82.9,62.7,86.7,68.9,2026-06-13 21:20:00,2558026
77.3,75.0,79.3,68.8,2026-06-13 21:40:00,2558026
74.9,84.3,77.2,69.8,2026-06-13 22:00:00,2558026
74.4,88.1,77.0,70.7,2026-06-13 22:20:00,2558026
73.6,89.0,76.1,70.1,2026-06-13 22:40:00,2558026
73.1,90.0,75.6,70.0,2026-06-13 23:00:00,2558026
73.0,90.5,75.4,70.0,2026-06-13 23:20:00,2558026
72.8,90.8,75.0,69.9,2026-06-13 23:40:00,2558026
72.6,91.1,74.8,69.9,2026-06-14 00:00:00,2558026
72.6,91.5,74.8,69.9,2026-06-14 00:20:00,2558026
73.0,92.0,75.4,70.5,2026-06-14 00:40:00,2558026
72.5,91.8,74.8,70.0,2026-06-14 01:00:00,2558026
72.2,92.0,74.5,69.7,2026-06-14 01:20:00,2558026
72.0,92.1,74.1,69.5,2026-06-14 01:40:00,2558026
71.7,92.3,73.6,69.3,2026-06-14 02:00:00,2558026
71.4,92.3,73.2,69.1,2026-06-14 02:20:00,2558026
71.1,92.5,72.9,68.8,2026-06-14 02:40:00,2558026
70.9,92.7,72.7,68.6,2026-06-14 03:00:00,2558026
70.8,92.7,72.5,68.5,2026-06-14 03:20:00,2558026
70.6,93.0,72.1,68.5,2026-06-14 03:40:00,2558026
70.6,93.1,72.1,68.6,2026-06-14 04:00:00,2558026
70.4,93.2,72.0,68.3,2026-06-14 04:20:00,2558026
70.2,93.3,71.8,68.2,2026-06-14 04:40:00,2558026
70.2,93.5,71.8,68.2,2026-06-14 05:00:00,2558026
69.9,93.6,71.4,68.0,2026-06-14 05:20:00,2558026
69.9,93.7,71.4,68.0,2026-06-14 05:40:00,2558026
69.8,93.8,71.4,67.9,2026-06-14 06:00:00,2558026
70.1,93.9,71.8,68.2,2026-06-14 06:20:00,2558026
70.3,94.0,72.0,68.5,2026-06-14 06:40:00,2558026
71.1,94.0,73.0,69.3,2026-06-14 07:00:00,2558026
73.8,94.5,76.8,72.1,2026-06-14 07:20:00,2558026
77.3,87.4,81.3,73.3,2026-06-14 07:40:00,2558026
81.0,79.0,87.6,73.9,2026-06-14 08:00:00,2558026
84.5,73.4,93.9,75.0,2026-06-14 08:20:00,2558026
84.8,70.6,93.9,74.2,2026-06-14 08:40:00,2558026
80.9,75.6,86.4,72.5,2026-06-14 09:00:00,2558026
83.8,73.8,92.3,74.5,2026-06-14 09:20:00,2558026
84.7,67.4,92.3,72.7,2026-06-14 09:40:00,2558026
86.5,63.9,95.0,72.8,2026-06-14 10:00:00,2558026
88.8,60.3,98.6,73.2,2026-06-14 10:20:00,2558026
90.4,56.4,100.9,72.8,2026-06-14 10:40:00,2558026
91.5,55.4,102.9,73.2,2026-06-14 11:00:00,2558026
90.5,53.0,99.1,71.0,2026-06-14 11:20:00,2558026
94.3,54.8,109.0,75.5,2026-06-14 11:40:00,2558026
92.9,55.4,106.3,74.6,2026-06-14 12:00:00,2558026
94.8,53.4,109.6,75.2,2026-06-14 12:20:00,2558026
95.2,49.9,108.0,73.5,2026-06-14 12:40:00,2558026
95.1,52.2,109.8,74.8,2026-06-14 13:00:00,2558026
94.8,49.5,107.4,73.0,2026-06-14 13:20:00,2558026
94.4,48.3,105.3,71.9,2026-06-14 13:40:00,2558026
97.5,46.1,111.2,73.3,2026-06-14 14:00:00,2558026
99.8,37.0,109.2,68.8,2026-06-14 14:20:00,2558026
98.9,37.7,108.0,68.6,2026-06-14 14:40:00,2558026
99.1,36.0,107.1,67.5,2026-06-14 15:00:00,2558026
100.5,36.1,109.9,68.7,2026-06-14 15:20:00,2558026
100.8,35.8,110.7,68.8,2026-06-14 15:40:00,2558026
102.2,35.0,113.0,69.3,2026-06-14 16:00:00,2558026
100.0,37.9,110.3,69.8,2026-06-14 16:20:00,2558026
100.8,36.3,111.2,69.2,2026-06-14 16:40:00,2558026
98.3,38.8,107.6,68.9,2026-06-14 17:00:00,2558026
98.2,39.2,107.6,69.1,2026-06-14 17:20:00,2558026
99.0,32.1,104.2,64.0,2026-06-14 17:40:00,2558026
98.1,32.8,103.3,63.9,2026-06-14 18:00:00,2558026
99.4,33.3,105.8,65.4,2026-06-14 18:20:00,2558026
96.4,35.7,101.8,64.8,2026-06-14 18:40:00,2558026
94.8,39.3,101.1,66.2,2026-06-14 19:00:00,2558026
86.6,56.9,92.5,69.4,2026-06-14 19:20:00,2558026
78.8,79.2,83.1,71.8,2026-06-14 19:40:00,2558026
79.3,78.9,84.0,72.2,2026-06-14 20:00:00,2558026
79.6,75.4,83.8,71.2,2026-06-14 20:20:00,2558026
82.2,67.0,86.9,70.2,2026-06-14 20:40:00,2558026
81.7,66.7,85.8,69.5,2026-06-14 21:00:00,2558026
82.2,67.8,86.7,70.5,2026-06-14 21:20:00,2558026
82.0,69.5,86.7,71.1,2026-06-14 21:40:00,2558026
81.4,70.7,86.2,71.0,2026-06-14 22:00:00,2558026
81.4,70.4,86.2,70.8,2026-06-14 22:20:00,2558026
81.1,70.3,85.3,70.5,2026-06-14 22:40:00,2558026
81.0,70.2,85.3,70.4,2026-06-14 23:00:00,2558026
80.5,70.7,84.6,70.2,2026-06-14 23:20:00,2558026
80.4,70.7,84.2,70.0,2026-06-14 23:40:00,2558026
79.9,71.5,83.7,69.9,2026-06-15 00:00:00,2558026
80.1,71.3,84.0,69.9,2026-06-15 00:20:00,2558026
79.5,72.2,83.3,69.8,2026-06-15 00:40:00,2558026
79.2,73.5,82.8,69.9,2026-06-15 01:00:00,2558026
79.0,74.2,82.6,70.1,2026-06-15 01:20:00,2558026
78.9,74.6,82.4,70.2,2026-06-15 01:40:00,2558026
78.9,75.0,82.6,70.3,2026-06-15 02:00:00,2558026
78.7,75.5,82.2,70.3,2026-06-15 02:20:00,2558026
78.7,75.7,82.2,70.4,2026-06-15 02:40:00,2558026
78.5,76.2,82.0,70.4,2026-06-15 03:00:00,2558026
77.9,77.5,81.1,70.3,2026-06-15 03:20:00,2558026
76.8,79.9,79.5,70.2,2026-06-15 03:40:00,2558026
75.9,81.7,78.1,69.9,2026-06-15 04:00:00,2558026
74.8,83.6,77.0,69.5,2026-06-15 04:20:00,2558026
74.2,84.9,76.5,69.4,2026-06-15 04:40:00,2558026
73.8,85.8,75.9,69.2,2026-06-15 05:00:00,2558026
73.2,86.8,75.2,69.0,2026-06-15 05:20:00,2558026
72.9,88.0,75.0,69.1,2026-06-15 05:40:00,2558026
72.7,88.2,74.8,69.0,2026-06-15 06:00:00,2558026
72.6,88.5,74.7,69.0,2026-06-15 06:20:00,2558026
73.8,81.8,75.6,67.9,2026-06-15 06:40:00,2558026
76.5,70.9,77.7,66.3,2026-06-15 07:00:00,2558026
77.1,66.1,77.9,64.9,2026-06-15 07:20:00,2558026
77.0,66.1,77.9,64.8,2026-06-15 07:40:00,2558026
80.1,62.4,82.2,66.0,2026-06-15 08:00:00,2558026
81.5,57.7,83.1,65.1,2026-06-15 08:20:00,2558026
79.9,55.2,80.6,62.4,2026-06-15 08:40:00,2558026
79.7,55.5,80.4,62.4,2026-06-15 09:00:00,2558026
78.9,56.2,79.2,62.0,2026-06-15 09:20:00,2558026
77.2,51.4,76.3,58.0,2026-06-15 09:40:00,2558026
79.5,51.4,79.2,60.0,2026-06-15 10:00:00,2558026
80.4,47.2,79.9,58.5,2026-06-15 10:20:00,2558026
85.2,41.4,85.3,59.1,2026-06-15 10:40:00,2558026
85.7,39.4,85.6,58.2,2026-06-15 11:00:00,2558026
85.8,39.7,85.6,58.5,2026-06-15 11:20:00,2558026
86.2,36.3,85.5,56.4,2026-06-15 11:40:00,2558026
86.2,35.4,85.3,55.7,2026-06-15 12:00:00,2558026
87.2,35.4,86.5,56.5,2026-06-15 12:20:00,2558026
85.3,35.9,84.2,55.3,2026-06-15 12:40:00,2558026
85.9,37.8,85.5,57.2,2026-06-15 13:00:00,2558026
86.8,36.3,86.2,56.9,2026-06-15 13:20:00,2558026
86.3,32.8,84.6,53.7,2026-06-15 13:40:00,2558026
89.6,33.8,89.8,57.3,2026-06-15 14:00:00,2558026
90.2,32.9,90.1,57.1,2026-06-15 14:20:00,2558026
89.2,30.8,87.8,54.4,2026-06-15 14:40:00,2558026
90.2,31.5,89.6,55.9,2026-06-15 15:00:00,2558026
91.2,29.3,90.5,54.8,2026-06-15 15:20:00,2558026
91.9,30.8,91.9,56.8,2026-06-15 15:40:00,2558026
92.8,29.7,92.7,56.5,2026-06-15 16:00:00,2558026
91.7,32.4,92.1,58.0,2026-06-15 16:20:00,2558026
92.6,30.2,92.5,56.9,2026-06-15 16:40:00,2558026
91.6,29.7,91.0,55.5,2026-06-15 17:00:00,2558026
91.6,29.9,91.0,55.7,2026-06-15 17:20:00,2558026
91.9,30.3,91.8,56.4,2026-06-15 17:40:00,2558026
91.9,30.6,91.6,56.5,2026-06-15 18:00:00,2558026
90.8,29.9,89.8,55.0,2026-06-15 18:20:00,2558026
88.5,32.9,87.4,55.6,2026-06-15 18:40:00,2558026
85.3,36.4,84.2,55.6,2026-06-15 19:00:00,2558026
85.1,37.3,84.4,56.2,2026-06-15 19:20:00,2558026
83.0,39.5,81.7,55.8,2026-06-15 19:40:00,2558026
82.8,38.8,81.3,55.2,2026-06-15 20:00:00,2558026
81.8,40.1,80.2,55.3,2026-06-15 20:20:00,2558026
79.5,45.0,78.3,56.3,2026-06-15 20:40:00,2558026
77.2,47.8,75.6,55.9,2026-06-15 21:00:00,2558026
75.6,50.8,74.5,56.1,2026-06-15 21:20:00,2558026
74.2,51.3,73.2,55.1,2026-06-15 21:40:00,2558026
72.5,56.8,72.0,56.3,2026-06-15 22:00:00,2558026
70.9,60.7,70.9,56.6,2026-06-15 22:20:00,2558026
70.1,61.6,69.8,56.4,2026-06-15 22:40:00,2558026
69.0,64.8,68.5,56.7,2026-06-15 23:00:00,2558026
68.6,64.7,68.0,56.2,2026-06-15 23:20:00,2558026
67.6,66.9,66.7,56.2,2026-06-15 23:40:00,2558026
67.3,69.1,66.6,56.8,2026-06-16 00:00:00,2558026
66.5,70.2,65.5,56.4,2026-06-16 00:20:00,2558026
66.5,68.9,65.3,56.0,2026-06-16 00:40:00,2558026
65.7,70.4,64.6,55.9,2026-06-16 01:00:00,2558026
65.4,72.7,64.2,56.4,2026-06-16 01:20:00,2558026
65.2,71.9,64.0,55.9,2026-06-16 01:40:00,2558026
65.7,70.1,64.6,55.7,2026-06-16 02:00:00,2558026
66.6,65.6,65.3,54.7,2026-06-16 02:20:00,2558026
68.0,61.6,66.7,54.3,2026-06-16 02:40:00,2558026
68.6,58.3,67.6,53.3,2026-06-16 03:00:00,2558026
68.6,56.6,67.5,52.6,2026-06-16 03:20:00,2558026
68.6,56.8,67.5,52.7,2026-06-16 03:40:00,2558026
68.5,56.8,67.1,52.6,2026-06-16 04:00:00,2558026
68.0,57.8,66.6,52.6,2026-06-16 04:20:00,2558026
67.2,58.7,65.5,52.3,2026-06-16 04:40:00,2558026
66.8,61.1,65.3,53.0,2026-06-16 05:00:00,2558026
67.2,60.1,65.7,52.9,2026-06-16 05:20:00,2558026
67.5,59.4,66.0,52.9,2026-06-16 05:40:00,2558026
67.5,59.2,66.0,52.8,2026-06-16 06:00:00,2558026
89.6,33.0,89.4,56.7,2026-06-05 11:40:00,2974342
89.8,30.9,88.7,55.0,2026-06-05 12:00:00,2974342
92.8,30.5,93.0,57.3,2026-06-05 12:20:00,2974342
94.0,28.4,93.9,56.3,2026-06-05 12:40:00,2974342
94.8,28.7,95.5,57.3,2026-06-05 13:00:00,2974342
95.6,28.8,96.6,58.1,2026-06-05 13:20:00,2974342
93.7,26.8,92.8,54.4,2026-06-05 13:40:00,2974342
96.9,25.5,97.2,55.8,2026-06-05 14:00:00,2974342
96.9,26.8,97.9,57.2,2026-06-05 14:20:00,2974342
95.5,26.6,95.5,55.8,2026-06-05 14:40:00,2974342
94.4,26.5,93.9,54.8,2026-06-05 15:00:00,2974342
95.6,26.5,95.9,55.8,2026-06-05 15:20:00,2974342
94.5,26.8,94.3,55.1,2026-06-05 15:40:00,2974342
96.4,25.9,96.6,55.8,2026-06-05 16:00:00,2974342
98.1,26.1,99.5,57.5,2026-06-05 16:20:00,2974342
99.0,25.7,100.6,57.8,2026-06-05 16:40:00,2974342
98.3,25.6,99.3,57.0,2026-06-05 17:00:00,2974342
98.1,25.0,99.0,56.3,2026-06-05 17:20:00,2974342
97.2,25.7,97.7,56.2,2026-06-05 17:40:00,2974342
96.9,25.0,97.0,55.3,2026-06-05 18:00:00,2974342
92.7,29.3,92.5,56.1,2026-06-05 18:20:00,2974342
91.6,30.2,91.2,56.0,2026-06-05 18:40:00,2974342
90.5,30.8,89.6,55.5,2026-06-05 19:00:00,2974342
89.8,31.0,88.7,55.1,2026-06-05 19:20:00,2974342
88.8,31.7,87.6,54.9,2026-06-05 19:40:00,2974342
87.7,33.0,86.5,55.1,2026-06-05 20:00:00,2974342
86.2,34.4,84.9,54.9,2026-06-05 20:20:00,2974342
84.7,36.7,83.3,55.3,2026-06-05 20:40:00,2974342
83.2,38.4,81.9,55.2,2026-06-05 21:00:00,2974342
82.1,39.7,80.4,55.2,2026-06-05 21:20:00,2974342
80.9,42.0,79.3,55.7,2026-06-05 21:40:00,2974342
78.8,45.1,77.4,55.7,2026-06-05 22:00:00,2974342
77.7,47.2,76.3,56.0,2026-06-05 22:20:00,2974342
77.1,51.7,76.1,58.0,2026-06-05 22:40:00,2974342
76.2,51.9,75.2,57.3,2026-06-05 23:00:00,2974342
75.0,55.3,74.3,57.9,2026-06-05 23:20:00,2974342
74.2,56.0,73.6,57.5,2026-06-05 23:40:00,2974342
74.4,55.3,73.8,57.4,2026-06-06 00:00:00,2974342
76.2,51.0,75.0,56.8,2026-06-06 00:20:00,2974342
74.4,56.3,73.8,57.8,2026-06-06 00:40:00,2974342
72.8,58.4,72.5,57.4,2026-06-06 01:00:00,2974342
72.1,58.6,72.0,56.8,2026-06-06 01:20:00,2974342
71.4,60.5,71.2,57.0,2026-06-06 01:40:00,2974342
70.6,61.9,70.5,57.0,2026-06-06 02:00:00,2974342
70.0,64.4,70.0,57.5,2026-06-06 02:20:00,2974342
69.5,65.3,69.3,57.3,2026-06-06 02:40:00,2974342
68.6,67.3,68.2,57.3,2026-06-06 03:00:00,2974342
68.1,68.2,67.5,57.3,2026-06-06 03:20:00,2974342
67.9,69.0,67.3,57.4,2026-06-06 03:40:00,2974342
67.4,69.6,66.7,57.1,2026-06-06 04:00:00,2974342
67.0,71.2,66.2,57.3,2026-06-06 04:20:00,2974342
66.4,73.5,65.8,57.7,2026-06-06 04:40:00,2974342
66.0,74.0,65.1,57.5,2026-06-06 05:00:00,2974342
65.3,75.0,64.6,57.2,2026-06-06 05:20:00,2974342
64.6,77.1,64.0,57.3,2026-06-06 05:40:00,2974342
64.2,77.8,63.5,57.1,2026-06-06 06:00:00,2974342
64.0,78.5,63.3,57.2,2026-06-06 06:20:00,2974342
64.3,79.3,63.9,57.7,2026-06-06 06:40:00,2974342
65.1,79.0,64.8,58.5,2026-06-06 07:00:00,2974342
66.6,77.8,66.4,59.5,2026-06-06 07:20:00,2974342
68.1,76.5,68.2,60.4,2026-06-06 07:40:00,2974342
71.1,72.5,72.0,61.8,2026-06-06 08:00:00,2974342
75.7,63.2,75.9,62.3,2026-06-06 08:20:00,2974342
77.8,58.0,77.9,61.8,2026-06-06 08:40:00,2974342
79.1,56.1,79.5,62.1,2026-06-06 09:00:00,2974342
79.8,54.5,80.2,61.9,2026-06-06 09:20:00,2974342
82.1,51.1,82.8,62.2,2026-06-06 09:40:00,2974342
81.8,49.8,82.0,61.3,2026-06-06 10:00:00,2974342
84.2,47.2,85.3,61.9,2026-06-06 10:20:00,2974342
84.4,46.6,85.5,61.7,2026-06-06 10:40:00,2974342
85.9,44.1,87.1,61.5,2026-06-06 11:00:00,2974342
87.0,43.3,88.5,62.1,2026-06-06 11:20:00,2974342
87.8,42.4,89.6,62.2,2026-06-06 11:40:00,2974342
89.5,39.7,91.6,61.8,2026-06-06 12:00:00,2974342
91.2,37.4,93.4,61.6,2026-06-06 12:20:00,2974342
91.2,36.3,93.0,60.7,2026-06-06 12:40:00,2974342
93.2,35.8,96.3,62.1,2026-06-06 13:00:00,2974342
92.3,35.1,94.6,60.8,2026-06-06 13:20:00,2974342
92.6,34.9,94.6,60.9,2026-06-06 13:40:00,2974342
93.7,35.3,96.6,62.2,2026-06-06 14:00:00,2974342
91.0,36.8,92.8,60.9,2026-06-06 14:20:00,2974342
94.4,36.4,98.4,63.6,2026-06-06 14:40:00,2974342
93.7,35.2,96.6,62.1,2026-06-06 15:00:00,2974342
92.9,37.3,96.4,63.0,2026-06-06 15:20:00,2974342
92.2,37.0,95.0,62.2,2026-06-06 15:40:00,2974342
92.0,38.0,95.2,62.7,2026-06-06 16:00:00,2974342
96.4,35.2,101.5,64.5,2026-06-06 16:20:00,2974342
96.0,33.0,99.5,62.2,2026-06-06 16:40:00,2974342
95.0,33.6,98.2,61.9,2026-06-06 17:00:00,2974342
95.2,33.0,98.1,61.5,2026-06-06 17:20:00,2974342
95.8,34.1,99.9,63.0,2026-06-06 17:40:00,2974342
93.1,32.0,94.3,58.9,2026-06-06 18:00:00,2974342
90.9,35.0,92.3,59.5,2026-06-06 18:20:00,2974342
90.4,36.3,91.8,60.1,2026-06-06 18:40:00,2974342
89.7,36.8,90.9,59.8,2026-06-06 19:00:00,2974342
89.3,37.7,90.5,60.2,2026-06-06 19:20:00,2974342
88.4,39.1,89.4,60.3,2026-06-06 19:40:00,2974342
87.4,40.2,88.2,60.3,2026-06-06 20:00:00,2974342
86.7,40.8,87.3,60.1,2026-06-06 20:20:00,2974342
85.2,42.2,85.5,59.7,2026-06-06 20:40:00,2974342
83.3,44.9,83.3,59.7,2026-06-06 21:00:00,2974342
82.0,46.8,81.7,59.7,2026-06-06 21:20:00,2974342
81.1,48.3,80.8,59.8,2026-06-06 21:40:00,2974342
80.2,49.7,79.9,59.6,2026-06-06 22:00:00,2974342
79.5,51.3,79.2,59.9,2026-06-06 22:20:00,2974342
80.0,50.9,79.7,60.2,2026-06-06 22:40:00,2974342
79.0,52.7,79.0,60.3,2026-06-06 23:00:00,2974342
78.2,54.1,77.9,60.3,2026-06-06 23:20:00,2974342
77.3,58.4,77.2,61.6,2026-06-06 23:40:00,2974342
77.5,56.0,77.2,60.6,2026-06-07 00:00:00,2974342
77.5,56.2,77.2,60.7,2026-06-07 00:20:00,2974342
76.8,57.9,76.3,60.8,2026-06-07 00:40:00,2974342
76.3,58.8,76.1,60.8,2026-06-07 01:00:00,2974342
75.1,61.1,75.0,60.8,2026-06-07 01:20:00,2974342
74.2,64.2,74.5,61.3,2026-06-07 01:40:00,2974342
72.9,67.3,73.4,61.4,2026-06-07 02:00:00,2974342
72.3,69.0,73.0,61.6,2026-06-07 02:20:00,2974342
72.3,68.5,72.9,61.4,2026-06-07 02:40:00,2974342
71.5,70.6,72.1,61.4,2026-06-07 03:00:00,2974342
71.9,69.5,72.5,61.4,2026-06-07 03:20:00,2974342
71.2,70.4,71.8,61.1,2026-06-07 03:40:00,2974342
71.2,71.6,71.8,61.5,2026-06-07 04:00:00,2974342
70.7,72.1,71.6,61.3,2026-06-07 04:20:00,2974342
70.1,73.5,70.5,61.2,2026-06-07 04:40:00,2974342
69.1,75.4,69.6,61.0,2026-06-07 05:00:00,2974342
68.8,76.2,69.1,61.0,2026-06-07 05:20:00,2974342
68.5,76.8,68.5,61.0,2026-06-07 05:40:00,2974342
68.1,78.0,68.2,61.0,2026-06-07 06:00:00,2974342
67.7,79.2,68.0,61.0,2026-06-07 06:20:00,2974342
68.6,78.5,68.9,61.6,2026-06-07 06:40:00,2974342
69.6,78.0,70.2,62.4,2026-06-07 07:00:00,2974342
71.3,75.5,72.3,63.2,2026-06-07 07:20:00,2974342
73.1,72.4,74.1,63.7,2026-06-07 07:40:00,2974342
75.3,69.5,76.1,64.7,2026-06-07 08:00:00,2974342
77.2,65.3,78.1,64.7,2026-06-07 08:20:00,2974342
78.5,62.9,79.7,64.8,2026-06-07 08:40:00,2974342
79.9,61.2,81.3,65.3,2026-06-07 09:00:00,2974342
81.1,59.7,82.9,65.8,2026-06-07 09:20:00,2974342
82.5,55.8,84.2,65.1,2026-06-07 09:40:00,2974342
83.8,54.5,86.4,65.7,2026-06-07 10:00:00,2974342
84.7,52.2,87.4,65.2,2026-06-07 10:20:00,2974342
85.8,49.4,88.7,64.7,2026-06-07 10:40:00,2974342
86.9,48.5,90.0,65.1,2026-06-07 11:00:00,2974342
88.7,46.7,92.5,65.6,2026-06-07 11:20:00,2974342
89.8,44.6,94.1,65.4,2026-06-07 11:40:00,2974342
90.4,42.9,94.5,64.8,2026-06-07 12:00:00,2974342
91.3,39.5,94.6,63.3,2026-06-07 12:20:00,2974342
94.4,37.0,98.8,64.1,2026-06-07 12:40:00,2974342
96.8,35.7,102.6,65.2,2026-06-07 13:00:00,2974342
95.3,35.2,99.5,63.5,2026-06-07 13:20:00,2974342
94.9,34.0,98.1,62.1,2026-06-07 13:40:00,2974342
98.2,33.4,103.6,64.5,2026-06-07 14:00:00,2974342
97.3,32.9,101.7,63.3,2026-06-07 14:20:00,2974342
96.2,31.6,99.0,61.1,2026-06-07 14:40:00,2974342
96.4,32.2,99.7,61.9,2026-06-07 15:00:00,2974342
95.8,32.2,98.6,61.4,2026-06-07 15:20:00,2974342
99.4,32.3,105.1,64.5,2026-06-07 15:40:00,2974342
99.5,31.2,104.5,63.7,2026-06-07 16:00:00,2974342
95.7,32.2,98.6,61.3,2026-06-07 16:20:00,2974342
99.0,32.4,104.4,64.3,2026-06-07 16:40:00,2974342
96.3,34.2,100.8,63.5,2026-06-07 17:00:00,2974342
98.0,32.7,102.7,63.7,2026-06-07 17:20:00,2974342
97.7,34.8,103.8,65.2,2026-06-07 17:40:00,2974342
96.7,35.9,102.7,65.3,2026-06-07 18:00:00,2974342
94.0,37.7,98.4,64.3,2026-06-07 18:20:00,2974342
93.3,38.6,97.7,64.4,2026-06-07 18:40:00,2974342
92.4,39.2,96.4,64.0,2026-06-07 19:00:00,2974342
91.7,39.5,95.4,63.6,2026-06-07 19:20:00,2974342
91.2,40.4,94.6,63.8,2026-06-07 19:40:00,2974342
90.3,40.8,93.2,63.2,2026-06-07 20:00:00,2974342
89.6,40.9,91.9,62.7,2026-06-07 20:20:00,2974342
89.2,41.0,91.2,62.3,2026-06-07 20:40:00,2974342
88.7,42.1,91.0,62.7,2026-06-07 21:00:00,2974342
87.6,43.4,89.6,62.7,2026-06-07 21:20:00,2974342
87.0,44.5,88.7,62.7,2026-06-07 21:40:00,2974342
85.7,46.4,87.4,62.8,2026-06-07 22:00:00,2974342
85.3,48.2,87.1,63.5,2026-06-07 22:20:00,2974342
84.7,48.5,86.4,63.1,2026-06-07 22:40:00,2974342
84.3,48.8,85.8,63.0,2026-06-07 23:00:00,2974342
83.5,49.6,84.7,62.7,2026-06-07 23:20:00,2974342
83.1,50.5,84.2,62.8,2026-06-07 23:40:00,2974342
82.9,51.7,84.2,63.3,2026-06-08 00:00:00,2974342
82.8,53.1,84.4,63.9,2026-06-08 00:20:00,2974342
82.0,54.8,83.3,64.1,2026-06-08 00:40:00,2974342
81.1,56.6,82.2,64.2,2026-06-08 01:00:00,2974342
80.8,57.1,82.2,64.2,2026-06-08 01:20:00,2974342
79.7,59.6,80.8,64.4,2026-06-08 01:40:00,2974342
78.6,61.2,79.3,64.1,2026-06-08 02:00:00,2974342
78.0,63.4,79.0,64.5,2026-06-08 02:20:00,2974342
78.0,63.5,79.0,64.6,2026-06-08 02:40:00,2974342
77.0,66.0,77.9,64.8,2026-06-08 03:00:00,2974342
76.6,66.2,77.2,64.5,2026-06-08 03:20:00,2974342
76.5,67.0,77.2,64.7,2026-06-08 03:40:00,2974342
75.6,69.2,76.5,64.8,2026-06-08 04:00:00,2974342
74.7,71.3,75.7,64.8,2026-06-08 04:20:00,2974342
74.2,72.6,75.2,64.8,2026-06-08 04:40:00,2974342
73.6,73.9,74.8,64.8,2026-06-08 05:00:00,2974342
73.1,75.0,74.1,64.7,2026-06-08 05:20:00,2974342
73.0,75.1,74.1,64.7,2026-06-08 05:40:00,2974342
72.5,76.1,73.8,64.5,2026-06-08 06:00:00,2974342
72.4,76.5,73.6,64.6,2026-06-08 06:20:00,2974342
72.9,76.6,74.1,65.1,2026-06-08 06:40:00,2974342
73.7,76.0,75.0,65.6,2026-06-08 07:00:00,2974342
74.3,75.9,75.6,66.2,2026-06-08 07:20:00,2974342
75.3,75.0,76.8,66.8,2026-06-08 07:40:00,2974342
78.1,68.9,80.1,67.0,2026-06-08 08:00:00,2974342
79.4,66.5,81.9,67.2,2026-06-08 08:20:00,2974342
80.7,65.2,83.7,67.9,2026-06-08 08:40:00,2974342
82.5,63.3,86.2,68.7,2026-06-08 09:00:00,2974342
83.7,59.4,87.8,68.0,2026-06-08 09:20:00,2974342
84.7,57.5,88.9,68.0,2026-06-08 09:40:00,2974342
85.9,56.5,91.0,68.6,2026-06-08 10:00:00,2974342
87.0,55.6,92.8,69.2,2026-06-08 10:20:00,2974342
88.3,53.6,94.5,69.4,2026-06-08 10:40:00,2974342
89.0,52.5,95.7,69.4,2026-06-08 11:00:00,2974342
89.5,48.9,95.2,67.7,2026-06-08 11:20:00,2974342
91.2,45.8,97.3,67.4,2026-06-08 11:40:00,2974342
92.7,44.8,99.7,68.1,2026-06-08 12:00:00,2974342
94.4,41.9,101.5,67.7,2026-06-08 12:20:00,2974342
94.0,42.1,100.8,67.5,2026-06-08 12:40:00,2974342
95.1,39.7,101.8,66.8,2026-06-08 13:00:00,2974342
94.9,40.2,101.7,66.9,2026-06-08 13:20:00,2974342
94.5,38.7,100.0,65.5,2026-06-08 13:40:00,2974342
93.5,39.5,98.4,65.2,2026-06-08 14:00:00,2974342
95.6,37.7,101.7,65.7,2026-06-08 14:20:00,2974342
96.3,38.3,103.3,66.7,2026-06-08 14:40:00,2974342
94.6,39.2,100.4,65.9,2026-06-08 15:00:00,2974342
94.1,39.6,99.9,65.8,2026-06-08 15:20:00,2974342
92.5,40.2,97.2,64.8,2026-06-08 15:40:00,2974342
93.7,39.1,98.6,65.0,2026-06-08 16:00:00,2974342
92.8,40.9,97.9,65.5,2026-06-08 16:20:00,2974342
95.8,38.6,102.6,66.5,2026-06-08 16:40:00,2974342
96.9,36.1,102.9,65.6,2026-06-08 17:00:00,2974342
95.5,36.1,100.2,64.3,2026-06-08 17:20:00,2974342
92.8,38.8,96.8,64.0,2026-06-08 17:40:00,2974342
91.5,38.8,94.6,62.9,2026-06-08 18:00:00,2974342
90.4,39.6,93.0,62.5,2026-06-08 18:20:00,2974342
90.1,40.1,92.7,62.6,2026-06-08 18:40:00,2974342
89.5,40.6,91.9,62.5,2026-06-08 19:00:00,2974342
88.9,41.3,91.2,62.4,2026-06-08 19:20:00,2974342
87.5,44.7,89.8,63.4,2026-06-08 19:40:00,2974342
85.7,47.9,88.0,63.7,2026-06-08 20:00:00,2974342
84.6,50.1,86.9,64.0,2026-06-08 20:20:00,2974342
83.3,52.3,84.9,64.0,2026-06-08 20:40:00,2974342
82.0,54.5,83.3,64.0,2026-06-08 21:00:00,2974342
81.0,56.1,82.2,63.9,2026-06-08 21:20:00,2974342
80.1,57.6,81.3,63.8,2026-06-08 21:40:00,2974342
79.1,59.0,79.9,63.5,2026-06-08 22:00:00,2974342
77.6,61.4,78.1,63.3,2026-06-08 22:20:00,2974342
76.4,63.3,76.6,63.0,2026-06-08 22:40:00,2974342
74.9,64.2,75.2,62.0,2026-06-08 23:00:00,2974342
74.1,65.9,74.3,62.0,2026-06-08 23:20:00,2974342
73.3,67.0,73.8,61.6,2026-06-08 23:40:00,2974342
72.3,67.5,72.9,61.0,2026-06-09 00:00:00,2974342
71.7,67.6,72.1,60.4,2026-06-09 00:20:00,2974342
71.0,67.9,71.4,59.8,2026-06-09 00:40:00,2974342
70.4,67.8,70.7,59.3,2026-06-09 01:00:00,2974342
69.7,66.8,69.6,58.2,2026-06-09 01:20:00,2974342
69.4,67.4,69.3,58.1,2026-06-09 01:40:00,2974342
68.6,67.7,68.2,57.5,2026-06-09 02:00:00,2974342
68.3,68.5,67.8,57.5,2026-06-09 02:20:00,2974342
67.9,69.3,67.5,57.5,2026-06-09 02:40:00,2974342
67.8,70.5,67.5,57.9,2026-06-09 03:00:00,2974342
67.7,72.0,67.3,58.4,2026-06-09 03:20:00,2974342
67.8,72.7,67.6,58.7,2026-06-09 03:40:00,2974342
67.9,71.9,67.6,58.5,2026-06-09 04:00:00,2974342
67.6,68.7,66.7,56.9,2026-06-09 04:20:00,2974342
67.3,69.4,66.6,57.0,2026-06-09 04:40:00,2974342
66.8,67.8,65.8,55.9,2026-06-09 05:00:00,2974342
66.5,67.2,65.3,55.2,2026-06-09 05:20:00,2974342
66.3,67.4,64.9,55.2,2026-06-09 05:40:00,2974342
66.1,67.6,64.9,55.0,2026-06-09 06:00:00,2974342
65.9,68.4,64.6,55.1,2026-06-09 06:20:00,2974342
66.3,68.2,65.1,55.5,2026-06-09 06:40:00,2974342
66.6,67.9,65.7,55.7,2026-06-09 07:00:00,2974342
66.5,68.7,65.3,55.9,2026-06-09 07:20:00,2974342
66.6,67.2,65.5,55.3,2026-06-09 07:40:00,2974342
67.0,67.5,66.0,55.9,2026-06-09 08:00:00,2974342
67.8,66.6,66.9,56.3,2026-06-09 08:20:00,2974342
69.0,65.6,68.5,57.0,2026-06-09 08:40:00,2974342
70.1,65.8,70.0,58.1,2026-06-09 09:00:00,2974342
71.4,65.1,71.6,59.0,2026-06-09 09:20:00,2974342
72.4,64.5,72.7,59.8,2026-06-09 09:40:00,2974342
74.1,62.9,74.1,60.6,2026-06-09 10:00:00,2974342
74.6,60.2,74.5,59.9,2026-06-09 10:20:00,2974342
75.9,59.1,75.7,60.6,2026-06-09 10:40:00,2974342
77.4,55.9,77.2,60.4,2026-06-09 11:00:00,2974342
80.8,53.4,81.7,62.3,2026-06-09 11:20:00,2974342
80.8,52.0,81.3,61.5,2026-06-09 11:40:00,2974342
81.0,52.3,81.5,61.9,2026-06-09 12:00:00,2974342
83.6,51.9,85.5,64.0,2026-06-09 12:20:00,2974342
85.7,50.2,88.7,65.1,2026-06-09 12:40:00,2974342
84.9,50.8,87.6,64.7,2026-06-09 13:00:00,2974342
85.1,51.7,88.3,65.4,2026-06-09 13:20:00,2974342
89.8,50.6,96.4,69.0,2026-06-09 13:40:00,2974342
87.7,52.1,92.8,68.0,2026-06-09 14:00:00,2974342
86.6,53.5,91.4,67.7,2026-06-09 14:20:00,2974342
86.2,53.7,90.9,67.5,2026-06-09 14:40:00,2974342
86.6,52.6,91.0,67.3,2026-06-09 15:00:00,2974342
88.2,53.0,94.3,68.9,2026-06-09 15:20:00,2974342
87.6,52.1,92.5,67.8,2026-06-09 15:40:00,2974342
87.6,52.4,93.0,68.0,2026-06-09 16:00:00,2974342
88.9,51.6,95.4,68.8,2026-06-09 16:20:00,2974342
88.8,51.0,94.5,68.3,2026-06-09 16:40:00,2974342
88.3,52.5,94.1,68.7,2026-06-09 17:00:00,2974342
87.9,52.8,93.4,68.5,2026-06-09 17:20:00,2974342
88.3,52.6,94.1,68.8,2026-06-09 17:40:00,2974342
87.7,53.4,93.4,68.7,2026-06-09 18:00:00,2974342
86.5,54.5,91.4,68.1,2026-06-09 18:20:00,2974342
86.7,55.1,92.1,68.6,2026-06-09 18:40:00,2974342
85.8,55.8,90.9,68.2,2026-06-09 19:00:00,2974342
85.7,57.5,91.0,69.0,2026-06-09 19:20:00,2974342
84.8,57.9,89.4,68.4,2026-06-09 19:40:00,2974342
84.4,59.2,89.1,68.6,2026-06-09 20:00:00,2974342
83.8,60.3,88.0,68.5,2026-06-09 20:20:00,2974342
82.7,61.9,86.2,68.3,2026-06-09 20:40:00,2974342
82.2,62.7,85.3,68.2,2026-06-09 21:00:00,2974342
81.4,63.6,84.6,67.9,2026-06-09 21:20:00,2974342
80.7,65.4,83.7,68.0,2026-06-09 21:40:00,2974342
80.1,66.1,82.9,67.7,2026-06-09 22:00:00,2974342
79.2,68.3,81.9,67.9,2026-06-09 22:20:00,2974342
78.8,69.6,81.5,68.0,2026-06-09 22:40:00,2974342
78.6,70.4,81.0,68.1,2026-06-09 23:00:00,2974342
78.5,70.7,81.1,68.3,2026-06-09 23:20:00,2974342
78.9,71.5,81.9,68.9,2026-06-09 23:40:00,2974342
79.6,72.7,83.3,70.0,2026-06-10 00:00:00,2974342
79.4,73.3,83.1,70.1,2026-06-10 00:20:00,2974342
79.1,74.6,82.8,70.3,2026-06-10 00:40:00,2974342
78.6,75.7,82.2,70.3,2026-06-10 01:00:00,2974342
78.4,76.7,81.9,70.5,2026-06-10 01:20:00,2974342
78.2,77.3,81.5,70.4,2026-06-10 01:40:00,2974342
77.7,78.0,81.0,70.3,2026-06-10 02:00:00,2974342
77.2,78.8,80.1,70.2,2026-06-10 02:20:00,2974342
76.9,79.3,79.5,70.0,2026-06-10 02:40:00,2974342
76.5,79.8,78.8,69.8,2026-06-10 03:00:00,2974342
76.1,80.5,78.3,69.7,2026-06-10 03:20:00,2974342
76.0,81.0,78.3,69.7,2026-06-10 03:40:00,2974342
76.0,81.2,78.3,69.8,2026-06-10 04:00:00,2974342
75.7,81.7,77.7,69.7,2026-06-10 04:20:00,2974342
75.5,82.0,77.7,69.7,2026-06-10 04:40:00,2974342
75.3,82.4,77.5,69.5,2026-06-10 05:00:00,2974342
75.3,82.6,77.5,69.6,2026-06-10 05:20:00,2974342
75.2,82.8,77.4,69.6,2026-06-10 05:40:00,2974342
75.1,83.0,77.4,69.6,2026-06-10 06:00:00,2974342
75.3,83.2,77.7,69.8,2026-06-10 06:20:00,2974342
75.7,82.9,77.9,70.1,2026-06-10 06:40:00,2974342
76.0,82.7,78.4,70.3,2026-06-10 07:00:00,2974342
76.3,82.3,78.8,70.5,2026-06-10 07:20:00,2974342
76.5,81.9,79.2,70.6,2026-06-10 07:40:00,2974342
76.8,81.8,79.3,70.8,2026-06-10 08:00:00,2974342
77.2,80.3,80.2,70.7,2026-06-10 08:20:00,2974342
78.2,79.0,81.9,71.2,2026-06-10 08:40:00,2974342
78.8,77.8,82.9,71.3,2026-06-10 09:00:00,2974342
80.7,75.5,86.0,72.3,2026-06-10 09:20:00,2974342
81.2,73.7,86.5,72.0,2026-06-10 09:40:00,2974342
82.0,72.4,88.0,72.3,2026-06-10 10:00:00,2974342
83.6,69.8,90.5,72.7,2026-06-10 10:20:00,2974342
85.6,66.8,94.1,73.3,2026-06-10 10:40:00,2974342
86.2,64.4,94.8,72.8,2026-06-10 11:00:00,2974342
86.1,63.3,93.9,72.2,2026-06-10 11:20:00,2974342
85.7,63.3,93.0,71.8,2026-06-10 11:40:00,2974342
87.6,60.7,95.7,72.3,2026-06-10 12:00:00,2974342
88.3,57.3,96.1,71.3,2026-06-10 12:20:00,2974342
89.3,54.1,97.3,70.5,2026-06-10 12:40:00,2974342
89.1,55.1,97.3,70.8,2026-06-10 13:00:00,2974342
90.3,52.1,98.4,70.3,2026-06-10 13:20:00,2974342
92.6,48.2,101.3,70.2,2026-06-10 13:40:00,2974342
91.9,49.4,100.4,70.3,2026-06-10 14:00:00,2974342
91.1,50.7,99.7,70.3,2026-06-10 14:20:00,2974342
90.6,51.6,98.8,70.3,2026-06-10 14:40:00,2974342
93.3,50.0,103.8,71.9,2026-06-10 15:00:00,2974342
91.3,47.5,98.2,68.6,2026-06-10 15:20:00,2974342
94.7,46.1,104.5,70.7,2026-06-10 15:40:00,2974342
92.1,46.7,99.7,68.8,2026-06-10 16:00:00,2974342
92.9,46.8,101.1,69.5,2026-06-10 16:20:00,2974342
95.3,45.7,105.6,71.0,2026-06-10 16:40:00,2974342
94.9,45.5,104.5,70.5,2026-06-10 17:00:00,2974342
93.4,47.2,102.4,70.3,2026-06-10 17:20:00,2974342
94.1,46.4,103.5,70.4,2026-06-10 17:40:00,2974342
93.4,46.6,101.8,69.9,2026-06-10 18:00:00,2974342
92.1,47.5,100.0,69.3,2026-06-10 18:20:00,2974342
91.8,49.1,100.2,69.9,2026-06-10 18:40:00,2974342
90.9,49.7,98.8,69.5,2026-06-10 19:00:00,2974342
90.9,49.6,98.8,69.5,2026-06-10 19:20:00,2974342
90.7,49.9,98.2,69.5,2026-06-10 19:40:00,2974342
89.7,50.7,96.4,69.0,2026-06-10 20:00:00,2974342
88.8,52.1,95.2,68.9,2026-06-10 20:20:00,2974342
87.9,53.7,93.7,69.0,2026-06-10 20:40:00,2974342
87.1,55.2,93.0,69.1,2026-06-10 21:00:00,2974342
86.7,56.1,92.3,69.2,2026-06-10 21:20:00,2974342
86.2,57.2,91.9,69.3,2026-06-10 21:40:00,2974342
85.7,58.2,91.4,69.3,2026-06-10 22:00:00,2974342
85.3,59.5,90.7,69.6,2026-06-10 22:20:00,2974342
84.7,60.6,89.8,69.6,2026-06-10 22:40:00,2974342
84.0,62.2,89.2,69.7,2026-06-10 23:00:00,2974342
83.6,62.9,88.3,69.6,2026-06-10 23:20:00,2974342
83.1,64.0,87.8,69.7,2026-06-10 23:40:00,2974342
82.6,65.0,87.1,69.6,2026-06-11 00:00:00,2974342
82.5,65.5,86.7,69.7,2026-06-11 00:20:00,2974342
81.8,66.3,85.8,69.4,2026-06-11 00:40:00,2974342
81.3,67.5,85.1,69.5,2026-06-11 01:00:00,2974342
81.0,68.4,84.9,69.6,2026-06-11 01:20:00,2974342
80.8,69.0,84.9,69.7,2026-06-11 01:40:00,2974342
80.3,69.6,84.0,69.5,2026-06-11 02:00:00,2974342
78.9,72.8,82.0,69.5,2026-06-11 02:20:00,2974342
78.8,72.3,82.0,69.2,2026-06-11 02:40:00,2974342
78.8,72.0,81.9,69.0,2026-06-11 03:00:00,2974342
78.6,71.8,81.1,68.7,2026-06-11 03:20:00,2974342
78.2,72.4,80.8,68.6,2026-06-11 03:40:00,2974342
77.8,73.1,80.1,68.5,2026-06-11 04:00:00,2974342
77.4,73.5,79.5,68.2,2026-06-11 04:20:00,2974342
76.7,75.3,78.4,68.3,2026-06-11 04:40:00,2974342
76.1,76.4,77.7,68.1,2026-06-11 05:00:00,2974342
75.6,76.8,77.4,67.8,2026-06-11 05:20:00,2974342
75.1,78.4,76.8,67.9,2026-06-11 05:40:00,2974342
74.8,78.2,76.5,67.5,2026-06-11 06:00:00,2974342
75.5,76.5,77.2,67.6,2026-06-11 06:20:00,2974342
75.9,75.9,77.4,67.7,2026-06-11 06:40:00,2974342
76.3,75.2,77.9,67.9,2026-06-11 07:00:00,2974342
77.0,74.5,79.0,68.3,2026-06-11 07:20:00,2974342
77.9,73.5,80.2,68.7,2026-06-11 07:40:00,2974342
79.1,72.4,82.4,69.5,2026-06-11 08:00:00,2974342
80.4,70.8,84.2,70.0,2026-06-11 08:20:00,2974342
81.5,69.5,85.8,70.5,2026-06-11 08:40:00,2974342
82.9,68.1,88.3,71.3,2026-06-11 09:00:00,2974342
84.2,66.5,90.7,71.8,2026-06-11 09:20:00,2974342
85.2,65.7,92.8,72.4,2026-06-11 09:40:00,2974342
86.1,63.2,93.9,72.1,2026-06-11 10:00:00,2974342
87.9,60.5,96.4,72.5,2026-06-11 10:20:00,2974342
88.4,58.9,97.2,72.2,2026-06-11 10:40:00,2974342
90.0,57.4,100.4,72.9,2026-06-11 11:00:00,2974342
92.0,54.3,103.5,73.1,2026-06-11 11:20:00,2974342
93.6,51.3,105.3,72.9,2026-06-11 11:40:00,2974342
93.8,50.2,105.3,72.4,2026-06-11 12:00:00,2974342
95.5,49.0,108.5,73.2,2026-06-11 12:20:00,2974342
98.7,44.6,112.5,73.4,2026-06-11 12:40:00,2974342
101.5,40.7,116.2,73.2,2026-06-11 13:00:00,2974342
100.7,40.9,114.4,72.6,2026-06-11 13:20:00,2974342
96.4,43.4,106.5,70.4,2026-06-11 13:40:00,2974342
100.1,40.2,112.5,71.5,2026-06-11 14:00:00,2974342
100.1,40.6,112.8,71.9,2026-06-11 14:20:00,2974342
102.3,37.4,115.2,71.4,2026-06-11 14:40:00,2974342
101.6,37.6,113.7,70.9,2026-06-11 15:00:00,2974342
101.8,36.1,112.6,69.8,2026-06-11 15:20:00,2974342
102.9,35.2,114.3,70.1,2026-06-11 15:40:00,2974342
104.0,33.1,115.0,69.3,2026-06-11 16:00:00,2974342
104.9,33.8,117.1,70.6,2026-06-11 16:20:00,2974342
100.1,36.5,109.6,68.7,2026-06-11 16:40:00,2974342
102.2,37.5,115.3,71.4,2026-06-11 17:00:00,2974342
99.7,38.5,110.3,69.9,2026-06-11 17:20:00,2974342
98.3,40.8,109.0,70.4,2026-06-11 17:40:00,2974342
96.1,42.2,104.9,69.4,2026-06-11 18:00:00,2974342
84.4,62.1,89.6,70.0,2026-06-11 18:20:00,2974342
79.1,83.4,84.6,73.6,2026-06-11 18:40:00,2974342
80.2,85.9,87.4,75.6,2026-06-11 19:00:00,2974342
80.8,88.2,89.6,77.0,2026-06-11 19:20:00,2974342
80.9,87.4,89.4,76.8,2026-06-11 19:40:00,2974342
81.3,88.8,90.7,77.7,2026-06-11 20:00:00,2974342
80.8,88.5,89.6,77.1,2026-06-11 20:20:00,2974342
80.0,89.2,87.8,76.5,2026-06-11 20:40:00,2974342
79.6,89.0,86.9,76.1,2026-06-11 21:00:00,2974342
78.9,89.7,85.5,75.7,2026-06-11 21:20:00,2974342
78.8,90.4,85.6,75.8,2026-06-11 21:40:00,2974342
78.5,90.3,84.7,75.5,2026-06-11 22:00:00,2974342
78.6,90.7,84.7,75.7,2026-06-11 22:20:00,2974342
78.5,90.8,84.7,75.6,2026-06-11 22:40:00,2974342
78.3,90.4,84.4,75.2,2026-06-11 23:00:00,2974342
78.2,88.7,83.5,74.6,2026-06-11 23:20:00,2974342
78.2,89.7,83.7,74.9,2026-06-11 23:40:00,2974342
77.6,90.0,82.4,74.5,2026-06-12 00:00:00,2974342
77.7,88.5,82.2,74.0,2026-06-12 00:20:00,2974342
77.5,89.1,82.0,74.0,2026-06-12 00:40:00,2974342
76.6,89.8,80.4,73.4,2026-06-12 01:00:00,2974342
76.6,89.2,80.1,73.1,2026-06-12 01:20:00,2974342
76.2,89.7,79.5,72.9,2026-06-12 01:40:00,2974342
75.7,90.4,79.0,72.7,2026-06-12 02:00:00,2974342
75.5,90.7,78.6,72.6,2026-06-12 02:20:00,2974342
75.5,90.5,78.6,72.5,2026-06-12 02:40:00,2974342
75.4,89.5,78.4,72.1,2026-06-12 03:00:00,2974342
75.5,89.5,78.4,72.2,2026-06-12 03:20:00,2974342
75.4,90.2,78.6,72.3,2026-06-12 03:40:00,2974342
76.0,89.3,79.2,72.6,2026-06-12 04:00:00,2974342
75.7,90.0,78.8,72.5,2026-06-12 04:20:00,2974342
76.1,89.1,79.2,72.6,2026-06-12 04:40:00,2974342
75.3,90.3,78.4,72.3,2026-06-12 05:00:00,2974342
75.2,90.5,78.3,72.2,2026-06-12 05:20:00,2974342
74.9,91.1,77.9,72.1,2026-06-12 05:40:00,2974342
75.0,91.2,77.9,72.2,2026-06-12 06:00:00,2974342
74.9,91.3,78.1,72.2,2026-06-12 06:20:00,2974342
75.7,90.9,79.0,72.9,2026-06-12 06:40:00,2974342
76.0,90.9,79.3,73.1,2026-06-12 07:00:00,2974342
77.8,88.3,82.6,74.0,2026-06-12 07:20:00,2974342
81.4,82.4,89.2,75.5,2026-06-12 07:40:00,2974342
83.0,77.8,91.6,75.4,2026-06-12 08:00:00,2974342
83.9,74.5,93.0,74.9,2026-06-12 08:20:00,2974342
84.5,72.8,93.7,74.8,2026-06-12 08:40:00,2974342
85.3,70.1,94.8,74.5,2026-06-12 09:00:00,2974342
87.0,66.5,97.3,74.5,2026-06-12 09:20:00,2974342
88.5,62.7,98.8,74.1,2026-06-12 09:40:00,2974342
89.9,60.0,101.3,74.1,2026-06-12 10:00:00,2974342
90.9,56.1,102.0,73.0,2026-06-12 10:20:00,2974342
92.3,52.7,103.5,72.5,2026-06-12 10:40:00,2974342
94.2,48.9,105.1,72.0,2026-06-12 11:00:00,2974342
94.9,46.5,105.3,71.2,2026-06-12 11:20:00,2974342
96.0,44.3,106.3,70.8,2026-06-12 11:40:00,2974342
97.9,41.8,108.9,70.7,2026-06-12 12:00:00,2974342
98.9,41.2,110.5,71.2,2026-06-12 12:20:00,2974342
99.1,40.2,109.9,70.6,2026-06-12 12:40:00,2974342
101.7,39.1,115.3,72.1,2026-06-12 13:00:00,2974342
100.5,36.2,110.1,68.8,2026-06-12 13:20:00,2974342
102.2,35.1,112.6,69.4,2026-06-12 13:40:00,2974342
103.6,34.4,115.0,70.0,2026-06-12 14:00:00,2974342
105.2,33.1,117.1,70.3,2026-06-12 14:20:00,2974342
103.6,31.6,112.5,67.6,2026-06-12 14:40:00,2974342
102.4,35.2,113.7,69.7,2026-06-12 15:00:00,2974342
103.7,34.2,115.3,70.0,2026-06-12 15:20:00,2974342
103.5,30.4,111.4,66.4,2026-06-12 15:40:00,2974342
106.1,30.5,116.2,68.7,2026-06-12 16:00:00,2974342
104.2,31.4,113.5,67.9,2026-06-12 16:20:00,2974342
106.2,31.7,117.9,69.9,2026-06-12 16:40:00,2974342
107.0,30.8,118.4,69.8,2026-06-12 17:00:00,2974342
104.6,31.2,114.1,68.0,2026-06-12 17:20:00,2974342
105.8,30.6,116.1,68.6,2026-06-12 17:40:00,2974342
104.0,30.9,112.6,67.2,2026-06-12 18:00:00,2974342
101.0,32.2,108.1,65.9,2026-06-12 18:20:00,2974342
99.5,34.4,107.1,66.5,2026-06-12 18:40:00,2974342
99.0,35.4,106.5,66.8,2026-06-12 19:00:00,2974342
98.6,37.0,107.1,67.9,2026-06-12 19:20:00,2974342
97.9,37.1,105.8,67.3,2026-06-12 19:40:00,2974342
97.0,38.0,104.4,67.2,2026-06-12 20:00:00,2974342
96.1,39.5,103.5,67.4,2026-06-12 20:20:00,2974342
94.9,40.7,101.8,67.3,2026-06-12 20:40:00,2974342
93.7,42.4,100.2,67.4,2026-06-12 21:00:00,2974342
93.2,43.5,100.0,67.7,2026-06-12 21:20:00,2974342
93.2,44.0,100.0,68.1,2026-06-12 21:40:00,2974342
91.5,48.4,99.1,69.3,2026-06-12 22:00:00,2974342
89.7,51.1,96.6,69.2,2026-06-12 22:20:00,2974342
87.3,54.1,93.0,68.7,2026-06-12 22:40:00,2974342
89.3,47.3,94.1,66.6,2026-06-12 23:00:00,2974342
88.8,47.2,93.0,66.1,2026-06-12 23:20:00,2974342
88.2,45.5,91.0,64.5,2026-06-12 23:40:00,2974342
87.1,46.8,90.0,64.3,2026-06-13 00:00:00,2974342
86.3,48.7,89.2,64.7,2026-06-13 00:20:00,2974342
84.7,51.8,87.3,65.0,2026-06-13 00:40:00,2974342
83.3,55.0,85.6,65.4,2026-06-13 01:00:00,2974342
82.2,56.8,84.4,65.4,2026-06-13 01:20:00,2974342
82.7,57.0,84.9,65.9,2026-06-13 01:40:00,2974342
82.1,58.5,84.4,66.1,2026-06-13 02:00:00,2974342
81.3,59.2,83.3,65.7,2026-06-13 02:20:00,2974342
80.4,60.8,82.2,65.6,2026-06-13 02:40:00,2974342
80.0,61.4,81.7,65.6,2026-06-13 03:00:00,2974342
79.7,62.2,81.3,65.6,2026-06-13 03:20:00,2974342
78.9,63.7,80.4,65.6,2026-06-13 03:40:00,2974342
78.4,65.1,79.9,65.7,2026-06-13 04:00:00,2974342
78.0,65.9,79.3,65.7,2026-06-13 04:20:00,2974342
77.5,66.8,78.6,65.6,2026-06-13 04:40:00,2974342
76.8,68.3,77.9,65.6,2026-06-13 05:00:00,2974342
76.3,69.9,77.2,65.8,2026-06-13 05:20:00,2974342
75.5,72.0,76.6,65.8,2026-06-13 05:40:00,2974342
75.1,72.8,76.3,65.8,2026-06-13 06:00:00,2974342
74.7,74.3,75.9,66.0,2026-06-13 06:20:00,2974342
74.7,74.9,75.9,66.2,2026-06-13 06:40:00,2974342
75.2,75.5,76.6,66.9,2026-06-13 07:00:00,2974342
76.0,75.5,77.5,67.7,2026-06-13 07:20:00,2974342
77.5,73.5,79.5,68.3,2026-06-13 07:40:00,2974342
80.2,68.1,83.3,68.7,2026-06-13 08:00:00,2974342
82.1,64.3,85.8,68.9,2026-06-13 08:20:00,2974342
83.0,62.0,86.9,68.7,2026-06-13 08:40:00,2974342
83.8,60.5,88.0,68.6,2026-06-13 09:00:00,2974342
84.9,59.0,90.1,69.0,2026-06-13 09:20:00,2974342
86.0,58.1,91.9,69.6,2026-06-13 09:40:00,2974342
87.7,56.0,94.3,70.0,2026-06-13 10:00:00,2974342
88.4,54.8,95.4,70.1,2026-06-13 10:20:00,2974342
89.0,53.9,96.3,70.2,2026-06-13 10:40:00,2974342
89.9,53.3,98.1,70.6,2026-06-13 11:00:00,2974342
90.1,51.9,98.2,70.1,2026-06-13 11:20:00,2974342
91.0,51.5,99.7,70.7,2026-06-13 11:40:00,2974342
93.4,48.4,102.7,71.0,2026-06-13 12:00:00,2974342
92.4,46.8,100.0,69.1,2026-06-13 12:20:00,2974342
92.5,48.0,101.1,69.9,2026-06-13 12:40:00,2974342
94.4,45.2,103.1,69.9,2026-06-13 13:00:00,2974342
98.2,43.8,110.8,72.4,2026-06-13 13:20:00,2974342
94.5,43.4,102.6,68.8,2026-06-13 13:40:00,2974342
94.6,45.1,103.6,70.0,2026-06-13 14:00:00,2974342
95.8,45.3,106.5,71.2,2026-06-13 14:20:00,2974342
98.5,41.7,110.1,71.3,2026-06-13 14:40:00,2974342
98.0,39.6,107.4,69.2,2026-06-13 15:00:00,2974342
96.4,40.6,104.7,68.6,2026-06-13 15:20:00,2974342
98.8,41.5,110.3,71.3,2026-06-13 15:40:00,2974342
95.8,41.3,104.2,68.5,2026-06-13 16:00:00,2974342
95.7,41.6,104.4,68.7,2026-06-13 16:20:00,2974342
96.4,42.1,105.6,69.6,2026-06-13 16:40:00,2974342
95.5,44.8,105.3,70.6,2026-06-13 17:00:00,2974342
95.6,41.2,103.6,68.3,2026-06-13 17:20:00,2974342
96.9,39.4,105.3,68.1,2026-06-13 17:40:00,2974342
96.6,42.9,106.5,70.3,2026-06-13 18:00:00,2974342
96.8,42.6,106.9,70.3,2026-06-13 18:20:00,2974342
96.3,41.1,105.1,68.8,2026-06-13 18:40:00,2974342
95.4,41.0,103.1,67.9,2026-06-13 19:00:00,2974342
95.0,41.2,102.6,67.8,2026-06-13 19:20:00,2974342
94.1,43.9,102.0,68.8,2026-06-13 19:40:00,2974342
92.7,45.1,99.9,68.2,2026-06-13 20:00:00,2974342
90.5,50.1,98.2,69.4,2026-06-13 20:20:00,2974342
89.5,51.8,96.4,69.5,2026-06-13 20:40:00,2974342
86.9,55.9,92.8,69.3,2026-06-13 21:00:00,2974342
83.7,63.1,88.9,69.8,2026-06-13 21:20:00,2974342
83.4,63.3,88.0,69.7,2026-06-13 21:40:00,2974342
81.8,65.9,85.6,69.3,2026-06-13 22:00:00,2974342
79.5,70.7,82.9,69.2,2026-06-13 22:20:00,2974342
78.5,73.5,81.5,69.3,2026-06-13 22:40:00,2974342
78.3,74.1,81.3,69.3,2026-06-13 23:00:00,2974342
78.3,73.8,81.3,69.2,2026-06-13 23:20:00,2974342
77.8,75.0,80.6,69.2,2026-06-13 23:40:00,2974342
77.7,75.5,80.2,69.3,2026-06-14 00:00:00,2974342
77.1,75.5,79.2,68.8,2026-06-14 00:20:00,2974342
76.9,76.0,78.8,68.8,2026-06-14 00:40:00,2974342
76.5,77.5,78.4,68.9,2026-06-14 01:00:00,2974342
76.4,78.2,78.3,69.1,2026-06-14 01:20:00,2974342
76.1,79.5,78.3,69.3,2026-06-14 01:40:00,2974342
75.8,80.6,78.1,69.4,2026-06-14 02:00:00,2974342
75.5,81.4,77.5,69.4,2026-06-14 02:20:00,2974342
75.5,81.5,77.5,69.5,2026-06-14 02:40:00,2974342
74.9,82.7,77.2,69.3,2026-06-14 03:00:00,2974342
74.6,83.0,76.6,69.0,2026-06-14 03:20:00,2974342
74.1,84.1,76.1,69.0,2026-06-14 03:40:00,2974342
73.8,85.3,75.9,69.1,2026-06-14 04:00:00,2974342
73.5,86.0,75.6,69.0,2026-06-14 04:20:00,2974342
73.3,86.5,75.4,69.0,2026-06-14 04:40:00,2974342
72.9,87.1,75.0,68.8,2026-06-14 05:00:00,2974342
72.6,87.7,74.7,68.7,2026-06-14 05:20:00,2974342
72.1,88.4,74.1,68.5,2026-06-14 05:40:00,2974342
72.1,88.7,74.1,68.6,2026-06-14 06:00:00,2974342
72.3,88.9,74.5,68.9,2026-06-14 06:20:00,2974342
72.6,89.2,74.7,69.2,2026-06-14 06:40:00,2974342
73.1,88.8,75.4,69.5,2026-06-14 07:00:00,2974342
74.4,87.8,77.0,70.5,2026-06-14 07:20:00,2974342
75.7,85.9,78.3,71.1,2026-06-14 07:40:00,2974342
76.8,84.2,79.7,71.6,2026-06-14 08:00:00,2974342
78.3,81.8,82.6,72.3,2026-06-14 08:20:00,2974342
79.6,79.5,84.9,72.7,2026-06-14 08:40:00,2974342
80.9,76.7,86.5,72.9,2026-06-14 09:00:00,2974342
82.3,74.9,88.9,73.6,2026-06-14 09:20:00,2974342
83.4,71.6,90.5,73.2,2026-06-14 09:40:00,2974342
84.4,69.3,92.1,73.2,2026-06-14 10:00:00,2974342
85.6,66.5,94.1,73.2,2026-06-14 10:20:00,2974342
87.8,62.8,97.5,73.5,2026-06-14 10:40:00,2974342
89.4,59.1,99.3,73.2,2026-06-14 11:00:00,2974342
91.3,55.7,102.6,73.2,2026-06-14 11:20:00,2974342
91.9,54.4,103.3,73.1,2026-06-14 11:40:00,2974342
93.5,53.3,106.3,74.0,2026-06-14 12:00:00,2974342
95.5,50.1,109.2,73.9,2026-06-14 12:20:00,2974342
95.2,47.7,106.5,72.2,2026-06-14 12:40:00,2974342
93.1,48.1,102.2,70.6,2026-06-14 13:00:00,2974342
94.3,49.8,105.8,72.6,2026-06-14 13:20:00,2974342
94.5,49.4,106.5,72.6,2026-06-14 13:40:00,2974342
96.5,45.4,108.3,72.0,2026-06-14 14:00:00,2974342
100.0,40.3,112.1,71.5,2026-06-14 14:20:00,2974342
99.9,36.4,109.2,68.5,2026-06-14 14:40:00,2974342
99.8,35.3,108.0,67.5,2026-06-14 15:00:00,2974342
98.8,36.1,106.7,67.3,2026-06-14 15:20:00,2974342
100.8,36.1,110.8,69.0,2026-06-14 15:40:00,2974342
102.5,35.1,113.5,69.7,2026-06-14 16:00:00,2974342
98.7,35.3,105.8,66.5,2026-06-14 16:20:00,2974342
99.1,37.1,108.0,68.3,2026-06-14 16:40:00,2974342
97.5,38.8,106.3,68.3,2026-06-14 17:00:00,2974342
97.5,40.3,107.2,69.3,2026-06-14 17:20:00,2974342
97.4,37.4,104.9,67.0,2026-06-14 17:40:00,2974342
100.1,33.2,107.1,65.9,2026-06-14 18:00:00,2974342
97.8,34.1,103.5,64.8,2026-06-14 18:20:00,2974342
97.2,34.8,102.9,64.8,2026-06-14 18:40:00,2974342
93.8,41.6,100.2,67.0,2026-06-14 19:00:00,2974342
90.3,49.1,96.8,68.6,2026-06-14 19:20:00,2974342
77.6,82.1,81.3,71.7,2026-06-14 19:40:00,2974342
77.4,87.4,81.9,73.3,2026-06-14 20:00:00,2974342
77.0,87.6,81.0,73.0,2026-06-14 20:20:00,2974342
76.6,88.7,80.4,73.1,2026-06-14 20:40:00,2974342
76.4,88.7,79.7,72.8,2026-06-14 21:00:00,2974342
76.0,87.6,79.2,72.0,2026-06-14 21:20:00,2974342
76.3,88.8,79.7,72.8,2026-06-14 21:40:00,2974342
77.7,85.5,82.2,73.0,2026-06-14 22:00:00,2974342
78.2,84.8,82.9,73.3,2026-06-14 22:20:00,2974342
77.7,84.4,81.5,72.6,2026-06-14 22:40:00,2974342
79.7,77.9,84.4,72.2,2026-06-14 23:00:00,2974342
78.6,81.5,82.9,72.5,2026-06-14 23:20:00,2974342
78.9,78.5,83.1,71.7,2026-06-14 23:40:00,2974342
76.9,84.9,80.2,72.0,2026-06-15 00:00:00,2974342
77.0,83.8,80.4,71.7,2026-06-15 00:20:00,2974342
77.2,84.6,81.0,72.2,2026-06-15 00:40:00,2974342
76.1,86.8,79.2,71.9,2026-06-15 01:00:00,2974342
76.9,85.4,80.2,72.2,2026-06-15 01:20:00,2974342
76.6,85.4,79.5,71.9,2026-06-15 01:40:00,2974342
76.1,86.6,79.2,71.8,2026-06-15 02:00:00,2974342
75.9,87.7,79.2,72.0,2026-06-15 02:20:00,2974342
77.0,85.3,80.2,72.2,2026-06-15 02:40:00,2974342
76.4,86.8,79.3,72.1,2026-06-15 03:00:00,2974342
76.7,85.7,79.9,72.1,2026-06-15 03:20:00,2974342
76.0,87.6,79.2,72.1,2026-06-15 03:40:00,2974342
75.9,87.5,78.8,71.9,2026-06-15 04:00:00,2974342
75.5,88.3,78.4,71.7,2026-06-15 04:20:00,2974342
74.9,88.7,77.7,71.4,2026-06-15 04:40:00,2974342
74.6,89.2,77.4,71.2,2026-06-15 05:00:00,2974342
74.4,88.9,77.0,70.9,2026-06-15 05:20:00,2974342
74.2,89.0,76.8,70.7,2026-06-15 05:40:00,2974342
74.1,89.0,76.6,70.7,2026-06-15 06:00:00,2974342
74.9,81.7,77.0,68.9,2026-06-15 06:20:00,2974342
75.8,76.2,77.4,67.8,2026-06-15 06:40:00,2974342
76.6,71.4,77.9,66.7,2026-06-15 07:00:00,2974342
77.2,69.1,78.4,66.3,2026-06-15 07:20:00,2974342
77.2,68.8,78.3,66.1,2026-06-15 07:40:00,2974342
77.0,68.2,78.3,65.7,2026-06-15 08:00:00,2974342
77.4,66.3,78.6,65.2,2026-06-15 08:20:00,2974342
78.6,60.8,79.3,63.9,2026-06-15 08:40:00,2974342
77.9,58.8,78.1,62.3,2026-06-15 09:00:00,2974342
78.3,55.7,78.4,61.2,2026-06-15 09:20:00,2974342
78.6,53.2,78.3,60.1,2026-06-15 09:40:00,2974342
78.8,45.9,77.7,56.3,2026-06-15 10:00:00,2974342
78.6,45.8,77.2,56.0,2026-06-15 10:20:00,2974342
79.6,48.1,78.8,58.3,2026-06-15 10:40:00,2974342
79.4,45.1,78.3,56.3,2026-06-15 11:00:00,2974342
81.5,44.1,80.4,57.5,2026-06-15 11:20:00,2974342
83.1,41.4,82.4,57.3,2026-06-15 11:40:00,2974342
84.0,39.2,83.3,56.6,2026-06-15 12:00:00,2974342
85.6,38.2,85.1,57.3,2026-06-15 12:20:00,2974342
86.0,35.1,84.7,55.2,2026-06-15 12:40:00,2974342
87.5,34.6,86.7,56.1,2026-06-15 13:00:00,2974342
88.1,34.7,87.4,56.8,2026-06-15 13:20:00,2974342
90.2,31.4,89.6,55.9,2026-06-15 13:40:00,2974342
88.1,32.0,86.7,54.6,2026-06-15 14:00:00,2974342
91.8,31.3,91.9,57.1,2026-06-15 14:20:00,2974342
91.6,29.1,90.9,54.9,2026-06-15 14:40:00,2974342
89.9,28.9,88.3,53.3,2026-06-15 15:00:00,2974342
90.1,30.1,89.2,54.6,2026-06-15 15:20:00,2974342
91.4,29.7,90.9,55.3,2026-06-15 15:40:00,2974342
93.8,29.4,94.1,57.2,2026-06-15 16:00:00,2974342
91.7,30.4,91.2,56.2,2026-06-15 16:20:00,2974342
93.4,28.9,93.4,56.4,2026-06-15 16:40:00,2974342
94.7,28.5,95.2,57.0,2026-06-15 17:00:00,2974342
92.8,28.0,92.1,54.9,2026-06-15 17:20:00,2974342
92.8,28.3,92.1,55.2,2026-06-15 17:40:00,2974342
93.1,28.2,92.7,55.4,2026-06-15 18:00:00,2974342
88.4,31.7,87.1,54.6,2026-06-15 18:20:00,2974342
87.4,32.4,85.8,54.3,2026-06-15 18:40:00,2974342
86.9,33.8,85.5,55.0,2026-06-15 19:00:00,2974342
86.2,34.2,84.9,54.8,2026-06-15 19:20:00,2974342
86.2,34.9,85.1,55.3,2026-06-15 19:40:00,2974342
84.4,36.7,82.9,55.0,2026-06-15 20:00:00,2974342
82.9,37.7,81.1,54.4,2026-06-15 20:20:00,2974342
81.8,38.4,79.9,54.0,2026-06-15 20:40:00,2974342
80.4,40.0,78.6,53.9,2026-06-15 21:00:00,2974342
79.0,42.2,77.4,54.1,2026-06-15 21:20:00,2974342
77.2,44.2,75.4,53.7,2026-06-15 21:40:00,2974342
76.1,46.5,74.5,54.1,2026-06-15 22:00:00,2974342
74.8,48.4,73.4,54.0,2026-06-15 22:20:00,2974342
73.7,50.8,72.7,54.4,2026-06-15 22:40:00,2974342
72.8,52.0,72.0,54.1,2026-06-15 23:00:00,2974342
71.8,53.9,71.2,54.2,2026-06-15 23:20:00,2974342
71.1,55.6,70.7,54.4,2026-06-15 23:40:00,2974342
70.4,57.4,70.0,54.6,2026-06-16 00:00:00,2974342
70.2,57.9,69.8,54.8,2026-06-16 00:20:00,2974342
70.0,59.1,69.6,55.1,2026-06-16 00:40:00,2974342
69.0,61.7,68.2,55.3,2026-06-16 01:00:00,2974342
68.8,61.7,68.0,55.1,2026-06-16 01:20:00,2974342
68.8,62.0,68.0,55.2,2026-06-16 01:40:00,2974342
68.6,62.7,67.8,55.3,2026-06-16 02:00:00,2974342
69.9,57.8,69.3,54.3,2026-06-16 02:20:00,2974342
70.0,58.6,69.6,54.8,2026-06-16 02:40:00,2974342
70.3,54.4,69.4,53.1,2026-06-16 03:00:00,2974342
70.4,53.2,69.8,52.6,2026-06-16 03:20:00,2974342
70.3,52.8,69.4,52.3,2026-06-16 03:40:00,2974342
70.3,52.7,69.4,52.2,2026-06-16 04:00:00,2974342
69.9,53.3,68.9,52.2,2026-06-16 04:20:00,2974342
69.1,54.6,68.0,52.1,2026-06-16 04:40:00,2974342
68.5,55.9,67.1,52.1,2026-06-16 05:00:00,2974342
68.5,56.9,67.1,52.6,2026-06-16 05:20:00,2974342
68.7,56.3,67.6,52.6,2026-06-16 05:40:00,2974342
68.8,56.4,67.6,52.6,2026-06-16 06:00:00,2974342
89.0,31.1,87.6,54.6,2026-06-05 11:40:00,3053986
92.5,28.2,91.6,54.8,2026-06-05 12:00:00,3053986
91.7,28.0,90.7,54.0,2026-06-05 12:20:00,3053986
91.3,25.9,89.4,51.5,2026-06-05 12:40:00,3053986
92.8,25.5,91.2,52.3,2026-06-05 13:00:00,3053986
92.4,27.0,91.4,53.6,2026-06-05 13:20:00,3053986
93.7,25.2,92.3,52.8,2026-06-05 13:40:00,3053986
92.8,24.6,91.0,51.5,2026-06-05 14:00:00,3053986
92.4,25.6,90.9,52.1,2026-06-05 14:20:00,3053986
94.5,24.6,93.4,52.8,2026-06-05 14:40:00,3053986
94.0,25.0,92.8,52.8,2026-06-05 15:00:00,3053986
94.3,24.9,93.2,53.0,2026-06-05 15:20:00,3053986
94.4,24.4,93.0,52.4,2026-06-05 15:40:00,3053986
94.8,24.3,93.6,52.7,2026-06-05 16:00:00,3053986
94.9,24.2,93.7,52.7,2026-06-05 16:20:00,3053986
95.1,24.1,94.1,52.8,2026-06-05 16:40:00,3053986
94.9,24.2,93.7,52.8,2026-06-05 17:00:00,3053986
94.7,23.6,93.4,51.8,2026-06-05 17:20:00,3053986
95.4,23.6,94.3,52.4,2026-06-05 17:40:00,3053986
94.5,24.6,93.4,52.8,2026-06-05 18:00:00,3053986
92.8,26.2,91.4,53.2,2026-06-05 18:20:00,3053986
92.7,27.2,91.8,54.0,2026-06-05 18:40:00,3053986
91.3,27.6,90.0,53.2,2026-06-05 19:00:00,3053986
91.0,28.5,89.8,53.8,2026-06-05 19:20:00,3053986
89.0,29.8,87.3,53.3,2026-06-05 19:40:00,3053986
87.6,31.5,86.0,53.7,2026-06-05 20:00:00,3053986
86.3,33.2,84.7,54.0,2026-06-05 20:20:00,3053986
84.7,35.3,83.1,54.2,2026-06-05 20:40:00,3053986
83.7,36.4,82.2,54.2,2026-06-05 21:00:00,3053986
82.1,38.9,80.2,54.7,2026-06-05 21:20:00,3053986
81.4,39.6,79.7,54.5,2026-06-05 21:40:00,3053986
80.5,42.2,79.2,55.5,2026-06-05 22:00:00,3053986
79.5,44.1,78.1,55.8,2026-06-05 22:20:00,3053986
78.1,46.9,77.0,56.2,2026-06-05 22:40:00,3053986
77.6,49.5,76.5,57.2,2026-06-05 23:00:00,3053986
77.2,47.8,75.6,55.9,2026-06-05 23:20:00,3053986
76.1,50.8,75.0,56.5,2026-06-05 23:40:00,3053986
76.2,50.3,75.0,56.4,2026-06-06 00:00:00,3053986
76.0,51.2,74.8,56.7,2026-06-06 00:20:00,3053986
74.8,56.6,74.1,58.4,2026-06-06 00:40:00,3053986
73.5,58.4,73.2,58.0,2026-06-06 01:00:00,3053986
72.6,59.2,72.3,57.6,2026-06-06 01:20:00,3053986
71.9,61.8,72.0,58.1,2026-06-06 01:40:00,3053986
71.2,61.6,71.2,57.3,2026-06-06 02:00:00,3053986
70.9,63.9,71.2,58.1,2026-06-06 02:20:00,3053986
70.3,65.5,70.2,58.2,2026-06-06 02:40:00,3053986
69.6,66.6,69.6,58.0,2026-06-06 03:00:00,3053986
69.3,67.5,69.3,58.1,2026-06-06 03:20:00,3053986
69.1,68.4,68.7,58.2,2026-06-06 03:40:00,3053986
68.4,69.1,68.2,57.8,2026-06-06 04:00:00,3053986
67.9,71.0,67.5,58.2,2026-06-06 04:20:00,3053986
67.4,71.8,66.9,58.0,2026-06-06 04:40:00,3053986
66.8,73.1,66.2,57.9,2026-06-06 05:00:00,3053986
66.1,75.4,65.5,58.1,2026-06-06 05:20:00,3053986
65.4,76.9,64.8,58.0,2026-06-06 05:40:00,3053986
65.2,77.5,64.6,58.0,2026-06-06 06:00:00,3053986
65.1,78.7,64.4,58.3,2026-06-06 06:20:00,3053986
65.1,79.5,64.8,58.6,2026-06-06 06:40:00,3053986
65.9,79.8,65.7,59.5,2026-06-06 07:00:00,3053986
66.9,78.6,66.6,60.0,2026-06-06 07:20:00,3053986
68.6,77.8,68.9,61.4,2026-06-06 07:40:00,3053986
72.4,69.4,73.0,61.8,2026-06-06 08:00:00,3053986
75.0,63.6,75.2,61.8,2026-06-06 08:20:00,3053986
76.8,59.4,76.5,61.5,2026-06-06 08:40:00,3053986
78.5,57.1,78.8,62.1,2026-06-06 09:00:00,3053986
79.1,55.2,79.3,61.7,2026-06-06 09:20:00,3053986
80.6,51.4,80.6,61.0,2026-06-06 09:40:00,3053986
81.6,51.5,82.0,62.0,2026-06-06 10:00:00,3053986
83.7,47.2,84.6,61.4,2026-06-06 10:20:00,3053986
83.4,46.3,83.7,60.6,2026-06-06 10:40:00,3053986
84.5,45.3,85.1,61.0,2026-06-06 11:00:00,3053986
85.5,44.0,86.5,61.0,2026-06-06 11:20:00,3053986
87.4,42.0,88.7,61.5,2026-06-06 11:40:00,3053986
88.4,38.1,89.2,59.6,2026-06-06 12:00:00,3053986
89.6,36.5,90.7,59.5,2026-06-06 12:20:00,3053986
89.2,34.3,89.1,57.4,2026-06-06 12:40:00,3053986
91.3,34.3,92.5,59.2,2026-06-06 13:00:00,3053986
90.6,34.1,91.2,58.4,2026-06-06 13:20:00,3053986
91.1,33.9,91.9,58.7,2026-06-06 13:40:00,3053986
91.1,34.2,92.1,59.0,2026-06-06 14:00:00,3053986
90.5,35.9,91.8,59.8,2026-06-06 14:20:00,3053986
91.1,35.7,92.7,60.2,2026-06-06 14:40:00,3053986
93.0,35.4,95.5,61.6,2026-06-06 15:00:00,3053986
92.3,36.8,95.0,62.1,2026-06-06 15:20:00,3053986
90.4,36.0,91.8,59.8,2026-06-06 15:40:00,3053986
90.6,36.7,92.3,60.6,2026-06-06 16:00:00,3053986
92.9,34.6,95.2,60.9,2026-06-06 16:20:00,3053986
92.2,33.3,93.4,59.2,2026-06-06 16:40:00,3053986
92.0,32.4,92.7,58.3,2026-06-06 17:00:00,3053986
92.5,33.1,93.9,59.4,2026-06-06 17:20:00,3053986
93.3,33.7,95.4,60.5,2026-06-06 17:40:00,3053986
92.8,30.4,93.0,57.2,2026-06-06 18:00:00,3053986
92.3,31.4,92.5,57.6,2026-06-06 18:20:00,3053986
91.1,32.8,91.6,57.8,2026-06-06 18:40:00,3053986
91.5,33.2,92.3,58.6,2026-06-06 19:00:00,3053986
90.6,35.3,91.8,59.5,2026-06-06 19:20:00,3053986
88.6,37.0,89.1,59.0,2026-06-06 19:40:00,3053986
87.4,39.4,88.0,59.7,2026-06-06 20:00:00,3053986
86.5,40.5,86.9,59.6,2026-06-06 20:20:00,3053986
85.1,42.1,85.5,59.5,2026-06-06 20:40:00,3053986
83.5,44.4,83.5,59.6,2026-06-06 21:00:00,3053986
82.3,45.7,81.9,59.3,2026-06-06 21:20:00,3053986
81.3,47.3,80.8,59.3,2026-06-06 21:40:00,3053986
80.4,49.3,80.1,59.6,2026-06-06 22:00:00,3053986
80.0,50.2,79.7,59.8,2026-06-06 22:20:00,3053986
79.5,51.8,79.5,60.3,2026-06-06 22:40:00,3053986
78.7,53.8,78.6,60.5,2026-06-06 23:00:00,3053986
78.1,54.8,77.9,60.5,2026-06-06 23:20:00,3053986
77.6,56.4,77.4,60.9,2026-06-06 23:40:00,3053986
77.3,56.8,77.0,60.8,2026-06-07 00:00:00,3053986
76.8,57.8,76.5,60.8,2026-06-07 00:20:00,3053986
76.1,59.8,75.9,61.1,2026-06-07 00:40:00,3053986
75.7,61.1,75.6,61.4,2026-06-07 01:00:00,3053986
74.8,62.5,74.8,61.1,2026-06-07 01:20:00,3053986
74.3,64.3,74.5,61.4,2026-06-07 01:40:00,3053986
73.3,67.9,73.8,62.1,2026-06-07 02:00:00,3053986
72.4,69.5,73.0,61.9,2026-06-07 02:20:00,3053986
72.2,70.2,72.9,62.0,2026-06-07 02:40:00,3053986
72.1,70.2,72.7,61.9,2026-06-07 03:00:00,3053986
72.0,69.8,72.7,61.6,2026-06-07 03:20:00,3053986
71.8,70.1,72.5,61.6,2026-06-07 03:40:00,3053986
71.5,71.5,72.1,61.8,2026-06-07 04:00:00,3053986
71.0,72.1,71.8,61.6,2026-06-07 04:20:00,3053986
70.6,73.4,71.2,61.6,2026-06-07 04:40:00,3053986
69.9,74.3,70.3,61.3,2026-06-07 05:00:00,3053986
69.6,75.2,70.0,61.4,2026-06-07 05:20:00,3053986
68.9,76.9,69.4,61.4,2026-06-07 05:40:00,3053986
68.7,77.4,68.9,61.3,2026-06-07 06:00:00,3053986
68.1,79.5,68.4,61.6,2026-06-07 06:20:00,3053986
68.5,79.4,68.9,61.8,2026-06-07 06:40:00,3053986
70.0,78.2,70.7,62.9,2026-06-07 07:00:00,3053986
71.0,76.5,72.0,63.2,2026-06-07 07:20:00,3053986
72.6,73.9,73.6,63.7,2026-06-07 07:40:00,3053986
74.4,71.7,75.2,64.6,2026-06-07 08:00:00,3053986
76.4,68.0,77.0,65.0,2026-06-07 08:20:00,3053986
77.6,65.0,78.6,64.9,2026-06-07 08:40:00,3053986
78.6,63.3,80.1,65.1,2026-06-07 09:00:00,3053986
79.5,59.5,80.6,64.1,2026-06-07 09:20:00,3053986
81.2,58.2,82.9,65.1,2026-06-07 09:40:00,3053986
82.6,55.5,84.2,65.0,2026-06-07 10:00:00,3053986
83.3,53.4,85.3,64.6,2026-06-07 10:20:00,3053986
84.9,51.5,87.4,65.0,2026-06-07 10:40:00,3053986
86.0,48.7,88.5,64.4,2026-06-07 11:00:00,3053986
86.6,47.8,89.4,64.5,2026-06-07 11:20:00,3053986
89.2,45.0,92.8,65.0,2026-06-07 11:40:00,3053986
90.2,40.3,93.0,62.8,2026-06-07 12:00:00,3053986
91.2,38.0,93.7,62.0,2026-06-07 12:20:00,3053986
94.6,35.1,98.2,62.8,2026-06-07 12:40:00,3053986
93.7,35.0,97.0,62.0,2026-06-07 13:00:00,3053986
93.7,34.0,96.4,61.2,2026-06-07 13:20:00,3053986
94.0,34.3,96.6,61.6,2026-06-07 13:40:00,3053986
94.2,32.8,96.3,60.5,2026-06-07 14:00:00,3053986
95.3,33.1,98.4,61.8,2026-06-07 14:20:00,3053986
96.4,30.0,98.4,60.0,2026-06-07 14:40:00,3053986
95.5,30.8,97.3,59.9,2026-06-07 15:00:00,3053986
96.0,30.6,98.1,60.1,2026-06-07 15:20:00,3053986
95.9,31.0,98.2,60.4,2026-06-07 15:40:00,3053986
95.7,30.7,97.5,59.9,2026-06-07 16:00:00,3053986
94.5,30.3,95.5,58.5,2026-06-07 16:20:00,3053986
96.9,30.9,99.9,61.1,2026-06-07 16:40:00,3053986
95.9,33.1,99.7,62.3,2026-06-07 17:00:00,3053986
95.3,32.0,97.7,60.8,2026-06-07 17:20:00,3053986
95.5,33.4,98.8,62.1,2026-06-07 17:40:00,3053986
94.9,35.2,99.0,63.1,2026-06-07 18:00:00,3053986
95.4,34.1,99.3,62.6,2026-06-07 18:20:00,3053986
94.9,35.3,99.0,63.3,2026-06-07 18:40:00,3053986
94.2,35.2,97.5,62.5,2026-06-07 19:00:00,3053986
93.0,36.8,96.1,62.7,2026-06-07 19:20:00,3053986
91.6,38.3,94.8,62.7,2026-06-07 19:40:00,3053986
90.1,39.5,92.8,62.2,2026-06-07 20:00:00,3053986
89.6,40.2,92.1,62.2,2026-06-07 20:20:00,3053986
89.1,40.1,91.0,61.8,2026-06-07 20:40:00,3053986
88.4,41.4,90.1,62.1,2026-06-07 21:00:00,3053986
87.4,43.1,89.1,62.2,2026-06-07 21:20:00,3053986
86.6,44.6,88.3,62.5,2026-06-07 21:40:00,3053986
85.5,46.3,87.1,62.5,2026-06-07 22:00:00,3053986
85.1,47.8,87.1,63.1,2026-06-07 22:20:00,3053986
84.7,48.5,86.4,63.1,2026-06-07 22:40:00,3053986
84.0,49.1,85.3,62.8,2026-06-07 23:00:00,3053986
83.5,49.5,84.7,62.7,2026-06-07 23:20:00,3053986
83.0,50.6,84.2,62.9,2026-06-07 23:40:00,3053986
83.0,51.7,84.4,63.4,2026-06-08 00:00:00,3053986
82.6,53.2,84.0,63.9,2026-06-08 00:20:00,3053986
81.9,55.0,83.5,64.2,2026-06-08 00:40:00,3053986
81.4,56.4,82.8,64.4,2026-06-08 01:00:00,3053986
80.9,57.4,82.2,64.4,2026-06-08 01:20:00,3053986
80.4,58.3,81.5,64.4,2026-06-08 01:40:00,3053986
80.1,59.2,81.5,64.6,2026-06-08 02:00:00,3053986
79.6,60.5,81.0,64.7,2026-06-08 02:20:00,3053986
78.9,62.4,80.2,65.0,2026-06-08 02:40:00,3053986
78.0,65.0,79.3,65.2,2026-06-08 03:00:00,3053986
77.2,65.6,78.1,64.8,2026-06-08 03:20:00,3053986
77.1,66.0,77.9,64.8,2026-06-08 03:40:00,3053986
77.5,65.7,78.4,65.1,2026-06-08 04:00:00,3053986
76.5,68.2,77.4,65.2,2026-06-08 04:20:00,3053986
75.4,72.1,76.6,65.8,2026-06-08 04:40:00,3053986
74.4,73.9,75.6,65.5,2026-06-08 05:00:00,3053986
73.9,73.8,75.0,65.0,2026-06-08 05:20:00,3053986
73.7,74.7,74.8,65.2,2026-06-08 05:40:00,3053986
73.1,76.6,74.5,65.3,2026-06-08 06:00:00,3053986
73.1,76.8,74.5,65.4,2026-06-08 06:20:00,3053986
73.5,76.5,74.8,65.6,2026-06-08 06:40:00,3053986
74.1,76.5,75.4,66.2,2026-06-08 07:00:00,3053986
74.7,75.9,76.1,66.6,2026-06-08 07:20:00,3053986
75.4,75.5,77.0,67.1,2026-06-08 07:40:00,3053986
76.8,71.9,77.9,67.0,2026-06-08 08:00:00,3053986
78.0,69.7,80.1,67.2,2026-06-08 08:20:00,3053986
79.1,68.4,81.7,67.8,2026-06-08 08:40:00,3053986
80.6,67.3,84.0,68.8,2026-06-08 09:00:00,3053986
83.1,62.3,87.4,68.9,2026-06-08 09:20:00,3053986
84.3,60.6,89.1,69.2,2026-06-08 09:40:00,3053986
85.1,57.6,90.1,68.5,2026-06-08 10:00:00,3053986
86.5,55.6,91.8,68.7,2026-06-08 10:20:00,3053986
87.7,54.0,93.6,69.0,2026-06-08 10:40:00,3053986
88.8,51.8,94.8,68.8,2026-06-08 11:00:00,3053986
90.1,48.8,96.4,68.2,2026-06-08 11:20:00,3053986
92.3,44.5,98.8,67.6,2026-06-08 11:40:00,3053986
94.5,41.5,101.5,67.5,2026-06-08 12:00:00,3053986
95.2,38.4,101.3,65.9,2026-06-08 12:20:00,3053986
95.0,39.7,101.7,66.7,2026-06-08 12:40:00,3053986
95.0,38.4,100.9,65.8,2026-06-08 13:00:00,3053986
95.2,40.1,102.0,67.1,2026-06-08 13:20:00,3053986
95.7,38.2,102.2,66.2,2026-06-08 13:40:00,3053986
97.0,36.5,103.6,66.0,2026-06-08 14:00:00,3053986
96.4,35.8,101.8,64.9,2026-06-08 14:20:00,3053986
96.5,35.8,102.2,65.0,2026-06-08 14:40:00,3053986
96.3,37.0,102.6,65.8,2026-06-08 15:00:00,3053986
94.1,38.8,99.5,65.3,2026-06-08 15:20:00,3053986
93.8,37.8,98.2,64.2,2026-06-08 15:40:00,3053986
94.9,37.1,99.9,64.7,2026-06-08 16:00:00,3053986
93.7,38.9,98.4,64.9,2026-06-08 16:20:00,3053986
95.2,36.8,100.0,64.6,2026-06-08 16:40:00,3053986
95.8,35.5,100.8,64.2,2026-06-08 17:00:00,3053986
95.2,34.9,99.0,63.1,2026-06-08 17:20:00,3053986
93.5,36.4,96.8,62.8,2026-06-08 17:40:00,3053986
91.6,37.9,94.5,62.3,2026-06-08 18:00:00,3053986
90.4,39.4,93.0,62.3,2026-06-08 18:20:00,3053986
91.8,37.9,94.8,62.4,2026-06-08 18:40:00,3053986
91.6,37.9,94.6,62.3,2026-06-08 19:00:00,3053986
90.2,39.9,92.8,62.6,2026-06-08 19:20:00,3053986
87.5,43.3,89.2,62.5,2026-06-08 19:40:00,3053986
86.0,47.1,88.3,63.5,2026-06-08 20:00:00,3053986
84.6,50.0,86.7,63.9,2026-06-08 20:20:00,3053986
83.2,52.7,84.9,64.1,2026-06-08 20:40:00,3053986
82.2,55.2,84.0,64.6,2026-06-08 21:00:00,3053986
81.3,56.2,82.6,64.2,2026-06-08 21:20:00,3053986
80.6,58.0,82.0,64.5,2026-06-08 21:40:00,3053986
79.5,59.2,80.6,64.0,2026-06-08 22:00:00,3053986
78.2,61.4,78.8,63.9,2026-06-08 22:20:00,3053986
77.2,63.1,77.9,63.7,2026-06-08 22:40:00,3053986
75.8,64.1,76.1,62.8,2026-06-08 23:00:00,3053986
74.7,65.6,75.0,62.4,2026-06-08 23:20:00,3053986
73.7,67.0,74.1,62.1,2026-06-08 23:40:00,3053986
73.0,68.1,73.4,61.8,2026-06-09 00:00:00,3053986
72.2,68.0,72.7,61.0,2026-06-09 00:20:00,3053986
71.4,67.9,71.8,60.3,2026-06-09 00:40:00,3053986
70.8,68.4,71.2,59.9,2026-06-09 01:00:00,3053986
70.2,67.3,70.3,58.8,2026-06-09 01:20:00,3053986
69.7,67.9,69.6,58.6,2026-06-09 01:40:00,3053986
69.2,68.4,68.9,58.4,2026-06-09 02:00:00,3053986
68.5,68.7,68.0,57.8,2026-06-09 02:20:00,3053986
68.3,69.8,68.0,58.1,2026-06-09 02:40:00,3053986
68.0,71.1,67.6,58.3,2026-06-09 03:00:00,3053986
68.2,72.0,68.0,58.8,2026-06-09 03:20:00,3053986
68.0,72.8,67.8,59.0,2026-06-09 03:40:00,3053986
68.2,73.2,68.2,59.3,2026-06-09 04:00:00,3053986
68.1,69.8,67.6,57.9,2026-06-09 04:20:00,3053986
67.7,69.6,67.3,57.4,2026-06-09 04:40:00,3053986
67.3,67.3,66.4,56.1,2026-06-09 05:00:00,3053986
67.0,67.4,66.0,55.9,2026-06-09 05:20:00,3053986
66.8,67.1,65.7,55.5,2026-06-09 05:40:00,3053986
66.3,68.8,65.1,55.8,2026-06-09 06:00:00,3053986
66.1,68.9,64.9,55.7,2026-06-09 06:20:00,3053986
66.1,69.5,65.1,55.9,2026-06-09 06:40:00,3053986
66.5,68.9,65.3,55.9,2026-06-09 07:00:00,3053986
66.6,69.3,65.7,56.3,2026-06-09 07:20:00,3053986
67.0,68.2,66.0,56.2,2026-06-09 07:40:00,3053986
67.1,68.2,66.4,56.3,2026-06-09 08:00:00,3053986
67.4,67.7,66.6,56.3,2026-06-09 08:20:00,3053986
68.3,66.9,67.6,56.9,2026-06-09 08:40:00,3053986
70.1,66.6,70.2,58.4,2026-06-09 09:00:00,3053986
71.9,63.4,72.1,58.8,2026-06-09 09:20:00,3053986
72.6,64.1,72.9,59.8,2026-06-09 09:40:00,3053986
73.5,63.5,73.8,60.4,2026-06-09 10:00:00,3053986
75.0,60.6,74.8,60.5,2026-06-09 10:20:00,3053986
76.1,58.5,75.9,60.5,2026-06-09 10:40:00,3053986
76.7,56.6,76.1,60.1,2026-06-09 11:00:00,3053986
79.2,52.4,79.2,60.3,2026-06-09 11:20:00,3053986
81.1,51.0,81.3,61.3,2026-06-09 11:40:00,3053986
81.7,50.7,82.2,61.7,2026-06-09 12:00:00,3053986
82.0,49.9,82.2,61.5,2026-06-09 12:20:00,3053986
84.9,47.8,86.7,63.0,2026-06-09 12:40:00,3053986
85.7,48.8,88.3,64.2,2026-06-09 13:00:00,3053986
85.3,50.5,88.2,64.9,2026-06-09 13:20:00,3053986
86.5,51.7,90.5,66.7,2026-06-09 13:40:00,3053986
87.4,51.2,91.9,67.1,2026-06-09 14:00:00,3053986
86.1,54.7,90.9,67.8,2026-06-09 14:20:00,3053986
84.3,55.5,87.6,66.7,2026-06-09 14:40:00,3053986
87.1,52.0,91.9,67.3,2026-06-09 15:00:00,3053986
86.5,52.1,90.5,66.8,2026-06-09 15:20:00,3053986
87.6,52.4,92.7,68.0,2026-06-09 15:40:00,3053986
87.9,51.4,93.0,67.7,2026-06-09 16:00:00,3053986
87.2,52.5,92.1,67.7,2026-06-09 16:20:00,3053986
87.7,50.5,92.3,67.0,2026-06-09 16:40:00,3053986
87.8,52.3,93.2,68.1,2026-06-09 17:00:00,3053986
87.1,53.5,92.3,68.2,2026-06-09 17:20:00,3053986
88.1,51.3,93.2,67.8,2026-06-09 17:40:00,3053986
87.0,53.3,91.9,67.9,2026-06-09 18:00:00,3053986
86.6,54.6,91.9,68.4,2026-06-09 18:20:00,3053986
85.9,55.1,90.7,67.9,2026-06-09 18:40:00,3053986
85.3,56.6,90.0,68.2,2026-06-09 19:00:00,3053986
84.9,57.6,89.4,68.3,2026-06-09 19:20:00,3053986
84.3,59.4,88.9,68.6,2026-06-09 19:40:00,3053986
83.8,60.5,88.0,68.7,2026-06-09 20:00:00,3053986
83.2,61.8,87.3,68.7,2026-06-09 20:20:00,3053986
82.2,63.7,85.6,68.6,2026-06-09 20:40:00,3053986
81.8,64.1,85.3,68.5,2026-06-09 21:00:00,3053986
81.2,65.3,84.6,68.5,2026-06-09 21:20:00,3053986
80.9,66.3,84.2,68.6,2026-06-09 21:40:00,3053986
79.7,68.5,82.8,68.5,2026-06-09 22:00:00,3053986
79.1,70.0,81.9,68.5,2026-06-09 22:20:00,3053986
79.0,70.6,82.0,68.7,2026-06-09 22:40:00,3053986
78.9,70.9,81.7,68.7,2026-06-09 23:00:00,3053986
79.3,70.9,82.4,69.0,2026-06-09 23:20:00,3053986
79.2,72.2,82.6,69.5,2026-06-09 23:40:00,3053986
79.4,73.6,83.3,70.2,2026-06-10 00:00:00,3053986
78.9,75.0,82.6,70.3,2026-06-10 00:20:00,3053986
78.7,76.8,82.4,70.8,2026-06-10 00:40:00,3053986
78.3,77.9,82.0,70.8,2026-06-10 01:00:00,3053986
78.1,78.8,81.9,71.0,2026-06-10 01:20:00,3053986
77.8,79.5,81.3,71.0,2026-06-10 01:40:00,3053986
77.4,80.3,80.6,70.8,2026-06-10 02:00:00,3053986
77.0,80.9,80.1,70.7,2026-06-10 02:20:00,3053986
76.7,81.3,79.3,70.6,2026-06-10 02:40:00,3053986
76.3,81.9,78.8,70.4,2026-06-10 03:00:00,3053986
76.0,82.8,78.4,70.4,2026-06-10 03:20:00,3053986
75.8,83.2,78.4,70.3,2026-06-10 03:40:00,3053986
75.8,83.5,78.4,70.4,2026-06-10 04:00:00,3053986
75.5,84.0,77.9,70.3,2026-06-10 04:20:00,3053986
75.3,84.4,77.7,70.2,2026-06-10 04:40:00,3053986
75.1,85.0,77.5,70.2,2026-06-10 05:00:00,3053986
75.0,85.2,77.4,70.2,2026-06-10 05:20:00,3053986
75.0,85.4,77.4,70.3,2026-06-10 05:40:00,3053986
74.9,85.6,77.4,70.3,2026-06-10 06:00:00,3053986
75.1,85.8,77.5,70.6,2026-06-10 06:20:00,3053986
75.5,85.5,78.1,70.8,2026-06-10 06:40:00,3053986
75.7,85.1,78.3,70.9,2026-06-10 07:00:00,3053986
75.9,84.8,78.8,71.0,2026-06-10 07:20:00,3053986
76.2,84.5,78.8,71.2,2026-06-10 07:40:00,3053986
76.5,84.0,79.3,71.3,2026-06-10 08:00:00,3053986
77.2,82.7,80.2,71.5,2026-06-10 08:20:00,3053986
77.7,80.7,81.5,71.3,2026-06-10 08:40:00,3053986
78.3,79.6,82.4,71.5,2026-06-10 09:00:00,3053986
79.8,77.1,84.6,71.9,2026-06-10 09:20:00,3053986
80.2,75.7,85.1,71.8,2026-06-10 09:40:00,3053986
80.7,74.2,85.6,71.7,2026-06-10 10:00:00,3053986
82.1,72.4,88.0,72.3,2026-06-10 10:20:00,3053986
84.1,68.5,91.4,72.6,2026-06-10 10:40:00,3053986
84.8,63.7,91.4,71.2,2026-06-10 11:00:00,3053986
85.0,63.8,91.8,71.3,2026-06-10 11:20:00,3053986
84.9,63.7,91.8,71.3,2026-06-10 11:40:00,3053986
86.5,60.1,93.4,70.9,2026-06-10 12:00:00,3053986
86.6,59.6,93.6,70.9,2026-06-10 12:20:00,3053986
88.7,54.1,96.1,70.0,2026-06-10 12:40:00,3053986
88.2,55.5,95.4,70.3,2026-06-10 13:00:00,3053986
88.4,53.0,94.6,69.1,2026-06-10 13:20:00,3053986
90.1,49.6,96.6,68.7,2026-06-10 13:40:00,3053986
90.3,50.1,97.3,69.2,2026-06-10 14:00:00,3053986
89.7,50.5,96.4,68.9,2026-06-10 14:20:00,3053986
89.5,51.0,96.1,68.9,2026-06-10 14:40:00,3053986
91.4,51.1,100.2,70.8,2026-06-10 15:00:00,3053986
90.6,47.3,96.8,67.8,2026-06-10 15:20:00,3053986
92.5,47.9,101.1,69.9,2026-06-10 15:40:00,3053986
91.6,46.2,98.4,68.1,2026-06-10 16:00:00,3053986
92.3,46.8,99.7,69.0,2026-06-10 16:20:00,3053986
92.9,46.5,100.9,69.3,2026-06-10 16:40:00,3053986
93.8,46.3,102.7,70.1,2026-06-10 17:00:00,3053986
92.6,46.7,100.4,69.2,2026-06-10 17:20:00,3053986
92.3,46.6,100.0,68.9,2026-06-10 17:40:00,3053986
92.1,47.4,99.7,69.2,2026-06-10 18:00:00,3053986
92.7,44.9,99.7,68.1,2026-06-10 18:20:00,3053986
91.2,48.1,98.6,68.9,2026-06-10 18:40:00,3053986
90.6,48.8,97.5,68.7,2026-06-10 19:00:00,3053986
91.5,48.1,99.0,69.1,2026-06-10 19:20:00,3053986
90.7,48.7,97.9,68.8,2026-06-10 19:40:00,3053986
89.8,50.3,96.6,68.8,2026-06-10 20:00:00,3053986
88.6,52.4,94.8,68.9,2026-06-10 20:20:00,3053986
87.8,54.2,94.1,69.2,2026-06-10 20:40:00,3053986
86.9,56.1,92.7,69.3,2026-06-10 21:00:00,3053986
86.6,56.6,92.5,69.4,2026-06-10 21:20:00,3053986
86.3,57.3,92.1,69.4,2026-06-10 21:40:00,3053986
85.4,59.2,90.9,69.5,2026-06-10 22:00:00,3053986
85.2,60.3,90.9,69.9,2026-06-10 22:20:00,3053986
84.2,62.1,89.8,69.9,2026-06-10 22:40:00,3053986
83.7,63.4,88.9,69.9,2026-06-10 23:00:00,3053986
83.3,64.4,88.0,70.0,2026-06-10 23:20:00,3053986
82.7,65.3,87.1,69.9,2026-06-10 23:40:00,3053986
82.5,66.2,86.9,70.1,2026-06-11 00:00:00,3053986
82.1,67.1,86.5,70.1,2026-06-11 00:20:00,3053986
81.7,67.7,86.0,70.0,2026-06-11 00:40:00,3053986
81.2,69.0,85.5,70.1,2026-06-11 01:00:00,3053986
80.9,69.6,84.9,70.0,2026-06-11 01:20:00,3053986
80.6,70.5,84.6,70.1,2026-06-11 01:40:00,3053986
80.1,71.4,84.0,70.0,2026-06-11 02:00:00,3053986
79.3,72.9,82.8,69.9,2026-06-11 02:20:00,3053986
79.1,72.9,82.4,69.6,2026-06-11 02:40:00,3053986
78.7,73.0,81.9,69.3,2026-06-11 03:00:00,3053986
78.3,73.6,81.3,69.2,2026-06-11 03:20:00,3053986
78.0,74.1,80.6,69.1,2026-06-11 03:40:00,3053986
77.6,74.8,80.1,69.0,2026-06-11 04:00:00,3053986
77.2,75.4,79.2,68.8,2026-06-11 04:20:00,3053986
76.6,76.2,78.4,68.6,2026-06-11 04:40:00,3053986
76.2,76.7,77.9,68.4,2026-06-11 05:00:00,3053986
75.9,77.3,77.5,68.3,2026-06-11 05:20:00,3053986
75.7,77.6,77.4,68.2,2026-06-11 05:40:00,3053986
75.5,77.7,77.2,68.0,2026-06-11 06:00:00,3053986
75.5,77.8,77.2,68.0,2026-06-11 06:20:00,3053986
75.6,77.4,77.4,68.0,2026-06-11 06:40:00,3053986
76.0,77.1,77.7,68.3,2026-06-11 07:00:00,3053986
76.6,76.2,78.3,68.5,2026-06-11 07:20:00,3053986
77.2,75.2,79.5,68.8,2026-06-11 07:40:00,3053986
78.2,74.6,81.0,69.5,2026-06-11 08:00:00,3053986
79.5,73.4,83.1,70.2,2026-06-11 08:20:00,3053986
80.9,71.7,85.5,70.9,2026-06-11 08:40:00,3053986
82.1,70.1,87.3,71.4,2026-06-11 09:00:00,3053986
82.8,67.4,88.0,71.0,2026-06-11 09:20:00,3053986
84.2,67.1,91.4,72.1,2026-06-11 09:40:00,3053986
85.6,64.0,93.0,72.0,2026-06-11 10:00:00,3053986
86.9,62.8,95.4,72.6,2026-06-11 10:20:00,3053986
87.1,60.2,94.8,71.6,2026-06-11 10:40:00,3053986
88.6,58.8,97.5,72.3,2026-06-11 11:00:00,3053986
89.9,56.0,99.3,72.1,2026-06-11 11:20:00,3053986
93.1,52.1,104.9,73.0,2026-06-11 11:40:00,3053986
94.7,47.7,105.8,71.8,2026-06-11 12:00:00,3053986
97.3,45.0,109.6,72.4,2026-06-11 12:20:00,3053986
96.3,44.8,107.4,71.3,2026-06-11 12:40:00,3053986
98.3,42.0,109.9,71.3,2026-06-11 13:00:00,3053986
95.7,42.9,104.7,69.5,2026-06-11 13:20:00,3053986
97.1,41.4,106.7,69.7,2026-06-11 13:40:00,3053986
98.9,40.7,110.1,70.9,2026-06-11 14:00:00,3053986
97.6,39.4,106.7,68.7,2026-06-11 14:20:00,3053986
100.7,37.7,111.7,70.2,2026-06-11 14:40:00,3053986
98.4,36.8,106.3,67.5,2026-06-11 15:00:00,3053986
101.3,35.4,111.2,68.9,2026-06-11 15:20:00,3053986
98.7,33.9,104.9,65.4,2026-06-11 15:40:00,3053986
101.2,33.4,109.6,67.1,2026-06-11 16:00:00,3053986
100.6,33.7,108.3,66.8,2026-06-11 16:20:00,3053986
99.1,36.4,107.4,67.7,2026-06-11 16:40:00,3053986
99.2,37.2,108.3,68.5,2026-06-11 17:00:00,3053986
97.9,38.5,106.9,68.4,2026-06-11 17:20:00,3053986
98.0,39.7,107.6,69.3,2026-06-11 17:40:00,3053986
96.1,41.4,104.5,68.8,2026-06-11 18:00:00,3053986
85.8,58.3,91.8,69.5,2026-06-11 18:20:00,3053986
78.6,86.3,84.4,74.2,2026-06-11 18:40:00,3053986
80.0,88.0,87.4,76.1,2026-06-11 19:00:00,3053986
80.5,88.2,88.9,76.7,2026-06-11 19:20:00,3053986
80.7,89.2,89.4,77.2,2026-06-11 19:40:00,3053986
79.8,91.3,88.0,77.1,2026-06-11 20:00:00,3053986
79.3,91.2,86.5,76.5,2026-06-11 20:20:00,3053986
78.7,92.6,85.6,76.3,2026-06-11 20:40:00,3053986
78.5,94.4,85.6,76.7,2026-06-11 21:00:00,3053986
78.4,94.1,85.1,76.6,2026-06-11 21:20:00,3053986
78.5,96.1,85.8,77.3,2026-06-11 21:40:00,3053986
78.5,96.6,86.0,77.5,2026-06-11 22:00:00,3053986
78.6,95.1,86.2,77.1,2026-06-11 22:20:00,3053986
78.2,94.8,84.7,76.6,2026-06-11 22:40:00,3053986
77.9,93.1,84.0,75.7,2026-06-11 23:00:00,3053986
78.2,90.8,84.0,75.3,2026-06-11 23:20:00,3053986
78.2,88.4,83.5,74.4,2026-06-11 23:40:00,3053986
78.2,90.2,83.8,75.1,2026-06-12 00:00:00,3053986
78.3,86.0,83.5,73.8,2026-06-12 00:20:00,3053986
78.5,84.0,83.5,73.3,2026-06-12 00:40:00,3053986
78.3,86.8,83.7,74.0,2026-06-12 01:00:00,3053986
77.9,83.7,81.9,72.5,2026-06-12 01:20:00,3053986
78.4,84.7,83.3,73.4,2026-06-12 01:40:00,3053986
77.5,89.5,82.0,74.1,2026-06-12 02:00:00,3053986
76.8,89.2,80.4,73.4,2026-06-12 02:20:00,3053986
76.6,90.3,80.2,73.5,2026-06-12 02:40:00,3053986
76.4,88.8,79.7,72.8,2026-06-12 03:00:00,3053986
76.6,88.0,79.9,72.8,2026-06-12 03:20:00,3053986
76.9,87.7,80.6,73.0,2026-06-12 03:40:00,3053986
77.6,85.7,81.9,73.0,2026-06-12 04:00:00,3053986
77.8,84.0,82.0,72.6,2026-06-12 04:20:00,3053986
77.5,86.5,81.7,73.1,2026-06-12 04:40:00,3053986
76.6,88.8,80.4,73.1,2026-06-12 05:00:00,3053986
76.5,88.5,79.9,72.9,2026-06-12 05:20:00,3053986
76.5,88.7,80.1,72.9,2026-06-12 05:40:00,3053986
76.1,91.0,79.7,73.3,2026-06-12 06:00:00,3053986
75.7,91.7,79.2,73.1,2026-06-12 06:20:00,3053986
76.2,91.4,79.9,73.5,2026-06-12 06:40:00,3053986
77.2,89.1,81.7,73.7,2026-06-12 07:00:00,3053986
79.2,85.0,85.3,74.3,2026-06-12 07:20:00,3053986
81.1,80.9,88.0,74.7,2026-06-12 07:40:00,3053986
82.3,78.5,90.0,75.0,2026-06-12 08:00:00,3053986
83.2,75.6,91.4,74.7,2026-06-12 08:20:00,3053986
83.6,74.9,92.1,74.8,2026-06-12 08:40:00,3053986
84.7,72.3,94.1,74.8,2026-06-12 09:00:00,3053986
86.7,65.8,96.3,73.9,2026-06-12 09:20:00,3053986
87.6,63.1,97.3,73.5,2026-06-12 09:40:00,3053986
89.2,60.5,99.7,73.7,2026-06-12 10:00:00,3053986
90.2,56.4,100.2,72.6,2026-06-12 10:20:00,3053986
91.6,53.7,102.4,72.4,2026-06-12 10:40:00,3053986
92.5,48.5,101.5,70.3,2026-06-12 11:00:00,3053986
93.5,46.4,102.0,69.9,2026-06-12 11:20:00,3053986
95.8,43.0,105.1,69.7,2026-06-12 11:40:00,3053986
96.7,40.3,105.4,68.6,2026-06-12 12:00:00,3053986
99.2,37.5,108.5,68.7,2026-06-12 12:20:00,3053986
97.6,38.5,106.0,68.1,2026-06-12 12:40:00,3053986
100.0,37.4,109.9,69.3,2026-06-12 13:00:00,3053986
100.0,35.5,108.5,67.8,2026-06-12 13:20:00,3053986
98.8,34.4,105.4,65.9,2026-06-12 13:40:00,3053986
100.4,33.3,107.6,66.3,2026-06-12 14:00:00,3053986
101.4,31.6,108.3,65.7,2026-06-12 14:20:00,3053986
101.7,30.5,108.0,64.9,2026-06-12 14:40:00,3053986
101.0,34.9,110.1,68.2,2026-06-12 15:00:00,3053986
103.1,32.1,112.3,67.6,2026-06-12 15:20:00,3053986
102.8,28.8,108.9,64.3,2026-06-12 15:40:00,3053986
101.5,28.8,106.5,63.1,2026-06-12 16:00:00,3053986
101.3,30.2,107.1,64.3,2026-06-12 16:20:00,3053986
102.5,30.3,109.2,65.5,2026-06-12 16:40:00,3053986
102.3,30.1,108.7,65.0,2026-06-12 17:00:00,3053986
102.7,30.8,109.9,66.0,2026-06-12 17:20:00,3053986
103.3,30.2,110.8,66.1,2026-06-12 17:40:00,3053986
101.4,30.6,107.4,64.7,2026-06-12 18:00:00,3053986
102.4,29.4,108.5,64.4,2026-06-12 18:20:00,3053986
100.6,31.1,106.2,64.5,2026-06-12 18:40:00,3053986
99.7,33.0,105.8,65.4,2026-06-12 19:00:00,3053986
99.6,34.3,106.9,66.4,2026-06-12 19:20:00,3053986
98.0,35.4,104.7,66.0,2026-06-12 19:40:00,3053986
97.0,36.3,103.3,65.8,2026-06-12 20:00:00,3053986
96.4,37.7,103.1,66.4,2026-06-12 20:20:00,3053986
95.3,39.3,102.0,66.6,2026-06-12 20:40:00,3053986
94.3,40.8,100.9,66.8,2026-06-12 21:00:00,3053986
93.9,41.6,100.2,67.0,2026-06-12 21:20:00,3053986
93.5,43.1,100.2,67.7,2026-06-12 21:40:00,3053986
92.7,44.6,99.5,67.9,2026-06-12 22:00:00,3053986
91.3,47.0,98.1,68.3,2026-06-12 22:20:00,3053986
89.3,51.4,96.1,69.0,2026-06-12 22:40:00,3053986
88.6,48.6,93.2,66.8,2026-06-12 23:00:00,3053986
88.5,47.6,92.5,66.0,2026-06-12 23:20:00,3053986
87.9,45.9,90.7,64.4,2026-06-12 23:40:00,3053986
86.6,47.2,89.2,64.1,2026-06-13 00:00:00,3053986
85.6,49.9,88.2,64.8,2026-06-13 00:20:00,3053986
84.4,51.9,87.1,64.8,2026-06-13 00:40:00,3053986
83.6,54.4,86.0,65.4,2026-06-13 01:00:00,3053986
82.6,57.1,84.9,65.9,2026-06-13 01:20:00,3053986
82.4,57.0,84.4,65.6,2026-06-13 01:40:00,3053986
81.8,62.5,84.7,67.7,2026-06-13 02:00:00,3053986
81.3,59.6,83.3,65.9,2026-06-13 02:20:00,3053986
80.9,60.5,82.9,65.9,2026-06-13 02:40:00,3053986
80.2,61.2,81.9,65.6,2026-06-13 03:00:00,3053986
79.8,63.2,81.9,66.1,2026-06-13 03:20:00,3053986
79.3,63.0,80.8,65.6,2026-06-13 03:40:00,3053986
79.0,64.8,81.0,66.1,2026-06-13 04:00:00,3053986
78.6,65.6,80.2,66.1,2026-06-13 04:20:00,3053986
78.0,66.2,79.5,65.9,2026-06-13 04:40:00,3053986
77.3,68.0,78.4,65.9,2026-06-13 05:00:00,3053986
76.9,68.8,77.9,65.9,2026-06-13 05:20:00,3053986
76.3,71.0,77.4,66.2,2026-06-13 05:40:00,3053986
76.0,71.5,77.0,66.1,2026-06-13 06:00:00,3053986
75.6,73.1,76.8,66.3,2026-06-13 06:20:00,3053986
75.5,74.6,76.8,66.8,2026-06-13 06:40:00,3053986
75.4,75.7,77.0,67.2,2026-06-13 07:00:00,3053986
76.1,75.8,77.7,67.9,2026-06-13 07:20:00,3053986
78.5,71.5,81.1,68.6,2026-06-13 07:40:00,3053986
79.8,68.2,82.8,68.4,2026-06-13 08:00:00,3053986
80.8,67.1,84.4,68.8,2026-06-13 08:20:00,3053986
81.8,64.8,85.5,68.8,2026-06-13 08:40:00,3053986
83.1,63.4,87.3,69.4,2026-06-13 09:00:00,3053986
84.9,59.3,90.3,69.1,2026-06-13 09:20:00,3053986
85.5,58.2,91.0,69.2,2026-06-13 09:40:00,3053986
87.2,56.0,93.2,69.5,2026-06-13 10:00:00,3053986
88.4,55.5,95.7,70.5,2026-06-13 10:20:00,3053986
89.5,52.6,97.0,69.9,2026-06-13 10:40:00,3053986
89.5,53.0,97.2,70.0,2026-06-13 11:00:00,3053986
90.1,52.4,98.1,70.3,2026-06-13 11:20:00,3053986
91.9,49.1,100.8,70.1,2026-06-13 11:40:00,3053986
94.2,45.8,103.1,70.1,2026-06-13 12:00:00,3053986
93.8,43.8,101.3,68.5,2026-06-13 12:20:00,3053986
93.4,47.0,102.0,70.1,2026-06-13 12:40:00,3053986
94.5,43.7,102.7,69.0,2026-06-13 13:00:00,3053986
95.8,42.0,104.5,69.0,2026-06-13 13:20:00,3053986
95.9,41.2,104.4,68.5,2026-06-13 13:40:00,3053986
94.4,44.8,102.9,69.6,2026-06-13 14:00:00,3053986
95.2,43.6,104.0,69.6,2026-06-13 14:20:00,3053986
97.8,39.0,106.9,68.7,2026-06-13 14:40:00,3053986
97.5,37.7,105.4,67.4,2026-06-13 15:00:00,3053986
97.2,38.1,105.1,67.4,2026-06-13 15:20:00,3053986
94.4,40.0,100.6,66.3,2026-06-13 15:40:00,3053986
95.1,39.5,101.7,66.6,2026-06-13 16:00:00,3053986
95.9,43.7,106.0,70.3,2026-06-13 16:20:00,3053986
94.9,41.8,102.4,68.0,2026-06-13 16:40:00,3053986
94.1,47.4,104.2,71.0,2026-06-13 17:00:00,3053986
93.9,46.0,102.6,70.0,2026-06-13 17:20:00,3053986
97.2,39.3,106.0,68.3,2026-06-13 17:40:00,3053986
95.6,41.7,104.0,68.7,2026-06-13 18:00:00,3053986
95.6,41.7,103.8,68.6,2026-06-13 18:20:00,3053986
98.2,36.9,106.0,67.3,2026-06-13 18:40:00,3053986
98.8,37.7,107.6,68.5,2026-06-13 19:00:00,3053986
95.6,40.6,103.3,67.9,2026-06-13 19:20:00,3053986
92.9,43.1,99.1,67.2,2026-06-13 19:40:00,3053986
92.1,46.3,99.1,68.5,2026-06-13 20:00:00,3053986
91.0,47.7,97.7,68.4,2026-06-13 20:20:00,3053986
90.3,48.8,97.2,68.4,2026-06-13 20:40:00,3053986
87.2,55.9,93.2,69.5,2026-06-13 21:00:00,3053986
84.5,62.1,90.1,70.1,2026-06-13 21:20:00,3053986
83.6,63.4,88.5,69.8,2026-06-13 21:40:00,3053986
81.8,66.9,85.8,69.7,2026-06-13 22:00:00,3053986
80.1,71.2,84.0,69.9,2026-06-13 22:20:00,3053986
78.9,74.2,82.2,69.9,2026-06-13 22:40:00,3053986
78.1,75.6,81.1,69.7,2026-06-13 23:00:00,3053986
78.2,75.1,81.1,69.6,2026-06-13 23:20:00,3053986
78.1,75.2,81.1,69.6,2026-06-13 23:40:00,3053986
78.2,76.3,81.3,70.1,2026-06-14 00:00:00,3053986
77.2,77.8,79.3,69.7,2026-06-14 00:20:00,3053986
76.9,77.3,79.0,69.3,2026-06-14 00:40:00,3053986
76.6,79.0,78.6,69.6,2026-06-14 01:00:00,3053986
76.4,79.6,78.4,69.6,2026-06-14 01:20:00,3053986
76.3,80.8,78.6,70.0,2026-06-14 01:40:00,3053986
75.8,82.1,78.3,70.0,2026-06-14 02:00:00,3053986
75.5,82.9,77.7,70.0,2026-06-14 02:20:00,3053986
75.4,83.9,77.9,70.2,2026-06-14 02:40:00,3053986
74.7,85.1,77.2,69.9,2026-06-14 03:00:00,3053986
74.2,86.5,76.6,69.9,2026-06-14 03:20:00,3053986
74.0,87.3,76.5,70.0,2026-06-14 03:40:00,3053986
73.7,88.0,76.1,70.0,2026-06-14 04:00:00,3053986
73.5,88.7,75.7,69.9,2026-06-14 04:20:00,3053986
73.4,89.8,75.6,70.2,2026-06-14 04:40:00,3053986
73.2,90.1,75.7,70.1,2026-06-14 05:00:00,3053986
72.8,90.6,75.0,69.8,2026-06-14 05:20:00,3053986
72.4,91.1,74.7,69.6,2026-06-14 05:40:00,3053986
72.4,91.9,74.7,69.9,2026-06-14 06:00:00,3053986
72.3,92.8,74.5,70.1,2026-06-14 06:20:00,3053986
72.6,93.5,75.0,70.6,2026-06-14 06:40:00,3053986
73.2,92.5,75.7,70.9,2026-06-14 07:00:00,3053986
73.8,91.3,76.6,71.1,2026-06-14 07:20:00,3053986
74.9,89.7,77.7,71.7,2026-06-14 07:40:00,3053986
75.8,87.9,78.8,72.0,2026-06-14 08:00:00,3053986
77.3,85.3,81.0,72.5,2026-06-14 08:20:00,3053986
78.8,82.8,83.7,73.1,2026-06-14 08:40:00,3053986
79.9,79.7,85.3,73.0,2026-06-14 09:00:00,3053986
81.7,76.9,88.5,73.7,2026-06-14 09:20:00,3053986
82.3,74.2,88.7,73.3,2026-06-14 09:40:00,3053986
83.2,71.5,90.1,73.1,2026-06-14 10:00:00,3053986
84.8,69.7,93.6,73.8,2026-06-14 10:20:00,3053986
86.5,66.7,96.1,74.1,2026-06-14 10:40:00,3053986
87.8,61.1,96.6,72.7,2026-06-14 11:00:00,3053986
89.8,58.4,100.6,73.2,2026-06-14 11:20:00,3053986
91.5,55.0,102.7,73.1,2026-06-14 11:40:00,3053986
93.5,53.3,106.3,73.9,2026-06-14 12:00:00,3053986
95.3,50.4,108.9,73.9,2026-06-14 12:20:00,3053986
95.7,47.4,107.6,72.4,2026-06-14 12:40:00,3053986
93.7,46.5,102.6,70.1,2026-06-14 13:00:00,3053986
93.1,50.1,103.5,71.7,2026-06-14 13:20:00,3053986
93.6,49.8,104.4,72.0,2026-06-14 13:40:00,3053986
95.8,46.1,107.1,71.8,2026-06-14 14:00:00,3053986
96.7,41.5,106.2,69.5,2026-06-14 14:20:00,3053986
98.3,37.1,106.3,67.6,2026-06-14 14:40:00,3053986
96.7,34.5,101.8,64.1,2026-06-14 15:00:00,3053986
99.2,35.5,107.1,67.1,2026-06-14 15:20:00,3053986
98.2,35.5,105.1,66.3,2026-06-14 15:40:00,3053986
101.0,34.7,110.1,68.1,2026-06-14 16:00:00,3053986
98.2,34.9,104.7,65.7,2026-06-14 16:20:00,3053986
99.0,37.3,108.1,68.4,2026-06-14 16:40:00,3053986
97.6,37.7,105.4,67.5,2026-06-14 17:00:00,3053986
97.1,39.8,105.8,68.5,2026-06-14 17:20:00,3053986
96.5,39.7,104.7,68.0,2026-06-14 17:40:00,3053986
98.4,32.3,103.1,63.8,2026-06-14 18:00:00,3053986
97.4,31.9,101.3,62.5,2026-06-14 18:20:00,3053986
97.3,33.2,101.8,63.6,2026-06-14 18:40:00,3053986
93.8,39.9,99.3,65.7,2026-06-14 19:00:00,3053986
90.6,48.8,97.5,68.7,2026-06-14 19:20:00,3053986
77.9,83.4,82.4,72.5,2026-06-14 19:40:00,3053986
76.5,90.6,80.2,73.5,2026-06-14 20:00:00,3053986
76.5,92.4,80.4,74.2,2026-06-14 20:20:00,3053986
76.2,92.5,80.1,73.8,2026-06-14 20:40:00,3053986
75.8,91.2,79.2,73.1,2026-06-14 21:00:00,3053986
75.5,92.8,79.0,73.3,2026-06-14 21:20:00,3053986
75.3,94.7,79.0,73.7,2026-06-14 21:40:00,3053986
77.3,90.7,81.9,74.4,2026-06-14 22:00:00,3053986
77.2,90.6,81.9,74.2,2026-06-14 22:20:00,3053986
78.2,84.9,82.9,73.3,2026-06-14 22:40:00,3053986
79.1,81.3,84.0,72.8,2026-06-14 23:00:00,3053986
78.6,82.0,83.5,72.7,2026-06-14 23:20:00,3053986
78.8,80.4,83.1,72.2,2026-06-14 23:40:00,3053986
78.2,82.8,82.4,72.5,2026-06-15 00:00:00,3053986
78.2,83.0,82.6,72.6,2026-06-15 00:20:00,3053986
78.0,84.1,82.4,72.8,2026-06-15 00:40:00,3053986
77.0,84.7,80.6,72.1,2026-06-15 01:00:00,3053986
78.0,82.3,82.0,72.2,2026-06-15 01:20:00,3053986
77.8,84.2,82.0,72.7,2026-06-15 01:40:00,3053986
77.2,85.6,81.0,72.5,2026-06-15 02:00:00,3053986
77.1,87.0,80.8,72.9,2026-06-15 02:20:00,3053986
77.5,84.7,81.3,72.5,2026-06-15 02:40:00,3053986
77.2,85.2,81.0,72.4,2026-06-15 03:00:00,3053986
77.5,84.2,81.1,72.3,2026-06-15 03:20:00,3053986
77.3,85.0,81.0,72.4,2026-06-15 03:40:00,3053986
76.5,86.6,79.7,72.2,2026-06-15 04:00:00,3053986
76.2,87.9,79.3,72.3,2026-06-15 04:20:00,3053986
75.5,88.9,78.4,72.0,2026-06-15 04:40:00,3053986
75.2,89.7,78.1,71.9,2026-06-15 05:00:00,3053986
75.0,89.8,77.7,71.8,2026-06-15 05:20:00,3053986
74.7,89.4,77.5,71.4,2026-06-15 05:40:00,3053986
75.0,88.3,77.7,71.3,2026-06-15 06:00:00,3053986
75.3,83.2,77.5,69.8,2026-06-15 06:20:00,3053986
75.8,77.7,77.5,68.4,2026-06-15 06:40:00,3053986
76.6,71.7,77.9,66.8,2026-06-15 07:00:00,3053986
77.1,71.0,78.6,67.0,2026-06-15 07:20:00,3053986
77.0,69.3,78.4,66.2,2026-06-15 07:40:00,3053986
76.7,68.1,77.5,65.4,2026-06-15 08:00:00,3053986
76.7,67.9,77.5,65.3,2026-06-15 08:20:00,3053986
78.6,61.2,79.3,64.1,2026-06-15 08:40:00,3053986
77.8,61.4,78.3,63.5,2026-06-15 09:00:00,3053986
78.3,57.4,78.6,62.1,2026-06-15 09:20:00,3053986
78.3,55.3,78.4,61.0,2026-06-15 09:40:00,3053986
78.1,49.1,77.2,57.5,2026-06-15 10:00:00,3053986
77.5,45.4,75.9,54.8,2026-06-15 10:20:00,3053986
78.5,47.3,77.4,56.8,2026-06-15 10:40:00,3053986
80.5,48.1,80.1,59.1,2026-06-15 11:00:00,3053986
80.8,43.7,79.7,56.7,2026-06-15 11:20:00,3053986
82.9,42.3,82.0,57.7,2026-06-15 11:40:00,3053986
83.0,36.5,81.1,53.7,2026-06-15 12:00:00,3053986
84.6,36.7,83.3,55.2,2026-06-15 12:20:00,3053986
86.6,33.6,85.3,54.6,2026-06-15 12:40:00,3053986
86.0,31.6,83.8,52.3,2026-06-15 13:00:00,3053986
86.6,33.5,85.1,54.4,2026-06-15 13:20:00,3053986
86.5,30.0,84.2,51.4,2026-06-15 13:40:00,3053986
86.5,31.0,84.4,52.3,2026-06-15 14:00:00,3053986
86.3,29.9,83.7,51.2,2026-06-15 14:20:00,3053986
89.7,29.5,88.2,53.7,2026-06-15 14:40:00,3053986
88.6,28.2,86.4,51.5,2026-06-15 15:00:00,3053986
89.5,29.6,88.0,53.6,2026-06-15 15:20:00,3053986
90.2,28.7,88.7,53.4,2026-06-15 15:40:00,3053986
90.0,29.4,88.7,53.9,2026-06-15 16:00:00,3053986
89.1,29.9,87.4,53.5,2026-06-15 16:20:00,3053986
90.4,28.9,89.1,53.7,2026-06-15 16:40:00,3053986
89.4,28.7,87.4,52.7,2026-06-15 17:00:00,3053986
91.5,27.3,90.1,53.1,2026-06-15 17:20:00,3053986
89.7,27.8,87.8,52.0,2026-06-15 17:40:00,3053986
88.8,27.2,86.4,50.7,2026-06-15 18:00:00,3053986
90.6,28.4,89.1,53.4,2026-06-15 18:20:00,3053986
89.9,27.6,88.0,52.1,2026-06-15 18:40:00,3053986
89.8,29.2,88.5,53.5,2026-06-15 19:00:00,3053986
90.0,30.4,88.9,54.8,2026-06-15 19:20:00,3053986
86.5,32.4,84.7,53.5,2026-06-15 19:40:00,3053986
84.4,35.6,82.9,54.3,2026-06-15 20:00:00,3053986
83.0,37.2,81.3,54.2,2026-06-15 20:20:00,3053986
81.7,38.2,79.9,53.8,2026-06-15 20:40:00,3053986
80.4,39.8,78.4,53.7,2026-06-15 21:00:00,3053986
79.2,40.8,77.4,53.3,2026-06-15 21:20:00,3053986
78.0,44.0,76.3,54.3,2026-06-15 21:40:00,3053986
76.8,45.9,75.0,54.4,2026-06-15 22:00:00,3053986
75.8,46.8,74.3,54.0,2026-06-15 22:20:00,3053986
74.7,48.8,73.4,54.2,2026-06-15 22:40:00,3053986
74.0,49.4,72.9,53.9,2026-06-15 23:00:00,3053986
73.1,51.1,72.1,53.9,2026-06-15 23:20:00,3053986
72.3,52.4,71.4,53.9,2026-06-15 23:40:00,3053986
71.6,54.4,70.9,54.3,2026-06-16 00:00:00,3053986
71.3,56.5,70.9,55.0,2026-06-16 00:20:00,3053986
71.0,56.7,70.5,54.8,2026-06-16 00:40:00,3053986
70.1,58.8,69.6,55.0,2026-06-16 01:00:00,3053986
69.7,59.9,69.1,55.1,2026-06-16 01:20:00,3053986
69.6,61.5,69.3,55.8,2026-06-16 01:40:00,3053986
69.5,61.5,69.1,55.7,2026-06-16 02:00:00,3053986
69.3,59.7,68.5,54.6,2026-06-16 02:20:00,3053986
69.7,61.4,69.3,55.8,2026-06-16 02:40:00,3053986
69.9,55.6,69.1,53.3,2026-06-16 03:00:00,3053986
70.1,53.9,69.3,52.7,2026-06-16 03:20:00,3053986
70.1,53.4,69.3,52.4,2026-06-16 03:40:00,3053986
69.8,53.6,68.9,52.2,2026-06-16 04:00:00,3053986
69.4,54.4,68.2,52.3,2026-06-16 04:20:00,3053986
68.9,55.0,67.6,52.1,2026-06-16 04:40:00,3053986
68.3,56.6,66.9,52.3,2026-06-16 05:00:00,3053986
68.3,58.2,67.1,53.0,2026-06-16 05:20:00,3053986
68.4,57.0,67.1,52.6,2026-06-16 05:40:00,3053986
68.5,57.0,67.1,52.6,2026-06-16 06:00:00,3053986
91.3,28.6,90.3,54.2,2026-06-05 11:40:00,2974175
90.4,27.7,88.7,52.6,2026-06-05 12:00:00,2974175
90.8,27.8,89.2,53.0,2026-06-05 12:20:00,2974175
90.2,27.4,88.3,52.2,2026-06-05 12:40:00,2974175
92.0,28.2,91.0,54.4,2026-06-05 13:00:00,2974175
92.0,26.3,90.5,52.5,2026-06-05 13:20:00,2974175
93.5,26.6,92.7,54.0,2026-06-05 13:40:00,2974175
93.9,26.5,93.4,54.4,2026-06-05 14:00:00,2974175
93.8,26.1,93.0,53.9,2026-06-05 14:20:00,2974175
93.3,25.8,91.9,53.0,2026-06-05 14:40:00,2974175
93.4,25.3,91.9,52.6,2026-06-05 15:00:00,2974175
93.5,25.3,92.1,52.7,2026-06-05 15:20:00,2974175
92.8,25.6,91.2,52.5,2026-06-05 15:40:00,2974175
93.8,25.4,92.7,53.1,2026-06-05 16:00:00,2974175
94.4,26.3,93.7,54.5,2026-06-05 16:20:00,2974175
93.5,25.5,92.3,53.0,2026-06-05 16:40:00,2974175
93.4,25.5,92.1,52.9,2026-06-05 17:00:00,2974175
93.5,25.6,92.3,53.1,2026-06-05 17:20:00,2974175
94.0,26.0,93.0,53.9,2026-06-05 17:40:00,2974175
93.1,26.7,92.1,53.9,2026-06-05 18:00:00,2974175
91.3,28.6,90.3,54.2,2026-06-05 18:20:00,2974175
90.8,29.2,89.8,54.4,2026-06-05 18:40:00,2974175
90.1,29.9,89.1,54.4,2026-06-05 19:00:00,2974175
89.2,30.4,87.6,54.1,2026-06-05 19:20:00,2974175
88.3,31.3,86.7,54.1,2026-06-05 19:40:00,2974175
87.5,31.7,85.8,53.8,2026-06-05 20:00:00,2974175
86.5,32.9,84.7,53.9,2026-06-05 20:20:00,2974175
85.6,34.2,84.0,54.2,2026-06-05 20:40:00,2974175
84.6,35.5,83.1,54.3,2026-06-05 21:00:00,2974175
83.4,36.8,81.7,54.3,2026-06-05 21:20:00,2974175
82.5,38.1,80.8,54.4,2026-06-05 21:40:00,2974175
81.5,39.3,79.7,54.4,2026-06-05 22:00:00,2974175
80.0,42.1,78.4,54.9,2026-06-05 22:20:00,2974175
78.8,43.5,77.2,54.7,2026-06-05 22:40:00,2974175
78.8,43.7,77.4,54.9,2026-06-05 23:00:00,2974175
78.5,44.5,77.0,55.1,2026-06-05 23:20:00,2974175
78.3,45.6,77.0,55.5,2026-06-05 23:40:00,2974175
78.0,46.3,76.6,55.7,2026-06-06 00:00:00,2974175
77.3,47.8,75.9,56.0,2026-06-06 00:20:00,2974175
75.8,50.2,74.7,55.9,2026-06-06 00:40:00,2974175
74.6,52.3,73.6,56.0,2026-06-06 01:00:00,2974175
73.8,54.2,73.0,56.2,2026-06-06 01:20:00,2974175
73.0,56.6,72.5,56.6,2026-06-06 01:40:00,2974175
72.9,57.0,72.5,56.8,2026-06-06 02:00:00,2974175
72.7,57.8,72.5,56.9,2026-06-06 02:20:00,2974175
71.7,60.1,71.6,57.1,2026-06-06 02:40:00,2974175
71.5,60.5,71.4,57.2,2026-06-06 03:00:00,2974175
71.0,62.3,71.1,57.4,2026-06-06 03:20:00,2974175
70.3,63.9,70.2,57.5,2026-06-06 03:40:00,2974175
69.9,65.2,69.8,57.7,2026-06-06 04:00:00,2974175
69.3,66.5,69.3,57.7,2026-06-06 04:20:00,2974175
68.7,67.9,68.2,57.7,2026-06-06 04:40:00,2974175
68.3,69.1,67.8,57.7,2026-06-06 05:00:00,2974175
67.8,70.3,67.3,57.8,2026-06-06 05:20:00,2974175
67.4,71.2,66.7,57.8,2026-06-06 05:40:00,2974175
66.7,73.2,66.0,57.8,2026-06-06 06:00:00,2974175
66.7,74.3,66.0,58.2,2026-06-06 06:20:00,2974175
67.2,74.0,66.7,58.6,2026-06-06 06:40:00,2974175
69.3,71.4,69.4,59.6,2026-06-06 07:00:00,2974175
72.3,65.8,72.5,60.2,2026-06-06 07:20:00,2974175
73.4,63.4,73.8,60.2,2026-06-06 07:40:00,2974175
74.6,61.6,74.7,60.5,2026-06-06 08:00:00,2974175
75.8,59.8,75.6,60.8,2026-06-06 08:20:00,2974175
77.0,57.1,76.8,60.7,2026-06-06 08:40:00,2974175
79.3,54.1,79.3,61.2,2026-06-06 09:00:00,2974175
80.8,52.7,81.5,61.9,2026-06-06 09:20:00,2974175
82.4,48.8,82.8,61.2,2026-06-06 09:40:00,2974175
82.0,49.0,82.0,61.0,2026-06-06 10:00:00,2974175
84.4,45.9,85.3,61.3,2026-06-06 10:20:00,2974175
84.4,45.4,84.9,61.0,2026-06-06 10:40:00,2974175
86.9,42.5,88.3,61.4,2026-06-06 11:00:00,2974175
87.1,41.0,88.0,60.5,2026-06-06 11:20:00,2974175
87.4,39.3,88.0,59.6,2026-06-06 11:40:00,2974175
89.5,38.0,90.9,60.5,2026-06-06 12:00:00,2974175
88.8,37.1,89.4,59.2,2026-06-06 12:20:00,2974175
90.1,35.7,90.9,59.3,2026-06-06 12:40:00,2974175
90.1,34.6,90.5,58.4,2026-06-06 13:00:00,2974175
90.4,34.5,91.0,58.6,2026-06-06 13:20:00,2974175
90.1,34.7,90.5,58.5,2026-06-06 13:40:00,2974175
90.6,34.5,91.4,58.9,2026-06-06 14:00:00,2974175
90.5,35.7,91.8,59.7,2026-06-06 14:20:00,2974175
92.2,35.8,94.6,61.2,2026-06-06 14:40:00,2974175
91.7,36.3,93.9,61.2,2026-06-06 15:00:00,2974175
92.1,37.7,95.2,62.6,2026-06-06 15:20:00,2974175
89.8,37.6,91.2,60.5,2026-06-06 15:40:00,2974175
91.9,37.0,94.5,61.9,2026-06-06 16:00:00,2974175
91.8,35.0,93.7,60.3,2026-06-06 16:20:00,2974175
91.4,35.3,93.2,60.1,2026-06-06 16:40:00,2974175
91.5,35.3,93.2,60.3,2026-06-06 17:00:00,2974175
92.1,34.9,93.9,60.4,2026-06-06 17:20:00,2974175
90.6,35.1,91.6,59.3,2026-06-06 17:40:00,2974175
90.9,33.9,91.8,58.5,2026-06-06 18:00:00,2974175
90.4,35.0,91.2,59.1,2026-06-06 18:20:00,2974175
89.8,36.1,90.9,59.3,2026-06-06 18:40:00,2974175
89.0,36.1,89.4,58.7,2026-06-06 19:00:00,2974175
88.5,37.8,89.1,59.5,2026-06-06 19:20:00,2974175
88.1,38.6,88.7,59.7,2026-06-06 19:40:00,2974175
87.2,39.6,87.6,59.6,2026-06-06 20:00:00,2974175
86.4,40.1,86.9,59.3,2026-06-06 20:20:00,2974175
85.4,41.2,85.5,59.2,2026-06-06 20:40:00,2974175
84.4,42.5,84.6,59.1,2026-06-06 21:00:00,2974175
83.4,43.8,83.1,59.1,2026-06-06 21:20:00,2974175
82.6,45.3,82.4,59.3,2026-06-06 21:40:00,2974175
81.8,46.8,81.5,59.5,2026-06-06 22:00:00,2974175
81.0,48.2,80.8,59.6,2026-06-06 22:20:00,2974175
80.5,49.7,80.2,60.0,2026-06-06 22:40:00,2974175
79.5,51.7,79.2,60.2,2026-06-06 23:00:00,2974175
78.2,54.3,77.9,60.3,2026-06-06 23:20:00,2974175
77.6,55.5,77.4,60.4,2026-06-06 23:40:00,2974175
77.5,55.7,77.2,60.4,2026-06-07 00:00:00,2974175
77.1,56.7,76.8,60.5,2026-06-07 00:20:00,2974175
76.7,58.0,76.3,60.8,2026-06-07 00:40:00,2974175
76.1,59.3,75.9,60.9,2026-06-07 01:00:00,2974175
75.7,61.0,75.6,61.3,2026-06-07 01:20:00,2974175
74.5,63.3,74.8,61.2,2026-06-07 01:40:00,2974175
74.0,65.0,74.3,61.4,2026-06-07 02:00:00,2974175
73.5,66.4,73.9,61.6,2026-06-07 02:20:00,2974175
73.4,66.3,73.9,61.5,2026-06-07 02:40:00,2974175
72.8,67.5,73.2,61.5,2026-06-07 03:00:00,2974175
72.4,68.4,72.9,61.4,2026-06-07 03:20:00,2974175
72.0,69.3,72.7,61.4,2026-06-07 03:40:00,2974175
71.8,70.1,72.5,61.5,2026-06-07 04:00:00,2974175
71.3,70.8,72.0,61.4,2026-06-07 04:20:00,2974175
71.0,71.8,71.6,61.4,2026-06-07 04:40:00,2974175
70.6,73.0,71.2,61.5,2026-06-07 05:00:00,2974175
70.0,74.5,70.5,61.5,2026-06-07 05:20:00,2974175
69.5,75.6,70.0,61.4,2026-06-07 05:40:00,2974175
69.4,76.5,69.8,61.7,2026-06-07 06:00:00,2974175
69.5,76.5,70.0,61.8,2026-06-07 06:20:00,2974175
69.9,76.3,70.5,62.1,2026-06-07 06:40:00,2974175
70.8,75.5,71.8,62.7,2026-06-07 07:00:00,2974175
71.7,74.2,72.5,63.0,2026-06-07 07:20:00,2974175
73.0,72.4,73.9,63.6,2026-06-07 07:40:00,2974175
75.1,69.7,75.9,64.5,2026-06-07 08:00:00,2974175
76.1,65.9,76.3,63.8,2026-06-07 08:20:00,2974175
77.8,64.5,79.0,64.9,2026-06-07 08:40:00,2974175
79.4,60.7,80.8,64.7,2026-06-07 09:00:00,2974175
81.2,57.6,82.9,64.8,2026-06-07 09:20:00,2974175
82.6,54.1,84.2,64.3,2026-06-07 09:40:00,2974175
83.8,51.5,85.6,64.0,2026-06-07 10:00:00,2974175
85.2,48.5,87.3,63.6,2026-06-07 10:20:00,2974175
85.7,47.9,88.0,63.6,2026-06-07 10:40:00,2974175
88.5,44.1,91.4,63.9,2026-06-07 11:00:00,2974175
90.4,42.9,94.5,64.8,2026-06-07 11:20:00,2974175
89.3,42.1,91.9,63.2,2026-06-07 11:40:00,2974175
90.7,38.4,93.2,61.9,2026-06-07 12:00:00,2974175
91.8,36.4,94.1,61.3,2026-06-07 12:20:00,2974175
91.2,34.8,92.5,59.5,2026-06-07 12:40:00,2974175
92.8,34.7,94.8,60.9,2026-06-07 13:00:00,2974175
94.0,34.2,96.6,61.6,2026-06-07 13:20:00,2974175
94.8,34.1,97.9,62.1,2026-06-07 13:40:00,2974175
95.5,31.5,97.9,60.5,2026-06-07 14:00:00,2974175
95.2,32.0,97.5,60.7,2026-06-07 14:20:00,2974175
95.5,32.2,98.2,61.2,2026-06-07 14:40:00,2974175
94.9,32.3,97.3,60.6,2026-06-07 15:00:00,2974175
94.2,32.9,96.3,60.6,2026-06-07 15:20:00,2974175
94.7,33.2,97.3,61.3,2026-06-07 15:40:00,2974175
95.0,32.8,97.9,61.2,2026-06-07 16:00:00,2974175
94.1,33.4,96.6,60.9,2026-06-07 16:20:00,2974175
95.4,33.0,98.6,61.7,2026-06-07 16:40:00,2974175
96.4,32.4,99.9,62.1,2026-06-07 17:00:00,2974175
94.8,33.5,97.9,61.6,2026-06-07 17:20:00,2974175
93.6,36.5,97.3,63.0,2026-06-07 17:40:00,2974175
93.4,38.3,97.7,64.2,2026-06-07 18:00:00,2974175
92.8,37.8,96.3,63.3,2026-06-07 18:20:00,2974175
92.3,38.2,95.9,63.2,2026-06-07 18:40:00,2974175
91.8,39.2,95.4,63.5,2026-06-07 19:00:00,2974175
91.2,39.2,94.5,63.0,2026-06-07 19:20:00,2974175
90.7,40.0,93.9,63.1,2026-06-07 19:40:00,2974175
90.1,39.9,92.8,62.5,2026-06-07 20:00:00,2974175
89.5,39.7,91.6,61.8,2026-06-07 20:20:00,2974175
88.8,40.4,90.7,61.7,2026-06-07 20:40:00,2974175
88.2,41.8,90.0,62.2,2026-06-07 21:00:00,2974175
87.4,43.2,89.1,62.3,2026-06-07 21:20:00,2974175
86.6,44.4,88.2,62.4,2026-06-07 21:40:00,2974175
85.5,46.5,87.3,62.7,2026-06-07 22:00:00,2974175
85.0,48.0,86.7,63.1,2026-06-07 22:20:00,2974175
84.4,48.7,86.2,63.0,2026-06-07 22:40:00,2974175
84.0,49.4,85.6,63.0,2026-06-07 23:00:00,2974175
83.6,50.0,84.9,63.0,2026-06-07 23:20:00,2974175
83.1,51.2,84.6,63.2,2026-06-07 23:40:00,2974175
82.8,52.7,84.4,63.8,2026-06-08 00:00:00,2974175
82.4,53.6,83.8,63.9,2026-06-08 00:20:00,2974175
82.0,55.0,83.5,64.2,2026-06-08 00:40:00,2974175
81.2,56.3,82.6,64.2,2026-06-08 01:00:00,2974175
80.8,57.3,82.2,64.3,2026-06-08 01:20:00,2974175
80.5,58.1,81.9,64.5,2026-06-08 01:40:00,2974175
80.2,59.0,81.5,64.6,2026-06-08 02:00:00,2974175
79.5,60.3,80.8,64.5,2026-06-08 02:20:00,2974175
78.7,61.9,79.9,64.5,2026-06-08 02:40:00,2974175
78.2,63.4,79.3,64.7,2026-06-08 03:00:00,2974175
78.1,64.0,79.3,64.9,2026-06-08 03:20:00,2974175
77.9,64.4,78.8,64.9,2026-06-08 03:40:00,2974175
78.0,64.3,79.2,65.0,2026-06-08 04:00:00,2974175
77.6,64.9,78.6,64.8,2026-06-08 04:20:00,2974175
77.0,66.2,77.9,64.9,2026-06-08 04:40:00,2974175
75.9,68.5,76.6,64.8,2026-06-08 05:00:00,2974175
75.6,69.6,76.5,65.0,2026-06-08 05:20:00,2974175
75.5,69.8,76.3,65.0,2026-06-08 05:40:00,2974175
75.2,70.7,76.1,65.0,2026-06-08 06:00:00,2974175
74.6,72.7,75.6,65.2,2026-06-08 06:20:00,2974175
74.4,74.3,75.6,65.7,2026-06-08 06:40:00,2974175
75.3,73.9,76.6,66.4,2026-06-08 07:00:00,2974175
76.3,70.8,77.4,66.1,2026-06-08 07:20:00,2974175
77.2,69.4,78.4,66.4,2026-06-08 07:40:00,2974175
78.4,67.0,80.1,66.5,2026-06-08 08:00:00,2974175
79.7,65.7,82.2,67.2,2026-06-08 08:20:00,2974175
81.3,64.2,84.4,68.1,2026-06-08 08:40:00,2974175
83.8,60.0,87.8,68.4,2026-06-08 09:00:00,2974175
87.2,55.7,93.2,69.5,2026-06-08 09:20:00,2974175
87.5,52.1,92.5,67.8,2026-06-08 09:40:00,2974175
88.4,51.6,94.1,68.3,2026-06-08 10:00:00,2974175
90.4,49.2,97.3,68.7,2026-06-08 10:20:00,2974175
90.5,47.6,96.4,67.9,2026-06-08 10:40:00,2974175
91.0,46.2,96.8,67.4,2026-06-08 11:00:00,2974175
91.7,45.4,97.9,67.6,2026-06-08 11:20:00,2974175
93.4,42.4,99.5,67.1,2026-06-08 11:40:00,2974175
95.6,40.1,103.1,67.5,2026-06-08 12:00:00,2974175
95.9,37.8,102.4,66.0,2026-06-08 12:20:00,2974175
93.7,38.7,98.4,64.7,2026-06-08 12:40:00,2974175
95.8,39.7,103.3,67.4,2026-06-08 13:00:00,2974175
94.7,38.3,100.2,65.4,2026-06-08 13:20:00,2974175
95.6,36.5,100.9,64.8,2026-06-08 13:40:00,2974175
93.0,37.8,96.6,63.5,2026-06-08 14:00:00,2974175
95.9,39.4,103.5,67.3,2026-06-08 14:20:00,2974175
96.6,36.1,102.6,65.4,2026-06-08 14:40:00,2974175
96.4,37.1,102.7,65.9,2026-06-08 15:00:00,2974175
94.3,38.1,99.0,64.8,2026-06-08 15:20:00,2974175
94.2,38.4,99.1,65.0,2026-06-08 15:40:00,2974175
94.0,38.3,98.8,64.7,2026-06-08 16:00:00,2974175
93.7,38.2,98.1,64.4,2026-06-08 16:20:00,2974175
94.5,38.7,100.0,65.5,2026-06-08 16:40:00,2974175
94.6,35.7,98.4,63.3,2026-06-08 17:00:00,2974175
93.1,36.2,96.3,62.3,2026-06-08 17:20:00,2974175
92.9,36.0,95.7,62.0,2026-06-08 17:40:00,2974175
91.9,36.9,94.8,61.9,2026-06-08 18:00:00,2974175
90.6,38.1,92.8,61.6,2026-06-08 18:20:00,2974175
89.8,39.4,92.1,61.8,2026-06-08 18:40:00,2974175
89.3,39.9,91.2,61.7,2026-06-08 19:00:00,2974175
88.5,40.8,90.0,61.7,2026-06-08 19:20:00,2974175
87.4,43.7,89.1,62.6,2026-06-08 19:40:00,2974175
85.9,46.8,87.8,63.2,2026-06-08 20:00:00,2974175
84.4,49.1,86.2,63.3,2026-06-08 20:20:00,2974175
83.3,51.5,84.6,63.5,2026-06-08 20:40:00,2974175
82.2,53.7,83.3,63.8,2026-06-08 21:00:00,2974175
81.1,55.3,82.2,63.6,2026-06-08 21:20:00,2974175
80.0,56.7,81.0,63.2,2026-06-08 21:40:00,2974175
78.9,58.9,79.7,63.3,2026-06-08 22:00:00,2974175
77.6,61.5,78.1,63.3,2026-06-08 22:20:00,2974175
76.4,63.1,76.6,63.0,2026-06-08 22:40:00,2974175
75.1,64.4,75.4,62.3,2026-06-08 23:00:00,2974175
74.2,66.0,74.5,62.2,2026-06-08 23:20:00,2974175
73.0,65.7,73.2,60.8,2026-06-08 23:40:00,2974175
72.1,67.1,72.5,60.6,2026-06-09 00:00:00,2974175
71.7,68.5,72.1,60.8,2026-06-09 00:20:00,2974175
71.0,69.1,71.6,60.4,2026-06-09 00:40:00,2974175
70.5,69.4,70.9,60.0,2026-06-09 01:00:00,2974175
69.7,68.2,69.6,58.7,2026-06-09 01:20:00,2974175
69.2,66.5,68.9,57.6,2026-06-09 01:40:00,2974175
68.6,65.9,68.0,56.7,2026-06-09 02:00:00,2974175
68.3,67.1,67.6,56.9,2026-06-09 02:20:00,2974175
67.8,69.2,67.5,57.4,2026-06-09 02:40:00,2974175
67.7,70.8,67.3,57.8,2026-06-09 03:00:00,2974175
67.8,71.9,67.3,58.4,2026-06-09 03:20:00,2974175
67.6,72.3,67.1,58.4,2026-06-09 03:40:00,2974175
67.6,72.0,67.1,58.2,2026-06-09 04:00:00,2974175
67.6,72.2,67.1,58.3,2026-06-09 04:20:00,2974175
67.0,70.2,66.2,57.0,2026-06-09 04:40:00,2974175
67.0,68.5,66.0,56.3,2026-06-09 05:00:00,2974175
66.4,69.0,65.3,55.9,2026-06-09 05:20:00,2974175
66.2,69.2,64.9,55.8,2026-06-09 05:40:00,2974175
66.0,68.9,64.6,55.5,2026-06-09 06:00:00,2974175
66.0,68.5,64.6,55.4,2026-06-09 06:20:00,2974175
66.3,68.4,65.1,55.6,2026-06-09 06:40:00,2974175
67.0,67.6,66.0,55.9,2026-06-09 07:00:00,2974175
67.6,66.8,66.7,56.1,2026-06-09 07:20:00,2974175
67.2,67.3,66.2,56.0,2026-06-09 07:40:00,2974175
67.4,67.2,66.4,56.2,2026-06-09 08:00:00,2974175
67.9,66.4,67.3,56.4,2026-06-09 08:20:00,2974175
69.4,65.7,69.1,57.4,2026-06-09 08:40:00,2974175
71.7,62.6,71.8,58.3,2026-06-09 09:00:00,2974175
73.6,59.1,73.4,58.4,2026-06-09 09:20:00,2974175
74.5,59.9,74.3,59.6,2026-06-09 09:40:00,2974175
76.1,57.7,75.7,60.2,2026-06-09 10:00:00,2974175
76.5,59.0,76.3,61.2,2026-06-09 10:20:00,2974175
77.9,57.5,77.9,61.6,2026-06-09 10:40:00,2974175
79.2,54.4,79.5,61.3,2026-06-09 11:00:00,2974175
81.6,51.3,82.0,61.8,2026-06-09 11:20:00,2974175
83.0,49.4,83.8,62.2,2026-06-09 11:40:00,2974175
81.3,50.3,81.5,61.1,2026-06-09 12:00:00,2974175
82.5,51.4,83.3,62.8,2026-06-09 12:20:00,2974175
84.1,49.5,85.6,63.1,2026-06-09 12:40:00,2974175
84.6,50.9,87.1,64.5,2026-06-09 13:00:00,2974175
84.5,52.7,87.3,65.4,2026-06-09 13:20:00,2974175
84.1,55.2,87.3,66.3,2026-06-09 13:40:00,2974175
84.2,55.4,87.3,66.5,2026-06-09 14:00:00,2974175
85.6,55.3,90.0,67.7,2026-06-09 14:20:00,2974175
86.0,55.0,91.0,68.0,2026-06-09 14:40:00,2974175
86.4,53.3,91.0,67.4,2026-06-09 15:00:00,2974175
87.5,52.3,92.5,67.8,2026-06-09 15:20:00,2974175
86.8,51.9,91.2,67.0,2026-06-09 15:40:00,2974175
86.9,51.8,91.0,67.0,2026-06-09 16:00:00,2974175
87.2,51.1,91.6,66.9,2026-06-09 16:20:00,2974175
86.1,53.8,90.5,67.4,2026-06-09 16:40:00,2974175
86.8,53.2,91.8,67.7,2026-06-09 17:00:00,2974175
86.6,53.6,91.4,67.7,2026-06-09 17:20:00,2974175
86.2,54.5,91.0,67.9,2026-06-09 17:40:00,2974175
86.8,54.5,92.1,68.4,2026-06-09 18:00:00,2974175
86.1,54.7,90.9,67.9,2026-06-09 18:20:00,2974175
85.6,55.6,90.1,67.9,2026-06-09 18:40:00,2974175
85.4,56.5,90.0,68.2,2026-06-09 19:00:00,2974175
84.8,57.6,89.4,68.2,2026-06-09 19:20:00,2974175
84.6,58.7,89.4,68.5,2026-06-09 19:40:00,2974175
84.2,59.5,88.5,68.5,2026-06-09 20:00:00,2974175
83.5,60.6,87.6,68.4,2026-06-09 20:20:00,2974175
83.0,61.7,86.9,68.5,2026-06-09 20:40:00,2974175
82.4,62.7,86.0,68.4,2026-06-09 21:00:00,2974175
82.0,63.3,85.1,68.3,2026-06-09 21:20:00,2974175
81.6,64.1,84.9,68.3,2026-06-09 21:40:00,2974175
80.8,65.5,84.0,68.2,2026-06-09 22:00:00,2974175
80.2,67.0,83.1,68.2,2026-06-09 22:20:00,2974175
80.2,67.8,83.3,68.5,2026-06-09 22:40:00,2974175
80.0,68.7,83.1,68.8,2026-06-09 23:00:00,2974175
79.9,69.7,83.1,69.1,2026-06-09 23:20:00,2974175
79.8,71.9,83.5,69.9,2026-06-09 23:40:00,2974175
79.5,73.8,83.7,70.4,2026-06-10 00:00:00,2974175
79.2,75.1,83.3,70.7,2026-06-10 00:20:00,2974175
78.8,76.5,82.8,70.8,2026-06-10 00:40:00,2974175
78.3,77.8,82.0,70.9,2026-06-10 01:00:00,2974175
78.0,78.6,81.5,70.8,2026-06-10 01:20:00,2974175
77.7,79.4,81.0,70.8,2026-06-10 01:40:00,2974175
77.3,80.2,80.2,70.7,2026-06-10 02:00:00,2974175
76.8,81.1,79.3,70.5,2026-06-10 02:20:00,2974175
76.5,81.6,79.0,70.4,2026-06-10 02:40:00,2974175
76.0,82.4,78.4,70.2,2026-06-10 03:00:00,2974175
75.7,83.0,77.9,70.2,2026-06-10 03:20:00,2974175
75.5,83.5,77.9,70.2,2026-06-10 03:40:00,2974175
75.4,84.0,77.9,70.2,2026-06-10 04:00:00,2974175
75.1,84.3,77.5,70.1,2026-06-10 04:20:00,2974175
75.0,84.8,77.4,70.1,2026-06-10 04:40:00,2974175
74.9,85.0,77.4,70.1,2026-06-10 05:00:00,2974175
74.8,85.2,77.2,70.1,2026-06-10 05:20:00,2974175
74.8,85.5,77.2,70.1,2026-06-10 05:40:00,2974175
74.8,85.6,77.2,70.2,2026-06-10 06:00:00,2974175
75.1,85.6,77.5,70.4,2026-06-10 06:20:00,2974175
75.3,85.4,77.9,70.6,2026-06-10 06:40:00,2974175
75.5,85.2,78.1,70.7,2026-06-10 07:00:00,2974175
75.6,84.9,78.3,70.7,2026-06-10 07:20:00,2974175
76.0,84.8,78.8,71.1,2026-06-10 07:40:00,2974175
76.1,84.8,79.0,71.2,2026-06-10 08:00:00,2974175
76.6,82.9,79.5,71.0,2026-06-10 08:20:00,2974175
77.5,81.6,80.8,71.5,2026-06-10 08:40:00,2974175
78.1,79.3,82.0,71.2,2026-06-10 09:00:00,2974175
79.5,76.8,84.0,71.6,2026-06-10 09:20:00,2974175
79.8,75.3,84.2,71.3,2026-06-10 09:40:00,2974175
81.2,72.9,86.4,71.7,2026-06-10 10:00:00,2974175
83.7,69.3,90.9,72.6,2026-06-10 10:20:00,2974175
84.7,66.8,92.1,72.4,2026-06-10 10:40:00,2974175
84.8,64.7,91.8,71.5,2026-06-10 11:00:00,2974175
84.7,64.2,91.2,71.3,2026-06-10 11:20:00,2974175
85.3,63.5,92.5,71.6,2026-06-10 11:40:00,2974175
86.5,59.9,93.2,70.9,2026-06-10 12:00:00,2974175
87.9,56.6,95.0,70.5,2026-06-10 12:20:00,2974175
87.8,54.5,94.1,69.4,2026-06-10 12:40:00,2974175
88.4,55.3,95.5,70.3,2026-06-10 13:00:00,2974175
89.3,52.3,96.4,69.6,2026-06-10 13:20:00,2974175
93.1,48.8,102.7,71.0,2026-06-10 13:40:00,2974175
90.1,49.0,96.4,68.4,2026-06-10 14:00:00,2974175
90.8,50.9,98.8,70.1,2026-06-10 14:20:00,2974175
89.8,52.5,97.3,70.1,2026-06-10 14:40:00,2974175
91.4,49.1,99.5,69.6,2026-06-10 15:00:00,2974175
92.0,48.6,100.4,69.9,2026-06-10 15:20:00,2974175
91.8,47.6,99.3,69.0,2026-06-10 15:40:00,2974175
90.7,49.8,98.2,69.4,2026-06-10 16:00:00,2974175
92.0,48.3,100.2,69.7,2026-06-10 16:20:00,2974175
91.2,48.0,98.6,68.8,2026-06-10 16:40:00,2974175
92.2,48.3,100.6,69.8,2026-06-10 17:00:00,2974175
91.5,48.0,99.0,69.0,2026-06-10 17:20:00,2974175
91.6,48.6,99.5,69.5,2026-06-10 17:40:00,2974175
91.2,48.7,98.8,69.2,2026-06-10 18:00:00,2974175
91.3,48.4,98.8,69.1,2026-06-10 18:20:00,2974175
90.4,49.0,97.2,68.6,2026-06-10 18:40:00,2974175
90.4,49.4,97.3,68.9,2026-06-10 19:00:00,2974175
90.3,49.5,97.0,68.8,2026-06-10 19:20:00,2974175
90.0,50.1,97.0,68.9,2026-06-10 19:40:00,2974175
89.2,51.3,95.5,68.9,2026-06-10 20:00:00,2974175
88.4,52.5,94.5,68.9,2026-06-10 20:20:00,2974175
87.7,53.9,93.6,69.0,2026-06-10 20:40:00,2974175
87.2,54.9,92.8,69.0,2026-06-10 21:00:00,2974175
86.9,55.7,92.5,69.1,2026-06-10 21:20:00,2974175
86.4,56.9,92.1,69.3,2026-06-10 21:40:00,2974175
85.5,58.7,91.2,69.4,2026-06-10 22:00:00,2974175
85.2,59.9,90.7,69.7,2026-06-10 22:20:00,2974175
84.2,61.7,89.1,69.6,2026-06-10 22:40:00,2974175
83.7,63.1,88.9,69.8,2026-06-10 23:00:00,2974175
83.1,64.2,88.0,69.8,2026-06-10 23:20:00,2974175
82.7,65.1,87.1,69.8,2026-06-10 23:40:00,2974175
82.4,66.1,86.5,69.9,2026-06-11 00:00:00,2974175
82.1,66.6,86.4,69.9,2026-06-11 00:20:00,2974175
81.6,67.6,85.8,69.8,2026-06-11 00:40:00,2974175
81.2,68.5,85.3,69.9,2026-06-11 01:00:00,2974175
80.9,69.5,84.9,70.0,2026-06-11 01:20:00,2974175
80.4,70.4,84.2,69.9,2026-06-11 01:40:00,2974175
79.8,71.5,83.5,69.7,2026-06-11 02:00:00,2974175
79.2,72.5,82.8,69.6,2026-06-11 02:20:00,2974175
78.9,73.1,82.0,69.6,2026-06-11 02:40:00,2974175
78.6,73.1,81.5,69.2,2026-06-11 03:00:00,2974175
78.2,73.5,81.0,69.0,2026-06-11 03:20:00,2974175
77.7,74.4,80.1,68.9,2026-06-11 03:40:00,2974175
77.3,75.2,79.5,68.9,2026-06-11 04:00:00,2974175
77.0,75.5,79.2,68.7,2026-06-11 04:20:00,2974175
76.6,75.8,78.3,68.4,2026-06-11 04:40:00,2974175
76.3,76.4,77.9,68.3,2026-06-11 05:00:00,2974175
76.0,76.8,77.7,68.2,2026-06-11 05:20:00,2974175
75.8,76.9,77.5,68.0,2026-06-11 05:40:00,2974175
75.6,77.0,77.4,67.9,2026-06-11 06:00:00,2974175
75.4,77.1,77.2,67.7,2026-06-11 06:20:00,2974175
75.5,77.1,77.2,67.9,2026-06-11 06:40:00,2974175
75.9,76.8,77.5,68.1,2026-06-11 07:00:00,2974175
76.6,76.1,78.3,68.5,2026-06-11 07:20:00,2974175
77.5,74.9,79.7,68.9,2026-06-11 07:40:00,2974175
78.6,73.7,81.5,69.5,2026-06-11 08:00:00,2974175
79.8,72.0,83.7,70.0,2026-06-11 08:20:00,2974175
81.5,70.4,86.4,71.0,2026-06-11 08:40:00,2974175
82.6,67.5,87.4,70.7,2026-06-11 09:00:00,2974175
84.6,64.7,91.2,71.4,2026-06-11 09:20:00,2974175
87.1,61.8,95.5,72.4,2026-06-11 09:40:00,2974175
87.7,60.1,95.9,72.1,2026-06-11 10:00:00,2974175
89.5,57.4,99.1,72.4,2026-06-11 10:20:00,2974175
90.3,54.7,99.7,71.7,2026-06-11 10:40:00,2974175
90.7,53.3,100.0,71.4,2026-06-11 11:00:00,2974175
92.9,51.5,104.0,72.4,2026-06-11 11:20:00,2974175
93.3,49.4,103.5,71.5,2026-06-11 11:40:00,2974175
95.5,47.7,107.4,72.4,2026-06-11 12:00:00,2974175
95.3,45.8,105.6,71.1,2026-06-11 12:20:00,2974175
96.7,45.2,108.5,72.0,2026-06-11 12:40:00,2974175
95.3,45.4,105.4,70.8,2026-06-11 13:00:00,2974175
96.6,42.4,106.2,70.0,2026-06-11 13:20:00,2974175
97.7,42.3,108.9,71.0,2026-06-11 13:40:00,2974175
99.9,39.3,111.4,70.8,2026-06-11 14:00:00,2974175
98.2,39.8,108.0,69.6,2026-06-11 14:20:00,2974175
99.2,38.4,109.2,69.5,2026-06-11 14:40:00,2974175
100.3,37.5,110.7,69.6,2026-06-11 15:00:00,2974175
99.1,37.3,108.1,68.5,2026-06-11 15:20:00,2974175
99.8,34.3,107.2,66.7,2026-06-11 15:40:00,2974175
100.3,34.5,108.5,67.3,2026-06-11 16:00:00,2974175
98.9,36.6,107.1,67.8,2026-06-11 16:20:00,2974175
97.7,38.9,106.7,68.4,2026-06-11 16:40:00,2974175
97.6,39.4,106.7,68.7,2026-06-11 17:00:00,2974175
96.7,41.5,106.2,69.5,2026-06-11 17:20:00,2974175
96.5,41.8,105.8,69.5,2026-06-11 17:40:00,2974175
95.5,42.2,104.0,68.9,2026-06-11 18:00:00,2974175
78.8,75.2,82.6,70.2,2026-06-11 18:20:00,2974175
78.2,83.7,82.8,72.9,2026-06-11 18:40:00,2974175
79.6,84.1,85.8,74.4,2026-06-11 19:00:00,2974175
80.3,85.9,87.8,75.7,2026-06-11 19:20:00,2974175
81.0,84.9,89.1,76.0,2026-06-11 19:40:00,2974175
80.8,84.2,88.5,75.6,2026-06-11 20:00:00,2974175
80.6,86.2,88.3,76.0,2026-06-11 20:20:00,2974175
80.5,83.7,87.6,75.1,2026-06-11 20:40:00,2974175
80.4,85.0,87.6,75.5,2026-06-11 21:00:00,2974175
80.5,84.9,88.0,75.6,2026-06-11 21:20:00,2974175
80.9,84.5,88.5,75.8,2026-06-11 21:40:00,2974175
84.2,72.0,93.0,74.2,2026-06-11 22:00:00,2974175
84.2,70.7,92.5,73.6,2026-06-11 22:20:00,2974175
83.8,70.4,91.2,73.2,2026-06-11 22:40:00,2974175
83.3,70.3,90.1,72.6,2026-06-11 23:00:00,2974175
83.8,67.4,90.1,71.9,2026-06-11 23:20:00,2974175
83.8,65.9,89.8,71.2,2026-06-11 23:40:00,2974175
83.3,65.8,88.5,70.6,2026-06-12 00:00:00,2974175
82.8,66.3,87.8,70.4,2026-06-12 00:20:00,2974175
82.2,67.4,86.9,70.4,2026-06-12 00:40:00,2974175
81.8,68.5,86.2,70.5,2026-06-12 01:00:00,2974175
81.4,69.6,86.0,70.6,2026-06-12 01:20:00,2974175
81.0,71.1,85.6,70.8,2026-06-12 01:40:00,2974175
80.1,74.8,84.7,71.4,2026-06-12 02:00:00,2974175
80.0,74.5,84.4,71.2,2026-06-12 02:20:00,2974175
79.8,75.5,84.2,71.3,2026-06-12 02:40:00,2974175
79.5,76.2,83.7,71.3,2026-06-12 03:00:00,2974175
79.5,76.4,83.8,71.4,2026-06-12 03:20:00,2974175
79.4,76.9,84.0,71.5,2026-06-12 03:40:00,2974175
79.3,77.2,83.7,71.6,2026-06-12 04:00:00,2974175
79.1,77.9,83.5,71.6,2026-06-12 04:20:00,2974175
78.9,78.6,83.1,71.7,2026-06-12 04:40:00,2974175
78.4,79.9,82.4,71.7,2026-06-12 05:00:00,2974175
78.3,80.3,82.4,71.7,2026-06-12 05:20:00,2974175
78.0,81.4,81.9,71.8,2026-06-12 05:40:00,2974175
77.8,82.0,81.7,71.9,2026-06-12 06:00:00,2974175
77.6,82.9,81.3,72.1,2026-06-12 06:20:00,2974175
78.2,82.4,82.4,72.4,2026-06-12 06:40:00,2974175
79.0,81.8,84.2,72.9,2026-06-12 07:00:00,2974175
80.3,79.9,86.4,73.5,2026-06-12 07:20:00,2974175
81.7,77.4,88.7,73.9,2026-06-12 07:40:00,2974175
82.8,75.4,90.3,74.3,2026-06-12 08:00:00,2974175
83.3,73.8,90.9,74.0,2026-06-12 08:20:00,2974175
83.7,72.9,91.9,74.1,2026-06-12 08:40:00,2974175
85.7,70.7,96.1,75.1,2026-06-12 09:00:00,2974175
89.5,61.6,101.3,74.6,2026-06-12 09:20:00,2974175
90.1,57.3,100.4,73.0,2026-06-12 09:40:00,2974175
91.9,55.5,104.4,73.8,2026-06-12 10:00:00,2974175
92.2,51.1,102.2,71.5,2026-06-12 10:20:00,2974175
94.0,47.6,103.8,71.0,2026-06-12 10:40:00,2974175
95.7,45.1,106.3,71.0,2026-06-12 11:00:00,2974175
96.5,43.6,106.9,70.8,2026-06-12 11:20:00,2974175
98.1,41.9,109.4,71.0,2026-06-12 11:40:00,2974175
98.3,38.0,107.2,68.3,2026-06-12 12:00:00,2974175
98.3,38.1,107.2,68.4,2026-06-12 12:20:00,2974175
98.4,38.4,107.4,68.7,2026-06-12 12:40:00,2974175
99.2,37.6,108.7,68.8,2026-06-12 13:00:00,2974175
99.1,36.1,107.2,67.6,2026-06-12 13:20:00,2974175
100.5,34.8,109.0,67.7,2026-06-12 13:40:00,2974175
101.6,33.0,109.9,67.2,2026-06-12 14:00:00,2974175
101.4,30.7,107.6,64.9,2026-06-12 14:20:00,2974175
100.7,32.4,107.4,65.8,2026-06-12 14:40:00,2974175
99.7,35.9,108.5,67.9,2026-06-12 15:00:00,2974175
101.1,32.9,108.7,66.6,2026-06-12 15:20:00,2974175
102.1,30.5,108.7,65.2,2026-06-12 15:40:00,2974175
101.2,31.5,108.0,65.4,2026-06-12 16:00:00,2974175
102.3,30.7,109.2,65.7,2026-06-12 16:20:00,2974175
102.4,32.3,111.0,67.2,2026-06-12 16:40:00,2974175
102.0,32.4,109.9,66.9,2026-06-12 17:00:00,2974175
101.1,32.8,108.5,66.5,2026-06-12 17:20:00,2974175
100.6,32.3,107.4,65.6,2026-06-12 17:40:00,2974175
100.8,33.5,108.9,66.8,2026-06-12 18:00:00,2974175
100.1,31.9,106.0,64.9,2026-06-12 18:20:00,2974175
99.2,33.9,105.8,65.8,2026-06-12 18:40:00,2974175
98.4,34.9,104.9,65.9,2026-06-12 19:00:00,2974175
98.2,36.5,105.6,67.0,2026-06-12 19:20:00,2974175
97.5,35.9,104.4,66.0,2026-06-12 19:40:00,2974175
96.7,37.3,103.6,66.4,2026-06-12 20:00:00,2974175
95.8,39.5,103.1,67.3,2026-06-12 20:20:00,2974175
94.8,40.3,101.7,66.9,2026-06-12 20:40:00,2974175
94.1,41.3,100.8,67.1,2026-06-12 21:00:00,2974175
93.7,42.1,100.4,67.2,2026-06-12 21:20:00,2974175
93.5,43.1,100.2,67.7,2026-06-12 21:40:00,2974175
92.7,44.6,99.5,68.0,2026-06-12 22:00:00,2974175
91.6,46.1,98.2,67.9,2026-06-12 22:20:00,2974175
90.2,49.4,97.0,68.6,2026-06-12 22:40:00,2974175
89.7,47.3,95.0,67.0,2026-06-12 23:00:00,2974175
88.8,47.0,93.0,65.9,2026-06-12 23:20:00,2974175
87.7,45.8,90.3,64.2,2026-06-12 23:40:00,2974175
86.7,46.5,89.1,63.8,2026-06-13 00:00:00,2974175
85.7,49.1,88.3,64.4,2026-06-13 00:20:00,2974175
84.7,50.9,86.9,64.5,2026-06-13 00:40:00,2974175
83.9,53.0,86.4,64.9,2026-06-13 01:00:00,2974175
83.0,54.5,85.1,65.0,2026-06-13 01:20:00,2974175
83.2,55.5,85.6,65.6,2026-06-13 01:40:00,2974175
82.4,56.5,84.4,65.4,2026-06-13 02:00:00,2974175
81.9,57.0,83.8,65.2,2026-06-13 02:20:00,2974175
81.4,58.3,83.1,65.4,2026-06-13 02:40:00,2974175
80.8,58.6,82.6,65.0,2026-06-13 03:00:00,2974175
80.1,61.1,81.9,65.4,2026-06-13 03:20:00,2974175
79.7,61.9,81.3,65.4,2026-06-13 03:40:00,2974175
79.4,62.8,81.1,65.6,2026-06-13 04:00:00,2974175
79.0,64.0,80.8,65.8,2026-06-13 04:20:00,2974175
78.5,65.1,80.1,65.8,2026-06-13 04:40:00,2974175
78.0,66.6,79.5,66.0,2026-06-13 05:00:00,2974175
77.4,68.2,78.8,66.1,2026-06-13 05:20:00,2974175
77.0,69.0,78.4,66.1,2026-06-13 05:40:00,2974175
76.6,70.2,77.5,66.2,2026-06-13 06:00:00,2974175
76.4,71.4,77.4,66.5,2026-06-13 06:20:00,2974175
76.6,71.6,77.7,66.8,2026-06-13 06:40:00,2974175
77.1,71.5,78.6,67.2,2026-06-13 07:00:00,2974175
78.2,70.5,80.4,67.8,2026-06-13 07:20:00,2974175
79.6,68.2,82.4,68.2,2026-06-13 07:40:00,2974175
80.5,66.7,83.7,68.4,2026-06-13 08:00:00,2974175
81.8,64.3,85.3,68.6,2026-06-13 08:20:00,2974175
83.0,62.3,87.1,68.8,2026-06-13 08:40:00,2974175
85.5,59.0,91.2,69.5,2026-06-13 09:00:00,2974175
87.6,54.9,93.9,69.4,2026-06-13 09:20:00,2974175
90.0,51.1,97.5,69.5,2026-06-13 09:40:00,2974175
90.7,51.6,99.1,70.4,2026-06-13 10:00:00,2974175
89.6,51.5,96.4,69.3,2026-06-13 10:20:00,2974175
91.8,50.0,100.8,70.4,2026-06-13 10:40:00,2974175
93.6,49.0,104.0,71.5,2026-06-13 11:00:00,2974175
92.6,45.9,100.0,68.7,2026-06-13 11:20:00,2974175
94.5,45.1,103.6,69.9,2026-06-13 11:40:00,2974175
95.1,43.5,103.8,69.4,2026-06-13 12:00:00,2974175
95.5,44.1,104.9,70.2,2026-06-13 12:20:00,2974175
95.5,42.0,103.8,68.7,2026-06-13 12:40:00,2974175
94.7,44.9,103.8,70.0,2026-06-13 13:00:00,2974175
95.8,43.4,105.3,69.9,2026-06-13 13:20:00,2974175
95.4,42.6,104.2,69.1,2026-06-13 13:40:00,2974175
96.3,41.0,105.1,68.7,2026-06-13 14:00:00,2974175
94.6,42.4,102.0,68.2,2026-06-13 14:20:00,2974175
94.8,42.4,102.4,68.4,2026-06-13 14:40:00,2974175
95.3,41.8,103.3,68.4,2026-06-13 15:00:00,2974175
94.5,41.3,101.5,67.4,2026-06-13 15:20:00,2974175
97.0,39.3,105.6,68.1,2026-06-13 15:40:00,2974175
96.4,39.4,104.2,67.7,2026-06-13 16:00:00,2974175
96.1,41.4,104.5,68.8,2026-06-13 16:20:00,2974175
97.0,38.3,104.9,67.4,2026-06-13 16:40:00,2974175
97.4,39.1,106.2,68.3,2026-06-13 17:00:00,2974175
94.8,40.8,102.0,67.3,2026-06-13 17:20:00,2974175
97.3,40.5,106.5,69.3,2026-06-13 17:40:00,2974175
94.8,40.6,101.5,67.1,2026-06-13 18:00:00,2974175
96.6,39.2,104.4,67.7,2026-06-13 18:20:00,2974175
96.4,39.2,104.0,67.5,2026-06-13 18:40:00,2974175
95.3,40.6,102.6,67.6,2026-06-13 19:00:00,2974175
94.7,41.0,101.7,67.4,2026-06-13 19:20:00,2974175
93.7,42.0,100.4,67.2,2026-06-13 19:40:00,2974175
92.8,44.5,99.5,68.0,2026-06-13 20:00:00,2974175
91.8,46.6,99.0,68.4,2026-06-13 20:20:00,2974175
90.8,47.4,97.2,68.0,2026-06-13 20:40:00,2974175
87.7,53.0,93.2,68.5,2026-06-13 21:00:00,2974175
84.4,61.3,89.4,69.6,2026-06-13 21:20:00,2974175
83.4,64.1,88.3,70.0,2026-06-13 21:40:00,2974175
79.2,71.7,82.6,69.3,2026-06-13 22:00:00,2974175
78.4,74.6,81.3,69.7,2026-06-13 22:20:00,2974175
77.6,77.1,80.4,69.9,2026-06-13 22:40:00,2974175
77.7,77.0,80.4,69.9,2026-06-13 23:00:00,2974175
78.7,73.7,81.9,69.6,2026-06-13 23:20:00,2974175
79.2,71.7,82.6,69.3,2026-06-13 23:40:00,2974175
79.7,70.0,83.1,69.0,2026-06-14 00:00:00,2974175
79.9,70.0,83.5,69.2,2026-06-14 00:20:00,2974175
79.4,71.0,82.8,69.2,2026-06-14 00:40:00,2974175
78.3,73.9,81.3,69.3,2026-06-14 01:00:00,2974175
77.1,77.9,79.5,69.7,2026-06-14 01:20:00,2974175
76.5,78.9,78.6,69.5,2026-06-14 01:40:00,2974175
76.1,80.3,78.3,69.6,2026-06-14 02:00:00,2974175
75.7,81.1,77.7,69.4,2026-06-14 02:20:00,2974175
75.4,82.4,77.7,69.7,2026-06-14 02:40:00,2974175
75.2,83.2,77.4,69.7,2026-06-14 03:00:00,2974175
74.9,84.2,77.2,69.8,2026-06-14 03:20:00,2974175
74.9,84.9,77.4,70.0,2026-06-14 03:40:00,2974175
74.2,85.9,76.5,69.7,2026-06-14 04:00:00,2974175
73.8,87.2,76.1,69.7,2026-06-14 04:20:00,2974175
73.5,88.0,75.7,69.7,2026-06-14 04:40:00,2974175
73.4,88.7,75.6,69.8,2026-06-14 05:00:00,2974175
73.3,89.5,75.6,70.0,2026-06-14 05:20:00,2974175
73.1,89.8,75.4,70.0,2026-06-14 05:40:00,2974175
73.0,90.3,75.4,69.9,2026-06-14 06:00:00,2974175
72.7,90.7,75.0,69.8,2026-06-14 06:20:00,2974175
73.0,91.0,75.4,70.2,2026-06-14 06:40:00,2974175
73.6,90.6,76.3,70.7,2026-06-14 07:00:00,2974175
74.4,89.3,77.0,71.1,2026-06-14 07:20:00,2974175
75.4,87.8,78.4,71.5,2026-06-14 07:40:00,2974175
76.4,86.8,79.3,72.2,2026-06-14 08:00:00,2974175
77.5,84.3,81.1,72.3,2026-06-14 08:20:00,2974175
78.9,81.5,83.7,72.8,2026-06-14 08:40:00,2974175
80.4,79.3,86.4,73.4,2026-06-14 09:00:00,2974175
81.8,76.2,88.2,73.5,2026-06-14 09:20:00,2974175
83.6,71.3,91.0,73.3,2026-06-14 09:40:00,2974175
85.6,67.9,94.5,73.8,2026-06-14 10:00:00,2974175
87.5,64.5,97.7,74.1,2026-06-14 10:20:00,2974175
88.7,58.2,97.3,72.1,2026-06-14 10:40:00,2974175
90.1,56.2,100.2,72.4,2026-06-14 11:00:00,2974175
91.5,53.9,102.0,72.5,2026-06-14 11:20:00,2974175
92.1,52.6,102.6,72.3,2026-06-14 11:40:00,2974175
93.3,53.0,105.6,73.6,2026-06-14 12:00:00,2974175
94.0,52.4,107.1,73.9,2026-06-14 12:20:00,2974175
95.7,47.1,107.4,72.3,2026-06-14 12:40:00,2974175
92.8,50.6,103.1,71.8,2026-06-14 13:00:00,2974175
92.8,50.4,102.9,71.7,2026-06-14 13:20:00,2974175
93.3,48.3,102.7,70.8,2026-06-14 13:40:00,2974175
96.7,44.8,108.3,71.8,2026-06-14 14:00:00,2974175
97.7,36.7,105.1,66.8,2026-06-14 14:20:00,2974175
96.8,36.8,103.5,66.1,2026-06-14 14:40:00,2974175
98.7,36.5,106.7,67.5,2026-06-14 15:00:00,2974175
97.4,36.8,104.7,66.6,2026-06-14 15:20:00,2974175
98.4,36.8,106.5,67.5,2026-06-14 15:40:00,2974175
98.5,35.7,105.8,66.7,2026-06-14 16:00:00,2974175
97.0,37.6,104.0,66.8,2026-06-14 16:20:00,2974175
97.0,38.5,105.1,67.6,2026-06-14 16:40:00,2974175
96.8,39.6,104.9,68.2,2026-06-14 17:00:00,2974175
97.4,39.5,106.3,68.6,2026-06-14 17:20:00,2974175
97.1,32.6,101.1,62.8,2026-06-14 17:40:00,2974175
98.1,31.6,102.4,62.9,2026-06-14 18:00:00,2974175
97.4,33.2,102.2,63.6,2026-06-14 18:20:00,2974175
96.5,34.2,101.3,63.8,2026-06-14 18:40:00,2974175
93.1,41.4,98.6,66.2,2026-06-14 19:00:00,2974175
85.6,55.9,90.1,68.1,2026-06-14 19:20:00,2974175
79.2,81.1,84.4,72.9,2026-06-14 19:40:00,2974175
78.7,85.1,84.0,73.8,2026-06-14 20:00:00,2974175
79.5,82.0,85.5,73.6,2026-06-14 20:20:00,2974175
78.9,83.8,84.2,73.5,2026-06-14 20:40:00,2974175
79.6,77.8,84.4,72.1,2026-06-14 21:00:00,2974175
79.6,77.1,84.2,71.8,2026-06-14 21:20:00,2974175
81.1,75.1,86.5,72.5,2026-06-14 21:40:00,2974175
81.0,74.6,86.4,72.2,2026-06-14 22:00:00,2974175
80.9,74.5,86.2,72.1,2026-06-14 22:20:00,2974175
81.1,73.5,86.2,71.8,2026-06-14 22:40:00,2974175
81.2,72.5,86.4,71.5,2026-06-14 23:00:00,2974175
80.8,72.8,85.6,71.3,2026-06-14 23:20:00,2974175
80.6,72.8,85.3,71.1,2026-06-14 23:40:00,2974175
80.4,73.0,84.7,71.0,2026-06-15 00:00:00,2974175
80.3,73.4,84.7,71.0,2026-06-15 00:20:00,2974175
80.0,74.1,84.4,71.0,2026-06-15 00:40:00,2974175
79.7,75.2,83.8,71.1,2026-06-15 01:00:00,2974175
79.6,75.8,84.0,71.3,2026-06-15 01:20:00,2974175
79.4,76.5,83.8,71.4,2026-06-15 01:40:00,2974175
79.4,76.9,84.0,71.5,2026-06-15 02:00:00,2974175
79.2,77.3,83.7,71.5,2026-06-15 02:20:00,2974175
79.0,77.8,83.5,71.5,2026-06-15 02:40:00,2974175
78.9,78.2,83.1,71.5,2026-06-15 03:00:00,2974175
78.6,78.9,82.9,71.5,2026-06-15 03:20:00,2974175
78.4,79.5,82.4,71.6,2026-06-15 03:40:00,2974175
78.1,80.1,82.0,71.5,2026-06-15 04:00:00,2974175
77.6,81.0,81.1,71.4,2026-06-15 04:20:00,2974175
77.1,82.1,80.2,71.2,2026-06-15 04:40:00,2974175
76.9,82.1,79.9,71.0,2026-06-15 05:00:00,2974175
77.0,80.0,79.9,70.4,2026-06-15 05:20:00,2974175
76.8,79.7,79.5,70.1,2026-06-15 05:40:00,2974175
76.4,79.2,78.4,69.5,2026-06-15 06:00:00,2974175
76.0,77.3,77.7,68.4,2026-06-15 06:20:00,2974175
76.5,74.1,78.1,67.6,2026-06-15 06:40:00,2974175
77.1,71.5,78.6,67.2,2026-06-15 07:00:00,2974175
77.3,66.8,78.3,65.4,2026-06-15 07:20:00,2974175
76.9,65.6,77.5,64.5,2026-06-15 07:40:00,2974175
76.7,66.9,77.4,64.9,2026-06-15 08:00:00,2974175
77.1,64.8,77.7,64.4,2026-06-15 08:20:00,2974175
78.5,59.7,79.2,63.3,2026-06-15 08:40:00,2974175
78.4,56.9,78.6,61.9,2026-06-15 09:00:00,2974175
78.2,55.4,78.1,60.9,2026-06-15 09:20:00,2974175
78.2,54.1,77.9,60.2,2026-06-15 09:40:00,2974175
79.2,49.4,78.6,58.6,2026-06-15 10:00:00,2974175
79.4,45.5,78.3,56.5,2026-06-15 10:20:00,2974175
82.2,39.5,80.8,55.2,2026-06-15 10:40:00,2974175
83.8,39.7,82.8,56.7,2026-06-15 11:00:00,2974175
85.6,37.6,84.9,56.8,2026-06-15 11:20:00,2974175
84.2,38.0,83.3,55.9,2026-06-15 11:40:00,2974175
86.6,33.4,85.1,54.4,2026-06-15 12:00:00,2974175
85.2,33.2,83.3,53.0,2026-06-15 12:20:00,2974175
86.6,34.5,85.5,55.4,2026-06-15 12:40:00,2974175
84.7,33.1,82.6,52.5,2026-06-15 13:00:00,2974175
86.8,34.1,85.6,55.1,2026-06-15 13:20:00,2974175
88.2,30.1,86.4,53.0,2026-06-15 13:40:00,2974175
87.2,31.5,85.3,53.3,2026-06-15 14:00:00,2974175
88.3,31.7,86.7,54.4,2026-06-15 14:20:00,2974175
88.2,30.0,86.4,52.9,2026-06-15 14:40:00,2974175
89.3,29.7,87.8,53.5,2026-06-15 15:00:00,2974175
88.2,29.6,86.2,52.5,2026-06-15 15:20:00,2974175
89.1,30.3,87.6,53.9,2026-06-15 15:40:00,2974175
88.4,31.1,86.7,54.0,2026-06-15 16:00:00,2974175
89.2,31.3,88.0,54.9,2026-06-15 16:20:00,2974175
89.9,29.8,88.5,54.1,2026-06-15 16:40:00,2974175
89.5,29.6,88.0,53.7,2026-06-15 17:00:00,2974175
89.6,29.6,88.2,53.7,2026-06-15 17:20:00,2974175
89.4,30.3,88.0,54.2,2026-06-15 17:40:00,2974175
88.3,30.7,86.5,53.6,2026-06-15 18:00:00,2974175
87.7,31.3,86.0,53.6,2026-06-15 18:20:00,2974175
86.8,32.3,85.1,53.7,2026-06-15 18:40:00,2974175
85.7,33.6,84.0,53.9,2026-06-15 19:00:00,2974175
85.6,34.5,84.0,54.4,2026-06-15 19:20:00,2974175
84.7,34.9,82.9,53.9,2026-06-15 19:40:00,2974175
84.0,35.1,82.0,53.5,2026-06-15 20:00:00,2974175
83.0,36.5,81.1,53.7,2026-06-15 20:20:00,2974175
81.7,37.6,79.7,53.4,2026-06-15 20:40:00,2974175
80.5,39.0,78.6,53.3,2026-06-15 21:00:00,2974175
79.2,40.2,77.4,53.0,2026-06-15 21:20:00,2974175
78.3,41.6,76.3,53.1,2026-06-15 21:40:00,2974175
77.4,43.0,75.6,53.2,2026-06-15 22:00:00,2974175
76.5,44.0,74.7,53.0,2026-06-15 22:20:00,2974175
75.7,45.0,73.9,52.9,2026-06-15 22:40:00,2974175
74.8,46.8,73.2,53.1,2026-06-15 23:00:00,2974175
74.1,48.1,72.7,53.3,2026-06-15 23:20:00,2974175
73.2,49.7,72.1,53.3,2026-06-15 23:40:00,2974175
73.1,50.2,72.1,53.4,2026-06-16 00:00:00,2974175
72.8,51.2,71.8,53.8,2026-06-16 00:20:00,2974175
72.4,51.0,71.6,53.3,2026-06-16 00:40:00,2974175
72.0,52.8,71.4,53.9,2026-06-16 01:00:00,2974175
71.9,52.2,71.1,53.4,2026-06-16 01:20:00,2974175
71.9,51.7,71.1,53.2,2026-06-16 01:40:00,2974175
72.1,50.5,71.2,52.7,2026-06-16 02:00:00,2974175
71.9,49.9,70.9,52.2,2026-06-16 02:20:00,2974175
72.0,49.5,71.1,52.1,2026-06-16 02:40:00,2974175
71.5,50.1,70.7,52.0,2026-06-16 03:00:00,2974175
71.0,50.1,70.2,51.5,2026-06-16 03:20:00,2974175
71.1,50.2,70.3,51.6,2026-06-16 03:40:00,2974175
70.7,50.5,69.8,51.4,2026-06-16 04:00:00,2974175
70.1,51.9,69.1,51.5,2026-06-16 04:20:00,2974175
69.3,53.4,68.2,51.7,2026-06-16 04:40:00,2974175
69.1,54.1,68.0,51.8,2026-06-16 05:00:00,2974175
69.1,54.5,67.6,52.0,2026-06-16 05:20:00,2974175
69.2,54.5,68.0,52.1,2026-06-16 05:40:00,2974175
69.2,54.8,68.0,52.3,2026-06-16 06:00:00,2974175
88.4,31.3,86.9,54.3,2026-06-05 11:40:00,2953655
90.2,29.1,88.9,53.7,2026-06-05 12:00:00,2953655
89.7,27.5,87.8,51.8,2026-06-05 12:20:00,2953655
92.3,28.1,91.6,54.5,2026-06-05 12:40:00,2953655
91.6,27.5,90.5,53.4,2026-06-05 13:00:00,2953655
92.8,26.0,91.4,52.9,2026-06-05 13:20:00,2953655
93.2,25.9,91.8,53.1,2026-06-05 13:40:00,2953655
93.8,27.9,93.6,55.7,2026-06-05 14:00:00,2953655
93.5,26.0,92.5,53.5,2026-06-05 14:20:00,2953655
95.7,25.1,95.5,54.4,2026-06-05 14:40:00,2953655
97.1,24.0,96.8,54.3,2026-06-05 15:00:00,2953655
96.3,24.4,95.9,54.0,2026-06-05 15:20:00,2953655
99.2,23.0,99.3,54.8,2026-06-05 15:40:00,2953655
100.2,22.8,100.6,55.5,2026-06-05 16:00:00,2953655
99.4,22.4,99.3,54.3,2026-06-05 16:20:00,2953655
100.9,22.3,101.3,55.5,2026-06-05 16:40:00,2953655
99.7,22.0,99.7,54.1,2026-06-05 17:00:00,2953655
99.8,21.9,99.5,54.0,2026-06-05 17:20:00,2953655
98.5,21.8,97.7,52.9,2026-06-05 17:40:00,2953655
99.7,23.2,100.0,55.5,2026-06-05 18:00:00,2953655
97.8,24.7,98.2,55.7,2026-06-05 18:20:00,2953655
97.4,24.5,97.5,55.1,2026-06-05 18:40:00,2953655
96.1,25.1,96.1,54.8,2026-06-05 19:00:00,2953655
93.1,27.2,92.3,54.4,2026-06-05 19:20:00,2953655
89.6,30.0,88.3,54.1,2026-06-05 19:40:00,2953655
88.5,31.2,86.9,54.2,2026-06-05 20:00:00,2953655
87.4,32.6,85.8,54.5,2026-06-05 20:20:00,2953655
86.3,34.0,84.9,54.6,2026-06-05 20:40:00,2953655
85.3,35.1,84.0,54.6,2026-06-05 21:00:00,2953655
84.4,35.7,82.6,54.3,2026-06-05 21:20:00,2953655
84.0,35.8,82.4,54.1,2026-06-05 21:40:00,2953655
83.4,36.9,81.7,54.4,2026-06-05 22:00:00,2953655
82.5,38.2,80.8,54.5,2026-06-05 22:20:00,2953655
81.0,40.5,79.3,54.8,2026-06-05 22:40:00,2953655
80.2,42.1,78.6,55.1,2026-06-05 23:00:00,2953655
79.4,43.8,78.1,55.4,2026-06-05 23:20:00,2953655
79.1,44.6,77.7,55.7,2026-06-05 23:40:00,2953655
78.5,45.6,77.2,55.8,2026-06-06 00:00:00,2953655
78.1,46.5,76.8,55.9,2026-06-06 00:20:00,2953655
77.2,47.9,75.9,56.0,2026-06-06 00:40:00,2953655
76.4,49.6,75.0,56.1,2026-06-06 01:00:00,2953655
75.5,51.2,74.3,56.3,2026-06-06 01:20:00,2953655
74.7,53.0,73.8,56.4,2026-06-06 01:40:00,2953655
74.1,54.5,73.2,56.7,2026-06-06 02:00:00,2953655
73.7,55.6,73.2,56.9,2026-06-06 02:20:00,2953655
73.1,57.0,72.7,57.0,2026-06-06 02:40:00,2953655
72.3,58.8,72.0,57.1,2026-06-06 03:00:00,2953655
72.0,59.9,71.8,57.3,2026-06-06 03:20:00,2953655
71.5,61.1,71.4,57.4,2026-06-06 03:40:00,2953655
70.8,62.6,70.9,57.4,2026-06-06 04:00:00,2953655
70.5,63.3,70.7,57.5,2026-06-06 04:20:00,2953655
70.1,64.6,70.0,57.6,2026-06-06 04:40:00,2953655
69.6,65.7,69.4,57.7,2026-06-06 05:00:00,2953655
69.3,66.7,69.3,57.7,2026-06-06 05:20:00,2953655
68.9,67.4,68.7,57.7,2026-06-06 05:40:00,2953655
68.2,69.0,67.8,57.6,2026-06-06 06:00:00,2953655
68.2,69.4,67.8,57.8,2026-06-06 06:20:00,2953655
68.5,69.8,68.2,58.2,2026-06-06 06:40:00,2953655
69.5,69.4,69.6,59.1,2026-06-06 07:00:00,2953655
72.0,66.2,72.5,60.0,2026-06-06 07:20:00,2953655
73.5,63.3,73.8,60.3,2026-06-06 07:40:00,2953655
75.3,60.3,75.2,60.6,2026-06-06 08:00:00,2953655
76.4,58.7,76.1,60.9,2026-06-06 08:20:00,2953655
77.5,56.2,77.2,60.7,2026-06-06 08:40:00,2953655
78.9,55.2,79.2,61.5,2026-06-06 09:00:00,2953655
79.1,54.2,79.2,61.1,2026-06-06 09:20:00,2953655
80.7,51.3,80.8,61.1,2026-06-06 09:40:00,2953655
81.0,51.4,81.3,61.4,2026-06-06 10:00:00,2953655
83.4,47.5,84.0,61.4,2026-06-06 10:20:00,2953655
83.6,46.6,84.0,61.0,2026-06-06 10:40:00,2953655
84.4,44.7,84.7,60.5,2026-06-06 11:00:00,2953655
85.1,43.7,85.8,60.5,2026-06-06 11:20:00,2953655
87.0,42.0,88.2,61.1,2026-06-06 11:40:00,2953655
89.3,39.0,91.0,61.1,2026-06-06 12:00:00,2953655
89.6,36.5,90.5,59.5,2026-06-06 12:20:00,2953655
90.0,37.0,91.6,60.2,2026-06-06 12:40:00,2953655
91.2,34.9,92.5,59.7,2026-06-06 13:00:00,2953655
91.6,35.2,93.4,60.2,2026-06-06 13:20:00,2953655
90.5,34.4,91.4,58.7,2026-06-06 13:40:00,2953655
91.6,35.1,93.4,60.2,2026-06-06 14:00:00,2953655
90.7,35.9,92.3,60.1,2026-06-06 14:20:00,2953655
91.5,35.8,93.4,60.7,2026-06-06 14:40:00,2953655
92.6,36.7,95.5,62.3,2026-06-06 15:00:00,2953655
95.5,34.3,99.5,62.9,2026-06-06 15:20:00,2953655
90.9,36.0,92.7,60.3,2026-06-06 15:40:00,2953655
93.7,34.9,96.4,61.9,2026-06-06 16:00:00,2953655
96.0,32.2,99.1,61.5,2026-06-06 16:20:00,2953655
96.6,32.3,100.4,62.2,2026-06-06 16:40:00,2953655
97.1,31.1,100.2,61.5,2026-06-06 17:00:00,2953655
95.8,31.1,98.1,60.4,2026-06-06 17:20:00,2953655
96.0,30.6,98.1,60.2,2026-06-06 17:40:00,2953655
98.3,29.0,100.9,60.6,2026-06-06 18:00:00,2953655
97.6,29.1,100.0,60.2,2026-06-06 18:20:00,2953655
96.0,30.2,97.9,59.7,2026-06-06 18:40:00,2953655
97.2,30.4,100.0,60.9,2026-06-06 19:00:00,2953655
91.9,33.6,93.0,59.2,2026-06-06 19:20:00,2953655
89.1,37.3,90.1,59.7,2026-06-06 19:40:00,2953655
88.1,38.9,88.9,60.0,2026-06-06 20:00:00,2953655
87.1,39.6,87.6,59.6,2026-06-06 20:20:00,2953655
86.2,40.7,86.7,59.5,2026-06-06 20:40:00,2953655
85.2,42.0,85.5,59.5,2026-06-06 21:00:00,2953655
84.2,43.1,84.4,59.4,2026-06-06 21:20:00,2953655
83.5,44.5,83.5,59.6,2026-06-06 21:40:00,2953655
82.6,45.9,82.0,59.6,2026-06-06 22:00:00,2953655
81.8,47.6,81.7,59.9,2026-06-06 22:20:00,2953655
81.2,48.8,81.1,60.1,2026-06-06 22:40:00,2953655
80.7,49.9,80.6,60.3,2026-06-06 23:00:00,2953655
79.8,51.3,79.7,60.2,2026-06-06 23:20:00,2953655
79.1,52.6,79.0,60.3,2026-06-06 23:40:00,2953655
78.7,53.5,78.6,60.4,2026-06-07 00:00:00,2953655
78.2,54.9,77.9,60.6,2026-06-07 00:20:00,2953655
77.7,56.0,77.7,60.8,2026-06-07 00:40:00,2953655
77.3,57.1,77.0,60.9,2026-06-07 01:00:00,2953655
76.8,58.5,76.5,61.2,2026-06-07 01:20:00,2953655
76.3,59.8,76.1,61.3,2026-06-07 01:40:00,2953655
75.5,61.5,75.4,61.4,2026-06-07 02:00:00,2953655
74.9,62.9,75.0,61.4,2026-06-07 02:20:00,2953655
74.4,64.0,74.7,61.4,2026-06-07 02:40:00,2953655
73.6,65.4,73.9,61.3,2026-06-07 03:00:00,2953655
73.0,66.7,73.4,61.3,2026-06-07 03:20:00,2953655
72.6,67.9,73.0,61.4,2026-06-07 03:40:00,2953655
72.3,68.5,72.7,61.4,2026-06-07 04:00:00,2953655
72.0,69.3,72.7,61.4,2026-06-07 04:20:00,2953655
71.6,70.3,72.1,61.4,2026-06-07 04:40:00,2953655
71.3,71.2,72.0,61.5,2026-06-07 05:00:00,2953655
70.8,72.2,71.6,61.5,2026-06-07 05:20:00,2953655
70.5,73.0,71.2,61.4,2026-06-07 05:40:00,2953655
70.1,74.0,70.5,61.5,2026-06-07 06:00:00,2953655
70.1,74.7,70.5,61.7,2026-06-07 06:20:00,2953655
70.2,74.9,70.9,61.9,2026-06-07 06:40:00,2953655
71.3,74.0,72.1,62.6,2026-06-07 07:00:00,2953655
72.3,72.8,73.2,63.1,2026-06-07 07:20:00,2953655
73.8,71.3,74.7,63.9,2026-06-07 07:40:00,2953655
76.0,67.7,76.6,64.6,2026-06-07 08:00:00,2953655
76.8,65.6,77.2,64.4,2026-06-07 08:20:00,2953655
77.7,63.3,78.6,64.3,2026-06-07 08:40:00,2953655
79.4,61.6,81.0,65.0,2026-06-07 09:00:00,2953655
80.1,60.0,81.9,65.0,2026-06-07 09:20:00,2953655
81.1,57.8,82.6,64.8,2026-06-07 09:40:00,2953655
82.2,54.9,83.8,64.4,2026-06-07 10:00:00,2953655
84.5,51.5,86.9,64.7,2026-06-07 10:20:00,2953655
85.8,50.9,89.2,65.6,2026-06-07 10:40:00,2953655
86.0,48.4,88.7,64.2,2026-06-07 11:00:00,2953655
87.5,45.4,90.0,63.9,2026-06-07 11:20:00,2953655
87.8,44.3,90.1,63.4,2026-06-07 11:40:00,2953655
90.5,41.3,93.7,63.8,2026-06-07 12:00:00,2953655
91.8,38.4,95.2,62.9,2026-06-07 12:20:00,2953655
94.3,35.0,97.5,62.4,2026-06-07 12:40:00,2953655
92.6,36.1,95.4,61.8,2026-06-07 13:00:00,2953655
93.1,34.7,95.5,61.2,2026-06-07 13:20:00,2953655
94.2,33.9,96.8,61.4,2026-06-07 13:40:00,2953655
95.8,32.3,98.8,61.5,2026-06-07 14:00:00,2953655
95.5,31.7,97.9,60.7,2026-06-07 14:20:00,2953655
96.5,32.4,100.0,62.2,2026-06-07 14:40:00,2953655
96.9,31.8,100.4,62.0,2026-06-07 15:00:00,2953655
96.1,31.2,98.4,60.7,2026-06-07 15:20:00,2953655
96.8,30.7,99.7,61.0,2026-06-07 15:40:00,2953655
96.3,31.0,99.0,60.7,2026-06-07 16:00:00,2953655
96.7,31.7,100.0,61.7,2026-06-07 16:20:00,2953655
98.1,30.8,101.7,62.1,2026-06-07 16:40:00,2953655
100.0,29.1,103.8,62.2,2026-06-07 17:00:00,2953655
100.4,30.6,105.4,63.8,2026-06-07 17:20:00,2953655
99.8,32.2,105.6,64.9,2026-06-07 17:40:00,2953655
95.8,33.5,99.5,62.5,2026-06-07 18:00:00,2953655
96.2,33.3,100.0,62.6,2026-06-07 18:20:00,2953655
97.1,34.4,102.4,64.3,2026-06-07 18:40:00,2953655
96.2,34.9,100.9,64.0,2026-06-07 19:00:00,2953655
92.7,36.6,95.9,62.3,2026-06-07 19:20:00,2953655
91.4,38.8,94.6,62.8,2026-06-07 19:40:00,2953655
90.6,39.5,93.4,62.6,2026-06-07 20:00:00,2953655
89.9,39.7,92.1,62.1,2026-06-07 20:20:00,2953655
89.2,40.5,91.2,62.0,2026-06-07 20:40:00,2953655
88.2,42.0,90.0,62.2,2026-06-07 21:00:00,2953655
87.5,43.5,89.4,62.6,2026-06-07 21:20:00,2953655
86.8,44.5,88.7,62.6,2026-06-07 21:40:00,2953655
85.7,46.5,87.4,62.8,2026-06-07 22:00:00,2953655
85.1,48.0,87.1,63.2,2026-06-07 22:20:00,2953655
84.5,49.1,86.2,63.3,2026-06-07 22:40:00,2953655
84.2,49.7,85.8,63.3,2026-06-07 23:00:00,2953655
83.7,50.5,85.5,63.4,2026-06-07 23:20:00,2953655
83.0,51.9,84.6,63.5,2026-06-07 23:40:00,2953655
82.8,53.0,84.4,64.0,2026-06-08 00:00:00,2953655
82.4,54.1,83.7,64.1,2026-06-08 00:20:00,2953655
82.1,55.0,83.5,64.4,2026-06-08 00:40:00,2953655
81.2,56.3,82.6,64.2,2026-06-08 01:00:00,2953655
81.0,57.2,82.4,64.5,2026-06-08 01:20:00,2953655
80.5,58.2,81.9,64.5,2026-06-08 01:40:00,2953655
80.3,58.8,81.7,64.5,2026-06-08 02:00:00,2953655
79.8,60.0,81.1,64.6,2026-06-08 02:20:00,2953655
79.1,61.3,80.2,64.6,2026-06-08 02:40:00,2953655
78.6,62.5,79.7,64.7,2026-06-08 03:00:00,2953655
78.2,63.7,79.3,64.9,2026-06-08 03:20:00,2953655
78.2,64.0,79.3,65.0,2026-06-08 03:40:00,2953655
78.3,64.1,79.5,65.1,2026-06-08 04:00:00,2953655
77.8,64.7,79.0,65.0,2026-06-08 04:20:00,2953655
77.4,65.7,78.4,65.0,2026-06-08 04:40:00,2953655
77.3,66.3,78.3,65.2,2026-06-08 05:00:00,2953655
77.0,66.8,77.9,65.2,2026-06-08 05:20:00,2953655
76.7,67.5,77.5,65.2,2026-06-08 05:40:00,2953655
75.8,69.4,76.6,65.1,2026-06-08 06:00:00,2953655
75.2,71.2,76.1,65.2,2026-06-08 06:20:00,2953655
75.3,72.0,76.3,65.6,2026-06-08 06:40:00,2953655
76.2,71.3,77.2,66.2,2026-06-08 07:00:00,2953655
77.2,68.7,78.3,66.1,2026-06-08 07:20:00,2953655
78.2,66.9,79.9,66.3,2026-06-08 07:40:00,2953655
79.5,64.6,81.5,66.5,2026-06-08 08:00:00,2953655
81.2,62.5,83.8,67.2,2026-06-08 08:20:00,2953655
82.5,60.1,85.5,67.2,2026-06-08 08:40:00,2953655
83.0,60.3,86.5,67.9,2026-06-08 09:00:00,2953655
83.7,58.1,87.3,67.4,2026-06-08 09:20:00,2953655
85.6,55.7,90.1,67.9,2026-06-08 09:40:00,2953655
86.2,55.3,91.4,68.3,2026-06-08 10:00:00,2953655
87.8,53.7,93.7,68.9,2026-06-08 10:20:00,2953655
88.0,51.7,93.4,68.0,2026-06-08 10:40:00,2953655
88.5,51.1,94.3,68.1,2026-06-08 11:00:00,2953655
89.2,49.2,94.6,67.7,2026-06-08 11:20:00,2953655
90.9,47.7,97.7,68.3,2026-06-08 11:40:00,2953655
92.3,44.4,98.4,67.4,2026-06-08 12:00:00,2953655
94.2,41.7,100.9,67.3,2026-06-08 12:20:00,2953655
93.2,41.3,98.6,66.2,2026-06-08 12:40:00,2953655
91.8,41.9,96.6,65.4,2026-06-08 13:00:00,2953655
93.3,40.3,98.4,65.6,2026-06-08 13:20:00,2953655
91.5,40.1,95.2,63.8,2026-06-08 13:40:00,2953655
93.4,40.5,98.6,65.8,2026-06-08 14:00:00,2953655
92.4,39.9,96.6,64.5,2026-06-08 14:20:00,2953655
93.1,39.6,97.9,64.9,2026-06-08 14:40:00,2953655
93.4,39.4,98.4,65.0,2026-06-08 15:00:00,2953655
92.8,40.6,97.7,65.3,2026-06-08 15:20:00,2953655
93.6,39.7,98.8,65.4,2026-06-08 15:40:00,2953655
93.4,39.1,97.9,64.8,2026-06-08 16:00:00,2953655
94.1,38.6,99.3,65.0,2026-06-08 16:20:00,2953655
94.2,38.2,99.0,64.9,2026-06-08 16:40:00,2953655
93.4,36.8,97.2,63.1,2026-06-08 17:00:00,2953655
93.2,36.4,96.6,62.6,2026-06-08 17:20:00,2953655
93.6,36.2,97.2,62.8,2026-06-08 17:40:00,2953655
91.4,38.0,93.9,62.2,2026-06-08 18:00:00,2953655
90.1,38.8,92.5,61.7,2026-06-08 18:20:00,2953655
89.3,40.0,91.4,61.8,2026-06-08 18:40:00,2953655
89.5,40.0,91.8,61.9,2026-06-08 19:00:00,2953655
88.2,41.5,89.8,61.8,2026-06-08 19:20:00,2953655
87.2,44.6,89.2,63.0,2026-06-08 19:40:00,2953655
85.6,47.6,87.6,63.5,2026-06-08 20:00:00,2953655
84.4,49.8,86.4,63.7,2026-06-08 20:20:00,2953655
83.4,51.8,85.1,63.8,2026-06-08 20:40:00,2953655
82.2,53.9,83.7,63.9,2026-06-08 21:00:00,2953655
81.3,55.3,82.4,63.7,2026-06-08 21:20:00,2953655
80.2,56.8,81.1,63.5,2026-06-08 21:40:00,2953655
78.9,58.9,79.7,63.3,2026-06-08 22:00:00,2953655
77.8,61.3,78.3,63.4,2026-06-08 22:20:00,2953655
76.1,63.4,76.5,62.8,2026-06-08 22:40:00,2953655
75.1,64.8,75.4,62.4,2026-06-08 23:00:00,2953655
74.2,64.2,74.5,61.3,2026-06-08 23:20:00,2953655
72.7,66.0,73.0,60.7,2026-06-08 23:40:00,2953655
72.0,67.5,72.5,60.6,2026-06-09 00:00:00,2953655
71.4,68.5,71.8,60.5,2026-06-09 00:20:00,2953655
71.0,69.5,71.6,60.5,2026-06-09 00:40:00,2953655
70.4,70.3,70.9,60.3,2026-06-09 01:00:00,2953655
69.8,69.3,69.8,59.3,2026-06-09 01:20:00,2953655
69.2,67.2,68.9,57.8,2026-06-09 01:40:00,2953655
68.4,66.2,68.0,56.7,2026-06-09 02:00:00,2953655
67.9,67.7,67.3,56.8,2026-06-09 02:20:00,2953655
67.7,68.7,67.1,57.1,2026-06-09 02:40:00,2953655
67.6,70.1,66.9,57.5,2026-06-09 03:00:00,2953655
67.5,71.6,67.1,58.0,2026-06-09 03:20:00,2953655
67.2,72.4,66.7,58.0,2026-06-09 03:40:00,2953655
67.3,73.0,66.9,58.3,2026-06-09 04:00:00,2953655
67.2,73.2,66.7,58.3,2026-06-09 04:20:00,2953655
67.2,71.9,66.6,57.8,2026-06-09 04:40:00,2953655
66.8,69.9,66.0,56.7,2026-06-09 05:00:00,2953655
66.5,69.7,65.5,56.2,2026-06-09 05:20:00,2953655
66.1,69.8,65.1,56.0,2026-06-09 05:40:00,2953655
66.1,69.4,64.9,55.8,2026-06-09 06:00:00,2953655
66.3,68.5,65.1,55.6,2026-06-09 06:20:00,2953655
66.1,68.4,64.9,55.3,2026-06-09 06:40:00,2953655
66.7,67.6,65.7,55.7,2026-06-09 07:00:00,2953655
66.9,66.5,66.0,55.4,2026-06-09 07:20:00,2953655
67.0,67.1,66.0,55.7,2026-06-09 07:40:00,2953655
68.2,66.9,67.6,56.8,2026-06-09 08:00:00,2953655
67.9,66.4,67.3,56.3,2026-06-09 08:20:00,2953655
70.2,63.9,70.2,57.4,2026-06-09 08:40:00,2953655
71.3,62.6,71.4,57.9,2026-06-09 09:00:00,2953655
72.2,62.4,72.3,58.7,2026-06-09 09:20:00,2953655
73.0,61.9,73.0,59.1,2026-06-09 09:40:00,2953655
73.7,62.8,73.8,60.2,2026-06-09 10:00:00,2953655
75.4,62.3,75.6,61.6,2026-06-09 10:20:00,2953655
75.5,60.1,75.4,60.7,2026-06-09 10:40:00,2953655
77.2,58.6,77.2,61.6,2026-06-09 11:00:00,2953655
77.5,55.0,77.2,60.1,2026-06-09 11:20:00,2953655
79.7,54.4,79.9,61.8,2026-06-09 11:40:00,2953655
79.3,54.4,79.5,61.4,2026-06-09 12:00:00,2953655
82.2,53.0,83.1,63.3,2026-06-09 12:20:00,2953655
85.1,50.0,87.8,64.4,2026-06-09 12:40:00,2953655
82.6,54.2,84.0,64.4,2026-06-09 13:00:00,2953655
83.5,54.0,85.8,65.1,2026-06-09 13:20:00,2953655
83.9,56.4,87.3,66.8,2026-06-09 13:40:00,2953655
85.4,54.5,89.4,67.1,2026-06-09 14:00:00,2953655
84.5,54.5,87.8,66.3,2026-06-09 14:20:00,2953655
86.2,54.3,91.0,67.7,2026-06-09 14:40:00,2953655
86.5,53.5,91.0,67.6,2026-06-09 15:00:00,2953655
89.0,50.8,94.8,68.4,2026-06-09 15:20:00,2953655
89.4,48.5,94.6,67.4,2026-06-09 15:40:00,2953655
89.5,48.4,95.0,67.5,2026-06-09 16:00:00,2953655
89.3,49.3,95.0,67.8,2026-06-09 16:20:00,2953655
87.0,53.0,91.9,67.8,2026-06-09 16:40:00,2953655
87.9,52.6,93.4,68.5,2026-06-09 17:00:00,2953655
88.3,52.4,94.1,68.7,2026-06-09 17:20:00,2953655
89.0,52.6,95.7,69.4,2026-06-09 17:40:00,2953655
87.8,51.1,92.8,67.5,2026-06-09 18:00:00,2953655
86.9,53.8,92.1,68.1,2026-06-09 18:20:00,2953655
86.5,54.7,91.6,68.3,2026-06-09 18:40:00,2953655
85.8,56.2,91.0,68.4,2026-06-09 19:00:00,2953655
86.0,56.7,91.2,68.8,2026-06-09 19:20:00,2953655
85.3,58.1,90.1,68.9,2026-06-09 19:40:00,2953655
84.7,58.8,89.4,68.7,2026-06-09 20:00:00,2953655
83.8,60.3,88.0,68.6,2026-06-09 20:20:00,2953655
83.2,61.4,87.3,68.6,2026-06-09 20:40:00,2953655
82.8,62.0,86.5,68.5,2026-06-09 21:00:00,2953655
82.3,62.9,85.8,68.4,2026-06-09 21:20:00,2953655
82.1,63.5,85.5,68.5,2026-06-09 21:40:00,2953655
81.4,64.9,84.7,68.4,2026-06-09 22:00:00,2953655
81.0,65.7,84.4,68.5,2026-06-09 22:20:00,2953655
80.9,66.5,84.2,68.6,2026-06-09 22:40:00,2953655
80.7,67.4,84.0,68.9,2026-06-09 23:00:00,2953655
80.4,68.8,84.0,69.3,2026-06-09 23:20:00,2953655
80.2,71.2,84.0,70.0,2026-06-09 23:40:00,2953655
80.0,72.9,84.0,70.5,2026-06-10 00:00:00,2953655
79.5,74.3,83.7,70.6,2026-06-10 00:20:00,2953655
79.2,75.7,83.3,70.8,2026-06-10 00:40:00,2953655
78.7,76.8,82.4,70.8,2026-06-10 01:00:00,2953655
78.4,77.7,81.9,70.9,2026-06-10 01:20:00,2953655
78.1,78.4,81.7,70.8,2026-06-10 01:40:00,2953655
77.6,79.1,80.8,70.7,2026-06-10 02:00:00,2953655
77.1,80.0,79.9,70.5,2026-06-10 02:20:00,2953655
76.7,80.6,79.3,70.3,2026-06-10 02:40:00,2953655
76.3,81.2,78.6,70.1,2026-06-10 03:00:00,2953655
76.0,81.9,78.3,70.1,2026-06-10 03:20:00,2953655
75.9,82.3,78.4,70.1,2026-06-10 03:40:00,2953655
75.8,82.6,78.3,70.2,2026-06-10 04:00:00,2953655
75.6,83.0,77.9,70.1,2026-06-10 04:20:00,2953655
75.4,83.4,77.9,70.1,2026-06-10 04:40:00,2953655
75.3,83.7,77.7,70.0,2026-06-10 05:00:00,2953655
75.2,84.0,77.7,70.1,2026-06-10 05:20:00,2953655
75.1,84.2,77.5,70.0,2026-06-10 05:40:00,2953655
75.1,84.4,77.5,70.1,2026-06-10 06:00:00,2953655
75.3,84.5,77.7,70.3,2026-06-10 06:20:00,2953655
75.5,84.4,77.9,70.5,2026-06-10 06:40:00,2953655
75.7,84.3,78.1,70.6,2026-06-10 07:00:00,2953655
75.9,84.2,78.4,70.8,2026-06-10 07:20:00,2953655
76.0,84.1,78.6,70.8,2026-06-10 07:40:00,2953655
76.3,83.9,79.0,71.1,2026-06-10 08:00:00,2953655
76.9,82.2,79.9,71.0,2026-06-10 08:20:00,2953655
77.6,81.1,81.1,71.3,2026-06-10 08:40:00,2953655
78.6,79.2,82.6,71.6,2026-06-10 09:00:00,2953655
79.9,76.6,84.6,71.9,2026-06-10 09:20:00,2953655
80.1,75.0,84.9,71.5,2026-06-10 09:40:00,2953655
81.2,73.1,86.4,71.8,2026-06-10 10:00:00,2953655
82.6,70.6,88.5,72.1,2026-06-10 10:20:00,2953655
83.8,68.8,90.7,72.5,2026-06-10 10:40:00,2953655
84.4,65.9,91.4,71.7,2026-06-10 11:00:00,2953655
84.1,65.0,90.3,71.1,2026-06-10 11:20:00,2953655
84.5,63.6,90.5,70.8,2026-06-10 11:40:00,2953655
85.7,62.3,92.8,71.3,2026-06-10 12:00:00,2953655
87.4,57.5,94.3,70.6,2026-06-10 12:20:00,2953655
86.9,56.7,92.8,69.7,2026-06-10 12:40:00,2953655
87.6,56.4,94.5,70.2,2026-06-10 13:00:00,2953655
88.8,53.2,95.5,69.5,2026-06-10 13:20:00,2953655
92.4,48.7,101.3,70.3,2026-06-10 13:40:00,2953655
91.0,49.8,98.8,69.6,2026-06-10 14:00:00,2953655
88.5,51.0,94.1,68.1,2026-06-10 14:20:00,2953655
89.3,52.5,96.4,69.6,2026-06-10 14:40:00,2953655
91.9,49.5,100.4,70.3,2026-06-10 15:00:00,2953655
93.9,46.5,102.9,70.3,2026-06-10 15:20:00,2953655
96.9,43.5,107.8,71.0,2026-06-10 15:40:00,2953655
92.4,45.8,99.5,68.4,2026-06-10 16:00:00,2953655
96.0,44.2,106.2,70.7,2026-06-10 16:20:00,2953655
96.7,42.4,106.7,70.1,2026-06-10 16:40:00,2953655
95.1,42.2,103.1,68.6,2026-06-10 17:00:00,2953655
93.8,44.2,101.5,68.7,2026-06-10 17:20:00,2953655
95.7,44.4,105.6,70.5,2026-06-10 17:40:00,2953655
96.5,43.9,107.2,70.9,2026-06-10 18:00:00,2953655
97.7,41.5,108.3,70.4,2026-06-10 18:20:00,2953655
91.5,46.9,98.4,68.4,2026-06-10 18:40:00,2953655
91.8,47.9,99.5,69.2,2026-06-10 19:00:00,2953655
92.2,46.5,99.7,68.8,2026-06-10 19:20:00,2953655
90.7,48.9,97.9,68.8,2026-06-10 19:40:00,2953655
89.7,50.5,96.4,68.9,2026-06-10 20:00:00,2953655
89.0,51.9,95.5,69.0,2026-06-10 20:20:00,2953655
88.2,53.5,94.5,69.2,2026-06-10 20:40:00,2953655
87.5,54.4,93.4,69.0,2026-06-10 21:00:00,2953655
87.0,55.5,92.8,69.2,2026-06-10 21:20:00,2953655
86.5,56.8,92.1,69.4,2026-06-10 21:40:00,2953655
85.8,58.3,91.8,69.5,2026-06-10 22:00:00,2953655
85.4,59.6,91.0,69.7,2026-06-10 22:20:00,2953655
84.7,60.9,90.0,69.7,2026-06-10 22:40:00,2953655
84.1,62.5,89.4,69.9,2026-06-10 23:00:00,2953655
83.6,63.4,88.5,69.9,2026-06-10 23:20:00,2953655
83.2,64.3,88.0,69.9,2026-06-10 23:40:00,2953655
82.7,65.3,87.1,69.9,2026-06-11 00:00:00,2953655
82.5,65.8,86.9,69.9,2026-06-11 00:20:00,2953655
82.1,66.5,86.4,69.9,2026-06-11 00:40:00,2953655
81.7,67.5,85.8,69.9,2026-06-11 01:00:00,2953655
81.4,68.4,85.6,69.9,2026-06-11 01:20:00,2953655
81.0,69.0,85.1,69.9,2026-06-11 01:40:00,2953655
80.6,69.7,84.4,69.8,2026-06-11 02:00:00,2953655
80.0,70.6,83.7,69.6,2026-06-11 02:20:00,2953655
79.5,71.3,82.8,69.4,2026-06-11 02:40:00,2953655
79.1,72.0,82.2,69.3,2026-06-11 03:00:00,2953655
78.6,72.5,81.7,69.0,2026-06-11 03:20:00,2953655
78.3,73.0,81.1,69.0,2026-06-11 03:40:00,2953655
77.8,74.0,80.2,68.8,2026-06-11 04:00:00,2953655
77.3,74.7,79.3,68.7,2026-06-11 04:20:00,2953655
77.0,75.3,79.2,68.6,2026-06-11 04:40:00,2953655
76.8,75.4,78.4,68.4,2026-06-11 05:00:00,2953655
76.4,75.5,77.9,68.1,2026-06-11 05:20:00,2953655
76.1,75.8,77.7,67.9,2026-06-11 05:40:00,2953655
75.9,76.0,77.5,67.8,2026-06-11 06:00:00,2953655
75.8,76.2,77.4,67.7,2026-06-11 06:20:00,2953655
76.0,76.2,77.5,68.0,2026-06-11 06:40:00,2953655
76.1,75.9,77.7,68.0,2026-06-11 07:00:00,2953655
77.0,75.4,79.2,68.6,2026-06-11 07:20:00,2953655
78.0,74.0,80.6,69.0,2026-06-11 07:40:00,2953655
79.4,71.8,82.9,69.5,2026-06-11 08:00:00,2953655
79.7,70.8,82.9,69.3,2026-06-11 08:20:00,2953655
81.5,69.1,85.8,70.3,2026-06-11 08:40:00,2953655
83.1,67.3,88.9,71.2,2026-06-11 09:00:00,2953655
83.4,67.0,89.2,71.2,2026-06-11 09:20:00,2953655
84.4,65.4,90.7,71.5,2026-06-11 09:40:00,2953655
85.5,64.0,93.0,71.9,2026-06-11 10:00:00,2953655
86.9,60.9,94.5,71.7,2026-06-11 10:20:00,2953655
88.0,58.8,96.3,71.8,2026-06-11 10:40:00,2953655
89.7,57.2,99.5,72.5,2026-06-11 11:00:00,2953655
90.2,55.3,99.9,72.0,2026-06-11 11:20:00,2953655
92.0,53.5,103.1,72.7,2026-06-11 11:40:00,2953655
93.5,48.9,103.5,71.4,2026-06-11 12:00:00,2953655
96.1,46.2,108.1,72.1,2026-06-11 12:20:00,2953655
96.9,45.3,109.0,72.2,2026-06-11 12:40:00,2953655
96.5,43.7,107.1,70.7,2026-06-11 13:00:00,2953655
96.5,42.4,106.3,69.9,2026-06-11 13:20:00,2953655
97.3,42.9,108.0,71.0,2026-06-11 13:40:00,2953655
97.4,41.3,107.4,70.0,2026-06-11 14:00:00,2953655
99.2,39.0,109.6,69.8,2026-06-11 14:20:00,2953655
99.4,37.6,109.0,69.0,2026-06-11 14:40:00,2953655
101.9,35.7,112.8,69.6,2026-06-11 15:00:00,2953655
102.0,33.6,111.0,67.9,2026-06-11 15:20:00,2953655
103.3,32.5,113.0,68.2,2026-06-11 15:40:00,2953655
104.8,31.9,115.3,68.9,2026-06-11 16:00:00,2953655
102.3,33.6,111.7,68.2,2026-06-11 16:20:00,2953655
100.1,36.8,109.8,69.0,2026-06-11 16:40:00,2953655
102.8,35.7,114.8,70.4,2026-06-11 17:00:00,2953655
99.2,38.5,109.4,69.6,2026-06-11 17:20:00,2953655
98.7,39.9,109.0,70.1,2026-06-11 17:40:00,2953655
95.9,42.0,104.9,69.2,2026-06-11 18:00:00,2953655
80.0,76.9,84.9,72.1,2026-06-11 18:20:00,2953655
80.9,84.7,88.7,75.8,2026-06-11 18:40:00,2953655
82.8,80.6,92.1,76.2,2026-06-11 19:00:00,2953655
83.2,77.1,91.9,75.3,2026-06-11 19:20:00,2953655
82.5,81.5,91.2,76.3,2026-06-11 19:40:00,2953655
82.5,82.8,91.8,76.8,2026-06-11 20:00:00,2953655
82.4,79.9,90.9,75.6,2026-06-11 20:20:00,2953655
81.9,81.2,90.0,75.6,2026-06-11 20:40:00,2953655
81.6,82.1,89.4,75.6,2026-06-11 21:00:00,2953655
82.4,79.7,90.7,75.5,2026-06-11 21:20:00,2953655
83.1,75.8,91.6,74.7,2026-06-11 21:40:00,2953655
84.9,68.0,92.8,73.1,2026-06-11 22:00:00,2953655
84.9,66.9,92.5,72.6,2026-06-11 22:20:00,2953655
84.8,65.8,92.1,72.1,2026-06-11 22:40:00,2953655
84.4,65.1,90.7,71.3,2026-06-11 23:00:00,2953655
83.8,66.4,90.0,71.3,2026-06-11 23:20:00,2953655
83.5,66.0,89.2,70.9,2026-06-11 23:40:00,2953655
83.0,66.0,88.2,70.5,2026-06-12 00:00:00,2953655
82.6,67.2,87.3,70.6,2026-06-12 00:20:00,2953655
82.0,68.1,86.4,70.4,2026-06-12 00:40:00,2953655
81.6,69.2,86.2,70.5,2026-06-12 01:00:00,2953655
81.3,69.9,85.6,70.5,2026-06-12 01:20:00,2953655
81.1,71.0,85.6,70.8,2026-06-12 01:40:00,2953655
80.8,71.7,85.5,70.8,2026-06-12 02:00:00,2953655
80.4,72.8,84.7,70.8,2026-06-12 02:20:00,2953655
80.1,73.8,84.6,71.0,2026-06-12 02:40:00,2953655
79.9,74.5,84.0,71.0,2026-06-12 03:00:00,2953655
79.6,75.4,83.8,71.1,2026-06-12 03:20:00,2953655
79.4,76.2,83.8,71.2,2026-06-12 03:40:00,2953655
79.2,77.0,83.7,71.4,2026-06-12 04:00:00,2953655
79.1,77.7,83.3,71.5,2026-06-12 04:20:00,2953655
78.9,78.3,83.1,71.6,2026-06-12 04:40:00,2953655
78.5,79.0,82.6,71.5,2026-06-12 05:00:00,2953655
78.3,79.8,82.4,71.6,2026-06-12 05:20:00,2953655
78.2,80.7,82.2,71.7,2026-06-12 05:40:00,2953655
78.0,81.3,81.9,71.8,2026-06-12 06:00:00,2953655
78.0,81.9,81.9,72.1,2026-06-12 06:20:00,2953655
78.3,81.9,82.6,72.3,2026-06-12 06:40:00,2953655
79.1,81.5,84.0,73.0,2026-06-12 07:00:00,2953655
80.5,79.6,86.7,73.6,2026-06-12 07:20:00,2953655
81.9,77.3,88.9,74.1,2026-06-12 07:40:00,2953655
82.7,74.5,89.8,73.8,2026-06-12 08:00:00,2953655
83.3,73.5,91.2,74.0,2026-06-12 08:20:00,2953655
84.3,71.2,92.7,73.9,2026-06-12 08:40:00,2953655
84.8,71.0,94.1,74.4,2026-06-12 09:00:00,2953655
86.6,66.1,96.3,74.0,2026-06-12 09:20:00,2953655
88.5,61.7,98.4,73.7,2026-06-12 09:40:00,2953655
89.5,59.0,99.9,73.2,2026-06-12 10:00:00,2953655
90.6,54.9,100.4,72.2,2026-06-12 10:20:00,2953655
92.5,53.7,104.4,73.3,2026-06-12 10:40:00,2953655
93.0,48.2,102.2,70.5,2026-06-12 11:00:00,2953655
94.7,46.8,105.1,71.2,2026-06-12 11:20:00,2953655
95.2,43.1,104.0,69.2,2026-06-12 11:40:00,2953655
96.9,41.1,106.2,69.3,2026-06-12 12:00:00,2953655
98.8,41.3,110.5,71.2,2026-06-12 12:20:00,2953655
97.2,37.7,104.7,67.1,2026-06-12 12:40:00,2953655
99.8,37.4,109.6,69.1,2026-06-12 13:00:00,2953655
98.2,36.1,105.6,66.8,2026-06-12 13:20:00,2953655
100.6,34.9,109.6,67.9,2026-06-12 13:40:00,2953655
100.4,33.0,107.8,66.1,2026-06-12 14:00:00,2953655
102.3,32.1,110.5,66.9,2026-06-12 14:20:00,2953655
102.3,32.1,110.5,66.9,2026-06-12 14:40:00,2953655
99.9,35.6,108.7,67.9,2026-06-12 15:00:00,2953655
102.5,32.1,110.8,67.2,2026-06-12 15:20:00,2953655
105.5,28.5,113.4,66.2,2026-06-12 15:40:00,2953655
104.4,29.1,111.9,65.8,2026-06-12 16:00:00,2953655
106.7,29.9,116.8,68.6,2026-06-12 16:20:00,2953655
105.6,30.0,114.6,67.7,2026-06-12 16:40:00,2953655
105.7,29.7,114.8,67.6,2026-06-12 17:00:00,2953655
104.3,29.5,111.9,66.2,2026-06-12 17:20:00,2953655
103.2,29.8,110.1,65.5,2026-06-12 17:40:00,2953655
105.7,29.5,114.6,67.4,2026-06-12 18:00:00,2953655
105.1,27.6,112.1,65.0,2026-06-12 18:20:00,2953655
103.3,30.7,111.4,66.5,2026-06-12 18:40:00,2953655
101.0,32.7,108.5,66.3,2026-06-12 19:00:00,2953655
99.5,34.0,106.7,66.2,2026-06-12 19:20:00,2953655
98.4,35.5,105.4,66.4,2026-06-12 19:40:00,2953655
97.5,37.1,105.1,67.0,2026-06-12 20:00:00,2953655
96.9,38.4,104.5,67.3,2026-06-12 20:20:00,2953655
96.2,39.5,103.8,67.5,2026-06-12 20:40:00,2953655
95.3,40.2,102.4,67.3,2026-06-12 21:00:00,2953655
94.6,41.5,101.5,67.6,2026-06-12 21:20:00,2953655
94.2,42.8,101.5,68.1,2026-06-12 21:40:00,2953655
93.7,43.8,100.9,68.3,2026-06-12 22:00:00,2953655
92.8,45.0,99.7,68.3,2026-06-12 22:20:00,2953655
91.1,47.4,97.9,68.3,2026-06-12 22:40:00,2953655
90.6,46.1,96.1,67.0,2026-06-12 23:00:00,2953655
89.5,45.9,93.7,65.9,2026-06-12 23:20:00,2953655
88.4,46.8,92.1,65.5,2026-06-12 23:40:00,2953655
87.3,47.0,90.3,64.6,2026-06-13 00:00:00,2953655
86.4,48.3,89.2,64.5,2026-06-13 00:20:00,2953655
85.7,49.4,88.5,64.6,2026-06-13 00:40:00,2953655
85.0,50.8,87.6,64.7,2026-06-13 01:00:00,2953655
84.4,52.4,86.7,65.0,2026-06-13 01:20:00,2953655
84.3,52.7,86.9,65.1,2026-06-13 01:40:00,2953655
83.8,54.2,86.4,65.4,2026-06-13 02:00:00,2953655
83.0,55.5,85.3,65.4,2026-06-13 02:20:00,2953655
82.5,56.0,84.4,65.2,2026-06-13 02:40:00,2953655
82.0,57.1,83.8,65.3,2026-06-13 03:00:00,2953655
81.6,58.2,83.5,65.4,2026-06-13 03:20:00,2953655
81.2,59.0,83.1,65.5,2026-06-13 03:40:00,2953655
80.9,60.4,82.9,65.9,2026-06-13 04:00:00,2953655
80.2,61.0,81.9,65.6,2026-06-13 04:20:00,2953655
79.8,62.2,81.7,65.8,2026-06-13 04:40:00,2953655
79.8,62.2,81.7,65.7,2026-06-13 05:00:00,2953655
79.3,63.6,81.0,65.9,2026-06-13 05:20:00,2953655
79.0,64.7,81.0,66.1,2026-06-13 05:40:00,2953655
78.5,65.5,80.2,66.0,2026-06-13 06:00:00,2953655
78.1,67.2,79.9,66.3,2026-06-13 06:20:00,2953655
78.5,66.5,80.4,66.5,2026-06-13 06:40:00,2953655
79.2,66.0,81.5,66.8,2026-06-13 07:00:00,2953655
80.0,65.1,82.4,67.2,2026-06-13 07:20:00,2953655
80.9,64.8,84.0,67.9,2026-06-13 07:40:00,2953655
82.3,62.3,85.6,68.1,2026-06-13 08:00:00,2953655
83.1,61.6,86.9,68.5,2026-06-13 08:20:00,2953655
84.8,58.6,89.6,68.7,2026-06-13 08:40:00,2953655
84.8,58.0,89.4,68.4,2026-06-13 09:00:00,2953655
85.4,57.1,90.1,68.5,2026-06-13 09:20:00,2953655
86.7,55.4,92.3,68.8,2026-06-13 09:40:00,2953655
88.0,54.5,94.5,69.5,2026-06-13 10:00:00,2953655
88.6,53.6,95.2,69.6,2026-06-13 10:20:00,2953655
89.0,52.1,95.5,69.1,2026-06-13 10:40:00,2953655
89.8,51.9,97.3,69.8,2026-06-13 11:00:00,2953655
91.2,50.5,99.5,70.3,2026-06-13 11:20:00,2953655
91.9,49.0,100.0,70.0,2026-06-13 11:40:00,2953655
90.2,49.3,97.0,68.6,2026-06-13 12:00:00,2953655
93.2,45.4,101.1,69.0,2026-06-13 12:20:00,2953655
93.6,46.0,102.2,69.7,2026-06-13 12:40:00,2953655
92.1,45.7,98.8,68.1,2026-06-13 13:00:00,2953655
93.9,44.4,101.7,68.9,2026-06-13 13:20:00,2953655
94.5,43.4,102.6,68.8,2026-06-13 13:40:00,2953655
94.8,42.3,102.7,68.4,2026-06-13 14:00:00,2953655
95.9,42.9,105.3,69.7,2026-06-13 14:20:00,2953655
100.0,39.2,111.4,70.8,2026-06-13 14:40:00,2953655
94.8,42.5,102.6,68.5,2026-06-13 15:00:00,2953655
94.0,42.3,100.9,67.6,2026-06-13 15:20:00,2953655
98.1,40.3,108.3,69.9,2026-06-13 15:40:00,2953655
95.6,39.9,102.9,67.3,2026-06-13 16:00:00,2953655
101.9,36.2,113.4,70.1,2026-06-13 16:20:00,2953655
99.2,35.3,106.9,66.9,2026-06-13 16:40:00,2953655
100.3,34.8,108.7,67.5,2026-06-13 17:00:00,2953655
96.4,39.1,104.0,67.5,2026-06-13 17:20:00,2953655
98.6,35.8,105.8,66.8,2026-06-13 17:40:00,2953655
100.0,35.0,108.1,67.4,2026-06-13 18:00:00,2953655
98.3,35.7,105.4,66.5,2026-06-13 18:20:00,2953655
101.8,34.5,111.4,68.6,2026-06-13 18:40:00,2953655
96.0,37.8,102.4,66.1,2026-06-13 19:00:00,2953655
95.6,39.5,102.7,67.1,2026-06-13 19:20:00,2953655
95.3,40.1,102.4,67.2,2026-06-13 19:40:00,2953655
93.7,43.2,100.9,68.0,2026-06-13 20:00:00,2953655
93.1,45.0,100.4,68.6,2026-06-13 20:20:00,2953655
92.5,44.8,99.3,68.0,2026-06-13 20:40:00,2953655
88.6,50.3,93.9,67.7,2026-06-13 21:00:00,2953655
84.4,61.1,89.6,69.6,2026-06-13 21:20:00,2953655
83.3,63.9,87.8,69.8,2026-06-13 21:40:00,2953655
79.8,71.5,83.5,69.8,2026-06-13 22:00:00,2953655
78.8,72.1,82.0,69.0,2026-06-13 22:20:00,2953655
78.2,75.7,81.3,69.8,2026-06-13 22:40:00,2953655
78.4,74.8,81.3,69.7,2026-06-13 23:00:00,2953655
79.4,71.7,82.9,69.4,2026-06-13 23:20:00,2953655
79.9,70.2,83.1,69.3,2026-06-13 23:40:00,2953655
80.6,68.5,84.4,69.3,2026-06-14 00:00:00,2953655
80.4,69.2,84.0,69.3,2026-06-14 00:20:00,2953655
80.1,69.7,83.8,69.3,2026-06-14 00:40:00,2953655
79.4,72.0,82.9,69.6,2026-06-14 01:00:00,2953655
76.8,78.1,79.2,69.5,2026-06-14 01:20:00,2953655
76.4,79.2,78.4,69.5,2026-06-14 01:40:00,2953655
76.0,80.4,78.1,69.5,2026-06-14 02:00:00,2953655
75.8,81.2,78.1,69.6,2026-06-14 02:20:00,2953655
75.7,81.3,77.7,69.5,2026-06-14 02:40:00,2953655
75.7,81.5,77.7,69.6,2026-06-14 03:00:00,2953655
75.5,82.3,77.7,69.7,2026-06-14 03:20:00,2953655
75.2,83.0,77.5,69.7,2026-06-14 03:40:00,2953655
75.1,83.7,77.5,69.8,2026-06-14 04:00:00,2953655
74.6,84.7,76.8,69.6,2026-06-14 04:20:00,2953655
74.5,85.5,76.8,69.9,2026-06-14 04:40:00,2953655
74.4,86.1,76.8,69.9,2026-06-14 05:00:00,2953655
74.4,86.4,76.8,70.1,2026-06-14 05:20:00,2953655
74.3,86.8,76.8,70.1,2026-06-14 05:40:00,2953655
74.2,87.1,76.6,70.2,2026-06-14 06:00:00,2953655
73.9,87.8,76.3,70.1,2026-06-14 06:20:00,2953655
74.2,88.0,76.6,70.4,2026-06-14 06:40:00,2953655
74.5,87.5,77.2,70.6,2026-06-14 07:00:00,2953655
75.1,87.1,77.7,70.9,2026-06-14 07:20:00,2953655
76.2,85.5,79.0,71.5,2026-06-14 07:40:00,2953655
77.4,83.2,81.1,71.9,2026-06-14 08:00:00,2953655
79.0,80.4,83.8,72.4,2026-06-14 08:20:00,2953655
81.4,76.5,87.6,73.3,2026-06-14 08:40:00,2953655
81.5,75.5,87.6,73.0,2026-06-14 09:00:00,2953655
82.1,75.2,88.7,73.5,2026-06-14 09:20:00,2953655
82.7,73.2,89.4,73.2,2026-06-14 09:40:00,2953655
83.9,71.5,91.9,73.7,2026-06-14 10:00:00,2953655
85.6,67.9,94.5,73.8,2026-06-14 10:20:00,2953655
87.7,63.8,97.7,73.9,2026-06-14 10:40:00,2953655
89.2,59.1,99.1,73.0,2026-06-14 11:00:00,2953655
89.9,57.6,100.0,73.0,2026-06-14 11:20:00,2953655
91.4,56.5,103.1,73.7,2026-06-14 11:40:00,2953655
92.1,55.2,104.4,73.7,2026-06-14 12:00:00,2953655
92.7,51.6,103.6,72.2,2026-06-14 12:20:00,2953655
96.3,48.0,109.8,73.4,2026-06-14 12:40:00,2953655
92.8,52.8,104.4,73.1,2026-06-14 13:00:00,2953655
94.1,50.6,106.3,73.0,2026-06-14 13:20:00,2953655
93.6,48.7,103.8,71.4,2026-06-14 13:40:00,2953655
96.7,45.7,108.9,72.3,2026-06-14 14:00:00,2953655
97.6,36.1,104.5,66.2,2026-06-14 14:20:00,2953655
99.5,36.5,108.5,68.2,2026-06-14 14:40:00,2953655
98.8,34.5,105.6,66.0,2026-06-14 15:00:00,2953655
101.0,34.7,110.1,68.1,2026-06-14 15:20:00,2953655
103.6,33.5,114.3,69.3,2026-06-14 15:40:00,2953655
103.3,33.0,113.5,68.6,2026-06-14 16:00:00,2953655
98.7,36.2,106.5,67.2,2026-06-14 16:20:00,2953655
97.8,36.9,105.3,67.0,2026-06-14 16:40:00,2953655
98.1,38.5,107.1,68.5,2026-06-14 17:00:00,2953655
100.1,36.9,109.9,69.0,2026-06-14 17:20:00,2953655
98.3,31.6,102.7,63.0,2026-06-14 17:40:00,2953655
100.7,30.5,106.2,64.1,2026-06-14 18:00:00,2953655
99.2,32.5,104.9,64.6,2026-06-14 18:20:00,2953655
97.3,33.9,102.4,64.1,2026-06-14 18:40:00,2953655
94.7,40.1,101.3,66.7,2026-06-14 19:00:00,2953655
86.9,55.7,92.8,69.2,2026-06-14 19:20:00,2953655
81.5,74.9,87.4,72.8,2026-06-14 19:40:00,2953655
81.2,79.3,88.2,74.1,2026-06-14 20:00:00,2953655
82.4,73.2,88.9,73.0,2026-06-14 20:20:00,2953655
81.9,73.3,87.8,72.5,2026-06-14 20:40:00,2953655
82.3,67.1,86.9,70.3,2026-06-14 21:00:00,2953655
82.3,68.3,87.3,70.8,2026-06-14 21:20:00,2953655
82.2,70.7,87.8,71.8,2026-06-14 21:40:00,2953655
81.8,71.5,86.9,71.7,2026-06-14 22:00:00,2953655
81.9,71.4,87.3,71.7,2026-06-14 22:20:00,2953655
81.7,71.3,86.9,71.5,2026-06-14 22:40:00,2953655
81.6,70.8,86.5,71.2,2026-06-14 23:00:00,2953655
81.2,71.1,86.0,71.0,2026-06-14 23:20:00,2953655
81.0,71.5,85.6,70.9,2026-06-14 23:40:00,2953655
80.9,71.6,85.5,70.8,2026-06-15 00:00:00,2953655
80.7,71.8,85.1,70.8,2026-06-15 00:20:00,2953655
80.2,72.8,84.4,70.7,2026-06-15 00:40:00,2953655
80.2,73.7,84.6,71.0,2026-06-15 01:00:00,2953655
80.0,74.3,84.4,71.1,2026-06-15 01:20:00,2953655
79.9,74.7,84.0,71.1,2026-06-15 01:40:00,2953655
79.8,75.3,84.2,71.2,2026-06-15 02:00:00,2953655
79.6,75.9,84.0,71.3,2026-06-15 02:20:00,2953655
79.5,76.1,84.0,71.3,2026-06-15 02:40:00,2953655
79.4,76.5,83.8,71.4,2026-06-15 03:00:00,2953655
79.2,77.1,83.7,71.4,2026-06-15 03:20:00,2953655
78.9,77.6,82.9,71.3,2026-06-15 03:40:00,2953655
78.6,78.2,82.4,71.2,2026-06-15 04:00:00,2953655
78.4,78.9,82.2,71.3,2026-06-15 04:20:00,2953655
78.0,79.8,81.7,71.2,2026-06-15 04:40:00,2953655
77.6,80.5,81.0,71.1,2026-06-15 05:00:00,2953655
77.4,80.6,80.8,71.0,2026-06-15 05:20:00,2953655
77.9,76.6,81.1,70.0,2026-06-15 05:40:00,2953655
77.9,74.7,80.4,69.2,2026-06-15 06:00:00,2953655
77.5,75.1,79.9,69.0,2026-06-15 06:20:00,2953655
77.4,70.9,79.2,67.2,2026-06-15 06:40:00,2953655
77.7,65.9,78.6,65.4,2026-06-15 07:00:00,2953655
77.7,65.0,79.0,65.0,2026-06-15 07:20:00,2953655
77.6,63.4,78.4,64.2,2026-06-15 07:40:00,2953655
77.5,63.3,78.1,64.1,2026-06-15 08:00:00,2953655
78.3,60.6,79.2,63.6,2026-06-15 08:20:00,2953655
78.6,57.2,78.8,62.2,2026-06-15 08:40:00,2953655
78.2,56.6,78.1,61.5,2026-06-15 09:00:00,2953655
78.5,55.9,78.6,61.4,2026-06-15 09:20:00,2953655
78.1,51.0,77.5,58.5,2026-06-15 09:40:00,2953655
78.6,48.6,77.9,57.7,2026-06-15 10:00:00,2953655
78.2,46.2,76.8,55.9,2026-06-15 10:20:00,2953655
80.3,43.0,78.8,55.7,2026-06-15 10:40:00,2953655
80.7,42.1,79.3,55.5,2026-06-15 11:00:00,2953655
81.4,40.5,79.9,55.1,2026-06-15 11:20:00,2953655
82.2,40.6,80.6,55.9,2026-06-15 11:40:00,2953655
84.8,35.5,83.3,54.5,2026-06-15 12:00:00,2953655
84.8,34.6,83.1,53.8,2026-06-15 12:20:00,2953655
85.6,35.5,84.4,55.1,2026-06-15 12:40:00,2953655
85.1,36.2,84.0,55.3,2026-06-15 13:00:00,2953655
86.1,33.3,84.4,53.9,2026-06-15 13:20:00,2953655
87.7,30.2,85.6,52.6,2026-06-15 13:40:00,2953655
88.7,31.0,87.1,54.1,2026-06-15 14:00:00,2953655
90.6,29.8,89.6,54.7,2026-06-15 14:20:00,2953655
90.8,28.1,89.4,53.3,2026-06-15 14:40:00,2953655
90.9,27.6,89.6,52.9,2026-06-15 15:00:00,2953655
91.7,27.7,90.5,53.7,2026-06-15 15:20:00,2953655
91.4,27.0,89.8,52.7,2026-06-15 15:40:00,2953655
93.3,27.3,92.5,54.6,2026-06-15 16:00:00,2953655
93.1,28.5,92.7,55.7,2026-06-15 16:20:00,2953655
92.5,27.1,91.4,53.7,2026-06-15 16:40:00,2953655
92.9,27.1,92.1,54.1,2026-06-15 17:00:00,2953655
92.9,25.6,91.6,52.6,2026-06-15 17:20:00,2953655
91.4,26.5,89.6,52.2,2026-06-15 17:40:00,2953655
94.9,26.2,94.6,54.9,2026-06-15 18:00:00,2953655
94.4,26.0,93.7,54.2,2026-06-15 18:20:00,2953655
92.8,27.1,91.8,54.0,2026-06-15 18:40:00,2953655
93.0,27.2,92.1,54.3,2026-06-15 19:00:00,2953655
89.1,29.5,87.4,53.2,2026-06-15 19:20:00,2953655
86.6,32.9,84.9,53.9,2026-06-15 19:40:00,2953655
85.5,34.3,84.0,54.2,2026-06-15 20:00:00,2953655
84.5,35.0,82.8,53.9,2026-06-15 20:20:00,2953655
83.5,35.8,81.7,53.7,2026-06-15 20:40:00,2953655
82.5,37.2,80.6,53.7,2026-06-15 21:00:00,2953655
81.4,38.1,79.5,53.4,2026-06-15 21:20:00,2953655
80.4,38.3,78.4,52.7,2026-06-15 21:40:00,2953655
79.6,39.3,77.5,52.7,2026-06-15 22:00:00,2953655
78.6,40.2,76.6,52.4,2026-06-15 22:20:00,2953655
77.8,41.0,75.7,52.2,2026-06-15 22:40:00,2953655
77.3,41.9,75.2,52.4,2026-06-15 23:00:00,2953655
76.6,43.0,74.7,52.5,2026-06-15 23:20:00,2953655
76.0,44.3,74.1,52.7,2026-06-15 23:40:00,2953655
75.5,45.5,73.8,53.0,2026-06-16 00:00:00,2953655
75.2,46.5,73.6,53.3,2026-06-16 00:20:00,2953655
74.6,46.9,73.2,53.0,2026-06-16 00:40:00,2953655
74.4,47.4,73.0,53.2,2026-06-16 01:00:00,2953655
73.8,48.3,72.5,53.1,2026-06-16 01:20:00,2953655
73.4,48.6,72.1,52.9,2026-06-16 01:40:00,2953655
73.0,48.7,71.8,52.6,2026-06-16 02:00:00,2953655
72.8,48.4,71.6,52.2,2026-06-16 02:20:00,2953655
72.6,48.2,71.4,51.9,2026-06-16 02:40:00,2953655
72.2,48.2,71.2,51.5,2026-06-16 03:00:00,2953655
71.8,48.5,70.9,51.3,2026-06-16 03:20:00,2953655
71.5,49.2,70.5,51.4,2026-06-16 03:40:00,2953655
71.0,49.6,70.0,51.3,2026-06-16 04:00:00,2953655
70.5,50.8,69.8,51.4,2026-06-16 04:20:00,2953655
70.1,51.6,69.1,51.5,2026-06-16 04:40:00,2953655
69.8,52.3,68.5,51.5,2026-06-16 05:00:00,2953655
69.6,52.9,68.7,51.7,2026-06-16 05:20:00,2953655
69.7,53.2,68.7,51.9,2026-06-16 05:40:00,2953655
69.6,53.6,68.7,52.1,2026-06-16 06:00:00,2953655
87.3,31.7,85.6,53.6,2026-06-05 11:40:00,3086554
88.4,31.2,86.9,54.1,2026-06-05 12:00:00,3086554
89.2,31.2,88.0,54.7,2026-06-05 12:20:00,3086554
89.5,29.8,88.0,53.8,2026-06-05 12:40:00,3086554
90.4,29.0,89.1,53.9,2026-06-05 13:00:00,3086554
90.5,27.8,88.7,52.8,2026-06-05 13:20:00,3086554
90.9,26.3,89.1,51.6,2026-06-05 13:40:00,3086554
91.9,28.8,91.0,54.8,2026-06-05 14:00:00,3086554
92.9,27.0,91.9,54.0,2026-06-05 14:20:00,3086554
94.0,25.7,93.0,53.6,2026-06-05 14:40:00,3086554
94.5,25.3,93.6,53.6,2026-06-05 15:00:00,3086554
95.3,25.0,94.5,53.9,2026-06-05 15:20:00,3086554
96.0,24.8,95.5,54.2,2026-06-05 15:40:00,3086554
97.0,23.4,96.3,53.5,2026-06-05 16:00:00,3086554
96.4,23.3,95.4,52.9,2026-06-05 16:20:00,3086554
97.5,24.2,97.7,54.9,2026-06-05 16:40:00,3086554
96.4,24.6,96.1,54.4,2026-06-05 17:00:00,3086554
95.5,25.1,95.0,54.2,2026-06-05 17:20:00,3086554
95.5,26.4,95.4,55.6,2026-06-05 17:40:00,3086554
92.6,27.7,91.8,54.5,2026-06-05 18:00:00,3086554
91.7,28.1,90.7,54.1,2026-06-05 18:20:00,3086554
91.1,29.2,90.1,54.7,2026-06-05 18:40:00,3086554
90.1,29.2,88.5,53.7,2026-06-05 19:00:00,3086554
89.4,29.9,87.8,53.8,2026-06-05 19:20:00,3086554
88.4,30.9,86.7,53.9,2026-06-05 19:40:00,3086554
87.5,32.1,86.0,54.1,2026-06-05 20:00:00,3086554
86.3,33.4,84.7,54.2,2026-06-05 20:20:00,3086554
84.9,34.9,83.1,54.1,2026-06-05 20:40:00,3086554
83.5,37.6,82.0,54.9,2026-06-05 21:00:00,3086554
80.4,42.2,78.8,55.4,2026-06-05 21:20:00,3086554
78.6,46.0,77.5,56.1,2026-06-05 21:40:00,3086554
77.0,48.1,75.6,55.9,2026-06-05 22:00:00,3086554
75.8,50.0,74.5,55.9,2026-06-05 22:20:00,3086554
75.3,50.5,74.1,55.7,2026-06-05 22:40:00,3086554
75.7,51.8,74.7,56.8,2026-06-05 23:00:00,3086554
74.7,52.9,73.8,56.4,2026-06-05 23:20:00,3086554
74.0,54.0,73.2,56.3,2026-06-05 23:40:00,3086554
73.5,56.9,73.0,57.2,2026-06-06 00:00:00,3086554
72.8,57.1,72.3,56.7,2026-06-06 00:20:00,3086554
71.5,61.0,71.4,57.3,2026-06-06 00:40:00,3086554
70.5,63.1,70.7,57.4,2026-06-06 01:00:00,3086554
69.5,65.7,69.3,57.5,2026-06-06 01:20:00,3086554
68.7,68.5,68.5,58.0,2026-06-06 01:40:00,3086554
68.4,68.6,68.0,57.6,2026-06-06 02:00:00,3086554
68.3,68.1,67.8,57.4,2026-06-06 02:20:00,3086554
68.1,69.7,67.6,57.8,2026-06-06 02:40:00,3086554
67.7,70.7,67.3,57.8,2026-06-06 03:00:00,3086554
67.4,72.1,66.9,58.1,2026-06-06 03:20:00,3086554
66.8,73.1,66.2,58.0,2026-06-06 03:40:00,3086554
66.3,74.2,65.7,57.8,2026-06-06 04:00:00,3086554
65.4,76.2,64.6,57.7,2026-06-06 04:20:00,3086554
64.8,78.0,64.2,57.7,2026-06-06 04:40:00,3086554
64.4,78.8,63.9,57.7,2026-06-06 05:00:00,3086554
63.7,80.0,63.3,57.4,2026-06-06 05:20:00,3086554
63.2,81.1,63.0,57.3,2026-06-06 05:40:00,3086554
62.9,82.3,62.6,57.4,2026-06-06 06:00:00,3086554
62.7,82.9,62.6,57.4,2026-06-06 06:20:00,3086554
63.1,83.2,63.0,57.9,2026-06-06 06:40:00,3086554
64.1,83.0,64.0,58.8,2026-06-06 07:00:00,3086554
66.2,82.0,66.0,60.5,2026-06-06 07:20:00,3086554
69.4,76.8,69.8,61.8,2026-06-06 07:40:00,3086554
73.1,68.7,73.6,62.2,2026-06-06 08:00:00,3086554
75.3,63.7,75.6,62.2,2026-06-06 08:20:00,3086554
77.0,60.0,76.8,62.0,2026-06-06 08:40:00,3086554
78.2,56.8,78.3,61.6,2026-06-06 09:00:00,3086554
79.2,55.0,79.5,61.6,2026-06-06 09:20:00,3086554
81.5,53.3,82.4,62.9,2026-06-06 09:40:00,3086554
82.1,50.5,82.6,61.9,2026-06-06 10:00:00,3086554
83.6,48.6,84.6,62.2,2026-06-06 10:20:00,3086554
83.6,46.2,84.0,60.8,2026-06-06 10:40:00,3086554
84.8,44.6,85.5,60.9,2026-06-06 11:00:00,3086554
85.6,44.2,86.5,61.3,2026-06-06 11:20:00,3086554
87.0,43.3,88.5,61.9,2026-06-06 11:40:00,3086554
86.6,41.5,87.4,60.5,2026-06-06 12:00:00,3086554
87.5,38.6,87.8,59.3,2026-06-06 12:20:00,3086554
88.8,37.0,89.2,59.1,2026-06-06 12:40:00,3086554
90.1,36.8,91.6,60.2,2026-06-06 13:00:00,3086554
90.3,36.0,91.4,59.7,2026-06-06 13:20:00,3086554
90.1,34.7,90.7,58.5,2026-06-06 13:40:00,3086554
91.0,36.2,92.7,60.5,2026-06-06 14:00:00,3086554
90.4,36.1,91.8,59.9,2026-06-06 14:20:00,3086554
91.5,37.0,93.9,61.5,2026-06-06 14:40:00,3086554
92.3,36.6,95.0,62.0,2026-06-06 15:00:00,3086554
93.1,35.4,95.7,61.7,2026-06-06 15:20:00,3086554
92.6,35.1,94.8,61.1,2026-06-06 15:40:00,3086554
92.6,36.9,95.7,62.5,2026-06-06 16:00:00,3086554
95.0,32.7,97.9,61.1,2026-06-06 16:20:00,3086554
95.1,32.0,97.5,60.6,2026-06-06 16:40:00,3086554
95.0,32.4,97.7,60.9,2026-06-06 17:00:00,3086554
94.4,31.5,96.1,59.6,2026-06-06 17:20:00,3086554
92.2,32.2,93.0,58.3,2026-06-06 17:40:00,3086554
92.1,32.5,92.8,58.4,2026-06-06 18:00:00,3086554
90.6,34.0,91.2,58.4,2026-06-06 18:20:00,3086554
90.4,35.9,91.8,59.7,2026-06-06 18:40:00,3086554
89.7,35.4,90.3,58.7,2026-06-06 19:00:00,3086554
89.2,36.6,89.8,59.2,2026-06-06 19:20:00,3086554
88.6,37.8,89.4,59.6,2026-06-06 19:40:00,3086554
87.6,39.1,88.3,59.7,2026-06-06 20:00:00,3086554
86.5,39.8,86.7,59.2,2026-06-06 20:20:00,3086554
85.1,41.1,85.3,58.8,2026-06-06 20:40:00,3086554
83.8,43.1,83.7,58.9,2026-06-06 21:00:00,3086554
82.5,48.2,82.6,60.9,2026-06-06 21:20:00,3086554
80.9,48.5,80.6,59.6,2026-06-06 21:40:00,3086554
79.8,51.0,79.7,60.0,2026-06-06 22:00:00,3086554
80.0,52.4,80.1,61.0,2026-06-06 22:20:00,3086554
78.5,54.9,78.4,61.0,2026-06-06 22:40:00,3086554
77.3,56.9,77.0,60.8,2026-06-06 23:00:00,3086554
76.4,58.6,76.1,60.8,2026-06-06 23:20:00,3086554
76.1,60.0,75.9,61.2,2026-06-06 23:40:00,3086554
75.8,60.7,75.7,61.3,2026-06-07 00:00:00,3086554
77.0,58.5,77.0,61.4,2026-06-07 00:20:00,3086554
74.0,63.7,74.3,60.9,2026-06-07 00:40:00,3086554
73.0,66.7,73.4,61.2,2026-06-07 01:00:00,3086554
71.7,69.2,72.3,61.0,2026-06-07 01:20:00,3086554
71.3,70.7,72.0,61.3,2026-06-07 01:40:00,3086554
70.7,71.8,71.1,61.1,2026-06-07 02:00:00,3086554
70.1,73.4,70.5,61.2,2026-06-07 02:20:00,3086554
69.7,74.9,70.2,61.4,2026-06-07 02:40:00,3086554
69.4,75.8,69.8,61.4,2026-06-07 03:00:00,3086554
69.2,76.0,69.6,61.3,2026-06-07 03:20:00,3086554
68.3,77.8,68.5,61.1,2026-06-07 03:40:00,3086554
68.9,76.9,69.4,61.4,2026-06-07 04:00:00,3086554
68.5,77.8,68.7,61.3,2026-06-07 04:20:00,3086554
69.3,76.7,69.8,61.6,2026-06-07 04:40:00,3086554
68.4,78.2,68.7,61.3,2026-06-07 05:00:00,3086554
68.7,77.4,68.9,61.4,2026-06-07 05:20:00,3086554
67.6,79.2,67.6,60.9,2026-06-07 05:40:00,3086554
67.4,80.7,67.5,61.3,2026-06-07 06:00:00,3086554
67.8,80.5,68.0,61.6,2026-06-07 06:20:00,3086554
67.9,81.0,68.4,61.9,2026-06-07 06:40:00,3086554
68.6,81.2,69.3,62.6,2026-06-07 07:00:00,3086554
70.9,77.8,72.0,63.6,2026-06-07 07:20:00,3086554
72.8,74.1,73.8,64.1,2026-06-07 07:40:00,3086554
74.6,71.3,75.4,64.7,2026-06-07 08:00:00,3086554
76.5,68.0,77.4,65.2,2026-06-07 08:20:00,3086554
77.6,65.5,78.6,65.2,2026-06-07 08:40:00,3086554
78.5,63.2,79.9,65.0,2026-06-07 09:00:00,3086554
80.0,61.8,81.9,65.8,2026-06-07 09:20:00,3086554
81.4,59.1,83.3,65.8,2026-06-07 09:40:00,3086554
82.7,55.8,84.6,65.3,2026-06-07 10:00:00,3086554
84.4,53.2,87.1,65.5,2026-06-07 10:20:00,3086554
85.0,51.6,87.8,65.2,2026-06-07 10:40:00,3086554
86.4,48.9,89.4,64.9,2026-06-07 11:00:00,3086554
87.7,46.9,90.7,64.9,2026-06-07 11:20:00,3086554
88.0,45.1,90.9,64.1,2026-06-07 11:40:00,3086554
88.5,43.3,91.2,63.4,2026-06-07 12:00:00,3086554
90.1,41.1,93.0,63.3,2026-06-07 12:20:00,3086554
90.8,40.7,94.1,63.6,2026-06-07 12:40:00,3086554
91.5,39.3,95.0,63.3,2026-06-07 13:00:00,3086554
92.8,37.4,96.1,62.9,2026-06-07 13:20:00,3086554
92.7,36.6,95.9,62.3,2026-06-07 13:40:00,3086554
93.5,33.5,95.4,60.5,2026-06-07 14:00:00,3086554
95.0,32.0,97.5,60.5,2026-06-07 14:20:00,3086554
94.9,33.7,98.1,61.9,2026-06-07 14:40:00,3086554
96.7,32.4,100.4,62.3,2026-06-07 15:00:00,3086554
96.4,32.4,99.9,62.1,2026-06-07 15:20:00,3086554
96.9,30.7,99.7,61.0,2026-06-07 15:40:00,3086554
97.1,31.0,100.0,61.4,2026-06-07 16:00:00,3086554
99.6,29.2,103.3,61.9,2026-06-07 16:20:00,3086554
98.9,30.1,102.6,62.1,2026-06-07 16:40:00,3086554
98.3,29.1,101.1,60.7,2026-06-07 17:00:00,3086554
98.5,31.6,102.9,63.2,2026-06-07 17:20:00,3086554
96.0,34.4,100.4,63.5,2026-06-07 17:40:00,3086554
94.4,38.1,99.3,64.9,2026-06-07 18:00:00,3086554
93.9,37.9,98.4,64.3,2026-06-07 18:20:00,3086554
93.7,37.7,97.9,64.0,2026-06-07 18:40:00,3086554
92.3,38.7,95.9,63.5,2026-06-07 19:00:00,3086554
91.5,38.5,94.5,62.6,2026-06-07 19:20:00,3086554
91.2,38.6,93.9,62.5,2026-06-07 19:40:00,3086554
90.1,39.5,92.8,62.2,2026-06-07 20:00:00,3086554
89.1,40.8,91.2,62.2,2026-06-07 20:20:00,3086554
88.4,41.9,90.3,62.3,2026-06-07 20:40:00,3086554
87.6,42.7,89.4,62.2,2026-06-07 21:00:00,3086554
86.9,44.5,88.9,62.7,2026-06-07 21:20:00,3086554
85.8,46.8,87.6,63.1,2026-06-07 21:40:00,3086554
85.0,48.4,86.9,63.4,2026-06-07 22:00:00,3086554
84.7,49.2,86.5,63.5,2026-06-07 22:20:00,3086554
84.1,50.2,86.0,63.6,2026-06-07 22:40:00,3086554
83.5,51.2,85.3,63.6,2026-06-07 23:00:00,3086554
82.8,52.5,84.2,63.6,2026-06-07 23:20:00,3086554
82.1,54.1,83.3,63.9,2026-06-07 23:40:00,3086554
81.6,55.8,82.9,64.2,2026-06-08 00:00:00,3086554
81.3,56.3,82.6,64.3,2026-06-08 00:20:00,3086554
80.7,57.5,82.0,64.3,2026-06-08 00:40:00,3086554
79.6,59.5,80.8,64.3,2026-06-08 01:00:00,3086554
79.1,61.2,80.2,64.6,2026-06-08 01:20:00,3086554
78.8,61.8,80.1,64.6,2026-06-08 01:40:00,3086554
78.5,62.5,79.7,64.7,2026-06-08 02:00:00,3086554
78.1,63.6,79.3,64.7,2026-06-08 02:20:00,3086554
77.6,64.7,78.6,64.8,2026-06-08 02:40:00,3086554
76.7,67.2,77.4,65.0,2026-06-08 03:00:00,3086554
75.3,69.5,76.1,64.6,2026-06-08 03:20:00,3086554
74.4,71.5,75.2,64.6,2026-06-08 03:40:00,3086554
74.7,72.3,75.9,65.2,2026-06-08 04:00:00,3086554
74.0,73.5,75.0,65.0,2026-06-08 04:20:00,3086554
73.4,74.9,74.5,65.0,2026-06-08 04:40:00,3086554
73.1,75.7,74.3,65.0,2026-06-08 05:00:00,3086554
73.2,76.1,74.5,65.2,2026-06-08 05:20:00,3086554
72.3,77.9,73.4,65.0,2026-06-08 05:40:00,3086554
72.1,78.8,73.2,65.2,2026-06-08 06:00:00,3086554
71.5,80.5,72.7,65.2,2026-06-08 06:20:00,3086554
71.8,81.6,73.2,65.9,2026-06-08 06:40:00,3086554
72.7,80.9,74.3,66.5,2026-06-08 07:00:00,3086554
73.8,79.4,75.6,67.0,2026-06-08 07:20:00,3086554
75.9,74.9,77.2,67.4,2026-06-08 07:40:00,3086554
77.9,70.3,80.1,67.5,2026-06-08 08:00:00,3086554
79.6,67.3,82.2,67.8,2026-06-08 08:20:00,3086554
80.9,64.5,83.8,67.9,2026-06-08 08:40:00,3086554
82.4,63.1,86.2,68.6,2026-06-08 09:00:00,3086554
83.6,61.5,88.0,69.0,2026-06-08 09:20:00,3086554
85.3,58.0,90.5,68.9,2026-06-08 09:40:00,3086554
86.5,55.0,91.8,68.4,2026-06-08 10:00:00,3086554
86.8,54.6,92.1,68.5,2026-06-08 10:20:00,3086554
87.9,52.8,93.4,68.5,2026-06-08 10:40:00,3086554
88.5,51.8,94.1,68.5,2026-06-08 11:00:00,3086554
90.1,50.6,97.2,69.2,2026-06-08 11:20:00,3086554
90.6,48.3,97.2,68.4,2026-06-08 11:40:00,3086554
91.5,45.5,97.5,67.5,2026-06-08 12:00:00,3086554
92.1,43.4,97.7,66.6,2026-06-08 12:20:00,3086554
92.9,42.7,99.0,66.9,2026-06-08 12:40:00,3086554
92.0,42.3,97.2,65.8,2026-06-08 13:00:00,3086554
94.1,41.4,100.8,67.1,2026-06-08 13:20:00,3086554
93.6,40.1,99.1,65.7,2026-06-08 13:40:00,3086554
94.1,41.1,100.6,66.9,2026-06-08 14:00:00,3086554
93.2,39.9,98.1,65.2,2026-06-08 14:20:00,3086554
93.1,39.5,97.9,64.8,2026-06-08 14:40:00,3086554
94.4,39.9,100.4,66.3,2026-06-08 15:00:00,3086554
93.1,40.9,98.4,65.8,2026-06-08 15:20:00,3086554
95.2,39.3,102.0,66.6,2026-06-08 15:40:00,3086554
93.9,40.0,99.5,65.9,2026-06-08 16:00:00,3086554
94.7,38.9,100.6,65.8,2026-06-08 16:20:00,3086554
93.8,37.9,98.2,64.3,2026-06-08 16:40:00,3086554
94.2,36.7,98.2,63.7,2026-06-08 17:00:00,3086554
94.1,37.1,98.4,64.0,2026-06-08 17:20:00,3086554
93.6,36.8,97.3,63.2,2026-06-08 17:40:00,3086554
92.2,37.5,95.2,62.5,2026-06-08 18:00:00,3086554
90.9,38.6,93.7,62.2,2026-06-08 18:20:00,3086554
89.7,39.6,91.8,61.9,2026-06-08 18:40:00,3086554
89.3,40.6,91.6,62.3,2026-06-08 19:00:00,3086554
88.2,42.2,90.1,62.4,2026-06-08 19:20:00,3086554
87.2,45.1,89.4,63.3,2026-06-08 19:40:00,3086554
86.1,47.7,88.5,63.9,2026-06-08 20:00:00,3086554
84.7,49.2,86.5,63.6,2026-06-08 20:20:00,3086554
83.4,51.6,84.9,63.7,2026-06-08 20:40:00,3086554
82.3,53.6,83.7,63.8,2026-06-08 21:00:00,3086554
81.5,55.1,82.9,63.8,2026-06-08 21:20:00,3086554
80.5,56.7,81.7,63.7,2026-06-08 21:40:00,3086554
79.1,58.5,79.9,63.3,2026-06-08 22:00:00,3086554
78.1,60.4,78.8,63.3,2026-06-08 22:20:00,3086554
76.6,62.5,76.6,62.8,2026-06-08 22:40:00,3086554
75.5,64.5,75.7,62.7,2026-06-08 23:00:00,3086554
74.2,64.4,74.5,61.4,2026-06-08 23:20:00,3086554
73.1,66.6,73.6,61.4,2026-06-08 23:40:00,3086554
72.3,67.2,72.9,60.9,2026-06-09 00:00:00,3086554
72.0,68.6,72.5,61.1,2026-06-09 00:20:00,3086554
71.1,69.3,71.8,60.5,2026-06-09 00:40:00,3086554
70.8,70.4,71.4,60.6,2026-06-09 01:00:00,3086554
70.2,70.8,70.5,60.2,2026-06-09 01:20:00,3086554
69.1,67.1,68.9,57.8,2026-06-09 01:40:00,3086554
68.3,67.7,67.8,57.2,2026-06-09 02:00:00,3086554
67.9,68.4,67.3,57.2,2026-06-09 02:20:00,3086554
67.6,69.4,66.9,57.2,2026-06-09 02:40:00,3086554
67.6,70.7,66.9,57.7,2026-06-09 03:00:00,3086554
67.5,71.8,67.1,58.1,2026-06-09 03:20:00,3086554
67.3,72.7,66.9,58.2,2026-06-09 03:40:00,3086554
67.1,73.5,66.7,58.4,2026-06-09 04:00:00,3086554
67.0,73.7,66.6,58.4,2026-06-09 04:20:00,3086554
66.7,74.6,66.0,58.4,2026-06-09 04:40:00,3086554
67.0,74.1,66.6,58.5,2026-06-09 05:00:00,3086554
66.7,71.4,65.8,57.2,2026-06-09 05:20:00,3086554
66.5,71.7,65.7,57.0,2026-06-09 05:40:00,3086554
66.0,70.7,64.8,56.2,2026-06-09 06:00:00,3086554
65.9,70.8,64.8,56.1,2026-06-09 06:20:00,3086554
66.2,69.9,65.1,56.0,2026-06-09 06:40:00,3086554
66.9,69.2,66.2,56.5,2026-06-09 07:00:00,3086554
67.6,67.8,66.7,56.6,2026-06-09 07:20:00,3086554
67.9,67.3,67.3,56.6,2026-06-09 07:40:00,3086554
67.8,66.8,66.9,56.4,2026-06-09 08:00:00,3086554
68.5,67.0,68.0,57.1,2026-06-09 08:20:00,3086554
69.7,65.3,69.4,57.6,2026-06-09 08:40:00,3086554
70.9,65.8,71.2,58.9,2026-06-09 09:00:00,3086554
71.3,64.7,71.6,58.8,2026-06-09 09:20:00,3086554
72.0,65.0,72.3,59.6,2026-06-09 09:40:00,3086554
74.0,62.8,74.1,60.5,2026-06-09 10:00:00,3086554
74.5,62.7,74.7,60.9,2026-06-09 10:20:00,3086554
75.2,60.8,75.2,60.7,2026-06-09 10:40:00,3086554
77.1,57.7,76.8,61.1,2026-06-09 11:00:00,3086554
79.7,54.3,79.9,61.7,2026-06-09 11:20:00,3086554
80.4,54.3,81.0,62.4,2026-06-09 11:40:00,3086554
80.0,55.5,80.6,62.7,2026-06-09 12:00:00,3086554
80.9,54.4,81.7,62.9,2026-06-09 12:20:00,3086554
81.7,54.5,82.9,63.7,2026-06-09 12:40:00,3086554
83.3,54.8,85.8,65.4,2026-06-09 13:00:00,3086554
82.6,59.7,85.6,67.2,2026-06-09 13:20:00,3086554
84.2,57.1,87.8,67.3,2026-06-09 13:40:00,3086554
83.7,57.0,87.1,66.8,2026-06-09 14:00:00,3086554
84.2,56.6,88.0,67.1,2026-06-09 14:20:00,3086554
86.5,54.0,91.2,67.8,2026-06-09 14:40:00,3086554
86.8,53.0,91.6,67.6,2026-06-09 15:00:00,3086554
87.9,52.5,93.4,68.3,2026-06-09 15:20:00,3086554
87.9,52.7,93.4,68.5,2026-06-09 15:40:00,3086554
87.5,52.8,92.7,68.1,2026-06-09 16:00:00,3086554
88.1,51.8,93.4,68.1,2026-06-09 16:20:00,3086554
86.9,53.6,91.8,68.0,2026-06-09 16:40:00,3086554
86.7,54.9,91.9,68.6,2026-06-09 17:00:00,3086554
87.2,54.4,92.7,68.8,2026-06-09 17:20:00,3086554
87.2,53.6,92.3,68.4,2026-06-09 17:40:00,3086554
86.6,54.5,91.8,68.2,2026-06-09 18:00:00,3086554
86.1,55.4,91.0,68.2,2026-06-09 18:20:00,3086554
85.8,56.2,90.7,68.4,2026-06-09 18:40:00,3086554
85.4,57.5,90.3,68.7,2026-06-09 19:00:00,3086554
85.3,58.1,90.5,68.9,2026-06-09 19:20:00,3086554
84.8,59.0,89.8,68.9,2026-06-09 19:40:00,3086554
84.6,60.1,89.8,69.2,2026-06-09 20:00:00,3086554
83.8,60.9,88.2,68.9,2026-06-09 20:20:00,3086554
82.8,62.6,86.7,68.7,2026-06-09 20:40:00,3086554
82.1,64.0,85.6,68.7,2026-06-09 21:00:00,3086554
81.2,66.7,84.9,69.0,2026-06-09 21:20:00,3086554
80.1,69.1,83.7,69.0,2026-06-09 21:40:00,3086554
79.6,69.8,82.8,68.9,2026-06-09 22:00:00,3086554
78.8,72.1,81.7,69.0,2026-06-09 22:20:00,3086554
78.2,73.2,80.8,69.0,2026-06-09 22:40:00,3086554
79.5,71.3,82.8,69.4,2026-06-09 23:00:00,3086554
80.0,71.0,83.7,69.7,2026-06-09 23:20:00,3086554
79.9,72.7,84.0,70.3,2026-06-09 23:40:00,3086554
79.8,74.2,84.0,70.8,2026-06-10 00:00:00,3086554
79.5,75.2,83.7,70.9,2026-06-10 00:20:00,3086554
79.1,76.5,83.1,71.1,2026-06-10 00:40:00,3086554
78.7,77.6,82.6,71.1,2026-06-10 01:00:00,3086554
78.3,78.5,82.0,71.1,2026-06-10 01:20:00,3086554
78.0,79.3,81.7,71.0,2026-06-10 01:40:00,3086554
77.5,80.0,80.6,70.8,2026-06-10 02:00:00,3086554
77.1,80.6,80.1,70.6,2026-06-10 02:20:00,3086554
76.6,81.4,79.3,70.5,2026-06-10 02:40:00,3086554
76.2,82.2,78.6,70.3,2026-06-10 03:00:00,3086554
75.9,82.9,78.4,70.4,2026-06-10 03:20:00,3086554
75.8,83.4,78.4,70.4,2026-06-10 03:40:00,3086554
75.7,83.7,78.1,70.4,2026-06-10 04:00:00,3086554
75.4,84.2,77.9,70.3,2026-06-10 04:20:00,3086554
75.2,84.7,77.9,70.3,2026-06-10 04:40:00,3086554
75.1,85.0,77.5,70.3,2026-06-10 05:00:00,3086554
75.1,85.3,77.5,70.4,2026-06-10 05:20:00,3086554
75.1,85.5,77.5,70.4,2026-06-10 05:40:00,3086554
75.1,85.7,77.5,70.5,2026-06-10 06:00:00,3086554
75.3,85.8,77.9,70.7,2026-06-10 06:20:00,3086554
75.5,85.7,78.1,70.9,2026-06-10 06:40:00,3086554
75.8,85.2,78.4,71.0,2026-06-10 07:00:00,3086554
76.0,85.0,78.8,71.1,2026-06-10 07:20:00,3086554
76.2,84.7,79.0,71.3,2026-06-10 07:40:00,3086554
76.5,84.2,79.3,71.4,2026-06-10 08:00:00,3086554
77.2,82.3,80.6,71.4,2026-06-10 08:20:00,3086554
77.8,80.9,81.5,71.5,2026-06-10 08:40:00,3086554
78.3,79.5,82.4,71.4,2026-06-10 09:00:00,3086554
79.5,77.9,84.2,72.0,2026-06-10 09:20:00,3086554
80.4,75.7,85.6,72.1,2026-06-10 09:40:00,3086554
81.5,74.1,87.3,72.5,2026-06-10 10:00:00,3086554
83.0,70.8,89.4,72.6,2026-06-10 10:20:00,3086554
83.6,68.7,90.1,72.2,2026-06-10 10:40:00,3086554
84.7,66.0,91.8,72.1,2026-06-10 11:00:00,3086554
84.7,65.4,91.6,71.8,2026-06-10 11:20:00,3086554
85.2,66.6,93.2,72.9,2026-06-10 11:40:00,3086554
87.0,61.6,95.2,72.2,2026-06-10 12:00:00,3086554
86.9,59.1,94.1,70.9,2026-06-10 12:20:00,3086554
88.6,56.7,96.6,71.2,2026-06-10 12:40:00,3086554
88.3,57.2,95.9,71.3,2026-06-10 13:00:00,3086554
90.1,52.8,98.2,70.5,2026-06-10 13:20:00,3086554
89.3,52.9,96.6,69.9,2026-06-10 13:40:00,3086554
90.5,51.3,98.8,70.1,2026-06-10 14:00:00,3086554
90.0,52.3,98.1,70.2,2026-06-10 14:20:00,3086554
90.6,52.5,99.3,70.8,2026-06-10 14:40:00,3086554
89.7,50.8,96.4,69.0,2026-06-10 15:00:00,3086554
92.0,48.5,100.4,69.9,2026-06-10 15:20:00,3086554
93.5,47.5,102.6,70.5,2026-06-10 15:40:00,3086554
94.7,44.1,103.3,69.5,2026-06-10 16:00:00,3086554
94.4,43.9,102.4,69.1,2026-06-10 16:20:00,3086554
93.3,47.9,102.6,70.6,2026-06-10 16:40:00,3086554
94.4,47.0,104.5,71.0,2026-06-10 17:00:00,3086554
93.9,44.9,101.8,69.2,2026-06-10 17:20:00,3086554
93.4,47.2,102.0,70.2,2026-06-10 17:40:00,3086554
92.0,48.0,100.0,69.5,2026-06-10 18:00:00,3086554
91.9,47.6,99.9,69.2,2026-06-10 18:20:00,3086554
91.6,48.3,99.5,69.3,2026-06-10 18:40:00,3086554
90.9,49.1,98.4,69.1,2026-06-10 19:00:00,3086554
91.0,49.1,98.4,69.2,2026-06-10 19:20:00,3086554
90.5,49.4,97.7,69.0,2026-06-10 19:40:00,3086554
89.8,50.6,96.4,69.0,2026-06-10 20:00:00,3086554
88.6,52.5,94.8,69.0,2026-06-10 20:20:00,3086554
87.7,54.4,93.7,69.2,2026-06-10 20:40:00,3086554
87.2,55.6,93.2,69.3,2026-06-10 21:00:00,3086554
86.2,57.6,92.1,69.5,2026-06-10 21:20:00,3086554
85.6,58.8,91.2,69.5,2026-06-10 21:40:00,3086554
84.8,60.5,90.1,69.7,2026-06-10 22:00:00,3086554
83.9,62.8,89.2,69.9,2026-06-10 22:20:00,3086554
83.6,63.8,88.7,70.1,2026-06-10 22:40:00,3086554
83.4,64.3,88.5,70.1,2026-06-10 23:00:00,3086554
83.2,64.6,88.2,70.1,2026-06-10 23:20:00,3086554
82.9,65.5,87.4,70.1,2026-06-10 23:40:00,3086554
82.6,66.0,87.3,70.1,2026-06-11 00:00:00,3086554
82.4,66.4,86.7,70.1,2026-06-11 00:20:00,3086554
82.1,67.2,86.5,70.1,2026-06-11 00:40:00,3086554
81.6,68.4,86.0,70.2,2026-06-11 01:00:00,3086554
80.9,69.5,84.9,70.0,2026-06-11 01:20:00,3086554
80.5,70.3,84.4,70.0,2026-06-11 01:40:00,3086554
79.9,71.6,83.5,69.9,2026-06-11 02:00:00,3086554
79.4,72.2,82.9,69.6,2026-06-11 02:20:00,3086554
79.1,72.0,82.2,69.3,2026-06-11 02:40:00,3086554
78.7,72.5,81.7,69.1,2026-06-11 03:00:00,3086554
78.2,73.5,81.0,69.0,2026-06-11 03:20:00,3086554
77.8,74.5,80.4,69.0,2026-06-11 03:40:00,3086554
77.5,74.8,79.7,68.8,2026-06-11 04:00:00,3086554
77.0,75.6,78.8,68.7,2026-06-11 04:20:00,3086554
76.5,76.1,78.3,68.4,2026-06-11 04:40:00,3086554
76.1,76.6,77.9,68.2,2026-06-11 05:00:00,3086554
76.0,76.5,77.7,68.1,2026-06-11 05:20:00,3086554
75.8,76.5,77.5,67.9,2026-06-11 05:40:00,3086554
75.3,77.7,76.8,67.8,2026-06-11 06:00:00,3086554
74.9,78.9,76.6,67.9,2026-06-11 06:20:00,3086554
75.5,77.7,77.2,68.1,2026-06-11 06:40:00,3086554
76.2,76.6,77.9,68.3,2026-06-11 07:00:00,3086554
76.9,75.5,78.8,68.6,2026-06-11 07:20:00,3086554
77.7,74.3,80.2,68.9,2026-06-11 07:40:00,3086554
78.9,72.8,82.0,69.4,2026-06-11 08:00:00,3086554
80.2,71.4,84.0,70.1,2026-06-11 08:20:00,3086554
81.4,70.4,86.2,70.9,2026-06-11 08:40:00,3086554
83.5,67.6,90.0,71.7,2026-06-11 09:00:00,3086554
83.5,67.7,90.0,71.7,2026-06-11 09:20:00,3086554
85.4,65.4,93.2,72.5,2026-06-11 09:40:00,3086554
87.5,62.1,96.4,72.9,2026-06-11 10:00:00,3086554
87.8,61.0,96.6,72.7,2026-06-11 10:20:00,3086554
88.8,59.0,98.1,72.6,2026-06-11 10:40:00,3086554
89.7,57.4,99.5,72.6,2026-06-11 11:00:00,3086554
90.6,54.8,100.4,72.1,2026-06-11 11:20:00,3086554
91.2,53.5,101.5,72.0,2026-06-11 11:40:00,3086554
91.9,52.1,101.8,71.8,2026-06-11 12:00:00,3086554
93.3,50.3,104.0,72.1,2026-06-11 12:20:00,3086554
94.5,48.8,106.0,72.2,2026-06-11 12:40:00,3086554
95.7,46.8,107.6,72.1,2026-06-11 13:00:00,3086554
95.1,45.9,105.3,71.0,2026-06-11 13:20:00,3086554
95.9,43.2,105.6,69.9,2026-06-11 13:40:00,3086554
97.6,42.4,108.7,70.9,2026-06-11 14:00:00,3086554
98.3,40.0,108.3,69.8,2026-06-11 14:20:00,3086554
99.4,38.2,109.4,69.5,2026-06-11 14:40:00,3086554
98.7,38.2,108.0,68.8,2026-06-11 15:00:00,3086554
100.9,37.3,111.9,70.1,2026-06-11 15:20:00,3086554
99.3,37.8,108.9,69.1,2026-06-11 15:40:00,3086554
101.2,36.9,112.3,70.0,2026-06-11 16:00:00,3086554
100.3,37.9,111.2,70.0,2026-06-11 16:20:00,3086554
100.0,37.4,109.9,69.3,2026-06-11 16:40:00,3086554
97.9,38.5,106.7,68.4,2026-06-11 17:00:00,3086554
99.8,37.9,109.9,69.5,2026-06-11 17:20:00,3086554
98.0,40.8,108.3,70.1,2026-06-11 17:40:00,3086554
95.7,42.3,104.4,69.1,2026-06-11 18:00:00,3086554
89.5,60.1,100.4,73.8,2026-06-11 18:20:00,3086554
79.8,84.2,86.2,74.6,2026-06-11 18:40:00,3086554
80.4,89.0,89.1,76.9,2026-06-11 19:00:00,3086554
79.8,89.8,87.4,76.6,2026-06-11 19:20:00,3086554
79.5,89.8,86.7,76.2,2026-06-11 19:40:00,3086554
78.9,92.1,85.8,76.4,2026-06-11 20:00:00,3086554
78.5,92.8,85.3,76.3,2026-06-11 20:20:00,3086554
78.4,94.2,85.1,76.6,2026-06-11 20:40:00,3086554
78.3,94.6,85.1,76.7,2026-06-11 21:00:00,3086554
78.2,94.7,84.7,76.6,2026-06-11 21:20:00,3086554
78.2,94.8,84.7,76.6,2026-06-11 21:40:00,3086554
84.7,72.6,94.1,74.9,2026-06-11 22:00:00,3086554
84.4,69.5,92.5,73.3,2026-06-11 22:20:00,3086554
82.0,78.0,89.6,74.5,2026-06-11 22:40:00,3086554
82.3,76.4,89.4,74.2,2026-06-11 23:00:00,3086554
82.6,76.8,90.3,74.6,2026-06-11 23:20:00,3086554
81.6,72.7,86.9,72.0,2026-06-11 23:40:00,3086554
82.5,72.5,88.7,72.7,2026-06-12 00:00:00,3086554
81.4,72.1,86.5,71.6,2026-06-12 00:20:00,3086554
82.0,71.6,87.3,71.9,2026-06-12 00:40:00,3086554
80.8,73.1,85.8,71.4,2026-06-12 01:00:00,3086554
80.0,75.3,84.6,71.5,2026-06-12 01:20:00,3086554
80.2,74.2,84.6,71.2,2026-06-12 01:40:00,3086554
78.6,81.7,83.1,72.5,2026-06-12 02:00:00,3086554
78.0,82.5,82.0,72.2,2026-06-12 02:20:00,3086554
77.7,83.2,81.9,72.2,2026-06-12 02:40:00,3086554
77.2,84.3,80.4,72.1,2026-06-12 03:00:00,3086554
76.8,85.0,79.9,71.9,2026-06-12 03:20:00,3086554
76.9,85.7,80.2,72.2,2026-06-12 03:40:00,3086554
76.6,85.9,79.9,72.1,2026-06-12 04:00:00,3086554
77.6,82.7,81.3,71.9,2026-06-12 04:20:00,3086554
77.5,83.3,81.1,72.0,2026-06-12 04:40:00,3086554
77.2,83.8,80.8,71.9,2026-06-12 05:00:00,3086554
76.9,84.6,80.1,71.9,2026-06-12 05:20:00,3086554
76.0,86.9,79.0,71.8,2026-06-12 05:40:00,3086554
76.2,87.3,79.2,72.1,2026-06-12 06:00:00,3086554
75.9,88.5,78.8,72.2,2026-06-12 06:20:00,3086554
76.1,88.1,79.3,72.3,2026-06-12 06:40:00,3086554
77.6,86.2,82.0,73.2,2026-06-12 07:00:00,3086554
79.5,82.8,85.6,73.9,2026-06-12 07:20:00,3086554
81.2,79.9,88.2,74.4,2026-06-12 07:40:00,3086554
82.1,77.8,89.4,74.4,2026-06-12 08:00:00,3086554
83.1,76.5,91.2,74.9,2026-06-12 08:20:00,3086554
83.4,75.2,91.8,74.7,2026-06-12 08:40:00,3086554
85.3,72.3,95.7,75.4,2026-06-12 09:00:00,3086554
86.1,68.9,96.3,74.7,2026-06-12 09:20:00,3086554
88.4,65.2,100.0,75.2,2026-06-12 09:40:00,3086554
90.1,58.2,100.9,73.4,2026-06-12 10:00:00,3086554
90.5,55.7,100.9,72.5,2026-06-12 10:20:00,3086554
91.8,53.1,102.4,72.3,2026-06-12 10:40:00,3086554
92.3,50.8,102.0,71.4,2026-06-12 11:00:00,3086554
94.2,46.1,103.3,70.3,2026-06-12 11:20:00,3086554
94.3,46.4,104.0,70.6,2026-06-12 11:40:00,3086554
95.6,43.9,105.3,70.2,2026-06-12 12:00:00,3086554
96.5,42.9,106.5,70.2,2026-06-12 12:20:00,3086554
96.4,40.0,104.5,68.2,2026-06-12 12:40:00,3086554
98.3,38.2,107.2,68.5,2026-06-12 13:00:00,3086554
98.8,37.2,107.2,68.1,2026-06-12 13:20:00,3086554
99.8,34.8,107.6,67.1,2026-06-12 13:40:00,3086554
100.3,34.7,108.7,67.5,2026-06-12 14:00:00,3086554
101.9,32.6,110.1,67.0,2026-06-12 14:20:00,3086554
102.1,35.0,112.6,69.2,2026-06-12 14:40:00,3086554
100.8,34.3,109.4,67.5,2026-06-12 15:00:00,3086554
100.3,33.7,108.0,66.6,2026-06-12 15:20:00,3086554
104.0,29.2,111.4,65.7,2026-06-12 15:40:00,3086554
103.7,29.4,110.8,65.6,2026-06-12 16:00:00,3086554
101.3,32.7,108.9,66.6,2026-06-12 16:20:00,3086554
103.9,31.8,113.2,68.0,2026-06-12 16:40:00,3086554
105.1,29.1,113.2,66.4,2026-06-12 17:00:00,3086554
103.1,30.7,111.0,66.3,2026-06-12 17:20:00,3086554
102.5,31.3,110.1,66.4,2026-06-12 17:40:00,3086554
101.6,32.4,109.2,66.5,2026-06-12 18:00:00,3086554
100.9,32.5,107.8,66.0,2026-06-12 18:20:00,3086554
100.5,32.0,106.9,65.3,2026-06-12 18:40:00,3086554
99.8,34.3,107.2,66.7,2026-06-12 19:00:00,3086554
98.7,36.4,106.7,67.5,2026-06-12 19:20:00,3086554
97.9,37.5,106.2,67.6,2026-06-12 19:40:00,3086554
97.2,37.7,104.7,67.1,2026-06-12 20:00:00,3086554
95.7,39.5,103.1,67.1,2026-06-12 20:20:00,3086554
94.8,40.9,102.0,67.3,2026-06-12 20:40:00,3086554
93.3,43.2,99.9,67.6,2026-06-12 21:00:00,3086554
90.6,49.6,97.7,69.1,2026-06-12 21:20:00,3086554
89.1,51.9,95.7,69.1,2026-06-12 21:40:00,3086554
87.7,56.1,94.5,70.1,2026-06-12 22:00:00,3086554
86.3,58.7,92.5,70.1,2026-06-12 22:20:00,3086554
85.1,63.0,91.9,71.1,2026-06-12 22:40:00,3086554
84.5,62.0,90.0,70.0,2026-06-12 23:00:00,3086554
87.9,51.0,92.7,67.5,2026-06-12 23:20:00,3086554
88.1,48.2,92.1,66.1,2026-06-12 23:40:00,3086554
87.2,47.2,90.0,64.6,2026-06-13 00:00:00,3086554
86.5,48.2,89.2,64.6,2026-06-13 00:20:00,3086554
85.3,50.7,88.0,64.9,2026-06-13 00:40:00,3086554
83.5,56.2,86.5,66.3,2026-06-13 01:00:00,3086554
82.1,56.8,84.0,65.3,2026-06-13 01:20:00,3086554
81.8,61.7,84.6,67.3,2026-06-13 01:40:00,3086554
80.9,60.6,82.9,66.1,2026-06-13 02:00:00,3086554
80.4,62.6,82.8,66.5,2026-06-13 02:20:00,3086554
80.4,63.0,82.9,66.7,2026-06-13 02:40:00,3086554
79.8,62.1,81.7,65.6,2026-06-13 03:00:00,3086554
78.8,66.7,81.0,66.8,2026-06-13 03:20:00,3086554
78.0,67.9,79.7,66.5,2026-06-13 03:40:00,3086554
77.8,70.2,79.7,67.4,2026-06-13 04:00:00,3086554
76.7,72.2,78.1,67.0,2026-06-13 04:20:00,3086554
76.4,72.8,77.5,67.0,2026-06-13 04:40:00,3086554
75.8,74.4,77.2,67.1,2026-06-13 05:00:00,3086554
75.3,75.7,76.8,67.1,2026-06-13 05:20:00,3086554
74.8,76.7,76.3,67.0,2026-06-13 05:40:00,3086554
74.2,77.7,75.6,66.7,2026-06-13 06:00:00,3086554
74.0,79.1,75.7,67.2,2026-06-13 06:20:00,3086554
73.8,79.6,75.6,67.1,2026-06-13 06:40:00,3086554
74.0,80.6,75.7,67.7,2026-06-13 07:00:00,3086554
75.5,79.0,77.4,68.5,2026-06-13 07:20:00,3086554
78.0,73.6,80.6,68.9,2026-06-13 07:40:00,3086554
80.7,67.9,84.2,69.1,2026-06-13 08:00:00,3086554
82.1,64.9,86.0,69.1,2026-06-13 08:20:00,3086554
83.1,62.4,87.4,69.0,2026-06-13 08:40:00,3086554
84.9,59.9,90.0,69.4,2026-06-13 09:00:00,3086554
85.1,59.3,90.7,69.3,2026-06-13 09:20:00,3086554
86.3,57.3,92.1,69.4,2026-06-13 09:40:00,3086554
88.4,54.5,95.2,69.9,2026-06-13 10:00:00,3086554
88.1,54.9,94.6,69.8,2026-06-13 10:20:00,3086554
89.1,54.0,96.6,70.3,2026-06-13 10:40:00,3086554
89.2,52.7,96.1,69.6,2026-06-13 11:00:00,3086554
89.5,51.8,96.6,69.4,2026-06-13 11:20:00,3086554
90.4,50.0,97.7,69.2,2026-06-13 11:40:00,3086554
91.1,50.4,99.3,70.1,2026-06-13 12:00:00,3086554
91.5,49.0,99.3,69.6,2026-06-13 12:20:00,3086554
93.0,46.7,101.1,69.6,2026-06-13 12:40:00,3086554
93.4,45.6,101.7,69.3,2026-06-13 13:00:00,3086554
94.0,47.3,103.8,70.9,2026-06-13 13:20:00,3086554
94.6,44.4,103.1,69.5,2026-06-13 13:40:00,3086554
94.7,43.9,103.3,69.3,2026-06-13 14:00:00,3086554
94.7,41.9,102.2,68.0,2026-06-13 14:20:00,3086554
96.9,40.4,105.8,68.8,2026-06-13 14:40:00,3086554
97.8,39.0,106.9,68.7,2026-06-13 15:00:00,3086554
97.8,37.3,105.6,67.4,2026-06-13 15:20:00,3086554
98.7,37.6,107.6,68.4,2026-06-13 15:40:00,3086554
99.2,34.5,106.3,66.2,2026-06-13 16:00:00,3086554
97.0,37.4,104.2,66.7,2026-06-13 16:20:00,3086554
95.6,41.0,103.5,68.1,2026-06-13 16:40:00,3086554
98.9,36.5,107.1,67.7,2026-06-13 17:00:00,3086554
96.4,39.6,104.2,67.8,2026-06-13 17:20:00,3086554
97.7,38.2,106.2,68.0,2026-06-13 17:40:00,3086554
96.6,38.6,104.0,67.2,2026-06-13 18:00:00,3086554
96.1,40.1,104.2,67.9,2026-06-13 18:20:00,3086554
96.4,38.8,103.6,67.2,2026-06-13 18:40:00,3086554
95.7,40.8,103.3,68.0,2026-06-13 19:00:00,3086554
95.1,40.8,102.2,67.5,2026-06-13 19:20:00,3086554
94.0,44.7,102.0,69.2,2026-06-13 19:40:00,3086554
93.1,45.4,100.8,68.9,2026-06-13 20:00:00,3086554
91.9,48.6,100.4,69.8,2026-06-13 20:20:00,3086554
90.2,51.9,98.2,70.1,2026-06-13 20:40:00,3086554
86.0,54.7,90.9,67.8,2026-06-13 21:00:00,3086554
83.6,62.2,88.2,69.3,2026-06-13 21:20:00,3086554
80.4,74.3,85.3,71.5,2026-06-13 21:40:00,3086554
76.1,88.0,79.3,72.3,2026-06-13 22:00:00,3086554
74.6,91.2,77.5,71.8,2026-06-13 22:20:00,3086554
74.2,93.3,77.2,72.1,2026-06-13 22:40:00,3086554
74.1,94.3,77.2,72.4,2026-06-13 23:00:00,3086554
73.9,95.1,77.0,72.4,2026-06-13 23:20:00,3086554
74.0,96.0,77.2,72.8,2026-06-13 23:40:00,3086554
73.9,95.9,77.0,72.6,2026-06-14 00:00:00,3086554
73.6,95.9,76.8,72.4,2026-06-14 00:20:00,3086554
73.5,97.0,76.6,72.6,2026-06-14 00:40:00,3086554
73.2,96.7,76.1,72.2,2026-06-14 01:00:00,3086554
72.8,97.4,75.6,72.0,2026-06-14 01:20:00,3086554
72.6,97.5,75.4,71.9,2026-06-14 01:40:00,3086554
72.6,97.6,75.4,71.9,2026-06-14 02:00:00,3086554
72.6,97.7,75.4,71.9,2026-06-14 02:20:00,3086554
72.1,97.5,74.8,71.4,2026-06-14 02:40:00,3086554
72.0,97.5,74.7,71.2,2026-06-14 03:00:00,3086554
72.0,97.8,74.7,71.3,2026-06-14 03:20:00,3086554
71.7,97.9,74.1,71.1,2026-06-14 03:40:00,3086554
71.7,98.2,74.1,71.2,2026-06-14 04:00:00,3086554
71.5,98.2,73.8,70.9,2026-06-14 04:20:00,3086554
71.2,98.2,73.2,70.7,2026-06-14 04:40:00,3086554
71.2,98.7,73.2,70.8,2026-06-14 05:00:00,3086554
70.9,98.4,73.0,70.4,2026-06-14 05:20:00,3086554
70.8,98.8,72.9,70.5,2026-06-14 05:40:00,3086554
70.9,99.3,73.0,70.7,2026-06-14 06:00:00,3086554
70.9,99.3,73.0,70.7,2026-06-14 06:20:00,3086554
71.1,99.4,73.4,70.9,2026-06-14 06:40:00,3086554
71.6,99.3,74.1,71.4,2026-06-14 07:00:00,3086554
72.6,99.6,75.6,72.5,2026-06-14 07:20:00,3086554
73.6,99.7,77.2,73.5,2026-06-14 07:40:00,3086554
74.6,98.6,78.3,74.2,2026-06-14 08:00:00,3086554
76.5,93.4,80.6,74.5,2026-06-14 08:20:00,3086554
77.9,88.2,82.6,74.1,2026-06-14 08:40:00,3086554
79.1,85.9,85.1,74.5,2026-06-14 09:00:00,3086554
80.2,81.9,86.4,74.1,2026-06-14 09:20:00,3086554
81.5,80.6,88.7,74.9,2026-06-14 09:40:00,3086554
83.0,76.1,91.0,74.7,2026-06-14 10:00:00,3086554
84.3,73.3,93.4,74.9,2026-06-14 10:20:00,3086554
86.2,65.2,95.0,73.2,2026-06-14 10:40:00,3086554
87.2,64.2,96.8,73.6,2026-06-14 11:00:00,3086554
88.0,61.9,97.7,73.3,2026-06-14 11:20:00,3086554
89.6,61.9,101.3,74.8,2026-06-14 11:40:00,3086554
90.4,61.4,103.5,75.3,2026-06-14 12:00:00,3086554
92.1,58.2,105.8,75.3,2026-06-14 12:20:00,3086554
92.7,51.9,103.8,72.5,2026-06-14 12:40:00,3086554
92.9,54.9,106.0,74.2,2026-06-14 13:00:00,3086554
93.3,51.2,104.5,72.6,2026-06-14 13:20:00,3086554
93.9,49.1,104.9,71.9,2026-06-14 13:40:00,3086554
94.9,48.0,106.3,72.1,2026-06-14 14:00:00,3086554
97.4,37.6,105.1,67.2,2026-06-14 14:20:00,3086554
98.5,37.7,107.2,68.3,2026-06-14 14:40:00,3086554
99.2,35.8,107.2,67.4,2026-06-14 15:00:00,3086554
99.4,34.7,106.9,66.6,2026-06-14 15:20:00,3086554
100.8,34.8,109.8,67.9,2026-06-14 15:40:00,3086554
101.1,34.0,109.9,67.5,2026-06-14 16:00:00,3086554
98.1,37.2,106.2,67.6,2026-06-14 16:20:00,3086554
98.7,37.0,107.1,67.9,2026-06-14 16:40:00,3086554
97.2,39.4,106.0,68.4,2026-06-14 17:00:00,3086554
96.9,40.2,105.8,68.8,2026-06-14 17:20:00,3086554
97.5,31.7,101.7,62.5,2026-06-14 17:40:00,3086554
97.9,32.6,102.7,63.6,2026-06-14 18:00:00,3086554
98.1,33.1,103.5,64.2,2026-06-14 18:20:00,3086554
96.8,34.0,101.8,63.8,2026-06-14 18:40:00,3086554
95.7,36.5,101.1,64.8,2026-06-14 19:00:00,3086554
89.5,49.2,95.4,67.9,2026-06-14 19:20:00,3086554
80.6,77.5,86.5,72.9,2026-06-14 19:40:00,3086554
80.4,84.1,87.4,75.1,2026-06-14 20:00:00,3086554
80.9,82.6,88.2,75.1,2026-06-14 20:20:00,3086554
82.4,69.7,88.0,71.5,2026-06-14 20:40:00,3086554
83.1,66.3,88.3,70.7,2026-06-14 21:00:00,3086554
82.8,68.2,88.3,71.2,2026-06-14 21:20:00,3086554
82.5,70.8,88.2,72.1,2026-06-14 21:40:00,3086554
81.8,72.3,87.3,72.0,2026-06-14 22:00:00,3086554
81.6,72.5,86.9,71.9,2026-06-14 22:20:00,3086554
81.6,71.8,86.7,71.6,2026-06-14 22:40:00,3086554
81.4,71.8,86.4,71.4,2026-06-14 23:00:00,3086554
81.0,72.2,85.8,71.2,2026-06-14 23:20:00,3086554
80.9,72.1,85.5,71.1,2026-06-14 23:40:00,3086554
80.8,72.3,85.6,71.0,2026-06-15 00:00:00,3086554
80.6,72.7,84.9,71.0,2026-06-15 00:20:00,3086554
80.1,74.0,84.6,71.0,2026-06-15 00:40:00,3086554
79.8,75.2,84.2,71.2,2026-06-15 01:00:00,3086554
79.7,76.0,84.0,71.4,2026-06-15 01:20:00,3086554
79.5,76.7,83.8,71.5,2026-06-15 01:40:00,3086554
79.4,77.4,84.0,71.7,2026-06-15 02:00:00,3086554
79.2,78.1,83.8,71.8,2026-06-15 02:20:00,3086554
79.2,78.2,83.8,71.8,2026-06-15 02:40:00,3086554
79.0,78.7,83.7,71.8,2026-06-15 03:00:00,3086554
78.6,79.9,83.1,71.9,2026-06-15 03:20:00,3086554
78.2,80.6,82.2,71.8,2026-06-15 03:40:00,3086554
77.5,82.1,81.0,71.6,2026-06-15 04:00:00,3086554
76.7,84.3,79.7,71.6,2026-06-15 04:20:00,3086554
76.1,85.4,79.0,71.4,2026-06-15 04:40:00,3086554
75.5,86.7,78.3,71.2,2026-06-15 05:00:00,3086554
75.3,87.2,78.1,71.2,2026-06-15 05:20:00,3086554
74.9,88.5,77.7,71.3,2026-06-15 05:40:00,3086554
74.7,88.9,77.5,71.2,2026-06-15 06:00:00,3086554
74.4,89.0,77.0,71.0,2026-06-15 06:20:00,3086554
75.7,79.0,77.5,68.7,2026-06-15 06:40:00,3086554
76.9,71.8,78.3,67.1,2026-06-15 07:00:00,3086554
77.6,66.1,78.8,65.4,2026-06-15 07:20:00,3086554
77.5,65.0,78.4,64.8,2026-06-15 07:40:00,3086554
77.3,64.5,77.9,64.4,2026-06-15 08:00:00,3086554
78.0,63.5,79.0,64.6,2026-06-15 08:20:00,3086554
78.4,59.0,78.8,62.9,2026-06-15 08:40:00,3086554
78.1,58.5,78.6,62.4,2026-06-15 09:00:00,3086554
78.1,57.5,78.4,61.9,2026-06-15 09:20:00,3086554
77.7,53.4,77.2,59.5,2026-06-15 09:40:00,3086554
78.6,50.6,78.1,58.8,2026-06-15 10:00:00,3086554
78.1,47.8,77.0,56.7,2026-06-15 10:20:00,3086554
79.3,45.0,78.1,56.1,2026-06-15 10:40:00,3086554
80.1,45.6,79.2,57.3,2026-06-15 11:00:00,3086554
80.9,44.2,79.9,57.1,2026-06-15 11:20:00,3086554
81.6,39.0,79.7,54.2,2026-06-15 11:40:00,3086554
83.4,40.0,82.2,56.6,2026-06-15 12:00:00,3086554
84.2,36.7,82.9,54.9,2026-06-15 12:20:00,3086554
83.0,37.9,81.3,54.7,2026-06-15 12:40:00,3086554
84.2,38.5,83.3,56.2,2026-06-15 13:00:00,3086554
84.9,37.0,84.0,55.8,2026-06-15 13:20:00,3086554
85.2,33.0,83.3,52.8,2026-06-15 13:40:00,3086554
86.6,34.2,85.5,55.0,2026-06-15 14:00:00,3086554
88.1,32.2,86.7,54.7,2026-06-15 14:20:00,3086554
87.4,31.3,85.6,53.3,2026-06-15 14:40:00,3086554
89.1,29.7,87.4,53.3,2026-06-15 15:00:00,3086554
89.9,29.8,88.5,54.2,2026-06-15 15:20:00,3086554
90.3,28.8,88.7,53.5,2026-06-15 15:40:00,3086554
91.9,28.8,91.0,55.0,2026-06-15 16:00:00,3086554
92.6,29.7,92.3,56.3,2026-06-15 16:20:00,3086554
92.2,27.1,91.0,53.5,2026-06-15 16:40:00,3086554
90.4,27.4,88.5,52.3,2026-06-15 17:00:00,3086554
90.3,27.8,88.7,52.6,2026-06-15 17:20:00,3086554
89.8,29.1,88.3,53.3,2026-06-15 17:40:00,3086554
87.9,30.5,85.8,53.1,2026-06-15 18:00:00,3086554
87.5,31.9,86.0,54.0,2026-06-15 18:20:00,3086554
86.9,31.5,84.9,53.0,2026-06-15 18:40:00,3086554
86.7,32.4,84.9,53.7,2026-06-15 19:00:00,3086554
86.4,32.8,84.7,53.7,2026-06-15 19:20:00,3086554
85.6,33.6,83.8,53.7,2026-06-15 19:40:00,3086554
84.8,34.5,83.1,53.7,2026-06-15 20:00:00,3086554
84.0,35.5,82.2,53.8,2026-06-15 20:20:00,3086554
82.9,36.6,81.0,53.7,2026-06-15 20:40:00,3086554
81.9,38.1,80.1,53.9,2026-06-15 21:00:00,3086554
79.4,44.1,78.1,55.6,2026-06-15 21:20:00,3086554
78.0,47.0,76.8,56.1,2026-06-15 21:40:00,3086554
75.9,53.3,75.0,57.7,2026-06-15 22:00:00,3086554
74.7,55.0,74.1,57.5,2026-06-15 22:20:00,3086554
74.0,55.3,73.4,56.9,2026-06-15 22:40:00,3086554
73.0,58.6,72.7,57.6,2026-06-15 23:00:00,3086554
71.9,56.8,71.4,55.8,2026-06-15 23:20:00,3086554
70.8,57.7,70.7,55.2,2026-06-15 23:40:00,3086554
70.7,61.2,70.9,56.7,2026-06-16 00:00:00,3086554
69.6,64.1,69.3,56.9,2026-06-16 00:20:00,3086554
68.9,62.1,68.4,55.4,2026-06-16 00:40:00,3086554
68.7,66.6,68.2,57.1,2026-06-16 01:00:00,3086554
68.4,67.0,68.0,57.0,2026-06-16 01:20:00,3086554
68.1,68.8,67.5,57.5,2026-06-16 01:40:00,3086554
68.9,63.4,68.4,56.0,2026-06-16 02:00:00,3086554
71.2,54.8,70.5,54.0,2026-06-16 02:20:00,3086554
71.4,52.2,70.5,53.0,2026-06-16 02:40:00,3086554
71.5,51.2,70.7,52.6,2026-06-16 03:00:00,3086554
71.4,51.0,70.5,52.4,2026-06-16 03:20:00,3086554
71.3,50.8,70.5,52.1,2026-06-16 03:40:00,3086554
71.1,51.0,70.3,52.0,2026-06-16 04:00:00,3086554
70.6,51.7,69.8,52.0,2026-06-16 04:20:00,3086554
69.9,53.0,68.9,52.0,2026-06-16 04:40:00,3086554
69.5,54.4,68.5,52.3,2026-06-16 05:00:00,3086554
69.4,54.7,68.2,52.4,2026-06-16 05:20:00,3086554
69.4,54.6,68.2,52.4,2026-06-16 05:40:00,3086554
69.4,56.0,68.4,53.0,2026-06-16 06:00:00,3086554
93.0,27.5,92.5,54.7,2026-06-05 11:40:00,2968897
93.4,26.7,92.7,54.1,2026-06-05 12:00:00,2968897
92.0,27.7,91.0,53.9,2026-06-05 12:20:00,2968897
95.3,27.6,95.7,56.7,2026-06-05 12:40:00,2968897
90.1,27.7,88.3,52.2,2026-06-05 13:00:00,2968897
91.6,27.2,90.3,53.2,2026-06-05 13:20:00,2968897
92.5,27.3,91.4,53.9,2026-06-05 13:40:00,2968897
92.5,29.4,92.3,56.1,2026-06-05 14:00:00,2968897
92.6,28.3,91.9,55.0,2026-06-05 14:20:00,2968897
97.1,26.2,97.9,56.7,2026-06-05 14:40:00,2968897
98.3,24.8,99.0,56.1,2026-06-05 15:00:00,2968897
97.9,25.6,98.8,56.8,2026-06-05 15:20:00,2968897
92.5,25.2,90.9,51.8,2026-06-05 15:40:00,2968897
97.4,24.8,97.7,55.4,2026-06-05 16:00:00,2968897
98.4,25.6,99.3,57.1,2026-06-05 16:20:00,2968897
99.8,24.5,100.9,57.1,2026-06-05 16:40:00,2968897
98.0,24.2,98.2,55.3,2026-06-05 17:00:00,2968897
99.3,24.1,100.2,56.3,2026-06-05 17:20:00,2968897
97.9,22.8,97.5,53.6,2026-06-05 17:40:00,2968897
97.2,25.4,97.5,55.9,2026-06-05 18:00:00,2968897
94.4,27.2,94.1,55.4,2026-06-05 18:20:00,2968897
95.0,27.6,95.4,56.4,2026-06-05 18:40:00,2968897
90.6,29.5,89.6,54.5,2026-06-05 19:00:00,2968897
88.9,30.8,87.6,54.2,2026-06-05 19:20:00,2968897
88.4,31.8,87.1,54.6,2026-06-05 19:40:00,2968897
87.7,32.6,86.4,54.7,2026-06-05 20:00:00,2968897
86.6,33.6,85.3,54.6,2026-06-05 20:20:00,2968897
85.7,35.4,84.6,55.1,2026-06-05 20:40:00,2968897
84.7,36.6,83.3,55.2,2026-06-05 21:00:00,2968897
83.6,37.9,82.0,55.2,2026-06-05 21:20:00,2968897
82.5,38.8,80.8,54.9,2026-06-05 21:40:00,2968897
81.7,39.6,80.1,54.7,2026-06-05 22:00:00,2968897
80.7,41.1,79.2,54.9,2026-06-05 22:20:00,2968897
78.8,43.5,77.4,54.7,2026-06-05 22:40:00,2968897
78.9,44.3,77.4,55.4,2026-06-05 23:00:00,2968897
78.3,45.5,77.0,55.6,2026-06-05 23:20:00,2968897
78.0,46.6,76.6,55.9,2026-06-05 23:40:00,2968897
77.4,47.7,76.1,56.0,2026-06-06 00:00:00,2968897
76.7,48.5,75.4,55.9,2026-06-06 00:20:00,2968897
76.1,49.9,74.7,56.0,2026-06-06 00:40:00,2968897
75.3,51.3,74.1,56.1,2026-06-06 01:00:00,2968897
74.4,53.5,73.6,56.4,2026-06-06 01:20:00,2968897
73.4,55.4,72.9,56.4,2026-06-06 01:40:00,2968897
73.3,56.6,72.9,57.0,2026-06-06 02:00:00,2968897
72.8,57.5,72.5,56.9,2026-06-06 02:20:00,2968897
72.1,58.8,71.8,56.9,2026-06-06 02:40:00,2968897
71.3,60.8,71.2,57.0,2026-06-06 03:00:00,2968897
70.9,62.3,71.1,57.4,2026-06-06 03:20:00,2968897
70.6,63.1,70.7,57.5,2026-06-06 03:40:00,2968897
70.1,64.5,70.0,57.6,2026-06-06 04:00:00,2968897
69.4,65.7,69.1,57.4,2026-06-06 04:20:00,2968897
68.9,67.0,68.7,57.5,2026-06-06 04:40:00,2968897
68.6,67.9,68.2,57.6,2026-06-06 05:00:00,2968897
68.1,69.3,67.6,57.7,2026-06-06 05:20:00,2968897
67.7,70.4,67.3,57.7,2026-06-06 05:40:00,2968897
67.3,71.2,66.7,57.7,2026-06-06 06:00:00,2968897
67.1,71.8,66.6,57.7,2026-06-06 06:20:00,2968897
67.4,72.9,66.9,58.4,2026-06-06 06:40:00,2968897
68.2,73.3,68.2,59.3,2026-06-06 07:00:00,2968897
71.3,69.3,72.0,60.7,2026-06-06 07:20:00,2968897
73.5,63.6,73.8,60.4,2026-06-06 07:40:00,2968897
75.0,61.7,75.0,61.0,2026-06-06 08:00:00,2968897
77.3,59.0,77.2,61.8,2026-06-06 08:20:00,2968897
79.4,56.6,80.1,62.7,2026-06-06 08:40:00,2968897
81.8,50.4,82.2,61.6,2026-06-06 09:00:00,2968897
84.2,47.0,85.1,61.8,2026-06-06 09:20:00,2968897
85.9,44.5,87.3,61.8,2026-06-06 09:40:00,2968897
86.7,43.3,88.3,61.8,2026-06-06 10:00:00,2968897
87.6,41.5,88.7,61.3,2026-06-06 10:20:00,2968897
88.6,42.3,90.9,62.8,2026-06-06 10:40:00,2968897
89.6,39.5,91.6,61.7,2026-06-06 11:00:00,2968897
92.2,38.1,95.5,63.0,2026-06-06 11:20:00,2968897
89.7,37.5,91.2,60.4,2026-06-06 11:40:00,2968897
90.7,36.6,92.5,60.6,2026-06-06 12:00:00,2968897
90.4,36.4,91.8,60.2,2026-06-06 12:20:00,2968897
91.0,35.8,92.5,60.2,2026-06-06 12:40:00,2968897
91.0,34.8,92.1,59.4,2026-06-06 13:00:00,2968897
91.5,35.8,93.2,60.6,2026-06-06 13:20:00,2968897
90.5,35.0,91.4,59.1,2026-06-06 13:40:00,2968897
92.0,36.1,94.3,61.2,2026-06-06 14:00:00,2968897
92.5,36.1,95.4,61.8,2026-06-06 14:20:00,2968897
93.8,36.9,97.9,63.5,2026-06-06 14:40:00,2968897
92.3,37.7,95.7,62.8,2026-06-06 15:00:00,2968897
94.2,35.9,97.9,63.1,2026-06-06 15:20:00,2968897
91.0,36.1,92.7,60.5,2026-06-06 15:40:00,2968897
93.1,37.0,96.6,63.0,2026-06-06 16:00:00,2968897
93.5,33.9,95.5,60.9,2026-06-06 16:20:00,2968897
95.0,33.5,98.2,61.8,2026-06-06 16:40:00,2968897
94.0,33.6,96.3,61.0,2026-06-06 17:00:00,2968897
95.6,33.0,99.0,61.9,2026-06-06 17:20:00,2968897
94.6,32.9,97.0,60.9,2026-06-06 17:40:00,2968897
96.0,31.3,98.4,60.7,2026-06-06 18:00:00,2968897
94.1,32.8,96.3,60.4,2026-06-06 18:20:00,2968897
95.7,33.1,99.3,62.1,2026-06-06 18:40:00,2968897
90.0,35.4,90.9,59.0,2026-06-06 19:00:00,2968897
88.7,38.2,89.8,60.0,2026-06-06 19:20:00,2968897
88.2,38.9,89.1,60.0,2026-06-06 19:40:00,2968897
87.4,40.1,88.2,60.2,2026-06-06 20:00:00,2968897
86.5,41.1,87.1,60.0,2026-06-06 20:20:00,2968897
85.4,41.9,85.6,59.6,2026-06-06 20:40:00,2968897
84.5,43.1,84.7,59.6,2026-06-06 21:00:00,2968897
83.7,44.5,83.8,59.8,2026-06-06 21:20:00,2968897
82.6,45.9,82.4,59.7,2026-06-06 21:40:00,2968897
82.0,47.1,81.9,59.9,2026-06-06 22:00:00,2968897
81.0,48.8,81.0,60.0,2026-06-06 22:20:00,2968897
80.2,50.7,80.1,60.2,2026-06-06 22:40:00,2968897
79.4,51.8,79.3,60.1,2026-06-06 23:00:00,2968897
78.6,53.2,78.3,60.1,2026-06-06 23:20:00,2968897
77.9,54.7,77.7,60.3,2026-06-06 23:40:00,2968897
77.2,56.1,76.8,60.4,2026-06-07 00:00:00,2968897
76.9,57.0,76.5,60.5,2026-06-07 00:20:00,2968897
76.6,58.1,76.1,60.8,2026-06-07 00:40:00,2968897
76.1,59.3,75.9,60.9,2026-06-07 01:00:00,2968897
75.7,60.4,75.6,61.0,2026-06-07 01:20:00,2968897
75.2,61.7,75.4,61.2,2026-06-07 01:40:00,2968897
74.7,63.0,75.0,61.3,2026-06-07 02:00:00,2968897
73.9,64.6,74.1,61.2,2026-06-07 02:20:00,2968897
73.5,65.8,73.8,61.3,2026-06-07 02:40:00,2968897
72.8,66.9,73.2,61.2,2026-06-07 03:00:00,2968897
72.2,68.2,72.7,61.2,2026-06-07 03:20:00,2968897
72.0,69.0,72.7,61.3,2026-06-07 03:40:00,2968897
71.6,69.8,72.3,61.2,2026-06-07 04:00:00,2968897
71.3,70.7,72.0,61.2,2026-06-07 04:20:00,2968897
70.8,71.8,71.4,61.2,2026-06-07 04:40:00,2968897
70.6,72.5,71.2,61.4,2026-06-07 05:00:00,2968897
70.1,73.5,70.5,61.2,2026-06-07 05:20:00,2968897
69.7,74.5,70.2,61.2,2026-06-07 05:40:00,2968897
69.4,75.7,69.8,61.4,2026-06-07 06:00:00,2968897
69.6,76.0,70.0,61.7,2026-06-07 06:20:00,2968897
70.1,75.6,70.7,62.1,2026-06-07 06:40:00,2968897
70.9,75.2,72.0,62.7,2026-06-07 07:00:00,2968897
72.3,73.8,73.4,63.5,2026-06-07 07:20:00,2968897
74.6,70.1,75.4,64.1,2026-06-07 07:40:00,2968897
75.8,67.8,76.5,64.4,2026-06-07 08:00:00,2968897
77.3,63.9,77.9,64.1,2026-06-07 08:20:00,2968897
79.2,62.2,80.8,65.2,2026-06-07 08:40:00,2968897
84.4,53.9,87.6,65.9,2026-06-07 09:00:00,2968897
85.6,50.0,88.3,64.8,2026-06-07 09:20:00,2968897
88.4,47.9,92.7,66.1,2026-06-07 09:40:00,2968897
90.5,46.0,95.7,66.9,2026-06-07 10:00:00,2968897
88.8,43.8,91.6,64.0,2026-06-07 10:20:00,2968897
90.4,43.0,94.5,64.9,2026-06-07 10:40:00,2968897
94.2,39.6,99.9,65.9,2026-06-07 11:00:00,2968897
92.8,39.1,97.0,64.3,2026-06-07 11:20:00,2968897
92.4,39.5,96.6,64.2,2026-06-07 11:40:00,2968897
95.5,37.8,101.3,65.7,2026-06-07 12:00:00,2968897
95.2,35.7,99.9,63.8,2026-06-07 12:20:00,2968897
93.5,35.3,96.3,62.0,2026-06-07 12:40:00,2968897
95.0,35.0,99.0,63.1,2026-06-07 13:00:00,2968897
95.8,34.6,100.2,63.4,2026-06-07 13:20:00,2968897
94.9,35.2,99.0,63.1,2026-06-07 13:40:00,2968897
95.5,33.2,98.6,62.0,2026-06-07 14:00:00,2968897
96.8,32.6,100.9,62.6,2026-06-07 14:20:00,2968897
99.2,33.2,105.4,65.3,2026-06-07 14:40:00,2968897
97.8,31.6,101.8,62.6,2026-06-07 15:00:00,2968897
95.2,31.6,97.5,60.4,2026-06-07 15:20:00,2968897
97.6,32.9,102.2,63.5,2026-06-07 15:40:00,2968897
97.2,31.9,101.1,62.3,2026-06-07 16:00:00,2968897
96.6,33.1,100.6,62.9,2026-06-07 16:20:00,2968897
97.0,32.6,100.9,62.7,2026-06-07 16:40:00,2968897
99.6,31.3,104.5,63.8,2026-06-07 17:00:00,2968897
99.9,32.8,106.5,65.5,2026-06-07 17:20:00,2968897
97.2,34.7,102.9,64.7,2026-06-07 17:40:00,2968897
96.2,36.6,102.0,65.3,2026-06-07 18:00:00,2968897
98.1,35.2,104.9,65.9,2026-06-07 18:20:00,2968897
97.5,35.4,103.8,65.6,2026-06-07 18:40:00,2968897
92.4,38.9,96.3,63.8,2026-06-07 19:00:00,2968897
91.5,39.1,94.8,63.2,2026-06-07 19:20:00,2968897
90.7,39.6,93.7,62.8,2026-06-07 19:40:00,2968897
90.2,40.9,93.2,63.3,2026-06-07 20:00:00,2968897
89.3,40.6,91.6,62.2,2026-06-07 20:20:00,2968897
88.7,41.3,90.5,62.2,2026-06-07 20:40:00,2968897
88.1,42.6,90.0,62.5,2026-06-07 21:00:00,2968897
87.2,44.1,89.1,62.8,2026-06-07 21:20:00,2968897
86.3,45.6,88.2,62.8,2026-06-07 21:40:00,2968897
85.2,47.4,86.9,62.9,2026-06-07 22:00:00,2968897
84.7,48.7,86.4,63.2,2026-06-07 22:20:00,2968897
84.1,49.5,85.6,63.2,2026-06-07 22:40:00,2968897
83.7,50.3,85.3,63.2,2026-06-07 23:00:00,2968897
83.3,51.5,84.6,63.5,2026-06-07 23:20:00,2968897
82.6,52.8,84.0,63.6,2026-06-07 23:40:00,2968897
82.4,54.1,83.8,64.2,2026-06-08 00:00:00,2968897
82.0,54.8,83.3,64.1,2026-06-08 00:20:00,2968897
81.6,56.0,83.1,64.4,2026-06-08 00:40:00,2968897
80.8,57.4,82.2,64.3,2026-06-08 01:00:00,2968897
80.5,58.2,81.9,64.5,2026-06-08 01:20:00,2968897
80.1,58.8,81.5,64.4,2026-06-08 01:40:00,2968897
79.7,59.8,80.8,64.5,2026-06-08 02:00:00,2968897
79.2,60.9,80.4,64.5,2026-06-08 02:20:00,2968897
78.3,62.5,79.3,64.5,2026-06-08 02:40:00,2968897
77.5,64.4,78.3,64.6,2026-06-08 03:00:00,2968897
77.3,65.1,78.1,64.7,2026-06-08 03:20:00,2968897
77.4,65.4,78.4,64.8,2026-06-08 03:40:00,2968897
77.4,65.7,78.4,65.0,2026-06-08 04:00:00,2968897
77.1,66.0,77.7,64.9,2026-06-08 04:20:00,2968897
76.8,66.9,77.4,65.0,2026-06-08 04:40:00,2968897
76.6,67.6,77.4,65.1,2026-06-08 05:00:00,2968897
76.3,68.7,77.0,65.2,2026-06-08 05:20:00,2968897
75.6,69.7,76.5,65.0,2026-06-08 05:40:00,2968897
74.8,71.1,75.7,64.8,2026-06-08 06:00:00,2968897
74.8,72.0,75.7,65.1,2026-06-08 06:20:00,2968897
75.2,72.8,76.3,65.9,2026-06-08 06:40:00,2968897
76.1,73.2,77.2,66.8,2026-06-08 07:00:00,2968897
77.2,69.5,78.6,66.5,2026-06-08 07:20:00,2968897
78.6,66.4,80.4,66.5,2026-06-08 07:40:00,2968897
79.6,65.2,81.9,66.9,2026-06-08 08:00:00,2968897
81.4,61.8,84.0,67.0,2026-06-08 08:20:00,2968897
84.7,59.6,89.6,69.1,2026-06-08 08:40:00,2968897
88.0,54.6,94.6,69.6,2026-06-08 09:00:00,2968897
87.6,50.6,92.3,67.0,2026-06-08 09:20:00,2968897
91.4,49.2,99.1,69.7,2026-06-08 09:40:00,2968897
92.9,46.7,101.1,69.5,2026-06-08 10:00:00,2968897
91.0,47.4,97.5,68.2,2026-06-08 10:20:00,2968897
94.8,45.5,104.2,70.4,2026-06-08 10:40:00,2968897
91.9,45.3,98.1,67.7,2026-06-08 11:00:00,2968897
92.5,43.3,98.2,66.9,2026-06-08 11:20:00,2968897
94.4,43.0,102.0,68.5,2026-06-08 11:40:00,2968897
92.9,40.9,98.1,65.6,2026-06-08 12:00:00,2968897
91.9,39.4,95.9,63.8,2026-06-08 12:20:00,2968897
93.9,41.5,100.4,67.0,2026-06-08 12:40:00,2968897
94.3,41.1,100.8,67.0,2026-06-08 13:00:00,2968897
93.2,40.2,98.1,65.4,2026-06-08 13:20:00,2968897
92.4,39.6,96.6,64.3,2026-06-08 13:40:00,2968897
93.7,40.1,99.1,65.8,2026-06-08 14:00:00,2968897
92.2,40.1,96.4,64.5,2026-06-08 14:20:00,2968897
92.6,40.8,97.5,65.4,2026-06-08 14:40:00,2968897
93.0,39.4,97.5,64.6,2026-06-08 15:00:00,2968897
94.2,41.1,100.8,67.0,2026-06-08 15:20:00,2968897
92.9,41.0,98.1,65.7,2026-06-08 15:40:00,2968897
92.8,39.6,97.2,64.6,2026-06-08 16:00:00,2968897
93.1,39.1,97.7,64.6,2026-06-08 16:20:00,2968897
93.4,38.2,97.3,64.1,2026-06-08 16:40:00,2968897
93.7,36.9,97.5,63.4,2026-06-08 17:00:00,2968897
93.6,36.7,97.3,63.1,2026-06-08 17:20:00,2968897
93.9,37.0,97.9,63.6,2026-06-08 17:40:00,2968897
91.0,37.8,93.4,61.8,2026-06-08 18:00:00,2968897
90.4,38.9,92.8,62.0,2026-06-08 18:20:00,2968897
89.3,40.3,91.4,62.0,2026-06-08 18:40:00,2968897
88.8,40.9,90.7,62.0,2026-06-08 19:00:00,2968897
88.1,41.9,89.8,62.0,2026-06-08 19:20:00,2968897
86.8,44.9,88.7,62.8,2026-06-08 19:40:00,2968897
85.6,47.7,87.6,63.5,2026-06-08 20:00:00,2968897
84.3,49.6,86.0,63.4,2026-06-08 20:20:00,2968897
83.1,51.8,84.7,63.6,2026-06-08 20:40:00,2968897
82.1,54.0,83.3,63.8,2026-06-08 21:00:00,2968897
81.4,55.4,82.6,63.9,2026-06-08 21:20:00,2968897
80.0,56.6,80.8,63.2,2026-06-08 21:40:00,2968897
78.9,58.6,79.7,63.2,2026-06-08 22:00:00,2968897
77.7,61.2,78.3,63.3,2026-06-08 22:20:00,2968897
76.1,63.0,76.3,62.6,2026-06-08 22:40:00,2968897
75.0,64.2,75.2,62.1,2026-06-08 23:00:00,2968897
74.0,64.3,74.3,61.2,2026-06-08 23:20:00,2968897
72.6,65.8,72.9,60.5,2026-06-08 23:40:00,2968897
72.0,67.0,72.5,60.4,2026-06-09 00:00:00,2968897
71.3,68.2,71.8,60.3,2026-06-09 00:20:00,2968897
70.6,69.1,71.1,60.0,2026-06-09 00:40:00,2968897
70.4,69.8,70.9,60.0,2026-06-09 01:00:00,2968897
69.7,68.9,69.6,59.1,2026-06-09 01:20:00,2968897
69.0,66.9,68.7,57.6,2026-06-09 01:40:00,2968897
68.3,65.8,67.6,56.4,2026-06-09 02:00:00,2968897
67.9,67.1,67.3,56.6,2026-06-09 02:20:00,2968897
67.8,68.0,67.1,56.9,2026-06-09 02:40:00,2968897
67.6,70.0,66.9,57.5,2026-06-09 03:00:00,2968897
67.6,70.7,66.9,57.8,2026-06-09 03:20:00,2968897
67.4,71.8,66.9,58.0,2026-06-09 03:40:00,2968897
67.4,72.0,66.9,58.1,2026-06-09 04:00:00,2968897
67.2,73.0,66.7,58.3,2026-06-09 04:20:00,2968897
66.9,71.5,66.2,57.4,2026-06-09 04:40:00,2968897
66.8,69.3,65.8,56.5,2026-06-09 05:00:00,2968897
66.5,68.9,65.3,56.0,2026-06-09 05:20:00,2968897
66.1,69.2,64.9,55.8,2026-06-09 05:40:00,2968897
66.4,68.5,65.3,55.7,2026-06-09 06:00:00,2968897
66.1,68.2,64.9,55.3,2026-06-09 06:20:00,2968897
66.3,68.3,65.1,55.6,2026-06-09 06:40:00,2968897
66.6,66.4,65.5,55.0,2026-06-09 07:00:00,2968897
67.7,65.5,66.7,55.8,2026-06-09 07:20:00,2968897
68.2,65.5,67.5,56.2,2026-06-09 07:40:00,2968897
68.6,65.4,68.0,56.6,2026-06-09 08:00:00,2968897
69.3,64.5,69.1,56.9,2026-06-09 08:20:00,2968897
71.3,61.7,71.4,57.5,2026-06-09 08:40:00,2968897
76.5,55.6,75.9,59.5,2026-06-09 09:00:00,2968897
77.0,53.9,76.5,59.1,2026-06-09 09:20:00,2968897
73.1,57.6,72.9,57.3,2026-06-09 09:40:00,2968897
75.8,58.3,75.4,60.2,2026-06-09 10:00:00,2968897
77.8,56.8,77.9,61.2,2026-06-09 10:20:00,2968897
78.0,56.5,77.9,61.2,2026-06-09 10:40:00,2968897
80.7,54.3,81.5,62.7,2026-06-09 11:00:00,2968897
81.4,50.0,81.5,61.0,2026-06-09 11:20:00,2968897
81.7,50.0,82.0,61.2,2026-06-09 11:40:00,2968897
81.2,52.7,81.9,62.2,2026-06-09 12:00:00,2968897
81.8,50.4,82.2,61.6,2026-06-09 12:20:00,2968897
85.4,50.2,88.2,64.8,2026-06-09 12:40:00,2968897
84.4,52.4,86.7,65.0,2026-06-09 13:00:00,2968897
85.4,52.6,88.9,66.1,2026-06-09 13:20:00,2968897
86.0,54.4,90.7,67.6,2026-06-09 13:40:00,2968897
84.6,53.8,87.8,66.0,2026-06-09 14:00:00,2968897
85.2,55.5,89.4,67.5,2026-06-09 14:20:00,2968897
86.0,54.4,90.7,67.7,2026-06-09 14:40:00,2968897
85.1,55.8,89.4,67.6,2026-06-09 15:00:00,2968897
88.0,52.4,93.7,68.4,2026-06-09 15:20:00,2968897
89.3,50.8,95.7,68.7,2026-06-09 15:40:00,2968897
88.8,50.2,94.3,67.8,2026-06-09 16:00:00,2968897
88.9,49.5,94.3,67.6,2026-06-09 16:20:00,2968897
85.8,52.9,89.6,66.6,2026-06-09 16:40:00,2968897
88.7,53.2,95.5,69.5,2026-06-09 17:00:00,2968897
86.2,52.9,90.5,67.0,2026-06-09 17:20:00,2968897
87.7,53.5,93.4,68.7,2026-06-09 17:40:00,2968897
87.5,53.0,92.8,68.2,2026-06-09 18:00:00,2968897
86.9,54.6,92.3,68.6,2026-06-09 18:20:00,2968897
86.4,55.5,91.8,68.6,2026-06-09 18:40:00,2968897
85.2,56.8,89.8,68.1,2026-06-09 19:00:00,2968897
85.1,57.8,90.1,68.5,2026-06-09 19:20:00,2968897
84.4,58.8,89.1,68.5,2026-06-09 19:40:00,2968897
84.3,59.5,88.9,68.6,2026-06-09 20:00:00,2968897
83.5,60.6,87.6,68.5,2026-06-09 20:20:00,2968897
82.8,61.5,86.5,68.2,2026-06-09 20:40:00,2968897
82.4,62.4,86.0,68.3,2026-06-09 21:00:00,2968897
82.0,63.1,85.1,68.2,2026-06-09 21:20:00,2968897
81.7,63.9,85.1,68.3,2026-06-09 21:40:00,2968897
81.1,65.0,84.2,68.2,2026-06-09 22:00:00,2968897
80.8,65.9,84.0,68.3,2026-06-09 22:20:00,2968897
80.3,67.1,83.5,68.4,2026-06-09 22:40:00,2968897
80.2,68.1,83.3,68.7,2026-06-09 23:00:00,2968897
79.8,69.5,82.9,68.9,2026-06-09 23:20:00,2968897
79.7,71.8,83.1,69.7,2026-06-09 23:40:00,2968897
79.4,73.6,83.3,70.3,2026-06-10 00:00:00,2968897
79.1,75.0,82.8,70.4,2026-06-10 00:20:00,2968897
78.6,76.3,82.0,70.5,2026-06-10 00:40:00,2968897
78.4,77.3,81.9,70.7,2026-06-10 01:00:00,2968897
78.0,78.2,81.3,70.7,2026-06-10 01:20:00,2968897
77.6,79.0,80.8,70.6,2026-06-10 01:40:00,2968897
77.1,79.8,79.9,70.4,2026-06-10 02:00:00,2968897
76.7,80.6,79.3,70.3,2026-06-10 02:20:00,2968897
76.4,81.1,78.6,70.1,2026-06-10 02:40:00,2968897
75.9,81.8,78.3,70.0,2026-06-10 03:00:00,2968897
75.5,82.5,77.7,69.9,2026-06-10 03:20:00,2968897
75.5,83.0,77.7,69.9,2026-06-10 03:40:00,2968897
75.4,83.3,77.9,70.0,2026-06-10 04:00:00,2968897
75.1,83.7,77.5,69.8,2026-06-10 04:20:00,2968897
74.9,84.1,77.2,69.8,2026-06-10 04:40:00,2968897
74.8,84.5,77.0,69.8,2026-06-10 05:00:00,2968897
74.7,84.8,77.2,69.8,2026-06-10 05:20:00,2968897
74.7,84.8,77.2,69.9,2026-06-10 05:40:00,2968897
74.9,84.8,77.4,70.0,2026-06-10 06:00:00,2968897
75.1,84.7,77.5,70.2,2026-06-10 06:20:00,2968897
75.3,84.6,77.9,70.4,2026-06-10 06:40:00,2968897
75.5,84.5,77.9,70.5,2026-06-10 07:00:00,2968897
75.9,84.1,78.4,70.7,2026-06-10 07:20:00,2968897
76.0,83.9,78.6,70.8,2026-06-10 07:40:00,2968897
76.2,83.7,78.8,70.9,2026-06-10 08:00:00,2968897
77.0,82.4,79.9,71.2,2026-06-10 08:20:00,2968897
78.0,80.7,81.9,71.6,2026-06-10 08:40:00,2968897
79.0,78.3,83.5,71.6,2026-06-10 09:00:00,2968897
81.2,75.3,86.9,72.7,2026-06-10 09:20:00,2968897
81.3,72.9,86.4,71.8,2026-06-10 09:40:00,2968897
82.6,69.6,88.2,71.7,2026-06-10 10:00:00,2968897
88.0,64.0,98.6,74.3,2026-06-10 10:20:00,2968897
86.2,62.7,94.1,72.0,2026-06-10 10:40:00,2968897
87.1,61.8,95.5,72.4,2026-06-10 11:00:00,2968897
85.3,62.5,92.1,71.1,2026-06-10 11:20:00,2968897
86.7,62.7,94.8,72.5,2026-06-10 11:40:00,2968897
88.4,59.0,97.2,72.2,2026-06-10 12:00:00,2968897
88.5,55.7,96.3,70.7,2026-06-10 12:20:00,2968897
88.4,55.1,95.5,70.3,2026-06-10 12:40:00,2968897
89.3,54.8,97.5,70.9,2026-06-10 13:00:00,2968897
90.0,53.0,98.2,70.6,2026-06-10 13:20:00,2968897
92.0,48.7,100.6,69.9,2026-06-10 13:40:00,2968897
91.1,49.1,98.8,69.3,2026-06-10 14:00:00,2968897
91.0,49.9,98.8,69.7,2026-06-10 14:20:00,2968897
90.1,52.9,98.2,70.5,2026-06-10 14:40:00,2968897
92.8,48.7,101.8,70.6,2026-06-10 15:00:00,2968897
93.1,46.8,101.5,69.7,2026-06-10 15:20:00,2968897
94.4,45.7,103.5,70.2,2026-06-10 15:40:00,2968897
92.3,47.7,100.2,69.5,2026-06-10 16:00:00,2968897
94.0,46.5,103.3,70.4,2026-06-10 16:20:00,2968897
94.5,45.8,104.0,70.4,2026-06-10 16:40:00,2968897
95.3,45.5,105.4,70.9,2026-06-10 17:00:00,2968897
94.0,45.4,102.6,69.6,2026-06-10 17:20:00,2968897
94.5,46.9,104.7,71.1,2026-06-10 17:40:00,2968897
95.3,46.8,106.3,71.7,2026-06-10 18:00:00,2968897
94.3,45.7,103.5,70.2,2026-06-10 18:20:00,2968897
91.1,48.4,98.4,69.0,2026-06-10 18:40:00,2968897
91.0,49.0,98.4,69.2,2026-06-10 19:00:00,2968897
90.8,49.6,98.1,69.4,2026-06-10 19:20:00,2968897
90.0,50.4,97.0,69.1,2026-06-10 19:40:00,2968897
89.4,51.4,95.9,69.1,2026-06-10 20:00:00,2968897
88.5,52.5,94.5,68.9,2026-06-10 20:20:00,2968897
87.8,54.2,94.1,69.2,2026-06-10 20:40:00,2968897
87.0,55.4,92.7,69.1,2026-06-10 21:00:00,2968897
86.7,56.1,92.7,69.2,2026-06-10 21:20:00,2968897
86.0,57.7,91.8,69.3,2026-06-10 21:40:00,2968897
85.3,59.1,90.9,69.4,2026-06-10 22:00:00,2968897
84.8,60.5,90.1,69.6,2026-06-10 22:20:00,2968897
84.0,61.9,89.2,69.6,2026-06-10 22:40:00,2968897
83.5,63.3,88.5,69.7,2026-06-10 23:00:00,2968897
83.0,64.4,87.6,69.8,2026-06-10 23:20:00,2968897
82.5,65.5,86.7,69.7,2026-06-10 23:40:00,2968897
82.2,66.3,86.4,69.8,2026-06-11 00:00:00,2968897
81.9,66.7,86.0,69.7,2026-06-11 00:20:00,2968897
81.5,67.7,85.5,69.7,2026-06-11 00:40:00,2968897
81.2,68.6,85.3,69.8,2026-06-11 01:00:00,2968897
80.7,69.5,84.6,69.9,2026-06-11 01:20:00,2968897
80.4,70.2,84.0,69.8,2026-06-11 01:40:00,2968897
79.9,70.8,83.7,69.6,2026-06-11 02:00:00,2968897
79.5,71.5,82.8,69.4,2026-06-11 02:20:00,2968897
79.0,72.3,82.2,69.3,2026-06-11 02:40:00,2968897
78.6,72.6,81.3,69.0,2026-06-11 03:00:00,2968897
78.1,73.1,80.8,68.8,2026-06-11 03:20:00,2968897
77.6,74.1,80.1,68.7,2026-06-11 03:40:00,2968897
77.2,75.0,79.3,68.7,2026-06-11 04:00:00,2968897
77.0,75.2,78.8,68.5,2026-06-11 04:20:00,2968897
76.6,75.5,78.3,68.3,2026-06-11 04:40:00,2968897
76.2,76.0,77.7,68.1,2026-06-11 05:00:00,2968897
75.9,76.5,77.5,68.0,2026-06-11 05:20:00,2968897
75.7,76.7,77.4,67.8,2026-06-11 05:40:00,2968897
75.6,76.5,77.4,67.7,2026-06-11 06:00:00,2968897
75.5,76.5,77.2,67.6,2026-06-11 06:20:00,2968897
75.7,76.5,77.4,67.8,2026-06-11 06:40:00,2968897
76.1,76.2,77.7,68.0,2026-06-11 07:00:00,2968897
77.1,75.2,79.2,68.6,2026-06-11 07:20:00,2968897
78.6,72.5,81.3,69.0,2026-06-11 07:40:00,2968897
79.5,72.2,82.9,69.7,2026-06-11 08:00:00,2968897
81.4,69.6,86.0,70.4,2026-06-11 08:20:00,2968897
84.4,67.6,91.6,72.5,2026-06-11 08:40:00,2968897
89.2,58.8,99.0,72.9,2026-06-11 09:00:00,2968897
91.0,55.5,101.8,72.8,2026-06-11 09:20:00,2968897
88.5,54.1,95.5,69.8,2026-06-11 09:40:00,2968897
90.8,52.5,99.7,71.0,2026-06-11 10:00:00,2968897
93.8,50.9,105.6,72.9,2026-06-11 10:20:00,2968897
96.0,48.6,109.4,73.5,2026-06-11 10:40:00,2968897
96.0,47.7,108.7,73.0,2026-06-11 11:00:00,2968897
96.5,47.8,110.1,73.5,2026-06-11 11:20:00,2968897
97.1,45.4,109.6,72.5,2026-06-11 11:40:00,2968897
98.6,44.9,112.6,73.5,2026-06-11 12:00:00,2968897
98.1,44.3,111.0,72.6,2026-06-11 12:20:00,2968897
98.9,42.6,111.4,72.2,2026-06-11 12:40:00,2968897
98.0,43.1,109.9,71.8,2026-06-11 13:00:00,2968897
99.2,42.5,112.1,72.4,2026-06-11 13:20:00,2968897
98.4,41.6,109.9,71.1,2026-06-11 13:40:00,2968897
99.3,41.3,111.2,71.6,2026-06-11 14:00:00,2968897
99.0,40.0,109.9,70.4,2026-06-11 14:20:00,2968897
100.7,38.8,112.5,71.0,2026-06-11 14:40:00,2968897
101.9,37.6,114.4,71.2,2026-06-11 15:00:00,2968897
103.9,35.1,116.6,70.9,2026-06-11 15:20:00,2968897
105.4,32.9,117.3,70.3,2026-06-11 15:40:00,2968897
107.2,31.8,120.0,70.9,2026-06-11 16:00:00,2968897
102.8,33.9,113.2,69.0,2026-06-11 16:20:00,2968897
98.8,38.2,108.3,69.0,2026-06-11 16:40:00,2968897
100.4,38.7,112.1,70.7,2026-06-11 17:00:00,2968897
98.2,40.0,108.0,69.6,2026-06-11 17:20:00,2968897
97.6,41.6,108.0,70.3,2026-06-11 17:40:00,2968897
95.5,42.7,104.2,69.3,2026-06-11 18:00:00,2968897
78.3,72.4,81.1,68.7,2026-06-11 18:20:00,2968897
81.6,80.9,89.1,75.1,2026-06-11 18:40:00,2968897
80.8,81.7,88.0,74.7,2026-06-11 19:00:00,2968897
82.0,81.2,90.0,75.7,2026-06-11 19:20:00,2968897
82.5,82.1,91.4,76.4,2026-06-11 19:40:00,2968897
82.0,82.2,90.3,76.1,2026-06-11 20:00:00,2968897
82.2,80.5,90.1,75.6,2026-06-11 20:20:00,2968897
82.0,80.0,90.0,75.3,2026-06-11 20:40:00,2968897
81.7,83.4,90.3,76.2,2026-06-11 21:00:00,2968897
81.4,83.3,89.4,75.9,2026-06-11 21:20:00,2968897
81.8,83.5,90.3,76.2,2026-06-11 21:40:00,2968897
83.7,72.7,91.9,74.0,2026-06-11 22:00:00,2968897
84.1,69.6,91.8,73.1,2026-06-11 22:20:00,2968897
83.7,69.0,90.7,72.4,2026-06-11 22:40:00,2968897
83.6,67.8,90.0,71.8,2026-06-11 23:00:00,2968897
83.4,67.6,89.4,71.5,2026-06-11 23:20:00,2968897
83.3,67.2,89.2,71.3,2026-06-11 23:40:00,2968897
82.7,68.7,88.0,71.3,2026-06-12 00:00:00,2968897
82.0,68.4,86.5,70.6,2026-06-12 00:20:00,2968897
81.8,68.5,86.2,70.4,2026-06-12 00:40:00,2968897
81.3,70.2,85.6,70.6,2026-06-12 01:00:00,2968897
81.1,70.8,85.5,70.7,2026-06-12 01:20:00,2968897
80.8,71.7,85.5,70.8,2026-06-12 01:40:00,2968897
80.6,72.3,84.9,70.8,2026-06-12 02:00:00,2968897
80.2,73.5,84.6,71.0,2026-06-12 02:20:00,2968897
79.9,74.1,84.4,70.9,2026-06-12 02:40:00,2968897
79.6,75.2,83.8,71.1,2026-06-12 03:00:00,2968897
79.3,76.0,83.3,71.1,2026-06-12 03:20:00,2968897
79.2,76.9,83.7,71.3,2026-06-12 03:40:00,2968897
78.9,78.0,83.1,71.5,2026-06-12 04:00:00,2968897
78.7,78.5,82.8,71.4,2026-06-12 04:20:00,2968897
78.5,79.3,82.8,71.5,2026-06-12 04:40:00,2968897
78.3,79.7,82.4,71.5,2026-06-12 05:00:00,2968897
77.9,81.1,81.9,71.7,2026-06-12 05:20:00,2968897
77.7,81.6,81.1,71.6,2026-06-12 05:40:00,2968897
77.6,81.9,81.3,71.7,2026-06-12 06:00:00,2968897
77.7,82.4,81.7,71.9,2026-06-12 06:20:00,2968897
78.3,82.2,82.8,72.4,2026-06-12 06:40:00,2968897
78.9,82.3,84.0,73.1,2026-06-12 07:00:00,2968897
80.6,79.8,87.1,73.8,2026-06-12 07:20:00,2968897
82.7,75.7,90.1,74.2,2026-06-12 07:40:00,2968897
84.0,73.6,93.0,74.7,2026-06-12 08:00:00,2968897
84.3,72.2,93.0,74.4,2026-06-12 08:20:00,2968897
85.3,71.7,95.5,75.2,2026-06-12 08:40:00,2968897
91.4,62.6,107.1,76.8,2026-06-12 09:00:00,2968897
94.9,55.7,111.7,76.6,2026-06-12 09:20:00,2968897
92.5,51.8,102.9,72.1,2026-06-12 09:40:00,2968897
98.4,49.4,115.9,76.2,2026-06-12 10:00:00,2968897
97.3,45.4,109.8,72.7,2026-06-12 10:20:00,2968897
100.1,45.6,116.8,75.3,2026-06-12 10:40:00,2968897
102.5,40.3,118.2,73.8,2026-06-12 11:00:00,2968897
101.6,40.2,115.9,72.9,2026-06-12 11:20:00,2968897
99.6,40.0,111.2,71.0,2026-06-12 11:40:00,2968897
99.5,37.5,109.2,69.0,2026-06-12 12:00:00,2968897
100.3,38.0,111.4,70.1,2026-06-12 12:20:00,2968897
99.3,38.4,109.6,69.6,2026-06-12 12:40:00,2968897
99.3,36.8,108.3,68.3,2026-06-12 13:00:00,2968897
100.9,37.2,111.7,70.0,2026-06-12 13:20:00,2968897
101.1,37.1,112.5,70.2,2026-06-12 13:40:00,2968897
101.9,35.0,112.3,69.1,2026-06-12 14:00:00,2968897
101.6,32.9,109.8,67.1,2026-06-12 14:20:00,2968897
102.3,34.1,112.1,68.7,2026-06-12 14:40:00,2968897
100.0,37.9,110.3,69.7,2026-06-12 15:00:00,2968897
102.3,33.7,111.7,68.3,2026-06-12 15:20:00,2968897
104.0,30.8,112.6,67.2,2026-06-12 15:40:00,2968897
105.9,31.9,117.3,69.8,2026-06-12 16:00:00,2968897
106.2,31.9,118.0,70.1,2026-06-12 16:20:00,2968897
105.9,31.1,116.6,69.1,2026-06-12 16:40:00,2968897
105.1,31.7,115.7,69.0,2026-06-12 17:00:00,2968897
105.2,31.5,115.5,68.8,2026-06-12 17:20:00,2968897
103.0,32.1,111.9,67.6,2026-06-12 17:40:00,2968897
103.4,32.4,112.8,68.1,2026-06-12 18:00:00,2968897
106.2,30.9,117.1,69.2,2026-06-12 18:20:00,2968897
102.4,32.3,111.0,67.2,2026-06-12 18:40:00,2968897
99.2,35.4,106.9,67.0,2026-06-12 19:00:00,2968897
98.3,37.1,106.3,67.6,2026-06-12 19:20:00,2968897
97.3,37.5,104.7,67.1,2026-06-12 19:40:00,2968897
96.8,38.9,104.5,67.6,2026-06-12 20:00:00,2968897
96.0,40.2,103.8,67.9,2026-06-12 20:20:00,2968897
95.3,41.6,103.1,68.3,2026-06-12 20:40:00,2968897
94.2,42.5,101.5,68.0,2026-06-12 21:00:00,2968897
93.4,43.5,100.0,67.8,2026-06-12 21:20:00,2968897
93.1,44.8,100.4,68.4,2026-06-12 21:40:00,2968897
92.6,45.9,100.0,68.8,2026-06-12 22:00:00,2968897
91.5,47.3,98.4,68.6,2026-06-12 22:20:00,2968897
90.4,49.8,97.5,69.0,2026-06-12 22:40:00,2968897
89.8,48.7,95.9,68.0,2026-06-12 23:00:00,2968897
89.2,47.8,94.1,66.8,2026-06-12 23:20:00,2968897
88.2,48.0,92.3,66.0,2026-06-12 23:40:00,2968897
87.2,47.2,90.0,64.6,2026-06-13 00:00:00,2968897
86.3,48.9,89.2,64.8,2026-06-13 00:20:00,2968897
85.4,50.8,88.2,65.1,2026-06-13 00:40:00,2968897
84.8,51.8,87.6,65.1,2026-06-13 01:00:00,2968897
84.3,53.9,87.3,65.8,2026-06-13 01:20:00,2968897
84.2,54.1,86.9,65.8,2026-06-13 01:40:00,2968897
83.6,54.7,86.2,65.6,2026-06-13 02:00:00,2968897
83.2,55.4,85.6,65.6,2026-06-13 02:20:00,2968897
82.6,56.2,84.7,65.4,2026-06-13 02:40:00,2968897
81.6,58.3,83.5,65.5,2026-06-13 03:00:00,2968897
81.0,59.8,82.9,65.7,2026-06-13 03:20:00,2968897
80.4,60.8,82.2,65.6,2026-06-13 03:40:00,2968897
80.2,62.4,82.2,66.2,2026-06-13 04:00:00,2968897
79.7,63.0,81.9,66.0,2026-06-13 04:20:00,2968897
78.9,64.0,80.4,65.7,2026-06-13 04:40:00,2968897
78.9,64.8,80.6,66.0,2026-06-13 05:00:00,2968897
78.6,65.7,80.4,66.2,2026-06-13 05:20:00,2968897
78.4,66.5,80.1,66.3,2026-06-13 05:40:00,2968897
78.1,67.8,80.1,66.6,2026-06-13 06:00:00,2968897
77.7,68.5,79.5,66.5,2026-06-13 06:20:00,2968897
77.9,69.3,79.7,67.0,2026-06-13 06:40:00,2968897
78.5,67.8,80.6,67.0,2026-06-13 07:00:00,2968897
79.7,66.8,82.2,67.6,2026-06-13 07:20:00,2968897
82.5,62.8,86.0,68.5,2026-06-13 07:40:00,2968897
82.2,63.6,86.0,68.7,2026-06-13 08:00:00,2968897
84.2,61.0,89.2,69.3,2026-06-13 08:20:00,2968897
86.3,59.1,92.7,70.3,2026-06-13 08:40:00,2968897
92.0,51.1,101.8,71.4,2026-06-13 09:00:00,2968897
94.2,48.1,104.5,71.6,2026-06-13 09:20:00,2968897
93.3,48.5,102.9,71.0,2026-06-13 09:40:00,2968897
93.1,48.0,102.2,70.5,2026-06-13 10:00:00,2968897
92.0,49.4,100.8,70.4,2026-06-13 10:20:00,2968897
93.7,47.6,102.9,70.8,2026-06-13 10:40:00,2968897
95.2,46.9,106.0,71.7,2026-06-13 11:00:00,2968897
96.2,44.2,106.5,70.8,2026-06-13 11:20:00,2968897
95.8,43.6,105.6,70.1,2026-06-13 11:40:00,2968897
94.9,41.1,102.2,67.6,2026-06-13 12:00:00,2968897
94.0,43.9,101.7,68.7,2026-06-13 12:20:00,2968897
95.8,41.8,104.5,68.9,2026-06-13 12:40:00,2968897
95.4,45.0,105.6,70.6,2026-06-13 13:00:00,2968897
96.8,45.0,108.7,71.9,2026-06-13 13:20:00,2968897
97.5,42.7,108.9,71.0,2026-06-13 13:40:00,2968897
96.5,41.3,105.6,69.1,2026-06-13 14:00:00,2968897
95.9,42.7,105.3,69.6,2026-06-13 14:20:00,2968897
98.3,42.1,109.9,71.4,2026-06-13 14:40:00,2968897
97.1,42.6,107.6,70.6,2026-06-13 15:00:00,2968897
95.8,41.6,104.4,68.8,2026-06-13 15:20:00,2968897
96.9,40.1,105.6,68.7,2026-06-13 15:40:00,2968897
97.2,39.8,106.2,68.7,2026-06-13 16:00:00,2968897
98.8,40.9,109.9,70.9,2026-06-13 16:20:00,2968897
99.6,36.3,108.5,68.1,2026-06-13 16:40:00,2968897
100.9,37.5,112.1,70.2,2026-06-13 17:00:00,2968897
96.6,40.7,105.6,68.8,2026-06-13 17:20:00,2968897
99.8,37.0,109.2,68.9,2026-06-13 17:40:00,2968897
99.7,36.1,108.3,68.0,2026-06-13 18:00:00,2968897
98.0,35.2,104.5,65.9,2026-06-13 18:20:00,2968897
101.4,36.0,111.9,69.4,2026-06-13 18:40:00,2968897
96.9,37.5,104.0,66.7,2026-06-13 19:00:00,2968897
95.3,40.2,102.4,67.3,2026-06-13 19:20:00,2968897
94.7,42.0,102.2,68.0,2026-06-13 19:40:00,2968897
94.0,43.0,101.3,68.1,2026-06-13 20:00:00,2968897
93.5,45.3,101.3,69.1,2026-06-13 20:20:00,2968897
92.5,46.2,100.2,68.9,2026-06-13 20:40:00,2968897
87.5,51.8,92.3,67.6,2026-06-13 21:00:00,2968897
84.2,61.1,88.9,69.3,2026-06-13 21:20:00,2968897
82.8,63.9,87.1,69.3,2026-06-13 21:40:00,2968897
80.1,71.1,84.0,69.9,2026-06-13 22:00:00,2968897
78.6,72.8,81.7,69.2,2026-06-13 22:20:00,2968897
78.2,75.6,81.1,69.9,2026-06-13 22:40:00,2968897
78.3,75.4,81.5,69.9,2026-06-13 23:00:00,2968897
78.5,73.5,81.5,69.4,2026-06-13 23:20:00,2968897
79.1,72.7,82.4,69.5,2026-06-13 23:40:00,2968897
79.4,71.1,82.8,69.3,2026-06-14 00:00:00,2968897
79.5,71.4,82.8,69.4,2026-06-14 00:20:00,2968897
79.1,71.8,82.2,69.2,2026-06-14 00:40:00,2968897
78.1,74.6,81.0,69.4,2026-06-14 01:00:00,2968897
76.4,78.2,78.3,69.1,2026-06-14 01:20:00,2968897
76.3,79.0,78.3,69.3,2026-06-14 01:40:00,2968897
75.8,80.4,77.9,69.4,2026-06-14 02:00:00,2968897
75.6,81.1,77.7,69.4,2026-06-14 02:20:00,2968897
75.3,81.7,77.4,69.3,2026-06-14 02:40:00,2968897
75.4,82.0,77.7,69.5,2026-06-14 03:00:00,2968897
75.3,82.5,77.5,69.6,2026-06-14 03:20:00,2968897
75.1,83.0,77.4,69.6,2026-06-14 03:40:00,2968897
74.7,84.1,77.0,69.6,2026-06-14 04:00:00,2968897
74.0,85.8,76.3,69.5,2026-06-14 04:20:00,2968897
74.0,86.0,76.3,69.5,2026-06-14 04:40:00,2968897
73.8,86.6,76.1,69.6,2026-06-14 05:00:00,2968897
73.7,87.5,76.1,69.8,2026-06-14 05:20:00,2968897
73.5,88.0,75.7,69.7,2026-06-14 05:40:00,2968897
73.5,88.4,75.7,69.8,2026-06-14 06:00:00,2968897
73.5,88.6,75.7,69.9,2026-06-14 06:20:00,2968897
73.6,88.8,76.1,70.1,2026-06-14 06:40:00,2968897
74.1,88.3,76.5,70.4,2026-06-14 07:00:00,2968897
75.3,87.6,78.1,71.3,2026-06-14 07:20:00,2968897
76.8,83.8,79.7,71.5,2026-06-14 07:40:00,2968897
77.3,83.2,80.6,71.8,2026-06-14 08:00:00,2968897
79.5,79.5,84.6,72.6,2026-06-14 08:20:00,2968897
82.0,77.0,88.9,74.1,2026-06-14 08:40:00,2968897
82.2,73.8,88.3,73.0,2026-06-14 09:00:00,2968897
83.0,71.2,89.6,72.7,2026-06-14 09:20:00,2968897
87.0,66.7,97.3,74.6,2026-06-14 09:40:00,2968897
89.3,62.2,100.9,74.7,2026-06-14 10:00:00,2968897
90.8,61.1,104.2,75.5,2026-06-14 10:20:00,2968897
87.7,55.1,94.1,69.6,2026-06-14 10:40:00,2968897
93.9,52.7,106.9,74.0,2026-06-14 11:00:00,2968897
95.7,50.9,110.1,74.6,2026-06-14 11:20:00,2968897
95.2,51.2,109.4,74.4,2026-06-14 11:40:00,2968897
93.7,50.4,104.9,72.5,2026-06-14 12:00:00,2968897
94.0,50.5,105.8,72.8,2026-06-14 12:20:00,2968897
96.2,47.6,109.0,73.1,2026-06-14 12:40:00,2968897
94.0,50.9,106.0,73.1,2026-06-14 13:00:00,2968897
93.2,49.8,103.6,71.7,2026-06-14 13:20:00,2968897
93.7,49.0,104.0,71.7,2026-06-14 13:40:00,2968897
96.7,45.2,108.5,72.0,2026-06-14 14:00:00,2968897
97.6,37.4,105.3,67.3,2026-06-14 14:20:00,2968897
98.3,38.6,107.6,68.8,2026-06-14 14:40:00,2968897
98.9,36.4,107.1,67.6,2026-06-14 15:00:00,2968897
100.3,36.7,110.1,69.0,2026-06-14 15:20:00,2968897
101.8,35.8,112.5,69.6,2026-06-14 15:40:00,2968897
101.9,34.8,112.1,68.9,2026-06-14 16:00:00,2968897
97.9,37.7,106.2,67.7,2026-06-14 16:20:00,2968897
97.4,37.3,104.9,67.0,2026-06-14 16:40:00,2968897
97.2,40.5,106.5,69.2,2026-06-14 17:00:00,2968897
97.3,39.0,105.6,68.2,2026-06-14 17:20:00,2968897
97.5,34.0,103.1,64.5,2026-06-14 17:40:00,2968897
100.4,33.6,107.8,66.6,2026-06-14 18:00:00,2968897
98.4,33.4,104.0,64.7,2026-06-14 18:20:00,2968897
96.9,35.0,102.4,64.7,2026-06-14 18:40:00,2968897
95.5,40.1,102.7,67.4,2026-06-14 19:00:00,2968897
86.0,54.5,90.3,67.6,2026-06-14 19:20:00,2968897
80.7,78.0,86.7,73.2,2026-06-14 19:40:00,2968897
80.1,78.8,85.8,73.0,2026-06-14 20:00:00,2968897
81.2,75.5,86.9,72.7,2026-06-14 20:20:00,2968897
80.7,77.4,86.4,73.0,2026-06-14 20:40:00,2968897
81.3,70.3,85.6,70.7,2026-06-14 21:00:00,2968897
81.3,70.9,85.8,71.0,2026-06-14 21:20:00,2968897
81.5,72.6,86.9,71.9,2026-06-14 21:40:00,2968897
81.1,73.4,86.2,71.7,2026-06-14 22:00:00,2968897
81.1,73.1,86.2,71.7,2026-06-14 22:20:00,2968897
81.1,73.0,86.0,71.6,2026-06-14 22:40:00,2968897
81.0,72.2,85.8,71.2,2026-06-14 23:00:00,2968897
80.7,72.2,85.1,70.9,2026-06-14 23:20:00,2968897
80.6,72.2,85.1,70.8,2026-06-14 23:40:00,2968897
80.4,72.5,84.7,70.7,2026-06-15 00:00:00,2968897
80.2,72.9,84.4,70.7,2026-06-15 00:20:00,2968897
80.0,73.8,84.4,70.8,2026-06-15 00:40:00,2968897
79.7,74.7,83.7,70.9,2026-06-15 01:00:00,2968897
79.5,75.6,83.7,71.1,2026-06-15 01:20:00,2968897
79.4,75.8,83.7,71.1,2026-06-15 01:40:00,2968897
79.4,76.4,83.8,71.3,2026-06-15 02:00:00,2968897
79.2,76.9,83.7,71.3,2026-06-15 02:20:00,2968897
79.2,77.1,83.7,71.4,2026-06-15 02:40:00,2968897
79.0,77.7,83.3,71.4,2026-06-15 03:00:00,2968897
78.7,78.1,82.8,71.3,2026-06-15 03:20:00,2968897
78.4,78.8,82.2,71.3,2026-06-15 03:40:00,2968897
77.9,79.7,81.7,71.1,2026-06-15 04:00:00,2968897
77.6,80.2,81.0,71.1,2026-06-15 04:20:00,2968897
77.2,81.5,80.1,71.1,2026-06-15 04:40:00,2968897
76.9,81.8,79.7,70.9,2026-06-15 05:00:00,2968897
76.6,82.2,79.5,70.8,2026-06-15 05:20:00,2968897
77.0,79.2,79.7,70.1,2026-06-15 05:40:00,2968897
77.1,75.4,79.2,68.7,2026-06-15 06:00:00,2968897
77.0,74.8,78.6,68.4,2026-06-15 06:20:00,2968897
77.0,72.0,78.6,67.3,2026-06-15 06:40:00,2968897
77.5,68.4,78.8,66.3,2026-06-15 07:00:00,2968897
77.6,65.1,78.6,65.0,2026-06-15 07:20:00,2968897
77.4,65.0,78.4,64.7,2026-06-15 07:40:00,2968897
77.9,64.6,79.2,65.0,2026-06-15 08:00:00,2968897
79.1,60.2,80.2,64.1,2026-06-15 08:20:00,2968897
80.4,56.8,81.7,63.7,2026-06-15 08:40:00,2968897
81.4,54.8,82.4,63.6,2026-06-15 09:00:00,2968897
79.7,53.6,80.1,61.4,2026-06-15 09:20:00,2968897
79.8,50.3,79.5,59.6,2026-06-15 09:40:00,2968897
80.4,48.1,80.1,59.0,2026-06-15 10:00:00,2968897
82.1,45.1,81.5,58.7,2026-06-15 10:20:00,2968897
87.5,37.4,87.4,58.3,2026-06-15 10:40:00,2968897
87.0,37.5,86.7,57.9,2026-06-15 11:00:00,2968897
89.3,36.8,90.1,59.5,2026-06-15 11:20:00,2968897
86.5,34.6,85.3,55.3,2026-06-15 11:40:00,2968897
89.2,33.2,88.7,56.5,2026-06-15 12:00:00,2968897
87.1,33.3,85.8,54.8,2026-06-15 12:20:00,2968897
86.5,36.1,85.6,56.4,2026-06-15 12:40:00,2968897
86.7,35.8,86.0,56.4,2026-06-15 13:00:00,2968897
86.9,34.0,85.6,55.1,2026-06-15 13:20:00,2968897
89.1,31.1,87.8,54.6,2026-06-15 13:40:00,2968897
89.9,31.9,89.4,56.0,2026-06-15 14:00:00,2968897
90.1,31.8,89.4,56.1,2026-06-15 14:20:00,2968897
92.4,29.8,92.1,56.2,2026-06-15 14:40:00,2968897
91.7,29.3,91.0,55.2,2026-06-15 15:00:00,2968897
94.7,28.5,95.0,57.0,2026-06-15 15:20:00,2968897
92.3,27.2,91.0,53.7,2026-06-15 15:40:00,2968897
95.5,28.9,96.4,58.1,2026-06-15 16:00:00,2968897
94.4,28.8,94.6,57.0,2026-06-15 16:20:00,2968897
90.1,26.8,88.3,51.5,2026-06-15 16:40:00,2968897
94.8,27.8,94.8,56.4,2026-06-15 17:00:00,2968897
93.0,27.7,92.3,54.7,2026-06-15 17:20:00,2968897
95.1,28.6,95.7,57.5,2026-06-15 17:40:00,2968897
94.9,27.9,95.2,56.5,2026-06-15 18:00:00,2968897
94.4,27.6,94.3,55.9,2026-06-15 18:20:00,2968897
94.5,28.4,94.8,56.8,2026-06-15 18:40:00,2968897
90.6,30.1,89.8,55.1,2026-06-15 19:00:00,2968897
88.1,32.6,86.9,55.1,2026-06-15 19:20:00,2968897
86.2,34.1,84.9,54.7,2026-06-15 19:40:00,2968897
84.9,35.0,83.1,54.2,2026-06-15 20:00:00,2968897
84.1,35.9,82.4,54.2,2026-06-15 20:20:00,2968897
83.4,36.3,81.7,53.9,2026-06-15 20:40:00,2968897
82.2,37.5,80.4,53.8,2026-06-15 21:00:00,2968897
81.2,38.2,79.3,53.3,2026-06-15 21:20:00,2968897
80.2,39.4,78.3,53.3,2026-06-15 21:40:00,2968897
79.4,40.3,77.5,53.3,2026-06-15 22:00:00,2968897
78.3,41.5,76.3,53.0,2026-06-15 22:20:00,2968897
77.7,41.9,75.6,52.7,2026-06-15 22:40:00,2968897
77.0,42.8,74.8,52.6,2026-06-15 23:00:00,2968897
76.2,43.6,74.3,52.5,2026-06-15 23:20:00,2968897
75.5,45.1,73.8,52.8,2026-06-15 23:40:00,2968897
74.8,47.2,73.2,53.3,2026-06-16 00:00:00,2968897
74.0,49.0,72.9,53.6,2026-06-16 00:20:00,2968897
74.0,49.5,72.9,53.9,2026-06-16 00:40:00,2968897
73.3,49.7,72.1,53.3,2026-06-16 01:00:00,2968897
73.1,49.9,72.0,53.3,2026-06-16 01:20:00,2968897
73.0,49.9,71.8,53.2,2026-06-16 01:40:00,2968897
72.8,49.0,71.6,52.6,2026-06-16 02:00:00,2968897
72.6,49.0,71.6,52.4,2026-06-16 02:20:00,2968897
72.2,49.2,71.2,52.2,2026-06-16 02:40:00,2968897
71.9,49.1,70.9,51.8,2026-06-16 03:00:00,2968897
71.5,49.8,70.5,51.7,2026-06-16 03:20:00,2968897
71.1,50.2,70.3,51.6,2026-06-16 03:40:00,2968897
70.8,50.3,70.2,51.4,2026-06-16 04:00:00,2968897
70.3,51.5,69.3,51.6,2026-06-16 04:20:00,2968897
69.7,52.7,68.7,51.7,2026-06-16 04:40:00,2968897
69.4,53.5,68.2,51.7,2026-06-16 05:00:00,2968897
69.3,53.9,68.2,51.9,2026-06-16 05:20:00,2968897
69.5,54.0,68.4,52.1,2026-06-16 05:40:00,2968897
69.4,54.7,68.2,52.4,2026-06-16 06:00:00,2968897
91.2,27.7,90.0,53.3,2026-06-05 12:00:00,2974168
90.9,26.7,89.2,52.0,2026-06-05 12:20:00,2974168
92.4,26.9,91.2,53.4,2026-06-05 12:40:00,2974168
94.3,26.1,93.6,54.2,2026-06-05 13:00:00,2974168
93.7,26.0,92.5,53.6,2026-06-05 13:20:00,2974168
95.5,23.9,94.3,52.9,2026-06-05 13:40:00,2974168
94.7,25.1,93.9,53.5,2026-06-05 14:00:00,2974168
95.8,23.3,94.6,52.5,2026-06-05 14:20:00,2974168
96.1,24.2,95.4,53.7,2026-06-05 14:40:00,2974168
96.9,23.3,96.1,53.4,2026-06-05 15:00:00,2974168
98.4,22.6,97.9,53.8,2026-06-05 15:20:00,2974168
98.7,23.4,98.6,54.9,2026-06-05 15:40:00,2974168
98.2,23.5,98.1,54.7,2026-06-05 16:00:00,2974168
100.9,22.6,101.5,55.8,2026-06-05 16:20:00,2974168
98.3,22.9,98.1,54.1,2026-06-05 16:40:00,2974168
99.3,22.8,99.5,54.8,2026-06-05 17:00:00,2974168
99.2,22.2,99.0,53.9,2026-06-05 17:20:00,2974168
99.9,22.3,100.0,54.7,2026-06-05 17:40:00,2974168
98.8,22.4,98.6,53.9,2026-06-05 18:00:00,2974168
93.2,26.2,91.9,53.4,2026-06-05 18:20:00,2974168
91.6,27.8,90.5,53.7,2026-06-05 18:40:00,2974168
90.7,28.9,89.6,54.0,2026-06-05 19:00:00,2974168
89.5,29.5,88.0,53.6,2026-06-05 19:20:00,2974168
88.5,30.6,87.1,53.7,2026-06-05 19:40:00,2974168
87.5,31.6,85.8,53.6,2026-06-05 20:00:00,2974168
86.1,33.0,84.4,53.7,2026-06-05 20:20:00,2974168
85.3,33.9,83.7,53.7,2026-06-05 20:40:00,2974168
85.0,33.7,83.1,53.2,2026-06-05 21:00:00,2974168
84.0,34.5,82.2,53.1,2026-06-05 21:20:00,2974168
83.1,36.0,81.1,53.4,2026-06-05 21:40:00,2974168
82.8,36.2,81.0,53.3,2026-06-05 22:00:00,2974168
81.5,38.4,79.5,53.7,2026-06-05 22:20:00,2974168
81.4,39.0,79.7,54.1,2026-06-05 22:40:00,2974168
79.8,41.1,78.1,54.0,2026-06-05 23:00:00,2974168
79.2,42.7,77.5,54.6,2026-06-05 23:20:00,2974168
79.1,43.2,77.5,54.8,2026-06-05 23:40:00,2974168
78.5,44.7,77.0,55.2,2026-06-06 00:00:00,2974168
78.2,45.2,76.6,55.2,2026-06-06 00:20:00,2974168
77.6,46.2,76.1,55.3,2026-06-06 00:40:00,2974168
76.6,47.9,75.0,55.3,2026-06-06 01:00:00,2974168
75.3,49.9,73.9,55.3,2026-06-06 01:20:00,2974168
74.1,52.5,73.0,55.6,2026-06-06 01:40:00,2974168
73.3,54.3,72.7,55.9,2026-06-06 02:00:00,2974168
73.8,54.2,73.0,56.3,2026-06-06 02:20:00,2974168
73.5,54.7,72.9,56.2,2026-06-06 02:40:00,2974168
72.5,56.8,72.0,56.3,2026-06-06 03:00:00,2974168
72.6,57.0,72.1,56.5,2026-06-06 03:20:00,2974168
72.0,57.9,71.8,56.4,2026-06-06 03:40:00,2974168
71.1,60.1,71.1,56.6,2026-06-06 04:00:00,2974168
70.6,62.1,70.5,57.0,2026-06-06 04:20:00,2974168
70.2,62.5,70.0,56.9,2026-06-06 04:40:00,2974168
69.0,65.2,68.5,56.9,2026-06-06 05:00:00,2974168
67.9,68.3,67.3,57.1,2026-06-06 05:20:00,2974168
67.0,70.6,66.2,57.1,2026-06-06 05:40:00,2974168
66.3,73.4,65.7,57.5,2026-06-06 06:00:00,2974168
66.0,74.3,65.1,57.6,2026-06-06 06:20:00,2974168
66.5,75.0,65.8,58.3,2026-06-06 06:40:00,2974168
69.5,70.8,69.6,59.6,2026-06-06 07:00:00,2974168
72.2,65.6,72.5,60.0,2026-06-06 07:20:00,2974168
73.8,62.4,73.9,60.2,2026-06-06 07:40:00,2974168
75.3,59.8,75.0,60.3,2026-06-06 08:00:00,2974168
77.0,57.2,76.8,60.8,2026-06-06 08:20:00,2974168
78.7,54.3,78.6,60.8,2026-06-06 08:40:00,2974168
80.1,51.2,80.1,60.4,2026-06-06 09:00:00,2974168
81.1,50.4,81.1,60.9,2026-06-06 09:20:00,2974168
82.9,46.9,82.9,60.5,2026-06-06 09:40:00,2974168
82.6,46.2,82.6,59.9,2026-06-06 10:00:00,2974168
84.6,43.5,84.9,60.0,2026-06-06 10:20:00,2974168
85.9,43.9,86.9,61.4,2026-06-06 10:40:00,2974168
86.5,40.3,86.9,59.5,2026-06-06 11:00:00,2974168
86.7,40.2,87.3,59.7,2026-06-06 11:20:00,2974168
87.5,39.2,88.0,59.6,2026-06-06 11:40:00,2974168
89.7,37.7,91.2,60.5,2026-06-06 12:00:00,2974168
90.4,35.3,91.4,59.2,2026-06-06 12:20:00,2974168
91.1,34.3,92.1,59.1,2026-06-06 12:40:00,2974168
93.3,33.4,95.2,60.2,2026-06-06 13:00:00,2974168
94.0,32.6,95.9,60.2,2026-06-06 13:20:00,2974168
91.5,33.8,92.5,58.9,2026-06-06 13:40:00,2974168
92.9,33.1,94.5,59.6,2026-06-06 14:00:00,2974168
91.8,34.3,93.2,59.7,2026-06-06 14:20:00,2974168
93.7,34.5,96.3,61.5,2026-06-06 14:40:00,2974168
94.0,33.1,96.1,60.6,2026-06-06 15:00:00,2974168
96.1,33.0,99.9,62.4,2026-06-06 15:20:00,2974168
91.5,34.5,92.8,59.7,2026-06-06 15:40:00,2974168
94.2,34.3,97.2,61.8,2026-06-06 16:00:00,2974168
97.7,30.6,101.1,61.6,2026-06-06 16:20:00,2974168
98.5,31.6,102.9,63.2,2026-06-06 16:40:00,2974168
97.5,31.4,101.3,62.2,2026-06-06 17:00:00,2974168
96.0,31.0,98.2,60.4,2026-06-06 17:20:00,2974168
94.5,31.0,95.9,59.2,2026-06-06 17:40:00,2974168
96.5,29.9,98.6,60.0,2026-06-06 18:00:00,2974168
92.2,31.8,92.8,58.0,2026-06-06 18:20:00,2974168
90.6,34.8,91.6,59.1,2026-06-06 18:40:00,2974168
89.7,35.3,90.3,58.7,2026-06-06 19:00:00,2974168
88.8,36.8,89.2,59.0,2026-06-06 19:20:00,2974168
87.8,38.5,88.3,59.4,2026-06-06 19:40:00,2974168
87.1,39.0,87.4,59.2,2026-06-06 20:00:00,2974168
86.3,40.0,86.5,59.1,2026-06-06 20:20:00,2974168
85.4,40.6,85.3,58.7,2026-06-06 20:40:00,2974168
84.4,41.4,84.2,58.4,2026-06-06 21:00:00,2974168
84.2,42.1,84.2,58.7,2026-06-06 21:20:00,2974168
83.8,43.0,83.5,58.9,2026-06-06 21:40:00,2974168
82.7,44.6,82.2,59.0,2026-06-06 22:00:00,2974168
82.0,46.3,81.5,59.4,2026-06-06 22:20:00,2974168
81.4,47.7,81.1,59.6,2026-06-06 22:40:00,2974168
81.0,48.5,81.0,59.8,2026-06-06 23:00:00,2974168
80.4,49.3,80.2,59.7,2026-06-06 23:20:00,2974168
79.9,50.3,79.5,59.8,2026-06-06 23:40:00,2974168
79.2,51.6,79.0,59.8,2026-06-07 00:00:00,2974168
78.6,53.2,78.3,60.1,2026-06-07 00:20:00,2974168
78.4,54.5,78.3,60.6,2026-06-07 00:40:00,2974168
78.0,55.8,77.9,60.9,2026-06-07 01:00:00,2974168
77.3,57.2,77.0,61.0,2026-06-07 01:20:00,2974168
76.8,58.5,76.6,61.2,2026-06-07 01:40:00,2974168
76.0,59.9,75.7,61.1,2026-06-07 02:00:00,2974168
75.0,62.1,75.0,61.2,2026-06-07 02:20:00,2974168
74.8,62.9,74.8,61.3,2026-06-07 02:40:00,2974168
74.7,63.5,75.0,61.5,2026-06-07 03:00:00,2974168
74.3,64.3,74.5,61.4,2026-06-07 03:20:00,2974168
73.4,65.8,73.8,61.3,2026-06-07 03:40:00,2974168
73.4,66.2,73.8,61.4,2026-06-07 04:00:00,2974168
72.8,67.0,73.2,61.2,2026-06-07 04:20:00,2974168
72.4,68.2,72.9,61.4,2026-06-07 04:40:00,2974168
71.3,69.7,72.0,60.9,2026-06-07 05:00:00,2974168
70.7,71.6,71.1,61.1,2026-06-07 05:20:00,2974168
70.7,72.2,71.6,61.3,2026-06-07 05:40:00,2974168
70.4,73.0,71.1,61.3,2026-06-07 06:00:00,2974168
70.6,73.4,71.2,61.7,2026-06-07 06:20:00,2974168
71.3,72.7,72.1,62.1,2026-06-07 06:40:00,2974168
72.1,71.8,72.7,62.5,2026-06-07 07:00:00,2974168
73.2,70.6,73.9,63.1,2026-06-07 07:20:00,2974168
74.2,69.3,75.0,63.5,2026-06-07 07:40:00,2974168
76.1,66.4,76.6,64.1,2026-06-07 08:00:00,2974168
77.7,63.4,78.4,64.3,2026-06-07 08:20:00,2974168
78.9,61.1,79.9,64.3,2026-06-07 08:40:00,2974168
80.8,57.9,82.4,64.7,2026-06-07 09:00:00,2974168
82.8,54.1,84.6,64.5,2026-06-07 09:20:00,2974168
84.0,51.2,85.8,64.1,2026-06-07 09:40:00,2974168
86.0,48.7,88.5,64.4,2026-06-07 10:00:00,2974168
86.5,46.9,88.7,63.8,2026-06-07 10:20:00,2974168
87.6,45.0,90.0,63.6,2026-06-07 10:40:00,2974168
88.5,44.2,91.0,63.9,2026-06-07 11:00:00,2974168
89.4,42.1,91.9,63.3,2026-06-07 11:20:00,2974168
91.0,40.3,94.3,63.5,2026-06-07 11:40:00,2974168
91.2,39.4,94.3,63.0,2026-06-07 12:00:00,2974168
93.5,34.9,96.1,61.7,2026-06-07 12:20:00,2974168
93.4,34.0,95.4,60.8,2026-06-07 12:40:00,2974168
95.5,33.8,99.1,62.5,2026-06-07 13:00:00,2974168
95.8,33.5,99.5,62.5,2026-06-07 13:20:00,2974168
97.4,30.6,100.6,61.3,2026-06-07 13:40:00,2974168
96.1,30.0,98.2,59.7,2026-06-07 14:00:00,2974168
99.4,29.8,103.3,62.3,2026-06-07 14:20:00,2974168
98.4,30.0,101.8,61.6,2026-06-07 14:40:00,2974168
96.5,29.3,98.2,59.4,2026-06-07 15:00:00,2974168
98.3,30.0,101.7,61.5,2026-06-07 15:20:00,2974168
100.5,28.8,104.5,62.3,2026-06-07 15:40:00,2974168
99.0,29.4,102.4,61.5,2026-06-07 16:00:00,2974168
99.2,31.0,103.8,63.2,2026-06-07 16:20:00,2974168
99.3,30.3,103.6,62.8,2026-06-07 16:40:00,2974168
99.7,28.9,103.3,61.7,2026-06-07 17:00:00,2974168
101.6,29.3,106.9,63.8,2026-06-07 17:20:00,2974168
98.5,32.3,103.5,63.9,2026-06-07 17:40:00,2974168
97.1,34.4,102.4,64.4,2026-06-07 18:00:00,2974168
94.1,35.9,97.9,63.0,2026-06-07 18:20:00,2974168
93.4,36.2,96.6,62.6,2026-06-07 18:40:00,2974168
92.6,37.2,95.9,62.7,2026-06-07 19:00:00,2974168
91.5,37.7,94.3,62.0,2026-06-07 19:20:00,2974168
90.6,38.4,93.0,61.9,2026-06-07 19:40:00,2974168
90.1,38.6,91.9,61.5,2026-06-07 20:00:00,2974168
89.4,39.4,91.2,61.5,2026-06-07 20:20:00,2974168
88.8,39.7,90.3,61.2,2026-06-07 20:40:00,2974168
88.2,41.1,89.8,61.6,2026-06-07 21:00:00,2974168
87.5,42.3,89.1,61.7,2026-06-07 21:20:00,2974168
86.5,43.5,87.8,61.7,2026-06-07 21:40:00,2974168
85.8,45.2,87.1,62.1,2026-06-07 22:00:00,2974168
84.9,46.9,86.5,62.4,2026-06-07 22:20:00,2974168
84.4,47.6,85.8,62.3,2026-06-07 22:40:00,2974168
83.9,48.0,84.9,62.2,2026-06-07 23:00:00,2974168
83.4,48.6,84.2,62.0,2026-06-07 23:20:00,2974168
83.0,49.7,83.8,62.3,2026-06-07 23:40:00,2974168
82.8,51.3,84.0,63.0,2026-06-08 00:00:00,2974168
82.3,52.7,83.5,63.3,2026-06-08 00:20:00,2974168
81.9,53.9,83.1,63.6,2026-06-08 00:40:00,2974168
81.3,55.0,82.4,63.6,2026-06-08 01:00:00,2974168
80.6,56.3,81.5,63.6,2026-06-08 01:20:00,2974168
80.1,57.6,81.3,63.8,2026-06-08 01:40:00,2974168
79.7,58.6,80.6,63.9,2026-06-08 02:00:00,2974168
79.5,59.2,80.4,64.0,2026-06-08 02:20:00,2974168
79.0,60.2,80.2,64.0,2026-06-08 02:40:00,2974168
78.6,61.4,79.3,64.2,2026-06-08 03:00:00,2974168
78.2,62.3,79.2,64.3,2026-06-08 03:20:00,2974168
77.7,63.5,78.4,64.3,2026-06-08 03:40:00,2974168
77.5,63.8,78.1,64.3,2026-06-08 04:00:00,2974168
76.9,65.2,77.5,64.3,2026-06-08 04:20:00,2974168
76.3,66.8,76.8,64.5,2026-06-08 04:40:00,2974168
75.3,69.0,75.9,64.4,2026-06-08 05:00:00,2974168
74.6,70.8,75.4,64.5,2026-06-08 05:20:00,2974168
74.0,72.4,75.0,64.6,2026-06-08 05:40:00,2974168
73.7,73.8,74.8,64.8,2026-06-08 06:00:00,2974168
73.3,75.0,74.3,64.9,2026-06-08 06:20:00,2974168
73.5,76.0,74.7,65.4,2026-06-08 06:40:00,2974168
74.2,76.2,75.6,66.3,2026-06-08 07:00:00,2974168
75.6,73.1,76.8,66.4,2026-06-08 07:20:00,2974168
77.1,69.8,78.4,66.5,2026-06-08 07:40:00,2974168
78.9,66.3,81.0,66.7,2026-06-08 08:00:00,2974168
80.4,64.9,83.1,67.5,2026-06-08 08:20:00,2974168
82.1,61.5,85.1,67.5,2026-06-08 08:40:00,2974168
83.5,58.9,87.3,67.6,2026-06-08 09:00:00,2974168
84.9,55.4,88.7,67.2,2026-06-08 09:20:00,2974168
87.2,53.3,92.3,68.1,2026-06-08 09:40:00,2974168
88.5,50.5,93.6,67.7,2026-06-08 10:00:00,2974168
89.5,49.7,95.7,68.2,2026-06-08 10:20:00,2974168
89.0,46.5,93.0,65.8,2026-06-08 10:40:00,2974168
91.8,46.6,99.0,68.4,2026-06-08 11:00:00,2974168
92.4,46.0,99.7,68.6,2026-06-08 11:20:00,2974168
92.1,42.0,97.0,65.7,2026-06-08 11:40:00,2974168
91.9,41.6,96.4,65.2,2026-06-08 12:00:00,2974168
92.9,40.6,98.1,65.5,2026-06-08 12:20:00,2974168
93.4,40.3,98.4,65.6,2026-06-08 12:40:00,2974168
91.9,39.9,96.1,64.1,2026-06-08 13:00:00,2974168
96.3,38.4,103.5,66.8,2026-06-08 13:20:00,2974168
93.3,37.0,96.8,63.1,2026-06-08 13:40:00,2974168
95.9,36.7,101.7,65.2,2026-06-08 14:00:00,2974168
95.9,35.9,101.3,64.6,2026-06-08 14:20:00,2974168
94.6,36.7,99.0,64.1,2026-06-08 14:40:00,2974168
95.4,36.2,100.4,64.4,2026-06-08 15:00:00,2974168
94.8,37.6,100.2,64.9,2026-06-08 15:20:00,2974168
95.8,37.6,102.0,65.8,2026-06-08 15:40:00,2974168
95.4,36.0,100.2,64.2,2026-06-08 16:00:00,2974168
92.8,37.7,96.3,63.2,2026-06-08 16:20:00,2974168
95.2,35.7,99.5,63.8,2026-06-08 16:40:00,2974168
96.1,34.9,100.6,63.9,2026-06-08 17:00:00,2974168
95.7,35.6,100.4,64.1,2026-06-08 17:20:00,2974168
93.8,34.7,96.8,61.8,2026-06-08 17:40:00,2974168
93.0,36.4,95.9,62.4,2026-06-08 18:00:00,2974168
91.0,37.8,93.4,61.7,2026-06-08 18:20:00,2974168
90.5,38.2,92.8,61.6,2026-06-08 18:40:00,2974168
89.9,38.8,91.9,61.5,2026-06-08 19:00:00,2974168
88.8,40.1,90.5,61.4,2026-06-08 19:20:00,2974168
87.8,41.9,89.4,61.8,2026-06-08 19:40:00,2974168
86.2,45.8,88.2,62.9,2026-06-08 20:00:00,2974168
84.7,48.0,86.2,62.9,2026-06-08 20:20:00,2974168
83.7,50.1,85.3,63.1,2026-06-08 20:40:00,2974168
82.4,52.4,83.3,63.2,2026-06-08 21:00:00,2974168
81.2,54.1,82.0,63.0,2026-06-08 21:20:00,2974168
80.2,55.5,81.0,62.9,2026-06-08 21:40:00,2974168
79.2,57.4,79.9,62.9,2026-06-08 22:00:00,2974168
78.0,59.8,78.4,62.9,2026-06-08 22:20:00,2974168
76.6,61.9,76.6,62.6,2026-06-08 22:40:00,2974168
75.4,63.2,75.7,62.0,2026-06-08 23:00:00,2974168
74.4,64.7,74.7,61.8,2026-06-08 23:20:00,2974168
73.4,65.2,73.8,61.1,2026-06-08 23:40:00,2974168
72.3,65.9,72.7,60.3,2026-06-09 00:00:00,2974168
71.7,67.0,72.1,60.2,2026-06-09 00:20:00,2974168
71.0,67.9,71.4,59.9,2026-06-09 00:40:00,2974168
70.5,68.1,70.7,59.5,2026-06-09 01:00:00,2974168
69.9,67.2,70.0,58.5,2026-06-09 01:20:00,2974168
69.5,66.2,69.4,57.8,2026-06-09 01:40:00,2974168
68.9,67.5,68.7,57.7,2026-06-09 02:00:00,2974168
68.4,68.1,68.0,57.4,2026-06-09 02:20:00,2974168
68.0,68.6,67.5,57.3,2026-06-09 02:40:00,2974168
68.1,69.4,67.6,57.7,2026-06-09 03:00:00,2974168
68.0,70.6,67.5,58.1,2026-06-09 03:20:00,2974168
67.9,71.2,67.5,58.3,2026-06-09 03:40:00,2974168
67.9,71.6,67.6,58.4,2026-06-09 04:00:00,2974168
67.6,70.2,66.9,57.5,2026-06-09 04:20:00,2974168
67.2,68.4,66.4,56.4,2026-06-09 04:40:00,2974168
67.1,67.8,66.4,56.1,2026-06-09 05:00:00,2974168
66.8,67.2,65.7,55.6,2026-06-09 05:20:00,2974168
66.3,66.9,64.9,55.0,2026-06-09 05:40:00,2974168
66.1,67.3,64.8,54.9,2026-06-09 06:00:00,2974168
66.4,67.4,65.3,55.3,2026-06-09 06:20:00,2974168
66.4,67.3,65.3,55.2,2026-06-09 06:40:00,2974168
67.2,66.9,66.2,55.8,2026-06-09 07:00:00,2974168
67.5,66.4,66.7,55.9,2026-06-09 07:20:00,2974168
67.0,65.9,65.8,55.2,2026-06-09 07:40:00,2974168
67.5,66.0,66.6,55.7,2026-06-09 08:00:00,2974168
69.0,65.6,68.5,57.0,2026-06-09 08:20:00,2974168
70.7,60.8,70.5,56.5,2026-06-09 08:40:00,2974168
72.0,58.6,71.8,56.7,2026-06-09 09:00:00,2974168
74.0,59.0,73.8,58.8,2026-06-09 09:20:00,2974168
74.5,58.9,74.3,59.2,2026-06-09 09:40:00,2974168
76.4,57.3,75.9,60.2,2026-06-09 10:00:00,2974168
76.9,56.3,76.3,60.2,2026-06-09 10:20:00,2974168
78.7,54.7,78.6,61.0,2026-06-09 10:40:00,2974168
81.1,50.7,81.1,61.1,2026-06-09 11:00:00,2974168
80.0,48.4,79.5,58.8,2026-06-09 11:20:00,2974168
82.6,48.5,83.1,61.2,2026-06-09 11:40:00,2974168
83.0,48.5,83.7,61.6,2026-06-09 12:00:00,2974168
84.6,48.5,86.4,63.0,2026-06-09 12:20:00,2974168
86.0,47.1,88.3,63.5,2026-06-09 12:40:00,2974168
86.5,48.3,89.2,64.7,2026-06-09 13:00:00,2974168
88.2,48.3,92.5,66.2,2026-06-09 13:20:00,2974168
85.7,51.8,89.2,66.0,2026-06-09 13:40:00,2974168
88.0,51.2,93.2,67.8,2026-06-09 14:00:00,2974168
88.1,49.8,92.7,67.0,2026-06-09 14:20:00,2974168
87.9,50.7,92.7,67.3,2026-06-09 14:40:00,2974168
87.9,51.1,92.8,67.6,2026-06-09 15:00:00,2974168
90.8,48.9,97.9,68.9,2026-06-09 15:20:00,2974168
89.6,48.1,95.2,67.4,2026-06-09 15:40:00,2974168
89.8,48.3,95.7,67.7,2026-06-09 16:00:00,2974168
89.1,49.7,94.8,67.9,2026-06-09 16:20:00,2974168
87.2,51.6,91.8,67.2,2026-06-09 16:40:00,2974168
87.9,51.4,93.0,67.8,2026-06-09 17:00:00,2974168
88.9,50.9,94.8,68.4,2026-06-09 17:20:00,2974168
88.2,50.5,93.2,67.5,2026-06-09 17:40:00,2974168
88.4,50.5,93.6,67.7,2026-06-09 18:00:00,2974168
87.2,52.3,91.9,67.6,2026-06-09 18:20:00,2974168
86.2,53.8,90.9,67.5,2026-06-09 18:40:00,2974168
85.3,55.4,89.6,67.6,2026-06-09 19:00:00,2974168
85.3,56.0,89.8,67.9,2026-06-09 19:20:00,2974168
85.1,57.0,90.0,68.2,2026-06-09 19:40:00,2974168
84.5,57.9,88.7,68.1,2026-06-09 20:00:00,2974168
83.8,59.1,87.6,68.0,2026-06-09 20:20:00,2974168
83.1,60.2,86.9,67.9,2026-06-09 20:40:00,2974168
82.5,61.1,85.6,67.7,2026-06-09 21:00:00,2974168
81.7,62.6,84.7,67.7,2026-06-09 21:20:00,2974168
80.9,64.2,83.8,67.7,2026-06-09 21:40:00,2974168
80.2,66.1,82.9,67.9,2026-06-09 22:00:00,2974168
79.5,67.6,82.2,67.8,2026-06-09 22:20:00,2974168
78.9,69.3,81.5,68.0,2026-06-09 22:40:00,2974168
79.4,69.3,82.4,68.4,2026-06-09 23:00:00,2974168
79.9,69.0,82.9,68.8,2026-06-09 23:20:00,2974168
80.0,70.6,83.7,69.5,2026-06-09 23:40:00,2974168
79.8,72.0,83.5,69.9,2026-06-10 00:00:00,2974168
79.4,73.6,83.3,70.2,2026-06-10 00:20:00,2974168
79.0,75.1,82.9,70.4,2026-06-10 00:40:00,2974168
78.5,76.3,82.0,70.4,2026-06-10 01:00:00,2974168
78.3,77.1,81.9,70.6,2026-06-10 01:20:00,2974168
77.8,78.0,81.0,70.4,2026-06-10 01:40:00,2974168
77.6,78.6,80.8,70.4,2026-06-10 02:00:00,2974168
77.0,79.7,79.5,70.2,2026-06-10 02:20:00,2974168
76.7,80.2,79.2,70.1,2026-06-10 02:40:00,2974168
76.3,80.8,78.6,69.9,2026-06-10 03:00:00,2974168
75.8,81.8,78.1,69.8,2026-06-10 03:20:00,2974168
75.7,82.3,77.9,69.9,2026-06-10 03:40:00,2974168
75.7,82.5,77.9,70.0,2026-06-10 04:00:00,2974168
75.5,82.9,77.7,69.9,2026-06-10 04:20:00,2974168
75.3,83.3,77.7,69.9,2026-06-10 04:40:00,2974168
75.1,83.5,77.5,69.8,2026-06-10 05:00:00,2974168
75.1,83.8,77.5,69.8,2026-06-10 05:20:00,2974168
75.0,83.9,77.2,69.8,2026-06-10 05:40:00,2974168
75.0,84.0,77.2,69.8,2026-06-10 06:00:00,2974168
75.2,84.1,77.7,70.1,2026-06-10 06:20:00,2974168
75.5,84.0,77.9,70.3,2026-06-10 06:40:00,2974168
75.8,83.6,78.4,70.5,2026-06-10 07:00:00,2974168
76.0,83.4,78.6,70.6,2026-06-10 07:20:00,2974168
76.2,83.1,78.6,70.7,2026-06-10 07:40:00,2974168
76.6,82.8,79.2,71.0,2026-06-10 08:00:00,2974168
77.3,81.1,80.4,71.1,2026-06-10 08:20:00,2974168
78.2,79.1,81.9,71.2,2026-06-10 08:40:00,2974168
79.6,77.5,84.4,72.0,2026-06-10 09:00:00,2974168
80.9,73.5,85.8,71.7,2026-06-10 09:20:00,2974168
81.5,72.1,86.7,71.6,2026-06-10 09:40:00,2974168
83.3,69.8,90.1,72.4,2026-06-10 10:00:00,2974168
84.0,67.8,90.7,72.2,2026-06-10 10:20:00,2974168
86.0,63.6,94.1,72.2,2026-06-10 10:40:00,2974168
86.3,62.1,93.9,71.8,2026-06-10 11:00:00,2974168
86.6,60.1,93.7,71.1,2026-06-10 11:20:00,2974168
87.3,59.9,95.0,71.7,2026-06-10 11:40:00,2974168
88.1,57.5,95.7,71.2,2026-06-10 12:00:00,2974168
89.7,53.8,97.9,70.7,2026-06-10 12:20:00,2974168
90.4,53.2,99.1,71.0,2026-06-10 12:40:00,2974168
89.8,53.2,97.5,70.4,2026-06-10 13:00:00,2974168
91.0,48.9,98.2,69.0,2026-06-10 13:20:00,2974168
94.6,46.1,104.2,70.7,2026-06-10 13:40:00,2974168
92.6,46.4,100.2,69.0,2026-06-10 14:00:00,2974168
91.0,48.9,98.2,69.1,2026-06-10 14:20:00,2974168
90.4,50.5,98.1,69.5,2026-06-10 14:40:00,2974168
92.8,47.2,100.9,69.7,2026-06-10 15:00:00,2974168
98.0,42.7,109.6,71.5,2026-06-10 15:20:00,2974168
92.7,42.7,98.6,66.7,2026-06-10 15:40:00,2974168
92.9,44.7,100.0,68.2,2026-06-10 16:00:00,2974168
96.0,43.5,105.8,70.2,2026-06-10 16:20:00,2974168
97.0,42.7,107.6,70.6,2026-06-10 16:40:00,2974168
94.7,43.2,102.7,68.8,2026-06-10 17:00:00,2974168
94.5,43.7,102.7,69.0,2026-06-10 17:20:00,2974168
95.6,42.2,104.4,69.0,2026-06-10 17:40:00,2974168
96.8,41.7,106.3,69.7,2026-06-10 18:00:00,2974168
93.0,44.9,100.0,68.4,2026-06-10 18:20:00,2974168
91.5,46.4,98.1,68.1,2026-06-10 18:40:00,2974168
90.6,48.2,97.2,68.4,2026-06-10 19:00:00,2974168
91.0,48.1,97.9,68.6,2026-06-10 19:20:00,2974168
90.1,48.5,96.6,68.1,2026-06-10 19:40:00,2974168
89.2,49.8,94.8,68.0,2026-06-10 20:00:00,2974168
88.6,51.0,94.3,68.1,2026-06-10 20:20:00,2974168
87.9,52.1,93.2,68.1,2026-06-10 20:40:00,2974168
87.3,53.0,92.5,68.1,2026-06-10 21:00:00,2974168
86.7,54.5,92.1,68.4,2026-06-10 21:20:00,2974168
86.3,56.2,91.6,68.9,2026-06-10 21:40:00,2974168
85.7,57.4,91.0,69.0,2026-06-10 22:00:00,2974168
85.2,58.8,90.5,69.1,2026-06-10 22:20:00,2974168
84.7,59.9,89.6,69.2,2026-06-10 22:40:00,2974168
84.2,60.9,88.9,69.2,2026-06-10 23:00:00,2974168
83.7,62.1,88.5,69.3,2026-06-10 23:20:00,2974168
83.2,62.9,87.6,69.3,2026-06-10 23:40:00,2974168
82.8,64.0,87.1,69.3,2026-06-11 00:00:00,2974168
82.5,64.8,86.7,69.4,2026-06-11 00:20:00,2974168
82.2,65.5,86.2,69.5,2026-06-11 00:40:00,2974168
81.9,66.5,86.0,69.6,2026-06-11 01:00:00,2974168
81.4,67.1,85.3,69.5,2026-06-11 01:20:00,2974168
81.3,67.6,85.1,69.5,2026-06-11 01:40:00,2974168
80.6,68.7,84.0,69.3,2026-06-11 02:00:00,2974168
79.9,69.9,83.1,69.2,2026-06-11 02:20:00,2974168
79.3,70.8,82.4,69.0,2026-06-11 02:40:00,2974168
78.9,71.3,81.9,68.8,2026-06-11 03:00:00,2974168
78.4,72.1,81.0,68.6,2026-06-11 03:20:00,2974168
78.0,72.8,80.4,68.6,2026-06-11 03:40:00,2974168
77.6,73.6,79.9,68.5,2026-06-11 04:00:00,2974168
77.1,74.5,79.0,68.3,2026-06-11 04:20:00,2974168
76.8,74.7,78.3,68.1,2026-06-11 04:40:00,2974168
76.6,74.9,78.1,68.0,2026-06-11 05:00:00,2974168
76.5,74.7,78.1,67.8,2026-06-11 05:20:00,2974168
76.1,75.0,77.7,67.6,2026-06-11 05:40:00,2974168
75.8,75.3,77.4,67.5,2026-06-11 06:00:00,2974168
75.9,75.3,77.4,67.5,2026-06-11 06:20:00,2974168
76.0,75.3,77.5,67.6,2026-06-11 06:40:00,2974168
76.4,75.0,77.7,67.9,2026-06-11 07:00:00,2974168
77.2,74.3,79.3,68.4,2026-06-11 07:20:00,2974168
78.2,72.9,80.8,68.7,2026-06-11 07:40:00,2974168
79.1,72.0,82.2,69.3,2026-06-11 08:00:00,2974168
80.7,70.3,84.7,70.2,2026-06-11 08:20:00,2974168
82.6,67.8,87.8,70.9,2026-06-11 08:40:00,2974168
84.0,65.0,90.3,71.0,2026-06-11 09:00:00,2974168
86.5,63.2,94.6,72.5,2026-06-11 09:20:00,2974168
87.0,60.7,94.6,71.8,2026-06-11 09:40:00,2974168
89.1,57.0,98.1,71.8,2026-06-11 10:00:00,2974168
89.4,55.3,97.7,71.2,2026-06-11 10:20:00,2974168
91.2,53.3,101.3,71.9,2026-06-11 10:40:00,2974168
93.4,51.1,104.9,72.6,2026-06-11 11:00:00,2974168
94.4,48.4,105.3,71.9,2026-06-11 11:20:00,2974168
94.7,46.0,104.5,70.7,2026-06-11 11:40:00,2974168
97.0,43.7,108.0,71.2,2026-06-11 12:00:00,2974168
95.8,44.5,106.0,70.7,2026-06-11 12:20:00,2974168
99.3,41.9,111.9,72.1,2026-06-11 12:40:00,2974168
97.8,41.3,108.3,70.3,2026-06-11 13:00:00,2974168
98.8,40.5,109.4,70.6,2026-06-11 13:20:00,2974168
96.6,41.8,106.0,69.6,2026-06-11 13:40:00,2974168
101.4,39.2,114.6,71.9,2026-06-11 14:00:00,2974168
100.1,38.4,111.0,70.2,2026-06-11 14:20:00,2974168
103.8,34.4,115.5,70.2,2026-06-11 14:40:00,2974168
101.1,35.7,111.4,69.0,2026-06-11 15:00:00,2974168
102.8,33.0,112.3,68.1,2026-06-11 15:20:00,2974168
103.7,30.4,111.7,66.6,2026-06-11 15:40:00,2974168
105.4,31.8,116.2,69.3,2026-06-11 16:00:00,2974168
105.8,30.5,115.9,68.4,2026-06-11 16:20:00,2974168
102.6,33.9,112.8,68.8,2026-06-11 16:40:00,2974168
100.6,35.9,109.9,68.6,2026-06-11 17:00:00,2974168
99.3,38.4,109.6,69.5,2026-06-11 17:20:00,2974168
97.8,39.0,106.9,68.7,2026-06-11 17:40:00,2974168
96.1,40.9,104.4,68.5,2026-06-11 18:00:00,2974168
80.9,74.1,86.0,71.9,2026-06-11 18:20:00,2974168
79.8,85.2,86.4,74.9,2026-06-11 18:40:00,2974168
79.9,85.5,86.5,75.1,2026-06-11 19:00:00,2974168
80.4,87.3,88.2,76.3,2026-06-11 19:20:00,2974168
80.9,87.1,89.4,76.6,2026-06-11 19:40:00,2974168
80.6,89.1,89.4,77.1,2026-06-11 20:00:00,2974168
80.8,90.2,90.1,77.7,2026-06-11 20:20:00,2974168
79.7,89.5,87.4,76.3,2026-06-11 20:40:00,2974168
79.3,90.1,86.4,76.1,2026-06-11 21:00:00,2974168
78.9,90.3,85.6,75.8,2026-06-11 21:20:00,2974168
79.0,90.4,86.0,75.9,2026-06-11 21:40:00,2974168
81.1,82.2,88.3,75.1,2026-06-11 22:00:00,2974168
81.4,78.6,88.2,74.0,2026-06-11 22:20:00,2974168
82.2,74.3,88.3,73.2,2026-06-11 22:40:00,2974168
83.1,69.5,89.6,72.1,2026-06-11 23:00:00,2974168
82.0,70.3,87.1,71.4,2026-06-11 23:20:00,2974168
82.7,69.4,88.2,71.7,2026-06-11 23:40:00,2974168
83.0,66.2,88.2,70.6,2026-06-12 00:00:00,2974168
82.8,66.2,87.8,70.4,2026-06-12 00:20:00,2974168
82.4,67.0,86.9,70.3,2026-06-12 00:40:00,2974168
81.8,68.7,86.2,70.5,2026-06-12 01:00:00,2974168
81.7,68.5,86.2,70.4,2026-06-12 01:20:00,2974168
81.5,69.4,86.2,70.5,2026-06-12 01:40:00,2974168
81.4,70.1,86.0,70.8,2026-06-12 02:00:00,2974168
81.2,71.1,86.0,70.9,2026-06-12 02:20:00,2974168
81.2,71.4,86.0,71.1,2026-06-12 02:40:00,2974168
81.0,72.2,85.8,71.2,2026-06-12 03:00:00,2974168
80.8,72.8,85.6,71.3,2026-06-12 03:20:00,2974168
80.4,73.8,84.9,71.3,2026-06-12 03:40:00,2974168
80.1,74.7,84.7,71.3,2026-06-12 04:00:00,2974168
79.9,75.5,84.6,71.5,2026-06-12 04:20:00,2974168
79.7,76.5,84.2,71.6,2026-06-12 04:40:00,2974168
79.6,77.0,84.2,71.7,2026-06-12 05:00:00,2974168
79.5,77.5,84.0,71.8,2026-06-12 05:20:00,2974168
79.1,78.4,83.5,71.8,2026-06-12 05:40:00,2974168
79.2,78.9,84.0,72.1,2026-06-12 06:00:00,2974168
79.0,79.4,83.8,72.1,2026-06-12 06:20:00,2974168
79.3,79.6,84.2,72.4,2026-06-12 06:40:00,2974168
80.0,79.0,85.5,72.9,2026-06-12 07:00:00,2974168
81.2,77.2,87.4,73.3,2026-06-12 07:20:00,2974168
82.4,75.2,89.4,73.7,2026-06-12 07:40:00,2974168
83.5,72.9,91.4,73.9,2026-06-12 08:00:00,2974168
84.0,71.6,92.5,73.9,2026-06-12 08:20:00,2974168
85.5,69.5,95.2,74.4,2026-06-12 08:40:00,2974168
87.5,65.3,98.1,74.5,2026-06-12 09:00:00,2974168
89.1,60.8,99.7,73.7,2026-06-12 09:20:00,2974168
90.7,57.8,102.4,73.8,2026-06-12 09:40:00,2974168
92.5,53.5,103.8,73.1,2026-06-12 10:00:00,2974168
93.6,50.8,105.1,72.6,2026-06-12 10:20:00,2974168
95.5,46.5,106.5,71.7,2026-06-12 10:40:00,2974168
95.5,43.4,104.5,69.7,2026-06-12 11:00:00,2974168
97.3,42.8,108.0,70.8,2026-06-12 11:20:00,2974168
99.5,39.3,110.7,70.4,2026-06-12 11:40:00,2974168
98.8,38.5,108.5,69.1,2026-06-12 12:00:00,2974168
100.3,36.2,109.8,68.6,2026-06-12 12:20:00,2974168
98.7,38.5,108.3,69.1,2026-06-12 12:40:00,2974168
100.5,34.3,108.7,67.2,2026-06-12 13:00:00,2974168
101.9,33.9,111.2,68.1,2026-06-12 13:20:00,2974168
100.7,32.6,107.8,65.9,2026-06-12 13:40:00,2974168
102.3,31.4,109.9,66.3,2026-06-12 14:00:00,2974168
102.3,30.6,109.0,65.6,2026-06-12 14:20:00,2974168
105.2,30.4,114.4,67.9,2026-06-12 14:40:00,2974168
103.6,30.1,111.4,66.2,2026-06-12 15:00:00,2974168
105.5,29.9,114.6,67.6,2026-06-12 15:20:00,2974168
106.0,26.4,112.8,64.5,2026-06-12 15:40:00,2974168
106.3,27.7,114.3,66.1,2026-06-12 16:00:00,2974168
106.6,28.5,115.5,67.1,2026-06-12 16:20:00,2974168
106.3,28.9,115.2,67.4,2026-06-12 16:40:00,2974168
107.9,28.2,117.7,67.9,2026-06-12 17:00:00,2974168
105.4,28.6,113.4,66.3,2026-06-12 17:20:00,2974168
106.6,27.6,114.8,66.3,2026-06-12 17:40:00,2974168
104.5,27.3,110.7,64.1,2026-06-12 18:00:00,2974168
101.8,29.6,107.4,64.1,2026-06-12 18:20:00,2974168
99.8,32.3,105.6,64.9,2026-06-12 18:40:00,2974168
98.9,34.3,105.4,65.9,2026-06-12 19:00:00,2974168
98.4,34.6,104.7,65.7,2026-06-12 19:20:00,2974168
97.8,35.0,104.0,65.5,2026-06-12 19:40:00,2974168
96.9,36.4,103.3,65.8,2026-06-12 20:00:00,2974168
95.6,38.3,101.8,66.2,2026-06-12 20:20:00,2974168
94.8,39.1,101.1,66.0,2026-06-12 20:40:00,2974168
93.0,42.0,98.6,66.5,2026-06-12 21:00:00,2974168
93.6,41.8,99.9,66.9,2026-06-12 21:20:00,2974168
93.3,42.3,99.5,67.0,2026-06-12 21:40:00,2974168
92.5,44.3,99.1,67.6,2026-06-12 22:00:00,2974168
90.9,46.0,96.8,67.2,2026-06-12 22:20:00,2974168
89.4,49.6,95.2,68.1,2026-06-12 22:40:00,2974168
89.5,46.6,94.3,66.4,2026-06-12 23:00:00,2974168
88.5,46.6,92.1,65.4,2026-06-12 23:20:00,2974168
87.7,46.2,90.5,64.4,2026-06-12 23:40:00,2974168
86.7,46.1,88.9,63.5,2026-06-13 00:00:00,2974168
85.7,48.0,88.0,63.8,2026-06-13 00:20:00,2974168
84.4,50.5,86.5,64.0,2026-06-13 00:40:00,2974168
83.0,52.5,84.6,63.8,2026-06-13 01:00:00,2974168
82.1,55.3,83.7,64.5,2026-06-13 01:20:00,2974168
82.4,55.4,84.0,64.8,2026-06-13 01:40:00,2974168
81.9,56.6,83.7,65.0,2026-06-13 02:00:00,2974168
81.3,58.1,82.9,65.1,2026-06-13 02:20:00,2974168
80.8,58.6,82.6,64.9,2026-06-13 02:40:00,2974168
80.1,60.6,81.9,65.2,2026-06-13 03:00:00,2974168
79.5,62.1,81.1,65.4,2026-06-13 03:20:00,2974168
78.5,64.0,79.9,65.4,2026-06-13 03:40:00,2974168
78.0,66.2,79.5,65.8,2026-06-13 04:00:00,2974168
77.5,67.0,78.6,65.7,2026-06-13 04:20:00,2974168
77.0,68.1,78.3,65.7,2026-06-13 04:40:00,2974168
76.5,69.9,77.5,65.9,2026-06-13 05:00:00,2974168
75.8,71.4,76.8,65.9,2026-06-13 05:20:00,2974168
75.5,73.4,76.6,66.3,2026-06-13 05:40:00,2974168
75.0,74.6,76.1,66.4,2026-06-13 06:00:00,2974168
74.8,75.8,76.1,66.7,2026-06-13 06:20:00,2974168
74.6,76.7,76.1,66.7,2026-06-13 06:40:00,2974168
75.3,76.5,76.8,67.4,2026-06-13 07:00:00,2974168
76.5,75.5,78.3,68.2,2026-06-13 07:20:00,2974168
78.8,70.1,81.5,68.2,2026-06-13 07:40:00,2974168
80.7,66.2,84.0,68.4,2026-06-13 08:00:00,2974168
82.5,63.5,86.4,68.9,2026-06-13 08:20:00,2974168
84.7,58.7,89.4,68.6,2026-06-13 08:40:00,2974168
86.2,56.6,91.8,69.0,2026-06-13 09:00:00,2974168
88.0,53.7,94.1,69.1,2026-06-13 09:20:00,2974168
89.3,51.6,96.1,69.1,2026-06-13 09:40:00,2974168
90.2,50.5,97.5,69.3,2026-06-13 10:00:00,2974168
90.4,50.2,97.9,69.4,2026-06-13 10:20:00,2974168
90.7,49.7,98.2,69.3,2026-06-13 10:40:00,2974168
92.2,48.4,100.6,69.9,2026-06-13 11:00:00,2974168
92.7,47.4,101.1,69.7,2026-06-13 11:20:00,2974168
93.0,47.2,101.7,69.9,2026-06-13 11:40:00,2974168
94.2,45.1,102.7,69.7,2026-06-13 12:00:00,2974168
95.3,43.3,104.0,69.4,2026-06-13 12:20:00,2974168
94.2,43.7,102.0,68.7,2026-06-13 12:40:00,2974168
97.5,42.0,108.3,70.5,2026-06-13 13:00:00,2974168
96.0,41.0,104.4,68.5,2026-06-13 13:20:00,2974168
97.1,40.5,106.3,69.2,2026-06-13 13:40:00,2974168
98.6,39.4,108.9,69.7,2026-06-13 14:00:00,2974168
96.9,41.0,106.2,69.3,2026-06-13 14:20:00,2974168
97.8,40.6,107.8,69.8,2026-06-13 14:40:00,2974168
96.4,39.3,104.2,67.6,2026-06-13 15:00:00,2974168
95.7,38.9,102.7,66.7,2026-06-13 15:20:00,2974168
99.7,36.9,109.2,68.7,2026-06-13 15:40:00,2974168
96.7,39.6,104.9,68.1,2026-06-13 16:00:00,2974168
98.7,38.4,108.1,68.9,2026-06-13 16:20:00,2974168
101.4,34.5,110.7,68.2,2026-06-13 16:40:00,2974168
97.6,36.4,104.7,66.5,2026-06-13 17:00:00,2974168
94.8,40.2,101.7,66.8,2026-06-13 17:20:00,2974168
96.7,38.0,104.0,66.9,2026-06-13 17:40:00,2974168
98.3,37.1,106.5,67.7,2026-06-13 18:00:00,2974168
98.4,35.7,105.8,66.6,2026-06-13 18:20:00,2974168
96.9,37.0,103.6,66.3,2026-06-13 18:40:00,2974168
95.8,38.8,102.6,66.7,2026-06-13 19:00:00,2974168
94.8,40.1,101.7,66.8,2026-06-13 19:20:00,2974168
93.7,40.5,99.3,66.1,2026-06-13 19:40:00,2974168
93.2,42.9,99.3,67.3,2026-06-13 20:00:00,2974168
92.1,42.7,97.7,66.2,2026-06-13 20:20:00,2974168
91.3,44.2,96.6,66.5,2026-06-13 20:40:00,2974168
89.7,48.5,95.4,67.7,2026-06-13 21:00:00,2974168
84.8,58.6,89.6,68.7,2026-06-13 21:20:00,2974168
83.9,61.7,88.7,69.3,2026-06-13 21:40:00,2974168
80.6,67.6,84.0,68.9,2026-06-13 22:00:00,2974168
79.5,69.0,82.4,68.4,2026-06-13 22:20:00,2974168
78.7,72.1,81.7,68.9,2026-06-13 22:40:00,2974168
78.3,72.5,81.1,68.8,2026-06-13 23:00:00,2974168
79.2,70.9,82.4,68.9,2026-06-13 23:20:00,2974168
79.6,69.0,82.6,68.5,2026-06-13 23:40:00,2974168
79.8,68.2,82.8,68.4,2026-06-14 00:00:00,2974168
80.0,68.1,83.1,68.5,2026-06-14 00:20:00,2974168
79.2,69.8,82.2,68.5,2026-06-14 00:40:00,2974168
79.2,70.5,82.2,68.8,2026-06-14 01:00:00,2974168
77.6,74.4,80.1,68.8,2026-06-14 01:20:00,2974168
77.0,76.6,79.3,69.1,2026-06-14 01:40:00,2974168
76.5,78.1,78.6,69.1,2026-06-14 02:00:00,2974168
76.1,79.2,78.1,69.1,2026-06-14 02:20:00,2974168
75.5,80.4,77.4,69.1,2026-06-14 02:40:00,2974168
75.1,82.1,77.4,69.2,2026-06-14 03:00:00,2974168
74.6,83.3,76.8,69.2,2026-06-14 03:20:00,2974168
74.0,84.7,76.3,69.1,2026-06-14 03:40:00,2974168
73.8,85.4,75.9,69.2,2026-06-14 04:00:00,2974168
73.6,86.6,75.9,69.3,2026-06-14 04:20:00,2974168
73.3,87.3,75.4,69.3,2026-06-14 04:40:00,2974168
73.1,87.9,75.4,69.3,2026-06-14 05:00:00,2974168
72.9,88.8,75.2,69.4,2026-06-14 05:20:00,2974168
72.6,89.3,74.7,69.3,2026-06-14 05:40:00,2974168
72.6,90.0,74.7,69.5,2026-06-14 06:00:00,2974168
72.8,90.2,75.0,69.8,2026-06-14 06:20:00,2974168
73.2,90.2,75.6,70.1,2026-06-14 06:40:00,2974168
74.0,89.2,76.6,70.7,2026-06-14 07:00:00,2974168
74.9,87.9,77.7,71.1,2026-06-14 07:20:00,2974168
75.9,86.3,79.0,71.5,2026-06-14 07:40:00,2974168
77.1,84.0,80.4,71.9,2026-06-14 08:00:00,2974168
79.1,80.9,84.0,72.7,2026-06-14 08:20:00,2974168
80.9,77.0,86.7,73.1,2026-06-14 08:40:00,2974168
82.3,73.1,88.5,72.8,2026-06-14 09:00:00,2974168
82.8,71.0,89.2,72.5,2026-06-14 09:20:00,2974168
84.4,70.7,92.5,73.8,2026-06-14 09:40:00,2974168
86.5,64.9,95.4,73.2,2026-06-14 10:00:00,2974168
88.1,62.4,97.9,73.6,2026-06-14 10:20:00,2974168
89.3,57.8,99.0,72.5,2026-06-14 10:40:00,2974168
91.7,54.4,102.7,72.9,2026-06-14 11:00:00,2974168
91.8,52.6,102.2,71.9,2026-06-14 11:20:00,2974168
93.4,50.7,104.7,72.4,2026-06-14 11:40:00,2974168
93.5,51.9,105.4,73.1,2026-06-14 12:00:00,2974168
93.9,49.3,105.1,72.1,2026-06-14 12:20:00,2974168
96.0,45.0,106.9,71.3,2026-06-14 12:40:00,2974168
93.7,49.9,104.4,72.2,2026-06-14 13:00:00,2974168
95.1,48.1,106.9,72.4,2026-06-14 13:20:00,2974168
96.0,43.8,106.0,70.4,2026-06-14 13:40:00,2974168
98.4,41.5,109.9,71.0,2026-06-14 14:00:00,2974168
99.2,35.6,107.2,67.2,2026-06-14 14:20:00,2974168
100.5,35.2,109.4,67.9,2026-06-14 14:40:00,2974168
100.1,33.7,107.4,66.4,2026-06-14 15:00:00,2974168
101.3,33.2,109.4,67.0,2026-06-14 15:20:00,2974168
102.1,33.3,111.2,67.8,2026-06-14 15:40:00,2974168
102.2,32.6,110.7,67.2,2026-06-14 16:00:00,2974168
97.8,35.7,104.5,66.0,2026-06-14 16:20:00,2974168
101.0,35.1,110.5,68.3,2026-06-14 16:40:00,2974168
99.7,35.3,107.6,67.4,2026-06-14 17:00:00,2974168
99.2,34.0,106.0,65.9,2026-06-14 17:20:00,2974168
98.2,30.9,101.8,62.2,2026-06-14 17:40:00,2974168
98.6,30.3,102.4,62.1,2026-06-14 18:00:00,2974168
97.8,32.0,102.0,63.0,2026-06-14 18:20:00,2974168
97.1,33.1,101.5,63.3,2026-06-14 18:40:00,2974168
93.0,41.6,98.4,66.2,2026-06-14 19:00:00,2974168
84.1,60.8,88.9,69.1,2026-06-14 19:20:00,2974168
79.5,76.9,84.2,71.7,2026-06-14 19:40:00,2974168
78.5,87.3,84.2,74.4,2026-06-14 20:00:00,2974168
78.3,87.9,83.8,74.5,2026-06-14 20:20:00,2974168
77.8,89.9,82.9,74.6,2026-06-14 20:40:00,2974168
77.6,88.0,82.2,73.8,2026-06-14 21:00:00,2974168
77.1,85.0,80.6,72.2,2026-06-14 21:20:00,2974168
79.7,80.1,84.9,73.0,2026-06-14 21:40:00,2974168
80.4,76.8,85.6,72.4,2026-06-14 22:00:00,2974168
80.4,76.1,85.5,72.2,2026-06-14 22:20:00,2974168
80.4,75.6,85.5,72.0,2026-06-14 22:40:00,2974168
80.6,73.8,85.6,71.5,2026-06-14 23:00:00,2974168
80.4,73.4,85.1,71.2,2026-06-14 23:20:00,2974168
80.2,73.5,84.4,70.9,2026-06-14 23:40:00,2974168
80.3,73.2,84.7,71.0,2026-06-15 00:00:00,2974168
80.2,73.2,84.4,70.8,2026-06-15 00:20:00,2974168
80.0,73.7,84.4,70.8,2026-06-15 00:40:00,2974168
79.8,74.3,84.0,70.9,2026-06-15 01:00:00,2974168
79.7,74.8,83.7,71.0,2026-06-15 01:20:00,2974168
79.6,75.6,84.0,71.2,2026-06-15 01:40:00,2974168
79.6,75.6,83.8,71.2,2026-06-15 02:00:00,2974168
79.6,75.6,84.0,71.2,2026-06-15 02:20:00,2974168
79.5,76.0,83.7,71.3,2026-06-15 02:40:00,2974168
79.5,76.5,83.8,71.5,2026-06-15 03:00:00,2974168
79.1,76.9,83.3,71.2,2026-06-15 03:20:00,2974168
78.8,77.7,82.9,71.2,2026-06-15 03:40:00,2974168
78.3,78.7,82.2,71.2,2026-06-15 04:00:00,2974168
77.8,80.0,81.3,71.1,2026-06-15 04:20:00,2974168
77.0,81.8,80.1,71.0,2026-06-15 04:40:00,2974168
77.0,81.4,79.7,70.8,2026-06-15 05:00:00,2974168
76.5,80.7,79.0,70.2,2026-06-15 05:20:00,2974168
76.1,80.8,78.4,69.8,2026-06-15 05:40:00,2974168
75.9,79.9,78.1,69.3,2026-06-15 06:00:00,2974168
75.6,77.7,77.4,68.2,2026-06-15 06:20:00,2974168
76.1,75.0,77.7,67.6,2026-06-15 06:40:00,2974168
76.9,72.6,78.4,67.4,2026-06-15 07:00:00,2974168
77.3,66.3,78.3,65.2,2026-06-15 07:20:00,2974168
77.1,65.6,77.7,64.7,2026-06-15 07:40:00,2974168
77.0,64.2,77.4,63.9,2026-06-15 08:00:00,2974168
77.9,61.8,78.8,63.7,2026-06-15 08:20:00,2974168
79.1,57.6,79.7,62.9,2026-06-15 08:40:00,2974168
79.0,56.3,79.5,62.2,2026-06-15 09:00:00,2974168
78.8,54.6,78.6,61.0,2026-06-15 09:20:00,2974168
79.0,52.9,79.0,60.3,2026-06-15 09:40:00,2974168
78.8,47.8,77.9,57.4,2026-06-15 10:00:00,2974168
80.6,44.0,79.5,56.7,2026-06-15 10:20:00,2974168
81.4,41.2,80.1,55.6,2026-06-15 10:40:00,2974168
84.5,40.2,84.0,57.7,2026-06-15 11:00:00,2974168
84.2,38.7,83.3,56.3,2026-06-15 11:20:00,2974168
84.7,37.2,83.5,55.7,2026-06-15 11:40:00,2974168
86.9,33.8,85.5,55.0,2026-06-15 12:00:00,2974168
85.5,33.5,83.8,53.5,2026-06-15 12:20:00,2974168
87.2,34.8,86.4,56.1,2026-06-15 12:40:00,2974168
87.9,32.9,86.5,55.1,2026-06-15 13:00:00,2974168
88.8,31.9,87.8,55.0,2026-06-15 13:20:00,2974168
88.2,29.0,86.0,52.0,2026-06-15 13:40:00,2974168
90.1,30.5,89.1,54.9,2026-06-15 14:00:00,2974168
90.9,28.6,89.8,53.9,2026-06-15 14:20:00,2974168
90.5,27.8,88.7,52.8,2026-06-15 14:40:00,2974168
92.5,27.2,91.4,53.8,2026-06-15 15:00:00,2974168
91.6,26.9,90.1,52.8,2026-06-15 15:20:00,2974168
93.9,26.6,93.4,54.4,2026-06-15 15:40:00,2974168
92.6,28.0,91.8,54.7,2026-06-15 16:00:00,2974168
94.6,27.4,94.5,55.9,2026-06-15 16:20:00,2974168
92.5,27.4,91.4,54.0,2026-06-15 16:40:00,2974168
93.4,26.3,92.5,53.7,2026-06-15 17:00:00,2974168
95.1,25.7,94.6,54.6,2026-06-15 17:20:00,2974168
94.1,25.8,93.4,53.8,2026-06-15 17:40:00,2974168
92.4,27.2,91.4,53.8,2026-06-15 18:00:00,2974168
89.7,28.5,88.0,52.7,2026-06-15 18:20:00,2974168
86.9,31.2,84.9,52.8,2026-06-15 18:40:00,2974168
86.3,32.7,84.6,53.6,2026-06-15 19:00:00,2974168
85.8,33.5,84.0,53.8,2026-06-15 19:20:00,2974168
85.1,33.8,83.5,53.4,2026-06-15 19:40:00,2974168
83.9,35.0,82.0,53.3,2026-06-15 20:00:00,2974168
82.8,36.6,81.0,53.6,2026-06-15 20:20:00,2974168
80.9,37.8,78.8,52.8,2026-06-15 20:40:00,2974168
80.0,39.2,77.9,53.0,2026-06-15 21:00:00,2974168
78.4,40.6,76.3,52.5,2026-06-15 21:20:00,2974168
77.0,42.8,75.0,52.6,2026-06-15 21:40:00,2974168
75.4,45.9,73.8,53.2,2026-06-15 22:00:00,2974168
74.3,49.7,73.0,54.3,2026-06-15 22:20:00,2974168
73.3,49.6,72.1,53.4,2026-06-15 22:40:00,2974168
72.5,51.6,71.8,53.7,2026-06-15 23:00:00,2974168
71.5,52.3,70.7,53.2,2026-06-15 23:20:00,2974168
71.0,55.8,70.5,54.4,2026-06-15 23:40:00,2974168
70.3,57.2,69.6,54.5,2026-06-16 00:00:00,2974168
70.0,56.9,69.4,54.0,2026-06-16 00:20:00,2974168
69.7,60.7,69.3,55.5,2026-06-16 00:40:00,2974168
69.1,61.6,68.5,55.4,2026-06-16 01:00:00,2974168
68.6,63.0,67.8,55.5,2026-06-16 01:20:00,2974168
68.9,61.6,68.2,55.2,2026-06-16 01:40:00,2974168
69.1,59.1,68.4,54.3,2026-06-16 02:00:00,2974168
69.5,55.5,68.5,52.9,2026-06-16 02:20:00,2974168
70.1,53.4,69.3,52.4,2026-06-16 02:40:00,2974168
70.5,51.7,69.8,51.9,2026-06-16 03:00:00,2974168
70.4,51.3,69.6,51.6,2026-06-16 03:20:00,2974168
70.4,51.6,69.6,51.7,2026-06-16 03:40:00,2974168
70.1,51.1,69.1,51.2,2026-06-16 04:00:00,2974168
69.6,52.3,68.2,51.4,2026-06-16 04:20:00,2974168
68.9,53.5,67.6,51.4,2026-06-16 04:40:00,2974168
68.6,54.2,67.1,51.4,2026-06-16 05:00:00,2974168
68.5,55.2,67.1,51.7,2026-06-16 05:20:00,2974168
68.5,55.0,66.9,51.7,2026-06-16 05:40:00,2974168
68.4,55.7,67.1,51.9,2026-06-16 06:00:00,2974168
86.3,34.8,85.1,55.3,2026-06-05 11:40:00,2962346
87.5,33.1,86.4,55.0,2026-06-05 12:00:00,2962346
88.5,32.0,87.4,54.9,2026-06-05 12:20:00,2962346
90.1,30.1,89.2,54.6,2026-06-05 12:40:00,2962346
91.3,29.0,90.3,54.6,2026-06-05 13:00:00,2962346
93.6,28.6,93.6,56.2,2026-06-05 13:20:00,2962346
92.9,26.3,91.8,53.3,2026-06-05 13:40:00,2962346
93.0,26.0,91.8,53.1,2026-06-05 14:00:00,2962346
94.4,26.7,93.9,54.9,2026-06-05 14:20:00,2962346
95.1,26.6,95.0,55.5,2026-06-05 14:40:00,2962346
95.2,26.7,95.0,55.6,2026-06-05 15:00:00,2962346
95.2,25.0,94.6,53.9,2026-06-05 15:20:00,2962346
95.4,25.1,95.0,54.1,2026-06-05 15:40:00,2962346
96.7,25.5,97.0,55.6,2026-06-05 16:00:00,2962346
97.1,24.9,97.2,55.3,2026-06-05 16:20:00,2962346
96.3,24.7,96.1,54.5,2026-06-05 16:40:00,2962346
96.3,25.9,96.6,55.7,2026-06-05 17:00:00,2962346
97.1,25.3,97.3,55.7,2026-06-05 17:20:00,2962346
97.5,24.5,97.7,55.2,2026-06-05 17:40:00,2962346
97.8,24.6,98.1,55.6,2026-06-05 18:00:00,2962346
94.9,26.7,94.8,55.3,2026-06-05 18:20:00,2962346
91.9,29.4,91.2,55.5,2026-06-05 18:40:00,2962346
90.7,29.9,89.8,55.0,2026-06-05 19:00:00,2962346
89.6,30.8,88.3,54.7,2026-06-05 19:20:00,2962346
88.7,31.3,87.4,54.5,2026-06-05 19:40:00,2962346
87.9,32.1,86.4,54.5,2026-06-05 20:00:00,2962346
86.6,35.2,85.8,55.9,2026-06-05 20:20:00,2962346
84.5,38.0,83.3,56.1,2026-06-05 20:40:00,2962346
82.9,39.2,81.5,55.5,2026-06-05 21:00:00,2962346
81.8,40.4,80.2,55.3,2026-06-05 21:20:00,2962346
79.5,43.8,78.1,55.6,2026-06-05 21:40:00,2962346
78.2,46.7,77.0,56.2,2026-06-05 22:00:00,2962346
77.0,49.2,75.6,56.4,2026-06-05 22:20:00,2962346
76.2,53.1,75.2,57.9,2026-06-05 22:40:00,2962346
75.4,55.3,74.8,58.3,2026-06-05 23:00:00,2962346
74.2,55.5,73.6,57.2,2026-06-05 23:20:00,2962346
73.5,59.2,73.2,58.4,2026-06-05 23:40:00,2962346
73.9,56.3,73.2,57.4,2026-06-06 00:00:00,2962346
74.0,56.1,73.4,57.4,2026-06-06 00:20:00,2962346
73.0,59.6,72.7,58.1,2026-06-06 00:40:00,2962346
72.3,61.7,72.3,58.4,2026-06-06 01:00:00,2962346
71.8,60.9,71.8,57.6,2026-06-06 01:20:00,2962346
71.9,60.1,71.8,57.3,2026-06-06 01:40:00,2962346
70.8,63.7,71.1,57.9,2026-06-06 02:00:00,2962346
69.9,65.0,69.8,57.6,2026-06-06 02:20:00,2962346
69.1,68.6,68.9,58.3,2026-06-06 02:40:00,2962346
68.8,69.2,68.5,58.2,2026-06-06 03:00:00,2962346
68.6,69.4,68.4,58.2,2026-06-06 03:20:00,2962346
68.3,69.7,68.0,58.0,2026-06-06 03:40:00,2962346
67.7,71.3,67.3,58.1,2026-06-06 04:00:00,2962346
67.1,73.4,66.7,58.3,2026-06-06 04:20:00,2962346
66.5,74.2,65.8,58.1,2026-06-06 04:40:00,2962346
66.5,74.5,65.8,58.2,2026-06-06 05:00:00,2962346
65.8,76.3,65.1,58.1,2026-06-06 05:20:00,2962346
65.4,76.3,64.6,57.8,2026-06-06 05:40:00,2962346
64.9,77.7,64.4,57.8,2026-06-06 06:00:00,2962346
64.6,79.2,64.0,58.0,2026-06-06 06:20:00,2962346
64.8,79.6,64.4,58.3,2026-06-06 06:40:00,2962346
65.0,80.1,64.6,58.7,2026-06-06 07:00:00,2962346
65.7,80.1,65.5,59.4,2026-06-06 07:20:00,2962346
67.0,79.2,67.1,60.4,2026-06-06 07:40:00,2962346
69.9,76.5,70.5,62.2,2026-06-06 08:00:00,2962346
73.0,69.8,73.6,62.6,2026-06-06 08:20:00,2962346
76.3,61.7,76.5,62.2,2026-06-06 08:40:00,2962346
77.6,59.1,77.7,62.2,2026-06-06 09:00:00,2962346
78.5,56.1,78.6,61.6,2026-06-06 09:20:00,2962346
80.4,53.4,80.8,61.9,2026-06-06 09:40:00,2962346
80.8,51.5,81.1,61.3,2026-06-06 10:00:00,2962346
82.6,48.8,83.1,61.4,2026-06-06 10:20:00,2962346
82.6,48.5,83.1,61.2,2026-06-06 10:40:00,2962346
83.5,46.1,84.0,60.7,2026-06-06 11:00:00,2962346
84.0,45.5,84.4,60.7,2026-06-06 11:20:00,2962346
85.2,44.5,86.0,61.2,2026-06-06 11:40:00,2962346
86.9,41.8,88.2,60.9,2026-06-06 12:00:00,2962346
88.1,40.2,89.2,60.8,2026-06-06 12:20:00,2962346
88.8,38.3,89.8,60.2,2026-06-06 12:40:00,2962346
90.4,37.7,92.3,61.1,2026-06-06 13:00:00,2962346
92.3,35.6,94.5,61.1,2026-06-06 13:20:00,2962346
90.4,35.4,91.4,59.3,2026-06-06 13:40:00,2962346
92.0,35.8,94.3,61.1,2026-06-06 14:00:00,2962346
90.6,37.5,92.7,61.2,2026-06-06 14:20:00,2962346
91.4,38.5,94.5,62.6,2026-06-06 14:40:00,2962346
92.2,35.6,94.5,61.1,2026-06-06 15:00:00,2962346
92.1,37.4,95.2,62.4,2026-06-06 15:20:00,2962346
92.5,37.3,95.9,62.7,2026-06-06 15:40:00,2962346
91.3,37.8,93.9,62.0,2026-06-06 16:00:00,2962346
94.6,35.4,98.4,63.0,2026-06-06 16:20:00,2962346
94.0,34.4,96.8,61.7,2026-06-06 16:40:00,2962346
93.9,34.4,96.8,61.6,2026-06-06 17:00:00,2962346
94.7,33.3,97.5,61.4,2026-06-06 17:20:00,2962346
93.9,34.0,96.4,61.3,2026-06-06 17:40:00,2962346
94.1,32.2,96.1,59.9,2026-06-06 18:00:00,2962346
94.2,32.5,96.3,60.3,2026-06-06 18:20:00,2962346
90.8,35.5,92.1,59.7,2026-06-06 18:40:00,2962346
89.7,36.2,90.5,59.4,2026-06-06 19:00:00,2962346
88.9,37.6,90.0,59.7,2026-06-06 19:20:00,2962346
88.4,38.8,89.4,60.1,2026-06-06 19:40:00,2962346
87.5,40.0,88.3,60.2,2026-06-06 20:00:00,2962346
86.9,40.4,87.3,59.9,2026-06-06 20:20:00,2962346
85.7,41.6,86.0,59.7,2026-06-06 20:40:00,2962346
83.4,45.0,83.5,59.8,2026-06-06 21:00:00,2962346
81.2,48.8,81.1,60.2,2026-06-06 21:20:00,2962346
80.5,50.0,80.4,60.2,2026-06-06 21:40:00,2962346
79.2,52.6,79.2,60.4,2026-06-06 22:00:00,2962346
78.3,55.0,78.3,60.8,2026-06-06 22:20:00,2962346
77.3,58.3,77.0,61.5,2026-06-06 22:40:00,2962346
76.6,60.1,76.6,61.8,2026-06-06 23:00:00,2962346
76.2,61.5,76.1,62.0,2026-06-06 23:20:00,2962346
75.4,62.9,75.6,61.9,2026-06-06 23:40:00,2962346
76.7,59.6,76.5,61.6,2026-06-07 00:00:00,2962346
76.1,60.7,76.1,61.5,2026-06-07 00:20:00,2962346
75.8,61.9,75.9,61.8,2026-06-07 00:40:00,2962346
74.5,65.0,74.8,62.0,2026-06-07 01:00:00,2962346
74.1,66.0,74.3,62.0,2026-06-07 01:20:00,2962346
72.8,68.8,73.2,62.0,2026-06-07 01:40:00,2962346
72.0,71.0,72.7,62.1,2026-06-07 02:00:00,2962346
72.1,70.7,72.7,62.1,2026-06-07 02:20:00,2962346
71.2,72.6,72.0,61.9,2026-06-07 02:40:00,2962346
70.6,74.2,71.2,62.0,2026-06-07 03:00:00,2962346
70.8,74.3,71.6,62.2,2026-06-07 03:20:00,2962346
70.5,74.4,71.1,62.0,2026-06-07 03:40:00,2962346
69.9,76.1,70.5,62.0,2026-06-07 04:00:00,2962346
69.7,77.0,70.3,62.1,2026-06-07 04:20:00,2962346
69.0,78.3,69.4,62.0,2026-06-07 04:40:00,2962346
68.8,78.7,69.1,61.9,2026-06-07 05:00:00,2962346
68.4,79.3,68.9,61.7,2026-06-07 05:20:00,2962346
67.9,80.1,68.2,61.6,2026-06-07 05:40:00,2962346
67.4,81.3,67.6,61.4,2026-06-07 06:00:00,2962346
67.6,81.2,67.8,61.6,2026-06-07 06:20:00,2962346
67.7,81.2,68.0,61.8,2026-06-07 06:40:00,2962346
68.5,81.5,68.9,62.6,2026-06-07 07:00:00,2962346
69.6,80.5,70.5,63.4,2026-06-07 07:20:00,2962346
72.1,76.2,73.4,64.2,2026-06-07 07:40:00,2962346
74.2,72.7,75.2,64.9,2026-06-07 08:00:00,2962346
76.3,68.1,77.0,65.0,2026-06-07 08:20:00,2962346
77.5,65.7,78.4,65.2,2026-06-07 08:40:00,2962346
78.0,64.2,79.2,64.9,2026-06-07 09:00:00,2962346
79.3,62.6,80.8,65.4,2026-06-07 09:20:00,2962346
80.7,58.8,82.2,65.0,2026-06-07 09:40:00,2962346
81.9,57.0,83.8,65.2,2026-06-07 10:00:00,2962346
83.4,55.1,86.0,65.6,2026-06-07 10:20:00,2962346
84.4,51.8,87.1,64.7,2026-06-07 10:40:00,2962346
84.8,50.8,87.3,64.6,2026-06-07 11:00:00,2962346
85.7,49.6,88.5,64.7,2026-06-07 11:20:00,2962346
86.7,48.6,89.6,65.0,2026-06-07 11:40:00,2962346
87.7,45.5,90.3,64.0,2026-06-07 12:00:00,2962346
88.6,42.8,91.0,63.1,2026-06-07 12:20:00,2962346
91.5,39.4,95.0,63.3,2026-06-07 12:40:00,2962346
92.4,37.4,95.5,62.7,2026-06-07 13:00:00,2962346
96.0,35.0,100.8,63.9,2026-06-07 13:20:00,2962346
96.6,34.5,101.8,64.1,2026-06-07 13:40:00,2962346
96.5,33.4,100.8,63.0,2026-06-07 14:00:00,2962346
96.2,32.6,99.7,62.1,2026-06-07 14:20:00,2962346
96.8,31.8,100.4,62.0,2026-06-07 14:40:00,2962346
98.3,31.9,102.9,63.2,2026-06-07 15:00:00,2962346
98.0,32.3,102.6,63.4,2026-06-07 15:20:00,2962346
97.5,32.0,101.8,62.7,2026-06-07 15:40:00,2962346
99.2,30.1,103.1,62.5,2026-06-07 16:00:00,2962346
97.5,31.1,101.1,61.8,2026-06-07 16:20:00,2962346
98.2,31.7,102.4,63.0,2026-06-07 16:40:00,2962346
96.8,33.5,101.1,63.4,2026-06-07 17:00:00,2962346
96.9,33.7,101.5,63.6,2026-06-07 17:20:00,2962346
97.6,34.7,103.6,65.1,2026-06-07 17:40:00,2962346
96.5,36.2,102.6,65.4,2026-06-07 18:00:00,2962346
95.8,36.0,100.9,64.5,2026-06-07 18:20:00,2962346
93.5,38.4,97.9,64.5,2026-06-07 18:40:00,2962346
92.4,38.7,96.3,63.7,2026-06-07 19:00:00,2962346
92.0,39.4,95.9,63.8,2026-06-07 19:20:00,2962346
91.1,40.0,94.5,63.4,2026-06-07 19:40:00,2962346
90.5,40.2,93.4,63.0,2026-06-07 20:00:00,2962346
89.8,40.3,92.3,62.5,2026-06-07 20:20:00,2962346
89.3,40.5,91.6,62.2,2026-06-07 20:40:00,2962346
88.7,41.8,91.0,62.5,2026-06-07 21:00:00,2962346
87.9,43.1,89.8,62.7,2026-06-07 21:20:00,2962346
87.2,44.0,89.1,62.7,2026-06-07 21:40:00,2962346
85.8,46.2,87.6,62.8,2026-06-07 22:00:00,2962346
85.5,47.8,87.6,63.4,2026-06-07 22:20:00,2962346
84.8,48.6,86.7,63.3,2026-06-07 22:40:00,2962346
84.4,48.8,86.2,63.0,2026-06-07 23:00:00,2962346
84.0,49.0,85.5,62.8,2026-06-07 23:20:00,2962346
83.5,50.0,85.1,62.9,2026-06-07 23:40:00,2962346
83.4,51.2,84.9,63.5,2026-06-08 00:00:00,2962346
83.1,52.8,84.7,64.1,2026-06-08 00:20:00,2962346
82.2,54.3,83.5,64.0,2026-06-08 00:40:00,2962346
81.0,57.2,82.4,64.5,2026-06-08 01:00:00,2962346
80.5,58.2,81.9,64.5,2026-06-08 01:20:00,2962346
78.8,61.3,79.9,64.3,2026-06-08 01:40:00,2962346
78.0,63.7,79.0,64.7,2026-06-08 02:00:00,2962346
77.1,65.3,77.7,64.6,2026-06-08 02:20:00,2962346
77.6,65.2,78.6,65.0,2026-06-08 02:40:00,2962346
76.5,67.9,77.4,65.1,2026-06-08 03:00:00,2962346
76.2,69.0,76.8,65.3,2026-06-08 03:20:00,2962346
75.9,69.7,76.8,65.3,2026-06-08 03:40:00,2962346
74.8,71.9,75.7,65.1,2026-06-08 04:00:00,2962346
74.5,73.5,75.6,65.5,2026-06-08 04:20:00,2962346
73.7,74.5,74.8,65.1,2026-06-08 04:40:00,2962346
73.7,76.1,75.0,65.7,2026-06-08 05:00:00,2962346
73.6,75.6,75.0,65.4,2026-06-08 05:20:00,2962346
73.5,75.6,74.7,65.3,2026-06-08 05:40:00,2962346
72.6,77.6,73.8,65.2,2026-06-08 06:00:00,2962346
72.6,77.5,73.8,65.2,2026-06-08 06:20:00,2962346
72.9,77.7,74.1,65.5,2026-06-08 06:40:00,2962346
73.6,77.4,75.0,66.1,2026-06-08 07:00:00,2962346
73.3,78.4,74.7,66.2,2026-06-08 07:20:00,2962346
74.0,79.2,75.7,67.1,2026-06-08 07:40:00,2962346
75.8,76.9,77.5,68.1,2026-06-08 08:00:00,2962346
76.6,75.7,78.4,68.4,2026-06-08 08:20:00,2962346
78.6,72.2,81.3,68.9,2026-06-08 08:40:00,2962346
80.4,68.9,84.0,69.3,2026-06-08 09:00:00,2962346
82.3,63.2,85.8,68.6,2026-06-08 09:20:00,2962346
83.7,60.5,88.0,68.6,2026-06-08 09:40:00,2962346
84.3,59.8,88.9,68.8,2026-06-08 10:00:00,2962346
85.5,57.7,90.7,68.9,2026-06-08 10:20:00,2962346
86.6,55.8,92.1,69.0,2026-06-08 10:40:00,2962346
87.0,55.9,92.8,69.3,2026-06-08 11:00:00,2962346
88.2,51.3,93.6,68.0,2026-06-08 11:20:00,2962346
88.8,49.0,93.7,67.2,2026-06-08 11:40:00,2962346
90.1,47.7,96.1,67.6,2026-06-08 12:00:00,2962346
91.4,44.0,96.4,66.4,2026-06-08 12:20:00,2962346
91.3,43.4,96.3,66.0,2026-06-08 12:40:00,2962346
92.5,42.4,97.9,66.3,2026-06-08 13:00:00,2962346
94.7,41.6,102.0,67.7,2026-06-08 13:20:00,2962346
94.0,38.7,99.0,65.1,2026-06-08 13:40:00,2962346
93.4,39.5,98.4,65.2,2026-06-08 14:00:00,2962346
93.8,39.1,99.0,65.1,2026-06-08 14:20:00,2962346
95.5,38.3,101.5,66.1,2026-06-08 14:40:00,2962346
94.4,39.8,100.4,66.2,2026-06-08 15:00:00,2962346
93.0,40.2,97.9,65.3,2026-06-08 15:20:00,2962346
93.2,40.6,98.6,65.7,2026-06-08 15:40:00,2962346
93.0,39.9,97.9,65.0,2026-06-08 16:00:00,2962346
91.1,41.4,95.0,64.5,2026-06-08 16:20:00,2962346
93.3,39.4,98.1,64.9,2026-06-08 16:40:00,2962346
94.9,37.1,99.9,64.6,2026-06-08 17:00:00,2962346
93.0,36.9,96.3,62.8,2026-06-08 17:20:00,2962346
91.1,38.7,93.9,62.5,2026-06-08 17:40:00,2962346
90.3,39.8,92.8,62.5,2026-06-08 18:00:00,2962346
89.4,40.6,91.6,62.3,2026-06-08 18:20:00,2962346
89.4,40.7,91.6,62.4,2026-06-08 18:40:00,2962346
88.4,41.6,90.1,62.1,2026-06-08 19:00:00,2962346
87.9,42.3,89.6,62.2,2026-06-08 19:20:00,2962346
87.0,45.6,89.2,63.5,2026-06-08 19:40:00,2962346
85.6,48.5,87.8,63.9,2026-06-08 20:00:00,2962346
84.2,50.6,86.4,63.9,2026-06-08 20:20:00,2962346
82.9,53.0,84.4,64.0,2026-06-08 20:40:00,2962346
82.0,55.0,83.5,64.3,2026-06-08 21:00:00,2962346
81.0,56.5,82.2,64.1,2026-06-08 21:20:00,2962346
80.2,58.0,81.3,64.1,2026-06-08 21:40:00,2962346
79.1,59.5,80.1,63.8,2026-06-08 22:00:00,2962346
77.9,61.9,78.4,63.7,2026-06-08 22:20:00,2962346
76.6,63.8,76.8,63.4,2026-06-08 22:40:00,2962346
75.3,64.5,75.6,62.5,2026-06-08 23:00:00,2962346
74.2,66.4,74.7,62.2,2026-06-08 23:20:00,2962346
73.4,67.6,73.8,62.0,2026-06-08 23:40:00,2962346
72.6,67.8,73.0,61.3,2026-06-09 00:00:00,2962346
71.6,68.3,72.1,60.6,2026-06-09 00:20:00,2962346
71.1,68.8,71.6,60.3,2026-06-09 00:40:00,2962346
70.4,68.4,70.7,59.5,2026-06-09 01:00:00,2962346
70.0,67.5,70.2,58.7,2026-06-09 01:20:00,2962346
69.3,68.2,69.3,58.4,2026-06-09 01:40:00,2962346
68.8,68.9,68.5,58.1,2026-06-09 02:00:00,2962346
68.4,69.2,68.2,57.9,2026-06-09 02:20:00,2962346
67.9,70.3,67.5,57.9,2026-06-09 02:40:00,2962346
67.8,71.5,67.6,58.3,2026-06-09 03:00:00,2962346
67.9,72.8,67.6,58.8,2026-06-09 03:20:00,2962346
67.7,73.8,67.5,59.1,2026-06-09 03:40:00,2962346
67.6,73.2,67.1,58.7,2026-06-09 04:00:00,2962346
67.4,70.4,66.7,57.5,2026-06-09 04:20:00,2962346
67.2,70.7,66.6,57.4,2026-06-09 04:40:00,2962346
67.0,68.7,66.0,56.4,2026-06-09 05:00:00,2962346
66.5,68.3,65.3,55.7,2026-06-09 05:20:00,2962346
66.3,68.5,65.1,55.6,2026-06-09 05:40:00,2962346
65.7,69.1,64.4,55.3,2026-06-09 06:00:00,2962346
65.7,69.7,64.6,55.5,2026-06-09 06:20:00,2962346
65.9,69.8,64.8,55.7,2026-06-09 06:40:00,2962346
66.0,69.8,64.8,55.9,2026-06-09 07:00:00,2962346
66.3,70.2,65.3,56.3,2026-06-09 07:20:00,2962346
66.3,69.8,65.3,56.2,2026-06-09 07:40:00,2962346
66.7,69.5,65.8,56.4,2026-06-09 08:00:00,2962346
67.0,68.9,66.0,56.5,2026-06-09 08:20:00,2962346
68.4,67.8,68.0,57.3,2026-06-09 08:40:00,2962346
69.5,67.9,69.4,58.5,2026-06-09 09:00:00,2962346
70.7,66.9,70.9,59.1,2026-06-09 09:20:00,2962346
71.3,66.4,71.8,59.6,2026-06-09 09:40:00,2962346
72.9,65.5,73.2,60.7,2026-06-09 10:00:00,2962346
73.8,64.0,74.1,60.9,2026-06-09 10:20:00,2962346
75.4,61.7,75.6,61.4,2026-06-09 10:40:00,2962346
76.7,58.6,76.5,61.1,2026-06-09 11:00:00,2962346
78.6,55.6,78.6,61.4,2026-06-09 11:20:00,2962346
79.9,54.5,80.4,62.0,2026-06-09 11:40:00,2962346
80.2,54.1,80.6,62.1,2026-06-09 12:00:00,2962346
81.4,55.0,82.4,63.6,2026-06-09 12:20:00,2962346
83.1,53.4,85.1,64.4,2026-06-09 12:40:00,2962346
85.3,51.4,88.2,65.3,2026-06-09 13:00:00,2962346
84.3,54.0,87.3,65.8,2026-06-09 13:20:00,2962346
86.2,53.4,90.7,67.3,2026-06-09 13:40:00,2962346
87.0,54.6,92.5,68.6,2026-06-09 14:00:00,2962346
85.3,56.3,89.6,68.0,2026-06-09 14:20:00,2962346
85.3,56.2,90.0,68.0,2026-06-09 14:40:00,2962346
85.6,54.5,89.8,67.3,2026-06-09 15:00:00,2962346
87.8,53.7,93.9,68.9,2026-06-09 15:20:00,2962346
87.2,52.9,92.1,67.9,2026-06-09 15:40:00,2962346
86.5,53.1,90.9,67.4,2026-06-09 16:00:00,2962346
87.5,52.9,92.8,68.2,2026-06-09 16:20:00,2962346
87.8,52.8,93.6,68.5,2026-06-09 16:40:00,2962346
87.6,53.9,93.6,68.8,2026-06-09 17:00:00,2962346
87.8,53.8,93.9,69.0,2026-06-09 17:20:00,2962346
88.0,53.6,94.1,69.1,2026-06-09 17:40:00,2962346
87.2,53.9,92.5,68.5,2026-06-09 18:00:00,2962346
86.5,55.4,91.8,68.6,2026-06-09 18:20:00,2962346
86.2,56.2,91.6,68.8,2026-06-09 18:40:00,2962346
84.6,59.1,89.4,68.7,2026-06-09 19:00:00,2962346
84.6,61.7,90.3,69.9,2026-06-09 19:20:00,2962346
83.4,62.8,87.8,69.4,2026-06-09 19:40:00,2962346
83.1,63.2,87.6,69.3,2026-06-09 20:00:00,2962346
82.7,63.1,86.5,68.8,2026-06-09 20:20:00,2962346
82.2,63.7,85.6,68.6,2026-06-09 20:40:00,2962346
81.6,64.5,84.9,68.5,2026-06-09 21:00:00,2962346
81.0,65.7,84.4,68.5,2026-06-09 21:20:00,2962346
80.0,67.8,83.1,68.4,2026-06-09 21:40:00,2962346
79.2,69.7,82.2,68.5,2026-06-09 22:00:00,2962346
78.7,71.4,81.5,68.7,2026-06-09 22:20:00,2962346
78.5,71.6,81.1,68.5,2026-06-09 22:40:00,2962346
78.4,72.2,81.0,68.7,2026-06-09 23:00:00,2962346
78.1,72.8,80.8,68.6,2026-06-09 23:20:00,2962346
77.8,74.6,80.4,69.1,2026-06-09 23:40:00,2962346
78.4,75.7,81.7,70.1,2026-06-10 00:00:00,2962346
78.3,76.4,81.7,70.3,2026-06-10 00:20:00,2962346
78.3,77.1,81.9,70.5,2026-06-10 00:40:00,2962346
78.2,77.8,81.7,70.6,2026-06-10 01:00:00,2962346
77.9,78.9,81.1,70.8,2026-06-10 01:20:00,2962346
77.7,79.4,81.0,70.8,2026-06-10 01:40:00,2962346
77.2,80.5,80.4,70.8,2026-06-10 02:00:00,2962346
77.1,80.6,80.1,70.7,2026-06-10 02:20:00,2962346
76.9,80.7,79.7,70.5,2026-06-10 02:40:00,2962346
76.6,81.2,79.0,70.4,2026-06-10 03:00:00,2962346
76.2,82.0,78.6,70.3,2026-06-10 03:20:00,2962346
76.1,82.5,78.4,70.3,2026-06-10 03:40:00,2962346
75.9,82.8,78.4,70.3,2026-06-10 04:00:00,2962346
75.7,83.0,77.9,70.2,2026-06-10 04:20:00,2962346
75.5,83.4,77.9,70.2,2026-06-10 04:40:00,2962346
75.3,83.9,77.7,70.1,2026-06-10 05:00:00,2962346
75.2,84.2,77.5,70.1,2026-06-10 05:20:00,2962346
75.1,84.3,77.5,70.1,2026-06-10 05:40:00,2962346
75.1,84.7,77.5,70.2,2026-06-10 06:00:00,2962346
75.3,84.8,77.9,70.4,2026-06-10 06:20:00,2962346
75.6,84.6,78.3,70.6,2026-06-10 06:40:00,2962346
75.8,84.4,78.4,70.8,2026-06-10 07:00:00,2962346
76.1,84.1,78.8,71.0,2026-06-10 07:20:00,2962346
76.3,83.8,79.0,71.1,2026-06-10 07:40:00,2962346
76.6,83.6,79.3,71.3,2026-06-10 08:00:00,2962346
77.1,82.4,80.2,71.3,2026-06-10 08:20:00,2962346
77.5,81.4,80.8,71.3,2026-06-10 08:40:00,2962346
78.2,80.3,82.0,71.6,2026-06-10 09:00:00,2962346
79.4,78.4,84.2,72.0,2026-06-10 09:20:00,2962346
80.0,77.0,84.9,72.1,2026-06-10 09:40:00,2962346
80.9,76.0,86.4,72.6,2026-06-10 10:00:00,2962346
82.1,73.7,88.3,72.8,2026-06-10 10:20:00,2962346
83.4,70.2,90.1,72.7,2026-06-10 10:40:00,2962346
84.7,68.6,92.7,73.2,2026-06-10 11:00:00,2962346
84.7,66.3,91.9,72.2,2026-06-10 11:20:00,2962346
84.7,65.9,91.8,72.0,2026-06-10 11:40:00,2962346
85.9,64.6,94.1,72.6,2026-06-10 12:00:00,2962346
86.9,62.1,95.4,72.3,2026-06-10 12:20:00,2962346
88.0,57.2,95.5,71.0,2026-06-10 12:40:00,2962346
87.7,57.5,95.0,70.8,2026-06-10 13:00:00,2962346
87.6,55.0,93.9,69.4,2026-06-10 13:20:00,2962346
91.5,50.7,100.4,70.6,2026-06-10 13:40:00,2962346
90.2,51.3,97.9,69.8,2026-06-10 14:00:00,2962346
89.8,52.5,97.3,70.1,2026-06-10 14:20:00,2962346
89.2,53.1,96.3,69.9,2026-06-10 14:40:00,2962346
91.1,51.2,99.9,70.6,2026-06-10 15:00:00,2962346
90.8,48.5,97.7,68.6,2026-06-10 15:20:00,2962346
95.0,46.4,105.6,71.3,2026-06-10 15:40:00,2962346
92.7,46.7,100.8,69.3,2026-06-10 16:00:00,2962346
94.2,46.1,103.3,70.3,2026-06-10 16:20:00,2962346
94.3,46.8,103.8,70.8,2026-06-10 16:40:00,2962346
94.1,45.9,103.1,70.1,2026-06-10 17:00:00,2962346
92.8,47.8,101.3,70.1,2026-06-10 17:20:00,2962346
93.2,46.5,101.5,69.7,2026-06-10 17:40:00,2962346
93.8,47.0,103.1,70.5,2026-06-10 18:00:00,2962346
92.6,46.5,100.2,69.1,2026-06-10 18:20:00,2962346
91.3,49.1,99.1,69.5,2026-06-10 18:40:00,2962346
90.9,49.8,98.8,69.6,2026-06-10 19:00:00,2962346
90.7,49.8,98.2,69.4,2026-06-10 19:20:00,2962346
90.5,50.2,98.2,69.5,2026-06-10 19:40:00,2962346
89.7,50.8,96.4,69.0,2026-06-10 20:00:00,2962346
88.9,52.3,95.5,69.2,2026-06-10 20:20:00,2962346
87.2,55.5,93.0,69.3,2026-06-10 20:40:00,2962346
86.4,57.0,92.3,69.3,2026-06-10 21:00:00,2962346
86.3,57.2,91.9,69.4,2026-06-10 21:20:00,2962346
86.5,57.4,92.5,69.7,2026-06-10 21:40:00,2962346
85.6,59.2,91.4,69.7,2026-06-10 22:00:00,2962346
85.4,59.9,91.0,69.9,2026-06-10 22:20:00,2962346
83.8,62.8,88.9,69.8,2026-06-10 22:40:00,2962346
84.0,63.2,89.2,70.2,2026-06-10 23:00:00,2962346
83.7,63.6,89.1,70.1,2026-06-10 23:20:00,2962346
83.2,64.3,88.0,69.9,2026-06-10 23:40:00,2962346
82.7,65.5,87.3,70.0,2026-06-11 00:00:00,2962346
82.5,66.0,86.9,70.0,2026-06-11 00:20:00,2962346
81.7,67.8,86.0,70.0,2026-06-11 00:40:00,2962346
81.6,68.3,86.0,70.1,2026-06-11 01:00:00,2962346
80.6,70.6,84.6,70.1,2026-06-11 01:20:00,2962346
79.8,72.3,83.7,70.1,2026-06-11 01:40:00,2962346
79.1,74.0,82.6,70.1,2026-06-11 02:00:00,2962346
78.2,75.7,81.3,69.9,2026-06-11 02:20:00,2962346
78.2,76.2,81.3,70.1,2026-06-11 02:40:00,2962346
77.9,76.2,81.0,69.8,2026-06-11 03:00:00,2962346
77.9,75.8,80.6,69.6,2026-06-11 03:20:00,2962346
78.2,74.3,81.0,69.3,2026-06-11 03:40:00,2962346
77.9,74.5,80.4,69.1,2026-06-11 04:00:00,2962346
77.0,75.9,79.2,68.8,2026-06-11 04:20:00,2962346
76.1,78.0,78.1,68.8,2026-06-11 04:40:00,2962346
75.5,79.5,77.4,68.7,2026-06-11 05:00:00,2962346
75.2,79.6,77.0,68.5,2026-06-11 05:20:00,2962346
74.5,81.0,76.5,68.3,2026-06-11 05:40:00,2962346
74.7,80.5,76.6,68.3,2026-06-11 06:00:00,2962346
74.7,80.6,76.6,68.3,2026-06-11 06:20:00,2962346
75.6,78.2,77.5,68.4,2026-06-11 06:40:00,2962346
76.1,77.0,77.9,68.4,2026-06-11 07:00:00,2962346
76.7,76.3,78.4,68.7,2026-06-11 07:20:00,2962346
77.5,75.5,79.9,69.1,2026-06-11 07:40:00,2962346
78.4,74.5,81.3,69.6,2026-06-11 08:00:00,2962346
79.6,73.3,83.5,70.3,2026-06-11 08:20:00,2962346
80.9,72.1,85.5,71.1,2026-06-11 08:40:00,2962346
82.0,70.9,87.1,71.6,2026-06-11 09:00:00,2962346
82.9,69.8,88.9,72.0,2026-06-11 09:20:00,2962346
83.9,68.7,91.0,72.5,2026-06-11 09:40:00,2962346
84.8,66.7,92.3,72.5,2026-06-11 10:00:00,2962346
86.4,63.4,94.6,72.4,2026-06-11 10:20:00,2962346
87.3,62.0,96.1,72.6,2026-06-11 10:40:00,2962346
88.2,60.0,97.2,72.5,2026-06-11 11:00:00,2962346
89.7,58.1,99.9,73.0,2026-06-11 11:20:00,2962346
90.2,55.7,100.0,72.2,2026-06-11 11:40:00,2962346
92.1,54.0,103.3,73.0,2026-06-11 12:00:00,2962346
92.6,52.8,104.0,72.9,2026-06-11 12:20:00,2962346
95.2,48.1,106.9,72.4,2026-06-11 12:40:00,2962346
96.3,44.5,107.2,71.1,2026-06-11 13:00:00,2962346
98.0,42.9,109.6,71.6,2026-06-11 13:20:00,2962346
96.9,43.2,107.6,70.8,2026-06-11 13:40:00,2962346
96.4,42.6,106.2,70.0,2026-06-11 14:00:00,2962346
98.4,41.7,109.8,71.2,2026-06-11 14:20:00,2962346
99.7,38.7,110.5,70.1,2026-06-11 14:40:00,2962346
100.4,37.9,111.6,70.1,2026-06-11 15:00:00,2962346
101.1,36.3,111.9,69.5,2026-06-11 15:20:00,2962346
101.7,34.8,111.7,68.8,2026-06-11 15:40:00,2962346
103.2,33.6,113.5,69.0,2026-06-11 16:00:00,2962346
103.1,32.7,112.8,68.2,2026-06-11 16:20:00,2962346
100.7,36.1,110.5,69.0,2026-06-11 16:40:00,2962346
100.6,38.0,111.7,70.3,2026-06-11 17:00:00,2962346
99.5,39.1,110.5,70.2,2026-06-11 17:20:00,2962346
97.7,41.0,108.1,70.1,2026-06-11 17:40:00,2962346
95.9,42.2,105.1,69.3,2026-06-11 18:00:00,2962346
86.0,62.2,93.0,71.5,2026-06-11 18:20:00,2962346
77.1,86.5,80.8,72.7,2026-06-11 18:40:00,2962346
77.8,91.2,83.1,75.0,2026-06-11 19:00:00,2962346
78.3,92.5,84.7,76.0,2026-06-11 19:20:00,2962346
79.2,93.2,87.1,77.0,2026-06-11 19:40:00,2962346
79.2,93.6,87.1,77.2,2026-06-11 20:00:00,2962346
78.8,93.5,85.8,76.7,2026-06-11 20:20:00,2962346
78.4,93.9,85.1,76.5,2026-06-11 20:40:00,2962346
78.0,93.8,84.2,76.0,2026-06-11 21:00:00,2962346
77.5,94.2,82.9,75.7,2026-06-11 21:20:00,2962346
77.6,94.5,83.3,75.9,2026-06-11 21:40:00,2962346
77.3,94.7,82.6,75.7,2026-06-11 22:00:00,2962346
77.4,94.8,82.9,75.8,2026-06-11 22:20:00,2962346
77.6,95.3,83.7,76.1,2026-06-11 22:40:00,2962346
77.2,94.5,82.4,75.6,2026-06-11 23:00:00,2962346
77.2,94.8,82.0,75.5,2026-06-11 23:20:00,2962346
76.9,95.0,81.7,75.3,2026-06-11 23:40:00,2962346
76.5,94.9,80.8,74.9,2026-06-12 00:00:00,2962346
76.4,94.3,80.4,74.6,2026-06-12 00:20:00,2962346
76.2,92.7,80.1,74.0,2026-06-12 00:40:00,2962346
75.4,94.1,79.2,73.6,2026-06-12 01:00:00,2962346
75.3,94.0,79.0,73.5,2026-06-12 01:20:00,2962346
75.1,94.3,78.6,73.3,2026-06-12 01:40:00,2962346
74.7,94.6,78.1,73.1,2026-06-12 02:00:00,2962346
74.5,94.8,77.9,72.9,2026-06-12 02:20:00,2962346
74.5,94.5,77.9,72.8,2026-06-12 02:40:00,2962346
74.5,94.5,77.9,72.8,2026-06-12 03:00:00,2962346
74.6,94.5,77.9,72.9,2026-06-12 03:20:00,2962346
74.4,94.7,77.7,72.8,2026-06-12 03:40:00,2962346
74.4,94.4,77.7,72.7,2026-06-12 04:00:00,2962346
74.4,94.5,77.7,72.8,2026-06-12 04:20:00,2962346
74.5,94.9,77.9,73.0,2026-06-12 04:40:00,2962346
74.5,95.2,78.1,73.0,2026-06-12 05:00:00,2962346
74.4,95.3,77.7,72.9,2026-06-12 05:20:00,2962346
74.2,95.3,77.5,72.8,2026-06-12 05:40:00,2962346
74.1,95.2,77.2,72.6,2026-06-12 06:00:00,2962346
74.0,95.5,77.2,72.6,2026-06-12 06:20:00,2962346
74.4,95.7,77.7,73.1,2026-06-12 06:40:00,2962346
75.1,95.3,78.8,73.6,2026-06-12 07:00:00,2962346
76.1,94.9,80.2,74.5,2026-06-12 07:20:00,2962346
79.1,89.1,85.6,75.6,2026-06-12 07:40:00,2962346
81.4,82.7,89.2,75.7,2026-06-12 08:00:00,2962346
82.6,78.3,90.3,75.1,2026-06-12 08:20:00,2962346
83.5,75.9,92.5,75.1,2026-06-12 08:40:00,2962346
84.4,73.2,93.4,74.9,2026-06-12 09:00:00,2962346
85.5,70.0,95.4,74.6,2026-06-12 09:20:00,2962346
86.6,66.3,96.4,74.0,2026-06-12 09:40:00,2962346
88.4,61.9,98.4,73.6,2026-06-12 10:00:00,2962346
89.7,58.3,100.0,73.1,2026-06-12 10:20:00,2962346
90.5,55.5,100.2,72.4,2026-06-12 10:40:00,2962346
91.4,51.4,100.8,71.0,2026-06-12 11:00:00,2962346
92.5,48.9,101.7,70.5,2026-06-12 11:20:00,2962346
93.2,46.0,101.1,69.3,2026-06-12 11:40:00,2962346
94.8,44.4,104.0,69.8,2026-06-12 12:00:00,2962346
94.9,43.1,103.3,68.9,2026-06-12 12:20:00,2962346
96.8,43.2,107.6,70.7,2026-06-12 12:40:00,2962346
97.9,40.6,108.1,69.9,2026-06-12 13:00:00,2962346
101.2,37.1,112.3,70.2,2026-06-12 13:20:00,2962346
102.2,35.6,113.2,69.8,2026-06-12 13:40:00,2962346
101.7,34.2,111.2,68.2,2026-06-12 14:00:00,2962346
102.2,33.4,111.6,68.0,2026-06-12 14:20:00,2962346
103.3,31.5,111.9,67.3,2026-06-12 14:40:00,2962346
102.1,34.9,112.6,69.2,2026-06-12 15:00:00,2962346
104.0,32.8,114.6,69.0,2026-06-12 15:20:00,2962346
104.4,29.6,112.3,66.4,2026-06-12 15:40:00,2962346
103.9,30.6,112.1,66.8,2026-06-12 16:00:00,2962346
102.2,32.0,110.1,66.7,2026-06-12 16:20:00,2962346
104.0,31.2,113.0,67.6,2026-06-12 16:40:00,2962346
103.3,31.1,111.7,66.8,2026-06-12 17:00:00,2962346
103.6,31.9,113.2,67.9,2026-06-12 17:20:00,2962346
103.2,30.3,110.5,66.0,2026-06-12 17:40:00,2962346
103.9,31.2,112.6,67.5,2026-06-12 18:00:00,2962346
102.3,31.1,109.6,66.0,2026-06-12 18:20:00,2962346
100.0,32.9,106.5,65.6,2026-06-12 18:40:00,2962346
99.0,34.8,106.2,66.4,2026-06-12 19:00:00,2962346
98.4,36.0,106.0,66.9,2026-06-12 19:20:00,2962346
97.8,36.4,104.9,66.6,2026-06-12 19:40:00,2962346
97.1,37.5,104.4,66.9,2026-06-12 20:00:00,2962346
96.0,41.8,104.9,69.0,2026-06-12 20:20:00,2962346
94.7,40.9,101.7,67.2,2026-06-12 20:40:00,2962346
92.5,45.1,99.5,68.2,2026-06-12 21:00:00,2962346
91.9,45.2,98.1,67.7,2026-06-12 21:20:00,2962346
91.2,48.0,98.6,68.8,2026-06-12 21:40:00,2962346
89.2,51.5,95.7,69.0,2026-06-12 22:00:00,2962346
88.0,53.1,93.9,68.8,2026-06-12 22:20:00,2962346
85.5,56.8,90.5,68.4,2026-06-12 22:40:00,2962346
87.3,52.7,92.3,67.9,2026-06-12 23:00:00,2962346
87.6,52.5,93.0,68.1,2026-06-12 23:20:00,2962346
87.6,47.8,90.9,65.3,2026-06-12 23:40:00,2962346
86.8,48.8,90.1,65.2,2026-06-13 00:00:00,2962346
85.3,50.2,88.2,64.7,2026-06-13 00:20:00,2962346
84.1,53.8,86.9,65.6,2026-06-13 00:40:00,2962346
82.6,56.5,84.7,65.6,2026-06-13 01:00:00,2962346
81.8,57.9,83.7,65.6,2026-06-13 01:20:00,2962346
81.8,60.0,84.2,66.6,2026-06-13 01:40:00,2962346
81.3,62.1,83.7,67.0,2026-06-13 02:00:00,2962346
80.7,65.0,83.7,67.9,2026-06-13 02:20:00,2962346
80.4,63.4,82.6,66.8,2026-06-13 02:40:00,2962346
80.2,62.2,82.2,66.1,2026-06-13 03:00:00,2962346
79.5,63.6,81.3,66.1,2026-06-13 03:20:00,2962346
78.9,66.3,81.0,66.7,2026-06-13 03:40:00,2962346
78.4,66.7,80.1,66.4,2026-06-13 04:00:00,2962346
78.3,66.6,80.1,66.3,2026-06-13 04:20:00,2962346
77.8,68.9,79.5,66.8,2026-06-13 04:40:00,2962346
77.2,69.0,78.6,66.3,2026-06-13 05:00:00,2962346
76.4,72.5,77.5,66.9,2026-06-13 05:20:00,2962346
75.8,73.8,77.2,66.8,2026-06-13 05:40:00,2962346
75.3,74.5,76.6,66.7,2026-06-13 06:00:00,2962346
74.6,76.6,76.1,66.7,2026-06-13 06:20:00,2962346
75.0,76.0,76.3,66.9,2026-06-13 06:40:00,2962346
74.9,78.4,76.6,67.7,2026-06-13 07:00:00,2962346
75.5,77.4,77.2,67.9,2026-06-13 07:20:00,2962346
76.4,77.0,78.1,68.6,2026-06-13 07:40:00,2962346
79.4,71.5,82.8,69.4,2026-06-13 08:00:00,2962346
80.1,69.6,83.7,69.2,2026-06-13 08:20:00,2962346
81.6,67.9,85.8,70.0,2026-06-13 08:40:00,2962346
82.6,64.8,86.9,69.5,2026-06-13 09:00:00,2962346
83.4,63.4,88.0,69.7,2026-06-13 09:20:00,2962346
84.7,61.2,90.1,69.8,2026-06-13 09:40:00,2962346
86.1,59.4,92.5,70.3,2026-06-13 10:00:00,2962346
86.9,58.1,93.7,70.4,2026-06-13 10:20:00,2962346
87.7,55.8,94.3,69.9,2026-06-13 10:40:00,2962346
88.0,55.8,95.0,70.2,2026-06-13 11:00:00,2962346
88.6,54.9,95.9,70.3,2026-06-13 11:20:00,2962346
89.5,53.4,97.3,70.4,2026-06-13 11:40:00,2962346
90.9,51.2,99.5,70.4,2026-06-13 12:00:00,2962346
90.7,49.1,97.9,69.0,2026-06-13 12:20:00,2962346
91.5,50.4,100.0,70.4,2026-06-13 12:40:00,2962346
92.9,47.7,101.7,70.1,2026-06-13 13:00:00,2962346
95.4,45.7,106.0,71.1,2026-06-13 13:20:00,2962346
95.3,43.8,104.4,69.8,2026-06-13 13:40:00,2962346
93.7,45.9,102.2,69.7,2026-06-13 14:00:00,2962346
94.6,45.4,103.8,70.2,2026-06-13 14:20:00,2962346
96.0,43.4,105.8,70.1,2026-06-13 14:40:00,2962346
97.2,39.1,105.8,68.1,2026-06-13 15:00:00,2962346
97.1,39.5,105.6,68.4,2026-06-13 15:20:00,2962346
96.6,40.8,105.3,68.9,2026-06-13 15:40:00,2962346
94.9,42.3,102.7,68.5,2026-06-13 16:00:00,2962346
95.6,42.1,104.2,68.9,2026-06-13 16:20:00,2962346
94.4,45.1,103.1,69.9,2026-06-13 16:40:00,2962346
93.0,49.8,102.9,71.5,2026-06-13 17:00:00,2962346
93.6,46.0,102.2,69.7,2026-06-13 17:20:00,2962346
95.3,42.9,103.8,69.2,2026-06-13 17:40:00,2962346
93.9,46.4,103.1,70.2,2026-06-13 18:00:00,2962346
95.9,48.5,109.4,73.4,2026-06-13 18:20:00,2962346
93.4,44.8,100.8,68.7,2026-06-13 18:40:00,2962346
93.5,49.1,103.6,71.5,2026-06-13 19:00:00,2962346
92.8,47.0,100.9,69.6,2026-06-13 19:20:00,2962346
91.8,47.7,99.5,69.1,2026-06-13 19:40:00,2962346
90.5,50.3,97.9,69.5,2026-06-13 20:00:00,2962346
88.7,53.1,95.5,69.4,2026-06-13 20:20:00,2962346
88.1,54.4,94.5,69.6,2026-06-13 20:40:00,2962346
86.6,57.8,93.0,70.0,2026-06-13 21:00:00,2962346
84.1,62.5,89.4,69.9,2026-06-13 21:20:00,2962346
83.5,64.2,88.9,70.1,2026-06-13 21:40:00,2962346
82.0,66.6,86.0,69.8,2026-06-13 22:00:00,2962346
80.1,70.9,84.0,69.8,2026-06-13 22:20:00,2962346
79.1,73.4,82.4,69.9,2026-06-13 22:40:00,2962346
78.5,74.7,81.7,69.8,2026-06-13 23:00:00,2962346
78.3,74.9,81.3,69.7,2026-06-13 23:20:00,2962346
77.5,76.9,80.1,69.7,2026-06-13 23:40:00,2962346
77.2,77.6,79.3,69.6,2026-06-14 00:00:00,2962346
76.7,78.8,79.0,69.6,2026-06-14 00:20:00,2962346
76.2,80.5,78.4,69.7,2026-06-14 00:40:00,2962346
75.6,80.9,77.7,69.3,2026-06-14 01:00:00,2962346
75.8,81.2,78.1,69.6,2026-06-14 01:20:00,2962346
75.9,81.9,78.3,70.0,2026-06-14 01:40:00,2962346
75.7,82.7,77.9,70.0,2026-06-14 02:00:00,2962346
75.3,83.3,77.7,69.9,2026-06-14 02:20:00,2962346
75.1,84.0,77.5,69.9,2026-06-14 02:40:00,2962346
74.7,84.8,77.2,69.8,2026-06-14 03:00:00,2962346
74.3,85.7,76.6,69.7,2026-06-14 03:20:00,2962346
74.2,86.0,76.5,69.8,2026-06-14 03:40:00,2962346
73.7,87.2,75.9,69.7,2026-06-14 04:00:00,2962346
73.5,87.8,75.7,69.6,2026-06-14 04:20:00,2962346
73.3,88.0,75.6,69.5,2026-06-14 04:40:00,2962346
73.3,88.0,75.6,69.5,2026-06-14 05:00:00,2962346
72.8,88.7,74.8,69.3,2026-06-14 05:20:00,2962346
72.8,88.8,74.8,69.3,2026-06-14 05:40:00,2962346
72.2,89.4,74.1,69.0,2026-06-14 06:00:00,2962346
72.1,90.6,74.1,69.2,2026-06-14 06:20:00,2962346
72.3,90.7,74.7,69.5,2026-06-14 06:40:00,2962346
72.6,90.7,74.8,69.7,2026-06-14 07:00:00,2962346
73.7,90.5,76.3,70.7,2026-06-14 07:20:00,2962346
74.6,89.2,77.4,71.2,2026-06-14 07:40:00,2962346
76.0,87.4,79.2,72.0,2026-06-14 08:00:00,2962346
77.3,85.1,81.0,72.5,2026-06-14 08:20:00,2962346
78.9,82.5,84.0,73.1,2026-06-14 08:40:00,2962346
80.0,80.0,85.6,73.3,2026-06-14 09:00:00,2962346
81.1,78.2,87.4,73.6,2026-06-14 09:20:00,2962346
82.0,75.4,88.7,73.5,2026-06-14 09:40:00,2962346
83.2,72.7,90.5,73.5,2026-06-14 10:00:00,2962346
84.4,71.0,93.0,73.9,2026-06-14 10:20:00,2962346
85.7,67.7,94.8,73.8,2026-06-14 10:40:00,2962346
87.3,63.8,96.8,73.5,2026-06-14 11:00:00,2962346
89.0,60.3,99.0,73.4,2026-06-14 11:20:00,2962346
90.1,58.1,100.8,73.3,2026-06-14 11:40:00,2962346
91.1,57.0,102.9,73.8,2026-06-14 12:00:00,2962346
92.4,53.5,103.8,73.0,2026-06-14 12:20:00,2962346
94.1,50.5,106.3,72.9,2026-06-14 12:40:00,2962346
93.1,49.2,102.9,71.2,2026-06-14 13:00:00,2962346
93.2,51.1,104.2,72.4,2026-06-14 13:20:00,2962346
93.3,51.0,104.4,72.4,2026-06-14 13:40:00,2962346
95.1,47.0,106.0,71.7,2026-06-14 14:00:00,2962346
98.3,40.3,108.7,70.0,2026-06-14 14:20:00,2962346
99.8,37.0,109.2,68.9,2026-06-14 14:40:00,2962346
100.6,36.4,110.8,69.1,2026-06-14 15:00:00,2962346
100.5,35.3,109.4,68.1,2026-06-14 15:20:00,2962346
100.6,36.2,110.1,68.9,2026-06-14 15:40:00,2962346
101.1,35.0,110.5,68.4,2026-06-14 16:00:00,2962346
98.9,35.2,106.2,66.7,2026-06-14 16:20:00,2962346
98.4,37.5,106.7,68.0,2026-06-14 16:40:00,2962346
97.2,39.0,105.8,68.1,2026-06-14 17:00:00,2962346
97.1,40.5,106.3,69.1,2026-06-14 17:20:00,2962346
96.3,41.9,105.6,69.3,2026-06-14 17:40:00,2962346
99.3,33.1,105.3,65.2,2026-06-14 18:00:00,2962346
97.6,33.5,102.7,64.0,2026-06-14 18:20:00,2962346
97.2,34.4,102.6,64.5,2026-06-14 18:40:00,2962346
93.0,42.0,98.6,66.5,2026-06-14 19:00:00,2962346
89.9,49.5,96.3,68.5,2026-06-14 19:20:00,2962346
77.5,84.9,81.3,72.6,2026-06-14 19:40:00,2962346
76.6,91.3,80.4,73.9,2026-06-14 20:00:00,2962346
75.8,92.2,79.3,73.4,2026-06-14 20:20:00,2962346
75.6,93.4,79.2,73.6,2026-06-14 20:40:00,2962346
75.1,92.8,78.4,72.9,2026-06-14 21:00:00,2962346
75.1,93.8,78.6,73.2,2026-06-14 21:20:00,2962346
75.0,94.0,78.4,73.1,2026-06-14 21:40:00,2962346
75.7,93.8,79.3,73.7,2026-06-14 22:00:00,2962346
75.7,94.3,79.3,73.9,2026-06-14 22:20:00,2962346
75.8,92.7,79.5,73.5,2026-06-14 22:40:00,2962346
77.4,87.5,81.9,73.4,2026-06-14 23:00:00,2962346
76.3,90.7,79.9,73.4,2026-06-14 23:20:00,2962346
76.8,89.8,80.8,73.6,2026-06-14 23:40:00,2962346
75.6,90.6,79.0,72.6,2026-06-15 00:00:00,2962346
75.2,92.7,78.4,72.9,2026-06-15 00:20:00,2962346
75.3,92.2,78.6,72.9,2026-06-15 00:40:00,2962346
74.9,93.8,78.3,73.0,2026-06-15 01:00:00,2962346
75.2,93.2,78.8,73.1,2026-06-15 01:20:00,2962346
75.2,92.9,78.8,73.0,2026-06-15 01:40:00,2962346
75.0,93.2,78.3,72.9,2026-06-15 02:00:00,2962346
75.0,93.5,78.3,73.0,2026-06-15 02:20:00,2962346
75.1,92.3,78.4,72.7,2026-06-15 02:40:00,2962346
75.1,93.2,78.4,73.0,2026-06-15 03:00:00,2962346
75.5,92.6,79.0,73.2,2026-06-15 03:20:00,2962346
74.9,93.2,78.3,72.8,2026-06-15 03:40:00,2962346
74.9,92.6,78.3,72.6,2026-06-15 04:00:00,2962346
74.5,92.7,77.7,72.3,2026-06-15 04:20:00,2962346
74.4,93.3,77.5,72.3,2026-06-15 04:40:00,2962346
74.3,93.2,77.2,72.2,2026-06-15 05:00:00,2962346
74.2,92.7,77.2,71.9,2026-06-15 05:20:00,2962346
74.1,92.3,76.8,71.7,2026-06-15 05:40:00,2962346
74.0,92.5,76.8,71.7,2026-06-15 06:00:00,2962346
74.5,86.5,77.0,70.2,2026-06-15 06:20:00,2962346
75.1,80.2,77.0,68.6,2026-06-15 06:40:00,2962346
75.7,81.4,77.7,69.6,2026-06-15 07:00:00,2962346
76.3,76.9,78.1,68.5,2026-06-15 07:20:00,2962346
76.5,71.2,77.7,66.4,2026-06-15 07:40:00,2962346
76.4,70.5,77.4,66.1,2026-06-15 08:00:00,2962346
76.5,70.8,77.7,66.3,2026-06-15 08:20:00,2962346
77.6,64.4,78.4,64.6,2026-06-15 08:40:00,2962346
77.2,62.5,77.7,63.4,2026-06-15 09:00:00,2962346
77.2,58.1,77.0,61.4,2026-06-15 09:20:00,2962346
77.3,59.1,77.2,61.9,2026-06-15 09:40:00,2962346
77.2,47.7,75.9,55.9,2026-06-15 10:00:00,2962346
76.9,47.8,75.4,55.6,2026-06-15 10:20:00,2962346
78.0,49.6,77.0,57.7,2026-06-15 10:40:00,2962346
78.8,47.8,77.9,57.4,2026-06-15 11:00:00,2962346
79.4,45.6,78.3,56.6,2026-06-15 11:20:00,2962346
80.9,47.9,80.4,59.3,2026-06-15 11:40:00,2962346
81.7,40.2,80.2,55.2,2026-06-15 12:00:00,2962346
81.7,40.9,80.2,55.6,2026-06-15 12:20:00,2962346
82.8,38.1,81.3,54.7,2026-06-15 12:40:00,2962346
84.5,36.6,83.1,55.1,2026-06-15 13:00:00,2962346
87.3,35.5,86.7,56.7,2026-06-15 13:20:00,2962346
87.3,32.3,85.8,54.1,2026-06-15 13:40:00,2962346
87.2,34.0,86.0,55.4,2026-06-15 14:00:00,2962346
89.3,31.7,88.3,55.3,2026-06-15 14:20:00,2962346
89.3,29.4,87.6,53.3,2026-06-15 14:40:00,2962346
90.8,29.5,89.8,54.7,2026-06-15 15:00:00,2962346
91.0,29.1,90.0,54.5,2026-06-15 15:20:00,2962346
90.8,29.9,89.8,55.0,2026-06-15 15:40:00,2962346
91.3,30.1,90.7,55.7,2026-06-15 16:00:00,2962346
90.8,30.6,90.1,55.6,2026-06-15 16:20:00,2962346
91.1,30.0,90.5,55.4,2026-06-15 16:40:00,2962346
91.7,29.2,91.0,55.1,2026-06-15 17:00:00,2962346
90.6,28.7,89.2,53.8,2026-06-15 17:20:00,2962346
90.6,29.4,89.4,54.4,2026-06-15 17:40:00,2962346
90.6,28.5,89.2,53.5,2026-06-15 18:00:00,2962346
89.4,30.2,88.0,54.1,2026-06-15 18:20:00,2962346
87.5,31.9,86.0,53.9,2026-06-15 18:40:00,2962346
86.7,34.1,85.5,55.1,2026-06-15 19:00:00,2962346
85.3,35.9,84.2,55.3,2026-06-15 19:20:00,2962346
85.1,35.5,83.7,54.8,2026-06-15 19:40:00,2962346
82.9,39.9,81.5,56.0,2026-06-15 20:00:00,2962346
82.0,39.8,80.2,55.2,2026-06-15 20:20:00,2962346
81.2,41.0,79.7,55.2,2026-06-15 20:40:00,2962346
79.8,44.4,78.4,56.2,2026-06-15 21:00:00,2962346
79.5,42.4,77.9,54.6,2026-06-15 21:20:00,2962346
78.1,43.7,76.5,54.2,2026-06-15 21:40:00,2962346
75.8,50.3,74.7,56.1,2026-06-15 22:00:00,2962346
74.0,53.1,73.2,55.9,2026-06-15 22:20:00,2962346
74.0,53.6,73.2,56.1,2026-06-15 22:40:00,2962346
72.6,55.7,72.1,55.9,2026-06-15 23:00:00,2962346
72.1,59.5,71.8,57.2,2026-06-15 23:20:00,2962346
71.6,58.5,71.4,56.3,2026-06-15 23:40:00,2962346
71.2,56.4,70.7,54.9,2026-06-16 00:00:00,2962346
70.1,63.4,70.0,57.1,2026-06-16 00:20:00,2962346
69.8,63.6,69.6,56.9,2026-06-16 00:40:00,2962346
69.3,63.7,68.9,56.5,2026-06-16 01:00:00,2962346
69.6,61.9,69.1,55.9,2026-06-16 01:20:00,2962346
68.6,67.2,68.2,57.3,2026-06-16 01:40:00,2962346
68.4,68.2,68.0,57.5,2026-06-16 02:00:00,2962346
68.8,68.0,68.5,57.8,2026-06-16 02:20:00,2962346
68.9,69.0,68.5,58.3,2026-06-16 02:40:00,2962346
69.1,65.9,68.7,57.3,2026-06-16 03:00:00,2962346
69.6,60.3,69.1,55.2,2026-06-16 03:20:00,2962346
69.4,62.7,68.9,56.1,2026-06-16 03:40:00,2962346
69.9,58.8,69.3,54.8,2026-06-16 04:00:00,2962346
69.9,55.4,69.1,53.2,2026-06-16 04:20:00,2962346
69.6,55.1,68.5,52.8,2026-06-16 04:40:00,2962346
69.1,56.7,68.2,53.2,2026-06-16 05:00:00,2962346
68.4,58.9,67.3,53.4,2026-06-16 05:20:00,2962346
68.8,57.6,67.8,53.3,2026-06-16 05:40:00,2962346
68.3,62.6,67.3,55.1,2026-06-16 06:00:00,2962346
88.0,31.0,86.4,53.6,2026-06-05 11:40:00,2974170
90.4,28.0,88.7,52.8,2026-06-05 12:00:00,2974170
90.5,27.6,88.7,52.6,2026-06-05 12:20:00,2974170
92.7,26.8,91.6,53.7,2026-06-05 12:40:00,2974170
91.1,27.7,89.8,53.2,2026-06-05 13:00:00,2974170
92.8,26.8,91.6,53.8,2026-06-05 13:20:00,2974170
92.5,24.8,90.7,51.3,2026-06-05 13:40:00,2974170
93.3,27.5,92.5,54.8,2026-06-05 14:00:00,2974170
93.8,26.4,93.0,54.1,2026-06-05 14:20:00,2974170
93.7,24.7,92.1,52.3,2026-06-05 14:40:00,2974170
94.3,25.2,93.0,53.3,2026-06-05 15:00:00,2974170
96.6,23.7,96.3,53.6,2026-06-05 15:20:00,2974170
95.4,24.5,94.6,53.4,2026-06-05 15:40:00,2974170
95.1,24.4,94.1,53.2,2026-06-05 16:00:00,2974170
96.0,24.0,95.4,53.4,2026-06-05 16:20:00,2974170
95.3,23.9,94.1,52.6,2026-06-05 16:40:00,2974170
95.0,24.1,94.1,52.8,2026-06-05 17:00:00,2974170
94.4,24.0,93.0,52.1,2026-06-05 17:20:00,2974170
92.6,25.4,90.9,52.1,2026-06-05 17:40:00,2974170
92.3,25.6,90.9,52.1,2026-06-05 18:00:00,2974170
90.9,28.6,89.8,53.9,2026-06-05 18:20:00,2974170
90.4,28.6,89.1,53.4,2026-06-05 18:40:00,2974170
90.1,29.3,88.7,53.8,2026-06-05 19:00:00,2974170
89.3,29.9,87.8,53.7,2026-06-05 19:20:00,2974170
88.0,30.7,86.4,53.3,2026-06-05 19:40:00,2974170
87.3,31.3,85.6,53.3,2026-06-05 20:00:00,2974170
86.0,32.7,84.0,53.3,2026-06-05 20:20:00,2974170
84.9,34.2,83.1,53.6,2026-06-05 20:40:00,2974170
83.8,35.4,81.9,53.5,2026-06-05 21:00:00,2974170
83.0,36.4,81.1,53.6,2026-06-05 21:20:00,2974170
82.9,36.0,81.0,53.3,2026-06-05 21:40:00,2974170
82.0,37.4,79.9,53.5,2026-06-05 22:00:00,2974170
80.8,39.4,79.0,53.9,2026-06-05 22:20:00,2974170
79.0,41.9,77.4,53.9,2026-06-05 22:40:00,2974170
78.3,43.1,76.6,54.0,2026-06-05 23:00:00,2974170
78.2,44.2,76.5,54.6,2026-06-05 23:20:00,2974170
77.7,45.3,76.3,54.9,2026-06-05 23:40:00,2974170
77.6,45.8,76.1,55.1,2026-06-06 00:00:00,2974170
77.2,46.6,75.7,55.2,2026-06-06 00:20:00,2974170
75.8,48.7,74.5,55.1,2026-06-06 00:40:00,2974170
74.5,51.0,73.6,55.2,2026-06-06 01:00:00,2974170
73.5,53.0,72.7,55.3,2026-06-06 01:20:00,2974170
73.0,55.3,72.5,56.0,2026-06-06 01:40:00,2974170
72.6,56.5,72.1,56.3,2026-06-06 02:00:00,2974170
72.3,57.2,72.0,56.4,2026-06-06 02:20:00,2974170
71.3,59.1,71.1,56.3,2026-06-06 02:40:00,2974170
71.0,60.3,70.9,56.5,2026-06-06 03:00:00,2974170
70.7,61.6,70.5,56.8,2026-06-06 03:20:00,2974170
70.2,62.9,70.0,57.0,2026-06-06 03:40:00,2974170
69.5,64.5,69.3,57.0,2026-06-06 04:00:00,2974170
69.2,65.1,68.7,57.0,2026-06-06 04:20:00,2974170
68.5,66.6,68.0,56.9,2026-06-06 04:40:00,2974170
68.0,67.9,67.5,57.0,2026-06-06 05:00:00,2974170
67.6,68.9,66.7,57.0,2026-06-06 05:20:00,2974170
67.2,70.1,66.6,57.1,2026-06-06 05:40:00,2974170
66.5,71.5,65.7,57.0,2026-06-06 06:00:00,2974170
66.9,71.9,66.4,57.6,2026-06-06 06:20:00,2974170
68.2,70.8,68.0,58.4,2026-06-06 06:40:00,2974170
70.3,67.6,70.3,59.1,2026-06-06 07:00:00,2974170
72.1,64.6,72.3,59.5,2026-06-06 07:20:00,2974170
73.3,62.7,73.4,59.7,2026-06-06 07:40:00,2974170
74.4,60.7,74.3,60.0,2026-06-06 08:00:00,2974170
75.9,59.6,75.6,60.8,2026-06-06 08:20:00,2974170
76.9,56.2,76.3,60.1,2026-06-06 08:40:00,2974170
78.3,54.9,78.3,60.7,2026-06-06 09:00:00,2974170
79.8,52.3,79.9,60.8,2026-06-06 09:20:00,2974170
82.6,49.0,83.1,61.5,2026-06-06 09:40:00,2974170
82.5,47.9,82.6,60.8,2026-06-06 10:00:00,2974170
85.2,45.1,86.4,61.5,2026-06-06 10:20:00,2974170
84.7,45.1,85.5,61.1,2026-06-06 10:40:00,2974170
86.2,42.5,87.3,60.8,2026-06-06 11:00:00,2974170
86.1,40.4,86.4,59.2,2026-06-06 11:20:00,2974170
87.9,40.9,89.1,61.2,2026-06-06 11:40:00,2974170
89.0,37.8,90.0,59.9,2026-06-06 12:00:00,2974170
90.9,36.0,92.7,60.2,2026-06-06 12:20:00,2974170
89.5,35.0,90.0,58.2,2026-06-06 12:40:00,2974170
91.6,33.9,92.8,59.1,2026-06-06 13:00:00,2974170
91.4,34.1,92.5,59.2,2026-06-06 13:20:00,2974170
90.7,34.1,91.6,58.6,2026-06-06 13:40:00,2974170
91.8,34.0,93.0,59.4,2026-06-06 14:00:00,2974170
90.5,34.5,91.4,58.7,2026-06-06 14:20:00,2974170
93.1,34.0,95.2,60.6,2026-06-06 14:40:00,2974170
92.4,35.3,94.6,61.1,2026-06-06 15:00:00,2974170
94.3,34.7,97.7,62.2,2026-06-06 15:20:00,2974170
90.7,35.7,92.1,59.8,2026-06-06 15:40:00,2974170
93.3,35.3,96.1,61.8,2026-06-06 16:00:00,2974170
94.4,32.8,96.6,60.7,2026-06-06 16:20:00,2974170
94.3,32.8,96.6,60.6,2026-06-06 16:40:00,2974170
93.1,32.6,94.5,59.4,2026-06-06 17:00:00,2974170
93.2,33.0,94.6,59.8,2026-06-06 17:20:00,2974170
90.5,34.3,91.0,58.5,2026-06-06 17:40:00,2974170
90.6,33.8,91.0,58.2,2026-06-06 18:00:00,2974170
89.9,34.5,90.1,58.2,2026-06-06 18:20:00,2974170
89.7,35.7,90.3,59.0,2026-06-06 18:40:00,2974170
89.2,35.5,89.4,58.3,2026-06-06 19:00:00,2974170
88.2,37.1,88.5,58.8,2026-06-06 19:20:00,2974170
87.9,37.8,88.2,59.0,2026-06-06 19:40:00,2974170
86.6,39.5,86.9,59.1,2026-06-06 20:00:00,2974170
85.7,40.4,85.8,58.8,2026-06-06 20:20:00,2974170
84.7,41.2,84.6,58.6,2026-06-06 20:40:00,2974170
83.6,42.7,83.1,58.6,2026-06-06 21:00:00,2974170
82.7,43.8,82.0,58.4,2026-06-06 21:20:00,2974170
81.8,45.5,81.1,58.7,2026-06-06 21:40:00,2974170
81.3,46.6,80.6,58.9,2026-06-06 22:00:00,2974170
80.5,48.3,80.1,59.2,2026-06-06 22:20:00,2974170
80.1,49.2,79.9,59.4,2026-06-06 22:40:00,2974170
80.0,49.8,79.5,59.5,2026-06-06 23:00:00,2974170
78.4,52.0,77.9,59.4,2026-06-06 23:20:00,2974170
77.6,53.8,77.2,59.6,2026-06-06 23:40:00,2974170
77.7,54.3,77.4,59.9,2026-06-07 00:00:00,2974170
77.0,55.5,76.6,59.9,2026-06-07 00:20:00,2974170
76.6,56.9,76.1,60.2,2026-06-07 00:40:00,2974170
76.1,58.2,75.7,60.3,2026-06-07 01:00:00,2974170
75.7,59.8,75.4,60.7,2026-06-07 01:20:00,2974170
75.1,61.0,75.0,60.7,2026-06-07 01:40:00,2974170
74.1,63.0,74.3,60.7,2026-06-07 02:00:00,2974170
73.5,65.1,73.8,61.0,2026-06-07 02:20:00,2974170
73.1,65.6,73.4,60.9,2026-06-07 02:40:00,2974170
72.8,66.6,73.2,61.0,2026-06-07 03:00:00,2974170
72.0,68.1,72.5,60.9,2026-06-07 03:20:00,2974170
71.7,68.9,72.1,61.0,2026-06-07 03:40:00,2974170
71.3,69.7,72.0,60.9,2026-06-07 04:00:00,2974170
71.0,70.5,71.6,60.9,2026-06-07 04:20:00,2974170
70.7,71.4,71.1,61.0,2026-06-07 04:40:00,2974170
70.1,72.5,70.5,60.9,2026-06-07 05:00:00,2974170
69.5,74.2,69.8,60.9,2026-06-07 05:20:00,2974170
69.3,75.0,69.8,61.0,2026-06-07 05:40:00,2974170
69.2,75.8,69.6,61.2,2026-06-07 06:00:00,2974170
69.1,76.4,69.3,61.3,2026-06-07 06:20:00,2974170
69.5,76.0,70.0,61.6,2026-06-07 06:40:00,2974170
70.5,75.3,71.4,62.3,2026-06-07 07:00:00,2974170
71.5,73.6,72.3,62.7,2026-06-07 07:20:00,2974170
73.0,71.7,73.8,63.3,2026-06-07 07:40:00,2974170
75.3,68.9,75.9,64.4,2026-06-07 08:00:00,2974170
76.5,65.0,77.0,63.8,2026-06-07 08:20:00,2974170
77.5,63.5,78.1,64.1,2026-06-07 08:40:00,2974170
78.5,60.4,79.3,63.7,2026-06-07 09:00:00,2974170
81.0,57.6,82.6,64.6,2026-06-07 09:20:00,2974170
82.9,54.7,84.7,64.9,2026-06-07 09:40:00,2974170
84.3,50.4,86.2,63.9,2026-06-07 10:00:00,2974170
86.0,48.4,88.7,64.3,2026-06-07 10:20:00,2974170
86.8,47.2,89.4,64.3,2026-06-07 10:40:00,2974170
88.0,43.6,90.3,63.2,2026-06-07 11:00:00,2974170
89.3,42.2,91.9,63.3,2026-06-07 11:20:00,2974170
89.9,41.8,93.0,63.6,2026-06-07 11:40:00,2974170
90.9,39.6,94.1,62.9,2026-06-07 12:00:00,2974170
91.3,36.5,93.4,61.0,2026-06-07 12:20:00,2974170
92.3,34.7,94.5,60.5,2026-06-07 12:40:00,2974170
94.1,35.0,97.3,62.3,2026-06-07 13:00:00,2974170
94.4,32.9,96.8,60.8,2026-06-07 13:20:00,2974170
95.7,33.8,99.3,62.7,2026-06-07 13:40:00,2974170
96.3,30.2,98.4,60.1,2026-06-07 14:00:00,2974170
95.7,31.4,97.9,60.5,2026-06-07 14:20:00,2974170
96.9,30.7,99.7,61.0,2026-06-07 14:40:00,2974170
96.1,30.2,98.2,59.9,2026-06-07 15:00:00,2974170
96.2,30.9,98.6,60.6,2026-06-07 15:20:00,2974170
98.5,31.7,103.1,63.3,2026-06-07 15:40:00,2974170
97.6,31.4,101.3,62.2,2026-06-07 16:00:00,2974170
95.6,33.0,99.0,61.9,2026-06-07 16:20:00,2974170
96.5,30.8,99.1,60.7,2026-06-07 16:40:00,2974170
98.8,29.7,102.2,61.7,2026-06-07 17:00:00,2974170
96.8,31.0,99.5,61.1,2026-06-07 17:20:00,2974170
94.3,35.8,98.2,63.1,2026-06-07 17:40:00,2974170
93.4,37.4,97.3,63.6,2026-06-07 18:00:00,2974170
92.5,36.9,95.7,62.4,2026-06-07 18:20:00,2974170
92.2,37.8,95.4,62.8,2026-06-07 18:40:00,2974170
91.4,38.5,94.5,62.6,2026-06-07 19:00:00,2974170
91.2,38.6,93.9,62.5,2026-06-07 19:20:00,2974170
90.5,38.6,93.0,61.9,2026-06-07 19:40:00,2974170
89.8,39.2,91.9,61.7,2026-06-07 20:00:00,2974170
88.8,40.0,90.5,61.4,2026-06-07 20:20:00,2974170
88.3,40.2,89.4,61.1,2026-06-07 20:40:00,2974170
87.7,41.5,89.1,61.5,2026-06-07 21:00:00,2974170
86.8,43.1,88.2,61.7,2026-06-07 21:20:00,2974170
85.8,44.3,87.1,61.6,2026-06-07 21:40:00,2974170
85.0,46.4,86.2,62.2,2026-06-07 22:00:00,2974170
84.4,47.8,85.8,62.5,2026-06-07 22:20:00,2974170
83.9,48.4,85.1,62.3,2026-06-07 22:40:00,2974170
83.3,49.2,84.0,62.2,2026-06-07 23:00:00,2974170
83.0,49.8,83.8,62.3,2026-06-07 23:20:00,2974170
82.5,51.1,83.3,62.6,2026-06-07 23:40:00,2974170
82.3,52.5,83.3,63.2,2026-06-08 00:00:00,2974170
81.9,53.5,83.1,63.3,2026-06-08 00:20:00,2974170
81.3,54.9,82.2,63.5,2026-06-08 00:40:00,2974170
80.5,56.2,81.5,63.5,2026-06-08 01:00:00,2974170
80.0,57.4,81.0,63.6,2026-06-08 01:20:00,2974170
79.8,58.1,80.8,63.7,2026-06-08 01:40:00,2974170
79.5,59.0,80.4,64.0,2026-06-08 02:00:00,2974170
79.1,59.8,80.1,63.9,2026-06-08 02:20:00,2974170
78.3,61.5,79.3,64.0,2026-06-08 02:40:00,2974170
77.8,62.8,78.4,64.1,2026-06-08 03:00:00,2974170
77.6,63.8,78.4,64.3,2026-06-08 03:20:00,2974170
77.2,64.1,77.9,64.1,2026-06-08 03:40:00,2974170
77.3,64.3,77.9,64.3,2026-06-08 04:00:00,2974170
76.9,65.0,77.5,64.2,2026-06-08 04:20:00,2974170
76.5,66.3,77.2,64.4,2026-06-08 04:40:00,2974170
75.7,67.6,76.3,64.2,2026-06-08 05:00:00,2974170
75.3,68.8,75.9,64.3,2026-06-08 05:20:00,2974170
74.4,70.4,75.2,64.2,2026-06-08 05:40:00,2974170
74.6,70.9,75.4,64.5,2026-06-08 06:00:00,2974170
73.9,71.8,74.7,64.2,2026-06-08 06:20:00,2974170
74.4,72.9,75.4,65.1,2026-06-08 06:40:00,2974170
75.2,72.4,76.3,65.7,2026-06-08 07:00:00,2974170
76.3,69.8,77.2,65.7,2026-06-08 07:20:00,2974170
77.2,68.0,78.4,65.8,2026-06-08 07:40:00,2974170
78.8,65.5,80.4,66.2,2026-06-08 08:00:00,2974170
80.1,64.0,82.4,66.8,2026-06-08 08:20:00,2974170
81.6,61.6,84.2,67.2,2026-06-08 08:40:00,2974170
83.0,59.5,86.4,67.5,2026-06-08 09:00:00,2974170
85.5,56.0,90.3,68.0,2026-06-08 09:20:00,2974170
87.0,52.3,91.8,67.4,2026-06-08 09:40:00,2974170
87.5,51.0,92.1,67.1,2026-06-08 10:00:00,2974170
89.8,50.6,96.4,69.0,2026-06-08 10:20:00,2974170
89.9,47.1,95.2,67.0,2026-06-08 10:40:00,2974170
91.0,46.9,97.2,67.9,2026-06-08 11:00:00,2974170
91.0,44.2,95.9,66.2,2026-06-08 11:20:00,2974170
92.1,43.9,97.9,67.0,2026-06-08 11:40:00,2974170
92.4,40.8,97.0,65.1,2026-06-08 12:00:00,2974170
91.9,40.2,95.9,64.3,2026-06-08 12:20:00,2974170
93.4,40.5,98.6,65.8,2026-06-08 12:40:00,2974170
94.3,38.4,99.5,65.1,2026-06-08 13:00:00,2974170
95.6,38.2,101.8,66.1,2026-06-08 13:20:00,2974170
95.0,36.7,100.0,64.4,2026-06-08 13:40:00,2974170
93.8,38.0,98.4,64.3,2026-06-08 14:00:00,2974170
93.2,38.3,97.2,64.0,2026-06-08 14:20:00,2974170
97.0,36.0,102.9,65.5,2026-06-08 14:40:00,2974170
94.7,36.5,99.3,64.0,2026-06-08 15:00:00,2974170
94.8,38.5,100.8,65.7,2026-06-08 15:20:00,2974170
94.7,37.5,99.9,64.8,2026-06-08 15:40:00,2974170
93.6,36.9,97.5,63.3,2026-06-08 16:00:00,2974170
94.1,36.5,98.1,63.5,2026-06-08 16:20:00,2974170
94.7,36.6,99.3,64.1,2026-06-08 16:40:00,2974170
95.4,34.3,99.5,62.8,2026-06-08 17:00:00,2974170
93.8,35.3,97.0,62.3,2026-06-08 17:20:00,2974170
92.9,36.2,95.9,62.2,2026-06-08 17:40:00,2974170
92.0,36.7,94.6,61.7,2026-06-08 18:00:00,2974170
90.5,38.1,92.8,61.5,2026-06-08 18:20:00,2974170
90.1,38.7,92.1,61.6,2026-06-08 18:40:00,2974170
89.5,38.7,91.2,61.1,2026-06-08 19:00:00,2974170
88.4,39.9,89.8,61.0,2026-06-08 19:20:00,2974170
87.1,43.2,88.7,62.0,2026-06-08 19:40:00,2974170
85.6,46.5,87.3,62.8,2026-06-08 20:00:00,2974170
84.0,48.9,85.5,62.8,2026-06-08 20:20:00,2974170
82.8,51.3,84.0,62.9,2026-06-08 20:40:00,2974170
81.8,53.5,82.8,63.2,2026-06-08 21:00:00,2974170
80.7,55.0,81.7,63.0,2026-06-08 21:20:00,2974170
79.6,56.5,80.2,62.8,2026-06-08 21:40:00,2974170
78.5,58.3,79.0,62.7,2026-06-08 22:00:00,2974170
77.2,61.0,77.5,62.7,2026-06-08 22:20:00,2974170
76.1,62.7,76.1,62.4,2026-06-08 22:40:00,2974170
74.9,64.0,75.2,61.9,2026-06-08 23:00:00,2974170
73.8,65.9,74.1,61.7,2026-06-08 23:20:00,2974170
72.6,65.7,72.9,60.4,2026-06-08 23:40:00,2974170
71.7,67.1,72.1,60.2,2026-06-09 00:00:00,2974170
71.2,68.4,71.6,60.3,2026-06-09 00:20:00,2974170
70.6,68.9,70.9,59.8,2026-06-09 00:40:00,2974170
69.9,69.3,70.2,59.4,2026-06-09 01:00:00,2974170
69.3,68.1,69.3,58.4,2026-06-09 01:20:00,2974170
68.6,66.5,68.2,57.0,2026-06-09 01:40:00,2974170
68.1,66.0,67.5,56.4,2026-06-09 02:00:00,2974170
67.6,67.5,66.7,56.5,2026-06-09 02:20:00,2974170
67.4,69.4,66.6,57.0,2026-06-09 02:40:00,2974170
67.3,70.7,66.7,57.5,2026-06-09 03:00:00,2974170
67.2,71.9,66.6,57.8,2026-06-09 03:20:00,2974170
67.3,72.1,66.9,58.0,2026-06-09 03:40:00,2974170
67.2,72.3,66.7,58.0,2026-06-09 04:00:00,2974170
66.7,71.5,65.8,57.2,2026-06-09 04:20:00,2974170
66.6,70.5,65.8,56.7,2026-06-09 04:40:00,2974170
66.5,69.2,65.5,56.0,2026-06-09 05:00:00,2974170
66.2,68.6,64.9,55.6,2026-06-09 05:20:00,2974170
65.8,68.5,64.4,55.1,2026-06-09 05:40:00,2974170
65.5,68.4,64.2,54.8,2026-06-09 06:00:00,2974170
65.5,68.4,64.2,54.8,2026-06-09 06:20:00,2974170
65.3,68.2,63.9,54.6,2026-06-09 06:40:00,2974170
66.5,67.8,65.3,55.5,2026-06-09 07:00:00,2974170
67.0,66.8,66.0,55.6,2026-06-09 07:20:00,2974170
66.9,67.0,66.0,55.6,2026-06-09 07:40:00,2974170
67.5,66.0,66.6,55.7,2026-06-09 08:00:00,2974170
68.3,65.6,67.5,56.3,2026-06-09 08:20:00,2974170
70.1,64.2,70.0,57.5,2026-06-09 08:40:00,2974170
70.8,61.6,70.9,56.9,2026-06-09 09:00:00,2974170
73.0,60.2,72.9,58.4,2026-06-09 09:20:00,2974170
73.1,59.6,72.9,58.2,2026-06-09 09:40:00,2974170
74.8,58.5,74.5,59.3,2026-06-09 10:00:00,2974170
75.4,57.0,75.0,59.1,2026-06-09 10:20:00,2974170
76.6,56.1,75.9,59.7,2026-06-09 10:40:00,2974170
78.5,53.7,78.4,60.3,2026-06-09 11:00:00,2974170
81.1,51.0,81.3,61.3,2026-06-09 11:20:00,2974170
82.1,48.9,82.2,60.9,2026-06-09 11:40:00,2974170
81.9,49.8,82.2,61.3,2026-06-09 12:00:00,2974170
82.8,49.0,83.5,61.8,2026-06-09 12:20:00,2974170
83.2,49.7,84.2,62.5,2026-06-09 12:40:00,2974170
84.2,50.9,86.2,64.0,2026-06-09 13:00:00,2974170
86.1,51.1,89.6,65.9,2026-06-09 13:20:00,2974170
86.7,51.1,90.9,66.5,2026-06-09 13:40:00,2974170
85.1,53.3,88.7,66.2,2026-06-09 14:00:00,2974170
85.6,53.7,89.6,66.8,2026-06-09 14:20:00,2974170
86.3,52.0,90.3,66.6,2026-06-09 14:40:00,2974170
86.3,52.1,90.3,66.7,2026-06-09 15:00:00,2974170
88.5,49.9,93.7,67.4,2026-06-09 15:20:00,2974170
89.6,49.4,95.9,68.1,2026-06-09 15:40:00,2974170
88.8,49.6,93.9,67.5,2026-06-09 16:00:00,2974170
89.1,48.2,94.3,67.0,2026-06-09 16:20:00,2974170
86.8,50.9,90.7,66.5,2026-06-09 16:40:00,2974170
88.2,51.7,93.7,68.2,2026-06-09 17:00:00,2974170
87.3,51.2,91.9,67.1,2026-06-09 17:20:00,2974170
87.1,52.4,91.9,67.6,2026-06-09 17:40:00,2974170
87.3,52.2,92.1,67.6,2026-06-09 18:00:00,2974170
86.4,53.1,90.9,67.3,2026-06-09 18:20:00,2974170
85.9,54.2,90.3,67.4,2026-06-09 18:40:00,2974170
85.2,55.8,89.4,67.7,2026-06-09 19:00:00,2974170
84.8,56.9,89.1,67.8,2026-06-09 19:20:00,2974170
84.2,57.9,88.3,67.8,2026-06-09 19:40:00,2974170
83.9,59.0,88.0,68.1,2026-06-09 20:00:00,2974170
82.9,60.3,86.2,67.7,2026-06-09 20:20:00,2974170
82.4,61.4,85.8,67.8,2026-06-09 20:40:00,2974170
81.9,62.3,84.9,67.7,2026-06-09 21:00:00,2974170
81.4,63.0,84.4,67.6,2026-06-09 21:20:00,2974170
81.2,63.6,84.2,67.7,2026-06-09 21:40:00,2974170
80.4,65.2,83.1,67.6,2026-06-09 22:00:00,2974170
80.0,66.4,82.8,67.8,2026-06-09 22:20:00,2974170
79.8,67.2,82.6,67.9,2026-06-09 22:40:00,2974170
79.8,68.1,82.8,68.3,2026-06-09 23:00:00,2974170
79.5,69.0,82.4,68.4,2026-06-09 23:20:00,2974170
79.5,71.2,82.8,69.3,2026-06-09 23:40:00,2974170
79.3,73.2,82.8,70.0,2026-06-10 00:00:00,2974170
78.9,74.5,82.4,70.1,2026-06-10 00:20:00,2974170
78.5,76.1,81.9,70.3,2026-06-10 00:40:00,2974170
78.2,77.2,81.5,70.4,2026-06-10 01:00:00,2974170
77.8,78.0,81.0,70.4,2026-06-10 01:20:00,2974170
77.5,78.8,80.4,70.4,2026-06-10 01:40:00,2974170
77.1,79.5,79.9,70.2,2026-06-10 02:00:00,2974170
76.6,80.4,78.8,70.1,2026-06-10 02:20:00,2974170
76.1,81.0,78.4,69.9,2026-06-10 02:40:00,2974170
75.8,81.8,78.1,69.8,2026-06-10 03:00:00,2974170
75.4,82.5,77.7,69.7,2026-06-10 03:20:00,2974170
75.3,82.9,77.5,69.7,2026-06-10 03:40:00,2974170
75.3,83.2,77.7,69.8,2026-06-10 04:00:00,2974170
75.0,83.8,77.2,69.7,2026-06-10 04:20:00,2974170
74.8,84.1,77.0,69.7,2026-06-10 04:40:00,2974170
74.6,84.5,76.8,69.6,2026-06-10 05:00:00,2974170
74.6,84.7,76.8,69.6,2026-06-10 05:20:00,2974170
74.6,84.9,76.8,69.7,2026-06-10 05:40:00,2974170
74.6,85.0,76.8,69.7,2026-06-10 06:00:00,2974170
74.8,85.1,77.2,70.0,2026-06-10 06:20:00,2974170
75.2,84.7,77.9,70.3,2026-06-10 06:40:00,2974170
75.3,84.5,77.7,70.3,2026-06-10 07:00:00,2974170
75.7,84.2,78.1,70.5,2026-06-10 07:20:00,2974170
75.9,84.0,78.4,70.7,2026-06-10 07:40:00,2974170
76.1,83.7,78.8,70.8,2026-06-10 08:00:00,2974170
76.7,82.1,79.5,70.8,2026-06-10 08:20:00,2974170
77.8,80.3,81.3,71.3,2026-06-10 08:40:00,2974170
78.2,78.3,81.7,70.8,2026-06-10 09:00:00,2974170
80.0,74.7,84.4,71.2,2026-06-10 09:20:00,2974170
80.0,73.4,84.2,70.7,2026-06-10 09:40:00,2974170
81.3,71.3,86.0,71.1,2026-06-10 10:00:00,2974170
84.2,68.1,91.6,72.5,2026-06-10 10:20:00,2974170
85.4,65.3,93.2,72.4,2026-06-10 10:40:00,2974170
86.1,62.2,93.4,71.6,2026-06-10 11:00:00,2974170
85.2,59.7,90.7,69.6,2026-06-10 11:20:00,2974170
86.6,61.4,94.3,71.8,2026-06-10 11:40:00,2974170
86.9,58.6,93.6,70.6,2026-06-10 12:00:00,2974170
87.6,54.3,93.4,69.0,2026-06-10 12:20:00,2974170
88.2,53.4,94.5,69.1,2026-06-10 12:40:00,2974170
89.6,53.5,97.7,70.5,2026-06-10 13:00:00,2974170
89.2,50.0,95.0,68.2,2026-06-10 13:20:00,2974170
93.8,46.7,102.9,70.3,2026-06-10 13:40:00,2974170
92.2,47.2,99.9,69.2,2026-06-10 14:00:00,2974170
90.7,49.0,97.9,68.9,2026-06-10 14:20:00,2974170
90.4,50.1,97.9,69.3,2026-06-10 14:40:00,2974170
92.3,48.6,101.1,70.1,2026-06-10 15:00:00,2974170
92.6,46.0,100.0,68.8,2026-06-10 15:20:00,2974170
93.0,45.4,100.4,68.8,2026-06-10 15:40:00,2974170
92.3,47.7,100.6,69.5,2026-06-10 16:00:00,2974170
93.6,44.3,101.3,68.6,2026-06-10 16:20:00,2974170
94.0,44.9,102.2,69.3,2026-06-10 16:40:00,2974170
93.8,44.7,101.7,69.0,2026-06-10 17:00:00,2974170
92.1,45.6,99.0,68.1,2026-06-10 17:20:00,2974170
92.2,47.0,99.9,69.0,2026-06-10 17:40:00,2974170
91.9,47.5,99.3,69.1,2026-06-10 18:00:00,2974170
91.3,47.4,98.2,68.5,2026-06-10 18:20:00,2974170
90.7,47.3,97.2,67.9,2026-06-10 18:40:00,2974170
90.4,48.1,96.6,68.1,2026-06-10 19:00:00,2974170
90.3,48.4,97.0,68.2,2026-06-10 19:20:00,2974170
90.1,48.6,96.3,68.1,2026-06-10 19:40:00,2974170
89.0,50.3,94.6,68.1,2026-06-10 20:00:00,2974170
88.1,51.7,93.4,68.1,2026-06-10 20:20:00,2974170
87.2,53.6,92.3,68.3,2026-06-10 20:40:00,2974170
86.7,54.4,91.8,68.3,2026-06-10 21:00:00,2974170
86.3,55.3,91.4,68.4,2026-06-10 21:20:00,2974170
85.7,56.7,90.7,68.6,2026-06-10 21:40:00,2974170
85.1,58.3,90.3,68.8,2026-06-10 22:00:00,2974170
84.7,59.5,89.6,69.0,2026-06-10 22:20:00,2974170
83.8,61.1,88.2,69.0,2026-06-10 22:40:00,2974170
83.3,62.8,87.8,69.3,2026-06-10 23:00:00,2974170
82.8,63.8,87.1,69.2,2026-06-10 23:20:00,2974170
82.3,64.5,86.2,69.2,2026-06-10 23:40:00,2974170
81.9,65.7,85.8,69.3,2026-06-11 00:00:00,2974170
81.6,66.4,85.5,69.3,2026-06-11 00:20:00,2974170
81.1,67.2,84.7,69.2,2026-06-11 00:40:00,2974170
80.8,68.3,84.7,69.4,2026-06-11 01:00:00,2974170
80.4,69.2,84.2,69.4,2026-06-11 01:20:00,2974170
80.0,69.8,83.5,69.3,2026-06-11 01:40:00,2974170
79.4,70.9,82.8,69.2,2026-06-11 02:00:00,2974170
78.9,71.7,81.9,69.0,2026-06-11 02:20:00,2974170
78.5,72.4,81.3,68.9,2026-06-11 02:40:00,2974170
78.3,72.6,81.1,68.7,2026-06-11 03:00:00,2974170
77.8,73.1,80.1,68.5,2026-06-11 03:20:00,2974170
77.4,73.9,79.7,68.4,2026-06-11 03:40:00,2974170
76.9,75.0,78.8,68.4,2026-06-11 04:00:00,2974170
76.6,75.2,78.3,68.2,2026-06-11 04:20:00,2974170
76.2,75.6,77.7,67.9,2026-06-11 04:40:00,2974170
75.8,76.1,77.4,67.8,2026-06-11 05:00:00,2974170
75.5,76.7,77.2,67.7,2026-06-11 05:20:00,2974170
75.3,76.8,76.8,67.5,2026-06-11 05:40:00,2974170
75.1,76.9,76.6,67.4,2026-06-11 06:00:00,2974170
75.0,76.9,76.5,67.3,2026-06-11 06:20:00,2974170
75.2,76.8,76.8,67.5,2026-06-11 06:40:00,2974170
75.7,76.3,77.2,67.7,2026-06-11 07:00:00,2974170
76.5,75.5,78.3,68.2,2026-06-11 07:20:00,2974170
77.4,74.1,79.7,68.5,2026-06-11 07:40:00,2974170
78.5,72.6,81.3,68.9,2026-06-11 08:00:00,2974170
79.8,71.2,83.5,69.6,2026-06-11 08:20:00,2974170
81.8,69.6,86.4,70.9,2026-06-11 08:40:00,2974170
82.7,68.0,87.8,71.0,2026-06-11 09:00:00,2974170
85.8,64.1,93.4,72.2,2026-06-11 09:20:00,2974170
86.3,62.3,93.9,71.9,2026-06-11 09:40:00,2974170
87.7,60.6,96.1,72.3,2026-06-11 10:00:00,2974170
89.6,55.6,98.4,71.6,2026-06-11 10:20:00,2974170
90.4,55.0,100.0,72.0,2026-06-11 10:40:00,2974170
91.8,53.2,102.6,72.3,2026-06-11 11:00:00,2974170
92.1,51.1,102.2,71.5,2026-06-11 11:20:00,2974170
93.0,50.2,103.3,71.7,2026-06-11 11:40:00,2974170
94.3,47.6,104.4,71.3,2026-06-11 12:00:00,2974170
95.2,45.4,105.4,70.8,2026-06-11 12:20:00,2974170
97.3,42.3,107.8,70.5,2026-06-11 12:40:00,2974170
95.8,44.1,105.8,70.4,2026-06-11 13:00:00,2974170
98.6,41.0,109.9,70.8,2026-06-11 13:20:00,2974170
98.2,41.1,108.9,70.5,2026-06-11 13:40:00,2974170
99.2,38.2,109.0,69.2,2026-06-11 14:00:00,2974170
98.2,39.4,107.8,69.3,2026-06-11 14:20:00,2974170
100.3,37.5,110.8,69.7,2026-06-11 14:40:00,2974170
100.0,36.1,108.9,68.3,2026-06-11 15:00:00,2974170
101.3,35.5,111.6,69.0,2026-06-11 15:20:00,2974170
103.3,32.5,113.0,68.2,2026-06-11 15:40:00,2974170
102.5,31.4,110.1,66.4,2026-06-11 16:00:00,2974170
101.3,34.4,110.1,68.0,2026-06-11 16:20:00,2974170
98.7,36.8,107.1,67.8,2026-06-11 16:40:00,2974170
98.7,37.8,107.6,68.5,2026-06-11 17:00:00,2974170
97.5,40.0,107.1,69.2,2026-06-11 17:20:00,2974170
96.7,41.0,105.8,69.1,2026-06-11 17:40:00,2974170
95.4,41.3,103.3,68.2,2026-06-11 18:00:00,2974170
78.9,76.6,82.8,71.0,2026-06-11 18:20:00,2974170
79.4,83.8,85.5,74.0,2026-06-11 18:40:00,2974170
80.4,82.3,86.9,74.5,2026-06-11 19:00:00,2974170
82.1,82.8,90.9,76.3,2026-06-11 19:20:00,2974170
82.0,80.5,90.1,75.4,2026-06-11 19:40:00,2974170
82.2,78.2,89.6,74.7,2026-06-11 20:00:00,2974170
81.7,81.3,89.6,75.4,2026-06-11 20:20:00,2974170
81.5,79.8,88.9,74.7,2026-06-11 20:40:00,2974170
80.9,81.0,87.8,74.6,2026-06-11 21:00:00,2974170
81.2,79.7,88.2,74.4,2026-06-11 21:20:00,2974170
83.0,75.0,90.7,74.2,2026-06-11 21:40:00,2974170
84.7,67.7,92.5,72.9,2026-06-11 22:00:00,2974170
84.7,65.3,91.6,71.8,2026-06-11 22:20:00,2974170
84.4,65.0,91.0,71.3,2026-06-11 22:40:00,2974170
83.7,66.1,89.8,71.2,2026-06-11 23:00:00,2974170
83.3,65.8,88.9,70.6,2026-06-11 23:20:00,2974170
83.3,64.8,88.5,70.2,2026-06-11 23:40:00,2974170
82.8,65.2,87.4,70.0,2026-06-12 00:00:00,2974170
82.2,66.4,86.7,69.9,2026-06-12 00:20:00,2974170
81.6,67.3,85.6,69.7,2026-06-12 00:40:00,2974170
81.3,68.6,85.3,69.9,2026-06-12 01:00:00,2974170
81.0,69.4,85.1,70.1,2026-06-12 01:20:00,2974170
81.0,69.9,85.3,70.2,2026-06-12 01:40:00,2974170
80.3,71.6,84.4,70.2,2026-06-12 02:00:00,2974170
80.0,72.8,84.0,70.4,2026-06-12 02:20:00,2974170
79.8,73.3,83.8,70.5,2026-06-12 02:40:00,2974170
79.5,74.3,83.3,70.6,2026-06-12 03:00:00,2974170
79.2,75.3,83.3,70.7,2026-06-12 03:20:00,2974170
78.9,76.2,82.6,70.7,2026-06-12 03:40:00,2974170
78.8,76.8,82.9,70.9,2026-06-12 04:00:00,2974170
78.5,77.6,82.2,71.0,2026-06-12 04:20:00,2974170
78.5,78.2,82.4,71.2,2026-06-12 04:40:00,2974170
78.2,79.1,81.9,71.2,2026-06-12 05:00:00,2974170
77.9,79.9,81.3,71.2,2026-06-12 05:20:00,2974170
77.5,80.8,80.8,71.2,2026-06-12 05:40:00,2974170
77.7,81.4,81.1,71.5,2026-06-12 06:00:00,2974170
77.5,82.0,81.0,71.6,2026-06-12 06:20:00,2974170
78.0,81.8,81.9,71.9,2026-06-12 06:40:00,2974170
78.9,81.0,83.7,72.5,2026-06-12 07:00:00,2974170
80.2,78.9,85.8,73.1,2026-06-12 07:20:00,2974170
81.8,75.9,88.2,73.4,2026-06-12 07:40:00,2974170
82.6,73.6,88.9,73.3,2026-06-12 08:00:00,2974170
83.4,72.6,91.0,73.6,2026-06-12 08:20:00,2974170
84.2,72.1,93.0,74.2,2026-06-12 08:40:00,2974170
85.6,68.9,95.0,74.2,2026-06-12 09:00:00,2974170
88.2,62.2,98.1,73.6,2026-06-12 09:20:00,2974170
90.4,57.5,101.5,73.4,2026-06-12 09:40:00,2974170
91.9,53.2,102.4,72.4,2026-06-12 10:00:00,2974170
92.8,50.5,102.9,71.7,2026-06-12 10:20:00,2974170
93.8,48.3,104.0,71.3,2026-06-12 10:40:00,2974170
95.5,43.9,104.7,70.1,2026-06-12 11:00:00,2974170
95.8,44.9,106.2,71.0,2026-06-12 11:20:00,2974170
95.6,40.2,103.1,67.6,2026-06-12 11:40:00,2974170
97.9,38.7,106.9,68.5,2026-06-12 12:00:00,2974170
98.5,39.6,108.5,69.7,2026-06-12 12:20:00,2974170
97.4,38.9,106.0,68.2,2026-06-12 12:40:00,2974170
99.4,36.3,108.1,67.9,2026-06-12 13:00:00,2974170
101.4,35.8,111.7,69.2,2026-06-12 13:20:00,2974170
100.3,35.3,109.0,67.9,2026-06-12 13:40:00,2974170
101.3,32.3,108.5,66.2,2026-06-12 14:00:00,2974170
102.3,30.6,109.2,65.6,2026-06-12 14:20:00,2974170
103.0,31.9,111.6,67.4,2026-06-12 14:40:00,2974170
101.3,34.9,110.8,68.5,2026-06-12 15:00:00,2974170
104.2,31.1,113.2,67.6,2026-06-12 15:20:00,2974170
104.9,27.6,111.4,64.7,2026-06-12 15:40:00,2974170
104.4,29.8,112.3,66.5,2026-06-12 16:00:00,2974170
104.0,29.2,111.4,65.7,2026-06-12 16:20:00,2974170
103.2,30.5,110.7,66.2,2026-06-12 16:40:00,2974170
103.6,30.3,111.2,66.4,2026-06-12 17:00:00,2974170
102.8,30.9,110.3,66.2,2026-06-12 17:20:00,2974170
100.7,31.4,106.7,64.8,2026-06-12 17:40:00,2974170
100.6,32.5,107.2,65.8,2026-06-12 18:00:00,2974170
100.1,31.4,105.6,64.4,2026-06-12 18:20:00,2974170
99.1,33.0,104.7,64.9,2026-06-12 18:40:00,2974170
98.3,34.8,104.9,65.8,2026-06-12 19:00:00,2974170
98.1,35.4,104.9,66.1,2026-06-12 19:20:00,2974170
97.2,35.4,103.5,65.3,2026-06-12 19:40:00,2974170
96.4,36.8,102.4,65.7,2026-06-12 20:00:00,2974170
95.8,38.0,102.2,66.1,2026-06-12 20:20:00,2974170
94.6,39.4,100.6,66.1,2026-06-12 20:40:00,2974170
93.6,40.9,99.5,66.3,2026-06-12 21:00:00,2974170
93.6,41.4,99.7,66.6,2026-06-12 21:20:00,2974170
93.0,42.5,99.3,66.9,2026-06-12 21:40:00,2974170
92.3,43.7,98.4,67.0,2026-06-12 22:00:00,2974170
91.5,45.1,97.3,67.2,2026-06-12 22:20:00,2974170
90.2,47.1,95.9,67.3,2026-06-12 22:40:00,2974170
89.9,45.5,94.5,66.1,2026-06-12 23:00:00,2974170
88.8,45.3,92.1,64.9,2026-06-12 23:20:00,2974170
87.8,44.4,90.1,63.4,2026-06-12 23:40:00,2974170
86.5,45.7,88.3,63.1,2026-06-13 00:00:00,2974170
85.7,47.4,87.8,63.4,2026-06-13 00:20:00,2974170
85.0,49.3,87.3,63.9,2026-06-13 00:40:00,2974170
84.2,50.8,86.4,64.0,2026-06-13 01:00:00,2974170
83.2,52.9,85.1,64.3,2026-06-13 01:20:00,2974170
83.1,53.9,84.9,64.7,2026-06-13 01:40:00,2974170
82.4,55.0,84.0,64.6,2026-06-13 02:00:00,2974170
81.8,55.9,83.1,64.5,2026-06-13 02:20:00,2974170
81.3,56.9,82.8,64.5,2026-06-13 02:40:00,2974170
80.2,58.4,81.3,64.2,2026-06-13 03:00:00,2974170
80.0,59.6,81.3,64.7,2026-06-13 03:20:00,2974170
79.3,60.8,80.4,64.6,2026-06-13 03:40:00,2974170
78.8,62.0,80.1,64.7,2026-06-13 04:00:00,2974170
78.3,63.5,79.5,65.0,2026-06-13 04:20:00,2974170
77.6,65.7,78.6,65.3,2026-06-13 04:40:00,2974170
77.4,66.2,78.6,65.2,2026-06-13 05:00:00,2974170
76.6,67.6,77.4,65.1,2026-06-13 05:20:00,2974170
76.2,68.4,76.8,65.0,2026-06-13 05:40:00,2974170
75.9,69.9,76.6,65.4,2026-06-13 06:00:00,2974170
75.5,70.8,76.5,65.4,2026-06-13 06:20:00,2974170
75.7,71.7,76.6,65.9,2026-06-13 06:40:00,2974170
76.8,70.7,78.3,66.6,2026-06-13 07:00:00,2974170
78.5,68.5,80.6,67.2,2026-06-13 07:20:00,2974170
79.8,66.0,82.4,67.4,2026-06-13 07:40:00,2974170
80.8,64.0,83.7,67.5,2026-06-13 08:00:00,2974170
82.2,62.0,85.1,67.8,2026-06-13 08:20:00,2974170
83.5,59.5,87.4,67.9,2026-06-13 08:40:00,2974170
85.4,57.5,90.3,68.7,2026-06-13 09:00:00,2974170
85.9,55.2,90.7,68.0,2026-06-13 09:20:00,2974170
88.8,51.9,95.0,68.9,2026-06-13 09:40:00,2974170
89.4,51.5,96.1,69.2,2026-06-13 10:00:00,2974170
88.8,51.2,94.6,68.5,2026-06-13 10:20:00,2974170
90.6,51.1,98.6,70.1,2026-06-13 10:40:00,2974170
90.3,49.2,97.3,68.7,2026-06-13 11:00:00,2974170
91.9,47.9,100.0,69.4,2026-06-13 11:20:00,2974170
93.2,47.0,101.7,70.0,2026-06-13 11:40:00,2974170
93.6,45.4,101.8,69.3,2026-06-13 12:00:00,2974170
94.2,43.5,101.8,68.6,2026-06-13 12:20:00,2974170
94.8,43.5,103.5,69.2,2026-06-13 12:40:00,2974170
94.1,44.8,102.6,69.4,2026-06-13 13:00:00,2974170
95.8,43.2,105.3,69.9,2026-06-13 13:20:00,2974170
95.1,41.9,102.9,68.3,2026-06-13 13:40:00,2974170
95.1,40.3,102.0,67.2,2026-06-13 14:00:00,2974170
95.2,41.8,103.3,68.3,2026-06-13 14:20:00,2974170
97.2,40.1,106.3,68.9,2026-06-13 14:40:00,2974170
96.2,40.3,104.2,68.1,2026-06-13 15:00:00,2974170
95.7,40.2,103.1,67.6,2026-06-13 15:20:00,2974170
97.4,38.1,105.4,67.6,2026-06-13 15:40:00,2974170
95.7,37.8,102.0,65.9,2026-06-13 16:00:00,2974170
96.0,40.0,103.6,67.7,2026-06-13 16:20:00,2974170
98.5,37.0,106.7,67.7,2026-06-13 16:40:00,2974170
98.0,37.2,105.8,67.4,2026-06-13 17:00:00,2974170
95.4,39.9,102.6,67.1,2026-06-13 17:20:00,2974170
96.0,38.2,102.6,66.5,2026-06-13 17:40:00,2974170
94.6,40.2,100.9,66.7,2026-06-13 18:00:00,2974170
95.6,38.8,102.2,66.5,2026-06-13 18:20:00,2974170
96.3,38.7,103.6,67.1,2026-06-13 18:40:00,2974170
95.1,38.8,101.3,66.1,2026-06-13 19:00:00,2974170
94.9,39.5,101.3,66.4,2026-06-13 19:20:00,2974170
93.9,40.5,99.7,66.2,2026-06-13 19:40:00,2974170
93.2,42.9,99.5,67.3,2026-06-13 20:00:00,2974170
92.3,44.9,98.6,67.7,2026-06-13 20:20:00,2974170
91.2,45.8,97.3,67.5,2026-06-13 20:40:00,2974170
87.1,52.7,92.1,67.7,2026-06-13 21:00:00,2974170
84.1,60.6,88.7,69.0,2026-06-13 21:20:00,2974170
82.8,62.9,86.9,68.8,2026-06-13 21:40:00,2974170
79.9,70.2,83.1,69.3,2026-06-13 22:00:00,2974170
78.4,73.2,81.1,69.1,2026-06-13 22:20:00,2974170
77.6,75.8,80.2,69.4,2026-06-13 22:40:00,2974170
77.4,75.8,79.9,69.2,2026-06-13 23:00:00,2974170
78.4,72.8,81.1,68.9,2026-06-13 23:20:00,2974170
78.9,70.6,81.7,68.5,2026-06-13 23:40:00,2974170
79.3,69.1,82.0,68.3,2026-06-14 00:00:00,2974170
79.4,69.4,82.4,68.5,2026-06-14 00:20:00,2974170
79.2,70.1,82.2,68.6,2026-06-14 00:40:00,2974170
78.0,72.6,80.4,68.5,2026-06-14 01:00:00,2974170
76.5,77.6,78.4,69.0,2026-06-14 01:20:00,2974170
76.2,78.6,78.1,69.1,2026-06-14 01:40:00,2974170
75.8,79.9,77.9,69.1,2026-06-14 02:00:00,2974170
75.3,81.0,77.4,69.1,2026-06-14 02:20:00,2974170
74.9,82.2,77.0,69.1,2026-06-14 02:40:00,2974170
74.7,83.1,76.8,69.3,2026-06-14 03:00:00,2974170
74.5,84.0,76.8,69.3,2026-06-14 03:20:00,2974170
74.2,85.1,76.5,69.4,2026-06-14 03:40:00,2974170
73.8,86.1,76.1,69.4,2026-06-14 04:00:00,2974170
73.3,87.2,75.4,69.2,2026-06-14 04:20:00,2974170
73.1,87.6,75.4,69.2,2026-06-14 04:40:00,2974170
73.0,88.4,75.0,69.4,2026-06-14 05:00:00,2974170
73.1,89.2,75.4,69.7,2026-06-14 05:20:00,2974170
72.6,89.5,74.7,69.3,2026-06-14 05:40:00,2974170
72.6,90.3,74.8,69.6,2026-06-14 06:00:00,2974170
72.4,90.8,74.7,69.6,2026-06-14 06:20:00,2974170
72.7,91.1,75.0,69.9,2026-06-14 06:40:00,2974170
73.4,90.3,75.7,70.4,2026-06-14 07:00:00,2974170
74.3,88.7,76.8,70.7,2026-06-14 07:20:00,2974170
75.3,87.2,78.1,71.3,2026-06-14 07:40:00,2974170
76.5,85.7,79.5,71.8,2026-06-14 08:00:00,2974170
77.8,82.3,81.7,72.0,2026-06-14 08:20:00,2974170
79.4,79.0,84.4,72.3,2026-06-14 08:40:00,2974170
80.5,77.8,86.2,73.0,2026-06-14 09:00:00,2974170
81.6,74.1,87.3,72.6,2026-06-14 09:20:00,2974170
83.4,71.9,90.7,73.3,2026-06-14 09:40:00,2974170
84.9,66.4,92.8,72.5,2026-06-14 10:00:00,2974170
87.0,64.5,96.4,73.6,2026-06-14 10:20:00,2974170
87.5,59.6,95.4,71.7,2026-06-14 10:40:00,2974170
90.1,55.9,99.7,72.2,2026-06-14 11:00:00,2974170
91.5,53.6,101.8,72.3,2026-06-14 11:20:00,2974170
93.0,51.7,104.0,72.6,2026-06-14 11:40:00,2974170
93.0,52.3,104.9,73.0,2026-06-14 12:00:00,2974170
93.7,51.3,105.8,73.0,2026-06-14 12:20:00,2974170
95.5,45.7,106.0,71.2,2026-06-14 12:40:00,2974170
92.8,49.5,102.4,71.1,2026-06-14 13:00:00,2974170
93.4,48.3,103.1,71.0,2026-06-14 13:20:00,2974170
93.4,46.7,102.2,70.0,2026-06-14 13:40:00,2974170
97.3,43.8,108.7,71.6,2026-06-14 14:00:00,2974170
98.4,35.9,106.0,66.8,2026-06-14 14:20:00,2974170
98.1,36.4,105.6,66.8,2026-06-14 14:40:00,2974170
99.4,34.3,106.5,66.3,2026-06-14 15:00:00,2974170
98.1,34.3,104.2,65.2,2026-06-14 15:20:00,2974170
99.3,35.0,107.1,66.9,2026-06-14 15:40:00,2974170
100.6,34.4,108.9,67.4,2026-06-14 16:00:00,2974170
97.9,35.7,104.9,66.2,2026-06-14 16:20:00,2974170
97.1,37.5,104.4,66.9,2026-06-14 16:40:00,2974170
97.3,38.4,105.3,67.8,2026-06-14 17:00:00,2974170
97.6,38.2,105.8,67.8,2026-06-14 17:20:00,2974170
97.2,33.0,101.8,63.3,2026-06-14 17:40:00,2974170
98.4,31.8,103.1,63.3,2026-06-14 18:00:00,2974170
97.4,32.4,101.7,62.9,2026-06-14 18:20:00,2974170
96.5,33.6,100.9,63.2,2026-06-14 18:40:00,2974170
93.3,40.4,98.6,65.7,2026-06-14 19:00:00,2974170
86.6,53.5,91.4,67.7,2026-06-14 19:20:00,2974170
79.3,79.6,84.2,72.4,2026-06-14 19:40:00,2974170
79.0,82.1,84.2,73.1,2026-06-14 20:00:00,2974170
79.7,78.8,85.1,72.5,2026-06-14 20:20:00,2974170
79.6,78.0,84.6,72.1,2026-06-14 20:40:00,2974170
80.1,72.5,84.4,70.4,2026-06-14 21:00:00,2974170
80.3,72.8,84.7,70.7,2026-06-14 21:20:00,2974170
80.8,74.0,86.0,71.7,2026-06-14 21:40:00,2974170
80.7,74.0,85.6,71.7,2026-06-14 22:00:00,2974170
80.7,73.5,85.5,71.5,2026-06-14 22:20:00,2974170
80.7,73.0,85.5,71.2,2026-06-14 22:40:00,2974170
80.7,72.2,85.1,70.9,2026-06-14 23:00:00,2974170
80.4,72.3,84.7,70.6,2026-06-14 23:20:00,2974170
80.0,72.6,84.0,70.4,2026-06-14 23:40:00,2974170
79.8,73.0,83.8,70.4,2026-06-15 00:00:00,2974170
79.7,73.3,83.8,70.4,2026-06-15 00:20:00,2974170
79.4,74.2,83.3,70.5,2026-06-15 00:40:00,2974170
79.2,75.0,83.1,70.6,2026-06-15 01:00:00,2974170
79.1,75.6,82.9,70.7,2026-06-15 01:20:00,2974170
79.0,76.0,82.9,70.8,2026-06-15 01:40:00,2974170
78.8,76.7,82.8,70.9,2026-06-15 02:00:00,2974170
78.6,77.1,82.6,70.9,2026-06-15 02:20:00,2974170
78.6,77.5,82.2,71.0,2026-06-15 02:40:00,2974170
78.5,77.8,82.4,71.0,2026-06-15 03:00:00,2974170
78.2,78.5,81.7,70.9,2026-06-15 03:20:00,2974170
77.8,79.3,81.3,70.9,2026-06-15 03:40:00,2974170
77.5,79.8,80.6,70.8,2026-06-15 04:00:00,2974170
77.3,80.7,80.4,70.9,2026-06-15 04:20:00,2974170
76.5,82.0,79.2,70.6,2026-06-15 04:40:00,2974170
76.5,81.8,79.0,70.5,2026-06-15 05:00:00,2974170
76.4,80.1,78.4,69.8,2026-06-15 05:20:00,2974170
76.2,79.6,78.3,69.5,2026-06-15 05:40:00,2974170
76.2,77.9,78.1,68.8,2026-06-15 06:00:00,2974170
76.3,72.7,77.5,66.9,2026-06-15 06:20:00,2974170
76.4,70.8,77.4,66.2,2026-06-15 06:40:00,2974170
77.1,70.0,78.4,66.5,2026-06-15 07:00:00,2974170
77.2,65.8,78.1,64.9,2026-06-15 07:20:00,2974170
77.0,64.5,77.4,64.1,2026-06-15 07:40:00,2974170
76.9,64.1,77.4,63.8,2026-06-15 08:00:00,2974170
77.2,61.7,77.7,63.0,2026-06-15 08:20:00,2974170
79.4,58.0,80.2,63.4,2026-06-15 08:40:00,2974170
78.3,55.0,78.3,60.8,2026-06-15 09:00:00,2974170
78.5,54.6,78.4,60.8,2026-06-15 09:20:00,2974170
78.6,51.8,78.4,59.4,2026-06-15 09:40:00,2974170
78.9,49.1,78.1,58.1,2026-06-15 10:00:00,2974170
78.9,44.5,77.4,55.5,2026-06-15 10:20:00,2974170
81.1,39.8,79.2,54.4,2026-06-15 10:40:00,2974170
82.0,40.1,80.4,55.4,2026-06-15 11:00:00,2974170
82.9,39.1,81.5,55.5,2026-06-15 11:20:00,2974170
84.4,35.8,82.9,54.4,2026-06-15 11:40:00,2974170
85.1,32.6,82.9,52.4,2026-06-15 12:00:00,2974170
85.9,32.8,84.0,53.3,2026-06-15 12:20:00,2974170
85.7,34.0,84.2,54.2,2026-06-15 12:40:00,2974170
87.0,34.0,85.8,55.2,2026-06-15 13:00:00,2974170
87.9,32.8,86.5,55.1,2026-06-15 13:20:00,2974170
87.8,30.0,85.6,52.5,2026-06-15 13:40:00,2974170
88.2,33.1,87.3,55.6,2026-06-15 14:00:00,2974170
90.3,29.1,88.9,53.8,2026-06-15 14:20:00,2974170
90.5,28.9,89.2,53.8,2026-06-15 14:40:00,2974170
91.2,28.1,89.8,53.6,2026-06-15 15:00:00,2974170
90.7,27.7,89.2,52.9,2026-06-15 15:20:00,2974170
91.4,26.7,90.0,52.4,2026-06-15 15:40:00,2974170
91.6,29.3,91.0,55.1,2026-06-15 16:00:00,2974170
92.8,29.0,92.5,55.9,2026-06-15 16:20:00,2974170
92.2,28.2,91.4,54.6,2026-06-15 16:40:00,2974170
91.2,27.0,89.4,52.5,2026-06-15 17:00:00,2974170
92.2,27.3,91.0,53.7,2026-06-15 17:20:00,2974170
88.6,28.8,86.5,52.1,2026-06-15 17:40:00,2974170
87.7,30.3,85.6,52.7,2026-06-15 18:00:00,2974170
86.4,31.2,84.4,52.4,2026-06-15 18:20:00,2974170
86.6,31.8,84.7,53.1,2026-06-15 18:40:00,2974170
86.2,32.2,84.4,53.0,2026-06-15 19:00:00,2974170
86.6,32.5,84.9,53.7,2026-06-15 19:20:00,2974170
85.3,33.5,83.5,53.3,2026-06-15 19:40:00,2974170
84.2,34.5,82.2,53.2,2026-06-15 20:00:00,2974170
82.7,36.2,80.6,53.2,2026-06-15 20:20:00,2974170
81.2,36.9,79.0,52.4,2026-06-15 20:40:00,2974170
80.0,38.1,77.7,52.2,2026-06-15 21:00:00,2974170
78.4,39.9,76.1,52.1,2026-06-15 21:20:00,2974170
77.3,41.4,75.0,52.0,2026-06-15 21:40:00,2974170
76.5,42.3,74.5,51.9,2026-06-15 22:00:00,2974170
75.7,43.9,73.8,52.2,2026-06-15 22:20:00,2974170
74.5,45.3,73.0,52.0,2026-06-15 22:40:00,2974170
73.8,46.1,72.3,51.7,2026-06-15 23:00:00,2974170
73.2,47.6,72.0,52.1,2026-06-15 23:20:00,2974170
73.0,48.5,71.8,52.4,2026-06-15 23:40:00,2974170
71.7,50.1,70.9,52.1,2026-06-16 00:00:00,2974170
71.3,52.2,70.5,52.9,2026-06-16 00:20:00,2974170
71.0,52.7,70.3,52.8,2026-06-16 00:40:00,2974170
71.0,52.7,70.3,52.9,2026-06-16 01:00:00,2974170
70.6,53.7,70.0,53.1,2026-06-16 01:20:00,2974170
71.7,50.8,70.9,52.5,2026-06-16 01:40:00,2974170
72.2,48.6,71.2,51.8,2026-06-16 02:00:00,2974170
72.1,48.2,71.1,51.4,2026-06-16 02:20:00,2974170
71.9,48.2,70.9,51.2,2026-06-16 02:40:00,2974170
71.3,48.8,70.3,51.0,2026-06-16 03:00:00,2974170
71.1,48.7,70.2,50.8,2026-06-16 03:20:00,2974170
70.8,49.1,70.0,50.7,2026-06-16 03:40:00,2974170
70.5,49.7,69.4,50.8,2026-06-16 04:00:00,2974170
69.8,51.1,68.5,50.9,2026-06-16 04:20:00,2974170
69.1,52.6,68.0,51.0,2026-06-16 04:40:00,2974170
69.1,52.7,67.6,51.1,2026-06-16 05:00:00,2974170
68.8,53.3,67.5,51.1,2026-06-16 05:20:00,2974170
69.1,53.2,67.6,51.4,2026-06-16 05:40:00,2974170
69.0,53.9,67.6,51.6,2026-06-16 06:00:00,2974170
91.9,29.0,91.0,55.1,2026-06-05 11:40:00,2968888
91.9,27.1,90.9,53.3,2026-06-05 12:00:00,2968888
92.0,27.7,91.0,53.9,2026-06-05 12:20:00,2968888
92.8,27.9,91.9,54.8,2026-06-05 12:40:00,2968888
91.5,28.1,90.3,53.9,2026-06-05 13:00:00,2968888
92.0,27.6,91.0,53.9,2026-06-05 13:20:00,2968888
94.1,25.5,93.2,53.5,2026-06-05 13:40:00,2968888
93.0,27.4,92.1,54.5,2026-06-05 14:00:00,2968888
94.6,26.1,94.1,54.5,2026-06-05 14:20:00,2968888
95.2,25.8,95.0,54.8,2026-06-05 14:40:00,2968888
95.6,24.1,94.8,53.2,2026-06-05 15:00:00,2968888
96.2,24.4,95.7,54.0,2026-06-05 15:20:00,2968888
96.0,23.6,95.0,53.0,2026-06-05 15:40:00,2968888
98.2,23.1,97.9,54.2,2026-06-05 16:00:00,2968888
99.4,24.5,100.4,56.8,2026-06-05 16:20:00,2968888
100.2,23.6,100.9,56.5,2026-06-05 16:40:00,2968888
97.8,23.3,97.3,54.1,2026-06-05 17:00:00,2968888
97.6,22.7,97.0,53.2,2026-06-05 17:20:00,2968888
101.8,22.6,102.9,56.5,2026-06-05 17:40:00,2968888
97.6,24.9,97.9,55.8,2026-06-05 18:00:00,2968888
94.9,25.5,94.3,54.2,2026-06-05 18:20:00,2968888
94.5,26.0,93.9,54.3,2026-06-05 18:40:00,2968888
95.5,27.1,95.7,56.3,2026-06-05 19:00:00,2968888
92.8,27.8,91.9,54.7,2026-06-05 19:20:00,2968888
88.8,29.8,86.9,53.2,2026-06-05 19:40:00,2968888
87.9,31.7,86.2,54.1,2026-06-05 20:00:00,2968888
86.9,33.2,85.5,54.5,2026-06-05 20:20:00,2968888
85.5,34.7,84.0,54.5,2026-06-05 20:40:00,2968888
84.4,36.1,83.1,54.7,2026-06-05 21:00:00,2968888
83.4,37.4,81.9,54.7,2026-06-05 21:20:00,2968888
82.8,37.5,81.1,54.3,2026-06-05 21:40:00,2968888
82.1,38.5,80.2,54.4,2026-06-05 22:00:00,2968888
81.4,40.0,79.7,54.7,2026-06-05 22:20:00,2968888
80.1,41.8,78.6,54.8,2026-06-05 22:40:00,2968888
79.2,43.5,77.7,55.1,2026-06-05 23:00:00,2968888
78.4,45.1,77.0,55.4,2026-06-05 23:20:00,2968888
78.0,46.3,76.6,55.7,2026-06-05 23:40:00,2968888
77.5,47.1,76.1,55.8,2026-06-06 00:00:00,2968888
76.8,48.3,75.2,55.8,2026-06-06 00:20:00,2968888
76.1,49.9,74.8,56.0,2026-06-06 00:40:00,2968888
75.4,51.4,74.3,56.2,2026-06-06 01:00:00,2968888
74.8,52.7,73.8,56.4,2026-06-06 01:20:00,2968888
74.2,54.0,73.4,56.5,2026-06-06 01:40:00,2968888
73.3,56.3,72.9,56.9,2026-06-06 02:00:00,2968888
72.7,57.7,72.5,56.9,2026-06-06 02:20:00,2968888
72.3,58.6,72.1,57.0,2026-06-06 02:40:00,2968888
71.7,60.4,71.6,57.2,2026-06-06 03:00:00,2968888
70.9,62.4,71.1,57.4,2026-06-06 03:20:00,2968888
70.6,63.6,70.7,57.6,2026-06-06 03:40:00,2968888
69.9,65.1,69.8,57.6,2026-06-06 04:00:00,2968888
69.7,65.7,69.4,57.7,2026-06-06 04:20:00,2968888
69.1,67.2,68.7,57.7,2026-06-06 04:40:00,2968888
68.6,68.7,68.2,57.8,2026-06-06 05:00:00,2968888
68.0,70.0,67.5,57.8,2026-06-06 05:20:00,2968888
67.8,70.3,67.5,57.8,2026-06-06 05:40:00,2968888
67.5,71.4,67.1,57.9,2026-06-06 06:00:00,2968888
67.2,72.3,66.7,58.0,2026-06-06 06:20:00,2968888
67.7,72.4,67.5,58.5,2026-06-06 06:40:00,2968888
68.7,71.8,68.5,59.2,2026-06-06 07:00:00,2968888
71.4,68.4,71.8,60.4,2026-06-06 07:20:00,2968888
73.0,65.5,73.2,60.7,2026-06-06 07:40:00,2968888
74.3,63.1,74.7,60.9,2026-06-06 08:00:00,2968888
75.8,61.0,75.7,61.4,2026-06-06 08:20:00,2968888
77.1,58.5,77.0,61.5,2026-06-06 08:40:00,2968888
78.1,57.0,78.3,61.6,2026-06-06 09:00:00,2968888
79.8,54.0,80.1,61.6,2026-06-06 09:20:00,2968888
85.3,47.8,87.1,63.2,2026-06-06 09:40:00,2968888
83.1,46.4,83.3,60.5,2026-06-06 10:00:00,2968888
86.0,43.5,87.3,61.2,2026-06-06 10:20:00,2968888
85.8,44.5,86.9,61.7,2026-06-06 10:40:00,2968888
88.3,41.3,89.8,61.8,2026-06-06 11:00:00,2968888
87.7,39.5,88.5,60.0,2026-06-06 11:20:00,2968888
87.8,39.9,88.9,60.4,2026-06-06 11:40:00,2968888
88.7,37.8,89.6,59.7,2026-06-06 12:00:00,2968888
89.3,37.7,90.5,60.2,2026-06-06 12:20:00,2968888
89.6,35.8,90.3,58.9,2026-06-06 12:40:00,2968888
89.9,36.1,90.9,59.4,2026-06-06 13:00:00,2968888
90.1,35.2,90.7,58.9,2026-06-06 13:20:00,2968888
88.7,35.5,88.5,57.9,2026-06-06 13:40:00,2968888
91.3,35.8,93.0,60.4,2026-06-06 14:00:00,2968888
90.2,36.0,91.4,59.6,2026-06-06 14:20:00,2968888
92.6,36.4,95.4,62.1,2026-06-06 14:40:00,2968888
91.5,37.6,94.3,61.9,2026-06-06 15:00:00,2968888
95.7,36.3,101.1,64.7,2026-06-06 15:20:00,2968888
90.5,36.4,91.9,60.2,2026-06-06 15:40:00,2968888
92.7,36.0,95.5,61.8,2026-06-06 16:00:00,2968888
94.3,33.4,97.0,61.1,2026-06-06 16:20:00,2968888
95.5,33.1,98.6,61.9,2026-06-06 16:40:00,2968888
94.0,33.1,96.1,60.6,2026-06-06 17:00:00,2968888
97.2,32.2,101.3,62.6,2026-06-06 17:20:00,2968888
94.4,31.9,96.3,59.9,2026-06-06 17:40:00,2968888
97.9,29.8,100.9,60.9,2026-06-06 18:00:00,2968888
95.6,31.4,97.9,60.5,2026-06-06 18:20:00,2968888
96.5,32.4,100.0,62.1,2026-06-06 18:40:00,2968888
93.5,32.9,95.0,60.0,2026-06-06 19:00:00,2968888
92.2,35.0,94.3,60.6,2026-06-06 19:20:00,2968888
88.4,37.8,89.1,59.4,2026-06-06 19:40:00,2968888
87.1,39.6,87.6,59.6,2026-06-06 20:00:00,2968888
86.4,40.5,86.9,59.6,2026-06-06 20:20:00,2968888
85.5,41.7,86.0,59.5,2026-06-06 20:40:00,2968888
84.3,43.0,84.4,59.4,2026-06-06 21:00:00,2968888
83.4,44.3,83.3,59.4,2026-06-06 21:20:00,2968888
82.5,45.6,82.0,59.4,2026-06-06 21:40:00,2968888
81.6,47.2,81.3,59.6,2026-06-06 22:00:00,2968888
80.7,49.0,80.4,59.8,2026-06-06 22:20:00,2968888
80.3,50.3,80.2,60.1,2026-06-06 22:40:00,2968888
79.7,51.6,79.3,60.2,2026-06-06 23:00:00,2968888
78.9,52.9,78.6,60.3,2026-06-06 23:20:00,2968888
78.2,54.3,77.9,60.3,2026-06-06 23:40:00,2968888
77.6,55.5,77.4,60.5,2026-06-07 00:00:00,2968888
77.1,56.8,76.8,60.6,2026-06-07 00:20:00,2968888
76.8,57.9,76.3,60.9,2026-06-07 00:40:00,2968888
76.5,58.8,76.3,61.0,2026-06-07 01:00:00,2968888
75.9,60.3,75.7,61.2,2026-06-07 01:20:00,2968888
75.2,62.0,75.2,61.3,2026-06-07 01:40:00,2968888
74.7,63.3,75.0,61.4,2026-06-07 02:00:00,2968888
73.8,65.3,74.1,61.5,2026-06-07 02:20:00,2968888
73.3,66.2,73.8,61.4,2026-06-07 02:40:00,2968888
72.9,67.2,73.4,61.4,2026-06-07 03:00:00,2968888
72.2,68.5,72.7,61.3,2026-06-07 03:20:00,2968888
71.7,69.8,72.3,61.4,2026-06-07 03:40:00,2968888
71.7,70.3,72.3,61.5,2026-06-07 04:00:00,2968888
71.4,70.9,72.0,61.5,2026-06-07 04:20:00,2968888
71.1,71.8,71.8,61.5,2026-06-07 04:40:00,2968888
70.6,72.9,71.2,61.5,2026-06-07 05:00:00,2968888
69.9,74.5,70.3,61.4,2026-06-07 05:20:00,2968888
69.7,75.2,70.3,61.5,2026-06-07 05:40:00,2968888
69.4,76.1,69.8,61.6,2026-06-07 06:00:00,2968888
69.4,76.9,69.8,61.8,2026-06-07 06:20:00,2968888
69.9,76.6,70.5,62.2,2026-06-07 06:40:00,2968888
70.7,75.8,71.4,62.7,2026-06-07 07:00:00,2968888
71.7,74.7,72.5,63.2,2026-06-07 07:20:00,2968888
73.1,73.1,74.1,64.0,2026-06-07 07:40:00,2968888
75.1,70.0,75.9,64.6,2026-06-07 08:00:00,2968888
76.3,66.4,76.8,64.3,2026-06-07 08:20:00,2968888
76.3,66.0,76.8,64.2,2026-06-07 08:40:00,2968888
78.3,64.0,79.5,65.1,2026-06-07 09:00:00,2968888
81.6,60.4,84.0,66.6,2026-06-07 09:20:00,2968888
86.0,51.7,89.6,66.1,2026-06-07 09:40:00,2968888
86.7,48.4,90.0,64.9,2026-06-07 10:00:00,2968888
86.1,45.7,87.8,62.7,2026-06-07 10:20:00,2968888
87.6,44.3,89.6,63.2,2026-06-07 10:40:00,2968888
91.3,42.5,95.9,65.3,2026-06-07 11:00:00,2968888
92.5,40.4,97.0,64.9,2026-06-07 11:20:00,2968888
92.3,40.5,97.0,64.8,2026-06-07 11:40:00,2968888
91.9,39.0,95.4,63.4,2026-06-07 12:00:00,2968888
92.8,36.4,95.7,62.2,2026-06-07 12:20:00,2968888
92.0,35.7,94.1,61.0,2026-06-07 12:40:00,2968888
93.5,35.3,96.3,62.0,2026-06-07 13:00:00,2968888
94.4,34.4,97.5,62.0,2026-06-07 13:20:00,2968888
92.8,35.6,95.4,61.6,2026-06-07 13:40:00,2968888
96.3,32.0,99.7,61.6,2026-06-07 14:00:00,2968888
97.4,31.9,101.3,62.5,2026-06-07 14:20:00,2968888
97.1,32.0,100.8,62.3,2026-06-07 14:40:00,2968888
99.4,31.0,104.0,63.4,2026-06-07 15:00:00,2968888
96.3,30.7,98.8,60.5,2026-06-07 15:20:00,2968888
98.3,32.6,103.3,63.9,2026-06-07 15:40:00,2968888
94.6,31.1,95.9,59.4,2026-06-07 16:00:00,2968888
96.4,32.8,100.0,62.4,2026-06-07 16:20:00,2968888
96.4,32.3,99.9,61.9,2026-06-07 16:40:00,2968888
96.9,31.5,100.0,61.7,2026-06-07 17:00:00,2968888
98.8,32.2,104.0,64.0,2026-06-07 17:20:00,2968888
96.9,34.3,101.8,64.1,2026-06-07 17:40:00,2968888
94.5,35.7,98.4,63.2,2026-06-07 18:00:00,2968888
98.2,34.3,104.2,65.3,2026-06-07 18:20:00,2968888
95.4,35.2,99.9,63.6,2026-06-07 18:40:00,2968888
95.1,36.3,99.9,64.2,2026-06-07 19:00:00,2968888
96.0,35.9,101.3,64.6,2026-06-07 19:20:00,2968888
90.9,38.4,93.6,62.1,2026-06-07 19:40:00,2968888
90.0,40.2,92.7,62.6,2026-06-07 20:00:00,2968888
89.2,40.4,91.0,62.0,2026-06-07 20:20:00,2968888
88.4,41.4,90.1,62.0,2026-06-07 20:40:00,2968888
87.9,42.7,89.6,62.4,2026-06-07 21:00:00,2968888
87.1,44.1,89.1,62.6,2026-06-07 21:20:00,2968888
86.3,45.3,88.0,62.6,2026-06-07 21:40:00,2968888
85.1,47.3,86.9,62.8,2026-06-07 22:00:00,2968888
84.7,48.8,86.4,63.3,2026-06-07 22:20:00,2968888
84.2,49.8,85.8,63.4,2026-06-07 22:40:00,2968888
83.6,50.4,85.1,63.2,2026-06-07 23:00:00,2968888
83.1,51.4,84.4,63.3,2026-06-07 23:20:00,2968888
82.6,52.7,84.0,63.6,2026-06-07 23:40:00,2968888
82.2,54.1,83.7,64.0,2026-06-08 00:00:00,2968888
81.9,55.1,83.5,64.2,2026-06-08 00:20:00,2968888
81.5,56.1,83.1,64.3,2026-06-08 00:40:00,2968888
80.7,57.4,82.0,64.3,2026-06-08 01:00:00,2968888
80.4,58.2,81.9,64.4,2026-06-08 01:20:00,2968888
80.0,59.3,81.3,64.5,2026-06-08 01:40:00,2968888
79.7,60.0,81.3,64.6,2026-06-08 02:00:00,2968888
79.1,61.5,80.2,64.7,2026-06-08 02:20:00,2968888
78.3,62.9,79.3,64.6,2026-06-08 02:40:00,2968888
77.6,64.2,78.4,64.6,2026-06-08 03:00:00,2968888
77.5,65.2,78.4,64.9,2026-06-08 03:20:00,2968888
77.6,65.2,78.6,65.0,2026-06-08 03:40:00,2968888
77.6,65.5,78.6,65.1,2026-06-08 04:00:00,2968888
77.3,65.9,78.1,65.0,2026-06-08 04:20:00,2968888
76.7,67.3,77.4,65.1,2026-06-08 04:40:00,2968888
76.1,68.8,76.8,65.1,2026-06-08 05:00:00,2968888
76.0,69.4,76.8,65.2,2026-06-08 05:20:00,2968888
75.7,70.1,76.5,65.3,2026-06-08 05:40:00,2968888
75.1,71.4,76.1,65.3,2026-06-08 06:00:00,2968888
74.6,72.8,75.6,65.3,2026-06-08 06:20:00,2968888
74.6,74.0,75.7,65.7,2026-06-08 06:40:00,2968888
75.1,74.2,76.5,66.3,2026-06-08 07:00:00,2968888
76.3,71.8,77.4,66.6,2026-06-08 07:20:00,2968888
77.6,69.8,79.3,67.0,2026-06-08 07:40:00,2968888
78.9,67.2,81.0,67.1,2026-06-08 08:00:00,2968888
80.0,65.6,82.6,67.5,2026-06-08 08:20:00,2968888
81.4,63.8,84.6,68.0,2026-06-08 08:40:00,2968888
82.9,62.5,86.7,68.8,2026-06-08 09:00:00,2968888
85.5,59.0,91.2,69.5,2026-06-08 09:20:00,2968888
87.0,52.1,91.6,67.2,2026-06-08 09:40:00,2968888
88.8,51.0,94.5,68.3,2026-06-08 10:00:00,2968888
90.5,48.7,97.0,68.5,2026-06-08 10:20:00,2968888
91.1,45.9,97.2,67.5,2026-06-08 10:40:00,2968888
91.5,45.6,97.7,67.5,2026-06-08 11:00:00,2968888
92.9,43.6,99.5,67.6,2026-06-08 11:20:00,2968888
94.4,42.9,101.8,68.4,2026-06-08 11:40:00,2968888
93.4,40.5,98.6,65.8,2026-06-08 12:00:00,2968888
93.7,39.4,99.1,65.3,2026-06-08 12:20:00,2968888
94.7,40.9,101.7,67.2,2026-06-08 12:40:00,2968888
93.1,40.9,98.4,65.9,2026-06-08 13:00:00,2968888
92.7,40.4,97.5,65.1,2026-06-08 13:20:00,2968888
92.8,38.4,96.6,63.7,2026-06-08 13:40:00,2968888
95.4,39.9,102.6,67.2,2026-06-08 14:00:00,2968888
94.2,39.3,99.7,65.7,2026-06-08 14:20:00,2968888
94.5,39.7,100.8,66.3,2026-06-08 14:40:00,2968888
94.1,38.3,99.1,64.9,2026-06-08 15:00:00,2968888
94.4,39.2,100.0,65.8,2026-06-08 15:20:00,2968888
93.4,39.9,98.6,65.4,2026-06-08 15:40:00,2968888
94.9,39.4,101.3,66.3,2026-06-08 16:00:00,2968888
94.1,37.8,98.8,64.5,2026-06-08 16:20:00,2968888
92.9,37.3,96.4,63.0,2026-06-08 16:40:00,2968888
94.4,35.2,97.9,62.8,2026-06-08 17:00:00,2968888
95.6,36.4,100.9,64.7,2026-06-08 17:20:00,2968888
94.1,35.8,97.9,63.0,2026-06-08 17:40:00,2968888
91.7,37.1,94.3,61.8,2026-06-08 18:00:00,2968888
90.6,38.4,93.0,61.8,2026-06-08 18:20:00,2968888
89.8,39.5,92.1,61.9,2026-06-08 18:40:00,2968888
90.5,39.3,92.8,62.3,2026-06-08 19:00:00,2968888
88.8,40.9,90.7,62.0,2026-06-08 19:20:00,2968888
87.5,43.9,89.6,62.8,2026-06-08 19:40:00,2968888
85.7,47.4,87.8,63.4,2026-06-08 20:00:00,2968888
84.7,49.2,86.5,63.6,2026-06-08 20:20:00,2968888
83.2,51.7,84.7,63.6,2026-06-08 20:40:00,2968888
82.2,53.9,83.3,63.8,2026-06-08 21:00:00,2968888
81.5,55.3,82.9,64.0,2026-06-08 21:20:00,2968888
80.3,56.7,81.3,63.5,2026-06-08 21:40:00,2968888
79.1,58.5,79.9,63.3,2026-06-08 22:00:00,2968888
78.0,61.2,78.6,63.5,2026-06-08 22:20:00,2968888
76.5,62.8,76.6,62.9,2026-06-08 22:40:00,2968888
75.0,64.3,75.2,62.2,2026-06-08 23:00:00,2968888
74.2,64.4,74.5,61.4,2026-06-08 23:20:00,2968888
72.9,65.8,73.2,60.8,2026-06-08 23:40:00,2968888
72.6,66.8,73.0,60.9,2026-06-09 00:00:00,2968888
71.5,68.0,72.0,60.4,2026-06-09 00:20:00,2968888
71.0,69.1,71.6,60.3,2026-06-09 00:40:00,2968888
70.7,69.7,71.1,60.3,2026-06-09 01:00:00,2968888
70.3,69.0,70.3,59.6,2026-06-09 01:20:00,2968888
69.3,66.6,69.3,57.7,2026-06-09 01:40:00,2968888
68.6,65.6,68.0,56.7,2026-06-09 02:00:00,2968888
68.3,66.8,67.6,56.9,2026-06-09 02:20:00,2968888
68.1,68.1,67.5,57.1,2026-06-09 02:40:00,2968888
68.1,69.5,67.6,57.8,2026-06-09 03:00:00,2968888
68.1,70.9,67.6,58.3,2026-06-09 03:20:00,2968888
67.8,71.6,67.6,58.4,2026-06-09 03:40:00,2968888
67.9,72.1,67.6,58.6,2026-06-09 04:00:00,2968888
67.6,73.1,67.1,58.7,2026-06-09 04:20:00,2968888
67.5,71.2,66.9,57.8,2026-06-09 04:40:00,2968888
67.2,68.8,66.4,56.6,2026-06-09 05:00:00,2968888
66.9,68.9,66.0,56.4,2026-06-09 05:20:00,2968888
66.5,68.9,65.3,55.9,2026-06-09 05:40:00,2968888
66.4,69.0,65.3,55.9,2026-06-09 06:00:00,2968888
66.4,68.8,65.3,55.8,2026-06-09 06:20:00,2968888
66.6,68.4,65.7,55.9,2026-06-09 06:40:00,2968888
67.1,68.0,66.4,56.2,2026-06-09 07:00:00,2968888
67.6,66.1,66.7,55.9,2026-06-09 07:20:00,2968888
67.8,67.5,67.1,56.6,2026-06-09 07:40:00,2968888
68.3,67.1,67.6,56.9,2026-06-09 08:00:00,2968888
68.6,66.9,68.2,57.2,2026-06-09 08:20:00,2968888
70.4,63.6,70.5,57.5,2026-06-09 08:40:00,2968888
71.3,61.9,71.4,57.6,2026-06-09 09:00:00,2968888
73.8,61.7,73.9,59.9,2026-06-09 09:20:00,2968888
74.8,59.5,74.5,59.7,2026-06-09 09:40:00,2968888
76.4,57.2,75.9,60.1,2026-06-09 10:00:00,2968888
77.8,55.9,77.5,60.8,2026-06-09 10:20:00,2968888
78.6,55.2,78.8,61.2,2026-06-09 10:40:00,2968888
79.6,52.9,79.7,60.9,2026-06-09 11:00:00,2968888
81.2,51.0,81.5,61.3,2026-06-09 11:20:00,2968888
81.7,50.5,82.2,61.5,2026-06-09 11:40:00,2968888
82.2,51.2,82.8,62.4,2026-06-09 12:00:00,2968888
82.4,51.0,83.1,62.4,2026-06-09 12:20:00,2968888
83.4,49.3,84.6,62.4,2026-06-09 12:40:00,2968888
84.6,51.2,87.1,64.6,2026-06-09 13:00:00,2968888
84.2,52.4,86.7,64.9,2026-06-09 13:20:00,2968888
85.8,54.3,90.3,67.4,2026-06-09 13:40:00,2968888
85.6,53.8,89.6,66.9,2026-06-09 14:00:00,2968888
85.2,53.4,88.9,66.3,2026-06-09 14:20:00,2968888
85.3,54.3,89.4,66.9,2026-06-09 14:40:00,2968888
87.2,53.0,92.1,67.9,2026-06-09 15:00:00,2968888
89.2,51.4,95.7,68.9,2026-06-09 15:20:00,2968888
89.2,50.1,95.0,68.1,2026-06-09 15:40:00,2968888
91.0,48.1,97.9,68.6,2026-06-09 16:00:00,2968888
88.4,49.9,93.4,67.3,2026-06-09 16:20:00,2968888
87.0,53.0,91.9,67.7,2026-06-09 16:40:00,2968888
87.5,53.1,92.8,68.3,2026-06-09 17:00:00,2968888
88.3,51.9,93.9,68.4,2026-06-09 17:20:00,2968888
89.3,51.5,96.1,69.0,2026-06-09 17:40:00,2968888
88.1,52.5,93.7,68.5,2026-06-09 18:00:00,2968888
86.9,54.2,92.3,68.4,2026-06-09 18:20:00,2968888
87.1,54.6,92.8,68.8,2026-06-09 18:40:00,2968888
86.1,55.7,91.2,68.4,2026-06-09 19:00:00,2968888
85.7,56.9,90.9,68.6,2026-06-09 19:20:00,2968888
85.3,57.8,90.1,68.7,2026-06-09 19:40:00,2968888
84.8,58.9,89.8,68.9,2026-06-09 20:00:00,2968888
84.1,59.8,88.5,68.6,2026-06-09 20:20:00,2968888
83.3,60.9,87.4,68.4,2026-06-09 20:40:00,2968888
82.8,61.9,86.5,68.4,2026-06-09 21:00:00,2968888
82.2,63.0,85.5,68.3,2026-06-09 21:20:00,2968888
81.8,63.9,85.1,68.4,2026-06-09 21:40:00,2968888
81.3,65.1,84.6,68.5,2026-06-09 22:00:00,2968888
81.0,66.0,84.4,68.6,2026-06-09 22:20:00,2968888
80.7,67.0,84.0,68.7,2026-06-09 22:40:00,2968888
80.3,68.2,83.7,68.9,2026-06-09 23:00:00,2968888
80.1,69.5,83.7,69.2,2026-06-09 23:20:00,2968888
79.9,71.7,83.8,69.9,2026-06-09 23:40:00,2968888
79.7,73.8,83.7,70.6,2026-06-10 00:00:00,2968888
79.1,75.2,82.9,70.6,2026-06-10 00:20:00,2968888
78.8,76.5,82.8,70.8,2026-06-10 00:40:00,2968888
78.5,77.6,82.2,70.9,2026-06-10 01:00:00,2968888
78.2,78.5,81.7,70.9,2026-06-10 01:20:00,2968888
77.8,79.3,81.3,70.9,2026-06-10 01:40:00,2968888
77.3,80.0,80.2,70.7,2026-06-10 02:00:00,2968888
76.8,80.7,79.3,70.4,2026-06-10 02:20:00,2968888
76.5,81.4,79.0,70.3,2026-06-10 02:40:00,2968888
76.1,82.2,78.6,70.3,2026-06-10 03:00:00,2968888
75.6,82.9,77.9,70.1,2026-06-10 03:20:00,2968888
75.5,83.4,77.9,70.2,2026-06-10 03:40:00,2968888
75.5,83.7,77.9,70.3,2026-06-10 04:00:00,2968888
75.2,84.0,77.7,70.1,2026-06-10 04:20:00,2968888
75.1,84.5,77.5,70.1,2026-06-10 04:40:00,2968888
74.9,85.0,77.4,70.1,2026-06-10 05:00:00,2968888
74.8,85.2,77.2,70.1,2026-06-10 05:20:00,2968888
74.8,85.2,77.2,70.1,2026-06-10 05:40:00,2968888
74.9,85.4,77.4,70.2,2026-06-10 06:00:00,2968888
75.1,85.4,77.5,70.4,2026-06-10 06:20:00,2968888
75.3,85.4,77.9,70.6,2026-06-10 06:40:00,2968888
75.7,85.0,78.3,70.9,2026-06-10 07:00:00,2968888
75.9,84.7,78.4,70.9,2026-06-10 07:20:00,2968888
76.0,84.7,78.8,71.0,2026-06-10 07:40:00,2968888
76.2,84.4,78.8,71.2,2026-06-10 08:00:00,2968888
76.9,82.8,79.9,71.3,2026-06-10 08:20:00,2968888
77.6,81.4,81.1,71.5,2026-06-10 08:40:00,2968888
78.3,79.1,82.2,71.3,2026-06-10 09:00:00,2968888
80.4,76.6,85.6,72.3,2026-06-10 09:20:00,2968888
79.5,74.4,83.7,70.7,2026-06-10 09:40:00,2968888
83.1,72.1,90.0,73.2,2026-06-10 10:00:00,2968888
86.3,66.9,95.7,74.0,2026-06-10 10:20:00,2968888
85.7,66.3,94.3,73.2,2026-06-10 10:40:00,2968888
83.5,63.0,88.5,69.6,2026-06-10 11:00:00,2968888
84.5,65.0,91.0,71.5,2026-06-10 11:20:00,2968888
85.6,63.9,93.0,71.9,2026-06-10 11:40:00,2968888
87.0,60.6,94.6,71.7,2026-06-10 12:00:00,2968888
88.5,56.5,96.6,71.1,2026-06-10 12:20:00,2968888
86.7,55.6,92.1,68.9,2026-06-10 12:40:00,2968888
88.9,56.0,97.2,71.2,2026-06-10 13:00:00,2968888
89.0,53.4,96.1,69.8,2026-06-10 13:20:00,2968888
93.3,49.1,103.3,71.3,2026-06-10 13:40:00,2968888
91.6,48.8,99.7,69.6,2026-06-10 14:00:00,2968888
89.5,50.2,95.9,68.6,2026-06-10 14:20:00,2968888
90.4,52.1,98.6,70.4,2026-06-10 14:40:00,2968888
94.0,47.7,104.0,71.2,2026-06-10 15:00:00,2968888
94.3,46.2,103.8,70.5,2026-06-10 15:20:00,2968888
92.8,45.2,99.9,68.5,2026-06-10 15:40:00,2968888
91.3,45.9,97.5,67.6,2026-06-10 16:00:00,2968888
95.3,45.0,105.3,70.6,2026-06-10 16:20:00,2968888
96.0,44.3,106.3,70.8,2026-06-10 16:40:00,2968888
95.3,43.3,104.2,69.5,2026-06-10 17:00:00,2968888
92.4,44.1,98.6,67.3,2026-06-10 17:20:00,2968888
96.0,45.7,107.2,71.7,2026-06-10 17:40:00,2968888
96.3,45.6,108.0,71.9,2026-06-10 18:00:00,2968888
93.5,44.0,100.8,68.4,2026-06-10 18:20:00,2968888
91.0,48.3,98.1,68.8,2026-06-10 18:40:00,2968888
91.1,48.9,98.6,69.2,2026-06-10 19:00:00,2968888
93.0,47.0,101.7,69.8,2026-06-10 19:20:00,2968888
90.5,49.4,97.7,69.0,2026-06-10 19:40:00,2968888
89.4,51.1,95.9,69.0,2026-06-10 20:00:00,2968888
88.3,53.1,94.3,69.1,2026-06-10 20:20:00,2968888
87.5,54.5,93.4,69.0,2026-06-10 20:40:00,2968888
86.7,55.9,92.5,69.1,2026-06-10 21:00:00,2968888
86.4,56.7,92.1,69.2,2026-06-10 21:20:00,2968888
85.8,57.8,91.6,69.3,2026-06-10 21:40:00,2968888
85.1,59.5,90.7,69.4,2026-06-10 22:00:00,2968888
84.7,60.9,90.0,69.7,2026-06-10 22:20:00,2968888
83.9,62.6,89.1,69.8,2026-06-10 22:40:00,2968888
83.4,63.8,88.3,69.9,2026-06-10 23:00:00,2968888
82.8,64.9,87.4,69.8,2026-06-10 23:20:00,2968888
82.6,65.7,86.9,69.9,2026-06-10 23:40:00,2968888
82.2,66.6,86.4,69.9,2026-06-11 00:00:00,2968888
81.9,67.2,86.2,69.9,2026-06-11 00:20:00,2968888
81.5,67.9,85.5,69.9,2026-06-11 00:40:00,2968888
81.1,69.1,85.1,70.0,2026-06-11 01:00:00,2968888
80.8,69.9,85.1,70.1,2026-06-11 01:20:00,2968888
80.4,70.4,84.2,69.9,2026-06-11 01:40:00,2968888
80.0,71.2,83.7,69.8,2026-06-11 02:00:00,2968888
79.4,72.1,82.9,69.6,2026-06-11 02:20:00,2968888
78.9,73.0,82.0,69.5,2026-06-11 02:40:00,2968888
78.5,73.2,81.5,69.2,2026-06-11 03:00:00,2968888
78.2,73.4,80.8,69.0,2026-06-11 03:20:00,2968888
77.7,74.4,80.1,68.9,2026-06-11 03:40:00,2968888
77.3,75.4,79.5,68.9,2026-06-11 04:00:00,2968888
77.0,75.5,79.2,68.7,2026-06-11 04:20:00,2968888
76.7,75.9,78.4,68.5,2026-06-11 04:40:00,2968888
76.2,76.5,77.9,68.2,2026-06-11 05:00:00,2968888
76.0,76.8,77.7,68.2,2026-06-11 05:20:00,2968888
75.8,77.0,77.5,68.1,2026-06-11 05:40:00,2968888
75.5,77.1,77.2,67.9,2026-06-11 06:00:00,2968888
75.5,77.2,77.2,67.8,2026-06-11 06:20:00,2968888
75.5,77.4,77.2,67.9,2026-06-11 06:40:00,2968888
75.8,77.0,77.5,68.1,2026-06-11 07:00:00,2968888
76.5,76.4,78.3,68.5,2026-06-11 07:20:00,2968888
77.5,75.2,79.9,69.0,2026-06-11 07:40:00,2968888
78.6,73.8,82.0,69.6,2026-06-11 08:00:00,2968888
80.1,72.4,84.4,70.4,2026-06-11 08:20:00,2968888
81.3,71.0,86.0,71.0,2026-06-11 08:40:00,2968888
82.1,69.6,87.3,71.2,2026-06-11 09:00:00,2968888
85.1,66.3,93.2,72.6,2026-06-11 09:20:00,2968888
88.0,60.4,96.8,72.6,2026-06-11 09:40:00,2968888
91.2,57.0,102.9,73.8,2026-06-11 10:00:00,2968888
91.3,54.5,102.0,72.6,2026-06-11 10:20:00,2968888
93.1,52.2,104.9,73.0,2026-06-11 10:40:00,2968888
94.0,50.8,106.0,73.0,2026-06-11 11:00:00,2968888
94.1,48.9,105.1,71.9,2026-06-11 11:20:00,2968888
95.3,48.4,107.4,72.7,2026-06-11 11:40:00,2968888
97.6,46.0,111.0,73.3,2026-06-11 12:00:00,2968888
96.7,44.9,108.3,71.8,2026-06-11 12:20:00,2968888
97.4,43.5,108.9,71.6,2026-06-11 12:40:00,2968888
96.9,42.4,107.1,70.3,2026-06-11 13:00:00,2968888
99.2,42.0,111.7,72.0,2026-06-11 13:20:00,2968888
96.0,41.8,104.7,69.0,2026-06-11 13:40:00,2968888
100.0,39.7,111.6,71.1,2026-06-11 14:00:00,2968888
100.5,38.5,112.1,70.7,2026-06-11 14:20:00,2968888
98.7,38.6,108.3,69.1,2026-06-11 14:40:00,2968888
101.4,36.2,112.1,69.7,2026-06-11 15:00:00,2968888
102.4,34.1,112.6,68.8,2026-06-11 15:20:00,2968888
103.0,32.8,112.6,68.2,2026-06-11 15:40:00,2968888
105.8,31.7,117.1,69.6,2026-06-11 16:00:00,2968888
102.0,33.2,111.2,67.7,2026-06-11 16:20:00,2968888
98.6,37.9,107.4,68.5,2026-06-11 16:40:00,2968888
100.4,38.2,111.4,70.3,2026-06-11 17:00:00,2968888
98.4,39.8,108.3,69.8,2026-06-11 17:20:00,2968888
97.2,41.0,106.9,69.6,2026-06-11 17:40:00,2968888
95.5,42.6,104.2,69.1,2026-06-11 18:00:00,2968888
76.8,74.9,78.3,68.2,2026-06-11 18:20:00,2968888
81.2,90.4,91.0,78.1,2026-06-11 18:40:00,2968888
81.4,87.7,90.7,77.5,2026-06-11 19:00:00,2968888
83.6,85.0,95.7,78.6,2026-06-11 19:20:00,2968888
81.7,87.1,91.4,77.5,2026-06-11 19:40:00,2968888
80.7,88.0,89.1,76.8,2026-06-11 20:00:00,2968888
80.4,87.7,88.7,76.5,2026-06-11 20:20:00,2968888
79.9,86.6,87.3,75.5,2026-06-11 20:40:00,2968888
79.8,88.3,87.3,76.0,2026-06-11 21:00:00,2968888
79.9,85.8,87.1,75.3,2026-06-11 21:20:00,2968888
80.5,85.2,88.0,75.7,2026-06-11 21:40:00,2968888
84.2,73.6,93.6,74.9,2026-06-11 22:00:00,2968888
84.8,68.8,93.2,73.4,2026-06-11 22:20:00,2968888
84.8,67.1,92.5,72.7,2026-06-11 22:40:00,2968888
84.0,67.4,91.0,72.1,2026-06-11 23:00:00,2968888
83.7,67.4,90.1,71.8,2026-06-11 23:20:00,2968888
83.4,66.9,89.1,71.3,2026-06-11 23:40:00,2968888
83.0,66.8,88.3,70.9,2026-06-12 00:00:00,2968888
82.5,68.5,87.6,71.0,2026-06-12 00:20:00,2968888
82.0,69.1,86.7,70.8,2026-06-12 00:40:00,2968888
81.5,69.9,86.4,70.8,2026-06-12 01:00:00,2968888
81.2,70.9,85.8,70.9,2026-06-12 01:20:00,2968888
80.9,72.0,85.5,71.0,2026-06-12 01:40:00,2968888
80.6,73.1,85.1,71.2,2026-06-12 02:00:00,2968888
80.3,74.0,84.9,71.3,2026-06-12 02:20:00,2968888
80.1,74.6,84.7,71.3,2026-06-12 02:40:00,2968888
79.7,75.9,84.4,71.4,2026-06-12 03:00:00,2968888
79.5,76.4,83.8,71.4,2026-06-12 03:20:00,2968888
79.3,77.1,83.7,71.5,2026-06-12 03:40:00,2968888
79.2,77.7,83.7,71.6,2026-06-12 04:00:00,2968888
79.0,78.4,83.5,71.7,2026-06-12 04:20:00,2968888
78.8,79.2,83.3,71.8,2026-06-12 04:40:00,2968888
78.5,79.8,82.8,71.7,2026-06-12 05:00:00,2968888
78.2,80.6,82.2,71.8,2026-06-12 05:20:00,2968888
78.1,81.5,82.2,71.9,2026-06-12 05:40:00,2968888
77.9,82.1,82.0,72.0,2026-06-12 06:00:00,2968888
78.0,82.5,82.0,72.2,2026-06-12 06:20:00,2968888
78.3,82.5,82.8,72.5,2026-06-12 06:40:00,2968888
78.9,82.2,83.8,73.0,2026-06-12 07:00:00,2968888
80.3,80.4,86.5,73.7,2026-06-12 07:20:00,2968888
81.6,78.5,88.5,74.3,2026-06-12 07:40:00,2968888
82.8,76.4,90.7,74.6,2026-06-12 08:00:00,2968888
83.1,75.0,90.9,74.4,2026-06-12 08:20:00,2968888
83.7,74.4,92.5,74.7,2026-06-12 08:40:00,2968888
84.5,72.7,93.7,74.8,2026-06-12 09:00:00,2968888
88.4,67.4,101.1,76.2,2026-06-12 09:20:00,2968888
90.9,55.0,101.3,72.5,2026-06-12 09:40:00,2968888
94.0,52.8,107.2,74.1,2026-06-12 10:00:00,2968888
96.1,49.7,110.3,74.2,2026-06-12 10:20:00,2968888
98.0,46.0,112.1,73.7,2026-06-12 10:40:00,2968888
97.3,43.2,108.3,71.2,2026-06-12 11:00:00,2968888
100.5,40.1,113.2,71.8,2026-06-12 11:20:00,2968888
98.2,40.6,108.5,70.2,2026-06-12 11:40:00,2968888
99.4,38.0,109.4,69.3,2026-06-12 12:00:00,2968888
99.0,39.3,109.4,69.9,2026-06-12 12:20:00,2968888
98.9,37.8,108.0,68.7,2026-06-12 12:40:00,2968888
97.1,37.2,104.2,66.7,2026-06-12 13:00:00,2968888
99.7,36.1,108.5,68.1,2026-06-12 13:20:00,2968888
100.2,35.3,109.0,67.8,2026-06-12 13:40:00,2968888
101.9,35.0,112.3,69.0,2026-06-12 14:00:00,2968888
101.4,31.0,107.8,65.1,2026-06-12 14:20:00,2968888
103.1,32.6,112.6,68.0,2026-06-12 14:40:00,2968888
99.3,36.8,108.0,68.2,2026-06-12 15:00:00,2968888
102.8,32.8,112.1,67.9,2026-06-12 15:20:00,2968888
104.3,29.7,112.1,66.4,2026-06-12 15:40:00,2968888
104.8,29.9,113.2,67.0,2026-06-12 16:00:00,2968888
108.0,30.5,120.2,70.3,2026-06-12 16:20:00,2968888
107.5,29.6,118.2,69.0,2026-06-12 16:40:00,2968888
103.8,29.9,111.6,66.2,2026-06-12 17:00:00,2968888
104.3,31.4,113.7,68.0,2026-06-12 17:20:00,2968888
102.4,31.1,109.9,66.0,2026-06-12 17:40:00,2968888
103.4,31.2,111.7,67.0,2026-06-12 18:00:00,2968888
107.1,28.4,116.4,67.5,2026-06-12 18:20:00,2968888
101.4,31.3,108.0,65.4,2026-06-12 18:40:00,2968888
101.3,34.0,109.9,67.7,2026-06-12 19:00:00,2968888
99.2,35.2,106.9,66.8,2026-06-12 19:20:00,2968888
97.8,36.0,104.7,66.3,2026-06-12 19:40:00,2968888
97.0,37.7,104.0,66.9,2026-06-12 20:00:00,2968888
96.2,38.9,103.5,67.2,2026-06-12 20:20:00,2968888
95.4,40.3,102.7,67.4,2026-06-12 20:40:00,2968888
94.7,41.2,101.8,67.4,2026-06-12 21:00:00,2968888
93.8,42.5,100.6,67.6,2026-06-12 21:20:00,2968888
93.5,44.0,100.6,68.3,2026-06-12 21:40:00,2968888
93.1,44.1,100.0,68.1,2026-06-12 22:00:00,2968888
91.9,46.6,99.0,68.6,2026-06-12 22:20:00,2968888
90.3,48.7,97.2,68.4,2026-06-12 22:40:00,2968888
89.8,48.7,95.7,67.9,2026-06-12 23:00:00,2968888
88.9,47.8,93.6,66.5,2026-06-12 23:20:00,2968888
87.9,47.7,91.4,65.6,2026-06-12 23:40:00,2968888
87.1,47.4,90.1,64.7,2026-06-13 00:00:00,2968888
86.2,48.9,89.2,64.7,2026-06-13 00:20:00,2968888
85.2,50.6,88.0,64.8,2026-06-13 00:40:00,2968888
84.4,52.1,87.1,64.9,2026-06-13 01:00:00,2968888
84.0,53.2,86.4,65.1,2026-06-13 01:20:00,2968888
83.9,54.6,86.7,65.8,2026-06-13 01:40:00,2968888
82.8,55.7,84.9,65.4,2026-06-13 02:00:00,2968888
82.4,56.7,84.6,65.5,2026-06-13 02:20:00,2968888
81.8,57.3,83.5,65.2,2026-06-13 02:40:00,2968888
81.5,58.8,83.3,65.7,2026-06-13 03:00:00,2968888
80.4,60.5,82.4,65.5,2026-06-13 03:20:00,2968888
80.2,62.0,82.0,65.9,2026-06-13 03:40:00,2968888
79.7,63.0,81.7,66.0,2026-06-13 04:00:00,2968888
79.3,63.5,81.0,65.8,2026-06-13 04:20:00,2968888
78.6,64.8,80.4,65.8,2026-06-13 04:40:00,2968888
78.1,66.1,79.7,65.9,2026-06-13 05:00:00,2968888
78.1,67.1,79.9,66.3,2026-06-13 05:20:00,2968888
77.8,67.6,79.3,66.2,2026-06-13 05:40:00,2968888
77.3,68.8,78.4,66.3,2026-06-13 06:00:00,2968888
76.9,70.3,78.1,66.5,2026-06-13 06:20:00,2968888
76.9,70.8,78.3,66.7,2026-06-13 06:40:00,2968888
77.6,70.3,79.3,67.2,2026-06-13 07:00:00,2968888
78.8,69.2,81.1,67.8,2026-06-13 07:20:00,2968888
80.1,67.0,83.1,68.1,2026-06-13 07:40:00,2968888
81.0,65.9,84.4,68.5,2026-06-13 08:00:00,2968888
82.2,64.5,85.8,69.0,2026-06-13 08:20:00,2968888
83.4,62.7,87.8,69.3,2026-06-13 08:40:00,2968888
84.4,61.1,89.6,69.5,2026-06-13 09:00:00,2968888
86.5,59.0,93.0,70.4,2026-06-13 09:20:00,2968888
92.0,51.5,102.0,71.6,2026-06-13 09:40:00,2968888
92.7,49.1,102.2,70.8,2026-06-13 10:00:00,2968888
90.5,50.6,98.4,69.7,2026-06-13 10:20:00,2968888
93.1,49.0,102.7,71.1,2026-06-13 10:40:00,2968888
94.9,47.3,105.8,71.7,2026-06-13 11:00:00,2968888
95.2,44.7,104.9,70.4,2026-06-13 11:20:00,2968888
94.6,46.4,104.4,70.9,2026-06-13 11:40:00,2968888
94.9,44.6,104.0,70.0,2026-06-13 12:00:00,2968888
93.9,43.5,101.5,68.4,2026-06-13 12:20:00,2968888
95.3,43.9,104.4,69.8,2026-06-13 12:40:00,2968888
95.2,44.3,104.7,70.1,2026-06-13 13:00:00,2968888
95.9,45.0,106.9,71.1,2026-06-13 13:20:00,2968888
95.8,42.1,104.5,69.1,2026-06-13 13:40:00,2968888
96.8,40.7,106.0,69.0,2026-06-13 14:00:00,2968888
96.7,43.9,107.6,71.1,2026-06-13 14:20:00,2968888
96.0,40.4,104.0,68.1,2026-06-13 14:40:00,2968888
96.6,42.2,106.5,69.9,2026-06-13 15:00:00,2968888
95.8,41.8,104.4,68.9,2026-06-13 15:20:00,2968888
97.5,39.8,106.9,69.0,2026-06-13 15:40:00,2968888
97.8,40.0,107.4,69.4,2026-06-13 16:00:00,2968888
99.1,39.2,109.4,69.9,2026-06-13 16:20:00,2968888
101.7,35.2,112.1,69.0,2026-06-13 16:40:00,2968888
100.6,36.5,110.3,69.1,2026-06-13 17:00:00,2968888
96.0,40.6,104.0,68.2,2026-06-13 17:20:00,2968888
102.0,38.1,115.0,71.6,2026-06-13 17:40:00,2968888
99.6,37.1,109.0,68.8,2026-06-13 18:00:00,2968888
101.2,34.4,110.3,68.0,2026-06-13 18:20:00,2968888
102.8,35.2,114.4,70.1,2026-06-13 18:40:00,2968888
97.9,36.1,105.3,66.5,2026-06-13 19:00:00,2968888
97.3,40.0,106.2,68.9,2026-06-13 19:20:00,2968888
94.9,41.2,102.2,67.6,2026-06-13 19:40:00,2968888
93.4,44.4,100.9,68.5,2026-06-13 20:00:00,2968888
92.6,46.2,100.0,68.9,2026-06-13 20:20:00,2968888
91.5,47.2,98.4,68.6,2026-06-13 20:40:00,2968888
88.0,51.5,93.4,67.9,2026-06-13 21:00:00,2968888
84.3,61.1,89.2,69.5,2026-06-13 21:20:00,2968888
83.2,62.9,87.6,69.3,2026-06-13 21:40:00,2968888
79.1,72.9,82.4,69.6,2026-06-13 22:00:00,2968888
78.5,75.1,81.9,70.0,2026-06-13 22:20:00,2968888
77.9,76.6,80.8,69.9,2026-06-13 22:40:00,2968888
77.6,77.3,80.4,70.0,2026-06-13 23:00:00,2968888
78.4,74.6,81.3,69.6,2026-06-13 23:20:00,2968888
79.0,72.7,82.4,69.5,2026-06-13 23:40:00,2968888
79.7,70.9,83.3,69.4,2026-06-14 00:00:00,2968888
79.3,71.6,82.4,69.3,2026-06-14 00:20:00,2968888
79.3,72.0,82.6,69.5,2026-06-14 00:40:00,2968888
78.3,74.5,81.3,69.5,2026-06-14 01:00:00,2968888
77.0,78.4,79.5,69.8,2026-06-14 01:20:00,2968888
76.4,79.5,78.4,69.5,2026-06-14 01:40:00,2968888
76.1,80.8,78.3,69.7,2026-06-14 02:00:00,2968888
75.8,81.0,78.1,69.6,2026-06-14 02:20:00,2968888
75.5,82.1,77.7,69.6,2026-06-14 02:40:00,2968888
75.0,83.2,77.2,69.5,2026-06-14 03:00:00,2968888
74.8,84.1,77.0,69.7,2026-06-14 03:20:00,2968888
74.7,84.8,77.2,69.8,2026-06-14 03:40:00,2968888
74.5,85.6,76.8,69.9,2026-06-14 04:00:00,2968888
74.1,86.7,76.5,69.9,2026-06-14 04:20:00,2968888
73.7,87.3,76.1,69.6,2026-06-14 04:40:00,2968888
73.8,87.9,76.3,70.0,2026-06-14 05:00:00,2968888
73.6,88.7,76.1,70.1,2026-06-14 05:20:00,2968888
73.6,89.1,76.1,70.2,2026-06-14 05:40:00,2968888
73.4,89.3,75.9,70.1,2026-06-14 06:00:00,2968888
73.2,89.9,75.6,70.1,2026-06-14 06:20:00,2968888
73.8,89.5,76.3,70.5,2026-06-14 06:40:00,2968888
74.3,88.9,76.8,70.8,2026-06-14 07:00:00,2968888
74.7,88.4,77.4,71.0,2026-06-14 07:20:00,2968888
75.6,87.8,78.6,71.7,2026-06-14 07:40:00,2968888
76.8,85.7,80.2,72.2,2026-06-14 08:00:00,2968888
78.2,83.5,82.8,72.8,2026-06-14 08:20:00,2968888
79.5,81.7,85.3,73.5,2026-06-14 08:40:00,2968888
80.5,79.6,86.7,73.6,2026-06-14 09:00:00,2968888
82.5,75.8,89.6,74.1,2026-06-14 09:20:00,2968888
85.3,71.5,95.4,75.0,2026-06-14 09:40:00,2968888
86.0,67.0,95.4,73.8,2026-06-14 10:00:00,2968888
87.7,63.9,97.7,74.0,2026-06-14 10:20:00,2968888
91.6,56.1,103.6,73.7,2026-06-14 10:40:00,2968888
92.1,53.2,102.9,72.6,2026-06-14 11:00:00,2968888
91.0,53.5,100.8,71.8,2026-06-14 11:20:00,2968888
93.6,52.2,106.0,73.4,2026-06-14 11:40:00,2968888
94.1,53.6,108.3,74.7,2026-06-14 12:00:00,2968888
94.2,51.4,106.9,73.5,2026-06-14 12:20:00,2968888
94.8,48.3,106.2,72.2,2026-06-14 12:40:00,2968888
93.9,51.3,106.0,73.2,2026-06-14 13:00:00,2968888
94.1,49.5,105.6,72.3,2026-06-14 13:20:00,2968888
93.2,48.9,103.1,71.1,2026-06-14 13:40:00,2968888
97.4,45.1,110.1,72.6,2026-06-14 14:00:00,2968888
98.3,36.5,106.0,67.2,2026-06-14 14:20:00,2968888
99.8,36.5,108.9,68.4,2026-06-14 14:40:00,2968888
99.0,35.2,106.5,66.8,2026-06-14 15:00:00,2968888
101.1,35.0,110.3,68.3,2026-06-14 15:20:00,2968888
101.0,35.0,110.3,68.3,2026-06-14 15:40:00,2968888
102.0,33.8,111.2,68.1,2026-06-14 16:00:00,2968888
98.3,37.2,106.5,67.7,2026-06-14 16:20:00,2968888
98.2,37.1,106.2,67.5,2026-06-14 16:40:00,2968888
98.0,39.0,107.1,68.8,2026-06-14 17:00:00,2968888
98.8,37.9,108.1,68.7,2026-06-14 17:20:00,2968888
97.5,31.9,101.7,62.6,2026-06-14 17:40:00,2968888
101.2,31.3,107.6,65.2,2026-06-14 18:00:00,2968888
98.8,32.5,104.0,64.2,2026-06-14 18:20:00,2968888
96.8,34.3,101.7,64.0,2026-06-14 18:40:00,2968888
93.8,40.5,99.7,66.2,2026-06-14 19:00:00,2968888
86.5,57.3,92.5,69.7,2026-06-14 19:20:00,2968888
79.8,80.7,85.5,73.3,2026-06-14 19:40:00,2968888
79.5,83.9,85.5,74.2,2026-06-14 20:00:00,2968888
80.9,79.5,87.4,74.0,2026-06-14 20:20:00,2968888
79.8,80.9,85.5,73.4,2026-06-14 20:40:00,2968888
80.8,73.1,85.8,71.4,2026-06-14 21:00:00,2968888
81.6,71.9,86.7,71.6,2026-06-14 21:20:00,2968888
81.7,73.4,87.4,72.3,2026-06-14 21:40:00,2968888
81.2,74.0,86.5,72.1,2026-06-14 22:00:00,2968888
81.4,73.9,86.9,72.2,2026-06-14 22:20:00,2968888
81.3,73.0,86.4,71.8,2026-06-14 22:40:00,2968888
81.2,72.6,86.4,71.5,2026-06-14 23:00:00,2968888
80.9,72.8,85.6,71.3,2026-06-14 23:20:00,2968888
80.6,73.1,85.5,71.2,2026-06-14 23:40:00,2968888
80.3,73.4,84.7,71.0,2026-06-15 00:00:00,2968888
80.3,73.5,84.7,71.1,2026-06-15 00:20:00,2968888
79.9,74.5,84.4,71.1,2026-06-15 00:40:00,2968888
79.7,75.4,83.8,71.2,2026-06-15 01:00:00,2968888
79.6,75.9,84.0,71.3,2026-06-15 01:20:00,2968888
79.5,76.5,83.8,71.4,2026-06-15 01:40:00,2968888
79.4,76.9,84.0,71.5,2026-06-15 02:00:00,2968888
79.1,77.5,83.3,71.4,2026-06-15 02:20:00,2968888
79.1,77.9,83.5,71.6,2026-06-15 02:40:00,2968888
78.9,78.3,83.1,71.5,2026-06-15 03:00:00,2968888
78.5,79.2,82.6,71.5,2026-06-15 03:20:00,2968888
78.2,80.0,82.0,71.5,2026-06-15 03:40:00,2968888
77.9,80.6,81.5,71.4,2026-06-15 04:00:00,2968888
77.6,81.1,81.1,71.4,2026-06-15 04:20:00,2968888
77.2,82.0,80.6,71.2,2026-06-15 04:40:00,2968888
77.0,82.9,79.9,71.3,2026-06-15 05:00:00,2968888
76.7,82.2,79.5,70.9,2026-06-15 05:20:00,2968888
77.1,79.7,79.9,70.3,2026-06-15 05:40:00,2968888
77.2,76.8,79.3,69.3,2026-06-15 06:00:00,2968888
76.8,75.5,78.4,68.5,2026-06-15 06:20:00,2968888
77.0,74.5,79.0,68.3,2026-06-15 06:40:00,2968888
77.3,69.7,78.8,66.6,2026-06-15 07:00:00,2968888
77.5,66.5,78.6,65.4,2026-06-15 07:20:00,2968888
77.2,65.5,78.1,64.8,2026-06-15 07:40:00,2968888
77.0,65.7,77.7,64.7,2026-06-15 08:00:00,2968888
77.5,63.1,78.1,64.0,2026-06-15 08:20:00,2968888
78.8,58.8,79.7,63.2,2026-06-15 08:40:00,2968888
79.1,57.4,79.7,62.7,2026-06-15 09:00:00,2968888
79.3,55.0,79.7,61.7,2026-06-15 09:20:00,2968888
78.9,51.4,78.4,59.5,2026-06-15 09:40:00,2968888
79.5,48.2,78.8,58.2,2026-06-15 10:00:00,2968888
80.0,46.0,79.0,57.4,2026-06-15 10:20:00,2968888
86.9,37.0,86.4,57.4,2026-06-15 10:40:00,2968888
83.9,38.1,82.8,55.7,2026-06-15 11:00:00,2968888
87.5,37.5,87.4,58.4,2026-06-15 11:20:00,2968888
85.6,35.0,84.2,54.8,2026-06-15 11:40:00,2968888
86.9,33.7,85.5,54.9,2026-06-15 12:00:00,2968888
86.7,33.7,85.3,54.7,2026-06-15 12:20:00,2968888
86.8,34.8,85.8,55.7,2026-06-15 12:40:00,2968888
86.6,35.3,85.8,56.0,2026-06-15 13:00:00,2968888
87.0,33.3,85.6,54.7,2026-06-15 13:20:00,2968888
89.2,30.9,87.8,54.6,2026-06-15 13:40:00,2968888
89.6,30.9,88.7,54.9,2026-06-15 14:00:00,2968888
90.3,30.8,89.4,55.4,2026-06-15 14:20:00,2968888
91.9,29.8,91.4,55.8,2026-06-15 14:40:00,2968888
91.1,27.8,89.8,53.3,2026-06-15 15:00:00,2968888
92.8,27.6,91.9,54.5,2026-06-15 15:20:00,2968888
92.9,26.6,91.9,53.7,2026-06-15 15:40:00,2968888
94.9,28.5,95.5,57.3,2026-06-15 16:00:00,2968888
93.6,27.8,93.2,55.4,2026-06-15 16:20:00,2968888
95.8,26.4,95.9,55.9,2026-06-15 16:40:00,2968888
93.4,27.1,92.8,54.5,2026-06-15 17:00:00,2968888
93.8,26.5,93.0,54.3,2026-06-15 17:20:00,2968888
95.5,27.2,95.7,56.4,2026-06-15 17:40:00,2968888
96.2,26.8,96.6,56.6,2026-06-15 18:00:00,2968888
94.0,26.7,93.4,54.7,2026-06-15 18:20:00,2968888
93.4,28.4,93.2,55.9,2026-06-15 18:40:00,2968888
94.4,28.3,94.5,56.5,2026-06-15 19:00:00,2968888
93.1,29.8,93.2,56.8,2026-06-15 19:20:00,2968888
86.7,33.1,85.5,54.3,2026-06-15 19:40:00,2968888
85.2,34.7,83.7,54.2,2026-06-15 20:00:00,2968888
83.9,35.8,82.2,53.9,2026-06-15 20:20:00,2968888
82.9,36.9,81.0,53.9,2026-06-15 20:40:00,2968888
81.6,37.9,79.5,53.4,2026-06-15 21:00:00,2968888
80.5,39.0,78.4,53.3,2026-06-15 21:20:00,2968888
79.5,39.9,77.5,53.0,2026-06-15 21:40:00,2968888
78.5,41.2,76.6,53.0,2026-06-15 22:00:00,2968888
77.7,42.6,75.7,53.2,2026-06-15 22:20:00,2968888
76.8,43.2,74.7,52.7,2026-06-15 22:40:00,2968888
76.2,44.0,74.3,52.8,2026-06-15 23:00:00,2968888
75.6,45.0,73.9,52.8,2026-06-15 23:20:00,2968888
75.1,46.5,73.6,53.3,2026-06-15 23:40:00,2968888
74.5,47.3,73.2,53.2,2026-06-16 00:00:00,2968888
73.6,48.9,72.5,53.2,2026-06-16 00:20:00,2968888
73.3,51.0,72.3,54.0,2026-06-16 00:40:00,2968888
72.6,51.5,71.8,53.7,2026-06-16 01:00:00,2968888
72.5,51.0,71.8,53.3,2026-06-16 01:20:00,2968888
72.7,50.3,71.8,53.2,2026-06-16 01:40:00,2968888
72.8,49.3,71.6,52.6,2026-06-16 02:00:00,2968888
72.6,49.0,71.6,52.4,2026-06-16 02:20:00,2968888
72.3,48.7,71.2,51.9,2026-06-16 02:40:00,2968888
71.9,49.5,70.9,52.0,2026-06-16 03:00:00,2968888
71.4,49.7,70.3,51.7,2026-06-16 03:20:00,2968888
71.1,50.3,70.3,51.6,2026-06-16 03:40:00,2968888
70.8,50.6,70.2,51.5,2026-06-16 04:00:00,2968888
70.1,51.8,69.1,51.6,2026-06-16 04:20:00,2968888
69.5,53.4,68.4,51.9,2026-06-16 04:40:00,2968888
69.2,53.9,68.0,51.8,2026-06-16 05:00:00,2968888
69.5,53.6,68.4,52.0,2026-06-16 05:20:00,2968888
69.5,54.0,68.4,52.2,2026-06-16 05:40:00,2968888
69.6,54.1,68.7,52.3,2026-06-16 06:00:00,2968888
86.6,32.0,84.9,53.2,2026-06-05 11:40:00,2799155
90.6,28.9,89.2,53.9,2026-06-05 12:00:00,2799155
92.0,29.9,91.6,56.0,2026-06-05 12:20:00,2799155
93.0,29.2,93.0,56.3,2026-06-05 12:40:00,2799155
94.0,27.9,93.7,55.8,2026-06-05 13:00:00,2799155
93.8,26.7,93.2,54.4,2026-06-05 13:20:00,2799155
95.1,26.4,94.8,55.2,2026-06-05 13:40:00,2799155
92.7,26.5,91.6,53.3,2026-06-05 14:00:00,2799155
91.9,28.0,90.7,54.1,2026-06-05 14:20:00,2799155
91.3,27.9,90.0,53.5,2026-06-05 14:40:00,2799155
91.5,27.7,90.3,53.6,2026-06-05 15:00:00,2799155
90.9,28.1,89.6,53.4,2026-06-05 15:20:00,2799155
92.0,27.9,91.0,54.1,2026-06-05 15:40:00,2799155
92.0,27.7,91.0,54.0,2026-06-05 16:00:00,2799155
93.1,27.8,92.5,55.0,2026-06-05 16:20:00,2799155
92.1,27.4,91.0,53.8,2026-06-05 16:40:00,2799155
92.0,27.3,90.9,53.5,2026-06-05 17:00:00,2799155
92.1,27.8,91.0,54.1,2026-06-05 17:20:00,2799155
91.7,26.8,90.1,52.8,2026-06-05 17:40:00,2799155
91.8,27.0,90.5,53.0,2026-06-05 18:00:00,2799155
91.1,29.6,90.3,55.0,2026-06-05 18:20:00,2799155
90.5,29.6,89.2,54.4,2026-06-05 18:40:00,2799155
90.1,30.2,88.9,54.7,2026-06-05 19:00:00,2799155
89.2,30.9,87.8,54.5,2026-06-05 19:20:00,2799155
88.1,31.6,86.5,54.2,2026-06-05 19:40:00,2799155
87.3,32.5,85.8,54.3,2026-06-05 20:00:00,2799155
86.4,33.7,85.1,54.5,2026-06-05 20:20:00,2799155
85.3,35.2,83.8,54.7,2026-06-05 20:40:00,2799155
84.3,36.1,82.8,54.6,2026-06-05 21:00:00,2799155
83.8,36.5,82.2,54.4,2026-06-05 21:20:00,2799155
83.8,36.2,82.0,54.2,2026-06-05 21:40:00,2799155
83.5,36.8,81.9,54.3,2026-06-05 22:00:00,2799155
82.0,38.6,80.2,54.4,2026-06-05 22:20:00,2799155
80.3,41.1,78.6,54.5,2026-06-05 22:40:00,2799155
79.2,43.2,77.7,54.9,2026-06-05 23:00:00,2799155
78.7,44.5,77.2,55.3,2026-06-05 23:20:00,2799155
78.5,45.4,77.2,55.7,2026-06-05 23:40:00,2799155
78.2,46.0,76.8,55.8,2026-06-06 00:00:00,2799155
77.9,46.7,76.3,55.8,2026-06-06 00:20:00,2799155
76.6,48.6,75.2,55.8,2026-06-06 00:40:00,2799155
75.4,50.8,74.3,55.9,2026-06-06 01:00:00,2799155
74.5,52.5,73.6,56.0,2026-06-06 01:20:00,2799155
73.8,54.1,73.0,56.2,2026-06-06 01:40:00,2799155
73.4,55.2,72.9,56.4,2026-06-06 02:00:00,2799155
73.1,55.8,72.7,56.4,2026-06-06 02:20:00,2799155
72.2,57.1,71.8,56.2,2026-06-06 02:40:00,2799155
71.7,58.2,71.4,56.3,2026-06-06 03:00:00,2799155
71.4,59.1,71.1,56.4,2026-06-06 03:20:00,2799155
70.9,60.3,70.9,56.5,2026-06-06 03:40:00,2799155
70.2,61.5,70.0,56.4,2026-06-06 04:00:00,2799155
70.1,61.8,69.8,56.3,2026-06-06 04:20:00,2799155
69.3,63.0,68.9,56.2,2026-06-06 04:40:00,2799155
69.0,64.1,68.5,56.4,2026-06-06 05:00:00,2799155
68.6,64.9,68.0,56.3,2026-06-06 05:20:00,2799155
67.8,66.3,67.3,56.2,2026-06-06 05:40:00,2799155
67.7,66.8,66.9,56.3,2026-06-06 06:00:00,2799155
68.1,66.9,67.5,56.7,2026-06-06 06:20:00,2799155
69.7,65.4,69.4,57.6,2026-06-06 06:40:00,2799155
72.2,62.9,72.3,58.9,2026-06-06 07:00:00,2799155
73.2,61.3,73.2,59.1,2026-06-06 07:20:00,2799155
74.9,58.9,74.7,59.5,2026-06-06 07:40:00,2799155
75.8,58.1,75.4,60.1,2026-06-06 08:00:00,2799155
77.1,56.0,76.6,60.2,2026-06-06 08:20:00,2799155
77.6,55.6,77.4,60.5,2026-06-06 08:40:00,2799155
78.7,54.6,78.6,60.9,2026-06-06 09:00:00,2799155
79.7,52.4,79.5,60.7,2026-06-06 09:20:00,2799155
81.5,51.0,82.0,61.7,2026-06-06 09:40:00,2799155
81.6,49.8,81.7,61.1,2026-06-06 10:00:00,2799155
83.6,48.1,84.4,61.9,2026-06-06 10:20:00,2799155
83.6,47.0,84.2,61.3,2026-06-06 10:40:00,2799155
84.4,45.4,85.1,61.0,2026-06-06 11:00:00,2799155
85.1,44.3,86.0,61.0,2026-06-06 11:20:00,2799155
88.2,41.6,89.8,62.0,2026-06-06 11:40:00,2799155
88.8,38.9,90.0,60.6,2026-06-06 12:00:00,2799155
90.4,37.2,92.1,60.7,2026-06-06 12:20:00,2799155
91.6,36.3,93.9,61.1,2026-06-06 12:40:00,2799155
92.2,35.0,94.1,60.5,2026-06-06 13:00:00,2799155
91.0,34.8,92.1,59.4,2026-06-06 13:20:00,2799155
90.2,35.8,91.4,59.5,2026-06-06 13:40:00,2799155
90.7,36.5,92.5,60.5,2026-06-06 14:00:00,2799155
88.9,37.2,89.8,59.4,2026-06-06 14:20:00,2799155
90.9,38.1,93.6,61.9,2026-06-06 14:40:00,2799155
91.0,39.2,93.9,62.7,2026-06-06 15:00:00,2799155
90.6,39.1,93.2,62.3,2026-06-06 15:20:00,2799155
89.8,38.7,91.9,61.3,2026-06-06 15:40:00,2799155
90.1,38.9,92.5,61.8,2026-06-06 16:00:00,2799155
91.7,38.1,94.6,62.5,2026-06-06 16:20:00,2799155
90.5,37.1,92.1,60.7,2026-06-06 16:40:00,2799155
90.8,36.9,92.7,60.8,2026-06-06 17:00:00,2799155
90.6,36.9,92.3,60.7,2026-06-06 17:20:00,2799155
90.4,36.4,91.9,60.2,2026-06-06 17:40:00,2799155
90.1,35.8,91.2,59.4,2026-06-06 18:00:00,2799155
89.8,36.1,90.9,59.4,2026-06-06 18:20:00,2799155
90.0,37.4,91.6,60.5,2026-06-06 18:40:00,2799155
89.3,36.7,90.1,59.4,2026-06-06 19:00:00,2799155
88.2,38.5,88.9,59.8,2026-06-06 19:20:00,2799155
87.8,39.2,88.5,59.9,2026-06-06 19:40:00,2799155
87.0,40.2,87.6,59.8,2026-06-06 20:00:00,2799155
86.0,40.7,86.4,59.4,2026-06-06 20:20:00,2799155
85.1,41.9,85.5,59.4,2026-06-06 20:40:00,2799155
83.9,43.5,83.8,59.4,2026-06-06 21:00:00,2799155
83.2,44.5,82.9,59.3,2026-06-06 21:20:00,2799155
82.6,45.6,82.0,59.5,2026-06-06 21:40:00,2799155
81.7,47.1,81.5,59.6,2026-06-06 22:00:00,2799155
81.2,48.5,81.1,59.9,2026-06-06 22:20:00,2799155
81.0,49.4,81.0,60.3,2026-06-06 22:40:00,2799155
80.6,50.1,80.8,60.4,2026-06-06 23:00:00,2799155
79.4,51.7,79.3,60.1,2026-06-06 23:20:00,2799155
78.7,53.1,78.4,60.2,2026-06-06 23:40:00,2799155
78.4,53.8,78.1,60.3,2026-06-07 00:00:00,2799155
77.7,55.0,77.2,60.2,2026-06-07 00:20:00,2799155
77.3,56.4,76.8,60.5,2026-06-07 00:40:00,2799155
76.8,57.2,76.5,60.6,2026-06-07 01:00:00,2799155
76.4,58.6,76.1,60.8,2026-06-07 01:20:00,2799155
76.0,59.6,75.7,60.9,2026-06-07 01:40:00,2799155
75.1,60.8,75.0,60.7,2026-06-07 02:00:00,2799155
74.2,62.5,74.3,60.5,2026-06-07 02:20:00,2799155
73.7,63.3,73.9,60.5,2026-06-07 02:40:00,2799155
73.5,64.2,73.8,60.6,2026-06-07 03:00:00,2799155
72.6,65.4,72.9,60.4,2026-06-07 03:20:00,2799155
72.2,66.2,72.7,60.3,2026-06-07 03:40:00,2799155
71.9,66.7,72.3,60.2,2026-06-07 04:00:00,2799155
71.5,67.5,72.0,60.1,2026-06-07 04:20:00,2799155
71.0,68.3,71.4,60.0,2026-06-07 04:40:00,2799155
70.6,69.1,71.1,60.0,2026-06-07 05:00:00,2799155
70.0,70.2,70.3,59.9,2026-06-07 05:20:00,2799155
69.7,70.9,69.8,59.8,2026-06-07 05:40:00,2799155
69.4,71.7,69.4,59.8,2026-06-07 06:00:00,2799155
69.5,72.1,69.8,60.1,2026-06-07 06:20:00,2799155
70.1,71.6,70.3,60.5,2026-06-07 06:40:00,2799155
71.6,70.0,72.3,61.3,2026-06-07 07:00:00,2799155
72.1,68.9,72.5,61.3,2026-06-07 07:20:00,2799155
75.6,65.5,75.9,63.2,2026-06-07 07:40:00,2799155
76.5,63.8,76.8,63.4,2026-06-07 08:00:00,2799155
77.7,60.6,78.3,63.0,2026-06-07 08:20:00,2799155
77.5,61.6,77.9,63.3,2026-06-07 08:40:00,2799155
79.2,60.4,80.4,64.3,2026-06-07 09:00:00,2799155
81.3,56.7,82.6,64.5,2026-06-07 09:20:00,2799155
82.0,55.2,83.5,64.4,2026-06-07 09:40:00,2799155
82.6,54.5,84.4,64.6,2026-06-07 10:00:00,2799155
83.5,52.6,85.6,64.4,2026-06-07 10:20:00,2799155
84.5,51.7,87.1,64.8,2026-06-07 10:40:00,2799155
85.8,49.0,88.3,64.5,2026-06-07 11:00:00,2799155
86.8,47.1,89.4,64.2,2026-06-07 11:20:00,2799155
89.3,44.2,92.8,64.7,2026-06-07 11:40:00,2799155
90.0,40.9,92.8,63.1,2026-06-07 12:00:00,2799155
92.7,37.2,96.1,62.7,2026-06-07 12:20:00,2799155
93.1,35.6,95.9,61.9,2026-06-07 12:40:00,2799155
94.3,36.0,98.2,63.2,2026-06-07 13:00:00,2799155
96.5,34.2,101.3,63.7,2026-06-07 13:20:00,2799155
95.2,32.8,98.2,61.4,2026-06-07 13:40:00,2799155
95.8,33.2,99.3,62.3,2026-06-07 14:00:00,2799155
94.0,34.2,96.6,61.5,2026-06-07 14:20:00,2799155
93.4,35.4,96.4,62.0,2026-06-07 14:40:00,2799155
94.2,34.8,97.3,62.2,2026-06-07 15:00:00,2799155
94.3,34.3,97.5,61.9,2026-06-07 15:20:00,2799155
94.6,35.1,98.2,62.8,2026-06-07 15:40:00,2799155
93.6,34.2,96.1,61.2,2026-06-07 16:00:00,2799155
93.5,35.2,96.3,62.0,2026-06-07 16:20:00,2799155
93.2,35.1,96.1,61.6,2026-06-07 16:40:00,2799155
94.3,34.4,97.2,61.9,2026-06-07 17:00:00,2799155
94.4,35.1,97.9,62.6,2026-06-07 17:20:00,2799155
93.9,38.0,98.4,64.5,2026-06-07 17:40:00,2799155
92.7,39.6,97.2,64.5,2026-06-07 18:00:00,2799155
92.3,39.2,96.1,63.9,2026-06-07 18:20:00,2799155
92.2,39.5,96.3,64.0,2026-06-07 18:40:00,2799155
91.6,40.1,95.5,64.0,2026-06-07 19:00:00,2799155
91.0,40.0,94.3,63.3,2026-06-07 19:20:00,2799155
90.3,40.1,93.0,62.8,2026-06-07 19:40:00,2799155
89.6,40.4,92.3,62.4,2026-06-07 20:00:00,2799155
88.9,40.6,90.9,61.9,2026-06-07 20:20:00,2799155
88.3,41.3,89.8,61.8,2026-06-07 20:40:00,2799155
87.8,42.6,89.6,62.3,2026-06-07 21:00:00,2799155
87.0,44.0,88.7,62.4,2026-06-07 21:20:00,2799155
86.1,45.2,87.6,62.4,2026-06-07 21:40:00,2799155
85.3,47.0,87.1,62.8,2026-06-07 22:00:00,2799155
84.7,48.6,86.4,63.1,2026-06-07 22:20:00,2799155
84.1,49.3,85.6,63.0,2026-06-07 22:40:00,2799155
83.6,50.0,84.9,63.0,2026-06-07 23:00:00,2799155
83.2,50.4,84.4,62.9,2026-06-07 23:20:00,2799155
82.8,51.7,84.0,63.2,2026-06-07 23:40:00,2799155
82.6,52.9,84.0,63.7,2026-06-08 00:00:00,2799155
82.2,53.9,83.3,63.8,2026-06-08 00:20:00,2799155
81.6,55.1,82.9,64.0,2026-06-08 00:40:00,2799155
81.1,56.0,82.2,63.9,2026-06-08 01:00:00,2799155
80.6,57.0,81.7,63.9,2026-06-08 01:20:00,2799155
80.2,57.8,81.3,64.0,2026-06-08 01:40:00,2799155
79.9,58.3,81.0,64.0,2026-06-08 02:00:00,2799155
79.5,59.1,80.4,64.0,2026-06-08 02:20:00,2799155
78.8,60.3,79.9,63.9,2026-06-08 02:40:00,2799155
78.3,61.3,79.2,63.9,2026-06-08 03:00:00,2799155
78.0,62.0,78.8,63.9,2026-06-08 03:20:00,2799155
78.0,61.9,78.8,63.9,2026-06-08 03:40:00,2799155
77.9,62.4,78.4,64.0,2026-06-08 04:00:00,2799155
77.6,62.9,78.3,63.9,2026-06-08 04:20:00,2799155
77.3,63.7,77.9,64.0,2026-06-08 04:40:00,2799155
76.7,64.7,77.2,64.0,2026-06-08 05:00:00,2799155
76.5,64.9,77.0,63.9,2026-06-08 05:20:00,2799155
75.8,66.0,76.1,63.7,2026-06-08 05:40:00,2799155
75.8,66.4,76.3,63.8,2026-06-08 06:00:00,2799155
75.2,67.7,75.7,63.7,2026-06-08 06:20:00,2799155
75.4,68.5,76.1,64.4,2026-06-08 06:40:00,2799155
76.8,67.7,77.9,65.4,2026-06-08 07:00:00,2799155
76.8,66.1,77.7,64.7,2026-06-08 07:20:00,2799155
79.2,63.1,81.0,65.6,2026-06-08 07:40:00,2799155
79.6,61.6,81.3,65.2,2026-06-08 08:00:00,2799155
81.5,58.5,83.7,65.6,2026-06-08 08:20:00,2799155
81.3,60.6,83.5,66.4,2026-06-08 08:40:00,2799155
83.0,59.7,86.4,67.5,2026-06-08 09:00:00,2799155
83.8,56.4,86.9,66.6,2026-06-08 09:20:00,2799155
84.8,56.0,88.9,67.4,2026-06-08 09:40:00,2799155
85.2,55.3,89.4,67.4,2026-06-08 10:00:00,2799155
86.8,54.0,91.9,68.2,2026-06-08 10:20:00,2799155
88.4,52.4,94.5,68.7,2026-06-08 10:40:00,2799155
88.8,51.6,94.8,68.6,2026-06-08 11:00:00,2799155
89.3,48.5,94.6,67.3,2026-06-08 11:20:00,2799155
91.0,45.2,96.4,66.8,2026-06-08 11:40:00,2799155
92.9,43.7,99.5,67.6,2026-06-08 12:00:00,2799155
92.1,40.8,96.6,64.9,2026-06-08 12:20:00,2799155
92.7,42.4,98.4,66.5,2026-06-08 12:40:00,2799155
90.7,41.7,94.6,64.3,2026-06-08 13:00:00,2799155
92.4,40.7,97.0,65.0,2026-06-08 13:20:00,2799155
92.9,39.2,97.3,64.5,2026-06-08 13:40:00,2799155
93.1,39.5,97.9,64.8,2026-06-08 14:00:00,2799155
92.1,39.8,96.1,64.1,2026-06-08 14:20:00,2799155
93.7,39.9,99.0,65.7,2026-06-08 14:40:00,2799155
91.6,40.2,95.5,64.0,2026-06-08 15:00:00,2799155
92.3,42.0,97.7,65.9,2026-06-08 15:20:00,2799155
91.6,41.4,96.1,64.8,2026-06-08 15:40:00,2799155
91.6,41.1,96.1,64.7,2026-06-08 16:00:00,2799155
91.1,40.7,94.8,64.0,2026-06-08 16:20:00,2799155
91.2,40.2,94.6,63.7,2026-06-08 16:40:00,2799155
92.2,39.3,96.1,63.9,2026-06-08 17:00:00,2799155
92.0,39.2,95.7,63.6,2026-06-08 17:20:00,2799155
91.2,38.8,94.3,62.7,2026-06-08 17:40:00,2799155
91.3,39.2,94.5,63.0,2026-06-08 18:00:00,2799155
89.3,39.9,91.4,61.8,2026-06-08 18:20:00,2799155
89.1,40.3,91.0,61.8,2026-06-08 18:40:00,2799155
88.9,40.8,91.0,62.1,2026-06-08 19:00:00,2799155
87.8,41.9,89.4,61.8,2026-06-08 19:20:00,2799155
87.0,44.5,88.9,62.8,2026-06-08 19:40:00,2799155
85.6,47.8,87.6,63.5,2026-06-08 20:00:00,2799155
84.3,50.0,86.2,63.6,2026-06-08 20:20:00,2799155
83.0,52.2,84.6,63.7,2026-06-08 20:40:00,2799155
82.0,54.2,83.3,63.8,2026-06-08 21:00:00,2799155
81.1,55.5,82.2,63.6,2026-06-08 21:20:00,2799155
80.1,56.5,81.0,63.2,2026-06-08 21:40:00,2799155
78.8,58.2,79.5,62.9,2026-06-08 22:00:00,2799155
77.5,60.5,77.7,62.7,2026-06-08 22:20:00,2799155
76.4,62.3,76.5,62.5,2026-06-08 22:40:00,2799155
75.6,62.7,75.7,62.0,2026-06-08 23:00:00,2799155
74.3,64.5,74.7,61.6,2026-06-08 23:20:00,2799155
73.5,64.0,73.8,60.5,2026-06-08 23:40:00,2799155
72.4,65.0,72.7,60.0,2026-06-09 00:00:00,2799155
71.4,66.9,71.8,59.8,2026-06-09 00:20:00,2799155
70.9,67.1,71.4,59.4,2026-06-09 00:40:00,2799155
69.9,67.4,70.0,58.6,2026-06-09 01:00:00,2799155
69.5,67.0,69.4,58.1,2026-06-09 01:20:00,2799155
69.3,65.2,69.1,57.1,2026-06-09 01:40:00,2799155
68.9,65.2,68.5,56.8,2026-06-09 02:00:00,2799155
68.1,65.7,67.3,56.2,2026-06-09 02:20:00,2799155
68.0,67.4,67.3,56.8,2026-06-09 02:40:00,2799155
67.9,68.2,67.3,57.1,2026-06-09 03:00:00,2799155
67.5,69.3,66.9,57.1,2026-06-09 03:20:00,2799155
67.4,70.0,66.7,57.2,2026-06-09 03:40:00,2799155
67.3,70.3,66.7,57.3,2026-06-09 04:00:00,2799155
66.8,69.8,66.0,56.6,2026-06-09 04:20:00,2799155
66.7,68.7,65.7,56.0,2026-06-09 04:40:00,2799155
66.5,67.3,65.3,55.4,2026-06-09 05:00:00,2799155
66.2,67.8,64.9,55.2,2026-06-09 05:20:00,2799155
66.1,67.2,64.8,54.8,2026-06-09 05:40:00,2799155
65.6,66.9,64.0,54.3,2026-06-09 06:00:00,2799155
65.8,67.0,64.2,54.6,2026-06-09 06:20:00,2799155
65.6,67.8,64.2,54.6,2026-06-09 06:40:00,2799155
66.0,66.7,64.4,54.6,2026-06-09 07:00:00,2799155
66.3,66.7,64.9,54.9,2026-06-09 07:20:00,2799155
67.7,64.0,66.7,55.1,2026-06-09 07:40:00,2799155
70.1,63.0,69.8,56.9,2026-06-09 08:00:00,2799155
71.0,61.4,70.9,57.0,2026-06-09 08:20:00,2799155
69.8,61.9,69.4,56.2,2026-06-09 08:40:00,2799155
71.3,60.1,71.2,56.8,2026-06-09 09:00:00,2799155
72.3,61.0,72.1,58.1,2026-06-09 09:20:00,2799155
72.6,62.9,72.7,59.2,2026-06-09 09:40:00,2799155
74.7,59.8,74.5,59.8,2026-06-09 10:00:00,2799155
76.2,59.4,75.9,61.1,2026-06-09 10:20:00,2799155
76.6,59.0,76.3,61.2,2026-06-09 10:40:00,2799155
77.5,57.1,77.4,61.1,2026-06-09 11:00:00,2799155
78.9,54.5,79.0,61.1,2026-06-09 11:20:00,2799155
78.9,53.4,78.6,60.5,2026-06-09 11:40:00,2799155
81.0,53.4,81.9,62.5,2026-06-09 12:00:00,2799155
83.7,51.7,85.8,64.1,2026-06-09 12:20:00,2799155
84.1,50.9,86.0,63.9,2026-06-09 12:40:00,2799155
85.0,51.2,87.8,65.0,2026-06-09 13:00:00,2799155
87.0,50.5,91.0,66.4,2026-06-09 13:20:00,2799155
85.1,54.8,88.9,67.0,2026-06-09 13:40:00,2799155
84.3,56.4,88.0,67.1,2026-06-09 14:00:00,2799155
84.8,57.0,89.2,67.8,2026-06-09 14:20:00,2799155
85.3,56.0,90.0,67.8,2026-06-09 14:40:00,2799155
85.0,54.9,88.9,67.0,2026-06-09 15:00:00,2799155
85.6,54.8,89.8,67.5,2026-06-09 15:20:00,2799155
85.9,54.2,90.3,67.4,2026-06-09 15:40:00,2799155
86.7,53.9,91.9,68.1,2026-06-09 16:00:00,2799155
86.6,53.9,91.6,67.9,2026-06-09 16:20:00,2799155
85.8,54.9,90.5,67.7,2026-06-09 16:40:00,2799155
85.8,55.4,90.3,68.0,2026-06-09 17:00:00,2799155
86.2,54.6,91.0,67.9,2026-06-09 17:20:00,2799155
86.0,55.0,90.5,67.9,2026-06-09 17:40:00,2799155
85.9,55.3,90.7,68.0,2026-06-09 18:00:00,2799155
85.4,55.9,89.8,67.9,2026-06-09 18:20:00,2799155
85.1,56.8,89.8,68.1,2026-06-09 18:40:00,2799155
84.7,57.1,88.9,67.9,2026-06-09 19:00:00,2799155
84.5,58.2,88.9,68.2,2026-06-09 19:20:00,2799155
84.2,58.8,88.7,68.2,2026-06-09 19:40:00,2799155
83.8,59.8,87.8,68.3,2026-06-09 20:00:00,2799155
83.1,60.6,86.9,68.1,2026-06-09 20:20:00,2799155
82.5,61.6,85.8,68.0,2026-06-09 20:40:00,2799155
81.8,62.7,84.7,67.9,2026-06-09 21:00:00,2799155
81.5,63.0,84.6,67.7,2026-06-09 21:20:00,2799155
81.1,63.7,83.8,67.6,2026-06-09 21:40:00,2799155
80.6,64.6,83.3,67.5,2026-06-09 22:00:00,2799155
80.0,65.7,82.6,67.5,2026-06-09 22:20:00,2799155
79.9,66.3,82.4,67.6,2026-06-09 22:40:00,2799155
79.8,66.9,82.6,67.8,2026-06-09 23:00:00,2799155
79.7,67.5,82.6,68.0,2026-06-09 23:20:00,2799155
79.5,69.2,82.8,68.6,2026-06-09 23:40:00,2799155
79.3,70.8,82.4,69.0,2026-06-10 00:00:00,2799155
78.9,71.6,81.9,69.0,2026-06-10 00:20:00,2799155
78.6,72.6,81.7,69.1,2026-06-10 00:40:00,2799155
78.3,73.4,81.1,69.1,2026-06-10 01:00:00,2799155
77.9,74.3,80.2,69.0,2026-06-10 01:20:00,2799155
77.6,74.8,80.1,69.0,2026-06-10 01:40:00,2799155
77.2,75.4,79.5,68.8,2026-06-10 02:00:00,2799155
76.7,76.2,78.4,68.6,2026-06-10 02:20:00,2799155
76.3,76.7,78.1,68.5,2026-06-10 02:40:00,2799155
75.7,77.6,77.4,68.2,2026-06-10 03:00:00,2799155
75.5,78.2,77.2,68.3,2026-06-10 03:20:00,2799155
75.4,78.9,77.4,68.4,2026-06-10 03:40:00,2799155
75.3,79.3,77.2,68.4,2026-06-10 04:00:00,2799155
75.0,79.6,76.8,68.2,2026-06-10 04:20:00,2799155
74.9,80.0,76.8,68.3,2026-06-10 04:40:00,2799155
74.7,80.4,76.6,68.3,2026-06-10 05:00:00,2799155
74.6,80.8,76.5,68.3,2026-06-10 05:20:00,2799155
74.5,81.0,76.5,68.3,2026-06-10 05:40:00,2799155
74.7,81.0,76.6,68.5,2026-06-10 06:00:00,2799155
74.8,81.0,76.6,68.6,2026-06-10 06:20:00,2799155
75.0,80.9,77.0,68.7,2026-06-10 06:40:00,2799155
75.3,80.7,77.4,69.0,2026-06-10 07:00:00,2799155
75.6,80.4,77.7,69.1,2026-06-10 07:20:00,2799155
75.7,80.4,77.7,69.2,2026-06-10 07:40:00,2799155
75.8,80.1,77.9,69.2,2026-06-10 08:00:00,2799155
76.3,78.6,78.3,69.2,2026-06-10 08:20:00,2799155
77.2,77.2,79.3,69.5,2026-06-10 08:40:00,2799155
78.1,75.0,81.1,69.5,2026-06-10 09:00:00,2799155
79.3,71.6,82.6,69.3,2026-06-10 09:20:00,2799155
80.0,71.0,83.7,69.7,2026-06-10 09:40:00,2799155
80.3,69.6,84.0,69.4,2026-06-10 10:00:00,2799155
82.5,67.5,87.4,70.6,2026-06-10 10:20:00,2799155
83.0,64.2,87.6,69.6,2026-06-10 10:40:00,2799155
83.7,60.9,88.2,68.7,2026-06-10 11:00:00,2799155
83.9,59.8,88.2,68.4,2026-06-10 11:20:00,2799155
85.1,61.0,91.2,70.2,2026-06-10 11:40:00,2799155
86.1,57.0,91.6,69.1,2026-06-10 12:00:00,2799155
87.5,54.5,93.4,69.0,2026-06-10 12:20:00,2799155
87.5,52.6,92.7,68.0,2026-06-10 12:40:00,2799155
88.5,52.5,94.5,68.9,2026-06-10 13:00:00,2799155
89.3,50.7,95.7,68.6,2026-06-10 13:20:00,2799155
92.7,46.3,100.6,69.0,2026-06-10 13:40:00,2799155
90.3,47.7,96.4,67.8,2026-06-10 14:00:00,2799155
89.7,49.3,95.9,68.1,2026-06-10 14:20:00,2799155
88.8,50.0,94.1,67.7,2026-06-10 14:40:00,2799155
90.1,48.9,96.4,68.3,2026-06-10 15:00:00,2799155
89.8,47.8,95.5,67.4,2026-06-10 15:20:00,2799155
89.7,48.1,95.2,67.4,2026-06-10 15:40:00,2799155
89.6,48.4,95.0,67.5,2026-06-10 16:00:00,2799155
90.7,47.4,97.2,68.0,2026-06-10 16:20:00,2799155
91.1,47.0,97.7,68.1,2026-06-10 16:40:00,2799155
91.0,48.5,98.1,68.9,2026-06-10 17:00:00,2799155
90.7,46.9,96.8,67.7,2026-06-10 17:20:00,2799155
90.9,47.0,97.3,67.8,2026-06-10 17:40:00,2799155
91.1,47.4,97.9,68.3,2026-06-10 18:00:00,2799155
91.1,46.8,97.5,68.0,2026-06-10 18:20:00,2799155
90.0,47.1,95.5,67.2,2026-06-10 18:40:00,2799155
89.9,47.8,95.5,67.5,2026-06-10 19:00:00,2799155
90.0,47.5,95.7,67.4,2026-06-10 19:20:00,2799155
89.5,47.7,94.6,67.1,2026-06-10 19:40:00,2799155
88.8,48.9,93.7,67.1,2026-06-10 20:00:00,2799155
88.0,49.9,92.7,67.0,2026-06-10 20:20:00,2799155
87.4,51.0,91.9,67.0,2026-06-10 20:40:00,2799155
86.9,51.8,91.4,67.0,2026-06-10 21:00:00,2799155
86.6,52.5,91.0,67.1,2026-06-10 21:20:00,2799155
86.1,53.5,90.5,67.2,2026-06-10 21:40:00,2799155
85.3,54.7,89.2,67.1,2026-06-10 22:00:00,2799155
84.9,55.7,89.1,67.4,2026-06-10 22:20:00,2799155
84.1,57.0,87.8,67.2,2026-06-10 22:40:00,2799155
83.5,58.3,87.1,67.4,2026-06-10 23:00:00,2799155
83.1,59.1,86.5,67.4,2026-06-10 23:20:00,2799155
82.7,59.8,85.6,67.3,2026-06-10 23:40:00,2799155
82.3,61.0,85.3,67.5,2026-06-11 00:00:00,2799155
82.0,61.5,84.7,67.5,2026-06-11 00:20:00,2799155
81.5,62.5,84.4,67.5,2026-06-11 00:40:00,2799155
81.2,63.4,84.0,67.6,2026-06-11 01:00:00,2799155
81.0,64.0,83.8,67.7,2026-06-11 01:20:00,2799155
80.5,64.8,83.3,67.6,2026-06-11 01:40:00,2799155
79.9,65.8,82.2,67.4,2026-06-11 02:00:00,2799155
79.4,66.8,81.9,67.4,2026-06-11 02:20:00,2799155
78.8,67.5,81.0,67.1,2026-06-11 02:40:00,2799155
78.5,67.8,80.6,67.0,2026-06-11 03:00:00,2799155
78.0,68.5,79.7,66.8,2026-06-11 03:20:00,2799155
77.5,69.1,79.0,66.6,2026-06-11 03:40:00,2799155
77.3,70.1,78.8,66.8,2026-06-11 04:00:00,2799155
76.9,70.5,78.1,66.5,2026-06-11 04:20:00,2799155
76.5,70.8,77.7,66.3,2026-06-11 04:40:00,2799155
76.1,71.3,77.2,66.1,2026-06-11 05:00:00,2799155
75.8,71.7,76.8,66.0,2026-06-11 05:20:00,2799155
75.5,71.8,76.5,65.8,2026-06-11 05:40:00,2799155
75.3,71.9,76.3,65.6,2026-06-11 06:00:00,2799155
75.3,72.0,76.5,65.7,2026-06-11 06:20:00,2799155
75.5,71.9,76.5,65.9,2026-06-11 06:40:00,2799155
76.3,71.2,77.4,66.3,2026-06-11 07:00:00,2799155
76.7,70.3,77.7,66.3,2026-06-11 07:20:00,2799155
79.6,66.5,82.2,67.4,2026-06-11 07:40:00,2799155
80.0,65.7,82.6,67.4,2026-06-11 08:00:00,2799155
82.2,63.4,85.8,68.6,2026-06-11 08:20:00,2799155
81.7,63.5,84.9,68.1,2026-06-11 08:40:00,2799155
82.9,63.4,86.9,69.2,2026-06-11 09:00:00,2799155
84.2,61.5,89.1,69.5,2026-06-11 09:20:00,2799155
84.8,61.0,90.3,69.8,2026-06-11 09:40:00,2799155
85.6,60.2,91.6,70.2,2026-06-11 10:00:00,2799155
87.0,58.5,93.9,70.7,2026-06-11 10:20:00,2799155
88.4,55.9,95.7,70.7,2026-06-11 10:40:00,2799155
89.2,55.2,97.3,71.0,2026-06-11 11:00:00,2799155
90.6,53.1,99.5,71.1,2026-06-11 11:20:00,2799155
93.8,50.4,105.3,72.6,2026-06-11 11:40:00,2799155
95.5,47.4,107.2,72.3,2026-06-11 12:00:00,2799155
94.9,47.0,105.6,71.5,2026-06-11 12:20:00,2799155
97.5,43.9,109.6,71.9,2026-06-11 12:40:00,2799155
95.0,45.1,104.7,70.4,2026-06-11 13:00:00,2799155
98.3,41.5,109.6,70.9,2026-06-11 13:20:00,2799155
97.1,42.1,107.2,70.3,2026-06-11 13:40:00,2799155
99.2,40.1,110.3,70.6,2026-06-11 14:00:00,2799155
97.0,41.0,106.5,69.4,2026-06-11 14:20:00,2799155
97.5,40.1,107.1,69.2,2026-06-11 14:40:00,2799155
97.6,39.6,106.7,68.9,2026-06-11 15:00:00,2799155
97.4,40.2,106.7,69.1,2026-06-11 15:20:00,2799155
98.0,36.9,105.6,67.2,2026-06-11 15:40:00,2799155
98.8,36.4,107.1,67.5,2026-06-11 16:00:00,2799155
98.1,38.2,106.9,68.3,2026-06-11 16:20:00,2799155
97.5,39.8,106.9,68.9,2026-06-11 16:40:00,2799155
97.3,41.1,106.9,69.7,2026-06-11 17:00:00,2799155
95.8,42.4,104.7,69.3,2026-06-11 17:20:00,2799155
96.1,42.5,105.6,69.7,2026-06-11 17:40:00,2799155
95.0,42.9,103.5,68.9,2026-06-11 18:00:00,2799155
79.5,68.2,82.2,68.1,2026-06-11 18:20:00,2799155
77.6,78.5,80.6,70.4,2026-06-11 18:40:00,2799155
78.6,79.8,83.1,71.9,2026-06-11 19:00:00,2799155
80.1,81.5,86.4,73.9,2026-06-11 19:20:00,2799155
80.6,80.9,87.3,74.2,2026-06-11 19:40:00,2799155
81.0,79.1,87.6,73.9,2026-06-11 20:00:00,2799155
80.9,79.8,87.4,74.0,2026-06-11 20:20:00,2799155
80.9,78.1,87.1,73.4,2026-06-11 20:40:00,2799155
80.9,75.5,86.4,72.4,2026-06-11 21:00:00,2799155
81.1,77.0,87.1,73.2,2026-06-11 21:20:00,2799155
82.7,71.8,88.9,72.7,2026-06-11 21:40:00,2799155
85.4,61.6,91.8,70.7,2026-06-11 22:00:00,2799155
85.3,59.6,90.7,69.6,2026-06-11 22:20:00,2799155
85.2,58.4,90.3,69.0,2026-06-11 22:40:00,2799155
84.5,58.8,89.1,68.5,2026-06-11 23:00:00,2799155
83.8,59.6,87.8,68.3,2026-06-11 23:20:00,2799155
83.6,59.5,87.4,68.0,2026-06-11 23:40:00,2799155
83.2,59.6,86.7,67.7,2026-06-12 00:00:00,2799155
82.6,60.5,85.8,67.6,2026-06-12 00:20:00,2799155
82.0,61.8,85.1,67.6,2026-06-12 00:40:00,2799155
81.6,62.8,84.4,67.7,2026-06-12 01:00:00,2799155
81.4,63.6,84.6,67.8,2026-06-12 01:20:00,2799155
81.5,64.4,84.9,68.4,2026-06-12 01:40:00,2799155
80.9,65.2,84.0,68.2,2026-06-12 02:00:00,2799155
80.4,66.7,83.7,68.4,2026-06-12 02:20:00,2799155
80.4,67.5,83.5,68.6,2026-06-12 02:40:00,2799155
80.0,68.5,83.1,68.6,2026-06-12 03:00:00,2799155
79.7,69.5,82.8,68.8,2026-06-12 03:20:00,2799155
79.3,70.5,82.4,68.9,2026-06-12 03:40:00,2799155
79.2,71.3,82.4,69.1,2026-06-12 04:00:00,2799155
78.9,72.2,82.0,69.2,2026-06-12 04:20:00,2799155
78.8,72.9,82.0,69.4,2026-06-12 04:40:00,2799155
78.6,73.6,81.5,69.4,2026-06-12 05:00:00,2799155
78.2,74.5,81.0,69.5,2026-06-12 05:20:00,2799155
78.0,75.5,81.0,69.6,2026-06-12 05:40:00,2799155
78.1,75.8,81.3,69.9,2026-06-12 06:00:00,2799155
78.0,76.5,81.1,70.0,2026-06-12 06:20:00,2799155
78.4,76.3,81.7,70.3,2026-06-12 06:40:00,2799155
79.7,75.2,83.8,71.1,2026-06-12 07:00:00,2799155
80.6,73.4,85.1,71.3,2026-06-12 07:20:00,2799155
84.1,68.2,91.2,72.5,2026-06-12 07:40:00,2799155
85.2,66.4,93.2,72.7,2026-06-12 08:00:00,2799155
85.3,61.9,91.9,70.8,2026-06-12 08:20:00,2799155
84.6,64.7,91.2,71.3,2026-06-12 08:40:00,2799155
85.7,63.1,93.0,71.7,2026-06-12 09:00:00,2799155
88.7,56.6,96.6,71.2,2026-06-12 09:20:00,2799155
88.8,55.7,96.6,70.9,2026-06-12 09:40:00,2799155
89.8,53.6,97.7,70.7,2026-06-12 10:00:00,2799155
90.4,51.5,98.4,70.0,2026-06-12 10:20:00,2799155
91.3,49.7,99.5,69.9,2026-06-12 10:40:00,2799155
92.7,44.8,99.7,68.1,2026-06-12 11:00:00,2799155
93.7,44.8,101.5,69.0,2026-06-12 11:20:00,2799155
96.4,41.7,105.4,69.3,2026-06-12 11:40:00,2799155
95.9,40.5,104.0,68.1,2026-06-12 12:00:00,2799155
99.9,38.8,111.0,70.3,2026-06-12 12:20:00,2799155
98.6,38.8,108.5,69.2,2026-06-12 12:40:00,2799155
100.7,36.3,110.7,69.1,2026-06-12 13:00:00,2799155
100.7,36.4,110.7,69.1,2026-06-12 13:20:00,2799155
101.9,35.3,112.5,69.3,2026-06-12 13:40:00,2799155
100.2,32.8,106.9,65.7,2026-06-12 14:00:00,2799155
100.0,32.5,106.0,65.3,2026-06-12 14:20:00,2799155
99.4,34.1,106.3,66.1,2026-06-12 14:40:00,2799155
98.7,37.0,107.1,67.9,2026-06-12 15:00:00,2799155
100.0,35.4,108.5,67.7,2026-06-12 15:20:00,2799155
100.7,31.7,107.1,65.2,2026-06-12 15:40:00,2799155
101.5,32.9,109.8,66.9,2026-06-12 16:00:00,2799155
100.7,33.1,108.1,66.4,2026-06-12 16:20:00,2799155
100.2,34.0,108.1,66.8,2026-06-12 16:40:00,2799155
100.0,33.6,107.1,66.3,2026-06-12 17:00:00,2799155
100.3,34.8,108.7,67.5,2026-06-12 17:20:00,2799155
99.9,33.8,107.2,66.3,2026-06-12 17:40:00,2799155
100.0,34.2,107.4,66.7,2026-06-12 18:00:00,2799155
100.1,33.6,107.4,66.3,2026-06-12 18:20:00,2799155
98.7,34.3,105.1,65.7,2026-06-12 18:40:00,2799155
98.1,36.3,105.6,66.8,2026-06-12 19:00:00,2799155
97.4,36.9,104.7,66.7,2026-06-12 19:20:00,2799155
97.1,36.9,104.0,66.4,2026-06-12 19:40:00,2799155
96.4,37.7,103.1,66.4,2026-06-12 20:00:00,2799155
95.7,38.9,102.4,66.7,2026-06-12 20:20:00,2799155
94.9,39.8,101.5,66.6,2026-06-12 20:40:00,2799155
94.3,40.9,100.6,66.9,2026-06-12 21:00:00,2799155
93.8,41.8,100.4,67.1,2026-06-12 21:20:00,2799155
93.4,42.7,100.0,67.4,2026-06-12 21:40:00,2799155
92.8,43.8,99.1,67.5,2026-06-12 22:00:00,2799155
92.1,45.0,98.8,67.7,2026-06-12 22:20:00,2799155
91.0,47.0,97.3,68.0,2026-06-12 22:40:00,2799155
89.9,45.3,94.3,65.9,2026-06-12 23:00:00,2799155
89.0,45.8,92.7,65.4,2026-06-12 23:20:00,2799155
87.7,45.2,90.1,63.9,2026-06-12 23:40:00,2799155
86.7,46.3,88.9,63.6,2026-06-13 00:00:00,2799155
85.8,48.1,88.0,63.9,2026-06-13 00:20:00,2799155
85.2,49.8,87.6,64.3,2026-06-13 00:40:00,2799155
84.3,51.5,86.5,64.5,2026-06-13 01:00:00,2799155
83.8,52.8,86.0,64.7,2026-06-13 01:20:00,2799155
83.6,54.4,86.0,65.4,2026-06-13 01:40:00,2799155
82.6,55.1,84.2,64.8,2026-06-13 02:00:00,2799155
82.3,55.5,84.0,64.8,2026-06-13 02:20:00,2799155
81.9,56.0,83.7,64.7,2026-06-13 02:40:00,2799155
81.3,58.2,82.9,65.2,2026-06-13 03:00:00,2799155
80.6,59.0,82.0,64.9,2026-06-13 03:20:00,2799155
80.2,60.1,81.9,65.0,2026-06-13 03:40:00,2799155
79.5,61.0,80.8,64.9,2026-06-13 04:00:00,2799155
79.0,61.9,80.4,64.8,2026-06-13 04:20:00,2799155
78.5,63.7,79.9,65.2,2026-06-13 04:40:00,2799155
78.6,63.9,79.9,65.4,2026-06-13 05:00:00,2799155
78.6,64.0,79.9,65.4,2026-06-13 05:20:00,2799155
78.2,64.6,79.5,65.3,2026-06-13 05:40:00,2799155
77.6,65.3,78.6,65.0,2026-06-13 06:00:00,2799155
77.2,66.5,78.3,65.2,2026-06-13 06:20:00,2799155
78.0,65.8,79.3,65.6,2026-06-13 06:40:00,2799155
78.8,65.1,80.8,66.1,2026-06-13 07:00:00,2799155
79.5,64.5,81.5,66.5,2026-06-13 07:20:00,2799155
83.0,60.7,86.7,68.1,2026-06-13 07:40:00,2799155
82.8,60.0,86.2,67.6,2026-06-13 08:00:00,2799155
84.8,57.1,89.2,67.9,2026-06-13 08:20:00,2799155
83.9,58.0,87.6,67.5,2026-06-13 08:40:00,2799155
84.7,58.0,89.1,68.3,2026-06-13 09:00:00,2799155
85.3,56.6,90.0,68.1,2026-06-13 09:20:00,2799155
85.8,55.7,90.9,68.2,2026-06-13 09:40:00,2799155
87.7,55.5,94.3,69.8,2026-06-13 10:00:00,2799155
87.4,54.5,93.0,69.0,2026-06-13 10:20:00,2799155
88.6,53.3,95.2,69.4,2026-06-13 10:40:00,2799155
88.1,52.6,93.7,68.6,2026-06-13 11:00:00,2799155
88.5,53.4,95.2,69.4,2026-06-13 11:20:00,2799155
91.3,50.8,100.0,70.5,2026-06-13 11:40:00,2799155
92.0,48.3,100.2,69.7,2026-06-13 12:00:00,2799155
91.8,46.0,98.6,68.1,2026-06-13 12:20:00,2799155
92.3,46.8,99.7,69.0,2026-06-13 12:40:00,2799155
90.7,47.6,97.2,68.1,2026-06-13 13:00:00,2799155
93.3,45.2,100.9,68.9,2026-06-13 13:20:00,2799155
94.4,41.9,101.5,67.7,2026-06-13 13:40:00,2799155
96.0,40.6,104.0,68.2,2026-06-13 14:00:00,2799155
93.8,44.9,101.8,69.1,2026-06-13 14:20:00,2799155
93.2,44.3,100.0,68.2,2026-06-13 14:40:00,2799155
93.3,44.5,100.6,68.4,2026-06-13 15:00:00,2799155
93.8,44.4,101.7,68.8,2026-06-13 15:20:00,2799155
93.8,42.3,100.6,67.4,2026-06-13 15:40:00,2799155
93.3,41.9,99.3,66.7,2026-06-13 16:00:00,2799155
93.7,43.8,101.3,68.4,2026-06-13 16:20:00,2799155
94.8,43.4,103.3,69.1,2026-06-13 16:40:00,2799155
94.8,41.3,101.8,67.6,2026-06-13 17:00:00,2799155
93.6,41.8,100.0,66.9,2026-06-13 17:20:00,2799155
94.3,40.7,100.4,66.7,2026-06-13 17:40:00,2799155
93.7,41.3,99.7,66.7,2026-06-13 18:00:00,2799155
94.5,40.9,101.3,67.1,2026-06-13 18:20:00,2799155
95.3,41.2,102.9,68.0,2026-06-13 18:40:00,2799155
94.2,40.5,100.4,66.5,2026-06-13 19:00:00,2799155
94.1,40.8,100.4,66.7,2026-06-13 19:20:00,2799155
93.1,41.2,98.6,66.1,2026-06-13 19:40:00,2799155
92.9,43.5,99.3,67.4,2026-06-13 20:00:00,2799155
91.9,46.2,98.6,68.2,2026-06-13 20:20:00,2799155
91.3,45.7,97.3,67.4,2026-06-13 20:40:00,2799155
88.8,52.4,95.4,69.2,2026-06-13 21:00:00,2799155
84.5,60.2,89.4,69.2,2026-06-13 21:20:00,2799155
83.2,62.9,87.6,69.3,2026-06-13 21:40:00,2799155
79.7,68.2,82.4,68.2,2026-06-13 22:00:00,2799155
78.5,69.5,80.8,67.7,2026-06-13 22:20:00,2799155
77.9,70.7,79.9,67.6,2026-06-13 22:40:00,2799155
77.6,70.9,79.5,67.5,2026-06-13 23:00:00,2799155
78.4,68.5,80.4,67.2,2026-06-13 23:20:00,2799155
78.9,67.1,81.0,67.1,2026-06-13 23:40:00,2799155
79.5,66.0,82.0,67.2,2026-06-14 00:00:00,2799155
79.8,65.7,82.2,67.3,2026-06-14 00:20:00,2799155
79.6,66.5,82.2,67.4,2026-06-14 00:40:00,2799155
78.6,68.1,81.0,67.2,2026-06-14 01:00:00,2799155
77.5,70.9,79.2,67.3,2026-06-14 01:20:00,2799155
76.7,72.8,78.1,67.3,2026-06-14 01:40:00,2799155
76.5,73.8,78.1,67.5,2026-06-14 02:00:00,2799155
75.8,75.0,77.4,67.4,2026-06-14 02:20:00,2799155
75.3,76.4,76.8,67.4,2026-06-14 02:40:00,2799155
75.0,77.6,76.5,67.5,2026-06-14 03:00:00,2799155
74.7,79.0,76.5,67.7,2026-06-14 03:20:00,2799155
74.4,80.0,76.1,67.8,2026-06-14 03:40:00,2799155
74.2,81.0,76.1,68.0,2026-06-14 04:00:00,2799155
73.7,81.5,75.4,67.7,2026-06-14 04:20:00,2799155
73.5,82.4,75.2,67.8,2026-06-14 04:40:00,2799155
73.2,83.4,75.0,67.9,2026-06-14 05:00:00,2799155
73.3,84.2,75.2,68.3,2026-06-14 05:20:00,2799155
73.1,84.5,75.0,68.1,2026-06-14 05:40:00,2799155
73.0,85.4,74.8,68.3,2026-06-14 06:00:00,2799155
72.9,85.9,74.8,68.5,2026-06-14 06:20:00,2799155
73.2,86.0,75.2,68.8,2026-06-14 06:40:00,2799155
74.2,85.0,76.5,69.3,2026-06-14 07:00:00,2799155
74.9,83.4,77.2,69.5,2026-06-14 07:20:00,2799155
78.5,77.5,82.2,70.9,2026-06-14 07:40:00,2799155
78.8,76.3,82.8,70.8,2026-06-14 08:00:00,2799155
80.2,71.1,84.0,69.9,2026-06-14 08:20:00,2799155
80.0,72.5,84.0,70.4,2026-06-14 08:40:00,2799155
80.5,71.5,84.7,70.4,2026-06-14 09:00:00,2799155
81.6,70.3,86.4,70.9,2026-06-14 09:20:00,2799155
83.2,67.9,89.1,71.5,2026-06-14 09:40:00,2799155
84.5,65.3,91.2,71.6,2026-06-14 10:00:00,2799155
84.8,62.6,90.9,70.7,2026-06-14 10:20:00,2799155
86.3,58.0,92.3,69.8,2026-06-14 10:40:00,2799155
87.7,54.9,93.9,69.4,2026-06-14 11:00:00,2799155
90.4,53.6,99.5,71.2,2026-06-14 11:20:00,2799155
91.9,49.7,100.9,70.5,2026-06-14 11:40:00,2799155
93.0,48.6,102.2,70.8,2026-06-14 12:00:00,2799155
95.0,46.8,106.0,71.5,2026-06-14 12:20:00,2799155
95.8,42.8,104.9,69.5,2026-06-14 12:40:00,2799155
92.1,47.3,99.5,69.1,2026-06-14 13:00:00,2799155
93.6,45.0,101.7,69.1,2026-06-14 13:20:00,2799155
92.8,45.2,99.9,68.4,2026-06-14 13:40:00,2799155
96.4,42.4,105.8,69.8,2026-06-14 14:00:00,2799155
96.6,38.3,103.8,67.1,2026-06-14 14:20:00,2799155
96.4,38.9,103.8,67.3,2026-06-14 14:40:00,2799155
96.5,37.4,103.3,66.3,2026-06-14 15:00:00,2799155
96.5,37.9,103.6,66.7,2026-06-14 15:20:00,2799155
96.8,38.2,104.4,67.2,2026-06-14 15:40:00,2799155
97.3,37.6,104.7,67.2,2026-06-14 16:00:00,2799155
96.5,38.2,103.6,66.9,2026-06-14 16:20:00,2799155
96.3,39.3,104.2,67.5,2026-06-14 16:40:00,2799155
96.4,40.7,104.7,68.6,2026-06-14 17:00:00,2799155
96.5,40.1,104.9,68.3,2026-06-14 17:20:00,2799155
96.4,35.0,101.3,64.3,2026-06-14 17:40:00,2799155
97.4,32.7,101.8,63.2,2026-06-14 18:00:00,2799155
96.7,34.2,101.5,63.8,2026-06-14 18:20:00,2799155
96.3,35.0,101.5,64.1,2026-06-14 18:40:00,2799155
92.0,41.7,96.8,65.4,2026-06-14 19:00:00,2799155
86.5,51.9,90.5,66.8,2026-06-14 19:20:00,2799155
78.7,72.5,81.7,69.1,2026-06-14 19:40:00,2799155
78.0,79.9,81.7,71.3,2026-06-14 20:00:00,2799155
78.7,77.5,82.6,71.1,2026-06-14 20:20:00,2799155
78.4,79.3,82.4,71.4,2026-06-14 20:40:00,2799155
79.1,72.5,82.4,69.5,2026-06-14 21:00:00,2799155
78.9,73.1,82.0,69.5,2026-06-14 21:20:00,2799155
80.3,71.3,84.4,70.2,2026-06-14 21:40:00,2799155
80.7,69.8,84.7,69.9,2026-06-14 22:00:00,2799155
80.5,69.7,84.4,69.7,2026-06-14 22:20:00,2799155
80.6,68.8,84.4,69.4,2026-06-14 22:40:00,2799155
80.7,67.4,84.0,69.0,2026-06-14 23:00:00,2799155
80.5,67.4,83.8,68.8,2026-06-14 23:20:00,2799155
80.2,67.6,83.3,68.5,2026-06-14 23:40:00,2799155
80.0,67.6,83.1,68.4,2026-06-15 00:00:00,2799155
80.0,68.0,83.1,68.4,2026-06-15 00:20:00,2799155
79.6,68.7,82.6,68.4,2026-06-15 00:40:00,2799155
79.4,69.8,82.6,68.6,2026-06-15 01:00:00,2799155
79.2,70.5,82.2,68.8,2026-06-15 01:20:00,2799155
79.2,70.9,82.4,69.0,2026-06-15 01:40:00,2799155
79.0,71.5,82.0,69.0,2026-06-15 02:00:00,2799155
78.9,72.0,81.9,69.1,2026-06-15 02:20:00,2799155
78.8,72.2,81.7,69.1,2026-06-15 02:40:00,2799155
78.7,72.7,81.7,69.2,2026-06-15 03:00:00,2799155
78.4,73.4,81.1,69.2,2026-06-15 03:20:00,2799155
78.2,73.9,81.0,69.2,2026-06-15 03:40:00,2799155
78.1,74.4,81.0,69.3,2026-06-15 04:00:00,2799155
77.8,75.1,80.6,69.3,2026-06-15 04:20:00,2799155
77.4,75.8,79.9,69.1,2026-06-15 04:40:00,2799155
77.3,75.2,79.5,68.8,2026-06-15 05:00:00,2799155
77.4,73.5,79.7,68.3,2026-06-15 05:20:00,2799155
77.2,73.2,78.8,67.9,2026-06-15 05:40:00,2799155
77.0,71.5,78.6,67.1,2026-06-15 06:00:00,2799155
77.0,65.4,77.7,64.5,2026-06-15 06:20:00,2799155
77.0,64.1,77.5,63.9,2026-06-15 06:40:00,2799155
77.0,63.6,77.5,63.7,2026-06-15 07:00:00,2799155
77.0,59.9,77.0,62.0,2026-06-15 07:20:00,2799155
76.7,60.1,76.6,61.8,2026-06-15 07:40:00,2799155
77.3,60.4,77.5,62.5,2026-06-15 08:00:00,2799155
78.8,55.1,79.2,61.4,2026-06-15 08:20:00,2799155
78.2,54.2,77.9,60.3,2026-06-15 08:40:00,2799155
77.0,53.5,76.5,58.8,2026-06-15 09:00:00,2799155
76.8,52.3,75.7,58.0,2026-06-15 09:20:00,2799155
77.2,50.8,75.9,57.5,2026-06-15 09:40:00,2799155
77.3,48.1,75.9,56.1,2026-06-15 10:00:00,2799155
77.5,44.5,75.7,54.2,2026-06-15 10:20:00,2799155
78.8,42.6,77.2,54.2,2026-06-15 10:40:00,2799155
79.7,43.2,78.1,55.4,2026-06-15 11:00:00,2799155
80.4,43.0,78.8,55.8,2026-06-15 11:20:00,2799155
81.2,40.5,79.7,55.0,2026-06-15 11:40:00,2799155
84.8,37.2,83.8,55.8,2026-06-15 12:00:00,2799155
85.0,34.5,83.3,53.9,2026-06-15 12:20:00,2799155
84.1,35.2,82.4,53.7,2026-06-15 12:40:00,2799155
84.9,35.7,83.3,54.8,2026-06-15 13:00:00,2799155
87.0,34.5,86.0,55.6,2026-06-15 13:20:00,2799155
87.5,32.2,86.0,54.2,2026-06-15 13:40:00,2799155
88.3,32.3,86.9,55.0,2026-06-15 14:00:00,2799155
85.7,33.2,84.0,53.5,2026-06-15 14:20:00,2799155
86.0,32.8,84.2,53.4,2026-06-15 14:40:00,2799155
86.1,33.2,84.4,53.9,2026-06-15 15:00:00,2799155
86.0,32.0,84.2,52.8,2026-06-15 15:20:00,2799155
86.4,32.3,84.6,53.3,2026-06-15 15:40:00,2799155
86.2,34.0,84.9,54.6,2026-06-15 16:00:00,2799155
87.0,34.0,85.8,55.2,2026-06-15 16:20:00,2799155
86.7,32.6,85.3,53.8,2026-06-15 16:40:00,2799155
87.4,32.6,85.8,54.4,2026-06-15 17:00:00,2799155
86.4,32.0,84.6,53.0,2026-06-15 17:20:00,2799155
86.8,32.1,85.1,53.5,2026-06-15 17:40:00,2799155
86.8,32.1,85.1,53.5,2026-06-15 18:00:00,2799155
86.4,32.5,84.7,53.5,2026-06-15 18:20:00,2799155
86.1,33.0,84.4,53.7,2026-06-15 18:40:00,2799155
86.1,33.8,84.6,54.4,2026-06-15 19:00:00,2799155
85.9,34.7,84.6,54.9,2026-06-15 19:20:00,2799155
84.8,34.8,83.1,54.0,2026-06-15 19:40:00,2799155
84.2,35.7,82.6,54.2,2026-06-15 20:00:00,2799155
83.3,36.5,81.3,53.9,2026-06-15 20:20:00,2799155
82.5,36.8,80.4,53.4,2026-06-15 20:40:00,2799155
81.5,37.4,79.5,53.1,2026-06-15 21:00:00,2799155
80.6,38.2,78.4,52.8,2026-06-15 21:20:00,2799155
80.0,38.8,77.9,52.6,2026-06-15 21:40:00,2799155
79.2,39.6,77.2,52.6,2026-06-15 22:00:00,2799155
78.0,41.0,75.9,52.5,2026-06-15 22:20:00,2799155
77.7,41.3,75.7,52.4,2026-06-15 22:40:00,2799155
76.7,42.4,74.7,52.2,2026-06-15 23:00:00,2799155
76.1,43.7,74.3,52.4,2026-06-15 23:20:00,2799155
75.0,45.5,73.4,52.6,2026-06-15 23:40:00,2799155
74.0,47.7,72.7,52.9,2026-06-16 00:00:00,2799155
73.1,49.8,72.0,53.3,2026-06-16 00:20:00,2799155
72.9,51.6,72.0,54.0,2026-06-16 00:40:00,2799155
73.3,49.6,72.1,53.3,2026-06-16 01:00:00,2799155
73.3,49.9,72.1,53.4,2026-06-16 01:20:00,2799155
73.1,48.9,72.0,52.8,2026-06-16 01:40:00,2799155
72.9,48.3,71.8,52.2,2026-06-16 02:00:00,2799155
72.4,48.5,71.4,51.9,2026-06-16 02:20:00,2799155
72.0,49.1,71.1,51.9,2026-06-16 02:40:00,2799155
71.8,49.1,70.9,51.7,2026-06-16 03:00:00,2799155
71.5,49.4,70.5,51.5,2026-06-16 03:20:00,2799155
71.1,49.7,70.2,51.4,2026-06-16 03:40:00,2799155
70.7,50.4,70.2,51.4,2026-06-16 04:00:00,2799155
70.2,51.6,69.3,51.5,2026-06-16 04:20:00,2799155
69.5,52.8,68.4,51.5,2026-06-16 04:40:00,2799155
69.3,53.3,68.2,51.6,2026-06-16 05:00:00,2799155
69.1,53.8,68.0,51.7,2026-06-16 05:20:00,2799155
69.1,54.0,68.0,51.8,2026-06-16 05:40:00,2799155
69.0,54.5,67.6,52.0,2026-06-16 06:00:00,2799155
88.8,29.7,86.9,53.1,2026-06-05 11:40:00,2253106
89.9,28.2,88.2,52.7,2026-06-05 12:00:00,2253106
91.3,27.6,90.0,53.3,2026-06-05 12:20:00,2253106
90.9,29.0,89.8,54.2,2026-06-05 12:40:00,2253106
92.4,29.5,92.1,56.0,2026-06-05 13:00:00,2253106
91.5,28.1,90.3,54.0,2026-06-05 13:20:00,2253106
92.8,28.2,92.1,55.1,2026-06-05 13:40:00,2253106
93.7,28.5,93.6,56.1,2026-06-05 14:00:00,2253106
93.7,27.9,93.6,55.6,2026-06-05 14:20:00,2253106
93.3,26.2,92.1,53.6,2026-06-05 14:40:00,2253106
94.3,26.0,93.4,54.1,2026-06-05 15:00:00,2253106
96.1,24.7,95.5,54.3,2026-06-05 15:20:00,2253106
96.5,25.5,96.6,55.5,2026-06-05 15:40:00,2253106
95.6,24.7,95.0,53.8,2026-06-05 16:00:00,2253106
94.3,25.3,93.4,53.4,2026-06-05 16:20:00,2253106
96.4,24.1,95.9,53.8,2026-06-05 16:40:00,2253106
99.2,23.4,99.5,55.3,2026-06-05 17:00:00,2253106
98.2,23.2,97.9,54.2,2026-06-05 17:20:00,2253106
98.2,23.1,97.9,54.1,2026-06-05 17:40:00,2253106
98.6,23.1,98.4,54.4,2026-06-05 18:00:00,2253106
96.4,25.3,96.3,55.2,2026-06-05 18:20:00,2253106
93.7,27.3,93.0,55.0,2026-06-05 18:40:00,2253106
91.1,29.2,90.1,54.7,2026-06-05 19:00:00,2253106
90.6,29.9,89.6,54.8,2026-06-05 19:20:00,2253106
90.7,30.0,90.0,55.1,2026-06-05 19:40:00,2253106
88.6,30.9,87.1,54.0,2026-06-05 20:00:00,2253106
86.8,33.3,85.5,54.5,2026-06-05 20:20:00,2253106
85.6,35.0,84.2,54.8,2026-06-05 20:40:00,2253106
84.6,36.0,83.1,54.6,2026-06-05 21:00:00,2253106
83.7,36.7,82.2,54.4,2026-06-05 21:20:00,2253106
83.6,36.2,81.9,54.0,2026-06-05 21:40:00,2253106
83.2,37.2,81.5,54.4,2026-06-05 22:00:00,2253106
81.3,39.7,79.5,54.5,2026-06-05 22:20:00,2253106
80.0,41.4,78.3,54.5,2026-06-05 22:40:00,2253106
78.7,43.5,77.2,54.6,2026-06-05 23:00:00,2253106
78.5,44.9,77.0,55.3,2026-06-05 23:20:00,2253106
78.3,45.4,77.0,55.5,2026-06-05 23:40:00,2253106
78.2,46.1,76.8,55.8,2026-06-06 00:00:00,2253106
77.8,46.7,76.5,55.8,2026-06-06 00:20:00,2253106
76.5,48.6,75.2,55.7,2026-06-06 00:40:00,2253106
75.1,51.2,73.9,55.9,2026-06-06 01:00:00,2253106
73.9,53.4,73.0,55.9,2026-06-06 01:20:00,2253106
73.1,55.4,72.7,56.1,2026-06-06 01:40:00,2253106
73.0,56.5,72.5,56.6,2026-06-06 02:00:00,2253106
72.8,56.8,72.3,56.5,2026-06-06 02:20:00,2253106
72.0,58.2,71.8,56.5,2026-06-06 02:40:00,2253106
71.5,59.8,71.2,56.8,2026-06-06 03:00:00,2253106
71.2,61.0,71.1,57.0,2026-06-06 03:20:00,2253106
70.6,62.1,70.5,57.0,2026-06-06 03:40:00,2253106
69.9,63.8,69.6,57.1,2026-06-06 04:00:00,2253106
69.6,64.8,69.3,57.2,2026-06-06 04:20:00,2253106
68.7,66.3,68.2,57.0,2026-06-06 04:40:00,2253106
68.1,67.6,67.5,57.0,2026-06-06 05:00:00,2253106
67.6,68.9,66.7,57.0,2026-06-06 05:20:00,2253106
67.0,70.3,66.2,57.0,2026-06-06 05:40:00,2253106
66.9,71.2,66.2,57.3,2026-06-06 06:00:00,2253106
67.1,71.6,66.6,57.7,2026-06-06 06:20:00,2253106
70.5,68.0,70.7,59.5,2026-06-06 06:40:00,2253106
73.9,60.0,73.6,59.1,2026-06-06 07:00:00,2253106
75.6,56.2,75.0,58.9,2026-06-06 07:20:00,2253106
76.2,56.1,75.6,59.4,2026-06-06 07:40:00,2253106
76.6,55.2,75.9,59.3,2026-06-06 08:00:00,2253106
79.2,52.1,79.2,60.1,2026-06-06 08:20:00,2253106
79.6,52.1,79.5,60.5,2026-06-06 08:40:00,2253106
81.0,50.4,81.1,60.9,2026-06-06 09:00:00,2253106
83.3,48.0,84.0,61.6,2026-06-06 09:20:00,2253106
83.3,45.2,83.1,59.8,2026-06-06 09:40:00,2253106
83.8,46.7,84.4,61.2,2026-06-06 10:00:00,2253106
85.8,43.0,86.7,60.7,2026-06-06 10:20:00,2253106
84.8,44.2,85.5,60.6,2026-06-06 10:40:00,2253106
86.0,41.7,86.5,60.0,2026-06-06 11:00:00,2253106
87.3,41.0,88.5,60.7,2026-06-06 11:20:00,2253106
87.9,40.0,88.9,60.5,2026-06-06 11:40:00,2253106
89.0,39.2,90.3,61.0,2026-06-06 12:00:00,2253106
87.9,36.6,87.8,58.1,2026-06-06 12:20:00,2253106
89.2,37.8,90.3,60.2,2026-06-06 12:40:00,2253106
90.3,34.9,91.0,58.8,2026-06-06 13:00:00,2253106
91.9,34.9,93.6,60.2,2026-06-06 13:20:00,2253106
91.4,35.7,93.0,60.4,2026-06-06 13:40:00,2253106
91.5,35.8,93.4,60.6,2026-06-06 14:00:00,2253106
90.6,36.1,92.1,60.2,2026-06-06 14:20:00,2253106
90.4,36.8,91.9,60.5,2026-06-06 14:40:00,2253106
90.8,37.5,93.0,61.3,2026-06-06 15:00:00,2253106
91.9,35.7,93.9,60.9,2026-06-06 15:20:00,2253106
89.8,37.3,91.2,60.3,2026-06-06 15:40:00,2253106
92.4,37.4,95.5,62.7,2026-06-06 16:00:00,2253106
93.0,35.8,95.7,62.0,2026-06-06 16:20:00,2253106
96.3,32.8,100.0,62.4,2026-06-06 16:40:00,2253106
95.4,31.7,97.9,60.6,2026-06-06 17:00:00,2253106
95.0,32.0,97.3,60.5,2026-06-06 17:20:00,2253106
93.9,31.8,95.5,59.5,2026-06-06 17:40:00,2253106
95.9,30.7,98.1,60.1,2026-06-06 18:00:00,2253106
95.7,31.1,98.1,60.3,2026-06-06 18:20:00,2253106
91.8,34.6,93.4,59.9,2026-06-06 18:40:00,2253106
90.8,35.8,92.1,60.0,2026-06-06 19:00:00,2253106
89.5,37.3,90.7,60.0,2026-06-06 19:20:00,2253106
90.3,37.0,91.8,60.5,2026-06-06 19:40:00,2253106
88.4,38.2,89.2,59.7,2026-06-06 20:00:00,2253106
86.5,40.2,86.9,59.5,2026-06-06 20:20:00,2253106
85.3,41.6,85.6,59.4,2026-06-06 20:40:00,2253106
84.1,43.3,84.2,59.3,2026-06-06 21:00:00,2253106
83.3,44.5,82.9,59.4,2026-06-06 21:20:00,2253106
82.4,45.6,81.9,59.3,2026-06-06 21:40:00,2253106
81.5,47.1,81.3,59.4,2026-06-06 22:00:00,2253106
81.2,48.4,81.1,59.9,2026-06-06 22:20:00,2253106
80.9,49.2,80.8,60.1,2026-06-06 22:40:00,2253106
80.6,50.0,80.4,60.2,2026-06-06 23:00:00,2253106
79.5,51.6,79.2,60.1,2026-06-06 23:20:00,2253106
78.3,53.5,78.1,60.0,2026-06-06 23:40:00,2253106
78.3,54.0,78.1,60.3,2026-06-07 00:00:00,2253106
77.6,55.2,77.4,60.3,2026-06-07 00:20:00,2253106
76.8,57.0,76.3,60.4,2026-06-07 00:40:00,2253106
76.6,57.9,76.1,60.6,2026-06-07 01:00:00,2253106
76.1,59.6,75.9,61.0,2026-06-07 01:20:00,2253106
75.8,60.4,75.7,61.2,2026-06-07 01:40:00,2253106
74.7,62.0,74.8,60.9,2026-06-07 02:00:00,2253106
73.7,64.4,73.9,61.0,2026-06-07 02:20:00,2253106
73.5,65.2,73.8,61.1,2026-06-07 02:40:00,2253106
73.2,66.0,73.6,61.2,2026-06-07 03:00:00,2253106
72.4,67.2,72.9,60.9,2026-06-07 03:20:00,2253106
72.0,68.3,72.5,60.9,2026-06-07 03:40:00,2253106
71.7,68.8,72.1,60.9,2026-06-07 04:00:00,2253106
71.3,69.9,72.0,60.9,2026-06-07 04:20:00,2253106
70.8,71.0,71.4,60.9,2026-06-07 04:40:00,2253106
70.5,71.9,70.9,61.0,2026-06-07 05:00:00,2253106
69.8,73.5,70.2,60.9,2026-06-07 05:20:00,2253106
69.4,74.2,69.6,60.9,2026-06-07 05:40:00,2253106
69.3,75.2,69.8,61.1,2026-06-07 06:00:00,2253106
69.6,75.3,70.3,61.5,2026-06-07 06:20:00,2253106
70.8,73.6,71.6,62.0,2026-06-07 06:40:00,2253106
74.0,68.3,74.7,63.0,2026-06-07 07:00:00,2253106
76.6,61.9,76.6,62.6,2026-06-07 07:20:00,2253106
78.8,59.7,79.7,63.6,2026-06-07 07:40:00,2253106
77.7,59.7,78.1,62.6,2026-06-07 08:00:00,2253106
78.8,59.3,79.7,63.4,2026-06-07 08:20:00,2253106
78.9,58.0,79.5,62.9,2026-06-07 08:40:00,2253106
80.7,56.1,81.9,63.6,2026-06-07 09:00:00,2253106
82.5,53.3,83.7,63.9,2026-06-07 09:20:00,2253106
84.2,49.9,85.8,63.5,2026-06-07 09:40:00,2253106
85.0,48.6,86.9,63.5,2026-06-07 10:00:00,2253106
85.9,47.2,88.0,63.4,2026-06-07 10:20:00,2253106
86.5,48.0,89.2,64.5,2026-06-07 10:40:00,2253106
86.4,45.4,88.2,62.8,2026-06-07 11:00:00,2253106
88.2,43.9,90.5,63.4,2026-06-07 11:20:00,2253106
89.6,42.1,92.3,63.5,2026-06-07 11:40:00,2253106
89.0,41.0,91.0,62.2,2026-06-07 12:00:00,2253106
91.0,38.5,93.6,62.2,2026-06-07 12:20:00,2253106
90.9,36.9,93.0,60.9,2026-06-07 12:40:00,2253106
91.3,37.7,93.9,61.9,2026-06-07 13:00:00,2253106
92.4,36.8,95.4,62.2,2026-06-07 13:20:00,2253106
92.5,35.1,94.8,60.9,2026-06-07 13:40:00,2253106
93.8,33.2,95.9,60.5,2026-06-07 14:00:00,2253106
95.6,33.6,99.3,62.4,2026-06-07 14:20:00,2253106
95.9,32.9,99.5,62.1,2026-06-07 14:40:00,2253106
96.0,31.8,99.0,61.2,2026-06-07 15:00:00,2253106
96.1,31.2,98.4,60.7,2026-06-07 15:20:00,2253106
96.3,30.2,98.4,60.0,2026-06-07 15:40:00,2253106
97.1,32.6,101.1,62.9,2026-06-07 16:00:00,2253106
95.2,32.7,97.9,61.2,2026-06-07 16:20:00,2253106
97.4,32.4,101.7,62.9,2026-06-07 16:40:00,2253106
98.3,29.3,101.1,60.8,2026-06-07 17:00:00,2253106
98.9,31.1,103.3,63.1,2026-06-07 17:20:00,2253106
97.2,34.9,103.1,64.9,2026-06-07 17:40:00,2253106
95.9,35.0,100.8,63.9,2026-06-07 18:00:00,2253106
96.1,35.4,101.1,64.3,2026-06-07 18:20:00,2253106
93.1,37.5,96.8,63.3,2026-06-07 18:40:00,2253106
92.0,39.0,95.7,63.5,2026-06-07 19:00:00,2253106
91.7,39.2,95.2,63.3,2026-06-07 19:20:00,2253106
91.7,38.9,95.0,63.2,2026-06-07 19:40:00,2253106
90.3,39.5,93.0,62.3,2026-06-07 20:00:00,2253106
89.4,39.9,91.4,61.9,2026-06-07 20:20:00,2253106
88.8,40.8,90.7,61.9,2026-06-07 20:40:00,2253106
88.1,42.2,90.0,62.3,2026-06-07 21:00:00,2253106
87.2,43.7,88.9,62.4,2026-06-07 21:20:00,2253106
86.3,45.0,87.8,62.4,2026-06-07 21:40:00,2253106
85.3,46.7,87.1,62.6,2026-06-07 22:00:00,2253106
84.7,48.5,86.4,63.1,2026-06-07 22:20:00,2253106
84.2,49.2,85.6,63.1,2026-06-07 22:40:00,2253106
83.7,49.7,85.1,62.9,2026-06-07 23:00:00,2253106
83.4,50.2,84.7,62.9,2026-06-07 23:20:00,2253106
82.8,51.5,84.0,63.1,2026-06-07 23:40:00,2253106
82.7,52.9,84.0,63.8,2026-06-08 00:00:00,2253106
82.2,53.9,83.3,63.8,2026-06-08 00:20:00,2253106
81.6,55.2,82.9,64.0,2026-06-08 00:40:00,2253106
81.0,56.4,82.2,64.0,2026-06-08 01:00:00,2253106
80.5,57.4,81.7,64.1,2026-06-08 01:20:00,2253106
80.3,58.1,81.5,64.2,2026-06-08 01:40:00,2253106
79.9,58.9,81.1,64.2,2026-06-08 02:00:00,2253106
79.5,59.8,80.6,64.3,2026-06-08 02:20:00,2253106
78.8,61.0,79.9,64.3,2026-06-08 02:40:00,2253106
78.3,62.5,79.3,64.4,2026-06-08 03:00:00,2253106
78.1,63.3,79.3,64.6,2026-06-08 03:20:00,2253106
78.0,63.2,79.0,64.5,2026-06-08 03:40:00,2253106
77.9,63.7,78.8,64.6,2026-06-08 04:00:00,2253106
77.5,64.5,78.3,64.5,2026-06-08 04:20:00,2253106
76.9,65.6,77.5,64.5,2026-06-08 04:40:00,2253106
76.2,67.0,76.6,64.5,2026-06-08 05:00:00,2253106
76.1,67.8,76.8,64.7,2026-06-08 05:20:00,2253106
75.6,68.5,76.3,64.5,2026-06-08 05:40:00,2253106
75.3,69.2,76.1,64.5,2026-06-08 06:00:00,2253106
75.2,70.1,75.9,64.8,2026-06-08 06:20:00,2253106
76.5,69.6,77.5,65.8,2026-06-08 06:40:00,2253106
79.2,63.8,81.0,65.9,2026-06-08 07:00:00,2253106
79.5,61.4,80.8,65.0,2026-06-08 07:20:00,2253106
79.2,59.8,80.2,64.0,2026-06-08 07:40:00,2253106
80.2,58.5,81.5,64.3,2026-06-08 08:00:00,2253106
82.5,57.3,84.6,65.9,2026-06-08 08:20:00,2253106
83.8,57.1,87.1,66.9,2026-06-08 08:40:00,2253106
85.0,55.5,89.1,67.3,2026-06-08 09:00:00,2253106
85.9,52.1,89.6,66.3,2026-06-08 09:20:00,2253106
87.6,51.8,92.3,67.7,2026-06-08 09:40:00,2253106
87.0,50.9,91.0,66.7,2026-06-08 10:00:00,2253106
90.3,49.3,97.0,68.7,2026-06-08 10:20:00,2253106
88.7,48.6,93.2,66.8,2026-06-08 10:40:00,2253106
91.6,46.4,98.4,68.2,2026-06-08 11:00:00,2253106
91.3,43.6,96.4,66.1,2026-06-08 11:20:00,2253106
92.1,42.8,97.7,66.3,2026-06-08 11:40:00,2253106
90.1,41.7,93.2,63.6,2026-06-08 12:00:00,2253106
92.6,40.5,97.3,65.1,2026-06-08 12:20:00,2253106
92.4,41.7,97.5,65.8,2026-06-08 12:40:00,2253106
91.7,41.2,96.1,64.8,2026-06-08 13:00:00,2253106
92.6,39.9,97.0,64.7,2026-06-08 13:20:00,2253106
92.7,39.0,97.0,64.1,2026-06-08 13:40:00,2253106
92.1,39.6,96.3,64.1,2026-06-08 14:00:00,2253106
92.9,39.2,97.3,64.5,2026-06-08 14:20:00,2253106
94.9,37.3,100.0,64.8,2026-06-08 14:40:00,2253106
92.8,39.0,97.0,64.3,2026-06-08 15:00:00,2253106
93.8,40.1,99.5,65.9,2026-06-08 15:20:00,2253106
93.6,38.6,98.4,64.6,2026-06-08 15:40:00,2253106
93.9,38.6,98.8,64.9,2026-06-08 16:00:00,2253106
92.6,39.0,96.6,64.1,2026-06-08 16:20:00,2253106
93.1,37.3,96.8,63.2,2026-06-08 16:40:00,2253106
94.3,36.0,98.2,63.2,2026-06-08 17:00:00,2253106
94.4,36.3,98.4,63.6,2026-06-08 17:20:00,2253106
92.8,36.6,95.9,62.4,2026-06-08 17:40:00,2253106
92.3,38.0,95.5,63.0,2026-06-08 18:00:00,2253106
90.0,39.0,92.1,61.7,2026-06-08 18:20:00,2253106
89.9,38.9,91.9,61.6,2026-06-08 18:40:00,2253106
89.7,39.9,91.9,62.1,2026-06-08 19:00:00,2253106
88.6,41.2,90.5,62.0,2026-06-08 19:20:00,2253106
87.2,44.0,89.1,62.7,2026-06-08 19:40:00,2253106
85.5,47.6,87.6,63.3,2026-06-08 20:00:00,2253106
84.2,49.9,85.8,63.5,2026-06-08 20:20:00,2253106
82.8,52.3,84.2,63.6,2026-06-08 20:40:00,2253106
81.8,54.3,82.9,63.8,2026-06-08 21:00:00,2253106
80.8,55.7,81.9,63.5,2026-06-08 21:20:00,2253106
79.8,56.9,80.6,63.2,2026-06-08 21:40:00,2253106
78.7,58.9,79.3,63.1,2026-06-08 22:00:00,2253106
77.2,61.6,77.4,63.0,2026-06-08 22:20:00,2253106
76.1,63.3,76.5,62.7,2026-06-08 22:40:00,2253106
74.9,64.8,75.2,62.3,2026-06-08 23:00:00,2253106
73.8,66.4,74.3,62.0,2026-06-08 23:20:00,2253106
72.9,66.3,73.4,61.0,2026-06-08 23:40:00,2253106
71.8,67.4,72.3,60.4,2026-06-09 00:00:00,2253106
71.3,68.5,71.8,60.4,2026-06-09 00:20:00,2253106
70.6,69.0,70.9,59.9,2026-06-09 00:40:00,2253106
69.9,68.7,70.0,59.2,2026-06-09 01:00:00,2253106
69.3,68.0,69.3,58.3,2026-06-09 01:20:00,2253106
69.0,66.9,68.7,57.5,2026-06-09 01:40:00,2253106
68.4,66.4,68.0,56.8,2026-06-09 02:00:00,2253106
68.0,67.5,67.3,56.8,2026-06-09 02:20:00,2253106
67.5,69.4,66.9,57.1,2026-06-09 02:40:00,2253106
67.5,70.4,66.9,57.5,2026-06-09 03:00:00,2253106
67.6,71.5,67.1,58.0,2026-06-09 03:20:00,2253106
67.4,71.8,66.9,57.9,2026-06-09 03:40:00,2253106
67.2,72.5,66.7,58.0,2026-06-09 04:00:00,2253106
67.1,71.0,66.6,57.4,2026-06-09 04:20:00,2253106
66.7,69.8,65.8,56.5,2026-06-09 04:40:00,2253106
66.5,68.8,65.3,55.9,2026-06-09 05:00:00,2253106
66.2,68.5,65.1,55.5,2026-06-09 05:20:00,2253106
65.9,68.5,64.6,55.2,2026-06-09 05:40:00,2253106
65.5,68.2,64.2,54.8,2026-06-09 06:00:00,2253106
65.7,68.3,64.4,54.9,2026-06-09 06:20:00,2253106
65.7,68.2,64.4,55.0,2026-06-09 06:40:00,2253106
66.8,66.2,65.7,55.1,2026-06-09 07:00:00,2253106
68.7,63.7,68.2,55.9,2026-06-09 07:20:00,2253106
68.9,62.2,68.4,55.4,2026-06-09 07:40:00,2253106
70.9,60.8,70.9,56.7,2026-06-09 08:00:00,2253106
72.5,58.4,72.1,57.0,2026-06-09 08:20:00,2253106
72.3,55.9,71.8,55.7,2026-06-09 08:40:00,2253106
75.3,55.2,74.7,58.1,2026-06-09 09:00:00,2253106
74.0,54.9,73.2,56.8,2026-06-09 09:20:00,2253106
75.9,56.7,75.6,59.5,2026-06-09 09:40:00,2253106
77.4,53.5,76.8,59.2,2026-06-09 10:00:00,2253106
79.1,53.9,79.2,61.0,2026-06-09 10:20:00,2253106
77.9,54.7,77.4,60.3,2026-06-09 10:40:00,2253106
77.4,53.3,76.6,59.1,2026-06-09 11:00:00,2253106
78.8,50.0,78.3,58.6,2026-06-09 11:20:00,2253106
81.1,48.3,80.8,59.7,2026-06-09 11:40:00,2253106
83.0,49.7,83.8,62.3,2026-06-09 12:00:00,2253106
82.0,49.0,82.0,61.0,2026-06-09 12:20:00,2253106
86.6,48.4,89.6,64.8,2026-06-09 12:40:00,2253106
85.5,50.3,88.3,64.9,2026-06-09 13:00:00,2253106
87.0,50.1,90.9,66.2,2026-06-09 13:20:00,2253106
84.2,54.2,87.4,65.9,2026-06-09 13:40:00,2253106
84.2,55.4,87.6,66.5,2026-06-09 14:00:00,2253106
86.7,53.4,91.4,67.7,2026-06-09 14:20:00,2253106
86.6,54.1,91.8,68.1,2026-06-09 14:40:00,2253106
86.4,51.9,90.5,66.6,2026-06-09 15:00:00,2253106
88.6,50.8,94.1,68.0,2026-06-09 15:20:00,2253106
89.7,49.4,95.9,68.2,2026-06-09 15:40:00,2253106
87.4,51.0,91.9,67.0,2026-06-09 16:00:00,2253106
89.9,49.5,96.3,68.4,2026-06-09 16:20:00,2253106
87.0,51.8,91.4,67.1,2026-06-09 16:40:00,2253106
87.6,51.3,92.5,67.4,2026-06-09 17:00:00,2253106
88.1,51.6,93.4,68.0,2026-06-09 17:20:00,2253106
89.2,50.4,95.0,68.3,2026-06-09 17:40:00,2253106
87.2,52.2,91.9,67.6,2026-06-09 18:00:00,2253106
86.5,53.3,91.0,67.5,2026-06-09 18:20:00,2253106
85.8,54.6,90.3,67.6,2026-06-09 18:40:00,2253106
85.6,54.9,89.8,67.5,2026-06-09 19:00:00,2253106
85.7,56.2,90.7,68.3,2026-06-09 19:20:00,2253106
85.4,56.9,90.1,68.4,2026-06-09 19:40:00,2253106
84.5,58.3,88.9,68.3,2026-06-09 20:00:00,2253106
83.8,59.4,87.8,68.1,2026-06-09 20:20:00,2253106
82.9,60.9,86.4,68.0,2026-06-09 20:40:00,2253106
82.2,61.9,85.5,67.9,2026-06-09 21:00:00,2253106
81.7,63.0,84.9,67.9,2026-06-09 21:20:00,2253106
81.3,63.6,84.2,67.8,2026-06-09 21:40:00,2253106
80.7,64.6,83.5,67.7,2026-06-09 22:00:00,2253106
79.9,66.5,82.8,67.7,2026-06-09 22:20:00,2253106
79.7,67.5,82.4,68.0,2026-06-09 22:40:00,2253106
79.7,68.2,82.6,68.3,2026-06-09 23:00:00,2253106
79.7,68.8,82.8,68.6,2026-06-09 23:20:00,2253106
79.7,70.8,83.3,69.4,2026-06-09 23:40:00,2253106
79.5,72.6,83.3,70.0,2026-06-10 00:00:00,2253106
79.1,74.0,82.6,70.1,2026-06-10 00:20:00,2253106
78.7,75.4,82.2,70.2,2026-06-10 00:40:00,2253106
78.2,76.8,81.5,70.4,2026-06-10 01:00:00,2253106
78.0,77.7,81.1,70.4,2026-06-10 01:20:00,2253106
77.6,78.4,80.6,70.4,2026-06-10 01:40:00,2253106
77.2,79.2,80.2,70.3,2026-06-10 02:00:00,2253106
76.7,79.9,79.2,70.1,2026-06-10 02:20:00,2253106
76.5,80.4,78.8,70.0,2026-06-10 02:40:00,2253106
76.0,81.2,78.3,69.8,2026-06-10 03:00:00,2253106
75.7,82.1,77.9,69.8,2026-06-10 03:20:00,2253106
75.6,82.5,77.9,69.9,2026-06-10 03:40:00,2253106
75.5,82.8,77.7,69.9,2026-06-10 04:00:00,2253106
75.1,83.4,77.5,69.8,2026-06-10 04:20:00,2253106
75.0,84.0,77.2,69.8,2026-06-10 04:40:00,2253106
74.9,84.2,77.2,69.8,2026-06-10 05:00:00,2253106
74.8,84.5,77.0,69.8,2026-06-10 05:20:00,2253106
74.7,84.7,77.2,69.8,2026-06-10 05:40:00,2253106
74.8,84.8,77.2,69.9,2026-06-10 06:00:00,2253106
75.1,84.7,77.5,70.2,2026-06-10 06:20:00,2253106
75.3,84.5,77.7,70.3,2026-06-10 06:40:00,2253106
75.6,83.9,78.1,70.4,2026-06-10 07:00:00,2253106
75.9,83.6,78.6,70.6,2026-06-10 07:20:00,2253106
75.9,83.7,78.6,70.6,2026-06-10 07:40:00,2253106
76.4,83.2,79.0,70.9,2026-06-10 08:00:00,2253106
77.0,81.5,79.7,70.8,2026-06-10 08:20:00,2253106
77.6,79.0,80.8,70.6,2026-06-10 08:40:00,2253106
79.9,75.8,84.4,71.5,2026-06-10 09:00:00,2253106
81.8,70.2,86.5,71.2,2026-06-10 09:20:00,2253106
81.3,71.3,86.0,71.1,2026-06-10 09:40:00,2253106
82.4,66.4,87.1,70.1,2026-06-10 10:00:00,2253106
85.5,63.6,92.8,71.7,2026-06-10 10:20:00,2253106
86.7,61.6,94.8,72.0,2026-06-10 10:40:00,2253106
85.4,61.1,91.6,70.4,2026-06-10 11:00:00,2253106
86.1,61.0,93.0,71.1,2026-06-10 11:20:00,2253106
86.3,62.1,93.9,71.8,2026-06-10 11:40:00,2253106
86.1,58.0,91.9,69.6,2026-06-10 12:00:00,2253106
88.3,55.5,95.2,70.3,2026-06-10 12:20:00,2253106
88.3,53.5,94.5,69.2,2026-06-10 12:40:00,2253106
88.3,55.7,95.4,70.5,2026-06-10 13:00:00,2253106
89.7,51.7,96.8,69.6,2026-06-10 13:20:00,2253106
90.9,49.6,98.8,69.4,2026-06-10 13:40:00,2253106
89.3,50.2,95.5,68.3,2026-06-10 14:00:00,2253106
89.8,50.2,96.6,68.8,2026-06-10 14:20:00,2253106
89.1,51.9,95.7,69.1,2026-06-10 14:40:00,2253106
92.0,48.5,100.4,69.8,2026-06-10 15:00:00,2253106
91.9,45.5,98.2,67.8,2026-06-10 15:20:00,2253106
94.3,46.1,103.6,70.4,2026-06-10 15:40:00,2253106
91.1,47.9,98.1,68.6,2026-06-10 16:00:00,2253106
94.0,46.0,102.9,70.1,2026-06-10 16:20:00,2253106
94.9,43.1,103.3,68.9,2026-06-10 16:40:00,2253106
94.4,44.4,102.7,69.3,2026-06-10 17:00:00,2253106
93.3,44.7,100.6,68.6,2026-06-10 17:20:00,2253106
94.9,43.9,103.6,69.5,2026-06-10 17:40:00,2253106
96.5,43.5,106.9,70.6,2026-06-10 18:00:00,2253106
95.8,43.1,105.3,69.8,2026-06-10 18:20:00,2253106
91.1,47.3,97.7,68.3,2026-06-10 18:40:00,2253106
90.6,49.1,97.5,68.9,2026-06-10 19:00:00,2253106
91.2,48.2,98.8,68.9,2026-06-10 19:20:00,2253106
91.0,47.8,97.7,68.5,2026-06-10 19:40:00,2253106
89.8,49.4,96.3,68.4,2026-06-10 20:00:00,2253106
88.6,52.0,94.6,68.7,2026-06-10 20:20:00,2253106
87.7,53.5,93.4,68.8,2026-06-10 20:40:00,2253106
87.1,54.5,92.7,68.7,2026-06-10 21:00:00,2253106
86.8,55.5,92.5,69.0,2026-06-10 21:20:00,2253106
86.2,56.8,91.8,69.1,2026-06-10 21:40:00,2253106
85.5,58.3,91.0,69.2,2026-06-10 22:00:00,2253106
85.0,59.5,90.3,69.3,2026-06-10 22:20:00,2253106
84.3,60.8,89.2,69.3,2026-06-10 22:40:00,2253106
83.7,62.3,88.7,69.4,2026-06-10 23:00:00,2253106
83.2,63.2,87.6,69.4,2026-06-10 23:20:00,2253106
82.8,64.1,87.1,69.4,2026-06-10 23:40:00,2253106
82.3,65.2,86.4,69.5,2026-06-11 00:00:00,2253106
82.1,65.8,86.2,69.5,2026-06-11 00:20:00,2253106
81.5,66.7,85.5,69.4,2026-06-11 00:40:00,2253106
81.2,67.7,85.1,69.4,2026-06-11 01:00:00,2253106
80.9,68.3,84.7,69.5,2026-06-11 01:20:00,2253106
80.4,69.0,84.2,69.4,2026-06-11 01:40:00,2253106
79.7,70.1,83.1,69.1,2026-06-11 02:00:00,2253106
79.2,71.2,82.4,69.1,2026-06-11 02:20:00,2253106
78.9,71.7,81.9,69.0,2026-06-11 02:40:00,2253106
78.6,71.9,81.1,68.8,2026-06-11 03:00:00,2253106
78.0,72.6,80.4,68.5,2026-06-11 03:20:00,2253106
77.6,73.3,79.9,68.4,2026-06-11 03:40:00,2253106
77.3,74.3,79.3,68.5,2026-06-11 04:00:00,2253106
76.9,74.6,78.6,68.2,2026-06-11 04:20:00,2253106
76.5,74.9,78.1,67.9,2026-06-11 04:40:00,2253106
76.1,75.5,77.7,67.8,2026-06-11 05:00:00,2253106
75.8,75.9,77.4,67.7,2026-06-11 05:20:00,2253106
75.5,76.1,77.0,67.5,2026-06-11 05:40:00,2253106
75.4,76.1,77.0,67.4,2026-06-11 06:00:00,2253106
75.6,75.9,77.2,67.4,2026-06-11 06:20:00,2253106
76.3,74.7,77.7,67.7,2026-06-11 06:40:00,2253106
79.2,69.7,82.2,68.4,2026-06-11 07:00:00,2253106
80.6,67.3,84.0,68.8,2026-06-11 07:20:00,2253106
81.5,65.2,85.1,68.7,2026-06-11 07:40:00,2253106
81.5,63.5,84.6,67.9,2026-06-11 08:00:00,2253106
82.7,63.1,86.5,68.9,2026-06-11 08:20:00,2253106
83.2,62.2,87.4,69.0,2026-06-11 08:40:00,2253106
84.9,61.4,90.9,70.2,2026-06-11 09:00:00,2253106
85.6,59.0,91.2,69.6,2026-06-11 09:20:00,2253106
87.7,58.3,95.4,71.2,2026-06-11 09:40:00,2253106
87.8,55.7,94.6,70.0,2026-06-11 10:00:00,2253106
89.0,55.5,96.8,71.0,2026-06-11 10:20:00,2253106
89.5,56.3,98.6,71.9,2026-06-11 10:40:00,2253106
91.8,52.5,102.2,72.0,2026-06-11 11:00:00,2253106
92.4,51.2,102.6,71.8,2026-06-11 11:20:00,2253106
93.1,49.9,103.3,71.7,2026-06-11 11:40:00,2253106
95.4,47.7,107.4,72.4,2026-06-11 12:00:00,2253106
94.6,46.8,104.7,71.1,2026-06-11 12:20:00,2253106
95.4,44.5,105.1,70.3,2026-06-11 12:40:00,2253106
95.9,45.0,106.9,71.2,2026-06-11 13:00:00,2253106
97.1,43.4,108.0,71.1,2026-06-11 13:20:00,2253106
95.5,43.3,104.4,69.6,2026-06-11 13:40:00,2253106
97.6,41.5,108.0,70.2,2026-06-11 14:00:00,2253106
96.9,41.5,106.5,69.6,2026-06-11 14:20:00,2253106
98.6,37.6,107.6,68.3,2026-06-11 14:40:00,2253106
99.4,37.3,108.7,68.8,2026-06-11 15:00:00,2253106
98.9,37.2,107.6,68.3,2026-06-11 15:20:00,2253106
101.2,33.0,109.0,66.7,2026-06-11 15:40:00,2253106
100.5,33.8,108.3,66.8,2026-06-11 16:00:00,2253106
101.0,36.1,111.2,69.2,2026-06-11 16:20:00,2253106
101.9,36.5,113.5,70.3,2026-06-11 16:40:00,2253106
100.0,37.5,110.1,69.5,2026-06-11 17:00:00,2253106
97.4,40.2,106.9,69.2,2026-06-11 17:20:00,2253106
98.2,40.4,108.3,70.0,2026-06-11 17:40:00,2253106
96.0,41.7,104.7,69.0,2026-06-11 18:00:00,2253106
80.9,73.1,85.8,71.5,2026-06-11 18:20:00,2253106
80.1,77.2,85.3,72.3,2026-06-11 18:40:00,2253106
81.4,78.7,88.3,74.1,2026-06-11 19:00:00,2253106
83.1,78.6,91.9,75.7,2026-06-11 19:20:00,2253106
83.8,78.1,93.7,76.2,2026-06-11 19:40:00,2253106
83.7,77.0,93.4,75.7,2026-06-11 20:00:00,2253106
82.7,79.8,91.4,75.8,2026-06-11 20:20:00,2253106
81.8,79.8,89.2,74.9,2026-06-11 20:40:00,2253106
81.6,78.6,88.7,74.3,2026-06-11 21:00:00,2253106
81.7,76.9,88.5,73.7,2026-06-11 21:20:00,2253106
82.3,76.6,89.4,74.2,2026-06-11 21:40:00,2253106
84.0,70.0,91.4,73.2,2026-06-11 22:00:00,2253106
84.7,65.9,91.8,72.0,2026-06-11 22:20:00,2253106
84.5,65.4,91.2,71.6,2026-06-11 22:40:00,2253106
84.0,65.7,90.1,71.3,2026-06-11 23:00:00,2253106
83.4,66.4,89.1,71.0,2026-06-11 23:20:00,2253106
83.7,64.3,89.2,70.4,2026-06-11 23:40:00,2253106
83.3,64.8,88.2,70.2,2026-06-12 00:00:00,2253106
82.6,65.8,87.3,70.0,2026-06-12 00:20:00,2253106
82.0,67.2,86.2,70.0,2026-06-12 00:40:00,2253106
81.7,67.5,86.0,69.9,2026-06-12 01:00:00,2253106
81.4,68.2,85.6,70.0,2026-06-12 01:20:00,2253106
81.4,69.2,85.8,70.4,2026-06-12 01:40:00,2253106
80.7,70.8,84.9,70.3,2026-06-12 02:00:00,2253106
80.2,72.3,84.4,70.4,2026-06-12 02:20:00,2253106
80.3,72.3,84.6,70.5,2026-06-12 02:40:00,2253106
79.8,73.8,84.0,70.7,2026-06-12 03:00:00,2253106
79.6,74.6,83.7,70.8,2026-06-12 03:20:00,2253106
79.2,75.6,83.3,70.8,2026-06-12 03:40:00,2253106
79.1,76.1,82.9,70.9,2026-06-12 04:00:00,2253106
78.9,76.9,82.9,71.0,2026-06-12 04:20:00,2253106
78.8,77.6,82.9,71.2,2026-06-12 04:40:00,2253106
78.3,78.9,82.2,71.2,2026-06-12 05:00:00,2253106
78.1,79.7,82.0,71.3,2026-06-12 05:20:00,2253106
77.7,80.5,81.1,71.2,2026-06-12 05:40:00,2253106
78.0,80.8,81.9,71.6,2026-06-12 06:00:00,2253106
78.0,81.2,81.9,71.7,2026-06-12 06:20:00,2253106
79.4,79.7,84.6,72.5,2026-06-12 06:40:00,2253106
81.8,75.2,88.0,73.1,2026-06-12 07:00:00,2253106
83.3,73.1,91.2,73.8,2026-06-12 07:20:00,2253106
85.8,67.3,95.2,73.8,2026-06-12 07:40:00,2253106
84.8,66.8,92.3,72.5,2026-06-12 08:00:00,2253106
85.0,65.2,92.3,72.0,2026-06-12 08:20:00,2253106
86.4,64.1,95.0,72.8,2026-06-12 08:40:00,2253106
87.7,59.9,95.7,72.1,2026-06-12 09:00:00,2253106
89.2,56.7,97.9,71.8,2026-06-12 09:20:00,2253106
90.5,55.0,100.4,72.1,2026-06-12 09:40:00,2253106
92.1,50.4,101.8,71.1,2026-06-12 10:00:00,2253106
92.9,49.4,102.7,71.2,2026-06-12 10:20:00,2253106
93.0,49.2,102.6,71.1,2026-06-12 10:40:00,2253106
96.0,42.9,105.4,69.8,2026-06-12 11:00:00,2253106
96.2,41.9,105.3,69.3,2026-06-12 11:20:00,2253106
97.8,40.1,107.4,69.5,2026-06-12 11:40:00,2253106
96.6,39.4,104.9,67.9,2026-06-12 12:00:00,2253106
98.4,39.1,108.3,69.2,2026-06-12 12:20:00,2253106
98.5,40.4,109.0,70.2,2026-06-12 12:40:00,2253106
98.5,37.9,107.4,68.4,2026-06-12 13:00:00,2253106
98.4,37.5,106.7,68.0,2026-06-12 13:20:00,2253106
100.2,36.9,109.9,69.1,2026-06-12 13:40:00,2253106
100.6,34.5,109.2,67.6,2026-06-12 14:00:00,2253106
101.1,32.4,108.5,66.2,2026-06-12 14:20:00,2253106
101.4,33.8,110.1,67.6,2026-06-12 14:40:00,2253106
100.8,35.9,110.8,68.9,2026-06-12 15:00:00,2253106
101.6,32.2,109.2,66.4,2026-06-12 15:20:00,2253106
101.7,28.9,106.9,63.4,2026-06-12 15:40:00,2253106
102.5,31.4,110.3,66.5,2026-06-12 16:00:00,2253106
102.4,30.9,109.8,65.9,2026-06-12 16:20:00,2253106
103.6,29.7,111.0,65.8,2026-06-12 16:40:00,2253106
102.8,31.2,110.7,66.5,2026-06-12 17:00:00,2253106
105.2,29.9,113.9,67.4,2026-06-12 17:20:00,2253106
101.1,29.7,106.5,63.7,2026-06-12 17:40:00,2253106
102.3,29.1,108.0,64.1,2026-06-12 18:00:00,2253106
103.1,29.4,109.9,65.1,2026-06-12 18:20:00,2253106
99.8,32.8,106.2,65.4,2026-06-12 18:40:00,2253106
98.7,35.3,105.8,66.5,2026-06-12 19:00:00,2253106
98.1,36.0,105.4,66.6,2026-06-12 19:20:00,2253106
97.9,36.0,105.1,66.4,2026-06-12 19:40:00,2253106
96.9,37.1,103.6,66.4,2026-06-12 20:00:00,2253106
96.2,38.6,103.3,66.9,2026-06-12 20:20:00,2253106
95.3,39.4,102.0,66.7,2026-06-12 20:40:00,2253106
94.6,40.5,101.1,66.9,2026-06-12 21:00:00,2253106
94.3,41.6,101.3,67.4,2026-06-12 21:20:00,2253106
93.8,42.7,100.8,67.7,2026-06-12 21:40:00,2253106
93.1,43.8,99.9,67.8,2026-06-12 22:00:00,2253106
92.4,45.2,99.1,68.1,2026-06-12 22:20:00,2253106
91.1,47.3,97.7,68.2,2026-06-12 22:40:00,2253106
89.8,45.7,94.5,66.0,2026-06-12 23:00:00,2253106
88.6,46.5,92.5,65.5,2026-06-12 23:20:00,2253106
87.5,45.8,90.1,64.0,2026-06-12 23:40:00,2253106
86.3,47.3,88.5,63.9,2026-06-13 00:00:00,2253106
85.5,48.8,88.0,64.1,2026-06-13 00:20:00,2253106
84.7,50.4,86.9,64.2,2026-06-13 00:40:00,2253106
84.0,52.0,86.2,64.5,2026-06-13 01:00:00,2253106
83.4,53.4,85.5,64.7,2026-06-13 01:20:00,2253106
83.5,54.1,85.8,65.2,2026-06-13 01:40:00,2253106
82.7,55.2,84.6,65.0,2026-06-13 02:00:00,2253106
82.2,55.6,83.7,64.7,2026-06-13 02:20:00,2253106
81.6,57.2,83.3,65.0,2026-06-13 02:40:00,2253106
81.3,57.9,82.9,65.0,2026-06-13 03:00:00,2253106
80.7,58.7,82.2,64.9,2026-06-13 03:20:00,2253106
80.2,59.4,81.7,64.8,2026-06-13 03:40:00,2253106
79.7,60.3,81.3,64.7,2026-06-13 04:00:00,2253106
79.4,62.1,81.1,65.3,2026-06-13 04:20:00,2253106
78.8,64.2,80.6,65.7,2026-06-13 04:40:00,2253106
78.2,64.6,79.5,65.3,2026-06-13 05:00:00,2253106
77.6,65.6,78.6,65.2,2026-06-13 05:20:00,2253106
77.6,66.1,78.8,65.4,2026-06-13 05:40:00,2253106
77.2,67.1,78.3,65.4,2026-06-13 06:00:00,2253106
76.9,68.5,77.9,65.8,2026-06-13 06:20:00,2253106
78.5,67.0,80.4,66.6,2026-06-13 06:40:00,2253106
80.9,61.3,82.9,66.3,2026-06-13 07:00:00,2253106
81.8,59.0,83.8,66.1,2026-06-13 07:20:00,2253106
82.7,57.2,84.9,66.0,2026-06-13 07:40:00,2253106
84.7,55.2,88.3,66.8,2026-06-13 08:00:00,2253106
85.4,54.4,89.4,67.1,2026-06-13 08:20:00,2253106
85.3,52.8,88.9,66.1,2026-06-13 08:40:00,2253106
86.8,52.2,91.2,67.2,2026-06-13 09:00:00,2253106
87.2,52.2,91.9,67.6,2026-06-13 09:20:00,2253106
88.2,49.8,93.0,67.1,2026-06-13 09:40:00,2253106
90.9,47.3,97.5,68.1,2026-06-13 10:00:00,2253106
89.8,50.5,96.8,69.0,2026-06-13 10:20:00,2253106
90.0,49.7,96.8,68.7,2026-06-13 10:40:00,2253106
91.2,47.3,98.2,68.4,2026-06-13 11:00:00,2253106
91.0,47.9,97.7,68.5,2026-06-13 11:20:00,2253106
92.9,46.5,100.9,69.4,2026-06-13 11:40:00,2253106
92.8,45.7,100.2,68.8,2026-06-13 12:00:00,2253106
93.4,44.0,100.6,68.3,2026-06-13 12:20:00,2253106
93.4,45.2,100.9,69.0,2026-06-13 12:40:00,2253106
92.7,44.7,99.5,68.0,2026-06-13 13:00:00,2253106
93.3,44.6,100.6,68.5,2026-06-13 13:20:00,2253106
96.2,41.6,105.1,69.1,2026-06-13 13:40:00,2253106
95.0,41.2,102.6,67.8,2026-06-13 14:00:00,2253106
94.1,43.0,101.7,68.2,2026-06-13 14:20:00,2253106
95.1,41.1,102.4,67.7,2026-06-13 14:40:00,2253106
94.7,41.6,102.0,67.8,2026-06-13 15:00:00,2253106
94.7,41.5,102.0,67.7,2026-06-13 15:20:00,2253106
97.6,38.7,106.2,68.3,2026-06-13 15:40:00,2253106
94.7,40.5,101.5,67.0,2026-06-13 16:00:00,2253106
94.9,41.3,102.2,67.7,2026-06-13 16:20:00,2253106
99.8,38.3,110.3,69.9,2026-06-13 16:40:00,2253106
99.4,37.1,108.5,68.6,2026-06-13 17:00:00,2253106
94.5,40.8,101.3,67.0,2026-06-13 17:20:00,2253106
96.3,36.4,102.2,65.3,2026-06-13 17:40:00,2253106
95.1,39.4,101.7,66.6,2026-06-13 18:00:00,2253106
100.7,36.2,110.5,69.0,2026-06-13 18:20:00,2253106
98.5,36.8,106.5,67.6,2026-06-13 18:40:00,2253106
96.2,38.6,103.3,66.9,2026-06-13 19:00:00,2253106
95.0,40.3,102.0,67.1,2026-06-13 19:20:00,2253106
93.6,40.9,99.5,66.2,2026-06-13 19:40:00,2253106
93.8,42.9,100.9,67.8,2026-06-13 20:00:00,2253106
92.4,44.8,99.0,67.9,2026-06-13 20:20:00,2253106
91.3,45.2,97.0,67.2,2026-06-13 20:40:00,2253106
88.4,52.4,94.5,68.7,2026-06-13 21:00:00,2253106
84.8,59.6,90.0,69.2,2026-06-13 21:20:00,2253106
83.6,62.1,88.2,69.3,2026-06-13 21:40:00,2253106
80.1,68.9,83.5,69.0,2026-06-13 22:00:00,2253106
78.6,72.5,81.7,69.1,2026-06-13 22:20:00,2253106
77.8,74.9,80.4,69.2,2026-06-13 22:40:00,2253106
77.5,75.7,79.9,69.2,2026-06-13 23:00:00,2253106
78.4,72.8,81.1,69.0,2026-06-13 23:20:00,2253106
79.2,70.1,82.2,68.6,2026-06-13 23:40:00,2253106
79.8,68.6,82.8,68.6,2026-06-14 00:00:00,2253106
79.9,68.2,82.8,68.5,2026-06-14 00:20:00,2253106
79.6,69.0,82.6,68.5,2026-06-14 00:40:00,2253106
78.7,71.6,81.5,68.7,2026-06-14 01:00:00,2253106
77.1,75.9,79.2,68.9,2026-06-14 01:20:00,2253106
76.5,77.9,78.6,69.1,2026-06-14 01:40:00,2253106
75.8,79.6,77.9,69.0,2026-06-14 02:00:00,2253106
75.6,80.5,77.7,69.1,2026-06-14 02:20:00,2253106
75.1,82.2,77.4,69.2,2026-06-14 02:40:00,2253106
74.8,83.1,76.8,69.3,2026-06-14 03:00:00,2253106
74.7,83.5,77.0,69.3,2026-06-14 03:20:00,2253106
74.4,84.2,76.6,69.3,2026-06-14 03:40:00,2253106
74.0,85.5,76.3,69.3,2026-06-14 04:00:00,2253106
73.7,86.6,75.9,69.4,2026-06-14 04:20:00,2253106
73.3,87.4,75.6,69.3,2026-06-14 04:40:00,2253106
73.1,87.8,75.4,69.3,2026-06-14 05:00:00,2253106
73.1,88.8,75.4,69.6,2026-06-14 05:20:00,2253106
72.9,89.7,75.2,69.6,2026-06-14 05:40:00,2253106
72.7,89.8,74.8,69.5,2026-06-14 06:00:00,2253106
72.9,90.0,75.4,69.8,2026-06-14 06:20:00,2253106
74.0,89.2,76.6,70.6,2026-06-14 06:40:00,2253106
77.5,82.4,81.0,71.7,2026-06-14 07:00:00,2253106
80.3,76.1,85.5,72.1,2026-06-14 07:20:00,2253106
81.2,74.4,86.5,72.2,2026-06-14 07:40:00,2253106
82.7,68.8,88.0,71.4,2026-06-14 08:00:00,2253106
83.1,69.8,89.2,72.2,2026-06-14 08:20:00,2253106
84.3,68.2,91.6,72.7,2026-06-14 08:40:00,2253106
84.0,69.0,91.2,72.7,2026-06-14 09:00:00,2253106
83.5,70.4,90.7,72.8,2026-06-14 09:20:00,2253106
85.9,63.5,93.7,72.1,2026-06-14 09:40:00,2253106
88.5,60.4,98.1,73.1,2026-06-14 10:00:00,2253106
89.0,57.0,97.7,71.8,2026-06-14 10:20:00,2253106
90.2,55.3,99.9,72.0,2026-06-14 10:40:00,2253106
90.0,53.3,98.6,70.8,2026-06-14 11:00:00,2253106
92.7,52.0,103.8,72.5,2026-06-14 11:20:00,2253106
93.2,49.5,103.1,71.5,2026-06-14 11:40:00,2253106
93.4,50.9,104.7,72.5,2026-06-14 12:00:00,2253106
95.3,50.6,109.0,74.0,2026-06-14 12:20:00,2253106
95.3,44.6,104.9,70.3,2026-06-14 12:40:00,2253106
93.5,49.3,103.8,71.7,2026-06-14 13:00:00,2253106
95.6,47.9,108.1,72.7,2026-06-14 13:20:00,2253106
94.4,46.5,104.0,70.8,2026-06-14 13:40:00,2253106
96.9,44.0,108.1,71.4,2026-06-14 14:00:00,2253106
97.5,36.6,104.7,66.5,2026-06-14 14:20:00,2253106
98.8,37.6,108.0,68.5,2026-06-14 14:40:00,2253106
99.5,34.4,106.9,66.4,2026-06-14 15:00:00,2253106
99.1,35.7,106.9,67.2,2026-06-14 15:20:00,2253106
101.8,34.7,111.7,68.8,2026-06-14 15:40:00,2253106
99.3,34.8,106.5,66.6,2026-06-14 16:00:00,2253106
97.8,37.2,105.4,67.2,2026-06-14 16:20:00,2253106
98.2,37.9,106.7,68.2,2026-06-14 16:40:00,2253106
98.6,38.9,108.5,69.3,2026-06-14 17:00:00,2253106
98.8,38.6,108.7,69.2,2026-06-14 17:20:00,2253106
97.4,33.5,102.4,63.9,2026-06-14 17:40:00,2253106
99.5,30.9,104.4,63.4,2026-06-14 18:00:00,2253106
98.3,33.1,103.6,64.3,2026-06-14 18:20:00,2253106
97.1,33.9,102.0,64.0,2026-06-14 18:40:00,2253106
92.1,42.4,97.2,66.0,2026-06-14 19:00:00,2253106
84.8,55.1,88.7,66.9,2026-06-14 19:20:00,2253106
79.0,78.2,83.5,71.7,2026-06-14 19:40:00,2253106
78.8,83.8,84.2,73.5,2026-06-14 20:00:00,2253106
79.1,82.4,84.4,73.2,2026-06-14 20:20:00,2253106
78.3,83.6,83.1,73.0,2026-06-14 20:40:00,2253106
78.6,78.6,82.4,71.4,2026-06-14 21:00:00,2253106
78.7,78.0,82.8,71.2,2026-06-14 21:20:00,2253106
80.0,77.1,84.9,72.1,2026-06-14 21:40:00,2253106
80.4,75.3,85.3,71.8,2026-06-14 22:00:00,2253106
80.2,75.5,84.9,71.8,2026-06-14 22:20:00,2253106
80.5,74.1,85.3,71.5,2026-06-14 22:40:00,2253106
80.7,72.7,85.3,71.1,2026-06-14 23:00:00,2253106
80.4,72.5,84.7,70.8,2026-06-14 23:20:00,2253106
80.2,72.3,84.4,70.5,2026-06-14 23:40:00,2253106
80.0,72.7,84.0,70.4,2026-06-15 00:00:00,2253106
80.0,73.0,84.0,70.5,2026-06-15 00:20:00,2253106
79.6,73.6,83.5,70.4,2026-06-15 00:40:00,2253106
79.5,74.5,83.5,70.7,2026-06-15 01:00:00,2253106
79.4,75.1,83.7,70.8,2026-06-15 01:20:00,2253106
79.2,75.6,83.3,70.8,2026-06-15 01:40:00,2253106
79.1,76.0,82.9,70.9,2026-06-15 02:00:00,2253106
78.9,76.5,82.8,70.9,2026-06-15 02:20:00,2253106
78.8,76.9,82.9,70.9,2026-06-15 02:40:00,2253106
78.8,77.3,82.9,71.1,2026-06-15 03:00:00,2253106
78.5,77.9,82.4,71.0,2026-06-15 03:20:00,2253106
78.3,78.4,82.0,71.0,2026-06-15 03:40:00,2253106
78.0,79.0,81.5,70.9,2026-06-15 04:00:00,2253106
77.7,79.8,81.3,71.0,2026-06-15 04:20:00,2253106
77.5,80.5,80.8,71.0,2026-06-15 04:40:00,2253106
77.5,79.3,80.6,70.6,2026-06-15 05:00:00,2253106
77.4,78.1,80.2,70.0,2026-06-15 05:20:00,2253106
77.1,77.8,79.5,69.6,2026-06-15 05:40:00,2253106
76.7,76.7,78.6,68.8,2026-06-15 06:00:00,2253106
76.7,71.0,77.9,66.6,2026-06-15 06:20:00,2253106
76.8,69.1,78.1,65.9,2026-06-15 06:40:00,2253106
77.0,68.4,77.9,65.8,2026-06-15 07:00:00,2253106
77.2,64.3,77.9,64.2,2026-06-15 07:20:00,2253106
76.7,65.0,77.2,64.0,2026-06-15 07:40:00,2253106
77.5,64.2,78.3,64.5,2026-06-15 08:00:00,2253106
79.8,58.2,80.8,63.8,2026-06-15 08:20:00,2253106
79.2,56.2,79.7,62.3,2026-06-15 08:40:00,2253106
77.7,54.7,77.2,60.1,2026-06-15 09:00:00,2253106
76.9,54.1,76.1,59.1,2026-06-15 09:20:00,2253106
77.9,52.8,77.5,59.3,2026-06-15 09:40:00,2253106
78.2,49.1,77.2,57.5,2026-06-15 10:00:00,2253106
78.6,44.0,77.2,54.9,2026-06-15 10:20:00,2253106
80.4,40.2,78.8,54.1,2026-06-15 10:40:00,2253106
82.0,40.6,80.4,55.7,2026-06-15 11:00:00,2253106
82.9,39.4,81.5,55.7,2026-06-15 11:20:00,2253106
83.2,37.7,81.7,54.8,2026-06-15 11:40:00,2253106
83.2,34.7,81.0,52.5,2026-06-15 12:00:00,2253106
83.9,33.7,81.7,52.3,2026-06-15 12:20:00,2253106
85.3,36.1,84.2,55.5,2026-06-15 12:40:00,2253106
84.2,36.4,82.8,54.6,2026-06-15 13:00:00,2253106
85.3,35.2,84.0,54.8,2026-06-15 13:20:00,2253106
85.2,33.8,83.5,53.5,2026-06-15 13:40:00,2253106
85.9,33.9,84.4,54.2,2026-06-15 14:00:00,2253106
86.9,31.4,85.1,53.0,2026-06-15 14:20:00,2253106
88.2,30.8,86.5,53.6,2026-06-15 14:40:00,2253106
89.0,30.6,87.6,54.1,2026-06-15 15:00:00,2253106
90.2,28.9,88.7,53.6,2026-06-15 15:20:00,2253106
90.0,30.0,88.9,54.4,2026-06-15 15:40:00,2253106
89.0,31.8,88.0,55.2,2026-06-15 16:00:00,2253106
89.1,32.4,88.5,55.7,2026-06-15 16:20:00,2253106
90.2,29.4,88.9,54.1,2026-06-15 16:40:00,2253106
91.1,28.4,90.0,53.9,2026-06-15 17:00:00,2253106
90.4,27.9,88.7,52.8,2026-06-15 17:20:00,2253106
90.1,28.6,88.7,53.3,2026-06-15 17:40:00,2253106
90.6,28.3,89.1,53.3,2026-06-15 18:00:00,2253106
89.2,28.1,87.1,51.9,2026-06-15 18:20:00,2253106
87.5,30.0,85.5,52.3,2026-06-15 18:40:00,2253106
86.0,33.4,84.4,53.9,2026-06-15 19:00:00,2253106
85.7,34.6,84.2,54.6,2026-06-15 19:20:00,2253106
85.2,34.7,83.7,54.2,2026-06-15 19:40:00,2253106
85.5,33.8,83.8,53.8,2026-06-15 20:00:00,2253106
83.3,36.6,81.3,54.0,2026-06-15 20:20:00,2253106
82.2,36.9,80.2,53.3,2026-06-15 20:40:00,2253106
81.2,38.1,79.3,53.2,2026-06-15 21:00:00,2253106
79.9,39.3,77.7,53.0,2026-06-15 21:20:00,2253106
79.1,39.7,77.0,52.5,2026-06-15 21:40:00,2253106
77.9,41.5,75.9,52.7,2026-06-15 22:00:00,2253106
76.9,42.7,74.8,52.5,2026-06-15 22:20:00,2253106
76.8,42.9,74.7,52.5,2026-06-15 22:40:00,2253106
75.8,44.3,73.9,52.5,2026-06-15 23:00:00,2253106
75.4,45.0,73.8,52.6,2026-06-15 23:20:00,2253106
73.8,47.9,72.5,52.9,2026-06-15 23:40:00,2253106
73.5,48.8,72.3,53.0,2026-06-16 00:00:00,2253106
72.8,50.9,71.8,53.5,2026-06-16 00:20:00,2253106
72.6,51.6,71.8,53.8,2026-06-16 00:40:00,2253106
71.8,51.6,71.1,53.0,2026-06-16 01:00:00,2253106
72.1,51.9,71.2,53.5,2026-06-16 01:20:00,2253106
72.6,49.9,71.6,52.8,2026-06-16 01:40:00,2253106
72.3,49.5,71.2,52.4,2026-06-16 02:00:00,2253106
72.0,49.2,71.1,51.9,2026-06-16 02:20:00,2253106
71.5,49.5,70.5,51.6,2026-06-16 02:40:00,2253106
71.3,49.9,70.3,51.6,2026-06-16 03:00:00,2253106
71.0,50.0,70.0,51.5,2026-06-16 03:20:00,2253106
70.7,50.3,69.8,51.3,2026-06-16 03:40:00,2253106
70.3,51.0,69.3,51.3,2026-06-16 04:00:00,2253106
69.6,52.2,68.5,51.4,2026-06-16 04:20:00,2253106
69.1,53.2,67.6,51.4,2026-06-16 04:40:00,2253106
68.9,53.9,67.6,51.5,2026-06-16 05:00:00,2253106
68.8,54.3,67.5,51.6,2026-06-16 05:20:00,2253106
68.9,54.5,67.6,51.9,2026-06-16 05:40:00,2253106
68.8,54.8,67.5,51.9,2026-06-16 06:00:00,2253106
86.6,35.2,85.8,55.9,2026-06-05 11:40:00,2968891
87.0,33.3,85.6,54.7,2026-06-05 12:00:00,2968891
87.1,31.6,85.3,53.3,2026-06-05 12:20:00,2968891
87.9,31.4,86.2,53.9,2026-06-05 12:40:00,2968891
88.2,31.2,86.7,54.0,2026-06-05 13:00:00,2968891
91.6,31.9,92.1,57.5,2026-06-05 13:20:00,2968891
92.0,27.9,91.0,54.1,2026-06-05 13:40:00,2968891
91.9,28.6,91.0,54.8,2026-06-05 14:00:00,2968891
91.5,27.6,90.3,53.4,2026-06-05 14:20:00,2968891
92.9,27.9,92.3,54.9,2026-06-05 14:40:00,2968891
91.5,28.6,90.5,54.5,2026-06-05 15:00:00,2968891
91.1,28.0,89.8,53.5,2026-06-05 15:20:00,2968891
91.3,28.4,90.1,54.0,2026-06-05 15:40:00,2968891
91.7,28.6,90.9,54.5,2026-06-05 16:00:00,2968891
92.3,28.9,91.6,55.4,2026-06-05 16:20:00,2968891
92.1,27.9,91.2,54.2,2026-06-05 16:40:00,2968891
92.1,27.2,90.9,53.5,2026-06-05 17:00:00,2968891
91.3,28.0,90.0,53.6,2026-06-05 17:20:00,2968891
91.5,28.3,90.3,54.2,2026-06-05 17:40:00,2968891
91.0,30.5,90.3,55.7,2026-06-05 18:00:00,2968891
90.1,31.2,89.6,55.7,2026-06-05 18:20:00,2968891
89.4,31.5,88.3,55.2,2026-06-05 18:40:00,2968891
89.0,31.6,87.8,55.0,2026-06-05 19:00:00,2968891
88.2,32.2,86.9,54.9,2026-06-05 19:20:00,2968891
87.2,33.3,85.8,54.8,2026-06-05 19:40:00,2968891
86.0,34.7,84.9,55.0,2026-06-05 20:00:00,2968891
85.0,36.2,83.8,55.2,2026-06-05 20:20:00,2968891
84.3,37.0,82.9,55.2,2026-06-05 20:40:00,2968891
82.2,39.6,80.4,55.2,2026-06-05 21:00:00,2968891
81.0,41.6,79.5,55.5,2026-06-05 21:20:00,2968891
79.5,43.2,77.9,55.2,2026-06-05 21:40:00,2968891
78.3,44.8,76.8,55.1,2026-06-05 22:00:00,2968891
77.6,45.3,76.1,54.8,2026-06-05 22:20:00,2968891
77.0,47.2,75.6,55.4,2026-06-05 22:40:00,2968891
76.9,47.5,75.4,55.4,2026-06-05 23:00:00,2968891
76.7,48.6,75.4,55.9,2026-06-05 23:20:00,2968891
76.5,49.3,75.2,56.0,2026-06-05 23:40:00,2968891
75.9,50.4,74.8,56.2,2026-06-06 00:00:00,2968891
74.9,52.1,73.9,56.1,2026-06-06 00:20:00,2968891
74.0,54.3,73.2,56.5,2026-06-06 00:40:00,2968891
73.2,56.6,72.9,56.9,2026-06-06 01:00:00,2968891
72.7,57.2,72.3,56.7,2026-06-06 01:20:00,2968891
71.9,59.1,71.6,56.8,2026-06-06 01:40:00,2968891
71.5,60.8,71.4,57.3,2026-06-06 02:00:00,2968891
71.0,61.2,70.9,57.0,2026-06-06 02:20:00,2968891
70.7,62.4,70.5,57.2,2026-06-06 02:40:00,2968891
69.9,64.5,69.8,57.4,2026-06-06 03:00:00,2968891
69.4,65.9,69.1,57.5,2026-06-06 03:20:00,2968891
68.9,67.3,68.7,57.7,2026-06-06 03:40:00,2968891
68.5,68.6,68.0,57.7,2026-06-06 04:00:00,2968891
68.1,69.3,67.6,57.7,2026-06-06 04:20:00,2968891
67.8,70.1,67.3,57.7,2026-06-06 04:40:00,2968891
67.2,72.0,66.6,57.9,2026-06-06 05:00:00,2968891
66.9,72.6,66.2,57.8,2026-06-06 05:20:00,2968891
66.6,73.7,66.0,57.9,2026-06-06 05:40:00,2968891
66.1,74.9,65.3,57.9,2026-06-06 06:00:00,2968891
66.0,75.6,65.3,58.0,2026-06-06 06:20:00,2968891
66.1,75.8,65.5,58.3,2026-06-06 06:40:00,2968891
67.2,76.0,66.9,59.4,2026-06-06 07:00:00,2968891
69.4,73.8,69.6,60.6,2026-06-06 07:20:00,2968891
71.9,69.1,72.5,61.2,2026-06-06 07:40:00,2968891
73.7,65.3,73.9,61.3,2026-06-06 08:00:00,2968891
75.1,62.7,75.2,61.6,2026-06-06 08:20:00,2968891
76.4,60.5,76.3,61.7,2026-06-06 08:40:00,2968891
77.2,58.1,76.8,61.3,2026-06-06 09:00:00,2968891
78.1,57.1,78.3,61.7,2026-06-06 09:20:00,2968891
79.7,54.2,79.9,61.6,2026-06-06 09:40:00,2968891
80.1,52.9,80.4,61.4,2026-06-06 10:00:00,2968891
82.3,51.0,83.1,62.3,2026-06-06 10:20:00,2968891
82.1,49.4,82.4,61.3,2026-06-06 10:40:00,2968891
83.0,47.6,83.5,61.0,2026-06-06 11:00:00,2968891
84.0,46.1,84.7,61.1,2026-06-06 11:20:00,2968891
84.9,45.8,85.8,61.7,2026-06-06 11:40:00,2968891
86.1,43.6,87.3,61.4,2026-06-06 12:00:00,2968891
87.3,42.6,88.9,61.8,2026-06-06 12:20:00,2968891
87.2,39.6,87.6,59.6,2026-06-06 12:40:00,2968891
88.3,39.0,89.1,60.2,2026-06-06 13:00:00,2968891
89.8,38.3,91.8,61.1,2026-06-06 13:20:00,2968891
88.4,38.1,89.2,59.7,2026-06-06 13:40:00,2968891
92.2,36.8,95.0,62.0,2026-06-06 14:00:00,2968891
89.1,38.3,90.5,60.4,2026-06-06 14:20:00,2968891
89.4,38.5,90.9,60.8,2026-06-06 14:40:00,2968891
89.4,40.1,91.4,61.9,2026-06-06 15:00:00,2968891
90.1,40.6,92.8,62.9,2026-06-06 15:20:00,2968891
88.6,39.4,90.0,60.8,2026-06-06 15:40:00,2968891
89.7,39.5,91.8,61.8,2026-06-06 16:00:00,2968891
90.6,38.8,93.2,62.1,2026-06-06 16:20:00,2968891
90.2,37.8,92.1,61.1,2026-06-06 16:40:00,2968891
92.1,36.5,94.6,61.7,2026-06-06 17:00:00,2968891
90.2,37.5,91.9,60.8,2026-06-06 17:20:00,2968891
89.8,37.9,91.4,60.8,2026-06-06 17:40:00,2968891
89.8,36.8,90.7,59.8,2026-06-06 18:00:00,2968891
89.5,37.1,90.7,59.8,2026-06-06 18:20:00,2968891
88.9,38.2,90.1,60.1,2026-06-06 18:40:00,2968891
88.4,38.1,89.2,59.7,2026-06-06 19:00:00,2968891
87.8,39.4,88.7,60.1,2026-06-06 19:20:00,2968891
87.2,40.5,88.0,60.4,2026-06-06 19:40:00,2968891
86.4,41.6,87.1,60.3,2026-06-06 20:00:00,2968891
85.5,42.2,86.2,59.9,2026-06-06 20:20:00,2968891
83.8,44.8,83.8,60.1,2026-06-06 20:40:00,2968891
82.1,47.0,81.9,59.9,2026-06-06 21:00:00,2968891
80.9,49.2,80.8,60.1,2026-06-06 21:20:00,2968891
79.8,50.5,79.5,59.8,2026-06-06 21:40:00,2968891
79.2,52.2,79.2,60.1,2026-06-06 22:00:00,2968891
79.0,53.3,79.0,60.6,2026-06-06 22:20:00,2968891
78.4,53.9,78.1,60.3,2026-06-06 22:40:00,2968891
77.3,56.3,76.8,60.5,2026-06-06 23:00:00,2968891
76.3,58.1,75.9,60.5,2026-06-06 23:20:00,2968891
75.8,59.5,75.6,60.7,2026-06-06 23:40:00,2968891
75.3,60.7,75.2,60.8,2026-06-07 00:00:00,2968891
74.7,62.2,74.8,60.9,2026-06-07 00:20:00,2968891
74.1,63.1,74.3,60.7,2026-06-07 00:40:00,2968891
73.8,64.5,74.1,61.1,2026-06-07 01:00:00,2968891
73.2,66.2,73.6,61.2,2026-06-07 01:20:00,2968891
72.8,67.5,73.2,61.4,2026-06-07 01:40:00,2968891
72.3,68.6,72.7,61.4,2026-06-07 02:00:00,2968891
71.7,70.0,72.3,61.4,2026-06-07 02:20:00,2968891
71.3,71.3,72.0,61.5,2026-06-07 02:40:00,2968891
71.6,71.1,72.1,61.7,2026-06-07 03:00:00,2968891
71.4,71.4,72.0,61.7,2026-06-07 03:20:00,2968891
71.3,71.5,72.0,61.6,2026-06-07 03:40:00,2968891
70.9,72.4,71.8,61.6,2026-06-07 04:00:00,2968891
70.6,73.0,71.2,61.5,2026-06-07 04:20:00,2968891
70.1,74.0,70.5,61.4,2026-06-07 04:40:00,2968891
69.7,74.8,70.2,61.4,2026-06-07 05:00:00,2968891
69.3,75.5,69.8,61.3,2026-06-07 05:20:00,2968891
68.8,76.5,69.1,61.1,2026-06-07 05:40:00,2968891
68.4,78.0,68.7,61.2,2026-06-07 06:00:00,2968891
68.5,78.3,68.7,61.5,2026-06-07 06:20:00,2968891
69.3,78.4,69.8,62.2,2026-06-07 06:40:00,2968891
69.9,77.6,70.5,62.6,2026-06-07 07:00:00,2968891
71.0,76.7,72.0,63.3,2026-06-07 07:20:00,2968891
72.5,74.7,73.6,64.0,2026-06-07 07:40:00,2968891
74.5,72.1,75.6,64.9,2026-06-07 08:00:00,2968891
75.8,68.2,76.5,64.6,2026-06-07 08:20:00,2968891
76.5,67.5,77.2,64.9,2026-06-07 08:40:00,2968891
77.2,64.8,78.1,64.5,2026-06-07 09:00:00,2968891
78.8,64.1,80.6,65.7,2026-06-07 09:20:00,2968891
80.1,61.5,82.0,65.7,2026-06-07 09:40:00,2968891
81.2,57.3,82.8,64.6,2026-06-07 10:00:00,2968891
82.2,54.5,83.5,64.1,2026-06-07 10:20:00,2968891
83.0,53.6,84.9,64.5,2026-06-07 10:40:00,2968891
84.7,50.9,87.1,64.5,2026-06-07 11:00:00,2968891
85.9,50.1,89.1,65.2,2026-06-07 11:20:00,2968891
86.5,48.4,89.4,64.7,2026-06-07 11:40:00,2968891
87.4,45.8,89.8,64.0,2026-06-07 12:00:00,2968891
88.6,42.6,90.9,63.0,2026-06-07 12:20:00,2968891
89.0,39.9,90.7,61.5,2026-06-07 12:40:00,2968891
90.0,39.3,92.5,62.0,2026-06-07 13:00:00,2968891
92.7,37.8,96.3,63.2,2026-06-07 13:20:00,2968891
93.3,37.2,97.0,63.3,2026-06-07 13:40:00,2968891
94.0,33.5,96.3,61.0,2026-06-07 14:00:00,2968891
94.3,34.1,97.0,61.7,2026-06-07 14:20:00,2968891
94.3,34.2,97.0,61.8,2026-06-07 14:40:00,2968891
92.3,35.1,94.6,60.7,2026-06-07 15:00:00,2968891
93.5,36.6,97.0,63.0,2026-06-07 15:20:00,2968891
93.7,36.3,97.2,63.0,2026-06-07 15:40:00,2968891
93.7,35.5,96.8,62.3,2026-06-07 16:00:00,2968891
92.9,37.4,96.4,63.1,2026-06-07 16:20:00,2968891
93.8,35.8,97.3,62.7,2026-06-07 16:40:00,2968891
95.6,35.2,100.2,63.7,2026-06-07 17:00:00,2968891
93.9,37.0,98.1,63.7,2026-06-07 17:20:00,2968891
93.0,39.6,97.5,64.8,2026-06-07 17:40:00,2968891
92.0,41.1,96.6,65.0,2026-06-07 18:00:00,2968891
91.6,40.4,95.7,64.2,2026-06-07 18:20:00,2968891
91.6,40.6,95.7,64.3,2026-06-07 18:40:00,2968891
91.0,41.3,94.8,64.2,2026-06-07 19:00:00,2968891
90.3,41.5,93.7,63.7,2026-06-07 19:20:00,2968891
89.8,41.8,93.0,63.5,2026-06-07 19:40:00,2968891
88.9,42.2,91.4,63.0,2026-06-07 20:00:00,2968891
88.0,43.4,90.3,63.0,2026-06-07 20:20:00,2968891
87.7,43.0,89.6,62.5,2026-06-07 20:40:00,2968891
87.2,44.1,89.1,62.7,2026-06-07 21:00:00,2968891
86.5,45.5,88.2,62.9,2026-06-07 21:20:00,2968891
85.0,47.5,86.7,62.9,2026-06-07 21:40:00,2968891
84.0,49.9,85.8,63.3,2026-06-07 22:00:00,2968891
84.1,50.3,86.0,63.6,2026-06-07 22:20:00,2968891
83.5,50.9,85.3,63.4,2026-06-07 22:40:00,2968891
83.0,51.9,84.6,63.5,2026-06-07 23:00:00,2968891
82.6,52.8,84.0,63.6,2026-06-07 23:20:00,2968891
81.7,54.6,82.9,63.8,2026-06-07 23:40:00,2968891
81.6,55.8,82.9,64.3,2026-06-08 00:00:00,2968891
81.3,56.6,82.6,64.4,2026-06-08 00:20:00,2968891
80.8,57.7,82.4,64.5,2026-06-08 00:40:00,2968891
80.1,59.1,81.5,64.5,2026-06-08 01:00:00,2968891
79.5,60.5,81.0,64.7,2026-06-08 01:20:00,2968891
79.2,61.3,80.4,64.7,2026-06-08 01:40:00,2968891
79.1,61.8,80.4,64.8,2026-06-08 02:00:00,2968891
78.5,62.9,79.7,64.8,2026-06-08 02:20:00,2968891
77.5,64.8,78.4,64.7,2026-06-08 02:40:00,2968891
76.8,66.2,77.4,64.6,2026-06-08 03:00:00,2968891
76.6,67.4,77.2,65.0,2026-06-08 03:20:00,2968891
76.6,67.9,77.4,65.2,2026-06-08 03:40:00,2968891
76.9,67.7,77.9,65.4,2026-06-08 04:00:00,2968891
76.6,67.8,77.4,65.1,2026-06-08 04:20:00,2968891
75.6,69.9,76.5,65.0,2026-06-08 04:40:00,2968891
75.1,70.8,76.1,65.0,2026-06-08 05:00:00,2968891
74.6,72.3,75.6,65.1,2026-06-08 05:20:00,2968891
74.0,73.5,75.2,65.0,2026-06-08 05:40:00,2968891
73.8,74.4,75.0,65.1,2026-06-08 06:00:00,2968891
73.4,75.3,74.7,65.1,2026-06-08 06:20:00,2968891
73.5,76.3,74.7,65.5,2026-06-08 06:40:00,2968891
73.9,77.3,75.2,66.3,2026-06-08 07:00:00,2968891
75.5,74.5,76.8,66.9,2026-06-08 07:20:00,2968891
76.8,71.0,78.3,66.7,2026-06-08 07:40:00,2968891
78.2,69.2,80.2,67.3,2026-06-08 08:00:00,2968891
79.2,67.7,81.9,67.6,2026-06-08 08:20:00,2968891
80.5,65.6,83.5,67.9,2026-06-08 08:40:00,2968891
81.7,64.7,85.3,68.6,2026-06-08 09:00:00,2968891
83.2,61.0,87.1,68.4,2026-06-08 09:20:00,2968891
83.9,59.3,88.2,68.2,2026-06-08 09:40:00,2968891
85.0,58.5,90.0,68.8,2026-06-08 10:00:00,2968891
86.1,56.5,91.4,68.8,2026-06-08 10:20:00,2968891
87.0,54.5,92.3,68.6,2026-06-08 10:40:00,2968891
88.2,52.9,94.3,68.8,2026-06-08 11:00:00,2968891
88.0,51.8,93.4,68.1,2026-06-08 11:20:00,2968891
89.2,49.9,94.8,68.1,2026-06-08 11:40:00,2968891
90.2,47.8,96.1,67.7,2026-06-08 12:00:00,2968891
91.1,45.2,96.6,66.9,2026-06-08 12:20:00,2968891
91.6,44.1,97.3,66.7,2026-06-08 12:40:00,2968891
91.3,43.4,96.3,65.9,2026-06-08 13:00:00,2968891
91.5,43.2,96.4,66.0,2026-06-08 13:20:00,2968891
94.2,40.6,100.4,66.6,2026-06-08 13:40:00,2968891
92.7,41.1,97.9,65.6,2026-06-08 14:00:00,2968891
94.0,41.3,100.4,67.0,2026-06-08 14:20:00,2968891
94.1,41.0,100.6,66.8,2026-06-08 14:40:00,2968891
93.4,41.0,99.1,66.2,2026-06-08 15:00:00,2968891
93.0,41.6,98.4,66.2,2026-06-08 15:20:00,2968891
92.6,41.9,98.1,66.0,2026-06-08 15:40:00,2968891
93.0,41.5,98.2,66.1,2026-06-08 16:00:00,2968891
93.3,41.2,99.0,66.2,2026-06-08 16:20:00,2968891
92.4,40.6,97.0,64.9,2026-06-08 16:40:00,2968891
94.8,38.2,100.0,65.3,2026-06-08 17:00:00,2968891
92.4,39.0,96.4,63.9,2026-06-08 17:20:00,2968891
92.2,38.7,95.9,63.5,2026-06-08 17:40:00,2968891
91.6,39.1,95.2,63.2,2026-06-08 18:00:00,2968891
90.1,40.0,93.0,62.6,2026-06-08 18:20:00,2968891
89.3,41.0,91.8,62.5,2026-06-08 18:40:00,2968891
88.7,42.2,90.7,62.8,2026-06-08 19:00:00,2968891
88.0,42.9,90.1,62.7,2026-06-08 19:20:00,2968891
87.0,45.5,89.1,63.4,2026-06-08 19:40:00,2968891
85.6,48.5,87.8,64.0,2026-06-08 20:00:00,2968891
84.4,50.5,86.7,64.1,2026-06-08 20:20:00,2968891
83.2,52.4,84.9,64.0,2026-06-08 20:40:00,2968891
82.0,54.6,83.3,64.1,2026-06-08 21:00:00,2968891
81.1,56.3,82.2,64.1,2026-06-08 21:20:00,2968891
80.0,57.4,81.0,63.6,2026-06-08 21:40:00,2968891
79.1,59.1,79.9,63.6,2026-06-08 22:00:00,2968891
78.0,61.1,78.6,63.6,2026-06-08 22:20:00,2968891
76.7,63.0,77.0,63.1,2026-06-08 22:40:00,2968891
75.4,64.2,75.7,62.4,2026-06-08 23:00:00,2968891
74.4,65.2,74.7,61.9,2026-06-08 23:20:00,2968891
73.2,65.8,73.6,61.1,2026-06-08 23:40:00,2968891
72.3,66.9,72.7,60.7,2026-06-09 00:00:00,2968891
71.8,68.2,72.3,60.7,2026-06-09 00:20:00,2968891
71.3,69.1,72.0,60.6,2026-06-09 00:40:00,2968891
70.7,69.7,71.1,60.3,2026-06-09 01:00:00,2968891
70.0,69.0,70.2,59.4,2026-06-09 01:20:00,2968891
69.3,67.1,69.3,57.9,2026-06-09 01:40:00,2968891
68.7,65.9,68.4,56.9,2026-06-09 02:00:00,2968891
68.5,67.0,68.0,57.0,2026-06-09 02:20:00,2968891
68.2,68.1,67.8,57.3,2026-06-09 02:40:00,2968891
67.9,70.3,67.5,57.8,2026-06-09 03:00:00,2968891
67.8,71.3,67.3,58.2,2026-06-09 03:20:00,2968891
67.7,72.3,67.5,58.5,2026-06-09 03:40:00,2968891
67.6,72.4,67.1,58.4,2026-06-09 04:00:00,2968891
67.7,73.0,67.5,58.8,2026-06-09 04:20:00,2968891
67.3,71.7,66.9,57.8,2026-06-09 04:40:00,2968891
67.0,69.5,66.2,56.6,2026-06-09 05:00:00,2968891
66.8,69.5,66.0,56.5,2026-06-09 05:20:00,2968891
66.4,69.6,65.5,56.2,2026-06-09 05:40:00,2968891
66.0,69.6,64.8,55.8,2026-06-09 06:00:00,2968891
66.1,69.3,64.9,55.7,2026-06-09 06:20:00,2968891
66.2,69.0,64.9,55.7,2026-06-09 06:40:00,2968891
66.3,69.0,65.1,55.8,2026-06-09 07:00:00,2968891
67.5,67.1,66.7,56.2,2026-06-09 07:20:00,2968891
67.1,67.8,66.4,56.1,2026-06-09 07:40:00,2968891
67.2,68.3,66.4,56.4,2026-06-09 08:00:00,2968891
68.3,67.9,67.8,57.3,2026-06-09 08:20:00,2968891
68.9,67.1,68.7,57.6,2026-06-09 08:40:00,2968891
69.8,66.6,70.0,58.2,2026-06-09 09:00:00,2968891
70.4,65.5,70.5,58.3,2026-06-09 09:20:00,2968891
71.8,65.7,72.1,59.7,2026-06-09 09:40:00,2968891
73.2,65.0,73.4,60.7,2026-06-09 10:00:00,2968891
73.3,63.6,73.6,60.2,2026-06-09 10:20:00,2968891
74.7,63.7,75.0,61.6,2026-06-09 10:40:00,2968891
75.8,60.8,75.7,61.3,2026-06-09 11:00:00,2968891
77.9,57.4,78.1,61.7,2026-06-09 11:20:00,2968891
78.9,56.1,79.2,61.9,2026-06-09 11:40:00,2968891
80.0,56.2,80.8,63.0,2026-06-09 12:00:00,2968891
79.8,56.1,80.4,62.7,2026-06-09 12:20:00,2968891
80.6,57.2,82.0,64.1,2026-06-09 12:40:00,2968891
80.3,56.8,81.5,63.6,2026-06-09 13:00:00,2968891
82.0,57.6,84.2,65.6,2026-06-09 13:20:00,2968891
83.9,59.1,88.0,68.1,2026-06-09 13:40:00,2968891
83.5,60.0,87.6,68.2,2026-06-09 14:00:00,2968891
83.2,60.6,86.9,68.2,2026-06-09 14:20:00,2968891
83.4,57.4,86.4,66.7,2026-06-09 14:40:00,2968891
84.4,57.4,88.5,67.7,2026-06-09 15:00:00,2968891
84.5,56.6,88.3,67.4,2026-06-09 15:20:00,2968891
85.7,56.6,90.7,68.5,2026-06-09 15:40:00,2968891
86.7,54.9,91.9,68.6,2026-06-09 16:00:00,2968891
86.2,54.5,91.0,67.9,2026-06-09 16:20:00,2968891
86.6,55.5,92.1,68.8,2026-06-09 16:40:00,2968891
87.1,55.8,93.2,69.4,2026-06-09 17:00:00,2968891
86.4,56.3,91.9,69.0,2026-06-09 17:20:00,2968891
85.9,55.9,90.9,68.3,2026-06-09 17:40:00,2968891
85.7,56.5,90.7,68.5,2026-06-09 18:00:00,2968891
85.3,57.7,90.1,68.7,2026-06-09 18:20:00,2968891
85.0,58.4,90.0,68.8,2026-06-09 18:40:00,2968891
84.7,58.6,89.2,68.6,2026-06-09 19:00:00,2968891
84.3,59.9,88.9,68.8,2026-06-09 19:20:00,2968891
83.9,60.6,88.3,68.8,2026-06-09 19:40:00,2968891
83.4,61.6,87.6,68.9,2026-06-09 20:00:00,2968891
82.8,62.9,86.9,68.8,2026-06-09 20:20:00,2968891
82.0,64.1,85.8,68.7,2026-06-09 20:40:00,2968891
81.4,65.5,84.9,68.8,2026-06-09 21:00:00,2968891
80.9,66.1,84.2,68.5,2026-06-09 21:20:00,2968891
80.4,67.0,83.5,68.5,2026-06-09 21:40:00,2968891
79.5,68.7,82.2,68.3,2026-06-09 22:00:00,2968891
79.1,70.3,81.9,68.6,2026-06-09 22:20:00,2968891
79.0,70.6,82.0,68.6,2026-06-09 22:40:00,2968891
79.1,71.3,82.0,69.0,2026-06-09 23:00:00,2968891
79.1,72.1,82.2,69.3,2026-06-09 23:20:00,2968891
79.2,73.8,82.9,70.1,2026-06-09 23:40:00,2968891
79.1,75.3,82.9,70.6,2026-06-10 00:00:00,2968891
78.8,76.1,82.6,70.6,2026-06-10 00:20:00,2968891
78.3,77.6,81.9,70.8,2026-06-10 00:40:00,2968891
78.0,78.5,81.3,70.7,2026-06-10 01:00:00,2968891
77.7,79.9,81.0,71.0,2026-06-10 01:20:00,2968891
77.3,80.3,80.2,70.8,2026-06-10 01:40:00,2968891
77.0,81.0,79.7,70.7,2026-06-10 02:00:00,2968891
76.5,81.7,79.0,70.5,2026-06-10 02:20:00,2968891
76.2,82.3,78.6,70.4,2026-06-10 02:40:00,2968891
75.7,83.1,77.9,70.2,2026-06-10 03:00:00,2968891
75.3,83.7,77.7,70.1,2026-06-10 03:20:00,2968891
75.2,84.2,77.7,70.1,2026-06-10 03:40:00,2968891
75.2,84.5,77.5,70.2,2026-06-10 04:00:00,2968891
74.9,84.8,77.4,70.1,2026-06-10 04:20:00,2968891
74.7,85.4,77.2,70.0,2026-06-10 04:40:00,2968891
74.6,85.6,76.8,70.0,2026-06-10 05:00:00,2968891
74.6,85.8,76.8,70.0,2026-06-10 05:20:00,2968891
74.5,86.1,77.0,70.1,2026-06-10 05:40:00,2968891
74.6,86.2,77.0,70.2,2026-06-10 06:00:00,2968891
74.8,86.2,77.2,70.4,2026-06-10 06:20:00,2968891
75.0,86.2,77.5,70.6,2026-06-10 06:40:00,2968891
75.3,86.0,77.9,70.8,2026-06-10 07:00:00,2968891
75.4,85.6,78.1,70.8,2026-06-10 07:20:00,2968891
75.6,85.6,78.3,70.9,2026-06-10 07:40:00,2968891
75.9,85.5,78.4,71.2,2026-06-10 08:00:00,2968891
76.4,84.1,79.0,71.2,2026-06-10 08:20:00,2968891
76.8,83.0,79.5,71.2,2026-06-10 08:40:00,2968891
77.5,81.5,80.8,71.4,2026-06-10 09:00:00,2968891
78.8,79.2,83.3,71.8,2026-06-10 09:20:00,2968891
79.3,77.8,83.8,71.8,2026-06-10 09:40:00,2968891
80.5,76.5,85.8,72.4,2026-06-10 10:00:00,2968891
81.8,74.4,87.6,72.8,2026-06-10 10:20:00,2968891
82.7,71.5,88.7,72.5,2026-06-10 10:40:00,2968891
83.5,67.1,89.6,71.5,2026-06-10 11:00:00,2968891
84.0,67.9,90.9,72.2,2026-06-10 11:20:00,2968891
84.2,69.0,91.6,72.9,2026-06-10 11:40:00,2968891
85.5,64.7,93.2,72.2,2026-06-10 12:00:00,2968891
85.6,61.0,91.9,70.6,2026-06-10 12:20:00,2968891
86.0,58.8,91.9,69.9,2026-06-10 12:40:00,2968891
86.3,59.1,92.7,70.3,2026-06-10 13:00:00,2968891
87.1,56.7,93.6,69.9,2026-06-10 13:20:00,2968891
90.1,51.8,98.2,70.0,2026-06-10 13:40:00,2968891
89.3,52.1,96.3,69.4,2026-06-10 14:00:00,2968891
88.8,54.0,95.9,70.0,2026-06-10 14:20:00,2968891
89.1,54.2,96.8,70.4,2026-06-10 14:40:00,2968891
89.8,51.8,97.3,69.7,2026-06-10 15:00:00,2968891
89.7,51.3,96.6,69.3,2026-06-10 15:20:00,2968891
90.4,50.5,98.1,69.5,2026-06-10 15:40:00,2968891
90.0,50.6,97.2,69.2,2026-06-10 16:00:00,2968891
91.0,51.2,99.5,70.4,2026-06-10 16:20:00,2968891
90.9,50.7,99.3,70.1,2026-06-10 16:40:00,2968891
93.4,51.2,104.9,72.7,2026-06-10 17:00:00,2968891
90.7,49.6,98.1,69.3,2026-06-10 17:20:00,2968891
90.3,51.7,98.4,70.1,2026-06-10 17:40:00,2968891
90.7,51.2,99.0,70.2,2026-06-10 18:00:00,2968891
90.4,50.7,98.1,69.7,2026-06-10 18:20:00,2968891
89.7,51.1,96.6,69.2,2026-06-10 18:40:00,2968891
89.4,51.2,95.9,69.0,2026-06-10 19:00:00,2968891
89.6,51.7,96.8,69.5,2026-06-10 19:20:00,2968891
89.2,51.9,95.9,69.2,2026-06-10 19:40:00,2968891
88.4,53.0,94.6,69.2,2026-06-10 20:00:00,2968891
87.5,54.7,93.6,69.2,2026-06-10 20:20:00,2968891
86.6,56.4,92.5,69.3,2026-06-10 20:40:00,2968891
85.8,58.2,91.2,69.4,2026-06-10 21:00:00,2968891
85.6,58.6,91.0,69.5,2026-06-10 21:20:00,2968891
85.1,59.7,90.7,69.5,2026-06-10 21:40:00,2968891
84.5,61.7,90.0,69.9,2026-06-10 22:00:00,2968891
83.8,63.0,88.9,69.8,2026-06-10 22:20:00,2968891
82.8,64.9,87.4,69.8,2026-06-10 22:40:00,2968891
82.8,65.6,87.6,70.1,2026-06-10 23:00:00,2968891
82.2,66.5,86.7,70.0,2026-06-10 23:20:00,2968891
81.8,67.6,86.0,70.0,2026-06-10 23:40:00,2968891
81.6,68.2,85.8,70.1,2026-06-11 00:00:00,2968891
81.4,68.7,85.6,70.1,2026-06-11 00:20:00,2968891
80.5,70.2,84.4,69.9,2026-06-11 00:40:00,2968891
80.5,70.7,84.6,70.1,2026-06-11 01:00:00,2968891
80.2,71.2,84.0,70.0,2026-06-11 01:20:00,2968891
79.5,72.4,83.3,69.9,2026-06-11 01:40:00,2968891
78.9,73.7,82.2,69.8,2026-06-11 02:00:00,2968891
78.3,75.0,81.5,69.7,2026-06-11 02:20:00,2968891
78.2,74.9,81.0,69.6,2026-06-11 02:40:00,2968891
78.0,75.1,81.0,69.5,2026-06-11 03:00:00,2968891
77.5,75.5,79.9,69.1,2026-06-11 03:20:00,2968891
77.2,75.9,79.5,69.0,2026-06-11 03:40:00,2968891
76.8,76.6,79.0,68.9,2026-06-11 04:00:00,2968891
76.5,76.9,78.4,68.7,2026-06-11 04:20:00,2968891
76.0,77.7,77.7,68.5,2026-06-11 04:40:00,2968891
75.8,78.0,77.7,68.5,2026-06-11 05:00:00,2968891
75.5,78.2,77.2,68.2,2026-06-11 05:20:00,2968891
75.2,78.4,77.0,68.0,2026-06-11 05:40:00,2968891
75.1,78.3,76.8,67.9,2026-06-11 06:00:00,2968891
75.1,78.3,76.8,67.9,2026-06-11 06:20:00,2968891
75.2,78.4,76.8,68.0,2026-06-11 06:40:00,2968891
75.6,77.9,77.5,68.2,2026-06-11 07:00:00,2968891
76.2,77.3,77.9,68.6,2026-06-11 07:20:00,2968891
77.2,76.0,79.5,69.0,2026-06-11 07:40:00,2968891
78.2,74.8,81.0,69.5,2026-06-11 08:00:00,2968891
79.5,73.4,83.1,70.2,2026-06-11 08:20:00,2968891
80.5,71.8,84.7,70.6,2026-06-11 08:40:00,2968891
81.4,71.2,86.4,71.2,2026-06-11 09:00:00,2968891
82.4,70.3,87.8,71.7,2026-06-11 09:20:00,2968891
83.6,69.2,90.3,72.4,2026-06-11 09:40:00,2968891
84.8,67.0,92.5,72.6,2026-06-11 10:00:00,2968891
86.4,65.1,95.5,73.3,2026-06-11 10:20:00,2968891
86.8,62.7,95.2,72.6,2026-06-11 10:40:00,2968891
87.7,60.5,96.1,72.3,2026-06-11 11:00:00,2968891
88.8,60.2,98.6,73.2,2026-06-11 11:20:00,2968891
89.9,58.1,100.2,73.1,2026-06-11 11:40:00,2968891
91.1,53.8,101.3,72.1,2026-06-11 12:00:00,2968891
91.4,52.0,100.6,71.3,2026-06-11 12:20:00,2968891
92.7,50.3,102.9,71.5,2026-06-11 12:40:00,2968891
94.0,47.4,103.8,71.0,2026-06-11 13:00:00,2968891
97.0,45.2,108.9,72.2,2026-06-11 13:20:00,2968891
95.9,43.8,106.0,70.4,2026-06-11 13:40:00,2968891
98.7,41.7,110.5,71.3,2026-06-11 14:00:00,2968891
98.6,42.1,110.7,71.6,2026-06-11 14:20:00,2968891
97.1,40.7,106.3,69.2,2026-06-11 14:40:00,2968891
97.9,41.6,108.9,70.6,2026-06-11 15:00:00,2968891
96.5,40.5,105.1,68.6,2026-06-11 15:20:00,2968891
99.0,37.7,108.3,68.7,2026-06-11 15:40:00,2968891
98.8,37.8,108.1,68.7,2026-06-11 16:00:00,2968891
98.3,39.3,108.0,69.3,2026-06-11 16:20:00,2968891
96.3,40.9,105.1,68.6,2026-06-11 16:40:00,2968891
97.9,41.4,108.7,70.4,2026-06-11 17:00:00,2968891
95.9,43.5,105.8,70.2,2026-06-11 17:20:00,2968891
95.6,44.0,105.3,70.2,2026-06-11 17:40:00,2968891
94.7,44.4,103.6,69.7,2026-06-11 18:00:00,2968891
79.0,77.2,83.3,71.3,2026-06-11 18:20:00,2968891
76.8,89.0,80.8,73.3,2026-06-11 18:40:00,2968891
77.8,90.7,83.1,74.8,2026-06-11 19:00:00,2968891
78.6,92.7,85.6,76.3,2026-06-11 19:20:00,2968891
79.1,92.5,86.4,76.7,2026-06-11 19:40:00,2968891
78.7,92.5,85.6,76.3,2026-06-11 20:00:00,2968891
78.7,93.7,85.8,76.7,2026-06-11 20:20:00,2968891
78.0,92.9,84.0,75.7,2026-06-11 20:40:00,2968891
78.0,93.7,84.0,76.0,2026-06-11 21:00:00,2968891
78.0,93.6,84.0,76.0,2026-06-11 21:20:00,2968891
78.1,92.3,84.2,75.7,2026-06-11 21:40:00,2968891
78.9,90.8,85.6,75.9,2026-06-11 22:00:00,2968891
78.5,91.7,85.1,75.9,2026-06-11 22:20:00,2968891
78.3,91.0,84.4,75.4,2026-06-11 22:40:00,2968891
78.6,88.5,84.4,74.9,2026-06-11 23:00:00,2968891
79.7,85.3,86.2,74.9,2026-06-11 23:20:00,2968891
79.9,80.4,85.8,73.3,2026-06-11 23:40:00,2968891
80.6,76.5,86.2,72.5,2026-06-12 00:00:00,2968891
81.2,73.2,86.4,71.8,2026-06-12 00:20:00,2968891
80.9,73.5,85.8,71.6,2026-06-12 00:40:00,2968891
80.3,75.1,85.3,71.7,2026-06-12 01:00:00,2968891
80.2,74.9,84.7,71.5,2026-06-12 01:20:00,2968891
79.2,78.7,84.0,72.0,2026-06-12 01:40:00,2968891
78.0,81.9,82.0,72.1,2026-06-12 02:00:00,2968891
78.4,81.4,82.6,72.2,2026-06-12 02:20:00,2968891
78.0,82.0,82.0,72.1,2026-06-12 02:40:00,2968891
77.7,82.1,81.3,71.8,2026-06-12 03:00:00,2968891
78.0,82.4,82.0,72.2,2026-06-12 03:20:00,2968891
77.8,82.4,81.7,72.0,2026-06-12 03:40:00,2968891
78.2,82.1,82.4,72.3,2026-06-12 04:00:00,2968891
78.0,82.6,82.0,72.2,2026-06-12 04:20:00,2968891
77.4,83.7,81.1,72.1,2026-06-12 04:40:00,2968891
76.8,84.9,80.2,72.0,2026-06-12 05:00:00,2968891
76.8,85.4,80.2,72.1,2026-06-12 05:20:00,2968891
76.6,86.3,79.7,72.2,2026-06-12 05:40:00,2968891
76.1,87.5,79.3,72.1,2026-06-12 06:00:00,2968891
76.1,88.2,79.3,72.3,2026-06-12 06:20:00,2968891
77.0,86.8,80.8,72.8,2026-06-12 06:40:00,2968891
77.6,86.4,82.0,73.2,2026-06-12 07:00:00,2968891
79.5,83.3,85.3,73.9,2026-06-12 07:20:00,2968891
81.0,80.7,88.0,74.5,2026-06-12 07:40:00,2968891
82.0,78.5,89.6,74.7,2026-06-12 08:00:00,2968891
82.3,76.5,89.4,74.2,2026-06-12 08:20:00,2968891
82.8,76.1,90.5,74.4,2026-06-12 08:40:00,2968891
83.7,75.3,92.7,75.0,2026-06-12 09:00:00,2968891
85.3,72.7,95.9,75.5,2026-06-12 09:20:00,2968891
87.3,66.2,98.1,74.6,2026-06-12 09:40:00,2968891
88.4,62.2,98.6,73.8,2026-06-12 10:00:00,2968891
89.5,59.4,100.0,73.5,2026-06-12 10:20:00,2968891
90.3,57.0,101.1,73.0,2026-06-12 10:40:00,2968891
91.2,52.8,101.1,71.6,2026-06-12 11:00:00,2968891
91.9,49.7,100.6,70.4,2026-06-12 11:20:00,2968891
93.4,48.1,102.6,70.8,2026-06-12 11:40:00,2968891
94.0,45.3,102.4,69.6,2026-06-12 12:00:00,2968891
95.1,45.6,104.9,70.8,2026-06-12 12:20:00,2968891
95.6,44.5,105.6,70.5,2026-06-12 12:40:00,2968891
96.2,42.1,105.4,69.4,2026-06-12 13:00:00,2968891
98.3,40.4,108.7,70.1,2026-06-12 13:20:00,2968891
98.5,35.5,105.6,66.5,2026-06-12 13:40:00,2968891
101.0,34.7,110.1,68.0,2026-06-12 14:00:00,2968891
100.0,33.2,106.7,65.8,2026-06-12 14:20:00,2968891
100.1,35.2,108.7,67.7,2026-06-12 14:40:00,2968891
97.1,39.1,105.4,68.1,2026-06-12 15:00:00,2968891
99.8,38.3,110.3,69.9,2026-06-12 15:20:00,2968891
100.4,33.8,108.0,66.7,2026-06-12 15:40:00,2968891
99.8,34.5,107.4,66.9,2026-06-12 16:00:00,2968891
100.3,36.8,110.1,69.1,2026-06-12 16:20:00,2968891
100.6,35.4,109.4,68.2,2026-06-12 16:40:00,2968891
99.3,34.3,106.2,66.2,2026-06-12 17:00:00,2968891
100.2,36.3,109.9,68.7,2026-06-12 17:20:00,2968891
99.1,35.1,106.3,66.7,2026-06-12 17:40:00,2968891
98.8,36.3,106.9,67.4,2026-06-12 18:00:00,2968891
99.1,34.7,106.2,66.4,2026-06-12 18:20:00,2968891
98.4,36.1,106.0,66.9,2026-06-12 18:40:00,2968891
97.4,38.0,105.3,67.5,2026-06-12 19:00:00,2968891
96.9,38.4,104.5,67.4,2026-06-12 19:20:00,2968891
96.4,38.9,103.8,67.2,2026-06-12 19:40:00,2968891
95.8,39.8,103.3,67.4,2026-06-12 20:00:00,2968891
94.6,41.9,101.8,67.9,2026-06-12 20:20:00,2968891
93.8,44.8,101.8,69.0,2026-06-12 20:40:00,2968891
91.5,46.8,98.2,68.3,2026-06-12 21:00:00,2968891
90.9,48.3,98.1,68.6,2026-06-12 21:20:00,2968891
90.1,50.2,97.0,69.0,2026-06-12 21:40:00,2968891
89.9,51.3,97.0,69.5,2026-06-12 22:00:00,2968891
88.2,53.0,94.3,69.0,2026-06-12 22:20:00,2968891
87.4,55.2,93.4,69.3,2026-06-12 22:40:00,2968891
88.7,50.0,93.9,67.7,2026-06-12 23:00:00,2968891
88.5,48.8,93.4,66.8,2026-06-12 23:20:00,2968891
87.7,46.7,90.7,64.8,2026-06-12 23:40:00,2968891
86.6,47.8,89.4,64.5,2026-06-13 00:00:00,2968891
85.5,49.2,88.0,64.3,2026-06-13 00:20:00,2968891
84.5,51.6,86.9,64.7,2026-06-13 00:40:00,2968891
83.8,53.6,86.2,65.1,2026-06-13 01:00:00,2968891
82.8,56.3,85.1,65.7,2026-06-13 01:20:00,2968891
82.4,58.6,84.7,66.4,2026-06-13 01:40:00,2968891
82.0,57.7,84.2,65.7,2026-06-13 02:00:00,2968891
81.8,57.9,83.7,65.6,2026-06-13 02:20:00,2968891
81.0,60.8,83.3,66.2,2026-06-13 02:40:00,2968891
80.3,61.0,82.2,65.6,2026-06-13 03:00:00,2968891
79.6,62.9,81.5,65.9,2026-06-13 03:20:00,2968891
78.8,64.8,80.6,65.9,2026-06-13 03:40:00,2968891
78.4,66.2,80.1,66.2,2026-06-13 04:00:00,2968891
78.1,67.0,79.9,66.2,2026-06-13 04:20:00,2968891
77.8,67.1,79.2,66.0,2026-06-13 04:40:00,2968891
77.6,68.0,79.2,66.2,2026-06-13 05:00:00,2968891
77.2,68.9,78.6,66.3,2026-06-13 05:20:00,2968891
76.8,70.7,77.9,66.6,2026-06-13 05:40:00,2968891
76.5,70.8,77.7,66.3,2026-06-13 06:00:00,2968891
76.0,72.1,77.2,66.3,2026-06-13 06:20:00,2968891
75.9,73.4,77.0,66.8,2026-06-13 06:40:00,2968891
76.2,74.1,77.5,67.4,2026-06-13 07:00:00,2968891
77.1,73.8,79.0,68.1,2026-06-13 07:20:00,2968891
79.1,70.8,82.0,68.8,2026-06-13 07:40:00,2968891
80.5,67.3,83.8,68.7,2026-06-13 08:00:00,2968891
81.8,65.1,85.5,68.9,2026-06-13 08:20:00,2968891
82.8,63.0,86.9,68.9,2026-06-13 08:40:00,2968891
83.5,62.1,88.2,69.2,2026-06-13 09:00:00,2968891
84.1,60.8,88.9,69.1,2026-06-13 09:20:00,2968891
84.9,59.7,90.3,69.3,2026-06-13 09:40:00,2968891
85.9,59.2,92.1,70.0,2026-06-13 10:00:00,2968891
86.8,58.4,93.6,70.4,2026-06-13 10:20:00,2968891
87.5,56.4,94.1,70.1,2026-06-13 10:40:00,2968891
87.4,56.2,93.7,69.9,2026-06-13 11:00:00,2968891
87.7,54.6,93.9,69.4,2026-06-13 11:20:00,2968891
89.0,53.7,96.1,70.0,2026-06-13 11:40:00,2968891
90.0,53.0,98.4,70.6,2026-06-13 12:00:00,2968891
90.4,52.6,99.0,70.7,2026-06-13 12:20:00,2968891
91.0,48.1,97.9,68.6,2026-06-13 12:40:00,2968891
91.2,50.3,99.7,70.2,2026-06-13 13:00:00,2968891
91.3,49.2,99.1,69.6,2026-06-13 13:20:00,2968891
96.4,47.3,109.4,73.1,2026-06-13 13:40:00,2968891
94.7,43.0,102.7,68.7,2026-06-13 14:00:00,2968891
92.6,46.8,100.4,69.3,2026-06-13 14:20:00,2968891
93.1,45.3,100.6,68.8,2026-06-13 14:40:00,2968891
92.6,48.1,101.1,70.1,2026-06-13 15:00:00,2968891
92.2,47.7,100.2,69.4,2026-06-13 15:20:00,2968891
94.0,44.4,102.0,69.0,2026-06-13 15:40:00,2968891
95.0,43.4,103.8,69.3,2026-06-13 16:00:00,2968891
93.4,44.5,100.9,68.6,2026-06-13 16:20:00,2968891
95.4,40.6,102.9,67.6,2026-06-13 16:40:00,2968891
95.8,42.4,104.7,69.3,2026-06-13 17:00:00,2968891
93.3,44.1,100.4,68.2,2026-06-13 17:20:00,2968891
93.9,43.1,101.3,68.1,2026-06-13 17:40:00,2968891
93.8,43.8,101.3,68.5,2026-06-13 18:00:00,2968891
94.2,43.6,101.8,68.6,2026-06-13 18:20:00,2968891
94.8,44.1,103.5,69.5,2026-06-13 18:40:00,2968891
93.9,44.4,102.0,68.9,2026-06-13 19:00:00,2968891
93.1,45.3,100.8,68.8,2026-06-13 19:20:00,2968891
92.4,45.5,99.3,68.2,2026-06-13 19:40:00,2968891
91.4,48.5,98.8,69.2,2026-06-13 20:00:00,2968891
90.4,50.7,98.1,69.6,2026-06-13 20:20:00,2968891
89.5,51.3,96.3,69.2,2026-06-13 20:40:00,2968891
88.1,55.4,94.8,70.2,2026-06-13 21:00:00,2968891
84.4,61.9,89.6,69.9,2026-06-13 21:20:00,2968891
82.6,63.6,86.7,69.0,2026-06-13 21:40:00,2968891
78.3,74.2,81.3,69.4,2026-06-13 22:00:00,2968891
77.7,77.1,80.8,70.0,2026-06-13 22:20:00,2968891
76.9,79.2,79.5,70.0,2026-06-13 22:40:00,2968891
76.7,79.5,79.2,69.9,2026-06-13 23:00:00,2968891
77.1,78.4,79.5,69.8,2026-06-13 23:20:00,2968891
77.7,76.7,80.4,69.8,2026-06-13 23:40:00,2968891
78.3,75.0,81.3,69.7,2026-06-14 00:00:00,2968891
78.0,75.3,81.0,69.5,2026-06-14 00:20:00,2968891
77.6,75.8,80.2,69.4,2026-06-14 00:40:00,2968891
77.2,77.6,79.7,69.6,2026-06-14 01:00:00,2968891
76.5,79.7,78.8,69.7,2026-06-14 01:20:00,2968891
76.0,80.7,78.3,69.6,2026-06-14 01:40:00,2968891
75.7,81.3,77.7,69.6,2026-06-14 02:00:00,2968891
75.2,82.3,77.5,69.4,2026-06-14 02:20:00,2968891
74.9,83.2,77.2,69.4,2026-06-14 02:40:00,2968891
74.6,84.3,76.8,69.5,2026-06-14 03:00:00,2968891
73.9,85.8,75.9,69.4,2026-06-14 03:20:00,2968891
73.5,86.8,75.7,69.3,2026-06-14 03:40:00,2968891
73.5,87.2,75.7,69.4,2026-06-14 04:00:00,2968891
73.0,88.7,75.0,69.4,2026-06-14 04:20:00,2968891
72.6,89.5,74.7,69.3,2026-06-14 04:40:00,2968891
72.6,89.8,74.7,69.4,2026-06-14 05:00:00,2968891
72.6,90.7,74.8,69.7,2026-06-14 05:20:00,2968891
72.6,90.5,74.8,69.6,2026-06-14 05:40:00,2968891
72.2,91.3,74.3,69.5,2026-06-14 06:00:00,2968891
72.2,91.2,74.3,69.5,2026-06-14 06:20:00,2968891
72.3,91.7,74.7,69.8,2026-06-14 06:40:00,2968891
73.0,91.8,75.4,70.4,2026-06-14 07:00:00,2968891
74.0,90.5,76.8,71.1,2026-06-14 07:20:00,2968891
75.1,89.0,78.1,71.6,2026-06-14 07:40:00,2968891
76.1,87.3,79.3,72.1,2026-06-14 08:00:00,2968891
77.3,84.5,80.8,72.2,2026-06-14 08:20:00,2968891
78.8,82.4,84.0,73.0,2026-06-14 08:40:00,2968891
79.6,81.4,85.3,73.4,2026-06-14 09:00:00,2968891
80.6,79.0,86.5,73.4,2026-06-14 09:20:00,2968891
81.6,77.7,88.3,73.9,2026-06-14 09:40:00,2968891
82.2,75.7,88.9,73.7,2026-06-14 10:00:00,2968891
83.6,71.9,91.2,73.6,2026-06-14 10:20:00,2968891
85.1,68.4,93.9,73.5,2026-06-14 10:40:00,2968891
86.6,64.6,95.7,73.3,2026-06-14 11:00:00,2968891
88.5,61.1,98.1,73.4,2026-06-14 11:20:00,2968891
89.5,60.9,100.8,74.2,2026-06-14 11:40:00,2968891
90.0,59.7,101.5,74.1,2026-06-14 12:00:00,2968891
91.2,59.0,104.4,74.9,2026-06-14 12:20:00,2968891
92.6,53.4,104.4,73.1,2026-06-14 12:40:00,2968891
90.6,55.1,100.6,72.3,2026-06-14 13:00:00,2968891
92.4,53.9,104.2,73.2,2026-06-14 13:20:00,2968891
93.5,51.6,105.1,73.0,2026-06-14 13:40:00,2968891
95.3,47.2,106.7,72.0,2026-06-14 14:00:00,2968891
96.5,38.4,103.8,67.0,2026-06-14 14:20:00,2968891
98.6,40.0,109.2,70.1,2026-06-14 14:40:00,2968891
97.7,37.8,106.0,67.6,2026-06-14 15:00:00,2968891
97.4,39.7,106.5,68.9,2026-06-14 15:20:00,2968891
96.3,38.9,103.8,67.2,2026-06-14 15:40:00,2968891
96.4,38.1,103.3,66.7,2026-06-14 16:00:00,2968891
95.8,40.1,103.5,67.7,2026-06-14 16:20:00,2968891
96.2,41.3,104.9,68.8,2026-06-14 16:40:00,2968891
95.7,41.8,104.4,68.8,2026-06-14 17:00:00,2968891
96.3,42.2,105.8,69.5,2026-06-14 17:20:00,2968891
96.4,35.1,101.5,64.3,2026-06-14 17:40:00,2968891
96.9,34.4,102.0,64.2,2026-06-14 18:00:00,2968891
96.5,35.3,101.8,64.6,2026-06-14 18:20:00,2968891
95.7,35.9,100.6,64.4,2026-06-14 18:40:00,2968891
94.4,40.8,100.8,66.9,2026-06-14 19:00:00,2968891
86.5,57.0,92.3,69.4,2026-06-14 19:20:00,2968891
77.9,81.8,81.9,71.9,2026-06-14 19:40:00,2968891
77.5,86.7,81.7,73.2,2026-06-14 20:00:00,2968891
77.6,88.8,82.4,74.0,2026-06-14 20:20:00,2968891
77.3,88.7,81.5,73.7,2026-06-14 20:40:00,2968891
77.1,85.6,80.6,72.4,2026-06-14 21:00:00,2968891
77.5,84.5,81.1,72.4,2026-06-14 21:20:00,2968891
79.2,81.3,84.4,73.0,2026-06-14 21:40:00,2968891
80.0,78.4,85.3,72.7,2026-06-14 22:00:00,2968891
80.0,77.7,85.1,72.4,2026-06-14 22:20:00,2968891
80.3,76.5,85.6,72.3,2026-06-14 22:40:00,2968891
80.2,75.6,85.1,71.8,2026-06-14 23:00:00,2968891
79.8,76.4,84.4,71.7,2026-06-14 23:20:00,2968891
80.0,75.2,84.6,71.5,2026-06-14 23:40:00,2968891
79.8,75.4,84.2,71.3,2026-06-15 00:00:00,2968891
79.4,77.0,84.0,71.6,2026-06-15 00:20:00,2968891
79.4,76.4,83.8,71.3,2026-06-15 00:40:00,2968891
78.9,77.5,82.9,71.3,2026-06-15 01:00:00,2968891
78.8,78.3,83.1,71.5,2026-06-15 01:20:00,2968891
78.9,78.5,83.1,71.6,2026-06-15 01:40:00,2968891
78.6,79.5,82.8,71.7,2026-06-15 02:00:00,2968891
78.5,80.2,82.8,71.9,2026-06-15 02:20:00,2968891
78.4,80.3,82.4,71.8,2026-06-15 02:40:00,2968891
78.3,80.5,82.6,71.8,2026-06-15 03:00:00,2968891
78.1,81.2,82.2,71.8,2026-06-15 03:20:00,2968891
77.6,81.7,81.1,71.6,2026-06-15 03:40:00,2968891
77.0,83.4,80.4,71.6,2026-06-15 04:00:00,2968891
76.6,84.2,79.3,71.4,2026-06-15 04:20:00,2968891
76.0,85.1,78.8,71.2,2026-06-15 04:40:00,2968891
75.9,85.4,78.4,71.2,2026-06-15 05:00:00,2968891
75.2,86.9,77.7,71.0,2026-06-15 05:20:00,2968891
75.1,87.0,77.7,71.0,2026-06-15 05:40:00,2968891
75.9,82.0,78.3,70.0,2026-06-15 06:00:00,2968891
76.4,78.1,78.3,69.0,2026-06-15 06:20:00,2968891
76.6,74.8,78.1,68.0,2026-06-15 06:40:00,2968891
76.9,72.1,78.4,67.2,2026-06-15 07:00:00,2968891
77.1,68.4,78.3,65.9,2026-06-15 07:20:00,2968891
76.8,67.2,77.7,65.1,2026-06-15 07:40:00,2968891
76.6,67.1,77.2,64.8,2026-06-15 08:00:00,2968891
77.0,64.6,77.7,64.2,2026-06-15 08:20:00,2968891
77.8,61.1,78.3,63.3,2026-06-15 08:40:00,2968891
77.3,59.6,77.4,62.1,2026-06-15 09:00:00,2968891
77.0,57.6,76.5,60.9,2026-06-15 09:20:00,2968891
77.2,56.2,76.8,60.4,2026-06-15 09:40:00,2968891
77.6,52.9,77.0,59.1,2026-06-15 10:00:00,2968891
76.8,48.3,75.2,55.8,2026-06-15 10:20:00,2968891
78.3,45.4,77.0,55.5,2026-06-15 10:40:00,2968891
78.8,46.0,77.5,56.2,2026-06-15 11:00:00,2968891
79.3,45.7,78.1,56.6,2026-06-15 11:20:00,2968891
80.7,43.0,79.5,56.2,2026-06-15 11:40:00,2968891
81.7,40.8,80.2,55.6,2026-06-15 12:00:00,2968891
82.0,38.6,80.1,54.3,2026-06-15 12:20:00,2968891
82.0,39.8,80.2,55.2,2026-06-15 12:40:00,2968891
84.3,40.7,83.8,57.8,2026-06-15 13:00:00,2968891
86.0,37.3,85.5,57.0,2026-06-15 13:20:00,2968891
87.2,32.5,85.6,54.2,2026-06-15 13:40:00,2968891
88.2,32.0,86.9,54.7,2026-06-15 14:00:00,2968891
89.5,31.1,88.3,55.0,2026-06-15 14:20:00,2968891
86.7,32.3,85.1,53.6,2026-06-15 14:40:00,2968891
87.9,33.2,86.7,55.4,2026-06-15 15:00:00,2968891
87.4,32.9,85.8,54.6,2026-06-15 15:20:00,2968891
87.4,32.8,85.8,54.6,2026-06-15 15:40:00,2968891
87.7,34.1,86.9,56.0,2026-06-15 16:00:00,2968891
87.4,33.8,86.2,55.5,2026-06-15 16:20:00,2968891
89.0,32.5,88.2,55.7,2026-06-15 16:40:00,2968891
87.5,31.5,85.8,53.5,2026-06-15 17:00:00,2968891
86.5,31.5,84.4,52.8,2026-06-15 17:20:00,2968891
86.3,32.8,84.6,53.6,2026-06-15 17:40:00,2968891
86.4,32.8,84.7,53.7,2026-06-15 18:00:00,2968891
86.1,34.1,84.6,54.5,2026-06-15 18:20:00,2968891
85.7,33.8,84.0,53.9,2026-06-15 18:40:00,2968891
85.3,34.9,83.8,54.6,2026-06-15 19:00:00,2968891
84.8,36.2,83.5,55.0,2026-06-15 19:20:00,2968891
84.3,36.4,82.9,54.8,2026-06-15 19:40:00,2968891
83.6,37.4,82.0,54.9,2026-06-15 20:00:00,2968891
83.0,37.4,81.3,54.4,2026-06-15 20:20:00,2968891
81.8,39.1,80.1,54.5,2026-06-15 20:40:00,2968891
80.7,40.2,79.0,54.2,2026-06-15 21:00:00,2968891
79.8,41.4,78.1,54.2,2026-06-15 21:20:00,2968891
78.2,42.4,76.3,53.6,2026-06-15 21:40:00,2968891
76.8,44.0,75.0,53.3,2026-06-15 22:00:00,2968891
76.3,45.5,74.7,53.8,2026-06-15 22:20:00,2968891
75.3,46.6,73.6,53.4,2026-06-15 22:40:00,2968891
74.8,48.0,73.4,53.8,2026-06-15 23:00:00,2968891
74.0,49.6,72.9,53.9,2026-06-15 23:20:00,2968891
73.7,50.0,72.7,53.9,2026-06-15 23:40:00,2968891
72.9,51.6,72.0,54.0,2026-06-16 00:00:00,2968891
72.2,52.0,71.4,53.6,2026-06-16 00:20:00,2968891
71.8,53.6,71.2,54.0,2026-06-16 00:40:00,2968891
71.7,55.8,71.2,55.1,2026-06-16 01:00:00,2968891
71.7,54.3,71.1,54.3,2026-06-16 01:20:00,2968891
72.0,52.8,71.4,53.8,2026-06-16 01:40:00,2968891
72.3,50.9,71.4,53.1,2026-06-16 02:00:00,2968891
72.3,50.0,71.6,52.7,2026-06-16 02:20:00,2968891
72.0,50.5,71.2,52.6,2026-06-16 02:40:00,2968891
71.9,49.5,70.9,51.9,2026-06-16 03:00:00,2968891
71.5,49.9,70.5,51.9,2026-06-16 03:20:00,2968891
71.3,50.6,70.5,52.0,2026-06-16 03:40:00,2968891
70.9,51.4,70.2,52.1,2026-06-16 04:00:00,2968891
70.2,51.8,69.3,51.7,2026-06-16 04:20:00,2968891
69.7,53.1,68.7,51.9,2026-06-16 04:40:00,2968891
69.4,54.0,68.2,52.1,2026-06-16 05:00:00,2968891
69.2,54.3,68.0,52.0,2026-06-16 05:20:00,2968891
69.2,54.7,68.0,52.2,2026-06-16 05:40:00,2968891
69.2,55.3,68.2,52.5,2026-06-16 06:00:00,2968891
88.5,30.6,86.7,53.7,2026-06-05 12:00:00,2974341
88.5,31.4,87.3,54.4,2026-06-05 12:20:00,2974341
89.5,29.8,88.0,53.8,2026-06-05 12:40:00,2974341
90.3,31.0,89.4,55.5,2026-06-05 13:00:00,2974341
91.3,29.1,90.3,54.6,2026-06-05 13:20:00,2974341
91.4,26.8,89.8,52.5,2026-06-05 13:40:00,2974341
91.5,29.5,90.9,55.3,2026-06-05 14:00:00,2974341
91.9,27.7,90.7,53.8,2026-06-05 14:20:00,2974341
92.1,28.4,91.2,54.7,2026-06-05 14:40:00,2974341
92.5,27.0,91.2,53.6,2026-06-05 15:00:00,2974341
92.3,28.1,91.6,54.6,2026-06-05 15:20:00,2974341
92.5,27.4,91.4,54.0,2026-06-05 15:40:00,2974341
92.5,27.9,91.6,54.6,2026-06-05 16:00:00,2974341
92.8,27.4,91.8,54.3,2026-06-05 16:20:00,2974341
92.9,27.9,92.3,55.0,2026-06-05 16:40:00,2974341
93.1,27.2,92.3,54.4,2026-06-05 17:00:00,2974341
92.7,27.3,91.8,54.1,2026-06-05 17:20:00,2974341
92.6,27.5,91.8,54.3,2026-06-05 17:40:00,2974341
92.1,28.1,91.0,54.4,2026-06-05 18:00:00,2974341
91.7,29.1,90.9,55.0,2026-06-05 18:20:00,2974341
90.7,30.2,90.0,55.3,2026-06-05 18:40:00,2974341
89.8,30.9,88.9,55.1,2026-06-05 19:00:00,2974341
88.8,31.4,87.4,54.6,2026-06-05 19:20:00,2974341
88.0,32.1,86.7,54.6,2026-06-05 19:40:00,2974341
87.0,33.3,85.6,54.7,2026-06-05 20:00:00,2974341
86.1,34.1,84.7,54.6,2026-06-05 20:20:00,2974341
85.1,35.8,84.0,55.0,2026-06-05 20:40:00,2974341
84.3,36.7,82.9,55.0,2026-06-05 21:00:00,2974341
82.9,37.7,81.1,54.5,2026-06-05 21:20:00,2974341
82.2,38.0,80.2,54.1,2026-06-05 21:40:00,2974341
81.8,39.1,80.1,54.5,2026-06-05 22:00:00,2974341
81.2,40.4,79.7,54.8,2026-06-05 22:20:00,2974341
80.6,41.2,79.2,54.9,2026-06-05 22:40:00,2974341
80.0,42.1,78.4,55.0,2026-06-05 23:00:00,2974341
79.5,43.5,78.1,55.3,2026-06-05 23:20:00,2974341
78.9,44.9,77.4,55.7,2026-06-05 23:40:00,2974341
78.3,46.0,77.0,55.9,2026-06-06 00:00:00,2974341
77.6,47.3,76.3,56.0,2026-06-06 00:20:00,2974341
77.0,48.3,75.6,56.0,2026-06-06 00:40:00,2974341
76.2,49.5,74.8,56.0,2026-06-06 01:00:00,2974341
75.7,50.8,74.5,56.1,2026-06-06 01:20:00,2974341
75.1,52.0,74.1,56.3,2026-06-06 01:40:00,2974341
74.4,53.7,73.6,56.5,2026-06-06 02:00:00,2974341
74.2,54.1,73.4,56.5,2026-06-06 02:20:00,2974341
73.9,54.9,73.0,56.7,2026-06-06 02:40:00,2974341
73.1,56.4,72.7,56.7,2026-06-06 03:00:00,2974341
73.0,56.8,72.5,56.8,2026-06-06 03:20:00,2974341
72.3,58.2,72.1,56.9,2026-06-06 03:40:00,2974341
71.9,59.4,71.6,56.9,2026-06-06 04:00:00,2974341
71.3,61.0,71.2,57.1,2026-06-06 04:20:00,2974341
70.7,62.3,70.9,57.2,2026-06-06 04:40:00,2974341
69.8,64.5,69.8,57.3,2026-06-06 05:00:00,2974341
69.1,66.2,68.7,57.3,2026-06-06 05:20:00,2974341
68.6,67.6,68.2,57.5,2026-06-06 05:40:00,2974341
68.9,68.3,68.5,58.0,2026-06-06 06:00:00,2974341
69.0,68.4,68.7,58.1,2026-06-06 06:20:00,2974341
71.0,65.9,71.2,59.0,2026-06-06 06:40:00,2974341
74.2,61.8,74.3,60.3,2026-06-06 07:00:00,2974341
77.3,56.6,76.8,60.7,2026-06-06 07:20:00,2974341
77.4,55.4,77.2,60.2,2026-06-06 07:40:00,2974341
76.3,57.1,75.9,60.0,2026-06-06 08:00:00,2974341
77.0,58.0,76.8,61.1,2026-06-06 08:20:00,2974341
78.0,56.5,77.9,61.3,2026-06-06 08:40:00,2974341
78.4,54.2,78.3,60.5,2026-06-06 09:00:00,2974341
79.4,53.2,79.5,60.9,2026-06-06 09:20:00,2974341
81.2,50.0,81.5,60.8,2026-06-06 09:40:00,2974341
81.5,50.3,81.7,61.2,2026-06-06 10:00:00,2974341
83.0,47.1,83.3,60.8,2026-06-06 10:20:00,2974341
83.3,47.9,83.8,61.4,2026-06-06 10:40:00,2974341
84.7,44.3,85.1,60.5,2026-06-06 11:00:00,2974341
85.4,43.5,86.2,60.7,2026-06-06 11:20:00,2974341
86.6,43.2,88.0,61.6,2026-06-06 11:40:00,2974341
87.2,41.6,88.3,61.0,2026-06-06 12:00:00,2974341
87.8,39.1,88.5,59.9,2026-06-06 12:20:00,2974341
88.4,38.7,89.2,60.0,2026-06-06 12:40:00,2974341
89.4,37.2,90.3,59.9,2026-06-06 13:00:00,2974341
90.3,37.8,92.1,61.1,2026-06-06 13:20:00,2974341
89.6,37.9,91.2,60.5,2026-06-06 13:40:00,2974341
90.2,37.5,91.9,60.7,2026-06-06 14:00:00,2974341
89.5,38.5,91.0,60.8,2026-06-06 14:20:00,2974341
89.9,38.8,91.9,61.4,2026-06-06 14:40:00,2974341
90.8,39.5,93.7,62.8,2026-06-06 15:00:00,2974341
91.6,38.6,95.0,62.9,2026-06-06 15:20:00,2974341
90.1,38.4,91.9,61.3,2026-06-06 15:40:00,2974341
90.1,39.1,92.3,61.9,2026-06-06 16:00:00,2974341
91.9,36.6,94.3,61.6,2026-06-06 16:20:00,2974341
91.5,36.8,93.7,61.4,2026-06-06 16:40:00,2974341
91.4,37.4,93.7,61.7,2026-06-06 17:00:00,2974341
91.1,36.7,93.2,61.0,2026-06-06 17:20:00,2974341
90.6,36.6,92.3,60.5,2026-06-06 17:40:00,2974341
90.9,35.4,92.5,59.8,2026-06-06 18:00:00,2974341
90.5,35.8,91.8,59.8,2026-06-06 18:20:00,2974341
89.7,36.8,90.9,59.9,2026-06-06 18:40:00,2974341
88.9,37.1,89.8,59.4,2026-06-06 19:00:00,2974341
88.1,38.9,88.9,60.0,2026-06-06 19:20:00,2974341
87.5,40.0,88.3,60.2,2026-06-06 19:40:00,2974341
86.7,41.0,87.6,60.2,2026-06-06 20:00:00,2974341
85.6,42.2,86.0,60.0,2026-06-06 20:20:00,2974341
84.6,42.9,84.7,59.6,2026-06-06 20:40:00,2974341
83.8,43.7,83.7,59.3,2026-06-06 21:00:00,2974341
83.4,44.5,83.3,59.5,2026-06-06 21:20:00,2974341
82.8,45.9,82.6,59.8,2026-06-06 21:40:00,2974341
82.0,47.1,81.7,59.9,2026-06-06 22:00:00,2974341
81.4,48.4,81.1,60.1,2026-06-06 22:20:00,2974341
80.8,49.6,80.8,60.2,2026-06-06 22:40:00,2974341
80.5,50.2,80.4,60.3,2026-06-06 23:00:00,2974341
80.1,51.1,80.1,60.4,2026-06-06 23:20:00,2974341
79.7,51.7,79.9,60.4,2026-06-06 23:40:00,2974341
79.0,53.3,79.0,60.5,2026-06-07 00:00:00,2974341
78.5,54.6,78.4,60.8,2026-06-07 00:20:00,2974341
78.2,55.8,78.1,61.1,2026-06-07 00:40:00,2974341
78.0,56.7,77.9,61.3,2026-06-07 01:00:00,2974341
77.2,58.1,77.0,61.4,2026-06-07 01:20:00,2974341
76.6,59.6,76.3,61.5,2026-06-07 01:40:00,2974341
76.1,60.7,75.9,61.5,2026-06-07 02:00:00,2974341
75.3,62.5,75.4,61.6,2026-06-07 02:20:00,2974341
74.8,63.5,75.0,61.6,2026-06-07 02:40:00,2974341
74.7,63.9,75.0,61.7,2026-06-07 03:00:00,2974341
74.4,64.7,74.7,61.8,2026-06-07 03:20:00,2974341
73.9,65.7,74.1,61.7,2026-06-07 03:40:00,2974341
73.5,66.6,73.9,61.7,2026-06-07 04:00:00,2974341
73.0,67.4,73.4,61.6,2026-06-07 04:20:00,2974341
72.6,68.5,73.0,61.6,2026-06-07 04:40:00,2974341
72.3,69.0,72.7,61.6,2026-06-07 05:00:00,2974341
71.7,69.9,72.3,61.4,2026-06-07 05:20:00,2974341
71.2,71.2,71.8,61.4,2026-06-07 05:40:00,2974341
70.9,72.1,71.8,61.5,2026-06-07 06:00:00,2974341
70.9,72.5,71.8,61.6,2026-06-07 06:20:00,2974341
72.7,70.1,73.4,62.3,2026-06-07 06:40:00,2974341
74.6,68.7,75.2,63.6,2026-06-07 07:00:00,2974341
76.7,64.2,77.0,63.7,2026-06-07 07:20:00,2974341
80.0,59.9,81.3,64.8,2026-06-07 07:40:00,2974341
78.0,62.0,78.8,63.9,2026-06-07 08:00:00,2974341
77.7,62.8,78.6,64.1,2026-06-07 08:20:00,2974341
77.6,62.8,78.3,64.0,2026-06-07 08:40:00,2974341
78.6,62.1,79.7,64.5,2026-06-07 09:00:00,2974341
80.3,59.3,81.9,64.8,2026-06-07 09:20:00,2974341
81.7,57.2,83.5,65.0,2026-06-07 09:40:00,2974341
82.9,55.4,84.9,65.3,2026-06-07 10:00:00,2974341
84.1,52.2,86.4,64.7,2026-06-07 10:20:00,2974341
85.1,50.4,87.4,64.6,2026-06-07 10:40:00,2974341
87.0,48.3,90.1,65.1,2026-06-07 11:00:00,2974341
87.0,46.8,89.6,64.2,2026-06-07 11:20:00,2974341
88.8,44.9,91.9,64.6,2026-06-07 11:40:00,2974341
88.9,44.0,92.1,64.1,2026-06-07 12:00:00,2974341
89.6,40.8,91.9,62.6,2026-06-07 12:20:00,2974341
90.5,38.8,92.8,62.0,2026-06-07 12:40:00,2974341
91.5,39.3,95.0,63.2,2026-06-07 13:00:00,2974341
92.5,37.0,95.4,62.4,2026-06-07 13:20:00,2974341
93.0,36.1,95.9,62.2,2026-06-07 13:40:00,2974341
94.0,35.2,97.2,62.3,2026-06-07 14:00:00,2974341
94.2,33.8,96.8,61.4,2026-06-07 14:20:00,2974341
93.7,35.1,96.6,62.0,2026-06-07 14:40:00,2974341
94.0,34.7,97.0,61.9,2026-06-07 15:00:00,2974341
93.5,35.0,96.1,61.7,2026-06-07 15:20:00,2974341
94.6,34.8,98.1,62.5,2026-06-07 15:40:00,2974341
93.7,34.5,96.6,61.6,2026-06-07 16:00:00,2974341
94.3,35.8,97.7,63.0,2026-06-07 16:20:00,2974341
94.3,35.7,97.7,63.0,2026-06-07 16:40:00,2974341
94.9,34.6,98.6,62.7,2026-06-07 17:00:00,2974341
94.7,35.6,98.8,63.3,2026-06-07 17:20:00,2974341
93.8,38.4,98.6,64.7,2026-06-07 17:40:00,2974341
93.0,38.7,97.5,64.2,2026-06-07 18:00:00,2974341
92.4,39.3,96.6,64.1,2026-06-07 18:20:00,2974341
92.0,38.9,95.5,63.4,2026-06-07 18:40:00,2974341
91.4,40.2,95.2,63.8,2026-06-07 19:00:00,2974341
90.6,40.1,93.6,63.0,2026-06-07 19:20:00,2974341
90.0,40.5,92.8,62.8,2026-06-07 19:40:00,2974341
89.5,41.6,92.3,63.1,2026-06-07 20:00:00,2974341
88.2,42.3,90.1,62.5,2026-06-07 20:20:00,2974341
87.9,42.1,89.4,62.1,2026-06-07 20:40:00,2974341
87.5,43.4,89.4,62.5,2026-06-07 21:00:00,2974341
86.8,44.6,88.7,62.7,2026-06-07 21:20:00,2974341
85.8,45.8,87.3,62.5,2026-06-07 21:40:00,2974341
85.1,47.6,86.7,63.0,2026-06-07 22:00:00,2974341
84.6,48.6,86.4,63.1,2026-06-07 22:20:00,2974341
83.9,49.6,85.5,63.0,2026-06-07 22:40:00,2974341
83.6,50.0,84.9,63.0,2026-06-07 23:00:00,2974341
82.9,50.7,83.8,62.7,2026-06-07 23:20:00,2974341
82.6,51.6,83.7,63.0,2026-06-07 23:40:00,2974341
82.3,53.2,83.5,63.6,2026-06-08 00:00:00,2974341
81.8,54.7,82.9,63.9,2026-06-08 00:20:00,2974341
81.4,56.0,82.8,64.2,2026-06-08 00:40:00,2974341
80.9,56.8,82.2,64.2,2026-06-08 01:00:00,2974341
80.3,57.9,81.5,64.1,2026-06-08 01:20:00,2974341
80.2,58.5,81.5,64.3,2026-06-08 01:40:00,2974341
79.8,59.4,81.1,64.4,2026-06-08 02:00:00,2974341
79.3,60.4,80.4,64.4,2026-06-08 02:20:00,2974341
78.9,61.4,79.9,64.5,2026-06-08 02:40:00,2974341
78.3,62.6,79.3,64.5,2026-06-08 03:00:00,2974341
78.0,63.6,79.0,64.7,2026-06-08 03:20:00,2974341
77.5,64.5,78.3,64.5,2026-06-08 03:40:00,2974341
77.2,65.2,78.1,64.6,2026-06-08 04:00:00,2974341
77.2,65.5,78.1,64.7,2026-06-08 04:20:00,2974341
76.6,66.7,77.4,64.7,2026-06-08 04:40:00,2974341
76.5,67.6,77.4,65.0,2026-06-08 05:00:00,2974341
75.8,68.7,76.5,64.8,2026-06-08 05:20:00,2974341
75.3,69.8,76.1,64.8,2026-06-08 05:40:00,2974341
75.1,70.7,76.1,64.9,2026-06-08 06:00:00,2974341
74.8,71.5,75.7,65.0,2026-06-08 06:20:00,2974341
76.2,71.4,77.2,66.3,2026-06-08 06:40:00,2974341
78.1,68.8,80.1,67.0,2026-06-08 07:00:00,2974341
81.4,62.2,84.2,67.2,2026-06-08 07:20:00,2974341
81.5,58.6,83.3,65.6,2026-06-08 07:40:00,2974341
80.7,61.6,82.9,66.3,2026-06-08 08:00:00,2974341
80.8,62.5,83.3,66.8,2026-06-08 08:20:00,2974341
81.3,61.5,83.7,66.8,2026-06-08 08:40:00,2974341
82.0,61.5,84.7,67.5,2026-06-08 09:00:00,2974341
83.2,59.3,86.7,67.5,2026-06-08 09:20:00,2974341
84.7,57.1,88.9,67.9,2026-06-08 09:40:00,2974341
85.2,55.4,89.4,67.4,2026-06-08 10:00:00,2974341
86.3,55.0,91.4,68.2,2026-06-08 10:20:00,2974341
87.7,52.9,93.2,68.4,2026-06-08 10:40:00,2974341
89.0,50.4,94.6,68.2,2026-06-08 11:00:00,2974341
89.6,50.0,95.9,68.5,2026-06-08 11:20:00,2974341
90.1,46.7,95.4,67.0,2026-06-08 11:40:00,2974341
90.4,45.2,95.4,66.3,2026-06-08 12:00:00,2974341
90.2,44.4,94.6,65.6,2026-06-08 12:20:00,2974341
90.3,44.6,95.0,65.8,2026-06-08 12:40:00,2974341
90.2,43.3,94.3,64.9,2026-06-08 13:00:00,2974341
91.6,42.8,96.6,65.8,2026-06-08 13:20:00,2974341
91.1,42.5,95.5,65.2,2026-06-08 13:40:00,2974341
91.5,42.5,96.3,65.5,2026-06-08 14:00:00,2974341
91.7,41.6,96.3,65.1,2026-06-08 14:20:00,2974341
92.1,40.5,96.6,64.7,2026-06-08 14:40:00,2974341
91.8,41.0,96.3,64.8,2026-06-08 15:00:00,2974341
91.4,42.6,95.9,65.4,2026-06-08 15:20:00,2974341
91.4,42.2,96.1,65.2,2026-06-08 15:40:00,2974341
91.2,41.4,95.0,64.5,2026-06-08 16:00:00,2974341
91.1,41.1,95.0,64.2,2026-06-08 16:20:00,2974341
91.5,41.0,95.5,64.5,2026-06-08 16:40:00,2974341
91.5,39.5,95.0,63.3,2026-06-08 17:00:00,2974341
91.5,39.3,95.0,63.2,2026-06-08 17:20:00,2974341
91.1,38.8,94.1,62.6,2026-06-08 17:40:00,2974341
90.8,39.8,93.7,63.0,2026-06-08 18:00:00,2974341
89.7,40.0,91.9,62.2,2026-06-08 18:20:00,2974341
89.2,40.4,91.0,62.0,2026-06-08 18:40:00,2974341
88.9,40.9,91.0,62.1,2026-06-08 19:00:00,2974341
88.2,41.6,90.0,61.9,2026-06-08 19:20:00,2974341
87.3,43.6,89.1,62.5,2026-06-08 19:40:00,2974341
85.8,47.2,88.0,63.4,2026-06-08 20:00:00,2974341
84.5,49.3,86.4,63.5,2026-06-08 20:20:00,2974341
83.5,51.3,85.3,63.6,2026-06-08 20:40:00,2974341
82.2,53.7,83.3,63.7,2026-06-08 21:00:00,2974341
81.3,55.0,82.4,63.6,2026-06-08 21:20:00,2974341
80.2,56.1,81.0,63.2,2026-06-08 21:40:00,2974341
79.2,58.0,80.1,63.2,2026-06-08 22:00:00,2974341
77.7,60.7,78.1,63.0,2026-06-08 22:20:00,2974341
76.5,62.8,76.6,62.9,2026-06-08 22:40:00,2974341
75.7,63.6,75.9,62.5,2026-06-08 23:00:00,2974341
74.3,65.6,74.5,62.0,2026-06-08 23:20:00,2974341
73.4,65.9,73.8,61.3,2026-06-08 23:40:00,2974341
72.5,65.9,72.7,60.4,2026-06-09 00:00:00,2974341
71.7,67.6,72.1,60.4,2026-06-09 00:20:00,2974341
71.0,68.2,71.4,60.0,2026-06-09 00:40:00,2974341
70.4,68.6,70.7,59.6,2026-06-09 01:00:00,2974341
69.9,67.6,70.0,58.7,2026-06-09 01:20:00,2974341
69.5,66.1,69.4,57.7,2026-06-09 01:40:00,2974341
69.0,66.3,68.7,57.3,2026-06-09 02:00:00,2974341
68.2,68.3,67.8,57.4,2026-06-09 02:20:00,2974341
68.0,68.8,67.3,57.3,2026-06-09 02:40:00,2974341
67.8,69.8,67.3,57.6,2026-06-09 03:00:00,2974341
67.8,70.9,67.5,58.1,2026-06-09 03:20:00,2974341
67.4,71.8,66.9,57.9,2026-06-09 03:40:00,2974341
67.6,72.1,67.1,58.2,2026-06-09 04:00:00,2974341
67.0,71.5,66.4,57.5,2026-06-09 04:20:00,2974341
67.0,69.6,66.2,56.7,2026-06-09 04:40:00,2974341
66.8,68.7,65.8,56.2,2026-06-09 05:00:00,2974341
66.5,68.5,65.3,55.8,2026-06-09 05:20:00,2974341
66.1,68.0,64.9,55.3,2026-06-09 05:40:00,2974341
66.1,67.7,64.9,55.1,2026-06-09 06:00:00,2974341
66.0,67.8,64.6,55.1,2026-06-09 06:20:00,2974341
66.0,68.2,64.6,55.2,2026-06-09 06:40:00,2974341
66.6,67.6,65.7,55.5,2026-06-09 07:00:00,2974341
68.2,64.8,67.5,55.9,2026-06-09 07:20:00,2974341
68.6,64.6,68.0,56.2,2026-06-09 07:40:00,2974341
68.3,64.8,67.5,56.0,2026-06-09 08:00:00,2974341
68.4,65.5,67.8,56.4,2026-06-09 08:20:00,2974341
70.0,63.6,70.0,57.1,2026-06-09 08:40:00,2974341
70.5,63.2,70.7,57.4,2026-06-09 09:00:00,2974341
70.8,63.1,71.1,57.6,2026-06-09 09:20:00,2974341
71.8,64.4,72.1,59.1,2026-06-09 09:40:00,2974341
73.0,62.8,73.0,59.5,2026-06-09 10:00:00,2974341
73.7,62.0,73.8,59.9,2026-06-09 10:20:00,2974341
75.3,61.5,75.4,61.2,2026-06-09 10:40:00,2974341
76.7,58.8,76.5,61.2,2026-06-09 11:00:00,2974341
78.5,56.2,78.6,61.6,2026-06-09 11:20:00,2974341
79.6,55.1,80.1,62.1,2026-06-09 11:40:00,2974341
79.9,55.6,80.6,62.6,2026-06-09 12:00:00,2974341
81.0,54.5,82.0,63.0,2026-06-09 12:20:00,2974341
82.2,54.5,83.8,64.2,2026-06-09 12:40:00,2974341
82.5,55.0,84.0,64.6,2026-06-09 13:00:00,2974341
83.5,56.4,86.5,66.4,2026-06-09 13:20:00,2974341
83.7,57.8,87.3,67.2,2026-06-09 13:40:00,2974341
83.8,57.6,87.3,67.2,2026-06-09 14:00:00,2974341
84.4,56.4,88.2,67.2,2026-06-09 14:20:00,2974341
84.7,56.7,88.7,67.6,2026-06-09 14:40:00,2974341
84.6,57.2,88.9,67.7,2026-06-09 15:00:00,2974341
85.6,56.1,90.3,68.2,2026-06-09 15:20:00,2974341
86.5,54.1,91.4,68.0,2026-06-09 15:40:00,2974341
86.7,53.6,91.8,67.9,2026-06-09 16:00:00,2974341
86.4,54.2,91.4,67.9,2026-06-09 16:20:00,2974341
85.6,55.4,90.0,67.7,2026-06-09 16:40:00,2974341
85.9,55.5,90.7,68.1,2026-06-09 17:00:00,2974341
85.8,55.8,90.9,68.2,2026-06-09 17:20:00,2974341
86.1,55.5,91.0,68.3,2026-06-09 17:40:00,2974341
85.9,56.0,91.0,68.4,2026-06-09 18:00:00,2974341
85.6,56.6,90.3,68.4,2026-06-09 18:20:00,2974341
85.4,57.1,90.1,68.5,2026-06-09 18:40:00,2974341
84.8,57.5,89.4,68.2,2026-06-09 19:00:00,2974341
84.8,58.4,89.6,68.6,2026-06-09 19:20:00,2974341
84.7,59.0,89.4,68.8,2026-06-09 19:40:00,2974341
84.0,59.8,88.5,68.6,2026-06-09 20:00:00,2974341
83.7,60.5,88.0,68.5,2026-06-09 20:20:00,2974341
83.0,61.6,86.9,68.5,2026-06-09 20:40:00,2974341
82.4,62.4,86.0,68.3,2026-06-09 21:00:00,2974341
81.9,63.2,85.1,68.2,2026-06-09 21:20:00,2974341
81.4,64.5,84.6,68.2,2026-06-09 21:40:00,2974341
80.4,66.0,83.5,68.1,2026-06-09 22:00:00,2974341
80.1,67.2,83.1,68.2,2026-06-09 22:20:00,2974341
79.6,68.3,82.6,68.3,2026-06-09 22:40:00,2974341
79.8,68.6,82.8,68.6,2026-06-09 23:00:00,2974341
80.0,69.3,83.3,69.1,2026-06-09 23:20:00,2974341
80.0,71.0,83.7,69.8,2026-06-09 23:40:00,2974341
79.8,72.6,83.7,70.2,2026-06-10 00:00:00,2974341
79.4,73.9,83.3,70.3,2026-06-10 00:20:00,2974341
79.1,75.1,82.9,70.5,2026-06-10 00:40:00,2974341
78.8,76.1,82.6,70.6,2026-06-10 01:00:00,2974341
78.5,76.9,82.2,70.6,2026-06-10 01:20:00,2974341
78.1,77.8,81.7,70.6,2026-06-10 01:40:00,2974341
77.8,78.4,81.0,70.5,2026-06-10 02:00:00,2974341
77.2,79.2,80.1,70.2,2026-06-10 02:20:00,2974341
76.8,79.8,79.2,70.1,2026-06-10 02:40:00,2974341
76.3,80.6,78.6,69.9,2026-06-10 03:00:00,2974341
76.1,81.2,78.4,69.9,2026-06-10 03:20:00,2974341
75.9,81.8,78.1,69.9,2026-06-10 03:40:00,2974341
75.9,81.9,78.4,70.0,2026-06-10 04:00:00,2974341
75.6,82.4,77.9,69.9,2026-06-10 04:20:00,2974341
75.5,82.8,77.7,69.9,2026-06-10 04:40:00,2974341
75.3,83.0,77.5,69.8,2026-06-10 05:00:00,2974341
75.3,83.2,77.5,69.8,2026-06-10 05:20:00,2974341
75.3,83.2,77.7,69.8,2026-06-10 05:40:00,2974341
75.1,83.5,77.5,69.8,2026-06-10 06:00:00,2974341
75.3,83.8,77.7,70.1,2026-06-10 06:20:00,2974341
75.4,83.9,77.9,70.2,2026-06-10 06:40:00,2974341
75.7,83.7,78.1,70.4,2026-06-10 07:00:00,2974341
75.9,83.5,78.6,70.6,2026-06-10 07:20:00,2974341
76.2,83.4,78.8,70.8,2026-06-10 07:40:00,2974341
76.4,83.3,79.0,71.0,2026-06-10 08:00:00,2974341
76.7,82.4,79.5,71.0,2026-06-10 08:20:00,2974341
77.4,80.8,80.8,71.0,2026-06-10 08:40:00,2974341
78.4,79.8,82.4,71.6,2026-06-10 09:00:00,2974341
79.8,76.9,84.6,71.9,2026-06-10 09:20:00,2974341
80.2,75.2,84.9,71.6,2026-06-10 09:40:00,2974341
81.5,73.6,86.7,72.2,2026-06-10 10:00:00,2974341
82.6,71.6,88.9,72.5,2026-06-10 10:20:00,2974341
84.2,68.4,91.8,72.6,2026-06-10 10:40:00,2974341
84.8,66.4,92.3,72.4,2026-06-10 11:00:00,2974341
84.5,65.4,91.2,71.6,2026-06-10 11:20:00,2974341
85.1,65.0,92.7,72.0,2026-06-10 11:40:00,2974341
85.9,62.3,93.2,71.5,2026-06-10 12:00:00,2974341
86.8,58.7,93.7,70.6,2026-06-10 12:20:00,2974341
87.6,58.3,95.4,71.2,2026-06-10 12:40:00,2974341
88.2,57.7,96.1,71.4,2026-06-10 13:00:00,2974341
88.6,53.4,95.2,69.5,2026-06-10 13:20:00,2974341
90.6,52.2,99.1,70.6,2026-06-10 13:40:00,2974341
90.1,51.8,97.7,70.0,2026-06-10 14:00:00,2974341
89.8,52.8,97.9,70.3,2026-06-10 14:20:00,2974341
89.3,53.7,97.0,70.3,2026-06-10 14:40:00,2974341
90.3,52.0,98.6,70.3,2026-06-10 15:00:00,2974341
91.6,49.1,99.9,69.8,2026-06-10 15:20:00,2974341
91.0,49.6,98.8,69.5,2026-06-10 15:40:00,2974341
90.0,50.9,97.3,69.3,2026-06-10 16:00:00,2974341
91.4,49.6,99.9,69.9,2026-06-10 16:20:00,2974341
91.7,49.3,100.0,70.0,2026-06-10 16:40:00,2974341
91.6,50.5,100.6,70.6,2026-06-10 17:00:00,2974341
91.1,49.2,98.8,69.4,2026-06-10 17:20:00,2974341
91.9,48.9,100.0,69.9,2026-06-10 17:40:00,2974341
92.4,49.0,101.3,70.4,2026-06-10 18:00:00,2974341
91.6,49.2,99.9,69.9,2026-06-10 18:20:00,2974341
90.4,49.0,97.2,68.7,2026-06-10 18:40:00,2974341
89.7,50.8,96.4,69.1,2026-06-10 19:00:00,2974341
89.8,50.9,96.8,69.2,2026-06-10 19:20:00,2974341
89.5,51.0,96.3,69.0,2026-06-10 19:40:00,2974341
88.8,52.3,95.2,69.0,2026-06-10 20:00:00,2974341
87.7,54.0,93.6,69.0,2026-06-10 20:20:00,2974341
87.1,54.6,92.8,68.7,2026-06-10 20:40:00,2974341
86.6,55.6,92.1,68.8,2026-06-10 21:00:00,2974341
86.1,57.2,91.6,69.2,2026-06-10 21:20:00,2974341
85.6,58.5,91.0,69.3,2026-06-10 21:40:00,2974341
85.3,59.3,90.7,69.5,2026-06-10 22:00:00,2974341
84.8,60.5,90.1,69.7,2026-06-10 22:20:00,2974341
84.4,61.6,90.0,69.7,2026-06-10 22:40:00,2974341
83.8,62.6,88.7,69.7,2026-06-10 23:00:00,2974341
83.4,63.6,88.2,69.8,2026-06-10 23:20:00,2974341
83.0,64.2,87.6,69.7,2026-06-10 23:40:00,2974341
82.8,64.9,87.4,69.8,2026-06-11 00:00:00,2974341
82.4,65.7,86.9,69.8,2026-06-11 00:20:00,2974341
82.0,66.7,86.0,69.9,2026-06-11 00:40:00,2974341
81.8,67.4,85.8,69.9,2026-06-11 01:00:00,2974341
81.3,68.4,85.3,69.9,2026-06-11 01:20:00,2974341
81.1,68.7,84.9,69.8,2026-06-11 01:40:00,2974341
80.5,69.7,84.4,69.7,2026-06-11 02:00:00,2974341
80.1,70.2,83.8,69.5,2026-06-11 02:20:00,2974341
79.8,70.7,83.3,69.4,2026-06-11 02:40:00,2974341
79.2,71.2,82.4,69.1,2026-06-11 03:00:00,2974341
78.8,71.9,81.9,69.0,2026-06-11 03:20:00,2974341
78.4,72.4,81.1,68.8,2026-06-11 03:40:00,2974341
78.1,73.2,80.8,68.8,2026-06-11 04:00:00,2974341
77.6,73.8,80.1,68.6,2026-06-11 04:20:00,2974341
77.4,74.0,79.7,68.5,2026-06-11 04:40:00,2974341
77.1,74.1,79.0,68.2,2026-06-11 05:00:00,2974341
76.7,74.4,78.3,67.9,2026-06-11 05:20:00,2974341
76.5,74.5,78.1,67.7,2026-06-11 05:40:00,2974341
76.1,74.8,77.5,67.5,2026-06-11 06:00:00,2974341
76.1,75.2,77.7,67.7,2026-06-11 06:20:00,2974341
77.2,73.5,79.3,68.1,2026-06-11 06:40:00,2974341
78.5,72.2,81.3,68.8,2026-06-11 07:00:00,2974341
80.1,69.1,83.7,69.0,2026-06-11 07:20:00,2974341
82.2,65.9,86.2,69.6,2026-06-11 07:40:00,2974341
80.4,68.8,83.8,69.2,2026-06-11 08:00:00,2974341
81.0,69.8,85.3,70.2,2026-06-11 08:20:00,2974341
82.0,68.7,86.5,70.7,2026-06-11 08:40:00,2974341
82.6,68.1,87.8,71.0,2026-06-11 09:00:00,2974341
83.7,67.1,90.1,71.6,2026-06-11 09:20:00,2974341
85.0,66.0,92.5,72.3,2026-06-11 09:40:00,2974341
86.1,63.6,94.1,72.3,2026-06-11 10:00:00,2974341
87.3,61.3,95.7,72.4,2026-06-11 10:20:00,2974341
88.1,59.5,96.4,72.2,2026-06-11 10:40:00,2974341
90.2,56.4,100.4,72.6,2026-06-11 11:00:00,2974341
91.5,53.8,102.0,72.3,2026-06-11 11:20:00,2974341
92.3,52.5,102.9,72.3,2026-06-11 11:40:00,2974341
93.0,50.4,103.8,71.9,2026-06-11 12:00:00,2974341
93.0,49.6,103.3,71.4,2026-06-11 12:20:00,2974341
94.4,48.2,105.1,71.8,2026-06-11 12:40:00,2974341
94.4,48.1,105.1,71.7,2026-06-11 13:00:00,2974341
95.9,46.1,107.4,71.9,2026-06-11 13:20:00,2974341
95.7,45.5,106.2,71.3,2026-06-11 13:40:00,2974341
97.4,43.8,109.2,71.7,2026-06-11 14:00:00,2974341
96.5,43.2,106.7,70.5,2026-06-11 14:20:00,2974341
97.9,41.1,108.5,70.2,2026-06-11 14:40:00,2974341
97.4,42.1,108.1,70.5,2026-06-11 15:00:00,2974341
98.8,38.9,108.9,69.5,2026-06-11 15:20:00,2974341
99.2,36.7,108.0,68.1,2026-06-11 15:40:00,2974341
99.8,37.6,109.8,69.3,2026-06-11 16:00:00,2974341
99.9,37.5,109.9,69.3,2026-06-11 16:20:00,2974341
98.1,39.4,107.8,69.2,2026-06-11 16:40:00,2974341
98.0,40.7,108.3,70.1,2026-06-11 17:00:00,2974341
96.4,42.6,106.2,70.0,2026-06-11 17:20:00,2974341
96.4,42.9,106.2,70.1,2026-06-11 17:40:00,2974341
95.2,43.6,104.0,69.5,2026-06-11 18:00:00,2974341
80.0,74.7,84.4,71.3,2026-06-11 18:20:00,2974341
78.6,87.1,84.6,74.5,2026-06-11 18:40:00,2974341
78.9,87.9,85.1,74.9,2026-06-11 19:00:00,2974341
79.4,91.0,86.9,76.5,2026-06-11 19:20:00,2974341
80.0,89.9,87.8,76.7,2026-06-11 19:40:00,2974341
79.7,91.6,88.0,77.0,2026-06-11 20:00:00,2974341
79.2,91.9,86.7,76.7,2026-06-11 20:20:00,2974341
78.6,92.0,85.5,76.1,2026-06-11 20:40:00,2974341
78.3,92.3,84.7,75.9,2026-06-11 21:00:00,2974341
78.1,92.5,84.2,75.7,2026-06-11 21:20:00,2974341
77.8,91.6,83.3,75.1,2026-06-11 21:40:00,2974341
78.7,88.4,84.7,74.9,2026-06-11 22:00:00,2974341
79.0,85.3,84.9,74.2,2026-06-11 22:20:00,2974341
80.2,80.5,86.2,73.6,2026-06-11 22:40:00,2974341
80.5,77.8,86.2,72.9,2026-06-11 23:00:00,2974341
81.3,74.7,86.7,72.5,2026-06-11 23:20:00,2974341
81.1,73.8,86.4,71.9,2026-06-11 23:40:00,2974341
81.1,73.0,86.2,71.7,2026-06-12 00:00:00,2974341
81.0,72.4,86.0,71.3,2026-06-12 00:20:00,2974341
80.9,72.3,85.5,71.1,2026-06-12 00:40:00,2974341
80.5,73.3,85.1,71.2,2026-06-12 01:00:00,2974341
80.4,73.4,85.1,71.2,2026-06-12 01:20:00,2974341
80.3,74.1,84.9,71.3,2026-06-12 01:40:00,2974341
80.2,74.2,84.6,71.2,2026-06-12 02:00:00,2974341
80.1,74.8,84.7,71.4,2026-06-12 02:20:00,2974341
80.1,75.3,84.9,71.6,2026-06-12 02:40:00,2974341
80.1,75.6,85.1,71.7,2026-06-12 03:00:00,2974341
79.9,76.2,84.7,71.7,2026-06-12 03:20:00,2974341
79.8,76.4,84.4,71.7,2026-06-12 03:40:00,2974341
79.7,76.8,84.6,71.8,2026-06-12 04:00:00,2974341
79.4,77.8,84.2,71.9,2026-06-12 04:20:00,2974341
79.3,78.8,84.0,72.1,2026-06-12 04:40:00,2974341
79.1,79.2,83.7,72.1,2026-06-12 05:00:00,2974341
78.9,79.7,83.5,72.1,2026-06-12 05:20:00,2974341
78.6,80.3,82.8,72.0,2026-06-12 05:40:00,2974341
78.5,81.0,82.9,72.2,2026-06-12 06:00:00,2974341
78.6,81.1,83.3,72.3,2026-06-12 06:20:00,2974341
79.6,80.2,84.9,73.0,2026-06-12 06:40:00,2974341
80.4,79.0,86.2,73.3,2026-06-12 07:00:00,2974341
81.9,77.3,88.9,74.1,2026-06-12 07:20:00,2974341
85.3,72.6,95.5,75.5,2026-06-12 07:40:00,2974341
84.1,71.3,92.3,73.8,2026-06-12 08:00:00,2974341
83.9,72.6,92.3,74.2,2026-06-12 08:20:00,2974341
84.2,71.6,92.8,74.0,2026-06-12 08:40:00,2974341
85.1,71.2,95.0,74.7,2026-06-12 09:00:00,2974341
86.2,67.1,95.9,74.0,2026-06-12 09:20:00,2974341
87.7,64.1,97.7,74.0,2026-06-12 09:40:00,2974341
89.0,61.0,99.3,73.7,2026-06-12 10:00:00,2974341
90.1,57.3,100.9,73.0,2026-06-12 10:20:00,2974341
91.3,55.6,102.6,73.2,2026-06-12 10:40:00,2974341
93.4,48.8,103.5,71.3,2026-06-12 11:00:00,2974341
94.2,46.6,103.6,70.6,2026-06-12 11:20:00,2974341
95.5,44.6,105.3,70.5,2026-06-12 11:40:00,2974341
95.6,44.8,105.8,70.7,2026-06-12 12:00:00,2974341
95.5,43.2,104.4,69.6,2026-06-12 12:20:00,2974341
95.7,43.2,104.7,69.7,2026-06-12 12:40:00,2974341
97.6,41.1,107.6,70.0,2026-06-12 13:00:00,2974341
98.0,40.2,108.0,69.7,2026-06-12 13:20:00,2974341
98.8,38.0,108.1,68.8,2026-06-12 13:40:00,2974341
99.0,36.6,107.6,67.9,2026-06-12 14:00:00,2974341
99.5,35.5,107.8,67.5,2026-06-12 14:20:00,2974341
100.4,35.0,108.9,67.7,2026-06-12 14:40:00,2974341
100.2,35.8,109.4,68.3,2026-06-12 15:00:00,2974341
100.9,35.1,110.1,68.3,2026-06-12 15:20:00,2974341
100.7,31.8,107.1,65.2,2026-06-12 15:40:00,2974341
101.6,33.8,110.5,67.7,2026-06-12 16:00:00,2974341
100.9,34.2,109.2,67.5,2026-06-12 16:20:00,2974341
100.3,34.5,108.5,67.2,2026-06-12 16:40:00,2974341
100.6,35.1,109.4,68.0,2026-06-12 17:00:00,2974341
100.0,35.2,108.3,67.6,2026-06-12 17:20:00,2974341
100.3,33.6,107.8,66.5,2026-06-12 17:40:00,2974341
99.9,33.0,106.5,65.6,2026-06-12 18:00:00,2974341
99.2,34.3,106.2,66.1,2026-06-12 18:20:00,2974341
98.3,35.6,105.4,66.4,2026-06-12 18:40:00,2974341
97.1,38.2,104.7,67.4,2026-06-12 19:00:00,2974341
96.7,38.1,104.0,66.9,2026-06-12 19:20:00,2974341
96.2,38.1,102.9,66.5,2026-06-12 19:40:00,2974341
95.3,40.0,102.2,67.1,2026-06-12 20:00:00,2974341
94.6,41.2,101.5,67.4,2026-06-12 20:20:00,2974341
93.7,41.9,100.4,67.1,2026-06-12 20:40:00,2974341
92.5,44.0,98.8,67.4,2026-06-12 21:00:00,2974341
92.4,44.8,99.0,67.8,2026-06-12 21:20:00,2974341
92.0,45.9,98.8,68.2,2026-06-12 21:40:00,2974341
91.2,47.2,97.7,68.3,2026-06-12 22:00:00,2974341
90.5,48.4,97.3,68.4,2026-06-12 22:20:00,2974341
89.8,50.4,96.6,68.9,2026-06-12 22:40:00,2974341
89.8,47.1,95.2,67.0,2026-06-12 23:00:00,2974341
88.6,47.1,92.7,65.9,2026-06-12 23:20:00,2974341
87.7,47.5,91.0,65.3,2026-06-12 23:40:00,2974341
86.7,47.7,89.4,64.5,2026-06-13 00:00:00,2974341
85.7,49.8,88.5,64.8,2026-06-13 00:20:00,2974341
84.7,51.1,87.1,64.6,2026-06-13 00:40:00,2974341
84.0,52.5,86.4,64.8,2026-06-13 01:00:00,2974341
83.1,54.3,85.5,64.9,2026-06-13 01:20:00,2974341
82.9,54.8,84.7,65.0,2026-06-13 01:40:00,2974341
82.8,56.5,85.1,65.8,2026-06-13 02:00:00,2974341
82.3,57.0,84.4,65.5,2026-06-13 02:20:00,2974341
81.8,57.8,83.7,65.4,2026-06-13 02:40:00,2974341
81.0,58.5,82.8,65.1,2026-06-13 03:00:00,2974341
80.4,60.6,82.4,65.6,2026-06-13 03:20:00,2974341
79.7,62.6,81.3,65.8,2026-06-13 03:40:00,2974341
79.0,63.7,80.8,65.7,2026-06-13 04:00:00,2974341
78.6,64.8,80.4,65.8,2026-06-13 04:20:00,2974341
78.4,65.1,79.9,65.8,2026-06-13 04:40:00,2974341
78.2,65.9,79.5,65.8,2026-06-13 05:00:00,2974341
77.6,67.3,79.0,65.9,2026-06-13 05:20:00,2974341
77.1,68.7,78.3,66.1,2026-06-13 05:40:00,2974341
76.8,69.7,77.7,66.1,2026-06-13 06:00:00,2974341
76.6,70.0,77.5,66.1,2026-06-13 06:20:00,2974341
78.3,69.3,80.6,67.4,2026-06-13 06:40:00,2974341
80.7,67.6,84.2,69.0,2026-06-13 07:00:00,2974341
82.2,61.8,85.1,67.8,2026-06-13 07:20:00,2974341
85.5,58.2,91.0,69.1,2026-06-13 07:40:00,2974341
83.4,59.6,87.1,67.9,2026-06-13 08:00:00,2974341
82.9,62.0,86.5,68.5,2026-06-13 08:20:00,2974341
83.9,60.2,88.3,68.6,2026-06-13 08:40:00,2974341
84.2,59.5,88.9,68.6,2026-06-13 09:00:00,2974341
85.6,58.7,91.0,69.4,2026-06-13 09:20:00,2974341
86.0,57.0,91.2,68.9,2026-06-13 09:40:00,2974341
87.5,55.3,93.7,69.5,2026-06-13 10:00:00,2974341
87.8,56.1,94.8,70.2,2026-06-13 10:20:00,2974341
87.9,54.6,94.1,69.5,2026-06-13 10:40:00,2974341
89.0,53.6,96.1,70.0,2026-06-13 11:00:00,2974341
90.0,52.4,98.1,70.2,2026-06-13 11:20:00,2974341
90.2,51.9,98.2,70.2,2026-06-13 11:40:00,2974341
90.0,49.1,96.4,68.3,2026-06-13 12:00:00,2974341
91.4,48.9,99.3,69.5,2026-06-13 12:20:00,2974341
90.6,50.2,98.2,69.6,2026-06-13 12:40:00,2974341
91.4,49.0,99.0,69.5,2026-06-13 13:00:00,2974341
91.6,48.1,99.3,69.2,2026-06-13 13:20:00,2974341
92.0,47.2,99.5,69.0,2026-06-13 13:40:00,2974341
93.4,45.4,101.5,69.1,2026-06-13 14:00:00,2974341
93.3,46.3,101.7,69.6,2026-06-13 14:20:00,2974341
93.0,45.6,100.4,68.9,2026-06-13 14:40:00,2974341
93.7,45.0,101.5,69.1,2026-06-13 15:00:00,2974341
92.9,44.8,100.0,68.3,2026-06-13 15:20:00,2974341
94.0,43.8,101.7,68.6,2026-06-13 15:40:00,2974341
93.4,44.4,100.6,68.5,2026-06-13 16:00:00,2974341
94.4,43.5,102.2,68.8,2026-06-13 16:20:00,2974341
95.6,41.3,103.6,68.4,2026-06-13 16:40:00,2974341
94.8,41.6,102.4,67.8,2026-06-13 17:00:00,2974341
93.6,42.7,100.4,67.5,2026-06-13 17:20:00,2974341
94.2,41.8,101.1,67.4,2026-06-13 17:40:00,2974341
94.4,41.8,101.3,67.6,2026-06-13 18:00:00,2974341
95.2,42.0,103.5,68.5,2026-06-13 18:20:00,2974341
94.7,41.5,101.8,67.7,2026-06-13 18:40:00,2974341
94.4,42.0,101.5,67.7,2026-06-13 19:00:00,2974341
93.7,42.1,100.4,67.3,2026-06-13 19:20:00,2974341
93.0,43.8,99.5,67.7,2026-06-13 19:40:00,2974341
92.6,44.0,98.8,67.5,2026-06-13 20:00:00,2974341
91.7,45.4,97.9,67.6,2026-06-13 20:20:00,2974341
91.6,44.8,97.5,67.1,2026-06-13 20:40:00,2974341
89.8,49.3,96.3,68.3,2026-06-13 21:00:00,2974341
85.1,59.1,90.5,69.2,2026-06-13 21:20:00,2974341
83.8,62.4,88.7,69.5,2026-06-13 21:40:00,2974341
81.2,67.1,84.9,69.2,2026-06-13 22:00:00,2974341
79.8,68.5,82.8,68.5,2026-06-13 22:20:00,2974341
79.2,71.5,82.4,69.2,2026-06-13 22:40:00,2974341
79.1,71.0,82.0,68.9,2026-06-13 23:00:00,2974341
79.4,70.0,82.6,68.7,2026-06-13 23:20:00,2974341
79.7,69.4,82.9,68.8,2026-06-13 23:40:00,2974341
79.9,69.0,82.9,68.8,2026-06-14 00:00:00,2974341
79.9,68.9,82.9,68.8,2026-06-14 00:20:00,2974341
79.5,69.9,82.8,68.9,2026-06-14 00:40:00,2974341
79.4,70.5,82.8,69.0,2026-06-14 01:00:00,2974341
78.4,73.0,81.1,69.0,2026-06-14 01:20:00,2974341
77.3,76.2,79.5,69.2,2026-06-14 01:40:00,2974341
76.9,77.4,79.0,69.3,2026-06-14 02:00:00,2974341
76.6,78.2,78.6,69.3,2026-06-14 02:20:00,2974341
76.0,79.4,78.1,69.2,2026-06-14 02:40:00,2974341
75.8,80.5,78.1,69.4,2026-06-14 03:00:00,2974341
75.3,81.7,77.4,69.3,2026-06-14 03:20:00,2974341
74.9,82.6,77.2,69.3,2026-06-14 03:40:00,2974341
74.8,83.5,77.0,69.5,2026-06-14 04:00:00,2974341
74.4,84.5,76.6,69.4,2026-06-14 04:20:00,2974341
74.0,85.3,76.3,69.3,2026-06-14 04:40:00,2974341
74.1,86.0,76.3,69.6,2026-06-14 05:00:00,2974341
74.2,86.2,76.5,69.8,2026-06-14 05:20:00,2974341
73.8,87.1,76.1,69.7,2026-06-14 05:40:00,2974341
73.8,87.5,76.3,69.8,2026-06-14 06:00:00,2974341
73.7,87.9,76.1,69.9,2026-06-14 06:20:00,2974341
74.3,87.8,76.6,70.4,2026-06-14 06:40:00,2974341
76.4,84.8,79.2,71.5,2026-06-14 07:00:00,2974341
78.0,80.9,81.9,71.6,2026-06-14 07:20:00,2974341
81.6,76.5,88.0,73.5,2026-06-14 07:40:00,2974341
80.1,76.7,85.3,72.1,2026-06-14 08:00:00,2974341
79.5,77.9,84.2,72.0,2026-06-14 08:20:00,2974341
80.7,75.8,86.0,72.4,2026-06-14 08:40:00,2974341
81.0,75.5,86.5,72.5,2026-06-14 09:00:00,2974341
81.9,74.3,88.0,72.9,2026-06-14 09:20:00,2974341
82.8,73.4,89.8,73.4,2026-06-14 09:40:00,2974341
84.1,71.9,92.5,74.0,2026-06-14 10:00:00,2974341
85.0,69.0,93.7,73.7,2026-06-14 10:20:00,2974341
86.7,65.5,96.4,73.8,2026-06-14 10:40:00,2974341
88.8,59.6,98.4,72.9,2026-06-14 11:00:00,2974341
89.7,57.0,99.3,72.4,2026-06-14 11:20:00,2974341
90.4,57.1,101.1,73.1,2026-06-14 11:40:00,2974341
91.1,57.7,103.1,74.2,2026-06-14 12:00:00,2974341
92.4,55.6,105.3,74.3,2026-06-14 12:20:00,2974341
92.9,51.0,103.6,72.1,2026-06-14 12:40:00,2974341
91.8,55.0,103.6,73.3,2026-06-14 13:00:00,2974341
92.3,53.6,104.0,73.0,2026-06-14 13:20:00,2974341
93.0,50.5,103.8,71.9,2026-06-14 13:40:00,2974341
94.7,48.8,106.5,72.4,2026-06-14 14:00:00,2974341
96.1,40.0,103.8,67.9,2026-06-14 14:20:00,2974341
96.8,39.7,105.3,68.3,2026-06-14 14:40:00,2974341
97.4,38.6,105.8,68.1,2026-06-14 15:00:00,2974341
97.5,37.5,105.3,67.3,2026-06-14 15:20:00,2974341
97.6,38.5,106.2,68.1,2026-06-14 15:40:00,2974341
97.5,38.0,105.8,67.6,2026-06-14 16:00:00,2974341
96.4,39.9,104.4,68.0,2026-06-14 16:20:00,2974341
96.8,39.7,104.9,68.2,2026-06-14 16:40:00,2974341
96.9,40.3,105.8,68.8,2026-06-14 17:00:00,2974341
96.6,38.1,104.0,67.0,2026-06-14 17:20:00,2974341
96.8,32.9,100.8,62.9,2026-06-14 17:40:00,2974341
96.8,33.9,101.7,63.8,2026-06-14 18:00:00,2974341
96.3,35.4,101.5,64.5,2026-06-14 18:20:00,2974341
95.8,36.0,100.9,64.6,2026-06-14 18:40:00,2974341
91.8,44.0,97.7,66.8,2026-06-14 19:00:00,2974341
85.4,64.0,92.7,71.8,2026-06-14 19:20:00,2974341
78.5,82.5,83.3,72.8,2026-06-14 19:40:00,2974341
77.8,87.6,82.6,73.8,2026-06-14 20:00:00,2974341
78.0,88.7,83.1,74.4,2026-06-14 20:20:00,2974341
77.4,89.4,82.0,74.0,2026-06-14 20:40:00,2974341
77.0,87.0,80.8,72.8,2026-06-14 21:00:00,2974341
76.9,86.6,80.4,72.6,2026-06-14 21:20:00,2974341
78.4,83.6,83.1,73.1,2026-06-14 21:40:00,2974341
79.6,80.0,84.9,72.9,2026-06-14 22:00:00,2974341
79.6,78.9,84.7,72.5,2026-06-14 22:20:00,2974341
79.9,77.4,85.1,72.2,2026-06-14 22:40:00,2974341
80.1,76.7,85.3,72.1,2026-06-14 23:00:00,2974341
79.8,76.1,84.4,71.6,2026-06-14 23:20:00,2974341
79.8,75.5,84.2,71.4,2026-06-14 23:40:00,2974341
79.8,75.1,84.2,71.2,2026-06-15 00:00:00,2974341
79.9,74.8,84.4,71.2,2026-06-15 00:20:00,2974341
79.8,75.2,84.2,71.2,2026-06-15 00:40:00,2974341
79.6,75.6,84.0,71.2,2026-06-15 01:00:00,2974341
79.4,76.5,83.8,71.3,2026-06-15 01:20:00,2974341
79.4,76.7,83.8,71.4,2026-06-15 01:40:00,2974341
79.3,77.0,83.7,71.4,2026-06-15 02:00:00,2974341
79.2,77.1,83.7,71.4,2026-06-15 02:20:00,2974341
79.3,77.0,83.7,71.5,2026-06-15 02:40:00,2974341
79.2,77.4,83.7,71.5,2026-06-15 03:00:00,2974341
78.9,77.8,82.9,71.4,2026-06-15 03:20:00,2974341
78.5,78.8,82.6,71.4,2026-06-15 03:40:00,2974341
78.0,79.9,81.7,71.3,2026-06-15 04:00:00,2974341
77.5,81.1,80.8,71.2,2026-06-15 04:20:00,2974341
77.1,81.8,80.1,71.1,2026-06-15 04:40:00,2974341
77.0,81.2,80.1,70.8,2026-06-15 05:00:00,2974341
76.6,80.9,79.3,70.3,2026-06-15 05:20:00,2974341
76.6,80.3,78.8,70.0,2026-06-15 05:40:00,2974341
76.3,79.2,78.4,69.4,2026-06-15 06:00:00,2974341
75.9,78.4,77.9,68.7,2026-06-15 06:20:00,2974341
76.1,75.8,77.7,67.9,2026-06-15 06:40:00,2974341
76.5,71.5,77.7,66.6,2026-06-15 07:00:00,2974341
77.8,66.5,79.2,65.8,2026-06-15 07:20:00,2974341
76.7,66.0,77.2,64.5,2026-06-15 07:40:00,2974341
76.7,65.9,77.2,64.5,2026-06-15 08:00:00,2974341
77.4,61.9,77.9,63.3,2026-06-15 08:20:00,2974341
77.5,60.6,77.7,62.8,2026-06-15 08:40:00,2974341
77.2,59.3,77.4,62.0,2026-06-15 09:00:00,2974341
77.3,57.6,77.0,61.2,2026-06-15 09:20:00,2974341
77.2,55.4,76.8,60.0,2026-06-15 09:40:00,2974341
77.1,53.0,76.3,58.7,2026-06-15 10:00:00,2974341
78.0,47.3,76.8,56.3,2026-06-15 10:20:00,2974341
79.6,47.3,78.8,57.8,2026-06-15 10:40:00,2974341
81.2,44.7,80.2,57.7,2026-06-15 11:00:00,2974341
82.3,42.3,81.3,57.1,2026-06-15 11:20:00,2974341
81.8,41.5,80.4,56.1,2026-06-15 11:40:00,2974341
82.8,38.0,81.3,54.6,2026-06-15 12:00:00,2974341
82.0,37.2,79.9,53.3,2026-06-15 12:20:00,2974341
82.8,39.9,81.5,55.9,2026-06-15 12:40:00,2974341
83.9,39.3,82.9,56.5,2026-06-15 13:00:00,2974341
84.0,35.5,82.4,53.8,2026-06-15 13:20:00,2974341
85.3,33.9,83.5,53.6,2026-06-15 13:40:00,2974341
85.2,34.8,83.7,54.4,2026-06-15 14:00:00,2974341
86.6,34.0,85.3,54.9,2026-06-15 14:20:00,2974341
86.0,32.0,84.0,52.7,2026-06-15 14:40:00,2974341
87.4,32.4,85.8,54.3,2026-06-15 15:00:00,2974341
88.0,33.0,87.1,55.3,2026-06-15 15:20:00,2974341
87.9,32.5,86.5,54.8,2026-06-15 15:40:00,2974341
87.6,33.5,86.7,55.4,2026-06-15 16:00:00,2974341
88.3,33.4,87.3,55.9,2026-06-15 16:20:00,2974341
87.7,33.0,86.5,55.1,2026-06-15 16:40:00,2974341
87.5,31.9,86.0,54.0,2026-06-15 17:00:00,2974341
87.7,32.3,86.2,54.5,2026-06-15 17:20:00,2974341
87.2,32.6,85.6,54.3,2026-06-15 17:40:00,2974341
87.2,32.7,85.6,54.3,2026-06-15 18:00:00,2974341
86.3,33.1,84.7,53.9,2026-06-15 18:20:00,2974341
86.1,33.9,84.6,54.3,2026-06-15 18:40:00,2974341
85.5,35.1,84.2,54.8,2026-06-15 19:00:00,2974341
84.8,36.0,83.5,54.9,2026-06-15 19:20:00,2974341
84.1,36.6,82.6,54.7,2026-06-15 19:40:00,2974341
83.4,36.7,81.7,54.2,2026-06-15 20:00:00,2974341
82.7,37.7,80.8,54.3,2026-06-15 20:20:00,2974341
81.7,39.0,80.1,54.3,2026-06-15 20:40:00,2974341
80.5,40.1,78.8,54.0,2026-06-15 21:00:00,2974341
79.4,40.9,77.5,53.6,2026-06-15 21:20:00,2974341
78.5,41.8,76.6,53.4,2026-06-15 21:40:00,2974341
77.3,43.5,75.4,53.4,2026-06-15 22:00:00,2974341
76.5,44.6,74.7,53.3,2026-06-15 22:20:00,2974341
75.7,45.3,73.9,53.0,2026-06-15 22:40:00,2974341
75.0,46.1,73.4,52.9,2026-06-15 23:00:00,2974341
74.2,47.5,72.9,53.0,2026-06-15 23:20:00,2974341
73.6,49.1,72.5,53.4,2026-06-15 23:40:00,2974341
73.0,50.1,72.0,53.3,2026-06-16 00:00:00,2974341
72.4,51.3,71.6,53.4,2026-06-16 00:20:00,2974341
72.2,51.9,71.4,53.6,2026-06-16 00:40:00,2974341
71.9,52.7,71.2,53.7,2026-06-16 01:00:00,2974341
71.8,51.8,71.1,53.2,2026-06-16 01:20:00,2974341
72.0,51.7,71.2,53.2,2026-06-16 01:40:00,2974341
71.7,51.0,70.9,52.6,2026-06-16 02:00:00,2974341
72.0,49.6,71.1,52.1,2026-06-16 02:20:00,2974341
72.0,50.0,71.1,52.4,2026-06-16 02:40:00,2974341
71.6,49.5,70.5,51.7,2026-06-16 03:00:00,2974341
71.3,49.9,70.3,51.6,2026-06-16 03:20:00,2974341
71.1,50.0,70.2,51.5,2026-06-16 03:40:00,2974341
70.8,50.6,70.2,51.5,2026-06-16 04:00:00,2974341
70.2,51.7,69.3,51.7,2026-06-16 04:20:00,2974341
69.6,52.9,68.4,51.6,2026-06-16 04:40:00,2974341
69.4,53.5,68.2,51.8,2026-06-16 05:00:00,2974341
69.4,54.6,68.2,52.3,2026-06-16 05:20:00,2974341
69.3,54.0,68.2,51.9,2026-06-16 05:40:00,2974341
69.3,54.1,68.2,52.0,2026-06-16 06:00:00,2974341
91.6,30.4,91.2,56.1,2026-06-05 11:40:00,2401090
91.9,29.2,91.2,55.3,2026-06-05 12:00:00,2401090
91.4,28.9,90.5,54.6,2026-06-05 12:20:00,2401090
91.0,29.6,90.1,54.9,2026-06-05 12:40:00,2401090
88.8,31.5,87.6,54.7,2026-06-05 13:00:00,2401090
89.8,29.2,88.2,53.5,2026-06-05 13:20:00,2401090
91.0,28.6,89.8,54.0,2026-06-05 13:40:00,2401090
92.4,28.2,91.6,54.8,2026-06-05 14:00:00,2401090
93.9,28.2,93.9,56.1,2026-06-05 14:20:00,2401090
95.8,26.4,95.9,55.9,2026-06-05 14:40:00,2401090
96.8,25.4,97.2,55.7,2026-06-05 15:00:00,2401090
95.0,26.2,94.8,55.0,2026-06-05 15:20:00,2401090
93.4,27.2,92.5,54.6,2026-06-05 15:40:00,2401090
92.9,27.4,92.1,54.4,2026-06-05 16:00:00,2401090
93.2,28.3,92.8,55.6,2026-06-05 16:20:00,2401090
93.4,27.5,92.5,54.9,2026-06-05 16:40:00,2401090
93.1,28.2,92.7,55.4,2026-06-05 17:00:00,2401090
92.0,27.3,90.9,53.6,2026-06-05 17:20:00,2401090
91.3,28.6,90.3,54.2,2026-06-05 17:40:00,2401090
91.1,30.1,90.5,55.4,2026-06-05 18:00:00,2401090
90.1,31.2,89.2,55.5,2026-06-05 18:20:00,2401090
89.7,31.6,88.9,55.5,2026-06-05 18:40:00,2401090
89.0,32.0,88.0,55.3,2026-06-05 19:00:00,2401090
88.2,32.7,87.1,55.2,2026-06-05 19:20:00,2401090
87.3,33.4,86.0,55.0,2026-06-05 19:40:00,2401090
86.2,35.3,85.3,55.6,2026-06-05 20:00:00,2401090
84.8,36.5,83.7,55.3,2026-06-05 20:20:00,2401090
83.3,39.1,82.0,55.8,2026-06-05 20:40:00,2401090
82.0,41.0,80.4,56.0,2026-06-05 21:00:00,2401090
80.8,42.1,79.5,55.7,2026-06-05 21:20:00,2401090
79.8,43.6,78.4,55.7,2026-06-05 21:40:00,2401090
78.8,45.0,77.4,55.7,2026-06-05 22:00:00,2401090
78.0,45.4,76.5,55.1,2026-06-05 22:20:00,2401090
77.1,47.4,75.6,55.6,2026-06-05 22:40:00,2401090
76.8,49.4,75.4,56.4,2026-06-05 23:00:00,2401090
76.4,50.4,75.2,56.6,2026-06-05 23:20:00,2401090
75.8,51.2,74.7,56.5,2026-06-05 23:40:00,2401090
75.3,52.7,74.3,56.8,2026-06-06 00:00:00,2401090
74.6,53.8,73.8,56.8,2026-06-06 00:20:00,2401090
74.0,55.1,73.4,56.8,2026-06-06 00:40:00,2401090
73.3,56.4,72.9,56.8,2026-06-06 01:00:00,2401090
72.6,57.6,72.3,56.8,2026-06-06 01:20:00,2401090
71.8,59.5,71.6,57.0,2026-06-06 01:40:00,2401090
71.4,61.5,71.2,57.5,2026-06-06 02:00:00,2401090
70.9,62.8,71.1,57.6,2026-06-06 02:20:00,2401090
70.6,63.4,70.7,57.5,2026-06-06 02:40:00,2401090
70.2,64.8,70.2,57.8,2026-06-06 03:00:00,2401090
69.6,65.8,69.4,57.7,2026-06-06 03:20:00,2401090
68.9,67.7,68.7,57.8,2026-06-06 03:40:00,2401090
68.6,69.0,68.2,58.0,2026-06-06 04:00:00,2401090
67.8,70.7,67.5,58.0,2026-06-06 04:20:00,2401090
67.5,71.8,67.1,58.1,2026-06-06 04:40:00,2401090
67.2,72.6,66.7,58.1,2026-06-06 05:00:00,2401090
66.7,73.8,66.0,58.1,2026-06-06 05:20:00,2401090
66.1,75.6,65.5,58.1,2026-06-06 05:40:00,2401090
65.7,76.6,65.1,58.2,2026-06-06 06:00:00,2401090
65.7,76.9,65.3,58.2,2026-06-06 06:20:00,2401090
65.9,77.6,65.5,58.7,2026-06-06 06:40:00,2401090
67.2,76.5,66.9,59.6,2026-06-06 07:00:00,2401090
69.4,74.4,69.6,60.9,2026-06-06 07:20:00,2401090
72.0,69.6,72.7,61.5,2026-06-06 07:40:00,2401090
74.8,64.1,75.0,61.9,2026-06-06 08:00:00,2401090
77.9,57.9,77.9,61.9,2026-06-06 08:20:00,2401090
79.5,53.7,79.7,61.2,2026-06-06 08:40:00,2401090
80.5,52.2,80.8,61.4,2026-06-06 09:00:00,2401090
83.2,51.5,84.6,63.4,2026-06-06 09:20:00,2401090
85.1,46.8,86.7,62.5,2026-06-06 09:40:00,2401090
84.3,46.0,85.1,61.3,2026-06-06 10:00:00,2401090
86.1,43.5,87.3,61.3,2026-06-06 10:20:00,2401090
86.4,45.5,88.2,62.9,2026-06-06 10:40:00,2401090
89.1,40.8,91.2,62.2,2026-06-06 11:00:00,2401090
88.1,39.3,88.9,60.2,2026-06-06 11:20:00,2401090
90.9,38.7,93.7,62.2,2026-06-06 11:40:00,2401090
89.8,39.4,92.1,61.8,2026-06-06 12:00:00,2401090
88.8,39.1,90.1,60.7,2026-06-06 12:20:00,2401090
89.8,38.2,91.6,61.0,2026-06-06 12:40:00,2401090
88.4,38.1,89.2,59.7,2026-06-06 13:00:00,2401090
89.0,37.8,90.0,60.0,2026-06-06 13:20:00,2401090
89.5,37.3,90.7,60.0,2026-06-06 13:40:00,2401090
91.5,37.1,93.9,61.6,2026-06-06 14:00:00,2401090
90.8,38.1,93.2,61.8,2026-06-06 14:20:00,2401090
92.5,37.2,95.5,62.6,2026-06-06 14:40:00,2401090
93.3,36.9,96.8,63.1,2026-06-06 15:00:00,2401090
92.5,38.0,95.9,63.2,2026-06-06 15:20:00,2401090
90.8,38.9,93.4,62.4,2026-06-06 15:40:00,2401090
90.7,38.5,93.2,62.0,2026-06-06 16:00:00,2401090
92.1,37.4,95.0,62.3,2026-06-06 16:20:00,2401090
91.5,36.7,93.7,61.3,2026-06-06 16:40:00,2401090
91.5,37.5,94.3,62.0,2026-06-06 17:00:00,2401090
90.9,37.3,93.2,61.3,2026-06-06 17:20:00,2401090
90.0,37.8,91.8,60.9,2026-06-06 17:40:00,2401090
90.2,36.6,91.6,60.2,2026-06-06 18:00:00,2401090
89.5,37.0,90.5,59.8,2026-06-06 18:20:00,2401090
88.9,38.5,90.1,60.4,2026-06-06 18:40:00,2401090
88.5,38.7,89.4,60.2,2026-06-06 19:00:00,2401090
87.8,39.7,88.7,60.3,2026-06-06 19:20:00,2401090
87.2,41.1,88.2,60.7,2026-06-06 19:40:00,2401090
86.2,42.1,87.1,60.5,2026-06-06 20:00:00,2401090
85.3,43.7,85.8,60.7,2026-06-06 20:20:00,2401090
83.8,45.2,84.0,60.3,2026-06-06 20:40:00,2401090
82.3,47.2,82.2,60.2,2026-06-06 21:00:00,2401090
81.2,49.3,81.3,60.4,2026-06-06 21:20:00,2401090
80.2,50.7,80.1,60.2,2026-06-06 21:40:00,2401090
79.4,52.1,79.3,60.3,2026-06-06 22:00:00,2401090
78.5,53.8,78.4,60.4,2026-06-06 22:20:00,2401090
77.7,55.6,77.5,60.6,2026-06-06 22:40:00,2401090
77.1,57.0,76.8,60.7,2026-06-06 23:00:00,2401090
76.4,58.5,76.1,60.8,2026-06-06 23:20:00,2401090
75.8,59.8,75.6,60.8,2026-06-06 23:40:00,2401090
75.2,61.2,75.0,60.9,2026-06-07 00:00:00,2401090
74.8,62.5,74.8,61.1,2026-06-07 00:20:00,2401090
74.4,63.3,74.7,61.1,2026-06-07 00:40:00,2401090
74.0,64.8,74.3,61.4,2026-06-07 01:00:00,2401090
73.5,65.9,73.8,61.4,2026-06-07 01:20:00,2401090
73.0,67.5,73.4,61.6,2026-06-07 01:40:00,2401090
72.6,68.5,73.0,61.6,2026-06-07 02:00:00,2401090
72.0,70.0,72.7,61.7,2026-06-07 02:20:00,2401090
71.6,71.2,72.1,61.8,2026-06-07 02:40:00,2401090
71.2,72.0,72.0,61.7,2026-06-07 03:00:00,2401090
71.4,71.6,72.0,61.7,2026-06-07 03:20:00,2401090
71.1,71.9,71.8,61.5,2026-06-07 03:40:00,2401090
70.7,73.1,71.6,61.7,2026-06-07 04:00:00,2401090
70.7,73.3,71.2,61.7,2026-06-07 04:20:00,2401090
70.3,74.5,70.9,61.8,2026-06-07 04:40:00,2401090
69.7,75.3,70.3,61.6,2026-06-07 05:00:00,2401090
69.3,76.1,69.8,61.5,2026-06-07 05:20:00,2401090
68.5,77.8,68.7,61.3,2026-06-07 05:40:00,2401090
68.6,78.8,68.9,61.7,2026-06-07 06:00:00,2401090
68.6,79.2,69.1,61.9,2026-06-07 06:20:00,2401090
69.1,79.2,69.6,62.3,2026-06-07 06:40:00,2401090
70.0,78.7,70.7,63.0,2026-06-07 07:00:00,2401090
71.8,75.4,72.9,63.6,2026-06-07 07:20:00,2401090
73.7,72.8,74.7,64.5,2026-06-07 07:40:00,2401090
76.0,68.1,76.6,64.7,2026-06-07 08:00:00,2401090
79.0,63.9,80.8,65.8,2026-06-07 08:20:00,2401090
78.9,60.4,79.9,64.1,2026-06-07 08:40:00,2401090
82.9,56.6,85.1,65.9,2026-06-07 09:00:00,2401090
83.9,53.2,86.4,65.0,2026-06-07 09:20:00,2401090
84.6,51.2,87.1,64.5,2026-06-07 09:40:00,2401090
85.8,47.0,88.0,63.3,2026-06-07 10:00:00,2401090
88.8,45.8,92.3,65.2,2026-06-07 10:20:00,2401090
88.8,44.3,91.8,64.2,2026-06-07 10:40:00,2401090
91.6,41.5,96.1,64.9,2026-06-07 11:00:00,2401090
90.5,41.8,93.9,64.1,2026-06-07 11:20:00,2401090
92.9,40.5,98.1,65.3,2026-06-07 11:40:00,2401090
92.7,38.5,96.6,63.8,2026-06-07 12:00:00,2401090
90.8,39.4,93.7,62.7,2026-06-07 12:20:00,2401090
92.5,37.7,96.1,63.0,2026-06-07 12:40:00,2401090
90.9,37.9,93.4,61.7,2026-06-07 13:00:00,2401090
92.2,37.9,95.4,62.9,2026-06-07 13:20:00,2401090
92.8,38.0,96.4,63.5,2026-06-07 13:40:00,2401090
95.0,35.3,99.1,63.3,2026-06-07 14:00:00,2401090
96.3,33.7,100.6,63.0,2026-06-07 14:20:00,2401090
96.6,34.2,101.3,63.8,2026-06-07 14:40:00,2401090
98.0,32.5,102.7,63.6,2026-06-07 15:00:00,2401090
93.6,33.9,95.9,60.9,2026-06-07 15:20:00,2401090
95.1,35.7,99.5,63.8,2026-06-07 15:40:00,2401090
94.2,34.9,97.3,62.2,2026-06-07 16:00:00,2401090
93.4,36.3,96.6,62.7,2026-06-07 16:20:00,2401090
94.6,35.4,98.2,63.0,2026-06-07 16:40:00,2401090
94.8,35.6,98.8,63.3,2026-06-07 17:00:00,2401090
94.7,36.6,99.3,64.0,2026-06-07 17:20:00,2401090
93.6,38.8,98.4,64.8,2026-06-07 17:40:00,2401090
92.4,40.9,97.2,65.2,2026-06-07 18:00:00,2401090
92.1,40.2,96.4,64.5,2026-06-07 18:20:00,2401090
91.8,41.0,96.3,64.7,2026-06-07 18:40:00,2401090
91.0,41.4,94.8,64.3,2026-06-07 19:00:00,2401090
90.5,42.1,94.3,64.4,2026-06-07 19:20:00,2401090
89.9,42.5,93.2,64.1,2026-06-07 19:40:00,2401090
89.2,42.0,91.8,63.1,2026-06-07 20:00:00,2401090
88.3,42.8,90.3,62.9,2026-06-07 20:20:00,2401090
87.7,44.1,89.8,63.1,2026-06-07 20:40:00,2401090
87.3,44.3,89.2,63.0,2026-06-07 21:00:00,2401090
86.4,46.1,88.5,63.2,2026-06-07 21:20:00,2401090
85.2,48.3,87.3,63.4,2026-06-07 21:40:00,2401090
83.9,50.0,85.6,63.3,2026-06-07 22:00:00,2401090
84.1,50.8,86.0,63.9,2026-06-07 22:20:00,2401090
83.8,51.4,85.6,63.9,2026-06-07 22:40:00,2401090
83.0,52.5,84.6,63.9,2026-06-07 23:00:00,2401090
82.2,53.8,83.3,63.8,2026-06-07 23:20:00,2401090
81.6,55.0,82.9,63.9,2026-06-07 23:40:00,2401090
81.2,56.5,82.6,64.2,2026-06-08 00:00:00,2401090
81.0,57.2,82.4,64.5,2026-06-08 00:20:00,2401090
80.8,58.0,82.4,64.7,2026-06-08 00:40:00,2401090
80.0,59.3,81.3,64.6,2026-06-08 01:00:00,2401090
79.4,60.7,80.8,64.6,2026-06-08 01:20:00,2401090
78.9,61.9,80.1,64.8,2026-06-08 01:40:00,2401090
78.5,63.2,79.9,65.0,2026-06-08 02:00:00,2401090
78.1,64.0,79.3,64.9,2026-06-08 02:20:00,2401090
77.3,65.5,78.1,64.8,2026-06-08 02:40:00,2401090
76.8,66.8,77.4,64.9,2026-06-08 03:00:00,2401090
76.2,68.0,76.8,64.9,2026-06-08 03:20:00,2401090
75.9,69.4,76.6,65.2,2026-06-08 03:40:00,2401090
76.1,69.4,76.8,65.3,2026-06-08 04:00:00,2401090
75.9,69.7,76.6,65.3,2026-06-08 04:20:00,2401090
75.5,70.6,76.5,65.3,2026-06-08 04:40:00,2401090
75.1,71.5,76.1,65.3,2026-06-08 05:00:00,2401090
74.6,73.0,75.6,65.3,2026-06-08 05:20:00,2401090
74.3,73.5,75.6,65.3,2026-06-08 05:40:00,2401090
73.9,74.9,75.0,65.4,2026-06-08 06:00:00,2401090
73.3,76.5,74.7,65.4,2026-06-08 06:20:00,2401090
73.7,76.8,75.0,65.9,2026-06-08 06:40:00,2401090
74.6,76.5,76.1,66.7,2026-06-08 07:00:00,2401090
76.2,73.5,77.4,67.1,2026-06-08 07:20:00,2401090
77.7,70.0,79.7,67.2,2026-06-08 07:40:00,2401090
79.5,66.7,81.9,67.5,2026-06-08 08:00:00,2401090
81.3,63.1,84.0,67.5,2026-06-08 08:20:00,2401090
83.8,58.7,87.4,67.7,2026-06-08 08:40:00,2401090
85.7,56.2,90.7,68.3,2026-06-08 09:00:00,2401090
87.3,53.8,92.8,68.5,2026-06-08 09:20:00,2401090
88.4,51.8,94.1,68.5,2026-06-08 09:40:00,2401090
88.9,52.0,95.5,69.0,2026-06-08 10:00:00,2401090
91.7,48.8,99.7,69.7,2026-06-08 10:20:00,2401090
90.6,48.0,97.0,68.2,2026-06-08 10:40:00,2401090
93.2,45.5,101.1,69.0,2026-06-08 11:00:00,2401090
94.5,44.5,103.1,69.5,2026-06-08 11:20:00,2401090
93.6,42.2,100.0,67.2,2026-06-08 11:40:00,2401090
94.0,42.4,100.9,67.6,2026-06-08 12:00:00,2401090
92.5,44.0,99.0,67.5,2026-06-08 12:20:00,2401090
92.5,42.6,98.1,66.5,2026-06-08 12:40:00,2401090
91.4,43.1,96.1,65.8,2026-06-08 13:00:00,2401090
91.9,42.5,97.3,65.9,2026-06-08 13:20:00,2401090
92.5,42.1,97.7,66.1,2026-06-08 13:40:00,2401090
91.0,42.8,95.4,65.2,2026-06-08 14:00:00,2401090
92.7,41.2,98.1,65.6,2026-06-08 14:20:00,2401090
94.5,40.5,101.1,66.8,2026-06-08 14:40:00,2401090
94.8,39.2,100.8,66.1,2026-06-08 15:00:00,2401090
93.0,41.7,98.4,66.3,2026-06-08 15:20:00,2401090
92.5,42.2,97.7,66.2,2026-06-08 15:40:00,2401090
91.9,41.8,96.6,65.4,2026-06-08 16:00:00,2401090
92.5,41.9,97.7,65.9,2026-06-08 16:20:00,2401090
91.5,40.8,95.5,64.3,2026-06-08 16:40:00,2401090
92.0,39.3,95.9,63.7,2026-06-08 17:00:00,2401090
91.8,39.5,95.5,63.6,2026-06-08 17:20:00,2401090
91.5,39.5,95.0,63.5,2026-06-08 17:40:00,2401090
91.0,40.3,94.3,63.5,2026-06-08 18:00:00,2401090
89.7,40.3,92.1,62.4,2026-06-08 18:20:00,2401090
88.8,41.2,90.9,62.2,2026-06-08 18:40:00,2401090
88.7,42.0,91.0,62.7,2026-06-08 19:00:00,2401090
88.0,42.8,90.1,62.6,2026-06-08 19:20:00,2401090
87.2,45.6,89.6,63.6,2026-06-08 19:40:00,2401090
85.7,48.6,88.2,64.1,2026-06-08 20:00:00,2401090
84.5,50.5,86.5,64.1,2026-06-08 20:20:00,2401090
83.2,52.9,85.1,64.2,2026-06-08 20:40:00,2401090
82.3,54.8,83.8,64.4,2026-06-08 21:00:00,2401090
81.2,56.2,82.6,64.1,2026-06-08 21:20:00,2401090
80.0,57.5,81.0,63.7,2026-06-08 21:40:00,2401090
78.9,59.5,79.7,63.6,2026-06-08 22:00:00,2401090
78.0,61.7,78.8,63.8,2026-06-08 22:20:00,2401090
76.5,63.5,76.8,63.2,2026-06-08 22:40:00,2401090
75.2,65.1,75.6,62.7,2026-06-08 23:00:00,2401090
74.4,66.0,74.8,62.3,2026-06-08 23:20:00,2401090
73.1,66.1,73.6,61.2,2026-06-08 23:40:00,2401090
72.1,67.3,72.5,60.7,2026-06-09 00:00:00,2401090
71.6,69.1,72.3,61.0,2026-06-09 00:20:00,2401090
71.0,70.1,71.6,60.7,2026-06-09 00:40:00,2401090
70.4,70.4,70.9,60.4,2026-06-09 01:00:00,2401090
69.7,69.3,69.8,59.2,2026-06-09 01:20:00,2401090
69.2,67.5,68.9,58.0,2026-06-09 01:40:00,2401090
68.7,66.4,68.2,57.1,2026-06-09 02:00:00,2401090
68.3,67.6,67.8,57.1,2026-06-09 02:20:00,2401090
67.9,69.6,67.5,57.6,2026-06-09 02:40:00,2401090
67.7,71.3,67.3,58.0,2026-06-09 03:00:00,2401090
67.6,72.6,67.1,58.5,2026-06-09 03:20:00,2401090
67.5,73.2,67.3,58.6,2026-06-09 03:40:00,2401090
67.5,72.8,67.1,58.5,2026-06-09 04:00:00,2401090
67.3,73.1,66.9,58.4,2026-06-09 04:20:00,2401090
66.8,72.0,66.2,57.5,2026-06-09 04:40:00,2401090
66.5,70.1,65.5,56.4,2026-06-09 05:00:00,2401090
66.1,70.2,65.1,56.2,2026-06-09 05:20:00,2401090
66.2,70.2,65.1,56.2,2026-06-09 05:40:00,2401090
65.9,69.6,64.8,55.7,2026-06-09 06:00:00,2401090
65.9,69.8,64.8,55.7,2026-06-09 06:20:00,2401090
65.9,70.2,64.8,55.9,2026-06-09 06:40:00,2401090
66.2,68.8,65.1,55.7,2026-06-09 07:00:00,2401090
67.4,67.5,66.4,56.3,2026-06-09 07:20:00,2401090
68.0,66.8,67.3,56.5,2026-06-09 07:40:00,2401090
68.9,65.6,68.2,56.9,2026-06-09 08:00:00,2401090
70.0,63.9,70.0,57.3,2026-06-09 08:20:00,2401090
71.3,60.9,71.2,57.1,2026-06-09 08:40:00,2401090
73.0,60.9,72.9,58.7,2026-06-09 09:00:00,2401090
76.0,57.0,75.6,59.7,2026-06-09 09:20:00,2401090
75.8,57.7,75.4,59.8,2026-06-09 09:40:00,2401090
75.3,57.5,74.8,59.3,2026-06-09 10:00:00,2401090
77.2,58.1,76.8,61.3,2026-06-09 10:20:00,2401090
78.2,56.0,78.1,61.2,2026-06-09 10:40:00,2401090
78.5,55.2,78.6,61.1,2026-06-09 11:00:00,2401090
80.5,52.6,81.0,61.6,2026-06-09 11:20:00,2401090
81.3,52.8,81.9,62.4,2026-06-09 11:40:00,2401090
80.4,54.7,81.0,62.6,2026-06-09 12:00:00,2401090
82.0,52.2,82.8,62.8,2026-06-09 12:20:00,2401090
82.1,53.5,83.3,63.6,2026-06-09 12:40:00,2401090
83.8,54.0,86.2,65.4,2026-06-09 13:00:00,2401090
84.6,54.7,88.2,66.5,2026-06-09 13:20:00,2401090
84.4,57.7,88.3,67.8,2026-06-09 13:40:00,2401090
83.3,57.8,86.2,66.8,2026-06-09 14:00:00,2401090
84.6,57.4,88.9,67.9,2026-06-09 14:20:00,2401090
85.2,57.1,90.0,68.3,2026-06-09 14:40:00,2401090
85.4,54.8,89.4,67.3,2026-06-09 15:00:00,2401090
86.2,54.4,91.0,67.8,2026-06-09 15:20:00,2401090
86.4,55.2,91.8,68.4,2026-06-09 15:40:00,2401090
86.6,54.3,91.8,68.1,2026-06-09 16:00:00,2401090
87.4,53.7,92.8,68.5,2026-06-09 16:20:00,2401090
86.7,55.0,91.9,68.6,2026-06-09 16:40:00,2401090
86.9,55.0,92.1,68.7,2026-06-09 17:00:00,2401090
86.9,55.6,92.5,69.1,2026-06-09 17:20:00,2401090
86.6,55.7,92.1,68.9,2026-06-09 17:40:00,2401090
86.2,56.0,91.6,68.7,2026-06-09 18:00:00,2401090
85.9,56.7,91.2,68.7,2026-06-09 18:20:00,2401090
85.8,57.3,91.0,69.0,2026-06-09 18:40:00,2401090
84.9,58.4,90.0,68.7,2026-06-09 19:00:00,2401090
84.4,59.5,89.2,68.7,2026-06-09 19:20:00,2401090
84.1,60.1,88.7,68.8,2026-06-09 19:40:00,2401090
83.7,61.5,88.3,69.0,2026-06-09 20:00:00,2401090
83.0,62.4,87.1,68.8,2026-06-09 20:20:00,2401090
82.3,63.9,86.0,68.9,2026-06-09 20:40:00,2401090
81.7,64.8,85.5,68.7,2026-06-09 21:00:00,2401090
81.2,66.0,84.7,68.7,2026-06-09 21:20:00,2401090
80.7,66.6,84.0,68.6,2026-06-09 21:40:00,2401090
80.0,68.2,83.1,68.5,2026-06-09 22:00:00,2401090
79.4,69.5,82.4,68.6,2026-06-09 22:20:00,2401090
79.2,70.4,82.2,68.8,2026-06-09 22:40:00,2401090
79.2,71.1,82.4,69.0,2026-06-09 23:00:00,2401090
79.3,71.6,82.6,69.3,2026-06-09 23:20:00,2401090
79.4,73.0,83.1,69.9,2026-06-09 23:40:00,2401090
79.4,74.6,83.5,70.6,2026-06-10 00:00:00,2401090
79.0,76.0,82.9,70.8,2026-06-10 00:20:00,2401090
78.6,77.3,82.6,70.9,2026-06-10 00:40:00,2401090
78.1,78.8,81.9,71.0,2026-06-10 01:00:00,2401090
77.9,79.7,81.3,71.1,2026-06-10 01:20:00,2401090
77.5,80.4,80.6,71.0,2026-06-10 01:40:00,2401090
77.2,81.1,80.4,70.9,2026-06-10 02:00:00,2401090
76.7,81.7,79.3,70.7,2026-06-10 02:20:00,2401090
76.4,82.4,78.8,70.6,2026-06-10 02:40:00,2401090
76.0,83.1,78.4,70.5,2026-06-10 03:00:00,2401090
75.7,83.8,78.1,70.4,2026-06-10 03:20:00,2401090
75.5,84.4,77.9,70.5,2026-06-10 03:40:00,2401090
75.5,84.6,78.1,70.5,2026-06-10 04:00:00,2401090
75.1,85.2,77.5,70.4,2026-06-10 04:20:00,2401090
75.0,85.8,77.4,70.4,2026-06-10 04:40:00,2401090
74.8,86.1,77.2,70.4,2026-06-10 05:00:00,2401090
74.8,86.4,77.4,70.4,2026-06-10 05:20:00,2401090
74.7,86.6,77.4,70.4,2026-06-10 05:40:00,2401090
74.7,86.8,77.4,70.5,2026-06-10 06:00:00,2401090
74.9,86.9,77.5,70.7,2026-06-10 06:20:00,2401090
75.1,86.7,77.7,70.9,2026-06-10 06:40:00,2401090
75.4,86.4,78.3,71.1,2026-06-10 07:00:00,2401090
75.7,85.9,78.3,71.2,2026-06-10 07:20:00,2401090
75.8,85.8,78.4,71.2,2026-06-10 07:40:00,2401090
76.2,85.6,79.0,71.5,2026-06-10 08:00:00,2401090
76.7,84.0,79.7,71.5,2026-06-10 08:20:00,2401090
77.4,82.3,81.0,71.5,2026-06-10 08:40:00,2401090
78.0,80.0,81.7,71.3,2026-06-10 09:00:00,2401090
80.9,75.5,86.4,72.4,2026-06-10 09:20:00,2401090
81.2,73.8,86.5,72.0,2026-06-10 09:40:00,2401090
83.4,69.8,90.1,72.5,2026-06-10 10:00:00,2401090
86.7,64.8,96.1,73.4,2026-06-10 10:20:00,2401090
85.4,64.0,92.7,71.8,2026-06-10 10:40:00,2401090
85.3,63.4,92.3,71.5,2026-06-10 11:00:00,2401090
85.6,64.0,93.0,72.0,2026-06-10 11:20:00,2401090
85.6,65.1,93.4,72.6,2026-06-10 11:40:00,2401090
86.1,61.2,93.0,71.1,2026-06-10 12:00:00,2401090
86.5,58.8,93.0,70.3,2026-06-10 12:20:00,2401090
87.4,56.5,93.9,70.0,2026-06-10 12:40:00,2401090
87.5,56.9,94.3,70.4,2026-06-10 13:00:00,2401090
88.8,54.7,96.3,70.4,2026-06-10 13:20:00,2401090
90.9,51.3,99.5,70.4,2026-06-10 13:40:00,2401090
90.7,51.5,99.1,70.3,2026-06-10 14:00:00,2401090
89.6,53.1,97.2,70.2,2026-06-10 14:20:00,2401090
90.1,54.0,99.1,71.3,2026-06-10 14:40:00,2401090
92.8,49.9,102.7,71.4,2026-06-10 15:00:00,2401090
91.1,48.2,98.4,68.8,2026-06-10 15:20:00,2401090
92.0,49.5,100.8,70.4,2026-06-10 15:40:00,2401090
90.6,50.5,98.4,69.7,2026-06-10 16:00:00,2401090
92.3,49.7,101.8,70.8,2026-06-10 16:20:00,2401090
92.1,49.5,100.8,70.5,2026-06-10 16:40:00,2401090
92.1,51.2,101.8,71.5,2026-06-10 17:00:00,2401090
91.4,50.4,100.2,70.4,2026-06-10 17:20:00,2401090
91.2,50.5,99.9,70.3,2026-06-10 17:40:00,2401090
91.0,50.8,99.3,70.2,2026-06-10 18:00:00,2401090
91.2,50.7,99.7,70.4,2026-06-10 18:20:00,2401090
90.1,50.6,97.5,69.3,2026-06-10 18:40:00,2401090
89.8,51.1,96.6,69.3,2026-06-10 19:00:00,2401090
89.7,51.5,96.8,69.5,2026-06-10 19:20:00,2401090
89.4,52.1,96.3,69.5,2026-06-10 19:40:00,2401090
88.7,53.3,95.7,69.5,2026-06-10 20:00:00,2401090
87.6,55.4,93.7,69.6,2026-06-10 20:20:00,2401090
86.5,57.2,92.3,69.5,2026-06-10 20:40:00,2401090
85.4,59.1,90.9,69.5,2026-06-10 21:00:00,2401090
84.8,60.5,90.1,69.6,2026-06-10 21:20:00,2401090
84.6,61.1,90.0,69.7,2026-06-10 21:40:00,2401090
84.1,62.2,89.2,69.7,2026-06-10 22:00:00,2401090
83.4,64.0,88.3,69.9,2026-06-10 22:20:00,2401090
82.8,65.3,87.4,70.0,2026-06-10 22:40:00,2401090
82.2,66.8,86.7,70.1,2026-06-10 23:00:00,2401090
81.8,67.8,86.0,70.1,2026-06-10 23:20:00,2401090
81.4,68.6,85.6,70.1,2026-06-10 23:40:00,2401090
81.2,69.4,85.5,70.2,2026-06-11 00:00:00,2401090
80.7,70.6,84.9,70.2,2026-06-11 00:20:00,2401090
80.3,71.2,84.4,70.1,2026-06-11 00:40:00,2401090
79.9,72.1,83.7,70.1,2026-06-11 01:00:00,2401090
79.5,73.0,83.3,70.1,2026-06-11 01:20:00,2401090
79.2,73.6,82.9,70.1,2026-06-11 01:40:00,2401090
78.7,74.5,82.0,69.9,2026-06-11 02:00:00,2401090
78.5,75.0,81.9,69.9,2026-06-11 02:20:00,2401090
78.1,75.4,81.1,69.7,2026-06-11 02:40:00,2401090
77.9,75.4,80.6,69.4,2026-06-11 03:00:00,2401090
77.6,75.5,80.2,69.2,2026-06-11 03:20:00,2401090
77.3,75.9,79.5,69.1,2026-06-11 03:40:00,2401090
76.9,76.7,79.0,69.0,2026-06-11 04:00:00,2401090
76.5,77.4,78.4,68.9,2026-06-11 04:20:00,2401090
76.1,78.0,77.9,68.7,2026-06-11 04:40:00,2401090
75.8,78.4,77.7,68.6,2026-06-11 05:00:00,2401090
75.4,79.0,77.4,68.4,2026-06-11 05:20:00,2401090
75.1,79.2,77.0,68.2,2026-06-11 05:40:00,2401090
75.1,78.9,76.8,68.1,2026-06-11 06:00:00,2401090
75.1,78.7,76.8,68.0,2026-06-11 06:20:00,2401090
75.3,78.4,77.0,68.1,2026-06-11 06:40:00,2401090
75.9,77.7,77.5,68.4,2026-06-11 07:00:00,2401090
76.7,75.8,78.4,68.5,2026-06-11 07:20:00,2401090
77.9,74.3,80.2,69.0,2026-06-11 07:40:00,2401090
79.6,72.1,83.3,69.9,2026-06-11 08:00:00,2401090
82.1,68.0,86.7,70.5,2026-06-11 08:20:00,2401090
84.6,64.7,91.2,71.3,2026-06-11 08:40:00,2401090
85.0,60.8,90.7,69.9,2026-06-11 09:00:00,2401090
88.6,59.0,97.5,72.4,2026-06-11 09:20:00,2401090
90.4,55.5,100.4,72.3,2026-06-11 09:40:00,2401090
90.9,54.3,101.1,72.1,2026-06-11 10:00:00,2401090
93.5,52.7,106.0,73.7,2026-06-11 10:20:00,2401090
95.0,50.2,108.3,73.6,2026-06-11 10:40:00,2401090
95.4,49.7,108.9,73.6,2026-06-11 11:00:00,2401090
96.2,48.3,109.6,73.5,2026-06-11 11:20:00,2401090
95.5,48.6,108.0,73.0,2026-06-11 11:40:00,2401090
97.3,46.3,110.5,73.2,2026-06-11 12:00:00,2401090
94.1,46.5,103.6,70.5,2026-06-11 12:20:00,2401090
96.0,45.5,107.1,71.5,2026-06-11 12:40:00,2401090
94.6,46.9,104.7,71.2,2026-06-11 13:00:00,2401090
95.7,44.8,105.8,70.8,2026-06-11 13:20:00,2401090
95.5,44.6,105.3,70.5,2026-06-11 13:40:00,2401090
98.1,42.2,109.8,71.2,2026-06-11 14:00:00,2401090
100.4,39.8,113.0,71.5,2026-06-11 14:20:00,2401090
98.8,40.1,109.6,70.4,2026-06-11 14:40:00,2401090
100.1,37.5,110.5,69.5,2026-06-11 15:00:00,2401090
100.7,37.8,111.9,70.3,2026-06-11 15:20:00,2401090
99.3,38.0,108.9,69.2,2026-06-11 15:40:00,2401090
100.3,37.1,110.3,69.3,2026-06-11 16:00:00,2401090
100.2,37.6,111.0,69.7,2026-06-11 16:20:00,2401090
97.9,39.8,107.6,69.3,2026-06-11 16:40:00,2401090
97.6,41.0,107.6,70.0,2026-06-11 17:00:00,2401090
96.5,42.9,106.7,70.3,2026-06-11 17:20:00,2401090
95.8,43.8,105.6,70.3,2026-06-11 17:40:00,2401090
95.4,44.0,104.9,70.0,2026-06-11 18:00:00,2401090
80.0,75.2,84.6,71.4,2026-06-11 18:20:00,2401090
76.8,89.7,80.4,73.5,2026-06-11 18:40:00,2401090
78.3,93.1,84.9,76.1,2026-06-11 19:00:00,2401090
79.2,94.1,87.3,77.4,2026-06-11 19:20:00,2401090
79.4,93.2,87.4,77.2,2026-06-11 19:40:00,2401090
79.1,92.7,86.5,76.8,2026-06-11 20:00:00,2401090
79.0,94.7,86.9,77.4,2026-06-11 20:20:00,2401090
78.6,93.4,85.3,76.5,2026-06-11 20:40:00,2401090
78.3,94.2,85.1,76.5,2026-06-11 21:00:00,2401090
78.1,93.8,84.6,76.2,2026-06-11 21:20:00,2401090
78.3,94.9,85.3,76.7,2026-06-11 21:40:00,2401090
78.3,93.5,84.9,76.3,2026-06-11 22:00:00,2401090
78.5,92.6,85.3,76.2,2026-06-11 22:20:00,2401090
78.6,91.1,85.3,75.8,2026-06-11 22:40:00,2401090
78.5,89.5,84.6,75.2,2026-06-11 23:00:00,2401090
78.6,87.4,84.2,74.5,2026-06-11 23:20:00,2401090
78.6,86.8,84.4,74.4,2026-06-11 23:40:00,2401090
78.7,87.0,84.4,74.5,2026-06-12 00:00:00,2401090
78.8,84.4,84.4,73.7,2026-06-12 00:20:00,2401090
78.7,83.9,83.8,73.4,2026-06-12 00:40:00,2401090
78.4,84.2,83.1,73.2,2026-06-12 01:00:00,2401090
78.2,84.8,82.9,73.3,2026-06-12 01:20:00,2401090
78.0,85.1,82.6,73.1,2026-06-12 01:40:00,2401090
77.8,83.2,81.7,72.2,2026-06-12 02:00:00,2401090
77.7,84.5,82.0,72.7,2026-06-12 02:20:00,2401090
77.7,84.4,81.5,72.6,2026-06-12 02:40:00,2401090
77.5,84.8,81.3,72.5,2026-06-12 03:00:00,2401090
77.6,84.5,81.5,72.6,2026-06-12 03:20:00,2401090
77.6,84.0,81.5,72.4,2026-06-12 03:40:00,2401090
77.7,83.8,81.9,72.4,2026-06-12 04:00:00,2401090
77.6,84.4,81.5,72.5,2026-06-12 04:20:00,2401090
77.0,86.7,80.8,72.8,2026-06-12 04:40:00,2401090
76.8,87.6,80.2,72.8,2026-06-12 05:00:00,2401090
76.4,88.4,79.5,72.7,2026-06-12 05:20:00,2401090
76.0,88.9,79.2,72.5,2026-06-12 05:40:00,2401090
75.8,89.8,79.0,72.6,2026-06-12 06:00:00,2401090
76.0,89.9,79.2,72.8,2026-06-12 06:20:00,2401090
76.6,89.5,80.1,73.3,2026-06-12 06:40:00,2401090
77.5,88.9,82.0,74.0,2026-06-12 07:00:00,2401090
79.5,85.3,85.8,74.7,2026-06-12 07:20:00,2401090
81.9,80.4,89.8,75.3,2026-06-12 07:40:00,2401090
83.7,77.3,93.4,75.8,2026-06-12 08:00:00,2401090
85.0,72.4,95.0,75.1,2026-06-12 08:20:00,2401090
86.5,69.8,97.5,75.5,2026-06-12 08:40:00,2401090
88.0,65.5,99.3,74.9,2026-06-12 09:00:00,2401090
89.3,60.0,99.7,73.5,2026-06-12 09:20:00,2401090
91.0,56.0,101.8,73.1,2026-06-12 09:40:00,2401090
94.9,53.7,110.3,75.5,2026-06-12 10:00:00,2401090
95.0,49.6,108.0,73.2,2026-06-12 10:20:00,2401090
97.7,49.0,114.1,75.3,2026-06-12 10:40:00,2401090
97.8,45.6,111.4,73.2,2026-06-12 11:00:00,2401090
98.3,42.3,110.1,71.5,2026-06-12 11:20:00,2401090
99.5,40.7,111.7,71.4,2026-06-12 11:40:00,2401090
99.5,39.7,111.0,70.7,2026-06-12 12:00:00,2401090
98.0,41.3,108.7,70.5,2026-06-12 12:20:00,2401090
98.0,41.8,109.0,70.9,2026-06-12 12:40:00,2401090
96.8,41.0,105.8,69.2,2026-06-12 13:00:00,2401090
97.4,39.3,106.2,68.5,2026-06-12 13:20:00,2401090
98.8,39.6,109.2,70.0,2026-06-12 13:40:00,2401090
100.4,36.2,110.1,68.7,2026-06-12 14:00:00,2401090
100.9,33.1,108.5,66.5,2026-06-12 14:20:00,2401090
102.4,34.2,112.8,68.9,2026-06-12 14:40:00,2401090
100.1,37.4,110.3,69.5,2026-06-12 15:00:00,2401090
101.5,36.8,113.0,70.2,2026-06-12 15:20:00,2401090
102.4,32.6,111.4,67.5,2026-06-12 15:40:00,2401090
101.8,34.1,111.0,68.2,2026-06-12 16:00:00,2401090
102.0,35.4,112.5,69.4,2026-06-12 16:20:00,2401090
100.9,34.5,109.6,67.8,2026-06-12 16:40:00,2401090
100.5,34.8,109.0,67.7,2026-06-12 17:00:00,2401090
100.3,36.2,109.8,68.6,2026-06-12 17:20:00,2401090
99.2,35.6,107.2,67.3,2026-06-12 17:40:00,2401090
99.0,36.1,107.2,67.5,2026-06-12 18:00:00,2401090
98.9,35.8,106.5,67.1,2026-06-12 18:20:00,2401090
98.2,37.1,106.2,67.5,2026-06-12 18:40:00,2401090
97.1,39.5,105.6,68.4,2026-06-12 19:00:00,2401090
96.4,39.7,104.2,67.9,2026-06-12 19:20:00,2401090
95.5,42.3,104.0,69.0,2026-06-12 19:40:00,2401090
94.6,41.4,101.5,67.6,2026-06-12 20:00:00,2401090
93.5,43.6,100.6,68.1,2026-06-12 20:20:00,2401090
92.5,44.6,99.1,67.8,2026-06-12 20:40:00,2401090
91.6,47.0,98.8,68.5,2026-06-12 21:00:00,2401090
90.8,48.9,97.9,69.0,2026-06-12 21:20:00,2401090
90.2,49.9,97.2,69.0,2026-06-12 21:40:00,2401090
90.0,50.5,97.2,69.2,2026-06-12 22:00:00,2401090
89.0,52.2,95.5,69.2,2026-06-12 22:20:00,2401090
87.9,55.1,94.5,69.8,2026-06-12 22:40:00,2401090
88.5,51.3,93.9,68.2,2026-06-12 23:00:00,2401090
88.6,50.0,93.9,67.6,2026-06-12 23:20:00,2401090
88.0,47.0,91.6,65.2,2026-06-12 23:40:00,2401090
87.0,47.4,90.0,64.5,2026-06-13 00:00:00,2401090
85.9,50.1,89.1,65.2,2026-06-13 00:20:00,2401090
84.7,52.5,87.4,65.4,2026-06-13 00:40:00,2401090
83.8,54.7,86.5,65.8,2026-06-13 01:00:00,2401090
82.9,55.9,84.9,65.5,2026-06-13 01:20:00,2401090
83.0,56.3,85.5,65.9,2026-06-13 01:40:00,2401090
82.6,56.9,84.9,65.8,2026-06-13 02:00:00,2401090
82.0,58.0,84.0,65.8,2026-06-13 02:20:00,2401090
81.4,59.1,83.3,65.8,2026-06-13 02:40:00,2401090
80.5,60.6,82.4,65.7,2026-06-13 03:00:00,2401090
79.9,62.0,81.9,65.7,2026-06-13 03:20:00,2401090
79.4,63.4,81.3,65.9,2026-06-13 03:40:00,2401090
78.9,64.7,80.6,66.0,2026-06-13 04:00:00,2401090
78.5,66.2,80.2,66.3,2026-06-13 04:20:00,2401090
78.2,66.4,79.7,66.0,2026-06-13 04:40:00,2401090
77.6,67.7,79.2,66.1,2026-06-13 05:00:00,2401090
77.1,69.8,78.4,66.5,2026-06-13 05:20:00,2401090
76.6,70.9,77.9,66.5,2026-06-13 05:40:00,2401090
76.3,71.5,77.4,66.4,2026-06-13 06:00:00,2401090
75.9,72.8,77.2,66.6,2026-06-13 06:20:00,2401090
76.0,74.4,77.4,67.3,2026-06-13 06:40:00,2401090
76.6,75.0,78.1,68.1,2026-06-13 07:00:00,2401090
78.1,72.5,80.8,68.5,2026-06-13 07:20:00,2401090
80.1,68.3,83.5,68.7,2026-06-13 07:40:00,2401090
81.6,64.5,84.9,68.4,2026-06-13 08:00:00,2401090
83.7,62.4,88.7,69.5,2026-06-13 08:20:00,2401090
84.7,58.0,89.1,68.3,2026-06-13 08:40:00,2401090
86.3,56.5,91.8,69.0,2026-06-13 09:00:00,2401090
88.1,54.4,94.5,69.5,2026-06-13 09:20:00,2401090
87.4,53.0,92.5,68.2,2026-06-13 09:40:00,2401090
91.0,52.5,100.2,71.2,2026-06-13 10:00:00,2401090
90.1,54.4,99.0,71.4,2026-06-13 10:20:00,2401090
90.9,51.2,99.5,70.4,2026-06-13 10:40:00,2401090
90.6,51.3,98.8,70.2,2026-06-13 11:00:00,2401090
91.0,48.5,98.1,68.9,2026-06-13 11:20:00,2401090
92.1,48.0,100.4,69.6,2026-06-13 11:40:00,2401090
92.5,47.3,100.2,69.5,2026-06-13 12:00:00,2401090
93.4,48.8,103.5,71.2,2026-06-13 12:20:00,2401090
92.5,46.3,99.9,68.9,2026-06-13 12:40:00,2401090
92.1,49.5,101.1,70.5,2026-06-13 13:00:00,2401090
91.9,48.2,100.0,69.5,2026-06-13 13:20:00,2401090
93.5,46.1,101.8,69.7,2026-06-13 13:40:00,2401090
94.0,45.3,102.4,69.6,2026-06-13 14:00:00,2401090
92.5,46.4,100.2,69.0,2026-06-13 14:20:00,2401090
93.4,46.4,101.7,69.7,2026-06-13 14:40:00,2401090
93.0,46.8,101.1,69.6,2026-06-13 15:00:00,2401090
93.9,47.2,103.6,70.8,2026-06-13 15:20:00,2401090
94.8,43.5,103.5,69.1,2026-06-13 15:40:00,2401090
95.5,42.8,104.2,69.3,2026-06-13 16:00:00,2401090
93.9,44.9,101.8,69.2,2026-06-13 16:20:00,2401090
94.9,42.6,102.9,68.6,2026-06-13 16:40:00,2401090
94.0,42.7,101.1,67.9,2026-06-13 17:00:00,2401090
93.5,45.9,101.8,69.5,2026-06-13 17:20:00,2401090
94.2,42.5,101.5,68.0,2026-06-13 17:40:00,2401090
94.1,44.6,102.4,69.3,2026-06-13 18:00:00,2401090
93.9,45.0,102.4,69.4,2026-06-13 18:20:00,2401090
94.4,42.2,101.7,67.9,2026-06-13 18:40:00,2401090
94.0,42.6,101.1,67.8,2026-06-13 19:00:00,2401090
93.6,43.2,100.6,67.9,2026-06-13 19:20:00,2401090
93.1,44.7,100.4,68.4,2026-06-13 19:40:00,2401090
92.3,46.4,99.5,68.8,2026-06-13 20:00:00,2401090
91.5,48.8,99.3,69.5,2026-06-13 20:20:00,2401090
90.8,49.3,98.1,69.2,2026-06-13 20:40:00,2401090
88.2,55.0,95.2,70.1,2026-06-13 21:00:00,2401090
84.5,61.8,90.0,69.9,2026-06-13 21:20:00,2401090
83.0,63.6,87.4,69.4,2026-06-13 21:40:00,2401090
79.9,71.5,83.7,69.9,2026-06-13 22:00:00,2401090
78.5,75.5,81.9,70.1,2026-06-13 22:20:00,2401090
77.8,77.7,80.8,70.3,2026-06-13 22:40:00,2401090
77.5,78.3,80.2,70.2,2026-06-13 23:00:00,2401090
77.5,77.5,80.1,69.9,2026-06-13 23:20:00,2401090
77.6,76.7,80.4,69.7,2026-06-13 23:40:00,2401090
77.8,75.9,80.6,69.6,2026-06-14 00:00:00,2401090
77.9,75.5,81.0,69.5,2026-06-14 00:20:00,2401090
77.6,76.0,80.2,69.5,2026-06-14 00:40:00,2401090
77.1,78.2,79.5,69.8,2026-06-14 01:00:00,2401090
76.4,80.5,78.6,70.0,2026-06-14 01:20:00,2401090
76.3,80.7,78.6,69.9,2026-06-14 01:40:00,2401090
75.9,81.7,78.1,69.9,2026-06-14 02:00:00,2401090
75.6,82.3,77.9,69.8,2026-06-14 02:20:00,2401090
75.3,83.4,77.7,69.9,2026-06-14 02:40:00,2401090
75.1,84.2,77.5,70.0,2026-06-14 03:00:00,2401090
74.4,85.7,76.6,69.9,2026-06-14 03:20:00,2401090
74.0,87.4,76.5,70.0,2026-06-14 03:40:00,2401090
73.8,88.0,76.3,70.0,2026-06-14 04:00:00,2401090
73.5,88.8,75.9,70.0,2026-06-14 04:20:00,2401090
73.1,89.8,75.4,69.9,2026-06-14 04:40:00,2401090
72.8,90.6,75.0,69.9,2026-06-14 05:00:00,2401090
72.7,91.5,75.2,70.1,2026-06-14 05:20:00,2401090
72.6,91.8,74.8,70.1,2026-06-14 05:40:00,2401090
72.4,92.4,74.7,70.1,2026-06-14 06:00:00,2401090
72.4,92.5,74.7,70.1,2026-06-14 06:20:00,2401090
72.9,92.8,75.4,70.7,2026-06-14 06:40:00,2401090
73.5,92.0,76.1,71.1,2026-06-14 07:00:00,2401090
74.9,89.8,77.7,71.7,2026-06-14 07:20:00,2401090
76.3,88.0,79.5,72.5,2026-06-14 07:40:00,2401090
78.1,83.9,82.8,72.8,2026-06-14 08:00:00,2401090
80.6,78.3,86.4,73.2,2026-06-14 08:20:00,2401090
81.9,74.8,88.2,73.1,2026-06-14 08:40:00,2401090
82.4,74.4,88.7,73.4,2026-06-14 09:00:00,2401090
83.0,72.1,90.0,73.1,2026-06-14 09:20:00,2401090
86.6,67.9,97.2,74.8,2026-06-14 09:40:00,2401090
88.6,64.2,100.2,74.9,2026-06-14 10:00:00,2401090
88.5,61.2,98.6,73.5,2026-06-14 10:20:00,2401090
90.7,57.4,102.2,73.5,2026-06-14 10:40:00,2401090
91.4,53.3,101.5,72.0,2026-06-14 11:00:00,2401090
93.3,51.6,104.7,72.8,2026-06-14 11:20:00,2401090
93.5,52.1,105.4,73.3,2026-06-14 11:40:00,2401090
93.5,53.1,106.2,73.8,2026-06-14 12:00:00,2401090
94.8,53.6,109.8,75.3,2026-06-14 12:20:00,2401090
94.9,49.0,106.9,72.8,2026-06-14 12:40:00,2401090
92.7,52.4,104.2,72.7,2026-06-14 13:00:00,2401090
92.6,52.1,103.6,72.4,2026-06-14 13:20:00,2401090
93.7,52.4,106.7,73.7,2026-06-14 13:40:00,2401090
96.0,47.2,108.3,72.6,2026-06-14 14:00:00,2401090
98.2,39.1,107.6,69.0,2026-06-14 14:20:00,2401090
99.3,38.7,109.4,69.7,2026-06-14 14:40:00,2401090
99.8,36.2,108.7,68.3,2026-06-14 15:00:00,2401090
99.3,37.2,108.3,68.6,2026-06-14 15:20:00,2401090
98.7,37.9,107.8,68.5,2026-06-14 15:40:00,2401090
98.8,36.9,107.4,67.9,2026-06-14 16:00:00,2401090
97.5,39.0,106.3,68.4,2026-06-14 16:20:00,2401090
97.1,40.0,106.0,68.7,2026-06-14 16:40:00,2401090
96.4,41.1,105.1,68.9,2026-06-14 17:00:00,2401090
96.7,41.7,106.2,69.6,2026-06-14 17:20:00,2401090
96.5,37.3,103.3,66.2,2026-06-14 17:40:00,2401090
97.3,35.1,103.1,65.1,2026-06-14 18:00:00,2401090
96.6,35.5,102.0,64.8,2026-06-14 18:20:00,2401090
96.2,36.3,101.8,65.1,2026-06-14 18:40:00,2401090
93.4,42.4,99.5,67.1,2026-06-14 19:00:00,2401090
87.4,54.6,93.2,69.0,2026-06-14 19:20:00,2401090
78.6,84.3,83.8,73.5,2026-06-14 19:40:00,2401090
77.5,90.5,82.2,74.5,2026-06-14 20:00:00,2401090
77.6,90.7,82.8,74.7,2026-06-14 20:20:00,2401090
77.2,90.4,81.9,74.2,2026-06-14 20:40:00,2401090
77.1,87.3,81.0,73.0,2026-06-14 21:00:00,2401090
76.9,88.3,80.6,73.1,2026-06-14 21:20:00,2401090
78.5,84.6,83.5,73.4,2026-06-14 21:40:00,2401090
78.9,83.3,84.2,73.4,2026-06-14 22:00:00,2401090
79.3,80.3,84.2,72.7,2026-06-14 22:20:00,2401090
79.6,78.5,84.6,72.3,2026-06-14 22:40:00,2401090
79.8,77.1,84.6,72.0,2026-06-14 23:00:00,2401090
79.7,76.5,84.6,71.7,2026-06-14 23:20:00,2401090
79.6,76.9,84.2,71.7,2026-06-14 23:40:00,2401090
79.5,76.4,83.8,71.4,2026-06-15 00:00:00,2401090
79.3,76.7,83.5,71.4,2026-06-15 00:20:00,2401090
79.3,77.3,83.7,71.6,2026-06-15 00:40:00,2401090
79.0,78.2,83.5,71.6,2026-06-15 01:00:00,2401090
78.9,78.5,83.1,71.7,2026-06-15 01:20:00,2401090
78.7,79.1,82.9,71.6,2026-06-15 01:40:00,2401090
78.5,80.0,82.8,71.9,2026-06-15 02:00:00,2401090
78.4,80.3,82.4,71.8,2026-06-15 02:20:00,2401090
78.3,81.0,82.6,72.0,2026-06-15 02:40:00,2401090
78.3,80.9,82.6,71.9,2026-06-15 03:00:00,2401090
78.1,81.9,82.4,72.1,2026-06-15 03:20:00,2401090
77.7,82.6,81.3,72.0,2026-06-15 03:40:00,2401090
77.0,84.1,80.1,71.8,2026-06-15 04:00:00,2401090
76.5,85.3,79.5,71.7,2026-06-15 04:20:00,2401090
76.1,86.0,79.2,71.7,2026-06-15 04:40:00,2401090
75.8,87.0,78.6,71.7,2026-06-15 05:00:00,2401090
75.4,87.9,78.4,71.6,2026-06-15 05:20:00,2401090
75.4,86.8,78.3,71.2,2026-06-15 05:40:00,2401090
75.8,82.9,78.3,70.2,2026-06-15 06:00:00,2401090
76.2,78.1,78.1,68.8,2026-06-15 06:20:00,2401090
76.4,75.8,77.9,68.2,2026-06-15 06:40:00,2401090
76.8,73.9,78.3,67.8,2026-06-15 07:00:00,2401090
77.1,69.0,78.4,66.1,2026-06-15 07:20:00,2401090
76.8,66.9,77.4,64.9,2026-06-15 07:40:00,2401090
76.9,66.6,77.7,64.9,2026-06-15 08:00:00,2401090
78.4,61.9,79.3,64.2,2026-06-15 08:20:00,2401090
78.3,58.8,78.8,62.7,2026-06-15 08:40:00,2401090
78.2,58.1,78.4,62.3,2026-06-15 09:00:00,2401090
77.3,57.0,77.0,60.9,2026-06-15 09:20:00,2401090
77.6,56.2,77.4,60.8,2026-06-15 09:40:00,2401090
77.5,51.6,76.5,58.3,2026-06-15 10:00:00,2401090
78.4,49.3,77.5,57.9,2026-06-15 10:20:00,2401090
82.8,40.9,81.7,56.6,2026-06-15 10:40:00,2401090
83.0,40.2,81.9,56.4,2026-06-15 11:00:00,2401090
86.6,39.3,86.9,58.9,2026-06-15 11:20:00,2401090
85.0,37.5,84.0,56.1,2026-06-15 11:40:00,2401090
84.7,35.9,83.1,54.7,2026-06-15 12:00:00,2401090
83.5,37.0,81.9,54.5,2026-06-15 12:20:00,2401090
84.4,37.6,83.3,55.8,2026-06-15 12:40:00,2401090
83.5,38.4,82.2,55.5,2026-06-15 13:00:00,2401090
83.7,38.7,82.6,55.9,2026-06-15 13:20:00,2401090
85.0,34.2,83.3,53.7,2026-06-15 13:40:00,2401090
86.6,34.9,85.6,55.6,2026-06-15 14:00:00,2401090
88.8,33.4,88.2,56.4,2026-06-15 14:20:00,2401090
89.5,32.5,89.1,56.2,2026-06-15 14:40:00,2401090
89.3,30.9,88.2,54.6,2026-06-15 15:00:00,2401090
89.1,31.5,88.2,55.0,2026-06-15 15:20:00,2401090
86.5,31.5,84.4,52.7,2026-06-15 15:40:00,2401090
87.1,34.1,86.2,55.4,2026-06-15 16:00:00,2401090
88.2,35.7,88.0,57.6,2026-06-15 16:20:00,2401090
88.2,32.7,87.1,55.3,2026-06-15 16:40:00,2401090
88.4,31.8,87.1,54.6,2026-06-15 17:00:00,2401090
87.4,32.6,85.8,54.4,2026-06-15 17:20:00,2401090
86.8,33.9,85.5,55.0,2026-06-15 17:40:00,2401090
86.3,33.8,84.7,54.4,2026-06-15 18:00:00,2401090
85.6,34.2,84.0,54.2,2026-06-15 18:20:00,2401090
85.6,35.6,84.4,55.3,2026-06-15 18:40:00,2401090
84.9,35.4,83.7,54.6,2026-06-15 19:00:00,2401090
84.7,36.4,83.3,55.1,2026-06-15 19:20:00,2401090
84.2,36.9,82.9,55.0,2026-06-15 19:40:00,2401090
83.7,37.1,82.4,54.8,2026-06-15 20:00:00,2401090
83.0,38.3,81.5,55.0,2026-06-15 20:20:00,2401090
81.6,39.4,79.9,54.6,2026-06-15 20:40:00,2401090
80.7,40.1,79.0,54.3,2026-06-15 21:00:00,2401090
79.4,42.2,77.9,54.5,2026-06-15 21:20:00,2401090
78.1,43.3,76.3,54.0,2026-06-15 21:40:00,2401090
77.0,45.3,75.4,54.2,2026-06-15 22:00:00,2401090
76.0,46.7,74.5,54.2,2026-06-15 22:20:00,2401090
75.2,48.4,73.8,54.4,2026-06-15 22:40:00,2401090
74.4,49.6,73.2,54.4,2026-06-15 23:00:00,2401090
73.7,51.0,72.7,54.5,2026-06-15 23:20:00,2401090
73.0,52.5,72.1,54.6,2026-06-15 23:40:00,2401090
72.3,53.1,71.6,54.3,2026-06-16 00:00:00,2401090
72.1,54.1,71.6,54.6,2026-06-16 00:20:00,2401090
71.4,55.5,70.9,54.7,2026-06-16 00:40:00,2401090
71.2,57.1,70.7,55.2,2026-06-16 01:00:00,2401090
71.0,58.1,70.7,55.5,2026-06-16 01:20:00,2401090
71.5,58.2,71.2,56.0,2026-06-16 01:40:00,2401090
72.2,51.6,71.4,53.4,2026-06-16 02:00:00,2401090
72.3,51.2,71.6,53.3,2026-06-16 02:20:00,2401090
72.2,50.4,71.4,52.7,2026-06-16 02:40:00,2401090
71.9,50.3,71.1,52.4,2026-06-16 03:00:00,2401090
71.6,50.4,70.7,52.2,2026-06-16 03:20:00,2401090
71.3,51.3,70.5,52.4,2026-06-16 03:40:00,2401090
70.9,51.9,70.2,52.3,2026-06-16 04:00:00,2401090
70.5,52.6,69.8,52.3,2026-06-16 04:20:00,2401090
69.9,54.0,68.9,52.5,2026-06-16 04:40:00,2401090
69.5,54.0,68.4,52.2,2026-06-16 05:00:00,2401090
69.3,54.9,68.2,52.4,2026-06-16 05:20:00,2401090
69.4,55.0,68.4,52.5,2026-06-16 05:40:00,2401090
69.2,55.8,68.2,52.7,2026-06-16 06:00:00,2401090
