Temperature,Relative.Humidity,Heat_Index,Dew_Point,datetime,sensor_id
89.0,33.7,88.5,56.7,2026-05-28 17:40:00,2974347
86.2,34.5,84.9,55.0,2026-05-28 18:20:00,2974347
83.0,47.8,83.5,61.2,2026-05-28 18:40:00,2974347
84.2,48.2,85.3,62.5,2026-05-28 19:00:00,2974347
83.5,48.9,84.6,62.3,2026-05-28 19:20:00,2974347
82.7,51.7,83.7,63.1,2026-05-28 19:40:00,2974347
81.9,53.6,83.1,63.4,2026-05-28 20:00:00,2974347
80.5,56.2,81.5,63.5,2026-05-28 20:20:00,2974347
79.4,58.8,80.4,63.7,2026-05-28 20:40:00,2974347
78.5,61.6,79.5,64.2,2026-05-28 21:00:00,2974347
77.6,64.7,78.6,64.8,2026-05-28 21:20:00,2974347
77.0,65.3,77.5,64.4,2026-05-28 21:40:00,2974347
76.5,65.9,77.0,64.2,2026-05-28 22:00:00,2974347
75.9,67.6,76.6,64.4,2026-05-28 22:20:00,2974347
75.2,67.8,75.7,63.8,2026-05-28 22:40:00,2974347
75.1,62.8,75.2,61.6,2026-05-28 23:00:00,2974347
74.9,60.4,74.8,60.2,2026-05-28 23:20:00,2974347
74.7,59.3,74.5,59.5,2026-05-28 23:40:00,2974347
73.7,58.8,73.4,58.4,2026-05-29 00:00:00,2974347
73.0,59.9,72.7,58.2,2026-05-29 00:20:00,2974347
72.3,59.6,72.0,57.5,2026-05-29 00:40:00,2974347
71.6,62.0,71.6,57.8,2026-05-29 01:00:00,2974347
70.6,61.9,70.5,56.9,2026-05-29 01:20:00,2974347
69.9,62.9,69.6,56.7,2026-05-29 01:40:00,2974347
69.0,64.1,68.5,56.4,2026-05-29 02:00:00,2974347
68.4,66.1,68.0,56.6,2026-05-29 02:20:00,2974347
67.8,68.2,67.1,56.9,2026-05-29 02:40:00,2974347
67.1,69.8,66.6,56.9,2026-05-29 03:00:00,2974347
66.4,71.1,65.5,56.8,2026-05-29 03:20:00,2974347
65.9,71.4,64.9,56.4,2026-05-29 03:40:00,2974347
65.1,72.8,64.0,56.2,2026-05-29 04:00:00,2974347
64.6,73.4,63.7,55.9,2026-05-29 04:20:00,2974347
64.0,75.3,63.1,56.0,2026-05-29 04:40:00,2974347
63.2,76.2,62.4,55.6,2026-05-29 05:00:00,2974347
62.7,75.7,61.9,54.9,2026-05-29 05:20:00,2974347
62.6,75.5,61.9,54.8,2026-05-29 05:40:00,2974347
62.4,75.8,61.5,54.6,2026-05-29 06:00:00,2974347
62.3,75.5,61.5,54.4,2026-05-29 06:20:00,2974347
63.0,74.2,62.1,54.6,2026-05-29 06:40:00,2974347
63.4,72.9,62.2,54.6,2026-05-29 07:00:00,2974347
63.9,68.6,62.4,53.4,2026-05-29 07:20:00,2974347
64.4,64.8,62.6,52.3,2026-05-29 07:40:00,2974347
65.4,63.5,63.3,52.7,2026-05-29 08:00:00,2974347
67.0,61.8,65.5,53.5,2026-05-29 08:20:00,2974347
70.2,55.9,69.6,53.7,2026-05-29 08:40:00,2974347
71.5,53.0,70.9,53.5,2026-05-29 09:00:00,2974347
73.6,51.1,72.7,54.4,2026-05-29 09:20:00,2974347
74.3,48.1,72.9,53.4,2026-05-29 09:40:00,2974347
75.5,48.8,74.1,54.9,2026-05-29 10:00:00,2974347
77.0,45.5,75.4,54.4,2026-05-29 10:20:00,2974347
79.0,42.0,77.4,54.0,2026-05-29 10:40:00,2974347
79.3,43.3,77.7,55.1,2026-05-29 11:00:00,2974347
79.3,41.8,77.5,54.1,2026-05-29 11:20:00,2974347
82.0,41.8,80.6,56.5,2026-05-29 11:40:00,2974347
82.0,38.0,80.1,53.9,2026-05-29 12:00:00,2974347
85.2,35.0,83.7,54.4,2026-05-29 12:20:00,2974347
84.5,34.3,82.6,53.3,2026-05-29 12:40:00,2974347
86.3,32.3,84.4,53.2,2026-05-29 13:00:00,2974347
88.1,32.4,86.9,54.9,2026-05-29 13:20:00,2974347
88.8,32.3,87.8,55.5,2026-05-29 13:40:00,2974347
87.5,34.0,86.5,55.7,2026-05-29 14:00:00,2974347
85.1,31.3,82.9,51.4,2026-05-29 14:20:00,2974347
87.9,33.7,86.9,55.8,2026-05-29 14:40:00,2974347
90.1,32.0,90.0,56.3,2026-05-29 15:00:00,2974347
88.4,31.9,87.3,54.8,2026-05-29 15:20:00,2974347
89.5,32.7,89.1,56.4,2026-05-29 15:40:00,2974347
89.6,31.8,88.9,55.7,2026-05-29 16:00:00,2974347
90.6,32.5,90.7,57.2,2026-05-29 16:20:00,2974347
85.6,35.5,84.4,55.2,2026-05-29 16:40:00,2974347
83.8,35.3,81.9,53.4,2026-05-29 17:00:00,2974347
83.9,38.5,82.8,56.0,2026-05-29 17:20:00,2974347
83.6,38.2,82.2,55.5,2026-05-29 17:40:00,2974347
83.4,39.0,82.2,55.9,2026-05-29 18:00:00,2974347
82.7,38.9,81.0,55.2,2026-05-29 18:20:00,2974347
82.6,39.9,81.1,55.8,2026-05-29 18:40:00,2974347
82.6,41.5,81.3,56.8,2026-05-29 19:00:00,2974347
81.9,42.7,80.8,57.0,2026-05-29 19:20:00,2974347
81.1,44.2,80.1,57.3,2026-05-29 19:40:00,2974347
80.0,45.8,79.0,57.3,2026-05-29 20:00:00,2974347
79.2,47.4,78.3,57.4,2026-05-29 20:20:00,2974347
77.5,50.6,76.5,57.7,2026-05-29 20:40:00,2974347
76.1,52.1,75.2,57.3,2026-05-29 21:00:00,2974347
75.1,55.2,74.5,58.0,2026-05-29 21:20:00,2974347
74.5,55.9,73.9,57.7,2026-05-29 21:40:00,2974347
73.7,58.8,73.4,58.4,2026-05-29 22:00:00,2974347
73.2,60.1,73.2,58.6,2026-05-29 22:20:00,2974347
73.0,61.0,72.9,58.8,2026-05-29 22:40:00,2974347
72.8,61.8,72.9,58.9,2026-05-29 23:00:00,2974347
72.7,62.8,72.9,59.3,2026-05-29 23:20:00,2974347
72.2,64.0,72.5,59.3,2026-05-29 23:40:00,2974347
71.8,65.0,72.1,59.5,2026-05-30 00:00:00,2974347
72.1,65.4,72.3,59.9,2026-05-30 00:20:00,2974347
73.7,66.8,74.1,62.0,2026-05-30 00:40:00,2974347
74.2,68.1,74.8,63.0,2026-05-30 01:00:00,2974347
74.2,69.7,75.0,63.6,2026-05-30 01:20:00,2974347
73.8,71.1,74.7,63.9,2026-05-30 01:40:00,2974347
73.7,72.4,74.7,64.3,2026-05-30 02:00:00,2974347
73.2,73.9,74.3,64.4,2026-05-30 02:20:00,2974347
73.0,75.3,74.1,64.7,2026-05-30 02:40:00,2974347
72.6,76.7,73.8,64.9,2026-05-30 03:00:00,2974347
72.2,78.1,73.4,65.0,2026-05-30 03:20:00,2974347
72.0,79.5,73.4,65.3,2026-05-30 03:40:00,2974347
71.6,80.7,73.0,65.4,2026-05-30 04:00:00,2974347
71.3,82.2,72.5,65.5,2026-05-30 04:20:00,2974347
71.0,83.3,72.3,65.7,2026-05-30 04:40:00,2974347
70.8,84.3,72.1,65.8,2026-05-30 05:00:00,2974347
70.6,85.0,71.8,65.8,2026-05-30 05:20:00,2974347
70.3,85.8,71.4,65.8,2026-05-30 05:40:00,2974347
70.3,86.4,71.6,66.1,2026-05-30 06:00:00,2974347
70.6,86.2,71.8,66.3,2026-05-30 06:20:00,2974347
70.7,86.0,71.8,66.3,2026-05-30 06:40:00,2974347
71.2,85.9,72.5,66.8,2026-05-30 07:00:00,2974347
71.5,85.5,73.0,66.9,2026-05-30 07:20:00,2974347
72.6,84.4,74.3,67.6,2026-05-30 07:40:00,2974347
73.3,81.9,75.0,67.4,2026-05-30 08:00:00,2974347
74.7,73.6,75.9,65.7,2026-05-30 08:20:00,2974347
75.9,62.9,76.1,62.4,2026-05-30 08:40:00,2974347
77.1,54.5,76.5,59.5,2026-05-30 09:00:00,2974347
78.8,46.7,77.9,56.7,2026-05-30 09:20:00,2974347
79.3,43.0,77.7,54.9,2026-05-30 09:40:00,2974347
79.9,39.9,77.7,53.3,2026-05-30 10:00:00,2974347
80.8,39.3,79.0,53.8,2026-05-30 10:20:00,2974347
80.6,35.0,78.3,50.5,2026-05-30 10:40:00,2974347
81.8,36.4,79.5,52.6,2026-05-30 11:00:00,2974347
82.7,36.5,80.6,53.4,2026-05-30 11:20:00,2974347
81.5,32.0,78.3,48.8,2026-05-30 11:40:00,2974347
82.7,29.4,79.3,47.6,2026-05-30 12:00:00,2974347
85.8,31.1,83.7,51.8,2026-05-30 12:20:00,2974347
84.4,27.6,81.1,47.4,2026-05-30 12:40:00,2974347
88.8,25.6,86.0,49.0,2026-05-30 13:00:00,2974347
91.6,22.1,88.9,47.6,2026-05-30 13:20:00,2974347
92.4,21.6,89.6,47.6,2026-05-30 13:40:00,2974347
90.7,19.2,86.9,43.1,2026-05-30 14:00:00,2974347
91.6,22.6,89.1,48.1,2026-05-30 14:20:00,2974347
91.3,22.0,88.3,47.2,2026-05-30 14:40:00,2974347
92.2,22.5,89.4,48.4,2026-05-30 15:00:00,2974347
91.1,22.4,88.2,47.4,2026-05-30 15:20:00,2974347
91.5,23.5,89.1,49.0,2026-05-30 15:40:00,2974347
89.9,26.2,87.6,50.6,2026-05-30 16:00:00,2974347
88.7,28.2,86.5,51.6,2026-05-30 16:20:00,2974347
86.8,25.6,83.5,47.4,2026-05-30 16:40:00,2974347
86.8,27.9,84.0,49.7,2026-05-30 17:00:00,2974347
85.7,30.1,83.3,50.8,2026-05-30 17:20:00,2974347
85.2,31.1,82.8,51.3,2026-05-30 17:40:00,2974347
84.2,32.6,82.0,51.7,2026-05-30 18:00:00,2974347
83.0,34.8,80.8,52.4,2026-05-30 18:20:00,2974347
82.0,35.7,79.7,52.2,2026-05-30 18:40:00,2974347
81.2,37.1,79.2,52.5,2026-05-30 19:00:00,2974347
80.0,38.2,77.7,52.2,2026-05-30 19:20:00,2974347
79.0,40.3,77.2,52.9,2026-05-30 19:40:00,2974347
78.0,42.9,76.1,53.6,2026-05-30 20:00:00,2974347
76.7,44.0,74.8,53.2,2026-05-30 20:20:00,2974347
75.3,46.1,73.6,53.2,2026-05-30 20:40:00,2974347
74.4,48.5,73.2,53.7,2026-05-30 21:00:00,2974347
73.7,49.8,72.5,53.9,2026-05-30 21:20:00,2974347
73.7,49.0,72.5,53.3,2026-05-30 21:40:00,2974347
73.8,42.9,72.1,49.9,2026-05-30 22:00:00,2974347
73.5,42.2,71.8,49.2,2026-05-30 22:20:00,2974347
72.9,47.2,71.6,51.6,2026-05-30 22:40:00,2974347
71.7,50.3,70.9,52.3,2026-05-30 23:00:00,2974347
70.4,47.9,69.4,49.7,2026-05-30 23:20:00,2974347
69.1,49.5,67.6,49.5,2026-05-30 23:40:00,2974347
68.3,51.4,66.4,49.6,2026-05-31 00:00:00,2974347
67.2,52.8,65.1,49.4,2026-05-31 00:20:00,2974347
66.3,54.4,63.9,49.4,2026-05-31 00:40:00,2974347
65.6,55.8,63.0,49.4,2026-05-31 01:00:00,2974347
64.9,57.3,62.4,49.5,2026-05-31 01:20:00,2974347
64.4,58.8,62.1,49.7,2026-05-31 01:40:00,2974347
63.8,60.7,61.5,50.0,2026-05-31 02:00:00,2974347
63.1,61.4,60.8,49.6,2026-05-31 02:20:00,2974347
62.6,61.7,60.4,49.3,2026-05-31 02:40:00,2974347
62.2,61.7,60.1,48.9,2026-05-31 03:00:00,2974347
62.2,61.1,60.1,48.6,2026-05-31 03:20:00,2974347
62.0,62.6,60.1,49.2,2026-05-31 03:40:00,2974347
61.6,62.6,59.7,48.7,2026-05-31 04:00:00,2974347
60.9,63.3,59.0,48.3,2026-05-31 04:20:00,2974347
60.3,64.2,58.6,48.2,2026-05-31 04:40:00,2974347
59.6,65.5,57.9,48.0,2026-05-31 05:00:00,2974347
58.9,67.5,57.4,48.2,2026-05-31 05:20:00,2974347
58.3,69.2,56.8,48.2,2026-05-31 05:40:00,2974347
57.7,71.0,56.7,48.4,2026-05-31 06:00:00,2974347
57.2,72.9,56.3,48.6,2026-05-31 06:20:00,2974347
57.2,73.9,56.3,48.9,2026-05-31 06:40:00,2974347
57.3,75.1,56.5,49.5,2026-05-31 07:00:00,2974347
58.2,74.7,57.4,50.2,2026-05-31 07:20:00,2974347
59.1,73.3,58.1,50.5,2026-05-31 07:40:00,2974347
60.4,71.1,59.0,50.9,2026-05-31 08:00:00,2974347
62.2,69.9,60.8,52.3,2026-05-31 08:20:00,2974347
64.2,64.8,62.2,52.1,2026-05-31 08:40:00,2974347
66.5,57.1,64.4,50.8,2026-05-31 09:00:00,2974347
68.1,52.5,66.2,50.1,2026-05-31 09:20:00,2974347
68.9,50.8,67.3,49.9,2026-05-31 09:40:00,2974347
68.9,45.3,66.7,46.9,2026-05-31 10:00:00,2974347
70.8,44.3,69.6,48.0,2026-05-31 10:20:00,2974347
73.7,43.0,72.0,49.8,2026-05-31 10:40:00,2974347
74.5,39.7,72.3,48.4,2026-05-31 11:00:00,2974347
75.6,39.6,73.2,49.4,2026-05-31 11:20:00,2974347
75.0,39.0,72.7,48.3,2026-05-31 11:40:00,2974347
78.0,37.5,75.6,50.0,2026-05-31 12:00:00,2974347
78.0,34.9,75.0,48.1,2026-05-31 12:20:00,2974347
78.3,36.1,75.7,49.3,2026-05-31 12:40:00,2974347
77.8,34.9,74.8,47.9,2026-05-31 13:00:00,2974347
82.3,33.6,79.7,50.8,2026-05-31 13:20:00,2974347
80.2,31.1,77.0,46.9,2026-05-31 13:40:00,2974347
84.7,29.8,81.7,49.7,2026-05-31 14:00:00,2974347
84.7,29.0,81.7,48.9,2026-05-31 14:20:00,2974347
85.1,30.5,82.4,50.6,2026-05-31 14:40:00,2974347
83.9,31.4,81.3,50.4,2026-05-31 15:00:00,2974347
83.4,32.6,80.8,51.0,2026-05-31 15:20:00,2974347
85.0,32.1,82.8,51.9,2026-05-31 15:40:00,2974347
80.9,33.1,78.1,49.3,2026-05-31 16:00:00,2974347
80.0,34.5,77.2,49.5,2026-05-31 16:20:00,2974347
80.4,37.1,78.3,51.9,2026-05-31 16:40:00,2974347
79.5,37.5,77.2,51.4,2026-05-31 17:00:00,2974347
79.3,38.9,77.0,52.1,2026-05-31 17:20:00,2974347
79.4,39.0,77.4,52.4,2026-05-31 17:40:00,2974347
77.5,40.0,75.0,51.2,2026-05-31 18:00:00,2974347
77.5,41.0,75.2,51.9,2026-05-31 18:20:00,2974347
77.5,41.9,75.4,52.5,2026-05-31 18:40:00,2974347
76.8,43.0,74.8,52.7,2026-05-31 19:00:00,2974347
76.0,45.2,74.3,53.2,2026-05-31 19:20:00,2974347
75.5,46.8,73.9,53.7,2026-05-31 19:40:00,2974347
74.9,48.0,73.6,53.8,2026-05-31 20:00:00,2974347
74.6,48.4,73.4,53.9,2026-05-31 20:20:00,2974347
73.8,49.5,72.7,53.8,2026-05-31 20:40:00,2974347
73.2,50.0,72.1,53.5,2026-05-31 21:00:00,2974347
72.7,51.2,71.8,53.6,2026-05-31 21:20:00,2974347
72.2,52.0,71.4,53.6,2026-05-31 21:40:00,2974347
71.6,52.6,70.9,53.3,2026-05-31 22:00:00,2974347
71.2,53.8,70.5,53.6,2026-05-31 22:20:00,2974347
70.4,54.9,69.8,53.4,2026-05-31 22:40:00,2974347
70.7,55.1,70.2,53.8,2026-05-31 23:00:00,2974347
71.2,57.1,70.7,55.2,2026-05-31 23:20:00,2974347
71.5,58.1,71.2,56.0,2026-05-31 23:40:00,2974347
71.4,58.3,71.1,56.0,2026-06-01 00:00:00,2974347
71.5,59.1,71.2,56.5,2026-06-01 00:20:00,2974347
71.4,59.1,71.1,56.4,2026-06-01 00:40:00,2974347
71.2,59.7,70.9,56.5,2026-06-01 01:00:00,2974347
71.0,60.4,70.9,56.6,2026-06-01 01:20:00,2974347
70.6,60.9,70.5,56.5,2026-06-01 01:40:00,2974347
70.4,61.7,70.3,56.6,2026-06-01 02:00:00,2974347
70.2,62.7,70.0,56.8,2026-06-01 02:20:00,2974347
69.9,63.8,69.8,57.1,2026-06-01 02:40:00,2974347
69.9,65.2,69.8,57.7,2026-06-01 03:00:00,2974347
69.6,66.2,69.6,57.8,2026-06-01 03:20:00,2974347
69.4,67.3,69.3,58.1,2026-06-01 03:40:00,2974347
69.2,68.1,68.9,58.3,2026-06-01 04:00:00,2974347
68.9,68.7,68.7,58.2,2026-06-01 04:20:00,2974347
68.7,69.3,68.5,58.3,2026-06-01 04:40:00,2974347
68.9,69.3,68.9,58.4,2026-06-01 05:00:00,2974347
68.6,69.6,68.4,58.3,2026-06-01 05:20:00,2974347
68.4,70.0,68.2,58.2,2026-06-01 05:40:00,2974347
67.6,71.6,67.1,58.1,2026-06-01 06:00:00,2974347
67.3,73.0,66.9,58.3,2026-06-01 06:20:00,2974347
67.4,73.7,67.1,58.7,2026-06-01 06:40:00,2974347
68.1,73.0,67.8,59.1,2026-06-01 07:00:00,2974347
68.5,73.0,68.4,59.5,2026-06-01 07:20:00,2974347
69.0,72.8,69.1,59.9,2026-06-01 07:40:00,2974347
69.7,72.0,70.0,60.2,2026-06-01 08:00:00,2974347
69.8,71.2,70.2,60.1,2026-06-01 08:20:00,2974347
71.2,69.8,71.8,60.9,2026-06-01 08:40:00,2974347
71.1,69.1,71.8,60.5,2026-06-01 09:00:00,2974347
72.5,68.0,73.0,61.4,2026-06-01 09:20:00,2974347
73.4,67.1,73.9,61.8,2026-06-01 09:40:00,2974347
74.8,65.6,75.0,62.5,2026-06-01 10:00:00,2974347
76.7,63.5,77.0,63.4,2026-06-01 10:20:00,2974347
77.1,61.7,77.4,63.0,2026-06-01 10:40:00,2974347
78.8,58.1,79.5,62.8,2026-06-01 11:00:00,2974347
80.2,57.6,81.3,63.9,2026-06-01 11:20:00,2974347
83.4,51.8,85.1,63.8,2026-06-01 11:40:00,2974347
84.6,50.8,86.9,64.4,2026-06-01 12:00:00,2974347
83.5,51.8,85.5,63.9,2026-06-01 12:20:00,2974347
82.7,49.9,83.3,62.1,2026-06-01 12:40:00,2974347
85.0,50.2,87.4,64.4,2026-06-01 13:00:00,2974347
84.1,50.2,86.0,63.5,2026-06-01 13:20:00,2974347
87.6,41.3,88.7,61.2,2026-06-01 13:40:00,2974347
84.8,41.9,84.9,59.1,2026-06-01 14:00:00,2974347
87.2,39.0,87.4,59.3,2026-06-01 14:20:00,2974347
90.9,33.7,91.8,58.4,2026-06-01 14:40:00,2974347
87.9,32.1,86.4,54.5,2026-06-01 15:00:00,2974347
85.0,34.5,83.3,53.9,2026-06-01 15:20:00,2974347
89.8,34.5,90.0,58.0,2026-06-01 15:40:00,2974347
89.4,33.4,88.9,56.9,2026-06-01 16:00:00,2974347
86.7,38.5,86.9,58.5,2026-06-01 16:20:00,2974347
84.6,39.6,84.0,57.3,2026-06-01 16:40:00,2974347
82.5,38.6,80.8,54.8,2026-06-01 17:00:00,2974347
82.5,40.6,81.1,56.1,2026-06-01 17:20:00,2974347
82.0,41.9,80.6,56.6,2026-06-01 17:40:00,2974347
81.3,41.8,79.9,55.9,2026-06-01 18:00:00,2974347
80.7,39.6,78.8,53.9,2026-06-01 18:20:00,2974347
80.2,40.3,78.4,53.9,2026-06-01 18:40:00,2974347
79.5,42.1,77.9,54.5,2026-06-01 19:00:00,2974347
78.4,42.9,76.5,54.0,2026-06-01 19:20:00,2974347
77.2,43.8,75.2,53.4,2026-06-01 19:40:00,2974347
76.5,44.8,74.7,53.5,2026-06-01 20:00:00,2974347
75.3,45.4,73.6,52.7,2026-06-01 20:20:00,2974347
73.8,47.5,72.5,52.6,2026-06-01 20:40:00,2974347
72.7,48.5,71.6,52.2,2026-06-01 21:00:00,2974347
72.1,48.5,71.2,51.6,2026-06-01 21:20:00,2974347
71.6,50.2,70.7,52.1,2026-06-01 21:40:00,2974347
71.3,49.3,70.3,51.3,2026-06-01 22:00:00,2974347
70.8,50.0,70.2,51.3,2026-06-01 22:20:00,2974347
70.8,48.6,70.0,50.5,2026-06-01 22:40:00,2974347
70.4,49.3,69.4,50.5,2026-06-01 23:00:00,2974347
70.3,48.7,69.1,50.1,2026-06-01 23:20:00,2974347
70.5,54.0,70.0,53.1,2026-06-01 23:40:00,2974347
70.1,56.4,69.4,53.9,2026-06-02 00:00:00,2974347
69.9,58.0,69.3,54.4,2026-06-02 00:20:00,2974347
69.5,59.4,68.9,54.7,2026-06-02 00:40:00,2974347
69.1,58.5,68.0,53.9,2026-06-02 01:00:00,2974347
68.3,56.6,66.9,52.3,2026-06-02 01:20:00,2974347
67.6,56.7,65.8,51.7,2026-06-02 01:40:00,2974347
66.9,55.5,64.8,50.5,2026-06-02 02:00:00,2974347
66.1,54.2,63.5,49.1,2026-06-02 02:20:00,2974347
65.4,55.1,62.6,48.8,2026-06-02 02:40:00,2974347
64.8,56.8,62.2,49.1,2026-06-02 03:00:00,2974347
64.2,58.4,61.7,49.3,2026-06-02 03:20:00,2974347
64.0,59.8,61.5,49.7,2026-06-02 03:40:00,2974347
63.8,61.1,61.5,50.2,2026-06-02 04:00:00,2974347
63.3,63.2,61.3,50.6,2026-06-02 04:20:00,2974347
63.2,63.8,61.3,50.7,2026-06-02 04:40:00,2974347
62.6,65.5,60.8,50.9,2026-06-02 05:00:00,2974347
62.1,66.5,60.4,50.8,2026-06-02 05:20:00,2974347
61.6,67.8,60.1,50.9,2026-06-02 05:40:00,2974347
61.2,70.1,59.9,51.4,2026-06-02 06:00:00,2974347
60.8,71.7,59.7,51.6,2026-06-02 06:20:00,2974347
60.8,73.1,59.7,52.1,2026-06-02 06:40:00,2974347
61.7,71.9,60.6,52.6,2026-06-02 07:00:00,2974347
61.8,71.0,60.4,52.2,2026-06-02 07:20:00,2974347
62.0,70.3,60.6,52.3,2026-06-02 07:40:00,2974347
62.7,69.0,61.2,52.4,2026-06-02 08:00:00,2974347
63.8,67.3,62.1,52.8,2026-06-02 08:20:00,2974347
63.3,66.6,61.5,52.0,2026-06-02 08:40:00,2974347
63.5,65.1,61.7,51.6,2026-06-02 09:00:00,2974347
64.7,62.9,62.6,51.7,2026-06-02 09:20:00,2974347
65.0,62.5,63.0,51.9,2026-06-02 09:40:00,2974347
66.0,60.2,64.0,51.8,2026-06-02 10:00:00,2974347
69.9,52.9,68.9,52.0,2026-06-02 10:20:00,2974347
71.7,49.3,70.7,51.7,2026-06-02 10:40:00,2974347
72.7,45.9,71.4,50.7,2026-06-02 11:00:00,2974347
74.5,40.7,72.5,49.1,2026-06-02 11:20:00,2974347
77.0,37.5,74.5,49.1,2026-06-02 11:40:00,2974347
78.4,35.1,75.6,48.7,2026-06-02 12:00:00,2974347
80.9,33.8,78.1,49.7,2026-06-02 12:20:00,2974347
80.1,32.0,77.0,47.6,2026-06-02 12:40:00,2974347
81.4,32.6,78.4,49.2,2026-06-02 13:00:00,2974347
81.8,32.2,78.8,49.3,2026-06-02 13:20:00,2974347
82.5,30.7,79.3,48.5,2026-06-02 13:40:00,2974347
82.5,28.3,79.0,46.4,2026-06-02 14:00:00,2974347
81.8,28.7,78.3,46.2,2026-06-02 14:20:00,2974347
82.1,28.1,78.4,45.9,2026-06-02 14:40:00,2974347
84.2,28.7,81.0,48.3,2026-06-02 15:00:00,2974347
84.6,26.9,81.3,46.8,2026-06-02 15:20:00,2974347
83.0,27.6,79.5,46.2,2026-06-02 15:40:00,2974347
81.2,25.5,77.4,42.5,2026-06-02 16:00:00,2974347
82.1,25.8,78.3,43.7,2026-06-02 16:20:00,2974347
78.0,29.1,74.5,43.3,2026-06-02 16:40:00,2974347
77.8,30.5,74.5,44.3,2026-06-02 17:00:00,2974347
76.8,31.6,73.4,44.4,2026-06-02 17:20:00,2974347
75.6,31.8,72.5,43.6,2026-06-02 17:40:00,2974347
75.2,33.1,72.3,44.3,2026-06-02 18:00:00,2974347
74.7,31.4,71.6,42.4,2026-06-02 18:20:00,2974347
74.1,31.2,71.1,41.7,2026-06-02 18:40:00,2974347
73.2,31.4,70.3,41.1,2026-06-02 19:00:00,2974347
72.2,33.4,69.8,41.8,2026-06-02 19:20:00,2974347
71.4,32.4,69.1,40.4,2026-06-02 19:40:00,2974347
70.6,34.1,68.4,41.0,2026-06-02 20:00:00,2974347
69.5,34.9,66.9,40.6,2026-06-02 20:20:00,2974347
67.7,38.2,64.6,41.4,2026-06-02 20:40:00,2974347
66.1,40.6,62.2,41.4,2026-06-02 21:00:00,2974347
64.8,41.9,60.8,41.1,2026-06-02 21:20:00,2974347
63.8,43.6,59.9,41.3,2026-06-02 21:40:00,2974347
63.0,44.3,59.4,40.9,2026-06-02 22:00:00,2974347
62.5,44.5,58.8,40.6,2026-06-02 22:20:00,2974347
62.2,44.4,58.5,40.3,2026-06-02 22:40:00,2974347
61.6,46.1,58.3,40.7,2026-06-02 23:00:00,2974347
61.3,49.1,58.3,42.0,2026-06-02 23:20:00,2974347
60.7,48.5,57.6,41.2,2026-06-02 23:40:00,2974347
59.4,50.2,56.7,40.9,2026-06-03 00:00:00,2974347
58.6,51.5,55.9,40.8,2026-06-03 00:20:00,2974347
58.2,53.1,55.8,41.2,2026-06-03 00:40:00,2974347
57.3,54.5,55.0,41.0,2026-06-03 01:00:00,2974347
56.5,56.4,54.5,41.2,2026-06-03 01:20:00,2974347
56.1,57.8,54.0,41.5,2026-06-03 01:40:00,2974347
55.7,58.8,53.8,41.6,2026-06-03 02:00:00,2974347
55.0,59.7,53.1,41.3,2026-06-03 02:20:00,2974347
54.9,60.1,53.2,41.4,2026-06-03 02:40:00,2974347
54.7,62.6,53.2,42.2,2026-06-03 03:00:00,2974347
54.7,63.7,53.2,42.7,2026-06-03 03:20:00,2974347
54.6,65.7,53.2,43.4,2026-06-03 03:40:00,2974347
54.4,66.1,53.1,43.3,2026-06-03 04:00:00,2974347
53.8,67.4,52.7,43.3,2026-06-03 04:20:00,2974347
53.5,68.8,52.3,43.5,2026-06-03 04:40:00,2974347
53.7,67.5,52.5,43.2,2026-06-03 05:00:00,2974347
54.1,65.1,52.7,42.6,2026-06-03 05:20:00,2974347
54.2,65.3,52.9,42.8,2026-06-03 05:40:00,2974347
54.1,65.6,52.7,42.8,2026-06-03 06:00:00,2974347
54.1,64.6,52.7,42.4,2026-06-03 06:20:00,2974347
54.4,66.5,53.1,43.4,2026-06-03 06:40:00,2974347
54.8,64.5,53.4,43.0,2026-06-03 07:00:00,2974347
55.5,65.0,54.0,44.0,2026-06-03 07:20:00,2974347
57.0,62.8,55.2,44.5,2026-06-03 07:40:00,2974347
59.7,58.2,57.7,45.0,2026-06-03 08:00:00,2974347
62.4,54.4,59.7,45.8,2026-06-03 08:20:00,2974347
65.6,49.0,62.4,46.0,2026-06-03 08:40:00,2974347
67.0,45.2,64.2,45.1,2026-06-03 09:00:00,2974347
69.6,42.0,67.8,45.6,2026-06-03 09:20:00,2974347
73.8,39.9,71.8,47.9,2026-06-03 09:40:00,2974347
74.7,34.8,72.0,45.1,2026-06-03 10:00:00,2974347
76.9,34.9,73.9,47.1,2026-06-03 10:20:00,2974347
77.2,31.7,73.8,44.8,2026-06-03 10:40:00,2974347
77.6,31.7,74.5,45.2,2026-06-03 11:00:00,2974347
79.3,31.3,75.9,46.3,2026-06-03 11:20:00,2974347
79.9,27.6,76.3,43.5,2026-06-03 11:40:00,2974347
79.7,27.5,76.1,43.3,2026-06-03 12:00:00,2974347
83.0,28.1,79.5,46.7,2026-06-03 12:20:00,2974347
84.8,26.1,81.5,46.2,2026-06-03 12:40:00,2974347
86.5,24.9,82.9,46.4,2026-06-03 13:00:00,2974347
86.6,23.9,83.1,45.4,2026-06-03 13:20:00,2974347
83.3,24.5,79.3,43.3,2026-06-03 13:40:00,2974347
87.0,23.9,83.5,45.8,2026-06-03 14:00:00,2974347
87.4,22.4,83.5,44.4,2026-06-03 14:20:00,2974347
85.6,24.2,81.9,44.9,2026-06-03 14:40:00,2974347
87.0,24.1,83.5,46.0,2026-06-03 15:00:00,2974347
85.6,23.2,81.7,43.8,2026-06-03 15:20:00,2974347
84.9,24.2,81.1,44.4,2026-06-03 15:40:00,2974347
85.6,24.6,81.9,45.2,2026-06-03 16:00:00,2974347
84.2,25.5,80.6,45.1,2026-06-03 16:20:00,2974347
82.1,27.9,78.4,45.8,2026-06-03 16:40:00,2974347
81.6,28.6,78.1,45.9,2026-06-03 17:00:00,2974347
81.5,29.2,78.1,46.4,2026-06-03 17:20:00,2974347
80.7,28.2,77.2,44.8,2026-06-03 17:40:00,2974347
79.2,29.8,75.7,44.9,2026-06-03 18:00:00,2974347
79.3,30.2,75.9,45.4,2026-06-03 18:20:00,2974347
78.9,29.9,75.4,44.8,2026-06-03 18:40:00,2974347
78.3,31.4,75.0,45.6,2026-06-03 19:00:00,2974347
77.4,32.0,74.3,45.3,2026-06-03 19:20:00,2974347
76.6,32.6,73.6,45.1,2026-06-03 19:40:00,2974347
75.5,34.9,72.7,45.8,2026-06-03 20:00:00,2974347
74.0,36.2,71.6,45.6,2026-06-03 20:20:00,2974347
72.7,37.9,70.7,45.6,2026-06-03 20:40:00,2974347
71.4,40.3,69.6,46.1,2026-06-03 21:00:00,2974347
70.5,40.9,69.1,45.6,2026-06-03 21:20:00,2974347
69.7,42.8,67.8,46.1,2026-06-03 21:40:00,2974347
69.0,44.3,66.9,46.4,2026-06-03 22:00:00,2974347
68.3,46.3,66.0,47.0,2026-06-03 22:20:00,2974347
67.7,49.6,65.5,48.2,2026-06-03 22:40:00,2974347
67.2,51.0,64.9,48.4,2026-06-03 23:00:00,2974347
66.8,50.9,64.4,48.1,2026-06-03 23:20:00,2974347
66.2,51.3,63.7,47.8,2026-06-03 23:40:00,2974347
65.7,51.5,62.8,47.4,2026-06-04 00:00:00,2974347
65.0,54.4,62.2,48.2,2026-06-04 00:20:00,2974347
64.6,56.3,61.9,48.7,2026-06-04 00:40:00,2974347
64.0,56.8,61.3,48.4,2026-06-04 01:00:00,2974347
63.2,58.0,60.6,48.3,2026-06-04 01:20:00,2974347
62.9,58.5,60.4,48.1,2026-06-04 01:40:00,2974347
62.0,58.8,59.7,47.4,2026-06-04 02:00:00,2974347
60.9,61.2,58.8,47.5,2026-06-04 02:20:00,2974347
60.3,63.0,58.5,47.6,2026-06-04 02:40:00,2974347
59.8,64.4,58.1,47.8,2026-06-04 03:00:00,2974347
59.0,65.9,57.6,47.6,2026-06-04 03:20:00,2974347
58.6,67.4,57.0,47.8,2026-06-04 03:40:00,2974347
58.1,68.8,56.8,47.9,2026-06-04 04:00:00,2974347
57.8,70.0,56.7,48.1,2026-06-04 04:20:00,2974347
57.4,71.0,56.3,48.1,2026-06-04 04:40:00,2974347
57.5,72.0,56.5,48.5,2026-06-04 05:00:00,2974347
57.1,73.7,56.3,48.8,2026-06-04 05:20:00,2974347
57.0,74.5,56.1,49.0,2026-06-04 05:40:00,2974347
56.8,75.5,56.1,49.1,2026-06-04 06:00:00,2974347
56.8,76.5,56.1,49.4,2026-06-04 06:20:00,2974347
57.2,76.0,56.3,49.7,2026-06-04 06:40:00,2974347
58.0,75.9,57.2,50.4,2026-06-04 07:00:00,2974347
58.8,76.3,57.9,51.4,2026-06-04 07:20:00,2974347
60.2,75.1,59.4,52.3,2026-06-04 07:40:00,2974347
62.1,70.6,60.8,52.4,2026-06-04 08:00:00,2974347
65.2,63.1,63.1,52.4,2026-06-04 08:20:00,2974347
69.5,54.9,68.5,52.6,2026-06-04 08:40:00,2974347
73.0,48.3,71.8,52.3,2026-06-04 09:00:00,2974347
76.4,42.4,74.3,51.9,2026-06-04 09:20:00,2974347
78.9,38.4,76.6,51.4,2026-06-04 09:40:00,2974347
80.2,35.4,77.5,50.3,2026-06-04 10:00:00,2974347
82.2,31.4,79.0,48.9,2026-06-04 10:20:00,2974347
83.3,29.8,80.2,48.5,2026-06-04 10:40:00,2974347
83.2,29.5,80.1,48.1,2026-06-04 11:00:00,2974347
86.3,29.6,83.7,50.9,2026-06-04 11:20:00,2974347
87.3,26.1,84.4,48.3,2026-06-04 11:40:00,2974347
87.5,25.7,84.4,48.1,2026-06-04 12:00:00,2974347
85.6,25.4,82.0,46.2,2026-06-04 12:20:00,2974347
87.6,23.6,84.0,45.9,2026-06-04 12:40:00,2974347
90.0,26.0,87.8,50.5,2026-06-04 13:00:00,2974347
88.4,22.6,84.9,45.5,2026-06-04 13:20:00,2974347
90.7,21.8,87.6,46.3,2026-06-04 13:40:00,2974347
92.2,23.1,89.8,49.2,2026-06-04 14:00:00,2974347
92.5,22.5,89.8,48.7,2026-06-04 14:20:00,2974347
88.0,20.4,84.0,42.5,2026-06-04 14:40:00,2974347
96.0,20.2,93.6,48.7,2026-06-04 15:00:00,2974347
97.6,19.0,95.2,48.5,2026-06-04 15:20:00,2974347
93.4,19.3,90.0,45.4,2026-06-04 15:40:00,2974347
88.7,21.0,84.7,43.7,2026-06-04 16:00:00,2974347
92.0,20.6,88.7,46.0,2026-06-04 16:20:00,2974347
89.1,22.5,85.6,45.8,2026-06-04 16:40:00,2974347
88.1,22.8,84.6,45.4,2026-06-04 17:00:00,2974347
87.4,24.1,83.8,46.3,2026-06-04 17:20:00,2974347
86.6,24.4,83.1,46.0,2026-06-04 17:40:00,2974347
86.0,25.3,82.8,46.4,2026-06-04 18:00:00,2974347
85.7,25.0,82.2,45.8,2026-06-04 18:20:00,2974347
85.1,25.9,81.7,46.3,2026-06-04 18:40:00,2974347
84.0,26.9,80.6,46.3,2026-06-04 19:00:00,2974347
83.1,29.0,79.9,47.6,2026-06-04 19:20:00,2974347
82.1,31.2,79.0,48.7,2026-06-04 19:40:00,2974347
80.8,32.8,77.9,48.9,2026-06-04 20:00:00,2974347
79.5,33.0,76.5,47.8,2026-06-04 20:20:00,2974347
78.1,35.8,75.4,48.9,2026-06-04 20:40:00,2974347
76.6,38.5,74.1,49.5,2026-06-04 21:00:00,2974347
75.3,38.0,72.9,48.0,2026-06-04 21:20:00,2974347
74.3,40.6,72.3,48.8,2026-06-04 21:40:00,2974347
73.5,41.5,71.6,48.7,2026-06-04 22:00:00,2974347
72.7,42.8,71.1,48.8,2026-06-04 22:20:00,2974347
71.7,45.1,70.5,49.3,2026-06-04 22:40:00,2974347
70.8,46.5,69.8,49.3,2026-06-04 23:00:00,2974347
69.8,48.4,68.5,49.5,2026-06-04 23:20:00,2974347
69.0,49.7,67.3,49.4,2026-06-04 23:40:00,2974347
68.3,51.1,66.4,49.6,2026-06-05 00:00:00,2974347
67.6,52.4,65.5,49.6,2026-06-05 00:20:00,2974347
67.4,53.4,65.3,49.9,2026-06-05 00:40:00,2974347
66.7,54.9,64.4,50.0,2026-06-05 01:00:00,2974347
66.0,56.8,63.7,50.2,2026-06-05 01:20:00,2974347
66.1,58.2,63.9,51.0,2026-06-05 01:40:00,2974347
66.3,58.1,64.2,51.1,2026-06-05 02:00:00,2974347
65.4,59.8,63.0,51.1,2026-06-05 02:20:00,2974347
65.0,61.1,62.8,51.3,2026-06-05 02:40:00,2974347
64.3,62.3,62.2,51.1,2026-06-05 03:00:00,2974347
63.6,64.8,61.7,51.5,2026-06-05 03:20:00,2974347
63.1,66.3,61.3,51.7,2026-06-05 03:40:00,2974347
62.8,68.1,61.3,52.1,2026-06-05 04:00:00,2974347
62.1,69.8,60.8,52.1,2026-06-05 04:20:00,2974347
61.9,70.7,60.6,52.2,2026-06-05 04:40:00,2974347
61.2,72.4,60.1,52.3,2026-06-05 05:00:00,2974347
61.1,73.3,60.1,52.5,2026-06-05 05:20:00,2974347
60.7,74.6,59.7,52.6,2026-06-05 05:40:00,2974347
60.6,75.4,59.7,52.8,2026-06-05 06:00:00,2974347
60.8,75.8,60.1,53.1,2026-06-05 06:20:00,2974347
61.2,75.5,60.4,53.3,2026-06-05 06:40:00,2974347
62.0,74.9,61.0,53.9,2026-06-05 07:00:00,2974347
62.7,74.3,61.7,54.4,2026-06-05 07:20:00,2974347
63.8,73.9,62.8,55.3,2026-06-05 07:40:00,2974347
66.1,68.6,64.9,55.4,2026-06-05 08:00:00,2974347
68.6,65.1,68.0,56.4,2026-06-05 08:20:00,2974347
73.3,58.1,73.0,57.7,2026-06-05 08:40:00,2974347
76.2,52.4,75.2,57.5,2026-06-05 09:00:00,2974347
78.0,47.0,76.8,56.2,2026-06-05 09:20:00,2974347
80.6,45.2,79.5,57.4,2026-06-05 09:40:00,2974347
82.0,40.9,80.6,55.9,2026-06-05 10:00:00,2974347
86.1,39.6,86.2,58.7,2026-06-05 10:20:00,2974347
85.9,35.5,84.7,55.5,2026-06-05 10:40:00,2974347
86.6,34.1,85.5,55.0,2026-06-05 11:00:00,2974347
89.7,33.5,89.6,57.3,2026-06-05 11:20:00,2974347
89.1,29.9,87.4,53.5,2026-06-05 11:40:00,2974347
90.1,28.4,88.7,53.0,2026-06-05 12:00:00,2974347
93.1,28.0,92.5,55.2,2026-06-05 12:20:00,2974347
92.6,37.0,95.7,62.5,2026-05-28 16:40:00,2558025
92.9,36.8,96.3,62.6,2026-05-28 17:00:00,2558025
93.1,36.7,96.4,62.7,2026-05-28 17:20:00,2558025
93.5,36.4,96.8,62.9,2026-05-28 17:40:00,2558025
91.1,36.1,93.0,60.6,2026-05-28 18:00:00,2558025
88.5,40.9,90.0,61.7,2026-05-28 18:20:00,2558025
87.9,41.8,89.4,61.9,2026-05-28 18:40:00,2558025
87.0,43.4,88.5,62.1,2026-05-28 19:00:00,2558025
86.3,44.6,87.8,62.2,2026-05-28 19:20:00,2558025
85.7,46.1,87.4,62.6,2026-05-28 19:40:00,2558025
84.6,49.3,86.5,63.5,2026-05-28 20:00:00,2558025
82.4,53.7,83.7,63.9,2026-05-28 20:20:00,2558025
80.9,56.3,82.0,63.8,2026-05-28 20:40:00,2558025
79.8,59.2,81.1,64.3,2026-05-28 21:00:00,2558025
78.9,61.2,79.9,64.4,2026-05-28 21:20:00,2558025
78.5,60.1,79.3,63.5,2026-05-28 21:40:00,2558025
78.5,60.8,79.3,63.8,2026-05-28 22:00:00,2558025
78.1,61.2,78.8,63.6,2026-05-28 22:20:00,2558025
77.2,59.2,77.2,61.9,2026-05-28 22:40:00,2558025
77.0,57.1,76.8,60.7,2026-05-28 23:00:00,2558025
77.2,54.3,76.6,59.4,2026-05-28 23:20:00,2558025
76.2,54.0,75.4,58.4,2026-05-28 23:40:00,2558025
75.6,54.6,74.8,58.1,2026-05-29 00:00:00,2558025
75.1,54.0,74.3,57.4,2026-05-29 00:20:00,2558025
74.2,55.3,73.6,57.2,2026-05-29 00:40:00,2558025
73.1,57.0,72.7,57.0,2026-05-29 01:00:00,2558025
72.4,57.6,72.1,56.6,2026-05-29 01:20:00,2558025
71.7,59.8,71.4,57.0,2026-05-29 01:40:00,2558025
70.7,62.3,70.9,57.2,2026-05-29 02:00:00,2558025
69.9,62.8,69.6,56.7,2026-05-29 02:20:00,2558025
69.1,64.6,68.7,56.7,2026-05-29 02:40:00,2558025
67.9,67.9,67.3,56.9,2026-05-29 03:00:00,2558025
66.5,71.0,65.5,56.8,2026-05-29 03:20:00,2558025
66.1,72.1,65.3,56.9,2026-05-29 03:40:00,2558025
65.3,74.1,64.4,56.9,2026-05-29 04:00:00,2558025
64.7,76.1,63.9,57.0,2026-05-29 04:20:00,2558025
64.1,76.7,63.3,56.6,2026-05-29 04:40:00,2558025
63.4,78.3,62.8,56.5,2026-05-29 05:00:00,2558025
62.6,81.0,62.4,56.7,2026-05-29 05:20:00,2558025
62.4,82.5,62.4,57.1,2026-05-29 05:40:00,2558025
61.8,83.3,61.7,56.7,2026-05-29 06:00:00,2558025
61.7,82.1,61.5,56.2,2026-05-29 06:20:00,2558025
63.5,74.6,62.6,55.3,2026-05-29 06:40:00,2558025
64.9,66.3,63.1,53.4,2026-05-29 07:00:00,2558025
66.2,62.3,64.6,53.0,2026-05-29 07:20:00,2558025
69.6,56.4,68.9,53.4,2026-05-29 07:40:00,2558025
71.6,50.9,70.7,52.4,2026-05-29 08:00:00,2558025
73.0,50.9,72.0,53.8,2026-05-29 08:20:00,2558025
74.5,48.1,73.2,53.6,2026-05-29 08:40:00,2558025
74.8,47.5,73.2,53.5,2026-05-29 09:00:00,2558025
72.8,49.1,71.6,52.6,2026-05-29 09:20:00,2558025
72.1,51.2,71.2,53.1,2026-05-29 09:40:00,2558025
77.3,46.7,75.7,55.4,2026-05-29 10:00:00,2558025
80.2,43.5,78.8,56.0,2026-05-29 10:20:00,2558025
78.2,43.3,76.3,54.1,2026-05-29 10:40:00,2558025
79.7,40.9,77.9,53.9,2026-05-29 11:00:00,2558025
81.1,39.0,79.2,53.8,2026-05-29 11:20:00,2558025
81.5,40.2,79.9,55.0,2026-05-29 11:40:00,2558025
81.3,39.0,79.3,53.9,2026-05-29 12:00:00,2558025
81.1,41.4,79.5,55.4,2026-05-29 12:20:00,2558025
82.5,38.4,80.8,54.6,2026-05-29 12:40:00,2558025
84.6,36.0,83.1,54.6,2026-05-29 13:00:00,2558025
83.8,38.1,82.6,55.6,2026-05-29 13:20:00,2558025
84.0,37.5,82.8,55.3,2026-05-29 13:40:00,2558025
83.5,38.0,82.0,55.2,2026-05-29 14:00:00,2558025
85.2,35.6,83.8,55.0,2026-05-29 14:20:00,2558025
85.7,36.2,84.7,55.9,2026-05-29 14:40:00,2558025
86.3,36.3,85.5,56.4,2026-05-29 15:00:00,2558025
87.4,36.0,86.9,57.2,2026-05-29 15:20:00,2558025
87.4,35.8,86.9,57.0,2026-05-29 15:40:00,2558025
88.6,34.3,88.2,56.9,2026-05-29 16:00:00,2558025
87.1,35.7,86.5,56.7,2026-05-29 16:20:00,2558025
86.6,34.4,85.5,55.2,2026-05-29 16:40:00,2558025
87.0,35.9,86.4,56.8,2026-05-29 17:00:00,2558025
89.4,33.7,89.1,57.1,2026-05-29 17:20:00,2558025
89.9,35.4,90.7,59.0,2026-05-29 17:40:00,2558025
86.8,36.5,86.4,57.0,2026-05-29 18:00:00,2558025
83.6,40.3,82.8,56.9,2026-05-29 18:20:00,2558025
83.4,41.2,82.6,57.4,2026-05-29 18:40:00,2558025
83.0,41.2,82.0,57.0,2026-05-29 19:00:00,2558025
82.6,42.5,81.5,57.5,2026-05-29 19:20:00,2558025
81.6,43.8,80.6,57.4,2026-05-29 19:40:00,2558025
80.7,45.3,79.9,57.5,2026-05-29 20:00:00,2558025
79.2,48.3,78.4,58.0,2026-05-29 20:20:00,2558025
77.2,51.8,76.5,58.1,2026-05-29 20:40:00,2558025
76.0,54.6,75.2,58.4,2026-05-29 21:00:00,2558025
74.7,57.5,74.3,58.7,2026-05-29 21:20:00,2558025
74.2,58.4,73.9,58.7,2026-05-29 21:40:00,2558025
73.1,61.3,73.0,59.0,2026-05-29 22:00:00,2558025
72.6,63.2,72.9,59.4,2026-05-29 22:20:00,2558025
72.2,64.7,72.5,59.7,2026-05-29 22:40:00,2558025
71.7,67.5,72.1,60.4,2026-05-29 23:00:00,2558025
71.3,68.6,71.8,60.4,2026-05-29 23:20:00,2558025
71.0,70.2,71.6,60.9,2026-05-29 23:40:00,2558025
70.9,70.5,71.6,60.8,2026-05-30 00:00:00,2558025
71.5,70.1,72.1,61.2,2026-05-30 00:20:00,2558025
72.9,70.3,73.6,62.6,2026-05-30 00:40:00,2558025
74.1,69.7,74.8,63.5,2026-05-30 01:00:00,2558025
74.4,70.3,75.2,64.1,2026-05-30 01:20:00,2558025
74.2,71.4,75.0,64.3,2026-05-30 01:40:00,2558025
73.8,73.1,74.8,64.7,2026-05-30 02:00:00,2558025
73.5,75.0,74.5,65.1,2026-05-30 02:20:00,2558025
73.3,76.2,74.5,65.4,2026-05-30 02:40:00,2558025
72.9,77.2,74.1,65.4,2026-05-30 03:00:00,2558025
72.3,79.2,73.6,65.5,2026-05-30 03:20:00,2558025
71.9,81.3,73.2,65.8,2026-05-30 03:40:00,2558025
71.7,82.1,73.0,66.0,2026-05-30 04:00:00,2558025
71.3,84.2,72.7,66.3,2026-05-30 04:20:00,2558025
71.1,85.5,72.5,66.5,2026-05-30 04:40:00,2558025
71.2,86.0,72.5,66.8,2026-05-30 05:00:00,2558025
71.4,86.3,72.9,67.1,2026-05-30 05:20:00,2558025
71.3,87.1,72.9,67.2,2026-05-30 05:40:00,2558025
71.3,87.2,72.9,67.3,2026-05-30 06:00:00,2558025
71.4,87.1,72.9,67.4,2026-05-30 06:20:00,2558025
71.5,87.3,73.2,67.5,2026-05-30 06:40:00,2558025
72.1,86.4,73.8,67.8,2026-05-30 07:00:00,2558025
72.1,86.3,74.1,67.8,2026-05-30 07:20:00,2558025
74.4,82.7,76.5,68.8,2026-05-30 07:40:00,2558025
77.4,76.9,80.1,69.6,2026-05-30 08:00:00,2558025
80.0,70.7,83.7,69.6,2026-05-30 08:20:00,2558025
81.9,57.9,84.0,65.6,2026-05-30 08:40:00,2558025
79.9,48.6,79.5,58.8,2026-05-30 09:00:00,2558025
79.9,48.6,79.3,58.8,2026-05-30 09:20:00,2558025
80.3,41.4,78.6,54.7,2026-05-30 09:40:00,2558025
82.3,38.2,80.6,54.4,2026-05-30 10:00:00,2558025
84.1,34.1,82.2,52.8,2026-05-30 10:20:00,2558025
84.5,35.8,82.9,54.4,2026-05-30 10:40:00,2558025
84.7,32.0,82.4,51.6,2026-05-30 11:00:00,2558025
83.9,34.8,82.0,53.2,2026-05-30 11:20:00,2558025
84.5,30.3,81.7,50.0,2026-05-30 11:40:00,2558025
85.8,25.2,82.6,46.2,2026-05-30 12:00:00,2558025
85.7,24.9,82.2,45.7,2026-05-30 12:20:00,2558025
87.0,25.3,83.8,47.3,2026-05-30 12:40:00,2558025
86.6,24.4,83.1,46.0,2026-05-30 13:00:00,2558025
87.7,24.1,84.2,46.7,2026-05-30 13:20:00,2558025
87.6,24.4,84.2,46.8,2026-05-30 13:40:00,2558025
87.6,22.3,83.8,44.5,2026-05-30 14:00:00,2558025
89.9,21.4,86.4,45.3,2026-05-30 14:20:00,2558025
88.2,20.4,84.2,42.6,2026-05-30 14:40:00,2558025
89.5,22.3,86.2,46.0,2026-05-30 15:00:00,2558025
90.0,22.2,86.7,46.3,2026-05-30 15:20:00,2558025
90.1,23.9,87.3,48.4,2026-05-30 15:40:00,2558025
88.1,23.8,84.7,46.5,2026-05-30 16:00:00,2558025
88.8,25.7,86.0,49.2,2026-05-30 16:20:00,2558025
89.2,23.4,86.0,47.0,2026-05-30 16:40:00,2558025
88.3,23.7,84.9,46.7,2026-05-30 17:00:00,2558025
89.9,24.9,87.3,49.3,2026-05-30 17:20:00,2558025
87.8,25.2,84.7,47.8,2026-05-30 17:40:00,2558025
86.7,28.2,84.0,50.0,2026-05-30 18:00:00,2558025
84.4,32.4,82.2,51.7,2026-05-30 18:20:00,2558025
83.3,34.0,81.0,52.0,2026-05-30 18:40:00,2558025
82.3,33.6,79.7,50.8,2026-05-30 19:00:00,2558025
81.8,34.6,79.2,51.2,2026-05-30 19:20:00,2558025
81.0,36.4,78.8,51.8,2026-05-30 19:40:00,2558025
80.0,36.8,77.5,51.3,2026-05-30 20:00:00,2558025
78.7,39.7,76.5,52.1,2026-05-30 20:20:00,2558025
76.7,43.1,74.7,52.6,2026-05-30 20:40:00,2558025
75.3,44.0,73.4,51.9,2026-05-30 21:00:00,2558025
76.1,42.9,73.9,51.9,2026-05-30 21:20:00,2558025
76.2,39.0,73.8,49.5,2026-05-30 21:40:00,2558025
75.7,37.7,73.0,48.1,2026-05-30 22:00:00,2558025
74.7,40.7,72.7,49.2,2026-05-30 22:20:00,2558025
73.4,47.2,72.1,52.1,2026-05-30 22:40:00,2558025
71.9,49.6,70.9,52.0,2026-05-30 23:00:00,2558025
70.4,47.8,69.4,49.7,2026-05-30 23:20:00,2558025
69.4,50.6,68.0,50.3,2026-05-30 23:40:00,2558025
68.1,52.4,66.2,50.0,2026-05-31 00:00:00,2558025
67.2,54.6,65.1,50.3,2026-05-31 00:20:00,2558025
66.5,56.8,64.4,50.6,2026-05-31 00:40:00,2558025
65.9,58.4,63.9,50.8,2026-05-31 01:00:00,2558025
65.3,59.9,63.0,51.0,2026-05-31 01:20:00,2558025
64.5,60.6,62.2,50.6,2026-05-31 01:40:00,2558025
63.8,62.2,61.7,50.6,2026-05-31 02:00:00,2558025
63.2,64.0,61.3,50.8,2026-05-31 02:20:00,2558025
62.6,63.1,60.4,49.9,2026-05-31 02:40:00,2558025
62.4,61.8,60.1,49.2,2026-05-31 03:00:00,2558025
62.3,62.0,60.3,49.1,2026-05-31 03:20:00,2558025
62.2,62.6,60.1,49.2,2026-05-31 03:40:00,2558025
61.8,63.8,59.9,49.4,2026-05-31 04:00:00,2558025
61.2,63.8,59.5,48.9,2026-05-31 04:20:00,2558025
60.5,65.0,58.8,48.7,2026-05-31 04:40:00,2558025
59.8,66.8,58.3,48.8,2026-05-31 05:00:00,2558025
59.2,68.9,57.9,49.0,2026-05-31 05:20:00,2558025
58.5,70.7,57.4,49.1,2026-05-31 05:40:00,2558025
57.5,74.2,56.7,49.3,2026-05-31 06:00:00,2558025
56.9,75.9,56.1,49.4,2026-05-31 06:20:00,2558025
56.9,77.3,56.3,49.9,2026-05-31 06:40:00,2558025
57.5,78.0,56.8,50.7,2026-05-31 07:00:00,2558025
59.4,76.3,58.6,51.9,2026-05-31 07:20:00,2558025
64.1,67.5,62.6,53.1,2026-05-31 07:40:00,2558025
68.8,58.6,67.8,53.7,2026-05-31 08:00:00,2558025
67.0,56.8,65.1,51.2,2026-05-31 08:20:00,2558025
67.6,56.0,65.8,51.3,2026-05-31 08:40:00,2558025
68.7,54.2,67.1,51.5,2026-05-31 09:00:00,2558025
70.3,49.4,69.1,50.5,2026-05-31 09:20:00,2558025
68.9,50.5,67.1,49.7,2026-05-31 09:40:00,2558025
71.5,46.7,70.3,50.0,2026-05-31 10:00:00,2558025
74.6,42.7,72.7,50.5,2026-05-31 10:20:00,2558025
74.2,40.4,72.1,48.6,2026-05-31 10:40:00,2558025
75.5,40.9,73.2,50.2,2026-05-31 11:00:00,2558025
74.4,40.3,72.3,48.8,2026-05-31 11:20:00,2558025
76.3,40.1,74.1,50.3,2026-05-31 11:40:00,2558025
77.0,38.9,74.5,50.0,2026-05-31 12:00:00,2558025
77.2,38.2,74.5,49.8,2026-05-31 12:20:00,2558025
77.5,37.9,74.8,49.8,2026-05-31 12:40:00,2558025
78.0,37.0,75.4,49.6,2026-05-31 13:00:00,2558025
78.0,35.9,75.2,48.8,2026-05-31 13:20:00,2558025
79.4,35.1,76.8,49.5,2026-05-31 13:40:00,2558025
80.0,32.8,77.0,48.2,2026-05-31 14:00:00,2558025
80.2,34.3,77.4,49.5,2026-05-31 14:20:00,2558025
80.5,34.0,77.9,49.6,2026-05-31 14:40:00,2558025
79.5,33.1,76.6,48.1,2026-05-31 15:00:00,2558025
81.8,35.9,79.3,52.2,2026-05-31 15:20:00,2558025
84.0,33.1,81.7,51.9,2026-05-31 15:40:00,2558025
83.0,33.7,80.6,51.5,2026-05-31 16:00:00,2558025
83.7,34.4,81.7,52.6,2026-05-31 16:20:00,2558025
83.9,34.7,82.0,53.1,2026-05-31 16:40:00,2558025
81.4,37.0,79.3,52.7,2026-05-31 17:00:00,2558025
83.3,36.3,81.7,53.8,2026-05-31 17:20:00,2558025
82.6,35.6,80.4,52.7,2026-05-31 17:40:00,2558025
80.6,36.6,78.1,51.6,2026-05-31 18:00:00,2558025
78.5,40.2,76.5,52.3,2026-05-31 18:20:00,2558025
77.8,41.7,75.9,52.7,2026-05-31 18:40:00,2558025
76.9,44.1,75.0,53.4,2026-05-31 19:00:00,2558025
76.6,44.8,74.8,53.6,2026-05-31 19:20:00,2558025
75.8,45.5,74.1,53.2,2026-05-31 19:40:00,2558025
75.3,47.2,73.8,53.8,2026-05-31 20:00:00,2558025
75.0,48.3,73.6,54.1,2026-05-31 20:20:00,2558025
74.4,49.2,73.2,54.2,2026-05-31 20:40:00,2558025
73.4,50.3,72.5,53.8,2026-05-31 21:00:00,2558025
73.1,50.9,72.1,53.8,2026-05-31 21:20:00,2558025
72.2,52.2,71.4,53.7,2026-05-31 21:40:00,2558025
71.3,53.7,70.7,53.7,2026-05-31 22:00:00,2558025
71.0,55.7,70.5,54.4,2026-05-31 22:20:00,2558025
70.7,55.6,70.2,54.0,2026-05-31 22:40:00,2558025
71.1,55.8,70.7,54.5,2026-05-31 23:00:00,2558025
71.0,56.6,70.5,54.8,2026-05-31 23:20:00,2558025
71.1,58.5,70.9,55.8,2026-05-31 23:40:00,2558025
71.7,59.3,71.4,56.8,2026-06-01 00:00:00,2558025
71.4,59.5,71.1,56.6,2026-06-01 00:20:00,2558025
71.0,60.9,70.9,56.8,2026-06-01 00:40:00,2558025
70.8,62.3,70.9,57.3,2026-06-01 01:00:00,2558025
70.6,63.5,70.7,57.7,2026-06-01 01:20:00,2558025
70.5,64.0,70.5,57.7,2026-06-01 01:40:00,2558025
70.4,64.6,70.5,57.9,2026-06-01 02:00:00,2558025
70.6,64.7,70.7,58.1,2026-06-01 02:20:00,2558025
70.6,65.6,70.7,58.5,2026-06-01 02:40:00,2558025
70.4,66.3,70.7,58.7,2026-06-01 03:00:00,2558025
70.4,67.0,70.7,58.9,2026-06-01 03:20:00,2558025
70.1,67.5,70.2,58.9,2026-06-01 03:40:00,2558025
69.9,68.0,70.0,58.8,2026-06-01 04:00:00,2558025
69.1,69.4,69.1,58.7,2026-06-01 04:20:00,2558025
68.9,70.0,68.9,58.7,2026-06-01 04:40:00,2558025
69.1,70.3,69.1,59.0,2026-06-01 05:00:00,2558025
69.0,70.5,68.9,59.0,2026-06-01 05:20:00,2558025
68.8,70.4,68.7,58.7,2026-06-01 05:40:00,2558025
67.9,71.6,67.6,58.4,2026-06-01 06:00:00,2558025
67.5,72.7,67.1,58.4,2026-06-01 06:20:00,2558025
67.2,74.5,66.7,58.8,2026-06-01 06:40:00,2558025
67.9,75.5,68.0,59.9,2026-06-01 07:00:00,2558025
69.3,72.3,69.6,60.0,2026-06-01 07:20:00,2558025
70.0,72.3,70.5,60.7,2026-06-01 07:40:00,2558025
70.6,70.7,71.1,60.6,2026-06-01 08:00:00,2558025
70.4,70.5,70.9,60.4,2026-06-01 08:20:00,2558025
71.9,70.9,72.5,61.9,2026-06-01 08:40:00,2558025
72.1,70.1,72.9,61.8,2026-06-01 09:00:00,2558025
73.3,68.9,73.8,62.4,2026-06-01 09:20:00,2558025
75.7,67.9,76.3,64.4,2026-06-01 09:40:00,2558025
76.8,65.1,77.5,64.2,2026-06-01 10:00:00,2558025
79.9,61.3,81.7,65.4,2026-06-01 10:20:00,2558025
78.8,59.4,79.7,63.5,2026-06-01 10:40:00,2558025
79.4,58.4,80.2,63.5,2026-06-01 11:00:00,2558025
83.0,54.8,85.1,65.1,2026-06-01 11:20:00,2558025
82.3,51.5,83.1,62.7,2026-06-01 11:40:00,2558025
84.4,50.6,86.7,64.1,2026-06-01 12:00:00,2558025
80.6,53.4,81.0,62.1,2026-06-01 12:20:00,2558025
82.8,51.4,84.0,63.1,2026-06-01 12:40:00,2558025
83.9,50.5,85.6,63.6,2026-06-01 13:00:00,2558025
84.6,44.8,85.3,60.7,2026-06-01 13:20:00,2558025
83.8,44.3,83.8,59.8,2026-06-01 13:40:00,2558025
84.7,42.2,84.7,59.2,2026-06-01 14:00:00,2558025
83.6,44.3,83.5,59.5,2026-06-01 14:20:00,2558025
84.0,41.0,83.5,57.8,2026-06-01 14:40:00,2558025
85.2,35.7,83.8,55.0,2026-06-01 15:00:00,2558025
86.6,33.0,85.1,54.1,2026-06-01 15:20:00,2558025
85.5,35.5,84.4,55.1,2026-06-01 15:40:00,2558025
85.6,37.5,84.7,56.7,2026-06-01 16:00:00,2558025
87.4,35.5,86.7,56.8,2026-06-01 16:20:00,2558025
83.9,39.7,82.9,56.8,2026-06-01 16:40:00,2558025
82.4,40.6,81.1,56.1,2026-06-01 17:00:00,2558025
81.8,40.0,80.2,55.1,2026-06-01 17:20:00,2558025
82.7,39.6,81.1,55.7,2026-06-01 17:40:00,2558025
81.3,41.7,79.9,55.8,2026-06-01 18:00:00,2558025
80.7,39.8,78.8,54.0,2026-06-01 18:20:00,2558025
80.6,39.9,78.6,53.9,2026-06-01 18:40:00,2558025
79.8,40.4,77.9,53.6,2026-06-01 19:00:00,2558025
78.7,42.3,77.0,53.9,2026-06-01 19:20:00,2558025
78.3,42.4,76.5,53.6,2026-06-01 19:40:00,2558025
77.4,42.2,75.4,52.6,2026-06-01 20:00:00,2558025
76.5,42.9,74.5,52.3,2026-06-01 20:20:00,2558025
75.2,44.3,73.4,52.0,2026-06-01 20:40:00,2558025
74.1,46.4,72.5,52.2,2026-06-01 21:00:00,2558025
73.3,49.4,72.1,53.2,2026-06-01 21:20:00,2558025
72.2,51.6,71.4,53.4,2026-06-01 21:40:00,2558025
72.2,48.1,71.2,51.5,2026-06-01 22:00:00,2558025
72.5,45.7,71.1,50.4,2026-06-01 22:20:00,2558025
72.7,43.7,71.2,49.4,2026-06-01 22:40:00,2558025
72.6,44.0,71.1,49.4,2026-06-01 23:00:00,2558025
71.7,49.7,70.7,51.9,2026-06-01 23:20:00,2558025
70.9,54.9,70.3,53.9,2026-06-01 23:40:00,2558025
70.4,58.4,70.2,55.1,2026-06-02 00:00:00,2558025
70.0,60.1,69.8,55.6,2026-06-02 00:20:00,2558025
69.8,57.5,69.3,54.2,2026-06-02 00:40:00,2558025
69.5,54.4,68.4,52.3,2026-06-02 01:00:00,2558025
68.9,49.8,67.3,49.4,2026-06-02 01:20:00,2558025
68.3,51.8,66.4,49.9,2026-06-02 01:40:00,2558025
67.5,55.4,65.8,51.0,2026-06-02 02:00:00,2558025
66.6,53.8,64.2,49.4,2026-06-02 02:20:00,2558025
65.7,55.3,63.1,49.2,2026-06-02 02:40:00,2558025
65.1,56.1,62.4,49.1,2026-06-02 03:00:00,2558025
64.4,58.8,62.1,49.7,2026-06-02 03:20:00,2558025
64.0,60.5,61.7,50.1,2026-06-02 03:40:00,2558025
63.5,62.8,61.5,50.6,2026-06-02 04:00:00,2558025
62.9,65.0,61.0,50.9,2026-06-02 04:20:00,2558025
62.5,67.0,60.8,51.4,2026-06-02 04:40:00,2558025
62.3,67.7,60.8,51.5,2026-06-02 05:00:00,2558025
61.8,69.0,60.3,51.5,2026-06-02 05:20:00,2558025
61.3,70.6,59.9,51.7,2026-06-02 05:40:00,2558025
61.1,72.5,59.9,52.1,2026-06-02 06:00:00,2558025
60.9,73.4,59.9,52.3,2026-06-02 06:20:00,2558025
60.7,74.6,59.7,52.6,2026-06-02 06:40:00,2558025
61.4,74.5,60.4,53.2,2026-06-02 07:00:00,2558025
61.6,72.5,60.4,52.7,2026-06-02 07:20:00,2558025
62.2,71.7,61.0,52.9,2026-06-02 07:40:00,2558025
62.2,69.8,60.8,52.3,2026-06-02 08:00:00,2558025
63.4,65.8,61.7,51.8,2026-06-02 08:20:00,2558025
63.6,64.0,61.7,51.2,2026-06-02 08:40:00,2558025
64.0,62.8,61.9,51.1,2026-06-02 09:00:00,2558025
65.7,59.6,63.5,51.2,2026-06-02 09:20:00,2558025
64.8,60.2,62.6,50.6,2026-06-02 09:40:00,2558025
65.3,58.4,63.0,50.3,2026-06-02 10:00:00,2558025
70.9,51.5,70.2,52.1,2026-06-02 10:20:00,2558025
73.4,47.9,72.1,52.4,2026-06-02 10:40:00,2558025
73.5,44.6,72.0,50.6,2026-06-02 11:00:00,2558025
73.8,40.2,71.8,48.1,2026-06-02 11:20:00,2558025
75.9,37.6,73.4,48.3,2026-06-02 11:40:00,2558025
75.9,37.1,73.4,47.9,2026-06-02 12:00:00,2558025
77.0,35.7,74.1,47.8,2026-06-02 12:20:00,2558025
77.7,34.9,74.7,47.8,2026-06-02 12:40:00,2558025
77.6,35.0,74.8,47.9,2026-06-02 13:00:00,2558025
76.5,35.4,73.8,47.1,2026-06-02 13:20:00,2558025
78.3,35.0,75.6,48.5,2026-06-02 13:40:00,2558025
79.7,32.2,76.6,47.4,2026-06-02 14:00:00,2558025
76.7,32.1,73.6,44.8,2026-06-02 14:20:00,2558025
78.8,31.5,75.6,46.1,2026-06-02 14:40:00,2558025
79.4,29.3,75.9,44.7,2026-06-02 15:00:00,2558025
79.8,30.2,76.5,45.8,2026-06-02 15:20:00,2558025
81.8,29.1,78.3,46.6,2026-06-02 15:40:00,2558025
80.8,27.8,77.2,44.4,2026-06-02 16:00:00,2558025
80.8,28.3,77.4,45.0,2026-06-02 16:20:00,2558025
78.5,28.8,75.0,43.5,2026-06-02 16:40:00,2558025
78.4,28.2,74.7,42.8,2026-06-02 17:00:00,2558025
78.0,28.7,74.5,42.9,2026-06-02 17:20:00,2558025
79.5,27.5,75.7,43.1,2026-06-02 17:40:00,2558025
77.6,27.6,73.9,41.6,2026-06-02 18:00:00,2558025
75.0,28.8,71.6,40.5,2026-06-02 18:20:00,2558025
74.4,29.2,71.2,40.3,2026-06-02 18:40:00,2558025
74.0,30.8,71.1,41.3,2026-06-02 19:00:00,2558025
73.6,29.8,70.7,40.1,2026-06-02 19:20:00,2558025
72.6,31.0,70.0,40.3,2026-06-02 19:40:00,2558025
71.6,31.1,69.3,39.5,2026-06-02 20:00:00,2558025
70.5,32.4,68.4,39.5,2026-06-02 20:20:00,2558025
68.9,34.3,66.2,39.7,2026-06-02 20:40:00,2558025
68.3,35.1,65.1,39.7,2026-06-02 21:00:00,2558025
67.1,37.6,63.7,40.4,2026-06-02 21:20:00,2558025
65.4,39.0,61.2,39.8,2026-06-02 21:40:00,2558025
65.3,41.5,61.3,41.3,2026-06-02 22:00:00,2558025
63.7,45.0,59.9,42.0,2026-06-02 22:20:00,2558025
62.3,47.3,59.0,42.0,2026-06-02 22:40:00,2558025
61.1,50.0,58.1,42.4,2026-06-02 23:00:00,2558025
60.5,51.3,57.7,42.5,2026-06-02 23:20:00,2558025
59.1,53.9,56.5,42.4,2026-06-02 23:40:00,2558025
57.9,57.4,55.8,42.9,2026-06-03 00:00:00,2558025
56.9,61.7,55.0,43.9,2026-06-03 00:20:00,2558025
56.0,63.6,54.5,43.9,2026-06-03 00:40:00,2558025
55.7,65.9,54.3,44.4,2026-06-03 01:00:00,2558025
54.2,69.3,53.1,44.4,2026-06-03 01:20:00,2558025
53.9,71.1,52.9,44.8,2026-06-03 01:40:00,2558025
53.5,72.3,52.7,44.8,2026-06-03 02:00:00,2558025
52.5,74.8,51.6,44.7,2026-06-03 02:20:00,2558025
51.9,77.1,51.4,45.0,2026-06-03 02:40:00,2558025
51.4,78.0,50.9,44.7,2026-06-03 03:00:00,2558025
50.7,80.9,50.5,45.1,2026-06-03 03:20:00,2558025
50.6,81.0,50.3,45.0,2026-06-03 03:40:00,2558025
50.1,82.7,50.0,45.0,2026-06-03 04:00:00,2558025
49.8,83.4,49.6,45.0,2026-06-03 04:20:00,2558025
49.6,84.5,49.4,45.1,2026-06-03 04:40:00,2558025
49.7,85.0,49.6,45.4,2026-06-03 05:00:00,2558025
48.9,86.1,48.9,45.0,2026-06-03 05:20:00,2558025
49.0,87.0,49.1,45.3,2026-06-03 05:40:00,2558025
49.0,87.2,49.1,45.3,2026-06-03 06:00:00,2558025
48.8,87.6,48.9,45.3,2026-06-03 06:20:00,2558025
48.9,88.4,49.1,45.7,2026-06-03 06:40:00,2558025
50.0,87.8,50.0,46.5,2026-06-03 07:00:00,2558025
52.3,85.4,52.2,48.0,2026-06-03 07:20:00,2558025
57.4,79.6,57.0,51.2,2026-06-03 07:40:00,2558025
66.8,60.0,65.3,52.5,2026-06-03 08:00:00,2558025
71.0,46.9,69.8,49.6,2026-06-03 08:20:00,2558025
72.3,41.0,70.5,47.2,2026-06-03 08:40:00,2558025
73.0,38.5,70.9,46.2,2026-06-03 09:00:00,2558025
75.5,37.2,72.9,47.5,2026-06-03 09:20:00,2558025
74.7,38.0,72.3,47.4,2026-06-03 09:40:00,2558025
76.3,33.9,73.4,45.8,2026-06-03 10:00:00,2558025
78.7,31.9,75.6,46.3,2026-06-03 10:20:00,2558025
78.9,31.4,75.6,46.1,2026-06-03 10:40:00,2558025
78.6,31.2,75.4,45.6,2026-06-03 11:00:00,2558025
80.7,29.1,77.2,45.6,2026-06-03 11:20:00,2558025
81.8,27.4,78.1,45.0,2026-06-03 11:40:00,2558025
80.2,27.1,76.5,43.2,2026-06-03 12:00:00,2558025
81.4,28.4,77.9,45.6,2026-06-03 12:20:00,2558025
81.8,25.7,77.9,43.2,2026-06-03 12:40:00,2558025
80.3,26.7,76.6,43.0,2026-06-03 13:00:00,2558025
81.4,25.8,77.5,43.1,2026-06-03 13:20:00,2558025
82.4,25.4,78.4,43.5,2026-06-03 13:40:00,2558025
82.5,25.2,78.6,43.4,2026-06-03 14:00:00,2558025
83.0,26.3,79.3,44.9,2026-06-03 14:20:00,2558025
83.0,25.7,79.2,44.3,2026-06-03 14:40:00,2558025
82.7,23.8,78.6,42.0,2026-06-03 15:00:00,2558025
85.1,24.1,81.1,44.4,2026-06-03 15:20:00,2558025
84.4,25.0,80.8,44.7,2026-06-03 15:40:00,2558025
83.5,25.9,79.9,44.9,2026-06-03 16:00:00,2558025
82.7,26.4,79.0,44.8,2026-06-03 16:20:00,2558025
82.1,25.8,78.3,43.6,2026-06-03 16:40:00,2558025
81.6,27.0,77.9,44.4,2026-06-03 17:00:00,2558025
85.7,24.7,82.2,45.5,2026-06-03 17:20:00,2558025
85.4,24.6,81.7,45.1,2026-06-03 17:40:00,2558025
83.4,24.9,79.5,43.8,2026-06-03 18:00:00,2558025
81.3,27.0,77.5,44.2,2026-06-03 18:20:00,2558025
80.8,27.2,77.2,43.9,2026-06-03 18:40:00,2558025
80.2,27.7,76.5,43.9,2026-06-03 19:00:00,2558025
79.9,28.0,76.3,43.9,2026-06-03 19:20:00,2558025
78.9,29.7,75.4,44.6,2026-06-03 19:40:00,2558025
78.1,30.7,74.8,44.7,2026-06-03 20:00:00,2558025
75.5,35.1,72.7,46.1,2026-06-03 20:20:00,2558025
73.7,37.3,71.4,46.0,2026-06-03 20:40:00,2558025
71.9,41.1,70.3,47.0,2026-06-03 21:00:00,2558025
70.1,43.6,68.5,47.0,2026-06-03 21:20:00,2558025
68.9,45.6,66.7,47.0,2026-06-03 21:40:00,2558025
67.5,49.6,65.3,48.0,2026-06-03 22:00:00,2558025
66.4,52.7,64.0,48.7,2026-06-03 22:20:00,2558025
65.1,55.2,62.4,48.7,2026-06-03 22:40:00,2558025
63.8,57.6,61.2,48.6,2026-06-03 23:00:00,2558025
63.1,59.1,60.6,48.6,2026-06-03 23:20:00,2558025
62.5,62.1,60.4,49.3,2026-06-03 23:40:00,2558025
62.0,63.9,60.1,49.6,2026-06-04 00:00:00,2558025
61.1,66.7,59.5,50.0,2026-06-04 00:20:00,2558025
60.4,67.7,59.2,49.7,2026-06-04 00:40:00,2558025
59.7,70.0,58.5,49.9,2026-06-04 01:00:00,2558025
59.1,70.3,57.9,49.4,2026-06-04 01:20:00,2558025
58.6,72.5,57.6,49.8,2026-06-04 01:40:00,2558025
57.7,74.5,56.8,49.6,2026-06-04 02:00:00,2558025
56.9,75.9,56.1,49.4,2026-06-04 02:20:00,2558025
56.6,76.7,55.9,49.3,2026-06-04 02:40:00,2558025
56.2,78.4,55.6,49.6,2026-06-04 03:00:00,2558025
56.0,79.8,55.6,49.8,2026-06-04 03:20:00,2558025
55.8,80.5,55.4,49.9,2026-06-04 03:40:00,2558025
55.0,81.9,54.7,49.6,2026-06-04 04:00:00,2558025
54.6,83.4,54.5,49.7,2026-06-04 04:20:00,2558025
54.1,84.5,54.0,49.5,2026-06-04 04:40:00,2558025
53.5,85.2,53.4,49.2,2026-06-04 05:00:00,2558025
53.0,87.1,53.1,49.3,2026-06-04 05:20:00,2558025
53.2,87.3,53.4,49.5,2026-06-04 05:40:00,2558025
53.2,88.0,53.2,49.7,2026-06-04 06:00:00,2558025
53.0,88.2,53.1,49.6,2026-06-04 06:20:00,2558025
53.0,89.0,53.1,49.8,2026-06-04 06:40:00,2558025
53.8,89.2,54.0,50.7,2026-06-04 07:00:00,2558025
56.0,87.2,56.1,52.2,2026-06-04 07:20:00,2558025
60.1,83.0,60.1,54.9,2026-06-04 07:40:00,2558025
67.6,69.3,66.9,57.2,2026-06-04 08:00:00,2558025
72.9,52.2,72.1,54.3,2026-06-04 08:20:00,2558025
76.3,43.8,74.5,52.6,2026-06-04 08:40:00,2558025
79.8,39.3,77.7,52.9,2026-06-04 09:00:00,2558025
81.8,37.5,79.7,53.3,2026-06-04 09:20:00,2558025
80.2,37.1,77.9,51.7,2026-06-04 09:40:00,2558025
82.3,33.2,79.7,50.5,2026-06-04 10:00:00,2558025
84.8,31.0,82.2,50.8,2026-06-04 10:20:00,2558025
86.4,28.2,83.7,49.6,2026-06-04 10:40:00,2558025
85.0,26.6,81.7,47.0,2026-06-04 11:00:00,2558025
86.8,27.2,83.8,49.0,2026-06-04 11:20:00,2558025
86.7,26.6,83.7,48.3,2026-06-04 11:40:00,2558025
87.0,23.9,83.5,45.8,2026-06-04 12:00:00,2558025
86.4,24.6,82.9,46.0,2026-06-04 12:20:00,2558025
87.0,23.2,83.3,44.9,2026-06-04 12:40:00,2558025
88.3,21.9,84.6,44.6,2026-06-04 13:00:00,2558025
89.4,22.9,86.0,46.6,2026-06-04 13:20:00,2558025
88.5,22.8,84.9,45.8,2026-06-04 13:40:00,2558025
90.3,22.6,87.4,47.0,2026-06-04 14:00:00,2558025
90.6,21.9,87.4,46.4,2026-06-04 14:20:00,2558025
91.0,22.8,88.2,47.8,2026-06-04 14:40:00,2558025
91.0,21.8,87.8,46.7,2026-06-04 15:00:00,2558025
91.6,21.9,88.7,47.3,2026-06-04 15:20:00,2558025
93.7,20.6,91.0,47.4,2026-06-04 15:40:00,2558025
88.6,20.8,84.6,43.5,2026-06-04 16:00:00,2558025
93.7,20.6,91.0,47.4,2026-06-04 16:20:00,2558025
92.9,21.0,90.0,47.2,2026-06-04 16:40:00,2558025
92.0,21.4,88.9,47.0,2026-06-04 17:00:00,2558025
94.5,19.6,91.6,46.7,2026-06-04 17:20:00,2558025
93.4,20.2,90.3,46.6,2026-06-04 17:40:00,2558025
92.1,20.2,88.7,45.6,2026-06-04 18:00:00,2558025
88.8,22.3,85.3,45.4,2026-06-04 18:20:00,2558025
87.9,22.6,84.2,45.1,2026-06-04 18:40:00,2558025
87.0,22.9,83.3,44.6,2026-06-04 19:00:00,2558025
86.3,25.3,82.9,46.7,2026-06-04 19:20:00,2558025
84.0,27.8,80.8,47.3,2026-06-04 19:40:00,2558025
82.3,31.3,79.3,48.9,2026-06-04 20:00:00,2558025
79.9,34.4,77.2,49.4,2026-06-04 20:20:00,2558025
77.8,35.9,75.0,48.7,2026-06-04 20:40:00,2558025
75.9,41.6,73.8,50.9,2026-06-04 21:00:00,2558025
75.1,42.6,73.2,50.8,2026-06-04 21:20:00,2558025
73.8,42.6,72.0,49.7,2026-06-04 21:40:00,2558025
72.1,47.5,70.9,51.0,2026-06-04 22:00:00,2558025
70.9,51.0,70.2,51.9,2026-06-04 22:20:00,2558025
70.1,52.7,69.3,52.1,2026-06-04 22:40:00,2558025
69.1,54.2,68.0,51.9,2026-06-04 23:00:00,2558025
68.2,55.9,66.7,51.9,2026-06-04 23:20:00,2558025
67.1,58.3,65.5,52.0,2026-06-04 23:40:00,2558025
66.3,60.6,64.4,52.2,2026-06-05 00:00:00,2558025
65.6,61.8,63.5,52.2,2026-06-05 00:20:00,2558025
65.1,64.1,63.1,52.6,2026-06-05 00:40:00,2558025
64.5,64.7,62.6,52.3,2026-06-05 01:00:00,2558025
65.1,64.7,63.1,52.9,2026-06-05 01:20:00,2558025
65.4,64.5,63.5,53.2,2026-06-05 01:40:00,2558025
64.7,66.5,63.0,53.3,2026-06-05 02:00:00,2558025
64.5,66.7,62.8,53.2,2026-06-05 02:20:00,2558025
64.6,67.3,63.0,53.5,2026-06-05 02:40:00,2558025
64.0,68.6,62.4,53.5,2026-06-05 03:00:00,2558025
63.1,70.8,61.7,53.5,2026-06-05 03:20:00,2558025
62.5,72.7,61.3,53.6,2026-06-05 03:40:00,2558025
62.1,74.3,61.2,53.8,2026-06-05 04:00:00,2558025
61.6,76.1,60.8,53.9,2026-06-05 04:20:00,2558025
61.0,77.5,60.3,53.9,2026-06-05 04:40:00,2558025
60.4,79.5,60.1,54.1,2026-06-05 05:00:00,2558025
60.3,80.6,59.9,54.3,2026-06-05 05:20:00,2558025
59.6,81.9,59.4,54.0,2026-06-05 05:40:00,2558025
59.2,83.0,59.2,54.0,2026-06-05 06:00:00,2558025
59.1,84.0,59.0,54.2,2026-06-05 06:20:00,2558025
59.5,84.2,59.4,54.7,2026-06-05 06:40:00,2558025
60.4,84.0,60.3,55.5,2026-06-05 07:00:00,2558025
62.3,82.1,62.1,56.8,2026-06-05 07:20:00,2558025
65.8,78.4,65.3,58.9,2026-06-05 07:40:00,2558025
75.3,58.9,75.0,60.0,2026-06-05 08:00:00,2558025
76.2,52.3,75.2,57.5,2026-06-05 08:20:00,2558025
78.9,50.6,78.4,59.0,2026-06-05 08:40:00,2558025
81.2,45.6,80.4,58.2,2026-06-05 09:00:00,2558025
82.6,44.0,82.0,58.5,2026-06-05 09:20:00,2558025
82.4,45.9,82.2,59.5,2026-06-05 09:40:00,2558025
86.8,40.0,87.3,59.6,2026-06-05 10:00:00,2558025
87.4,38.4,87.6,59.0,2026-06-05 10:20:00,2558025
91.2,34.2,92.5,59.1,2026-06-05 10:40:00,2558025
91.4,33.3,92.3,58.5,2026-06-05 11:00:00,2558025
89.8,29.5,88.5,53.7,2026-06-05 11:20:00,2558025
92.1,27.9,91.2,54.3,2026-06-05 11:40:00,2558025
91.4,27.3,90.1,53.1,2026-06-05 12:00:00,2558025
91.2,28.0,89.8,53.5,2026-06-05 12:20:00,2558025
84.5,53.4,87.4,65.7,2026-05-28 12:40:00,2968890
84.8,53.1,88.0,65.8,2026-05-28 13:00:00,2968890
88.3,48.6,92.5,66.5,2026-05-28 13:20:00,2968890
88.3,45.3,91.0,64.4,2026-05-28 13:40:00,2968890
89.5,46.2,94.1,66.1,2026-05-28 14:00:00,2968890
88.7,45.6,92.3,65.0,2026-05-28 14:20:00,2968890
91.2,42.9,96.1,65.6,2026-05-28 14:40:00,2968890
91.4,42.8,96.4,65.6,2026-05-28 15:00:00,2968890
93.1,39.8,97.9,65.0,2026-05-28 15:20:00,2968890
93.0,39.6,97.5,64.8,2026-05-28 15:40:00,2968890
93.5,39.6,98.4,65.2,2026-05-28 16:00:00,2968890
95.4,36.3,100.4,64.4,2026-05-28 16:20:00,2968890
90.4,40.0,93.2,62.7,2026-05-28 16:40:00,2968890
89.3,41.2,91.8,62.7,2026-05-28 17:00:00,2968890
88.7,41.7,91.0,62.5,2026-05-28 17:20:00,2968890
87.9,42.5,89.6,62.3,2026-05-28 17:40:00,2968890
87.3,44.6,89.4,63.2,2026-05-28 18:00:00,2968890
86.6,45.6,88.7,63.1,2026-05-28 18:20:00,2968890
86.2,45.1,88.0,62.5,2026-05-28 18:40:00,2968890
85.7,47.5,87.8,63.4,2026-05-28 19:00:00,2968890
85.0,48.8,87.1,63.6,2026-05-28 19:20:00,2968890
84.3,50.3,86.2,63.8,2026-05-28 19:40:00,2968890
83.3,53.3,85.1,64.5,2026-05-28 20:00:00,2968890
81.8,56.6,83.3,64.9,2026-05-28 20:20:00,2968890
80.7,58.4,82.2,64.7,2026-05-28 20:40:00,2968890
79.9,60.9,81.7,65.2,2026-05-28 21:00:00,2968890
79.1,62.6,80.4,65.2,2026-05-28 21:20:00,2968890
78.3,63.1,79.5,64.8,2026-05-28 21:40:00,2968890
77.9,61.1,78.6,63.4,2026-05-28 22:00:00,2968890
77.6,62.0,78.3,63.5,2026-05-28 22:20:00,2968890
76.6,62.0,76.8,62.6,2026-05-28 22:40:00,2968890
76.5,59.7,76.3,61.4,2026-05-28 23:00:00,2968890
76.3,57.4,75.9,60.1,2026-05-28 23:20:00,2968890
75.6,57.5,75.2,59.5,2026-05-28 23:40:00,2968890
74.9,57.6,74.5,59.0,2026-05-29 00:00:00,2968890
74.3,57.3,73.8,58.2,2026-05-29 00:20:00,2968890
73.4,58.9,73.0,58.1,2026-05-29 00:40:00,2968890
72.7,59.9,72.5,57.9,2026-05-29 01:00:00,2968890
71.9,61.9,72.0,58.1,2026-05-29 01:20:00,2968890
71.0,62.8,71.1,57.7,2026-05-29 01:40:00,2968890
70.4,64.2,70.5,57.8,2026-05-29 02:00:00,2968890
69.7,64.8,69.4,57.3,2026-05-29 02:20:00,2968890
69.1,66.3,68.9,57.4,2026-05-29 02:40:00,2968890
68.1,67.9,67.5,57.1,2026-05-29 03:00:00,2968890
67.0,70.1,66.2,56.9,2026-05-29 03:20:00,2968890
66.5,71.9,65.7,57.2,2026-05-29 03:40:00,2968890
65.7,72.0,64.8,56.4,2026-05-29 04:00:00,2968890
65.4,72.0,64.2,56.1,2026-05-29 04:20:00,2968890
64.6,74.2,63.7,56.2,2026-05-29 04:40:00,2968890
64.0,75.6,63.1,56.1,2026-05-29 05:00:00,2968890
63.2,76.7,62.4,55.8,2026-05-29 05:20:00,2968890
62.9,78.3,62.2,56.0,2026-05-29 05:40:00,2968890
62.4,79.6,61.9,56.0,2026-05-29 06:00:00,2968890
63.0,75.9,62.2,55.2,2026-05-29 06:20:00,2968890
64.2,71.4,63.0,54.7,2026-05-29 06:40:00,2968890
64.6,69.2,63.0,54.3,2026-05-29 07:00:00,2968890
65.5,67.1,64.0,54.3,2026-05-29 07:20:00,2968890
66.8,63.0,65.5,53.9,2026-05-29 07:40:00,2968890
67.6,60.5,66.2,53.4,2026-05-29 08:00:00,2968890
68.3,58.8,67.1,53.3,2026-05-29 08:20:00,2968890
69.6,57.5,68.7,53.9,2026-05-29 08:40:00,2968890
70.2,57.2,69.6,54.4,2026-05-29 09:00:00,2968890
71.0,54.9,70.3,54.0,2026-05-29 09:20:00,2968890
71.5,54.3,70.9,54.2,2026-05-29 09:40:00,2968890
73.1,54.9,72.5,55.9,2026-05-29 10:00:00,2968890
74.3,52.9,73.6,56.0,2026-05-29 10:20:00,2968890
75.2,53.0,74.3,56.9,2026-05-29 10:40:00,2968890
76.0,46.2,74.3,53.9,2026-05-29 11:00:00,2968890
77.1,48.8,75.7,56.4,2026-05-29 11:20:00,2968890
77.2,47.8,75.9,55.9,2026-05-29 11:40:00,2968890
79.1,46.3,77.9,56.7,2026-05-29 12:00:00,2968890
80.2,46.0,79.3,57.5,2026-05-29 12:20:00,2968890
80.0,42.5,78.4,55.1,2026-05-29 12:40:00,2968890
80.0,42.6,78.4,55.2,2026-05-29 13:00:00,2968890
80.2,42.9,78.6,55.6,2026-05-29 13:20:00,2968890
82.5,40.5,81.1,56.1,2026-05-29 13:40:00,2968890
82.1,41.0,80.8,56.1,2026-05-29 14:00:00,2968890
84.4,37.5,83.3,55.7,2026-05-29 14:20:00,2968890
85.7,37.4,85.1,56.7,2026-05-29 14:40:00,2968890
86.5,37.6,86.2,57.5,2026-05-29 15:00:00,2968890
85.7,37.3,85.1,56.7,2026-05-29 15:20:00,2968890
87.7,37.1,87.8,58.3,2026-05-29 15:40:00,2968890
87.9,34.9,87.3,56.8,2026-05-29 16:00:00,2968890
91.3,34.2,92.5,59.2,2026-05-29 16:20:00,2968890
85.9,36.6,85.1,56.3,2026-05-29 16:40:00,2968890
83.7,39.3,82.8,56.4,2026-05-29 17:00:00,2968890
83.8,40.7,82.9,57.3,2026-05-29 17:20:00,2968890
83.4,41.0,82.6,57.2,2026-05-29 17:40:00,2968890
83.0,42.5,82.4,57.9,2026-05-29 18:00:00,2968890
82.8,42.7,82.0,57.8,2026-05-29 18:20:00,2968890
82.4,43.0,81.7,57.7,2026-05-29 18:40:00,2968890
82.1,43.5,81.1,57.7,2026-05-29 19:00:00,2968890
81.6,44.8,80.8,58.1,2026-05-29 19:20:00,2968890
81.1,45.8,80.2,58.2,2026-05-29 19:40:00,2968890
80.2,47.3,79.5,58.3,2026-05-29 20:00:00,2968890
79.0,49.0,78.3,58.2,2026-05-29 20:20:00,2968890
77.9,51.3,77.2,58.5,2026-05-29 20:40:00,2968890
76.5,54.0,75.7,58.7,2026-05-29 21:00:00,2968890
74.9,56.4,74.3,58.4,2026-05-29 21:20:00,2968890
74.5,58.8,74.3,59.2,2026-05-29 21:40:00,2968890
73.5,61.4,73.4,59.4,2026-05-29 22:00:00,2968890
73.1,63.9,73.4,60.1,2026-05-29 22:20:00,2968890
72.5,64.8,72.9,60.0,2026-05-29 22:40:00,2968890
72.0,66.0,72.5,60.1,2026-05-29 23:00:00,2968890
71.6,67.7,72.1,60.4,2026-05-29 23:20:00,2968890
71.3,68.8,71.8,60.5,2026-05-29 23:40:00,2968890
71.2,70.0,71.8,60.9,2026-05-30 00:00:00,2968890
71.5,69.7,72.1,61.1,2026-05-30 00:20:00,2968890
74.5,68.6,75.2,63.5,2026-05-30 00:40:00,2968890
74.7,69.2,75.6,63.9,2026-05-30 01:00:00,2968890
74.4,70.5,75.2,64.2,2026-05-30 01:20:00,2968890
74.3,72.3,75.2,64.8,2026-05-30 01:40:00,2968890
74.0,74.0,75.2,65.2,2026-05-30 02:00:00,2968890
73.7,75.4,75.0,65.4,2026-05-30 02:20:00,2968890
73.3,76.8,74.7,65.5,2026-05-30 02:40:00,2968890
72.9,78.3,74.3,65.7,2026-05-30 03:00:00,2968890
72.6,79.7,73.9,65.9,2026-05-30 03:20:00,2968890
72.2,80.9,73.6,66.1,2026-05-30 03:40:00,2968890
71.8,82.5,73.4,66.2,2026-05-30 04:00:00,2968890
71.7,83.9,73.2,66.6,2026-05-30 04:20:00,2968890
71.5,84.8,73.0,66.7,2026-05-30 04:40:00,2968890
71.4,85.8,72.7,66.9,2026-05-30 05:00:00,2968890
71.3,86.5,72.9,67.0,2026-05-30 05:20:00,2968890
71.2,87.2,72.7,67.1,2026-05-30 05:40:00,2968890
71.0,87.7,72.5,67.1,2026-05-30 06:00:00,2968890
71.1,87.8,72.7,67.3,2026-05-30 06:20:00,2968890
71.3,87.8,72.9,67.5,2026-05-30 06:40:00,2968890
72.1,86.8,73.8,68.0,2026-05-30 07:00:00,2968890
72.0,86.8,73.8,67.9,2026-05-30 07:20:00,2968890
73.5,85.1,75.6,68.7,2026-05-30 07:40:00,2968890
74.0,83.5,76.1,68.7,2026-05-30 08:00:00,2968890
75.5,79.5,77.4,68.7,2026-05-30 08:20:00,2968890
76.9,66.0,77.7,64.7,2026-05-30 08:40:00,2968890
78.0,58.9,78.3,62.4,2026-05-30 09:00:00,2968890
77.6,56.6,77.4,61.0,2026-05-30 09:20:00,2968890
79.0,44.2,77.7,55.4,2026-05-30 09:40:00,2968890
80.0,40.5,78.1,53.9,2026-05-30 10:00:00,2968890
80.9,41.8,79.3,55.5,2026-05-30 10:20:00,2968890
80.2,41.4,78.4,54.6,2026-05-30 10:40:00,2968890
82.2,35.3,80.1,52.1,2026-05-30 11:00:00,2968890
82.0,37.8,79.9,53.8,2026-05-30 11:20:00,2968890
82.4,35.2,80.2,52.2,2026-05-30 11:40:00,2968890
83.8,27.8,80.4,47.0,2026-05-30 12:00:00,2968890
84.1,31.4,81.5,50.5,2026-05-30 12:20:00,2968890
85.3,28.5,82.4,49.0,2026-05-30 12:40:00,2968890
86.9,28.7,84.2,50.5,2026-05-30 13:00:00,2968890
87.5,26.8,84.7,49.2,2026-05-30 13:20:00,2968890
88.4,23.8,85.1,46.8,2026-05-30 13:40:00,2968890
87.5,24.3,84.2,46.6,2026-05-30 14:00:00,2968890
90.1,24.7,87.4,49.2,2026-05-30 14:20:00,2968890
90.6,23.2,87.6,48.0,2026-05-30 14:40:00,2968890
91.9,23.0,89.6,48.9,2026-05-30 15:00:00,2968890
91.3,23.5,88.7,48.9,2026-05-30 15:20:00,2968890
92.0,23.9,89.8,49.9,2026-05-30 15:40:00,2968890
92.8,25.6,91.2,52.5,2026-05-30 16:00:00,2968890
88.8,26.1,86.2,49.7,2026-05-30 16:20:00,2968890
88.4,26.8,85.8,50.0,2026-05-30 16:40:00,2968890
86.6,28.4,84.0,50.1,2026-05-30 17:00:00,2968890
86.8,30.3,84.6,51.9,2026-05-30 17:20:00,2968890
85.7,29.9,83.1,50.7,2026-05-30 17:40:00,2968890
84.7,32.0,82.2,51.5,2026-05-30 18:00:00,2968890
83.4,34.9,81.3,52.8,2026-05-30 18:20:00,2968890
82.5,33.5,79.9,50.9,2026-05-30 18:40:00,2968890
82.2,34.5,79.5,51.4,2026-05-30 19:00:00,2968890
81.3,35.9,78.8,51.7,2026-05-30 19:20:00,2968890
80.4,37.3,78.3,52.0,2026-05-30 19:40:00,2968890
79.6,39.1,77.5,52.5,2026-05-30 20:00:00,2968890
78.6,40.4,76.6,52.6,2026-05-30 20:20:00,2968890
77.5,42.4,75.4,52.8,2026-05-30 20:40:00,2968890
76.4,44.7,74.5,53.3,2026-05-30 21:00:00,2968890
75.7,45.3,73.9,53.0,2026-05-30 21:20:00,2968890
75.7,40.0,73.2,49.6,2026-05-30 21:40:00,2968890
75.1,39.4,72.9,48.7,2026-05-30 22:00:00,2968890
74.2,42.6,72.3,50.1,2026-05-30 22:20:00,2968890
73.1,49.5,72.0,53.1,2026-05-30 22:40:00,2968890
71.5,49.7,70.5,51.8,2026-05-30 23:00:00,2968890
70.1,49.0,68.9,50.1,2026-05-30 23:20:00,2968890
69.1,51.1,67.8,50.3,2026-05-30 23:40:00,2968890
67.9,53.4,66.2,50.3,2026-05-31 00:00:00,2968890
66.8,55.7,64.8,50.5,2026-05-31 00:20:00,2968890
66.2,58.1,64.2,51.0,2026-05-31 00:40:00,2968890
65.7,59.4,63.5,51.2,2026-05-31 01:00:00,2968890
65.1,61.1,62.8,51.4,2026-05-31 01:20:00,2968890
64.4,61.6,62.1,50.9,2026-05-31 01:40:00,2968890
63.6,63.2,61.5,50.9,2026-05-31 02:00:00,2968890
63.0,64.7,61.2,50.9,2026-05-31 02:20:00,2968890
62.6,61.8,60.3,49.3,2026-05-31 02:40:00,2968890
62.3,62.9,60.3,49.5,2026-05-31 03:00:00,2968890
62.3,63.2,60.3,49.6,2026-05-31 03:20:00,2968890
62.1,63.9,60.3,49.7,2026-05-31 03:40:00,2968890
61.6,64.4,59.9,49.4,2026-05-31 04:00:00,2968890
61.0,65.6,59.2,49.4,2026-05-31 04:20:00,2968890
60.3,66.8,58.8,49.3,2026-05-31 04:40:00,2968890
59.7,67.9,58.3,49.1,2026-05-31 05:00:00,2968890
59.3,69.8,58.1,49.4,2026-05-31 05:20:00,2968890
58.6,71.5,57.6,49.4,2026-05-31 05:40:00,2968890
58.2,73.0,57.2,49.5,2026-05-31 06:00:00,2968890
57.8,74.0,57.0,49.6,2026-05-31 06:20:00,2968890
57.7,75.1,57.0,49.9,2026-05-31 06:40:00,2968890
58.0,77.0,57.4,50.8,2026-05-31 07:00:00,2968890
59.7,76.0,58.8,52.1,2026-05-31 07:20:00,2968890
61.2,71.1,59.9,51.8,2026-05-31 07:40:00,2968890
62.3,69.4,60.8,52.1,2026-05-31 08:00:00,2968890
62.5,68.2,61.0,51.9,2026-05-31 08:20:00,2968890
63.9,67.8,62.4,53.1,2026-05-31 08:40:00,2968890
64.7,63.0,62.6,51.8,2026-05-31 09:00:00,2968890
65.9,59.6,63.9,51.4,2026-05-31 09:20:00,2968890
67.1,57.2,65.3,51.5,2026-05-31 09:40:00,2968890
68.1,52.7,66.4,50.1,2026-05-31 10:00:00,2968890
69.2,49.2,67.6,49.4,2026-05-31 10:20:00,2968890
69.5,49.1,68.0,49.5,2026-05-31 10:40:00,2968890
70.6,48.3,69.6,50.1,2026-05-31 11:00:00,2968890
71.9,46.5,70.7,50.3,2026-05-31 11:20:00,2968890
73.2,46.1,71.8,51.3,2026-05-31 11:40:00,2968890
73.6,43.3,72.0,49.9,2026-05-31 12:00:00,2968890
73.6,41.3,71.8,48.7,2026-05-31 12:20:00,2968890
74.7,40.9,72.7,49.3,2026-05-31 12:40:00,2968890
76.8,42.0,74.8,52.0,2026-05-31 13:00:00,2968890
76.6,38.8,74.1,49.6,2026-05-31 13:20:00,2968890
76.5,36.9,73.9,48.2,2026-05-31 13:40:00,2968890
80.8,35.0,78.3,50.6,2026-05-31 14:00:00,2968890
80.0,34.2,77.2,49.3,2026-05-31 14:20:00,2968890
82.5,34.6,80.1,51.8,2026-05-31 14:40:00,2968890
82.3,33.7,79.7,50.9,2026-05-31 15:00:00,2968890
82.6,33.3,80.1,50.9,2026-05-31 15:20:00,2968890
81.7,34.5,79.2,51.0,2026-05-31 15:40:00,2968890
82.4,33.2,79.9,50.6,2026-05-31 16:00:00,2968890
84.6,34.9,82.9,53.8,2026-05-31 16:20:00,2968890
81.2,37.6,79.2,52.9,2026-05-31 16:40:00,2968890
79.5,39.6,77.5,52.9,2026-05-31 17:00:00,2968890
77.9,40.5,75.9,52.0,2026-05-31 17:20:00,2968890
78.0,41.7,76.1,52.8,2026-05-31 17:40:00,2968890
77.4,42.1,75.4,52.5,2026-05-31 18:00:00,2968890
77.2,42.9,75.2,52.9,2026-05-31 18:20:00,2968890
76.5,43.7,74.7,52.8,2026-05-31 18:40:00,2968890
76.1,45.5,74.5,53.5,2026-05-31 19:00:00,2968890
75.9,46.2,74.3,53.8,2026-05-31 19:20:00,2968890
75.3,47.3,73.8,53.8,2026-05-31 19:40:00,2968890
74.8,48.6,73.4,54.1,2026-05-31 20:00:00,2968890
74.6,48.2,73.2,53.8,2026-05-31 20:20:00,2968890
74.3,48.8,73.2,53.8,2026-05-31 20:40:00,2968890
73.6,49.2,72.5,53.4,2026-05-31 21:00:00,2968890
73.4,49.9,72.3,53.6,2026-05-31 21:20:00,2968890
72.6,51.0,71.8,53.4,2026-05-31 21:40:00,2968890
72.0,53.1,71.4,54.0,2026-05-31 22:00:00,2968890
71.2,54.2,70.5,53.8,2026-05-31 22:20:00,2968890
70.8,54.7,70.3,53.7,2026-05-31 22:40:00,2968890
71.7,55.6,71.2,55.0,2026-05-31 23:00:00,2968890
71.4,57.2,70.9,55.5,2026-05-31 23:20:00,2968890
71.2,58.9,70.9,56.1,2026-05-31 23:40:00,2968890
70.6,60.8,70.5,56.4,2026-06-01 00:00:00,2968890
70.8,61.7,70.9,57.0,2026-06-01 00:20:00,2968890
70.4,63.9,70.5,57.6,2026-06-01 00:40:00,2968890
70.1,65.0,70.0,57.8,2026-06-01 01:00:00,2968890
69.9,66.0,70.0,58.0,2026-06-01 01:20:00,2968890
69.8,66.9,70.0,58.3,2026-06-01 01:40:00,2968890
69.7,67.1,69.6,58.3,2026-06-01 02:00:00,2968890
69.9,67.2,70.0,58.5,2026-06-01 02:20:00,2968890
69.8,68.2,69.6,58.8,2026-06-01 02:40:00,2968890
69.6,69.2,69.8,59.1,2026-06-01 03:00:00,2968890
69.8,69.3,69.8,59.3,2026-06-01 03:20:00,2968890
69.4,70.1,69.4,59.3,2026-06-01 03:40:00,2968890
69.4,70.4,69.4,59.3,2026-06-01 04:00:00,2968890
68.7,71.3,68.7,59.1,2026-06-01 04:20:00,2968890
67.9,73.3,67.8,59.1,2026-06-01 04:40:00,2968890
67.7,74.7,67.5,59.4,2026-06-01 05:00:00,2968890
67.9,74.5,67.8,59.5,2026-06-01 05:20:00,2968890
68.2,73.0,68.2,59.2,2026-06-01 05:40:00,2968890
67.6,74.3,67.3,59.1,2026-06-01 06:00:00,2968890
66.9,75.9,66.7,59.1,2026-06-01 06:20:00,2968890
66.6,77.2,66.4,59.2,2026-06-01 06:40:00,2968890
66.8,78.4,66.6,59.9,2026-06-01 07:00:00,2968890
68.1,77.8,68.2,60.9,2026-06-01 07:20:00,2968890
69.1,74.4,69.4,60.7,2026-06-01 07:40:00,2968890
70.1,72.4,70.5,60.8,2026-06-01 08:00:00,2968890
70.6,72.2,71.2,61.2,2026-06-01 08:20:00,2968890
70.8,72.4,71.6,61.5,2026-06-01 08:40:00,2968890
72.1,70.9,72.7,62.1,2026-06-01 09:00:00,2968890
72.3,70.6,72.9,62.2,2026-06-01 09:20:00,2968890
73.0,70.8,73.8,63.0,2026-06-01 09:40:00,2968890
74.6,69.8,75.4,64.0,2026-06-01 10:00:00,2968890
74.7,69.2,75.6,64.0,2026-06-01 10:20:00,2968890
76.2,66.8,76.6,64.4,2026-06-01 10:40:00,2968890
77.9,65.4,79.3,65.4,2026-06-01 11:00:00,2968890
78.2,61.5,79.0,63.8,2026-06-01 11:20:00,2968890
79.8,61.9,81.5,65.5,2026-06-01 11:40:00,2968890
82.2,55.9,84.0,64.9,2026-06-01 12:00:00,2968890
80.7,55.3,81.7,63.2,2026-06-01 12:20:00,2968890
81.4,54.2,82.4,63.3,2026-06-01 12:40:00,2968890
82.4,53.8,83.7,63.9,2026-06-01 13:00:00,2968890
84.7,47.0,86.0,62.2,2026-06-01 13:20:00,2968890
84.7,47.6,86.2,62.6,2026-06-01 13:40:00,2968890
83.4,48.7,84.4,62.1,2026-06-01 14:00:00,2968890
83.4,48.7,84.4,62.1,2026-06-01 14:20:00,2968890
84.4,41.2,84.0,58.3,2026-06-01 14:40:00,2968890
86.2,36.6,85.6,56.6,2026-06-01 15:00:00,2968890
86.1,35.4,85.1,55.6,2026-06-01 15:20:00,2968890
86.6,37.0,86.4,57.3,2026-06-01 15:40:00,2968890
88.2,37.5,88.7,59.1,2026-06-01 16:00:00,2968890
87.2,37.5,87.1,58.2,2026-06-01 16:20:00,2968890
85.0,38.8,84.4,57.2,2026-06-01 16:40:00,2968890
82.5,40.8,81.1,56.3,2026-06-01 17:00:00,2968890
82.0,41.4,80.8,56.3,2026-06-01 17:20:00,2968890
82.0,41.5,80.6,56.3,2026-06-01 17:40:00,2968890
81.4,44.1,80.4,57.5,2026-06-01 18:00:00,2968890
81.0,42.2,79.7,55.9,2026-06-01 18:20:00,2968890
80.2,41.6,78.4,54.8,2026-06-01 18:40:00,2968890
79.8,41.6,78.1,54.4,2026-06-01 19:00:00,2968890
78.5,43.4,77.0,54.4,2026-06-01 19:20:00,2968890
77.6,42.6,75.7,53.2,2026-06-01 19:40:00,2968890
77.1,42.1,75.0,52.3,2026-06-01 20:00:00,2968890
76.1,44.2,74.1,52.7,2026-06-01 20:20:00,2968890
75.2,45.4,73.6,52.6,2026-06-01 20:40:00,2968890
73.8,47.0,72.5,52.4,2026-06-01 21:00:00,2968890
72.9,48.6,71.8,52.4,2026-06-01 21:20:00,2968890
72.9,49.6,71.8,53.0,2026-06-01 21:40:00,2968890
72.3,49.6,71.2,52.4,2026-06-01 22:00:00,2968890
72.1,47.6,71.1,51.2,2026-06-01 22:20:00,2968890
72.0,46.4,70.9,50.4,2026-06-01 22:40:00,2968890
71.7,46.8,70.5,50.3,2026-06-01 23:00:00,2968890
71.3,51.2,70.5,52.4,2026-06-01 23:20:00,2968890
70.7,56.1,70.2,54.3,2026-06-01 23:40:00,2968890
70.2,59.8,69.8,55.5,2026-06-02 00:00:00,2968890
69.8,61.1,69.4,55.9,2026-06-02 00:20:00,2968890
69.6,58.9,68.9,54.6,2026-06-02 00:40:00,2968890
69.3,55.5,68.4,52.7,2026-06-02 01:00:00,2968890
68.7,50.3,66.9,49.5,2026-06-02 01:20:00,2968890
68.1,54.1,66.4,50.9,2026-06-02 01:40:00,2968890
67.4,57.1,65.7,51.7,2026-06-02 02:00:00,2968890
66.5,54.7,64.2,49.7,2026-06-02 02:20:00,2968890
65.7,56.1,63.1,49.6,2026-06-02 02:40:00,2968890
64.9,57.5,62.4,49.6,2026-06-02 03:00:00,2968890
64.3,59.8,61.9,50.0,2026-06-02 03:20:00,2968890
63.7,61.9,61.7,50.5,2026-06-02 03:40:00,2968890
63.3,64.1,61.5,51.0,2026-06-02 04:00:00,2968890
62.9,66.2,61.2,51.4,2026-06-02 04:20:00,2968890
62.3,68.4,60.8,51.8,2026-06-02 04:40:00,2968890
62.1,69.6,60.8,52.0,2026-06-02 05:00:00,2968890
61.8,70.5,60.4,52.1,2026-06-02 05:20:00,2968890
61.2,72.5,60.1,52.2,2026-06-02 05:40:00,2968890
61.0,73.6,60.1,52.5,2026-06-02 06:00:00,2968890
60.6,74.7,59.5,52.5,2026-06-02 06:20:00,2968890
60.5,75.9,59.7,52.9,2026-06-02 06:40:00,2968890
61.1,75.8,60.3,53.4,2026-06-02 07:00:00,2968890
61.6,73.4,60.6,53.0,2026-06-02 07:20:00,2968890
61.6,73.5,60.6,53.0,2026-06-02 07:40:00,2968890
62.1,71.7,61.0,52.8,2026-06-02 08:00:00,2968890
63.0,69.0,61.5,52.7,2026-06-02 08:20:00,2968890
63.4,67.1,61.7,52.3,2026-06-02 08:40:00,2968890
64.1,64.5,62.2,51.9,2026-06-02 09:00:00,2968890
65.0,61.6,62.8,51.5,2026-06-02 09:20:00,2968890
64.9,61.9,62.6,51.5,2026-06-02 09:40:00,2968890
65.1,62.0,63.0,51.7,2026-06-02 10:00:00,2968890
66.1,59.1,64.0,51.5,2026-06-02 10:20:00,2968890
68.9,54.5,67.6,51.8,2026-06-02 10:40:00,2968890
70.1,51.8,69.1,51.6,2026-06-02 11:00:00,2968890
71.8,45.5,70.7,49.6,2026-06-02 11:20:00,2968890
74.2,42.5,72.3,50.0,2026-06-02 11:40:00,2968890
75.4,41.7,73.4,50.6,2026-06-02 12:00:00,2968890
76.2,38.2,73.6,48.9,2026-06-02 12:20:00,2968890
77.1,37.6,74.5,49.3,2026-06-02 12:40:00,2968890
76.8,36.8,74.1,48.4,2026-06-02 13:00:00,2968890
77.5,35.7,74.7,48.3,2026-06-02 13:20:00,2968890
78.9,36.5,76.3,50.1,2026-06-02 13:40:00,2968890
79.0,32.2,75.9,46.9,2026-06-02 14:00:00,2968890
79.9,31.8,76.6,47.3,2026-06-02 14:20:00,2968890
80.2,29.5,76.6,45.5,2026-06-02 14:40:00,2968890
83.2,28.2,79.7,46.9,2026-06-02 15:00:00,2968890
82.5,29.1,79.2,47.1,2026-06-02 15:20:00,2968890
81.0,29.1,77.5,45.9,2026-06-02 15:40:00,2968890
84.6,26.6,81.3,46.6,2026-06-02 16:00:00,2968890
82.6,28.5,79.0,46.6,2026-06-02 16:20:00,2968890
79.5,29.5,76.1,45.0,2026-06-02 16:40:00,2968890
77.0,29.6,73.6,42.9,2026-06-02 17:00:00,2968890
75.6,30.6,72.3,42.5,2026-06-02 17:20:00,2968890
75.8,31.9,72.7,43.8,2026-06-02 17:40:00,2968890
75.3,29.9,72.0,41.7,2026-06-02 18:00:00,2968890
74.4,30.7,71.4,41.6,2026-06-02 18:20:00,2968890
73.6,31.7,70.9,41.6,2026-06-02 18:40:00,2968890
73.1,31.5,70.3,41.2,2026-06-02 19:00:00,2968890
72.6,31.4,70.0,40.6,2026-06-02 19:20:00,2968890
71.8,31.9,69.4,40.2,2026-06-02 19:40:00,2968890
71.0,32.4,68.7,40.0,2026-06-02 20:00:00,2968890
70.0,33.7,67.6,40.2,2026-06-02 20:20:00,2968890
69.2,34.1,66.2,39.7,2026-06-02 20:40:00,2968890
68.1,35.7,64.8,39.9,2026-06-02 21:00:00,2968890
66.8,38.6,63.3,40.8,2026-06-02 21:20:00,2968890
65.9,39.9,62.1,40.8,2026-06-02 21:40:00,2968890
64.6,42.7,60.6,41.5,2026-06-02 22:00:00,2968890
63.9,43.6,60.1,41.4,2026-06-02 22:20:00,2968890
63.2,45.6,59.7,41.9,2026-06-02 22:40:00,2968890
62.2,47.0,58.8,41.7,2026-06-02 23:00:00,2968890
61.2,49.1,58.3,42.0,2026-06-02 23:20:00,2968890
60.4,50.9,57.6,42.1,2026-06-02 23:40:00,2968890
59.6,53.2,57.0,42.5,2026-06-03 00:00:00,2968890
58.3,55.0,56.1,42.2,2026-06-03 00:20:00,2968890
57.2,58.1,55.2,42.6,2026-06-03 00:40:00,2968890
57.1,58.0,55.0,42.5,2026-06-03 01:00:00,2968890
56.0,60.1,54.3,42.4,2026-06-03 01:20:00,2968890
55.1,62.7,53.6,42.6,2026-06-03 01:40:00,2968890
54.6,64.1,53.2,42.7,2026-06-03 02:00:00,2968890
54.5,64.9,53.1,42.9,2026-06-03 02:20:00,2968890
54.2,66.2,52.9,43.2,2026-06-03 02:40:00,2968890
53.9,67.8,52.7,43.5,2026-06-03 03:00:00,2968890
53.2,70.0,52.2,43.6,2026-06-03 03:20:00,2968890
52.8,71.6,52.0,43.9,2026-06-03 03:40:00,2968890
52.6,73.4,51.8,44.3,2026-06-03 04:00:00,2968890
52.8,73.7,52.0,44.7,2026-06-03 04:20:00,2968890
52.1,74.6,51.3,44.3,2026-06-03 04:40:00,2968890
52.1,75.4,51.4,44.5,2026-06-03 05:00:00,2968890
51.7,76.0,51.1,44.4,2026-06-03 05:20:00,2968890
51.4,76.3,50.9,44.2,2026-06-03 05:40:00,2968890
51.1,76.8,50.5,44.0,2026-06-03 06:00:00,2968890
51.3,76.9,50.7,44.3,2026-06-03 06:20:00,2968890
52.0,76.3,51.4,44.8,2026-06-03 06:40:00,2968890
53.1,75.5,52.5,45.6,2026-06-03 07:00:00,2968890
55.9,71.8,54.9,46.9,2026-06-03 07:20:00,2968890
60.0,61.1,57.9,46.5,2026-06-03 07:40:00,2968890
62.0,56.8,59.5,46.5,2026-06-03 08:00:00,2968890
63.7,53.6,60.8,46.5,2026-06-03 08:20:00,2968890
65.7,50.1,62.6,46.6,2026-06-03 08:40:00,2968890
67.9,45.2,65.5,45.9,2026-06-03 09:00:00,2968890
69.3,44.5,67.5,46.8,2026-06-03 09:20:00,2968890
71.7,40.4,70.0,46.4,2026-06-03 09:40:00,2968890
73.8,37.7,71.6,46.5,2026-06-03 10:00:00,2968890
74.7,36.9,72.3,46.7,2026-06-03 10:20:00,2968890
76.1,35.9,73.4,47.1,2026-06-03 10:40:00,2968890
78.2,32.5,75.0,46.4,2026-06-03 11:00:00,2968890
78.6,31.5,75.2,45.9,2026-06-03 11:20:00,2968890
78.9,31.6,75.6,46.2,2026-06-03 11:40:00,2968890
80.0,30.4,76.6,46.1,2026-06-03 12:00:00,2968890
81.7,28.4,78.3,45.8,2026-06-03 12:20:00,2968890
81.6,28.5,78.1,45.9,2026-06-03 12:40:00,2968890
81.3,28.1,77.5,45.1,2026-06-03 13:00:00,2968890
82.8,26.8,79.2,45.3,2026-06-03 13:20:00,2968890
83.2,27.0,79.5,45.8,2026-06-03 13:40:00,2968890
83.5,26.2,80.1,45.3,2026-06-03 14:00:00,2968890
82.1,28.4,78.6,46.1,2026-06-03 14:20:00,2968890
86.4,26.5,83.3,48.0,2026-06-03 14:40:00,2968890
83.4,27.5,79.9,46.5,2026-06-03 15:00:00,2968890
85.6,25.8,82.0,46.5,2026-06-03 15:20:00,2968890
85.4,26.0,82.0,46.6,2026-06-03 15:40:00,2968890
86.7,25.7,83.3,47.5,2026-06-03 16:00:00,2968890
85.9,25.6,82.6,46.7,2026-06-03 16:20:00,2968890
84.5,26.7,81.0,46.5,2026-06-03 16:40:00,2968890
82.9,26.2,79.2,44.8,2026-06-03 17:00:00,2968890
82.4,27.7,78.8,45.7,2026-06-03 17:20:00,2968890
80.8,28.6,77.4,45.2,2026-06-03 17:40:00,2968890
80.7,28.5,77.2,45.0,2026-06-03 18:00:00,2968890
80.0,30.2,76.6,46.0,2026-06-03 18:20:00,2968890
79.9,29.7,76.3,45.4,2026-06-03 18:40:00,2968890
79.4,29.5,75.9,44.8,2026-06-03 19:00:00,2968890
78.7,30.6,75.4,45.2,2026-06-03 19:20:00,2968890
77.8,32.1,74.7,45.7,2026-06-03 19:40:00,2968890
76.5,34.2,73.6,46.2,2026-06-03 20:00:00,2968890
75.1,35.1,72.5,45.7,2026-06-03 20:20:00,2968890
73.7,37.7,71.4,46.3,2026-06-03 20:40:00,2968890
71.8,39.9,70.2,46.2,2026-06-03 21:00:00,2968890
70.5,42.6,68.9,46.7,2026-06-03 21:20:00,2968890
69.7,44.5,68.0,47.1,2026-06-03 21:40:00,2968890
68.1,47.0,65.8,47.2,2026-06-03 22:00:00,2968890
67.4,49.6,64.9,47.9,2026-06-03 22:20:00,2968890
66.2,51.4,63.7,47.8,2026-06-03 22:40:00,2968890
65.4,52.6,62.4,47.7,2026-06-03 23:00:00,2968890
64.6,54.4,61.5,47.7,2026-06-03 23:20:00,2968890
63.6,56.9,61.0,48.0,2026-06-03 23:40:00,2968890
63.1,58.5,60.6,48.3,2026-06-04 00:00:00,2968890
62.0,60.2,59.9,48.1,2026-06-04 00:20:00,2968890
61.5,61.8,59.4,48.3,2026-06-04 00:40:00,2968890
61.0,63.3,59.0,48.4,2026-06-04 01:00:00,2968890
60.6,65.2,58.8,48.9,2026-06-04 01:20:00,2968890
60.4,65.5,58.8,48.8,2026-06-04 01:40:00,2968890
59.5,67.8,58.1,48.8,2026-06-04 02:00:00,2968890
58.5,69.0,57.2,48.4,2026-06-04 02:20:00,2968890
58.0,71.4,57.0,48.8,2026-06-04 02:40:00,2968890
57.5,72.7,56.5,48.8,2026-06-04 03:00:00,2968890
57.2,73.6,56.3,48.8,2026-06-04 03:20:00,2968890
57.2,74.0,56.5,49.0,2026-06-04 03:40:00,2968890
56.3,76.4,55.8,49.0,2026-06-04 04:00:00,2968890
55.7,77.1,55.0,48.6,2026-06-04 04:20:00,2968890
55.3,77.8,54.7,48.5,2026-06-04 04:40:00,2968890
55.3,78.0,54.7,48.6,2026-06-04 05:00:00,2968890
54.8,79.2,54.3,48.5,2026-06-04 05:20:00,2968890
54.5,80.3,54.1,48.6,2026-06-04 05:40:00,2968890
55.0,79.9,54.5,48.9,2026-06-04 06:00:00,2968890
54.4,81.5,54.1,48.8,2026-06-04 06:20:00,2968890
54.6,81.6,54.3,49.1,2026-06-04 06:40:00,2968890
55.6,81.6,55.4,50.0,2026-06-04 07:00:00,2968890
57.8,80.0,57.4,51.7,2026-06-04 07:20:00,2968890
60.6,76.9,59.7,53.3,2026-06-04 07:40:00,2968890
64.0,72.2,62.8,54.9,2026-06-04 08:00:00,2968890
67.2,60.4,65.7,53.0,2026-06-04 08:20:00,2968890
70.5,53.2,69.8,52.6,2026-06-04 08:40:00,2968890
73.3,47.5,72.0,52.2,2026-06-04 09:00:00,2968890
74.2,43.8,72.5,50.8,2026-06-04 09:20:00,2968890
77.1,41.2,74.8,51.7,2026-06-04 09:40:00,2968890
78.2,37.9,75.7,50.5,2026-06-04 10:00:00,2968890
80.1,33.9,77.4,49.2,2026-06-04 10:20:00,2968890
81.6,33.6,78.8,50.2,2026-06-04 10:40:00,2968890
82.1,32.8,79.2,50.0,2026-06-04 11:00:00,2968890
82.5,29.0,79.2,47.1,2026-06-04 11:20:00,2968890
83.7,29.3,80.6,48.3,2026-06-04 11:40:00,2968890
84.0,29.1,80.8,48.4,2026-06-04 12:00:00,2968890
84.7,26.9,81.3,47.0,2026-06-04 12:20:00,2968890
86.2,26.7,83.3,48.0,2026-06-04 12:40:00,2968890
86.7,25.7,83.5,47.5,2026-06-04 13:00:00,2968890
87.5,25.7,84.4,48.1,2026-06-04 13:20:00,2968890
87.3,23.9,83.8,46.0,2026-06-04 13:40:00,2968890
89.9,23.7,86.9,48.0,2026-06-04 14:00:00,2968890
90.1,22.9,86.9,47.2,2026-06-04 14:20:00,2968890
90.0,22.5,86.7,46.6,2026-06-04 14:40:00,2968890
91.5,22.2,88.5,47.6,2026-06-04 15:00:00,2968890
92.1,22.3,89.2,48.1,2026-06-04 15:20:00,2968890
92.4,21.4,89.4,47.4,2026-06-04 15:40:00,2968890
93.0,22.2,90.3,48.8,2026-06-04 16:00:00,2968890
93.9,21.7,91.4,48.9,2026-06-04 16:20:00,2968890
92.4,22.8,90.0,49.0,2026-06-04 16:40:00,2968890
88.8,23.7,85.6,47.1,2026-06-04 17:00:00,2968890
87.7,24.9,84.4,47.4,2026-06-04 17:20:00,2968890
87.4,25.5,84.2,47.8,2026-06-04 17:40:00,2968890
86.6,25.3,83.3,46.9,2026-06-04 18:00:00,2968890
86.2,26.1,83.1,47.5,2026-06-04 18:20:00,2968890
85.8,25.6,82.6,46.6,2026-06-04 18:40:00,2968890
85.3,26.5,82.0,47.0,2026-06-04 19:00:00,2968890
84.7,27.6,81.5,47.6,2026-06-04 19:20:00,2968890
83.3,30.6,80.4,49.2,2026-06-04 19:40:00,2968890
81.8,33.4,79.0,50.2,2026-06-04 20:00:00,2968890
79.8,35.3,77.2,49.9,2026-06-04 20:20:00,2968890
78.0,39.0,75.7,51.0,2026-06-04 20:40:00,2968890
77.0,40.3,74.8,51.0,2026-06-04 21:00:00,2968890
75.7,42.4,73.6,51.2,2026-06-04 21:20:00,2968890
74.4,44.0,72.7,51.2,2026-06-04 21:40:00,2968890
73.3,45.6,72.0,51.0,2026-06-04 22:00:00,2968890
72.1,47.5,71.1,51.0,2026-06-04 22:20:00,2968890
71.1,49.4,70.2,51.2,2026-06-04 22:40:00,2968890
70.2,50.0,69.3,50.8,2026-06-04 23:00:00,2968890
69.6,52.2,68.5,51.3,2026-06-04 23:20:00,2968890
68.2,54.6,66.7,51.2,2026-06-04 23:40:00,2968890
67.2,57.0,65.3,51.5,2026-06-05 00:00:00,2968890
66.3,59.4,64.2,51.8,2026-06-05 00:20:00,2968890
65.7,61.4,63.7,52.1,2026-06-05 00:40:00,2968890
65.1,62.5,63.0,52.0,2026-06-05 01:00:00,2968890
65.4,62.8,63.3,52.4,2026-06-05 01:20:00,2968890
65.7,63.0,63.9,52.8,2026-06-05 01:40:00,2968890
65.7,63.9,64.0,53.1,2026-06-05 02:00:00,2968890
65.7,65.0,64.0,53.6,2026-06-05 02:20:00,2968890
65.3,66.2,63.5,53.7,2026-06-05 02:40:00,2968890
64.5,67.9,63.0,53.7,2026-06-05 03:00:00,2968890
63.7,70.2,62.2,53.8,2026-06-05 03:20:00,2968890
63.2,72.2,62.1,54.1,2026-06-05 03:40:00,2968890
62.8,73.3,61.7,54.1,2026-06-05 04:00:00,2968890
62.4,74.7,61.3,54.3,2026-06-05 04:20:00,2968890
61.9,76.4,61.2,54.4,2026-06-05 04:40:00,2968890
61.0,77.7,60.3,53.9,2026-06-05 05:00:00,2968890
60.5,79.5,60.1,54.1,2026-06-05 05:20:00,2968890
60.2,80.2,59.7,54.1,2026-06-05 05:40:00,2968890
59.9,81.3,59.5,54.1,2026-06-05 06:00:00,2968890
59.9,82.1,59.5,54.4,2026-06-05 06:20:00,2968890
60.3,82.0,60.1,54.8,2026-06-05 06:40:00,2968890
60.8,82.4,60.6,55.4,2026-06-05 07:00:00,2968890
63.2,80.2,62.8,57.0,2026-06-05 07:20:00,2968890
65.4,76.2,64.6,57.7,2026-06-05 07:40:00,2968890
67.7,71.4,67.3,58.2,2026-06-05 08:00:00,2968890
70.3,65.3,70.2,58.1,2026-06-05 08:20:00,2968890
72.6,59.3,72.3,57.6,2026-06-05 08:40:00,2968890
74.8,56.6,74.1,58.4,2026-06-05 09:00:00,2968890
77.0,53.7,76.1,58.9,2026-06-05 09:20:00,2968890
79.1,49.4,78.4,58.6,2026-06-05 09:40:00,2968890
81.9,47.5,81.7,60.0,2026-06-05 10:00:00,2968890
84.0,44.1,84.4,59.8,2026-06-05 10:20:00,2968890
85.4,42.4,85.8,60.0,2026-06-05 10:40:00,2968890
87.2,38.5,87.3,58.9,2026-06-05 11:00:00,2968890
88.3,34.2,87.6,56.6,2026-06-05 11:20:00,2968890
89.1,33.6,88.9,56.7,2026-06-05 11:40:00,2968890
89.2,31.4,88.0,55.0,2026-06-05 12:00:00,2968890
90.5,30.4,89.8,55.3,2026-06-05 12:20:00,2968890
86.1,49.6,89.2,65.1,2026-05-28 12:00:00,2968902
85.2,48.2,87.3,63.5,2026-05-28 12:20:00,2968902
85.1,50.8,88.0,64.8,2026-05-28 12:40:00,2968902
86.5,50.0,90.0,65.6,2026-05-28 13:00:00,2968902
85.5,48.0,87.6,63.5,2026-05-28 13:20:00,2968902
86.6,47.9,89.4,64.5,2026-05-28 13:40:00,2968902
88.0,44.8,90.7,63.9,2026-05-28 14:00:00,2968902
87.9,45.8,90.7,64.4,2026-05-28 14:20:00,2968902
89.4,42.7,92.3,63.8,2026-05-28 14:40:00,2968902
91.0,42.7,95.4,65.1,2026-05-28 15:00:00,2968902
90.5,37.7,92.3,61.2,2026-05-28 15:20:00,2968902
91.6,38.0,94.6,62.4,2026-05-28 15:40:00,2968902
91.7,39.0,95.2,63.2,2026-05-28 16:00:00,2968902
91.4,38.3,94.1,62.4,2026-05-28 16:20:00,2968902
89.2,38.9,90.7,60.9,2026-05-28 16:40:00,2968902
89.3,37.5,90.5,60.0,2026-05-28 17:00:00,2968902
91.9,35.7,94.1,61.0,2026-05-28 17:20:00,2968902
92.0,36.2,94.5,61.4,2026-05-28 17:40:00,2968902
92.0,37.8,95.2,62.6,2026-05-28 18:00:00,2968902
88.7,41.6,91.0,62.4,2026-05-28 18:20:00,2968902
87.7,42.2,89.2,61.8,2026-05-28 18:40:00,2968902
87.5,42.5,89.1,61.9,2026-05-28 19:00:00,2968902
87.0,44.4,88.7,62.7,2026-05-28 19:20:00,2968902
86.5,45.9,88.3,63.2,2026-05-28 19:40:00,2968902
85.6,47.4,87.4,63.3,2026-05-28 20:00:00,2968902
85.0,48.7,86.9,63.5,2026-05-28 20:20:00,2968902
84.3,49.9,86.0,63.6,2026-05-28 20:40:00,2968902
83.6,50.8,85.1,63.4,2026-05-28 21:00:00,2968902
82.6,50.9,83.3,62.6,2026-05-28 21:20:00,2968902
81.8,50.7,82.2,61.7,2026-05-28 21:40:00,2968902
81.1,51.1,81.3,61.3,2026-05-28 22:00:00,2968902
80.4,51.8,80.6,61.1,2026-05-28 22:20:00,2968902
79.8,52.7,79.9,61.0,2026-05-28 22:40:00,2968902
79.0,51.9,78.8,59.9,2026-05-28 23:00:00,2968902
77.9,51.9,77.4,58.8,2026-05-28 23:20:00,2968902
77.1,53.4,76.3,58.9,2026-05-28 23:40:00,2968902
76.4,53.7,75.6,58.4,2026-05-29 00:00:00,2968902
75.8,54.1,75.0,58.0,2026-05-29 00:20:00,2968902
74.9,54.6,74.1,57.5,2026-05-29 00:40:00,2968902
74.2,55.1,73.6,57.0,2026-05-29 01:00:00,2968902
73.8,55.1,73.2,56.7,2026-05-29 01:20:00,2968902
73.4,55.1,72.9,56.3,2026-05-29 01:40:00,2968902
72.9,55.5,72.5,56.1,2026-05-29 02:00:00,2968902
72.2,56.3,71.8,55.9,2026-05-29 02:20:00,2968902
71.7,56.4,71.2,55.4,2026-05-29 02:40:00,2968902
71.0,58.4,70.7,55.7,2026-05-29 03:00:00,2968902
70.3,60.4,70.0,56.0,2026-05-29 03:20:00,2968902
69.7,61.5,69.3,55.9,2026-05-29 03:40:00,2968902
69.3,61.0,68.7,55.2,2026-05-29 04:00:00,2968902
68.0,64.4,67.1,55.5,2026-05-29 04:20:00,2968902
66.5,68.0,65.3,55.7,2026-05-29 04:40:00,2968902
65.7,70.0,64.6,55.7,2026-05-29 05:00:00,2968902
65.2,71.3,64.0,55.7,2026-05-29 05:20:00,2968902
64.9,70.8,63.5,55.2,2026-05-29 05:40:00,2968902
65.9,66.6,64.4,54.5,2026-05-29 06:00:00,2968902
65.9,65.4,64.2,53.9,2026-05-29 06:20:00,2968902
65.5,65.2,63.9,53.5,2026-05-29 06:40:00,2968902
65.6,64.5,63.9,53.3,2026-05-29 07:00:00,2968902
65.7,62.2,63.9,52.4,2026-05-29 07:20:00,2968902
66.5,59.5,64.6,51.9,2026-05-29 07:40:00,2968902
67.4,57.9,65.7,52.1,2026-05-29 08:00:00,2968902
68.0,57.0,66.4,52.2,2026-05-29 08:20:00,2968902
69.2,56.3,68.2,53.0,2026-05-29 08:40:00,2968902
70.2,55.6,69.6,53.6,2026-05-29 09:00:00,2968902
71.0,53.6,70.3,53.3,2026-05-29 09:20:00,2968902
72.0,52.3,71.2,53.6,2026-05-29 09:40:00,2968902
72.3,51.5,71.4,53.4,2026-05-29 10:00:00,2968902
73.7,49.7,72.5,53.7,2026-05-29 10:20:00,2968902
76.3,48.2,74.8,55.3,2026-05-29 10:40:00,2968902
78.2,45.9,76.6,55.6,2026-05-29 11:00:00,2968902
78.6,42.8,76.8,54.1,2026-05-29 11:20:00,2968902
80.3,41.5,78.6,54.8,2026-05-29 11:40:00,2968902
80.8,39.8,79.0,54.1,2026-05-29 12:00:00,2968902
80.5,40.5,78.8,54.3,2026-05-29 12:20:00,2968902
80.2,41.0,78.4,54.3,2026-05-29 12:40:00,2968902
81.2,39.5,79.5,54.2,2026-05-29 13:00:00,2968902
81.9,38.4,80.1,54.1,2026-05-29 13:20:00,2968902
82.6,38.0,80.8,54.4,2026-05-29 13:40:00,2968902
84.2,36.2,82.8,54.6,2026-05-29 14:00:00,2968902
84.7,37.2,83.5,55.7,2026-05-29 14:20:00,2968902
86.2,35.1,85.1,55.5,2026-05-29 14:40:00,2968902
88.1,33.7,87.3,55.9,2026-05-29 15:00:00,2968902
87.6,33.3,86.5,55.2,2026-05-29 15:20:00,2968902
88.2,33.2,87.3,55.6,2026-05-29 15:40:00,2968902
89.7,33.5,89.6,57.2,2026-05-29 16:00:00,2968902
87.2,35.2,86.5,56.4,2026-05-29 16:20:00,2968902
89.4,32.0,88.5,55.7,2026-05-29 16:40:00,2968902
86.9,35.5,86.0,56.4,2026-05-29 17:00:00,2968902
89.2,34.2,89.1,57.3,2026-05-29 17:20:00,2968902
89.1,35.6,89.4,58.3,2026-05-29 17:40:00,2968902
87.8,35.6,87.4,57.2,2026-05-29 18:00:00,2968902
85.3,38.4,84.7,57.2,2026-05-29 18:20:00,2968902
83.7,39.9,82.8,56.8,2026-05-29 18:40:00,2968902
84.0,39.5,83.3,56.8,2026-05-29 19:00:00,2968902
83.5,41.1,82.9,57.5,2026-05-29 19:20:00,2968902
83.0,41.1,82.0,57.0,2026-05-29 19:40:00,2968902
81.8,43.0,80.6,57.1,2026-05-29 20:00:00,2968902
81.1,44.7,80.1,57.5,2026-05-29 20:20:00,2968902
79.6,47.2,78.8,57.7,2026-05-29 20:40:00,2968902
78.8,49.3,77.9,58.2,2026-05-29 21:00:00,2968902
78.0,50.6,77.2,58.2,2026-05-29 21:20:00,2968902
77.6,52.0,77.0,58.7,2026-05-29 21:40:00,2968902
77.0,54.0,76.5,59.1,2026-05-29 22:00:00,2968902
76.5,56.1,75.9,59.7,2026-05-29 22:20:00,2968902
76.0,57.2,75.6,59.8,2026-05-29 22:40:00,2968902
75.7,58.1,75.2,60.0,2026-05-29 23:00:00,2968902
75.6,58.9,75.4,60.2,2026-05-29 23:20:00,2968902
75.6,59.8,75.4,60.6,2026-05-29 23:40:00,2968902
76.2,59.1,75.9,60.9,2026-05-30 00:00:00,2968902
76.3,61.4,76.3,62.1,2026-05-30 00:20:00,2968902
76.2,63.4,76.5,62.9,2026-05-30 00:40:00,2968902
75.9,65.3,76.1,63.4,2026-05-30 01:00:00,2968902
75.6,67.2,76.1,64.0,2026-05-30 01:20:00,2968902
75.3,68.8,75.9,64.3,2026-05-30 01:40:00,2968902
74.9,70.6,75.9,64.7,2026-05-30 02:00:00,2968902
74.7,72.3,75.9,65.2,2026-05-30 02:20:00,2968902
74.3,74.2,75.6,65.6,2026-05-30 02:40:00,2968902
73.9,75.7,75.2,65.8,2026-05-30 03:00:00,2968902
73.7,77.1,75.0,66.1,2026-05-30 03:20:00,2968902
73.3,78.8,74.8,66.3,2026-05-30 03:40:00,2968902
73.0,79.8,74.5,66.3,2026-05-30 04:00:00,2968902
72.7,81.3,74.3,66.6,2026-05-30 04:20:00,2968902
72.5,82.6,73.9,66.8,2026-05-30 04:40:00,2968902
72.3,83.5,73.9,67.0,2026-05-30 05:00:00,2968902
72.3,84.1,73.9,67.2,2026-05-30 05:20:00,2968902
72.2,84.7,73.9,67.4,2026-05-30 05:40:00,2968902
72.2,85.1,73.9,67.5,2026-05-30 06:00:00,2968902
72.2,85.4,73.9,67.6,2026-05-30 06:20:00,2968902
72.6,85.1,74.3,67.9,2026-05-30 06:40:00,2968902
73.1,84.7,75.0,68.2,2026-05-30 07:00:00,2968902
72.9,84.6,74.8,67.9,2026-05-30 07:20:00,2968902
73.5,84.0,75.4,68.3,2026-05-30 07:40:00,2968902
74.7,82.4,76.8,69.0,2026-05-30 08:00:00,2968902
75.4,79.1,77.4,68.5,2026-05-30 08:20:00,2968902
76.8,65.8,77.5,64.5,2026-05-30 08:40:00,2968902
76.6,56.4,75.9,59.9,2026-05-30 09:00:00,2968902
76.8,53.0,75.9,58.4,2026-05-30 09:20:00,2968902
78.5,42.3,76.8,53.7,2026-05-30 09:40:00,2968902
78.9,41.5,77.0,53.6,2026-05-30 10:00:00,2968902
79.8,39.2,77.7,52.8,2026-05-30 10:20:00,2968902
80.2,35.6,77.5,50.5,2026-05-30 10:40:00,2968902
81.8,34.0,79.2,50.7,2026-05-30 11:00:00,2968902
81.5,34.2,79.0,50.6,2026-05-30 11:20:00,2968902
84.0,27.4,80.8,46.9,2026-05-30 11:40:00,2968902
84.3,28.4,81.1,48.0,2026-05-30 12:00:00,2968902
84.2,28.0,81.1,47.5,2026-05-30 12:20:00,2968902
84.7,26.9,81.3,47.0,2026-05-30 12:40:00,2968902
85.8,25.9,82.2,46.8,2026-05-30 13:00:00,2968902
88.2,24.3,85.1,47.2,2026-05-30 13:20:00,2968902
87.5,23.4,83.8,45.6,2026-05-30 13:40:00,2968902
87.9,22.2,84.0,44.6,2026-05-30 14:00:00,2968902
89.0,21.2,85.3,44.2,2026-05-30 14:20:00,2968902
89.8,21.7,86.4,45.5,2026-05-30 14:40:00,2968902
89.8,21.6,86.4,45.4,2026-05-30 15:00:00,2968902
90.1,22.3,86.7,46.5,2026-05-30 15:20:00,2968902
90.6,21.7,87.3,46.2,2026-05-30 15:40:00,2968902
90.3,24.1,87.8,48.8,2026-05-30 16:00:00,2968902
87.9,25.2,84.7,48.0,2026-05-30 16:20:00,2968902
89.0,23.7,85.8,47.2,2026-05-30 16:40:00,2968902
89.7,24.3,86.9,48.5,2026-05-30 17:00:00,2968902
90.0,25.1,87.6,49.6,2026-05-30 17:20:00,2968902
89.0,26.2,86.4,49.9,2026-05-30 17:40:00,2968902
87.5,28.4,85.1,50.8,2026-05-30 18:00:00,2968902
84.4,31.4,82.0,50.8,2026-05-30 18:20:00,2968902
84.0,31.0,81.3,50.2,2026-05-30 18:40:00,2968902
83.3,30.1,80.2,48.7,2026-05-30 19:00:00,2968902
82.8,31.1,79.9,49.2,2026-05-30 19:20:00,2968902
82.2,32.2,79.2,49.6,2026-05-30 19:40:00,2968902
81.7,34.1,79.2,50.7,2026-05-30 20:00:00,2968902
80.6,35.4,78.3,50.7,2026-05-30 20:20:00,2968902
80.1,36.7,77.7,51.2,2026-05-30 20:40:00,2968902
79.4,38.2,77.2,51.8,2026-05-30 21:00:00,2968902
78.3,37.1,75.9,50.0,2026-05-30 21:20:00,2968902
77.2,34.8,74.3,47.3,2026-05-30 21:40:00,2968902
76.2,35.1,73.4,46.7,2026-05-30 22:00:00,2968902
75.3,41.6,73.2,50.4,2026-05-30 22:20:00,2968902
73.4,49.0,72.3,53.1,2026-05-30 22:40:00,2968902
72.0,48.3,71.1,51.4,2026-05-30 23:00:00,2968902
70.8,47.3,69.8,49.7,2026-05-30 23:20:00,2968902
69.8,49.8,68.4,50.2,2026-05-30 23:40:00,2968902
68.5,51.8,66.7,50.1,2026-05-31 00:00:00,2968902
67.6,54.0,65.7,50.3,2026-05-31 00:20:00,2968902
66.8,56.3,64.9,50.7,2026-05-31 00:40:00,2968902
66.4,58.0,64.4,51.2,2026-05-31 01:00:00,2968902
65.6,59.4,63.3,51.0,2026-05-31 01:20:00,2968902
64.9,60.4,62.8,50.9,2026-05-31 01:40:00,2968902
64.6,62.1,62.4,51.3,2026-05-31 02:00:00,2968902
63.7,63.5,61.7,51.1,2026-05-31 02:20:00,2968902
63.5,60.0,61.0,49.3,2026-05-31 02:40:00,2968902
63.0,60.8,60.8,49.3,2026-05-31 03:00:00,2968902
62.9,61.5,60.6,49.5,2026-05-31 03:20:00,2968902
62.5,62.3,60.4,49.4,2026-05-31 03:40:00,2968902
62.2,62.6,60.1,49.2,2026-05-31 04:00:00,2968902
61.6,63.9,59.9,49.3,2026-05-31 04:20:00,2968902
60.9,65.2,59.2,49.1,2026-05-31 04:40:00,2968902
60.4,66.6,58.8,49.3,2026-05-31 05:00:00,2968902
59.9,67.9,58.5,49.3,2026-05-31 05:20:00,2968902
59.7,68.6,58.3,49.3,2026-05-31 05:40:00,2968902
59.4,69.6,58.3,49.4,2026-05-31 06:00:00,2968902
59.2,70.7,58.1,49.7,2026-05-31 06:20:00,2968902
59.5,70.9,58.3,50.1,2026-05-31 06:40:00,2968902
59.8,70.9,58.6,50.4,2026-05-31 07:00:00,2968902
60.6,70.6,59.2,51.0,2026-05-31 07:20:00,2968902
61.3,69.0,59.7,51.1,2026-05-31 07:40:00,2968902
62.1,68.0,60.6,51.4,2026-05-31 08:00:00,2968902
62.4,67.7,60.8,51.5,2026-05-31 08:20:00,2968902
63.7,66.0,62.1,52.1,2026-05-31 08:40:00,2968902
64.8,62.3,62.8,51.6,2026-05-31 09:00:00,2968902
65.4,56.3,62.6,49.4,2026-05-31 09:20:00,2968902
66.8,54.6,64.8,50.0,2026-05-31 09:40:00,2968902
67.7,52.2,65.7,49.6,2026-05-31 10:00:00,2968902
68.3,50.7,66.4,49.2,2026-05-31 10:20:00,2968902
70.6,48.0,69.6,50.0,2026-05-31 10:40:00,2968902
73.2,44.3,71.8,50.2,2026-05-31 11:00:00,2968902
73.5,41.2,71.6,48.6,2026-05-31 11:20:00,2968902
75.5,39.5,73.0,49.2,2026-05-31 11:40:00,2968902
75.4,38.8,73.0,48.6,2026-05-31 12:00:00,2968902
75.2,39.9,72.9,49.2,2026-05-31 12:20:00,2968902
74.7,39.7,72.5,48.5,2026-05-31 12:40:00,2968902
76.6,39.1,74.1,49.9,2026-05-31 13:00:00,2968902
76.4,38.0,73.8,48.9,2026-05-31 13:20:00,2968902
76.1,36.2,73.4,47.4,2026-05-31 13:40:00,2968902
77.3,35.6,74.5,48.0,2026-05-31 14:00:00,2968902
79.9,33.5,77.2,48.7,2026-05-31 14:20:00,2968902
81.2,33.2,78.4,49.5,2026-05-31 14:40:00,2968902
84.2,32.1,81.7,51.2,2026-05-31 15:00:00,2968902
82.4,32.0,79.5,49.6,2026-05-31 15:20:00,2968902
84.8,32.0,82.6,51.7,2026-05-31 15:40:00,2968902
84.6,33.3,82.6,52.6,2026-05-31 16:00:00,2968902
82.5,34.0,79.9,51.3,2026-05-31 16:20:00,2968902
84.7,32.9,82.4,52.3,2026-05-31 16:40:00,2968902
83.5,33.2,81.1,51.6,2026-05-31 17:00:00,2968902
83.7,34.4,81.7,52.7,2026-05-31 17:20:00,2968902
84.1,34.3,82.2,53.0,2026-05-31 17:40:00,2968902
83.2,35.2,81.1,52.8,2026-05-31 18:00:00,2968902
79.9,38.4,77.7,52.3,2026-05-31 18:20:00,2968902
79.8,39.3,77.7,52.8,2026-05-31 18:40:00,2968902
78.5,40.1,76.5,52.2,2026-05-31 19:00:00,2968902
78.0,41.7,76.1,52.9,2026-05-31 19:20:00,2968902
77.3,42.9,75.2,53.0,2026-05-31 19:40:00,2968902
77.2,43.7,75.2,53.4,2026-05-31 20:00:00,2968902
77.2,43.4,75.2,53.2,2026-05-31 20:20:00,2968902
76.4,44.3,74.5,53.1,2026-05-31 20:40:00,2968902
75.9,44.2,74.1,52.6,2026-05-31 21:00:00,2968902
75.8,44.1,73.9,52.4,2026-05-31 21:20:00,2968902
75.5,44.5,73.6,52.4,2026-05-31 21:40:00,2968902
75.1,45.3,73.6,52.5,2026-05-31 22:00:00,2968902
74.5,47.0,73.2,53.0,2026-05-31 22:20:00,2968902
73.9,49.0,72.7,53.5,2026-05-31 22:40:00,2968902
73.8,51.8,72.9,55.0,2026-05-31 23:00:00,2968902
73.1,54.0,72.5,55.5,2026-05-31 23:20:00,2968902
72.8,55.4,72.3,55.9,2026-05-31 23:40:00,2968902
72.3,57.0,71.8,56.2,2026-06-01 00:00:00,2968902
71.7,59.6,71.4,56.9,2026-06-01 00:20:00,2968902
71.5,61.1,71.4,57.5,2026-06-01 00:40:00,2968902
71.4,61.9,71.4,57.7,2026-06-01 01:00:00,2968902
71.5,62.2,71.6,57.8,2026-06-01 01:20:00,2968902
71.4,62.5,71.4,57.9,2026-06-01 01:40:00,2968902
71.3,63.1,71.6,58.1,2026-06-01 02:00:00,2968902
70.8,64.0,71.1,58.0,2026-06-01 02:20:00,2968902
70.6,64.6,70.7,58.1,2026-06-01 02:40:00,2968902
70.2,65.6,70.2,58.2,2026-06-01 03:00:00,2968902
70.2,66.2,70.3,58.4,2026-06-01 03:20:00,2968902
70.1,67.1,70.2,58.7,2026-06-01 03:40:00,2968902
70.1,67.9,70.2,59.0,2026-06-01 04:00:00,2968902
69.6,69.1,69.8,59.0,2026-06-01 04:20:00,2968902
69.3,70.0,69.4,59.1,2026-06-01 04:40:00,2968902
68.9,71.4,68.9,59.3,2026-06-01 05:00:00,2968902
69.1,71.4,68.9,59.4,2026-06-01 05:20:00,2968902
68.9,71.5,68.9,59.3,2026-06-01 05:40:00,2968902
68.8,71.5,68.7,59.2,2026-06-01 06:00:00,2968902
68.8,71.3,68.7,59.1,2026-06-01 06:20:00,2968902
68.7,71.7,68.7,59.2,2026-06-01 06:40:00,2968902
69.2,71.6,69.3,59.6,2026-06-01 07:00:00,2968902
70.1,70.4,70.3,60.0,2026-06-01 07:20:00,2968902
70.7,69.5,71.4,60.3,2026-06-01 07:40:00,2968902
71.1,68.5,71.6,60.2,2026-06-01 08:00:00,2968902
71.3,69.0,71.8,60.6,2026-06-01 08:20:00,2968902
72.1,69.2,72.9,61.5,2026-06-01 08:40:00,2968902
72.8,68.7,73.2,61.9,2026-06-01 09:00:00,2968902
73.3,67.9,73.8,62.1,2026-06-01 09:20:00,2968902
75.1,67.2,75.6,63.5,2026-06-01 09:40:00,2968902
75.7,66.8,76.1,63.8,2026-06-01 10:00:00,2968902
76.5,65.4,77.0,64.0,2026-06-01 10:20:00,2968902
78.7,64.0,80.2,65.4,2026-06-01 10:40:00,2968902
78.3,62.1,79.3,64.2,2026-06-01 11:00:00,2968902
78.8,58.7,79.7,63.1,2026-06-01 11:20:00,2968902
81.4,54.7,82.4,63.5,2026-06-01 11:40:00,2968902
82.9,53.2,84.4,64.1,2026-06-01 12:00:00,2968902
83.5,51.5,85.3,63.8,2026-06-01 12:20:00,2968902
82.8,51.2,84.0,62.9,2026-06-01 12:40:00,2968902
84.3,47.5,85.5,62.2,2026-06-01 13:00:00,2968902
83.1,44.9,82.9,59.6,2026-06-01 13:20:00,2968902
84.0,45.3,84.6,60.6,2026-06-01 13:40:00,2968902
83.7,45.7,84.0,60.5,2026-06-01 14:00:00,2968902
84.2,47.2,85.1,61.9,2026-06-01 14:20:00,2968902
85.0,39.7,84.6,57.8,2026-06-01 14:40:00,2968902
86.0,37.5,85.6,57.1,2026-06-01 15:00:00,2968902
86.2,32.6,84.6,53.5,2026-06-01 15:20:00,2968902
85.5,36.4,84.6,55.8,2026-06-01 15:40:00,2968902
86.5,37.1,86.0,57.2,2026-06-01 16:00:00,2968902
84.9,37.1,84.0,55.9,2026-06-01 16:20:00,2968902
84.0,38.2,83.1,55.9,2026-06-01 16:40:00,2968902
82.6,39.3,81.1,55.4,2026-06-01 17:00:00,2968902
83.4,38.8,82.0,55.7,2026-06-01 17:20:00,2968902
82.3,39.5,80.8,55.2,2026-06-01 17:40:00,2968902
82.2,41.5,81.1,56.5,2026-06-01 18:00:00,2968902
81.1,40.6,79.3,54.9,2026-06-01 18:20:00,2968902
81.1,39.6,79.2,54.2,2026-06-01 18:40:00,2968902
80.2,40.5,78.4,54.0,2026-06-01 19:00:00,2968902
79.5,40.8,77.5,53.6,2026-06-01 19:20:00,2968902
79.2,40.6,77.4,53.2,2026-06-01 19:40:00,2968902
78.2,40.9,76.1,52.4,2026-06-01 20:00:00,2968902
77.7,41.0,75.4,52.1,2026-06-01 20:20:00,2968902
76.8,41.6,74.5,51.7,2026-06-01 20:40:00,2968902
76.2,41.5,73.9,51.2,2026-06-01 21:00:00,2968902
75.8,41.4,73.6,50.7,2026-06-01 21:20:00,2968902
75.5,41.8,73.4,50.7,2026-06-01 21:40:00,2968902
74.8,43.3,72.9,51.0,2026-06-01 22:00:00,2968902
74.0,43.3,72.3,50.3,2026-06-01 22:20:00,2968902
73.6,42.8,72.0,49.6,2026-06-01 22:40:00,2968902
73.1,44.1,71.6,49.9,2026-06-01 23:00:00,2968902
72.0,50.5,71.2,52.6,2026-06-01 23:20:00,2968902
71.4,55.2,70.9,54.5,2026-06-01 23:40:00,2968902
70.8,58.6,70.7,55.6,2026-06-02 00:00:00,2968902
70.4,58.2,70.2,55.0,2026-06-02 00:20:00,2968902
70.2,54.4,69.4,52.9,2026-06-02 00:40:00,2968902
69.8,52.8,68.7,51.8,2026-06-02 01:00:00,2968902
69.2,49.9,67.6,49.7,2026-06-02 01:20:00,2968902
68.6,49.2,66.7,48.9,2026-06-02 01:40:00,2968902
67.9,53.8,66.2,50.5,2026-06-02 02:00:00,2968902
67.1,53.0,65.1,49.4,2026-06-02 02:20:00,2968902
66.3,54.0,63.9,49.1,2026-06-02 02:40:00,2968902
65.6,55.9,63.0,49.4,2026-06-02 03:00:00,2968902
65.0,58.2,62.4,50.0,2026-06-02 03:20:00,2968902
64.4,60.1,62.2,50.3,2026-06-02 03:40:00,2968902
63.8,63.0,61.7,50.9,2026-06-02 04:00:00,2968902
63.2,65.0,61.3,51.3,2026-06-02 04:20:00,2968902
62.7,67.5,61.2,51.8,2026-06-02 04:40:00,2968902
62.3,68.3,60.8,51.8,2026-06-02 05:00:00,2968902
62.0,69.5,60.6,51.9,2026-06-02 05:20:00,2968902
61.7,71.3,60.4,52.3,2026-06-02 05:40:00,2968902
61.5,73.0,60.3,52.8,2026-06-02 06:00:00,2968902
61.1,74.0,60.1,52.8,2026-06-02 06:20:00,2968902
60.9,74.9,59.9,52.9,2026-06-02 06:40:00,2968902
61.4,74.5,60.4,53.2,2026-06-02 07:00:00,2968902
61.8,73.1,60.6,53.0,2026-06-02 07:20:00,2968902
61.6,72.8,60.4,52.7,2026-06-02 07:40:00,2968902
62.3,70.9,61.0,52.8,2026-06-02 08:00:00,2968902
63.0,67.1,61.3,52.0,2026-06-02 08:20:00,2968902
64.0,64.2,62.1,51.6,2026-06-02 08:40:00,2968902
64.6,62.9,62.6,51.7,2026-06-02 09:00:00,2968902
65.8,58.8,63.5,50.9,2026-06-02 09:20:00,2968902
64.9,60.2,62.8,50.8,2026-06-02 09:40:00,2968902
65.7,59.8,63.5,51.4,2026-06-02 10:00:00,2968902
66.6,57.1,64.6,50.9,2026-06-02 10:20:00,2968902
67.7,54.1,65.8,50.5,2026-06-02 10:40:00,2968902
70.4,50.3,69.6,51.1,2026-06-02 11:00:00,2968902
73.0,44.2,71.4,50.0,2026-06-02 11:20:00,2968902
74.8,39.5,72.5,48.5,2026-06-02 11:40:00,2968902
74.7,38.3,72.3,47.6,2026-06-02 12:00:00,2968902
74.8,36.2,72.1,46.2,2026-06-02 12:20:00,2968902
76.2,36.8,73.6,47.9,2026-06-02 12:40:00,2968902
75.7,37.1,73.0,47.7,2026-06-02 13:00:00,2968902
76.4,35.7,73.6,47.3,2026-06-02 13:20:00,2968902
77.0,34.2,73.9,46.7,2026-06-02 13:40:00,2968902
78.3,33.1,75.2,46.9,2026-06-02 14:00:00,2968902
77.7,32.2,74.5,45.6,2026-06-02 14:20:00,2968902
78.5,30.5,75.2,44.9,2026-06-02 14:40:00,2968902
80.7,28.4,77.2,44.9,2026-06-02 15:00:00,2968902
79.3,28.0,75.6,43.4,2026-06-02 15:20:00,2968902
79.8,27.3,76.1,43.1,2026-06-02 15:40:00,2968902
80.6,28.1,76.8,44.6,2026-06-02 16:00:00,2968902
77.5,28.5,73.9,42.3,2026-06-02 16:20:00,2968902
81.8,26.9,78.1,44.4,2026-06-02 16:40:00,2968902
78.4,26.8,74.7,41.5,2026-06-02 17:00:00,2968902
77.9,27.2,74.3,41.5,2026-06-02 17:20:00,2968902
79.7,27.4,76.1,43.2,2026-06-02 17:40:00,2968902
77.6,25.5,73.8,39.5,2026-06-02 18:00:00,2968902
75.9,29.3,72.5,41.6,2026-06-02 18:20:00,2968902
75.8,28.7,72.3,41.1,2026-06-02 18:40:00,2968902
74.5,28.9,71.4,40.1,2026-06-02 19:00:00,2968902
73.9,28.3,70.7,39.0,2026-06-02 19:20:00,2968902
73.2,29.0,70.3,39.1,2026-06-02 19:40:00,2968902
72.6,29.7,69.8,39.1,2026-06-02 20:00:00,2968902
71.6,30.9,69.1,39.2,2026-06-02 20:20:00,2968902
70.7,31.7,68.2,39.1,2026-06-02 20:40:00,2968902
69.9,32.4,67.3,39.0,2026-06-02 21:00:00,2968902
69.1,33.4,66.2,39.1,2026-06-02 21:20:00,2968902
68.3,34.5,65.1,39.3,2026-06-02 21:40:00,2968902
67.4,36.3,63.9,39.8,2026-06-02 22:00:00,2968902
66.8,37.7,63.1,40.2,2026-06-02 22:20:00,2968902
65.8,39.1,61.7,40.2,2026-06-02 22:40:00,2968902
65.1,40.6,61.0,40.6,2026-06-02 23:00:00,2968902
63.9,42.7,59.9,40.8,2026-06-02 23:20:00,2968902
62.4,46.6,58.8,41.7,2026-06-02 23:40:00,2968902
60.7,49.3,57.7,41.6,2026-06-03 00:00:00,2968902
59.9,50.8,57.0,41.6,2026-06-03 00:20:00,2968902
59.1,53.0,56.5,42.0,2026-06-03 00:40:00,2968902
57.9,56.3,55.8,42.4,2026-06-03 01:00:00,2968902
56.9,58.7,55.0,42.5,2026-06-03 01:20:00,2968902
56.3,60.5,54.7,42.8,2026-06-03 01:40:00,2968902
56.0,60.5,54.3,42.6,2026-06-03 02:00:00,2968902
55.2,62.8,53.6,42.7,2026-06-03 02:20:00,2968902
54.8,64.6,53.4,43.2,2026-06-03 02:40:00,2968902
54.2,66.1,52.9,43.2,2026-06-03 03:00:00,2968902
54.1,66.7,52.9,43.3,2026-06-03 03:20:00,2968902
54.3,67.6,53.1,43.8,2026-06-03 03:40:00,2968902
54.5,67.7,53.2,44.0,2026-06-03 04:00:00,2968902
54.0,68.5,52.9,43.9,2026-06-03 04:20:00,2968902
53.3,70.1,52.3,43.9,2026-06-03 04:40:00,2968902
53.2,71.2,52.3,44.1,2026-06-03 05:00:00,2968902
53.5,70.5,52.5,44.1,2026-06-03 05:20:00,2968902
53.0,71.0,52.0,43.9,2026-06-03 05:40:00,2968902
52.9,71.4,52.2,43.9,2026-06-03 06:00:00,2968902
53.7,69.2,52.5,43.9,2026-06-03 06:20:00,2968902
55.0,66.2,53.6,43.9,2026-06-03 06:40:00,2968902
57.0,61.6,55.2,44.0,2026-06-03 07:00:00,2968902
59.0,58.3,57.0,44.4,2026-06-03 07:20:00,2968902
60.9,55.1,58.3,44.7,2026-06-03 07:40:00,2968902
62.4,52.6,59.5,44.8,2026-06-03 08:00:00,2968902
64.4,50.4,61.0,45.5,2026-06-03 08:20:00,2968902
66.3,46.5,63.1,45.2,2026-06-03 08:40:00,2968902
67.4,43.0,64.6,44.2,2026-06-03 09:00:00,2968902
69.4,41.9,67.3,45.2,2026-06-03 09:20:00,2968902
71.3,39.9,69.6,45.6,2026-06-03 09:40:00,2968902
72.5,37.4,70.5,45.0,2026-06-03 10:00:00,2968902
73.8,36.0,71.4,45.3,2026-06-03 10:20:00,2968902
75.2,34.9,72.3,45.6,2026-06-03 10:40:00,2968902
77.0,32.1,73.9,45.0,2026-06-03 11:00:00,2968902
78.3,30.4,75.0,44.7,2026-06-03 11:20:00,2968902
79.3,28.9,75.7,44.2,2026-06-03 11:40:00,2968902
78.6,29.2,75.0,43.9,2026-06-03 12:00:00,2968902
79.8,27.1,76.1,42.9,2026-06-03 12:20:00,2968902
78.5,28.1,74.8,42.9,2026-06-03 12:40:00,2968902
79.3,28.4,75.7,43.7,2026-06-03 13:00:00,2968902
81.5,27.4,77.7,44.7,2026-06-03 13:20:00,2968902
80.1,27.4,76.5,43.5,2026-06-03 13:40:00,2968902
81.1,26.8,77.4,43.8,2026-06-03 14:00:00,2968902
80.2,27.1,76.5,43.3,2026-06-03 14:20:00,2968902
84.8,25.8,81.3,45.9,2026-06-03 14:40:00,2968902
84.4,24.9,80.8,44.7,2026-06-03 15:00:00,2968902
83.7,26.4,80.2,45.5,2026-06-03 15:20:00,2968902
85.8,24.9,82.2,45.8,2026-06-03 15:40:00,2968902
84.2,25.4,80.6,45.1,2026-06-03 16:00:00,2968902
83.3,25.5,79.3,44.4,2026-06-03 16:20:00,2968902
82.1,26.5,78.4,44.3,2026-06-03 16:40:00,2968902
82.9,25.6,79.0,44.1,2026-06-03 17:00:00,2968902
83.2,24.9,79.3,43.7,2026-06-03 17:20:00,2968902
85.3,24.4,81.7,44.9,2026-06-03 17:40:00,2968902
83.6,25.9,79.9,45.0,2026-06-03 18:00:00,2968902
81.6,27.3,77.9,44.7,2026-06-03 18:20:00,2968902
81.4,27.6,77.7,44.8,2026-06-03 18:40:00,2968902
81.4,27.8,77.7,45.0,2026-06-03 19:00:00,2968902
80.2,27.7,76.5,43.9,2026-06-03 19:20:00,2968902
79.7,28.7,76.1,44.4,2026-06-03 19:40:00,2968902
79.0,29.5,75.6,44.5,2026-06-03 20:00:00,2968902
78.2,30.6,74.8,44.8,2026-06-03 20:20:00,2968902
76.9,32.3,73.8,45.0,2026-06-03 20:40:00,2968902
75.8,34.1,72.9,45.5,2026-06-03 21:00:00,2968902
73.8,37.2,71.6,46.1,2026-06-03 21:20:00,2968902
72.0,40.4,70.3,46.6,2026-06-03 21:40:00,2968902
70.5,42.3,69.1,46.6,2026-06-03 22:00:00,2968902
69.5,43.8,67.6,46.6,2026-06-03 22:20:00,2968902
68.7,45.6,66.6,46.9,2026-06-03 22:40:00,2968902
68.1,47.3,65.8,47.3,2026-06-03 23:00:00,2968902
66.7,50.1,64.0,47.5,2026-06-03 23:20:00,2968902
65.8,51.3,62.8,47.4,2026-06-03 23:40:00,2968902
65.3,52.1,62.2,47.3,2026-06-04 00:00:00,2968902
64.3,54.6,61.5,47.6,2026-06-04 00:20:00,2968902
63.2,56.9,60.6,47.7,2026-06-04 00:40:00,2968902
62.7,58.1,60.1,47.8,2026-06-04 01:00:00,2968902
63.0,57.8,60.4,47.9,2026-06-04 01:20:00,2968902
63.3,59.3,60.8,48.9,2026-06-04 01:40:00,2968902
62.3,60.3,60.1,48.4,2026-06-04 02:00:00,2968902
60.9,63.4,59.0,48.4,2026-06-04 02:20:00,2968902
60.2,65.4,58.5,48.5,2026-06-04 02:40:00,2968902
59.6,66.8,58.1,48.6,2026-06-04 03:00:00,2968902
59.2,68.3,57.9,48.7,2026-06-04 03:20:00,2968902
58.5,69.5,57.4,48.6,2026-06-04 03:40:00,2968902
58.6,70.5,57.4,49.0,2026-06-04 04:00:00,2968902
58.4,71.0,57.2,49.0,2026-06-04 04:20:00,2968902
57.6,72.9,56.7,49.0,2026-06-04 04:40:00,2968902
56.6,75.0,55.9,48.7,2026-06-04 05:00:00,2968902
56.2,76.1,55.6,48.8,2026-06-04 05:20:00,2968902
56.0,76.9,55.4,48.9,2026-06-04 05:40:00,2968902
55.8,77.5,55.2,48.9,2026-06-04 06:00:00,2968902
55.9,77.7,55.4,49.1,2026-06-04 06:20:00,2968902
56.6,77.7,55.9,49.7,2026-06-04 06:40:00,2968902
57.9,76.7,57.0,50.6,2026-06-04 07:00:00,2968902
59.9,74.7,59.0,51.9,2026-06-04 07:20:00,2968902
62.9,68.9,61.3,52.5,2026-06-04 07:40:00,2968902
66.3,61.6,64.4,52.7,2026-06-04 08:00:00,2968902
69.2,52.8,68.0,51.2,2026-06-04 08:20:00,2968902
71.2,47.5,70.2,50.2,2026-06-04 08:40:00,2968902
73.0,45.4,71.6,50.6,2026-06-04 09:00:00,2968902
74.3,42.3,72.5,50.0,2026-06-04 09:20:00,2968902
76.4,40.0,74.1,50.3,2026-06-04 09:40:00,2968902
77.8,36.3,75.0,49.0,2026-06-04 10:00:00,2968902
79.0,34.0,76.3,48.3,2026-06-04 10:20:00,2968902
81.5,32.0,78.6,48.9,2026-06-04 10:40:00,2968902
81.7,29.6,78.3,46.9,2026-06-04 11:00:00,2968902
82.9,28.2,79.3,46.7,2026-06-04 11:20:00,2968902
82.9,26.8,79.2,45.3,2026-06-04 11:40:00,2968902
84.9,27.2,81.5,47.4,2026-06-04 12:00:00,2968902
86.5,25.6,83.1,47.2,2026-06-04 12:20:00,2968902
85.0,25.4,81.5,45.7,2026-06-04 12:40:00,2968902
85.7,23.7,82.0,44.4,2026-06-04 13:00:00,2968902
86.9,24.1,83.3,45.9,2026-06-04 13:20:00,2968902
87.2,23.6,83.7,45.6,2026-06-04 13:40:00,2968902
87.5,23.6,84.0,45.9,2026-06-04 14:00:00,2968902
91.1,22.3,88.2,47.3,2026-06-04 14:20:00,2968902
89.6,22.7,86.4,46.6,2026-06-04 14:40:00,2968902
90.3,21.5,86.7,45.7,2026-06-04 15:00:00,2968902
91.5,21.1,88.3,46.2,2026-06-04 15:20:00,2968902
92.8,21.2,89.8,47.4,2026-06-04 15:40:00,2968902
92.0,21.1,88.9,46.7,2026-06-04 16:00:00,2968902
89.7,21.6,86.2,45.3,2026-06-04 16:20:00,2968902
90.5,20.9,87.1,45.1,2026-06-04 16:40:00,2968902
92.3,20.9,89.1,46.5,2026-06-04 17:00:00,2968902
95.2,20.5,92.5,48.4,2026-06-04 17:20:00,2968902
96.3,19.8,93.9,48.5,2026-06-04 17:40:00,2968902
91.6,21.5,88.5,46.7,2026-06-04 18:00:00,2968902
88.4,23.3,84.9,46.3,2026-06-04 18:20:00,2968902
88.1,23.3,84.6,46.0,2026-06-04 18:40:00,2968902
87.3,23.4,83.7,45.4,2026-06-04 19:00:00,2968902
87.0,24.1,83.5,46.1,2026-06-04 19:20:00,2968902
86.3,25.3,82.9,46.7,2026-06-04 19:40:00,2968902
85.0,27.7,81.9,47.9,2026-06-04 20:00:00,2968902
84.5,28.4,81.3,48.3,2026-06-04 20:20:00,2968902
83.4,30.7,80.4,49.3,2026-06-04 20:40:00,2968902
82.6,32.0,79.9,49.8,2026-06-04 21:00:00,2968902
81.7,33.6,79.0,50.3,2026-06-04 21:20:00,2968902
79.4,36.7,77.0,50.6,2026-06-04 21:40:00,2968902
77.6,39.5,75.2,51.0,2026-06-04 22:00:00,2968902
76.4,41.4,74.1,51.2,2026-06-04 22:20:00,2968902
75.0,43.8,73.2,51.5,2026-06-04 22:40:00,2968902
73.6,45.5,72.3,51.3,2026-06-04 23:00:00,2968902
72.3,48.0,71.2,51.5,2026-06-04 23:20:00,2968902
71.5,50.0,70.5,51.8,2026-06-04 23:40:00,2968902
70.5,51.9,69.8,52.0,2026-06-05 00:00:00,2968902
69.8,53.1,68.9,52.0,2026-06-05 00:20:00,2968902
68.9,55.5,67.8,52.3,2026-06-05 00:40:00,2968902
69.9,53.5,68.9,52.3,2026-06-05 01:00:00,2968902
69.5,54.9,68.5,52.6,2026-06-05 01:20:00,2968902
68.9,57.2,67.8,53.2,2026-06-05 01:40:00,2968902
68.4,59.2,67.3,53.6,2026-06-05 02:00:00,2968902
67.9,61.1,66.7,54.0,2026-06-05 02:20:00,2968902
67.5,62.3,66.4,54.2,2026-06-05 02:40:00,2968902
67.2,63.5,65.8,54.4,2026-06-05 03:00:00,2968902
66.9,64.4,65.5,54.5,2026-06-05 03:20:00,2968902
66.5,65.7,65.1,54.6,2026-06-05 03:40:00,2968902
66.1,67.0,64.8,54.8,2026-06-05 04:00:00,2968902
65.4,68.0,63.9,54.6,2026-06-05 04:20:00,2968902
65.0,69.6,63.7,54.8,2026-06-05 04:40:00,2968902
64.6,70.7,63.3,54.9,2026-06-05 05:00:00,2968902
64.4,71.9,63.3,55.1,2026-06-05 05:20:00,2968902
64.1,73.0,63.0,55.2,2026-06-05 05:40:00,2968902
62.9,75.0,62.1,54.8,2026-06-05 06:00:00,2968902
62.3,77.1,61.7,55.1,2026-06-05 06:20:00,2968902
63.7,75.8,63.0,56.0,2026-06-05 06:40:00,2968902
65.2,73.1,64.0,56.4,2026-06-05 07:00:00,2968902
66.2,71.1,65.1,56.6,2026-06-05 07:20:00,2968902
67.2,69.4,66.4,56.9,2026-06-05 07:40:00,2968902
68.5,65.8,67.8,56.6,2026-06-05 08:00:00,2968902
70.2,63.1,70.2,57.1,2026-06-05 08:20:00,2968902
72.0,61.2,72.0,57.9,2026-06-05 08:40:00,2968902
74.6,57.0,74.1,58.4,2026-06-05 09:00:00,2968902
76.2,52.4,75.2,57.5,2026-06-05 09:20:00,2968902
78.3,49.0,77.4,57.6,2026-06-05 09:40:00,2968902
80.1,47.4,79.5,58.3,2026-06-05 10:00:00,2968902
82.8,43.9,82.2,58.5,2026-06-05 10:20:00,2968902
85.6,39.7,85.3,58.3,2026-06-05 10:40:00,2968902
87.5,36.1,87.1,57.4,2026-06-05 11:00:00,2968902
88.8,33.1,88.2,56.0,2026-06-05 11:20:00,2968902
90.1,31.4,89.4,55.7,2026-06-05 11:40:00,2968902
90.4,29.7,89.2,54.5,2026-06-05 12:00:00,2968902
91.2,29.3,90.5,54.8,2026-06-05 12:20:00,2968902
89.6,38.8,91.2,61.2,2026-05-28 17:40:00,2974173
88.6,39.8,90.0,61.0,2026-05-28 18:00:00,2974173
88.8,41.5,90.9,62.4,2026-05-28 18:20:00,2974173
88.9,41.2,91.2,62.3,2026-05-28 18:40:00,2974173
88.5,41.8,90.7,62.3,2026-05-28 19:00:00,2974173
88.1,42.6,90.0,62.6,2026-05-28 19:20:00,2974173
85.2,47.3,86.9,62.9,2026-05-28 19:40:00,2974173
83.8,50.8,85.5,63.6,2026-05-28 20:00:00,2974173
82.4,53.4,83.7,63.8,2026-05-28 20:20:00,2974173
81.2,55.7,82.4,63.9,2026-05-28 20:40:00,2974173
80.2,58.0,81.3,64.0,2026-05-28 21:00:00,2974173
79.1,59.0,79.9,63.6,2026-05-28 21:20:00,2974173
78.2,60.8,78.8,63.5,2026-05-28 21:40:00,2974173
77.5,62.4,77.9,63.6,2026-05-28 22:00:00,2974173
77.1,61.1,77.2,62.6,2026-05-28 22:20:00,2974173
77.4,56.1,77.2,60.5,2026-05-28 22:40:00,2974173
76.9,55.0,76.1,59.5,2026-05-28 23:00:00,2974173
76.7,53.1,75.7,58.3,2026-05-28 23:20:00,2974173
75.9,54.1,75.0,58.1,2026-05-28 23:40:00,2974173
75.2,55.0,74.5,57.9,2026-05-29 00:00:00,2974173
74.7,54.4,73.9,57.1,2026-05-29 00:20:00,2974173
73.7,56.1,73.2,57.1,2026-05-29 00:40:00,2974173
72.6,57.9,72.3,56.9,2026-05-29 01:00:00,2974173
72.0,57.2,71.6,56.0,2026-05-29 01:20:00,2974173
71.3,58.2,71.1,55.9,2026-05-29 01:40:00,2974173
70.3,60.0,70.0,55.8,2026-05-29 02:00:00,2974173
69.3,62.4,68.9,56.0,2026-05-29 02:20:00,2974173
68.4,65.6,67.8,56.4,2026-05-29 02:40:00,2974173
67.4,67.8,66.6,56.4,2026-05-29 03:00:00,2974173
66.8,69.0,65.8,56.3,2026-05-29 03:20:00,2974173
66.0,70.0,64.8,55.9,2026-05-29 03:40:00,2974173
65.7,70.1,64.6,55.7,2026-05-29 04:00:00,2974173
65.1,71.1,63.7,55.5,2026-05-29 04:20:00,2974173
64.1,73.8,63.1,55.6,2026-05-29 04:40:00,2974173
63.5,75.3,62.6,55.5,2026-05-29 05:00:00,2974173
62.8,77.2,62.1,55.5,2026-05-29 05:20:00,2974173
62.0,79.1,61.5,55.5,2026-05-29 05:40:00,2974173
61.8,80.0,61.3,55.5,2026-05-29 06:00:00,2974173
62.2,77.7,61.5,55.1,2026-05-29 06:20:00,2974173
63.2,73.5,62.2,54.6,2026-05-29 06:40:00,2974173
64.5,68.6,63.0,54.0,2026-05-29 07:00:00,2974173
65.5,63.8,63.7,53.0,2026-05-29 07:20:00,2974173
66.4,60.9,64.8,52.5,2026-05-29 07:40:00,2974173
70.8,52.5,70.3,52.6,2026-05-29 08:00:00,2974173
72.8,49.6,71.6,52.8,2026-05-29 08:20:00,2974173
76.1,46.9,74.5,54.3,2026-05-29 08:40:00,2974173
73.8,45.1,72.3,51.3,2026-05-29 09:00:00,2974173
76.0,45.8,74.3,53.6,2026-05-29 09:20:00,2974173
77.3,45.6,75.6,54.7,2026-05-29 09:40:00,2974173
78.2,44.4,76.5,54.7,2026-05-29 10:00:00,2974173
77.2,44.0,75.4,53.6,2026-05-29 10:20:00,2974173
80.9,42.3,79.5,55.8,2026-05-29 10:40:00,2974173
82.2,40.8,80.6,56.0,2026-05-29 11:00:00,2974173
79.2,41.6,77.4,53.9,2026-05-29 11:20:00,2974173
80.2,40.4,78.4,54.0,2026-05-29 11:40:00,2974173
79.4,39.1,77.4,52.4,2026-05-29 12:00:00,2974173
82.6,37.9,80.8,54.4,2026-05-29 12:20:00,2974173
81.9,37.9,79.9,53.7,2026-05-29 12:40:00,2974173
83.4,36.6,81.7,54.2,2026-05-29 13:00:00,2974173
84.3,37.4,83.1,55.5,2026-05-29 13:20:00,2974173
84.2,37.9,82.9,55.8,2026-05-29 13:40:00,2974173
84.9,36.1,83.8,55.1,2026-05-29 14:00:00,2974173
87.0,34.8,86.0,55.9,2026-05-29 14:20:00,2974173
87.3,35.4,86.7,56.6,2026-05-29 14:40:00,2974173
85.0,36.7,83.8,55.6,2026-05-29 15:00:00,2974173
84.9,36.6,83.8,55.5,2026-05-29 15:20:00,2974173
84.7,37.5,83.5,55.9,2026-05-29 15:40:00,2974173
86.5,36.5,85.8,56.7,2026-05-29 16:00:00,2974173
85.6,37.2,84.7,56.6,2026-05-29 16:20:00,2974173
85.0,37.5,84.2,56.2,2026-05-29 16:40:00,2974173
84.1,37.2,82.8,55.1,2026-05-29 17:00:00,2974173
85.5,36.8,84.6,56.1,2026-05-29 17:20:00,2974173
86.0,36.4,85.3,56.3,2026-05-29 17:40:00,2974173
84.7,37.7,83.7,56.0,2026-05-29 18:00:00,2974173
86.3,38.9,86.2,58.4,2026-05-29 18:20:00,2974173
86.8,38.3,86.9,58.4,2026-05-29 18:40:00,2974173
85.9,37.9,85.5,57.3,2026-05-29 19:00:00,2974173
84.4,41.0,84.0,58.1,2026-05-29 19:20:00,2974173
81.8,43.2,80.8,57.3,2026-05-29 19:40:00,2974173
80.7,45.5,79.9,57.7,2026-05-29 20:00:00,2974173
79.2,48.1,78.4,57.8,2026-05-29 20:20:00,2974173
77.4,51.5,76.5,58.2,2026-05-29 20:40:00,2974173
76.0,54.1,75.2,58.2,2026-05-29 21:00:00,2974173
75.1,56.2,74.5,58.5,2026-05-29 21:20:00,2974173
74.1,58.0,73.6,58.4,2026-05-29 21:40:00,2974173
73.8,59.8,73.6,59.0,2026-05-29 22:00:00,2974173
73.4,61.1,73.2,59.1,2026-05-29 22:20:00,2974173
73.3,62.3,73.4,59.6,2026-05-29 22:40:00,2974173
72.8,64.2,73.0,60.0,2026-05-29 23:00:00,2974173
72.4,65.6,72.7,60.2,2026-05-29 23:20:00,2974173
72.2,66.7,72.7,60.5,2026-05-29 23:40:00,2974173
71.5,68.8,72.0,60.7,2026-05-30 00:00:00,2974173
71.1,71.2,71.8,61.3,2026-05-30 00:20:00,2974173
71.7,71.7,72.3,62.0,2026-05-30 00:40:00,2974173
73.3,71.8,74.1,63.6,2026-05-30 01:00:00,2974173
74.2,71.2,75.0,64.3,2026-05-30 01:20:00,2974173
74.0,72.0,74.8,64.4,2026-05-30 01:40:00,2974173
73.6,73.4,74.7,64.5,2026-05-30 02:00:00,2974173
73.3,75.3,74.5,65.0,2026-05-30 02:20:00,2974173
73.1,76.5,74.5,65.2,2026-05-30 02:40:00,2974173
73.0,77.7,74.1,65.6,2026-05-30 03:00:00,2974173
72.5,78.7,73.6,65.5,2026-05-30 03:20:00,2974173
72.0,80.3,73.4,65.6,2026-05-30 03:40:00,2974173
71.7,81.7,73.0,65.8,2026-05-30 04:00:00,2974173
71.4,83.3,72.7,66.1,2026-05-30 04:20:00,2974173
71.3,84.4,72.7,66.3,2026-05-30 04:40:00,2974173
71.4,85.5,72.7,66.8,2026-05-30 05:00:00,2974173
71.3,86.0,72.7,66.9,2026-05-30 05:20:00,2974173
71.0,86.7,72.5,66.8,2026-05-30 05:40:00,2974173
70.9,87.3,72.5,66.9,2026-05-30 06:00:00,2974173
71.1,87.3,72.7,67.2,2026-05-30 06:20:00,2974173
71.4,87.0,72.9,67.3,2026-05-30 06:40:00,2974173
72.4,86.0,74.1,68.0,2026-05-30 07:00:00,2974173
72.3,85.8,73.9,67.8,2026-05-30 07:20:00,2974173
74.1,83.6,76.1,68.8,2026-05-30 07:40:00,2974173
76.4,79.0,78.3,69.4,2026-05-30 08:00:00,2974173
81.1,68.9,84.9,69.9,2026-05-30 08:20:00,2974173
81.6,57.4,83.3,65.1,2026-05-30 08:40:00,2974173
77.7,50.5,76.6,57.9,2026-05-30 09:00:00,2974173
80.2,48.0,79.5,58.7,2026-05-30 09:20:00,2974173
82.8,38.1,81.3,54.7,2026-05-30 09:40:00,2974173
80.5,35.4,78.1,50.7,2026-05-30 10:00:00,2974173
82.5,36.9,80.4,53.5,2026-05-30 10:20:00,2974173
83.2,33.9,80.8,51.9,2026-05-30 10:40:00,2974173
84.3,33.2,82.2,52.3,2026-05-30 11:00:00,2974173
82.8,34.3,80.4,51.8,2026-05-30 11:20:00,2974173
85.0,31.8,82.6,51.7,2026-05-30 11:40:00,2974173
84.7,27.5,81.5,47.5,2026-05-30 12:00:00,2974173
85.3,28.3,82.4,48.8,2026-05-30 12:20:00,2974173
87.0,26.8,84.0,48.8,2026-05-30 12:40:00,2974173
88.7,26.9,86.2,50.3,2026-05-30 13:00:00,2974173
88.8,24.1,85.6,47.4,2026-05-30 13:20:00,2974173
87.3,21.7,83.3,43.4,2026-05-30 13:40:00,2974173
86.3,22.3,82.4,43.4,2026-05-30 14:00:00,2974173
87.9,21.8,84.0,44.2,2026-05-30 14:20:00,2974173
89.4,21.0,85.6,44.3,2026-05-30 14:40:00,2974173
87.0,23.3,83.3,45.1,2026-05-30 15:00:00,2974173
87.6,23.0,84.0,45.2,2026-05-30 15:20:00,2974173
88.2,25.7,85.3,48.7,2026-05-30 15:40:00,2974173
87.3,28.0,84.7,50.3,2026-05-30 16:00:00,2974173
85.9,27.8,82.9,48.8,2026-05-30 16:20:00,2974173
86.3,26.4,83.1,47.8,2026-05-30 16:40:00,2974173
85.8,27.1,82.6,48.1,2026-05-30 17:00:00,2974173
87.5,28.0,84.9,50.4,2026-05-30 17:20:00,2974173
87.5,28.2,84.9,50.6,2026-05-30 17:40:00,2974173
85.2,32.0,83.1,52.1,2026-05-30 18:00:00,2974173
83.6,32.9,81.1,51.4,2026-05-30 18:20:00,2974173
82.0,32.8,79.0,49.9,2026-05-30 18:40:00,2974173
82.0,33.8,79.3,50.7,2026-05-30 19:00:00,2974173
80.9,34.6,78.3,50.5,2026-05-30 19:20:00,2974173
80.4,36.5,77.9,51.4,2026-05-30 19:40:00,2974173
79.5,37.8,77.4,51.6,2026-05-30 20:00:00,2974173
78.3,39.9,76.1,52.0,2026-05-30 20:20:00,2974173
76.6,42.8,74.5,52.3,2026-05-30 20:40:00,2974173
75.1,45.5,73.6,52.6,2026-05-30 21:00:00,2974173
75.7,42.7,73.6,51.4,2026-05-30 21:20:00,2974173
75.8,40.0,73.4,49.7,2026-05-30 21:40:00,2974173
75.1,38.2,72.7,48.0,2026-05-30 22:00:00,2974173
74.2,41.8,72.3,49.5,2026-05-30 22:20:00,2974173
72.8,50.0,71.8,53.1,2026-05-30 22:40:00,2974173
71.3,48.6,70.3,51.0,2026-05-30 23:00:00,2974173
70.2,48.6,69.1,49.9,2026-05-30 23:20:00,2974173
68.9,50.7,67.1,49.8,2026-05-30 23:40:00,2974173
67.4,53.4,65.3,49.9,2026-05-31 00:00:00,2974173
66.7,55.4,64.4,50.2,2026-05-31 00:20:00,2974173
66.1,57.3,63.9,50.6,2026-05-31 00:40:00,2974173
65.4,58.9,63.0,50.7,2026-05-31 01:00:00,2974173
64.9,60.4,62.6,50.9,2026-05-31 01:20:00,2974173
64.1,61.4,61.9,50.5,2026-05-31 01:40:00,2974173
63.2,62.4,61.2,50.2,2026-05-31 02:00:00,2974173
62.9,63.1,60.8,50.1,2026-05-31 02:20:00,2974173
62.4,61.1,60.3,48.9,2026-05-31 02:40:00,2974173
62.2,63.0,60.1,49.5,2026-05-31 03:00:00,2974173
62.0,62.8,60.1,49.1,2026-05-31 03:20:00,2974173
61.7,63.9,59.9,49.4,2026-05-31 03:40:00,2974173
61.4,64.4,59.7,49.3,2026-05-31 04:00:00,2974173
60.6,65.5,58.8,49.0,2026-05-31 04:20:00,2974173
59.8,67.0,58.3,48.8,2026-05-31 04:40:00,2974173
59.0,68.7,57.7,48.7,2026-05-31 05:00:00,2974173
58.5,70.0,57.4,48.7,2026-05-31 05:20:00,2974173
57.9,71.8,56.8,48.9,2026-05-31 05:40:00,2974173
57.5,73.2,56.5,49.0,2026-05-31 06:00:00,2974173
57.2,74.3,56.5,49.1,2026-05-31 06:20:00,2974173
57.4,75.9,56.7,49.9,2026-05-31 06:40:00,2974173
58.3,75.9,57.4,50.7,2026-05-31 07:00:00,2974173
60.0,73.3,59.0,51.4,2026-05-31 07:20:00,2974173
60.8,70.9,59.5,51.3,2026-05-31 07:40:00,2974173
65.7,64.7,64.0,53.5,2026-05-31 08:00:00,2974173
65.6,58.6,63.3,50.7,2026-05-31 08:20:00,2974173
69.0,53.6,67.6,51.5,2026-05-31 08:40:00,2974173
70.5,52.4,69.8,52.2,2026-05-31 09:00:00,2974173
69.1,45.4,67.3,47.1,2026-05-31 09:20:00,2974173
69.5,43.9,67.6,46.6,2026-05-31 09:40:00,2974173
71.3,44.3,70.0,48.4,2026-05-31 10:00:00,2974173
73.2,42.0,71.6,48.8,2026-05-31 10:20:00,2974173
74.1,42.9,72.3,50.1,2026-05-31 10:40:00,2974173
77.2,38.7,74.8,50.2,2026-05-31 11:00:00,2974173
77.5,38.0,74.8,49.9,2026-05-31 11:20:00,2974173
73.5,38.1,71.2,46.5,2026-05-31 11:40:00,2974173
75.0,40.0,72.9,49.1,2026-05-31 12:00:00,2974173
76.7,37.1,74.1,48.5,2026-05-31 12:20:00,2974173
77.2,37.2,74.5,49.1,2026-05-31 12:40:00,2974173
81.2,33.0,78.3,49.4,2026-05-31 13:00:00,2974173
76.9,35.0,74.1,47.2,2026-05-31 13:20:00,2974173
77.9,36.1,75.0,48.9,2026-05-31 13:40:00,2974173
81.4,34.8,78.8,50.9,2026-05-31 14:00:00,2974173
79.1,31.6,75.7,46.4,2026-05-31 14:20:00,2974173
81.8,32.4,78.8,49.4,2026-05-31 14:40:00,2974173
81.1,35.0,78.4,50.8,2026-05-31 15:00:00,2974173
80.7,34.3,78.1,49.9,2026-05-31 15:20:00,2974173
81.3,34.0,78.6,50.3,2026-05-31 15:40:00,2974173
82.3,34.1,79.9,51.2,2026-05-31 16:00:00,2974173
81.5,35.4,79.2,51.5,2026-05-31 16:20:00,2974173
80.7,37.2,78.4,52.2,2026-05-31 16:40:00,2974173
80.1,38.1,78.1,52.3,2026-05-31 17:00:00,2974173
80.8,39.0,79.0,53.6,2026-05-31 17:20:00,2974173
81.9,36.8,79.7,53.0,2026-05-31 17:40:00,2974173
80.0,38.9,77.9,52.7,2026-05-31 18:00:00,2974173
80.6,39.0,78.4,53.3,2026-05-31 18:20:00,2974173
81.3,38.7,79.3,53.8,2026-05-31 18:40:00,2974173
80.0,40.7,78.1,53.9,2026-05-31 19:00:00,2974173
78.6,42.4,76.8,53.8,2026-05-31 19:20:00,2974173
76.5,45.5,74.8,53.9,2026-05-31 19:40:00,2974173
75.5,46.8,73.9,53.8,2026-05-31 20:00:00,2974173
75.2,47.8,73.8,54.1,2026-05-31 20:20:00,2974173
74.7,49.1,73.4,54.3,2026-05-31 20:40:00,2974173
73.9,49.7,72.7,53.9,2026-05-31 21:00:00,2974173
73.5,50.2,72.5,53.8,2026-05-31 21:20:00,2974173
72.8,50.9,71.8,53.6,2026-05-31 21:40:00,2974173
72.2,52.6,71.6,53.9,2026-05-31 22:00:00,2974173
71.5,53.8,70.9,53.8,2026-05-31 22:20:00,2974173
70.9,54.7,70.3,53.8,2026-05-31 22:40:00,2974173
70.8,56.2,70.5,54.4,2026-05-31 23:00:00,2974173
71.0,57.1,70.5,55.0,2026-05-31 23:20:00,2974173
71.2,58.2,70.9,55.7,2026-05-31 23:40:00,2974173
71.4,59.5,71.1,56.5,2026-06-01 00:00:00,2974173
71.5,59.6,71.2,56.7,2026-06-01 00:20:00,2974173
71.1,60.8,71.1,56.9,2026-06-01 00:40:00,2974173
70.8,62.7,70.9,57.4,2026-06-01 01:00:00,2974173
70.6,63.3,70.7,57.6,2026-06-01 01:20:00,2974173
70.4,64.2,70.5,57.8,2026-06-01 01:40:00,2974173
70.3,64.7,70.2,57.8,2026-06-01 02:00:00,2974173
70.3,65.0,70.2,57.9,2026-06-01 02:20:00,2974173
70.4,65.8,70.5,58.4,2026-06-01 02:40:00,2974173
70.2,66.5,70.3,58.6,2026-06-01 03:00:00,2974173
70.2,67.1,70.3,58.8,2026-06-01 03:20:00,2974173
70.0,68.0,70.2,59.0,2026-06-01 03:40:00,2974173
69.7,68.1,69.6,58.7,2026-06-01 04:00:00,2974173
69.1,69.5,69.1,58.7,2026-06-01 04:20:00,2974173
68.5,70.6,68.2,58.6,2026-06-01 04:40:00,2974173
69.0,70.8,68.9,59.1,2026-06-01 05:00:00,2974173
68.9,71.2,68.9,59.2,2026-06-01 05:20:00,2974173
68.6,70.8,68.4,58.8,2026-06-01 05:40:00,2974173
68.0,71.8,67.8,58.6,2026-06-01 06:00:00,2974173
67.6,72.9,67.1,58.6,2026-06-01 06:20:00,2974173
67.6,74.0,67.3,59.1,2026-06-01 06:40:00,2974173
68.6,73.7,68.7,59.9,2026-06-01 07:00:00,2974173
69.4,71.9,69.4,60.0,2026-06-01 07:20:00,2974173
70.1,71.1,70.3,60.3,2026-06-01 07:40:00,2974173
70.6,69.9,71.1,60.4,2026-06-01 08:00:00,2974173
70.6,71.0,71.1,60.7,2026-06-01 08:20:00,2974173
72.5,70.0,73.2,62.2,2026-06-01 08:40:00,2974173
72.4,68.3,72.9,61.4,2026-06-01 09:00:00,2974173
74.9,68.0,75.6,63.6,2026-06-01 09:20:00,2974173
76.6,64.0,76.8,63.5,2026-06-01 09:40:00,2974173
79.0,60.5,80.2,64.1,2026-06-01 10:00:00,2974173
78.3,61.2,79.2,63.8,2026-06-01 10:20:00,2974173
80.9,56.9,82.2,64.1,2026-06-01 10:40:00,2974173
82.3,54.7,83.8,64.4,2026-06-01 11:00:00,2974173
84.4,51.7,87.1,64.7,2026-06-01 11:20:00,2974173
85.3,49.2,87.8,64.1,2026-06-01 11:40:00,2974173
85.5,49.3,88.2,64.3,2026-06-01 12:00:00,2974173
84.0,48.9,85.5,62.8,2026-06-01 12:20:00,2974173
82.8,50.3,83.8,62.5,2026-06-01 12:40:00,2974173
83.5,48.1,84.4,61.8,2026-06-01 13:00:00,2974173
85.1,46.7,86.4,62.4,2026-06-01 13:20:00,2974173
84.8,44.3,85.5,60.7,2026-06-01 13:40:00,2974173
82.9,48.0,83.1,61.2,2026-06-01 14:00:00,2974173
84.8,46.0,85.8,61.8,2026-06-01 14:20:00,2974173
84.1,40.3,83.5,57.4,2026-06-01 14:40:00,2974173
85.2,31.0,82.8,51.1,2026-06-01 15:00:00,2974173
85.4,35.7,84.0,55.2,2026-06-01 15:20:00,2974173
85.7,38.5,85.3,57.5,2026-06-01 15:40:00,2974173
85.7,39.9,85.6,58.6,2026-06-01 16:00:00,2974173
84.7,37.4,83.5,55.8,2026-06-01 16:20:00,2974173
83.4,40.6,82.4,56.9,2026-06-01 16:40:00,2974173
82.2,41.0,80.8,56.2,2026-06-01 17:00:00,2974173
81.8,41.1,80.4,55.9,2026-06-01 17:20:00,2974173
82.2,39.9,80.8,55.5,2026-06-01 17:40:00,2974173
81.1,42.6,79.7,56.2,2026-06-01 18:00:00,2974173
80.4,39.9,78.4,53.8,2026-06-01 18:20:00,2974173
80.1,40.3,78.4,53.8,2026-06-01 18:40:00,2974173
79.4,41.0,77.7,53.7,2026-06-01 19:00:00,2974173
78.2,42.7,76.3,53.7,2026-06-01 19:20:00,2974173
77.5,43.5,75.6,53.6,2026-06-01 19:40:00,2974173
77.0,42.5,74.8,52.4,2026-06-01 20:00:00,2974173
75.8,43.3,73.8,51.9,2026-06-01 20:20:00,2974173
74.8,44.5,73.0,51.7,2026-06-01 20:40:00,2974173
73.8,46.0,72.3,51.8,2026-06-01 21:00:00,2974173
73.1,48.1,72.0,52.3,2026-06-01 21:20:00,2974173
72.4,49.1,71.4,52.2,2026-06-01 21:40:00,2974173
72.2,47.6,71.2,51.2,2026-06-01 22:00:00,2974173
72.3,45.7,71.1,50.2,2026-06-01 22:20:00,2974173
71.9,45.2,70.7,49.5,2026-06-01 22:40:00,2974173
72.1,45.0,70.7,49.5,2026-06-01 23:00:00,2974173
71.3,50.4,70.5,51.9,2026-06-01 23:20:00,2974173
70.5,56.2,70.2,54.2,2026-06-01 23:40:00,2974173
70.0,59.0,69.6,55.0,2026-06-02 00:00:00,2974173
69.8,60.1,69.3,55.3,2026-06-02 00:20:00,2974173
69.3,59.9,68.5,54.8,2026-06-02 00:40:00,2974173
69.2,58.2,68.4,53.9,2026-06-02 01:00:00,2974173
68.4,56.4,67.1,52.3,2026-06-02 01:20:00,2974173
67.6,57.7,66.0,52.1,2026-06-02 01:40:00,2974173
66.9,57.4,65.1,51.4,2026-06-02 02:00:00,2974173
66.2,54.9,63.7,49.5,2026-06-02 02:20:00,2974173
65.3,55.7,62.6,49.1,2026-06-02 02:40:00,2974173
64.7,58.0,62.1,49.6,2026-06-02 03:00:00,2974173
64.1,59.7,61.7,49.8,2026-06-02 03:20:00,2974173
63.4,62.1,61.3,50.2,2026-06-02 03:40:00,2974173
63.2,63.9,61.3,50.8,2026-06-02 04:00:00,2974173
62.7,66.2,61.0,51.2,2026-06-02 04:20:00,2974173
62.3,67.9,60.8,51.6,2026-06-02 04:40:00,2974173
62.0,68.8,60.4,51.7,2026-06-02 05:00:00,2974173
61.4,70.0,60.1,51.5,2026-06-02 05:20:00,2974173
61.1,71.6,59.9,51.9,2026-06-02 05:40:00,2974173
60.9,73.2,59.7,52.2,2026-06-02 06:00:00,2974173
60.5,74.3,59.5,52.3,2026-06-02 06:20:00,2974173
60.5,75.7,59.7,52.8,2026-06-02 06:40:00,2974173
61.1,74.9,60.1,53.1,2026-06-02 07:00:00,2974173
61.7,73.2,60.6,53.0,2026-06-02 07:20:00,2974173
61.8,72.4,60.6,52.9,2026-06-02 07:40:00,2974173
62.3,69.7,61.0,52.3,2026-06-02 08:00:00,2974173
63.3,67.7,61.7,52.4,2026-06-02 08:20:00,2974173
63.3,64.3,61.3,51.0,2026-06-02 08:40:00,2974173
63.9,63.7,61.9,51.3,2026-06-02 09:00:00,2974173
64.9,61.1,62.6,51.2,2026-06-02 09:20:00,2974173
64.6,61.3,62.4,51.0,2026-06-02 09:40:00,2974173
65.3,59.7,63.0,51.0,2026-06-02 10:00:00,2974173
71.1,53.6,70.5,53.4,2026-06-02 10:20:00,2974173
70.4,46.4,69.3,48.8,2026-06-02 10:40:00,2974173
71.7,45.9,70.5,49.7,2026-06-02 11:00:00,2974173
74.3,41.1,72.3,49.1,2026-06-02 11:20:00,2974173
77.6,36.8,75.0,49.2,2026-06-02 11:40:00,2974173
77.5,36.1,74.7,48.6,2026-06-02 12:00:00,2974173
78.0,35.4,75.2,48.4,2026-06-02 12:20:00,2974173
78.2,36.3,75.6,49.3,2026-06-02 12:40:00,2974173
78.6,35.3,75.9,48.9,2026-06-02 13:00:00,2974173
78.7,34.8,75.9,48.6,2026-06-02 13:20:00,2974173
78.9,33.5,75.9,47.8,2026-06-02 13:40:00,2974173
77.1,33.0,73.9,45.8,2026-06-02 14:00:00,2974173
78.3,32.9,75.2,46.8,2026-06-02 14:20:00,2974173
76.3,31.3,73.0,43.7,2026-06-02 14:40:00,2974173
76.7,31.5,73.4,44.2,2026-06-02 15:00:00,2974173
78.0,31.1,74.7,45.0,2026-06-02 15:20:00,2974173
77.1,30.6,73.8,43.8,2026-06-02 15:40:00,2974173
79.9,30.2,76.6,45.9,2026-06-02 16:00:00,2974173
78.0,30.6,74.7,44.5,2026-06-02 16:20:00,2974173
76.1,30.4,72.7,42.8,2026-06-02 16:40:00,2974173
77.2,30.5,73.8,43.8,2026-06-02 17:00:00,2974173
75.7,29.5,72.1,41.7,2026-06-02 17:20:00,2974173
76.5,29.1,73.0,42.0,2026-06-02 17:40:00,2974173
76.6,29.4,73.0,42.4,2026-06-02 18:00:00,2974173
75.0,27.7,71.4,39.4,2026-06-02 18:20:00,2974173
76.3,28.4,72.9,41.2,2026-06-02 18:40:00,2974173
75.9,28.9,72.5,41.4,2026-06-02 19:00:00,2974173
73.7,29.1,70.7,39.5,2026-06-02 19:20:00,2974173
72.3,31.3,69.6,40.2,2026-06-02 19:40:00,2974173
71.2,31.6,68.7,39.5,2026-06-02 20:00:00,2974173
70.2,32.5,67.8,39.5,2026-06-02 20:20:00,2974173
69.1,34.0,66.0,39.6,2026-06-02 20:40:00,2974173
67.6,36.4,64.0,40.0,2026-06-02 21:00:00,2974173
66.5,37.5,62.6,39.8,2026-06-02 21:20:00,2974173
65.2,39.4,61.0,39.9,2026-06-02 21:40:00,2974173
64.3,41.5,60.3,40.4,2026-06-02 22:00:00,2974173
63.1,44.0,59.4,40.9,2026-06-02 22:20:00,2974173
62.0,46.8,58.5,41.4,2026-06-02 22:40:00,2974173
61.1,48.2,57.9,41.5,2026-06-02 23:00:00,2974173
60.0,51.3,57.2,42.0,2026-06-02 23:20:00,2974173
59.0,53.5,56.5,42.2,2026-06-02 23:40:00,2974173
58.1,55.8,55.8,42.4,2026-06-03 00:00:00,2974173
56.9,57.7,54.9,42.2,2026-06-03 00:20:00,2974173
56.4,59.0,54.5,42.3,2026-06-03 00:40:00,2974173
55.7,61.4,54.0,42.6,2026-06-03 01:00:00,2974173
54.9,64.3,53.6,43.1,2026-06-03 01:20:00,2974173
54.3,66.8,52.9,43.5,2026-06-03 01:40:00,2974173
53.5,69.6,52.5,43.9,2026-06-03 02:00:00,2974173
53.3,71.0,52.3,44.1,2026-06-03 02:20:00,2974173
52.8,71.7,52.0,43.9,2026-06-03 02:40:00,2974173
52.4,72.3,51.6,43.8,2026-06-03 03:00:00,2974173
52.2,72.5,51.4,43.6,2026-06-03 03:20:00,2974173
51.9,73.8,51.1,43.8,2026-06-03 03:40:00,2974173
51.6,75.1,50.9,44.0,2026-06-03 04:00:00,2974173
51.2,76.2,50.5,44.0,2026-06-03 04:20:00,2974173
50.6,77.3,50.2,43.8,2026-06-03 04:40:00,2974173
50.2,79.1,49.8,44.0,2026-06-03 05:00:00,2974173
49.9,80.2,49.4,44.0,2026-06-03 05:20:00,2974173
50.0,80.0,49.4,44.0,2026-06-03 05:40:00,2974173
49.9,80.3,49.4,44.1,2026-06-03 06:00:00,2974173
50.1,80.4,49.6,44.3,2026-06-03 06:20:00,2974173
50.9,78.5,50.5,44.5,2026-06-03 06:40:00,2974173
52.6,76.2,52.0,45.3,2026-06-03 07:00:00,2974173
55.6,70.6,54.5,46.2,2026-06-03 07:20:00,2974173
58.4,64.0,56.8,46.3,2026-06-03 07:40:00,2974173
67.0,54.9,64.9,50.3,2026-06-03 08:00:00,2974173
70.2,40.8,68.4,45.3,2026-06-03 08:20:00,2974173
73.5,39.4,71.4,47.3,2026-06-03 08:40:00,2974173
73.8,37.0,71.6,45.9,2026-06-03 09:00:00,2974173
74.6,37.3,72.1,46.8,2026-06-03 09:20:00,2974173
75.4,34.4,72.7,45.4,2026-06-03 09:40:00,2974173
77.1,34.0,74.1,46.6,2026-06-03 10:00:00,2974173
76.7,32.4,73.6,45.0,2026-06-03 10:20:00,2974173
80.0,30.8,76.6,46.5,2026-06-03 10:40:00,2974173
77.1,30.3,73.8,43.5,2026-06-03 11:00:00,2974173
80.9,29.1,77.4,45.8,2026-06-03 11:20:00,2974173
80.1,28.0,76.5,44.1,2026-06-03 11:40:00,2974173
80.5,27.3,76.8,43.8,2026-06-03 12:00:00,2974173
81.9,27.3,78.3,45.0,2026-06-03 12:20:00,2974173
81.4,23.9,77.4,41.1,2026-06-03 12:40:00,2974173
82.7,26.1,79.0,44.4,2026-06-03 13:00:00,2974173
82.6,26.2,79.0,44.5,2026-06-03 13:20:00,2974173
84.8,25.3,81.3,45.4,2026-06-03 13:40:00,2974173
82.5,25.0,78.6,43.2,2026-06-03 14:00:00,2974173
81.5,27.5,77.9,44.9,2026-06-03 14:20:00,2974173
83.5,26.0,79.9,45.0,2026-06-03 14:40:00,2974173
82.3,25.5,78.4,43.5,2026-06-03 15:00:00,2974173
82.9,26.8,79.2,45.3,2026-06-03 15:20:00,2974173
82.2,26.5,78.4,44.4,2026-06-03 15:40:00,2974173
81.3,27.9,77.5,45.0,2026-06-03 16:00:00,2974173
81.6,27.7,77.9,45.1,2026-06-03 16:20:00,2974173
81.3,27.9,77.5,45.0,2026-06-03 16:40:00,2974173
80.1,28.1,76.5,44.1,2026-06-03 17:00:00,2974173
82.3,27.0,78.6,45.0,2026-06-03 17:20:00,2974173
84.8,25.6,81.3,45.8,2026-06-03 17:40:00,2974173
82.1,26.4,78.4,44.2,2026-06-03 18:00:00,2974173
83.4,26.2,79.7,45.1,2026-06-03 18:20:00,2974173
82.7,26.2,79.0,44.6,2026-06-03 18:40:00,2974173
82.6,26.5,79.0,44.7,2026-06-03 19:00:00,2974173
81.2,27.2,77.5,44.3,2026-06-03 19:20:00,2974173
78.7,29.4,75.2,44.1,2026-06-03 19:40:00,2974173
77.9,30.7,74.5,44.6,2026-06-03 20:00:00,2974173
76.1,33.4,73.2,45.3,2026-06-03 20:20:00,2974173
74.2,35.3,71.8,45.0,2026-06-03 20:40:00,2974173
72.3,37.8,70.2,45.1,2026-06-03 21:00:00,2974173
70.8,40.8,69.3,45.8,2026-06-03 21:20:00,2974173
69.3,43.4,67.5,46.1,2026-06-03 21:40:00,2974173
68.0,46.0,65.5,46.4,2026-06-03 22:00:00,2974173
66.7,48.3,63.9,46.6,2026-06-03 22:20:00,2974173
65.7,50.6,62.6,46.9,2026-06-03 22:40:00,2974173
64.8,52.7,61.9,47.1,2026-06-03 23:00:00,2974173
64.1,54.6,61.3,47.4,2026-06-03 23:20:00,2974173
63.4,56.5,60.8,47.7,2026-06-03 23:40:00,2974173
62.6,58.5,60.3,47.9,2026-06-04 00:00:00,2974173
62.1,60.3,60.1,48.2,2026-06-04 00:20:00,2974173
61.4,62.2,59.5,48.3,2026-06-04 00:40:00,2974173
60.5,64.2,58.8,48.3,2026-06-04 01:00:00,2974173
59.8,66.0,58.3,48.4,2026-06-04 01:20:00,2974173
59.2,68.0,57.9,48.7,2026-06-04 01:40:00,2974173
58.6,69.3,57.2,48.6,2026-06-04 02:00:00,2974173
58.2,70.3,57.0,48.6,2026-06-04 02:20:00,2974173
57.7,71.3,56.8,48.5,2026-06-04 02:40:00,2974173
57.3,72.0,56.3,48.4,2026-06-04 03:00:00,2974173
56.8,73.2,55.9,48.3,2026-06-04 03:20:00,2974173
56.2,75.5,55.6,48.5,2026-06-04 03:40:00,2974173
55.7,77.0,55.0,48.7,2026-06-04 04:00:00,2974173
55.5,77.9,54.9,48.7,2026-06-04 04:20:00,2974173
55.1,78.8,54.7,48.7,2026-06-04 04:40:00,2974173
54.5,80.6,54.1,48.7,2026-06-04 05:00:00,2974173
54.3,81.0,54.0,48.6,2026-06-04 05:20:00,2974173
54.0,81.7,53.8,48.5,2026-06-04 05:40:00,2974173
53.7,82.7,53.6,48.6,2026-06-04 06:00:00,2974173
53.7,83.0,53.6,48.7,2026-06-04 06:20:00,2974173
54.1,83.4,54.0,49.2,2026-06-04 06:40:00,2974173
55.2,82.7,55.2,50.1,2026-06-04 07:00:00,2974173
57.9,81.4,57.7,52.3,2026-06-04 07:20:00,2974173
61.4,75.0,60.6,53.4,2026-06-04 07:40:00,2974173
70.7,63.9,70.7,57.8,2026-06-04 08:00:00,2974173
76.1,45.5,74.3,53.5,2026-06-04 08:20:00,2974173
79.8,40.7,77.9,53.8,2026-06-04 08:40:00,2974173
83.4,39.3,82.2,56.0,2026-06-04 09:00:00,2974173
79.1,36.9,76.6,50.6,2026-06-04 09:20:00,2974173
80.4,34.5,77.9,49.9,2026-06-04 09:40:00,2974173
83.6,33.0,81.1,51.5,2026-06-04 10:00:00,2974173
84.3,29.8,81.3,49.3,2026-06-04 10:20:00,2974173
84.9,27.4,81.9,47.6,2026-06-04 10:40:00,2974173
86.5,27.4,83.5,49.0,2026-06-04 11:00:00,2974173
86.8,27.2,83.8,49.0,2026-06-04 11:20:00,2974173
88.0,27.0,85.5,49.9,2026-06-04 11:40:00,2974173
86.5,25.6,83.1,47.2,2026-06-04 12:00:00,2974173
87.7,26.0,84.7,48.6,2026-06-04 12:20:00,2974173
88.9,23.3,85.6,46.7,2026-06-04 12:40:00,2974173
87.1,25.1,84.0,47.1,2026-06-04 13:00:00,2974173
90.0,23.1,87.1,47.4,2026-06-04 13:20:00,2974173
90.4,22.9,87.4,47.4,2026-06-04 13:40:00,2974173
91.3,22.9,88.5,48.2,2026-06-04 14:00:00,2974173
90.1,22.4,86.7,46.6,2026-06-04 14:20:00,2974173
88.6,22.1,84.9,45.0,2026-06-04 14:40:00,2974173
87.1,22.8,83.5,44.7,2026-06-04 15:00:00,2974173
88.7,23.2,85.5,46.5,2026-06-04 15:20:00,2974173
89.5,22.7,86.4,46.5,2026-06-04 15:40:00,2974173
90.9,22.2,88.0,47.0,2026-06-04 16:00:00,2974173
89.8,22.2,86.5,46.1,2026-06-04 16:20:00,2974173
87.8,22.8,84.2,45.2,2026-06-04 16:40:00,2974173
88.9,23.7,85.8,47.1,2026-06-04 17:00:00,2974173
88.4,22.7,84.9,45.6,2026-06-04 17:20:00,2974173
91.3,21.9,88.2,47.0,2026-06-04 17:40:00,2974173
89.5,22.4,86.2,46.2,2026-06-04 18:00:00,2974173
90.8,22.2,87.6,46.9,2026-06-04 18:20:00,2974173
92.4,21.9,89.6,47.9,2026-06-04 18:40:00,2974173
91.2,21.8,88.0,46.9,2026-06-04 19:00:00,2974173
89.7,22.0,86.4,45.8,2026-06-04 19:20:00,2974173
85.7,25.9,82.2,46.7,2026-06-04 19:40:00,2974173
83.2,29.6,80.1,48.2,2026-06-04 20:00:00,2974173
80.8,33.4,78.1,49.4,2026-06-04 20:20:00,2974173
78.4,35.2,75.6,48.7,2026-06-04 20:40:00,2974173
76.6,37.8,73.9,49.0,2026-06-04 21:00:00,2974173
75.4,39.6,73.0,49.2,2026-06-04 21:20:00,2974173
74.5,40.9,72.5,49.2,2026-06-04 21:40:00,2974173
73.6,42.7,72.0,49.5,2026-06-04 22:00:00,2974173
72.3,44.4,70.9,49.4,2026-06-04 22:20:00,2974173
71.3,47.1,70.2,50.2,2026-06-04 22:40:00,2974173
70.2,49.4,69.1,50.4,2026-06-04 23:00:00,2974173
69.1,51.3,67.8,50.4,2026-06-04 23:20:00,2974173
68.5,52.8,66.9,50.6,2026-06-04 23:40:00,2974173
67.6,55.0,65.8,50.9,2026-06-05 00:00:00,2974173
66.9,57.3,64.9,51.3,2026-06-05 00:20:00,2974173
66.3,58.7,64.2,51.4,2026-06-05 00:40:00,2974173
65.1,62.1,63.0,51.8,2026-06-05 01:00:00,2974173
66.0,61.5,64.0,52.4,2026-06-05 01:20:00,2974173
65.4,63.4,63.3,52.6,2026-06-05 01:40:00,2974173
64.9,65.2,63.0,53.0,2026-06-05 02:00:00,2974173
64.7,66.2,63.0,53.2,2026-06-05 02:20:00,2974173
64.6,67.2,62.8,53.5,2026-06-05 02:40:00,2974173
64.3,68.5,62.8,53.7,2026-06-05 03:00:00,2974173
63.8,69.7,62.4,53.7,2026-06-05 03:20:00,2974173
63.2,71.4,62.1,53.8,2026-06-05 03:40:00,2974173
62.8,72.5,61.5,53.8,2026-06-05 04:00:00,2974173
62.1,74.3,61.2,53.8,2026-06-05 04:20:00,2974173
61.6,75.7,60.8,53.8,2026-06-05 04:40:00,2974173
61.1,76.7,60.3,53.8,2026-06-05 05:00:00,2974173
60.7,77.9,60.1,53.8,2026-06-05 05:20:00,2974173
60.2,79.1,59.7,53.7,2026-06-05 05:40:00,2974173
59.7,80.8,59.5,53.9,2026-06-05 06:00:00,2974173
59.5,82.0,59.2,54.0,2026-06-05 06:20:00,2974173
60.1,82.1,59.9,54.6,2026-06-05 06:40:00,2974173
61.3,81.4,61.0,55.5,2026-06-05 07:00:00,2974173
63.1,79.7,62.6,56.8,2026-06-05 07:20:00,2974173
65.1,76.2,64.2,57.4,2026-06-05 07:40:00,2974173
74.4,66.0,74.8,62.3,2026-06-05 08:00:00,2974173
80.2,50.6,80.1,60.2,2026-06-05 08:20:00,2974173
80.4,46.9,79.7,58.3,2026-06-05 08:40:00,2974173
84.4,43.9,84.6,60.0,2026-06-05 09:00:00,2974173
83.7,42.0,83.3,58.2,2026-06-05 09:20:00,2974173
86.0,39.0,86.0,58.2,2026-06-05 09:40:00,2974173
88.6,37.8,89.4,59.6,2026-06-05 10:00:00,2974173
88.4,35.7,88.3,57.9,2026-06-05 10:20:00,2974173
91.1,33.2,91.8,58.1,2026-06-05 10:40:00,2974173
90.0,32.6,89.8,56.7,2026-06-05 11:00:00,2974173
92.9,28.9,92.5,55.9,2026-06-05 11:20:00,2974173
93.2,29.1,93.2,56.4,2026-06-05 11:40:00,2974173
92.8,27.9,91.9,54.8,2026-06-05 12:00:00,2974173
92.9,27.0,92.1,54.0,2026-06-05 12:20:00,2974173
89.2,40.0,91.0,61.7,2026-05-28 17:20:00,2974344
88.3,42.4,90.1,62.6,2026-05-28 17:40:00,2974344
87.7,42.6,89.4,62.2,2026-05-28 18:00:00,2974344
87.0,44.3,88.7,62.6,2026-05-28 18:20:00,2974344
86.5,43.3,87.8,61.6,2026-05-28 18:40:00,2974344
86.2,45.2,88.0,62.5,2026-05-28 19:00:00,2974344
85.3,45.4,86.4,61.8,2026-05-28 19:20:00,2974344
84.8,47.6,86.4,62.7,2026-05-28 19:40:00,2974344
83.9,50.4,85.6,63.5,2026-05-28 20:00:00,2974344
82.2,55.4,83.7,64.6,2026-05-28 20:20:00,2974344
80.7,58.3,82.0,64.7,2026-05-28 20:40:00,2974344
79.3,62.4,80.8,65.4,2026-05-28 21:00:00,2974344
78.8,60.6,79.7,64.0,2026-05-28 21:20:00,2974344
78.0,64.4,79.2,65.0,2026-05-28 21:40:00,2974344
76.9,66.1,77.7,64.7,2026-05-28 22:00:00,2974344
77.2,62.5,77.4,63.4,2026-05-28 22:20:00,2974344
77.6,57.2,77.5,61.3,2026-05-28 22:40:00,2974344
77.1,55.1,76.6,59.8,2026-05-28 23:00:00,2974344
77.1,52.7,76.3,58.5,2026-05-28 23:20:00,2974344
76.4,53.0,75.4,58.0,2026-05-28 23:40:00,2974344
75.7,53.4,74.7,57.6,2026-05-29 00:00:00,2974344
74.9,53.2,73.9,56.8,2026-05-29 00:20:00,2974344
74.1,54.3,73.2,56.6,2026-05-29 00:40:00,2974344
73.3,55.8,72.9,56.6,2026-05-29 01:00:00,2974344
72.6,55.7,72.1,55.9,2026-05-29 01:20:00,2974344
71.5,58.8,71.2,56.4,2026-05-29 01:40:00,2974344
70.6,62.2,70.5,57.0,2026-05-29 02:00:00,2974344
69.5,63.6,69.3,56.7,2026-05-29 02:20:00,2974344
68.5,65.1,67.8,56.3,2026-05-29 02:40:00,2974344
67.8,66.2,66.9,56.1,2026-05-29 03:00:00,2974344
67.0,69.2,66.2,56.6,2026-05-29 03:20:00,2974344
65.9,71.9,64.9,56.6,2026-05-29 03:40:00,2974344
65.7,73.2,64.8,56.9,2026-05-29 04:00:00,2974344
64.6,75.1,63.9,56.6,2026-05-29 04:20:00,2974344
63.9,77.0,63.3,56.6,2026-05-29 04:40:00,2974344
63.3,79.0,62.8,56.7,2026-05-29 05:00:00,2974344
62.5,80.8,62.2,56.5,2026-05-29 05:20:00,2974344
61.8,81.3,61.5,56.0,2026-05-29 05:40:00,2974344
61.4,82.0,61.2,55.8,2026-05-29 06:00:00,2974344
61.9,80.5,61.5,55.9,2026-05-29 06:20:00,2974344
62.9,75.4,62.1,55.0,2026-05-29 06:40:00,2974344
64.3,68.3,62.8,53.7,2026-05-29 07:00:00,2974344
65.0,65.5,63.1,53.2,2026-05-29 07:20:00,2974344
66.1,60.9,64.2,52.2,2026-05-29 07:40:00,2974344
66.7,58.7,64.8,51.8,2026-05-29 08:00:00,2974344
67.0,58.6,65.3,52.0,2026-05-29 08:20:00,2974344
68.5,57.8,67.3,53.0,2026-05-29 08:40:00,2974344
69.0,56.7,67.8,53.0,2026-05-29 09:00:00,2974344
69.7,55.4,68.9,53.0,2026-05-29 09:20:00,2974344
70.5,54.4,69.8,53.3,2026-05-29 09:40:00,2974344
74.2,50.9,73.2,54.9,2026-05-29 10:00:00,2974344
75.3,48.6,73.9,54.6,2026-05-29 10:20:00,2974344
77.3,45.6,75.6,54.7,2026-05-29 10:40:00,2974344
77.9,42.9,76.1,53.6,2026-05-29 11:00:00,2974344
77.8,42.0,75.9,52.9,2026-05-29 11:20:00,2974344
77.7,42.6,75.9,53.2,2026-05-29 11:40:00,2974344
79.7,41.2,78.1,54.1,2026-05-29 12:00:00,2974344
80.9,38.8,79.0,53.5,2026-05-29 12:20:00,2974344
81.2,38.4,79.3,53.5,2026-05-29 12:40:00,2974344
83.3,36.7,81.7,54.1,2026-05-29 13:00:00,2974344
84.3,36.7,82.9,55.0,2026-05-29 13:20:00,2974344
84.2,36.1,82.6,54.4,2026-05-29 13:40:00,2974344
87.7,35.5,87.3,57.1,2026-05-29 14:00:00,2974344
87.2,35.0,86.4,56.2,2026-05-29 14:20:00,2974344
88.8,33.3,88.2,56.2,2026-05-29 14:40:00,2974344
86.9,34.4,86.0,55.5,2026-05-29 15:00:00,2974344
89.6,34.5,89.6,57.9,2026-05-29 15:20:00,2974344
85.6,36.2,84.6,55.7,2026-05-29 15:40:00,2974344
85.7,38.0,85.1,57.2,2026-05-29 16:00:00,2974344
84.4,37.2,83.3,55.5,2026-05-29 16:20:00,2974344
84.8,38.7,84.2,56.9,2026-05-29 16:40:00,2974344
85.0,37.9,84.2,56.5,2026-05-29 17:00:00,2974344
84.7,37.0,83.5,55.6,2026-05-29 17:20:00,2974344
85.0,39.5,84.6,57.7,2026-05-29 17:40:00,2974344
84.2,41.4,84.0,58.2,2026-05-29 18:00:00,2974344
83.4,43.1,83.1,58.7,2026-05-29 18:20:00,2974344
83.0,41.8,82.2,57.4,2026-05-29 18:40:00,2974344
82.4,42.5,81.5,57.3,2026-05-29 19:00:00,2974344
81.6,45.3,81.0,58.4,2026-05-29 19:20:00,2974344
80.9,45.0,79.9,57.6,2026-05-29 19:40:00,2974344
79.7,47.2,79.0,57.8,2026-05-29 20:00:00,2974344
78.5,49.1,77.7,57.8,2026-05-29 20:20:00,2974344
77.3,51.5,76.3,58.0,2026-05-29 20:40:00,2974344
76.1,53.7,75.4,58.1,2026-05-29 21:00:00,2974344
74.9,56.3,74.3,58.3,2026-05-29 21:20:00,2974344
73.8,59.6,73.6,58.8,2026-05-29 21:40:00,2974344
73.3,61.1,73.2,59.1,2026-05-29 22:00:00,2974344
72.6,62.3,72.7,58.9,2026-05-29 22:20:00,2974344
72.2,64.2,72.5,59.4,2026-05-29 22:40:00,2974344
71.7,66.2,72.1,59.9,2026-05-29 23:00:00,2974344
71.5,67.1,72.0,60.0,2026-05-29 23:20:00,2974344
71.2,68.7,71.6,60.4,2026-05-29 23:40:00,2974344
70.8,69.3,71.4,60.2,2026-05-30 00:00:00,2974344
70.6,70.0,71.1,60.4,2026-05-30 00:20:00,2974344
71.0,70.9,71.6,61.0,2026-05-30 00:40:00,2974344
72.8,70.8,73.6,62.7,2026-05-30 01:00:00,2974344
73.9,70.3,74.7,63.6,2026-05-30 01:20:00,2974344
73.7,71.3,74.5,63.9,2026-05-30 01:40:00,2974344
73.3,73.0,74.3,64.1,2026-05-30 02:00:00,2974344
73.0,74.9,73.9,64.5,2026-05-30 02:20:00,2974344
72.6,76.5,73.8,64.8,2026-05-30 02:40:00,2974344
72.5,77.3,73.8,65.0,2026-05-30 03:00:00,2974344
72.1,78.3,73.2,65.0,2026-05-30 03:20:00,2974344
71.7,80.3,72.9,65.3,2026-05-30 03:40:00,2974344
71.4,81.3,72.5,65.3,2026-05-30 04:00:00,2974344
71.3,82.7,72.7,65.8,2026-05-30 04:20:00,2974344
71.1,83.5,72.5,65.9,2026-05-30 04:40:00,2974344
71.0,84.6,72.3,66.1,2026-05-30 05:00:00,2974344
71.0,85.5,72.3,66.4,2026-05-30 05:20:00,2974344
70.7,86.0,72.1,66.3,2026-05-30 05:40:00,2974344
70.5,87.2,71.8,66.5,2026-05-30 06:00:00,2974344
70.7,87.5,72.3,66.8,2026-05-30 06:20:00,2974344
71.3,86.9,72.9,67.2,2026-05-30 06:40:00,2974344
71.7,86.5,73.4,67.4,2026-05-30 07:00:00,2974344
71.9,86.2,73.4,67.5,2026-05-30 07:20:00,2974344
72.9,85.2,74.8,68.2,2026-05-30 07:40:00,2974344
73.7,83.8,75.7,68.4,2026-05-30 08:00:00,2974344
74.9,79.9,76.8,68.3,2026-05-30 08:20:00,2974344
76.3,66.6,76.8,64.4,2026-05-30 08:40:00,2974344
76.1,55.8,75.6,59.2,2026-05-30 09:00:00,2974344
76.3,53.0,75.4,57.9,2026-05-30 09:20:00,2974344
78.2,45.5,76.6,55.4,2026-05-30 09:40:00,2974344
80.7,40.4,79.0,54.5,2026-05-30 10:00:00,2974344
82.2,38.1,80.2,54.1,2026-05-30 10:20:00,2974344
82.0,36.5,79.7,52.8,2026-05-30 10:40:00,2974344
82.2,33.7,79.3,50.8,2026-05-30 11:00:00,2974344
82.5,35.3,80.2,52.3,2026-05-30 11:20:00,2974344
82.7,31.8,79.7,49.7,2026-05-30 11:40:00,2974344
82.7,27.1,79.0,45.4,2026-05-30 12:00:00,2974344
85.2,28.9,82.4,49.3,2026-05-30 12:20:00,2974344
86.1,26.6,82.9,47.9,2026-05-30 12:40:00,2974344
86.9,28.0,84.0,49.9,2026-05-30 13:00:00,2974344
87.5,25.0,84.4,47.4,2026-05-30 13:20:00,2974344
87.9,25.0,84.7,47.7,2026-05-30 13:40:00,2974344
86.9,24.4,83.7,46.2,2026-05-30 14:00:00,2974344
89.7,21.2,86.0,44.8,2026-05-30 14:20:00,2974344
89.6,21.8,86.0,45.4,2026-05-30 14:40:00,2974344
90.0,23.3,87.1,47.6,2026-05-30 15:00:00,2974344
89.8,22.9,86.7,47.0,2026-05-30 15:20:00,2974344
88.4,26.0,85.6,49.2,2026-05-30 15:40:00,2974344
87.4,28.0,84.7,50.4,2026-05-30 16:00:00,2974344
86.6,27.8,83.8,49.4,2026-05-30 16:20:00,2974344
85.7,26.0,82.4,46.9,2026-05-30 16:40:00,2974344
86.7,31.5,84.9,53.0,2026-05-30 17:00:00,2974344
86.9,28.8,84.2,50.6,2026-05-30 17:20:00,2974344
86.9,30.3,84.6,52.0,2026-05-30 17:40:00,2974344
85.3,30.8,82.8,51.1,2026-05-30 18:00:00,2974344
82.8,33.3,80.2,51.0,2026-05-30 18:20:00,2974344
82.2,34.0,79.3,51.0,2026-05-30 18:40:00,2974344
81.5,33.4,78.8,50.0,2026-05-30 19:00:00,2974344
80.9,34.2,78.3,50.1,2026-05-30 19:20:00,2974344
80.2,35.8,77.5,50.6,2026-05-30 19:40:00,2974344
79.5,37.4,77.2,51.2,2026-05-30 20:00:00,2974344
78.3,39.2,76.1,51.5,2026-05-30 20:20:00,2974344
77.0,41.6,74.8,51.9,2026-05-30 20:40:00,2974344
75.6,45.0,73.8,52.7,2026-05-30 21:00:00,2974344
75.7,43.7,73.8,52.0,2026-05-30 21:20:00,2974344
76.1,39.3,73.8,49.6,2026-05-30 21:40:00,2974344
75.7,37.2,73.0,47.7,2026-05-30 22:00:00,2974344
74.6,40.9,72.5,49.2,2026-05-30 22:20:00,2974344
73.4,48.0,72.1,52.5,2026-05-30 22:40:00,2974344
71.8,48.3,70.9,51.3,2026-05-30 23:00:00,2974344
70.5,47.3,69.3,49.4,2026-05-30 23:20:00,2974344
69.4,49.3,67.8,49.6,2026-05-30 23:40:00,2974344
68.2,51.8,66.4,49.8,2026-05-31 00:00:00,2974344
67.1,54.1,65.1,49.9,2026-05-31 00:20:00,2974344
66.5,56.1,64.2,50.3,2026-05-31 00:40:00,2974344
66.0,57.9,63.7,50.7,2026-05-31 01:00:00,2974344
65.4,59.3,63.0,50.8,2026-05-31 01:20:00,2974344
64.5,59.8,62.1,50.2,2026-05-31 01:40:00,2974344
63.8,61.2,61.5,50.2,2026-05-31 02:00:00,2974344
63.2,62.6,61.2,50.3,2026-05-31 02:20:00,2974344
62.7,61.6,60.4,49.4,2026-05-31 02:40:00,2974344
62.4,61.0,60.1,48.8,2026-05-31 03:00:00,2974344
62.3,61.3,60.1,48.9,2026-05-31 03:20:00,2974344
62.2,61.8,60.1,48.9,2026-05-31 03:40:00,2974344
61.9,62.7,60.1,49.0,2026-05-31 04:00:00,2974344
61.2,63.3,59.4,48.7,2026-05-31 04:20:00,2974344
60.3,64.7,58.6,48.4,2026-05-31 04:40:00,2974344
59.6,66.4,58.1,48.4,2026-05-31 05:00:00,2974344
59.0,68.7,57.6,48.7,2026-05-31 05:20:00,2974344
58.5,69.8,57.4,48.7,2026-05-31 05:40:00,2974344
58.1,71.9,57.2,49.1,2026-05-31 06:00:00,2974344
57.7,72.8,56.7,49.0,2026-05-31 06:20:00,2974344
57.5,75.0,56.7,49.6,2026-05-31 06:40:00,2974344
57.9,76.4,57.0,50.5,2026-05-31 07:00:00,2974344
58.8,74.8,57.7,50.8,2026-05-31 07:20:00,2974344
60.3,72.2,59.2,51.3,2026-05-31 07:40:00,2974344
61.7,69.7,60.3,51.7,2026-05-31 08:00:00,2974344
62.0,68.8,60.4,51.7,2026-05-31 08:20:00,2974344
63.5,67.3,61.9,52.5,2026-05-31 08:40:00,2974344
64.1,62.2,62.1,50.9,2026-05-31 09:00:00,2974344
64.9,60.0,62.6,50.7,2026-05-31 09:20:00,2974344
66.1,55.2,63.7,49.5,2026-05-31 09:40:00,2974344
69.8,52.1,68.7,51.5,2026-05-31 10:00:00,2974344
70.6,45.0,69.4,48.2,2026-05-31 10:20:00,2974344
71.3,45.2,70.2,49.0,2026-05-31 10:40:00,2974344
72.7,43.1,71.2,49.0,2026-05-31 11:00:00,2974344
73.9,41.0,72.0,48.7,2026-05-31 11:20:00,2974344
74.1,41.2,72.1,49.1,2026-05-31 11:40:00,2974344
73.7,41.1,71.8,48.6,2026-05-31 12:00:00,2974344
75.7,39.0,73.2,49.0,2026-05-31 12:20:00,2974344
76.5,38.5,74.1,49.3,2026-05-31 12:40:00,2974344
76.5,36.6,73.8,47.9,2026-05-31 13:00:00,2974344
80.0,36.4,77.5,51.0,2026-05-31 13:20:00,2974344
80.1,34.6,77.4,49.7,2026-05-31 13:40:00,2974344
79.9,32.7,76.8,48.0,2026-05-31 14:00:00,2974344
84.8,30.4,82.2,50.3,2026-05-31 14:20:00,2974344
84.8,31.9,82.4,51.6,2026-05-31 14:40:00,2974344
82.2,33.3,79.3,50.5,2026-05-31 15:00:00,2974344
82.3,33.7,79.7,50.9,2026-05-31 15:20:00,2974344
82.2,33.7,79.7,50.9,2026-05-31 15:40:00,2974344
81.6,35.9,79.2,52.0,2026-05-31 16:00:00,2974344
81.7,36.1,79.5,52.3,2026-05-31 16:20:00,2974344
80.8,38.6,79.0,53.3,2026-05-31 16:40:00,2974344
80.6,38.2,78.4,52.8,2026-05-31 17:00:00,2974344
79.8,38.5,77.7,52.3,2026-05-31 17:20:00,2974344
79.8,38.6,77.7,52.4,2026-05-31 17:40:00,2974344
78.7,39.9,76.5,52.2,2026-05-31 18:00:00,2974344
78.3,40.9,76.3,52.6,2026-05-31 18:20:00,2974344
77.6,42.8,75.7,53.3,2026-05-31 18:40:00,2974344
76.9,44.3,75.0,53.5,2026-05-31 19:00:00,2974344
76.4,44.8,74.5,53.3,2026-05-31 19:20:00,2974344
75.7,45.6,73.9,53.2,2026-05-31 19:40:00,2974344
75.2,47.6,73.8,54.0,2026-05-31 20:00:00,2974344
74.8,48.5,73.4,54.1,2026-05-31 20:20:00,2974344
74.4,49.4,73.2,54.3,2026-05-31 20:40:00,2974344
73.7,49.8,72.5,53.8,2026-05-31 21:00:00,2974344
73.3,50.7,72.3,53.9,2026-05-31 21:20:00,2974344
72.5,51.7,71.6,53.7,2026-05-31 21:40:00,2974344
71.7,53.4,71.1,53.9,2026-05-31 22:00:00,2974344
71.1,55.0,70.5,54.1,2026-05-31 22:20:00,2974344
70.5,56.1,70.2,54.1,2026-05-31 22:40:00,2974344
70.1,57.1,69.4,54.2,2026-05-31 23:00:00,2974344
70.3,57.8,69.8,54.7,2026-05-31 23:20:00,2974344
70.4,58.6,70.2,55.2,2026-05-31 23:40:00,2974344
70.9,59.4,70.7,56.0,2026-06-01 00:00:00,2974344
71.2,59.7,70.9,56.5,2026-06-01 00:20:00,2974344
71.2,60.9,71.1,56.9,2026-06-01 00:40:00,2974344
71.1,62.7,71.2,57.7,2026-06-01 01:00:00,2974344
70.8,62.7,70.9,57.5,2026-06-01 01:20:00,2974344
70.6,63.7,70.7,57.7,2026-06-01 01:40:00,2974344
70.6,63.9,70.7,57.7,2026-06-01 02:00:00,2974344
70.5,64.4,70.7,57.9,2026-06-01 02:20:00,2974344
70.5,65.0,70.7,58.2,2026-06-01 02:40:00,2974344
70.6,65.8,70.7,58.6,2026-06-01 03:00:00,2974344
70.4,66.6,70.7,58.8,2026-06-01 03:20:00,2974344
70.2,66.8,70.3,58.7,2026-06-01 03:40:00,2974344
70.0,67.2,70.2,58.6,2026-06-01 04:00:00,2974344
69.5,68.3,69.4,58.6,2026-06-01 04:20:00,2974344
69.1,69.4,68.9,58.6,2026-06-01 04:40:00,2974344
69.1,69.9,69.1,58.9,2026-06-01 05:00:00,2974344
69.1,70.2,68.9,59.0,2026-06-01 05:20:00,2974344
68.9,70.5,68.9,58.9,2026-06-01 05:40:00,2974344
68.3,71.2,68.0,58.6,2026-06-01 06:00:00,2974344
67.6,72.2,67.1,58.3,2026-06-01 06:20:00,2974344
67.3,73.9,67.1,58.7,2026-06-01 06:40:00,2974344
67.6,75.2,67.5,59.4,2026-06-01 07:00:00,2974344
68.3,75.0,68.2,60.0,2026-06-01 07:20:00,2974344
69.4,73.5,69.6,60.6,2026-06-01 07:40:00,2974344
70.2,71.2,70.5,60.4,2026-06-01 08:00:00,2974344
70.6,70.9,71.1,60.7,2026-06-01 08:20:00,2974344
71.5,70.6,72.1,61.4,2026-06-01 08:40:00,2974344
72.0,69.2,72.7,61.4,2026-06-01 09:00:00,2974344
73.1,68.8,73.6,62.3,2026-06-01 09:20:00,2974344
74.4,68.3,75.0,63.3,2026-06-01 09:40:00,2974344
77.1,65.0,77.7,64.5,2026-06-01 10:00:00,2974344
78.5,62.3,79.7,64.6,2026-06-01 10:20:00,2974344
80.0,58.9,81.1,64.3,2026-06-01 10:40:00,2974344
80.1,56.8,81.1,63.4,2026-06-01 11:00:00,2974344
81.9,56.0,83.7,64.6,2026-06-01 11:20:00,2974344
82.4,54.8,83.8,64.5,2026-06-01 11:40:00,2974344
82.3,53.2,83.5,63.6,2026-06-01 12:00:00,2974344
82.7,53.8,84.2,64.2,2026-06-01 12:20:00,2974344
83.1,52.8,84.9,64.1,2026-06-01 12:40:00,2974344
83.9,49.0,85.3,62.7,2026-06-01 13:00:00,2974344
83.7,47.6,84.7,61.7,2026-06-01 13:20:00,2974344
84.9,46.2,86.2,62.0,2026-06-01 13:40:00,2974344
84.3,42.8,84.2,59.2,2026-06-01 14:00:00,2974344
83.7,45.0,84.0,60.1,2026-06-01 14:20:00,2974344
84.3,41.2,84.0,58.2,2026-06-01 14:40:00,2974344
85.6,32.5,83.7,52.8,2026-06-01 15:00:00,2974344
86.5,34.2,85.3,55.0,2026-06-01 15:20:00,2974344
85.4,36.3,84.2,55.6,2026-06-01 15:40:00,2974344
85.4,37.9,84.6,56.9,2026-06-01 16:00:00,2974344
83.9,37.2,82.6,55.0,2026-06-01 16:20:00,2974344
83.0,41.5,82.0,57.2,2026-06-01 16:40:00,2974344
82.0,41.8,80.6,56.5,2026-06-01 17:00:00,2974344
82.0,40.9,80.4,55.9,2026-06-01 17:20:00,2974344
82.1,40.2,80.6,55.6,2026-06-01 17:40:00,2974344
80.4,42.0,78.8,55.2,2026-06-01 18:00:00,2974344
80.2,40.7,78.4,54.2,2026-06-01 18:20:00,2974344
80.1,40.2,78.4,53.7,2026-06-01 18:40:00,2974344
79.2,40.7,77.4,53.3,2026-06-01 19:00:00,2974344
78.2,42.2,76.3,53.3,2026-06-01 19:20:00,2974344
77.6,43.0,75.7,53.3,2026-06-01 19:40:00,2974344
77.0,42.4,75.0,52.4,2026-06-01 20:00:00,2974344
76.1,43.7,74.3,52.5,2026-06-01 20:20:00,2974344
75.0,44.2,73.2,51.7,2026-06-01 20:40:00,2974344
73.7,47.4,72.3,52.4,2026-06-01 21:00:00,2974344
72.7,49.4,71.6,52.7,2026-06-01 21:20:00,2974344
72.2,50.6,71.4,52.8,2026-06-01 21:40:00,2974344
71.7,50.2,70.9,52.2,2026-06-01 22:00:00,2974344
72.0,48.4,71.1,51.5,2026-06-01 22:20:00,2974344
71.9,45.3,70.7,49.6,2026-06-01 22:40:00,2974344
72.0,44.2,70.7,49.1,2026-06-01 23:00:00,2974344
71.6,49.9,70.5,51.9,2026-06-01 23:20:00,2974344
70.9,54.9,70.3,53.9,2026-06-01 23:40:00,2974344
70.4,58.0,70.2,55.0,2026-06-02 00:00:00,2974344
70.1,59.4,69.6,55.3,2026-06-02 00:20:00,2974344
69.7,58.7,69.1,54.5,2026-06-02 00:40:00,2974344
69.5,54.5,68.5,52.3,2026-06-02 01:00:00,2974344
68.9,49.8,67.1,49.4,2026-06-02 01:20:00,2974344
68.2,55.2,66.7,51.5,2026-06-02 01:40:00,2974344
67.4,55.7,65.5,51.0,2026-06-02 02:00:00,2974344
66.8,53.0,64.6,49.1,2026-06-02 02:20:00,2974344
65.9,54.2,63.3,48.8,2026-06-02 02:40:00,2974344
65.0,56.0,62.2,49.0,2026-06-02 03:00:00,2974344
64.5,58.2,62.1,49.5,2026-06-02 03:20:00,2974344
63.8,60.3,61.5,49.8,2026-06-02 03:40:00,2974344
63.4,62.8,61.3,50.5,2026-06-02 04:00:00,2974344
62.9,64.7,61.0,50.9,2026-06-02 04:20:00,2974344
62.5,66.5,60.8,51.2,2026-06-02 04:40:00,2974344
62.2,67.5,60.4,51.3,2026-06-02 05:00:00,2974344
61.7,68.8,60.3,51.4,2026-06-02 05:20:00,2974344
61.2,70.3,59.9,51.5,2026-06-02 05:40:00,2974344
61.0,72.0,59.9,51.9,2026-06-02 06:00:00,2974344
60.8,73.1,59.7,52.1,2026-06-02 06:20:00,2974344
60.5,74.3,59.5,52.3,2026-06-02 06:40:00,2974344
60.9,74.2,59.9,52.7,2026-06-02 07:00:00,2974344
61.1,73.0,59.9,52.3,2026-06-02 07:20:00,2974344
61.5,72.3,60.3,52.5,2026-06-02 07:40:00,2974344
62.2,70.5,60.8,52.4,2026-06-02 08:00:00,2974344
63.1,68.0,61.5,52.3,2026-06-02 08:20:00,2974344
63.5,65.7,61.7,51.8,2026-06-02 08:40:00,2974344
63.5,64.3,61.7,51.2,2026-06-02 09:00:00,2974344
64.4,61.9,62.2,51.1,2026-06-02 09:20:00,2974344
64.1,61.8,61.9,50.8,2026-06-02 09:40:00,2974344
65.1,60.2,62.8,51.0,2026-06-02 10:00:00,2974344
68.5,54.8,66.9,51.6,2026-06-02 10:20:00,2974344
69.8,48.9,68.4,49.7,2026-06-02 10:40:00,2974344
71.2,47.7,70.2,50.3,2026-06-02 11:00:00,2974344
73.4,43.6,71.8,49.9,2026-06-02 11:20:00,2974344
74.9,39.4,72.7,48.6,2026-06-02 11:40:00,2974344
74.9,38.5,72.7,47.9,2026-06-02 12:00:00,2974344
75.9,37.2,73.4,48.0,2026-06-02 12:20:00,2974344
77.1,36.6,74.3,48.6,2026-06-02 12:40:00,2974344
75.9,35.5,73.0,46.7,2026-06-02 13:00:00,2974344
77.7,35.2,75.0,48.0,2026-06-02 13:20:00,2974344
78.5,33.5,75.6,47.5,2026-06-02 13:40:00,2974344
78.8,31.1,75.4,45.7,2026-06-02 14:00:00,2974344
78.4,31.8,75.2,46.0,2026-06-02 14:20:00,2974344
79.0,31.4,75.7,46.1,2026-06-02 14:40:00,2974344
80.9,29.7,77.4,46.4,2026-06-02 15:00:00,2974344
81.3,29.3,77.7,46.3,2026-06-02 15:20:00,2974344
77.1,31.1,73.8,44.3,2026-06-02 15:40:00,2974344
77.8,31.5,74.5,45.2,2026-06-02 16:00:00,2974344
77.6,30.9,74.3,44.5,2026-06-02 16:20:00,2974344
76.7,31.9,73.6,44.6,2026-06-02 16:40:00,2974344
77.5,30.4,74.1,43.9,2026-06-02 17:00:00,2974344
76.8,30.1,73.4,43.1,2026-06-02 17:20:00,2974344
75.6,30.7,72.3,42.6,2026-06-02 17:40:00,2974344
75.4,29.9,72.1,41.7,2026-06-02 18:00:00,2974344
74.6,30.0,71.6,41.1,2026-06-02 18:20:00,2974344
74.3,30.0,71.4,40.9,2026-06-02 18:40:00,2974344
73.3,30.5,70.5,40.5,2026-06-02 19:00:00,2974344
72.9,30.4,70.2,40.0,2026-06-02 19:20:00,2974344
72.1,31.4,69.4,40.2,2026-06-02 19:40:00,2974344
71.3,31.1,68.9,39.2,2026-06-02 20:00:00,2974344
70.2,32.3,67.8,39.2,2026-06-02 20:20:00,2974344
69.3,34.3,66.7,40.0,2026-06-02 20:40:00,2974344
68.2,34.6,65.1,39.2,2026-06-02 21:00:00,2974344
67.2,36.8,63.7,40.0,2026-06-02 21:20:00,2974344
66.2,38.9,62.2,40.5,2026-06-02 21:40:00,2974344
64.9,42.0,61.0,41.3,2026-06-02 22:00:00,2974344
63.3,44.1,59.5,41.1,2026-06-02 22:20:00,2974344
62.0,48.3,58.6,42.3,2026-06-02 22:40:00,2974344
60.7,51.5,57.9,42.7,2026-06-02 23:00:00,2974344
59.4,55.3,57.0,43.4,2026-06-02 23:20:00,2974344
58.5,57.9,56.3,43.7,2026-06-02 23:40:00,2974344
57.6,60.8,55.8,44.2,2026-06-03 00:00:00,2974344
56.8,63.2,55.0,44.4,2026-06-03 00:20:00,2974344
56.2,64.0,54.7,44.2,2026-06-03 00:40:00,2974344
55.1,67.4,53.8,44.5,2026-06-03 01:00:00,2974344
55.1,67.6,54.0,44.6,2026-06-03 01:20:00,2974344
54.0,69.6,53.1,44.3,2026-06-03 01:40:00,2974344
53.2,72.0,52.5,44.4,2026-06-03 02:00:00,2974344
53.0,72.7,52.2,44.5,2026-06-03 02:20:00,2974344
52.4,74.7,51.6,44.6,2026-06-03 02:40:00,2974344
52.0,76.0,51.4,44.6,2026-06-03 03:00:00,2974344
51.7,76.5,51.1,44.6,2026-06-03 03:20:00,2974344
51.0,78.2,50.5,44.4,2026-06-03 03:40:00,2974344
50.9,78.7,50.5,44.5,2026-06-03 04:00:00,2974344
50.5,80.2,50.0,44.6,2026-06-03 04:20:00,2974344
50.1,81.9,49.8,44.8,2026-06-03 04:40:00,2974344
49.6,83.5,49.4,44.8,2026-06-03 05:00:00,2974344
49.8,83.5,49.8,45.0,2026-06-03 05:20:00,2974344
49.3,84.4,49.1,44.8,2026-06-03 05:40:00,2974344
49.2,85.2,49.1,44.9,2026-06-03 06:00:00,2974344
49.0,86.0,48.9,45.0,2026-06-03 06:20:00,2974344
49.4,86.3,49.4,45.5,2026-06-03 06:40:00,2974344
50.3,85.9,50.2,46.2,2026-06-03 07:00:00,2974344
51.5,85.2,51.4,47.2,2026-06-03 07:20:00,2974344
53.5,82.8,53.4,48.5,2026-06-03 07:40:00,2974344
56.7,76.5,56.1,49.4,2026-06-03 08:00:00,2974344
60.1,68.1,58.8,49.5,2026-06-03 08:20:00,2974344
64.8,53.6,61.9,47.6,2026-06-03 08:40:00,2974344
66.8,47.2,64.0,46.1,2026-06-03 09:00:00,2974344
68.5,44.9,66.0,46.3,2026-06-03 09:20:00,2974344
70.6,41.2,69.1,46.0,2026-06-03 09:40:00,2974344
74.3,37.6,72.0,46.7,2026-06-03 10:00:00,2974344
76.6,35.1,73.8,47.0,2026-06-03 10:20:00,2974344
77.6,34.2,74.7,47.2,2026-06-03 10:40:00,2974344
78.7,32.8,75.6,47.0,2026-06-03 11:00:00,2974344
79.3,30.7,75.9,45.9,2026-06-03 11:20:00,2974344
80.0,28.4,76.5,44.3,2026-06-03 11:40:00,2974344
79.2,28.1,75.6,43.4,2026-06-03 12:00:00,2974344
80.2,27.9,76.5,44.1,2026-06-03 12:20:00,2974344
81.4,25.9,77.5,43.2,2026-06-03 12:40:00,2974344
83.1,26.9,79.3,45.6,2026-06-03 13:00:00,2974344
81.7,25.8,77.9,43.2,2026-06-03 13:20:00,2974344
83.6,26.0,79.9,45.0,2026-06-03 13:40:00,2974344
82.7,24.9,78.8,43.2,2026-06-03 14:00:00,2974344
81.9,26.1,78.1,43.8,2026-06-03 14:20:00,2974344
85.2,25.3,81.7,45.8,2026-06-03 14:40:00,2974344
85.6,24.0,81.9,44.7,2026-06-03 15:00:00,2974344
86.1,24.6,82.6,45.8,2026-06-03 15:20:00,2974344
83.0,26.8,79.3,45.4,2026-06-03 15:40:00,2974344
82.1,27.5,78.4,45.3,2026-06-03 16:00:00,2974344
81.5,27.5,77.9,44.8,2026-06-03 16:20:00,2974344
81.3,27.8,77.5,44.9,2026-06-03 16:40:00,2974344
80.6,27.9,77.0,44.4,2026-06-03 17:00:00,2974344
82.1,27.0,78.4,44.9,2026-06-03 17:20:00,2974344
81.9,27.3,78.3,44.9,2026-06-03 17:40:00,2974344
81.6,28.0,77.9,45.3,2026-06-03 18:00:00,2974344
80.7,28.1,77.0,44.6,2026-06-03 18:20:00,2974344
80.8,28.0,77.2,44.6,2026-06-03 18:40:00,2974344
79.8,28.7,76.3,44.4,2026-06-03 19:00:00,2974344
79.2,28.8,75.7,44.1,2026-06-03 19:20:00,2974344
78.7,29.6,75.2,44.3,2026-06-03 19:40:00,2974344
78.0,30.7,74.7,44.7,2026-06-03 20:00:00,2974344
76.1,33.6,73.0,45.4,2026-06-03 20:20:00,2974344
74.0,38.3,71.8,47.0,2026-06-03 20:40:00,2974344
72.0,41.3,70.3,47.2,2026-06-03 21:00:00,2974344
69.9,47.0,68.4,48.8,2026-06-03 21:20:00,2974344
68.5,48.2,66.4,48.2,2026-06-03 21:40:00,2974344
67.3,49.5,64.9,47.8,2026-06-03 22:00:00,2974344
66.2,50.7,63.3,47.4,2026-06-03 22:20:00,2974344
65.2,52.7,62.2,47.5,2026-06-03 22:40:00,2974344
64.5,56.2,61.7,48.6,2026-06-03 23:00:00,2974344
63.9,57.5,61.3,48.7,2026-06-03 23:20:00,2974344
63.2,60.4,61.0,49.3,2026-06-03 23:40:00,2974344
62.3,62.6,60.3,49.4,2026-06-04 00:00:00,2974344
61.7,64.6,59.9,49.7,2026-06-04 00:20:00,2974344
60.9,66.7,59.4,49.8,2026-06-04 00:40:00,2974344
60.4,68.4,59.0,49.9,2026-06-04 01:00:00,2974344
59.6,69.3,58.3,49.6,2026-06-04 01:20:00,2974344
58.6,71.1,57.4,49.3,2026-06-04 01:40:00,2974344
58.3,72.8,57.2,49.6,2026-06-04 02:00:00,2974344
57.9,73.9,57.2,49.7,2026-06-04 02:20:00,2974344
57.4,75.0,56.7,49.5,2026-06-04 02:40:00,2974344
56.8,75.5,56.1,49.2,2026-06-04 03:00:00,2974344
56.1,77.8,55.4,49.3,2026-06-04 03:20:00,2974344
55.5,79.5,55.0,49.3,2026-06-04 03:40:00,2974344
55.4,79.7,54.9,49.2,2026-06-04 04:00:00,2974344
54.9,80.6,54.5,49.1,2026-06-04 04:20:00,2974344
54.8,81.6,54.5,49.3,2026-06-04 04:40:00,2974344
54.1,83.0,54.0,49.1,2026-06-04 05:00:00,2974344
54.1,83.4,54.0,49.2,2026-06-04 05:20:00,2974344
53.5,84.7,53.4,49.1,2026-06-04 05:40:00,2974344
53.2,85.9,53.2,49.1,2026-06-04 06:00:00,2974344
53.2,86.4,53.2,49.2,2026-06-04 06:20:00,2974344
53.4,86.8,53.6,49.6,2026-06-04 06:40:00,2974344
54.4,86.4,54.5,50.5,2026-06-04 07:00:00,2974344
55.9,85.4,55.8,51.5,2026-06-04 07:20:00,2974344
58.0,83.9,57.9,53.2,2026-06-04 07:40:00,2974344
61.3,77.8,60.6,54.3,2026-06-04 08:00:00,2974344
65.3,65.3,63.5,53.4,2026-06-04 08:20:00,2974344
68.5,58.8,67.3,53.6,2026-06-04 08:40:00,2974344
70.7,49.5,70.0,50.9,2026-06-04 09:00:00,2974344
73.0,46.1,71.6,51.0,2026-06-04 09:20:00,2974344
75.6,42.6,73.6,51.3,2026-06-04 09:40:00,2974344
80.3,36.7,77.9,51.5,2026-06-04 10:00:00,2974344
81.2,31.8,78.1,48.4,2026-06-04 10:20:00,2974344
83.7,30.6,80.8,49.5,2026-06-04 10:40:00,2974344
83.1,28.4,79.5,47.0,2026-06-04 11:00:00,2974344
83.2,29.0,79.9,47.7,2026-06-04 11:20:00,2974344
84.8,28.0,81.7,48.1,2026-06-04 11:40:00,2974344
84.8,25.3,81.3,45.4,2026-06-04 12:00:00,2974344
86.9,26.2,84.0,48.1,2026-06-04 12:20:00,2974344
87.1,24.2,83.7,46.1,2026-06-04 12:40:00,2974344
87.5,23.2,83.8,45.4,2026-06-04 13:00:00,2974344
87.8,23.6,84.4,46.0,2026-06-04 13:20:00,2974344
89.1,23.5,86.0,47.1,2026-06-04 13:40:00,2974344
91.5,21.4,88.3,46.7,2026-06-04 14:00:00,2974344
92.6,22.1,90.0,48.3,2026-06-04 14:20:00,2974344
94.6,21.0,91.9,48.7,2026-06-04 14:40:00,2974344
91.8,20.8,88.5,46.1,2026-06-04 15:00:00,2974344
93.2,21.0,90.5,47.5,2026-06-04 15:20:00,2974344
88.6,22.2,84.9,45.2,2026-06-04 15:40:00,2974344
90.1,23.5,87.3,47.9,2026-06-04 16:00:00,2974344
88.1,23.0,84.6,45.6,2026-06-04 16:20:00,2974344
88.9,22.9,85.6,46.3,2026-06-04 16:40:00,2974344
88.8,22.9,85.5,46.1,2026-06-04 17:00:00,2974344
89.3,23.1,86.0,46.8,2026-06-04 17:20:00,2974344
88.6,23.8,85.3,47.0,2026-06-04 17:40:00,2974344
88.1,23.4,84.6,46.1,2026-06-04 18:00:00,2974344
87.7,24.0,84.2,46.4,2026-06-04 18:20:00,2974344
87.2,23.7,83.7,45.7,2026-06-04 18:40:00,2974344
85.7,26.3,82.4,47.2,2026-06-04 19:00:00,2974344
84.9,26.3,81.5,46.5,2026-06-04 19:20:00,2974344
83.4,29.1,80.2,47.9,2026-06-04 19:40:00,2974344
82.0,31.7,78.8,49.0,2026-06-04 20:00:00,2974344
80.4,34.0,77.5,49.4,2026-06-04 20:20:00,2974344
78.1,36.8,75.6,49.6,2026-06-04 20:40:00,2974344
75.7,43.8,73.8,52.1,2026-06-04 21:00:00,2974344
74.4,45.9,72.9,52.2,2026-06-04 21:20:00,2974344
73.5,45.2,72.1,51.0,2026-06-04 21:40:00,2974344
72.4,47.4,71.2,51.3,2026-06-04 22:00:00,2974344
71.2,50.3,70.3,51.7,2026-06-04 22:20:00,2974344
70.0,53.7,69.3,52.4,2026-06-04 22:40:00,2974344
69.1,57.0,68.2,53.3,2026-06-04 23:00:00,2974344
68.3,58.4,67.1,53.1,2026-06-04 23:20:00,2974344
67.6,59.5,66.0,53.0,2026-06-04 23:40:00,2974344
66.8,61.4,65.3,53.1,2026-06-05 00:00:00,2974344
66.2,61.1,64.4,52.4,2026-06-05 00:20:00,2974344
65.4,63.6,63.3,52.8,2026-06-05 00:40:00,2974344
64.8,64.2,63.0,52.4,2026-06-05 01:00:00,2974344
64.0,68.7,62.4,53.5,2026-06-05 01:20:00,2974344
64.2,69.3,62.6,53.9,2026-06-05 01:40:00,2974344
64.4,68.5,62.8,53.8,2026-06-05 02:00:00,2974344
64.2,67.2,62.6,53.1,2026-06-05 02:20:00,2974344
63.7,69.1,62.2,53.4,2026-06-05 02:40:00,2974344
63.4,69.8,62.1,53.4,2026-06-05 03:00:00,2974344
63.1,71.3,61.9,53.7,2026-06-05 03:20:00,2974344
62.5,72.2,61.3,53.5,2026-06-05 03:40:00,2974344
62.0,73.8,61.0,53.5,2026-06-05 04:00:00,2974344
61.3,75.2,60.4,53.4,2026-06-05 04:20:00,2974344
60.9,76.7,60.1,53.5,2026-06-05 04:40:00,2974344
60.6,78.2,59.9,53.7,2026-06-05 05:00:00,2974344
59.8,79.7,59.4,53.5,2026-06-05 05:20:00,2974344
59.5,81.1,59.2,53.7,2026-06-05 05:40:00,2974344
59.2,81.6,59.0,53.6,2026-06-05 06:00:00,2974344
59.3,82.2,59.0,53.9,2026-06-05 06:20:00,2974344
59.5,82.4,59.2,54.1,2026-06-05 06:40:00,2974344
60.0,82.6,59.9,54.7,2026-06-05 07:00:00,2974344
60.9,82.2,60.6,55.5,2026-06-05 07:20:00,2974344
62.8,80.7,62.6,56.8,2026-06-05 07:40:00,2974344
65.1,76.7,64.2,57.6,2026-06-05 08:00:00,2974344
67.6,73.0,67.1,58.7,2026-06-05 08:20:00,2974344
70.8,64.4,71.1,58.2,2026-06-05 08:40:00,2974344
72.9,59.7,72.7,58.0,2026-06-05 09:00:00,2974344
74.9,56.3,74.3,58.3,2026-06-05 09:20:00,2974344
77.2,55.7,76.6,60.1,2026-06-05 09:40:00,2974344
82.9,44.8,82.4,59.2,2026-06-05 10:00:00,2974344
86.6,43.2,88.0,61.6,2026-06-05 10:20:00,2974344
88.8,39.1,90.1,60.8,2026-06-05 10:40:00,2974344
88.8,33.2,88.2,56.2,2026-06-05 11:00:00,2974344
89.6,32.0,88.9,55.9,2026-06-05 11:20:00,2974344
90.9,30.2,90.3,55.3,2026-06-05 11:40:00,2974344
92.3,28.9,91.6,55.3,2026-06-05 12:00:00,2974344
92.7,28.6,92.3,55.5,2026-06-05 12:20:00,2974344
93.0,36.6,96.1,62.5,2026-05-28 17:00:00,2974172
94.6,31.0,95.9,59.3,2026-05-28 17:20:00,2974172
93.1,30.7,93.6,57.8,2026-05-28 17:40:00,2974172
91.7,29.9,91.0,55.8,2026-05-28 18:00:00,2974172
84.0,32.9,81.7,51.8,2026-05-28 18:20:00,2974172
88.3,42.5,90.1,62.6,2026-05-28 18:40:00,2974172
89.2,41.3,91.4,62.7,2026-05-28 19:00:00,2974172
85.9,45.7,87.4,62.5,2026-05-28 19:20:00,2974172
84.3,48.1,85.6,62.6,2026-05-28 19:40:00,2974172
83.4,50.7,84.7,63.2,2026-05-28 20:00:00,2974172
82.0,53.4,82.9,63.3,2026-05-28 20:20:00,2974172
80.2,56.5,81.0,63.4,2026-05-28 20:40:00,2974172
78.9,60.2,79.9,64.0,2026-05-28 21:00:00,2974172
78.0,61.5,78.8,63.7,2026-05-28 21:20:00,2974172
77.3,64.2,77.9,64.3,2026-05-28 21:40:00,2974172
76.7,64.2,77.0,63.7,2026-05-28 22:00:00,2974172
75.8,65.7,76.1,63.5,2026-05-28 22:20:00,2974172
75.1,67.7,75.7,63.7,2026-05-28 22:40:00,2974172
75.2,61.4,75.2,61.0,2026-05-28 23:00:00,2974172
75.1,60.4,75.0,60.5,2026-05-28 23:20:00,2974172
74.4,58.2,73.9,58.8,2026-05-28 23:40:00,2974172
73.8,57.4,73.4,57.8,2026-05-29 00:00:00,2974172
73.0,59.0,72.7,57.8,2026-05-29 00:20:00,2974172
72.4,59.7,72.1,57.6,2026-05-29 00:40:00,2974172
71.7,60.7,71.6,57.4,2026-05-29 01:00:00,2974172
70.9,60.4,70.9,56.5,2026-05-29 01:20:00,2974172
70.1,60.3,69.8,55.7,2026-05-29 01:40:00,2974172
69.3,63.4,68.9,56.3,2026-05-29 02:00:00,2974172
68.5,64.0,67.8,55.9,2026-05-29 02:20:00,2974172
67.8,66.0,67.3,56.1,2026-05-29 02:40:00,2974172
67.4,67.9,66.6,56.5,2026-05-29 03:00:00,2974172
66.7,69.9,65.8,56.6,2026-05-29 03:20:00,2974172
66.5,69.9,65.5,56.4,2026-05-29 03:40:00,2974172
65.7,71.5,64.8,56.2,2026-05-29 04:00:00,2974172
64.7,72.4,63.5,55.6,2026-05-29 04:20:00,2974172
64.1,73.9,63.1,55.7,2026-05-29 04:40:00,2974172
63.7,74.3,62.8,55.4,2026-05-29 05:00:00,2974172
63.2,74.9,62.2,55.2,2026-05-29 05:20:00,2974172
63.1,74.8,62.1,55.0,2026-05-29 05:40:00,2974172
63.2,73.7,62.2,54.7,2026-05-29 06:00:00,2974172
63.1,73.7,62.1,54.6,2026-05-29 06:20:00,2974172
63.2,72.0,62.1,54.0,2026-05-29 06:40:00,2974172
63.6,70.2,62.2,53.7,2026-05-29 07:00:00,2974172
64.3,67.0,62.6,53.1,2026-05-29 07:20:00,2974172
65.5,63.7,63.7,52.9,2026-05-29 07:40:00,2974172
66.1,60.7,64.2,52.2,2026-05-29 08:00:00,2974172
67.2,60.4,65.7,53.0,2026-05-29 08:20:00,2974172
68.0,59.8,66.7,53.5,2026-05-29 08:40:00,2974172
69.3,58.5,68.5,54.1,2026-05-29 09:00:00,2974172
69.6,55.2,68.9,52.8,2026-05-29 09:20:00,2974172
70.6,55.0,70.2,53.7,2026-05-29 09:40:00,2974172
71.8,52.7,71.2,53.6,2026-05-29 10:00:00,2974172
72.6,51.1,71.8,53.5,2026-05-29 10:20:00,2974172
73.7,48.3,72.5,53.0,2026-05-29 10:40:00,2974172
74.4,46.4,72.9,52.5,2026-05-29 11:00:00,2974172
75.4,45.0,73.6,52.6,2026-05-29 11:20:00,2974172
75.8,46.3,74.1,53.7,2026-05-29 11:40:00,2974172
77.1,42.5,75.0,52.6,2026-05-29 12:00:00,2974172
77.7,43.3,75.9,53.6,2026-05-29 12:20:00,2974172
79.1,42.1,77.4,54.1,2026-05-29 12:40:00,2974172
80.0,40.9,78.1,54.1,2026-05-29 13:00:00,2974172
81.0,39.4,79.2,54.0,2026-05-29 13:20:00,2974172
81.3,39.1,79.5,54.1,2026-05-29 13:40:00,2974172
81.8,38.5,79.9,54.1,2026-05-29 14:00:00,2974172
83.2,37.1,81.5,54.4,2026-05-29 14:20:00,2974172
81.8,38.1,79.9,53.8,2026-05-29 14:40:00,2974172
83.5,39.9,82.6,56.6,2026-05-29 15:00:00,2974172
84.8,35.1,83.3,54.2,2026-05-29 15:20:00,2974172
84.4,35.6,82.9,54.3,2026-05-29 15:40:00,2974172
84.5,35.7,82.9,54.5,2026-05-29 16:00:00,2974172
85.0,37.7,84.2,56.3,2026-05-29 16:20:00,2974172
85.6,36.1,84.6,55.6,2026-05-29 16:40:00,2974172
85.7,34.7,84.4,54.7,2026-05-29 17:00:00,2974172
86.4,35.0,85.5,55.5,2026-05-29 17:20:00,2974172
85.9,35.1,84.7,55.1,2026-05-29 17:40:00,2974172
84.6,36.0,83.1,54.6,2026-05-29 18:00:00,2974172
84.6,36.8,83.3,55.3,2026-05-29 18:20:00,2974172
85.4,38.4,84.7,57.2,2026-05-29 18:40:00,2974172
83.9,39.0,82.9,56.3,2026-05-29 19:00:00,2974172
82.1,42.0,80.8,56.7,2026-05-29 19:20:00,2974172
80.9,45.2,80.1,57.7,2026-05-29 19:40:00,2974172
79.2,46.6,78.1,57.1,2026-05-29 20:00:00,2974172
78.3,48.0,77.2,57.0,2026-05-29 20:20:00,2974172
76.6,51.3,75.4,57.3,2026-05-29 20:40:00,2974172
75.1,53.9,74.3,57.3,2026-05-29 21:00:00,2974172
74.0,56.9,73.6,57.8,2026-05-29 21:20:00,2974172
73.5,59.3,73.2,58.4,2026-05-29 21:40:00,2974172
72.5,61.5,72.7,58.5,2026-05-29 22:00:00,2974172
71.7,62.5,71.8,58.2,2026-05-29 22:20:00,2974172
71.2,64.1,71.4,58.5,2026-05-29 22:40:00,2974172
70.8,65.8,71.1,58.7,2026-05-29 23:00:00,2974172
70.7,66.3,71.2,58.9,2026-05-29 23:20:00,2974172
70.4,67.0,70.7,59.0,2026-05-29 23:40:00,2974172
70.1,68.3,70.2,59.2,2026-05-30 00:00:00,2974172
70.1,69.3,70.3,59.6,2026-05-30 00:20:00,2974172
71.5,70.7,72.1,61.5,2026-05-30 00:40:00,2974172
72.6,71.0,73.2,62.7,2026-05-30 01:00:00,2974172
73.6,71.1,74.5,63.6,2026-05-30 01:20:00,2974172
73.7,71.6,74.5,64.0,2026-05-30 01:40:00,2974172
73.8,72.5,74.8,64.4,2026-05-30 02:00:00,2974172
73.4,73.8,74.3,64.5,2026-05-30 02:20:00,2974172
73.2,75.1,74.3,64.8,2026-05-30 02:40:00,2974172
72.9,76.6,74.1,65.1,2026-05-30 03:00:00,2974172
72.6,77.5,73.8,65.1,2026-05-30 03:20:00,2974172
72.3,79.1,73.6,65.4,2026-05-30 03:40:00,2974172
72.0,80.4,73.4,65.6,2026-05-30 04:00:00,2974172
71.6,81.7,73.0,65.7,2026-05-30 04:20:00,2974172
71.4,83.0,72.7,65.9,2026-05-30 04:40:00,2974172
71.2,84.0,72.5,66.1,2026-05-30 05:00:00,2974172
70.9,84.8,72.3,66.1,2026-05-30 05:20:00,2974172
70.7,85.5,71.8,66.1,2026-05-30 05:40:00,2974172
70.6,86.1,71.8,66.3,2026-05-30 06:00:00,2974172
70.8,86.2,72.1,66.4,2026-05-30 06:20:00,2974172
70.8,86.6,72.3,66.6,2026-05-30 06:40:00,2974172
71.1,86.5,72.7,66.8,2026-05-30 07:00:00,2974172
71.1,86.8,72.7,67.0,2026-05-30 07:20:00,2974172
72.5,85.4,74.3,67.9,2026-05-30 07:40:00,2974172
73.3,83.0,75.2,67.8,2026-05-30 08:00:00,2974172
74.3,77.7,75.9,66.9,2026-05-30 08:20:00,2974172
74.3,63.5,74.5,61.1,2026-05-30 08:40:00,2974172
74.8,56.7,74.1,58.4,2026-05-30 09:00:00,2974172
75.3,52.2,74.3,56.6,2026-05-30 09:20:00,2974172
77.0,46.0,75.4,54.6,2026-05-30 09:40:00,2974172
76.8,45.4,75.0,54.1,2026-05-30 10:00:00,2974172
78.0,42.8,76.1,53.5,2026-05-30 10:20:00,2974172
79.0,38.3,76.8,51.5,2026-05-30 10:40:00,2974172
78.8,35.7,76.1,49.3,2026-05-30 11:00:00,2974172
80.1,36.8,77.7,51.4,2026-05-30 11:20:00,2974172
80.1,36.3,77.7,51.0,2026-05-30 11:40:00,2974172
81.1,34.8,78.4,50.8,2026-05-30 12:00:00,2974172
81.7,30.9,78.4,48.1,2026-05-30 12:20:00,2974172
83.3,30.4,80.2,48.9,2026-05-30 12:40:00,2974172
84.2,27.4,81.0,47.1,2026-05-30 13:00:00,2974172
84.8,23.8,81.0,43.8,2026-05-30 13:20:00,2974172
85.2,24.9,81.7,45.3,2026-05-30 13:40:00,2974172
86.3,22.0,82.4,43.0,2026-05-30 14:00:00,2974172
86.6,21.8,82.8,43.0,2026-05-30 14:20:00,2974172
86.2,22.6,82.4,43.6,2026-05-30 14:40:00,2974172
88.0,23.3,84.6,45.9,2026-05-30 15:00:00,2974172
88.2,22.5,84.7,45.2,2026-05-30 15:20:00,2974172
87.5,24.1,84.0,46.4,2026-05-30 15:40:00,2974172
86.6,27.1,83.7,48.8,2026-05-30 16:00:00,2974172
85.4,29.8,82.6,50.2,2026-05-30 16:20:00,2974172
85.9,25.9,82.6,47.0,2026-05-30 16:40:00,2974172
86.6,25.6,83.3,47.2,2026-05-30 17:00:00,2974172
87.4,26.1,84.4,48.4,2026-05-30 17:20:00,2974172
86.6,26.4,83.5,48.1,2026-05-30 17:40:00,2974172
85.4,29.5,82.6,50.0,2026-05-30 18:00:00,2974172
83.7,32.8,81.3,51.4,2026-05-30 18:20:00,2974172
82.6,33.7,80.1,51.2,2026-05-30 18:40:00,2974172
81.6,34.4,79.0,50.8,2026-05-30 19:00:00,2974172
80.7,35.1,78.3,50.6,2026-05-30 19:20:00,2974172
80.2,35.9,77.5,50.7,2026-05-30 19:40:00,2974172
79.3,37.8,76.8,51.4,2026-05-30 20:00:00,2974172
78.0,39.2,75.7,51.2,2026-05-30 20:20:00,2974172
76.6,41.7,74.5,51.6,2026-05-30 20:40:00,2974172
75.5,44.1,73.6,52.1,2026-05-30 21:00:00,2974172
74.4,46.1,72.9,52.4,2026-05-30 21:20:00,2974172
74.9,42.4,73.0,50.5,2026-05-30 21:40:00,2974172
74.5,40.5,72.5,49.0,2026-05-30 22:00:00,2974172
74.1,40.5,72.0,48.6,2026-05-30 22:20:00,2974172
73.4,45.7,72.0,51.2,2026-05-30 22:40:00,2974172
72.2,49.6,71.2,52.4,2026-05-30 23:00:00,2974172
70.8,48.5,70.0,50.5,2026-05-30 23:20:00,2974172
69.5,48.4,68.0,49.2,2026-05-30 23:40:00,2974172
68.3,50.4,66.4,49.2,2026-05-31 00:00:00,2974172
67.4,53.0,65.3,49.6,2026-05-31 00:20:00,2974172
66.8,53.8,64.6,49.5,2026-05-31 00:40:00,2974172
66.1,55.5,63.7,49.7,2026-05-31 01:00:00,2974172
65.3,56.9,62.8,49.6,2026-05-31 01:20:00,2974172
64.8,58.4,62.4,49.8,2026-05-31 01:40:00,2974172
64.1,60.5,61.9,50.1,2026-05-31 02:00:00,2974172
63.6,60.7,61.3,49.7,2026-05-31 02:20:00,2974172
63.0,61.8,60.8,49.7,2026-05-31 02:40:00,2974172
62.6,62.1,60.4,49.4,2026-05-31 03:00:00,2974172
62.3,61.4,60.1,48.9,2026-05-31 03:20:00,2974172
62.5,61.3,60.3,49.0,2026-05-31 03:40:00,2974172
61.8,63.1,59.9,49.1,2026-05-31 04:00:00,2974172
61.2,63.6,59.4,48.8,2026-05-31 04:20:00,2974172
60.4,65.0,58.6,48.5,2026-05-31 04:40:00,2974172
59.3,66.5,57.7,48.2,2026-05-31 05:00:00,2974172
58.5,68.3,57.2,48.2,2026-05-31 05:20:00,2974172
58.0,69.8,56.8,48.3,2026-05-31 05:40:00,2974172
57.5,71.5,56.5,48.4,2026-05-31 06:00:00,2974172
56.8,73.5,55.9,48.4,2026-05-31 06:20:00,2974172
56.7,74.7,55.9,48.8,2026-05-31 06:40:00,2974172
57.0,75.8,56.1,49.5,2026-05-31 07:00:00,2974172
57.8,76.3,57.0,50.4,2026-05-31 07:20:00,2974172
59.6,75.0,58.8,51.7,2026-05-31 07:40:00,2974172
60.4,70.6,59.0,50.8,2026-05-31 08:00:00,2974172
61.9,69.7,60.6,51.9,2026-05-31 08:20:00,2974172
62.6,67.3,60.8,51.6,2026-05-31 08:40:00,2974172
63.8,63.9,61.9,51.4,2026-05-31 09:00:00,2974172
64.5,59.9,62.1,50.3,2026-05-31 09:20:00,2974172
66.1,54.9,63.7,49.4,2026-05-31 09:40:00,2974172
66.8,51.9,64.4,48.5,2026-05-31 10:00:00,2974172
67.6,50.9,65.5,48.8,2026-05-31 10:20:00,2974172
68.9,48.2,67.3,48.5,2026-05-31 10:40:00,2974172
69.1,46.3,67.1,47.6,2026-05-31 11:00:00,2974172
69.7,44.6,68.0,47.2,2026-05-31 11:20:00,2974172
70.6,45.6,69.4,48.6,2026-05-31 11:40:00,2974172
72.0,43.5,70.7,48.6,2026-05-31 12:00:00,2974172
72.0,41.0,70.3,47.0,2026-05-31 12:20:00,2974172
73.5,42.0,71.8,49.0,2026-05-31 12:40:00,2974172
74.8,40.7,72.7,49.3,2026-05-31 13:00:00,2974172
75.8,39.6,73.4,49.6,2026-05-31 13:20:00,2974172
76.8,36.9,74.1,48.5,2026-05-31 13:40:00,2974172
76.9,36.3,74.1,48.1,2026-05-31 14:00:00,2974172
77.0,35.0,74.1,47.3,2026-05-31 14:20:00,2974172
79.2,35.5,76.6,49.5,2026-05-31 14:40:00,2974172
78.9,35.3,76.3,49.2,2026-05-31 15:00:00,2974172
80.0,34.3,77.2,49.3,2026-05-31 15:20:00,2974172
80.0,34.9,77.2,49.8,2026-05-31 15:40:00,2974172
79.8,35.1,77.2,49.8,2026-05-31 16:00:00,2974172
80.2,36.5,77.7,51.2,2026-05-31 16:20:00,2974172
80.4,36.6,77.9,51.4,2026-05-31 16:40:00,2974172
80.7,36.3,78.3,51.5,2026-05-31 17:00:00,2974172
80.6,36.0,78.3,51.2,2026-05-31 17:20:00,2974172
81.7,37.3,79.7,53.2,2026-05-31 17:40:00,2974172
80.2,37.3,77.9,51.8,2026-05-31 18:00:00,2974172
80.0,38.6,77.9,52.5,2026-05-31 18:20:00,2974172
79.7,38.4,77.7,52.2,2026-05-31 18:40:00,2974172
81.1,38.2,79.0,53.2,2026-05-31 19:00:00,2974172
78.0,43.4,76.3,53.9,2026-05-31 19:20:00,2974172
76.4,45.2,74.7,53.7,2026-05-31 19:40:00,2974172
75.7,47.2,74.1,54.2,2026-05-31 20:00:00,2974172
74.9,48.0,73.6,53.9,2026-05-31 20:20:00,2974172
74.2,48.9,73.0,53.7,2026-05-31 20:40:00,2974172
73.0,51.0,72.0,53.8,2026-05-31 21:00:00,2974172
71.7,52.9,71.1,53.6,2026-05-31 21:20:00,2974172
70.6,55.6,70.2,53.9,2026-05-31 21:40:00,2974172
70.1,56.5,69.4,53.9,2026-05-31 22:00:00,2974172
69.3,58.7,68.5,54.3,2026-05-31 22:20:00,2974172
68.9,59.2,68.0,54.1,2026-05-31 22:40:00,2974172
69.1,58.9,68.4,54.2,2026-05-31 23:00:00,2974172
70.1,58.7,69.6,55.0,2026-05-31 23:20:00,2974172
70.8,59.0,70.7,55.8,2026-05-31 23:40:00,2974172
71.2,60.0,71.1,56.6,2026-06-01 00:00:00,2974172
71.3,59.1,71.1,56.3,2026-06-01 00:20:00,2974172
71.5,59.5,71.2,56.6,2026-06-01 00:40:00,2974172
71.3,59.2,71.1,56.4,2026-06-01 01:00:00,2974172
71.1,59.7,70.9,56.4,2026-06-01 01:20:00,2974172
71.0,60.4,70.9,56.6,2026-06-01 01:40:00,2974172
70.8,60.9,70.9,56.6,2026-06-01 02:00:00,2974172
70.6,62.1,70.5,57.0,2026-06-01 02:20:00,2974172
70.5,63.6,70.5,57.5,2026-06-01 02:40:00,2974172
70.2,64.2,70.2,57.6,2026-06-01 03:00:00,2974172
70.1,65.4,70.0,57.9,2026-06-01 03:20:00,2974172
69.8,66.3,69.6,58.0,2026-06-01 03:40:00,2974172
69.5,67.3,69.4,58.2,2026-06-01 04:00:00,2974172
69.3,68.1,69.3,58.3,2026-06-01 04:20:00,2974172
69.1,69.0,68.9,58.5,2026-06-01 04:40:00,2974172
69.1,69.0,68.9,58.5,2026-06-01 05:00:00,2974172
68.9,69.4,68.9,58.4,2026-06-01 05:20:00,2974172
68.6,69.8,68.4,58.4,2026-06-01 05:40:00,2974172
68.1,71.1,67.6,58.3,2026-06-01 06:00:00,2974172
67.6,72.6,67.1,58.5,2026-06-01 06:20:00,2974172
67.4,73.7,67.1,58.7,2026-06-01 06:40:00,2974172
68.0,73.9,67.8,59.3,2026-06-01 07:00:00,2974172
68.5,73.4,68.4,59.7,2026-06-01 07:20:00,2974172
69.1,72.8,69.3,60.0,2026-06-01 07:40:00,2974172
69.3,72.4,69.6,60.1,2026-06-01 08:00:00,2974172
69.5,72.5,69.8,60.2,2026-06-01 08:20:00,2974172
70.8,71.0,71.4,60.9,2026-06-01 08:40:00,2974172
71.5,71.3,72.1,61.7,2026-06-01 09:00:00,2974172
72.4,69.6,73.0,61.9,2026-06-01 09:20:00,2974172
72.9,69.2,73.6,62.2,2026-06-01 09:40:00,2974172
73.8,68.7,74.5,62.9,2026-06-01 10:00:00,2974172
74.5,67.7,75.2,63.1,2026-06-01 10:20:00,2974172
75.8,65.2,76.1,63.3,2026-06-01 10:40:00,2974172
77.1,63.2,77.5,63.6,2026-06-01 11:00:00,2974172
78.2,60.3,78.8,63.3,2026-06-01 11:20:00,2974172
79.2,57.5,80.1,62.9,2026-06-01 11:40:00,2974172
80.1,55.1,81.0,62.5,2026-06-01 12:00:00,2974172
81.9,54.1,83.1,63.6,2026-06-01 12:20:00,2974172
81.4,52.7,82.2,62.4,2026-06-01 12:40:00,2974172
81.9,52.2,82.8,62.7,2026-06-01 13:00:00,2974172
82.0,49.7,82.2,61.3,2026-06-01 13:20:00,2974172
83.2,46.4,83.3,60.5,2026-06-01 13:40:00,2974172
83.0,45.7,82.9,60.0,2026-06-01 14:00:00,2974172
83.4,42.1,82.8,58.0,2026-06-01 14:20:00,2974172
84.5,36.2,83.1,54.8,2026-06-01 14:40:00,2974172
84.8,32.7,82.6,52.2,2026-06-01 15:00:00,2974172
85.1,36.7,83.8,55.7,2026-06-01 15:20:00,2974172
85.5,37.1,84.7,56.4,2026-06-01 15:40:00,2974172
83.8,36.4,82.2,54.4,2026-06-01 16:00:00,2974172
84.1,39.5,83.3,56.8,2026-06-01 16:20:00,2974172
82.7,40.2,81.3,56.1,2026-06-01 16:40:00,2974172
82.3,40.1,81.0,55.7,2026-06-01 17:00:00,2974172
81.8,40.2,80.2,55.2,2026-06-01 17:20:00,2974172
81.4,40.1,79.9,54.9,2026-06-01 17:40:00,2974172
81.2,40.9,79.7,55.2,2026-06-01 18:00:00,2974172
80.6,41.4,79.2,55.0,2026-06-01 18:20:00,2974172
80.0,39.4,77.9,53.1,2026-06-01 18:40:00,2974172
79.4,40.4,77.5,53.2,2026-06-01 19:00:00,2974172
78.3,41.6,76.3,53.1,2026-06-01 19:20:00,2974172
77.7,42.6,75.9,53.2,2026-06-01 19:40:00,2974172
76.8,43.2,74.8,52.8,2026-06-01 20:00:00,2974172
75.5,43.6,73.6,51.9,2026-06-01 20:20:00,2974172
74.6,44.3,72.9,51.4,2026-06-01 20:40:00,2974172
73.5,45.1,72.1,51.0,2026-06-01 21:00:00,2974172
72.8,46.4,71.4,51.1,2026-06-01 21:20:00,2974172
72.3,47.2,71.1,51.0,2026-06-01 21:40:00,2974172
71.8,47.9,70.9,51.0,2026-06-01 22:00:00,2974172
71.4,48.0,70.3,50.7,2026-06-01 22:20:00,2974172
71.2,47.8,70.2,50.4,2026-06-01 22:40:00,2974172
70.6,47.1,69.4,49.5,2026-06-01 23:00:00,2974172
70.8,49.1,70.0,50.8,2026-06-01 23:20:00,2974172
70.8,53.6,70.3,53.1,2026-06-01 23:40:00,2974172
70.4,55.9,70.0,53.9,2026-06-02 00:00:00,2974172
69.9,57.4,69.1,54.2,2026-06-02 00:20:00,2974172
69.5,59.2,68.9,54.7,2026-06-02 00:40:00,2974172
69.2,59.2,68.4,54.4,2026-06-02 01:00:00,2974172
68.3,57.2,66.9,52.6,2026-06-02 01:20:00,2974172
67.7,56.3,66.0,51.6,2026-06-02 01:40:00,2974172
67.0,55.6,64.9,50.7,2026-06-02 02:00:00,2974172
66.4,53.9,64.0,49.2,2026-06-02 02:20:00,2974172
65.7,54.8,63.1,48.9,2026-06-02 02:40:00,2974172
64.9,56.5,62.2,49.0,2026-06-02 03:00:00,2974172
64.6,57.5,61.9,49.2,2026-06-02 03:20:00,2974172
64.2,58.9,61.7,49.5,2026-06-02 03:40:00,2974172
63.9,60.7,61.7,50.1,2026-06-02 04:00:00,2974172
63.2,63.3,61.2,50.5,2026-06-02 04:20:00,2974172
63.1,64.4,61.2,50.9,2026-06-02 04:40:00,2974172
62.7,65.3,60.8,50.9,2026-06-02 05:00:00,2974172
62.2,66.5,60.4,50.9,2026-06-02 05:20:00,2974172
61.9,67.4,60.3,51.0,2026-06-02 05:40:00,2974172
61.2,70.1,59.9,51.4,2026-06-02 06:00:00,2974172
60.9,71.8,59.7,51.7,2026-06-02 06:20:00,2974172
60.8,73.3,59.9,52.2,2026-06-02 06:40:00,2974172
61.1,73.2,59.9,52.4,2026-06-02 07:00:00,2974172
61.1,72.5,59.9,52.2,2026-06-02 07:20:00,2974172
61.6,71.3,60.4,52.2,2026-06-02 07:40:00,2974172
62.4,69.4,60.8,52.2,2026-06-02 08:00:00,2974172
63.2,67.3,61.5,52.2,2026-06-02 08:20:00,2974172
62.7,66.0,61.0,51.2,2026-06-02 08:40:00,2974172
63.0,64.9,61.2,51.1,2026-06-02 09:00:00,2974172
63.9,63.3,61.9,51.2,2026-06-02 09:20:00,2974172
63.4,62.5,61.3,50.3,2026-06-02 09:40:00,2974172
64.3,61.8,62.1,51.0,2026-06-02 10:00:00,2974172
65.9,58.8,63.9,51.1,2026-06-02 10:20:00,2974172
66.2,55.5,64.0,49.8,2026-06-02 10:40:00,2974172
69.1,52.0,67.8,50.7,2026-06-02 11:00:00,2974172
70.2,45.2,68.9,48.0,2026-06-02 11:20:00,2974172
72.5,42.5,70.9,48.4,2026-06-02 11:40:00,2974172
72.3,39.5,70.5,46.4,2026-06-02 12:00:00,2974172
74.4,38.4,72.0,47.4,2026-06-02 12:20:00,2974172
74.8,36.7,72.1,46.5,2026-06-02 12:40:00,2974172
75.1,36.1,72.5,46.4,2026-06-02 13:00:00,2974172
76.6,36.6,73.8,48.1,2026-06-02 13:20:00,2974172
75.8,33.6,72.9,45.2,2026-06-02 13:40:00,2974172
77.5,32.9,74.3,46.0,2026-06-02 14:00:00,2974172
78.4,32.5,75.2,46.5,2026-06-02 14:20:00,2974172
77.4,31.0,74.1,44.4,2026-06-02 14:40:00,2974172
77.9,30.4,74.5,44.4,2026-06-02 15:00:00,2974172
79.1,30.1,75.7,45.1,2026-06-02 15:20:00,2974172
78.0,30.3,74.7,44.4,2026-06-02 15:40:00,2974172
78.5,30.9,75.2,45.3,2026-06-02 16:00:00,2974172
78.9,28.9,75.4,43.9,2026-06-02 16:20:00,2974172
77.9,27.8,74.3,42.0,2026-06-02 16:40:00,2974172
78.0,28.1,74.3,42.4,2026-06-02 17:00:00,2974172
77.7,27.4,73.9,41.5,2026-06-02 17:20:00,2974172
78.9,28.4,75.4,43.4,2026-06-02 17:40:00,2974172
77.7,28.5,74.1,42.5,2026-06-02 18:00:00,2974172
77.4,28.7,73.9,42.4,2026-06-02 18:20:00,2974172
76.9,27.3,73.2,40.7,2026-06-02 18:40:00,2974172
76.5,27.3,72.9,40.3,2026-06-02 19:00:00,2974172
73.5,29.0,70.5,39.3,2026-06-02 19:20:00,2974172
72.9,31.0,70.2,40.5,2026-06-02 19:40:00,2974172
71.7,31.2,69.3,39.6,2026-06-02 20:00:00,2974172
70.4,32.9,68.2,39.9,2026-06-02 20:20:00,2974172
69.1,34.1,66.2,39.6,2026-06-02 20:40:00,2974172
67.7,35.7,64.4,39.6,2026-06-02 21:00:00,2974172
66.4,37.6,62.6,39.8,2026-06-02 21:20:00,2974172
65.2,39.5,61.0,40.0,2026-06-02 21:40:00,2974172
64.0,40.3,59.7,39.4,2026-06-02 22:00:00,2974172
62.7,42.3,58.8,39.5,2026-06-02 22:20:00,2974172
61.8,44.0,58.3,39.6,2026-06-02 22:40:00,2974172
60.9,45.8,57.6,39.9,2026-06-02 23:00:00,2974172
60.2,47.4,57.0,40.1,2026-06-02 23:20:00,2974172
59.3,49.2,56.5,40.3,2026-06-02 23:40:00,2974172
58.5,51.5,55.9,40.7,2026-06-03 00:00:00,2974172
57.9,54.0,55.6,41.4,2026-06-03 00:20:00,2974172
57.1,54.6,54.9,40.9,2026-06-03 00:40:00,2974172
56.4,55.7,54.1,40.7,2026-06-03 01:00:00,2974172
55.6,58.6,53.8,41.3,2026-06-03 01:20:00,2974172
55.3,60.5,53.6,41.8,2026-06-03 01:40:00,2974172
54.9,61.5,53.2,41.9,2026-06-03 02:00:00,2974172
54.5,62.8,52.9,42.1,2026-06-03 02:20:00,2974172
53.9,64.0,52.5,42.0,2026-06-03 02:40:00,2974172
53.3,66.0,52.2,42.2,2026-06-03 03:00:00,2974172
53.2,67.0,52.0,42.5,2026-06-03 03:20:00,2974172
52.7,68.1,51.6,42.5,2026-06-03 03:40:00,2974172
52.3,69.3,51.3,42.6,2026-06-03 04:00:00,2974172
51.8,70.4,50.7,42.5,2026-06-03 04:20:00,2974172
51.5,72.0,50.7,42.8,2026-06-03 04:40:00,2974172
51.9,71.9,51.1,43.1,2026-06-03 05:00:00,2974172
52.1,72.1,51.3,43.3,2026-06-03 05:20:00,2974172
52.2,71.0,51.3,43.1,2026-06-03 05:40:00,2974172
52.3,70.4,51.3,43.0,2026-06-03 06:00:00,2974172
52.9,70.0,52.0,43.4,2026-06-03 06:20:00,2974172
53.2,71.4,52.5,44.2,2026-06-03 06:40:00,2974172
53.9,70.0,52.9,44.4,2026-06-03 07:00:00,2974172
55.4,70.6,54.3,46.0,2026-06-03 07:20:00,2974172
58.1,64.1,56.5,46.0,2026-06-03 07:40:00,2974172
60.8,57.0,58.3,45.4,2026-06-03 08:00:00,2974172
62.6,54.0,59.7,45.7,2026-06-03 08:20:00,2974172
64.2,50.5,60.8,45.4,2026-06-03 08:40:00,2974172
65.7,48.7,62.4,45.9,2026-06-03 09:00:00,2974172
67.6,46.5,64.9,46.4,2026-06-03 09:20:00,2974172
69.5,43.2,67.6,46.1,2026-06-03 09:40:00,2974172
71.0,41.8,69.4,46.7,2026-06-03 10:00:00,2974172
73.0,38.1,70.9,45.9,2026-06-03 10:20:00,2974172
74.0,35.4,71.6,44.9,2026-06-03 10:40:00,2974172
75.6,35.1,72.9,46.1,2026-06-03 11:00:00,2974172
76.3,33.3,73.2,45.4,2026-06-03 11:20:00,2974172
77.0,30.8,73.6,43.9,2026-06-03 11:40:00,2974172
77.0,29.6,73.6,42.9,2026-06-03 12:00:00,2974172
78.2,29.6,74.7,43.9,2026-06-03 12:20:00,2974172
79.8,28.3,76.3,44.2,2026-06-03 12:40:00,2974172
80.1,28.1,76.5,44.1,2026-06-03 13:00:00,2974172
80.4,26.2,76.5,42.6,2026-06-03 13:20:00,2974172
81.9,26.4,78.3,44.1,2026-06-03 13:40:00,2974172
81.3,25.6,77.4,42.8,2026-06-03 14:00:00,2974172
82.5,25.4,78.6,43.6,2026-06-03 14:20:00,2974172
83.2,25.9,79.3,44.7,2026-06-03 14:40:00,2974172
82.9,25.6,79.0,44.1,2026-06-03 15:00:00,2974172
84.9,24.5,81.1,44.7,2026-06-03 15:20:00,2974172
81.6,25.2,77.7,42.6,2026-06-03 15:40:00,2974172
83.3,26.4,79.5,45.2,2026-06-03 16:00:00,2974172
82.6,26.9,78.8,45.1,2026-06-03 16:20:00,2974172
81.3,25.9,77.4,43.1,2026-06-03 16:40:00,2974172
81.8,26.6,78.1,44.1,2026-06-03 17:00:00,2974172
82.9,25.4,79.0,43.9,2026-06-03 17:20:00,2974172
82.7,25.8,78.8,44.1,2026-06-03 17:40:00,2974172
82.6,25.6,78.6,43.9,2026-06-03 18:00:00,2974172
83.0,26.3,79.3,44.9,2026-06-03 18:20:00,2974172
82.5,26.2,78.8,44.5,2026-06-03 18:40:00,2974172
82.7,25.1,78.8,43.4,2026-06-03 19:00:00,2974172
80.1,28.3,76.6,44.3,2026-06-03 19:20:00,2974172
78.8,29.2,75.4,44.1,2026-06-03 19:40:00,2974172
77.6,30.3,74.3,44.0,2026-06-03 20:00:00,2974172
76.3,32.5,73.2,44.8,2026-06-03 20:20:00,2974172
74.2,35.4,71.8,45.0,2026-06-03 20:40:00,2974172
71.8,37.4,70.0,44.5,2026-06-03 21:00:00,2974172
70.3,40.0,68.4,44.8,2026-06-03 21:20:00,2974172
69.1,42.2,66.9,45.2,2026-06-03 21:40:00,2974172
68.1,44.8,65.5,45.8,2026-06-03 22:00:00,2974172
67.4,45.9,64.8,45.8,2026-06-03 22:20:00,2974172
66.5,47.1,63.5,45.7,2026-06-03 22:40:00,2974172
65.8,48.9,62.6,46.1,2026-06-03 23:00:00,2974172
65.4,51.2,62.2,46.9,2026-06-03 23:20:00,2974172
64.7,50.8,61.5,46.1,2026-06-03 23:40:00,2974172
64.2,52.4,61.0,46.4,2026-06-04 00:00:00,2974172
63.6,52.4,60.4,45.8,2026-06-04 00:20:00,2974172
63.0,55.4,60.3,46.8,2026-06-04 00:40:00,2974172
62.6,56.0,59.9,46.7,2026-06-04 01:00:00,2974172
62.0,56.8,59.5,46.5,2026-06-04 01:20:00,2974172
61.4,57.5,59.0,46.3,2026-06-04 01:40:00,2974172
60.8,61.3,58.6,47.4,2026-06-04 02:00:00,2974172
59.8,63.8,58.1,47.6,2026-06-04 02:20:00,2974172
58.9,65.9,57.4,47.5,2026-06-04 02:40:00,2974172
58.2,68.1,56.8,47.7,2026-06-04 03:00:00,2974172
57.6,69.6,56.5,47.8,2026-06-04 03:20:00,2974172
57.4,69.5,56.3,47.5,2026-06-04 03:40:00,2974172
57.1,70.3,55.9,47.5,2026-06-04 04:00:00,2974172
56.8,72.2,55.9,48.0,2026-06-04 04:20:00,2974172
56.5,73.4,55.8,48.1,2026-06-04 04:40:00,2974172
56.4,74.5,55.6,48.5,2026-06-04 05:00:00,2974172
56.1,75.6,55.6,48.6,2026-06-04 05:20:00,2974172
55.9,77.2,55.4,48.9,2026-06-04 05:40:00,2974172
55.7,78.8,55.0,49.2,2026-06-04 06:00:00,2974172
55.5,79.7,55.0,49.3,2026-06-04 06:20:00,2974172
55.7,79.4,55.2,49.4,2026-06-04 06:40:00,2974172
56.5,79.1,56.1,50.1,2026-06-04 07:00:00,2974172
58.3,78.6,57.6,51.6,2026-06-04 07:20:00,2974172
60.4,75.4,59.7,52.6,2026-06-04 07:40:00,2974172
62.3,72.1,61.2,53.2,2026-06-04 08:00:00,2974172
65.0,63.7,63.0,52.4,2026-06-04 08:20:00,2974172
67.8,57.3,66.2,52.2,2026-06-04 08:40:00,2974172
70.4,51.3,69.6,51.6,2026-06-04 09:00:00,2974172
72.0,47.7,71.1,51.0,2026-06-04 09:20:00,2974172
73.7,44.1,72.1,50.6,2026-06-04 09:40:00,2974172
75.5,41.1,73.2,50.2,2026-06-04 10:00:00,2974172
77.5,37.5,74.8,49.5,2026-06-04 10:20:00,2974172
78.6,34.6,75.7,48.4,2026-06-04 10:40:00,2974172
80.4,34.0,77.5,49.4,2026-06-04 11:00:00,2974172
80.4,32.8,77.4,48.5,2026-06-04 11:20:00,2974172
81.6,31.3,78.4,48.3,2026-06-04 11:40:00,2974172
82.1,28.5,78.6,46.3,2026-06-04 12:00:00,2974172
82.2,28.2,78.6,46.1,2026-06-04 12:20:00,2974172
84.0,26.0,80.4,45.5,2026-06-04 12:40:00,2974172
84.8,26.5,81.5,46.7,2026-06-04 13:00:00,2974172
85.0,24.8,81.3,45.1,2026-06-04 13:20:00,2974172
84.7,24.1,80.8,44.0,2026-06-04 13:40:00,2974172
86.8,25.1,83.5,46.9,2026-06-04 14:00:00,2974172
87.0,24.1,83.5,45.9,2026-06-04 14:20:00,2974172
87.8,22.4,84.0,44.7,2026-06-04 14:40:00,2974172
87.6,22.4,83.8,44.6,2026-06-04 15:00:00,2974172
88.0,21.6,84.2,44.0,2026-06-04 15:20:00,2974172
88.1,21.4,84.2,43.8,2026-06-04 15:40:00,2974172
89.7,22.4,86.4,46.3,2026-06-04 16:00:00,2974172
89.1,22.4,85.6,45.8,2026-06-04 16:20:00,2974172
88.6,21.9,84.9,44.8,2026-06-04 16:40:00,2974172
89.8,21.3,86.0,45.1,2026-06-04 17:00:00,2974172
89.8,20.6,86.2,44.2,2026-06-04 17:20:00,2974172
90.4,22.0,87.3,46.4,2026-06-04 17:40:00,2974172
90.8,21.9,87.6,46.6,2026-06-04 18:00:00,2974172
89.8,23.2,86.7,47.3,2026-06-04 18:20:00,2974172
90.4,21.7,87.1,46.1,2026-06-04 18:40:00,2974172
89.5,22.5,86.2,46.2,2026-06-04 19:00:00,2974172
86.0,25.7,82.6,46.8,2026-06-04 19:20:00,2974172
84.2,28.8,81.3,48.4,2026-06-04 19:40:00,2974172
81.7,30.6,78.4,47.8,2026-06-04 20:00:00,2974172
80.1,33.5,77.4,48.9,2026-06-04 20:20:00,2974172
78.6,35.9,76.1,49.4,2026-06-04 20:40:00,2974172
76.5,35.5,73.8,47.1,2026-06-04 21:00:00,2974172
74.5,39.3,72.3,48.1,2026-06-04 21:20:00,2974172
73.3,41.0,71.4,48.3,2026-06-04 21:40:00,2974172
72.8,42.4,71.1,48.7,2026-06-04 22:00:00,2974172
72.1,43.5,70.7,48.7,2026-06-04 22:20:00,2974172
71.0,45.0,69.8,48.7,2026-06-04 22:40:00,2974172
69.9,46.9,68.4,48.8,2026-06-04 23:00:00,2974172
69.2,48.1,67.5,48.8,2026-06-04 23:20:00,2974172
68.1,50.5,66.0,49.1,2026-06-04 23:40:00,2974172
67.1,52.8,65.1,49.3,2026-06-05 00:00:00,2974172
66.7,54.4,64.4,49.8,2026-06-05 00:20:00,2974172
66.0,55.6,63.5,49.7,2026-06-05 00:40:00,2974172
65.3,57.2,62.8,49.8,2026-06-05 01:00:00,2974172
64.7,59.2,62.2,50.1,2026-06-05 01:20:00,2974172
64.3,61.4,62.1,50.7,2026-06-05 01:40:00,2974172
64.0,62.2,61.9,50.8,2026-06-05 02:00:00,2974172
63.5,63.4,61.5,50.9,2026-06-05 02:20:00,2974172
63.5,64.9,61.7,51.5,2026-06-05 02:40:00,2974172
63.0,66.4,61.3,51.7,2026-06-05 03:00:00,2974172
62.4,67.6,61.0,51.6,2026-06-05 03:20:00,2974172
61.9,69.3,60.4,51.8,2026-06-05 03:40:00,2974172
61.6,70.8,60.3,52.0,2026-06-05 04:00:00,2974172
61.1,72.3,59.9,52.1,2026-06-05 04:20:00,2974172
60.6,73.5,59.7,52.1,2026-06-05 04:40:00,2974172
60.0,75.1,59.2,52.1,2026-06-05 05:00:00,2974172
59.7,76.3,58.8,52.2,2026-06-05 05:20:00,2974172
59.3,77.7,58.6,52.3,2026-06-05 05:40:00,2974172
59.0,78.7,58.5,52.4,2026-06-05 06:00:00,2974172
58.9,79.6,58.5,52.7,2026-06-05 06:20:00,2974172
59.1,80.0,58.6,52.9,2026-06-05 06:40:00,2974172
59.7,80.3,59.2,53.7,2026-06-05 07:00:00,2974172
60.9,79.5,60.4,54.5,2026-06-05 07:20:00,2974172
62.6,77.2,62.1,55.4,2026-06-05 07:40:00,2974172
65.0,74.1,64.0,56.6,2026-06-05 08:00:00,2974172
66.8,71.5,66.2,57.3,2026-06-05 08:20:00,2974172
69.1,66.3,68.9,57.5,2026-06-05 08:40:00,2974172
72.3,59.7,72.0,57.5,2026-06-05 09:00:00,2974172
74.5,56.4,73.9,58.0,2026-06-05 09:20:00,2974172
76.8,50.9,75.6,57.3,2026-06-05 09:40:00,2974172
79.2,49.0,78.6,58.4,2026-06-05 10:00:00,2974172
81.1,44.6,80.1,57.6,2026-06-05 10:20:00,2974172
83.0,42.5,82.4,58.0,2026-06-05 10:40:00,2974172
85.4,37.5,84.6,56.6,2026-06-05 11:00:00,2974172
85.8,35.2,84.7,55.2,2026-06-05 11:20:00,2974172
86.7,31.5,84.7,52.9,2026-06-05 11:40:00,2974172
87.4,30.7,85.5,52.8,2026-06-05 12:00:00,2974172
88.5,31.0,87.1,54.0,2026-06-05 12:20:00,2974172
80.7,63.6,83.3,67.2,2026-05-28 10:00:00,3085267
80.2,62.0,82.0,66.0,2026-05-28 10:20:00,3085267
81.0,60.3,83.1,65.9,2026-05-28 10:40:00,3085267
80.9,60.2,82.9,65.8,2026-05-28 11:00:00,3085267
81.2,59.5,83.3,65.7,2026-05-28 11:20:00,3085267
81.8,55.6,83.1,64.4,2026-05-28 11:40:00,3085267
82.5,54.7,84.0,64.6,2026-05-28 12:00:00,3085267
82.2,56.0,83.8,64.9,2026-05-28 12:20:00,3085267
82.9,56.2,85.1,65.7,2026-05-28 12:40:00,3085267
82.9,55.8,84.9,65.5,2026-05-28 13:00:00,3085267
83.5,53.3,85.6,64.8,2026-05-28 13:20:00,3085267
84.7,50.6,86.9,64.4,2026-05-28 13:40:00,3085267
85.3,50.4,88.2,64.8,2026-05-28 14:00:00,3085267
84.6,49.3,86.5,63.5,2026-05-28 14:20:00,3085267
85.5,47.3,87.4,63.1,2026-05-28 14:40:00,3085267
86.6,45.9,88.7,63.4,2026-05-28 15:00:00,3085267
86.6,47.6,89.4,64.3,2026-05-28 15:20:00,3085267
86.6,45.2,88.5,62.9,2026-05-28 15:40:00,3085267
87.8,43.0,89.8,62.5,2026-05-28 16:00:00,3085267
87.7,41.5,89.1,61.4,2026-05-28 16:20:00,3085267
89.4,41.3,91.8,62.8,2026-05-28 16:40:00,3085267
92.7,37.4,96.1,62.9,2026-05-28 17:00:00,3085267
96.3,33.1,100.2,62.6,2026-05-28 17:20:00,3085267
94.7,36.8,99.3,64.2,2026-05-28 17:40:00,3085267
93.6,35.9,97.0,62.5,2026-05-28 18:00:00,3085267
87.8,42.7,89.8,62.3,2026-05-28 18:20:00,3085267
87.0,43.2,88.5,62.0,2026-05-28 18:40:00,3085267
85.6,46.4,87.1,62.6,2026-05-28 19:00:00,3085267
83.9,50.8,85.6,63.7,2026-05-28 19:20:00,3085267
83.0,52.3,84.6,63.8,2026-05-28 19:40:00,3085267
81.7,54.7,82.9,63.8,2026-05-28 20:00:00,3085267
80.9,56.1,82.0,63.8,2026-05-28 20:20:00,3085267
80.0,58.4,81.0,64.1,2026-05-28 20:40:00,3085267
79.1,59.5,80.1,63.8,2026-05-28 21:00:00,3085267
78.5,61.1,79.3,64.0,2026-05-28 21:20:00,3085267
77.8,62.4,78.4,63.9,2026-05-28 21:40:00,3085267
77.2,61.8,77.7,63.1,2026-05-28 22:00:00,3085267
77.5,58.7,77.5,61.9,2026-05-28 22:20:00,3085267
77.0,59.8,77.0,62.0,2026-05-28 22:40:00,3085267
76.8,56.7,76.3,60.3,2026-05-28 23:00:00,3085267
76.0,57.2,75.6,59.8,2026-05-28 23:20:00,3085267
75.8,55.6,75.2,58.8,2026-05-28 23:40:00,3085267
75.1,56.1,74.5,58.4,2026-05-29 00:00:00,3085267
74.4,56.1,73.8,57.7,2026-05-29 00:20:00,3085267
73.5,59.4,73.2,58.5,2026-05-29 00:40:00,3085267
72.7,59.1,72.5,57.6,2026-05-29 01:00:00,3085267
71.7,59.8,71.4,57.0,2026-05-29 01:20:00,3085267
71.0,61.6,71.1,57.2,2026-05-29 01:40:00,3085267
70.3,62.5,70.0,56.9,2026-05-29 02:00:00,3085267
69.8,63.7,69.4,56.9,2026-05-29 02:20:00,3085267
68.9,65.6,68.5,56.9,2026-05-29 02:40:00,3085267
68.3,66.5,67.6,56.7,2026-05-29 03:00:00,3085267
67.7,68.2,67.1,56.8,2026-05-29 03:20:00,3085267
67.2,68.8,66.4,56.6,2026-05-29 03:40:00,3085267
66.9,67.5,65.7,55.8,2026-05-29 04:00:00,3085267
66.3,67.7,65.1,55.3,2026-05-29 04:20:00,3085267
65.7,68.8,64.4,55.1,2026-05-29 04:40:00,3085267
65.0,70.5,63.7,55.1,2026-05-29 05:00:00,3085267
64.5,72.4,63.3,55.5,2026-05-29 05:20:00,3085267
63.9,73.3,63.0,55.1,2026-05-29 05:40:00,3085267
63.5,74.0,62.6,55.1,2026-05-29 06:00:00,3085267
63.5,72.8,62.2,54.6,2026-05-29 06:20:00,3085267
64.1,71.0,62.8,54.5,2026-05-29 06:40:00,3085267
64.2,67.6,62.6,53.3,2026-05-29 07:00:00,3085267
64.4,66.1,62.8,52.9,2026-05-29 07:20:00,3085267
64.8,63.1,62.8,51.9,2026-05-29 07:40:00,3085267
65.4,61.7,63.1,51.9,2026-05-29 08:00:00,3085267
66.2,60.5,64.4,52.2,2026-05-29 08:20:00,3085267
67.1,60.5,65.7,53.0,2026-05-29 08:40:00,3085267
67.9,58.5,66.6,52.9,2026-05-29 09:00:00,3085267
68.6,57.8,67.5,53.2,2026-05-29 09:20:00,3085267
69.7,58.3,69.1,54.5,2026-05-29 09:40:00,3085267
70.7,56.4,70.5,54.5,2026-05-29 10:00:00,3085267
71.6,55.3,71.2,54.7,2026-05-29 10:20:00,3085267
72.3,52.6,71.6,54.0,2026-05-29 10:40:00,3085267
73.5,52.6,72.7,55.2,2026-05-29 11:00:00,3085267
74.1,52.8,73.2,55.8,2026-05-29 11:20:00,3085267
75.0,48.8,73.6,54.4,2026-05-29 11:40:00,3085267
75.8,47.2,74.3,54.3,2026-05-29 12:00:00,3085267
76.5,46.2,74.8,54.2,2026-05-29 12:20:00,3085267
77.1,44.6,75.2,53.9,2026-05-29 12:40:00,3085267
77.2,42.2,75.2,52.5,2026-05-29 13:00:00,3085267
78.3,42.7,76.5,53.8,2026-05-29 13:20:00,3085267
79.4,43.0,77.9,55.0,2026-05-29 13:40:00,3085267
79.8,41.2,78.1,54.1,2026-05-29 14:00:00,3085267
80.3,41.6,78.6,54.9,2026-05-29 14:20:00,3085267
80.9,39.9,79.0,54.3,2026-05-29 14:40:00,3085267
81.8,39.3,80.1,54.7,2026-05-29 15:00:00,3085267
82.3,41.8,81.1,56.8,2026-05-29 15:20:00,3085267
83.3,38.3,82.0,55.3,2026-05-29 15:40:00,3085267
83.4,39.9,82.2,56.5,2026-05-29 16:00:00,3085267
83.6,38.4,82.2,55.6,2026-05-29 16:20:00,3085267
84.7,36.8,83.3,55.4,2026-05-29 16:40:00,3085267
88.2,34.9,87.8,57.0,2026-05-29 17:00:00,3085267
90.6,31.6,90.3,56.4,2026-05-29 17:20:00,3085267
88.9,32.8,88.2,55.9,2026-05-29 17:40:00,3085267
89.5,33.6,89.4,57.2,2026-05-29 18:00:00,3085267
83.9,40.4,83.1,57.3,2026-05-29 18:20:00,3085267
82.8,41.9,81.9,57.3,2026-05-29 18:40:00,3085267
81.8,43.6,80.8,57.5,2026-05-29 19:00:00,3085267
81.4,43.4,80.2,57.0,2026-05-29 19:20:00,3085267
80.5,44.7,79.3,57.0,2026-05-29 19:40:00,3085267
79.6,46.0,78.6,57.1,2026-05-29 20:00:00,3085267
78.6,47.8,77.5,57.2,2026-05-29 20:20:00,3085267
77.4,50.2,76.5,57.5,2026-05-29 20:40:00,3085267
76.4,52.1,75.4,57.5,2026-05-29 21:00:00,3085267
75.6,55.1,75.0,58.4,2026-05-29 21:20:00,3085267
75.0,55.6,74.3,58.1,2026-05-29 21:40:00,3085267
74.4,57.0,73.9,58.2,2026-05-29 22:00:00,3085267
73.8,59.6,73.6,58.9,2026-05-29 22:20:00,3085267
73.5,60.2,73.4,58.9,2026-05-29 22:40:00,3085267
73.0,62.0,73.0,59.3,2026-05-29 23:00:00,3085267
72.8,62.7,72.9,59.3,2026-05-29 23:20:00,3085267
72.7,65.5,73.0,60.4,2026-05-29 23:40:00,3085267
72.3,65.1,72.7,60.0,2026-05-30 00:00:00,3085267
72.3,65.8,72.5,60.2,2026-05-30 00:20:00,3085267
73.0,66.8,73.4,61.3,2026-05-30 00:40:00,3085267
73.7,68.7,74.3,62.8,2026-05-30 01:00:00,3085267
74.0,69.6,74.8,63.4,2026-05-30 01:20:00,3085267
74.0,71.2,74.8,64.1,2026-05-30 01:40:00,3085267
73.8,72.7,74.8,64.5,2026-05-30 02:00:00,3085267
73.7,74.0,74.8,64.9,2026-05-30 02:20:00,3085267
73.5,75.4,74.7,65.2,2026-05-30 02:40:00,3085267
73.2,76.6,74.5,65.4,2026-05-30 03:00:00,3085267
72.9,77.9,74.3,65.6,2026-05-30 03:20:00,3085267
72.7,79.1,74.1,65.8,2026-05-30 03:40:00,3085267
72.3,80.4,73.6,65.9,2026-05-30 04:00:00,3085267
72.0,81.9,73.4,66.1,2026-05-30 04:20:00,3085267
71.8,83.0,73.4,66.3,2026-05-30 04:40:00,3085267
71.6,84.2,73.2,66.6,2026-05-30 05:00:00,3085267
71.5,84.9,73.0,66.8,2026-05-30 05:20:00,3085267
71.5,85.7,73.0,66.9,2026-05-30 05:40:00,3085267
71.3,86.5,72.9,67.1,2026-05-30 06:00:00,3085267
71.5,86.8,73.2,67.4,2026-05-30 06:20:00,3085267
71.6,86.6,73.4,67.4,2026-05-30 06:40:00,3085267
72.0,86.3,73.8,67.7,2026-05-30 07:00:00,3085267
72.0,86.5,73.8,67.8,2026-05-30 07:20:00,3085267
72.5,86.3,74.1,68.1,2026-05-30 07:40:00,3085267
73.1,85.6,75.0,68.6,2026-05-30 08:00:00,3085267
73.9,79.1,75.4,67.0,2026-05-30 08:20:00,3085267
74.6,71.2,75.4,64.6,2026-05-30 08:40:00,3085267
74.8,59.4,74.5,59.7,2026-05-30 09:00:00,3085267
75.1,53.4,74.1,56.9,2026-05-30 09:20:00,3085267
76.3,46.5,74.7,54.3,2026-05-30 09:40:00,3085267
77.4,47.1,76.1,55.6,2026-05-30 10:00:00,3085267
77.3,43.1,75.2,53.1,2026-05-30 10:20:00,3085267
78.6,40.2,76.6,52.4,2026-05-30 10:40:00,3085267
78.8,38.5,76.5,51.4,2026-05-30 11:00:00,3085267
79.4,34.0,76.6,48.6,2026-05-30 11:20:00,3085267
79.8,30.7,76.5,46.2,2026-05-30 11:40:00,3085267
80.2,33.5,77.4,48.9,2026-05-30 12:00:00,3085267
80.9,32.0,77.7,48.2,2026-05-30 12:20:00,3085267
81.9,31.3,78.8,48.6,2026-05-30 12:40:00,3085267
82.9,28.1,79.3,46.5,2026-05-30 13:00:00,3085267
84.4,27.0,81.1,46.9,2026-05-30 13:20:00,3085267
84.4,23.7,80.6,43.3,2026-05-30 13:40:00,3085267
84.2,26.4,80.6,46.0,2026-05-30 14:00:00,3085267
84.7,23.4,80.8,43.2,2026-05-30 14:20:00,3085267
85.6,24.4,81.9,45.1,2026-05-30 14:40:00,3085267
86.1,24.6,82.6,45.8,2026-05-30 15:00:00,3085267
86.4,22.3,82.6,43.4,2026-05-30 15:20:00,3085267
86.0,26.0,82.9,47.2,2026-05-30 15:40:00,3085267
87.1,27.4,84.4,49.4,2026-05-30 16:00:00,3085267
85.7,28.1,82.8,49.0,2026-05-30 16:20:00,3085267
85.9,27.4,82.9,48.5,2026-05-30 16:40:00,3085267
89.7,26.0,87.3,50.3,2026-05-30 17:00:00,3085267
91.8,24.7,89.8,50.6,2026-05-30 17:20:00,3085267
91.1,24.9,88.9,50.3,2026-05-30 17:40:00,3085267
88.3,28.1,85.8,51.2,2026-05-30 18:00:00,3085267
84.2,31.1,81.5,50.4,2026-05-30 18:20:00,3085267
82.8,33.2,80.2,51.0,2026-05-30 18:40:00,3085267
81.6,34.0,79.0,50.6,2026-05-30 19:00:00,3085267
80.5,37.3,78.3,52.1,2026-05-30 19:20:00,3085267
79.4,39.2,77.4,52.4,2026-05-30 19:40:00,3085267
78.3,39.8,76.1,51.8,2026-05-30 20:00:00,3085267
77.5,40.8,75.2,51.9,2026-05-30 20:20:00,3085267
76.5,43.8,74.7,52.9,2026-05-30 20:40:00,3085267
75.5,44.4,73.6,52.3,2026-05-30 21:00:00,3085267
75.7,43.6,73.8,52.0,2026-05-30 21:20:00,3085267
75.8,40.9,73.6,50.4,2026-05-30 21:40:00,3085267
75.4,38.7,73.0,48.5,2026-05-30 22:00:00,3085267
74.4,42.4,72.5,50.1,2026-05-30 22:20:00,3085267
73.0,49.0,71.8,52.7,2026-05-30 22:40:00,3085267
71.7,47.7,70.7,50.8,2026-05-30 23:00:00,3085267
70.5,48.4,69.4,50.1,2026-05-30 23:20:00,3085267
69.3,50.1,68.0,49.9,2026-05-30 23:40:00,3085267
68.1,52.9,66.4,50.3,2026-05-31 00:00:00,3085267
67.2,54.5,65.1,50.3,2026-05-31 00:20:00,3085267
66.5,56.1,64.2,50.4,2026-05-31 00:40:00,3085267
65.9,57.7,63.7,50.5,2026-05-31 01:00:00,3085267
65.4,59.7,63.0,51.0,2026-05-31 01:20:00,3085267
64.6,60.0,62.4,50.4,2026-05-31 01:40:00,3085267
63.9,61.5,61.7,50.5,2026-05-31 02:00:00,3085267
63.3,62.1,61.2,50.1,2026-05-31 02:20:00,3085267
63.0,63.3,61.0,50.3,2026-05-31 02:40:00,3085267
62.6,63.5,60.6,50.1,2026-05-31 03:00:00,3085267
62.4,63.3,60.3,49.7,2026-05-31 03:20:00,3085267
62.1,64.0,60.3,49.7,2026-05-31 03:40:00,3085267
61.3,64.6,59.5,49.3,2026-05-31 04:00:00,3085267
60.4,66.1,59.0,49.1,2026-05-31 04:20:00,3085267
59.9,67.6,58.6,49.2,2026-05-31 04:40:00,3085267
59.3,68.9,57.9,49.1,2026-05-31 05:00:00,3085267
58.7,70.7,57.6,49.3,2026-05-31 05:20:00,3085267
58.5,71.3,57.6,49.3,2026-05-31 05:40:00,3085267
58.0,73.2,57.0,49.4,2026-05-31 06:00:00,3085267
57.7,74.3,56.8,49.6,2026-05-31 06:20:00,3085267
57.2,76.5,56.5,49.9,2026-05-31 06:40:00,3085267
57.3,78.1,56.7,50.6,2026-05-31 07:00:00,3085267
58.2,77.1,57.6,51.1,2026-05-31 07:20:00,3085267
59.4,74.7,58.5,51.4,2026-05-31 07:40:00,3085267
60.2,73.2,59.0,51.5,2026-05-31 08:00:00,3085267
60.9,70.8,59.5,51.4,2026-05-31 08:20:00,3085267
61.7,69.5,60.4,51.7,2026-05-31 08:40:00,3085267
62.6,67.3,61.0,51.7,2026-05-31 09:00:00,3085267
63.6,63.9,61.7,51.2,2026-05-31 09:20:00,3085267
64.6,59.1,62.1,50.0,2026-05-31 09:40:00,3085267
65.9,58.4,63.9,50.9,2026-05-31 10:00:00,3085267
66.5,53.2,64.0,48.9,2026-05-31 10:20:00,3085267
66.8,52.1,64.4,48.7,2026-05-31 10:40:00,3085267
67.8,49.1,65.5,48.0,2026-05-31 11:00:00,3085267
69.3,49.3,67.8,49.5,2026-05-31 11:20:00,3085267
69.8,45.9,68.4,48.1,2026-05-31 11:40:00,3085267
70.8,45.3,69.8,48.6,2026-05-31 12:00:00,3085267
72.0,44.6,70.7,49.3,2026-05-31 12:20:00,3085267
73.1,42.2,71.4,48.7,2026-05-31 12:40:00,3085267
73.4,41.5,71.6,48.7,2026-05-31 13:00:00,3085267
74.0,42.1,72.1,49.5,2026-05-31 13:20:00,3085267
74.7,41.4,72.7,49.7,2026-05-31 13:40:00,3085267
75.8,39.7,73.4,49.6,2026-05-31 14:00:00,3085267
76.4,39.1,73.9,49.7,2026-05-31 14:20:00,3085267
77.0,36.8,74.5,48.7,2026-05-31 14:40:00,3085267
77.7,37.2,75.0,49.5,2026-05-31 15:00:00,3085267
78.1,37.1,75.7,49.8,2026-05-31 15:20:00,3085267
79.2,38.0,76.8,51.4,2026-05-31 15:40:00,3085267
80.1,36.6,77.7,51.2,2026-05-31 16:00:00,3085267
79.4,37.1,77.2,51.0,2026-05-31 16:20:00,3085267
80.4,37.2,78.1,51.9,2026-05-31 16:40:00,3085267
83.8,35.0,81.7,53.2,2026-05-31 17:00:00,3085267
86.0,33.9,84.4,54.2,2026-05-31 17:20:00,3085267
85.9,33.1,84.2,53.6,2026-05-31 17:40:00,3085267
82.9,34.9,80.6,52.4,2026-05-31 18:00:00,3085267
78.9,40.1,77.0,52.6,2026-05-31 18:20:00,3085267
77.6,41.1,75.6,52.2,2026-05-31 18:40:00,3085267
76.6,43.5,74.7,52.8,2026-05-31 19:00:00,3085267
76.2,45.4,74.5,53.6,2026-05-31 19:20:00,3085267
75.5,46.9,73.9,53.9,2026-05-31 19:40:00,3085267
75.0,47.2,73.4,53.5,2026-05-31 20:00:00,3085267
74.5,48.0,73.2,53.5,2026-05-31 20:20:00,3085267
74.3,48.7,73.2,53.7,2026-05-31 20:40:00,3085267
73.8,49.4,72.7,53.7,2026-05-31 21:00:00,3085267
73.2,49.8,72.1,53.4,2026-05-31 21:20:00,3085267
72.5,50.7,71.6,53.2,2026-05-31 21:40:00,3085267
71.7,51.8,70.9,53.0,2026-05-31 22:00:00,3085267
71.2,53.9,70.5,53.6,2026-05-31 22:20:00,3085267
70.9,54.4,70.3,53.7,2026-05-31 22:40:00,3085267
70.9,55.0,70.5,53.9,2026-05-31 23:00:00,3085267
71.3,56.1,70.9,54.8,2026-05-31 23:20:00,3085267
71.2,57.4,70.7,55.4,2026-05-31 23:40:00,3085267
71.0,59.4,70.7,56.1,2026-06-01 00:00:00,3085267
71.0,60.8,70.9,56.7,2026-06-01 00:20:00,3085267
70.9,62.5,71.1,57.4,2026-06-01 00:40:00,3085267
70.7,63.3,70.7,57.6,2026-06-01 01:00:00,3085267
70.5,64.0,70.5,57.7,2026-06-01 01:20:00,3085267
70.3,65.3,70.2,58.1,2026-06-01 01:40:00,3085267
70.2,65.3,70.2,58.0,2026-06-01 02:00:00,3085267
70.1,65.7,70.0,58.1,2026-06-01 02:20:00,3085267
69.9,66.7,70.0,58.4,2026-06-01 02:40:00,3085267
69.6,67.9,69.4,58.5,2026-06-01 03:00:00,3085267
69.7,68.9,69.6,59.1,2026-06-01 03:20:00,3085267
69.6,69.3,69.6,59.1,2026-06-01 03:40:00,3085267
69.4,69.8,69.4,59.1,2026-06-01 04:00:00,3085267
69.0,70.6,68.9,59.0,2026-06-01 04:20:00,3085267
68.4,71.8,68.2,58.9,2026-06-01 04:40:00,3085267
68.0,72.7,67.8,58.9,2026-06-01 05:00:00,3085267
68.3,73.3,68.2,59.4,2026-06-01 05:20:00,3085267
68.4,72.7,68.4,59.3,2026-06-01 05:40:00,3085267
68.2,72.2,68.2,58.9,2026-06-01 06:00:00,3085267
67.8,72.7,67.6,58.8,2026-06-01 06:20:00,3085267
67.3,74.4,67.1,58.9,2026-06-01 06:40:00,3085267
67.0,75.9,66.7,59.2,2026-06-01 07:00:00,3085267
67.4,76.5,67.3,59.7,2026-06-01 07:20:00,3085267
68.1,75.9,68.2,60.2,2026-06-01 07:40:00,3085267
69.2,74.3,69.4,60.7,2026-06-01 08:00:00,3085267
70.0,72.5,70.5,60.7,2026-06-01 08:20:00,3085267
70.2,73.4,70.9,61.2,2026-06-01 08:40:00,3085267
71.0,73.1,71.8,61.9,2026-06-01 09:00:00,3085267
72.0,71.2,72.7,62.2,2026-06-01 09:20:00,3085267
72.6,71.2,73.2,62.8,2026-06-01 09:40:00,3085267
73.1,72.2,74.1,63.6,2026-06-01 10:00:00,3085267
74.2,70.8,75.0,64.2,2026-06-01 10:20:00,3085267
75.1,68.5,75.7,64.0,2026-06-01 10:40:00,3085267
76.2,66.7,76.6,64.4,2026-06-01 11:00:00,3085267
77.7,62.3,78.4,63.8,2026-06-01 11:20:00,3085267
78.3,60.5,79.2,63.5,2026-06-01 11:40:00,3085267
79.6,58.1,80.4,63.6,2026-06-01 12:00:00,3085267
79.7,57.3,80.6,63.3,2026-06-01 12:20:00,3085267
79.8,57.7,80.8,63.6,2026-06-01 12:40:00,3085267
80.4,54.4,81.1,62.5,2026-06-01 13:00:00,3085267
81.4,50.7,81.7,61.4,2026-06-01 13:20:00,3085267
81.7,52.5,82.4,62.6,2026-06-01 13:40:00,3085267
81.4,52.1,82.0,62.2,2026-06-01 14:00:00,3085267
82.0,50.2,82.6,61.7,2026-06-01 14:20:00,3085267
82.0,46.7,81.7,59.6,2026-06-01 14:40:00,3085267
83.0,39.2,81.7,55.6,2026-06-01 15:00:00,3085267
83.9,38.3,82.8,55.8,2026-06-01 15:20:00,3085267
83.9,41.0,83.3,57.7,2026-06-01 15:40:00,3085267
85.1,38.9,84.4,57.3,2026-06-01 16:00:00,3085267
85.0,39.6,84.6,57.7,2026-06-01 16:20:00,3085267
82.9,41.5,81.9,57.1,2026-06-01 16:40:00,3085267
81.7,41.9,80.4,56.3,2026-06-01 17:00:00,3085267
81.8,41.5,80.4,56.2,2026-06-01 17:20:00,3085267
82.3,42.2,81.3,57.1,2026-06-01 17:40:00,3085267
80.9,42.8,79.5,56.2,2026-06-01 18:00:00,3085267
80.0,40.3,78.1,53.7,2026-06-01 18:20:00,3085267
80.0,41.4,78.3,54.5,2026-06-01 18:40:00,3085267
79.1,41.8,77.4,53.9,2026-06-01 19:00:00,3085267
78.1,42.4,76.3,53.4,2026-06-01 19:20:00,3085267
77.6,40.9,75.4,52.0,2026-06-01 19:40:00,3085267
77.0,41.2,74.8,51.7,2026-06-01 20:00:00,3085267
76.5,42.4,74.5,51.9,2026-06-01 20:20:00,3085267
75.4,43.7,73.6,51.8,2026-06-01 20:40:00,3085267
74.3,47.8,73.0,53.3,2026-06-01 21:00:00,3085267
73.4,47.6,72.1,52.2,2026-06-01 21:20:00,3085267
72.5,48.5,71.4,51.9,2026-06-01 21:40:00,3085267
72.6,47.0,71.4,51.2,2026-06-01 22:00:00,3085267
72.7,46.5,71.4,51.0,2026-06-01 22:20:00,3085267
72.1,47.1,70.9,50.8,2026-06-01 22:40:00,3085267
71.7,46.5,70.5,50.2,2026-06-01 23:00:00,3085267
71.2,51.3,70.3,52.3,2026-06-01 23:20:00,3085267
70.8,56.1,70.5,54.4,2026-06-01 23:40:00,3085267
70.2,58.4,69.8,55.0,2026-06-02 00:00:00,3085267
70.0,60.8,69.8,55.9,2026-06-02 00:20:00,3085267
69.8,60.7,69.3,55.6,2026-06-02 00:40:00,3085267
69.1,58.2,68.4,53.9,2026-06-02 01:00:00,3085267
68.7,57.8,67.5,53.2,2026-06-02 01:20:00,3085267
67.9,56.5,66.4,51.9,2026-06-02 01:40:00,3085267
67.4,55.1,65.5,50.7,2026-06-02 02:00:00,3085267
66.7,56.5,64.6,50.8,2026-06-02 02:20:00,3085267
65.9,55.7,63.5,49.6,2026-06-02 02:40:00,3085267
65.2,58.7,62.8,50.4,2026-06-02 03:00:00,3085267
64.6,59.4,62.1,50.1,2026-06-02 03:20:00,3085267
64.1,61.6,61.9,50.6,2026-06-02 03:40:00,3085267
63.7,63.4,61.5,51.0,2026-06-02 04:00:00,3085267
62.9,66.1,61.2,51.4,2026-06-02 04:20:00,3085267
62.6,67.6,61.2,51.8,2026-06-02 04:40:00,3085267
62.3,68.4,60.8,51.8,2026-06-02 05:00:00,3085267
62.0,70.0,60.6,52.0,2026-06-02 05:20:00,3085267
61.5,71.5,60.3,52.2,2026-06-02 05:40:00,3085267
61.2,73.0,60.1,52.4,2026-06-02 06:00:00,3085267
60.9,73.9,59.9,52.5,2026-06-02 06:20:00,3085267
60.6,75.2,59.7,52.7,2026-06-02 06:40:00,3085267
60.9,75.1,60.1,52.9,2026-06-02 07:00:00,3085267
61.2,74.4,60.3,53.0,2026-06-02 07:20:00,3085267
61.1,73.3,60.1,52.5,2026-06-02 07:40:00,3085267
61.5,72.8,60.4,52.7,2026-06-02 08:00:00,3085267
62.0,70.7,60.6,52.3,2026-06-02 08:20:00,3085267
62.6,68.0,61.0,51.9,2026-06-02 08:40:00,3085267
63.3,65.1,61.5,51.4,2026-06-02 09:00:00,3085267
63.8,63.6,61.7,51.2,2026-06-02 09:20:00,3085267
63.9,64.8,62.1,51.8,2026-06-02 09:40:00,3085267
64.1,63.0,62.1,51.2,2026-06-02 10:00:00,3085267
64.3,61.4,62.1,50.7,2026-06-02 10:20:00,3085267
65.7,59.6,63.5,51.3,2026-06-02 10:40:00,3085267
67.0,56.5,65.1,51.0,2026-06-02 11:00:00,3085267
69.4,48.8,67.8,49.3,2026-06-02 11:20:00,3085267
71.0,45.1,69.8,48.7,2026-06-02 11:40:00,3085267
72.1,42.8,70.7,48.3,2026-06-02 12:00:00,3085267
72.1,40.6,70.3,46.9,2026-06-02 12:20:00,3085267
72.7,40.2,70.9,47.1,2026-06-02 12:40:00,3085267
73.8,40.6,71.8,48.4,2026-06-02 13:00:00,3085267
73.9,39.6,71.8,47.8,2026-06-02 13:20:00,3085267
73.9,37.6,71.6,46.4,2026-06-02 13:40:00,3085267
74.9,36.4,72.3,46.5,2026-06-02 14:00:00,3085267
75.4,35.8,72.7,46.5,2026-06-02 14:20:00,3085267
75.7,33.0,72.5,44.5,2026-06-02 14:40:00,3085267
75.8,31.5,72.5,43.5,2026-06-02 15:00:00,3085267
76.6,32.6,73.4,45.1,2026-06-02 15:20:00,3085267
76.6,30.5,73.2,43.3,2026-06-02 15:40:00,3085267
78.0,30.8,74.7,44.8,2026-06-02 16:00:00,3085267
77.5,29.9,73.9,43.5,2026-06-02 16:20:00,3085267
77.9,30.3,74.7,44.3,2026-06-02 16:40:00,3085267
80.4,26.3,76.6,42.7,2026-06-02 17:00:00,3085267
79.6,26.6,75.9,42.3,2026-06-02 17:20:00,3085267
82.8,24.6,78.8,43.0,2026-06-02 17:40:00,3085267
81.4,22.9,77.2,40.0,2026-06-02 18:00:00,3085267
75.7,28.9,72.1,41.1,2026-06-02 18:20:00,3085267
74.0,28.9,70.9,39.7,2026-06-02 18:40:00,3085267
73.3,29.5,70.3,39.6,2026-06-02 19:00:00,3085267
72.7,29.8,69.8,39.4,2026-06-02 19:20:00,3085267
72.1,30.2,69.4,39.2,2026-06-02 19:40:00,3085267
71.5,31.0,69.1,39.4,2026-06-02 20:00:00,3085267
70.4,32.3,68.2,39.5,2026-06-02 20:20:00,3085267
69.0,34.8,66.2,40.0,2026-06-02 20:40:00,3085267
67.9,37.6,64.8,41.1,2026-06-02 21:00:00,3085267
66.8,38.9,63.3,41.1,2026-06-02 21:20:00,3085267
65.6,39.6,61.5,40.4,2026-06-02 21:40:00,3085267
64.8,41.1,60.8,40.7,2026-06-02 22:00:00,3085267
63.9,42.5,59.9,40.7,2026-06-02 22:20:00,3085267
63.3,44.2,59.5,41.2,2026-06-02 22:40:00,3085267
62.6,45.2,59.0,41.1,2026-06-02 23:00:00,3085267
62.0,47.3,58.6,41.6,2026-06-02 23:20:00,3085267
61.0,49.5,57.9,42.0,2026-06-02 23:40:00,3085267
60.2,51.1,57.4,42.0,2026-06-03 00:00:00,3085267
59.3,53.2,56.7,42.3,2026-06-03 00:20:00,3085267
58.6,54.7,56.1,42.4,2026-06-03 00:40:00,3085267
58.2,55.4,55.9,42.3,2026-06-03 01:00:00,3085267
57.5,56.7,55.4,42.3,2026-06-03 01:20:00,3085267
56.9,58.4,55.0,42.5,2026-06-03 01:40:00,3085267
56.4,60.1,54.7,42.8,2026-06-03 02:00:00,3085267
55.9,59.8,54.1,42.2,2026-06-03 02:20:00,3085267
55.9,60.7,54.1,42.5,2026-06-03 02:40:00,3085267
55.9,61.6,54.1,42.9,2026-06-03 03:00:00,3085267
55.3,63.7,53.8,43.2,2026-06-03 03:20:00,3085267
55.3,65.8,54.0,44.0,2026-06-03 03:40:00,3085267
55.5,65.9,54.1,44.3,2026-06-03 04:00:00,3085267
55.5,66.1,54.1,44.4,2026-06-03 04:20:00,3085267
55.4,66.1,54.1,44.3,2026-06-03 04:40:00,3085267
55.4,65.1,53.8,43.8,2026-06-03 05:00:00,3085267
55.5,65.2,54.0,44.0,2026-06-03 05:20:00,3085267
55.1,64.9,53.8,43.5,2026-06-03 05:40:00,3085267
55.2,64.9,53.8,43.6,2026-06-03 06:00:00,3085267
55.5,63.5,54.0,43.3,2026-06-03 06:20:00,3085267
55.9,62.2,54.5,43.2,2026-06-03 06:40:00,3085267
57.0,61.5,55.2,43.9,2026-06-03 07:00:00,3085267
58.3,59.4,56.3,44.2,2026-06-03 07:20:00,3085267
59.6,57.3,57.4,44.5,2026-06-03 07:40:00,3085267
60.8,56.5,58.3,45.2,2026-06-03 08:00:00,3085267
62.3,54.1,59.5,45.5,2026-06-03 08:20:00,3085267
63.5,52.0,60.4,45.6,2026-06-03 08:40:00,3085267
65.1,49.7,61.9,45.9,2026-06-03 09:00:00,3085267
66.9,46.8,64.2,46.0,2026-06-03 09:20:00,3085267
68.7,44.5,66.4,46.2,2026-06-03 09:40:00,3085267
70.6,43.0,69.3,47.1,2026-06-03 10:00:00,3085267
71.8,40.8,70.2,46.7,2026-06-03 10:20:00,3085267
73.1,37.0,70.9,45.2,2026-06-03 10:40:00,3085267
74.3,37.1,72.0,46.4,2026-06-03 11:00:00,3085267
75.0,33.4,72.1,44.3,2026-06-03 11:20:00,3085267
75.2,31.8,72.1,43.2,2026-06-03 11:40:00,3085267
76.9,32.4,73.8,45.2,2026-06-03 12:00:00,3085267
77.2,29.9,73.6,43.3,2026-06-03 12:20:00,3085267
77.8,30.8,74.5,44.6,2026-06-03 12:40:00,3085267
77.7,29.6,74.3,43.5,2026-06-03 13:00:00,3085267
78.2,28.9,74.7,43.3,2026-06-03 13:20:00,3085267
78.4,28.8,74.8,43.4,2026-06-03 13:40:00,3085267
78.8,28.7,75.4,43.6,2026-06-03 14:00:00,3085267
79.2,28.8,75.7,44.0,2026-06-03 14:20:00,3085267
79.2,28.6,75.7,43.9,2026-06-03 14:40:00,3085267
80.2,28.0,76.5,44.1,2026-06-03 15:00:00,3085267
80.7,27.6,77.0,44.2,2026-06-03 15:20:00,3085267
80.4,27.5,76.8,43.9,2026-06-03 15:40:00,3085267
82.8,26.2,79.2,44.7,2026-06-03 16:00:00,3085267
80.7,28.3,77.2,44.9,2026-06-03 16:20:00,3085267
82.5,26.7,78.8,44.9,2026-06-03 16:40:00,3085267
86.0,26.4,82.9,47.5,2026-06-03 17:00:00,3085267
88.4,23.0,84.9,45.9,2026-06-03 17:20:00,3085267
86.0,24.3,82.6,45.4,2026-06-03 17:40:00,3085267
89.4,22.4,85.8,46.1,2026-06-03 18:00:00,3085267
81.5,26.1,77.5,43.4,2026-06-03 18:20:00,3085267
80.5,27.4,76.8,43.9,2026-06-03 18:40:00,3085267
79.4,28.3,75.9,43.8,2026-06-03 19:00:00,3085267
79.0,29.1,75.6,44.2,2026-06-03 19:20:00,3085267
78.3,30.1,75.0,44.4,2026-06-03 19:40:00,3085267
77.1,32.4,73.9,45.3,2026-06-03 20:00:00,3085267
75.5,34.1,72.5,45.3,2026-06-03 20:20:00,3085267
74.0,35.9,71.6,45.3,2026-06-03 20:40:00,3085267
72.6,37.2,70.5,45.0,2026-06-03 21:00:00,3085267
71.3,39.4,69.6,45.3,2026-06-03 21:20:00,3085267
70.6,41.9,69.1,46.3,2026-06-03 21:40:00,3085267
69.7,43.3,68.0,46.4,2026-06-03 22:00:00,3085267
68.9,44.4,66.9,46.3,2026-06-03 22:20:00,3085267
68.2,45.7,66.0,46.5,2026-06-03 22:40:00,3085267
67.5,47.2,65.1,46.7,2026-06-03 23:00:00,3085267
66.9,48.7,64.0,47.0,2026-06-03 23:20:00,3085267
66.3,50.2,63.5,47.3,2026-06-03 23:40:00,3085267
65.8,50.7,62.6,47.0,2026-06-04 00:00:00,3085267
65.2,52.1,62.1,47.2,2026-06-04 00:20:00,3085267
64.9,53.6,62.1,47.7,2026-06-04 00:40:00,3085267
64.6,54.4,61.7,47.8,2026-06-04 01:00:00,3085267
63.7,56.1,61.0,47.8,2026-06-04 01:20:00,3085267
62.9,58.9,60.4,48.3,2026-06-04 01:40:00,3085267
61.7,61.2,59.7,48.2,2026-06-04 02:00:00,3085267
61.2,62.7,59.4,48.4,2026-06-04 02:20:00,3085267
60.0,64.9,58.3,48.2,2026-06-04 02:40:00,3085267
59.2,66.7,57.7,48.1,2026-06-04 03:00:00,3085267
59.1,67.2,57.6,48.2,2026-06-04 03:20:00,3085267
58.7,68.8,57.4,48.4,2026-06-04 03:40:00,3085267
58.4,69.6,57.2,48.5,2026-06-04 04:00:00,3085267
57.7,71.4,56.7,48.5,2026-06-04 04:20:00,3085267
57.6,72.6,56.7,48.8,2026-06-04 04:40:00,3085267
56.9,73.7,56.1,48.7,2026-06-04 05:00:00,3085267
56.5,74.8,55.8,48.6,2026-06-04 05:20:00,3085267
56.2,75.7,55.6,48.6,2026-06-04 05:40:00,3085267
56.1,76.3,55.6,48.8,2026-06-04 06:00:00,3085267
56.2,76.8,55.6,49.0,2026-06-04 06:20:00,3085267
56.4,78.0,55.8,49.7,2026-06-04 06:40:00,3085267
57.1,78.6,56.5,50.5,2026-06-04 07:00:00,3085267
58.7,76.9,58.1,51.5,2026-06-04 07:20:00,3085267
59.8,73.7,58.8,51.4,2026-06-04 07:40:00,3085267
62.5,69.4,61.0,52.3,2026-06-04 08:00:00,3085267
64.4,64.1,62.4,52.0,2026-06-04 08:20:00,3085267
66.8,55.9,64.8,50.6,2026-06-04 08:40:00,3085267
68.9,52.5,67.6,50.9,2026-06-04 09:00:00,3085267
70.8,52.4,70.2,52.5,2026-06-04 09:20:00,3085267
72.6,45.4,71.2,50.3,2026-06-04 09:40:00,3085267
75.3,43.6,73.4,51.6,2026-06-04 10:00:00,3085267
76.1,38.0,73.6,48.7,2026-06-04 10:20:00,3085267
77.6,35.9,74.8,48.5,2026-06-04 10:40:00,3085267
78.6,34.2,75.9,48.1,2026-06-04 11:00:00,3085267
79.1,31.7,75.7,46.4,2026-06-04 11:20:00,3085267
79.9,31.3,76.6,46.8,2026-06-04 11:40:00,3085267
80.4,30.0,77.0,46.1,2026-06-04 12:00:00,3085267
81.7,27.4,78.1,44.9,2026-06-04 12:20:00,3085267
82.5,27.1,78.8,45.2,2026-06-04 12:40:00,3085267
83.2,27.9,79.7,46.6,2026-06-04 13:00:00,3085267
83.8,26.6,80.2,45.9,2026-06-04 13:20:00,3085267
84.2,25.6,80.4,45.1,2026-06-04 13:40:00,3085267
84.9,24.4,81.3,44.6,2026-06-04 14:00:00,3085267
84.7,25.3,81.1,45.3,2026-06-04 14:20:00,3085267
85.2,24.6,81.5,44.9,2026-06-04 14:40:00,3085267
86.2,23.7,82.6,44.9,2026-06-04 15:00:00,3085267
86.5,23.9,82.8,45.3,2026-06-04 15:20:00,3085267
86.8,22.7,83.1,44.2,2026-06-04 15:40:00,3085267
88.2,22.6,84.7,45.3,2026-06-04 16:00:00,3085267
88.1,23.8,84.7,46.6,2026-06-04 16:20:00,3085267
89.6,22.3,86.2,46.1,2026-06-04 16:40:00,3085267
92.8,21.6,90.0,47.9,2026-06-04 17:00:00,3085267
97.4,18.2,94.6,47.2,2026-06-04 17:20:00,3085267
98.3,18.1,95.7,47.7,2026-06-04 17:40:00,3085267
94.2,20.6,91.4,47.8,2026-06-04 18:00:00,3085267
88.4,21.9,84.7,44.5,2026-06-04 18:20:00,3085267
87.5,23.2,83.8,45.3,2026-06-04 18:40:00,3085267
86.1,25.6,82.8,46.8,2026-06-04 19:00:00,3085267
85.4,26.9,82.2,47.5,2026-06-04 19:20:00,3085267
83.1,29.6,80.1,48.2,2026-06-04 19:40:00,3085267
81.8,31.5,78.6,48.6,2026-06-04 20:00:00,3085267
80.4,32.9,77.5,48.7,2026-06-04 20:20:00,3085267
78.8,33.9,75.9,48.0,2026-06-04 20:40:00,3085267
77.5,36.0,74.7,48.4,2026-06-04 21:00:00,3085267
76.1,37.8,73.6,48.5,2026-06-04 21:20:00,3085267
74.7,40.9,72.7,49.4,2026-06-04 21:40:00,3085267
73.9,42.9,72.0,49.9,2026-06-04 22:00:00,3085267
72.8,44.0,71.2,49.6,2026-06-04 22:20:00,3085267
72.0,46.0,70.9,50.2,2026-06-04 22:40:00,3085267
71.5,47.4,70.3,50.5,2026-06-04 23:00:00,3085267
70.8,48.4,70.0,50.4,2026-06-04 23:20:00,3085267
70.0,49.8,68.9,50.5,2026-06-04 23:40:00,3085267
69.1,51.5,67.8,50.5,2026-06-05 00:00:00,3085267
68.6,52.8,67.1,50.7,2026-06-05 00:20:00,3085267
68.4,53.6,66.9,51.0,2026-06-05 00:40:00,3085267
67.8,55.9,66.0,51.5,2026-06-05 01:00:00,3085267
67.4,56.7,65.7,51.5,2026-06-05 01:20:00,3085267
67.3,58.6,65.8,52.3,2026-06-05 01:40:00,3085267
67.2,60.9,65.7,53.3,2026-06-05 02:00:00,3085267
66.9,62.4,65.7,53.7,2026-06-05 02:20:00,3085267
66.6,63.8,65.3,53.9,2026-06-05 02:40:00,3085267
66.0,65.1,64.2,53.9,2026-06-05 03:00:00,3085267
65.3,66.8,63.7,54.0,2026-06-05 03:20:00,3085267
64.9,68.0,63.3,54.1,2026-06-05 03:40:00,3085267
64.2,69.6,63.0,54.1,2026-06-05 04:00:00,3085267
63.8,71.3,62.6,54.3,2026-06-05 04:20:00,3085267
63.2,72.8,62.1,54.3,2026-06-05 04:40:00,3085267
62.5,74.1,61.5,54.2,2026-06-05 05:00:00,3085267
61.9,75.9,61.2,54.2,2026-06-05 05:20:00,3085267
61.6,77.2,61.0,54.3,2026-06-05 05:40:00,3085267
61.7,77.5,61.0,54.6,2026-06-05 06:00:00,3085267
61.6,77.8,61.0,54.6,2026-06-05 06:20:00,3085267
61.7,78.9,61.2,55.0,2026-06-05 06:40:00,3085267
62.3,78.6,61.7,55.5,2026-06-05 07:00:00,3085267
63.0,77.6,62.4,56.0,2026-06-05 07:20:00,3085267
63.8,76.6,63.0,56.3,2026-06-05 07:40:00,3085267
65.1,74.7,64.2,56.9,2026-06-05 08:00:00,3085267
66.8,73.0,66.2,57.9,2026-06-05 08:20:00,3085267
69.0,67.8,68.7,57.9,2026-06-05 08:40:00,3085267
71.0,64.0,71.2,58.2,2026-06-05 09:00:00,3085267
73.1,62.4,73.2,59.5,2026-06-05 09:20:00,3085267
75.4,61.1,75.4,61.1,2026-06-05 09:40:00,3085267
77.6,52.2,77.0,58.8,2026-06-05 10:00:00,3085267
79.9,50.5,79.7,59.9,2026-06-05 10:20:00,3085267
82.1,43.9,81.1,58.0,2026-06-05 10:40:00,3085267
83.5,41.0,82.8,57.3,2026-06-05 11:00:00,3085267
84.8,37.2,83.8,55.8,2026-06-05 11:20:00,3085267
85.3,34.2,83.7,53.9,2026-06-05 11:40:00,3085267
86.8,32.7,85.3,54.0,2026-06-05 12:00:00,3085267
87.1,32.1,85.5,53.8,2026-06-05 12:20:00,3085267
90.7,36.8,92.7,60.7,2026-05-28 17:00:00,2974177
90.0,37.3,91.6,60.4,2026-05-28 17:20:00,2974177
89.1,40.0,91.0,61.6,2026-05-28 17:40:00,2974177
89.2,39.2,90.7,61.2,2026-05-28 18:00:00,2974177
89.5,39.2,91.4,61.4,2026-05-28 18:20:00,2974177
86.8,42.7,88.2,61.5,2026-05-28 18:40:00,2974177
86.1,45.0,87.6,62.3,2026-05-28 19:00:00,2974177
85.2,46.5,86.7,62.4,2026-05-28 19:20:00,2974177
84.6,49.2,86.5,63.5,2026-05-28 19:40:00,2974177
83.7,50.7,85.5,63.5,2026-05-28 20:00:00,2974177
81.9,54.2,83.3,63.8,2026-05-28 20:20:00,2974177
80.4,57.5,81.9,64.1,2026-05-28 20:40:00,2974177
79.2,62.3,80.8,65.2,2026-05-28 21:00:00,2974177
78.4,65.1,79.9,65.7,2026-05-28 21:20:00,2974177
77.8,66.6,79.2,65.8,2026-05-28 21:40:00,2974177
76.3,69.9,77.2,65.8,2026-05-28 22:00:00,2974177
76.1,69.7,76.8,65.4,2026-05-28 22:20:00,2974177
76.6,64.8,77.0,63.9,2026-05-28 22:40:00,2974177
76.1,59.7,75.7,61.0,2026-05-28 23:00:00,2974177
76.4,54.7,75.6,58.9,2026-05-28 23:20:00,2974177
76.1,54.2,75.4,58.4,2026-05-28 23:40:00,2974177
75.4,54.9,74.7,58.1,2026-05-29 00:00:00,2974177
74.7,54.4,73.9,57.2,2026-05-29 00:20:00,2974177
73.8,56.1,73.2,57.2,2026-05-29 00:40:00,2974177
73.2,57.0,72.7,57.0,2026-05-29 01:00:00,2974177
72.4,58.6,72.1,57.1,2026-05-29 01:20:00,2974177
71.6,59.7,71.2,56.8,2026-05-29 01:40:00,2974177
70.7,61.8,70.5,56.9,2026-05-29 02:00:00,2974177
69.8,61.9,69.3,56.1,2026-05-29 02:20:00,2974177
68.9,63.9,68.5,56.2,2026-05-29 02:40:00,2974177
68.4,66.3,68.0,56.8,2026-05-29 03:00:00,2974177
67.5,69.8,66.9,57.3,2026-05-29 03:20:00,2974177
66.3,71.2,65.3,56.8,2026-05-29 03:40:00,2974177
66.1,73.3,65.3,57.3,2026-05-29 04:00:00,2974177
65.3,74.8,64.4,57.1,2026-05-29 04:20:00,2974177
65.0,75.8,64.2,57.2,2026-05-29 04:40:00,2974177
64.2,77.7,63.5,57.1,2026-05-29 05:00:00,2974177
63.2,80.1,62.8,57.0,2026-05-29 05:20:00,2974177
62.4,81.4,62.1,56.6,2026-05-29 05:40:00,2974177
62.0,81.7,61.7,56.3,2026-05-29 06:00:00,2974177
62.0,81.6,61.7,56.4,2026-05-29 06:20:00,2974177
62.8,76.8,61.9,55.4,2026-05-29 06:40:00,2974177
63.8,71.7,62.6,54.5,2026-05-29 07:00:00,2974177
64.6,66.9,62.8,53.3,2026-05-29 07:20:00,2974177
65.4,62.7,63.3,52.4,2026-05-29 07:40:00,2974177
66.2,61.1,64.2,52.4,2026-05-29 08:00:00,2974177
66.9,59.3,65.3,52.3,2026-05-29 08:20:00,2974177
68.2,58.0,66.9,52.9,2026-05-29 08:40:00,2974177
69.4,56.2,68.4,53.1,2026-05-29 09:00:00,2974177
70.6,54.6,70.0,53.5,2026-05-29 09:20:00,2974177
71.2,53.3,70.5,53.4,2026-05-29 09:40:00,2974177
72.7,51.1,71.8,53.6,2026-05-29 10:00:00,2974177
74.7,50.2,73.6,55.0,2026-05-29 10:20:00,2974177
75.5,48.0,73.9,54.4,2026-05-29 10:40:00,2974177
77.6,43.6,75.9,53.7,2026-05-29 11:00:00,2974177
78.5,43.0,76.8,54.2,2026-05-29 11:20:00,2974177
77.0,42.8,75.0,52.7,2026-05-29 11:40:00,2974177
79.4,42.0,77.9,54.3,2026-05-29 12:00:00,2974177
81.4,38.6,79.5,53.9,2026-05-29 12:20:00,2974177
81.1,38.9,79.2,53.8,2026-05-29 12:40:00,2974177
82.0,38.0,80.1,53.9,2026-05-29 13:00:00,2974177
83.2,38.2,81.9,55.1,2026-05-29 13:20:00,2974177
84.3,37.3,83.1,55.4,2026-05-29 13:40:00,2974177
84.4,38.1,83.3,56.0,2026-05-29 14:00:00,2974177
86.2,36.1,85.5,56.2,2026-05-29 14:20:00,2974177
86.9,34.4,85.6,55.4,2026-05-29 14:40:00,2974177
86.5,34.9,85.3,55.6,2026-05-29 15:00:00,2974177
87.2,35.1,86.4,56.3,2026-05-29 15:20:00,2974177
88.0,33.0,87.1,55.3,2026-05-29 15:40:00,2974177
88.1,34.5,87.4,56.6,2026-05-29 16:00:00,2974177
85.2,35.7,83.8,55.1,2026-05-29 16:20:00,2974177
87.1,34.3,86.2,55.6,2026-05-29 16:40:00,2974177
86.1,35.1,84.9,55.3,2026-05-29 17:00:00,2974177
88.4,33.9,87.8,56.4,2026-05-29 17:20:00,2974177
85.0,35.5,83.7,54.6,2026-05-29 17:40:00,2974177
87.2,37.7,87.1,58.3,2026-05-29 18:00:00,2974177
89.7,37.4,91.0,60.3,2026-05-29 18:20:00,2974177
84.8,39.0,84.2,57.1,2026-05-29 18:40:00,2974177
83.6,42.2,83.1,58.2,2026-05-29 19:00:00,2974177
82.2,44.7,81.7,58.6,2026-05-29 19:20:00,2974177
81.6,44.1,80.8,57.6,2026-05-29 19:40:00,2974177
80.5,46.4,79.7,58.1,2026-05-29 20:00:00,2974177
79.0,49.1,78.3,58.3,2026-05-29 20:20:00,2974177
78.0,50.4,77.2,58.0,2026-05-29 20:40:00,2974177
76.5,52.8,75.6,58.0,2026-05-29 21:00:00,2974177
75.5,55.1,74.8,58.2,2026-05-29 21:20:00,2974177
73.8,58.8,73.6,58.5,2026-05-29 21:40:00,2974177
73.5,60.3,73.4,58.9,2026-05-29 22:00:00,2974177
73.0,62.0,73.0,59.3,2026-05-29 22:20:00,2974177
72.6,63.7,72.9,59.5,2026-05-29 22:40:00,2974177
71.7,66.1,72.1,59.8,2026-05-29 23:00:00,2974177
72.1,66.5,72.5,60.4,2026-05-29 23:20:00,2974177
71.4,68.5,71.8,60.5,2026-05-29 23:40:00,2974177
71.4,68.7,71.8,60.5,2026-05-30 00:00:00,2974177
71.3,69.3,72.0,60.7,2026-05-30 00:20:00,2974177
72.2,70.5,72.9,62.0,2026-05-30 00:40:00,2974177
73.6,69.4,74.5,63.0,2026-05-30 01:00:00,2974177
74.2,69.8,75.0,63.8,2026-05-30 01:20:00,2974177
74.1,70.5,74.8,63.9,2026-05-30 01:40:00,2974177
73.8,72.1,74.8,64.2,2026-05-30 02:00:00,2974177
73.8,73.5,75.0,64.8,2026-05-30 02:20:00,2974177
73.5,74.8,74.5,65.0,2026-05-30 02:40:00,2974177
73.3,75.2,74.5,65.0,2026-05-30 03:00:00,2974177
72.8,77.2,73.9,65.3,2026-05-30 03:20:00,2974177
72.6,78.3,73.8,65.4,2026-05-30 03:40:00,2974177
72.2,79.4,73.6,65.5,2026-05-30 04:00:00,2974177
71.9,81.4,73.2,65.9,2026-05-30 04:20:00,2974177
71.6,82.3,73.0,65.9,2026-05-30 04:40:00,2974177
71.5,83.4,73.0,66.2,2026-05-30 05:00:00,2974177
71.4,84.4,72.7,66.4,2026-05-30 05:20:00,2974177
71.3,85.0,72.7,66.6,2026-05-30 05:40:00,2974177
71.2,85.5,72.5,66.7,2026-05-30 06:00:00,2974177
71.3,86.3,72.7,67.0,2026-05-30 06:20:00,2974177
71.5,85.7,73.0,67.0,2026-05-30 06:40:00,2974177
72.0,85.5,73.6,67.4,2026-05-30 07:00:00,2974177
72.3,85.0,74.1,67.6,2026-05-30 07:20:00,2974177
73.0,84.4,74.8,68.0,2026-05-30 07:40:00,2974177
73.7,83.1,75.6,68.2,2026-05-30 08:00:00,2974177
74.6,80.8,76.5,68.3,2026-05-30 08:20:00,2974177
75.3,69.4,76.1,64.6,2026-05-30 08:40:00,2974177
75.5,56.0,74.8,58.7,2026-05-30 09:00:00,2974177
75.8,54.0,75.0,58.0,2026-05-30 09:20:00,2974177
77.6,44.5,75.9,54.3,2026-05-30 09:40:00,2974177
78.2,41.7,76.1,53.0,2026-05-30 10:00:00,2974177
79.5,39.8,77.5,53.0,2026-05-30 10:20:00,2974177
80.1,40.5,78.4,53.9,2026-05-30 10:40:00,2974177
81.4,35.5,79.0,51.5,2026-05-30 11:00:00,2974177
80.9,37.5,78.8,52.6,2026-05-30 11:20:00,2974177
81.6,32.3,78.6,49.1,2026-05-30 11:40:00,2974177
83.0,29.0,79.7,47.5,2026-05-30 12:00:00,2974177
83.2,27.7,79.7,46.5,2026-05-30 12:20:00,2974177
85.7,26.8,82.6,47.8,2026-05-30 12:40:00,2974177
85.3,27.7,82.4,48.2,2026-05-30 13:00:00,2974177
88.0,27.3,85.5,50.1,2026-05-30 13:20:00,2974177
87.7,25.7,84.6,48.3,2026-05-30 13:40:00,2974177
86.2,25.1,82.9,46.4,2026-05-30 14:00:00,2974177
86.4,19.9,82.0,40.5,2026-05-30 14:20:00,2974177
86.3,20.7,82.0,41.5,2026-05-30 14:40:00,2974177
88.0,24.3,84.9,47.1,2026-05-30 15:00:00,2974177
87.8,23.6,84.4,46.1,2026-05-30 15:20:00,2974177
88.0,25.1,85.1,47.9,2026-05-30 15:40:00,2974177
88.1,26.6,85.3,49.5,2026-05-30 16:00:00,2974177
86.4,26.2,83.3,47.6,2026-05-30 16:20:00,2974177
87.1,28.8,84.7,50.8,2026-05-30 16:40:00,2974177
87.7,26.4,84.7,49.0,2026-05-30 17:00:00,2974177
88.4,26.6,85.6,49.8,2026-05-30 17:20:00,2974177
87.7,27.6,85.1,50.2,2026-05-30 17:40:00,2974177
86.5,29.0,83.8,50.5,2026-05-30 18:00:00,2974177
83.3,31.8,80.6,50.2,2026-05-30 18:20:00,2974177
81.9,33.4,79.2,50.3,2026-05-30 18:40:00,2974177
81.4,32.5,78.4,49.2,2026-05-30 19:00:00,2974177
80.8,34.2,78.3,50.0,2026-05-30 19:20:00,2974177
80.2,35.7,77.5,50.6,2026-05-30 19:40:00,2974177
79.5,38.0,77.4,51.8,2026-05-30 20:00:00,2974177
78.6,40.0,76.6,52.3,2026-05-30 20:20:00,2974177
77.0,43.4,75.0,53.0,2026-05-30 20:40:00,2974177
75.3,45.8,73.6,53.0,2026-05-30 21:00:00,2974177
74.1,48.9,72.9,53.7,2026-05-30 21:20:00,2974177
75.7,39.8,73.2,49.5,2026-05-30 21:40:00,2974177
75.5,37.6,72.9,47.8,2026-05-30 22:00:00,2974177
74.7,40.3,72.7,48.9,2026-05-30 22:20:00,2974177
73.7,47.0,72.3,52.2,2026-05-30 22:40:00,2974177
72.1,47.6,71.1,51.1,2026-05-30 23:00:00,2974177
70.8,46.4,69.8,49.2,2026-05-30 23:20:00,2974177
69.7,48.3,68.4,49.3,2026-05-30 23:40:00,2974177
68.4,50.8,66.7,49.4,2026-05-31 00:00:00,2974177
67.2,53.6,65.1,49.8,2026-05-31 00:20:00,2974177
66.8,55.3,64.8,50.3,2026-05-31 00:40:00,2974177
66.5,57.1,64.4,50.9,2026-05-31 01:00:00,2974177
65.9,58.1,63.7,50.7,2026-05-31 01:20:00,2974177
64.9,58.8,62.6,50.2,2026-05-31 01:40:00,2974177
64.3,59.8,61.9,50.1,2026-05-31 02:00:00,2974177
63.9,61.8,61.7,50.5,2026-05-31 02:20:00,2974177
63.3,60.3,61.0,49.3,2026-05-31 02:40:00,2974177
62.9,60.0,60.6,48.8,2026-05-31 03:00:00,2974177
62.9,59.9,60.4,48.7,2026-05-31 03:20:00,2974177
62.6,60.8,60.4,48.9,2026-05-31 03:40:00,2974177
62.5,61.3,60.3,49.0,2026-05-31 04:00:00,2974177
61.7,62.0,59.9,48.6,2026-05-31 04:20:00,2974177
61.0,63.8,59.0,48.6,2026-05-31 04:40:00,2974177
60.6,64.8,58.8,48.7,2026-05-31 05:00:00,2974177
59.6,67.2,58.1,48.7,2026-05-31 05:20:00,2974177
59.3,68.5,57.9,48.9,2026-05-31 05:40:00,2974177
59.3,68.8,57.9,49.1,2026-05-31 06:00:00,2974177
58.5,70.8,57.4,49.1,2026-05-31 06:20:00,2974177
58.3,72.9,57.4,49.7,2026-05-31 06:40:00,2974177
58.4,74.3,57.6,50.2,2026-05-31 07:00:00,2974177
59.4,74.2,58.5,51.2,2026-05-31 07:20:00,2974177
60.2,71.4,59.0,51.0,2026-05-31 07:40:00,2974177
61.4,69.8,60.1,51.4,2026-05-31 08:00:00,2974177
62.4,68.4,60.8,51.9,2026-05-31 08:20:00,2974177
62.7,65.7,60.8,51.0,2026-05-31 08:40:00,2974177
63.9,61.8,61.7,50.6,2026-05-31 09:00:00,2974177
65.0,56.4,62.4,49.1,2026-05-31 09:20:00,2974177
66.5,54.4,64.0,49.5,2026-05-31 09:40:00,2974177
67.2,50.3,64.8,48.1,2026-05-31 10:00:00,2974177
69.6,48.8,68.0,49.5,2026-05-31 10:20:00,2974177
69.3,44.4,67.5,46.8,2026-05-31 10:40:00,2974177
72.0,43.5,70.7,48.6,2026-05-31 11:00:00,2974177
69.8,43.7,68.2,46.7,2026-05-31 11:20:00,2974177
73.4,42.9,71.8,49.5,2026-05-31 11:40:00,2974177
75.4,39.7,73.0,49.2,2026-05-31 12:00:00,2974177
75.2,38.9,72.9,48.5,2026-05-31 12:20:00,2974177
74.7,37.7,72.3,47.2,2026-05-31 12:40:00,2974177
73.8,35.7,71.4,45.0,2026-05-31 13:00:00,2974177
78.6,36.0,75.9,49.4,2026-05-31 13:20:00,2974177
76.3,34.2,73.4,46.1,2026-05-31 13:40:00,2974177
78.6,33.6,75.6,47.6,2026-05-31 14:00:00,2974177
81.2,32.8,78.3,49.1,2026-05-31 14:20:00,2974177
81.3,33.0,78.3,49.5,2026-05-31 14:40:00,2974177
81.3,31.9,78.1,48.6,2026-05-31 15:00:00,2974177
81.0,33.1,78.3,49.3,2026-05-31 15:20:00,2974177
82.4,32.3,79.5,49.8,2026-05-31 15:40:00,2974177
81.3,33.7,78.4,50.0,2026-05-31 16:00:00,2974177
82.2,34.5,79.5,51.4,2026-05-31 16:20:00,2974177
82.8,34.1,80.4,51.7,2026-05-31 16:40:00,2974177
81.8,34.6,79.2,51.2,2026-05-31 17:00:00,2974177
82.5,36.0,80.2,52.9,2026-05-31 17:20:00,2974177
81.6,35.5,79.2,51.7,2026-05-31 17:40:00,2974177
79.5,36.4,77.0,50.5,2026-05-31 18:00:00,2974177
81.5,36.8,79.3,52.6,2026-05-31 18:20:00,2974177
78.3,39.4,76.1,51.6,2026-05-31 18:40:00,2974177
77.2,41.8,75.2,52.2,2026-05-31 19:00:00,2974177
77.0,43.5,75.2,53.1,2026-05-31 19:20:00,2974177
76.2,44.5,74.3,53.1,2026-05-31 19:40:00,2974177
75.7,46.5,73.9,53.7,2026-05-31 20:00:00,2974177
75.3,47.9,73.8,54.2,2026-05-31 20:20:00,2974177
75.1,48.5,73.8,54.4,2026-05-31 20:40:00,2974177
74.4,48.5,73.2,53.7,2026-05-31 21:00:00,2974177
73.9,49.1,72.7,53.6,2026-05-31 21:20:00,2974177
73.3,50.0,72.1,53.5,2026-05-31 21:40:00,2974177
72.6,51.2,71.8,53.5,2026-05-31 22:00:00,2974177
72.0,52.8,71.4,53.8,2026-05-31 22:20:00,2974177
71.5,53.5,70.9,53.7,2026-05-31 22:40:00,2974177
71.3,53.8,70.7,53.7,2026-05-31 23:00:00,2974177
71.2,55.6,70.7,54.5,2026-05-31 23:20:00,2974177
71.2,57.1,70.7,55.2,2026-05-31 23:40:00,2974177
71.5,57.8,71.2,55.9,2026-06-01 00:00:00,2974177
71.8,58.2,71.6,56.4,2026-06-01 00:20:00,2974177
71.4,59.3,71.1,56.5,2026-06-01 00:40:00,2974177
71.4,60.8,71.2,57.1,2026-06-01 01:00:00,2974177
71.1,61.6,71.2,57.2,2026-06-01 01:20:00,2974177
71.1,62.2,71.2,57.5,2026-06-01 01:40:00,2974177
70.8,62.8,70.9,57.4,2026-06-01 02:00:00,2974177
70.8,63.1,71.1,57.6,2026-06-01 02:20:00,2974177
70.9,63.8,71.2,58.0,2026-06-01 02:40:00,2974177
70.9,64.4,71.2,58.3,2026-06-01 03:00:00,2974177
70.6,65.1,70.7,58.3,2026-06-01 03:20:00,2974177
70.4,65.7,70.5,58.4,2026-06-01 03:40:00,2974177
70.4,65.9,70.5,58.5,2026-06-01 04:00:00,2974177
69.7,67.3,69.6,58.4,2026-06-01 04:20:00,2974177
69.1,68.3,68.9,58.2,2026-06-01 04:40:00,2974177
69.4,69.1,69.4,58.8,2026-06-01 05:00:00,2974177
69.4,68.8,69.3,58.7,2026-06-01 05:20:00,2974177
69.2,69.0,68.9,58.6,2026-06-01 05:40:00,2974177
68.7,69.6,68.4,58.4,2026-06-01 06:00:00,2974177
68.3,70.6,68.0,58.4,2026-06-01 06:20:00,2974177
68.0,72.2,67.8,58.7,2026-06-01 06:40:00,2974177
68.0,74.0,68.0,59.4,2026-06-01 07:00:00,2974177
68.5,73.8,68.4,59.8,2026-06-01 07:20:00,2974177
69.4,72.5,69.6,60.2,2026-06-01 07:40:00,2974177
70.2,70.9,70.5,60.4,2026-06-01 08:00:00,2974177
70.7,70.6,71.1,60.6,2026-06-01 08:20:00,2974177
71.3,70.6,72.0,61.2,2026-06-01 08:40:00,2974177
72.1,69.6,72.9,61.7,2026-06-01 09:00:00,2974177
73.0,68.8,73.4,62.1,2026-06-01 09:20:00,2974177
74.4,67.8,75.0,63.1,2026-06-01 09:40:00,2974177
76.5,66.5,77.2,64.5,2026-06-01 10:00:00,2974177
77.6,64.3,78.4,64.6,2026-06-01 10:20:00,2974177
78.0,61.1,78.6,63.5,2026-06-01 10:40:00,2974177
79.8,58.0,80.8,63.7,2026-06-01 11:00:00,2974177
80.8,56.1,82.0,63.7,2026-06-01 11:20:00,2974177
82.3,53.6,83.7,63.8,2026-06-01 11:40:00,2974177
80.4,54.9,81.0,62.7,2026-06-01 12:00:00,2974177
81.5,53.4,82.4,63.0,2026-06-01 12:20:00,2974177
82.1,51.8,82.9,62.7,2026-06-01 12:40:00,2974177
82.8,51.1,84.0,63.0,2026-06-01 13:00:00,2974177
83.3,48.1,84.0,61.7,2026-06-01 13:20:00,2974177
83.4,46.3,83.7,60.6,2026-06-01 13:40:00,2974177
83.6,44.9,83.5,60.0,2026-06-01 14:00:00,2974177
83.7,46.1,84.2,60.8,2026-06-01 14:20:00,2974177
83.3,39.2,82.0,55.9,2026-06-01 14:40:00,2974177
83.9,34.1,81.9,52.7,2026-06-01 15:00:00,2974177
85.0,34.0,83.1,53.5,2026-06-01 15:20:00,2974177
84.5,37.0,83.3,55.4,2026-06-01 15:40:00,2974177
84.2,38.8,83.1,56.4,2026-06-01 16:00:00,2974177
86.5,35.7,85.5,56.1,2026-06-01 16:20:00,2974177
82.5,40.8,81.1,56.3,2026-06-01 16:40:00,2974177
81.3,42.2,79.9,56.1,2026-06-01 17:00:00,2974177
81.3,41.7,79.9,55.8,2026-06-01 17:20:00,2974177
81.5,40.3,80.1,55.1,2026-06-01 17:40:00,2974177
80.4,42.1,78.8,55.3,2026-06-01 18:00:00,2974177
80.0,40.4,78.1,53.8,2026-06-01 18:20:00,2974177
79.9,41.7,78.1,54.6,2026-06-01 18:40:00,2974177
79.2,40.9,77.4,53.4,2026-06-01 19:00:00,2974177
78.4,42.1,76.5,53.5,2026-06-01 19:20:00,2974177
77.6,43.6,75.9,53.7,2026-06-01 19:40:00,2974177
77.1,42.3,75.0,52.5,2026-06-01 20:00:00,2974177
75.9,44.7,74.1,52.9,2026-06-01 20:20:00,2974177
75.1,45.7,73.6,52.7,2026-06-01 20:40:00,2974177
73.6,48.8,72.5,53.2,2026-06-01 21:00:00,2974177
72.7,50.4,71.8,53.2,2026-06-01 21:20:00,2974177
72.0,52.2,71.2,53.5,2026-06-01 21:40:00,2974177
71.3,54.4,70.7,54.0,2026-06-01 22:00:00,2974177
71.1,54.1,70.5,53.7,2026-06-01 22:20:00,2974177
71.3,49.7,70.3,51.6,2026-06-01 22:40:00,2974177
71.5,45.2,70.3,49.2,2026-06-01 23:00:00,2974177
71.5,49.0,70.5,51.4,2026-06-01 23:20:00,2974177
71.1,54.3,70.5,53.7,2026-06-01 23:40:00,2974177
70.6,57.5,70.3,54.9,2026-06-02 00:00:00,2974177
70.1,58.6,69.6,55.0,2026-06-02 00:20:00,2974177
69.9,58.2,69.3,54.5,2026-06-02 00:40:00,2974177
69.6,54.2,68.7,52.3,2026-06-02 01:00:00,2974177
68.9,49.5,67.3,49.3,2026-06-02 01:20:00,2974177
68.5,53.5,66.9,51.0,2026-06-02 01:40:00,2974177
67.7,55.5,66.0,51.2,2026-06-02 02:00:00,2974177
66.8,52.6,64.6,48.9,2026-06-02 02:20:00,2974177
66.1,53.3,63.5,48.6,2026-06-02 02:40:00,2974177
65.5,55.2,63.0,49.0,2026-06-02 03:00:00,2974177
64.9,57.8,62.2,49.6,2026-06-02 03:20:00,2974177
64.1,59.5,61.7,49.7,2026-06-02 03:40:00,2974177
63.9,61.7,61.7,50.5,2026-06-02 04:00:00,2974177
63.4,63.5,61.3,50.8,2026-06-02 04:20:00,2974177
63.1,65.0,61.2,51.2,2026-06-02 04:40:00,2974177
62.6,66.2,61.0,51.2,2026-06-02 05:00:00,2974177
62.3,67.6,60.8,51.4,2026-06-02 05:20:00,2974177
61.7,68.9,60.1,51.4,2026-06-02 05:40:00,2974177
61.5,70.8,60.3,52.0,2026-06-02 06:00:00,2974177
61.3,71.8,60.1,52.2,2026-06-02 06:20:00,2974177
61.1,73.3,60.1,52.4,2026-06-02 06:40:00,2974177
61.4,73.7,60.4,53.0,2026-06-02 07:00:00,2974177
61.5,72.1,60.3,52.4,2026-06-02 07:20:00,2974177
61.5,71.4,60.4,52.2,2026-06-02 07:40:00,2974177
62.2,69.7,60.8,52.1,2026-06-02 08:00:00,2974177
63.2,67.6,61.7,52.4,2026-06-02 08:20:00,2974177
63.0,64.9,61.2,51.1,2026-06-02 08:40:00,2974177
63.4,64.0,61.5,51.0,2026-06-02 09:00:00,2974177
64.5,62.1,62.4,51.2,2026-06-02 09:20:00,2974177
64.1,61.5,61.9,50.6,2026-06-02 09:40:00,2974177
64.9,61.7,62.6,51.4,2026-06-02 10:00:00,2974177
67.1,57.1,65.3,51.4,2026-06-02 10:20:00,2974177
69.6,51.7,68.5,51.1,2026-06-02 10:40:00,2974177
69.7,47.2,68.2,48.7,2026-06-02 11:00:00,2974177
73.5,43.5,72.0,50.0,2026-06-02 11:20:00,2974177
74.3,38.8,72.1,47.7,2026-06-02 11:40:00,2974177
74.7,38.1,72.3,47.6,2026-06-02 12:00:00,2974177
77.1,37.4,74.5,49.1,2026-06-02 12:20:00,2974177
76.8,36.8,74.3,48.5,2026-06-02 12:40:00,2974177
77.2,34.6,74.1,47.2,2026-06-02 13:00:00,2974177
77.7,33.7,74.7,46.9,2026-06-02 13:20:00,2974177
78.5,34.6,75.7,48.3,2026-06-02 13:40:00,2974177
79.2,31.7,76.1,46.6,2026-06-02 14:00:00,2974177
78.1,31.4,74.8,45.4,2026-06-02 14:20:00,2974177
79.3,31.6,75.9,46.5,2026-06-02 14:40:00,2974177
80.8,29.5,77.4,46.0,2026-06-02 15:00:00,2974177
79.5,29.1,75.9,44.6,2026-06-02 15:20:00,2974177
77.8,29.8,74.3,43.7,2026-06-02 15:40:00,2974177
78.1,28.8,74.7,43.1,2026-06-02 16:00:00,2974177
79.4,29.0,75.9,44.4,2026-06-02 16:20:00,2974177
78.0,28.6,74.5,42.8,2026-06-02 16:40:00,2974177
78.9,27.5,75.2,42.6,2026-06-02 17:00:00,2974177
79.1,26.9,75.4,42.2,2026-06-02 17:20:00,2974177
77.2,27.7,73.6,41.3,2026-06-02 17:40:00,2974177
77.6,27.5,73.9,41.5,2026-06-02 18:00:00,2974177
78.3,26.0,74.5,40.6,2026-06-02 18:20:00,2974177
74.9,28.3,71.6,39.8,2026-06-02 18:40:00,2974177
74.0,30.7,71.1,41.2,2026-06-02 19:00:00,2974177
73.3,29.2,70.3,39.3,2026-06-02 19:20:00,2974177
72.4,31.1,69.8,40.2,2026-06-02 19:40:00,2974177
71.5,30.9,69.1,39.3,2026-06-02 20:00:00,2974177
70.4,32.4,68.2,39.5,2026-06-02 20:20:00,2974177
69.8,33.6,67.1,39.8,2026-06-02 20:40:00,2974177
68.6,34.7,65.7,39.7,2026-06-02 21:00:00,2974177
67.5,36.0,64.0,39.6,2026-06-02 21:20:00,2974177
66.7,37.0,63.0,39.6,2026-06-02 21:40:00,2974177
65.4,40.5,61.2,40.8,2026-06-02 22:00:00,2974177
63.5,42.4,59.5,40.3,2026-06-02 22:20:00,2974177
62.4,46.9,58.8,41.8,2026-06-02 22:40:00,2974177
61.3,49.9,58.3,42.4,2026-06-02 23:00:00,2974177
60.0,55.1,57.6,43.9,2026-06-02 23:20:00,2974177
59.1,58.0,56.8,44.3,2026-06-02 23:40:00,2974177
58.3,60.2,56.5,44.6,2026-06-03 00:00:00,2974177
57.9,62.0,56.1,44.9,2026-06-03 00:20:00,2974177
57.3,63.2,55.6,44.9,2026-06-03 00:40:00,2974177
55.9,66.3,54.5,44.8,2026-06-03 01:00:00,2974177
56.4,65.8,55.0,45.1,2026-06-03 01:20:00,2974177
55.2,68.5,54.1,45.1,2026-06-03 01:40:00,2974177
54.3,70.1,53.2,44.7,2026-06-03 02:00:00,2974177
54.5,70.6,53.6,45.2,2026-06-03 02:20:00,2974177
54.3,71.1,53.2,45.1,2026-06-03 02:40:00,2974177
53.6,72.9,52.9,45.1,2026-06-03 03:00:00,2974177
53.2,74.2,52.5,45.2,2026-06-03 03:20:00,2974177
52.1,76.5,51.4,44.9,2026-06-03 03:40:00,2974177
52.1,77.2,51.6,45.2,2026-06-03 04:00:00,2974177
51.5,78.6,51.1,45.1,2026-06-03 04:20:00,2974177
51.7,79.1,51.3,45.4,2026-06-03 04:40:00,2974177
51.0,80.8,50.7,45.3,2026-06-03 05:00:00,2974177
51.3,80.6,50.9,45.6,2026-06-03 05:20:00,2974177
50.2,82.6,50.2,45.1,2026-06-03 05:40:00,2974177
50.3,83.3,50.2,45.5,2026-06-03 06:00:00,2974177
50.2,83.9,50.2,45.5,2026-06-03 06:20:00,2974177
50.4,84.2,50.3,45.8,2026-06-03 06:40:00,2974177
51.0,84.0,50.9,46.3,2026-06-03 07:00:00,2974177
52.1,83.8,52.0,47.4,2026-06-03 07:20:00,2974177
53.9,82.5,53.6,48.7,2026-06-03 07:40:00,2974177
56.3,78.5,55.8,49.7,2026-06-03 08:00:00,2974177
59.8,71.0,58.6,50.4,2026-06-03 08:20:00,2974177
63.0,61.4,60.8,49.5,2026-06-03 08:40:00,2974177
66.2,53.5,63.5,48.8,2026-06-03 09:00:00,2974177
68.2,45.2,66.0,46.1,2026-06-03 09:20:00,2974177
70.6,42.4,69.1,46.7,2026-06-03 09:40:00,2974177
72.1,38.5,70.2,45.5,2026-06-03 10:00:00,2974177
73.4,35.8,71.1,44.7,2026-06-03 10:20:00,2974177
75.6,35.6,72.9,46.5,2026-06-03 10:40:00,2974177
76.8,33.0,73.8,45.6,2026-06-03 11:00:00,2974177
78.5,31.1,75.2,45.5,2026-06-03 11:20:00,2974177
79.7,28.5,76.1,44.1,2026-06-03 11:40:00,2974177
80.3,27.0,76.6,43.4,2026-06-03 12:00:00,2974177
81.2,27.6,77.5,44.6,2026-06-03 12:20:00,2974177
81.0,25.7,77.2,42.7,2026-06-03 12:40:00,2974177
83.0,25.8,79.2,44.4,2026-06-03 13:00:00,2974177
80.9,26.9,77.2,43.6,2026-06-03 13:20:00,2974177
82.5,25.9,78.6,44.1,2026-06-03 13:40:00,2974177
82.5,25.4,78.6,43.6,2026-06-03 14:00:00,2974177
82.4,25.9,78.4,44.0,2026-06-03 14:20:00,2974177
82.0,25.1,78.3,42.9,2026-06-03 14:40:00,2974177
86.1,24.1,82.4,45.2,2026-06-03 15:00:00,2974177
84.1,24.9,80.4,44.4,2026-06-03 15:20:00,2974177
83.5,25.9,79.9,44.9,2026-06-03 15:40:00,2974177
82.4,27.2,78.8,45.3,2026-06-03 16:00:00,2974177
82.9,27.0,79.2,45.5,2026-06-03 16:20:00,2974177
82.1,26.9,78.4,44.8,2026-06-03 16:40:00,2974177
81.6,26.8,77.9,44.2,2026-06-03 17:00:00,2974177
84.5,25.6,80.8,45.6,2026-06-03 17:20:00,2974177
84.5,23.8,80.6,43.6,2026-06-03 17:40:00,2974177
83.3,26.6,79.7,45.5,2026-06-03 18:00:00,2974177
84.8,24.8,81.1,44.9,2026-06-03 18:20:00,2974177
80.8,27.3,77.2,44.0,2026-06-03 18:40:00,2974177
79.7,27.8,76.1,43.6,2026-06-03 19:00:00,2974177
79.2,30.1,75.9,45.1,2026-06-03 19:20:00,2974177
78.3,30.8,75.0,45.0,2026-06-03 19:40:00,2974177
77.5,31.6,74.1,45.0,2026-06-03 20:00:00,2974177
76.3,33.9,73.4,45.8,2026-06-03 20:20:00,2974177
73.8,37.6,71.6,46.3,2026-06-03 20:40:00,2974177
72.1,40.9,70.3,47.0,2026-06-03 21:00:00,2974177
70.1,46.7,68.7,48.8,2026-06-03 21:20:00,2974177
68.9,48.1,67.3,48.5,2026-06-03 21:40:00,2974177
67.7,50.6,65.7,48.7,2026-06-03 22:00:00,2974177
66.5,52.5,63.9,48.7,2026-06-03 22:20:00,2974177
65.6,53.6,62.8,48.3,2026-06-03 22:40:00,2974177
65.7,54.2,63.0,48.7,2026-06-03 23:00:00,2974177
65.3,55.7,62.6,49.1,2026-06-03 23:20:00,2974177
64.5,58.2,62.1,49.5,2026-06-03 23:40:00,2974177
63.7,60.9,61.5,50.0,2026-06-04 00:00:00,2974177
63.0,62.5,61.0,50.1,2026-06-04 00:20:00,2974177
62.5,64.0,60.6,50.2,2026-06-04 00:40:00,2974177
61.5,66.3,59.9,50.2,2026-06-04 01:00:00,2974177
60.9,67.6,59.5,50.1,2026-06-04 01:20:00,2974177
59.1,70.4,57.9,49.5,2026-06-04 01:40:00,2974177
58.7,72.3,57.7,49.9,2026-06-04 02:00:00,2974177
58.9,72.2,57.9,50.0,2026-06-04 02:20:00,2974177
58.7,73.5,57.7,50.2,2026-06-04 02:40:00,2974177
58.1,73.8,57.4,49.8,2026-06-04 03:00:00,2974177
57.1,76.5,56.3,49.8,2026-06-04 03:20:00,2974177
56.2,78.8,55.8,49.7,2026-06-04 03:40:00,2974177
56.8,77.9,56.3,50.0,2026-06-04 04:00:00,2974177
55.9,79.3,55.4,49.6,2026-06-04 04:20:00,2974177
56.1,79.2,55.8,49.8,2026-06-04 04:40:00,2974177
55.3,81.0,55.0,49.6,2026-06-04 05:00:00,2974177
55.3,81.3,55.0,49.6,2026-06-04 05:20:00,2974177
54.9,81.7,54.7,49.4,2026-06-04 05:40:00,2974177
54.0,84.0,54.0,49.3,2026-06-04 06:00:00,2974177
53.9,84.7,53.8,49.4,2026-06-04 06:20:00,2974177
54.1,85.2,54.0,49.8,2026-06-04 06:40:00,2974177
54.6,85.7,54.5,50.4,2026-06-04 07:00:00,2974177
56.2,84.6,56.1,51.6,2026-06-04 07:20:00,2974177
57.9,83.2,57.9,52.9,2026-06-04 07:40:00,2974177
60.4,79.4,60.1,54.0,2026-06-04 08:00:00,2974177
63.8,69.0,62.2,53.4,2026-06-04 08:20:00,2974177
67.4,59.7,65.8,52.9,2026-06-04 08:40:00,2974177
70.3,50.9,69.3,51.3,2026-06-04 09:00:00,2974177
72.8,47.9,71.6,51.9,2026-06-04 09:20:00,2974177
75.0,43.6,73.2,51.4,2026-06-04 09:40:00,2974177
77.1,38.5,74.7,49.9,2026-06-04 10:00:00,2974177
79.4,35.5,76.8,49.7,2026-06-04 10:20:00,2974177
81.3,31.4,78.1,48.1,2026-06-04 10:40:00,2974177
82.1,28.6,78.6,46.4,2026-06-04 11:00:00,2974177
82.2,28.5,78.8,46.4,2026-06-04 11:20:00,2974177
83.8,27.1,80.2,46.3,2026-06-04 11:40:00,2974177
83.8,26.3,80.2,45.6,2026-06-04 12:00:00,2974177
85.6,25.5,82.0,46.3,2026-06-04 12:20:00,2974177
86.2,24.8,82.8,46.1,2026-06-04 12:40:00,2974177
87.7,24.1,84.2,46.6,2026-06-04 13:00:00,2974177
87.8,23.5,84.4,46.0,2026-06-04 13:20:00,2974177
86.6,22.6,82.9,44.0,2026-06-04 13:40:00,2974177
86.7,23.4,83.1,44.9,2026-06-04 14:00:00,2974177
88.1,21.8,84.4,44.2,2026-06-04 14:20:00,2974177
90.1,22.2,86.7,46.4,2026-06-04 14:40:00,2974177
90.8,21.0,87.3,45.4,2026-06-04 15:00:00,2974177
90.1,22.3,86.7,46.5,2026-06-04 15:20:00,2974177
86.6,21.4,82.6,42.6,2026-06-04 15:40:00,2974177
89.5,21.2,85.8,44.6,2026-06-04 16:00:00,2974177
89.2,21.4,85.5,44.7,2026-06-04 16:20:00,2974177
92.6,21.4,89.6,47.4,2026-06-04 16:40:00,2974177
89.2,21.1,85.5,44.3,2026-06-04 17:00:00,2974177
92.0,20.0,88.7,45.2,2026-06-04 17:20:00,2974177
92.4,20.8,89.2,46.5,2026-06-04 17:40:00,2974177
88.9,21.1,85.3,44.1,2026-06-04 18:00:00,2974177
91.0,21.8,87.8,46.5,2026-06-04 18:20:00,2974177
86.9,22.2,83.1,43.8,2026-06-04 18:40:00,2974177
86.2,25.4,82.9,46.7,2026-06-04 19:00:00,2974177
85.3,27.5,82.2,48.1,2026-06-04 19:20:00,2974177
84.4,28.2,81.1,47.9,2026-06-04 19:40:00,2974177
82.5,30.6,79.3,48.5,2026-06-04 20:00:00,2974177
80.4,35.2,77.7,50.5,2026-06-04 20:20:00,2974177
78.0,37.0,75.4,49.6,2026-06-04 20:40:00,2974177
75.6,42.3,73.6,51.1,2026-06-04 21:00:00,2974177
74.4,46.3,72.9,52.4,2026-06-04 21:20:00,2974177
74.2,45.9,72.7,52.0,2026-06-04 21:40:00,2974177
72.8,47.6,71.6,51.7,2026-06-04 22:00:00,2974177
71.5,49.9,70.5,51.9,2026-06-04 22:20:00,2974177
70.1,53.8,69.3,52.5,2026-06-04 22:40:00,2974177
69.2,57.5,68.4,53.6,2026-06-04 23:00:00,2974177
68.8,57.9,67.8,53.4,2026-06-04 23:20:00,2974177
68.6,58.4,67.6,53.4,2026-06-04 23:40:00,2974177
67.7,59.5,66.4,53.1,2026-06-05 00:00:00,2974177
67.2,59.8,65.5,52.8,2026-06-05 00:20:00,2974177
66.1,61.8,64.2,52.6,2026-06-05 00:40:00,2974177
65.4,62.5,63.3,52.3,2026-06-05 01:00:00,2974177
64.7,66.7,63.0,53.4,2026-06-05 01:20:00,2974177
65.2,65.7,63.3,53.4,2026-06-05 01:40:00,2974177
65.6,64.6,63.9,53.3,2026-06-05 02:00:00,2974177
65.4,64.4,63.5,53.0,2026-06-05 02:20:00,2974177
64.5,67.0,62.8,53.3,2026-06-05 02:40:00,2974177
64.0,68.3,62.4,53.3,2026-06-05 03:00:00,2974177
63.9,69.4,62.4,53.7,2026-06-05 03:20:00,2974177
63.5,70.6,62.2,53.8,2026-06-05 03:40:00,2974177
62.4,72.6,61.2,53.5,2026-06-05 04:00:00,2974177
61.9,74.2,61.0,53.6,2026-06-05 04:20:00,2974177
61.7,75.1,61.0,53.8,2026-06-05 04:40:00,2974177
61.6,75.8,60.8,53.8,2026-06-05 05:00:00,2974177
60.9,77.2,60.3,53.8,2026-06-05 05:20:00,2974177
60.5,78.7,59.9,53.8,2026-06-05 05:40:00,2974177
60.2,79.4,59.7,53.7,2026-06-05 06:00:00,2974177
60.4,79.5,59.9,54.0,2026-06-05 06:20:00,2974177
60.2,80.3,59.7,54.1,2026-06-05 06:40:00,2974177
60.2,81.5,59.9,54.6,2026-06-05 07:00:00,2974177
61.0,81.7,60.6,55.3,2026-06-05 07:20:00,2974177
62.8,80.7,62.4,56.8,2026-06-05 07:40:00,2974177
64.5,77.5,63.9,57.3,2026-06-05 08:00:00,2974177
67.1,74.2,66.7,58.6,2026-06-05 08:20:00,2974177
70.1,65.6,70.0,58.0,2026-06-05 08:40:00,2974177
73.1,60.7,73.0,58.7,2026-06-05 09:00:00,2974177
75.8,54.4,75.0,58.2,2026-06-05 09:20:00,2974177
78.2,51.1,77.5,58.7,2026-06-05 09:40:00,2974177
80.8,48.3,80.4,59.5,2026-06-05 10:00:00,2974177
83.8,43.6,83.7,59.4,2026-06-05 10:20:00,2974177
86.9,38.0,86.9,58.2,2026-06-05 10:40:00,2974177
87.9,35.2,87.4,57.0,2026-06-05 11:00:00,2974177
90.4,31.6,90.0,56.1,2026-06-05 11:20:00,2974177
91.1,29.4,90.1,54.9,2026-06-05 11:40:00,2974177
91.0,28.3,89.6,53.7,2026-06-05 12:00:00,2974177
91.9,27.5,90.7,53.7,2026-06-05 12:20:00,2974177
89.6,41.5,92.5,63.2,2026-05-28 16:20:00,2968880
89.9,41.2,92.8,63.2,2026-05-28 16:40:00,2968880
89.7,40.2,92.1,62.3,2026-05-28 17:00:00,2968880
90.4,40.3,93.4,62.9,2026-05-28 17:20:00,2968880
90.5,39.8,93.4,62.8,2026-05-28 17:40:00,2968880
90.1,41.7,93.2,63.7,2026-05-28 18:00:00,2968880
89.2,41.7,91.6,62.9,2026-05-28 18:20:00,2968880
88.1,42.3,90.0,62.3,2026-05-28 18:40:00,2968880
87.5,44.5,89.6,63.2,2026-05-28 19:00:00,2968880
86.9,45.0,88.9,63.0,2026-05-28 19:20:00,2968880
86.4,47.5,89.1,64.1,2026-05-28 19:40:00,2968880
85.3,48.4,87.4,63.6,2026-05-28 20:00:00,2968880
83.9,51.0,85.8,63.8,2026-05-28 20:20:00,2968880
82.6,53.5,84.2,64.0,2026-05-28 20:40:00,2968880
81.6,56.1,83.1,64.4,2026-05-28 21:00:00,2968880
80.9,55.9,82.0,63.7,2026-05-28 21:20:00,2968880
80.2,56.6,81.0,63.4,2026-05-28 21:40:00,2968880
79.6,57.6,80.4,63.3,2026-05-28 22:00:00,2968880
78.8,58.5,79.3,63.0,2026-05-28 22:20:00,2968880
78.2,58.2,78.4,62.3,2026-05-28 22:40:00,2968880
77.6,58.1,77.5,61.7,2026-05-28 23:00:00,2968880
77.3,56.3,76.8,60.5,2026-05-28 23:20:00,2968880
76.6,56.2,76.1,59.9,2026-05-28 23:40:00,2968880
75.8,57.5,75.4,59.7,2026-05-29 00:00:00,2968880
75.3,57.3,74.8,59.1,2026-05-29 00:20:00,2968880
74.2,58.3,73.8,58.6,2026-05-29 00:40:00,2968880
73.5,59.7,73.2,58.6,2026-05-29 01:00:00,2968880
73.2,59.3,73.0,58.2,2026-05-29 01:20:00,2968880
72.8,60.1,72.7,58.1,2026-05-29 01:40:00,2968880
72.2,60.0,72.0,57.6,2026-05-29 02:00:00,2968880
71.5,61.1,71.4,57.4,2026-05-29 02:20:00,2968880
70.6,64.3,70.7,58.0,2026-05-29 02:40:00,2968880
69.8,65.4,69.4,57.7,2026-05-29 03:00:00,2968880
68.9,67.4,68.7,57.7,2026-05-29 03:20:00,2968880
68.0,69.1,67.6,57.5,2026-05-29 03:40:00,2968880
67.3,69.9,66.7,57.2,2026-05-29 04:00:00,2968880
66.7,71.5,65.8,57.2,2026-05-29 04:20:00,2968880
65.9,71.5,64.9,56.5,2026-05-29 04:40:00,2968880
65.3,72.7,64.2,56.3,2026-05-29 05:00:00,2968880
64.4,73.9,63.5,55.9,2026-05-29 05:20:00,2968880
63.8,76.0,63.0,56.1,2026-05-29 05:40:00,2968880
63.7,77.7,63.1,56.6,2026-05-29 06:00:00,2968880
64.0,74.6,63.0,55.7,2026-05-29 06:20:00,2968880
64.6,70.6,63.3,54.8,2026-05-29 06:40:00,2968880
64.7,69.3,63.1,54.4,2026-05-29 07:00:00,2968880
64.9,67.8,63.3,54.0,2026-05-29 07:20:00,2968880
65.4,64.6,63.5,53.2,2026-05-29 07:40:00,2968880
66.1,62.0,64.4,52.7,2026-05-29 08:00:00,2968880
66.9,61.6,65.3,53.3,2026-05-29 08:20:00,2968880
71.0,59.0,70.7,56.0,2026-05-29 08:40:00,2968880
71.3,52.3,70.5,52.9,2026-05-29 09:00:00,2968880
73.1,53.0,72.3,55.0,2026-05-29 09:20:00,2968880
74.6,50.1,73.6,54.8,2026-05-29 09:40:00,2968880
75.3,48.4,73.8,54.5,2026-05-29 10:00:00,2968880
76.3,47.9,74.8,55.1,2026-05-29 10:20:00,2968880
75.8,47.0,74.3,54.1,2026-05-29 10:40:00,2968880
77.6,45.5,76.1,54.9,2026-05-29 11:00:00,2968880
78.8,43.5,77.2,54.7,2026-05-29 11:20:00,2968880
77.0,45.0,75.2,54.0,2026-05-29 11:40:00,2968880
79.4,41.9,77.7,54.3,2026-05-29 12:00:00,2968880
79.4,42.5,77.9,54.6,2026-05-29 12:20:00,2968880
79.5,41.0,77.5,53.7,2026-05-29 12:40:00,2968880
80.9,41.1,79.3,55.1,2026-05-29 13:00:00,2968880
81.2,40.7,79.7,55.1,2026-05-29 13:20:00,2968880
81.7,39.8,80.1,54.9,2026-05-29 13:40:00,2968880
81.6,39.1,79.9,54.3,2026-05-29 14:00:00,2968880
82.8,38.7,81.3,55.2,2026-05-29 14:20:00,2968880
83.9,37.5,82.6,55.2,2026-05-29 14:40:00,2968880
84.2,38.0,83.3,55.9,2026-05-29 15:00:00,2968880
84.8,38.2,84.0,56.5,2026-05-29 15:20:00,2968880
84.6,36.5,83.3,55.1,2026-05-29 15:40:00,2968880
85.4,37.8,84.6,56.8,2026-05-29 16:00:00,2968880
85.7,38.3,85.3,57.3,2026-05-29 16:20:00,2968880
86.4,38.2,86.4,57.9,2026-05-29 16:40:00,2968880
86.4,38.0,86.2,57.8,2026-05-29 17:00:00,2968880
85.6,38.9,85.1,57.7,2026-05-29 17:20:00,2968880
85.5,38.2,85.1,57.2,2026-05-29 17:40:00,2968880
84.9,39.2,84.2,57.3,2026-05-29 18:00:00,2968880
84.8,39.9,84.4,57.8,2026-05-29 18:20:00,2968880
84.7,40.5,84.4,58.1,2026-05-29 18:40:00,2968880
84.1,41.1,83.7,58.0,2026-05-29 19:00:00,2968880
83.3,41.6,82.8,57.6,2026-05-29 19:20:00,2968880
82.7,43.6,82.0,58.3,2026-05-29 19:40:00,2968880
81.9,44.1,81.1,57.9,2026-05-29 20:00:00,2968880
81.2,46.0,80.6,58.4,2026-05-29 20:20:00,2968880
80.2,50.4,80.1,60.2,2026-05-29 20:40:00,2968880
78.3,50.6,77.7,58.5,2026-05-29 21:00:00,2968880
76.9,54.2,76.1,59.1,2026-05-29 21:20:00,2968880
76.1,56.9,75.7,59.7,2026-05-29 21:40:00,2968880
75.8,61.8,75.9,61.8,2026-05-29 22:00:00,2968880
74.9,63.0,75.2,61.5,2026-05-29 22:20:00,2968880
74.3,63.0,74.5,60.9,2026-05-29 22:40:00,2968880
74.3,63.3,74.5,61.0,2026-05-29 23:00:00,2968880
75.1,64.3,75.4,62.2,2026-05-29 23:20:00,2968880
75.3,61.8,75.4,61.2,2026-05-29 23:40:00,2968880
75.2,61.5,75.2,61.1,2026-05-30 00:00:00,2968880
75.4,63.9,75.7,62.4,2026-05-30 00:20:00,2968880
75.6,64.5,75.9,62.8,2026-05-30 00:40:00,2968880
75.3,66.1,75.7,63.2,2026-05-30 01:00:00,2968880
75.3,68.6,75.9,64.2,2026-05-30 01:20:00,2968880
75.1,69.7,75.9,64.5,2026-05-30 01:40:00,2968880
74.7,71.2,75.7,64.8,2026-05-30 02:00:00,2968880
74.4,72.7,75.4,65.0,2026-05-30 02:20:00,2968880
74.0,74.4,75.2,65.3,2026-05-30 02:40:00,2968880
73.7,75.9,75.0,65.6,2026-05-30 03:00:00,2968880
73.4,77.3,74.8,65.9,2026-05-30 03:20:00,2968880
73.1,78.6,74.5,66.1,2026-05-30 03:40:00,2968880
72.8,80.0,74.3,66.3,2026-05-30 04:00:00,2968880
72.6,81.2,74.1,66.5,2026-05-30 04:20:00,2968880
72.3,82.2,73.8,66.6,2026-05-30 04:40:00,2968880
72.2,83.3,73.9,66.9,2026-05-30 05:00:00,2968880
72.2,84.1,73.9,67.2,2026-05-30 05:20:00,2968880
72.2,84.7,73.9,67.4,2026-05-30 05:40:00,2968880
72.1,85.1,73.9,67.4,2026-05-30 06:00:00,2968880
72.3,85.2,74.1,67.7,2026-05-30 06:20:00,2968880
72.5,85.2,74.3,67.8,2026-05-30 06:40:00,2968880
72.9,85.2,74.8,68.2,2026-05-30 07:00:00,2968880
73.1,84.6,75.0,68.2,2026-05-30 07:20:00,2968880
73.5,84.1,75.4,68.4,2026-05-30 07:40:00,2968880
74.2,83.2,76.3,68.7,2026-05-30 08:00:00,2968880
74.7,80.9,76.6,68.4,2026-05-30 08:20:00,2968880
76.8,67.2,77.4,65.1,2026-05-30 08:40:00,2968880
77.5,59.6,77.5,62.3,2026-05-30 09:00:00,2968880
77.5,53.7,76.8,59.4,2026-05-30 09:20:00,2968880
79.5,48.2,78.6,58.2,2026-05-30 09:40:00,2968880
80.2,41.4,78.4,54.6,2026-05-30 10:00:00,2968880
81.7,37.5,79.7,53.3,2026-05-30 10:20:00,2968880
81.4,38.5,79.5,53.7,2026-05-30 10:40:00,2968880
81.6,36.8,79.3,52.7,2026-05-30 11:00:00,2968880
81.3,34.7,78.6,50.8,2026-05-30 11:20:00,2968880
82.3,32.6,79.5,50.1,2026-05-30 11:40:00,2968880
81.8,28.5,78.3,46.0,2026-05-30 12:00:00,2968880
83.8,28.3,80.4,47.5,2026-05-30 12:20:00,2968880
84.4,28.7,81.3,48.4,2026-05-30 12:40:00,2968880
85.3,28.0,82.4,48.6,2026-05-30 13:00:00,2968880
86.9,26.5,83.7,48.4,2026-05-30 13:20:00,2968880
87.2,23.5,83.7,45.5,2026-05-30 13:40:00,2968880
86.7,23.1,82.9,44.6,2026-05-30 14:00:00,2968880
86.9,22.2,82.9,43.7,2026-05-30 14:20:00,2968880
87.7,23.1,84.0,45.4,2026-05-30 14:40:00,2968880
88.6,24.0,85.3,47.2,2026-05-30 15:00:00,2968880
88.0,24.5,84.9,47.3,2026-05-30 15:20:00,2968880
89.2,22.1,85.6,45.5,2026-05-30 15:40:00,2968880
89.1,24.6,86.2,48.3,2026-05-30 16:00:00,2968880
88.7,28.7,86.5,52.1,2026-05-30 16:20:00,2968880
86.3,25.8,82.9,47.2,2026-05-30 16:40:00,2968880
87.5,25.4,84.4,47.7,2026-05-30 17:00:00,2968880
88.1,26.6,85.3,49.5,2026-05-30 17:20:00,2968880
88.2,27.2,85.6,50.3,2026-05-30 17:40:00,2968880
87.4,29.3,85.1,51.5,2026-05-30 18:00:00,2968880
85.3,30.9,82.9,51.2,2026-05-30 18:20:00,2968880
84.1,32.3,81.7,51.3,2026-05-30 18:40:00,2968880
83.3,32.7,80.8,51.0,2026-05-30 19:00:00,2968880
82.6,33.2,80.1,50.8,2026-05-30 19:20:00,2968880
82.1,34.2,79.5,51.1,2026-05-30 19:40:00,2968880
80.9,35.3,78.4,50.9,2026-05-30 20:00:00,2968880
80.4,36.7,78.3,51.6,2026-05-30 20:20:00,2968880
79.0,38.8,76.8,51.8,2026-05-30 20:40:00,2968880
78.0,41.0,75.9,52.4,2026-05-30 21:00:00,2968880
77.4,40.2,75.2,51.4,2026-05-30 21:20:00,2968880
76.9,37.0,74.3,48.7,2026-05-30 21:40:00,2968880
76.1,35.2,73.4,46.7,2026-05-30 22:00:00,2968880
75.7,40.0,73.2,49.7,2026-05-30 22:20:00,2968880
74.7,45.7,73.2,52.3,2026-05-30 22:40:00,2968880
73.0,47.7,71.8,52.0,2026-05-30 23:00:00,2968880
71.8,46.7,70.7,50.4,2026-05-30 23:20:00,2968880
70.6,48.8,69.6,50.5,2026-05-30 23:40:00,2968880
69.3,51.3,68.0,50.6,2026-05-31 00:00:00,2968880
68.5,53.2,66.9,50.8,2026-05-31 00:20:00,2968880
67.9,54.6,66.2,51.0,2026-05-31 00:40:00,2968880
66.8,57.0,64.9,51.1,2026-05-31 01:00:00,2968880
66.5,58.3,64.6,51.4,2026-05-31 01:20:00,2968880
66.1,59.4,64.0,51.6,2026-05-31 01:40:00,2968880
64.7,61.0,62.4,50.9,2026-05-31 02:00:00,2968880
64.2,59.8,61.7,49.9,2026-05-31 02:20:00,2968880
63.9,60.9,61.7,50.2,2026-05-31 02:40:00,2968880
63.2,61.4,61.0,49.7,2026-05-31 03:00:00,2968880
63.0,61.4,60.8,49.6,2026-05-31 03:20:00,2968880
62.5,62.6,60.4,49.6,2026-05-31 03:40:00,2968880
61.8,64.5,59.9,49.7,2026-05-31 04:00:00,2968880
61.1,65.7,59.4,49.5,2026-05-31 04:20:00,2968880
60.4,67.3,58.8,49.5,2026-05-31 04:40:00,2968880
59.7,68.6,58.5,49.4,2026-05-31 05:00:00,2968880
59.2,70.0,58.1,49.4,2026-05-31 05:20:00,2968880
58.8,71.0,57.6,49.4,2026-05-31 05:40:00,2968880
58.3,72.7,57.2,49.6,2026-05-31 06:00:00,2968880
57.9,74.2,57.0,49.7,2026-05-31 06:20:00,2968880
57.7,75.4,57.0,50.0,2026-05-31 06:40:00,2968880
58.0,76.3,57.2,50.6,2026-05-31 07:00:00,2968880
58.7,75.6,57.9,51.0,2026-05-31 07:20:00,2968880
60.0,73.7,59.0,51.5,2026-05-31 07:40:00,2968880
61.2,71.8,60.1,52.1,2026-05-31 08:00:00,2968880
62.1,69.5,60.8,52.0,2026-05-31 08:20:00,2968880
65.1,64.5,63.1,52.9,2026-05-31 08:40:00,2968880
67.2,57.6,65.5,51.7,2026-05-31 09:00:00,2968880
69.0,52.5,67.5,50.9,2026-05-31 09:20:00,2968880
70.0,48.8,68.9,49.9,2026-05-31 09:40:00,2968880
70.8,48.2,70.0,50.3,2026-05-31 10:00:00,2968880
70.6,47.2,69.4,49.6,2026-05-31 10:20:00,2968880
71.2,46.5,70.0,49.7,2026-05-31 10:40:00,2968880
73.3,43.8,71.8,50.0,2026-05-31 11:00:00,2968880
73.1,43.9,71.6,49.9,2026-05-31 11:20:00,2968880
74.1,41.3,72.1,49.1,2026-05-31 11:40:00,2968880
73.7,40.6,71.8,48.3,2026-05-31 12:00:00,2968880
75.0,40.8,72.9,49.5,2026-05-31 12:20:00,2968880
75.8,40.7,73.6,50.3,2026-05-31 12:40:00,2968880
76.0,40.4,73.8,50.2,2026-05-31 13:00:00,2968880
76.6,38.3,73.9,49.3,2026-05-31 13:20:00,2968880
77.3,39.4,74.8,50.7,2026-05-31 13:40:00,2968880
78.3,36.5,75.7,49.6,2026-05-31 14:00:00,2968880
77.8,37.4,75.2,49.7,2026-05-31 14:20:00,2968880
78.9,35.7,76.3,49.5,2026-05-31 14:40:00,2968880
80.2,36.5,77.7,51.2,2026-05-31 15:00:00,2968880
80.2,35.0,77.4,50.0,2026-05-31 15:20:00,2968880
81.1,35.4,78.6,51.2,2026-05-31 15:40:00,2968880
80.8,37.0,78.8,52.1,2026-05-31 16:00:00,2968880
81.2,36.8,79.0,52.3,2026-05-31 16:20:00,2968880
81.6,37.2,79.5,53.0,2026-05-31 16:40:00,2968880
81.2,36.8,79.0,52.4,2026-05-31 17:00:00,2968880
80.7,37.9,78.4,52.8,2026-05-31 17:20:00,2968880
80.9,37.6,78.8,52.7,2026-05-31 17:40:00,2968880
80.2,39.2,78.3,53.1,2026-05-31 18:00:00,2968880
80.0,39.6,77.9,53.3,2026-05-31 18:20:00,2968880
78.8,40.0,77.0,52.5,2026-05-31 18:40:00,2968880
78.6,40.9,76.6,52.9,2026-05-31 19:00:00,2968880
78.0,42.3,76.1,53.2,2026-05-31 19:20:00,2968880
77.1,43.5,75.2,53.2,2026-05-31 19:40:00,2968880
76.7,44.1,74.8,53.3,2026-05-31 20:00:00,2968880
76.5,44.5,74.7,53.3,2026-05-31 20:20:00,2968880
76.2,44.5,74.3,53.1,2026-05-31 20:40:00,2968880
76.0,44.8,74.1,53.0,2026-05-31 21:00:00,2968880
75.6,45.4,73.9,53.0,2026-05-31 21:20:00,2968880
75.2,46.3,73.6,53.2,2026-05-31 21:40:00,2968880
74.7,47.3,73.2,53.3,2026-05-31 22:00:00,2968880
74.2,48.6,73.0,53.6,2026-05-31 22:20:00,2968880
73.6,50.2,72.7,53.9,2026-05-31 22:40:00,2968880
73.1,53.4,72.5,55.1,2026-05-31 23:00:00,2968880
73.0,55.3,72.5,56.0,2026-05-31 23:20:00,2968880
72.8,56.2,72.3,56.3,2026-05-31 23:40:00,2968880
72.5,57.8,72.1,56.8,2026-06-01 00:00:00,2968880
71.9,60.0,71.8,57.3,2026-06-01 00:20:00,2968880
71.5,61.4,71.4,57.6,2026-06-01 00:40:00,2968880
71.2,62.6,71.2,57.7,2026-06-01 01:00:00,2968880
71.0,63.1,71.2,57.9,2026-06-01 01:20:00,2968880
70.9,63.5,71.2,57.9,2026-06-01 01:40:00,2968880
70.6,63.9,70.7,57.8,2026-06-01 02:00:00,2968880
70.2,64.5,70.2,57.7,2026-06-01 02:20:00,2968880
69.8,65.5,69.4,57.7,2026-06-01 02:40:00,2968880
69.2,66.7,68.9,57.7,2026-06-01 03:00:00,2968880
69.1,67.6,68.9,57.9,2026-06-01 03:20:00,2968880
69.0,68.7,68.7,58.2,2026-06-01 03:40:00,2968880
69.0,69.2,68.9,58.5,2026-06-01 04:00:00,2968880
68.7,69.8,68.7,58.5,2026-06-01 04:20:00,2968880
68.2,71.0,68.0,58.4,2026-06-01 04:40:00,2968880
67.9,72.7,67.6,58.9,2026-06-01 05:00:00,2968880
68.1,73.2,68.0,59.2,2026-06-01 05:20:00,2968880
68.1,74.1,68.0,59.5,2026-06-01 05:40:00,2968880
68.0,74.1,68.0,59.5,2026-06-01 06:00:00,2968880
67.9,74.4,67.8,59.5,2026-06-01 06:20:00,2968880
67.6,76.0,67.5,59.8,2026-06-01 06:40:00,2968880
67.4,77.9,67.3,60.3,2026-06-01 07:00:00,2968880
68.5,76.2,68.5,60.7,2026-06-01 07:20:00,2968880
69.5,74.3,69.8,61.0,2026-06-01 07:40:00,2968880
70.4,72.1,71.1,61.0,2026-06-01 08:00:00,2968880
70.7,71.3,71.1,60.9,2026-06-01 08:20:00,2968880
71.0,71.7,71.6,61.4,2026-06-01 08:40:00,2968880
72.0,70.9,72.7,62.1,2026-06-01 09:00:00,2968880
72.8,70.5,73.6,62.6,2026-06-01 09:20:00,2968880
74.2,69.7,75.0,63.6,2026-06-01 09:40:00,2968880
75.4,68.6,76.1,64.4,2026-06-01 10:00:00,2968880
76.1,67.8,76.8,64.7,2026-06-01 10:20:00,2968880
78.2,64.0,79.3,65.1,2026-06-01 10:40:00,2968880
78.7,62.3,79.9,64.7,2026-06-01 11:00:00,2968880
79.3,61.1,80.4,64.7,2026-06-01 11:20:00,2968880
80.1,59.3,81.7,64.6,2026-06-01 11:40:00,2968880
82.2,55.6,83.7,64.7,2026-06-01 12:00:00,2968880
82.6,54.6,84.4,64.6,2026-06-01 12:20:00,2968880
82.0,53.0,83.1,63.2,2026-06-01 12:40:00,2968880
81.8,53.3,82.6,63.2,2026-06-01 13:00:00,2968880
83.0,48.5,83.7,61.6,2026-06-01 13:20:00,2968880
83.0,46.1,83.1,60.2,2026-06-01 13:40:00,2968880
83.4,47.5,83.8,61.4,2026-06-01 14:00:00,2968880
83.3,47.7,83.8,61.3,2026-06-01 14:20:00,2968880
83.0,48.3,83.5,61.5,2026-06-01 14:40:00,2968880
84.6,40.9,84.4,58.2,2026-06-01 15:00:00,2968880
85.4,33.6,83.7,53.5,2026-06-01 15:20:00,2968880
84.4,37.5,83.3,55.7,2026-06-01 15:40:00,2968880
85.5,40.2,85.5,58.6,2026-06-01 16:00:00,2968880
85.9,37.7,85.5,57.2,2026-06-01 16:20:00,2968880
83.0,39.8,81.7,56.1,2026-06-01 16:40:00,2968880
82.3,41.3,81.1,56.5,2026-06-01 17:00:00,2968880
81.4,39.7,79.7,54.5,2026-06-01 17:20:00,2968880
82.0,41.1,80.6,56.0,2026-06-01 17:40:00,2968880
81.3,42.9,79.9,56.6,2026-06-01 18:00:00,2968880
81.2,42.5,79.9,56.2,2026-06-01 18:20:00,2968880
80.9,41.3,79.3,55.2,2026-06-01 18:40:00,2968880
80.3,41.9,78.8,55.1,2026-06-01 19:00:00,2968880
79.4,40.5,77.5,53.4,2026-06-01 19:20:00,2968880
78.9,40.8,77.0,53.1,2026-06-01 19:40:00,2968880
78.2,42.0,76.3,53.2,2026-06-01 20:00:00,2968880
77.5,41.4,75.2,52.1,2026-06-01 20:20:00,2968880
76.6,41.7,74.5,51.6,2026-06-01 20:40:00,2968880
75.7,42.7,73.6,51.5,2026-06-01 21:00:00,2968880
75.0,43.7,73.2,51.4,2026-06-01 21:20:00,2968880
74.5,44.0,72.9,51.1,2026-06-01 21:40:00,2968880
73.8,45.8,72.3,51.7,2026-06-01 22:00:00,2968880
73.5,45.2,72.1,51.0,2026-06-01 22:20:00,2968880
73.0,44.9,71.4,50.3,2026-06-01 22:40:00,2968880
72.4,46.7,71.2,50.9,2026-06-01 23:00:00,2968880
72.1,50.9,71.2,52.9,2026-06-01 23:20:00,2968880
71.6,55.4,71.2,54.8,2026-06-01 23:40:00,2968880
71.4,57.6,71.1,55.7,2026-06-02 00:00:00,2968880
70.9,57.6,70.7,55.2,2026-06-02 00:20:00,2968880
70.4,53.5,69.8,52.8,2026-06-02 00:40:00,2968880
70.2,52.0,69.3,51.8,2026-06-02 01:00:00,2968880
69.6,52.1,68.2,51.3,2026-06-02 01:20:00,2968880
68.9,50.7,67.5,49.9,2026-06-02 01:40:00,2968880
68.1,50.4,66.0,49.0,2026-06-02 02:00:00,2968880
67.4,54.0,65.3,50.2,2026-06-02 02:20:00,2968880
66.4,54.7,64.2,49.6,2026-06-02 02:40:00,2968880
66.0,55.9,63.5,49.8,2026-06-02 03:00:00,2968880
64.9,58.7,62.4,50.1,2026-06-02 03:20:00,2968880
64.2,61.0,61.9,50.5,2026-06-02 03:40:00,2968880
64.0,63.1,61.9,51.2,2026-06-02 04:00:00,2968880
63.6,64.6,61.7,51.5,2026-06-02 04:20:00,2968880
63.2,66.6,61.5,51.9,2026-06-02 04:40:00,2968880
62.5,68.4,61.0,52.0,2026-06-02 05:00:00,2968880
62.3,69.6,61.0,52.2,2026-06-02 05:20:00,2968880
61.8,70.7,60.4,52.2,2026-06-02 05:40:00,2968880
61.4,73.1,60.3,52.7,2026-06-02 06:00:00,2968880
61.3,73.6,60.3,52.8,2026-06-02 06:20:00,2968880
61.1,74.5,60.1,53.0,2026-06-02 06:40:00,2968880
61.0,75.5,60.3,53.2,2026-06-02 07:00:00,2968880
61.6,73.9,60.6,53.2,2026-06-02 07:20:00,2968880
61.8,73.2,60.6,53.1,2026-06-02 07:40:00,2968880
62.3,71.5,61.2,53.0,2026-06-02 08:00:00,2968880
62.9,69.2,61.3,52.6,2026-06-02 08:20:00,2968880
64.1,66.8,62.4,52.8,2026-06-02 08:40:00,2968880
65.1,63.5,63.0,52.4,2026-06-02 09:00:00,2968880
65.1,60.9,62.8,51.3,2026-06-02 09:20:00,2968880
65.2,61.4,63.0,51.6,2026-06-02 09:40:00,2968880
65.4,60.4,63.1,51.4,2026-06-02 10:00:00,2968880
67.1,58.7,65.5,52.1,2026-06-02 10:20:00,2968880
69.2,53.2,68.0,51.4,2026-06-02 10:40:00,2968880
71.0,49.7,70.0,51.3,2026-06-02 11:00:00,2968880
72.6,47.2,71.4,51.4,2026-06-02 11:20:00,2968880
73.9,44.4,72.1,50.9,2026-06-02 11:40:00,2968880
73.8,40.7,71.8,48.4,2026-06-02 12:00:00,2968880
76.0,38.2,73.4,48.7,2026-06-02 12:20:00,2968880
75.1,37.7,72.7,47.6,2026-06-02 12:40:00,2968880
76.2,38.0,73.6,48.8,2026-06-02 13:00:00,2968880
76.4,37.4,73.8,48.5,2026-06-02 13:20:00,2968880
76.6,36.8,73.9,48.3,2026-06-02 13:40:00,2968880
76.8,35.4,74.1,47.4,2026-06-02 14:00:00,2968880
78.5,33.6,75.6,47.6,2026-06-02 14:20:00,2968880
78.8,32.6,75.7,47.0,2026-06-02 14:40:00,2968880
79.4,33.8,76.6,48.4,2026-06-02 15:00:00,2968880
78.8,31.2,75.6,45.8,2026-06-02 15:20:00,2968880
78.1,30.6,74.8,44.7,2026-06-02 15:40:00,2968880
79.4,29.8,75.9,45.2,2026-06-02 16:00:00,2968880
80.2,28.8,76.6,44.9,2026-06-02 16:20:00,2968880
79.9,27.2,76.1,43.1,2026-06-02 16:40:00,2968880
79.8,27.6,76.1,43.4,2026-06-02 17:00:00,2968880
78.6,28.0,75.0,42.8,2026-06-02 17:20:00,2968880
79.1,29.3,75.6,44.4,2026-06-02 17:40:00,2968880
79.3,27.9,75.6,43.3,2026-06-02 18:00:00,2968880
78.3,29.5,74.8,43.9,2026-06-02 18:20:00,2968880
76.4,27.9,72.7,40.8,2026-06-02 18:40:00,2968880
75.5,30.0,72.3,42.0,2026-06-02 19:00:00,2968880
74.9,29.5,71.6,41.0,2026-06-02 19:20:00,2968880
73.9,29.5,70.7,40.1,2026-06-02 19:40:00,2968880
72.7,30.2,70.0,39.7,2026-06-02 20:00:00,2968880
71.8,31.6,69.3,40.1,2026-06-02 20:20:00,2968880
70.4,33.2,68.2,40.2,2026-06-02 20:40:00,2968880
68.9,34.3,66.2,39.6,2026-06-02 21:00:00,2968880
67.5,36.0,64.0,39.6,2026-06-02 21:20:00,2968880
66.5,37.1,62.6,39.5,2026-06-02 21:40:00,2968880
65.4,39.0,61.2,39.8,2026-06-02 22:00:00,2968880
64.6,40.7,60.4,40.2,2026-06-02 22:20:00,2968880
62.9,44.0,59.2,40.6,2026-06-02 22:40:00,2968880
61.5,46.8,58.3,41.0,2026-06-02 23:00:00,2968880
60.5,49.1,57.6,41.3,2026-06-02 23:20:00,2968880
59.6,51.5,56.8,41.7,2026-06-02 23:40:00,2968880
58.8,53.0,56.3,41.7,2026-06-03 00:00:00,2968880
58.1,55.4,55.9,42.2,2026-06-03 00:20:00,2968880
57.3,57.0,55.2,42.2,2026-06-03 00:40:00,2968880
56.8,58.3,54.9,42.3,2026-06-03 01:00:00,2968880
56.1,60.1,54.5,42.5,2026-06-03 01:20:00,2968880
55.7,63.0,54.1,43.4,2026-06-03 01:40:00,2968880
55.0,63.7,53.4,42.9,2026-06-03 02:00:00,2968880
54.4,66.1,53.1,43.3,2026-06-03 02:20:00,2968880
53.7,68.0,52.5,43.4,2026-06-03 02:40:00,2968880
53.2,70.7,52.2,43.9,2026-06-03 03:00:00,2968880
53.1,71.1,52.2,44.0,2026-06-03 03:20:00,2968880
52.7,72.0,51.8,43.9,2026-06-03 03:40:00,2968880
52.2,74.1,51.4,44.2,2026-06-03 04:00:00,2968880
52.1,74.5,51.3,44.2,2026-06-03 04:20:00,2968880
51.5,78.2,51.1,44.9,2026-06-03 04:40:00,2968880
50.9,77.7,50.5,44.2,2026-06-03 05:00:00,2968880
50.8,77.8,50.3,44.1,2026-06-03 05:20:00,2968880
50.9,79.7,50.5,44.9,2026-06-03 05:40:00,2968880
50.7,79.3,50.2,44.5,2026-06-03 06:00:00,2968880
50.3,80.6,49.8,44.6,2026-06-03 06:20:00,2968880
50.8,81.8,50.5,45.5,2026-06-03 06:40:00,2968880
51.5,82.3,51.3,46.3,2026-06-03 07:00:00,2968880
52.6,81.0,52.3,47.0,2026-06-03 07:20:00,2968880
54.8,76.4,54.1,47.6,2026-06-03 07:40:00,2968880
59.2,65.3,57.6,47.6,2026-06-03 08:00:00,2968880
62.9,54.0,60.1,46.1,2026-06-03 08:20:00,2968880
66.6,47.7,63.9,46.2,2026-06-03 08:40:00,2968880
68.9,42.2,66.4,44.9,2026-06-03 09:00:00,2968880
71.5,39.9,69.8,45.8,2026-06-03 09:20:00,2968880
73.5,38.6,71.4,46.8,2026-06-03 09:40:00,2968880
74.0,36.2,71.6,45.5,2026-06-03 10:00:00,2968880
75.4,34.5,72.7,45.5,2026-06-03 10:20:00,2968880
76.9,32.9,73.8,45.6,2026-06-03 10:40:00,2968880
76.9,33.0,73.8,45.6,2026-06-03 11:00:00,2968880
77.4,30.7,74.1,44.2,2026-06-03 11:20:00,2968880
77.8,30.9,74.5,44.7,2026-06-03 11:40:00,2968880
80.0,29.6,76.5,45.4,2026-06-03 12:00:00,2968880
79.3,27.7,75.6,43.1,2026-06-03 12:20:00,2968880
80.8,27.8,77.2,44.5,2026-06-03 12:40:00,2968880
80.3,28.0,76.6,44.3,2026-06-03 13:00:00,2968880
79.9,28.7,76.5,44.6,2026-06-03 13:20:00,2968880
81.1,28.2,77.5,45.2,2026-06-03 13:40:00,2968880
82.7,26.2,79.0,44.6,2026-06-03 14:00:00,2968880
83.5,26.9,80.1,45.9,2026-06-03 14:20:00,2968880
82.0,26.8,78.4,44.5,2026-06-03 14:40:00,2968880
82.9,27.0,79.2,45.5,2026-06-03 15:00:00,2968880
83.0,27.8,79.5,46.4,2026-06-03 15:20:00,2968880
83.6,28.2,80.2,47.2,2026-06-03 15:40:00,2968880
84.1,28.0,80.8,47.5,2026-06-03 16:00:00,2968880
84.3,26.9,81.0,46.6,2026-06-03 16:20:00,2968880
84.5,27.0,81.1,46.9,2026-06-03 16:40:00,2968880
84.7,25.4,81.1,45.4,2026-06-03 17:00:00,2968880
82.9,26.6,79.2,45.1,2026-06-03 17:20:00,2968880
84.1,26.8,80.6,46.3,2026-06-03 17:40:00,2968880
83.3,25.3,79.5,44.1,2026-06-03 18:00:00,2968880
83.0,26.2,79.3,44.8,2026-06-03 18:20:00,2968880
82.8,26.9,79.2,45.4,2026-06-03 18:40:00,2968880
82.1,27.0,78.4,44.8,2026-06-03 19:00:00,2968880
81.1,28.2,77.4,45.1,2026-06-03 19:20:00,2968880
80.4,29.4,77.0,45.7,2026-06-03 19:40:00,2968880
79.2,31.1,75.9,46.1,2026-06-03 20:00:00,2968880
77.6,32.0,74.5,45.5,2026-06-03 20:20:00,2968880
75.8,35.0,73.0,46.3,2026-06-03 20:40:00,2968880
74.0,37.8,71.8,46.6,2026-06-03 21:00:00,2968880
72.5,38.7,70.5,45.9,2026-06-03 21:20:00,2968880
71.2,41.3,69.6,46.5,2026-06-03 21:40:00,2968880
69.7,43.4,68.0,46.5,2026-06-03 22:00:00,2968880
68.5,46.1,66.2,47.0,2026-06-03 22:20:00,2968880
67.4,48.0,64.9,47.1,2026-06-03 22:40:00,2968880
66.5,50.2,63.7,47.5,2026-06-03 23:00:00,2968880
65.5,53.4,62.8,48.1,2026-06-03 23:20:00,2968880
64.7,54.2,61.7,47.8,2026-06-03 23:40:00,2968880
64.0,56.5,61.3,48.2,2026-06-04 00:00:00,2968880
63.2,60.0,60.8,49.1,2026-06-04 00:20:00,2968880
62.6,59.7,60.3,48.4,2026-06-04 00:40:00,2968880
62.5,62.4,60.4,49.5,2026-06-04 01:00:00,2968880
61.6,62.0,59.7,48.4,2026-06-04 01:20:00,2968880
60.8,64.0,59.2,48.6,2026-06-04 01:40:00,2968880
60.3,69.2,59.0,50.2,2026-06-04 02:00:00,2968880
59.7,71.4,58.5,50.4,2026-06-04 02:20:00,2968880
59.2,73.6,58.3,50.8,2026-06-04 02:40:00,2968880
58.5,71.9,57.6,49.4,2026-06-04 03:00:00,2968880
57.9,72.7,56.8,49.2,2026-06-04 03:20:00,2968880
57.5,73.9,56.7,49.2,2026-06-04 03:40:00,2968880
57.1,74.2,56.3,49.0,2026-06-04 04:00:00,2968880
56.4,76.4,55.8,49.1,2026-06-04 04:20:00,2968880
56.0,78.4,55.4,49.4,2026-06-04 04:40:00,2968880
55.6,78.9,55.2,49.1,2026-06-04 05:00:00,2968880
55.4,79.7,55.0,49.3,2026-06-04 05:20:00,2968880
54.8,81.1,54.5,49.1,2026-06-04 05:40:00,2968880
54.6,82.9,54.5,49.5,2026-06-04 06:00:00,2968880
54.3,83.2,54.1,49.3,2026-06-04 06:20:00,2968880
54.7,83.3,54.7,49.8,2026-06-04 06:40:00,2968880
55.3,84.7,55.2,50.8,2026-06-04 07:00:00,2968880
56.3,83.6,56.1,51.4,2026-06-04 07:20:00,2968880
58.5,80.5,58.1,52.5,2026-06-04 07:40:00,2968880
60.8,76.8,60.1,53.5,2026-06-04 08:00:00,2968880
64.3,68.9,62.8,53.9,2026-06-04 08:20:00,2968880
69.9,55.8,69.1,53.4,2026-06-04 08:40:00,2968880
74.4,45.6,72.9,52.1,2026-06-04 09:00:00,2968880
75.9,41.0,73.8,50.6,2026-06-04 09:20:00,2968880
77.4,38.7,75.0,50.3,2026-06-04 09:40:00,2968880
80.1,35.9,77.5,50.6,2026-06-04 10:00:00,2968880
81.4,34.0,78.6,50.3,2026-06-04 10:20:00,2968880
80.8,32.2,77.9,48.5,2026-06-04 10:40:00,2968880
82.2,30.4,78.8,48.0,2026-06-04 11:00:00,2968880
83.6,29.5,80.4,48.5,2026-06-04 11:20:00,2968880
83.9,30.8,81.1,49.9,2026-06-04 11:40:00,2968880
84.8,24.9,81.1,44.9,2026-06-04 12:00:00,2968880
84.6,26.2,81.3,46.1,2026-06-04 12:20:00,2968880
84.5,26.4,81.0,46.2,2026-06-04 12:40:00,2968880
85.8,25.4,82.2,46.3,2026-06-04 13:00:00,2968880
85.6,26.3,82.2,47.1,2026-06-04 13:20:00,2968880
86.6,26.2,83.5,47.9,2026-06-04 13:40:00,2968880
87.6,25.1,84.6,47.6,2026-06-04 14:00:00,2968880
88.2,23.6,84.9,46.5,2026-06-04 14:20:00,2968880
87.9,23.6,84.4,46.1,2026-06-04 14:40:00,2968880
89.3,23.7,86.2,47.4,2026-06-04 15:00:00,2968880
89.5,23.5,86.5,47.4,2026-06-04 15:20:00,2968880
89.5,23.0,86.4,46.9,2026-06-04 15:40:00,2968880
88.8,23.2,85.5,46.5,2026-06-04 16:00:00,2968880
90.6,22.2,87.4,46.9,2026-06-04 16:20:00,2968880
90.8,22.3,87.6,47.0,2026-06-04 16:40:00,2968880
90.4,22.4,87.3,46.9,2026-06-04 17:00:00,2968880
90.7,22.1,87.6,46.7,2026-06-04 17:20:00,2968880
91.4,22.6,88.7,47.9,2026-06-04 17:40:00,2968880
90.3,22.3,87.3,46.7,2026-06-04 18:00:00,2968880
90.1,23.4,87.1,47.8,2026-06-04 18:20:00,2968880
89.7,24.0,86.7,48.1,2026-06-04 18:40:00,2968880
88.4,24.5,85.3,47.6,2026-06-04 19:00:00,2968880
87.4,24.5,84.0,46.8,2026-06-04 19:20:00,2968880
86.5,27.4,83.5,49.0,2026-06-04 19:40:00,2968880
85.0,28.5,82.0,48.7,2026-06-04 20:00:00,2968880
83.4,32.1,80.8,50.5,2026-06-04 20:20:00,2968880
83.0,32.8,80.4,50.8,2026-06-04 20:40:00,2968880
82.3,32.8,79.5,50.2,2026-06-04 21:00:00,2968880
79.4,37.5,77.2,51.2,2026-06-04 21:20:00,2968880
77.0,41.8,75.0,52.1,2026-06-04 21:40:00,2968880
75.5,43.0,73.4,51.5,2026-06-04 22:00:00,2968880
73.9,48.2,72.5,53.1,2026-06-04 22:20:00,2968880
73.1,48.5,72.0,52.5,2026-06-04 22:40:00,2968880
72.2,50.7,71.4,53.0,2026-06-04 23:00:00,2968880
71.0,50.6,70.2,51.8,2026-06-04 23:20:00,2968880
69.9,52.7,68.9,51.8,2026-06-04 23:40:00,2968880
69.6,58.5,68.9,54.4,2026-06-05 00:00:00,2968880
68.5,57.6,67.3,53.0,2026-06-05 00:20:00,2968880
68.0,58.5,66.6,52.9,2026-06-05 00:40:00,2968880
69.5,55.4,68.5,52.9,2026-06-05 01:00:00,2968880
69.2,56.5,68.2,53.1,2026-06-05 01:20:00,2968880
68.6,58.9,67.6,53.7,2026-06-05 01:40:00,2968880
68.4,60.5,67.5,54.2,2026-06-05 02:00:00,2968880
67.9,62.1,66.9,54.4,2026-06-05 02:20:00,2968880
67.4,63.8,66.2,54.8,2026-06-05 02:40:00,2968880
67.1,64.7,66.0,54.8,2026-06-05 03:00:00,2968880
66.5,66.1,65.3,54.8,2026-06-05 03:20:00,2968880
66.3,67.5,64.9,55.2,2026-06-05 03:40:00,2968880
65.7,68.6,64.4,55.0,2026-06-05 04:00:00,2968880
64.9,72.6,63.7,55.9,2026-06-05 04:20:00,2968880
63.8,75.4,63.0,55.9,2026-06-05 04:40:00,2968880
63.0,77.5,62.4,55.9,2026-06-05 05:00:00,2968880
62.6,78.5,61.9,55.8,2026-06-05 05:20:00,2968880
62.4,78.7,61.9,55.7,2026-06-05 05:40:00,2968880
62.7,78.6,62.1,56.0,2026-06-05 06:00:00,2968880
62.2,80.3,61.7,56.0,2026-06-05 06:20:00,2968880
62.2,82.5,61.9,56.8,2026-06-05 06:40:00,2968880
63.2,78.7,62.6,56.4,2026-06-05 07:00:00,2968880
64.3,76.8,63.5,56.8,2026-06-05 07:20:00,2968880
65.0,75.2,64.2,56.9,2026-06-05 07:40:00,2968880
66.4,72.9,65.7,57.4,2026-06-05 08:00:00,2968880
68.2,69.6,68.0,57.9,2026-06-05 08:20:00,2968880
72.0,63.3,72.3,58.9,2026-06-05 08:40:00,2968880
76.4,54.5,75.6,58.8,2026-06-05 09:00:00,2968880
79.5,50.2,79.2,59.3,2026-06-05 09:20:00,2968880
80.4,45.9,79.3,57.7,2026-06-05 09:40:00,2968880
82.6,44.0,81.7,58.4,2026-06-05 10:00:00,2968880
84.5,41.3,84.2,58.4,2026-06-05 10:20:00,2968880
87.0,38.8,87.3,58.9,2026-06-05 10:40:00,2968880
87.5,35.9,87.1,57.3,2026-06-05 11:00:00,2968880
88.4,33.4,87.6,55.9,2026-06-05 11:20:00,2968880
88.8,32.2,87.8,55.4,2026-06-05 11:40:00,2968880
88.9,31.3,87.8,54.7,2026-06-05 12:00:00,2968880
89.3,31.3,88.3,55.0,2026-06-05 12:20:00,2968880
92.9,36.8,96.3,62.7,2026-05-28 18:00:00,2974167
94.4,37.7,99.1,64.6,2026-05-28 18:20:00,2974167
94.4,37.7,99.1,64.6,2026-05-28 18:40:00,2974167
90.6,40.2,93.6,63.1,2026-05-28 19:00:00,2974167
88.9,43.0,91.8,63.5,2026-05-28 19:20:00,2974167
85.0,47.9,86.7,63.0,2026-05-28 19:40:00,2974167
82.6,52.8,84.0,63.7,2026-05-28 20:00:00,2974167
81.0,55.7,82.2,63.7,2026-05-28 20:20:00,2974167
80.2,59.0,81.5,64.6,2026-05-28 20:40:00,2974167
79.3,59.9,80.2,64.2,2026-05-28 21:00:00,2974167
78.3,61.7,79.3,64.1,2026-05-28 21:20:00,2974167
77.1,65.1,77.7,64.5,2026-05-28 21:40:00,2974167
75.8,68.4,76.5,64.6,2026-05-28 22:00:00,2974167
75.7,66.9,76.1,64.0,2026-05-28 22:20:00,2974167
76.5,58.7,76.3,60.9,2026-05-28 22:40:00,2974167
76.7,56.1,76.1,59.9,2026-05-28 23:00:00,2974167
76.5,54.4,75.7,58.9,2026-05-28 23:20:00,2974167
75.8,56.0,75.2,59.0,2026-05-28 23:40:00,2974167
75.0,55.3,74.3,57.9,2026-05-29 00:00:00,2974167
74.1,55.4,73.4,57.1,2026-05-29 00:20:00,2974167
73.6,56.9,73.2,57.3,2026-05-29 00:40:00,2974167
72.8,56.9,72.3,56.7,2026-05-29 01:00:00,2974167
71.6,58.6,71.4,56.3,2026-05-29 01:20:00,2974167
70.4,60.7,70.3,56.2,2026-05-29 01:40:00,2974167
69.4,62.9,68.9,56.2,2026-05-29 02:00:00,2974167
68.8,65.0,68.2,56.5,2026-05-29 02:20:00,2974167
67.7,68.0,67.1,56.8,2026-05-29 02:40:00,2974167
66.8,70.3,66.0,56.9,2026-05-29 03:00:00,2974167
66.1,72.2,65.3,56.9,2026-05-29 03:20:00,2974167
65.2,74.3,64.2,56.8,2026-05-29 03:40:00,2974167
64.5,75.7,63.7,56.6,2026-05-29 04:00:00,2974167
63.6,77.2,63.0,56.4,2026-05-29 04:20:00,2974167
63.1,78.2,62.4,56.2,2026-05-29 04:40:00,2974167
62.3,80.4,61.9,56.2,2026-05-29 05:00:00,2974167
61.9,81.8,61.7,56.3,2026-05-29 05:20:00,2974167
61.6,82.2,61.3,56.1,2026-05-29 05:40:00,2974167
61.2,83.4,61.2,56.2,2026-05-29 06:00:00,2974167
60.8,83.8,60.8,55.9,2026-05-29 06:20:00,2974167
61.2,81.1,61.0,55.3,2026-05-29 06:40:00,2974167
62.5,74.6,61.5,54.3,2026-05-29 07:00:00,2974167
63.7,70.0,62.2,53.7,2026-05-29 07:20:00,2974167
65.2,63.8,63.1,52.6,2026-05-29 07:40:00,2974167
65.6,61.2,63.5,51.8,2026-05-29 08:00:00,2974167
66.7,59.6,64.8,52.2,2026-05-29 08:20:00,2974167
67.4,60.0,66.0,53.0,2026-05-29 08:40:00,2974167
68.3,59.7,67.1,53.7,2026-05-29 09:00:00,2974167
69.3,57.4,68.4,53.6,2026-05-29 09:20:00,2974167
70.1,57.7,69.6,54.5,2026-05-29 09:40:00,2974167
71.2,54.8,70.5,54.1,2026-05-29 10:00:00,2974167
72.0,52.3,71.2,53.6,2026-05-29 10:20:00,2974167
73.3,52.5,72.5,54.9,2026-05-29 10:40:00,2974167
74.4,48.9,73.2,53.9,2026-05-29 11:00:00,2974167
75.5,49.2,74.1,55.1,2026-05-29 11:20:00,2974167
76.7,47.5,75.2,55.2,2026-05-29 11:40:00,2974167
77.7,42.8,75.9,53.3,2026-05-29 12:00:00,2974167
78.2,41.1,76.1,52.6,2026-05-29 12:20:00,2974167
79.3,41.5,77.4,53.9,2026-05-29 12:40:00,2974167
79.5,40.3,77.5,53.3,2026-05-29 13:00:00,2974167
81.6,40.3,80.1,55.2,2026-05-29 13:20:00,2974167
83.2,37.7,81.7,54.8,2026-05-29 13:40:00,2974167
80.9,38.2,78.8,53.1,2026-05-29 14:00:00,2974167
83.8,36.7,82.2,54.6,2026-05-29 14:20:00,2974167
84.7,36.3,83.3,55.0,2026-05-29 14:40:00,2974167
83.5,37.3,82.0,54.7,2026-05-29 15:00:00,2974167
85.9,35.3,84.7,55.3,2026-05-29 15:20:00,2974167
87.4,37.1,87.3,58.0,2026-05-29 15:40:00,2974167
87.5,35.0,86.9,56.4,2026-05-29 16:00:00,2974167
89.7,32.6,89.2,56.5,2026-05-29 16:20:00,2974167
87.8,35.0,87.3,56.8,2026-05-29 16:40:00,2974167
88.0,33.9,87.3,56.0,2026-05-29 17:00:00,2974167
91.1,31.4,90.9,56.7,2026-05-29 17:20:00,2974167
89.0,33.1,88.3,56.2,2026-05-29 17:40:00,2974167
91.5,32.3,91.9,57.7,2026-05-29 18:00:00,2974167
89.4,34.6,89.4,57.8,2026-05-29 18:20:00,2974167
86.4,34.0,85.1,54.7,2026-05-29 18:40:00,2974167
88.7,34.5,88.5,57.1,2026-05-29 19:00:00,2974167
87.3,36.7,87.1,57.6,2026-05-29 19:20:00,2974167
82.7,42.1,81.7,57.4,2026-05-29 19:40:00,2974167
79.7,48.3,78.8,58.4,2026-05-29 20:00:00,2974167
77.5,50.8,76.5,57.8,2026-05-29 20:20:00,2974167
76.0,53.5,75.2,57.9,2026-05-29 20:40:00,2974167
74.7,55.8,74.1,57.8,2026-05-29 21:00:00,2974167
73.8,57.8,73.4,58.0,2026-05-29 21:20:00,2974167
73.1,59.8,72.9,58.3,2026-05-29 21:40:00,2974167
71.8,64.0,72.1,59.0,2026-05-29 22:00:00,2974167
71.4,65.0,71.6,59.0,2026-05-29 22:20:00,2974167
71.0,67.0,71.4,59.5,2026-05-29 22:40:00,2974167
70.4,69.2,70.9,59.8,2026-05-29 23:00:00,2974167
70.1,70.4,70.3,60.0,2026-05-29 23:20:00,2974167
69.9,71.9,70.2,60.4,2026-05-29 23:40:00,2974167
69.5,73.1,69.8,60.5,2026-05-30 00:00:00,2974167
69.0,74.5,69.1,60.6,2026-05-30 00:20:00,2974167
69.4,75.1,69.8,61.2,2026-05-30 00:40:00,2974167
71.8,73.3,72.7,62.8,2026-05-30 01:00:00,2974167
73.5,72.2,74.5,64.0,2026-05-30 01:20:00,2974167
73.7,72.3,74.7,64.2,2026-05-30 01:40:00,2974167
73.7,73.0,74.7,64.5,2026-05-30 02:00:00,2974167
73.4,74.5,74.5,64.8,2026-05-30 02:20:00,2974167
73.2,75.8,74.3,65.1,2026-05-30 02:40:00,2974167
72.9,76.9,74.1,65.2,2026-05-30 03:00:00,2974167
72.6,78.2,73.8,65.4,2026-05-30 03:20:00,2974167
72.2,79.5,73.6,65.5,2026-05-30 03:40:00,2974167
71.7,81.2,73.0,65.6,2026-05-30 04:00:00,2974167
71.4,82.8,72.7,65.9,2026-05-30 04:20:00,2974167
71.1,84.3,72.5,66.1,2026-05-30 04:40:00,2974167
71.0,85.3,72.3,66.3,2026-05-30 05:00:00,2974167
70.9,85.7,72.3,66.4,2026-05-30 05:20:00,2974167
70.8,86.3,72.3,66.5,2026-05-30 05:40:00,2974167
70.7,87.0,72.3,66.7,2026-05-30 06:00:00,2974167
71.0,86.9,72.5,66.8,2026-05-30 06:20:00,2974167
71.0,87.0,72.5,66.9,2026-05-30 06:40:00,2974167
71.3,86.6,72.9,67.2,2026-05-30 07:00:00,2974167
71.6,86.3,73.2,67.3,2026-05-30 07:20:00,2974167
72.7,85.2,74.7,68.0,2026-05-30 07:40:00,2974167
73.6,83.5,75.7,68.3,2026-05-30 08:00:00,2974167
74.5,77.1,76.1,66.8,2026-05-30 08:20:00,2974167
74.8,67.5,75.2,63.3,2026-05-30 08:40:00,2974167
75.0,60.9,74.8,60.6,2026-05-30 09:00:00,2974167
75.7,55.1,75.0,58.4,2026-05-30 09:20:00,2974167
77.1,44.3,75.2,53.7,2026-05-30 09:40:00,2974167
78.0,43.0,76.1,53.7,2026-05-30 10:00:00,2974167
78.4,43.2,76.6,54.2,2026-05-30 10:20:00,2974167
79.2,40.9,77.4,53.4,2026-05-30 10:40:00,2974167
79.8,38.1,77.5,52.0,2026-05-30 11:00:00,2974167
80.0,36.6,77.5,51.1,2026-05-30 11:20:00,2974167
80.9,30.8,77.5,47.4,2026-05-30 11:40:00,2974167
81.9,33.2,79.2,50.1,2026-05-30 12:00:00,2974167
83.1,30.9,80.1,49.3,2026-05-30 12:20:00,2974167
84.1,29.0,81.0,48.4,2026-05-30 12:40:00,2974167
85.3,27.3,82.2,47.9,2026-05-30 13:00:00,2974167
86.4,24.8,82.9,46.2,2026-05-30 13:20:00,2974167
86.6,24.7,83.3,46.3,2026-05-30 13:40:00,2974167
87.0,26.0,83.8,47.9,2026-05-30 14:00:00,2974167
87.0,22.6,83.3,44.3,2026-05-30 14:20:00,2974167
88.7,23.6,85.6,46.9,2026-05-30 14:40:00,2974167
88.3,24.8,85.1,47.9,2026-05-30 15:00:00,2974167
89.0,23.2,85.6,46.6,2026-05-30 15:20:00,2974167
89.8,24.7,87.3,49.0,2026-05-30 15:40:00,2974167
89.4,26.7,87.1,50.7,2026-05-30 16:00:00,2974167
85.8,28.7,83.1,49.6,2026-05-30 16:20:00,2974167
89.2,24.0,86.0,47.7,2026-05-30 16:40:00,2974167
89.9,28.4,88.2,52.8,2026-05-30 17:00:00,2974167
90.6,27.3,88.9,52.4,2026-05-30 17:20:00,2974167
88.7,25.8,86.0,49.3,2026-05-30 17:40:00,2974167
87.7,30.0,85.5,52.4,2026-05-30 18:00:00,2974167
84.6,32.3,82.4,51.8,2026-05-30 18:20:00,2974167
82.5,32.7,79.7,50.2,2026-05-30 18:40:00,2974167
81.8,34.6,79.2,51.2,2026-05-30 19:00:00,2974167
80.5,36.0,78.1,51.1,2026-05-30 19:20:00,2974167
79.6,37.6,77.4,51.5,2026-05-30 19:40:00,2974167
78.4,39.4,76.1,51.7,2026-05-30 20:00:00,2974167
77.6,40.7,75.4,51.9,2026-05-30 20:20:00,2974167
76.2,42.6,74.1,51.8,2026-05-30 20:40:00,2974167
75.0,45.5,73.4,52.6,2026-05-30 21:00:00,2974167
74.9,45.2,73.4,52.3,2026-05-30 21:20:00,2974167
75.4,42.1,73.4,50.8,2026-05-30 21:40:00,2974167
75.2,39.9,73.0,49.2,2026-05-30 22:00:00,2974167
74.4,41.5,72.3,49.5,2026-05-30 22:20:00,2974167
73.1,48.4,72.0,52.5,2026-05-30 22:40:00,2974167
71.7,48.6,70.7,51.3,2026-05-30 23:00:00,2974167
70.4,48.6,69.4,50.1,2026-05-30 23:20:00,2974167
69.1,50.0,67.3,49.6,2026-05-30 23:40:00,2974167
68.1,51.9,66.2,49.7,2026-05-31 00:00:00,2974167
67.1,54.1,65.1,50.0,2026-05-31 00:20:00,2974167
66.4,56.1,64.2,50.3,2026-05-31 00:40:00,2974167
65.7,57.8,63.3,50.4,2026-05-31 01:00:00,2974167
65.1,59.3,62.8,50.6,2026-05-31 01:20:00,2974167
64.5,60.0,62.2,50.3,2026-05-31 01:40:00,2974167
63.5,61.2,61.2,49.9,2026-05-31 02:00:00,2974167
63.0,60.6,60.8,49.2,2026-05-31 02:20:00,2974167
62.6,60.8,60.4,48.9,2026-05-31 02:40:00,2974167
62.4,62.5,60.3,49.4,2026-05-31 03:00:00,2974167
62.2,62.1,60.1,49.0,2026-05-31 03:20:00,2974167
62.2,63.1,60.1,49.4,2026-05-31 03:40:00,2974167
61.4,63.5,59.5,48.9,2026-05-31 04:00:00,2974167
60.9,64.7,59.2,48.9,2026-05-31 04:20:00,2974167
60.2,66.6,58.6,49.0,2026-05-31 04:40:00,2974167
59.7,67.3,58.1,48.8,2026-05-31 05:00:00,2974167
59.1,69.0,57.7,48.9,2026-05-31 05:20:00,2974167
58.3,71.1,57.0,48.9,2026-05-31 05:40:00,2974167
57.5,72.7,56.5,48.9,2026-05-31 06:00:00,2974167
57.0,75.0,56.1,49.2,2026-05-31 06:20:00,2974167
56.5,77.5,55.9,49.6,2026-05-31 06:40:00,2974167
56.9,78.5,56.3,50.3,2026-05-31 07:00:00,2974167
57.8,78.7,57.2,51.2,2026-05-31 07:20:00,2974167
59.5,76.3,58.6,52.0,2026-05-31 07:40:00,2974167
60.5,72.4,59.4,51.6,2026-05-31 08:00:00,2974167
61.5,71.0,60.3,52.0,2026-05-31 08:20:00,2974167
62.2,68.6,60.6,51.8,2026-05-31 08:40:00,2974167
63.5,65.0,61.5,51.5,2026-05-31 09:00:00,2974167
64.7,63.6,62.6,52.1,2026-05-31 09:20:00,2974167
65.2,58.7,62.8,50.4,2026-05-31 09:40:00,2974167
66.5,56.3,64.2,50.5,2026-05-31 10:00:00,2974167
67.3,52.9,65.3,49.5,2026-05-31 10:20:00,2974167
68.1,50.0,66.0,48.7,2026-05-31 10:40:00,2974167
68.2,46.9,66.0,47.2,2026-05-31 11:00:00,2974167
70.3,47.0,68.9,49.2,2026-05-31 11:20:00,2974167
71.8,44.6,70.5,49.1,2026-05-31 11:40:00,2974167
72.3,44.8,70.9,49.6,2026-05-31 12:00:00,2974167
73.2,41.5,71.4,48.5,2026-05-31 12:20:00,2974167
75.4,39.9,73.0,49.3,2026-05-31 12:40:00,2974167
75.8,40.0,73.6,49.8,2026-05-31 13:00:00,2974167
77.1,37.4,74.5,49.1,2026-05-31 13:20:00,2974167
76.3,35.8,73.6,47.3,2026-05-31 13:40:00,2974167
78.5,35.1,75.9,48.7,2026-05-31 14:00:00,2974167
79.3,34.0,76.3,48.5,2026-05-31 14:20:00,2974167
78.1,35.4,75.4,48.5,2026-05-31 14:40:00,2974167
80.4,36.4,77.9,51.3,2026-05-31 15:00:00,2974167
79.4,33.5,76.6,48.2,2026-05-31 15:20:00,2974167
82.8,34.7,80.4,52.1,2026-05-31 15:40:00,2974167
83.4,32.3,80.8,50.7,2026-05-31 16:00:00,2974167
81.7,33.6,79.0,50.3,2026-05-31 16:20:00,2974167
84.7,34.5,82.9,53.6,2026-05-31 16:40:00,2974167
82.4,34.3,79.9,51.5,2026-05-31 17:00:00,2974167
82.6,33.8,80.1,51.2,2026-05-31 17:20:00,2974167
84.6,33.2,82.6,52.5,2026-05-31 17:40:00,2974167
85.5,33.9,83.8,53.8,2026-05-31 18:00:00,2974167
83.5,34.5,81.5,52.6,2026-05-31 18:20:00,2974167
83.1,34.8,81.0,52.5,2026-05-31 18:40:00,2974167
82.5,36.8,80.4,53.5,2026-05-31 19:00:00,2974167
81.3,38.1,79.3,53.3,2026-05-31 19:20:00,2974167
77.3,43.6,75.4,53.4,2026-05-31 19:40:00,2974167
75.5,46.9,73.9,53.8,2026-05-31 20:00:00,2974167
74.7,48.3,73.4,53.9,2026-05-31 20:20:00,2974167
73.8,49.9,72.7,53.9,2026-05-31 20:40:00,2974167
73.2,50.7,72.1,53.8,2026-05-31 21:00:00,2974167
72.4,51.9,71.6,53.8,2026-05-31 21:20:00,2974167
72.0,51.7,71.2,53.2,2026-05-31 21:40:00,2974167
71.4,52.7,70.7,53.2,2026-05-31 22:00:00,2974167
70.8,54.9,70.3,53.8,2026-05-31 22:20:00,2974167
70.1,57.1,69.4,54.2,2026-05-31 22:40:00,2974167
70.1,56.9,69.4,54.2,2026-05-31 23:00:00,2974167
70.8,57.0,70.5,54.8,2026-05-31 23:20:00,2974167
70.7,57.7,70.3,55.0,2026-05-31 23:40:00,2974167
70.9,59.0,70.7,55.9,2026-06-01 00:00:00,2974167
71.0,60.0,70.7,56.4,2026-06-01 00:20:00,2974167
71.3,60.6,71.2,56.9,2026-06-01 00:40:00,2974167
70.8,61.5,70.9,57.0,2026-06-01 01:00:00,2974167
70.6,62.8,70.5,57.3,2026-06-01 01:20:00,2974167
70.4,63.6,70.5,57.5,2026-06-01 01:40:00,2974167
70.4,63.7,70.5,57.5,2026-06-01 02:00:00,2974167
70.3,64.6,70.2,57.8,2026-06-01 02:20:00,2974167
70.5,64.2,70.5,57.8,2026-06-01 02:40:00,2974167
70.4,65.2,70.5,58.2,2026-06-01 03:00:00,2974167
70.3,65.9,70.2,58.4,2026-06-01 03:20:00,2974167
70.0,67.0,70.2,58.5,2026-06-01 03:40:00,2974167
69.6,67.7,69.4,58.4,2026-06-01 04:00:00,2974167
69.1,68.8,68.9,58.4,2026-06-01 04:20:00,2974167
68.5,70.1,68.2,58.4,2026-06-01 04:40:00,2974167
68.8,70.3,68.7,58.7,2026-06-01 05:00:00,2974167
68.9,70.0,68.7,58.7,2026-06-01 05:20:00,2974167
68.6,70.1,68.4,58.4,2026-06-01 05:40:00,2974167
68.2,71.0,68.0,58.4,2026-06-01 06:00:00,2974167
67.4,72.9,66.9,58.5,2026-06-01 06:20:00,2974167
67.2,74.3,66.7,58.7,2026-06-01 06:40:00,2974167
67.1,75.8,66.9,59.2,2026-06-01 07:00:00,2974167
67.7,75.7,67.6,59.8,2026-06-01 07:20:00,2974167
69.0,73.7,69.1,60.2,2026-06-01 07:40:00,2974167
69.7,71.6,70.0,60.1,2026-06-01 08:00:00,2974167
69.7,72.3,70.0,60.4,2026-06-01 08:20:00,2974167
70.7,71.4,71.1,61.0,2026-06-01 08:40:00,2974167
71.4,70.2,72.0,61.2,2026-06-01 09:00:00,2974167
72.1,69.6,72.7,61.6,2026-06-01 09:20:00,2974167
73.0,70.3,73.6,62.8,2026-06-01 09:40:00,2974167
73.8,70.2,74.7,63.5,2026-06-01 10:00:00,2974167
75.1,67.6,75.7,63.6,2026-06-01 10:20:00,2974167
76.0,66.5,76.5,64.1,2026-06-01 10:40:00,2974167
77.0,64.2,77.5,64.0,2026-06-01 11:00:00,2974167
78.9,61.6,80.1,64.6,2026-06-01 11:20:00,2974167
79.0,58.7,79.9,63.3,2026-06-01 11:40:00,2974167
81.0,55.5,82.2,63.6,2026-06-01 12:00:00,2974167
80.9,53.0,81.5,62.2,2026-06-01 12:20:00,2974167
83.2,53.7,85.3,64.7,2026-06-01 12:40:00,2974167
82.5,51.6,83.3,62.9,2026-06-01 13:00:00,2974167
83.7,48.8,84.9,62.4,2026-06-01 13:20:00,2974167
83.8,48.1,84.7,62.0,2026-06-01 13:40:00,2974167
81.6,49.1,81.5,60.6,2026-06-01 14:00:00,2974167
83.9,47.5,84.7,61.8,2026-06-01 14:20:00,2974167
83.8,42.1,83.3,58.3,2026-06-01 14:40:00,2974167
86.0,33.2,84.4,53.7,2026-06-01 15:00:00,2974167
85.7,37.2,85.1,56.6,2026-06-01 15:20:00,2974167
86.4,38.0,86.2,57.8,2026-06-01 15:40:00,2974167
87.3,39.5,88.0,59.6,2026-06-01 16:00:00,2974167
85.5,36.2,84.6,55.6,2026-06-01 16:20:00,2974167
83.1,41.5,82.0,57.3,2026-06-01 16:40:00,2974167
81.6,41.6,80.2,56.1,2026-06-01 17:00:00,2974167
81.5,42.8,80.2,56.7,2026-06-01 17:20:00,2974167
82.1,40.5,80.6,55.8,2026-06-01 17:40:00,2974167
80.8,43.0,79.7,56.2,2026-06-01 18:00:00,2974167
80.5,40.2,78.8,54.1,2026-06-01 18:20:00,2974167
80.0,41.6,78.3,54.5,2026-06-01 18:40:00,2974167
79.4,41.1,77.7,53.7,2026-06-01 19:00:00,2974167
78.4,42.0,76.5,53.4,2026-06-01 19:20:00,2974167
78.0,43.1,76.1,53.7,2026-06-01 19:40:00,2974167
77.3,43.2,75.2,53.2,2026-06-01 20:00:00,2974167
76.4,43.4,74.5,52.5,2026-06-01 20:20:00,2974167
75.1,45.5,73.6,52.7,2026-06-01 20:40:00,2974167
73.2,47.9,72.1,52.3,2026-06-01 21:00:00,2974167
72.2,50.1,71.4,52.6,2026-06-01 21:20:00,2974167
71.8,50.3,71.1,52.3,2026-06-01 21:40:00,2974167
71.2,51.4,70.3,52.3,2026-06-01 22:00:00,2974167
71.2,49.4,70.2,51.3,2026-06-01 22:20:00,2974167
71.2,47.8,70.2,50.4,2026-06-01 22:40:00,2974167
71.5,46.9,70.3,50.1,2026-06-01 23:00:00,2974167
71.0,50.8,70.2,51.9,2026-06-01 23:20:00,2974167
70.7,55.4,70.2,53.9,2026-06-01 23:40:00,2974167
70.0,57.9,69.6,54.5,2026-06-02 00:00:00,2974167
69.9,58.7,69.3,54.8,2026-06-02 00:20:00,2974167
69.5,59.7,68.9,54.9,2026-06-02 00:40:00,2974167
69.1,60.0,68.4,54.6,2026-06-02 01:00:00,2974167
68.2,59.6,67.1,53.6,2026-06-02 01:20:00,2974167
67.5,57.5,65.8,52.0,2026-06-02 01:40:00,2974167
67.1,57.1,65.3,51.4,2026-06-02 02:00:00,2974167
66.4,54.7,64.2,49.6,2026-06-02 02:20:00,2974167
65.4,55.4,62.6,49.0,2026-06-02 02:40:00,2974167
64.8,57.3,62.2,49.4,2026-06-02 03:00:00,2974167
64.3,59.2,61.9,49.7,2026-06-02 03:20:00,2974167
63.9,61.0,61.7,50.1,2026-06-02 03:40:00,2974167
63.7,62.3,61.5,50.5,2026-06-02 04:00:00,2974167
63.2,64.7,61.3,51.1,2026-06-02 04:20:00,2974167
62.6,66.4,61.0,51.3,2026-06-02 04:40:00,2974167
62.4,67.0,60.6,51.3,2026-06-02 05:00:00,2974167
62.1,68.3,60.6,51.5,2026-06-02 05:20:00,2974167
61.6,69.9,60.3,51.6,2026-06-02 05:40:00,2974167
61.2,71.7,60.1,52.0,2026-06-02 06:00:00,2974167
61.1,72.7,59.9,52.2,2026-06-02 06:20:00,2974167
60.8,74.3,59.7,52.6,2026-06-02 06:40:00,2974167
61.2,74.2,60.3,53.0,2026-06-02 07:00:00,2974167
61.4,73.0,60.3,52.7,2026-06-02 07:20:00,2974167
61.7,72.2,60.4,52.7,2026-06-02 07:40:00,2974167
62.0,70.1,60.6,52.2,2026-06-02 08:00:00,2974167
62.7,69.5,61.3,52.6,2026-06-02 08:20:00,2974167
63.1,66.4,61.3,51.8,2026-06-02 08:40:00,2974167
63.3,64.1,61.5,51.0,2026-06-02 09:00:00,2974167
64.2,63.1,62.1,51.4,2026-06-02 09:20:00,2974167
64.6,62.1,62.6,51.4,2026-06-02 09:40:00,2974167
64.6,61.3,62.4,51.0,2026-06-02 10:00:00,2974167
65.3,61.5,63.0,51.7,2026-06-02 10:20:00,2974167
66.9,55.9,64.8,50.7,2026-06-02 10:40:00,2974167
68.6,53.6,67.1,51.1,2026-06-02 11:00:00,2974167
70.6,46.0,69.4,48.9,2026-06-02 11:20:00,2974167
72.5,42.2,70.7,48.2,2026-06-02 11:40:00,2974167
73.3,40.0,71.4,47.6,2026-06-02 12:00:00,2974167
73.5,39.2,71.4,47.2,2026-06-02 12:20:00,2974167
74.6,37.5,72.1,47.0,2026-06-02 12:40:00,2974167
75.8,37.7,73.2,48.2,2026-06-02 13:00:00,2974167
77.1,36.5,74.3,48.5,2026-06-02 13:20:00,2974167
76.4,34.1,73.4,46.1,2026-06-02 13:40:00,2974167
77.8,35.1,75.0,48.1,2026-06-02 14:00:00,2974167
78.5,33.6,75.6,47.5,2026-06-02 14:20:00,2974167
79.0,32.9,75.9,47.4,2026-06-02 14:40:00,2974167
80.0,31.0,76.6,46.7,2026-06-02 15:00:00,2974167
79.8,30.8,76.5,46.3,2026-06-02 15:20:00,2974167
79.5,31.4,76.3,46.6,2026-06-02 15:40:00,2974167
80.8,28.2,77.2,44.8,2026-06-02 16:00:00,2974167
81.8,26.9,78.1,44.4,2026-06-02 16:20:00,2974167
82.2,26.8,78.4,44.7,2026-06-02 16:40:00,2974167
81.4,28.5,77.9,45.6,2026-06-02 17:00:00,2974167
79.2,27.4,75.6,42.8,2026-06-02 17:20:00,2974167
78.8,26.1,74.8,41.2,2026-06-02 17:40:00,2974167
83.1,26.4,79.3,45.1,2026-06-02 18:00:00,2974167
81.0,24.6,77.2,41.5,2026-06-02 18:20:00,2974167
78.8,25.6,75.0,40.6,2026-06-02 18:40:00,2974167
79.5,26.2,75.7,41.8,2026-06-02 19:00:00,2974167
79.5,26.6,75.7,42.2,2026-06-02 19:20:00,2974167
74.3,28.3,71.1,39.4,2026-06-02 19:40:00,2974167
72.0,31.2,69.4,39.9,2026-06-02 20:00:00,2974167
70.5,32.5,68.2,39.6,2026-06-02 20:20:00,2974167
69.1,34.1,66.0,39.6,2026-06-02 20:40:00,2974167
67.6,35.7,64.0,39.5,2026-06-02 21:00:00,2974167
66.5,37.6,62.6,39.9,2026-06-02 21:20:00,2974167
65.4,39.7,61.2,40.3,2026-06-02 21:40:00,2974167
63.2,43.3,59.5,40.6,2026-06-02 22:00:00,2974167
62.0,46.9,58.5,41.5,2026-06-02 22:20:00,2974167
60.6,50.0,57.7,41.9,2026-06-02 22:40:00,2974167
58.9,53.9,56.3,42.2,2026-06-02 23:00:00,2974167
58.1,56.4,55.9,42.7,2026-06-02 23:20:00,2974167
57.4,57.9,55.4,42.7,2026-06-02 23:40:00,2974167
56.6,60.4,54.9,43.1,2026-06-03 00:00:00,2974167
56.2,62.0,54.5,43.4,2026-06-03 00:20:00,2974167
55.1,64.8,53.8,43.4,2026-06-03 00:40:00,2974167
54.5,67.0,53.2,43.8,2026-06-03 01:00:00,2974167
54.0,68.4,52.9,43.8,2026-06-03 01:20:00,2974167
52.9,71.0,52.0,43.8,2026-06-03 01:40:00,2974167
52.5,73.1,51.6,44.1,2026-06-03 02:00:00,2974167
52.1,74.2,51.3,44.2,2026-06-03 02:20:00,2974167
51.4,76.1,50.7,44.1,2026-06-03 02:40:00,2974167
51.2,76.6,50.5,44.1,2026-06-03 03:00:00,2974167
50.8,77.3,50.3,44.0,2026-06-03 03:20:00,2974167
50.5,78.6,50.0,44.1,2026-06-03 03:40:00,2974167
50.1,79.4,49.6,44.0,2026-06-03 04:00:00,2974167
49.7,80.6,49.3,44.0,2026-06-03 04:20:00,2974167
49.6,81.5,49.3,44.2,2026-06-03 04:40:00,2974167
49.4,82.6,49.3,44.3,2026-06-03 05:00:00,2974167
49.2,83.6,49.1,44.5,2026-06-03 05:20:00,2974167
48.4,84.7,48.4,44.0,2026-06-03 05:40:00,2974167
48.6,85.2,48.5,44.3,2026-06-03 06:00:00,2974167
48.8,84.7,48.7,44.5,2026-06-03 06:20:00,2974167
49.1,84.2,49.1,44.6,2026-06-03 06:40:00,2974167
50.1,82.7,50.0,45.0,2026-06-03 07:00:00,2974167
51.9,80.8,51.6,46.2,2026-06-03 07:20:00,2974167
54.8,74.8,54.0,47.0,2026-06-03 07:40:00,2974167
58.2,66.2,56.7,47.0,2026-06-03 08:00:00,2974167
61.0,58.9,58.6,46.5,2026-06-03 08:20:00,2974167
63.4,54.7,60.6,46.8,2026-06-03 08:40:00,2974167
64.9,51.4,61.7,46.6,2026-06-03 09:00:00,2974167
66.9,47.4,64.2,46.3,2026-06-03 09:20:00,2974167
69.2,43.4,67.1,46.0,2026-06-03 09:40:00,2974167
70.8,40.9,69.4,45.9,2026-06-03 10:00:00,2974167
72.4,39.4,70.5,46.3,2026-06-03 10:20:00,2974167
74.3,36.8,72.0,46.2,2026-06-03 10:40:00,2974167
75.1,33.9,72.3,44.7,2026-06-03 11:00:00,2974167
76.4,33.0,73.2,45.2,2026-06-03 11:20:00,2974167
77.9,31.6,74.5,45.3,2026-06-03 11:40:00,2974167
77.3,29.2,73.8,42.8,2026-06-03 12:00:00,2974167
78.8,30.5,75.4,45.1,2026-06-03 12:20:00,2974167
79.6,27.3,75.9,43.0,2026-06-03 12:40:00,2974167
80.0,26.7,76.3,42.7,2026-06-03 13:00:00,2974167
80.1,25.8,76.3,41.9,2026-06-03 13:20:00,2974167
80.9,26.4,77.2,43.2,2026-06-03 13:40:00,2974167
81.9,26.9,78.3,44.5,2026-06-03 14:00:00,2974167
80.7,26.3,77.0,43.0,2026-06-03 14:20:00,2974167
83.5,27.3,80.1,46.3,2026-06-03 14:40:00,2974167
83.8,25.7,80.1,44.9,2026-06-03 15:00:00,2974167
84.2,24.3,80.4,43.8,2026-06-03 15:20:00,2974167
83.1,25.8,79.2,44.5,2026-06-03 15:40:00,2974167
83.0,27.1,79.3,45.7,2026-06-03 16:00:00,2974167
82.2,26.8,78.4,44.7,2026-06-03 16:20:00,2974167
83.0,26.4,79.3,44.9,2026-06-03 16:40:00,2974167
83.4,27.1,79.9,46.1,2026-06-03 17:00:00,2974167
85.5,24.3,81.9,45.0,2026-06-03 17:20:00,2974167
87.2,24.4,83.8,46.5,2026-06-03 17:40:00,2974167
87.4,25.1,84.2,47.4,2026-06-03 18:00:00,2974167
88.2,24.2,84.9,47.0,2026-06-03 18:20:00,2974167
88.1,23.0,84.6,45.7,2026-06-03 18:40:00,2974167
87.9,23.2,84.2,45.8,2026-06-03 19:00:00,2974167
85.7,24.5,82.0,45.4,2026-06-03 19:20:00,2974167
81.2,26.5,77.5,43.6,2026-06-03 19:40:00,2974167
78.2,32.2,75.0,46.2,2026-06-03 20:00:00,2974167
76.3,34.4,73.4,46.2,2026-06-03 20:20:00,2974167
73.9,36.7,71.4,45.8,2026-06-03 20:40:00,2974167
71.9,39.5,70.2,45.9,2026-06-03 21:00:00,2974167
69.9,43.6,68.2,46.7,2026-06-03 21:20:00,2974167
67.9,47.1,65.7,47.0,2026-06-03 21:40:00,2974167
66.7,49.3,63.9,47.1,2026-06-03 22:00:00,2974167
66.1,50.5,63.1,47.2,2026-06-03 22:20:00,2974167
64.9,53.2,62.1,47.5,2026-06-03 22:40:00,2974167
63.5,56.6,61.0,47.9,2026-06-03 23:00:00,2974167
63.2,57.7,60.6,48.1,2026-06-03 23:20:00,2974167
62.0,60.7,59.9,48.3,2026-06-03 23:40:00,2974167
61.0,63.4,59.2,48.5,2026-06-04 00:00:00,2974167
60.5,64.8,58.8,48.6,2026-06-04 00:20:00,2974167
60.0,66.5,58.5,48.8,2026-06-04 00:40:00,2974167
59.4,68.2,58.1,48.9,2026-06-04 01:00:00,2974167
59.0,70.3,57.9,49.4,2026-06-04 01:20:00,2974167
57.9,72.9,56.8,49.3,2026-06-04 01:40:00,2974167
57.3,74.1,56.5,49.1,2026-06-04 02:00:00,2974167
56.8,75.3,56.1,49.1,2026-06-04 02:20:00,2974167
56.5,76.1,55.9,49.1,2026-06-04 02:40:00,2974167
56.3,76.7,55.8,49.1,2026-06-04 03:00:00,2974167
55.4,79.1,54.9,49.0,2026-06-04 03:20:00,2974167
55.0,80.3,54.5,49.1,2026-06-04 03:40:00,2974167
55.0,80.0,54.5,48.9,2026-06-04 04:00:00,2974167
54.1,82.1,53.8,48.7,2026-06-04 04:20:00,2974167
53.5,83.2,53.4,48.6,2026-06-04 04:40:00,2974167
53.9,83.5,53.8,49.0,2026-06-04 05:00:00,2974167
53.3,84.0,53.2,48.6,2026-06-04 05:20:00,2974167
53.1,84.9,53.1,48.7,2026-06-04 05:40:00,2974167
52.8,85.4,52.7,48.6,2026-06-04 06:00:00,2974167
52.5,86.1,52.3,48.4,2026-06-04 06:20:00,2974167
53.0,86.0,52.9,48.9,2026-06-04 06:40:00,2974167
53.5,86.0,53.4,49.4,2026-06-04 07:00:00,2974167
54.7,85.4,54.7,50.4,2026-06-04 07:20:00,2974167
56.5,84.5,56.5,51.9,2026-06-04 07:40:00,2974167
58.6,81.6,58.3,53.0,2026-06-04 08:00:00,2974167
61.4,78.8,60.8,54.8,2026-06-04 08:20:00,2974167
64.6,69.9,63.1,54.5,2026-06-04 08:40:00,2974167
67.2,60.2,65.7,52.9,2026-06-04 09:00:00,2974167
70.3,52.4,69.3,52.1,2026-06-04 09:20:00,2974167
73.2,48.3,72.1,52.6,2026-06-04 09:40:00,2974167
75.0,45.0,73.2,52.2,2026-06-04 10:00:00,2974167
77.4,37.1,74.8,49.2,2026-06-04 10:20:00,2974167
79.1,34.9,76.3,49.0,2026-06-04 10:40:00,2974167
80.1,32.8,77.2,48.3,2026-06-04 11:00:00,2974167
81.4,30.2,78.1,47.2,2026-06-04 11:20:00,2974167
82.4,29.8,79.0,47.7,2026-06-04 11:40:00,2974167
82.6,28.5,79.0,46.6,2026-06-04 12:00:00,2974167
83.4,26.7,79.9,45.6,2026-06-04 12:20:00,2974167
84.7,28.3,81.5,48.3,2026-06-04 12:40:00,2974167
84.5,25.4,80.8,45.3,2026-06-04 13:00:00,2974167
85.3,27.3,82.2,47.8,2026-06-04 13:20:00,2974167
86.8,25.4,83.5,47.2,2026-06-04 13:40:00,2974167
87.2,24.3,83.8,46.4,2026-06-04 14:00:00,2974167
88.0,23.7,84.7,46.4,2026-06-04 14:20:00,2974167
88.6,22.3,84.9,45.3,2026-06-04 14:40:00,2974167
91.0,21.9,87.8,46.8,2026-06-04 15:00:00,2974167
89.8,22.3,86.5,46.3,2026-06-04 15:20:00,2974167
90.9,22.8,88.2,47.8,2026-06-04 15:40:00,2974167
93.2,20.9,90.3,47.4,2026-06-04 16:00:00,2974167
93.7,20.3,90.5,47.0,2026-06-04 16:20:00,2974167
93.6,20.5,90.7,47.2,2026-06-04 16:40:00,2974167
94.0,21.8,91.6,49.2,2026-06-04 17:00:00,2974167
94.7,21.0,92.1,48.7,2026-06-04 17:20:00,2974167
95.5,19.5,92.5,47.3,2026-06-04 17:40:00,2974167
92.0,19.4,88.3,44.4,2026-06-04 18:00:00,2974167
95.8,19.4,93.0,47.4,2026-06-04 18:20:00,2974167
98.7,19.4,96.8,49.8,2026-06-04 18:40:00,2974167
96.7,22.1,95.5,51.7,2026-06-04 19:00:00,2974167
91.5,23.2,88.9,48.8,2026-06-04 19:20:00,2974167
85.9,28.1,82.9,49.1,2026-06-04 19:40:00,2974167
82.6,31.6,79.7,49.4,2026-06-04 20:00:00,2974167
79.7,34.2,76.8,49.0,2026-06-04 20:20:00,2974167
77.0,37.1,74.5,48.8,2026-06-04 20:40:00,2974167
75.7,40.5,73.4,50.0,2026-06-04 21:00:00,2974167
74.2,41.9,72.3,49.5,2026-06-04 21:20:00,2974167
73.0,43.3,71.4,49.4,2026-06-04 21:40:00,2974167
71.8,45.4,70.7,49.6,2026-06-04 22:00:00,2974167
70.8,46.5,69.8,49.4,2026-06-04 22:20:00,2974167
69.4,50.3,68.0,50.2,2026-06-04 22:40:00,2974167
68.2,53.6,66.6,50.7,2026-06-04 23:00:00,2974167
67.7,54.5,66.0,50.7,2026-06-04 23:20:00,2974167
66.1,58.0,63.9,50.9,2026-06-04 23:40:00,2974167
65.8,59.4,63.5,51.3,2026-06-05 00:00:00,2974167
64.8,62.3,62.8,51.6,2026-06-05 00:20:00,2974167
63.9,65.0,62.1,51.9,2026-06-05 00:40:00,2974167
63.6,65.4,61.7,51.8,2026-06-05 01:00:00,2974167
62.9,67.8,61.3,52.1,2026-06-05 01:20:00,2974167
62.5,70.3,61.2,52.7,2026-06-05 01:40:00,2974167
62.4,70.3,61.2,52.7,2026-06-05 02:00:00,2974167
62.2,71.0,60.8,52.7,2026-06-05 02:20:00,2974167
62.1,71.5,61.0,52.8,2026-06-05 02:40:00,2974167
61.9,72.8,60.8,53.1,2026-06-05 03:00:00,2974167
61.1,74.4,60.1,52.9,2026-06-05 03:20:00,2974167
60.6,76.3,59.9,53.1,2026-06-05 03:40:00,2974167
60.1,78.0,59.5,53.2,2026-06-05 04:00:00,2974167
59.7,79.1,59.2,53.2,2026-06-05 04:20:00,2974167
59.1,80.6,58.6,53.1,2026-06-05 04:40:00,2974167
58.7,81.7,58.5,53.1,2026-06-05 05:00:00,2974167
58.5,82.6,58.5,53.2,2026-06-05 05:20:00,2974167
58.0,83.7,57.9,53.1,2026-06-05 05:40:00,2974167
57.8,84.6,57.7,53.2,2026-06-05 06:00:00,2974167
57.7,85.6,57.7,53.5,2026-06-05 06:20:00,2974167
57.7,86.3,57.6,53.6,2026-06-05 06:40:00,2974167
58.4,86.2,58.3,54.3,2026-06-05 07:00:00,2974167
59.4,86.0,59.4,55.2,2026-06-05 07:20:00,2974167
61.1,84.1,61.0,56.2,2026-06-05 07:40:00,2974167
63.2,81.8,63.0,57.5,2026-06-05 08:00:00,2974167
65.6,77.0,64.9,58.2,2026-06-05 08:20:00,2974167
67.9,71.6,67.6,58.4,2026-06-05 08:40:00,2974167
70.2,66.5,70.3,58.6,2026-06-05 09:00:00,2974167
73.2,61.3,73.2,59.1,2026-06-05 09:20:00,2974167
75.3,58.3,74.8,59.6,2026-06-05 09:40:00,2974167
77.0,54.8,76.1,59.5,2026-06-05 10:00:00,2974167
80.5,48.5,80.2,59.3,2026-06-05 10:20:00,2974167
83.5,42.5,83.1,58.3,2026-06-05 10:40:00,2974167
84.9,37.1,83.8,55.9,2026-06-05 11:00:00,2974167
86.8,35.3,86.0,56.1,2026-06-05 11:20:00,2974167
87.4,31.2,85.5,53.2,2026-06-05 11:40:00,2974167
88.2,31.9,86.9,54.6,2026-06-05 12:00:00,2974167
89.3,30.4,88.0,54.2,2026-06-05 12:20:00,2974167
82.9,47.1,82.9,60.7,2026-05-28 19:00:00,3086527
84.1,44.6,84.4,60.2,2026-05-28 19:20:00,3086527
83.7,49.5,85.1,62.8,2026-05-28 19:40:00,3086527
82.8,51.3,84.0,63.0,2026-05-28 20:00:00,3086527
81.3,54.2,82.0,63.2,2026-05-28 20:20:00,3086527
80.1,57.1,81.1,63.5,2026-05-28 20:40:00,3086527
79.3,59.1,80.2,63.8,2026-05-28 21:00:00,3086527
78.7,60.3,79.7,63.7,2026-05-28 21:20:00,3086527
77.8,62.2,78.4,63.8,2026-05-28 21:40:00,3086527
77.0,63.5,77.5,63.7,2026-05-28 22:00:00,3086527
76.8,63.1,77.0,63.3,2026-05-28 22:20:00,3086527
76.1,64.2,76.5,63.1,2026-05-28 22:40:00,3086527
75.9,60.1,75.9,61.1,2026-05-28 23:00:00,3086527
75.3,58.6,75.0,59.8,2026-05-28 23:20:00,3086527
74.3,58.7,73.9,58.9,2026-05-28 23:40:00,3086527
73.5,58.4,73.2,58.0,2026-05-29 00:00:00,3086527
72.7,59.1,72.5,57.6,2026-05-29 00:20:00,3086527
71.8,60.2,71.8,57.2,2026-05-29 00:40:00,3086527
71.2,60.6,71.1,56.9,2026-05-29 01:00:00,3086527
70.5,61.0,70.3,56.4,2026-05-29 01:20:00,3086527
69.7,62.8,69.3,56.4,2026-05-29 01:40:00,3086527
68.7,64.5,68.0,56.3,2026-05-29 02:00:00,3086527
68.0,67.1,67.3,56.6,2026-05-29 02:20:00,3086527
67.0,69.8,66.2,56.8,2026-05-29 02:40:00,3086527
66.3,71.3,65.3,56.7,2026-05-29 03:00:00,3086527
66.1,71.1,65.1,56.4,2026-05-29 03:20:00,3086527
65.7,70.6,64.6,55.9,2026-05-29 03:40:00,3086527
65.0,71.8,63.9,55.7,2026-05-29 04:00:00,3086527
64.5,73.1,63.3,55.6,2026-05-29 04:20:00,3086527
63.9,72.6,62.8,54.9,2026-05-29 04:40:00,3086527
63.5,71.5,62.4,54.2,2026-05-29 05:00:00,3086527
62.9,71.8,61.7,53.7,2026-05-29 05:20:00,3086527
62.6,73.0,61.5,53.8,2026-05-29 05:40:00,3086527
62.7,71.3,61.3,53.3,2026-05-29 06:00:00,3086527
63.3,68.6,61.9,52.8,2026-05-29 06:20:00,3086527
63.1,69.8,61.7,53.1,2026-05-29 06:40:00,3086527
63.2,70.2,61.9,53.4,2026-05-29 07:00:00,3086527
64.0,66.7,62.2,52.7,2026-05-29 07:20:00,3086527
65.4,61.6,63.1,51.9,2026-05-29 07:40:00,3086527
67.1,57.5,65.5,51.6,2026-05-29 08:00:00,3086527
69.0,55.0,67.8,52.2,2026-05-29 08:20:00,3086527
70.2,53.6,69.4,52.5,2026-05-29 08:40:00,3086527
72.0,52.1,71.2,53.5,2026-05-29 09:00:00,3086527
73.7,50.3,72.7,54.1,2026-05-29 09:20:00,3086527
74.2,48.3,72.9,53.5,2026-05-29 09:40:00,3086527
75.6,47.4,74.1,54.2,2026-05-29 10:00:00,3086527
78.0,44.1,76.3,54.4,2026-05-29 10:20:00,3086527
79.1,43.9,77.5,55.2,2026-05-29 10:40:00,3086527
78.0,41.7,75.9,52.8,2026-05-29 11:00:00,3086527
77.5,42.4,75.4,52.9,2026-05-29 11:20:00,3086527
79.8,38.9,77.7,52.6,2026-05-29 11:40:00,3086527
82.3,40.1,81.0,55.7,2026-05-29 12:00:00,3086527
81.2,36.9,79.0,52.4,2026-05-29 12:20:00,3086527
81.6,38.5,79.7,53.9,2026-05-29 12:40:00,3086527
77.9,38.1,75.6,50.4,2026-05-29 13:00:00,3086527
82.0,37.7,79.9,53.7,2026-05-29 13:20:00,3086527
81.3,37.6,79.2,53.0,2026-05-29 13:40:00,3086527
81.0,37.9,79.0,53.0,2026-05-29 14:00:00,3086527
82.0,37.9,79.9,53.8,2026-05-29 14:20:00,3086527
82.3,37.9,80.4,54.1,2026-05-29 14:40:00,3086527
82.4,39.2,81.0,55.1,2026-05-29 15:00:00,3086527
83.4,36.3,81.7,53.9,2026-05-29 15:20:00,3086527
82.6,36.8,80.4,53.5,2026-05-29 15:40:00,3086527
83.7,40.1,82.9,56.9,2026-05-29 16:00:00,3086527
84.9,37.5,84.0,56.1,2026-05-29 16:20:00,3086527
82.8,35.9,80.8,53.2,2026-05-29 16:40:00,3086527
83.9,36.8,82.4,54.7,2026-05-29 17:00:00,3086527
83.7,37.7,82.4,55.2,2026-05-29 17:20:00,3086527
83.7,36.5,82.2,54.3,2026-05-29 17:40:00,3086527
83.1,38.5,81.5,55.2,2026-05-29 18:00:00,3086527
83.3,37.4,81.9,54.6,2026-05-29 18:20:00,3086527
82.3,42.0,81.1,56.9,2026-05-29 18:40:00,3086527
81.6,44.1,80.8,57.7,2026-05-29 19:00:00,3086527
81.0,44.4,80.1,57.3,2026-05-29 19:20:00,3086527
79.7,46.9,79.0,57.7,2026-05-29 19:40:00,3086527
79.4,47.3,78.6,57.6,2026-05-29 20:00:00,3086527
78.0,49.0,77.0,57.3,2026-05-29 20:20:00,3086527
76.7,51.1,75.6,57.3,2026-05-29 20:40:00,3086527
75.2,54.3,74.5,57.6,2026-05-29 21:00:00,3086527
74.3,56.5,73.6,57.8,2026-05-29 21:20:00,3086527
73.7,58.8,73.4,58.4,2026-05-29 21:40:00,3086527
73.8,59.8,73.6,59.0,2026-05-29 22:00:00,3086527
73.6,60.8,73.6,59.2,2026-05-29 22:20:00,3086527
73.2,62.2,73.4,59.5,2026-05-29 22:40:00,3086527
73.0,62.6,73.0,59.4,2026-05-29 23:00:00,3086527
72.6,63.9,72.9,59.6,2026-05-29 23:20:00,3086527
72.5,64.8,72.9,60.0,2026-05-29 23:40:00,3086527
72.3,65.8,72.7,60.3,2026-05-30 00:00:00,3086527
73.3,64.5,73.6,60.7,2026-05-30 00:20:00,3086527
73.8,66.9,74.3,62.1,2026-05-30 00:40:00,3086527
73.7,69.4,74.5,63.0,2026-05-30 01:00:00,3086527
73.4,71.4,74.1,63.6,2026-05-30 01:20:00,3086527
73.1,73.1,74.1,64.0,2026-05-30 01:40:00,3086527
72.9,74.8,73.9,64.4,2026-05-30 02:00:00,3086527
72.7,76.1,73.9,64.7,2026-05-30 02:20:00,3086527
72.3,77.7,73.4,64.9,2026-05-30 02:40:00,3086527
72.0,78.8,73.4,65.1,2026-05-30 03:00:00,3086527
71.5,80.3,72.7,65.1,2026-05-30 03:20:00,3086527
71.3,81.8,72.5,65.4,2026-05-30 03:40:00,3086527
70.7,83.3,72.1,65.4,2026-05-30 04:00:00,3086527
70.5,84.9,71.8,65.8,2026-05-30 04:20:00,3086527
70.2,86.1,71.4,65.8,2026-05-30 04:40:00,3086527
70.1,87.6,71.4,66.2,2026-05-30 05:00:00,3086527
69.8,88.5,71.2,66.3,2026-05-30 05:20:00,3086527
69.7,89.1,70.9,66.3,2026-05-30 05:40:00,3086527
69.7,89.9,70.9,66.7,2026-05-30 06:00:00,3086527
70.1,89.5,71.4,66.9,2026-05-30 06:20:00,3086527
70.4,89.6,71.8,67.2,2026-05-30 06:40:00,3086527
70.9,89.0,72.5,67.5,2026-05-30 07:00:00,3086527
71.2,88.4,72.7,67.6,2026-05-30 07:20:00,3086527
73.0,85.7,74.8,68.4,2026-05-30 07:40:00,3086527
74.9,81.4,77.0,68.8,2026-05-30 08:00:00,3086527
77.2,72.9,78.8,67.8,2026-05-30 08:20:00,3086527
77.1,55.1,76.6,59.7,2026-05-30 08:40:00,3086527
79.0,51.3,78.6,59.5,2026-05-30 09:00:00,3086527
80.6,46.8,79.9,58.4,2026-05-30 09:20:00,3086527
81.3,41.2,79.7,55.5,2026-05-30 09:40:00,3086527
80.2,38.7,78.1,52.8,2026-05-30 10:00:00,3086527
83.1,38.7,81.9,55.5,2026-05-30 10:20:00,3086527
83.0,36.1,81.1,53.4,2026-05-30 10:40:00,3086527
82.4,37.5,80.4,53.8,2026-05-30 11:00:00,3086527
82.4,33.5,79.9,50.8,2026-05-30 11:20:00,3086527
84.2,34.0,82.4,52.9,2026-05-30 11:40:00,3086527
85.1,28.1,82.2,48.5,2026-05-30 12:00:00,3086527
86.7,26.8,83.7,48.6,2026-05-30 12:20:00,3086527
87.5,25.1,84.4,47.5,2026-05-30 12:40:00,3086527
87.7,28.9,85.3,51.4,2026-05-30 13:00:00,3086527
87.0,23.3,83.3,45.2,2026-05-30 13:20:00,3086527
88.3,22.1,84.6,44.8,2026-05-30 13:40:00,3086527
87.6,20.7,83.5,42.5,2026-05-30 14:00:00,3086527
88.2,21.5,84.4,44.0,2026-05-30 14:20:00,3086527
88.1,25.3,85.1,48.2,2026-05-30 14:40:00,3086527
88.2,23.7,84.9,46.5,2026-05-30 15:00:00,3086527
87.6,23.9,84.0,46.3,2026-05-30 15:20:00,3086527
87.4,28.1,84.7,50.4,2026-05-30 15:40:00,3086527
85.7,27.7,82.8,48.6,2026-05-30 16:00:00,3086527
85.1,31.3,82.6,51.4,2026-05-30 16:20:00,3086527
85.8,27.0,82.6,48.0,2026-05-30 16:40:00,3086527
85.3,25.5,81.7,46.0,2026-05-30 17:00:00,3086527
86.0,28.0,83.1,49.1,2026-05-30 17:20:00,3086527
85.9,28.8,83.1,49.8,2026-05-30 17:40:00,3086527
84.5,31.9,82.0,51.4,2026-05-30 18:00:00,3086527
82.5,33.0,79.9,50.5,2026-05-30 18:20:00,3086527
81.6,33.6,78.8,50.2,2026-05-30 18:40:00,3086527
80.9,35.4,78.4,51.1,2026-05-30 19:00:00,3086527
80.0,36.3,77.5,50.9,2026-05-30 19:20:00,3086527
78.8,37.5,76.5,50.7,2026-05-30 19:40:00,3086527
78.3,39.3,76.1,51.6,2026-05-30 20:00:00,3086527
77.2,41.4,75.0,52.0,2026-05-30 20:20:00,3086527
76.2,43.6,74.3,52.5,2026-05-30 20:40:00,3086527
75.0,46.0,73.4,52.9,2026-05-30 21:00:00,3086527
74.3,47.9,73.0,53.3,2026-05-30 21:20:00,3086527
73.7,47.1,72.3,52.3,2026-05-30 21:40:00,3086527
73.6,39.7,71.6,47.6,2026-05-30 22:00:00,3086527
73.1,41.0,71.2,48.0,2026-05-30 22:20:00,3086527
72.1,47.5,71.1,51.1,2026-05-30 22:40:00,3086527
70.8,51.7,70.2,52.1,2026-05-30 23:00:00,3086527
69.5,50.7,68.2,50.5,2026-05-30 23:20:00,3086527
68.3,50.9,66.4,49.4,2026-05-30 23:40:00,3086527
67.1,52.9,65.1,49.4,2026-05-31 00:00:00,3086527
65.9,54.4,63.3,49.0,2026-05-31 00:20:00,3086527
65.1,56.2,62.2,49.1,2026-05-31 00:40:00,3086527
64.5,57.9,61.9,49.3,2026-05-31 01:00:00,3086527
63.7,59.4,61.2,49.3,2026-05-31 01:20:00,3086527
63.2,60.7,61.0,49.4,2026-05-31 01:40:00,3086527
62.6,63.6,60.6,50.1,2026-05-31 02:00:00,3086527
62.3,63.9,60.4,49.9,2026-05-31 02:20:00,3086527
61.8,64.5,59.9,49.7,2026-05-31 02:40:00,3086527
61.4,65.3,59.7,49.6,2026-05-31 03:00:00,3086527
61.2,64.3,59.5,49.0,2026-05-31 03:20:00,3086527
61.1,65.8,59.5,49.5,2026-05-31 03:40:00,3086527
60.3,65.8,58.8,48.8,2026-05-31 04:00:00,3086527
59.7,66.7,58.1,48.6,2026-05-31 04:20:00,3086527
59.1,68.1,57.7,48.6,2026-05-31 04:40:00,3086527
58.3,69.8,57.2,48.5,2026-05-31 05:00:00,3086527
57.6,71.5,56.7,48.4,2026-05-31 05:20:00,3086527
56.9,73.3,56.1,48.5,2026-05-31 05:40:00,3086527
56.4,74.9,55.6,48.6,2026-05-31 06:00:00,3086527
56.2,75.9,55.6,48.7,2026-05-31 06:20:00,3086527
56.3,77.2,55.8,49.3,2026-05-31 06:40:00,3086527
57.2,76.7,56.5,50.0,2026-05-31 07:00:00,3086527
58.5,75.2,57.7,50.7,2026-05-31 07:20:00,3086527
60.4,71.7,59.2,51.2,2026-05-31 07:40:00,3086527
62.1,68.3,60.6,51.5,2026-05-31 08:00:00,3086527
63.7,65.4,61.7,51.9,2026-05-31 08:20:00,3086527
65.0,61.1,62.8,51.3,2026-05-31 08:40:00,3086527
67.2,58.9,65.5,52.3,2026-05-31 09:00:00,3086527
66.4,53.4,64.0,49.0,2026-05-31 09:20:00,3086527
69.7,48.1,68.4,49.2,2026-05-31 09:40:00,3086527
71.3,46.8,70.2,49.9,2026-05-31 10:00:00,3086527
72.7,46.3,71.4,50.9,2026-05-31 10:20:00,3086527
71.1,40.1,69.4,45.6,2026-05-31 10:40:00,3086527
73.5,41.5,71.6,48.8,2026-05-31 11:00:00,3086527
72.7,39.3,70.9,46.5,2026-05-31 11:20:00,3086527
71.9,41.1,70.3,46.9,2026-05-31 11:40:00,3086527
74.0,41.0,72.1,48.8,2026-05-31 12:00:00,3086527
75.2,39.5,72.9,48.9,2026-05-31 12:20:00,3086527
75.3,36.9,72.9,47.2,2026-05-31 12:40:00,3086527
75.9,39.4,73.6,49.5,2026-05-31 13:00:00,3086527
73.3,36.4,70.9,45.0,2026-05-31 13:20:00,3086527
76.3,37.4,73.8,48.5,2026-05-31 13:40:00,3086527
76.9,34.9,73.9,47.1,2026-05-31 14:00:00,3086527
78.0,35.8,75.2,48.7,2026-05-31 14:20:00,3086527
78.3,35.8,75.6,49.1,2026-05-31 14:40:00,3086527
77.0,34.6,74.1,47.0,2026-05-31 15:00:00,3086527
78.6,36.4,76.1,49.8,2026-05-31 15:20:00,3086527
79.4,36.5,77.0,50.5,2026-05-31 15:40:00,3086527
78.5,37.0,76.1,50.1,2026-05-31 16:00:00,3086527
79.5,36.0,77.0,50.2,2026-05-31 16:20:00,3086527
79.3,39.1,77.2,52.2,2026-05-31 16:40:00,3086527
78.4,37.9,75.9,50.7,2026-05-31 17:00:00,3086527
78.3,38.8,76.1,51.1,2026-05-31 17:20:00,3086527
78.3,39.4,76.1,51.7,2026-05-31 17:40:00,3086527
77.8,41.7,75.7,52.7,2026-05-31 18:00:00,3086527
77.3,41.2,75.0,52.0,2026-05-31 18:20:00,3086527
77.0,43.3,74.8,53.0,2026-05-31 18:40:00,3086527
76.5,45.0,74.7,53.6,2026-05-31 19:00:00,3086527
75.7,45.7,73.9,53.3,2026-05-31 19:20:00,3086527
75.1,47.9,73.8,54.0,2026-05-31 19:40:00,3086527
74.6,49.3,73.4,54.4,2026-05-31 20:00:00,3086527
74.1,49.4,72.9,54.0,2026-05-31 20:20:00,3086527
73.3,50.7,72.3,53.9,2026-05-31 20:40:00,3086527
72.3,51.7,71.4,53.5,2026-05-31 21:00:00,3086527
71.8,52.2,71.1,53.3,2026-05-31 21:20:00,3086527
71.2,54.3,70.5,53.8,2026-05-31 21:40:00,3086527
70.7,54.9,70.3,53.7,2026-05-31 22:00:00,3086527
70.1,56.5,69.4,54.0,2026-05-31 22:20:00,3086527
70.6,55.0,70.0,53.7,2026-05-31 22:40:00,3086527
70.8,56.0,70.5,54.3,2026-05-31 23:00:00,3086527
70.8,58.6,70.7,55.6,2026-05-31 23:20:00,3086527
71.0,59.9,70.7,56.3,2026-05-31 23:40:00,3086527
70.7,61.0,70.9,56.6,2026-06-01 00:00:00,3086527
71.0,60.5,70.9,56.6,2026-06-01 00:20:00,3086527
70.8,61.7,70.9,57.0,2026-06-01 00:40:00,3086527
70.6,61.8,70.5,56.9,2026-06-01 01:00:00,3086527
70.4,62.6,70.3,57.0,2026-06-01 01:20:00,3086527
70.2,63.4,70.2,57.1,2026-06-01 01:40:00,3086527
70.0,63.8,70.0,57.2,2026-06-01 02:00:00,3086527
69.8,64.7,69.8,57.4,2026-06-01 02:20:00,3086527
69.6,65.9,69.3,57.7,2026-06-01 02:40:00,3086527
69.5,66.7,69.4,57.9,2026-06-01 03:00:00,3086527
69.3,67.7,69.3,58.2,2026-06-01 03:20:00,3086527
69.1,68.5,68.7,58.3,2026-06-01 03:40:00,3086527
68.9,69.4,68.9,58.5,2026-06-01 04:00:00,3086527
68.5,70.6,68.2,58.6,2026-06-01 04:20:00,3086527
68.5,71.0,68.2,58.7,2026-06-01 04:40:00,3086527
68.6,71.0,68.4,58.8,2026-06-01 05:00:00,3086527
68.4,71.4,68.2,58.8,2026-06-01 05:20:00,3086527
67.9,72.2,67.6,58.6,2026-06-01 05:40:00,3086527
67.2,73.9,66.7,58.7,2026-06-01 06:00:00,3086527
66.8,75.2,66.6,58.7,2026-06-01 06:20:00,3086527
67.2,75.8,66.9,59.3,2026-06-01 06:40:00,3086527
68.1,75.1,68.2,59.9,2026-06-01 07:00:00,3086527
68.3,74.8,68.2,59.9,2026-06-01 07:20:00,3086527
68.9,73.8,69.1,60.2,2026-06-01 07:40:00,3086527
69.1,73.1,69.3,60.1,2026-06-01 08:00:00,3086527
69.7,72.5,70.0,60.5,2026-06-01 08:20:00,3086527
72.1,69.5,72.7,61.6,2026-06-01 08:40:00,3086527
71.6,70.0,72.3,61.3,2026-06-01 09:00:00,3086527
73.6,69.4,74.5,63.0,2026-06-01 09:20:00,3086527
75.8,66.5,76.3,63.9,2026-06-01 09:40:00,3086527
78.1,63.1,79.3,64.5,2026-06-01 10:00:00,3086527
75.8,61.3,75.7,61.6,2026-06-01 10:20:00,3086527
79.3,58.2,80.1,63.3,2026-06-01 10:40:00,3086527
80.9,53.4,81.7,62.4,2026-06-01 11:00:00,3086527
80.0,54.5,80.4,62.1,2026-06-01 11:20:00,3086527
80.2,53.8,80.6,62.0,2026-06-01 11:40:00,3086527
82.0,49.2,82.0,61.1,2026-06-01 12:00:00,3086527
82.2,54.7,83.8,64.3,2026-06-01 12:20:00,3086527
83.0,52.1,84.6,63.6,2026-06-01 12:40:00,3086527
83.1,48.8,83.7,61.8,2026-06-01 13:00:00,3086527
83.6,51.8,85.5,64.0,2026-06-01 13:20:00,3086527
86.4,44.4,88.0,62.1,2026-06-01 13:40:00,3086527
83.9,44.3,84.0,59.8,2026-06-01 14:00:00,3086527
84.4,42.5,84.6,59.2,2026-06-01 14:20:00,3086527
85.7,34.2,84.2,54.2,2026-06-01 14:40:00,3086527
85.6,36.6,84.6,56.0,2026-06-01 15:00:00,3086527
84.9,36.2,83.8,55.1,2026-06-01 15:20:00,3086527
85.4,36.8,84.4,56.0,2026-06-01 15:40:00,3086527
87.2,36.8,86.9,57.6,2026-06-01 16:00:00,3086527
85.0,41.3,85.1,58.9,2026-06-01 16:20:00,3086527
83.3,39.6,82.2,56.2,2026-06-01 16:40:00,3086527
81.8,41.4,80.4,56.0,2026-06-01 17:00:00,3086527
81.8,41.7,80.4,56.3,2026-06-01 17:20:00,3086527
81.1,42.1,79.7,55.9,2026-06-01 17:40:00,3086527
80.6,41.5,79.2,55.1,2026-06-01 18:00:00,3086527
80.2,40.4,78.4,53.9,2026-06-01 18:20:00,3086527
79.7,40.8,77.7,53.7,2026-06-01 18:40:00,3086527
78.8,42.0,77.2,53.8,2026-06-01 19:00:00,3086527
77.9,43.1,76.1,53.7,2026-06-01 19:20:00,3086527
76.9,42.7,74.8,52.5,2026-06-01 19:40:00,3086527
76.0,43.5,74.1,52.2,2026-06-01 20:00:00,3086527
74.9,44.6,73.2,51.9,2026-06-01 20:20:00,3086527
74.2,44.4,72.5,51.1,2026-06-01 20:40:00,3086527
73.5,44.5,72.0,50.5,2026-06-01 21:00:00,3086527
73.1,44.6,71.6,50.3,2026-06-01 21:20:00,3086527
72.5,45.0,71.2,50.0,2026-06-01 21:40:00,3086527
71.9,44.9,70.5,49.3,2026-06-01 22:00:00,3086527
71.7,45.1,70.5,49.3,2026-06-01 22:20:00,3086527
71.4,45.2,70.2,49.1,2026-06-01 22:40:00,3086527
70.6,46.0,69.4,48.9,2026-06-01 23:00:00,3086527
70.2,49.2,69.1,50.3,2026-06-01 23:20:00,3086527
69.9,55.7,69.1,53.3,2026-06-01 23:40:00,3086527
69.4,58.9,68.5,54.4,2026-06-02 00:00:00,3086527
68.9,61.2,68.0,55.0,2026-06-02 00:20:00,3086527
68.5,62.2,67.6,55.1,2026-06-02 00:40:00,3086527
68.1,59.9,66.7,53.7,2026-06-02 01:00:00,3086527
67.4,58.3,65.8,52.2,2026-06-02 01:20:00,3086527
66.8,57.4,64.9,51.3,2026-06-02 01:40:00,3086527
66.0,56.5,63.7,50.1,2026-06-02 02:00:00,3086527
65.2,56.5,62.6,49.4,2026-06-02 02:20:00,3086527
64.7,57.1,62.1,49.1,2026-06-02 02:40:00,3086527
63.9,59.1,61.5,49.4,2026-06-02 03:00:00,3086527
63.3,60.8,61.2,49.6,2026-06-02 03:20:00,3086527
63.1,62.3,61.0,50.0,2026-06-02 03:40:00,3086527
62.9,63.5,60.8,50.3,2026-06-02 04:00:00,3086527
62.3,66.0,60.6,50.8,2026-06-02 04:20:00,3086527
61.9,67.2,60.3,50.9,2026-06-02 04:40:00,3086527
61.7,68.2,60.1,51.1,2026-06-02 05:00:00,3086527
61.2,69.4,59.7,51.2,2026-06-02 05:20:00,3086527
60.6,70.8,59.2,51.1,2026-06-02 05:40:00,3086527
60.1,73.3,59.2,51.6,2026-06-02 06:00:00,3086527
59.8,74.9,58.8,51.9,2026-06-02 06:20:00,3086527
60.1,76.1,59.4,52.5,2026-06-02 06:40:00,3086527
60.2,75.6,59.4,52.5,2026-06-02 07:00:00,3086527
60.5,74.8,59.5,52.5,2026-06-02 07:20:00,3086527
61.0,73.1,59.9,52.3,2026-06-02 07:40:00,3086527
62.1,71.4,61.0,52.7,2026-06-02 08:00:00,3086527
62.4,70.2,61.0,52.6,2026-06-02 08:20:00,3086527
61.8,68.4,60.3,51.3,2026-06-02 08:40:00,3086527
63.5,66.8,61.7,52.2,2026-06-02 09:00:00,3086527
63.6,64.9,61.7,51.6,2026-06-02 09:20:00,3086527
63.7,64.2,61.7,51.4,2026-06-02 09:40:00,3086527
66.4,61.0,64.8,52.6,2026-06-02 10:00:00,3086527
70.8,51.5,70.2,52.0,2026-06-02 10:20:00,3086527
71.2,47.2,70.0,50.1,2026-06-02 10:40:00,3086527
72.7,46.2,71.4,50.9,2026-06-02 11:00:00,3086527
74.2,42.0,72.3,49.7,2026-06-02 11:20:00,3086527
74.9,37.2,72.5,47.0,2026-06-02 11:40:00,3086527
75.2,35.7,72.5,46.2,2026-06-02 12:00:00,3086527
76.2,36.3,73.4,47.6,2026-06-02 12:20:00,3086527
75.8,35.5,73.0,46.7,2026-06-02 12:40:00,3086527
76.8,35.5,73.9,47.5,2026-06-02 13:00:00,3086527
77.3,36.0,74.5,48.3,2026-06-02 13:20:00,3086527
77.2,36.3,74.5,48.4,2026-06-02 13:40:00,3086527
77.7,34.6,74.7,47.6,2026-06-02 14:00:00,3086527
78.8,32.7,75.7,47.1,2026-06-02 14:20:00,3086527
77.0,31.0,73.8,44.1,2026-06-02 14:40:00,3086527
77.4,30.5,74.1,44.0,2026-06-02 15:00:00,3086527
77.2,31.6,73.9,44.7,2026-06-02 15:20:00,3086527
76.9,32.9,73.8,45.6,2026-06-02 15:40:00,3086527
76.5,32.4,73.4,44.8,2026-06-02 16:00:00,3086527
77.0,30.7,73.6,43.8,2026-06-02 16:20:00,3086527
76.5,30.6,73.2,43.4,2026-06-02 16:40:00,3086527
76.8,30.7,73.4,43.6,2026-06-02 17:00:00,3086527
76.1,29.7,72.7,42.1,2026-06-02 17:20:00,3086527
76.3,30.3,73.0,42.9,2026-06-02 17:40:00,3086527
75.5,30.3,72.3,42.2,2026-06-02 18:00:00,3086527
74.9,29.9,71.6,41.2,2026-06-02 18:20:00,3086527
73.7,30.9,70.9,41.1,2026-06-02 18:40:00,3086527
72.9,30.9,70.2,40.4,2026-06-02 19:00:00,3086527
72.0,31.4,69.4,40.1,2026-06-02 19:20:00,3086527
71.3,32.0,68.9,40.0,2026-06-02 19:40:00,3086527
70.2,33.5,67.8,40.2,2026-06-02 20:00:00,3086527
69.1,35.0,66.4,40.3,2026-06-02 20:20:00,3086527
67.5,37.0,64.2,40.3,2026-06-02 20:40:00,3086527
66.2,39.2,62.6,40.7,2026-06-02 21:00:00,3086527
65.1,40.2,61.0,40.4,2026-06-02 21:20:00,3086527
64.2,41.4,60.3,40.3,2026-06-02 21:40:00,3086527
63.4,43.1,59.7,40.6,2026-06-02 22:00:00,3086527
62.7,42.9,58.8,39.9,2026-06-02 22:20:00,3086527
62.0,44.0,58.3,39.8,2026-06-02 22:40:00,3086527
61.3,45.5,57.9,40.1,2026-06-02 23:00:00,3086527
60.9,46.8,57.6,40.4,2026-06-02 23:20:00,3086527
60.0,48.0,56.8,40.3,2026-06-02 23:40:00,3086527
59.3,48.9,56.5,40.1,2026-06-03 00:00:00,3086527
58.4,51.2,55.8,40.5,2026-06-03 00:20:00,3086527
57.4,54.3,55.0,41.0,2026-06-03 00:40:00,3086527
56.4,56.6,54.3,41.2,2026-06-03 01:00:00,3086527
55.7,59.3,53.8,41.7,2026-06-03 01:20:00,3086527
55.3,62.7,53.8,42.8,2026-06-03 01:40:00,3086527
54.3,64.2,52.9,42.4,2026-06-03 02:00:00,3086527
54.1,64.4,52.9,42.4,2026-06-03 02:20:00,3086527
53.9,67.6,52.7,43.4,2026-06-03 02:40:00,3086527
53.3,67.0,52.2,42.6,2026-06-03 03:00:00,3086527
53.1,68.8,52.0,43.1,2026-06-03 03:20:00,3086527
52.6,70.2,51.6,43.1,2026-06-03 03:40:00,3086527
52.6,70.9,51.6,43.5,2026-06-03 04:00:00,3086527
52.5,70.4,51.4,43.1,2026-06-03 04:20:00,3086527
52.6,73.6,51.8,44.4,2026-06-03 04:40:00,3086527
52.2,74.9,51.4,44.5,2026-06-03 05:00:00,3086527
52.4,72.3,51.6,43.8,2026-06-03 05:20:00,3086527
51.9,72.0,51.1,43.1,2026-06-03 05:40:00,3086527
51.8,72.4,51.1,43.2,2026-06-03 06:00:00,3086527
52.1,74.4,51.3,44.2,2026-06-03 06:20:00,3086527
52.1,74.3,51.3,44.2,2026-06-03 06:40:00,3086527
53.0,73.5,52.2,44.7,2026-06-03 07:00:00,3086527
54.2,71.3,53.2,45.2,2026-06-03 07:20:00,3086527
57.2,67.0,55.8,46.3,2026-06-03 07:40:00,3086527
60.9,60.0,58.6,46.9,2026-06-03 08:00:00,3086527
63.7,55.4,61.0,47.5,2026-06-03 08:20:00,3086527
66.6,51.7,64.0,48.2,2026-06-03 08:40:00,3086527
69.4,47.2,67.6,48.5,2026-06-03 09:00:00,3086527
72.8,42.6,71.1,48.7,2026-06-03 09:20:00,3086527
73.5,38.8,71.4,46.9,2026-06-03 09:40:00,3086527
76.2,35.4,73.4,46.9,2026-06-03 10:00:00,3086527
79.4,34.5,76.6,49.0,2026-06-03 10:20:00,3086527
79.7,29.6,76.1,45.2,2026-06-03 10:40:00,3086527
80.3,29.8,76.8,45.9,2026-06-03 11:00:00,3086527
81.4,29.1,77.9,46.3,2026-06-03 11:20:00,3086527
81.3,25.6,77.4,42.8,2026-06-03 11:40:00,3086527
81.6,26.3,77.9,43.8,2026-06-03 12:00:00,3086527
82.6,25.2,78.6,43.4,2026-06-03 12:20:00,3086527
80.7,27.4,77.0,44.0,2026-06-03 12:40:00,3086527
80.7,28.9,77.2,45.4,2026-06-03 13:00:00,3086527
81.6,27.7,77.9,45.0,2026-06-03 13:20:00,3086527
79.6,29.1,76.1,44.6,2026-06-03 13:40:00,3086527
80.0,28.1,76.3,44.1,2026-06-03 14:00:00,3086527
82.1,26.6,78.4,44.5,2026-06-03 14:20:00,3086527
82.9,26.0,79.0,44.5,2026-06-03 14:40:00,3086527
82.1,26.0,78.3,43.9,2026-06-03 15:00:00,3086527
82.1,26.1,78.3,43.9,2026-06-03 15:20:00,3086527
81.5,26.3,77.7,43.6,2026-06-03 15:40:00,3086527
80.5,27.7,76.8,44.2,2026-06-03 16:00:00,3086527
80.8,26.7,77.2,43.4,2026-06-03 16:20:00,3086527
82.6,27.4,79.0,45.6,2026-06-03 16:40:00,3086527
82.2,27.3,78.4,45.2,2026-06-03 17:00:00,3086527
82.0,26.5,78.3,44.3,2026-06-03 17:20:00,3086527
81.1,26.2,77.2,43.2,2026-06-03 17:40:00,3086527
80.7,27.2,77.0,43.8,2026-06-03 18:00:00,3086527
80.6,27.1,77.0,43.6,2026-06-03 18:20:00,3086527
79.7,28.1,75.9,43.8,2026-06-03 18:40:00,3086527
78.8,29.4,75.4,44.2,2026-06-03 19:00:00,3086527
78.2,29.3,74.7,43.6,2026-06-03 19:20:00,3086527
77.3,30.2,73.9,43.6,2026-06-03 19:40:00,3086527
76.1,31.9,73.0,44.1,2026-06-03 20:00:00,3086527
74.4,34.0,71.6,44.2,2026-06-03 20:20:00,3086527
72.6,36.7,70.5,44.7,2026-06-03 20:40:00,3086527
71.4,39.1,69.6,45.3,2026-06-03 21:00:00,3086527
70.1,41.5,68.4,45.6,2026-06-03 21:20:00,3086527
68.7,43.9,66.6,45.9,2026-06-03 21:40:00,3086527
67.9,45.7,65.5,46.2,2026-06-03 22:00:00,3086527
67.3,47.2,64.8,46.5,2026-06-03 22:20:00,3086527
66.7,48.2,63.9,46.5,2026-06-03 22:40:00,3086527
66.3,48.6,63.3,46.3,2026-06-03 23:00:00,3086527
65.4,50.7,62.2,46.7,2026-06-03 23:20:00,3086527
64.7,51.9,61.5,46.6,2026-06-03 23:40:00,3086527
64.0,53.9,61.0,47.0,2026-06-04 00:00:00,3086527
63.4,55.1,60.6,47.0,2026-06-04 00:20:00,3086527
62.9,56.0,60.1,46.9,2026-06-04 00:40:00,3086527
62.5,57.4,60.1,47.3,2026-06-04 01:00:00,3086527
61.8,58.6,59.5,47.1,2026-06-04 01:20:00,3086527
61.4,60.6,59.4,47.6,2026-06-04 01:40:00,3086527
60.8,60.9,58.6,47.2,2026-06-04 02:00:00,3086527
60.2,60.8,58.1,46.6,2026-06-04 02:20:00,3086527
60.0,65.7,58.5,48.5,2026-06-04 02:40:00,3086527
59.2,67.1,57.7,48.3,2026-06-04 03:00:00,3086527
58.4,66.6,56.8,47.4,2026-06-04 03:20:00,3086527
57.7,68.2,56.5,47.3,2026-06-04 03:40:00,3086527
57.3,69.5,56.1,47.5,2026-06-04 04:00:00,3086527
57.0,70.7,55.9,47.6,2026-06-04 04:20:00,3086527
56.7,72.5,55.8,48.0,2026-06-04 04:40:00,3086527
56.3,73.8,55.6,48.1,2026-06-04 05:00:00,3086527
55.9,74.8,55.0,48.0,2026-06-04 05:20:00,3086527
55.7,75.5,55.0,48.1,2026-06-04 05:40:00,3086527
55.5,77.3,54.9,48.6,2026-06-04 06:00:00,3086527
55.7,78.4,55.0,49.1,2026-06-04 06:20:00,3086527
55.9,79.8,55.4,49.7,2026-06-04 06:40:00,3086527
56.7,81.5,56.5,51.1,2026-06-04 07:00:00,3086527
58.7,78.5,58.1,52.0,2026-06-04 07:20:00,3086527
61.7,71.2,60.3,52.2,2026-06-04 07:40:00,3086527
65.1,63.1,63.0,52.2,2026-06-04 08:00:00,3086527
68.4,55.5,67.1,51.9,2026-06-04 08:20:00,3086527
72.4,49.9,71.4,52.6,2026-06-04 08:40:00,3086527
75.8,45.2,74.1,53.1,2026-06-04 09:00:00,3086527
76.4,42.7,74.3,52.1,2026-06-04 09:20:00,3086527
80.7,35.6,78.3,51.0,2026-06-04 09:40:00,3086527
80.8,34.1,78.3,49.9,2026-06-04 10:00:00,3086527
82.0,33.0,79.3,50.1,2026-06-04 10:20:00,3086527
83.9,29.6,80.8,48.8,2026-06-04 10:40:00,3086527
85.2,28.5,82.2,48.9,2026-06-04 11:00:00,3086527
85.1,27.0,82.0,47.4,2026-06-04 11:20:00,3086527
86.9,26.6,83.7,48.5,2026-06-04 11:40:00,3086527
85.8,26.3,82.4,47.3,2026-06-04 12:00:00,3086527
87.7,25.5,84.6,48.0,2026-06-04 12:20:00,3086527
86.8,23.5,83.3,45.1,2026-06-04 12:40:00,3086527
88.0,25.6,85.1,48.4,2026-06-04 13:00:00,3086527
87.3,24.0,83.8,46.1,2026-06-04 13:20:00,3086527
87.7,23.7,84.2,46.2,2026-06-04 13:40:00,3086527
86.9,24.2,83.3,46.0,2026-06-04 14:00:00,3086527
87.2,22.4,83.3,44.3,2026-06-04 14:20:00,3086527
87.5,22.2,83.7,44.3,2026-06-04 14:40:00,3086527
85.2,21.6,81.0,41.7,2026-06-04 15:00:00,3086527
87.2,22.1,83.3,43.8,2026-06-04 15:20:00,3086527
86.6,22.0,82.8,43.3,2026-06-04 15:40:00,3086527
87.2,22.9,83.5,44.9,2026-06-04 16:00:00,3086527
88.2,23.6,84.9,46.4,2026-06-04 16:20:00,3086527
87.9,21.5,83.8,43.7,2026-06-04 16:40:00,3086527
88.3,22.6,84.7,45.3,2026-06-04 17:00:00,3086527
88.3,22.1,84.6,44.8,2026-06-04 17:20:00,3086527
88.0,22.0,84.4,44.5,2026-06-04 17:40:00,3086527
87.9,22.9,84.2,45.3,2026-06-04 18:00:00,3086527
87.0,23.9,83.5,45.7,2026-06-04 18:20:00,3086527
85.7,24.7,82.2,45.5,2026-06-04 18:40:00,3086527
84.7,25.6,81.1,45.7,2026-06-04 19:00:00,3086527
83.6,26.6,80.1,45.8,2026-06-04 19:20:00,3086527
82.6,28.3,79.0,46.5,2026-06-04 19:40:00,3086527
81.3,30.6,77.9,47.5,2026-06-04 20:00:00,3086527
79.5,32.5,76.5,47.5,2026-06-04 20:20:00,3086527
78.0,34.3,75.0,47.6,2026-06-04 20:40:00,3086527
76.4,37.0,73.8,48.2,2026-06-04 21:00:00,3086527
74.8,39.5,72.5,48.5,2026-06-04 21:20:00,3086527
74.0,39.7,72.0,47.9,2026-06-04 21:40:00,3086527
73.0,40.6,71.1,47.6,2026-06-04 22:00:00,3086527
72.0,43.8,70.7,48.8,2026-06-04 22:20:00,3086527
71.0,45.4,69.8,48.8,2026-06-04 22:40:00,3086527
70.2,48.5,69.1,49.9,2026-06-04 23:00:00,3086527
69.5,49.3,68.0,49.7,2026-06-04 23:20:00,3086527
68.6,50.4,66.9,49.5,2026-06-04 23:40:00,3086527
67.9,51.9,66.0,49.6,2026-06-05 00:00:00,3086527
68.2,52.0,66.4,49.9,2026-06-05 00:20:00,3086527
68.3,52.3,66.4,50.2,2026-06-05 00:40:00,3086527
68.1,53.0,66.4,50.3,2026-06-05 01:00:00,3086527
69.1,52.7,68.0,51.1,2026-06-05 01:20:00,3086527
68.7,53.4,67.5,51.1,2026-06-05 01:40:00,3086527
67.5,55.8,65.8,51.2,2026-06-05 02:00:00,3086527
66.3,58.3,64.2,51.2,2026-06-05 02:20:00,3086527
66.0,60.2,64.0,51.8,2026-06-05 02:40:00,3086527
65.6,62.1,63.7,52.2,2026-06-05 03:00:00,3086527
65.1,63.5,63.0,52.4,2026-06-05 03:20:00,3086527
64.5,65.4,62.6,52.7,2026-06-05 03:40:00,3086527
63.9,67.0,62.2,52.8,2026-06-05 04:00:00,3086527
63.1,68.7,61.5,52.7,2026-06-05 04:20:00,3086527
62.1,71.0,60.8,52.6,2026-06-05 04:40:00,3086527
61.6,72.9,60.4,52.8,2026-06-05 05:00:00,3086527
61.2,74.1,60.3,53.0,2026-06-05 05:20:00,3086527
61.2,74.8,60.3,53.2,2026-06-05 05:40:00,3086527
60.9,75.8,60.1,53.2,2026-06-05 06:00:00,3086527
60.9,76.4,60.1,53.5,2026-06-05 06:20:00,3086527
61.1,76.9,60.3,53.7,2026-06-05 06:40:00,3086527
62.1,75.7,61.3,54.3,2026-06-05 07:00:00,3086527
63.6,73.0,62.4,54.8,2026-06-05 07:20:00,3086527
65.9,69.0,64.6,55.4,2026-06-05 07:40:00,3086527
69.3,63.2,68.9,56.3,2026-06-05 08:00:00,3086527
72.2,58.5,72.0,56.9,2026-06-05 08:20:00,3086527
74.4,53.9,73.6,56.6,2026-06-05 08:40:00,3086527
77.5,48.6,76.3,56.6,2026-06-05 09:00:00,3086527
80.7,45.6,79.9,57.7,2026-06-05 09:20:00,3086527
82.0,41.0,80.4,56.0,2026-06-05 09:40:00,3086527
86.3,39.9,86.5,59.1,2026-06-05 10:00:00,3086527
88.4,34.8,88.2,57.1,2026-06-05 10:20:00,3086527
89.7,34.9,90.1,58.3,2026-06-05 10:40:00,3086527
91.1,32.5,91.6,57.6,2026-06-05 11:00:00,3086527
93.1,30.6,93.6,57.7,2026-06-05 11:20:00,3086527
88.8,28.8,86.7,52.2,2026-06-05 11:40:00,3086527
89.2,27.9,87.1,51.7,2026-06-05 12:00:00,3086527
92.1,27.9,91.2,54.3,2026-06-05 12:20:00,3086527
80.1,60.5,81.9,65.2,2026-05-28 10:00:00,2974337
80.5,58.7,82.0,64.7,2026-05-28 10:20:00,2974337
81.3,57.6,82.9,64.9,2026-05-28 10:40:00,2974337
81.8,59.1,83.8,66.2,2026-05-28 11:00:00,2974337
83.4,56.0,86.2,66.0,2026-05-28 11:20:00,2974337
83.6,53.0,85.6,64.7,2026-05-28 11:40:00,2974337
83.7,52.8,86.0,64.7,2026-05-28 12:00:00,2974337
84.2,52.7,86.9,65.1,2026-05-28 12:20:00,2974337
83.8,52.7,86.0,64.7,2026-05-28 12:40:00,2974337
83.1,53.8,84.9,64.6,2026-05-28 13:00:00,2974337
84.0,50.6,86.0,63.8,2026-05-28 13:20:00,2974337
83.7,51.3,85.6,63.8,2026-05-28 13:40:00,2974337
83.7,51.9,85.8,64.1,2026-05-28 14:00:00,2974337
85.3,50.3,88.2,64.8,2026-05-28 14:20:00,2974337
84.4,49.2,85.8,63.2,2026-05-28 14:40:00,2974337
87.2,44.6,89.2,63.0,2026-05-28 15:00:00,2974337
85.9,45.6,87.4,62.5,2026-05-28 15:20:00,2974337
87.0,44.1,88.7,62.6,2026-05-28 15:40:00,2974337
86.4,43.6,87.8,61.6,2026-05-28 16:00:00,2974337
85.9,44.3,87.1,61.6,2026-05-28 16:20:00,2974337
86.0,43.6,86.9,61.2,2026-05-28 16:40:00,2974337
86.6,42.0,87.6,60.8,2026-05-28 17:00:00,2974337
86.5,43.3,87.6,61.5,2026-05-28 17:20:00,2974337
86.4,44.5,88.0,62.2,2026-05-28 17:40:00,2974337
85.7,45.0,87.1,62.0,2026-05-28 18:00:00,2974337
86.0,44.5,87.4,61.9,2026-05-28 18:20:00,2974337
86.3,44.6,87.8,62.2,2026-05-28 18:40:00,2974337
84.6,47.5,86.0,62.4,2026-05-28 19:00:00,2974337
83.4,51.5,84.9,63.7,2026-05-28 19:20:00,2974337
82.6,52.9,84.0,63.8,2026-05-28 19:40:00,2974337
81.6,54.5,82.8,63.6,2026-05-28 20:00:00,2974337
80.7,56.7,82.0,63.9,2026-05-28 20:20:00,2974337
79.6,58.6,80.6,63.9,2026-05-28 20:40:00,2974337
78.8,60.1,79.7,63.7,2026-05-28 21:00:00,2974337
78.2,61.5,79.0,63.8,2026-05-28 21:20:00,2974337
77.6,61.6,78.3,63.4,2026-05-28 21:40:00,2974337
77.5,60.5,77.7,62.7,2026-05-28 22:00:00,2974337
77.5,56.9,77.4,61.0,2026-05-28 22:20:00,2974337
77.2,54.8,76.6,59.7,2026-05-28 22:40:00,2974337
76.9,52.7,75.9,58.3,2026-05-28 23:00:00,2974337
76.2,54.8,75.4,58.7,2026-05-28 23:20:00,2974337
75.3,54.0,74.5,57.6,2026-05-28 23:40:00,2974337
74.4,55.6,73.8,57.5,2026-05-29 00:00:00,2974337
73.7,56.2,73.2,57.1,2026-05-29 00:20:00,2974337
73.0,58.0,72.7,57.3,2026-05-29 00:40:00,2974337
72.4,57.7,72.1,56.7,2026-05-29 01:00:00,2974337
71.9,59.0,71.6,56.8,2026-05-29 01:20:00,2974337
71.2,58.2,70.9,55.7,2026-05-29 01:40:00,2974337
70.4,60.3,70.3,56.0,2026-05-29 02:00:00,2974337
69.7,61.8,69.3,56.0,2026-05-29 02:20:00,2974337
68.9,63.0,68.4,55.8,2026-05-29 02:40:00,2974337
68.2,64.9,67.5,55.9,2026-05-29 03:00:00,2974337
67.9,65.2,67.1,55.7,2026-05-29 03:20:00,2974337
67.6,63.6,66.4,54.8,2026-05-29 03:40:00,2974337
67.4,64.6,66.2,55.0,2026-05-29 04:00:00,2974337
66.3,66.7,64.9,54.9,2026-05-29 04:20:00,2974337
65.3,68.9,63.9,54.8,2026-05-29 04:40:00,2974337
64.5,70.8,63.1,54.8,2026-05-29 05:00:00,2974337
63.6,72.2,62.4,54.5,2026-05-29 05:20:00,2974337
63.2,73.5,62.2,54.6,2026-05-29 05:40:00,2974337
63.2,74.1,62.2,54.8,2026-05-29 06:00:00,2974337
63.5,71.1,62.1,53.9,2026-05-29 06:20:00,2974337
63.7,68.5,62.2,53.2,2026-05-29 06:40:00,2974337
64.1,66.9,62.4,52.8,2026-05-29 07:00:00,2974337
64.3,63.5,62.2,51.7,2026-05-29 07:20:00,2974337
64.7,61.6,62.4,51.2,2026-05-29 07:40:00,2974337
65.8,59.8,63.5,51.5,2026-05-29 08:00:00,2974337
67.0,58.0,65.1,51.8,2026-05-29 08:20:00,2974337
68.1,56.6,66.6,52.1,2026-05-29 08:40:00,2974337
69.5,55.6,68.5,53.0,2026-05-29 09:00:00,2974337
70.8,54.0,70.3,53.3,2026-05-29 09:20:00,2974337
70.1,54.4,69.3,52.9,2026-05-29 09:40:00,2974337
71.5,53.7,70.9,53.8,2026-05-29 10:00:00,2974337
72.4,52.9,71.8,54.2,2026-05-29 10:20:00,2974337
73.1,51.3,72.1,54.1,2026-05-29 10:40:00,2974337
74.4,49.8,73.2,54.4,2026-05-29 11:00:00,2974337
75.7,46.0,73.9,53.5,2026-05-29 11:20:00,2974337
76.8,45.6,75.0,54.2,2026-05-29 11:40:00,2974337
77.4,44.3,75.7,54.0,2026-05-29 12:00:00,2974337
78.4,43.8,76.6,54.6,2026-05-29 12:20:00,2974337
78.0,44.5,76.3,54.7,2026-05-29 12:40:00,2974337
78.2,42.7,76.3,53.7,2026-05-29 13:00:00,2974337
79.7,41.8,77.9,54.4,2026-05-29 13:20:00,2974337
79.3,42.0,77.5,54.2,2026-05-29 13:40:00,2974337
79.5,41.2,77.9,53.9,2026-05-29 14:00:00,2974337
79.8,41.3,78.1,54.2,2026-05-29 14:20:00,2974337
81.0,40.9,79.3,55.0,2026-05-29 14:40:00,2974337
82.6,38.3,81.0,54.7,2026-05-29 15:00:00,2974337
82.3,39.1,80.8,55.0,2026-05-29 15:20:00,2974337
82.8,38.4,81.3,54.9,2026-05-29 15:40:00,2974337
82.3,38.7,80.6,54.6,2026-05-29 16:00:00,2974337
83.0,40.7,81.9,56.6,2026-05-29 16:20:00,2974337
82.8,39.8,81.5,55.9,2026-05-29 16:40:00,2974337
82.3,40.8,81.0,56.1,2026-05-29 17:00:00,2974337
82.4,39.6,81.0,55.4,2026-05-29 17:20:00,2974337
82.8,41.6,81.9,57.2,2026-05-29 17:40:00,2974337
82.8,40.6,81.7,56.4,2026-05-29 18:00:00,2974337
83.0,40.2,81.9,56.3,2026-05-29 18:20:00,2974337
82.2,41.7,80.8,56.6,2026-05-29 18:40:00,2974337
81.9,41.6,80.6,56.4,2026-05-29 19:00:00,2974337
81.0,43.2,79.9,56.6,2026-05-29 19:20:00,2974337
79.8,46.4,78.8,57.5,2026-05-29 19:40:00,2974337
78.9,47.8,77.9,57.5,2026-05-29 20:00:00,2974337
77.8,49.8,76.8,57.6,2026-05-29 20:20:00,2974337
76.6,51.4,75.4,57.3,2026-05-29 20:40:00,2974337
75.4,54.0,74.7,57.6,2026-05-29 21:00:00,2974337
74.3,56.0,73.8,57.6,2026-05-29 21:20:00,2974337
73.5,58.2,73.2,57.9,2026-05-29 21:40:00,2974337
73.1,59.2,72.9,58.0,2026-05-29 22:00:00,2974337
72.8,59.8,72.5,58.1,2026-05-29 22:20:00,2974337
72.7,61.0,72.7,58.5,2026-05-29 22:40:00,2974337
72.7,62.0,72.9,58.9,2026-05-29 23:00:00,2974337
73.0,62.7,73.0,59.5,2026-05-29 23:20:00,2974337
72.9,61.9,73.0,59.1,2026-05-29 23:40:00,2974337
72.6,62.8,72.7,59.2,2026-05-30 00:00:00,2974337
72.4,64.7,72.7,59.9,2026-05-30 00:20:00,2974337
72.9,65.6,73.2,60.7,2026-05-30 00:40:00,2974337
73.5,67.5,73.9,62.1,2026-05-30 01:00:00,2974337
73.6,69.1,74.5,62.8,2026-05-30 01:20:00,2974337
73.5,70.7,74.3,63.4,2026-05-30 01:40:00,2974337
73.3,72.2,74.3,63.8,2026-05-30 02:00:00,2974337
73.0,74.3,73.9,64.3,2026-05-30 02:20:00,2974337
72.8,75.4,73.9,64.5,2026-05-30 02:40:00,2974337
72.7,76.1,73.9,64.7,2026-05-30 03:00:00,2974337
72.3,78.0,73.6,65.1,2026-05-30 03:20:00,2974337
72.0,79.4,73.4,65.3,2026-05-30 03:40:00,2974337
71.5,80.7,72.7,65.3,2026-05-30 04:00:00,2974337
71.3,82.1,72.5,65.5,2026-05-30 04:20:00,2974337
71.0,83.4,72.3,65.7,2026-05-30 04:40:00,2974337
70.9,84.5,72.3,66.0,2026-05-30 05:00:00,2974337
70.8,85.3,72.1,66.1,2026-05-30 05:20:00,2974337
70.6,86.0,71.8,66.3,2026-05-30 05:40:00,2974337
70.7,86.6,72.0,66.5,2026-05-30 06:00:00,2974337
70.9,86.6,72.5,66.7,2026-05-30 06:20:00,2974337
71.1,86.6,72.7,66.8,2026-05-30 06:40:00,2974337
71.4,86.2,72.7,67.0,2026-05-30 07:00:00,2974337
71.4,86.3,72.9,67.1,2026-05-30 07:20:00,2974337
72.2,86.0,73.9,67.8,2026-05-30 07:40:00,2974337
73.5,82.5,75.4,67.8,2026-05-30 08:00:00,2974337
74.3,77.8,75.6,66.9,2026-05-30 08:20:00,2974337
75.4,65.2,75.7,62.9,2026-05-30 08:40:00,2974337
75.5,57.1,75.0,59.2,2026-05-30 09:00:00,2974337
76.4,49.8,75.0,56.3,2026-05-30 09:20:00,2974337
77.3,44.7,75.4,54.2,2026-05-30 09:40:00,2974337
77.6,43.5,75.9,53.6,2026-05-30 10:00:00,2974337
78.7,42.4,77.0,53.9,2026-05-30 10:20:00,2974337
79.3,39.6,77.2,52.6,2026-05-30 10:40:00,2974337
79.9,40.1,77.9,53.5,2026-05-30 11:00:00,2974337
79.8,37.2,77.5,51.4,2026-05-30 11:20:00,2974337
80.6,34.0,77.9,49.7,2026-05-30 11:40:00,2974337
82.2,31.6,79.3,49.2,2026-05-30 12:00:00,2974337
81.8,31.6,78.6,48.8,2026-05-30 12:20:00,2974337
82.3,29.7,79.0,47.5,2026-05-30 12:40:00,2974337
83.4,28.4,80.1,47.2,2026-05-30 13:00:00,2974337
84.0,28.8,80.8,48.2,2026-05-30 13:20:00,2974337
84.2,26.3,80.6,45.9,2026-05-30 13:40:00,2974337
84.5,25.8,80.8,45.7,2026-05-30 14:00:00,2974337
85.1,25.6,81.5,45.9,2026-05-30 14:20:00,2974337
85.2,25.6,81.7,46.1,2026-05-30 14:40:00,2974337
86.1,25.2,82.8,46.5,2026-05-30 15:00:00,2974337
84.5,27.3,81.1,47.2,2026-05-30 15:20:00,2974337
84.6,28.4,81.5,48.3,2026-05-30 15:40:00,2974337
83.7,28.3,80.4,47.5,2026-05-30 16:00:00,2974337
84.1,27.8,80.8,47.3,2026-05-30 16:20:00,2974337
84.5,28.1,81.3,47.9,2026-05-30 16:40:00,2974337
84.5,30.7,81.9,50.3,2026-05-30 17:00:00,2974337
84.4,30.0,81.7,49.7,2026-05-30 17:20:00,2974337
83.8,29.9,80.6,48.9,2026-05-30 17:40:00,2974337
82.7,33.4,80.1,51.0,2026-05-30 18:00:00,2974337
81.5,34.5,79.0,50.8,2026-05-30 18:20:00,2974337
81.2,36.3,79.0,52.0,2026-05-30 18:40:00,2974337
80.0,37.7,77.7,51.9,2026-05-30 19:00:00,2974337
79.5,38.0,77.2,51.7,2026-05-30 19:20:00,2974337
78.9,40.3,77.0,52.8,2026-05-30 19:40:00,2974337
78.4,42.2,76.5,53.5,2026-05-30 20:00:00,2974337
77.6,41.2,75.6,52.2,2026-05-30 20:20:00,2974337
76.6,42.9,74.5,52.4,2026-05-30 20:40:00,2974337
75.6,44.6,73.8,52.5,2026-05-30 21:00:00,2974337
75.5,44.2,73.6,52.2,2026-05-30 21:20:00,2974337
75.4,40.2,73.2,49.6,2026-05-30 21:40:00,2974337
74.7,38.5,72.5,47.8,2026-05-30 22:00:00,2974337
73.6,43.7,72.1,50.2,2026-05-30 22:20:00,2974337
72.3,49.6,71.2,52.4,2026-05-30 22:40:00,2974337
71.2,50.6,70.3,51.9,2026-05-30 23:00:00,2974337
69.9,49.0,68.5,49.9,2026-05-30 23:20:00,2974337
68.5,50.8,66.7,49.5,2026-05-30 23:40:00,2974337
67.4,53.4,65.3,49.9,2026-05-31 00:00:00,2974337
66.5,54.5,64.2,49.5,2026-05-31 00:20:00,2974337
65.9,56.6,63.7,50.1,2026-05-31 00:40:00,2974337
65.5,57.5,63.1,50.1,2026-05-31 01:00:00,2974337
64.8,59.2,62.4,50.2,2026-05-31 01:20:00,2974337
64.2,61.2,61.9,50.5,2026-05-31 01:40:00,2974337
63.4,60.6,61.2,49.5,2026-05-31 02:00:00,2974337
62.8,62.7,60.8,49.9,2026-05-31 02:20:00,2974337
62.4,63.4,60.3,49.8,2026-05-31 02:40:00,2974337
62.2,62.0,60.1,49.0,2026-05-31 03:00:00,2974337
62.2,63.2,60.1,49.5,2026-05-31 03:20:00,2974337
61.6,63.7,59.7,49.1,2026-05-31 03:40:00,2974337
61.0,63.7,59.0,48.6,2026-05-31 04:00:00,2974337
60.6,64.5,58.8,48.6,2026-05-31 04:20:00,2974337
59.8,66.2,58.3,48.5,2026-05-31 04:40:00,2974337
59.5,68.0,58.1,48.9,2026-05-31 05:00:00,2974337
59.0,68.5,57.7,48.7,2026-05-31 05:20:00,2974337
58.6,70.3,57.4,49.0,2026-05-31 05:40:00,2974337
57.5,72.7,56.5,48.8,2026-05-31 06:00:00,2974337
57.4,73.8,56.7,49.1,2026-05-31 06:20:00,2974337
57.0,75.2,56.1,49.2,2026-05-31 06:40:00,2974337
57.4,76.6,56.7,50.1,2026-05-31 07:00:00,2974337
58.2,76.3,57.4,50.7,2026-05-31 07:20:00,2974337
59.3,74.7,58.3,51.3,2026-05-31 07:40:00,2974337
60.6,71.8,59.4,51.4,2026-05-31 08:00:00,2974337
61.7,69.5,60.4,51.6,2026-05-31 08:20:00,2974337
62.3,66.7,60.6,51.1,2026-05-31 08:40:00,2974337
63.9,63.6,61.9,51.3,2026-05-31 09:00:00,2974337
65.2,56.9,62.6,49.5,2026-05-31 09:20:00,2974337
65.1,55.0,62.2,48.6,2026-05-31 09:40:00,2974337
65.4,53.6,62.4,48.1,2026-05-31 10:00:00,2974337
66.8,52.9,64.6,49.1,2026-05-31 10:20:00,2974337
67.5,50.0,65.3,48.2,2026-05-31 10:40:00,2974337
69.1,48.5,67.5,48.8,2026-05-31 11:00:00,2974337
70.4,46.4,69.3,48.8,2026-05-31 11:20:00,2974337
70.8,42.7,69.4,47.1,2026-05-31 11:40:00,2974337
72.6,44.5,71.1,49.8,2026-05-31 12:00:00,2974337
73.3,42.9,71.6,49.4,2026-05-31 12:20:00,2974337
72.3,42.6,70.7,48.3,2026-05-31 12:40:00,2974337
73.6,41.2,71.8,48.6,2026-05-31 13:00:00,2974337
73.6,39.7,71.6,47.6,2026-05-31 13:20:00,2974337
73.8,40.1,71.8,48.1,2026-05-31 13:40:00,2974337
75.2,40.0,73.0,49.3,2026-05-31 14:00:00,2974337
76.3,38.7,73.9,49.3,2026-05-31 14:20:00,2974337
77.3,38.7,74.8,50.2,2026-05-31 14:40:00,2974337
77.8,36.5,75.0,49.1,2026-05-31 15:00:00,2974337
77.2,39.4,74.8,50.6,2026-05-31 15:20:00,2974337
78.2,37.6,75.7,50.3,2026-05-31 15:40:00,2974337
78.5,38.8,76.3,51.4,2026-05-31 16:00:00,2974337
78.1,39.1,75.9,51.2,2026-05-31 16:20:00,2974337
77.8,40.6,75.7,52.0,2026-05-31 16:40:00,2974337
78.3,39.3,76.1,51.5,2026-05-31 17:00:00,2974337
77.8,41.1,75.7,52.3,2026-05-31 17:20:00,2974337
77.9,40.9,75.9,52.2,2026-05-31 17:40:00,2974337
77.4,42.1,75.4,52.6,2026-05-31 18:00:00,2974337
77.0,41.8,74.8,52.0,2026-05-31 18:20:00,2974337
76.8,41.6,74.7,51.8,2026-05-31 18:40:00,2974337
76.2,43.5,74.3,52.4,2026-05-31 19:00:00,2974337
75.4,46.2,73.8,53.3,2026-05-31 19:20:00,2974337
74.9,47.0,73.4,53.3,2026-05-31 19:40:00,2974337
74.3,48.3,72.9,53.5,2026-05-31 20:00:00,2974337
73.8,49.2,72.7,53.6,2026-05-31 20:20:00,2974337
73.6,49.4,72.5,53.5,2026-05-31 20:40:00,2974337
73.1,50.5,72.1,53.7,2026-05-31 21:00:00,2974337
72.8,50.7,71.8,53.4,2026-05-31 21:20:00,2974337
72.0,51.1,71.2,53.0,2026-05-31 21:40:00,2974337
71.6,51.8,70.9,53.0,2026-05-31 22:00:00,2974337
71.0,52.3,70.2,52.7,2026-05-31 22:20:00,2974337
70.9,53.2,70.3,53.0,2026-05-31 22:40:00,2974337
71.0,54.0,70.3,53.5,2026-05-31 23:00:00,2974337
70.9,55.6,70.5,54.2,2026-05-31 23:20:00,2974337
70.9,57.1,70.5,55.0,2026-05-31 23:40:00,2974337
70.9,58.5,70.7,55.7,2026-06-01 00:00:00,2974337
71.0,59.3,70.7,56.1,2026-06-01 00:20:00,2974337
70.7,60.2,70.5,56.2,2026-06-01 00:40:00,2974337
70.3,62.3,70.0,56.8,2026-06-01 01:00:00,2974337
69.9,63.6,69.6,57.0,2026-06-01 01:20:00,2974337
69.7,64.4,69.4,57.2,2026-06-01 01:40:00,2974337
69.7,65.1,69.4,57.5,2026-06-01 02:00:00,2974337
69.7,65.4,69.4,57.5,2026-06-01 02:20:00,2974337
69.6,65.6,69.4,57.6,2026-06-01 02:40:00,2974337
69.3,66.9,69.3,57.8,2026-06-01 03:00:00,2974337
69.5,67.4,69.4,58.3,2026-06-01 03:20:00,2974337
69.4,67.9,69.3,58.3,2026-06-01 03:40:00,2974337
69.1,68.7,68.9,58.4,2026-06-01 04:00:00,2974337
68.5,69.6,68.2,58.1,2026-06-01 04:20:00,2974337
68.1,70.7,67.6,58.2,2026-06-01 04:40:00,2974337
68.1,71.4,67.8,58.5,2026-06-01 05:00:00,2974337
68.2,71.6,68.0,58.7,2026-06-01 05:20:00,2974337
68.1,71.5,67.8,58.5,2026-06-01 05:40:00,2974337
67.9,71.7,67.6,58.4,2026-06-01 06:00:00,2974337
67.4,72.7,66.9,58.3,2026-06-01 06:20:00,2974337
67.1,74.0,66.7,58.5,2026-06-01 06:40:00,2974337
67.1,75.3,66.9,59.0,2026-06-01 07:00:00,2974337
67.6,75.5,67.5,59.5,2026-06-01 07:20:00,2974337
68.4,75.3,68.5,60.2,2026-06-01 07:40:00,2974337
69.2,72.9,69.3,60.2,2026-06-01 08:00:00,2974337
69.4,73.0,69.6,60.4,2026-06-01 08:20:00,2974337
70.3,72.9,70.7,61.2,2026-06-01 08:40:00,2974337
70.8,71.1,71.4,60.9,2026-06-01 09:00:00,2974337
72.4,70.8,73.0,62.4,2026-06-01 09:20:00,2974337
74.0,69.2,74.8,63.3,2026-06-01 09:40:00,2974337
74.8,67.7,75.4,63.4,2026-06-01 10:00:00,2974337
75.8,65.6,76.1,63.5,2026-06-01 10:20:00,2974337
76.7,64.0,77.0,63.6,2026-06-01 10:40:00,2974337
77.3,62.6,77.7,63.5,2026-06-01 11:00:00,2974337
76.7,63.2,77.0,63.3,2026-06-01 11:20:00,2974337
79.1,57.7,79.7,62.9,2026-06-01 11:40:00,2974337
80.0,56.7,80.8,63.2,2026-06-01 12:00:00,2974337
80.2,56.1,81.0,63.1,2026-06-01 12:20:00,2974337
80.2,53.6,80.6,61.8,2026-06-01 12:40:00,2974337
80.2,52.2,80.2,61.1,2026-06-01 13:00:00,2974337
80.9,53.9,81.7,62.7,2026-06-01 13:20:00,2974337
80.9,51.8,81.3,61.5,2026-06-01 13:40:00,2974337
80.5,52.7,81.0,61.7,2026-06-01 14:00:00,2974337
82.1,50.0,82.6,61.6,2026-06-01 14:20:00,2974337
81.5,46.5,80.8,59.1,2026-06-01 14:40:00,2974337
82.5,38.1,80.8,54.4,2026-06-01 15:00:00,2974337
81.6,39.8,79.9,54.8,2026-06-01 15:20:00,2974337
82.7,42.5,81.9,57.7,2026-06-01 15:40:00,2974337
82.0,41.4,80.6,56.2,2026-06-01 16:00:00,2974337
82.6,41.3,81.5,56.8,2026-06-01 16:20:00,2974337
81.5,42.5,80.4,56.6,2026-06-01 16:40:00,2974337
80.7,42.3,79.3,55.7,2026-06-01 17:00:00,2974337
79.8,43.1,78.3,55.4,2026-06-01 17:20:00,2974337
80.0,43.8,78.6,56.0,2026-06-01 17:40:00,2974337
79.2,42.8,77.5,54.7,2026-06-01 18:00:00,2974337
79.3,41.6,77.4,54.0,2026-06-01 18:20:00,2974337
79.0,42.5,77.4,54.3,2026-06-01 18:40:00,2974337
78.0,42.8,76.1,53.5,2026-06-01 19:00:00,2974337
77.1,43.9,75.2,53.5,2026-06-01 19:20:00,2974337
76.7,43.5,74.8,52.9,2026-06-01 19:40:00,2974337
76.2,42.3,74.1,51.6,2026-06-01 20:00:00,2974337
75.6,43.0,73.6,51.5,2026-06-01 20:20:00,2974337
74.5,44.9,72.9,51.8,2026-06-01 20:40:00,2974337
73.3,47.0,72.0,51.9,2026-06-01 21:00:00,2974337
72.8,48.4,71.6,52.1,2026-06-01 21:20:00,2974337
72.5,47.6,71.2,51.5,2026-06-01 21:40:00,2974337
72.4,45.3,71.1,50.1,2026-06-01 22:00:00,2974337
72.2,44.0,70.9,49.2,2026-06-01 22:20:00,2974337
72.0,44.6,70.7,49.2,2026-06-01 22:40:00,2974337
71.6,45.7,70.3,49.5,2026-06-01 23:00:00,2974337
70.8,52.4,70.2,52.5,2026-06-01 23:20:00,2974337
70.2,55.8,69.6,53.7,2026-06-01 23:40:00,2974337
69.7,57.9,69.1,54.3,2026-06-02 00:00:00,2974337
69.5,59.1,68.9,54.6,2026-06-02 00:20:00,2974337
68.9,60.5,68.0,54.6,2026-06-02 00:40:00,2974337
68.4,59.9,67.3,53.9,2026-06-02 01:00:00,2974337
67.9,56.9,66.4,52.1,2026-06-02 01:20:00,2974337
67.0,57.3,65.1,51.5,2026-06-02 01:40:00,2974337
66.8,54.9,64.8,50.1,2026-06-02 02:00:00,2974337
65.9,54.4,63.5,49.0,2026-06-02 02:20:00,2974337
65.4,56.1,62.6,49.4,2026-06-02 02:40:00,2974337
64.5,58.4,62.1,49.5,2026-06-02 03:00:00,2974337
64.0,60.0,61.5,49.8,2026-06-02 03:20:00,2974337
63.4,61.8,61.2,50.1,2026-06-02 03:40:00,2974337
63.2,63.4,61.2,50.6,2026-06-02 04:00:00,2974337
62.7,65.7,61.0,51.1,2026-06-02 04:20:00,2974337
62.2,67.2,60.4,51.2,2026-06-02 04:40:00,2974337
61.8,68.3,60.3,51.3,2026-06-02 05:00:00,2974337
61.4,69.5,60.1,51.3,2026-06-02 05:20:00,2974337
61.4,70.8,60.1,51.8,2026-06-02 05:40:00,2974337
60.9,72.4,59.7,51.9,2026-06-02 06:00:00,2974337
60.3,73.7,59.4,51.9,2026-06-02 06:20:00,2974337
60.1,75.1,59.4,52.2,2026-06-02 06:40:00,2974337
60.4,75.1,59.5,52.5,2026-06-02 07:00:00,2974337
60.6,74.1,59.5,52.3,2026-06-02 07:20:00,2974337
60.8,73.8,59.7,52.4,2026-06-02 07:40:00,2974337
61.4,71.0,60.1,51.9,2026-06-02 08:00:00,2974337
61.3,69.5,59.9,51.2,2026-06-02 08:20:00,2974337
62.2,68.2,60.6,51.6,2026-06-02 08:40:00,2974337
63.0,64.5,61.2,50.8,2026-06-02 09:00:00,2974337
62.9,64.5,61.0,50.7,2026-06-02 09:20:00,2974337
62.8,65.2,60.8,50.9,2026-06-02 09:40:00,2974337
63.3,63.9,61.3,50.9,2026-06-02 10:00:00,2974337
64.8,61.9,62.8,51.4,2026-06-02 10:20:00,2974337
66.8,56.8,64.9,51.0,2026-06-02 10:40:00,2974337
69.2,52.0,67.8,50.9,2026-06-02 11:00:00,2974337
71.4,45.2,70.2,49.1,2026-06-02 11:20:00,2974337
71.3,41.1,69.8,46.5,2026-06-02 11:40:00,2974337
72.3,41.3,70.7,47.5,2026-06-02 12:00:00,2974337
74.1,39.1,72.0,47.6,2026-06-02 12:20:00,2974337
73.1,39.7,71.1,47.2,2026-06-02 12:40:00,2974337
73.7,39.3,71.6,47.4,2026-06-02 13:00:00,2974337
74.2,39.4,72.1,47.9,2026-06-02 13:20:00,2974337
74.4,37.6,72.0,46.9,2026-06-02 13:40:00,2974337
74.6,37.7,72.1,47.1,2026-06-02 14:00:00,2974337
75.2,35.0,72.5,45.7,2026-06-02 14:20:00,2974337
75.9,35.1,73.2,46.4,2026-06-02 14:40:00,2974337
77.0,33.5,74.1,46.1,2026-06-02 15:00:00,2974337
75.3,32.4,72.3,43.8,2026-06-02 15:20:00,2974337
76.5,32.4,73.4,44.8,2026-06-02 15:40:00,2974337
76.1,32.4,72.9,44.5,2026-06-02 16:00:00,2974337
75.9,33.4,73.0,45.1,2026-06-02 16:20:00,2974337
75.1,32.1,72.1,43.4,2026-06-02 16:40:00,2974337
74.9,32.4,72.0,43.4,2026-06-02 17:00:00,2974337
74.6,31.5,71.6,42.4,2026-06-02 17:20:00,2974337
74.2,31.3,71.2,41.9,2026-06-02 17:40:00,2974337
74.3,30.4,71.4,41.2,2026-06-02 18:00:00,2974337
73.7,31.0,70.9,41.3,2026-06-02 18:20:00,2974337
74.1,31.4,71.1,41.9,2026-06-02 18:40:00,2974337
72.8,30.5,70.0,40.0,2026-06-02 19:00:00,2974337
72.1,31.3,69.4,40.1,2026-06-02 19:20:00,2974337
71.2,32.5,68.9,40.2,2026-06-02 19:40:00,2974337
70.4,32.9,68.2,39.9,2026-06-02 20:00:00,2974337
69.7,34.2,67.1,40.2,2026-06-02 20:20:00,2974337
68.6,35.5,65.7,40.2,2026-06-02 20:40:00,2974337
67.6,37.2,64.2,40.6,2026-06-02 21:00:00,2974337
66.6,38.6,63.1,40.7,2026-06-02 21:20:00,2974337
65.1,40.5,61.0,40.6,2026-06-02 21:40:00,2974337
64.1,42.1,60.1,40.6,2026-06-02 22:00:00,2974337
63.3,44.0,59.7,41.1,2026-06-02 22:20:00,2974337
62.4,46.1,59.0,41.5,2026-06-02 22:40:00,2974337
61.8,47.0,58.5,41.3,2026-06-02 23:00:00,2974337
61.2,48.2,58.1,41.5,2026-06-02 23:20:00,2974337
60.7,48.6,57.6,41.2,2026-06-02 23:40:00,2974337
59.6,50.0,56.7,40.9,2026-06-03 00:00:00,2974337
58.5,51.8,55.9,40.9,2026-06-03 00:20:00,2974337
58.0,53.5,55.6,41.2,2026-06-03 00:40:00,2974337
57.1,55.3,54.9,41.3,2026-06-03 01:00:00,2974337
56.7,57.6,54.7,41.9,2026-06-03 01:20:00,2974337
56.0,59.5,54.1,42.2,2026-06-03 01:40:00,2974337
55.6,60.3,54.0,42.0,2026-06-03 02:00:00,2974337
55.2,60.6,53.4,41.8,2026-06-03 02:20:00,2974337
54.8,62.3,53.2,42.2,2026-06-03 02:40:00,2974337
55.5,62.9,54.0,43.1,2026-06-03 03:00:00,2974337
55.4,65.8,54.0,44.1,2026-06-03 03:20:00,2974337
55.4,65.5,54.0,44.1,2026-06-03 03:40:00,2974337
55.4,64.0,54.0,43.4,2026-06-03 04:00:00,2974337
55.3,63.3,53.8,43.1,2026-06-03 04:20:00,2974337
55.0,64.0,53.6,43.1,2026-06-03 04:40:00,2974337
54.9,63.8,53.6,42.9,2026-06-03 05:00:00,2974337
55.0,62.7,53.4,42.5,2026-06-03 05:20:00,2974337
54.8,63.1,53.2,42.5,2026-06-03 05:40:00,2974337
54.6,63.7,53.1,42.5,2026-06-03 06:00:00,2974337
54.3,64.1,52.9,42.4,2026-06-03 06:20:00,2974337
54.9,63.6,53.4,42.8,2026-06-03 06:40:00,2974337
55.9,62.4,54.3,43.3,2026-06-03 07:00:00,2974337
56.9,61.0,55.0,43.6,2026-06-03 07:20:00,2974337
58.2,60.2,56.3,44.5,2026-06-03 07:40:00,2974337
60.1,57.1,57.9,44.9,2026-06-03 08:00:00,2974337
62.0,53.8,59.2,45.1,2026-06-03 08:20:00,2974337
64.8,51.6,61.7,46.5,2026-06-03 08:40:00,2974337
66.8,45.9,63.9,45.3,2026-06-03 09:00:00,2974337
68.6,43.8,66.4,45.8,2026-06-03 09:20:00,2974337
70.8,41.8,69.4,46.5,2026-06-03 09:40:00,2974337
71.3,40.3,69.6,45.9,2026-06-03 10:00:00,2974337
72.7,37.5,70.7,45.3,2026-06-03 10:20:00,2974337
74.9,36.1,72.3,46.3,2026-06-03 10:40:00,2974337
75.9,34.2,73.0,45.7,2026-06-03 11:00:00,2974337
77.5,31.6,74.1,44.9,2026-06-03 11:20:00,2974337
78.2,30.1,74.8,44.4,2026-06-03 11:40:00,2974337
77.9,30.5,74.5,44.4,2026-06-03 12:00:00,2974337
78.5,29.0,75.0,43.6,2026-06-03 12:20:00,2974337
78.6,29.0,75.2,43.7,2026-06-03 12:40:00,2974337
78.4,28.1,74.7,42.8,2026-06-03 13:00:00,2974337
78.4,29.1,74.8,43.6,2026-06-03 13:20:00,2974337
78.5,28.7,75.0,43.4,2026-06-03 13:40:00,2974337
78.8,29.1,75.4,43.9,2026-06-03 14:00:00,2974337
79.4,28.7,75.9,44.1,2026-06-03 14:20:00,2974337
80.1,28.6,76.6,44.6,2026-06-03 14:40:00,2974337
80.7,28.6,77.2,45.2,2026-06-03 15:00:00,2974337
80.6,28.6,77.2,45.1,2026-06-03 15:20:00,2974337
80.7,29.6,77.2,46.0,2026-06-03 15:40:00,2974337
80.8,29.5,77.4,46.1,2026-06-03 16:00:00,2974337
80.6,28.7,77.2,45.2,2026-06-03 16:20:00,2974337
79.8,29.3,76.3,45.0,2026-06-03 16:40:00,2974337
79.6,28.9,76.1,44.5,2026-06-03 17:00:00,2974337
80.4,29.5,77.0,45.8,2026-06-03 17:20:00,2974337
79.8,28.2,76.3,44.0,2026-06-03 17:40:00,2974337
79.4,28.8,75.9,44.1,2026-06-03 18:00:00,2974337
80.2,29.1,76.6,45.2,2026-06-03 18:20:00,2974337
80.6,28.2,77.0,44.7,2026-06-03 18:40:00,2974337
79.1,29.2,75.6,44.3,2026-06-03 19:00:00,2974337
78.3,29.9,74.8,44.2,2026-06-03 19:20:00,2974337
77.4,31.5,74.1,44.8,2026-06-03 19:40:00,2974337
76.3,33.4,73.4,45.4,2026-06-03 20:00:00,2974337
74.9,36.0,72.3,46.2,2026-06-03 20:20:00,2974337
73.5,39.5,71.4,47.4,2026-06-03 20:40:00,2974337
72.1,39.9,70.3,46.4,2026-06-03 21:00:00,2974337
71.0,40.2,69.3,45.6,2026-06-03 21:20:00,2974337
70.1,42.1,68.4,46.1,2026-06-03 21:40:00,2974337
69.1,43.3,66.9,45.8,2026-06-03 22:00:00,2974337
68.2,44.7,65.8,45.9,2026-06-03 22:20:00,2974337
67.5,45.8,64.9,45.9,2026-06-03 22:40:00,2974337
67.0,47.1,64.2,46.2,2026-06-03 23:00:00,2974337
66.3,48.5,63.3,46.3,2026-06-03 23:20:00,2974337
65.9,49.0,63.0,46.3,2026-06-03 23:40:00,2974337
65.4,51.2,62.2,46.9,2026-06-04 00:00:00,2974337
64.8,51.9,61.7,46.7,2026-06-04 00:20:00,2974337
64.3,53.0,61.3,46.8,2026-06-04 00:40:00,2974337
63.6,55.1,60.8,47.2,2026-06-04 01:00:00,2974337
63.4,56.5,60.8,47.6,2026-06-04 01:20:00,2974337
62.8,56.5,60.1,47.1,2026-06-04 01:40:00,2974337
61.8,57.7,59.4,46.7,2026-06-04 02:00:00,2974337
61.1,59.7,58.8,47.0,2026-06-04 02:20:00,2974337
60.8,60.8,58.8,47.2,2026-06-04 02:40:00,2974337
60.3,61.3,58.3,46.9,2026-06-04 03:00:00,2974337
59.5,63.6,57.6,47.1,2026-06-04 03:20:00,2974337
58.9,65.0,57.2,47.1,2026-06-04 03:40:00,2974337
58.7,65.7,57.2,47.3,2026-06-04 04:00:00,2974337
58.2,67.3,56.7,47.4,2026-06-04 04:20:00,2974337
57.5,68.8,56.1,47.4,2026-06-04 04:40:00,2974337
57.1,70.8,55.9,47.7,2026-06-04 05:00:00,2974337
56.8,72.1,55.9,47.9,2026-06-04 05:20:00,2974337
56.3,73.3,55.6,47.9,2026-06-04 05:40:00,2974337
56.1,74.6,55.2,48.1,2026-06-04 06:00:00,2974337
56.3,75.7,55.6,48.7,2026-06-04 06:20:00,2974337
57.1,77.0,56.5,49.9,2026-06-04 06:40:00,2974337
58.6,76.0,57.7,51.0,2026-06-04 07:00:00,2974337
59.6,74.2,58.6,51.4,2026-06-04 07:20:00,2974337
61.4,70.7,60.1,51.8,2026-06-04 07:40:00,2974337
63.6,65.3,61.7,51.7,2026-06-04 08:00:00,2974337
66.5,59.3,64.6,51.9,2026-06-04 08:20:00,2974337
69.6,52.7,68.7,51.6,2026-06-04 08:40:00,2974337
72.2,47.9,71.2,51.4,2026-06-04 09:00:00,2974337
73.8,45.0,72.1,51.2,2026-06-04 09:20:00,2974337
75.7,40.5,73.4,50.0,2026-06-04 09:40:00,2974337
77.0,38.5,74.7,49.8,2026-06-04 10:00:00,2974337
78.3,36.2,75.7,49.3,2026-06-04 10:20:00,2974337
79.3,35.0,76.5,49.3,2026-06-04 10:40:00,2974337
80.4,31.5,77.2,47.4,2026-06-04 11:00:00,2974337
81.8,30.5,78.4,47.8,2026-06-04 11:20:00,2974337
83.0,28.1,79.5,46.7,2026-06-04 11:40:00,2974337
83.0,28.0,79.5,46.6,2026-06-04 12:00:00,2974337
84.1,27.4,80.8,47.0,2026-06-04 12:20:00,2974337
83.8,27.1,80.2,46.4,2026-06-04 12:40:00,2974337
82.6,26.7,79.0,45.0,2026-06-04 13:00:00,2974337
84.0,25.9,80.4,45.4,2026-06-04 13:20:00,2974337
83.7,26.5,80.2,45.7,2026-06-04 13:40:00,2974337
84.8,25.4,81.3,45.5,2026-06-04 14:00:00,2974337
85.1,25.8,81.7,46.2,2026-06-04 14:20:00,2974337
86.3,24.9,82.8,46.2,2026-06-04 14:40:00,2974337
86.5,23.6,82.8,45.0,2026-06-04 15:00:00,2974337
85.9,24.1,82.2,45.0,2026-06-04 15:20:00,2974337
87.4,24.3,84.0,46.5,2026-06-04 15:40:00,2974337
86.3,24.5,82.8,45.8,2026-06-04 16:00:00,2974337
86.2,24.4,82.8,45.7,2026-06-04 16:20:00,2974337
87.1,25.0,83.8,47.0,2026-06-04 16:40:00,2974337
86.7,25.0,83.5,46.7,2026-06-04 17:00:00,2974337
86.5,25.6,83.1,47.1,2026-06-04 17:20:00,2974337
86.7,25.2,83.3,46.9,2026-06-04 17:40:00,2974337
86.1,25.2,82.8,46.4,2026-06-04 18:00:00,2974337
86.1,25.6,82.8,46.8,2026-06-04 18:20:00,2974337
86.5,25.0,83.1,46.6,2026-06-04 18:40:00,2974337
85.6,25.2,82.0,46.0,2026-06-04 19:00:00,2974337
84.1,29.4,81.1,48.8,2026-06-04 19:20:00,2974337
82.6,29.9,79.3,47.9,2026-06-04 19:40:00,2974337
81.3,31.9,78.1,48.5,2026-06-04 20:00:00,2974337
79.8,33.7,77.0,48.7,2026-06-04 20:20:00,2974337
78.4,34.3,75.4,48.0,2026-06-04 20:40:00,2974337
76.8,38.0,74.3,49.3,2026-06-04 21:00:00,2974337
75.5,39.1,73.0,48.9,2026-06-04 21:20:00,2974337
74.7,40.4,72.7,49.0,2026-06-04 21:40:00,2974337
73.4,41.7,71.4,48.7,2026-06-04 22:00:00,2974337
72.7,43.4,71.2,49.2,2026-06-04 22:20:00,2974337
71.9,45.1,70.7,49.5,2026-06-04 22:40:00,2974337
71.2,47.2,70.0,50.1,2026-06-04 23:00:00,2974337
70.4,48.0,69.4,49.8,2026-06-04 23:20:00,2974337
69.9,50.0,68.7,50.5,2026-06-04 23:40:00,2974337
69.2,50.9,67.8,50.3,2026-06-05 00:00:00,2974337
68.9,51.9,67.5,50.5,2026-06-05 00:20:00,2974337
68.2,53.5,66.6,50.7,2026-06-05 00:40:00,2974337
68.4,54.7,66.9,51.5,2026-06-05 01:00:00,2974337
68.0,56.7,66.6,52.1,2026-06-05 01:20:00,2974337
67.9,56.7,66.4,52.0,2026-06-05 01:40:00,2974337
67.4,58.5,65.8,52.3,2026-06-05 02:00:00,2974337
66.8,61.2,65.3,53.0,2026-06-05 02:20:00,2974337
66.5,62.3,64.9,53.2,2026-06-05 02:40:00,2974337
65.6,64.2,63.9,53.2,2026-06-05 03:00:00,2974337
65.2,65.7,63.3,53.4,2026-06-05 03:20:00,2974337
64.6,67.5,63.1,53.7,2026-06-05 03:40:00,2974337
64.2,68.5,62.6,53.6,2026-06-05 04:00:00,2974337
64.0,69.8,62.6,53.9,2026-06-05 04:20:00,2974337
63.9,70.0,62.6,53.9,2026-06-05 04:40:00,2974337
63.1,71.7,61.9,53.8,2026-06-05 05:00:00,2974337
62.7,73.2,61.7,54.0,2026-06-05 05:20:00,2974337
62.3,74.4,61.3,54.1,2026-06-05 05:40:00,2974337
62.2,75.0,61.3,54.2,2026-06-05 06:00:00,2974337
62.1,75.2,61.3,54.1,2026-06-05 06:20:00,2974337
62.3,75.8,61.5,54.6,2026-06-05 06:40:00,2974337
62.6,75.8,61.9,54.9,2026-06-05 07:00:00,2974337
63.2,75.3,62.4,55.3,2026-06-05 07:20:00,2974337
64.6,73.8,63.5,56.0,2026-06-05 07:40:00,2974337
66.6,69.5,65.8,56.3,2026-06-05 08:00:00,2974337
69.3,66.1,69.3,57.5,2026-06-05 08:20:00,2974337
72.7,60.1,72.7,58.0,2026-06-05 08:40:00,2974337
75.2,54.7,74.3,57.7,2026-06-05 09:00:00,2974337
77.2,50.5,76.3,57.4,2026-06-05 09:20:00,2974337
79.5,48.1,78.6,58.1,2026-06-05 09:40:00,2974337
81.4,45.1,80.6,58.1,2026-06-05 10:00:00,2974337
82.8,42.0,81.9,57.4,2026-06-05 10:20:00,2974337
83.9,39.0,82.8,56.3,2026-06-05 10:40:00,2974337
85.5,36.5,84.6,55.8,2026-06-05 11:00:00,2974337
87.9,33.6,86.9,55.7,2026-06-05 11:20:00,2974337
88.0,31.9,86.7,54.4,2026-06-05 11:40:00,2974337
89.4,32.4,88.7,56.0,2026-06-05 12:00:00,2974337
