Temperature,Relative.Humidity,Heat_Index,Dew_Point,datetime,sensor_id
84.4,31.6,81.7,50.9,2026-05-28 12:00:00,3086552
84.0,29.3,81.1,48.6,2026-05-28 12:20:00,3086552
82.3,43.5,81.5,57.8,2026-05-28 12:40:00,3086552
78.9,32.9,75.7,47.3,2026-05-28 13:00:00,3086552
75.1,35.1,72.5,45.7,2026-05-28 13:20:00,3086552
73.7,51.3,72.7,54.6,2026-05-28 13:40:00,3086552
79.1,54.3,79.2,61.2,2026-05-28 14:00:00,3086552
86.4,51.1,90.3,66.2,2026-05-28 14:20:00,3086552
92.8,48.3,101.7,70.4,2026-05-28 14:40:00,3086552
98.2,44.8,111.6,73.0,2026-05-28 15:00:00,3086552
102.8,43.0,121.5,76.0,2026-05-28 15:20:00,3086552
100.2,32.2,106.3,65.2,2026-05-28 15:40:00,3086552
96.4,29.1,98.1,59.1,2026-05-28 16:00:00,3086552
89.1,38.6,90.5,60.6,2026-05-28 16:20:00,3086552
86.7,44.0,88.2,62.2,2026-05-28 16:40:00,3086552
87.7,43.2,89.6,62.5,2026-05-28 17:00:00,3086552
87.5,41.1,88.7,61.0,2026-05-28 17:20:00,3086552
87.5,40.4,88.3,60.4,2026-05-28 17:40:00,3086552
87.3,41.9,88.7,61.4,2026-05-28 18:00:00,3086552
86.9,42.3,88.3,61.3,2026-05-28 18:20:00,3086552
86.3,43.5,87.4,61.5,2026-05-28 18:40:00,3086552
85.1,46.9,86.5,62.5,2026-05-28 19:00:00,3086552
85.0,43.9,85.5,60.6,2026-05-28 19:20:00,3086552
84.5,47.8,85.8,62.5,2026-05-28 19:40:00,3086552
82.9,50.8,83.8,62.8,2026-05-28 20:00:00,3086552
81.6,53.0,82.4,62.8,2026-05-28 20:20:00,3086552
80.4,55.8,81.1,63.2,2026-05-28 20:40:00,3086552
79.3,58.8,80.2,63.6,2026-05-28 21:00:00,3086552
78.0,62.2,78.8,64.0,2026-05-28 21:20:00,3086552
77.2,63.8,77.9,64.0,2026-05-28 21:40:00,3086552
77.3,62.1,77.7,63.3,2026-05-28 22:00:00,3086552
76.7,62.3,76.8,62.9,2026-05-28 22:20:00,3086552
76.2,62.3,76.3,62.4,2026-05-28 22:40:00,3086552
76.2,58.3,75.7,60.5,2026-05-28 23:00:00,3086552
76.0,58.6,75.7,60.4,2026-05-28 23:20:00,3086552
76.3,55.7,75.7,59.3,2026-05-28 23:40:00,3086552
75.5,55.3,74.8,58.4,2026-05-29 00:00:00,3086552
74.7,55.9,74.1,57.9,2026-05-29 00:20:00,3086552
73.9,56.8,73.4,57.5,2026-05-29 00:40:00,3086552
73.3,57.1,72.9,57.2,2026-05-29 01:00:00,3086552
73.2,57.1,72.7,57.1,2026-05-29 01:20:00,3086552
72.6,56.4,72.1,56.2,2026-05-29 01:40:00,3086552
72.3,57.0,72.0,56.3,2026-05-29 02:00:00,3086552
71.7,58.0,71.4,56.1,2026-05-29 02:20:00,3086552
70.8,60.1,70.9,56.3,2026-05-29 02:40:00,3086552
69.5,61.9,69.1,55.9,2026-05-29 03:00:00,3086552
68.7,63.6,68.0,55.9,2026-05-29 03:20:00,3086552
67.9,65.5,67.1,55.9,2026-05-29 03:40:00,3086552
67.0,66.2,66.0,55.4,2026-05-29 04:00:00,3086552
66.7,67.0,65.5,55.4,2026-05-29 04:20:00,3086552
66.0,67.9,64.6,55.1,2026-05-29 04:40:00,3086552
65.4,69.1,63.9,55.0,2026-05-29 05:00:00,3086552
64.9,70.2,63.7,55.0,2026-05-29 05:20:00,3086552
64.3,72.8,63.1,55.4,2026-05-29 05:40:00,3086552
63.8,72.9,62.6,54.9,2026-05-29 06:00:00,3086552
63.5,72.6,62.2,54.5,2026-05-29 06:20:00,3086552
63.8,70.4,62.4,54.0,2026-05-29 06:40:00,3086552
64.8,68.5,63.3,54.2,2026-05-29 07:00:00,3086552
65.4,66.1,63.7,53.8,2026-05-29 07:20:00,3086552
65.7,63.7,63.9,53.1,2026-05-29 07:40:00,3086552
66.3,63.1,64.6,53.4,2026-05-29 08:00:00,3086552
67.4,62.3,66.0,54.1,2026-05-29 08:20:00,3086552
68.5,60.0,67.5,54.1,2026-05-29 08:40:00,3086552
69.7,60.0,69.3,55.3,2026-05-29 09:00:00,3086552
70.8,55.5,70.5,54.1,2026-05-29 09:20:00,3086552
71.1,55.7,70.7,54.4,2026-05-29 09:40:00,3086552
72.6,54.0,72.0,55.0,2026-05-29 10:00:00,3086552
73.6,52.3,72.9,55.1,2026-05-29 10:20:00,3086552
74.0,49.8,72.9,54.1,2026-05-29 10:40:00,3086552
74.8,48.6,73.4,54.1,2026-05-29 11:00:00,3086552
76.1,43.6,74.1,52.3,2026-05-29 11:20:00,3086552
77.1,43.9,75.2,53.5,2026-05-29 11:40:00,3086552
78.9,43.2,77.2,54.6,2026-05-29 12:00:00,3086552
79.2,42.0,77.5,54.1,2026-05-29 12:20:00,3086552
79.3,40.4,77.4,53.2,2026-05-29 12:40:00,3086552
82.3,38.9,80.6,54.8,2026-05-29 13:00:00,3086552
82.8,37.8,81.1,54.4,2026-05-29 13:20:00,3086552
81.0,36.0,78.6,51.5,2026-05-29 13:40:00,3086552
81.9,36.9,79.7,53.0,2026-05-29 14:00:00,3086552
82.1,37.7,80.1,53.8,2026-05-29 14:20:00,3086552
83.0,38.0,81.5,54.8,2026-05-29 14:40:00,3086552
82.8,38.0,81.1,54.6,2026-05-29 15:00:00,3086552
83.8,36.9,82.2,54.7,2026-05-29 15:20:00,3086552
84.1,37.5,82.8,55.4,2026-05-29 15:40:00,3086552
85.1,38.4,84.6,57.0,2026-05-29 16:00:00,3086552
84.6,40.6,84.4,58.0,2026-05-29 16:20:00,3086552
83.3,38.8,81.9,55.6,2026-05-29 16:40:00,3086552
82.7,40.1,81.3,56.0,2026-05-29 17:00:00,3086552
83.6,40.6,82.8,57.1,2026-05-29 17:20:00,3086552
83.1,41.0,82.0,57.0,2026-05-29 17:40:00,3086552
82.5,41.6,81.3,56.8,2026-05-29 18:00:00,3086552
82.2,41.7,80.8,56.6,2026-05-29 18:20:00,3086552
81.7,43.9,80.8,57.7,2026-05-29 18:40:00,3086552
81.6,44.4,80.8,57.8,2026-05-29 19:00:00,3086552
80.8,44.9,79.9,57.4,2026-05-29 19:20:00,3086552
80.4,47.0,79.7,58.3,2026-05-29 19:40:00,3086552
79.5,49.0,78.8,58.7,2026-05-29 20:00:00,3086552
78.1,51.2,77.5,58.6,2026-05-29 20:20:00,3086552
76.4,54.7,75.6,58.9,2026-05-29 20:40:00,3086552
75.1,57.7,74.7,59.2,2026-05-29 21:00:00,3086552
74.0,60.6,73.9,59.5,2026-05-29 21:20:00,3086552
73.1,63.1,73.4,59.8,2026-05-29 21:40:00,3086552
72.6,64.6,72.9,60.0,2026-05-29 22:00:00,3086552
72.2,65.5,72.5,60.0,2026-05-29 22:20:00,3086552
72.0,66.6,72.5,60.3,2026-05-29 22:40:00,3086552
71.8,68.4,72.3,60.9,2026-05-29 23:00:00,3086552
72.0,68.4,72.5,61.0,2026-05-29 23:20:00,3086552
72.0,68.3,72.5,61.0,2026-05-29 23:40:00,3086552
74.1,65.2,74.3,61.7,2026-05-30 00:00:00,3086552
74.5,66.7,75.0,62.7,2026-05-30 00:20:00,3086552
74.3,68.7,74.8,63.3,2026-05-30 00:40:00,3086552
74.1,70.5,74.8,63.9,2026-05-30 01:00:00,3086552
73.9,72.0,74.7,64.3,2026-05-30 01:20:00,3086552
73.6,73.4,74.7,64.5,2026-05-30 01:40:00,3086552
73.3,75.1,74.5,64.9,2026-05-30 02:00:00,3086552
72.8,76.8,73.9,65.1,2026-05-30 02:20:00,3086552
72.4,78.4,73.6,65.3,2026-05-30 02:40:00,3086552
72.1,79.9,73.4,65.6,2026-05-30 03:00:00,3086552
71.7,81.4,73.0,65.8,2026-05-30 03:20:00,3086552
71.4,82.9,72.7,65.9,2026-05-30 03:40:00,3086552
71.3,84.1,72.7,66.2,2026-05-30 04:00:00,3086552
71.2,85.4,72.5,66.5,2026-05-30 04:20:00,3086552
70.9,86.7,72.5,66.7,2026-05-30 04:40:00,3086552
70.7,87.5,72.3,66.8,2026-05-30 05:00:00,3086552
70.6,88.4,72.0,67.0,2026-05-30 05:20:00,3086552
70.4,89.2,71.8,67.1,2026-05-30 05:40:00,3086552
70.3,89.9,71.6,67.1,2026-05-30 06:00:00,3086552
70.1,90.6,71.6,67.2,2026-05-30 06:20:00,3086552
71.1,90.0,72.9,68.0,2026-05-30 06:40:00,3086552
72.1,88.5,73.9,68.5,2026-05-30 07:00:00,3086552
72.2,87.6,74.1,68.3,2026-05-30 07:20:00,3086552
72.8,86.8,74.8,68.7,2026-05-30 07:40:00,3086552
73.4,85.2,75.2,68.7,2026-05-30 08:00:00,3086552
74.2,83.6,76.3,68.9,2026-05-30 08:20:00,3086552
75.1,73.7,76.5,66.2,2026-05-30 08:40:00,3086552
76.1,63.6,76.5,62.9,2026-05-30 09:00:00,3086552
76.0,53.3,75.0,57.8,2026-05-30 09:20:00,3086552
76.3,49.0,75.0,55.8,2026-05-30 09:40:00,3086552
77.1,48.2,75.6,56.0,2026-05-30 10:00:00,3086552
78.9,42.0,77.2,53.9,2026-05-30 10:20:00,3086552
80.2,38.2,78.1,52.5,2026-05-30 10:40:00,3086552
79.1,37.9,76.6,51.3,2026-05-30 11:00:00,3086552
80.2,36.9,77.7,51.6,2026-05-30 11:20:00,3086552
80.6,32.6,77.5,48.5,2026-05-30 11:40:00,3086552
81.7,33.5,79.0,50.2,2026-05-30 12:00:00,3086552
83.1,30.8,80.1,49.1,2026-05-30 12:20:00,3086552
84.3,27.8,81.1,47.5,2026-05-30 12:40:00,3086552
86.2,24.7,82.8,46.0,2026-05-30 13:00:00,3086552
84.8,25.2,81.3,45.3,2026-05-30 13:20:00,3086552
86.0,25.4,82.6,46.5,2026-05-30 13:40:00,3086552
86.0,24.5,82.4,45.6,2026-05-30 14:00:00,3086552
86.4,24.9,82.9,46.2,2026-05-30 14:20:00,3086552
87.5,20.2,83.3,41.7,2026-05-30 14:40:00,3086552
88.4,20.9,84.4,43.3,2026-05-30 15:00:00,3086552
87.6,20.0,83.5,41.6,2026-05-30 15:20:00,3086552
88.7,21.9,84.9,44.9,2026-05-30 15:40:00,3086552
88.4,22.8,84.9,45.7,2026-05-30 16:00:00,3086552
87.5,23.2,83.8,45.3,2026-05-30 16:20:00,3086552
87.3,26.9,84.6,49.1,2026-05-30 16:40:00,3086552
85.3,27.0,82.2,47.5,2026-05-30 17:00:00,3086552
85.8,26.6,82.4,47.6,2026-05-30 17:20:00,3086552
85.4,28.4,82.4,49.0,2026-05-30 17:40:00,3086552
85.1,28.2,82.2,48.5,2026-05-30 18:00:00,3086552
84.3,29.6,81.3,49.1,2026-05-30 18:20:00,3086552
82.9,32.6,80.1,50.5,2026-05-30 18:40:00,3086552
82.2,34.2,79.5,51.2,2026-05-30 19:00:00,3086552
81.4,36.6,79.2,52.3,2026-05-30 19:20:00,3086552
80.1,37.1,77.9,51.6,2026-05-30 19:40:00,3086552
79.3,36.0,76.6,50.0,2026-05-30 20:00:00,3086552
78.2,37.8,75.7,50.5,2026-05-30 20:20:00,3086552
76.7,40.0,74.5,50.6,2026-05-30 20:40:00,3086552
75.1,42.6,73.2,50.8,2026-05-30 21:00:00,3086552
74.0,44.7,72.3,51.2,2026-05-30 21:20:00,3086552
75.2,40.5,73.0,49.6,2026-05-30 21:40:00,3086552
75.5,35.5,72.7,46.3,2026-05-30 22:00:00,3086552
74.9,37.3,72.5,47.0,2026-05-30 22:20:00,3086552
73.9,49.7,72.7,53.9,2026-05-30 22:40:00,3086552
72.2,57.7,72.0,56.4,2026-05-30 23:00:00,3086552
71.0,56.2,70.5,54.6,2026-05-30 23:20:00,3086552
70.1,52.6,69.3,52.0,2026-05-30 23:40:00,3086552
69.1,52.4,67.5,50.9,2026-05-31 00:00:00,3086552
67.9,54.2,66.2,50.7,2026-05-31 00:20:00,3086552
66.9,62.8,65.3,53.8,2026-05-31 00:40:00,3086552
65.7,65.6,64.0,53.8,2026-05-31 01:00:00,3086552
65.2,64.5,63.3,52.9,2026-05-31 01:20:00,3086552
64.9,61.8,62.6,51.5,2026-05-31 01:40:00,3086552
63.8,65.8,62.1,52.1,2026-05-31 02:00:00,3086552
62.9,64.8,61.0,50.9,2026-05-31 02:20:00,3086552
62.7,62.1,60.6,49.5,2026-05-31 02:40:00,3086552
62.2,62.4,60.1,49.2,2026-05-31 03:00:00,3086552
61.7,64.1,59.9,49.4,2026-05-31 03:20:00,3086552
61.5,64.9,59.9,49.6,2026-05-31 03:40:00,3086552
61.5,65.0,59.7,49.6,2026-05-31 04:00:00,3086552
60.8,66.2,59.4,49.5,2026-05-31 04:20:00,3086552
60.4,66.5,58.8,49.2,2026-05-31 04:40:00,3086552
59.6,68.2,58.3,49.1,2026-05-31 05:00:00,3086552
58.7,69.8,57.6,48.9,2026-05-31 05:20:00,3086552
57.9,72.4,57.0,49.1,2026-05-31 05:40:00,3086552
57.4,73.4,56.7,49.0,2026-05-31 06:00:00,3086552
57.2,74.8,56.3,49.2,2026-05-31 06:20:00,3086552
57.1,77.0,56.5,49.9,2026-05-31 06:40:00,3086552
57.4,77.8,56.8,50.6,2026-05-31 07:00:00,3086552
58.3,77.2,57.6,51.2,2026-05-31 07:20:00,3086552
59.7,73.6,58.6,51.3,2026-05-31 07:40:00,3086552
60.6,71.5,59.5,51.4,2026-05-31 08:00:00,3086552
61.0,70.4,59.7,51.3,2026-05-31 08:20:00,3086552
62.3,69.0,60.8,52.0,2026-05-31 08:40:00,3086552
63.5,63.5,61.3,50.9,2026-05-31 09:00:00,3086552
64.8,57.3,62.2,49.4,2026-05-31 09:20:00,3086552
65.6,56.5,63.1,49.7,2026-05-31 09:40:00,3086552
66.5,52.3,63.9,48.5,2026-05-31 10:00:00,3086552
67.4,51.7,65.1,49.1,2026-05-31 10:20:00,3086552
67.9,50.1,65.8,48.7,2026-05-31 10:40:00,3086552
69.5,48.7,68.0,49.4,2026-05-31 11:00:00,3086552
70.8,46.4,69.8,49.2,2026-05-31 11:20:00,3086552
71.5,45.1,70.3,49.1,2026-05-31 11:40:00,3086552
72.8,43.5,71.2,49.3,2026-05-31 12:00:00,3086552
73.7,41.5,71.8,48.9,2026-05-31 12:20:00,3086552
74.0,39.8,72.0,48.0,2026-05-31 12:40:00,3086552
75.7,38.4,73.2,48.6,2026-05-31 13:00:00,3086552
76.6,39.1,74.1,49.9,2026-05-31 13:20:00,3086552
77.3,37.0,74.7,49.0,2026-05-31 13:40:00,3086552
77.6,36.5,74.8,48.9,2026-05-31 14:00:00,3086552
78.1,35.6,75.4,48.7,2026-05-31 14:20:00,3086552
78.4,38.9,76.1,51.3,2026-05-31 14:40:00,3086552
81.5,34.7,78.8,51.0,2026-05-31 15:00:00,3086552
79.9,36.6,77.4,51.0,2026-05-31 15:20:00,3086552
79.3,35.3,76.6,49.5,2026-05-31 15:40:00,3086552
80.0,36.7,77.5,51.1,2026-05-31 16:00:00,3086552
79.3,39.7,77.2,52.7,2026-05-31 16:20:00,3086552
77.0,39.7,74.7,50.6,2026-05-31 16:40:00,3086552
77.3,41.1,75.0,51.9,2026-05-31 17:00:00,3086552
78.5,40.7,76.5,52.7,2026-05-31 17:20:00,3086552
77.5,40.9,75.2,51.9,2026-05-31 17:40:00,3086552
76.5,41.7,74.5,51.5,2026-05-31 18:00:00,3086552
76.5,43.3,74.5,52.5,2026-05-31 18:20:00,3086552
75.9,45.1,74.1,53.1,2026-05-31 18:40:00,3086552
75.7,47.2,74.1,54.2,2026-05-31 19:00:00,3086552
75.5,46.9,73.9,53.8,2026-05-31 19:20:00,3086552
75.1,49.1,73.8,54.6,2026-05-31 19:40:00,3086552
74.7,48.6,73.4,54.1,2026-05-31 20:00:00,3086552
74.4,49.7,73.2,54.4,2026-05-31 20:20:00,3086552
73.7,50.6,72.7,54.2,2026-05-31 20:40:00,3086552
72.5,53.2,72.0,54.5,2026-05-31 21:00:00,3086552
72.0,55.5,71.6,55.2,2026-05-31 21:20:00,3086552
71.7,55.3,71.2,54.9,2026-05-31 21:40:00,3086552
71.3,55.4,70.9,54.5,2026-05-31 22:00:00,3086552
71.6,54.6,70.9,54.4,2026-05-31 22:20:00,3086552
71.4,55.6,70.9,54.7,2026-05-31 22:40:00,3086552
71.0,57.9,70.7,55.4,2026-05-31 23:00:00,3086552
71.0,59.4,70.7,56.1,2026-05-31 23:20:00,3086552
71.1,60.3,71.1,56.6,2026-05-31 23:40:00,3086552
71.2,60.6,71.1,56.8,2026-06-01 00:00:00,3086552
70.4,62.4,70.3,57.0,2026-06-01 00:20:00,3086552
70.2,64.0,70.2,57.4,2026-06-01 00:40:00,3086552
69.8,65.3,69.4,57.6,2026-06-01 01:00:00,3086552
69.7,66.0,69.4,57.9,2026-06-01 01:20:00,3086552
69.6,66.2,69.6,57.8,2026-06-01 01:40:00,3086552
69.9,67.5,70.0,58.6,2026-06-01 02:00:00,3086552
69.9,68.3,70.0,58.9,2026-06-01 02:20:00,3086552
69.8,68.5,69.6,59.0,2026-06-01 02:40:00,3086552
69.7,69.2,69.8,59.1,2026-06-01 03:00:00,3086552
69.5,70.2,69.6,59.3,2026-06-01 03:20:00,3086552
69.3,70.8,69.4,59.4,2026-06-01 03:40:00,3086552
68.9,71.5,68.9,59.3,2026-06-01 04:00:00,3086552
68.5,72.8,68.4,59.4,2026-06-01 04:20:00,3086552
68.2,73.5,68.2,59.4,2026-06-01 04:40:00,3086552
68.5,73.7,68.4,59.7,2026-06-01 05:00:00,3086552
68.2,73.6,68.2,59.4,2026-06-01 05:20:00,3086552
67.9,73.5,67.8,59.2,2026-06-01 05:40:00,3086552
67.5,74.0,67.3,58.9,2026-06-01 06:00:00,3086552
67.3,74.9,67.1,59.1,2026-06-01 06:20:00,3086552
67.0,76.1,66.7,59.3,2026-06-01 06:40:00,3086552
67.5,75.8,67.5,59.6,2026-06-01 07:00:00,3086552
68.7,73.9,68.7,60.0,2026-06-01 07:20:00,3086552
69.7,72.5,70.0,60.4,2026-06-01 07:40:00,3086552
70.2,72.2,70.7,60.9,2026-06-01 08:00:00,3086552
70.8,72.2,71.6,61.4,2026-06-01 08:20:00,3086552
71.4,70.8,72.0,61.4,2026-06-01 08:40:00,3086552
72.5,70.7,73.0,62.4,2026-06-01 09:00:00,3086552
73.3,69.6,73.9,62.7,2026-06-01 09:20:00,3086552
73.7,70.5,74.5,63.4,2026-06-01 09:40:00,3086552
74.8,69.6,75.6,64.2,2026-06-01 10:00:00,3086552
74.8,68.6,75.4,63.8,2026-06-01 10:20:00,3086552
75.5,67.5,75.9,64.0,2026-06-01 10:40:00,3086552
76.7,67.1,77.4,65.0,2026-06-01 11:00:00,3086552
78.2,63.7,79.3,64.9,2026-06-01 11:20:00,3086552
78.6,63.7,79.9,65.2,2026-06-01 11:40:00,3086552
80.8,59.2,82.8,65.3,2026-06-01 12:00:00,3086552
81.6,57.5,83.5,65.2,2026-06-01 12:20:00,3086552
81.6,55.5,82.9,64.1,2026-06-01 12:40:00,3086552
82.4,51.0,83.3,62.5,2026-06-01 13:00:00,3086552
83.4,49.6,84.6,62.6,2026-06-01 13:20:00,3086552
82.5,50.6,83.1,62.3,2026-06-01 13:40:00,3086552
82.6,47.1,82.8,60.4,2026-06-01 14:00:00,3086552
82.7,49.7,83.3,62.0,2026-06-01 14:20:00,3086552
82.1,45.1,81.5,58.7,2026-06-01 14:40:00,3086552
82.3,42.8,81.3,57.4,2026-06-01 15:00:00,3086552
82.4,43.4,81.7,57.9,2026-06-01 15:20:00,3086552
82.3,37.0,80.2,53.4,2026-06-01 15:40:00,3086552
83.5,36.4,81.9,54.1,2026-06-01 16:00:00,3086552
83.8,36.8,82.2,54.6,2026-06-01 16:20:00,3086552
84.2,39.2,83.3,56.6,2026-06-01 16:40:00,3086552
82.2,40.7,80.6,56.0,2026-06-01 17:00:00,3086552
81.2,42.3,79.9,56.1,2026-06-01 17:20:00,3086552
81.7,40.6,80.2,55.5,2026-06-01 17:40:00,3086552
81.1,40.6,79.3,54.9,2026-06-01 18:00:00,3086552
80.2,42.2,78.6,55.1,2026-06-01 18:20:00,3086552
80.1,42.6,78.6,55.3,2026-06-01 18:40:00,3086552
79.5,41.3,77.9,54.0,2026-06-01 19:00:00,3086552
79.2,40.8,77.4,53.4,2026-06-01 19:20:00,3086552
78.3,42.4,76.5,53.6,2026-06-01 19:40:00,3086552
77.4,43.4,75.6,53.4,2026-06-01 20:00:00,3086552
76.5,42.8,74.5,52.3,2026-06-01 20:20:00,3086552
75.1,44.5,73.4,52.0,2026-06-01 20:40:00,3086552
74.0,45.9,72.5,51.9,2026-06-01 21:00:00,3086552
73.3,46.6,72.0,51.7,2026-06-01 21:20:00,3086552
72.6,47.9,71.4,51.7,2026-06-01 21:40:00,3086552
71.9,48.6,70.9,51.5,2026-06-01 22:00:00,3086552
71.7,48.3,70.7,51.1,2026-06-01 22:20:00,3086552
71.5,46.7,70.3,50.1,2026-06-01 22:40:00,3086552
71.7,47.0,70.5,50.3,2026-06-01 23:00:00,3086552
71.8,48.7,70.9,51.5,2026-06-01 23:20:00,3086552
71.4,54.6,70.7,54.2,2026-06-01 23:40:00,3086552
70.6,56.3,70.2,54.3,2026-06-02 00:00:00,3086552
70.3,57.1,69.6,54.4,2026-06-02 00:20:00,3086552
69.8,58.1,69.3,54.4,2026-06-02 00:40:00,3086552
69.4,57.7,68.5,53.9,2026-06-02 01:00:00,3086552
68.8,56.7,67.6,52.8,2026-06-02 01:20:00,3086552
68.2,56.4,66.9,52.1,2026-06-02 01:40:00,3086552
67.5,55.2,65.8,50.9,2026-06-02 02:00:00,3086552
66.7,52.9,64.2,49.0,2026-06-02 02:20:00,3086552
65.8,54.1,63.0,48.7,2026-06-02 02:40:00,3086552
65.4,55.5,62.6,49.1,2026-06-02 03:00:00,3086552
64.9,56.9,62.2,49.3,2026-06-02 03:20:00,3086552
64.0,59.4,61.5,49.6,2026-06-02 03:40:00,3086552
63.3,61.9,61.3,50.1,2026-06-02 04:00:00,3086552
62.8,64.3,60.8,50.5,2026-06-02 04:20:00,3086552
62.5,66.3,60.8,51.1,2026-06-02 04:40:00,3086552
62.3,67.5,60.6,51.4,2026-06-02 05:00:00,3086552
62.0,68.5,60.4,51.5,2026-06-02 05:20:00,3086552
61.3,70.2,59.9,51.5,2026-06-02 05:40:00,3086552
60.9,71.2,59.5,51.6,2026-06-02 06:00:00,3086552
60.6,73.5,59.5,52.1,2026-06-02 06:20:00,3086552
60.6,74.0,59.7,52.3,2026-06-02 06:40:00,3086552
61.1,74.9,60.1,53.1,2026-06-02 07:00:00,3086552
61.6,74.6,60.6,53.4,2026-06-02 07:20:00,3086552
62.0,73.0,60.8,53.2,2026-06-02 07:40:00,3086552
62.3,70.9,61.0,52.8,2026-06-02 08:00:00,3086552
62.7,68.2,61.2,52.1,2026-06-02 08:20:00,3086552
63.1,65.2,61.2,51.3,2026-06-02 08:40:00,3086552
63.1,63.4,61.0,50.5,2026-06-02 09:00:00,3086552
65.3,60.5,63.0,51.2,2026-06-02 09:20:00,3086552
66.2,57.7,64.2,50.9,2026-06-02 09:40:00,3086552
66.5,56.8,64.4,50.7,2026-06-02 10:00:00,3086552
67.9,55.4,66.4,51.3,2026-06-02 10:20:00,3086552
68.4,52.2,66.7,50.2,2026-06-02 10:40:00,3086552
69.5,48.9,68.0,49.4,2026-06-02 11:00:00,3086552
70.7,46.4,69.4,49.1,2026-06-02 11:20:00,3086552
71.7,46.1,70.5,49.9,2026-06-02 11:40:00,3086552
74.4,39.2,72.1,48.0,2026-06-02 12:00:00,3086552
75.7,38.1,73.0,48.4,2026-06-02 12:20:00,3086552
76.4,37.3,73.8,48.4,2026-06-02 12:40:00,3086552
77.7,35.5,74.8,48.3,2026-06-02 13:00:00,3086552
78.8,35.2,76.3,49.0,2026-06-02 13:20:00,3086552
78.0,34.7,75.0,47.9,2026-06-02 13:40:00,3086552
78.4,32.8,75.2,46.7,2026-06-02 14:00:00,3086552
78.8,31.6,75.4,46.1,2026-06-02 14:20:00,3086552
77.7,31.6,74.3,45.2,2026-06-02 14:40:00,3086552
79.5,28.9,75.9,44.4,2026-06-02 15:00:00,3086552
79.9,28.7,76.3,44.5,2026-06-02 15:20:00,3086552
79.5,29.6,76.1,45.1,2026-06-02 15:40:00,3086552
78.6,30.1,75.4,44.7,2026-06-02 16:00:00,3086552
77.4,28.6,73.9,42.3,2026-06-02 16:20:00,3086552
77.4,30.3,74.1,43.8,2026-06-02 16:40:00,3086552
77.3,30.7,73.9,44.1,2026-06-02 17:00:00,3086552
76.5,30.7,73.2,43.4,2026-06-02 17:20:00,3086552
75.8,30.1,72.5,42.3,2026-06-02 17:40:00,3086552
75.3,29.6,72.0,41.4,2026-06-02 18:00:00,3086552
74.8,28.9,71.4,40.3,2026-06-02 18:20:00,3086552
74.2,29.3,71.1,40.2,2026-06-02 18:40:00,3086552
73.4,30.4,70.7,40.5,2026-06-02 19:00:00,3086552
73.0,30.4,70.2,40.1,2026-06-02 19:20:00,3086552
72.1,29.7,69.3,38.7,2026-06-02 19:40:00,3086552
71.1,31.5,68.7,39.4,2026-06-02 20:00:00,3086552
70.2,31.5,67.6,38.5,2026-06-02 20:20:00,3086552
69.2,33.1,66.2,39.0,2026-06-02 20:40:00,3086552
68.2,34.1,64.9,38.8,2026-06-02 21:00:00,3086552
67.5,34.5,64.0,38.6,2026-06-02 21:20:00,3086552
66.8,36.0,63.0,39.0,2026-06-02 21:40:00,3086552
65.4,37.8,61.0,39.0,2026-06-02 22:00:00,3086552
64.6,39.3,60.4,39.4,2026-06-02 22:20:00,3086552
63.7,40.9,59.7,39.5,2026-06-02 22:40:00,3086552
62.7,43.6,59.0,40.2,2026-06-02 23:00:00,3086552
61.8,44.7,58.3,40.0,2026-06-02 23:20:00,3086552
60.8,48.5,57.7,41.3,2026-06-02 23:40:00,3086552
59.9,50.8,57.2,41.6,2026-06-03 00:00:00,3086552
58.7,52.7,56.3,41.5,2026-06-03 00:20:00,3086552
57.7,54.5,55.4,41.4,2026-06-03 00:40:00,3086552
57.0,57.0,54.9,41.9,2026-06-03 01:00:00,3086552
56.1,59.0,54.3,42.0,2026-06-03 01:20:00,3086552
55.4,60.9,53.8,42.2,2026-06-03 01:40:00,3086552
55.1,62.9,53.6,42.7,2026-06-03 02:00:00,3086552
54.4,64.5,53.1,42.7,2026-06-03 02:20:00,3086552
54.1,66.2,52.9,43.1,2026-06-03 02:40:00,3086552
53.7,68.1,52.5,43.4,2026-06-03 03:00:00,3086552
53.5,69.0,52.3,43.6,2026-06-03 03:20:00,3086552
53.2,71.2,52.2,44.1,2026-06-03 03:40:00,3086552
52.8,72.5,52.0,44.2,2026-06-03 04:00:00,3086552
53.0,72.9,52.2,44.5,2026-06-03 04:20:00,3086552
52.5,73.6,51.8,44.3,2026-06-03 04:40:00,3086552
53.2,73.1,52.3,44.8,2026-06-03 05:00:00,3086552
53.4,71.4,52.7,44.4,2026-06-03 05:20:00,3086552
53.8,70.2,52.9,44.3,2026-06-03 05:40:00,3086552
54.3,68.1,53.1,44.0,2026-06-03 06:00:00,3086552
55.2,65.3,53.8,43.8,2026-06-03 06:20:00,3086552
55.7,64.9,54.1,44.1,2026-06-03 06:40:00,3086552
56.5,63.5,54.9,44.3,2026-06-03 07:00:00,3086552
58.0,62.1,56.3,45.1,2026-06-03 07:20:00,3086552
59.3,59.9,57.2,45.4,2026-06-03 07:40:00,3086552
60.9,56.9,58.5,45.6,2026-06-03 08:00:00,3086552
62.6,54.4,59.9,45.9,2026-06-03 08:20:00,3086552
64.8,49.8,61.5,45.6,2026-06-03 08:40:00,3086552
66.6,47.2,63.7,45.9,2026-06-03 09:00:00,3086552
68.7,45.0,66.6,46.5,2026-06-03 09:20:00,3086552
70.8,42.3,69.4,46.8,2026-06-03 09:40:00,3086552
72.4,39.7,70.5,46.5,2026-06-03 10:00:00,3086552
73.7,34.7,71.2,44.1,2026-06-03 10:20:00,3086552
74.7,34.2,72.0,44.7,2026-06-03 10:40:00,3086552
75.4,33.1,72.5,44.4,2026-06-03 11:00:00,3086552
76.1,31.9,73.0,44.1,2026-06-03 11:20:00,3086552
77.2,30.4,73.9,43.7,2026-06-03 11:40:00,3086552
79.0,28.7,75.6,43.8,2026-06-03 12:00:00,3086552
78.0,28.2,74.5,42.5,2026-06-03 12:20:00,3086552
78.8,28.2,75.2,43.1,2026-06-03 12:40:00,3086552
78.4,27.1,74.7,41.7,2026-06-03 13:00:00,3086552
80.2,26.6,76.5,42.9,2026-06-03 13:20:00,3086552
81.6,25.8,77.7,43.2,2026-06-03 13:40:00,3086552
81.6,25.6,77.7,43.1,2026-06-03 14:00:00,3086552
80.0,26.5,76.3,42.5,2026-06-03 14:20:00,3086552
80.6,26.5,76.8,43.0,2026-06-03 14:40:00,3086552
82.0,26.0,78.3,43.8,2026-06-03 15:00:00,3086552
80.4,26.6,76.8,43.0,2026-06-03 15:20:00,3086552
84.0,24.8,80.2,44.2,2026-06-03 15:40:00,3086552
84.8,25.2,81.3,45.3,2026-06-03 16:00:00,3086552
80.7,27.1,77.0,43.8,2026-06-03 16:20:00,3086552
81.0,28.0,77.4,44.9,2026-06-03 16:40:00,3086552
81.6,26.5,77.9,43.9,2026-06-03 17:00:00,3086552
81.1,26.1,77.2,43.1,2026-06-03 17:20:00,3086552
81.0,26.7,77.4,43.6,2026-06-03 17:40:00,3086552
80.7,27.8,77.0,44.4,2026-06-03 18:00:00,3086552
80.6,28.4,77.0,44.9,2026-06-03 18:20:00,3086552
79.8,27.6,76.1,43.5,2026-06-03 18:40:00,3086552
79.5,28.1,75.7,43.6,2026-06-03 19:00:00,3086552
79.0,30.0,75.6,44.9,2026-06-03 19:20:00,3086552
77.8,30.9,74.5,44.7,2026-06-03 19:40:00,3086552
76.8,31.1,73.4,44.0,2026-06-03 20:00:00,3086552
75.1,33.1,72.1,44.2,2026-06-03 20:20:00,3086552
73.6,34.9,71.2,44.2,2026-06-03 20:40:00,3086552
72.1,38.1,70.2,45.2,2026-06-03 21:00:00,3086552
70.6,39.7,68.9,44.9,2026-06-03 21:20:00,3086552
69.6,42.9,67.5,46.0,2026-06-03 21:40:00,3086552
68.6,45.9,66.6,46.9,2026-06-03 22:00:00,3086552
67.2,46.3,64.4,46.0,2026-06-03 22:20:00,3086552
66.1,48.6,63.0,46.1,2026-06-03 22:40:00,3086552
65.3,50.7,62.2,46.6,2026-06-03 23:00:00,3086552
64.8,52.6,61.9,47.0,2026-06-03 23:20:00,3086552
64.0,54.7,61.2,47.3,2026-06-03 23:40:00,3086552
63.5,56.0,60.6,47.5,2026-06-04 00:00:00,3086552
63.1,57.3,60.4,47.7,2026-06-04 00:20:00,3086552
62.4,58.3,60.1,47.6,2026-06-04 00:40:00,3086552
61.7,59.5,59.4,47.5,2026-06-04 01:00:00,3086552
61.2,62.2,59.4,48.2,2026-06-04 01:20:00,3086552
60.1,63.8,58.3,47.8,2026-06-04 01:40:00,3086552
59.5,66.0,57.9,48.1,2026-06-04 02:00:00,3086552
58.8,68.4,57.4,48.4,2026-06-04 02:20:00,3086552
58.5,68.6,57.2,48.2,2026-06-04 02:40:00,3086552
57.9,69.3,56.7,48.0,2026-06-04 03:00:00,3086552
57.6,69.8,56.5,47.8,2026-06-04 03:20:00,3086552
57.3,71.5,56.3,48.2,2026-06-04 03:40:00,3086552
56.4,72.8,55.4,47.8,2026-06-04 04:00:00,3086552
56.1,74.3,55.4,48.1,2026-06-04 04:20:00,3086552
56.1,75.2,55.6,48.4,2026-06-04 04:40:00,3086552
55.5,76.4,54.9,48.2,2026-06-04 05:00:00,3086552
55.6,76.5,55.0,48.3,2026-06-04 05:20:00,3086552
55.1,77.7,54.5,48.3,2026-06-04 05:40:00,3086552
54.8,78.3,54.1,48.2,2026-06-04 06:00:00,3086552
55.1,79.1,54.7,48.7,2026-06-04 06:20:00,3086552
55.1,80.1,54.7,49.1,2026-06-04 06:40:00,3086552
55.8,80.9,55.6,50.0,2026-06-04 07:00:00,3086552
57.1,80.4,56.7,51.2,2026-06-04 07:20:00,3086552
59.2,78.6,58.6,52.5,2026-06-04 07:40:00,3086552
61.7,73.6,60.8,53.2,2026-06-04 08:00:00,3086552
65.0,63.9,63.1,52.5,2026-06-04 08:20:00,3086552
68.5,53.8,66.9,51.1,2026-06-04 08:40:00,3086552
70.8,48.9,70.0,50.6,2026-06-04 09:00:00,3086552
72.6,47.2,71.4,51.3,2026-06-04 09:20:00,3086552
74.3,42.9,72.3,50.3,2026-06-04 09:40:00,3086552
76.3,40.3,74.1,50.4,2026-06-04 10:00:00,3086552
78.0,37.0,75.6,49.6,2026-06-04 10:20:00,3086552
79.7,32.4,76.8,47.6,2026-06-04 10:40:00,3086552
80.7,31.5,77.5,47.8,2026-06-04 11:00:00,3086552
81.6,29.4,78.1,46.7,2026-06-04 11:20:00,3086552
82.1,27.9,78.4,45.7,2026-06-04 11:40:00,3086552
82.9,26.8,79.2,45.3,2026-06-04 12:00:00,3086552
82.8,26.1,79.2,44.6,2026-06-04 12:20:00,3086552
84.2,26.3,80.8,46.0,2026-06-04 12:40:00,3086552
84.4,24.2,80.6,43.9,2026-06-04 13:00:00,3086552
86.4,23.9,82.8,45.2,2026-06-04 13:20:00,3086552
87.2,24.6,83.8,46.8,2026-06-04 13:40:00,3086552
86.5,23.9,82.8,45.4,2026-06-04 14:00:00,3086552
89.3,23.3,86.0,47.0,2026-06-04 14:20:00,3086552
88.4,22.9,84.9,45.8,2026-06-04 14:40:00,3086552
89.1,22.2,85.6,45.6,2026-06-04 15:00:00,3086552
90.1,21.4,86.5,45.4,2026-06-04 15:20:00,3086552
88.8,21.8,85.1,44.9,2026-06-04 15:40:00,3086552
89.8,22.4,86.5,46.4,2026-06-04 16:00:00,3086552
89.4,22.7,86.0,46.4,2026-06-04 16:20:00,3086552
88.2,23.7,84.9,46.5,2026-06-04 16:40:00,3086552
87.5,22.5,83.7,44.6,2026-06-04 17:00:00,3086552
87.7,22.9,84.0,45.3,2026-06-04 17:20:00,3086552
86.7,23.3,83.1,44.8,2026-06-04 17:40:00,3086552
87.2,24.1,83.7,46.1,2026-06-04 18:00:00,3086552
86.5,22.4,82.6,43.7,2026-06-04 18:20:00,3086552
85.6,25.2,82.0,46.0,2026-06-04 18:40:00,3086552
84.9,26.4,81.5,46.7,2026-06-04 19:00:00,3086552
83.9,26.0,80.2,45.3,2026-06-04 19:20:00,3086552
82.9,28.5,79.3,46.9,2026-06-04 19:40:00,3086552
81.6,30.3,78.3,47.5,2026-06-04 20:00:00,3086552
79.4,34.8,76.6,49.2,2026-06-04 20:20:00,3086552
78.2,37.3,75.7,50.0,2026-06-04 20:40:00,3086552
76.5,39.4,74.1,50.0,2026-06-04 21:00:00,3086552
74.3,42.6,72.3,50.1,2026-06-04 21:20:00,3086552
72.8,45.4,71.4,50.5,2026-06-04 21:40:00,3086552
72.2,48.8,71.2,51.8,2026-06-04 22:00:00,3086552
71.1,49.5,70.2,51.2,2026-06-04 22:20:00,3086552
70.1,51.7,69.1,51.5,2026-06-04 22:40:00,3086552
69.3,53.3,68.2,51.6,2026-06-04 23:00:00,3086552
68.5,55.1,67.1,51.7,2026-06-04 23:20:00,3086552
67.7,56.0,66.0,51.5,2026-06-04 23:40:00,3086552
66.9,57.7,65.1,51.5,2026-06-05 00:00:00,3086552
66.1,59.6,64.0,51.6,2026-06-05 00:20:00,3086552
65.7,61.6,63.7,52.1,2026-06-05 00:40:00,3086552
65.1,62.3,63.0,51.9,2026-06-05 01:00:00,3086552
64.6,65.3,62.8,52.7,2026-06-05 01:20:00,3086552
65.0,64.2,63.1,52.6,2026-06-05 01:40:00,3086552
65.4,64.2,63.5,53.0,2026-06-05 02:00:00,3086552
65.5,65.7,63.9,53.7,2026-06-05 02:20:00,3086552
64.8,67.1,63.1,53.7,2026-06-05 02:40:00,3086552
64.3,69.1,62.8,53.9,2026-06-05 03:00:00,3086552
63.9,70.5,62.6,54.1,2026-06-05 03:20:00,3086552
63.8,71.4,62.6,54.4,2026-06-05 03:40:00,3086552
63.6,72.4,62.4,54.6,2026-06-05 04:00:00,3086552
63.1,73.0,61.9,54.3,2026-06-05 04:20:00,3086552
62.3,74.9,61.3,54.2,2026-06-05 04:40:00,3086552
61.3,77.2,60.6,54.1,2026-06-05 05:00:00,3086552
60.3,79.6,59.9,53.9,2026-06-05 05:20:00,3086552
59.6,81.4,59.4,53.9,2026-06-05 05:40:00,3086552
59.4,83.2,59.4,54.3,2026-06-05 06:00:00,3086552
59.7,83.3,59.5,54.6,2026-06-05 06:20:00,3086552
60.3,83.1,60.3,55.1,2026-06-05 06:40:00,3086552
60.9,82.6,60.8,55.6,2026-06-05 07:00:00,3086552
62.3,80.6,61.9,56.2,2026-06-05 07:20:00,3086552
63.7,77.7,63.1,56.7,2026-06-05 07:40:00,3086552
66.1,72.9,65.3,57.2,2026-06-05 08:00:00,3086552
67.9,69.1,67.5,57.5,2026-06-05 08:20:00,3086552
70.3,65.4,70.2,58.1,2026-06-05 08:40:00,3086552
72.7,61.5,72.9,58.7,2026-06-05 09:00:00,3086552
76.1,55.4,75.6,59.0,2026-06-05 09:20:00,3086552
78.9,48.8,78.1,58.0,2026-06-05 09:40:00,3086552
80.8,44.8,79.9,57.4,2026-06-05 10:00:00,3086552
82.9,42.8,82.0,58.0,2026-06-05 10:20:00,3086552
84.1,40.7,83.5,57.7,2026-06-05 10:40:00,3086552
85.5,37.3,84.7,56.5,2026-06-05 11:00:00,3086552
86.5,35.1,85.5,55.6,2026-06-05 11:20:00,3086552
87.2,29.8,84.7,51.8,2026-06-05 11:40:00,3086552
88.3,31.7,86.7,54.4,2026-06-05 12:00:00,3086552
88.4,30.0,86.5,53.1,2026-06-05 12:20:00,3086552
89.6,31.8,88.9,55.7,2026-06-05 12:40:00,3086552
90.4,30.2,89.4,55.0,2026-06-05 13:00:00,3086552
91.2,27.6,89.8,53.2,2026-06-05 13:20:00,3086552
90.3,27.5,88.3,52.3,2026-06-05 13:40:00,3086552
92.8,26.6,91.6,53.4,2026-06-05 14:00:00,3086552
92.2,26.5,90.9,52.9,2026-06-05 14:20:00,3086552
92.3,25.3,90.5,51.6,2026-06-05 14:40:00,3086552
94.2,25.6,93.2,53.7,2026-06-05 15:00:00,3086552
94.4,25.9,93.6,54.2,2026-06-05 15:20:00,3086552
95.2,24.8,94.3,53.6,2026-06-05 15:40:00,3086552
93.6,25.1,92.3,52.5,2026-06-05 16:00:00,3086552
93.5,25.1,92.1,52.5,2026-06-05 16:20:00,3086552
92.4,26.1,91.0,52.6,2026-06-05 16:40:00,3086552
91.8,25.5,90.1,51.5,2026-06-05 17:00:00,3086552
92.1,26.4,90.7,52.8,2026-06-05 17:20:00,3086552
91.3,26.5,89.6,52.1,2026-06-05 17:40:00,3086552
90.5,26.4,88.3,51.4,2026-06-05 18:00:00,3086552
90.5,26.9,88.5,51.9,2026-06-05 18:20:00,3086552
89.9,28.5,88.3,52.9,2026-06-05 18:40:00,3086552
89.0,29.5,87.3,53.1,2026-06-05 19:00:00,3086552
88.3,29.9,86.2,52.9,2026-06-05 19:20:00,3086552
87.4,31.1,85.5,53.1,2026-06-05 19:40:00,3086552
86.1,32.3,84.2,53.1,2026-06-05 20:00:00,3086552
85.0,34.0,83.1,53.5,2026-06-05 20:20:00,3086552
83.4,35.8,81.5,53.5,2026-06-05 20:40:00,3086552
81.9,38.1,80.1,53.9,2026-06-05 21:00:00,3086552
80.7,40.0,78.8,54.1,2026-06-05 21:20:00,3086552
79.4,43.1,77.9,55.1,2026-06-05 21:40:00,3086552
79.1,43.0,77.5,54.7,2026-06-05 22:00:00,3086552
78.3,44.7,76.8,55.1,2026-06-05 22:20:00,3086552
78.1,45.0,76.5,55.0,2026-06-05 22:40:00,3086552
77.5,46.7,75.9,55.5,2026-06-05 23:00:00,3086552
77.1,48.1,75.6,56.0,2026-06-05 23:20:00,3086552
76.1,49.1,74.8,55.6,2026-06-05 23:40:00,3086552
75.1,51.0,73.9,55.7,2026-06-06 00:00:00,3086552
74.8,52.1,73.8,56.1,2026-06-06 00:20:00,3086552
75.0,52.0,73.9,56.2,2026-06-06 00:40:00,3086552
74.4,53.1,73.6,56.3,2026-06-06 01:00:00,3086552
74.1,54.3,73.2,56.6,2026-06-06 01:20:00,3086552
73.5,55.8,73.0,56.8,2026-06-06 01:40:00,3086552
72.9,57.3,72.5,56.9,2026-06-06 02:00:00,3086552
71.9,60.2,71.8,57.3,2026-06-06 02:20:00,3086552
71.4,61.0,71.2,57.2,2026-06-06 02:40:00,3086552
71.0,62.0,71.1,57.3,2026-06-06 03:00:00,3086552
70.5,63.0,70.5,57.3,2026-06-06 03:20:00,3086552
70.2,63.7,70.2,57.3,2026-06-06 03:40:00,3086552
69.8,64.7,69.4,57.3,2026-06-06 04:00:00,3086552
69.6,65.7,69.3,57.6,2026-06-06 04:20:00,3086552
69.4,66.2,69.3,57.6,2026-06-06 04:40:00,3086552
69.1,66.9,68.9,57.7,2026-06-06 05:00:00,3086552
68.6,67.9,68.2,57.6,2026-06-06 05:20:00,3086552
68.4,68.7,68.0,57.7,2026-06-06 05:40:00,3086552
68.5,69.3,68.2,58.0,2026-06-06 06:00:00,3086552
68.3,69.7,68.0,58.0,2026-06-06 06:20:00,3086552
68.7,69.9,68.7,58.5,2026-06-06 06:40:00,3086552
69.7,69.7,69.8,59.4,2026-06-06 07:00:00,3086552
70.6,69.3,71.1,60.1,2026-06-06 07:20:00,3086552
71.6,67.8,72.1,60.4,2026-06-06 07:40:00,3086552
73.0,65.9,73.2,60.9,2026-06-06 08:00:00,3086552
74.5,63.3,74.8,61.2,2026-06-06 08:20:00,3086552
75.8,60.2,75.7,61.0,2026-06-06 08:40:00,3086552
77.1,59.5,77.0,61.9,2026-06-06 09:00:00,3086552
78.9,55.8,79.2,61.8,2026-06-06 09:20:00,3086552
79.8,53.4,80.1,61.4,2026-06-06 09:40:00,3086552
80.8,51.1,81.1,61.0,2026-06-06 10:00:00,3086552
81.7,50.0,82.2,61.3,2026-06-06 10:20:00,3086552
82.6,49.7,83.3,62.0,2026-06-06 10:40:00,3086552
83.5,46.5,84.0,60.9,2026-06-06 11:00:00,3086552
85.0,44.0,85.6,60.7,2026-06-06 11:20:00,3086552
85.8,42.2,86.7,60.2,2026-06-06 11:40:00,3086552
86.7,41.7,87.6,60.7,2026-06-06 12:00:00,3086552
87.7,40.1,88.7,60.5,2026-06-06 12:20:00,3086552
88.4,39.4,89.6,60.6,2026-06-06 12:40:00,3086552
90.5,35.9,91.9,59.9,2026-06-06 13:00:00,3086552
90.1,36.5,91.4,60.0,2026-06-06 13:20:00,3086552
89.9,38.1,91.6,60.9,2026-06-06 13:40:00,3086552
89.3,37.2,90.3,59.8,2026-06-06 14:00:00,3086552
88.9,38.9,90.3,60.7,2026-06-06 14:20:00,3086552
91.5,38.8,94.6,63.0,2026-06-06 14:40:00,3086552
90.5,37.9,92.5,61.4,2026-06-06 15:00:00,3086552
92.2,37.0,95.0,62.2,2026-06-06 15:20:00,3086552
89.1,37.7,90.3,59.9,2026-06-06 15:40:00,3086552
91.7,36.7,94.1,61.5,2026-06-06 16:00:00,3086552
90.4,35.7,91.6,59.6,2026-06-06 16:20:00,3086552
90.3,36.2,91.4,59.9,2026-06-06 16:40:00,3086552
90.1,36.6,91.4,59.9,2026-06-06 17:00:00,3086552
90.0,37.4,91.6,60.5,2026-06-06 17:20:00,3086552
89.8,35.8,90.7,59.1,2026-06-06 17:40:00,3086552
89.8,35.9,90.9,59.2,2026-06-06 18:00:00,3086552
89.2,34.2,89.1,57.3,2026-06-06 18:20:00,3086552
88.6,34.3,88.2,56.9,2026-06-06 18:40:00,3086552
88.4,37.1,88.9,58.9,2026-06-06 19:00:00,3086552
87.5,38.8,88.0,59.3,2026-06-06 19:20:00,3086552
86.8,38.2,86.9,58.3,2026-06-06 19:40:00,3086552
86.2,40.7,86.7,59.5,2026-06-06 20:00:00,3086552
85.0,41.9,85.1,59.3,2026-06-06 20:20:00,3086552
83.9,43.2,83.8,59.2,2026-06-06 20:40:00,3086552
82.2,45.9,81.5,59.3,2026-06-06 21:00:00,3086552
81.4,47.9,81.1,59.8,2026-06-06 21:20:00,3086552
80.6,49.2,80.2,59.8,2026-06-06 21:40:00,3086552
80.4,50.4,80.2,60.3,2026-06-06 22:00:00,3086552
77.0,58.1,76.8,61.2,2026-06-07 00:40:00,3086552
76.5,59.4,76.3,61.3,2026-06-07 01:00:00,3086552
76.0,60.9,75.9,61.5,2026-06-07 01:20:00,3086552
75.1,62.6,75.2,61.4,2026-06-07 01:40:00,3086552
74.1,64.5,74.3,61.3,2026-06-07 02:00:00,3086552
73.0,66.9,73.4,61.4,2026-06-07 02:20:00,3086552
72.8,68.0,73.2,61.6,2026-06-07 02:40:00,3086552
72.2,69.3,72.9,61.6,2026-06-07 03:00:00,3086552
71.9,70.5,72.5,61.7,2026-06-07 03:20:00,3086552
71.8,70.9,72.5,61.9,2026-06-07 03:40:00,3086552
71.7,71.3,72.3,61.9,2026-06-07 04:00:00,3086552
71.7,71.6,72.3,62.0,2026-06-07 04:20:00,3086552
71.3,72.0,72.1,61.8,2026-06-07 04:40:00,3086552
71.0,72.8,71.8,61.8,2026-06-07 05:00:00,3086552
70.7,73.9,71.2,62.0,2026-06-07 05:20:00,3086552
70.5,74.4,71.1,62.0,2026-06-07 05:40:00,3086552
70.1,75.1,70.7,61.9,2026-06-07 06:00:00,3086552
70.4,75.6,71.2,62.3,2026-06-07 06:20:00,3086552
70.8,75.1,71.8,62.5,2026-06-07 06:40:00,3086552
71.1,75.0,72.1,62.8,2026-06-07 07:00:00,3086552
71.9,74.1,72.7,63.2,2026-06-07 07:20:00,3086552
72.8,73.0,73.8,63.6,2026-06-07 07:40:00,3086552
73.7,71.5,74.5,63.9,2026-06-07 08:00:00,3086552
74.6,70.6,75.4,64.4,2026-06-07 08:20:00,3086552
75.8,69.1,76.6,64.9,2026-06-07 08:40:00,3086552
77.4,65.4,78.4,64.9,2026-06-07 09:00:00,3086552
78.8,62.7,80.2,65.0,2026-06-07 09:20:00,3086552
80.2,60.0,81.9,65.0,2026-06-07 09:40:00,3086552
81.2,58.3,82.9,65.2,2026-06-07 10:00:00,3086552
82.5,55.2,84.2,64.8,2026-06-07 10:20:00,3086552
84.0,52.7,86.5,64.9,2026-06-07 10:40:00,3086552
85.1,51.1,87.8,65.0,2026-06-07 11:00:00,3086552
86.0,50.1,89.1,65.2,2026-06-07 11:20:00,3086552
86.7,48.0,89.4,64.7,2026-06-07 11:40:00,3086552
88.2,44.5,90.7,63.8,2026-06-07 12:00:00,3086552
89.8,40.9,92.3,62.9,2026-06-07 12:20:00,3086552
91.0,37.1,93.0,61.2,2026-06-07 12:40:00,3086552
91.9,37.9,94.8,62.5,2026-06-07 13:00:00,3086552
95.0,35.0,99.0,63.1,2026-06-07 13:20:00,3086552
93.8,34.7,96.8,61.8,2026-06-07 13:40:00,3086552
92.8,33.1,94.1,59.6,2026-06-07 14:00:00,3086552
93.9,33.8,96.4,61.1,2026-06-07 14:20:00,3086552
94.6,31.8,96.4,60.0,2026-06-07 14:40:00,3086552
94.7,32.9,97.2,61.0,2026-06-07 15:00:00,3086552
94.3,35.0,97.9,62.4,2026-06-07 15:20:00,3086552
94.9,30.8,96.4,59.4,2026-06-07 15:40:00,3086552
94.4,32.2,96.3,60.2,2026-06-07 16:00:00,3086552
95.8,33.8,99.7,62.8,2026-06-07 16:20:00,3086552
94.2,34.4,97.2,61.8,2026-06-07 16:40:00,3086552
93.2,35.4,95.7,61.8,2026-06-07 17:00:00,3086552
92.5,38.2,96.3,63.4,2026-06-07 17:20:00,3086552
93.0,39.7,97.5,64.9,2026-06-07 17:40:00,3086552
91.6,39.8,95.4,63.7,2026-06-07 18:00:00,3086552
91.2,39.7,94.6,63.3,2026-06-07 18:20:00,3086552
90.6,39.7,93.4,62.8,2026-06-07 18:40:00,3086552
90.4,39.9,93.2,62.6,2026-06-07 19:00:00,3086552
89.7,41.0,92.5,62.9,2026-06-07 19:20:00,3086552
89.0,41.5,91.2,62.6,2026-06-07 19:40:00,3086552
88.0,41.9,89.8,62.0,2026-06-07 20:00:00,3086552
87.4,41.5,88.5,61.2,2026-06-07 20:20:00,3086552
87.1,42.8,88.7,61.8,2026-06-07 20:40:00,3086552
86.2,44.5,87.6,62.0,2026-06-07 21:00:00,3086552
85.4,46.3,86.9,62.5,2026-06-07 21:20:00,3086552
84.6,47.6,86.2,62.5,2026-06-07 21:40:00,3086552
84.1,49.1,85.6,62.9,2026-06-07 22:00:00,3086552
83.3,50.5,84.7,63.0,2026-06-07 22:20:00,3086552
82.7,51.3,83.7,62.9,2026-06-07 22:40:00,3086552
82.5,51.9,83.5,63.0,2026-06-07 23:00:00,3086552
81.9,53.2,82.9,63.2,2026-06-07 23:20:00,3086552
81.4,54.8,82.4,63.5,2026-06-07 23:40:00,3086552
80.7,56.4,81.9,63.8,2026-06-08 00:00:00,3086552
80.0,57.9,81.0,63.9,2026-06-08 00:20:00,3086552
79.3,59.5,80.2,64.0,2026-06-08 00:40:00,3086552
78.8,60.7,79.9,64.1,2026-06-08 01:00:00,3086552
78.4,61.8,79.3,64.2,2026-06-08 01:20:00,3086552
77.9,63.0,78.6,64.3,2026-06-08 01:40:00,3086552
77.5,64.0,78.1,64.4,2026-06-08 02:00:00,3086552
76.9,65.1,77.5,64.3,2026-06-08 02:20:00,3086552
76.5,66.3,77.2,64.5,2026-06-08 02:40:00,3086552
76.2,67.2,76.6,64.5,2026-06-08 03:00:00,3086552
75.5,68.9,76.1,64.6,2026-06-08 03:20:00,3086552
75.2,70.0,75.9,64.7,2026-06-08 03:40:00,3086552
75.4,69.7,76.3,64.8,2026-06-08 04:00:00,3086552
75.1,70.6,76.1,64.9,2026-06-08 04:20:00,3086552
75.3,70.5,76.1,65.0,2026-06-08 04:40:00,3086552
74.7,71.9,75.7,65.0,2026-06-08 05:00:00,3086552
74.0,73.0,75.0,64.8,2026-06-08 05:20:00,3086552
73.4,74.5,74.5,64.8,2026-06-08 05:40:00,3086552
73.1,75.7,74.3,64.9,2026-06-08 06:00:00,3086552
72.9,76.7,74.1,65.1,2026-06-08 06:20:00,3086552
73.0,77.5,74.1,65.5,2026-06-08 06:40:00,3086552
73.5,77.8,74.8,66.2,2026-06-08 07:00:00,3086552
74.5,77.3,76.1,67.0,2026-06-08 07:20:00,3086552
75.9,74.7,77.4,67.3,2026-06-08 07:40:00,3086552
77.7,68.3,79.5,66.4,2026-06-08 08:00:00,3086552
78.8,67.2,80.8,66.9,2026-06-08 08:20:00,3086552
80.1,66.3,83.1,67.8,2026-06-08 08:40:00,3086552
81.8,63.3,84.9,68.1,2026-06-08 09:00:00,3086552
83.3,61.6,87.6,68.7,2026-06-08 09:20:00,3086552
84.2,58.0,88.3,67.8,2026-06-08 09:40:00,3086552
85.3,56.3,90.0,68.0,2026-06-08 10:00:00,3086552
86.4,54.9,91.6,68.3,2026-06-08 10:20:00,3086552
87.4,54.1,93.0,68.8,2026-06-08 10:40:00,3086552
88.4,52.0,94.3,68.5,2026-06-08 11:00:00,3086552
89.0,50.7,94.8,68.3,2026-06-08 11:20:00,3086552
90.8,49.9,98.2,69.5,2026-06-08 11:40:00,3086552
91.0,46.4,97.0,67.6,2026-06-08 12:00:00,3086552
91.1,43.8,96.1,66.0,2026-06-08 12:20:00,3086552
92.7,42.6,98.6,66.6,2026-06-08 12:40:00,3086552
92.4,40.9,97.2,65.2,2026-06-08 13:00:00,3086552
93.0,41.2,98.2,65.9,2026-06-08 13:20:00,3086552
93.1,39.3,97.7,64.7,2026-06-08 13:40:00,3086552
92.8,40.9,97.9,65.6,2026-06-08 14:00:00,3086552
93.5,39.8,98.6,65.4,2026-06-08 14:20:00,3086552
95.4,37.5,101.3,65.4,2026-06-08 14:40:00,3086552
93.9,38.0,98.4,64.4,2026-06-08 15:00:00,3086552
94.1,38.3,99.0,64.8,2026-06-08 15:20:00,3086552
93.7,38.9,98.4,64.9,2026-06-08 15:40:00,3086552
93.6,38.9,98.4,64.9,2026-06-08 16:00:00,3086552
91.4,41.6,95.9,64.8,2026-06-08 16:20:00,3086552
92.4,40.6,97.0,65.0,2026-06-08 16:40:00,3086552
92.4,39.5,96.6,64.2,2026-06-08 17:00:00,3086552
91.5,40.2,95.2,63.9,2026-06-08 17:20:00,3086552
91.5,39.9,95.2,63.7,2026-06-08 17:40:00,3086552
91.5,38.9,94.6,63.0,2026-06-08 18:00:00,3086552
90.4,38.9,92.8,62.0,2026-06-08 18:20:00,3086552
89.3,39.9,91.4,61.7,2026-06-08 18:40:00,3086552
88.4,41.0,90.0,61.7,2026-06-08 19:00:00,3086552
87.5,42.0,88.9,61.6,2026-06-08 19:20:00,3086552
86.9,43.5,88.3,62.0,2026-06-08 19:40:00,3086552
85.8,46.6,87.8,63.1,2026-06-08 20:00:00,3086552
85.0,48.8,87.1,63.6,2026-06-08 20:20:00,3086552
83.8,50.6,85.5,63.6,2026-06-08 20:40:00,3086552
82.6,52.6,84.0,63.5,2026-06-08 21:00:00,3086552
81.6,54.3,82.8,63.5,2026-06-08 21:20:00,3086552
80.5,55.6,81.3,63.2,2026-06-08 21:40:00,3086552
79.5,57.6,80.2,63.2,2026-06-08 22:00:00,3086552
78.4,59.5,79.0,63.1,2026-06-08 22:20:00,3086552
77.1,61.6,77.4,62.9,2026-06-08 22:40:00,3086552
75.8,63.7,76.1,62.6,2026-06-08 23:00:00,3086552
74.4,65.1,74.7,61.9,2026-06-08 23:20:00,3086552
73.5,65.3,73.8,61.1,2026-06-08 23:40:00,3086552
72.4,66.5,72.9,60.6,2026-06-09 00:00:00,3086552
71.7,68.0,72.1,60.6,2026-06-09 00:20:00,3086552
71.1,68.8,71.6,60.3,2026-06-09 00:40:00,3086552
70.6,69.5,71.1,60.1,2026-06-09 01:00:00,3086552
70.3,70.6,70.5,60.2,2026-06-09 01:20:00,3086552
69.7,71.2,69.8,59.9,2026-06-09 01:40:00,3086552
68.8,67.3,68.4,57.5,2026-06-09 02:00:00,3086552
67.9,67.5,67.3,56.8,2026-06-09 02:20:00,3086552
67.6,68.2,66.7,56.7,2026-06-09 02:40:00,3086552
67.4,69.4,66.7,57.1,2026-06-09 03:00:00,3086552
67.4,70.2,66.7,57.4,2026-06-09 03:20:00,3086552
67.2,70.3,66.6,57.2,2026-06-09 03:40:00,3086552
67.0,70.9,66.2,57.2,2026-06-09 04:00:00,3086552
67.0,71.6,66.4,57.5,2026-06-09 04:20:00,3086552
66.9,71.9,66.2,57.5,2026-06-09 04:40:00,3086552
66.6,71.9,65.8,57.2,2026-06-09 05:00:00,3086552
66.5,73.2,65.7,57.7,2026-06-09 05:20:00,3086552
66.6,73.4,66.0,57.8,2026-06-09 05:40:00,3086552
66.6,71.3,65.8,57.0,2026-06-09 06:00:00,3086552
66.3,69.2,65.1,56.0,2026-06-09 06:20:00,3086552
66.3,68.2,65.1,55.5,2026-06-09 06:40:00,3086552
66.7,68.0,65.7,55.8,2026-06-09 07:00:00,3086552
67.0,67.8,66.0,56.1,2026-06-09 07:20:00,3086552
67.5,67.0,66.7,56.1,2026-06-09 07:40:00,3086552
67.2,67.8,66.4,56.2,2026-06-09 08:00:00,3086552
67.9,67.5,67.3,56.8,2026-06-09 08:20:00,3086552
68.8,67.9,68.5,57.7,2026-06-09 08:40:00,3086552
69.7,66.5,69.6,58.1,2026-06-09 09:00:00,3086552
70.7,66.3,70.9,58.9,2026-06-09 09:20:00,3086552
71.2,67.3,71.6,59.8,2026-06-09 09:40:00,3086552
72.1,65.2,72.3,59.8,2026-06-09 10:00:00,3086552
73.0,64.8,73.2,60.5,2026-06-09 10:20:00,3086552
73.7,62.9,73.8,60.3,2026-06-09 10:40:00,3086552
74.9,62.1,75.0,61.0,2026-06-09 11:00:00,3086552
76.2,60.2,76.1,61.4,2026-06-09 11:20:00,3086552
77.0,59.4,77.0,61.8,2026-06-09 11:40:00,3086552
78.0,58.9,78.3,62.5,2026-06-09 12:00:00,3086552
78.3,60.8,79.2,63.6,2026-06-09 12:20:00,3086552
79.1,59.2,80.1,63.6,2026-06-09 12:40:00,3086552
81.7,56.8,83.5,64.9,2026-06-09 13:00:00,3086552
81.3,57.9,82.9,65.0,2026-06-09 13:20:00,3086552
82.3,59.2,84.7,66.6,2026-06-09 13:40:00,3086552
84.2,55.7,87.4,66.6,2026-06-09 14:00:00,3086552
84.0,53.8,86.5,65.4,2026-06-09 14:20:00,3086552
86.0,54.3,90.3,67.6,2026-06-09 14:40:00,3086552
86.5,51.8,90.5,66.7,2026-06-09 15:00:00,3086552
85.5,53.0,89.2,66.4,2026-06-09 15:20:00,3086552
87.3,52.2,92.1,67.6,2026-06-09 15:40:00,3086552
85.8,53.2,90.0,66.9,2026-06-09 16:00:00,3086552
85.2,55.4,89.4,67.4,2026-06-09 16:20:00,3086552
85.1,57.0,90.0,68.2,2026-06-09 16:40:00,3086552
85.1,56.5,89.4,67.9,2026-06-09 17:00:00,3086552
84.8,56.9,89.2,67.8,2026-06-09 17:20:00,3086552
84.9,57.9,89.8,68.5,2026-06-09 17:40:00,3086552
84.5,58.0,88.7,68.1,2026-06-09 18:00:00,3086552
84.7,58.1,89.1,68.3,2026-06-09 18:20:00,3086552
84.4,58.2,88.7,68.1,2026-06-09 18:40:00,3086552
84.1,59.7,88.5,68.6,2026-06-09 19:00:00,3086552
84.1,60.2,88.7,68.8,2026-06-09 19:20:00,3086552
83.9,61.2,88.5,69.1,2026-06-09 19:40:00,3086552
83.2,62.3,87.4,69.0,2026-06-09 20:00:00,3086552
82.6,63.7,86.7,69.0,2026-06-09 20:20:00,3086552
81.7,65.4,85.5,69.0,2026-06-09 20:40:00,3086552
81.1,66.4,84.6,68.8,2026-06-09 21:00:00,3086552
80.6,67.2,84.0,68.7,2026-06-09 21:20:00,3086552
79.9,69.0,82.9,68.8,2026-06-09 21:40:00,3086552
78.9,70.9,81.7,68.6,2026-06-09 22:00:00,3086552
78.4,72.2,81.0,68.7,2026-06-09 22:20:00,3086552
78.4,72.6,81.1,68.8,2026-06-09 22:40:00,3086552
78.3,73.2,81.1,69.0,2026-06-09 23:00:00,3086552
78.5,74.0,81.7,69.5,2026-06-09 23:20:00,3086552
78.9,74.6,82.4,70.1,2026-06-09 23:40:00,3086552
78.7,75.5,82.2,70.3,2026-06-10 00:00:00,3086552
78.4,76.9,81.9,70.5,2026-06-10 00:20:00,3086552
78.1,77.9,81.7,70.6,2026-06-10 00:40:00,3086552
77.7,79.1,81.1,70.7,2026-06-10 01:00:00,3086552
77.3,80.3,80.2,70.7,2026-06-10 01:20:00,3086552
77.0,81.2,79.7,70.8,2026-06-10 01:40:00,3086552
76.6,82.1,79.2,70.8,2026-06-10 02:00:00,3086552
76.4,82.9,78.8,70.8,2026-06-10 02:20:00,3086552
76.2,83.2,78.6,70.8,2026-06-10 02:40:00,3086552
75.8,83.9,78.4,70.6,2026-06-10 03:00:00,3086552
75.5,84.6,77.9,70.5,2026-06-10 03:20:00,3086552
75.4,85.0,78.1,70.6,2026-06-10 03:40:00,3086552
75.2,85.5,77.9,70.6,2026-06-10 04:00:00,3086552
74.9,86.0,77.5,70.5,2026-06-10 04:20:00,3086552
74.7,86.4,77.4,70.4,2026-06-10 04:40:00,3086552
74.5,86.7,77.0,70.3,2026-06-10 05:00:00,3086552
74.4,86.7,76.8,70.2,2026-06-10 05:20:00,3086552
74.3,86.8,76.8,70.1,2026-06-10 05:40:00,3086552
74.2,87.1,76.6,70.1,2026-06-10 06:00:00,3086552
74.2,87.5,76.6,70.3,2026-06-10 06:20:00,3086552
74.6,87.5,77.2,70.6,2026-06-10 06:40:00,3086552
74.7,87.3,77.4,70.7,2026-06-10 07:00:00,3086552
75.0,87.0,77.5,70.8,2026-06-10 07:20:00,3086552
75.2,87.0,78.1,71.1,2026-06-10 07:40:00,3086552
75.5,86.6,78.3,71.2,2026-06-10 08:00:00,3086552
76.1,85.0,78.8,71.2,2026-06-10 08:20:00,3086552
76.7,83.3,79.7,71.3,2026-06-10 08:40:00,3086552
77.8,81.2,81.5,71.6,2026-06-10 09:00:00,3086552
78.9,79.0,83.3,71.8,2026-06-10 09:20:00,3086552
78.9,78.9,83.3,71.8,2026-06-10 09:40:00,3086552
80.8,75.9,86.4,72.5,2026-06-10 10:00:00,3086552
81.4,73.7,86.7,72.2,2026-06-10 10:20:00,3086552
82.8,72.2,89.4,72.9,2026-06-10 10:40:00,3086552
83.8,68.0,90.3,72.1,2026-06-10 11:00:00,3086552
83.4,68.6,89.8,72.0,2026-06-10 11:20:00,3086552
85.1,65.4,92.8,72.2,2026-06-10 11:40:00,3086552
85.2,60.7,91.0,70.1,2026-06-10 12:00:00,3086552
85.8,61.3,92.7,71.0,2026-06-10 12:20:00,3086552
86.8,58.8,93.7,70.7,2026-06-10 12:40:00,3086552
86.5,59.0,93.0,70.4,2026-06-10 13:00:00,3086552
88.9,53.8,96.3,70.0,2026-06-10 13:20:00,3086552
89.3,52.5,96.4,69.7,2026-06-10 13:40:00,3086552
89.2,51.4,95.5,68.9,2026-06-10 14:00:00,3086552
89.4,54.5,97.3,70.8,2026-06-10 14:20:00,3086552
89.9,53.0,97.9,70.5,2026-06-10 14:40:00,3086552
90.8,49.9,98.2,69.5,2026-06-10 15:00:00,3086552
91.5,47.3,98.6,68.6,2026-06-10 15:20:00,3086552
92.5,48.6,101.5,70.3,2026-06-10 15:40:00,3086552
91.5,47.8,98.8,68.9,2026-06-10 16:00:00,3086552
92.0,50.0,101.1,70.7,2026-06-10 16:20:00,3086552
89.5,51.3,96.3,69.2,2026-06-10 16:40:00,3086552
91.1,49.0,98.8,69.4,2026-06-10 17:00:00,3086552
91.2,48.1,98.2,68.8,2026-06-10 17:20:00,3086552
90.9,47.7,97.7,68.3,2026-06-10 17:40:00,3086552
91.5,48.5,99.1,69.3,2026-06-10 18:00:00,3086552
90.4,49.6,97.5,69.0,2026-06-10 18:20:00,3086552
90.2,49.8,97.2,68.9,2026-06-10 18:40:00,3086552
89.8,50.5,96.8,69.0,2026-06-10 19:00:00,3086552
89.2,51.0,95.5,68.7,2026-06-10 19:20:00,3086552
89.0,52.0,95.5,69.1,2026-06-10 19:40:00,3086552
88.3,51.9,93.9,68.4,2026-06-10 20:00:00,3086552
87.5,53.4,93.0,68.4,2026-06-10 20:20:00,3086552
86.6,55.7,92.1,68.9,2026-06-10 20:40:00,3086552
85.7,57.5,91.0,69.0,2026-06-10 21:00:00,3086552
85.0,59.3,90.3,69.2,2026-06-10 21:20:00,3086552
84.9,60.1,90.1,69.5,2026-06-10 21:40:00,3086552
84.5,61.4,89.8,69.8,2026-06-10 22:00:00,3086552
84.1,62.2,89.2,69.7,2026-06-10 22:20:00,3086552
83.5,63.5,88.7,69.9,2026-06-10 22:40:00,3086552
83.2,64.6,88.2,70.1,2026-06-10 23:00:00,3086552
82.9,65.3,87.4,70.0,2026-06-10 23:20:00,3086552
82.4,66.0,86.5,69.9,2026-06-10 23:40:00,3086552
82.0,66.7,86.4,69.9,2026-06-11 00:00:00,3086552
81.6,68.1,85.8,70.1,2026-06-11 00:20:00,3086552
81.0,69.3,85.1,70.0,2026-06-11 00:40:00,3086552
80.7,70.1,84.7,70.0,2026-06-11 01:00:00,3086552
80.3,71.0,84.4,70.0,2026-06-11 01:20:00,3086552
79.9,71.7,83.8,69.9,2026-06-11 01:40:00,3086552
79.4,72.7,83.1,69.8,2026-06-11 02:00:00,3086552
78.8,73.8,82.2,69.7,2026-06-11 02:20:00,3086552
78.3,74.6,81.3,69.5,2026-06-11 02:40:00,3086552
77.7,75.4,80.2,69.3,2026-06-11 03:00:00,3086552
77.4,76.2,79.9,69.3,2026-06-11 03:20:00,3086552
76.9,77.0,79.0,69.1,2026-06-11 03:40:00,3086552
76.6,77.5,78.4,69.0,2026-06-11 04:00:00,3086552
76.2,78.1,78.1,68.9,2026-06-11 04:20:00,3086552
75.9,78.6,77.9,68.8,2026-06-11 04:40:00,3086552
75.5,79.5,77.4,68.7,2026-06-11 05:00:00,3086552
75.2,79.5,77.0,68.4,2026-06-11 05:20:00,3086552
74.9,79.6,76.8,68.1,2026-06-11 05:40:00,3086552
74.8,79.3,76.6,68.0,2026-06-11 06:00:00,3086552
74.7,79.5,76.6,68.0,2026-06-11 06:20:00,3086552
75.1,79.0,76.8,68.2,2026-06-11 06:40:00,3086552
75.6,78.4,77.5,68.4,2026-06-11 07:00:00,3086552
76.2,77.9,78.1,68.8,2026-06-11 07:20:00,3086552
77.0,76.7,79.0,69.1,2026-06-11 07:40:00,3086552
77.8,75.8,80.6,69.5,2026-06-11 08:00:00,3086552
78.9,74.7,82.4,70.2,2026-06-11 08:20:00,3086552
80.2,73.5,84.4,71.0,2026-06-11 08:40:00,3086552
81.5,72.1,86.5,71.6,2026-06-11 09:00:00,3086552
82.6,70.5,88.5,72.1,2026-06-11 09:20:00,3086552
84.2,68.3,91.4,72.6,2026-06-11 09:40:00,3086552
85.6,66.4,94.1,73.1,2026-06-11 10:00:00,3086552
86.4,63.5,94.8,72.5,2026-06-11 10:20:00,3086552
87.5,60.9,95.9,72.4,2026-06-11 10:40:00,3086552
89.1,58.8,99.0,72.8,2026-06-11 11:00:00,3086552
89.2,57.1,98.1,72.0,2026-06-11 11:20:00,3086552
91.0,55.5,101.8,72.9,2026-06-11 11:40:00,3086552
93.2,51.1,104.5,72.4,2026-06-11 12:00:00,3086552
93.5,49.4,103.8,71.7,2026-06-11 12:20:00,3086552
95.0,47.4,106.3,71.8,2026-06-11 12:40:00,3086552
95.8,46.6,107.4,72.1,2026-06-11 13:00:00,3086552
95.0,43.3,103.6,69.2,2026-06-11 13:20:00,3086552
97.1,42.1,107.2,70.3,2026-06-11 13:40:00,3086552
95.8,42.3,104.7,69.2,2026-06-11 14:00:00,3086552
98.2,40.5,108.5,70.1,2026-06-11 14:20:00,3086552
97.5,40.0,106.9,69.1,2026-06-11 14:40:00,3086552
98.6,38.0,108.0,68.6,2026-06-11 15:00:00,3086552
98.6,37.1,107.2,67.9,2026-06-11 15:20:00,3086552
100.3,35.5,109.2,68.1,2026-06-11 15:40:00,3086552
99.8,36.0,108.5,68.0,2026-06-11 16:00:00,3086552
98.8,37.8,107.8,68.6,2026-06-11 16:20:00,3086552
97.1,39.3,105.6,68.2,2026-06-11 16:40:00,3086552
96.4,41.6,105.4,69.3,2026-06-11 17:00:00,3086552
96.4,40.8,104.9,68.7,2026-06-11 17:20:00,3086552
97.0,39.5,105.6,68.3,2026-06-11 17:40:00,3086552
96.2,41.1,104.7,68.7,2026-06-11 18:00:00,3086552
95.7,43.0,105.1,69.6,2026-06-11 18:20:00,3086552
94.1,44.4,102.4,69.1,2026-06-11 18:40:00,3086552
93.7,45.1,101.7,69.2,2026-06-11 19:00:00,3086552
93.4,45.2,101.3,69.0,2026-06-11 19:20:00,3086552
93.2,46.1,101.5,69.4,2026-06-11 19:40:00,3086552
92.4,47.5,100.4,69.5,2026-06-11 20:00:00,3086552
91.5,48.8,99.3,69.5,2026-06-11 20:20:00,3086552
90.5,50.1,98.1,69.4,2026-06-11 20:40:00,3086552
89.7,51.5,96.8,69.4,2026-06-11 21:00:00,3086552
89.1,53.6,96.4,70.0,2026-06-11 21:20:00,3086552
88.4,55.5,95.5,70.4,2026-06-11 21:40:00,3086552
87.7,56.2,94.5,70.1,2026-06-11 22:00:00,3086552
87.1,57.4,93.9,70.2,2026-06-11 22:20:00,3086552
86.5,58.2,92.7,70.1,2026-06-11 22:40:00,3086552
85.8,58.9,91.6,69.7,2026-06-11 23:00:00,3086552
85.2,60.3,90.9,69.9,2026-06-11 23:20:00,3086552
84.3,61.9,89.6,69.8,2026-06-11 23:40:00,3086552
83.7,63.3,88.9,69.9,2026-06-12 00:00:00,3086552
83.1,64.3,87.6,69.8,2026-06-12 00:20:00,3086552
82.7,65.3,87.1,69.9,2026-06-12 00:40:00,3086552
82.3,66.4,86.7,70.0,2026-06-12 01:00:00,3086552
81.9,67.4,86.2,70.0,2026-06-12 01:20:00,3086552
81.7,68.2,86.2,70.2,2026-06-12 01:40:00,3086552
81.5,68.8,85.6,70.3,2026-06-12 02:00:00,3086552
81.2,69.9,85.6,70.4,2026-06-12 02:20:00,3086552
80.9,70.9,85.3,70.5,2026-06-12 02:40:00,3086552
80.3,72.2,84.6,70.6,2026-06-12 03:00:00,3086552
80.0,73.5,84.2,70.8,2026-06-12 03:20:00,3086552
79.9,74.4,84.0,71.0,2026-06-12 03:40:00,3086552
79.6,75.3,83.8,71.1,2026-06-12 04:00:00,3086552
79.4,76.2,83.8,71.2,2026-06-12 04:20:00,3086552
79.3,77.2,83.7,71.5,2026-06-12 04:40:00,3086552
79.2,77.6,83.7,71.6,2026-06-12 05:00:00,3086552
79.1,78.3,83.5,71.7,2026-06-12 05:20:00,3086552
78.8,79.0,83.3,71.7,2026-06-12 05:40:00,3086552
78.7,79.6,83.1,71.9,2026-06-12 06:00:00,3086552
78.7,80.0,83.1,72.0,2026-06-12 06:20:00,3086552
78.9,80.4,83.5,72.3,2026-06-12 06:40:00,3086552
79.2,80.4,84.2,72.6,2026-06-12 07:00:00,3086552
79.8,79.3,85.3,72.8,2026-06-12 07:20:00,3086552
80.3,78.2,86.0,72.9,2026-06-12 07:40:00,3086552
80.8,77.6,86.9,73.1,2026-06-12 08:00:00,3086552
81.4,77.5,88.0,73.6,2026-06-12 08:20:00,3086552
82.2,75.5,88.7,73.7,2026-06-12 08:40:00,3086552
84.0,72.0,92.7,74.0,2026-06-12 09:00:00,3086552
85.8,67.2,95.2,73.7,2026-06-12 09:20:00,3086552
87.4,63.8,96.8,73.6,2026-06-12 09:40:00,3086552
88.9,59.6,98.6,73.0,2026-06-12 10:00:00,3086552
90.4,55.3,100.2,72.2,2026-06-12 10:20:00,3086552
91.7,52.2,101.7,71.6,2026-06-12 10:40:00,3086552
92.7,48.8,102.0,70.6,2026-06-12 11:00:00,3086552
93.3,46.1,101.5,69.5,2026-06-12 11:20:00,3086552
93.9,45.7,102.7,69.8,2026-06-12 11:40:00,3086552
95.8,43.4,105.4,70.0,2026-06-12 12:00:00,3086552
96.6,40.5,105.1,68.6,2026-06-12 12:20:00,3086552
97.5,38.8,106.2,68.2,2026-06-12 12:40:00,3086552
99.4,37.1,108.5,68.6,2026-06-12 13:00:00,3086552
99.3,35.4,107.2,67.2,2026-06-12 13:20:00,3086552
99.9,34.2,107.4,66.7,2026-06-12 13:40:00,3086552
101.5,33.0,109.9,67.1,2026-06-12 14:00:00,3086552
101.8,31.3,108.7,65.7,2026-06-12 14:20:00,3086552
101.8,31.6,109.0,66.1,2026-06-12 14:40:00,3086552
101.4,32.0,108.5,66.0,2026-06-12 15:00:00,3086552
103.6,29.9,111.2,66.0,2026-06-12 15:20:00,3086552
103.7,29.1,110.5,65.3,2026-06-12 15:40:00,3086552
102.0,30.5,108.7,65.2,2026-06-12 16:00:00,3086552
100.1,32.7,106.7,65.5,2026-06-12 16:20:00,3086552
100.9,32.9,108.3,66.4,2026-06-12 16:40:00,3086552
99.8,33.5,106.7,66.0,2026-06-12 17:00:00,3086552
100.7,32.2,107.4,65.6,2026-06-12 17:20:00,3086552
99.3,32.3,104.7,64.5,2026-06-12 17:40:00,3086552
98.9,32.8,104.5,64.7,2026-06-12 18:00:00,3086552
98.5,33.3,104.2,64.7,2026-06-12 18:20:00,3086552
97.8,35.0,104.0,65.5,2026-06-12 18:40:00,3086552
97.4,36.0,104.0,65.9,2026-06-12 19:00:00,3086552
96.8,36.4,103.3,65.8,2026-06-12 19:20:00,3086552
96.4,37.2,102.7,66.0,2026-06-12 19:40:00,3086552
95.3,39.1,101.8,66.5,2026-06-12 20:00:00,3086552
94.5,40.4,100.9,66.7,2026-06-12 20:20:00,3086552
93.4,42.0,99.3,66.8,2026-06-12 20:40:00,3086552
91.9,44.2,97.7,67.0,2026-06-12 21:00:00,3086552
91.0,45.8,96.6,67.2,2026-06-12 21:20:00,3086552
90.3,47.3,96.1,67.5,2026-06-12 21:40:00,3086552
89.6,48.7,95.0,67.7,2026-06-12 22:00:00,3086552
88.4,50.5,93.7,67.7,2026-06-12 22:20:00,3086552
87.8,52.2,93.2,68.1,2026-06-12 22:40:00,3086552
88.8,48.3,93.6,66.8,2026-06-12 23:00:00,3086552
88.3,47.1,91.9,65.5,2026-06-12 23:20:00,3086552
87.4,46.5,90.1,64.4,2026-06-12 23:40:00,3086552
86.6,47.1,89.2,64.0,2026-06-13 00:00:00,3086552
85.6,49.0,88.0,64.3,2026-06-13 00:20:00,3086552
84.8,50.5,87.3,64.4,2026-06-13 00:40:00,3086552
83.8,52.0,85.8,64.3,2026-06-13 01:00:00,3086552
83.5,53.2,85.6,64.7,2026-06-13 01:20:00,3086552
82.8,55.3,84.9,65.1,2026-06-13 01:40:00,3086552
82.9,54.9,84.7,65.0,2026-06-13 02:00:00,3086552
82.4,56.0,84.2,65.1,2026-06-13 02:20:00,3086552
81.7,57.7,83.7,65.3,2026-06-13 02:40:00,3086552
80.9,59.4,82.8,65.4,2026-06-13 03:00:00,3086552
80.0,60.9,81.7,65.2,2026-06-13 03:20:00,3086552
79.1,62.8,80.6,65.3,2026-06-13 03:40:00,3086552
78.6,63.7,79.9,65.2,2026-06-13 04:00:00,3086552
78.4,65.2,79.9,65.7,2026-06-13 04:20:00,3086552
77.8,66.4,79.2,65.7,2026-06-13 04:40:00,3086552
77.2,67.5,78.4,65.7,2026-06-13 05:00:00,3086552
76.6,69.0,77.5,65.6,2026-06-13 05:20:00,3086552
76.2,69.6,77.0,65.5,2026-06-13 05:40:00,3086552
75.8,70.9,76.8,65.7,2026-06-13 06:00:00,3086552
75.5,72.1,76.6,65.9,2026-06-13 06:20:00,3086552
75.8,72.6,77.0,66.3,2026-06-13 06:40:00,3086552
76.1,73.1,77.2,66.8,2026-06-13 07:00:00,3086552
78.0,70.0,80.1,67.4,2026-06-13 07:20:00,3086552
79.5,68.0,82.2,68.0,2026-06-13 07:40:00,3086552
80.6,65.7,83.8,68.1,2026-06-13 08:00:00,3086552
81.5,64.3,84.9,68.3,2026-06-13 08:20:00,3086552
82.3,63.2,85.8,68.5,2026-06-13 08:40:00,3086552
83.8,60.7,88.2,68.7,2026-06-13 09:00:00,3086552
84.7,58.7,89.2,68.6,2026-06-13 09:20:00,3086552
85.6,58.0,90.9,69.1,2026-06-13 09:40:00,3086552
86.9,55.6,92.5,69.1,2026-06-13 10:00:00,3086552
88.3,54.2,94.8,69.6,2026-06-13 10:20:00,3086552
88.2,54.5,94.8,69.7,2026-06-13 10:40:00,3086552
88.1,54.0,94.3,69.3,2026-06-13 11:00:00,3086552
88.8,51.8,94.8,68.7,2026-06-13 11:20:00,3086552
89.7,51.1,96.6,69.2,2026-06-13 11:40:00,3086552
90.7,49.4,98.1,69.2,2026-06-13 12:00:00,3086552
90.6,47.5,96.8,67.9,2026-06-13 12:20:00,3086552
93.8,47.6,103.6,70.9,2026-06-13 12:40:00,3086552
95.8,40.3,103.5,67.8,2026-06-13 15:20:00,3086552
95.9,39.0,103.3,66.9,2026-06-13 15:40:00,3086552
98.4,34.9,105.3,66.0,2026-06-13 16:00:00,3086552
96.9,36.8,103.5,66.2,2026-06-13 16:20:00,3086552
95.8,38.3,102.2,66.3,2026-06-13 16:40:00,3086552
94.7,39.3,100.8,66.1,2026-06-13 17:00:00,3086552
94.0,40.0,99.9,66.0,2026-06-13 17:20:00,3086552
94.9,40.1,101.7,66.8,2026-06-13 17:40:00,3086552
93.7,40.3,99.5,66.0,2026-06-13 18:00:00,3086552
93.6,40.8,99.3,66.2,2026-06-13 18:20:00,3086552
92.9,42.9,99.1,67.0,2026-06-13 18:40:00,3086552
92.6,42.7,98.4,66.7,2026-06-13 19:00:00,3086552
92.9,41.8,98.6,66.3,2026-06-13 19:20:00,3086552
92.3,42.5,97.5,66.2,2026-06-13 19:40:00,3086552
91.8,44.2,97.7,66.9,2026-06-13 20:00:00,3086552
91.1,45.4,96.8,67.1,2026-06-13 20:20:00,3086552
90.6,45.4,95.7,66.6,2026-06-13 20:40:00,3086552
88.9,49.0,94.1,67.3,2026-06-13 21:00:00,3086552
83.0,62.0,86.9,68.7,2026-06-13 21:20:00,3086552
81.8,67.3,85.8,69.9,2026-06-13 21:40:00,3086552
80.3,68.4,83.8,68.9,2026-06-13 22:00:00,3086552
79.1,71.1,82.0,68.9,2026-06-13 22:20:00,3086552
78.6,72.0,81.1,68.8,2026-06-13 22:40:00,3086552
78.2,72.9,80.8,68.8,2026-06-13 23:00:00,3086552
78.1,73.2,80.8,68.8,2026-06-13 23:20:00,3086552
78.0,73.5,80.6,68.8,2026-06-13 23:40:00,3086552
78.2,73.5,80.8,69.0,2026-06-14 00:00:00,3086552
78.0,73.6,80.6,68.9,2026-06-14 00:20:00,3086552
77.8,74.1,80.2,68.9,2026-06-14 00:40:00,3086552
77.3,75.2,79.5,68.8,2026-06-14 01:00:00,3086552
77.1,75.5,79.2,68.8,2026-06-14 01:20:00,3086552
76.6,77.3,78.4,69.0,2026-06-14 01:40:00,3086552
76.2,79.5,78.3,69.4,2026-06-14 02:00:00,3086552
75.5,81.7,77.5,69.5,2026-06-14 02:20:00,3086552
75.4,82.5,77.7,69.7,2026-06-14 02:40:00,3086552
74.8,83.8,77.0,69.5,2026-06-14 03:00:00,3086552
74.5,84.7,76.8,69.6,2026-06-14 03:20:00,3086552
81.6,39.1,79.9,54.3,2026-05-28 16:30:00,2974338
77.1,52.9,76.3,58.6,2026-05-29 20:20:00,2974338
76.2,54.1,75.4,58.4,2026-05-29 20:30:00,2974338
75.2,56.3,74.5,58.6,2026-05-29 20:40:00,2974338
74.5,57.9,74.1,58.7,2026-05-29 20:50:00,2974338
73.8,59.9,73.6,59.0,2026-05-29 21:00:00,2974338
73.4,60.8,73.4,59.1,2026-05-29 21:10:00,2974338
73.2,61.8,73.2,59.3,2026-05-29 21:20:00,2974338
72.7,62.6,72.9,59.2,2026-05-29 21:30:00,2974338
72.3,64.1,72.5,59.5,2026-05-29 21:40:00,2974338
72.0,64.7,72.3,59.5,2026-05-29 21:50:00,2974338
71.8,65.5,72.1,59.6,2026-05-29 22:00:00,2974338
71.8,65.8,72.1,59.7,2026-05-29 22:10:00,2974338
71.6,66.4,72.0,59.8,2026-05-29 22:20:00,2974338
71.3,67.1,71.8,59.8,2026-05-29 22:30:00,2974338
71.4,67.2,71.8,60.0,2026-05-29 22:40:00,2974338
71.4,67.7,71.8,60.1,2026-05-29 22:50:00,2974338
71.3,68.1,71.8,60.3,2026-05-29 23:00:00,2974338
71.3,68.3,71.8,60.3,2026-05-29 23:10:00,2974338
71.2,68.7,71.6,60.4,2026-05-29 23:20:00,2974338
71.2,69.1,71.8,60.5,2026-05-29 23:30:00,2974338
71.3,68.5,71.8,60.4,2026-05-29 23:40:00,2974338
72.1,68.0,72.5,61.0,2026-05-29 23:50:00,2974338
72.7,66.8,73.2,61.0,2026-05-30 00:00:00,2974338
73.0,67.3,73.4,61.5,2026-05-30 00:10:00,2974338
73.4,67.8,73.9,62.2,2026-05-30 00:20:00,2974338
73.5,68.1,73.9,62.4,2026-05-30 00:30:00,2974338
73.5,68.8,73.9,62.7,2026-05-30 00:40:00,2974338
73.6,69.7,74.5,63.1,2026-05-30 00:50:00,2974338
73.6,70.4,74.5,63.4,2026-05-30 01:00:00,2974338
73.5,70.8,74.3,63.4,2026-05-30 01:10:00,2974338
73.5,71.4,74.3,63.7,2026-05-30 01:20:00,2974338
73.3,72.0,74.3,63.8,2026-05-30 01:30:00,2974338
73.2,72.9,74.1,64.0,2026-05-30 01:40:00,2974338
72.9,73.7,73.9,64.0,2026-05-30 01:50:00,2974338
72.8,74.4,73.8,64.2,2026-05-30 02:00:00,2974338
72.6,75.2,73.8,64.3,2026-05-30 02:10:00,2974338
72.3,76.4,73.4,64.5,2026-05-30 02:20:00,2974338
72.0,76.9,73.2,64.4,2026-05-30 02:30:00,2974338
71.9,78.1,73.0,64.7,2026-05-30 02:40:00,2974338
71.7,78.6,72.7,64.7,2026-05-30 02:50:00,2974338
71.5,79.4,72.7,64.8,2026-05-30 03:00:00,2974338
71.4,80.1,72.5,64.9,2026-05-30 03:10:00,2974338
71.3,80.8,72.5,65.1,2026-05-30 03:20:00,2974338
71.1,81.4,72.3,65.1,2026-05-30 03:30:00,2974338
71.0,82.0,72.1,65.3,2026-05-30 03:40:00,2974338
71.0,82.6,72.3,65.4,2026-05-30 03:50:00,2974338
70.8,83.3,72.1,65.5,2026-05-30 04:00:00,2974338
70.7,83.8,71.8,65.5,2026-05-30 04:10:00,2974338
70.6,84.4,71.8,65.7,2026-05-30 04:20:00,2974338
70.6,84.7,71.8,65.7,2026-05-30 04:30:00,2974338
70.4,85.3,71.6,65.8,2026-05-30 04:40:00,2974338
70.3,85.6,71.4,65.8,2026-05-30 04:50:00,2974338
70.3,86.1,71.4,65.9,2026-05-30 05:00:00,2974338
70.3,86.4,71.6,66.0,2026-05-30 05:10:00,2974338
70.2,86.9,71.6,66.1,2026-05-30 05:20:00,2974338
70.2,86.9,71.6,66.1,2026-05-30 05:30:00,2974338
70.0,87.2,71.4,66.0,2026-05-30 05:40:00,2974338
69.9,87.7,71.1,66.0,2026-05-30 05:50:00,2974338
69.9,88.1,71.1,66.2,2026-05-30 06:00:00,2974338
69.7,88.1,70.9,66.0,2026-05-30 06:10:00,2974338
69.7,88.7,70.9,66.2,2026-05-30 06:20:00,2974338
70.2,88.9,71.6,66.7,2026-05-30 06:30:00,2974338
70.9,88.0,72.5,67.2,2026-05-30 06:40:00,2974338
71.6,86.9,73.2,67.5,2026-05-30 06:50:00,2974338
72.1,86.1,73.8,67.7,2026-05-30 07:00:00,2974338
72.2,85.6,73.9,67.6,2026-05-30 07:10:00,2974338
72.2,85.6,73.9,67.7,2026-05-30 07:20:00,2974338
72.6,85.2,74.3,67.9,2026-05-30 07:30:00,2974338
73.1,84.8,75.0,68.3,2026-05-30 07:40:00,2974338
73.5,84.3,75.4,68.5,2026-05-30 07:50:00,2974338
73.5,83.2,75.4,68.1,2026-05-30 08:00:00,2974338
73.7,82.6,75.6,68.0,2026-05-30 08:10:00,2974338
74.1,81.8,75.7,68.1,2026-05-30 08:20:00,2974338
74.6,77.9,76.1,67.3,2026-05-30 08:30:00,2974338
74.9,74.8,76.1,66.3,2026-05-30 08:40:00,2974338
75.6,69.6,76.5,64.9,2026-05-30 08:50:00,2974338
76.2,66.4,76.6,64.2,2026-05-30 09:00:00,2974338
76.5,60.0,76.5,61.6,2026-05-30 09:10:00,2974338
76.6,53.0,75.6,58.2,2026-05-30 09:20:00,2974338
76.8,51.2,75.7,57.5,2026-05-30 09:30:00,2974338
77.5,50.4,76.5,57.6,2026-05-30 09:40:00,2974338
77.9,51.3,77.0,58.4,2026-05-30 09:50:00,2974338
78.0,47.4,76.8,56.3,2026-05-30 10:00:00,2974338
78.5,46.4,77.2,56.3,2026-05-30 10:10:00,2974338
79.6,45.1,78.4,56.5,2026-05-30 10:20:00,2974338
81.6,39.8,79.9,54.8,2026-05-30 10:30:00,2974338
83.1,40.1,82.2,56.4,2026-05-30 10:40:00,2974338
85.3,35.8,84.2,55.2,2026-05-30 10:50:00,2974338
85.1,35.1,83.8,54.5,2026-05-30 11:00:00,2974338
86.0,35.2,85.1,55.4,2026-05-30 11:10:00,2974338
85.8,34.8,84.6,54.9,2026-05-30 11:20:00,2974338
86.2,33.2,84.7,53.9,2026-05-30 11:30:00,2974338
86.8,32.4,85.1,53.7,2026-05-30 11:40:00,2974338
88.8,33.3,88.2,56.2,2026-05-30 11:50:00,2974338
89.2,30.0,87.6,53.8,2026-05-30 12:00:00,2974338
90.0,29.0,88.5,53.5,2026-05-30 12:10:00,2974338
89.9,25.3,87.4,49.7,2026-05-30 12:20:00,2974338
90.8,25.5,88.5,50.6,2026-05-30 12:30:00,2974338
90.7,27.4,89.1,52.5,2026-05-30 12:40:00,2974338
91.5,25.8,89.6,51.6,2026-05-30 12:50:00,2974338
92.4,24.7,90.5,51.2,2026-05-30 13:00:00,2974338
92.0,25.1,90.1,51.3,2026-05-30 13:10:00,2974338
91.5,24.9,89.2,50.6,2026-05-30 13:20:00,2974338
92.2,24.4,90.1,50.6,2026-05-30 13:30:00,2974338
91.4,25.7,89.6,51.4,2026-05-30 13:40:00,2974338
89.5,28.0,87.6,52.2,2026-05-30 13:50:00,2974338
89.8,23.7,86.7,47.9,2026-05-30 14:00:00,2974338
91.7,25.5,89.8,51.4,2026-05-30 14:10:00,2974338
92.4,25.2,90.7,51.7,2026-05-30 14:20:00,2974338
94.3,23.0,92.3,50.8,2026-05-30 14:30:00,2974338
93.6,20.1,90.5,46.7,2026-05-30 14:40:00,2974338
94.2,23.4,92.3,51.1,2026-05-30 14:50:00,2974338
94.1,21.4,91.6,48.7,2026-05-30 15:00:00,2974338
92.8,20.3,89.4,46.2,2026-05-30 15:10:00,2974338
92.6,21.4,89.6,47.5,2026-05-30 15:20:00,2974338
92.1,24.7,90.3,50.9,2026-05-30 15:30:00,2974338
92.9,24.2,91.0,51.0,2026-05-30 15:40:00,2974338
92.8,24.9,91.0,51.6,2026-05-30 15:50:00,2974338
92.9,22.6,90.5,49.2,2026-05-30 16:00:00,2974338
91.5,22.1,88.5,47.4,2026-05-30 16:10:00,2974338
91.0,23.8,88.3,49.0,2026-05-30 16:20:00,2974338
90.9,25.0,88.9,50.2,2026-05-30 16:30:00,2974338
90.5,25.2,88.2,50.1,2026-05-30 16:40:00,2974338
89.4,27.3,87.1,51.3,2026-05-30 16:50:00,2974338
87.5,27.2,84.7,49.6,2026-05-30 17:00:00,2974338
87.0,29.1,84.4,51.0,2026-05-30 17:10:00,2974338
88.2,26.4,85.5,49.4,2026-05-30 17:20:00,2974338
88.9,25.6,86.2,49.2,2026-05-30 17:30:00,2974338
87.8,28.2,85.3,50.8,2026-05-30 17:40:00,2974338
88.2,30.2,86.4,53.0,2026-05-30 17:50:00,2974338
89.0,28.5,87.1,52.2,2026-05-30 18:00:00,2974338
88.4,28.9,86.2,52.1,2026-05-30 18:10:00,2974338
86.6,30.1,84.4,51.6,2026-05-30 18:20:00,2974338
85.0,32.3,82.8,52.1,2026-05-30 18:30:00,2974338
83.6,33.7,81.3,52.0,2026-05-30 18:40:00,2974338
82.9,34.1,80.4,51.7,2026-05-30 18:50:00,2974338
82.2,34.3,79.5,51.3,2026-05-30 19:00:00,2974338
81.7,35.4,79.3,51.7,2026-05-30 19:10:00,2974338
80.9,35.5,78.4,51.1,2026-05-30 19:20:00,2974338
80.2,37.8,77.9,52.1,2026-05-30 19:30:00,2974338
79.2,36.8,76.8,50.5,2026-05-30 19:40:00,2974338
78.8,37.3,76.3,50.5,2026-05-30 19:50:00,2974338
78.3,37.8,75.9,50.5,2026-05-30 20:00:00,2974338
77.9,38.5,75.4,50.6,2026-05-30 20:10:00,2974338
77.2,38.6,74.7,50.0,2026-05-30 20:20:00,2974338
76.2,39.9,73.8,50.0,2026-05-30 20:30:00,2974338
75.4,40.6,73.2,49.8,2026-05-30 20:40:00,2974338
74.7,41.9,72.9,50.0,2026-05-30 20:50:00,2974338
74.0,43.4,72.3,50.3,2026-05-30 21:00:00,2974338
73.4,45.3,72.1,51.0,2026-05-30 21:10:00,2974338
73.0,46.8,71.6,51.5,2026-05-30 21:20:00,2974338
72.8,47.8,71.6,51.8,2026-05-30 21:30:00,2974338
73.8,41.7,72.0,49.1,2026-05-30 21:40:00,2974338
74.2,37.5,72.0,46.6,2026-05-30 21:50:00,2974338
74.2,37.1,72.0,46.3,2026-05-30 22:00:00,2974338
73.8,37.8,71.6,46.5,2026-05-30 22:10:00,2974338
73.7,38.8,71.6,47.1,2026-05-30 22:20:00,2974338
73.2,42.8,71.6,49.2,2026-05-30 22:30:00,2974338
73.1,50.8,72.1,53.8,2026-05-30 22:40:00,2974338
72.8,53.8,72.1,55.0,2026-05-30 22:50:00,2974338
72.0,56.6,71.6,55.8,2026-05-30 23:00:00,2974338
71.4,58.3,71.1,56.0,2026-05-30 23:10:00,2974338
70.6,54.8,70.0,53.6,2026-05-30 23:20:00,2974338
70.0,52.6,69.3,51.9,2026-05-30 23:30:00,2974338
69.5,52.5,68.4,51.4,2026-05-30 23:40:00,2974338
69.1,53.6,68.0,51.6,2026-05-30 23:50:00,2974338
68.6,53.0,67.1,50.7,2026-05-31 00:00:00,2974338
67.9,53.6,66.2,50.5,2026-05-31 00:10:00,2974338
67.2,54.5,65.1,50.2,2026-05-31 00:20:00,2974338
66.8,55.6,64.8,50.4,2026-05-31 00:30:00,2974338
66.4,61.5,64.8,52.8,2026-05-31 00:40:00,2974338
65.9,63.3,64.2,53.0,2026-05-31 00:50:00,2974338
65.4,64.0,63.5,53.0,2026-05-31 01:00:00,2974338
65.2,64.7,63.3,53.0,2026-05-31 01:10:00,2974338
64.8,64.2,63.0,52.4,2026-05-31 01:20:00,2974338
64.6,60.7,62.4,50.7,2026-05-31 01:30:00,2974338
64.2,61.9,62.1,50.9,2026-05-31 01:40:00,2974338
63.9,64.7,62.1,51.8,2026-05-31 01:50:00,2974338
63.4,64.5,61.5,51.2,2026-05-31 02:00:00,2974338
62.9,65.0,61.0,51.0,2026-05-31 02:10:00,2974338
62.7,63.9,60.8,50.3,2026-05-31 02:20:00,2974338
62.3,63.1,60.3,49.6,2026-05-31 02:30:00,2974338
61.9,62.0,60.1,48.7,2026-05-31 02:40:00,2974338
61.6,62.3,59.7,48.5,2026-05-31 02:50:00,2974338
61.2,63.3,59.4,48.6,2026-05-31 03:00:00,2974338
60.9,64.4,59.2,48.8,2026-05-31 03:10:00,2974338
60.8,64.5,59.0,48.8,2026-05-31 03:20:00,2974338
60.6,64.9,59.0,48.8,2026-05-31 03:30:00,2974338
60.6,65.5,58.8,48.9,2026-05-31 03:40:00,2974338
60.5,65.9,59.0,49.0,2026-05-31 03:50:00,2974338
60.4,66.0,59.0,49.0,2026-05-31 04:00:00,2974338
60.3,65.8,58.8,48.8,2026-05-31 04:10:00,2974338
59.8,67.2,58.3,48.9,2026-05-31 04:20:00,2974338
59.5,67.1,57.9,48.6,2026-05-31 04:30:00,2974338
59.2,67.6,57.9,48.5,2026-05-31 04:40:00,2974338
58.7,68.0,57.4,48.2,2026-05-31 04:50:00,2974338
58.2,69.6,57.0,48.3,2026-05-31 05:00:00,2974338
57.9,70.7,56.7,48.5,2026-05-31 05:10:00,2974338
57.4,71.7,56.5,48.3,2026-05-31 05:20:00,2974338
57.0,72.6,56.1,48.3,2026-05-31 05:30:00,2974338
56.6,73.8,55.8,48.4,2026-05-31 05:40:00,2974338
56.5,74.3,55.8,48.5,2026-05-31 05:50:00,2974338
56.2,74.8,55.4,48.3,2026-05-31 06:00:00,2974338
55.9,75.7,55.2,48.4,2026-05-31 06:10:00,2974338
55.8,76.2,55.2,48.5,2026-05-31 06:20:00,2974338
55.8,76.8,55.2,48.7,2026-05-31 06:30:00,2974338
55.7,77.9,55.0,48.9,2026-05-31 06:40:00,2974338
55.9,78.5,55.2,49.3,2026-05-31 06:50:00,2974338
56.0,78.9,55.6,49.5,2026-05-31 07:00:00,2974338
56.3,78.6,55.8,49.7,2026-05-31 07:10:00,2974338
57.3,77.9,56.7,50.4,2026-05-31 07:20:00,2974338
58.2,76.1,57.4,50.7,2026-05-31 07:30:00,2974338
59.3,73.9,58.3,51.0,2026-05-31 07:40:00,2974338
60.0,72.5,58.8,51.1,2026-05-31 07:50:00,2974338
60.4,71.5,59.2,51.1,2026-05-31 08:00:00,2974338
60.7,70.5,59.4,51.0,2026-05-31 08:10:00,2974338
61.1,69.9,59.7,51.2,2026-05-31 08:20:00,2974338
61.6,69.4,60.3,51.5,2026-05-31 08:30:00,2974338
62.1,68.3,60.6,51.5,2026-05-31 08:40:00,2974338
62.8,66.0,61.0,51.2,2026-05-31 08:50:00,2974338
63.4,63.8,61.5,51.0,2026-05-31 09:00:00,2974338
64.0,59.9,61.5,49.8,2026-05-31 09:10:00,2974338
64.7,58.0,62.1,49.6,2026-05-31 09:20:00,2974338
65.1,56.4,62.4,49.2,2026-05-31 09:30:00,2974338
65.7,55.5,63.1,49.4,2026-05-31 09:40:00,2974338
66.5,54.8,64.2,49.8,2026-05-31 09:50:00,2974338
67.0,53.5,64.8,49.6,2026-05-31 10:00:00,2974338
66.8,52.1,64.4,48.7,2026-05-31 10:10:00,2974338
67.6,52.3,65.5,49.5,2026-05-31 10:20:00,2974338
69.3,49.5,67.8,49.6,2026-05-31 10:30:00,2974338
71.0,47.5,70.0,50.1,2026-05-31 10:40:00,2974338
74.7,45.7,73.2,52.4,2026-05-31 10:50:00,2974338
75.5,41.3,73.2,50.4,2026-05-31 11:00:00,2974338
76.5,40.4,74.3,50.7,2026-05-31 11:10:00,2974338
74.8,37.9,72.3,47.5,2026-05-31 11:20:00,2974338
76.0,39.4,73.6,49.5,2026-05-31 11:30:00,2974338
78.8,39.3,76.8,52.0,2026-05-31 11:40:00,2974338
80.3,35.9,77.7,50.8,2026-05-31 11:50:00,2974338
79.0,36.2,76.5,50.0,2026-05-31 12:00:00,2974338
77.6,34.9,74.7,47.7,2026-05-31 12:10:00,2974338
80.7,36.8,78.4,51.9,2026-05-31 12:20:00,2974338
80.1,36.3,77.7,50.9,2026-05-31 12:30:00,2974338
80.4,36.3,78.1,51.2,2026-05-31 12:40:00,2974338
81.6,34.5,79.0,50.9,2026-05-31 12:50:00,2974338
81.6,34.1,79.0,50.6,2026-05-31 13:00:00,2974338
79.5,35.5,76.8,49.8,2026-05-31 13:10:00,2974338
80.0,35.9,77.4,50.5,2026-05-31 13:20:00,2974338
82.4,35.0,79.9,52.0,2026-05-31 13:30:00,2974338
82.5,34.1,80.1,51.4,2026-05-31 13:40:00,2974338
81.0,33.2,78.3,49.4,2026-05-31 13:50:00,2974338
82.9,33.1,80.2,50.9,2026-05-31 14:00:00,2974338
82.6,34.2,80.2,51.6,2026-05-31 14:10:00,2974338
80.5,33.6,77.7,49.3,2026-05-31 14:20:00,2974338
81.5,35.7,79.2,51.8,2026-05-31 14:30:00,2974338
80.9,35.3,78.4,50.9,2026-05-31 14:40:00,2974338
81.4,34.8,78.8,51.0,2026-05-31 14:50:00,2974338
81.8,34.9,79.2,51.5,2026-05-31 15:00:00,2974338
81.3,34.5,78.6,50.7,2026-05-31 15:10:00,2974338
81.3,34.7,78.6,50.8,2026-05-31 15:20:00,2974338
80.4,34.8,77.9,50.2,2026-05-31 15:30:00,2974338
81.8,36.3,79.5,52.4,2026-05-31 15:40:00,2974338
81.5,36.4,79.3,52.3,2026-05-31 15:50:00,2974338
81.6,36.7,79.3,52.6,2026-05-31 16:00:00,2974338
81.9,36.7,79.7,52.9,2026-05-31 16:10:00,2974338
81.2,38.6,79.3,53.6,2026-05-31 16:20:00,2974338
80.1,37.1,77.9,51.6,2026-05-31 16:30:00,2974338
80.1,37.0,77.9,51.5,2026-05-31 16:40:00,2974338
79.0,38.6,76.8,51.7,2026-05-31 16:50:00,2974338
79.5,39.5,77.5,52.8,2026-05-31 17:00:00,2974338
79.5,38.6,77.4,52.1,2026-05-31 17:10:00,2974338
80.2,37.8,77.9,52.2,2026-05-31 17:20:00,2974338
80.0,37.2,77.7,51.6,2026-05-31 17:30:00,2974338
80.2,38.4,78.1,52.6,2026-05-31 17:40:00,2974338
79.7,38.8,77.7,52.4,2026-05-31 17:50:00,2974338
79.0,40.0,77.0,52.6,2026-05-31 18:00:00,2974338
79.2,40.4,77.4,53.0,2026-05-31 18:10:00,2974338
79.4,41.0,77.5,53.7,2026-05-31 18:20:00,2974338
78.5,40.7,76.5,52.7,2026-05-31 18:30:00,2974338
78.1,42.1,76.3,53.2,2026-05-31 18:40:00,2974338
77.0,44.1,75.2,53.5,2026-05-31 18:50:00,2974338
76.6,43.9,74.7,53.0,2026-05-31 19:00:00,2974338
76.2,44.8,74.3,53.2,2026-05-31 19:10:00,2974338
76.0,45.2,74.3,53.2,2026-05-31 19:20:00,2974338
75.5,46.5,73.8,53.6,2026-05-31 19:30:00,2974338
75.2,47.7,73.8,54.0,2026-05-31 19:40:00,2974338
74.8,48.1,73.4,53.8,2026-05-31 19:50:00,2974338
74.5,48.0,73.2,53.5,2026-05-31 20:00:00,2974338
74.4,49.3,73.2,54.2,2026-05-31 20:10:00,2974338
74.0,50.1,73.0,54.2,2026-05-31 20:20:00,2974338
73.7,49.9,72.5,53.8,2026-05-31 20:30:00,2974338
72.8,51.3,71.8,53.8,2026-05-31 20:40:00,2974338
72.1,52.3,71.2,53.6,2026-05-31 20:50:00,2974338
71.4,54.0,70.7,53.9,2026-05-31 21:00:00,2974338
71.0,54.9,70.3,54.0,2026-05-31 21:10:00,2974338
70.8,55.7,70.5,54.2,2026-05-31 21:20:00,2974338
70.8,56.0,70.5,54.3,2026-05-31 21:30:00,2974338
70.6,56.2,70.2,54.3,2026-05-31 21:40:00,2974338
70.1,57.3,69.4,54.4,2026-05-31 21:50:00,2974338
70.3,57.4,69.6,54.5,2026-05-31 22:00:00,2974338
70.5,57.2,70.0,54.6,2026-05-31 22:10:00,2974338
70.1,56.9,69.4,54.2,2026-05-31 22:20:00,2974338
70.3,56.4,69.6,54.0,2026-05-31 22:30:00,2974338
70.6,56.4,70.2,54.3,2026-05-31 22:40:00,2974338
70.5,57.0,70.0,54.5,2026-05-31 22:50:00,2974338
70.4,58.0,70.2,54.9,2026-05-31 23:00:00,2974338
70.3,58.7,69.8,55.2,2026-05-31 23:10:00,2974338
70.3,59.2,69.8,55.4,2026-05-31 23:20:00,2974338
70.4,59.7,70.2,55.7,2026-05-31 23:30:00,2974338
70.5,60.1,70.3,56.0,2026-05-31 23:40:00,2974338
70.6,60.1,70.5,56.1,2026-05-31 23:50:00,2974338
70.7,60.2,70.5,56.2,2026-06-01 00:00:00,2974338
70.4,61.1,70.3,56.3,2026-06-01 00:10:00,2974338
70.3,61.8,70.0,56.5,2026-06-01 00:20:00,2974338
69.9,62.5,69.6,56.6,2026-06-01 00:30:00,2974338
69.7,63.4,69.4,56.8,2026-06-01 00:40:00,2974338
69.7,64.1,69.4,57.0,2026-06-01 00:50:00,2974338
69.5,64.9,69.3,57.2,2026-06-01 01:00:00,2974338
69.5,65.0,69.3,57.2,2026-06-01 01:10:00,2974338
69.5,65.3,69.3,57.3,2026-06-01 01:20:00,2974338
69.4,65.4,69.1,57.3,2026-06-01 01:30:00,2974338
69.4,65.4,69.1,57.3,2026-06-01 01:40:00,2974338
69.5,66.1,69.4,57.7,2026-06-01 01:50:00,2974338
69.6,66.6,69.4,58.0,2026-06-01 02:00:00,2974338
69.5,67.4,69.4,58.2,2026-06-01 02:10:00,2974338
69.6,67.5,69.4,58.4,2026-06-01 02:20:00,2974338
69.6,67.8,69.4,58.5,2026-06-01 02:30:00,2974338
69.5,68.0,69.4,58.4,2026-06-01 02:40:00,2974338
69.5,68.3,69.4,58.6,2026-06-01 02:50:00,2974338
69.5,68.5,69.4,58.7,2026-06-01 03:00:00,2974338
69.4,68.7,69.3,58.6,2026-06-01 03:10:00,2974338
69.2,69.4,69.1,58.7,2026-06-01 03:20:00,2974338
69.0,69.5,68.9,58.6,2026-06-01 03:30:00,2974338
68.8,70.1,68.7,58.7,2026-06-01 03:40:00,2974338
68.7,70.2,68.4,58.6,2026-06-01 03:50:00,2974338
68.6,70.6,68.4,58.7,2026-06-01 04:00:00,2974338
68.3,71.2,68.0,58.6,2026-06-01 04:10:00,2974338
67.7,72.5,67.5,58.6,2026-06-01 04:20:00,2974338
67.7,73.1,67.5,58.8,2026-06-01 04:30:00,2974338
67.5,73.6,67.3,58.8,2026-06-01 04:40:00,2974338
67.7,73.7,67.5,59.0,2026-06-01 04:50:00,2974338
67.8,73.6,67.5,59.1,2026-06-01 05:00:00,2974338
67.7,73.4,67.5,58.9,2026-06-01 05:10:00,2974338
67.7,73.3,67.5,58.9,2026-06-01 05:20:00,2974338
67.6,73.0,67.1,58.7,2026-06-01 05:30:00,2974338
67.3,73.3,67.1,58.5,2026-06-01 05:40:00,2974338
67.2,73.5,66.7,58.4,2026-06-01 05:50:00,2974338
66.8,74.0,66.4,58.2,2026-06-01 06:00:00,2974338
66.5,74.6,65.8,58.2,2026-06-01 06:10:00,2974338
66.4,75.0,66.0,58.2,2026-06-01 06:20:00,2974338
66.2,75.9,65.5,58.4,2026-06-01 06:30:00,2974338
66.1,76.4,65.5,58.4,2026-06-01 06:40:00,2974338
66.4,76.6,66.0,58.8,2026-06-01 06:50:00,2974338
66.7,76.5,66.2,59.1,2026-06-01 07:00:00,2974338
67.4,75.8,67.3,59.5,2026-06-01 07:10:00,2974338
68.2,74.6,68.2,59.8,2026-06-01 07:20:00,2974338
68.9,74.3,69.1,60.4,2026-06-01 07:30:00,2974338
69.5,72.1,69.8,60.2,2026-06-01 07:40:00,2974338
70.1,71.7,70.3,60.5,2026-06-01 07:50:00,2974338
70.5,71.1,70.9,60.7,2026-06-01 08:00:00,2974338
70.2,71.0,70.5,60.4,2026-06-01 08:10:00,2974338
70.7,71.3,71.4,61.0,2026-06-01 08:20:00,2974338
70.8,70.3,71.4,60.6,2026-06-01 08:30:00,2974338
71.8,69.7,72.5,61.3,2026-06-01 08:40:00,2974338
72.5,68.1,73.0,61.4,2026-06-01 08:50:00,2974338
73.2,68.2,73.6,62.1,2026-06-01 09:00:00,2974338
73.6,67.4,74.1,62.1,2026-06-01 09:10:00,2974338
73.8,67.0,74.3,62.1,2026-06-01 09:20:00,2974338
74.0,67.8,74.7,62.7,2026-06-01 09:30:00,2974338
74.3,68.3,74.8,63.2,2026-06-01 09:40:00,2974338
74.6,68.5,75.2,63.5,2026-06-01 09:50:00,2974338
75.3,67.8,75.9,63.9,2026-06-01 10:00:00,2974338
75.9,67.0,76.3,64.1,2026-06-01 10:10:00,2974338
76.1,66.0,76.5,63.9,2026-06-01 10:20:00,2974338
77.0,66.7,77.7,65.0,2026-06-01 10:30:00,2974338
78.0,64.2,79.2,65.0,2026-06-01 10:40:00,2974338
80.9,60.7,82.9,66.0,2026-06-01 10:50:00,2974338
81.1,58.1,82.6,65.0,2026-06-01 11:00:00,2974338
83.2,56.5,85.8,66.2,2026-06-01 11:10:00,2974338
83.5,53.8,85.8,65.0,2026-06-01 11:20:00,2974338
85.6,51.3,88.7,65.6,2026-06-01 11:30:00,2974338
83.4,51.9,85.1,63.9,2026-06-01 11:40:00,2974338
85.3,52.0,88.7,65.7,2026-06-01 11:50:00,2974338
84.5,50.5,86.7,64.1,2026-06-01 12:00:00,2974338
86.6,49.8,90.1,65.6,2026-06-01 12:10:00,2974338
87.8,48.8,91.9,66.2,2026-06-01 12:20:00,2974338
86.9,49.3,90.5,65.6,2026-06-01 12:30:00,2974338
88.2,46.3,91.6,65.0,2026-06-01 12:40:00,2974338
88.8,44.7,91.9,64.6,2026-06-01 12:50:00,2974338
88.1,45.8,91.0,64.6,2026-06-01 13:00:00,2974338
88.8,44.2,91.8,64.2,2026-06-01 13:10:00,2974338
87.4,44.8,89.4,63.3,2026-06-01 13:20:00,2974338
87.4,45.1,89.6,63.5,2026-06-01 13:30:00,2974338
86.9,45.1,88.9,63.1,2026-06-01 13:40:00,2974338
85.7,45.3,87.1,62.1,2026-06-01 13:50:00,2974338
84.4,42.8,84.2,59.3,2026-06-01 14:00:00,2974338
84.3,47.9,85.6,62.4,2026-06-01 14:10:00,2974338
85.2,45.5,86.4,61.8,2026-06-01 14:20:00,2974338
86.1,45.2,87.6,62.4,2026-06-01 14:30:00,2974338
85.6,42.8,86.2,60.4,2026-06-01 14:40:00,2974338
87.2,41.8,88.3,61.2,2026-06-01 14:50:00,2974338
87.4,40.4,88.2,60.4,2026-06-01 15:00:00,2974338
86.1,40.3,86.4,59.2,2026-06-01 15:10:00,2974338
85.7,38.6,85.3,57.7,2026-06-01 15:20:00,2974338
85.5,38.0,84.9,57.0,2026-06-01 15:30:00,2974338
85.5,35.5,84.4,55.1,2026-06-01 15:40:00,2974338
86.3,36.7,85.6,56.8,2026-06-01 15:50:00,2974338
87.4,35.5,86.7,56.8,2026-06-01 16:00:00,2974338
88.8,34.5,88.5,57.2,2026-06-01 16:10:00,2974338
87.2,35.1,86.4,56.3,2026-06-01 16:20:00,2974338
87.4,36.1,86.9,57.3,2026-06-01 16:30:00,2974338
87.1,37.2,87.1,57.8,2026-06-01 16:40:00,2974338
85.8,37.7,85.5,57.1,2026-06-01 16:50:00,2974338
84.4,39.7,83.5,57.2,2026-06-01 17:00:00,2974338
83.0,40.8,81.9,56.7,2026-06-01 17:10:00,2974338
82.6,41.5,81.5,56.9,2026-06-01 17:20:00,2974338
83.2,41.9,82.4,57.7,2026-06-01 17:30:00,2974338
84.3,41.2,84.0,58.1,2026-06-01 17:40:00,2974338
83.4,40.3,82.4,56.7,2026-06-01 17:50:00,2974338
82.0,40.0,80.4,55.3,2026-06-01 18:00:00,2974338
81.7,41.3,80.4,55.9,2026-06-01 18:10:00,2974338
81.2,42.6,79.9,56.3,2026-06-01 18:20:00,2974338
81.8,42.8,80.6,57.0,2026-06-01 18:30:00,2974338
81.3,40.9,79.7,55.3,2026-06-01 18:40:00,2974338
80.4,41.4,78.6,54.8,2026-06-01 18:50:00,2974338
79.8,40.4,77.9,53.6,2026-06-01 19:00:00,2974338
79.6,40.9,77.7,53.8,2026-06-01 19:10:00,2974338
79.2,41.5,77.4,53.9,2026-06-01 19:20:00,2974338
78.5,42.2,76.8,53.6,2026-06-01 19:30:00,2974338
77.8,43.2,75.9,53.7,2026-06-01 19:40:00,2974338
77.2,44.7,75.4,54.0,2026-06-01 19:50:00,2974338
76.5,44.8,74.7,53.5,2026-06-01 20:00:00,2974338
76.1,43.2,73.9,52.1,2026-06-01 20:10:00,2974338
75.5,43.7,73.6,51.9,2026-06-01 20:20:00,2974338
74.8,43.8,73.0,51.3,2026-06-01 20:30:00,2974338
74.0,45.3,72.5,51.5,2026-06-01 20:40:00,2974338
73.1,46.3,71.8,51.3,2026-06-01 20:50:00,2974338
72.7,47.0,71.4,51.3,2026-06-01 21:00:00,2974338
72.6,46.9,71.4,51.1,2026-06-01 21:10:00,2974338
72.3,47.5,71.2,51.3,2026-06-01 21:20:00,2974338
72.1,47.4,71.1,51.0,2026-06-01 21:30:00,2974338
71.9,47.5,70.9,50.9,2026-06-01 21:40:00,2974338
71.5,48.4,70.5,51.0,2026-06-01 21:50:00,2974338
71.0,49.6,70.0,51.2,2026-06-01 22:00:00,2974338
70.7,49.9,70.0,51.2,2026-06-01 22:10:00,2974338
70.6,49.9,69.6,51.0,2026-06-01 22:20:00,2974338
70.6,48.7,69.6,50.4,2026-06-01 22:30:00,2974338
70.4,48.1,69.4,49.9,2026-06-01 22:40:00,2974338
70.4,48.1,69.4,49.8,2026-06-01 22:50:00,2974338
70.4,47.8,69.4,49.7,2026-06-01 23:00:00,2974338
70.5,47.6,69.4,49.7,2026-06-01 23:10:00,2974338
70.8,49.8,70.0,51.2,2026-06-01 23:20:00,2974338
70.8,52.9,70.3,52.8,2026-06-01 23:30:00,2974338
70.6,54.7,70.0,53.5,2026-06-01 23:40:00,2974338
70.1,56.5,69.4,53.9,2026-06-01 23:50:00,2974338
70.0,56.5,69.4,53.8,2026-06-02 00:00:00,2974338
69.9,56.7,69.1,53.8,2026-06-02 00:10:00,2974338
69.7,56.8,68.9,53.7,2026-06-02 00:20:00,2974338
69.3,57.7,68.5,53.8,2026-06-02 00:30:00,2974338
69.1,57.9,68.4,53.7,2026-06-02 00:40:00,2974338
69.1,57.9,68.0,53.6,2026-06-02 00:50:00,2974338
68.7,57.9,67.8,53.3,2026-06-02 01:00:00,2974338
68.4,57.4,67.1,52.8,2026-06-02 01:10:00,2974338
68.0,57.4,66.4,52.4,2026-06-02 01:20:00,2974338
67.7,57.1,66.2,52.0,2026-06-02 01:30:00,2974338
67.5,56.3,65.8,51.4,2026-06-02 01:40:00,2974338
67.3,55.3,65.5,50.7,2026-06-02 01:50:00,2974338
66.9,54.6,64.8,50.0,2026-06-02 02:00:00,2974338
66.3,54.4,63.9,49.4,2026-06-02 02:10:00,2974338
65.7,53.6,63.0,48.4,2026-06-02 02:20:00,2974338
65.1,53.7,62.2,47.9,2026-06-02 02:30:00,2974338
64.5,55.1,61.7,48.1,2026-06-02 02:40:00,2974338
64.5,56.1,61.7,48.5,2026-06-02 02:50:00,2974338
64.4,56.5,61.7,48.6,2026-06-02 03:00:00,2974338
64.3,57.2,61.7,48.8,2026-06-02 03:10:00,2974338
64.0,58.1,61.3,49.0,2026-06-02 03:20:00,2974338
63.3,59.0,61.0,48.8,2026-06-02 03:30:00,2974338
62.8,60.1,60.6,48.8,2026-06-02 03:40:00,2974338
62.6,61.9,60.3,49.3,2026-06-02 03:50:00,2974338
62.3,62.9,60.3,49.5,2026-06-02 04:00:00,2974338
61.9,64.3,60.1,49.7,2026-06-02 04:10:00,2974338
61.5,65.6,59.9,49.9,2026-06-02 04:20:00,2974338
61.7,66.8,59.9,50.5,2026-06-02 04:30:00,2974338
61.7,66.8,59.9,50.5,2026-06-02 04:40:00,2974338
61.7,67.2,60.1,50.7,2026-06-02 04:50:00,2974338
61.7,67.7,60.1,50.9,2026-06-02 05:00:00,2974338
61.5,67.9,59.9,50.8,2026-06-02 05:10:00,2974338
61.1,68.6,59.5,50.7,2026-06-02 05:20:00,2974338
60.8,70.0,59.4,51.0,2026-06-02 05:30:00,2974338
60.3,70.8,59.0,50.8,2026-06-02 05:40:00,2974338
60.0,71.6,58.8,50.8,2026-06-02 05:50:00,2974338
59.9,72.2,58.8,50.9,2026-06-02 06:00:00,2974338
59.7,73.7,58.6,51.2,2026-06-02 06:10:00,2974338
59.8,74.1,58.8,51.5,2026-06-02 06:20:00,2974338
59.8,74.1,58.8,51.6,2026-06-02 06:30:00,2974338
59.8,74.6,58.8,51.8,2026-06-02 06:40:00,2974338
60.4,74.6,59.4,52.3,2026-06-02 06:50:00,2974338
61.0,74.6,59.9,52.8,2026-06-02 07:00:00,2974338
61.4,73.8,60.4,52.9,2026-06-02 07:10:00,2974338
61.4,73.1,60.3,52.7,2026-06-02 07:20:00,2974338
61.8,72.0,60.6,52.7,2026-06-02 07:30:00,2974338
62.1,71.8,61.0,52.9,2026-06-02 07:40:00,2974338
62.5,70.6,61.2,52.8,2026-06-02 07:50:00,2974338
62.6,69.3,61.2,52.4,2026-06-02 08:00:00,2974338
62.7,67.8,61.2,51.9,2026-06-02 08:10:00,2974338
63.4,67.6,61.9,52.5,2026-06-02 08:20:00,2974338
64.0,65.9,62.2,52.3,2026-06-02 08:30:00,2974338
63.7,64.9,61.9,51.7,2026-06-02 08:40:00,2974338
63.8,63.1,61.7,51.0,2026-06-02 08:50:00,2974338
63.7,62.4,61.5,50.6,2026-06-02 09:00:00,2974338
64.4,61.8,62.1,51.0,2026-06-02 09:10:00,2974338
65.6,61.2,63.5,51.8,2026-06-02 09:20:00,2974338
67.2,58.8,65.5,52.3,2026-06-02 09:30:00,2974338
66.8,56.3,64.8,50.8,2026-06-02 09:40:00,2974338
66.9,55.8,64.8,50.6,2026-06-02 09:50:00,2974338
67.4,57.2,65.7,51.7,2026-06-02 10:00:00,2974338
67.9,56.2,66.4,51.7,2026-06-02 10:10:00,2974338
69.2,53.1,68.0,51.4,2026-06-02 10:20:00,2974338
71.5,50.1,70.7,51.9,2026-06-02 10:30:00,2974338
71.7,47.2,70.5,50.5,2026-06-02 10:40:00,2974338
72.3,45.1,71.1,49.9,2026-06-02 10:50:00,2974338
75.8,45.2,74.1,53.1,2026-06-02 11:00:00,2974338
77.5,41.3,75.2,52.1,2026-06-02 11:10:00,2974338
79.3,40.9,77.4,53.5,2026-06-02 11:20:00,2974338
80.0,39.0,77.9,52.9,2026-06-02 11:30:00,2974338
80.9,36.1,78.6,51.6,2026-06-02 11:40:00,2974338
80.3,34.8,77.5,50.1,2026-06-02 11:50:00,2974338
82.5,33.9,79.9,51.2,2026-06-02 12:00:00,2974338
83.1,33.4,80.8,51.4,2026-06-02 12:10:00,2974338
82.6,33.1,79.9,50.7,2026-06-02 12:20:00,2974338
81.6,34.4,79.0,50.8,2026-06-02 12:30:00,2974338
81.6,33.6,78.8,50.3,2026-06-02 12:40:00,2974338
82.9,33.1,80.2,50.9,2026-06-02 12:50:00,2974338
83.4,33.0,80.8,51.3,2026-06-02 13:00:00,2974338
82.8,31.8,79.9,49.8,2026-06-02 13:10:00,2974338
82.6,31.8,79.5,49.6,2026-06-02 13:20:00,2974338
83.8,32.2,81.3,51.0,2026-06-02 13:30:00,2974338
83.5,31.6,80.8,50.3,2026-06-02 13:40:00,2974338
82.3,32.0,79.3,49.5,2026-06-02 13:50:00,2974338
83.5,31.7,80.8,50.3,2026-06-02 14:00:00,2974338
84.2,28.9,81.3,48.4,2026-06-02 14:10:00,2974338
83.8,30.2,80.8,49.3,2026-06-02 14:20:00,2974338
83.7,31.7,81.1,50.4,2026-06-02 14:30:00,2974338
82.7,30.6,79.5,48.7,2026-06-02 14:40:00,2974338
82.8,28.8,79.5,47.1,2026-06-02 14:50:00,2974338
81.9,29.6,78.4,47.1,2026-06-02 15:00:00,2974338
81.2,30.0,77.7,46.9,2026-06-02 15:10:00,2974338
82.0,30.9,78.6,48.3,2026-06-02 15:20:00,2974338
80.9,28.5,77.4,45.3,2026-06-02 15:30:00,2974338
80.1,30.1,76.8,46.0,2026-06-02 15:40:00,2974338
82.0,29.6,78.6,47.2,2026-06-02 15:50:00,2974338
81.2,30.2,77.9,47.0,2026-06-02 16:00:00,2974338
81.3,28.3,77.7,45.4,2026-06-02 16:10:00,2974338
82.1,29.6,78.6,47.3,2026-06-02 16:20:00,2974338
82.8,28.5,79.3,46.9,2026-06-02 16:30:00,2974338
82.9,29.1,79.5,47.5,2026-06-02 16:40:00,2974338
81.8,29.4,78.3,46.8,2026-06-02 16:50:00,2974338
81.3,29.9,77.7,46.9,2026-06-02 17:00:00,2974338
81.4,28.4,77.9,45.6,2026-06-02 17:10:00,2974338
80.7,28.9,77.2,45.4,2026-06-02 17:20:00,2974338
79.3,29.0,75.7,44.4,2026-06-02 17:30:00,2974338
80.5,29.6,77.0,45.9,2026-06-02 17:40:00,2974338
80.5,28.7,77.0,45.1,2026-06-02 17:50:00,2974338
80.2,29.3,76.6,45.3,2026-06-02 18:00:00,2974338
79.4,28.6,75.9,44.0,2026-06-02 18:10:00,2974338
79.0,28.4,75.6,43.5,2026-06-02 18:20:00,2974338
78.6,28.3,75.2,43.1,2026-06-02 18:30:00,2974338
77.5,28.2,73.9,42.0,2026-06-02 18:40:00,2974338
76.4,29.6,72.9,42.3,2026-06-02 18:50:00,2974338
74.7,30.1,71.6,41.3,2026-06-02 19:00:00,2974338
73.7,31.4,70.9,41.5,2026-06-02 19:10:00,2974338
72.6,30.8,70.0,40.0,2026-06-02 19:20:00,2974338
72.0,31.6,69.4,40.2,2026-06-02 19:30:00,2974338
71.4,31.8,68.9,39.8,2026-06-02 19:40:00,2974338
70.8,32.1,68.5,39.6,2026-06-02 19:50:00,2974338
70.3,33.1,67.8,39.9,2026-06-02 20:00:00,2974338
69.7,32.6,67.1,39.0,2026-06-02 20:10:00,2974338
69.3,32.7,66.6,38.8,2026-06-02 20:20:00,2974338
68.4,34.1,65.1,39.0,2026-06-02 20:30:00,2974338
67.7,35.6,64.4,39.5,2026-06-02 20:40:00,2974338
67.0,36.2,63.3,39.3,2026-06-02 20:50:00,2974338
66.8,36.8,63.1,39.6,2026-06-02 21:00:00,2974338
66.5,36.5,62.4,39.1,2026-06-02 21:10:00,2974338
66.3,36.8,62.4,39.1,2026-06-02 21:20:00,2974338
65.7,37.5,61.5,39.1,2026-06-02 21:30:00,2974338
65.3,38.4,60.8,39.3,2026-06-02 21:40:00,2974338
64.6,38.6,60.4,38.8,2026-06-02 21:50:00,2974338
64.0,39.8,59.7,39.1,2026-06-02 22:00:00,2974338
63.4,41.0,59.5,39.3,2026-06-02 22:10:00,2974338
63.1,41.8,59.2,39.5,2026-06-02 22:20:00,2974338
62.6,42.6,58.8,39.6,2026-06-02 22:30:00,2974338
62.0,43.4,58.3,39.5,2026-06-02 22:40:00,2974338
61.4,45.1,58.1,39.9,2026-06-02 22:50:00,2974338
60.9,45.5,57.6,39.8,2026-06-02 23:00:00,2974338
60.4,46.6,57.2,39.9,2026-06-02 23:10:00,2974338
59.9,47.6,56.8,40.0,2026-06-02 23:20:00,2974338
59.3,49.2,56.5,40.3,2026-06-02 23:30:00,2974338
58.7,50.0,55.9,40.1,2026-06-02 23:40:00,2974338
58.3,51.2,55.8,40.4,2026-06-02 23:50:00,2974338
57.8,52.8,55.4,40.7,2026-06-03 00:00:00,2974338
57.2,54.5,55.0,40.9,2026-06-03 00:10:00,2974338
56.7,55.8,54.5,41.1,2026-06-03 00:20:00,2974338
56.2,57.3,54.1,41.3,2026-06-03 00:30:00,2974338
55.6,58.2,53.8,41.2,2026-06-03 00:40:00,2974338
54.9,59.7,53.1,41.2,2026-06-03 00:50:00,2974338
54.6,60.4,52.9,41.1,2026-06-03 01:00:00,2974338
54.3,61.5,52.5,41.3,2026-06-03 01:10:00,2974338
54.0,62.8,52.5,41.6,2026-06-03 01:20:00,2974338
53.9,63.3,52.3,41.7,2026-06-03 01:30:00,2974338
53.4,64.3,52.2,41.7,2026-06-03 01:40:00,2974338
53.0,65.2,51.6,41.6,2026-06-03 01:50:00,2974338
52.7,66.0,51.4,41.6,2026-06-03 02:00:00,2974338
52.4,66.7,51.3,41.7,2026-06-03 02:10:00,2974338
52.3,67.8,51.3,42.0,2026-06-03 02:20:00,2974338
51.9,69.3,50.9,42.2,2026-06-03 02:30:00,2974338
51.7,69.8,50.7,42.2,2026-06-03 02:40:00,2974338
51.8,70.1,50.9,42.4,2026-06-03 02:50:00,2974338
51.7,70.6,50.7,42.5,2026-06-03 03:00:00,2974338
51.4,71.5,50.7,42.5,2026-06-03 03:10:00,2974338
51.2,73.2,50.3,42.9,2026-06-03 03:20:00,2974338
51.0,73.5,50.3,42.9,2026-06-03 03:30:00,2974338
51.0,73.9,50.3,42.9,2026-06-03 03:40:00,2974338
50.8,74.3,50.2,43.0,2026-06-03 03:50:00,2974338
50.8,74.8,50.2,43.1,2026-06-03 04:00:00,2974338
50.8,74.6,50.2,43.0,2026-06-03 04:10:00,2974338
50.9,74.8,50.3,43.2,2026-06-03 04:20:00,2974338
50.9,74.5,50.3,43.1,2026-06-03 04:30:00,2974338
51.0,74.8,50.3,43.3,2026-06-03 04:40:00,2974338
50.7,76.0,50.2,43.4,2026-06-03 04:50:00,2974338
50.6,76.6,50.0,43.5,2026-06-03 05:00:00,2974338
50.5,77.4,50.2,43.8,2026-06-03 05:10:00,2974338
50.6,77.6,50.2,43.9,2026-06-03 05:20:00,2974338
50.8,77.5,50.3,44.0,2026-06-03 05:30:00,2974338
50.7,77.5,50.3,44.0,2026-06-03 05:40:00,2974338
50.8,77.8,50.3,44.1,2026-06-03 05:50:00,2974338
50.9,77.3,50.5,44.0,2026-06-03 06:00:00,2974338
51.1,76.9,50.5,44.1,2026-06-03 06:10:00,2974338
51.4,76.5,50.7,44.2,2026-06-03 06:20:00,2974338
51.8,75.3,51.3,44.3,2026-06-03 06:30:00,2974338
52.2,74.5,51.4,44.3,2026-06-03 06:40:00,2974338
52.9,73.5,52.2,44.7,2026-06-03 06:50:00,2974338
53.5,71.2,52.5,44.5,2026-06-03 07:00:00,2974338
54.1,70.6,53.1,44.8,2026-06-03 07:10:00,2974338
54.9,68.8,53.8,44.9,2026-06-03 07:20:00,2974338
56.0,66.4,54.7,44.9,2026-06-03 07:30:00,2974338
56.9,65.3,55.4,45.4,2026-06-03 07:40:00,2974338
57.9,63.5,56.3,45.6,2026-06-03 07:50:00,2974338
59.0,61.0,57.2,45.6,2026-06-03 08:00:00,2974338
59.7,60.1,57.6,45.9,2026-06-03 08:10:00,2974338
60.8,58.4,58.6,46.1,2026-06-03 08:20:00,2974338
61.8,56.1,59.2,46.0,2026-06-03 08:30:00,2974338
62.8,54.4,60.1,46.1,2026-06-03 08:40:00,2974338
64.0,51.5,60.8,45.7,2026-06-03 08:50:00,2974338
64.9,50.7,61.7,46.2,2026-06-03 09:00:00,2974338
65.9,49.2,63.0,46.4,2026-06-03 09:10:00,2974338
67.0,47.8,64.4,46.5,2026-06-03 09:20:00,2974338
68.0,46.8,65.7,46.9,2026-06-03 09:30:00,2974338
69.3,43.6,67.5,46.2,2026-06-03 09:40:00,2974338
70.4,43.2,69.1,46.9,2026-06-03 09:50:00,2974338
71.3,41.1,69.8,46.4,2026-06-03 10:00:00,2974338
72.2,39.7,70.3,46.4,2026-06-03 10:10:00,2974338
73.0,37.9,70.9,45.9,2026-06-03 10:20:00,2974338
75.8,36.4,73.0,47.3,2026-06-03 10:30:00,2974338
77.1,36.2,74.3,48.2,2026-06-03 10:40:00,2974338
79.7,31.7,76.5,47.0,2026-06-03 10:50:00,2974338
81.9,31.5,78.8,48.8,2026-06-03 11:00:00,2974338
83.9,29.0,80.8,48.3,2026-06-03 11:10:00,2974338
83.3,30.2,80.2,48.8,2026-06-03 11:20:00,2974338
84.3,28.9,81.3,48.5,2026-06-03 11:30:00,2974338
85.7,29.0,82.9,49.8,2026-06-03 11:40:00,2974338
86.1,26.2,82.9,47.4,2026-06-03 11:50:00,2974338
86.0,25.9,82.8,47.1,2026-06-03 12:00:00,2974338
86.6,23.9,83.1,45.5,2026-06-03 12:10:00,2974338
86.3,26.5,83.1,47.8,2026-06-03 12:20:00,2974338
85.0,25.5,81.5,45.8,2026-06-03 12:30:00,2974338
86.6,26.6,83.5,48.3,2026-06-03 12:40:00,2974338
87.5,25.5,84.4,47.9,2026-06-03 12:50:00,2974338
83.6,26.2,80.1,45.3,2026-06-03 13:00:00,2974338
84.6,26.6,81.3,46.6,2026-06-03 13:10:00,2974338
85.4,27.2,82.2,47.8,2026-06-03 13:20:00,2974338
84.9,27.4,81.9,47.6,2026-06-03 13:30:00,2974338
86.6,26.2,83.5,47.8,2026-06-03 13:40:00,2974338
87.5,24.9,84.2,47.2,2026-06-03 13:50:00,2974338
85.7,24.5,82.0,45.2,2026-06-03 14:00:00,2974338
86.1,27.3,83.1,48.6,2026-06-03 14:10:00,2974338
86.6,25.7,83.3,47.3,2026-06-03 14:20:00,2974338
88.6,25.2,85.6,48.5,2026-06-03 14:30:00,2974338
84.5,25.9,80.8,45.8,2026-06-03 14:40:00,2974338
86.3,26.0,83.1,47.4,2026-06-03 14:50:00,2974338
86.2,25.8,82.9,47.0,2026-06-03 15:00:00,2974338
85.8,25.6,82.2,46.5,2026-06-03 15:10:00,2974338
83.8,27.2,80.2,46.4,2026-06-03 15:20:00,2974338
83.6,27.9,80.2,46.9,2026-06-03 15:30:00,2974338
86.2,25.4,82.9,46.7,2026-06-03 15:40:00,2974338
85.4,26.4,82.0,47.1,2026-06-03 15:50:00,2974338
85.7,25.3,82.2,46.1,2026-06-03 16:00:00,2974338
84.9,25.6,81.5,45.9,2026-06-03 16:10:00,2974338
83.6,28.3,80.2,47.3,2026-06-03 16:20:00,2974338
81.8,28.2,78.3,45.8,2026-06-03 16:30:00,2974338
84.8,27.5,81.7,47.6,2026-06-03 16:40:00,2974338
85.5,27.1,82.4,47.8,2026-06-03 16:50:00,2974338
86.9,24.9,83.7,46.8,2026-06-03 17:00:00,2974338
87.1,25.7,84.0,47.8,2026-06-03 17:10:00,2974338
85.8,25.7,82.2,46.6,2026-06-03 17:20:00,2974338
85.4,24.8,81.9,45.4,2026-06-03 17:30:00,2974338
85.5,26.1,82.2,46.8,2026-06-03 17:40:00,2974338
84.4,26.7,81.1,46.5,2026-06-03 17:50:00,2974338
84.5,27.4,81.1,47.3,2026-06-03 18:00:00,2974338
84.8,26.6,81.5,46.8,2026-06-03 18:10:00,2974338
84.7,26.1,81.3,46.1,2026-06-03 18:20:00,2974338
84.2,26.6,80.8,46.2,2026-06-03 18:30:00,2974338
84.1,27.6,80.8,47.1,2026-06-03 18:40:00,2974338
83.2,27.9,79.7,46.7,2026-06-03 18:50:00,2974338
81.6,28.5,78.1,45.8,2026-06-03 19:00:00,2974338
80.0,28.9,76.5,44.8,2026-06-03 19:10:00,2974338
78.9,30.3,75.6,45.1,2026-06-03 19:20:00,2974338
78.0,31.1,74.7,45.0,2026-06-03 19:30:00,2974338
77.5,31.4,74.1,44.8,2026-06-03 19:40:00,2974338
76.6,31.4,73.4,44.1,2026-06-03 19:50:00,2974338
75.9,33.1,72.7,44.8,2026-06-03 20:00:00,2974338
75.1,34.1,72.3,44.9,2026-06-03 20:10:00,2974338
74.2,34.9,71.6,44.8,2026-06-03 20:20:00,2974338
73.3,36.3,70.9,44.9,2026-06-03 20:30:00,2974338
72.3,37.5,70.2,44.9,2026-06-03 20:40:00,2974338
71.4,38.4,69.4,44.8,2026-06-03 20:50:00,2974338
70.4,39.7,68.7,44.8,2026-06-03 21:00:00,2974338
69.6,41.5,67.8,45.2,2026-06-03 21:10:00,2974338
68.9,42.3,66.4,45.0,2026-06-03 21:20:00,2974338
68.3,43.8,65.8,45.4,2026-06-03 21:30:00,2974338
67.6,45.0,64.8,45.5,2026-06-03 21:40:00,2974338
66.8,46.5,63.9,45.7,2026-06-03 21:50:00,2974338
66.2,48.0,63.3,46.0,2026-06-03 22:00:00,2974338
65.9,48.7,62.8,46.0,2026-06-03 22:10:00,2974338
65.6,49.1,62.4,46.0,2026-06-03 22:20:00,2974338
65.1,50.3,61.7,46.2,2026-06-03 22:30:00,2974338
64.6,51.4,61.5,46.3,2026-06-03 22:40:00,2974338
64.2,52.6,61.2,46.5,2026-06-03 22:50:00,2974338
63.7,53.6,60.8,46.6,2026-06-03 23:00:00,2974338
63.3,54.9,60.6,46.9,2026-06-03 23:10:00,2974338
63.0,55.4,60.3,46.7,2026-06-03 23:20:00,2974338
62.7,56.2,60.1,46.9,2026-06-03 23:30:00,2974338
62.1,57.0,59.7,46.7,2026-06-03 23:40:00,2974338
61.5,58.5,59.2,46.8,2026-06-03 23:50:00,2974338
61.3,59.2,59.0,47.0,2026-06-04 00:00:00,2974338
61.0,60.2,58.8,47.1,2026-06-04 00:10:00,2974338
60.8,61.0,58.8,47.3,2026-06-04 00:20:00,2974338
60.3,61.7,58.3,47.1,2026-06-04 00:30:00,2974338
60.0,62.6,58.1,47.2,2026-06-04 00:40:00,2974338
60.0,63.3,58.1,47.5,2026-06-04 00:50:00,2974338
59.6,63.8,57.9,47.4,2026-06-04 01:00:00,2974338
59.5,64.0,57.7,47.3,2026-06-04 01:10:00,2974338
59.3,65.0,57.6,47.5,2026-06-04 01:20:00,2974338
59.0,65.2,57.2,47.3,2026-06-04 01:30:00,2974338
58.6,65.5,56.8,47.0,2026-06-04 01:40:00,2974338
58.3,66.6,56.7,47.2,2026-06-04 01:50:00,2974338
58.1,67.5,56.5,47.4,2026-06-04 02:00:00,2974338
57.9,67.7,56.5,47.3,2026-06-04 02:10:00,2974338
57.4,68.7,56.1,47.2,2026-06-04 02:20:00,2974338
57.1,70.0,55.9,47.4,2026-06-04 02:30:00,2974338
56.9,70.4,55.8,47.4,2026-06-04 02:40:00,2974338
56.7,71.0,55.6,47.4,2026-06-04 02:50:00,2974338
56.5,70.8,55.4,47.1,2026-06-04 03:00:00,2974338
56.1,72.6,55.2,47.5,2026-06-04 03:10:00,2974338
55.9,73.3,55.2,47.5,2026-06-04 03:20:00,2974338
55.7,74.1,54.9,47.6,2026-06-04 03:30:00,2974338
55.5,74.7,54.7,47.6,2026-06-04 03:40:00,2974338
55.4,75.1,54.7,47.6,2026-06-04 03:50:00,2974338
55.3,75.0,54.5,47.5,2026-06-04 04:00:00,2974338
55.0,75.7,54.3,47.5,2026-06-04 04:10:00,2974338
54.7,76.2,54.1,47.4,2026-06-04 04:20:00,2974338
54.5,76.8,53.8,47.3,2026-06-04 04:30:00,2974338
54.1,77.8,53.6,47.3,2026-06-04 04:40:00,2974338
54.1,78.1,53.6,47.5,2026-06-04 04:50:00,2974338
53.9,78.6,53.4,47.4,2026-06-04 05:00:00,2974338
53.6,79.4,53.2,47.4,2026-06-04 05:10:00,2974338
53.4,79.8,52.9,47.3,2026-06-04 05:20:00,2974338
53.4,80.1,53.1,47.5,2026-06-04 05:30:00,2974338
53.3,80.7,52.9,47.6,2026-06-04 05:40:00,2974338
53.1,81.2,52.9,47.5,2026-06-04 05:50:00,2974338
53.1,81.6,52.9,47.6,2026-06-04 06:00:00,2974338
53.0,81.5,52.7,47.5,2026-06-04 06:10:00,2974338
53.0,81.9,52.7,47.6,2026-06-04 06:20:00,2974338
52.8,82.0,52.5,47.5,2026-06-04 06:30:00,2974338
53.0,83.2,52.9,48.0,2026-06-04 06:40:00,2974338
53.5,83.2,53.4,48.5,2026-06-04 06:50:00,2974338
53.9,83.1,53.8,48.9,2026-06-04 07:00:00,2974338
54.5,83.1,54.5,49.5,2026-06-04 07:10:00,2974338
55.3,82.9,55.2,50.2,2026-06-04 07:20:00,2974338
56.0,82.0,55.8,50.6,2026-06-04 07:30:00,2974338
57.1,80.7,56.8,51.2,2026-06-04 07:40:00,2974338
59.5,76.6,58.6,52.1,2026-06-04 07:50:00,2974338
61.0,71.9,59.9,51.9,2026-06-04 08:00:00,2974338
62.3,69.0,60.8,52.0,2026-06-04 08:10:00,2974338
63.5,65.6,61.5,51.8,2026-06-04 08:20:00,2974338
65.0,61.7,62.8,51.6,2026-06-04 08:30:00,2974338
66.3,57.4,64.0,50.8,2026-06-04 08:40:00,2974338
67.7,54.9,66.0,51.0,2026-06-04 08:50:00,2974338
68.7,53.6,67.1,51.2,2026-06-04 09:00:00,2974338
69.9,50.8,68.7,50.8,2026-06-04 09:10:00,2974338
71.0,49.7,70.0,51.2,2026-06-04 09:20:00,2974338
71.9,48.2,70.9,51.2,2026-06-04 09:30:00,2974338
73.0,46.9,71.6,51.5,2026-06-04 09:40:00,2974338
74.2,44.7,72.5,51.3,2026-06-04 09:50:00,2974338
75.4,41.4,73.2,50.3,2026-06-04 10:00:00,2974338
76.5,40.6,74.3,50.8,2026-06-04 10:10:00,2974338
77.7,38.3,75.0,50.3,2026-06-04 10:20:00,2974338
80.6,33.9,77.7,49.6,2026-06-04 10:30:00,2974338
81.9,32.9,79.0,49.9,2026-06-04 10:40:00,2974338
85.0,31.2,82.6,51.1,2026-06-04 10:50:00,2974338
86.8,28.8,84.2,50.6,2026-06-04 11:00:00,2974338
88.6,28.2,86.4,51.5,2026-06-04 11:10:00,2974338
89.2,26.3,86.7,50.1,2026-06-04 11:20:00,2974338
90.2,25.2,87.8,49.9,2026-06-04 11:30:00,2974338
90.5,26.0,88.5,51.0,2026-06-04 11:40:00,2974338
89.6,25.9,87.1,50.1,2026-06-04 11:50:00,2974338
91.7,24.6,89.6,50.5,2026-06-04 12:00:00,2974338
92.2,23.9,90.0,50.1,2026-06-04 12:10:00,2974338
91.5,24.5,89.2,50.2,2026-06-04 12:20:00,2974338
90.0,27.1,88.2,51.6,2026-06-04 12:30:00,2974338
92.4,25.0,90.7,51.5,2026-06-04 12:40:00,2974338
90.1,22.7,86.9,47.0,2026-06-04 12:50:00,2974338
89.0,24.7,86.0,48.3,2026-06-04 13:00:00,2974338
92.1,23.6,89.8,49.6,2026-06-04 13:10:00,2974338
88.8,23.1,85.5,46.3,2026-06-04 13:20:00,2974338
90.9,25.2,88.9,50.5,2026-06-04 13:30:00,2974338
89.7,23.8,86.7,47.9,2026-06-04 13:40:00,2974338
89.8,24.8,87.3,49.1,2026-06-04 13:50:00,2974338
91.1,24.3,88.7,49.7,2026-06-04 14:00:00,2974338
90.4,23.4,87.6,48.1,2026-06-04 14:10:00,2974338
91.5,23.2,88.9,48.7,2026-06-04 14:20:00,2974338
91.5,23.9,89.1,49.5,2026-06-04 14:30:00,2974338
91.4,22.3,88.3,47.5,2026-06-04 14:40:00,2974338
92.8,22.7,90.3,49.2,2026-06-04 14:50:00,2974338
92.5,23.2,90.0,49.5,2026-06-04 15:00:00,2974338
91.5,22.0,88.5,47.4,2026-06-04 15:10:00,2974338
91.7,22.6,89.1,48.2,2026-06-04 15:20:00,2974338
91.3,22.9,88.5,48.2,2026-06-04 15:30:00,2974338
92.6,23.3,90.3,49.7,2026-06-04 15:40:00,2974338
91.6,24.0,89.2,49.7,2026-06-04 15:50:00,2974338
91.2,25.0,89.2,50.6,2026-06-04 16:00:00,2974338
91.4,24.5,89.2,50.1,2026-06-04 16:10:00,2974338
91.5,23.2,88.9,48.7,2026-06-04 16:20:00,2974338
91.0,23.3,88.2,48.4,2026-06-04 16:30:00,2974338
91.9,23.8,89.8,49.8,2026-06-04 16:40:00,2974338
92.4,22.9,90.0,49.2,2026-06-04 16:50:00,2974338
92.2,24.1,90.1,50.3,2026-06-04 17:00:00,2974338
90.8,21.9,87.6,46.6,2026-06-04 17:10:00,2974338
91.1,22.6,88.3,47.6,2026-06-04 17:20:00,2974338
92.5,22.7,90.0,48.9,2026-06-04 17:30:00,2974338
92.5,23.2,90.3,49.6,2026-06-04 17:40:00,2974338
93.6,22.4,91.2,49.5,2026-06-04 17:50:00,2974338
93.3,22.0,90.7,48.8,2026-06-04 18:00:00,2974338
91.0,21.8,87.8,46.7,2026-06-04 18:10:00,2974338
89.3,22.2,85.8,45.7,2026-06-04 18:20:00,2974338
89.5,23.4,86.5,47.3,2026-06-04 18:30:00,2974338
89.9,24.1,87.1,48.4,2026-06-04 18:40:00,2974338
89.3,24.2,86.4,48.0,2026-06-04 18:50:00,2974338
88.2,24.2,85.1,47.1,2026-06-04 19:00:00,2974338
86.7,24.7,83.3,46.4,2026-06-04 19:10:00,2974338
85.5,24.6,82.0,45.3,2026-06-04 19:20:00,2974338
84.5,26.9,81.1,46.9,2026-06-04 19:30:00,2974338
83.2,30.6,80.2,49.1,2026-06-04 19:40:00,2974338
81.8,31.3,78.6,48.6,2026-06-04 19:50:00,2974338
80.9,32.8,77.9,48.9,2026-06-04 20:00:00,2974338
79.8,34.9,77.0,49.7,2026-06-04 20:10:00,2974338
78.6,35.8,76.1,49.3,2026-06-04 20:20:00,2974338
77.5,37.8,74.8,49.8,2026-06-04 20:30:00,2974338
76.8,39.2,74.3,50.1,2026-06-04 20:40:00,2974338
76.2,40.1,73.9,50.2,2026-06-04 20:50:00,2974338
75.3,41.6,73.2,50.3,2026-06-04 21:00:00,2974338
74.3,42.8,72.3,50.2,2026-06-04 21:10:00,2974338
73.5,43.8,72.0,50.1,2026-06-04 21:20:00,2974338
72.6,45.3,71.2,50.3,2026-06-04 21:30:00,2974338
71.9,46.6,70.7,50.3,2026-06-04 21:40:00,2974338
71.3,48.0,70.3,50.6,2026-06-04 21:50:00,2974338
70.8,48.4,70.0,50.4,2026-06-04 22:00:00,2974338
70.4,49.7,69.4,50.7,2026-06-04 22:10:00,2974338
70.0,50.4,69.1,50.7,2026-06-04 22:20:00,2974338
69.4,51.6,68.0,50.8,2026-06-04 22:30:00,2974338
68.9,52.6,67.6,50.9,2026-06-04 22:40:00,2974338
68.5,53.4,66.9,50.9,2026-06-04 22:50:00,2974338
68.1,54.3,66.4,51.0,2026-06-04 23:00:00,2974338
67.6,55.6,65.8,51.2,2026-06-04 23:10:00,2974338
67.2,56.2,65.3,51.1,2026-06-04 23:20:00,2974338
66.9,57.0,64.9,51.2,2026-06-04 23:30:00,2974338
66.5,57.9,64.4,51.3,2026-06-04 23:40:00,2974338
66.1,58.6,64.0,51.2,2026-06-04 23:50:00,2974338
65.7,59.4,63.5,51.2,2026-06-05 00:00:00,2974338
65.4,60.2,63.1,51.2,2026-06-05 00:10:00,2974338
65.1,60.8,63.0,51.3,2026-06-05 00:20:00,2974338
64.9,61.6,62.6,51.4,2026-06-05 00:30:00,2974338
64.3,62.4,62.2,51.2,2026-06-05 00:40:00,2974338
64.0,63.3,61.9,51.3,2026-06-05 00:50:00,2974338
63.7,64.2,61.9,51.5,2026-06-05 01:00:00,2974338
64.1,64.7,62.2,51.9,2026-06-05 01:10:00,2974338
64.1,64.6,62.2,52.0,2026-06-05 01:20:00,2974338
64.0,64.9,62.1,52.0,2026-06-05 01:30:00,2974338
64.2,64.5,62.2,51.9,2026-06-05 01:40:00,2974338
64.1,64.7,62.2,52.0,2026-06-05 01:50:00,2974338
63.9,65.6,62.1,52.2,2026-06-05 02:00:00,2974338
63.7,66.5,62.1,52.3,2026-06-05 02:10:00,2974338
63.5,67.5,61.7,52.5,2026-06-05 02:20:00,2974338
63.2,68.3,61.7,52.7,2026-06-05 02:30:00,2974338
63.1,68.9,61.5,52.7,2026-06-05 02:40:00,2974338
62.9,69.8,61.5,52.9,2026-06-05 02:50:00,2974338
62.5,70.2,61.2,52.7,2026-06-05 03:00:00,2974338
62.2,71.6,61.0,52.9,2026-06-05 03:10:00,2974338
62.0,71.9,60.8,52.8,2026-06-05 03:20:00,2974338
61.8,73.2,60.8,53.1,2026-06-05 03:30:00,2974338
61.5,73.9,60.4,53.1,2026-06-05 03:40:00,2974338
61.6,74.7,60.6,53.5,2026-06-05 03:50:00,2974338
61.4,75.0,60.6,53.5,2026-06-05 04:00:00,2974338
61.1,75.2,60.3,53.2,2026-06-05 04:10:00,2974338
60.9,76.2,60.1,53.3,2026-06-05 04:20:00,2974338
60.5,77.2,59.9,53.3,2026-06-05 04:30:00,2974338
60.3,77.6,59.7,53.3,2026-06-05 04:40:00,2974338
60.1,77.9,59.5,53.2,2026-06-05 04:50:00,2974338
59.7,79.3,59.2,53.3,2026-06-05 05:00:00,2974338
59.5,79.4,59.0,53.1,2026-06-05 05:10:00,2974338
59.2,80.3,58.8,53.2,2026-06-05 05:20:00,2974338
59.0,80.9,58.8,53.2,2026-06-05 05:30:00,2974338
58.6,81.4,58.3,52.9,2026-06-05 05:40:00,2974338
58.5,82.2,58.3,53.0,2026-06-05 05:50:00,2974338
58.3,82.7,58.1,53.0,2026-06-05 06:00:00,2974338
58.4,83.5,58.3,53.4,2026-06-05 06:10:00,2974338
58.3,83.4,58.3,53.3,2026-06-05 06:20:00,2974338
58.8,83.9,58.6,53.9,2026-06-05 06:30:00,2974338
59.1,83.5,59.0,54.1,2026-06-05 06:40:00,2974338
59.5,82.9,59.4,54.3,2026-06-05 06:50:00,2974338
59.8,82.5,59.7,54.5,2026-06-05 07:00:00,2974338
60.6,81.5,60.3,54.9,2026-06-05 07:10:00,2974338
61.6,79.7,61.2,55.3,2026-06-05 07:20:00,2974338
62.3,78.4,61.7,55.5,2026-06-05 07:30:00,2974338
62.9,77.5,62.2,55.7,2026-06-05 07:40:00,2974338
64.0,75.7,63.1,56.2,2026-06-05 07:50:00,2974338
65.5,73.0,64.6,56.6,2026-06-05 08:00:00,2974338
66.8,70.0,66.0,56.7,2026-06-05 08:10:00,2974338
67.7,68.5,67.1,56.9,2026-06-05 08:20:00,2974338
68.6,66.8,68.2,57.1,2026-06-05 08:30:00,2974338
69.9,64.1,69.8,57.2,2026-06-05 08:40:00,2974338
71.2,62.0,71.2,57.5,2026-06-05 08:50:00,2974338
72.4,60.4,72.3,57.9,2026-06-05 09:00:00,2974338
73.9,58.1,73.4,58.2,2026-06-05 09:10:00,2974338
75.6,55.7,75.0,58.7,2026-06-05 09:20:00,2974338
77.0,50.9,75.9,57.5,2026-06-05 09:30:00,2974338
78.4,49.1,77.4,57.7,2026-06-05 09:40:00,2974338
79.6,47.8,78.8,58.1,2026-06-05 09:50:00,2974338
80.2,45.5,79.2,57.3,2026-06-05 10:00:00,2974338
81.0,45.0,80.1,57.7,2026-06-05 10:10:00,2974338
82.2,42.8,81.0,57.4,2026-06-05 10:20:00,2974338
84.7,40.4,84.2,58.0,2026-06-05 10:30:00,2974338
86.6,38.8,86.7,58.6,2026-06-05 10:40:00,2974338
89.8,36.9,91.0,60.0,2026-06-05 10:50:00,2974338
90.7,33.6,91.4,58.2,2026-06-05 11:00:00,2974338
90.7,32.2,90.7,57.0,2026-06-05 11:10:00,2974338
91.9,32.3,92.5,58.1,2026-06-05 11:20:00,2974338
92.8,30.6,93.0,57.3,2026-06-05 11:30:00,2974338
92.9,28.7,92.5,55.7,2026-06-05 11:40:00,2974338
93.5,30.0,93.9,57.5,2026-06-05 11:50:00,2974338
94.0,29.0,94.1,56.8,2026-06-05 12:00:00,2974338
93.2,28.3,92.8,55.6,2026-06-05 12:10:00,2974338
95.5,28.8,96.4,58.0,2026-06-05 12:20:00,2974338
95.3,27.2,95.5,56.2,2026-06-05 12:30:00,2974338
95.1,27.9,95.4,56.8,2026-06-05 12:40:00,2974338
96.3,27.6,97.3,57.5,2026-06-05 12:50:00,2974338
94.9,27.3,95.0,56.0,2026-06-05 13:00:00,2974338
97.1,28.3,98.8,58.9,2026-06-05 13:10:00,2974338
96.8,27.4,97.9,57.7,2026-06-05 13:20:00,2974338
94.9,28.2,95.4,56.9,2026-06-05 13:30:00,2974338
96.7,26.9,97.5,57.1,2026-06-05 13:40:00,2974338
96.4,26.5,96.8,56.5,2026-06-05 13:50:00,2974338
95.4,27.3,95.7,56.4,2026-06-05 14:00:00,2974338
95.8,25.8,95.7,55.2,2026-06-05 14:10:00,2974338
95.4,26.0,95.4,55.1,2026-06-05 14:20:00,2974338
94.9,25.6,94.3,54.3,2026-06-05 14:30:00,2974338
95.5,25.4,95.0,54.6,2026-06-05 14:40:00,2974338
96.4,26.1,96.8,56.0,2026-06-05 14:50:00,2974338
96.7,26.3,97.3,56.5,2026-06-05 15:00:00,2974338
96.1,25.6,96.3,55.3,2026-06-05 15:10:00,2974338
95.1,26.5,95.0,55.4,2026-06-05 15:20:00,2974338
95.1,27.0,95.0,55.8,2026-06-05 15:30:00,2974338
95.2,26.6,95.0,55.5,2026-06-05 15:40:00,2974338
95.0,26.1,94.8,54.9,2026-06-05 15:50:00,2974338
95.6,26.4,95.7,55.7,2026-06-05 16:00:00,2974338
95.7,26.5,95.9,55.9,2026-06-05 16:10:00,2974338
95.5,25.9,95.2,55.0,2026-06-05 16:20:00,2974338
95.6,25.9,95.5,55.2,2026-06-05 16:30:00,2974338
95.4,26.8,95.5,55.9,2026-06-05 16:40:00,2974338
95.8,26.4,95.9,55.8,2026-06-05 16:50:00,2974338
93.7,25.2,92.7,52.8,2026-06-05 17:00:00,2974338
94.4,26.0,93.7,54.2,2026-06-05 17:10:00,2974338
95.3,26.2,95.2,55.2,2026-06-05 17:20:00,2974338
95.1,27.0,95.2,55.9,2026-06-05 17:30:00,2974338
94.9,25.7,94.5,54.3,2026-06-05 17:40:00,2974338
93.7,26.1,93.0,53.7,2026-06-05 17:50:00,2974338
92.9,26.2,91.8,53.2,2026-06-05 18:00:00,2974338
93.7,27.7,93.2,55.4,2026-06-05 18:10:00,2974338
93.5,26.9,92.7,54.4,2026-06-05 18:20:00,2974338
92.5,26.6,91.2,53.2,2026-06-05 18:30:00,2974338
92.3,28.2,91.6,54.7,2026-06-05 18:40:00,2974338
91.0,28.1,89.6,53.5,2026-06-05 18:50:00,2974338
90.3,29.0,88.9,53.7,2026-06-05 19:00:00,2974338
89.3,29.9,87.8,53.8,2026-06-05 19:10:00,2974338
88.5,30.5,86.5,53.6,2026-06-05 19:20:00,2974338
87.8,31.2,86.2,53.6,2026-06-05 19:30:00,2974338
87.2,32.0,85.5,53.8,2026-06-05 19:40:00,2974338
86.3,32.7,84.6,53.5,2026-06-05 19:50:00,2974338
85.5,33.9,83.8,53.8,2026-06-05 20:00:00,2974338
84.6,34.6,82.9,53.6,2026-06-05 20:10:00,2974338
83.8,35.4,81.9,53.5,2026-06-05 20:20:00,2974338
82.6,36.9,80.4,53.6,2026-06-05 20:30:00,2974338
81.6,38.3,79.7,53.8,2026-06-05 20:40:00,2974338
80.7,39.7,78.8,53.9,2026-06-05 20:50:00,2974338
79.8,41.1,78.1,54.1,2026-06-05 21:00:00,2974338
79.4,41.6,77.7,54.1,2026-06-05 21:10:00,2974338
79.1,42.2,77.4,54.2,2026-06-05 21:20:00,2974338
78.4,43.1,76.6,54.1,2026-06-05 21:30:00,2974338
77.8,44.2,76.1,54.3,2026-06-05 21:40:00,2974338
78.0,43.9,76.3,54.2,2026-06-05 21:50:00,2974338
77.7,44.6,76.1,54.5,2026-06-05 22:00:00,2974338
77.6,45.4,76.1,54.8,2026-06-05 22:10:00,2974338
77.2,46.5,75.4,55.1,2026-06-05 22:20:00,2974338
77.2,46.1,75.4,54.8,2026-06-05 22:30:00,2974338
77.2,46.3,75.7,55.0,2026-06-05 22:40:00,2974338
77.2,46.0,75.7,54.8,2026-06-05 22:50:00,2974338
76.9,47.5,75.4,55.4,2026-06-05 23:00:00,2974338
76.5,47.5,75.0,55.1,2026-06-05 23:10:00,2974338
76.0,48.1,74.5,55.0,2026-06-05 23:20:00,2974338
75.7,48.7,74.3,55.1,2026-06-05 23:30:00,2974338
75.0,49.9,73.6,55.0,2026-06-05 23:40:00,2974338
74.7,50.8,73.6,55.2,2026-06-05 23:50:00,2974338
74.2,51.7,73.2,55.3,2026-06-06 00:00:00,2974338
74.1,52.5,73.2,55.6,2026-06-06 00:10:00,2974338
73.6,52.9,72.9,55.3,2026-06-06 00:20:00,2974338
73.8,53.0,73.0,55.6,2026-06-06 00:30:00,2974338
73.9,52.7,73.0,55.5,2026-06-06 00:40:00,2974338
73.6,54.1,73.0,56.0,2026-06-06 00:50:00,2974338
73.3,54.4,72.7,55.9,2026-06-06 01:00:00,2974338
73.0,55.0,72.3,55.9,2026-06-06 01:10:00,2974338
72.9,55.2,72.5,55.9,2026-06-06 01:20:00,2974338
72.4,55.8,72.0,55.7,2026-06-06 01:30:00,2974338
71.9,57.3,71.4,56.0,2026-06-06 01:40:00,2974338
71.5,57.9,71.2,55.9,2026-06-06 01:50:00,2974338
71.3,58.5,71.1,56.0,2026-06-06 02:00:00,2974338
70.8,59.6,70.7,56.0,2026-06-06 02:10:00,2974338
70.3,60.9,70.0,56.2,2026-06-06 02:20:00,2974338
70.1,61.8,69.8,56.4,2026-06-06 02:30:00,2974338
70.3,61.8,70.0,56.6,2026-06-06 02:40:00,2974338
70.1,61.8,69.8,56.4,2026-06-06 02:50:00,2974338
70.1,62.3,69.8,56.6,2026-06-06 03:00:00,2974338
69.9,63.0,69.6,56.7,2026-06-06 03:10:00,2974338
70.1,62.3,69.8,56.6,2026-06-06 03:20:00,2974338
69.6,63.3,69.3,56.6,2026-06-06 03:30:00,2974338
69.1,64.4,68.7,56.6,2026-06-06 03:40:00,2974338
69.2,64.6,68.7,56.8,2026-06-06 03:50:00,2974338
69.3,64.5,69.1,56.8,2026-06-06 04:00:00,2974338
69.0,65.0,68.5,56.8,2026-06-06 04:10:00,2974338
68.8,65.6,68.2,56.8,2026-06-06 04:20:00,2974338
68.9,65.6,68.5,56.9,2026-06-06 04:30:00,2974338
68.8,65.9,68.4,56.9,2026-06-06 04:40:00,2974338
68.5,66.4,68.0,56.9,2026-06-06 04:50:00,2974338
68.3,66.7,67.6,56.8,2026-06-06 05:00:00,2974338
68.0,67.6,67.3,56.9,2026-06-06 05:10:00,2974338
67.7,68.2,67.1,56.9,2026-06-06 05:20:00,2974338
67.8,68.5,67.3,57.1,2026-06-06 05:30:00,2974338
67.9,68.5,67.3,57.1,2026-06-06 05:40:00,2974338
67.7,68.9,67.1,57.2,2026-06-06 05:50:00,2974338
67.8,69.0,67.1,57.3,2026-06-06 06:00:00,2974338
67.7,69.2,67.1,57.3,2026-06-06 06:10:00,2974338
67.8,69.4,67.5,57.5,2026-06-06 06:20:00,2974338
68.0,69.6,67.6,57.7,2026-06-06 06:30:00,2974338
68.3,69.5,68.0,58.0,2026-06-06 06:40:00,2974338
68.7,69.2,68.5,58.2,2026-06-06 06:50:00,2974338
69.4,69.0,69.4,58.8,2026-06-06 07:00:00,2974338
70.2,67.9,70.3,59.1,2026-06-06 07:10:00,2974338
70.6,67.5,70.9,59.3,2026-06-06 07:20:00,2974338
70.8,67.5,71.2,59.6,2026-06-06 07:30:00,2974338
71.4,66.5,71.8,59.6,2026-06-06 07:40:00,2974338
72.1,65.5,72.3,59.9,2026-06-06 07:50:00,2974338
72.7,65.0,73.0,60.3,2026-06-06 08:00:00,2974338
73.3,64.2,73.6,60.5,2026-06-06 08:10:00,2974338
74.2,63.3,74.5,60.9,2026-06-06 08:20:00,2974338
74.8,61.3,74.7,60.6,2026-06-06 08:30:00,2974338
75.3,60.2,75.2,60.6,2026-06-06 08:40:00,2974338
76.0,59.9,75.7,61.1,2026-06-06 08:50:00,2974338
76.8,59.4,76.8,61.6,2026-06-06 09:00:00,2974338
77.8,57.1,77.9,61.4,2026-06-06 09:10:00,2974338
78.5,55.9,78.6,61.5,2026-06-06 09:20:00,2974338
79.4,53.7,79.7,61.1,2026-06-06 09:30:00,2974338
80.0,53.0,80.2,61.3,2026-06-06 09:40:00,2974338
80.5,52.1,80.8,61.4,2026-06-06 09:50:00,2974338
81.0,51.3,81.3,61.4,2026-06-06 10:00:00,2974338
81.4,50.2,81.7,61.1,2026-06-06 10:10:00,2974338
82.7,49.2,83.3,61.7,2026-06-06 10:20:00,2974338
82.5,47.8,82.6,60.7,2026-06-06 10:30:00,2974338
84.5,47.4,85.6,62.3,2026-06-06 10:40:00,2974338
86.4,44.2,88.0,62.0,2026-06-06 10:50:00,2974338
87.1,42.0,88.3,61.2,2026-06-06 11:00:00,2974338
90.1,40.7,93.2,63.1,2026-06-06 11:10:00,2974338
88.8,39.9,90.3,61.3,2026-06-06 11:20:00,2974338
89.8,38.3,91.8,61.1,2026-06-06 11:30:00,2974338
89.8,39.0,91.9,61.6,2026-06-06 11:40:00,2974338
91.9,39.0,95.4,63.4,2026-06-06 11:50:00,2974338
91.8,36.4,94.3,61.4,2026-06-06 12:00:00,2974338
90.0,37.7,91.8,60.7,2026-06-06 12:10:00,2974338
91.5,38.0,94.3,62.3,2026-06-06 12:20:00,2974338
92.1,38.0,95.5,62.9,2026-06-06 12:30:00,2974338
90.6,37.4,92.5,61.0,2026-06-06 12:40:00,2974338
94.0,35.2,97.2,62.3,2026-06-06 12:50:00,2974338
92.2,33.3,93.4,59.2,2026-06-06 13:00:00,2974338
94.7,34.5,98.2,62.4,2026-06-06 13:10:00,2974338
93.8,34.2,96.4,61.3,2026-06-06 13:20:00,2974338
92.6,34.6,94.5,60.6,2026-06-06 13:30:00,2974338
91.5,37.1,93.9,61.6,2026-06-06 13:40:00,2974338
91.5,36.5,93.7,61.2,2026-06-06 13:50:00,2974338
92.7,36.7,95.9,62.4,2026-06-06 14:00:00,2974338
93.2,36.2,96.3,62.4,2026-06-06 14:10:00,2974338
90.4,36.5,91.9,60.2,2026-06-06 14:20:00,2974338
91.2,38.1,93.7,62.1,2026-06-06 14:30:00,2974338
92.4,38.9,96.3,63.8,2026-06-06 14:40:00,2974338
90.9,38.2,93.6,62.0,2026-06-06 14:50:00,2974338
92.7,37.7,96.3,63.1,2026-06-06 15:00:00,2974338
92.6,37.5,95.9,62.9,2026-06-06 15:10:00,2974338
92.8,35.5,95.4,61.6,2026-06-06 15:20:00,2974338
91.9,35.4,94.1,60.7,2026-06-06 15:30:00,2974338
91.0,37.3,93.2,61.3,2026-06-06 15:40:00,2974338
91.1,37.2,93.4,61.3,2026-06-06 15:50:00,2974338
92.7,36.4,95.7,62.2,2026-06-06 16:00:00,2974338
93.6,36.7,97.3,63.2,2026-06-06 16:10:00,2974338
92.9,34.9,95.4,61.1,2026-06-06 16:20:00,2974338
93.4,36.3,96.8,62.7,2026-06-06 16:30:00,2974338
93.2,34.7,95.4,61.2,2026-06-06 16:40:00,2974338
93.0,34.9,95.5,61.3,2026-06-06 16:50:00,2974338
93.7,34.9,96.4,61.8,2026-06-06 17:00:00,2974338
93.4,34.9,96.1,61.6,2026-06-06 17:10:00,2974338
93.1,34.7,95.4,61.2,2026-06-06 17:20:00,2974338
93.4,34.4,95.9,61.1,2026-06-06 17:30:00,2974338
93.1,33.7,95.0,60.4,2026-06-06 17:40:00,2974338
92.3,33.5,93.7,59.5,2026-06-06 17:50:00,2974338
92.5,34.2,94.5,60.2,2026-06-06 18:00:00,2974338
92.3,32.3,93.0,58.4,2026-06-06 18:10:00,2974338
91.9,33.1,93.0,58.8,2026-06-06 18:20:00,2974338
90.9,32.6,91.2,57.5,2026-06-06 18:30:00,2974338
90.2,32.8,90.1,57.1,2026-06-06 18:40:00,2974338
90.4,33.9,90.9,58.1,2026-06-06 18:50:00,2974338
89.3,36.3,90.0,59.1,2026-06-06 19:00:00,2974338
88.4,38.0,89.1,59.5,2026-06-06 19:10:00,2974338
87.3,38.3,87.6,58.8,2026-06-06 19:20:00,2974338
86.9,38.5,87.1,58.6,2026-06-06 19:30:00,2974338
86.6,38.5,86.5,58.4,2026-06-06 19:40:00,2974338
86.1,40.1,86.4,59.1,2026-06-06 19:50:00,2974338
85.5,41.2,85.8,59.2,2026-06-06 20:00:00,2974338
85.0,41.8,85.1,59.2,2026-06-06 20:10:00,2974338
84.5,42.5,84.6,59.2,2026-06-06 20:20:00,2974338
83.9,43.1,83.8,59.1,2026-06-06 20:30:00,2974338
82.7,44.9,82.2,59.1,2026-06-06 20:40:00,2974338
81.6,46.5,81.1,59.1,2026-06-06 20:50:00,2974338
80.9,47.7,80.4,59.2,2026-06-06 21:00:00,2974338
80.0,48.8,79.5,59.0,2026-06-06 21:10:00,2974338
79.8,49.6,79.3,59.3,2026-06-06 21:20:00,2974338
79.7,49.8,79.2,59.3,2026-06-06 21:30:00,2974338
79.5,50.0,79.3,59.3,2026-06-06 21:40:00,2974338
79.5,50.5,79.3,59.6,2026-06-06 21:50:00,2974338
79.6,50.9,79.3,59.9,2026-06-06 22:00:00,2974338
79.8,50.7,79.5,59.9,2026-06-06 22:10:00,2974338
79.7,51.0,79.7,60.0,2026-06-06 22:20:00,2974338
79.3,51.6,79.0,59.9,2026-06-06 22:30:00,2974338
78.8,52.8,78.6,60.2,2026-06-06 22:40:00,2974338
78.8,52.9,78.4,60.1,2026-06-06 22:50:00,2974338
78.5,53.3,78.3,60.1,2026-06-06 23:00:00,2974338
78.5,53.4,78.3,60.2,2026-06-06 23:10:00,2974338
78.1,53.9,77.9,60.1,2026-06-06 23:20:00,2974338
77.8,54.5,77.4,60.1,2026-06-06 23:30:00,2974338
77.5,54.9,77.0,60.1,2026-06-06 23:40:00,2974338
77.3,55.3,76.8,60.1,2026-06-06 23:50:00,2974338
77.2,55.7,76.8,60.2,2026-06-07 00:00:00,2974338
76.9,56.4,76.3,60.2,2026-06-07 00:10:00,2974338
76.8,57.0,76.5,60.4,2026-06-07 00:20:00,2974338
76.8,57.2,76.3,60.5,2026-06-07 00:30:00,2974338
76.5,57.7,76.1,60.4,2026-06-07 00:40:00,2974338
76.1,58.5,75.9,60.5,2026-06-07 00:50:00,2974338
75.9,59.4,75.6,60.7,2026-06-07 01:00:00,2974338
75.7,60.0,75.6,60.9,2026-06-07 01:10:00,2974338
75.2,60.8,75.2,60.7,2026-06-07 01:20:00,2974338
74.7,61.7,74.8,60.7,2026-06-07 01:30:00,2974338
74.1,62.8,74.1,60.6,2026-06-07 01:40:00,2974338
73.7,63.7,73.9,60.6,2026-06-07 01:50:00,2974338
73.3,64.6,73.6,60.6,2026-06-07 02:00:00,2974338
73.1,65.5,73.4,60.8,2026-06-07 02:10:00,2974338
72.4,66.4,72.9,60.6,2026-06-07 02:20:00,2974338
72.1,67.9,72.5,60.9,2026-06-07 02:30:00,2974338
71.7,68.5,72.1,60.8,2026-06-07 02:40:00,2974338
71.3,69.1,72.0,60.6,2026-06-07 02:50:00,2974338
71.0,70.5,71.6,60.9,2026-06-07 03:00:00,2974338
71.3,70.5,72.0,61.2,2026-06-07 03:10:00,2974338
71.3,70.6,72.0,61.2,2026-06-07 03:20:00,2974338
71.2,70.6,71.8,61.1,2026-06-07 03:30:00,2974338
71.2,70.8,71.8,61.3,2026-06-07 03:40:00,2974338
71.3,70.7,72.0,61.3,2026-06-07 03:50:00,2974338
71.1,71.0,71.8,61.3,2026-06-07 04:00:00,2974338
71.2,71.2,71.8,61.3,2026-06-07 04:10:00,2974338
71.0,71.3,71.6,61.2,2026-06-07 04:20:00,2974338
70.8,71.6,71.4,61.2,2026-06-07 04:30:00,2974338
70.8,71.8,71.4,61.2,2026-06-07 04:40:00,2974338
70.8,72.1,71.6,61.3,2026-06-07 04:50:00,2974338
69.6,75.3,70.0,61.4,2026-06-07 06:10:00,2974338
69.8,75.1,70.3,61.5,2026-06-07 06:20:00,2974338
70.1,74.8,70.5,61.8,2026-06-07 06:30:00,2974338
70.4,74.6,71.1,61.9,2026-06-07 06:40:00,2974338
70.6,74.4,71.2,62.0,2026-06-07 06:50:00,2974338
70.8,74.3,71.6,62.2,2026-06-07 07:00:00,2974338
71.3,73.8,72.1,62.5,2026-06-07 07:10:00,2974338
71.7,73.2,72.5,62.7,2026-06-07 07:20:00,2974338
72.1,72.5,73.0,62.8,2026-06-07 07:30:00,2974338
72.6,71.9,73.2,63.0,2026-06-07 07:40:00,2974338
73.3,71.0,74.1,63.3,2026-06-07 07:50:00,2974338
73.5,70.2,74.1,63.2,2026-06-07 08:00:00,2974338
74.0,69.9,74.8,63.6,2026-06-07 08:10:00,2974338
74.6,69.9,75.4,64.1,2026-06-07 08:20:00,2974338
75.4,68.9,76.1,64.5,2026-06-07 08:30:00,2974338
76.1,67.4,76.6,64.5,2026-06-07 08:40:00,2974338
77.1,66.4,77.9,65.0,2026-06-07 08:50:00,2974338
77.7,64.0,78.8,64.6,2026-06-07 09:00:00,2974338
77.9,62.7,78.4,64.1,2026-06-07 09:10:00,2974338
78.5,62.3,79.7,64.5,2026-06-07 09:20:00,2974338
79.1,61.4,80.2,64.7,2026-06-07 09:30:00,2974338
79.9,60.1,81.3,64.8,2026-06-07 09:40:00,2974338
80.2,58.7,81.5,64.4,2026-06-07 09:50:00,2974338
81.1,58.0,82.6,64.9,2026-06-07 10:00:00,2974338
82.0,55.6,83.7,64.6,2026-06-07 10:10:00,2974338
82.9,54.7,84.7,64.9,2026-06-07 10:20:00,2974338
85.2,52.5,88.5,65.9,2026-06-07 10:30:00,2974338
86.5,50.1,90.0,65.7,2026-06-07 10:40:00,2974338
88.9,48.8,94.1,67.2,2026-06-07 10:50:00,2974338
90.1,45.6,94.8,66.3,2026-06-07 11:00:00,2974338
92.5,43.5,98.6,67.1,2026-06-07 11:10:00,2974338
92.4,42.2,97.7,66.1,2026-06-07 11:20:00,2974338
92.8,40.3,97.5,65.1,2026-06-07 11:30:00,2974338
94.1,40.7,100.4,66.6,2026-06-07 11:40:00,2974338
93.7,40.3,99.1,65.9,2026-06-07 11:50:00,2974338
92.6,39.4,96.8,64.3,2026-06-07 12:00:00,2974338
94.8,36.0,99.3,63.6,2026-06-07 12:10:00,2974338
95.0,36.7,100.0,64.4,2026-06-07 12:20:00,2974338
94.7,36.5,99.3,64.0,2026-06-07 12:30:00,2974338
95.2,36.2,99.9,64.1,2026-06-07 12:40:00,2974338
95.3,35.5,99.7,63.7,2026-06-07 12:50:00,2974338
95.5,36.7,100.8,64.9,2026-06-07 13:00:00,2974338
97.1,34.9,102.7,64.9,2026-06-07 13:10:00,2974338
96.4,33.2,100.2,62.7,2026-06-07 13:20:00,2974338
97.9,33.0,102.9,63.9,2026-06-07 13:30:00,2974338
97.6,32.9,102.2,63.5,2026-06-07 13:40:00,2974338
97.4,34.4,103.1,64.7,2026-06-07 13:50:00,2974338
98.3,32.0,102.9,63.3,2026-06-07 14:00:00,2974338
98.2,33.0,103.5,64.2,2026-06-07 14:10:00,2974338
95.7,32.6,98.8,61.6,2026-06-07 14:20:00,2974338
96.9,33.2,101.1,63.1,2026-06-07 14:30:00,2974338
98.1,32.7,103.1,63.7,2026-06-07 14:40:00,2974338
96.7,31.6,100.0,61.6,2026-06-07 14:50:00,2974338
95.8,33.2,99.3,62.3,2026-06-07 15:00:00,2974338
96.0,33.8,100.0,62.9,2026-06-07 15:10:00,2974338
95.5,34.1,99.3,62.8,2026-06-07 15:20:00,2974338
98.2,32.9,103.3,64.1,2026-06-07 15:30:00,2974338
98.6,31.5,102.9,63.1,2026-06-07 15:40:00,2974338
98.1,31.0,101.8,62.2,2026-06-07 15:50:00,2974338
96.4,32.7,100.0,62.3,2026-06-07 16:00:00,2974338
95.5,33.8,99.1,62.5,2026-06-07 16:10:00,2974338
96.9,32.5,100.9,62.6,2026-06-07 16:20:00,2974338
97.5,33.5,102.7,64.0,2026-06-07 16:30:00,2974338
97.1,32.9,101.3,63.1,2026-06-07 16:40:00,2974338
95.2,34.4,98.8,62.7,2026-06-07 16:50:00,2974338
96.4,35.0,101.3,64.2,2026-06-07 17:00:00,2974338
96.5,35.6,102.0,64.9,2026-06-07 17:10:00,2974338
95.7,36.8,101.1,65.1,2026-06-07 17:20:00,2974338
94.4,36.2,98.4,63.5,2026-06-07 17:30:00,2974338
95.1,36.6,100.0,64.4,2026-06-07 17:40:00,2974338
93.9,37.1,98.1,63.8,2026-06-07 17:50:00,2974338
93.4,37.9,97.5,64.0,2026-06-07 18:00:00,2974338
93.4,37.2,97.3,63.4,2026-06-07 18:10:00,2974338
93.3,37.9,97.3,63.8,2026-06-07 18:20:00,2974338
93.0,37.7,96.6,63.4,2026-06-07 18:30:00,2974338
92.7,38.2,96.4,63.4,2026-06-07 18:40:00,2974338
92.1,38.5,95.4,63.2,2026-06-07 18:50:00,2974338
91.4,39.3,94.5,63.1,2026-06-07 19:00:00,2974338
90.1,39.6,92.8,62.2,2026-06-07 19:10:00,2974338
89.8,40.4,92.5,62.6,2026-06-07 19:20:00,2974338
89.4,40.8,91.6,62.4,2026-06-07 19:30:00,2974338
88.9,41.0,91.0,62.2,2026-06-07 19:40:00,2974338
88.1,42.1,89.8,62.2,2026-06-07 19:50:00,2974338
87.9,41.3,89.2,61.4,2026-06-07 20:00:00,2974338
87.7,41.4,89.1,61.3,2026-06-07 20:10:00,2974338
87.3,41.4,88.5,61.0,2026-06-07 20:20:00,2974338
87.0,41.9,88.2,61.1,2026-06-07 20:30:00,2974338
86.8,42.6,88.0,61.4,2026-06-07 20:40:00,2974338
86.3,43.5,87.4,61.5,2026-06-07 20:50:00,2974338
85.6,44.6,86.7,61.5,2026-06-07 21:00:00,2974338
85.1,45.9,86.4,62.0,2026-06-07 21:10:00,2974338
84.7,46.9,85.8,62.1,2026-06-07 21:20:00,2974338
84.5,47.1,85.6,62.2,2026-06-07 21:30:00,2974338
84.1,47.7,85.3,62.1,2026-06-07 21:40:00,2974338
83.7,48.6,84.9,62.3,2026-06-07 21:50:00,2974338
83.5,49.1,84.7,62.4,2026-06-07 22:00:00,2974338
83.2,49.6,84.2,62.4,2026-06-07 22:10:00,2974338
82.9,50.1,83.8,62.4,2026-06-07 22:20:00,2974338
82.5,50.4,83.1,62.2,2026-06-07 22:30:00,2974338
82.3,50.9,83.1,62.3,2026-06-07 22:40:00,2974338
81.9,51.4,82.6,62.2,2026-06-07 22:50:00,2974338
81.7,52.0,82.4,62.4,2026-06-07 23:00:00,2974338
81.5,52.6,82.2,62.5,2026-06-07 23:10:00,2974338
81.2,53.1,81.9,62.6,2026-06-07 23:20:00,2974338
80.9,53.8,81.7,62.6,2026-06-07 23:30:00,2974338
80.4,54.8,81.0,62.7,2026-06-07 23:40:00,2974338
80.2,55.7,81.0,63.0,2026-06-07 23:50:00,2974338
79.8,56.7,80.6,63.1,2026-06-08 00:00:00,2974338
79.6,57.2,80.4,63.2,2026-06-08 00:10:00,2974338
79.5,57.6,80.2,63.2,2026-06-08 00:20:00,2974338
79.1,58.4,79.9,63.2,2026-06-08 00:30:00,2974338
78.7,59.4,79.5,63.3,2026-06-08 00:40:00,2974338
78.3,60.0,79.0,63.3,2026-06-08 00:50:00,2974338
78.1,60.7,78.8,63.4,2026-06-08 01:00:00,2974338
77.9,61.0,78.6,63.4,2026-06-08 01:10:00,2974338
77.8,61.6,78.4,63.5,2026-06-08 01:20:00,2974338
77.5,62.2,77.9,63.6,2026-06-08 01:30:00,2974338
77.4,62.5,77.9,63.6,2026-06-08 01:40:00,2974338
77.2,62.9,77.4,63.6,2026-06-08 01:50:00,2974338
76.9,63.7,77.4,63.7,2026-06-08 02:00:00,2974338
76.7,64.1,77.0,63.6,2026-06-08 02:10:00,2974338
76.4,64.7,76.6,63.6,2026-06-08 02:20:00,2974338
76.1,65.4,76.3,63.6,2026-06-08 02:30:00,2974338
76.0,65.9,76.3,63.8,2026-06-08 02:40:00,2974338
75.7,66.5,76.1,63.8,2026-06-08 02:50:00,2974338
75.5,67.2,75.9,63.9,2026-06-08 03:00:00,2974338
75.2,67.8,75.9,63.8,2026-06-08 03:10:00,2974338
74.9,68.5,75.6,63.8,2026-06-08 03:20:00,2974338
74.5,69.4,75.4,63.8,2026-06-08 03:30:00,2974338
74.2,70.1,75.0,63.8,2026-06-08 03:40:00,2974338
74.1,70.6,74.8,63.9,2026-06-08 03:50:00,2974338
74.1,70.7,74.8,64.0,2026-06-08 04:00:00,2974338
74.0,71.1,74.8,64.0,2026-06-08 04:10:00,2974338
73.8,71.4,74.7,64.0,2026-06-08 04:20:00,2974338
73.8,71.7,74.7,64.1,2026-06-08 04:30:00,2974338
73.9,71.8,74.7,64.1,2026-06-08 04:40:00,2974338
73.7,72.3,74.7,64.2,2026-06-08 04:50:00,2974338
73.7,72.3,74.7,64.3,2026-06-08 05:00:00,2974338
73.6,72.6,74.7,64.2,2026-06-08 05:10:00,2974338
73.3,73.3,74.3,64.2,2026-06-08 05:20:00,2974338
73.0,73.8,73.9,64.2,2026-06-08 05:30:00,2974338
72.6,74.7,73.6,64.1,2026-06-08 05:40:00,2974338
72.1,75.6,73.0,64.0,2026-06-08 05:50:00,2974338
71.9,76.3,72.9,64.0,2026-06-08 06:00:00,2974338
71.7,76.8,72.7,64.0,2026-06-08 06:10:00,2974338
71.8,77.3,72.9,64.3,2026-06-08 06:20:00,2974338
71.9,77.7,72.9,64.5,2026-06-08 06:30:00,2974338
72.1,78.1,73.2,64.9,2026-06-08 06:40:00,2974338
72.5,77.8,73.8,65.2,2026-06-08 06:50:00,2974338
73.1,77.6,74.5,65.7,2026-06-08 07:00:00,2974338
73.5,77.0,74.8,65.8,2026-06-08 07:10:00,2974338
73.9,76.7,75.2,66.1,2026-06-08 07:20:00,2974338
74.5,76.3,75.9,66.6,2026-06-08 07:30:00,2974338
75.1,73.6,76.5,66.1,2026-06-08 07:40:00,2974338
75.9,71.0,77.0,65.9,2026-06-08 07:50:00,2974338
76.9,69.4,78.1,66.1,2026-06-08 08:00:00,2974338
77.5,68.7,78.8,66.4,2026-06-08 08:10:00,2974338
78.0,68.4,79.7,66.8,2026-06-08 08:20:00,2974338
78.5,67.8,80.6,67.0,2026-06-08 08:30:00,2974338
79.5,66.7,81.9,67.4,2026-06-08 08:40:00,2974338
80.4,65.5,83.5,67.8,2026-06-08 08:50:00,2974338
81.2,64.0,84.2,67.9,2026-06-08 09:00:00,2974338
82.0,63.0,85.1,68.1,2026-06-08 09:10:00,2974338
82.9,61.3,86.4,68.2,2026-06-08 09:20:00,2974338
83.8,60.0,87.8,68.5,2026-06-08 09:30:00,2974338
84.4,57.7,88.7,67.8,2026-06-08 09:40:00,2974338
85.0,56.9,89.4,68.0,2026-06-08 09:50:00,2974338
85.5,56.3,90.3,68.1,2026-06-08 10:00:00,2974338
86.0,55.2,90.7,68.0,2026-06-08 10:10:00,2974338
86.5,54.4,91.4,68.1,2026-06-08 10:20:00,2974338
88.1,53.2,94.1,69.0,2026-06-08 10:30:00,2974338
89.0,50.6,94.8,68.3,2026-06-08 10:40:00,2974338
93.1,48.2,102.4,70.6,2026-06-08 10:50:00,2974338
94.4,45.4,103.3,70.0,2026-06-08 11:00:00,2974338
95.6,43.8,105.3,70.1,2026-06-08 11:10:00,2974338
95.5,42.7,104.2,69.3,2026-06-08 11:20:00,2974338
96.1,43.2,106.0,70.1,2026-06-08 11:30:00,2974338
95.7,41.2,104.0,68.4,2026-06-08 11:40:00,2974338
97.1,40.6,106.3,69.2,2026-06-08 11:50:00,2974338
98.0,39.3,107.2,69.0,2026-06-08 12:00:00,2974338
97.9,39.0,107.2,68.7,2026-06-08 12:10:00,2974338
96.6,39.8,104.7,68.2,2026-06-08 12:20:00,2974338
97.1,38.7,105.1,67.7,2026-06-08 12:30:00,2974338
97.1,39.2,105.4,68.1,2026-06-08 12:40:00,2974338
96.9,38.6,104.7,67.5,2026-06-08 12:50:00,2974338
95.7,39.3,102.7,67.0,2026-06-08 13:00:00,2974338
94.6,39.6,100.6,66.2,2026-06-08 13:10:00,2974338
96.8,38.7,104.4,67.5,2026-06-08 13:20:00,2974338
98.4,37.2,106.5,67.8,2026-06-08 13:30:00,2974338
98.4,37.2,106.9,67.8,2026-06-08 13:40:00,2974338
94.6,37.4,99.3,64.6,2026-06-08 13:50:00,2974338
96.4,39.7,104.2,67.9,2026-06-08 14:00:00,2974338
96.5,37.7,103.5,66.5,2026-06-08 14:10:00,2974338
97.0,38.2,104.7,67.3,2026-06-08 14:20:00,2974338
98.7,37.2,107.2,68.0,2026-06-08 14:30:00,2974338
97.0,36.6,103.5,66.1,2026-06-08 14:40:00,2974338
98.0,36.9,105.6,67.2,2026-06-08 14:50:00,2974338
97.0,36.8,104.0,66.3,2026-06-08 15:00:00,2974338
97.2,36.9,104.4,66.5,2026-06-08 15:10:00,2974338
95.8,38.2,102.2,66.3,2026-06-08 15:20:00,2974338
97.1,38.1,104.7,67.3,2026-06-08 15:30:00,2974338
96.5,39.0,104.2,67.5,2026-06-08 15:40:00,2974338
96.0,37.3,102.0,65.8,2026-06-08 15:50:00,2974338
94.9,38.4,100.6,65.6,2026-06-08 16:00:00,2974338
94.1,39.9,100.0,66.0,2026-06-08 16:10:00,2974338
94.0,39.9,99.7,65.9,2026-06-08 16:20:00,2974338
94.8,39.7,101.3,66.5,2026-06-08 16:30:00,2974338
95.1,37.2,100.4,64.9,2026-06-08 16:40:00,2974338
95.1,37.3,100.4,64.9,2026-06-08 16:50:00,2974338
95.3,38.3,101.1,65.8,2026-06-08 17:00:00,2974338
94.4,37.6,99.1,64.5,2026-06-08 17:10:00,2974338
95.1,37.9,100.8,65.4,2026-06-08 17:20:00,2974338
94.6,37.2,99.1,64.4,2026-06-08 17:30:00,2974338
94.2,36.9,98.4,63.8,2026-06-08 17:40:00,2974338
94.8,36.7,99.3,64.2,2026-06-08 17:50:00,2974338
93.8,37.3,98.1,63.8,2026-06-08 18:00:00,2974338
92.6,37.6,96.1,63.0,2026-06-08 18:10:00,2974338
91.8,38.0,95.0,62.5,2026-06-08 18:20:00,2974338
91.0,38.9,93.7,62.5,2026-06-08 18:30:00,2974338
90.3,39.3,92.7,62.2,2026-06-08 18:40:00,2974338
89.5,39.9,91.8,61.9,2026-06-08 18:50:00,2974338
88.9,40.6,90.9,61.9,2026-06-08 19:00:00,2974338
88.4,41.7,90.3,62.2,2026-06-08 19:10:00,2974338
87.9,41.5,89.2,61.6,2026-06-08 19:20:00,2974338
87.5,42.7,89.1,62.0,2026-06-08 19:30:00,2974338
87.0,43.5,88.5,62.1,2026-06-08 19:40:00,2974338
86.3,45.0,88.0,62.5,2026-06-08 19:50:00,2974338
85.8,46.1,87.4,62.7,2026-06-08 20:00:00,2974338
85.2,47.6,87.1,63.1,2026-06-08 20:10:00,2974338
84.7,48.4,86.4,63.1,2026-06-08 20:20:00,2974338
84.2,49.2,85.8,63.1,2026-06-08 20:30:00,2974338
83.8,50.0,85.3,63.1,2026-06-08 20:40:00,2974338
82.9,51.0,84.0,62.9,2026-06-08 20:50:00,2974338
82.2,52.1,82.9,62.9,2026-06-08 21:00:00,2974338
81.6,53.4,82.4,63.1,2026-06-08 21:10:00,2974338
81.3,54.0,82.0,63.1,2026-06-08 21:20:00,2974338
80.8,54.8,81.7,63.1,2026-06-08 21:30:00,2974338
80.2,55.2,81.0,62.7,2026-06-08 21:40:00,2974338
79.8,56.1,80.4,62.8,2026-06-08 21:50:00,2974338
79.4,56.7,80.1,62.7,2026-06-08 22:00:00,2974338
78.8,57.6,79.5,62.6,2026-06-08 22:10:00,2974338
78.2,58.3,78.4,62.4,2026-06-08 22:20:00,2974338
77.6,59.2,77.7,62.3,2026-06-08 22:30:00,2974338
77.1,60.5,77.2,62.3,2026-06-08 22:40:00,2974338
76.2,61.6,76.3,62.0,2026-06-08 22:50:00,2974338
75.7,62.7,75.7,62.0,2026-06-08 23:00:00,2974338
75.1,63.3,75.4,61.8,2026-06-08 23:10:00,2974338
74.2,63.5,74.5,61.1,2026-06-08 23:20:00,2974338
73.8,63.4,74.1,60.6,2026-06-08 23:30:00,2974338
73.4,63.9,73.6,60.4,2026-06-08 23:40:00,2974338
72.8,64.3,73.0,60.1,2026-06-08 23:50:00,2974338
72.1,65.1,72.3,59.8,2026-06-09 00:00:00,2974338
72.0,66.0,72.3,60.0,2026-06-09 00:10:00,2974338
71.6,67.0,72.0,60.0,2026-06-09 00:20:00,2974338
71.2,67.5,71.6,59.8,2026-06-09 00:30:00,2974338
71.0,67.7,71.4,59.8,2026-06-09 00:40:00,2974338
70.7,67.8,70.9,59.5,2026-06-09 00:50:00,2974338
70.5,68.3,70.9,59.6,2026-06-09 01:00:00,2974338
70.2,69.0,70.3,59.6,2026-06-09 01:10:00,2974338
69.9,69.7,70.2,59.6,2026-06-09 01:20:00,2974338
69.7,70.1,69.8,59.6,2026-06-09 01:30:00,2974338
69.5,70.2,69.6,59.4,2026-06-09 01:40:00,2974338
69.2,69.3,69.1,58.7,2026-06-09 01:50:00,2974338
68.6,66.0,68.0,56.8,2026-06-09 02:00:00,2974338
68.2,65.7,67.5,56.3,2026-06-09 02:10:00,2974338
67.8,66.4,66.9,56.2,2026-06-09 02:20:00,2974338
67.7,66.7,66.9,56.3,2026-06-09 02:30:00,2974338
67.6,66.8,66.7,56.2,2026-06-09 02:40:00,2974338
67.4,67.7,66.6,56.3,2026-06-09 02:50:00,2974338
67.4,68.1,66.6,56.5,2026-06-09 03:00:00,2974338
67.5,68.3,66.7,56.7,2026-06-09 03:10:00,2974338
67.5,68.2,66.7,56.6,2026-06-09 03:20:00,2974338
67.4,68.0,66.6,56.5,2026-06-09 03:30:00,2974338
67.5,68.5,66.7,56.8,2026-06-09 03:40:00,2974338
67.5,68.4,66.7,56.8,2026-06-09 03:50:00,2974338
67.2,68.6,66.4,56.5,2026-06-09 04:00:00,2974338
67.1,69.2,66.4,56.7,2026-06-09 04:10:00,2974338
66.9,69.3,66.2,56.5,2026-06-09 04:20:00,2974338
66.8,69.8,66.0,56.7,2026-06-09 04:30:00,2974338
66.7,70.3,65.8,56.8,2026-06-09 04:40:00,2974338
66.7,70.5,65.8,56.8,2026-06-09 04:50:00,2974338
66.7,70.7,65.8,56.9,2026-06-09 05:00:00,2974338
66.7,71.5,65.8,57.1,2026-06-09 05:10:00,2974338
66.7,71.9,65.8,57.3,2026-06-09 05:20:00,2974338
66.6,72.3,66.0,57.4,2026-06-09 05:30:00,2974338
66.6,70.7,65.8,56.8,2026-06-09 05:40:00,2974338
66.6,70.0,65.8,56.5,2026-06-09 05:50:00,2974338
66.4,68.6,65.3,55.8,2026-06-09 06:00:00,2974338
66.6,68.7,65.7,56.0,2026-06-09 06:10:00,2974338
66.5,67.7,65.3,55.5,2026-06-09 06:20:00,2974338
66.5,66.8,65.3,55.1,2026-06-09 06:30:00,2974338
66.5,66.3,65.3,54.9,2026-06-09 06:40:00,2974338
66.7,66.2,65.5,55.1,2026-06-09 06:50:00,2974338
67.1,65.9,66.2,55.3,2026-06-09 07:00:00,2974338
67.4,66.1,66.4,55.8,2026-06-09 07:10:00,2974338
67.7,65.6,66.7,55.8,2026-06-09 07:20:00,2974338
67.8,65.4,66.7,55.8,2026-06-09 07:30:00,2974338
67.9,65.2,67.1,55.8,2026-06-09 07:40:00,2974338
67.5,65.3,66.6,55.5,2026-06-09 07:50:00,2974338
67.4,66.0,66.4,55.7,2026-06-09 08:00:00,2974338
67.5,66.4,66.7,55.9,2026-06-09 08:10:00,2974338
68.1,66.9,67.5,56.7,2026-06-09 08:20:00,2974338
69.2,65.3,68.7,57.1,2026-06-09 08:30:00,2974338
70.1,64.9,70.0,57.8,2026-06-09 08:40:00,2974338
70.7,64.4,70.7,58.1,2026-06-09 08:50:00,2974338
71.8,63.3,72.1,58.7,2026-06-09 09:00:00,2974338
72.4,61.9,72.5,58.6,2026-06-09 09:10:00,2974338
72.8,62.1,72.9,59.1,2026-06-09 09:20:00,2974338
72.8,62.5,72.9,59.2,2026-06-09 09:30:00,2974338
73.0,61.9,73.0,59.1,2026-06-09 09:40:00,2974338
74.2,61.8,74.3,60.2,2026-06-09 09:50:00,2974338
74.4,60.5,74.3,59.8,2026-06-09 10:00:00,2974338
74.4,60.0,74.1,59.6,2026-06-09 10:10:00,2974338
75.8,59.0,75.6,60.4,2026-06-09 10:20:00,2974338
75.1,59.2,74.8,59.9,2026-06-09 10:30:00,2974338
75.9,59.3,75.6,60.7,2026-06-09 10:40:00,2974338
77.0,57.5,76.8,60.9,2026-06-09 10:50:00,2974338
77.2,56.0,76.8,60.3,2026-06-09 11:00:00,2974338
78.4,54.6,78.3,60.7,2026-06-09 11:10:00,2974338
78.9,56.0,79.2,61.9,2026-06-09 11:20:00,2974338
79.8,54.5,80.2,61.9,2026-06-09 11:30:00,2974338
79.9,53.5,80.1,61.4,2026-06-09 11:40:00,2974338
81.2,53.4,82.0,62.7,2026-06-09 11:50:00,2974338
80.2,54.2,80.8,62.2,2026-06-09 12:00:00,2974338
80.3,55.1,81.1,62.7,2026-06-09 12:10:00,2974338
81.4,54.7,82.4,63.5,2026-06-09 12:20:00,2974338
83.1,54.0,85.3,64.8,2026-06-09 12:30:00,2974338
83.7,51.2,85.6,63.8,2026-06-09 12:40:00,2974338
85.0,51.5,87.8,65.1,2026-06-09 12:50:00,2974338
86.5,50.7,90.1,66.0,2026-06-09 13:00:00,2974338
84.4,51.1,86.5,64.3,2026-06-09 13:10:00,2974338
85.3,52.3,88.7,65.9,2026-06-09 13:20:00,2974338
85.8,51.7,89.6,66.0,2026-06-09 13:30:00,2974338
86.3,53.9,90.9,67.6,2026-06-09 13:40:00,2974338
86.0,53.1,90.3,67.0,2026-06-09 13:50:00,2974338
87.8,52.0,93.2,68.0,2026-06-09 14:00:00,2974338
87.4,50.6,91.8,66.8,2026-06-09 14:10:00,2974338
88.9,49.4,94.3,67.5,2026-06-09 14:20:00,2974338
88.9,49.4,94.3,67.5,2026-06-09 14:30:00,2974338
92.5,48.5,101.1,70.2,2026-06-09 14:40:00,2974338
89.0,46.8,93.2,66.0,2026-06-09 14:50:00,2974338
91.0,48.0,97.9,68.6,2026-06-09 15:00:00,2974338
89.8,47.5,95.4,67.2,2026-06-09 15:10:00,2974338
87.7,50.5,92.3,67.0,2026-06-09 15:20:00,2974338
88.5,50.5,93.7,67.8,2026-06-09 15:30:00,2974338
87.8,50.0,92.3,66.8,2026-06-09 15:40:00,2974338
87.8,50.5,92.7,67.2,2026-06-09 15:50:00,2974338
88.0,50.9,93.0,67.5,2026-06-09 16:00:00,2974338
87.8,51.3,92.8,67.6,2026-06-09 16:10:00,2974338
86.8,52.1,91.2,67.1,2026-06-09 16:20:00,2974338
86.1,54.0,90.5,67.5,2026-06-09 16:30:00,2974338
86.2,54.0,90.9,67.6,2026-06-09 16:40:00,2974338
86.3,53.5,90.7,67.4,2026-06-09 16:50:00,2974338
87.1,54.6,92.8,68.8,2026-06-09 17:00:00,2974338
87.3,53.2,92.5,68.2,2026-06-09 17:10:00,2974338
86.7,53.6,91.4,67.9,2026-06-09 17:20:00,2974338
86.7,55.5,92.5,68.9,2026-06-09 17:30:00,2974338
86.9,54.3,92.1,68.4,2026-06-09 17:40:00,2974338
86.6,54.8,91.9,68.4,2026-06-09 17:50:00,2974338
85.9,54.8,90.5,67.8,2026-06-09 18:00:00,2974338
86.1,55.4,91.0,68.3,2026-06-09 18:10:00,2974338
86.1,54.6,90.9,67.8,2026-06-09 18:20:00,2974338
85.8,55.7,90.5,68.1,2026-06-09 18:30:00,2974338
85.3,56.1,89.6,67.8,2026-06-09 18:40:00,2974338
85.0,56.6,89.4,67.9,2026-06-09 18:50:00,2974338
84.8,57.3,89.2,68.0,2026-06-09 19:00:00,2974338
84.7,57.9,89.1,68.2,2026-06-09 19:10:00,2974338
84.7,58.1,89.1,68.3,2026-06-09 19:20:00,2974338
84.4,58.9,89.1,68.5,2026-06-09 19:30:00,2974338
84.1,59.3,88.5,68.4,2026-06-09 19:40:00,2974338
83.8,60.2,88.0,68.6,2026-06-09 19:50:00,2974338
83.6,60.6,87.6,68.5,2026-06-09 20:00:00,2974338
82.8,61.6,86.5,68.2,2026-06-09 20:10:00,2974338
82.2,63.0,85.8,68.4,2026-06-09 20:20:00,2974338
81.6,64.2,84.9,68.3,2026-06-09 20:30:00,2974338
81.1,64.8,84.2,68.1,2026-06-09 20:40:00,2974338
80.9,65.4,84.0,68.1,2026-06-09 20:50:00,2974338
80.4,66.4,83.7,68.2,2026-06-09 21:00:00,2974338
79.9,67.1,82.9,68.0,2026-06-09 21:10:00,2974338
79.5,68.0,82.4,68.1,2026-06-09 21:20:00,2974338
79.3,68.9,81.9,68.2,2026-06-09 21:30:00,2974338
78.9,69.2,81.5,68.0,2026-06-09 21:40:00,2974338
78.5,69.9,81.0,67.8,2026-06-09 21:50:00,2974338
78.3,70.6,80.8,67.9,2026-06-09 22:00:00,2974338
78.0,71.4,80.2,68.0,2026-06-09 22:10:00,2974338
77.6,72.1,79.7,67.9,2026-06-09 22:20:00,2974338
77.3,72.9,79.2,67.9,2026-06-09 22:30:00,2974338
77.5,73.2,79.5,68.2,2026-06-09 22:40:00,2974338
77.4,73.2,79.5,68.2,2026-06-09 22:50:00,2974338
77.2,73.7,79.0,68.1,2026-06-09 23:00:00,2974338
77.2,74.2,79.0,68.3,2026-06-09 23:10:00,2974338
77.3,74.5,79.3,68.6,2026-06-09 23:20:00,2974338
78.0,74.6,80.8,69.2,2026-06-09 23:30:00,2974338
78.4,74.3,81.3,69.5,2026-06-09 23:40:00,2974338
78.3,74.5,81.3,69.5,2026-06-09 23:50:00,2974338
78.2,75.1,81.1,69.6,2026-06-10 00:00:00,2974338
78.0,75.7,81.0,69.7,2026-06-10 00:10:00,2974338
77.9,76.2,81.0,69.8,2026-06-10 00:20:00,2974338
77.7,76.8,80.8,69.9,2026-06-10 00:30:00,2974338
77.6,77.5,80.4,70.0,2026-06-10 00:40:00,2974338
77.4,77.9,80.2,69.9,2026-06-10 00:50:00,2974338
77.2,78.2,79.9,69.9,2026-06-10 01:00:00,2974338
77.0,79.0,79.7,70.0,2026-06-10 01:10:00,2974338
76.8,79.6,79.2,70.0,2026-06-10 01:20:00,2974338
76.6,80.0,78.8,70.0,2026-06-10 01:30:00,2974338
76.4,80.6,78.6,70.0,2026-06-10 01:40:00,2974338
76.3,81.0,78.6,70.0,2026-06-10 01:50:00,2974338
76.0,81.4,78.3,69.9,2026-06-10 02:00:00,2974338
76.0,81.6,78.3,70.0,2026-06-10 02:10:00,2974338
76.1,81.7,78.3,70.0,2026-06-10 02:20:00,2974338
76.1,81.6,78.4,70.1,2026-06-10 02:30:00,2974338
76.0,81.6,78.3,69.9,2026-06-10 02:40:00,2974338
75.8,81.9,78.3,69.9,2026-06-10 02:50:00,2974338
75.5,82.4,77.7,69.8,2026-06-10 03:00:00,2974338
75.5,82.8,77.7,69.9,2026-06-10 03:10:00,2974338
75.3,83.0,77.5,69.8,2026-06-10 03:20:00,2974338
75.3,83.3,77.7,69.8,2026-06-10 03:30:00,2974338
75.3,83.3,77.7,69.9,2026-06-10 03:40:00,2974338
75.1,83.4,77.5,69.8,2026-06-10 03:50:00,2974338
75.0,83.8,77.2,69.8,2026-06-10 04:00:00,2974338
74.9,84.0,77.2,69.7,2026-06-10 04:10:00,2974338
74.7,84.1,77.0,69.6,2026-06-10 04:20:00,2974338
74.6,84.4,76.8,69.6,2026-06-10 04:30:00,2974338
74.5,84.6,76.8,69.5,2026-06-10 04:40:00,2974338
74.4,84.8,76.6,69.5,2026-06-10 04:50:00,2974338
74.2,84.9,76.5,69.4,2026-06-10 05:00:00,2974338
74.2,85.0,76.5,69.4,2026-06-10 05:10:00,2974338
74.2,85.0,76.5,69.4,2026-06-10 05:20:00,2974338
74.2,85.1,76.5,69.4,2026-06-10 05:30:00,2974338
74.1,85.0,76.3,69.3,2026-06-10 05:40:00,2974338
74.0,85.1,76.3,69.3,2026-06-10 05:50:00,2974338
74.0,85.4,76.3,69.3,2026-06-10 06:00:00,2974338
74.0,85.6,76.3,69.4,2026-06-10 06:10:00,2974338
74.2,85.4,76.5,69.5,2026-06-10 06:20:00,2974338
74.4,85.3,76.6,69.7,2026-06-10 06:30:00,2974338
74.6,85.1,76.8,69.8,2026-06-10 06:40:00,2974338
74.7,85.0,77.2,69.9,2026-06-10 06:50:00,2974338
74.9,84.9,77.4,70.1,2026-06-10 07:00:00,2974338
74.9,84.8,77.4,70.0,2026-06-10 07:10:00,2974338
75.2,84.6,77.5,70.2,2026-06-10 07:20:00,2974338
75.2,84.5,77.7,70.3,2026-06-10 07:30:00,2974338
75.3,84.8,77.9,70.4,2026-06-10 07:40:00,2974338
75.5,84.5,77.9,70.5,2026-06-10 07:50:00,2974338
75.6,84.1,78.1,70.4,2026-06-10 08:00:00,2974338
76.1,83.4,78.6,70.7,2026-06-10 08:10:00,2974338
76.6,82.3,79.2,70.8,2026-06-10 08:20:00,2974338
77.2,81.5,80.4,71.2,2026-06-10 08:30:00,2974338
77.5,80.2,80.6,70.9,2026-06-10 08:40:00,2974338
78.4,79.9,82.4,71.6,2026-06-10 08:50:00,2974338
79.2,78.1,83.8,71.8,2026-06-10 09:00:00,2974338
79.3,76.8,83.5,71.3,2026-06-10 09:10:00,2974338
79.8,76.3,84.4,71.6,2026-06-10 09:20:00,2974338
79.8,76.4,84.6,71.7,2026-06-10 09:30:00,2974338
80.5,75.4,85.6,72.0,2026-06-10 09:40:00,2974338
81.1,73.6,86.2,71.9,2026-06-10 09:50:00,2974338
80.9,73.4,85.8,71.5,2026-06-10 10:00:00,2974338
82.2,73.0,88.0,72.6,2026-06-10 10:10:00,2974338
83.2,69.9,89.8,72.4,2026-06-10 10:20:00,2974338
83.7,68.8,90.7,72.3,2026-06-10 10:30:00,2974338
85.0,67.6,93.2,73.0,2026-06-10 10:40:00,2974338
84.8,65.8,92.1,72.1,2026-06-10 10:50:00,2974338
85.1,65.1,92.3,72.0,2026-06-10 11:00:00,2974338
84.4,65.6,91.2,71.7,2026-06-10 11:10:00,2974338
85.5,65.4,93.6,72.6,2026-06-10 11:20:00,2974338
87.2,61.4,95.4,72.4,2026-06-10 11:30:00,2974338
87.7,56.7,94.6,70.4,2026-06-10 11:40:00,2974338
87.7,58.1,95.2,71.2,2026-06-10 11:50:00,2974338
88.8,56.7,97.0,71.5,2026-06-10 12:00:00,2974338
88.5,57.9,96.6,71.8,2026-06-10 12:10:00,2974338
88.6,56.5,96.6,71.2,2026-06-10 12:20:00,2974338
87.9,54.3,94.1,69.3,2026-06-10 12:30:00,2974338
88.8,53.9,95.9,69.9,2026-06-10 12:40:00,2974338
89.6,55.2,98.2,71.4,2026-06-10 12:50:00,2974338
88.4,54.6,95.4,70.0,2026-06-10 13:00:00,2974338
90.6,53.6,99.9,71.5,2026-06-10 13:10:00,2974338
91.3,50.1,99.7,70.1,2026-06-10 13:20:00,2974338
91.5,50.4,100.2,70.5,2026-06-10 13:30:00,2974338
91.7,49.7,100.2,70.2,2026-06-10 13:40:00,2974338
91.2,49.5,99.0,69.7,2026-06-10 13:50:00,2974338
91.1,49.6,99.0,69.7,2026-06-10 14:00:00,2974338
91.8,51.2,101.3,71.2,2026-06-10 14:10:00,2974338
91.9,51.0,101.1,71.1,2026-06-10 14:20:00,2974338
92.4,51.5,102.7,71.9,2026-06-10 14:30:00,2974338
93.4,48.4,103.3,71.0,2026-06-10 14:40:00,2974338
93.5,47.2,102.4,70.3,2026-06-10 14:50:00,2974338
94.0,47.2,103.6,70.8,2026-06-10 15:00:00,2974338
93.3,46.9,102.0,70.0,2026-06-10 15:10:00,2974338
91.8,46.6,99.0,68.5,2026-06-10 15:20:00,2974338
93.7,47.0,102.7,70.4,2026-06-10 15:30:00,2974338
94.2,46.7,103.6,70.6,2026-06-10 15:40:00,2974338
92.0,46.1,99.0,68.3,2026-06-10 15:50:00,2974338
93.9,48.2,104.0,71.3,2026-06-10 16:00:00,2974338
93.1,48.5,102.6,70.8,2026-06-10 16:10:00,2974338
93.9,46.7,102.9,70.4,2026-06-10 16:20:00,2974338
91.5,48.5,99.1,69.4,2026-06-10 16:30:00,2974338
91.7,48.9,99.7,69.8,2026-06-10 16:40:00,2974338
94.1,45.9,103.3,70.2,2026-06-10 16:50:00,2974338
93.0,45.7,100.9,69.0,2026-06-10 17:00:00,2974338
93.2,45.5,101.1,69.0,2026-06-10 17:10:00,2974338
93.1,45.1,100.6,68.6,2026-06-10 17:20:00,2974338
93.1,45.2,100.6,68.7,2026-06-10 17:30:00,2974338
93.4,44.9,101.1,68.9,2026-06-10 17:40:00,2974338
93.4,45.5,101.1,69.1,2026-06-10 17:50:00,2974338
94.3,45.8,103.1,70.2,2026-06-10 18:00:00,2974338
92.9,45.4,100.4,68.7,2026-06-10 18:10:00,2974338
92.8,46.7,100.8,69.4,2026-06-10 18:20:00,2974338
92.3,47.8,100.6,69.6,2026-06-10 18:30:00,2974338
91.4,47.5,98.6,68.6,2026-06-10 18:40:00,2974338
91.1,48.1,98.2,68.8,2026-06-10 18:50:00,2974338
90.3,48.8,96.8,68.4,2026-06-10 19:00:00,2974338
89.6,49.6,95.5,68.2,2026-06-10 19:10:00,2974338
89.7,50.1,96.3,68.6,2026-06-10 19:20:00,2974338
89.7,50.2,96.3,68.7,2026-06-10 19:30:00,2974338
89.2,51.4,95.5,68.9,2026-06-10 19:40:00,2974338
88.7,51.2,94.6,68.4,2026-06-10 19:50:00,2974338
88.2,51.5,93.7,68.1,2026-06-10 20:00:00,2974338
87.8,52.0,93.2,68.0,2026-06-10 20:10:00,2974338
87.2,53.1,92.1,68.1,2026-06-10 20:20:00,2974338
86.7,54.1,91.9,68.1,2026-06-10 20:30:00,2974338
85.9,55.5,90.7,68.1,2026-06-10 20:40:00,2974338
85.6,56.3,90.3,68.2,2026-06-10 20:50:00,2974338
85.1,57.4,90.0,68.4,2026-06-10 21:00:00,2974338
84.8,58.2,89.6,68.5,2026-06-10 21:10:00,2974338
84.8,58.6,89.6,68.7,2026-06-10 21:20:00,2974338
84.7,59.0,89.4,68.8,2026-06-10 21:30:00,2974338
84.6,59.6,89.6,69.0,2026-06-10 21:40:00,2974338
84.3,60.3,89.1,69.0,2026-06-10 21:50:00,2974338
84.1,60.8,88.9,69.1,2026-06-10 22:00:00,2974338
83.8,61.4,88.2,69.1,2026-06-10 22:10:00,2974338
83.5,61.9,88.0,69.1,2026-06-10 22:20:00,2974338
83.4,62.6,87.8,69.3,2026-06-10 22:30:00,2974338
83.0,63.2,87.3,69.2,2026-06-10 22:40:00,2974338
82.9,63.8,87.1,69.4,2026-06-10 22:50:00,2974338
82.7,64.1,86.7,69.3,2026-06-10 23:00:00,2974338
82.8,64.1,87.1,69.4,2026-06-10 23:10:00,2974338
82.6,64.2,86.9,69.3,2026-06-10 23:20:00,2974338
82.2,64.7,86.2,69.2,2026-06-10 23:30:00,2974338
82.0,65.1,86.0,69.2,2026-06-10 23:40:00,2974338
81.8,65.8,85.6,69.2,2026-06-10 23:50:00,2974338
81.5,66.4,85.5,69.2,2026-06-11 00:00:00,2974338
81.2,67.2,84.9,69.3,2026-06-11 00:10:00,2974338
80.9,67.8,84.6,69.3,2026-06-11 00:20:00,2974338
80.7,68.4,84.4,69.4,2026-06-11 00:30:00,2974338
80.4,69.0,84.2,69.3,2026-06-11 00:40:00,2974338
80.2,69.5,83.7,69.4,2026-06-11 00:50:00,2974338
79.9,70.0,83.5,69.2,2026-06-11 01:00:00,2974338
79.7,70.6,82.9,69.3,2026-06-11 01:10:00,2974338
79.7,70.8,82.9,69.3,2026-06-11 01:20:00,2974338
79.6,71.0,82.9,69.4,2026-06-11 01:30:00,2974338
79.3,71.2,82.4,69.2,2026-06-11 01:40:00,2974338
79.2,71.6,82.6,69.2,2026-06-11 01:50:00,2974338
78.9,72.2,82.0,69.2,2026-06-11 02:00:00,2974338
78.5,72.7,81.3,69.0,2026-06-11 02:10:00,2974338
78.0,73.7,80.6,69.0,2026-06-11 02:20:00,2974338
77.7,74.4,80.1,68.9,2026-06-11 02:30:00,2974338
77.3,75.0,79.5,68.8,2026-06-11 02:40:00,2974338
77.1,75.5,79.2,68.8,2026-06-11 02:50:00,2974338
76.8,75.9,78.4,68.6,2026-06-11 03:00:00,2974338
76.8,76.0,78.4,68.7,2026-06-11 03:10:00,2974338
76.5,76.4,78.4,68.6,2026-06-11 03:20:00,2974338
76.4,76.8,78.1,68.6,2026-06-11 03:30:00,2974338
76.2,77.0,77.9,68.4,2026-06-11 03:40:00,2974338
76.0,77.3,77.7,68.3,2026-06-11 03:50:00,2974338
75.8,77.6,77.5,68.3,2026-06-11 04:00:00,2974338
75.7,77.7,77.4,68.2,2026-06-11 04:10:00,2974338
75.6,77.9,77.5,68.2,2026-06-11 04:20:00,2974338
75.4,78.2,77.2,68.1,2026-06-11 04:30:00,2974338
75.1,78.8,76.8,68.1,2026-06-11 04:40:00,2974338
74.9,79.2,76.8,68.0,2026-06-11 04:50:00,2974338
74.8,79.2,76.6,67.9,2026-06-11 05:00:00,2974338
74.7,79.3,76.6,67.8,2026-06-11 05:10:00,2974338
74.6,79.2,76.3,67.7,2026-06-11 05:20:00,2974338
74.3,79.4,76.1,67.5,2026-06-11 05:30:00,2974338
74.1,79.6,75.7,67.4,2026-06-11 05:40:00,2974338
74.0,79.6,75.7,67.3,2026-06-11 05:50:00,2974338
74.0,79.7,75.7,67.3,2026-06-11 06:00:00,2974338
74.0,79.6,75.7,67.3,2026-06-11 06:10:00,2974338
74.1,79.4,75.7,67.3,2026-06-11 06:20:00,2974338
74.5,79.0,76.3,67.5,2026-06-11 06:30:00,2974338
74.7,78.7,76.5,67.6,2026-06-11 06:40:00,2974338
74.9,78.3,76.6,67.7,2026-06-11 06:50:00,2974338
75.1,78.1,76.8,67.8,2026-06-11 07:00:00,2974338
75.6,77.7,77.4,68.1,2026-06-11 07:10:00,2974338
75.9,77.3,77.5,68.3,2026-06-11 07:20:00,2974338
76.3,76.7,78.1,68.5,2026-06-11 07:30:00,2974338
76.7,76.2,78.4,68.6,2026-06-11 07:40:00,2974338
77.2,75.5,79.2,68.8,2026-06-11 07:50:00,2974338
77.6,75.2,80.2,69.2,2026-06-11 08:00:00,2974338
78.0,74.6,80.8,69.3,2026-06-11 08:10:00,2974338
78.6,74.3,81.7,69.7,2026-06-11 08:20:00,2974338
79.4,73.9,83.3,70.3,2026-06-11 08:30:00,2974338
80.0,72.7,84.0,70.5,2026-06-11 08:40:00,2974338
80.7,72.2,85.1,70.9,2026-06-11 08:50:00,2974338
81.4,71.8,86.4,71.3,2026-06-11 09:00:00,2974338
81.8,70.3,86.7,71.2,2026-06-11 09:10:00,2974338
82.5,69.4,87.8,71.4,2026-06-11 09:20:00,2974338
82.9,68.8,88.5,71.6,2026-06-11 09:30:00,2974338
83.5,68.1,90.0,71.9,2026-06-11 09:40:00,2974338
84.2,67.0,91.4,72.0,2026-06-11 09:50:00,2974338
85.6,65.4,93.6,72.6,2026-06-11 10:00:00,2974338
85.8,64.0,93.4,72.2,2026-06-11 10:10:00,2974338
86.8,62.6,95.2,72.5,2026-06-11 10:20:00,2974338
88.2,60.3,97.2,72.7,2026-06-11 10:30:00,2974338
89.7,57.9,99.9,72.9,2026-06-11 10:40:00,2974338
91.8,55.8,103.8,73.7,2026-06-11 10:50:00,2974338
93.7,52.4,106.2,73.6,2026-06-11 11:00:00,2974338
93.9,50.4,105.4,72.6,2026-06-11 11:10:00,2974338
95.8,49.1,109.4,73.5,2026-06-11 11:20:00,2974338
95.3,48.4,107.4,72.7,2026-06-11 11:30:00,2974338
97.7,46.4,111.7,73.7,2026-06-11 11:40:00,2974338
95.9,46.1,107.4,71.9,2026-06-11 11:50:00,2974338
97.6,45.5,110.7,73.0,2026-06-11 12:00:00,2974338
95.6,45.2,106.0,71.0,2026-06-11 12:10:00,2974338
96.9,45.1,108.9,72.1,2026-06-11 12:20:00,2974338
98.7,44.5,112.3,73.2,2026-06-11 12:30:00,2974338
98.8,43.9,111.9,73.0,2026-06-11 12:40:00,2974338
97.9,43.0,109.8,71.6,2026-06-11 12:50:00,2974338
98.3,45.3,112.3,73.5,2026-06-11 13:00:00,2974338
99.7,42.0,113.0,72.5,2026-06-11 13:10:00,2974338
97.6,43.1,109.0,71.3,2026-06-11 13:20:00,2974338
99.4,42.1,112.3,72.3,2026-06-11 13:30:00,2974338
102.0,39.8,116.8,73.0,2026-06-11 13:40:00,2974338
100.2,39.4,112.3,71.1,2026-06-11 13:50:00,2974338
99.5,39.3,110.7,70.3,2026-06-11 14:00:00,2974338
99.0,40.6,110.3,70.9,2026-06-11 14:10:00,2974338
100.7,38.8,112.6,71.0,2026-06-11 14:20:00,2974338
98.9,39.7,109.2,70.1,2026-06-11 14:30:00,2974338
97.5,39.5,106.7,68.8,2026-06-11 14:40:00,2974338
100.2,38.4,111.6,70.3,2026-06-11 14:50:00,2974338
100.2,38.1,110.8,70.1,2026-06-11 15:00:00,2974338
101.3,36.9,112.6,70.1,2026-06-11 15:10:00,2974338
100.2,36.1,109.4,68.5,2026-06-11 15:20:00,2974338
101.0,36.5,111.6,69.6,2026-06-11 15:30:00,2974338
101.6,36.5,112.8,70.1,2026-06-11 15:40:00,2974338
100.7,35.9,110.1,68.8,2026-06-11 15:50:00,2974338
100.6,37.0,110.8,69.5,2026-06-11 16:00:00,2974338
101.8,36.5,113.2,70.2,2026-06-11 16:10:00,2974338
100.0,36.9,109.6,69.0,2026-06-11 16:20:00,2974338
100.7,37.6,111.7,70.2,2026-06-11 16:30:00,2974338
98.5,38.4,107.8,68.8,2026-06-11 16:40:00,2974338
96.5,40.1,104.9,68.3,2026-06-11 16:50:00,2974338
96.8,41.1,106.3,69.3,2026-06-11 17:00:00,2974338
98.0,41.0,108.5,70.3,2026-06-11 17:10:00,2974338
97.8,40.8,108.0,69.9,2026-06-11 17:20:00,2974338
98.5,38.3,107.8,68.7,2026-06-11 17:30:00,2974338
97.5,39.1,106.5,68.5,2026-06-11 17:40:00,2974338
96.3,40.2,104.5,68.1,2026-06-11 17:50:00,2974338
97.3,42.0,107.6,70.3,2026-06-11 18:00:00,2974338
96.1,42.5,105.6,69.6,2026-06-11 18:10:00,2974338
96.4,42.0,105.6,69.5,2026-06-11 18:20:00,2974338
95.0,43.1,103.6,69.0,2026-06-11 18:30:00,2974338
93.9,44.0,101.8,68.7,2026-06-11 18:40:00,2974338
94.4,44.1,102.6,69.2,2026-06-11 18:50:00,2974338
94.4,44.1,102.6,69.2,2026-06-11 19:00:00,2974338
94.2,44.9,102.6,69.5,2026-06-11 19:10:00,2974338
94.1,45.3,102.7,69.7,2026-06-11 19:20:00,2974338
93.7,46.2,102.2,69.9,2026-06-11 19:30:00,2974338
93.4,46.3,101.7,69.7,2026-06-11 19:40:00,2974338
92.6,46.7,100.4,69.3,2026-06-11 19:50:00,2974338
92.0,47.7,99.9,69.3,2026-06-11 20:00:00,2974338
91.4,48.8,99.3,69.4,2026-06-11 20:10:00,2974338
90.7,49.2,98.1,69.1,2026-06-11 20:20:00,2974338
90.2,50.1,97.3,69.1,2026-06-11 20:30:00,2974338
89.7,50.9,96.4,69.1,2026-06-11 20:40:00,2974338
89.3,51.4,95.9,69.0,2026-06-11 20:50:00,2974338
88.9,52.3,95.7,69.2,2026-06-11 21:00:00,2974338
88.4,53.5,94.8,69.4,2026-06-11 21:10:00,2974338
87.8,54.7,94.3,69.5,2026-06-11 21:20:00,2974338
87.7,55.4,94.1,69.7,2026-06-11 21:30:00,2974338
87.6,55.9,93.9,69.9,2026-06-11 21:40:00,2974338
87.5,55.8,93.9,69.8,2026-06-11 21:50:00,2974338
87.1,56.2,93.4,69.6,2026-06-11 22:00:00,2974338
86.8,56.6,92.8,69.5,2026-06-11 22:10:00,2974338
86.4,57.4,92.5,69.5,2026-06-11 22:20:00,2974338
86.1,57.9,91.9,69.5,2026-06-11 22:30:00,2974338
85.8,58.0,91.6,69.3,2026-06-11 22:40:00,2974338
85.5,58.6,91.0,69.3,2026-06-11 22:50:00,2974338
85.2,59.0,90.5,69.3,2026-06-11 23:00:00,2974338
84.9,59.5,90.3,69.2,2026-06-11 23:10:00,2974338
84.5,60.3,89.4,69.3,2026-06-11 23:20:00,2974338
84.1,61.2,88.9,69.3,2026-06-11 23:30:00,2974338
83.5,62.1,88.2,69.2,2026-06-11 23:40:00,2974338
83.1,63.0,87.6,69.2,2026-06-11 23:50:00,2974338
82.9,63.5,86.9,69.2,2026-06-12 00:00:00,2974338
82.6,63.9,86.7,69.2,2026-06-12 00:10:00,2974338
82.3,64.4,86.2,69.1,2026-06-12 00:20:00,2974338
82.2,64.9,86.0,69.2,2026-06-12 00:30:00,2974338
82.0,65.3,86.0,69.3,2026-06-12 00:40:00,2974338
81.8,65.9,85.6,69.3,2026-06-12 00:50:00,2974338
81.6,66.4,85.5,69.3,2026-06-12 01:00:00,2974338
81.4,66.9,85.1,69.4,2026-06-12 01:10:00,2974338
81.3,67.3,84.9,69.4,2026-06-12 01:20:00,2974338
81.0,68.0,84.9,69.4,2026-06-12 01:30:00,2974338
81.1,68.2,84.9,69.6,2026-06-12 01:40:00,2974338
81.1,68.4,84.9,69.7,2026-06-12 01:50:00,2974338
80.9,68.8,84.7,69.7,2026-06-12 02:00:00,2974338
80.8,69.3,84.9,69.8,2026-06-12 02:10:00,2974338
80.6,69.8,84.7,69.8,2026-06-12 02:20:00,2974338
80.4,70.1,84.4,69.8,2026-06-12 02:30:00,2974338
80.3,70.8,84.2,69.9,2026-06-12 02:40:00,2974338
80.1,71.3,84.0,70.0,2026-06-12 02:50:00,2974338
80.0,72.0,83.8,70.2,2026-06-12 03:00:00,2974338
79.8,72.4,83.7,70.1,2026-06-12 03:10:00,2974338
79.7,73.0,83.7,70.3,2026-06-12 03:20:00,2974338
79.6,73.3,83.5,70.3,2026-06-12 03:30:00,2974338
79.5,73.9,83.3,70.4,2026-06-12 03:40:00,2974338
79.4,74.1,83.3,70.4,2026-06-12 03:50:00,2974338
79.2,74.7,83.1,70.4,2026-06-12 04:00:00,2974338
79.1,75.3,82.9,70.6,2026-06-12 04:10:00,2974338
78.9,76.0,82.6,70.7,2026-06-12 04:20:00,2974338
78.9,76.2,82.8,70.8,2026-06-12 04:30:00,2974338
78.8,76.7,82.8,70.8,2026-06-12 04:40:00,2974338
78.9,76.9,82.9,71.0,2026-06-12 04:50:00,2974338
78.9,76.9,82.9,71.0,2026-06-12 05:00:00,2974338
78.8,77.2,82.9,71.1,2026-06-12 05:10:00,2974338
78.7,77.5,82.6,71.0,2026-06-12 05:20:00,2974338
78.5,77.9,82.4,71.1,2026-06-12 05:30:00,2974338
78.4,78.4,82.0,71.1,2026-06-12 05:40:00,2974338
78.4,78.7,82.2,71.2,2026-06-12 05:50:00,2974338
78.2,78.9,81.9,71.2,2026-06-12 06:00:00,2974338
78.4,79.2,82.2,71.4,2026-06-12 06:10:00,2974338
78.5,79.1,82.6,71.5,2026-06-12 06:20:00,2974338
78.5,79.4,82.8,71.6,2026-06-12 06:30:00,2974338
78.5,79.5,82.8,71.7,2026-06-12 06:40:00,2974338
78.8,79.4,83.5,71.9,2026-06-12 06:50:00,2974338
79.0,79.2,83.8,72.1,2026-06-12 07:00:00,2974338
79.5,78.9,84.4,72.3,2026-06-12 07:10:00,2974338
80.2,77.8,85.5,72.6,2026-06-12 07:20:00,2974338
80.4,77.0,86.0,72.6,2026-06-12 07:30:00,2974338
80.5,76.9,86.0,72.6,2026-06-12 07:40:00,2974338
80.6,77.0,86.4,72.8,2026-06-12 07:50:00,2974338
80.4,76.9,85.6,72.5,2026-06-12 08:00:00,2974338
80.6,77.1,86.4,72.8,2026-06-12 08:10:00,2974338
81.1,76.6,86.9,73.0,2026-06-12 08:20:00,2974338
81.5,75.8,87.8,73.1,2026-06-12 08:30:00,2974338
82.1,75.1,88.7,73.4,2026-06-12 08:40:00,2974338
82.7,74.1,89.6,73.6,2026-06-12 08:50:00,2974338
83.5,71.6,91.2,73.4,2026-06-12 09:00:00,2974338
84.4,70.3,92.8,73.7,2026-06-12 09:10:00,2974338
85.5,67.8,94.5,73.6,2026-06-12 09:20:00,2974338
86.3,64.9,95.0,73.1,2026-06-12 09:30:00,2974338
87.0,64.1,96.1,73.4,2026-06-12 09:40:00,2974338
87.9,62.2,97.2,73.3,2026-06-12 09:50:00,2974338
88.7,58.7,97.9,72.4,2026-06-12 10:00:00,2974338
89.4,57.8,98.8,72.6,2026-06-12 10:10:00,2974338
90.1,56.6,100.4,72.6,2026-06-12 10:20:00,2974338
92.0,54.4,103.6,73.2,2026-06-12 10:30:00,2974338
93.4,50.7,104.5,72.4,2026-06-12 10:40:00,2974338
96.1,47.9,109.2,73.1,2026-06-12 10:50:00,2974338
98.3,43.8,111.0,72.5,2026-06-12 11:00:00,2974338
99.5,42.4,113.0,72.6,2026-06-12 11:10:00,2974338
100.7,40.9,114.4,72.6,2026-06-12 11:20:00,2974338
100.4,38.2,111.7,70.3,2026-06-12 11:30:00,2974338
101.8,39.6,115.9,72.6,2026-06-12 11:40:00,2974338
103.0,38.0,117.1,72.4,2026-06-12 11:50:00,2974338
103.6,37.7,118.6,72.8,2026-06-12 12:00:00,2974338
101.8,37.6,114.3,71.1,2026-06-12 12:10:00,2974338
101.6,36.2,112.5,69.8,2026-06-12 12:20:00,2974338
103.4,36.3,116.6,71.5,2026-06-12 12:30:00,2974338
102.2,35.3,113.2,69.6,2026-06-12 12:40:00,2974338
102.6,35.5,114.3,70.1,2026-06-12 12:50:00,2974338
101.4,36.1,111.9,69.5,2026-06-12 13:00:00,2974338
102.2,35.3,112.8,69.5,2026-06-12 13:10:00,2974338
103.8,34.3,115.3,70.2,2026-06-12 13:20:00,2974338
103.8,33.5,114.6,69.4,2026-06-12 13:30:00,2974338
101.8,32.6,109.8,66.9,2026-06-12 13:40:00,2974338
102.4,33.5,112.1,68.3,2026-06-12 13:50:00,2974338
102.3,33.4,111.6,68.0,2026-06-12 14:00:00,2974338
102.6,32.5,111.6,67.6,2026-06-12 14:10:00,2974338
103.3,32.2,112.6,67.9,2026-06-12 14:20:00,2974338
102.6,32.4,111.4,67.5,2026-06-12 14:30:00,2974338
103.0,32.8,112.5,68.1,2026-06-12 14:40:00,2974338
103.9,32.8,114.3,69.0,2026-06-12 14:50:00,2974338
102.2,33.9,111.9,68.4,2026-06-12 15:00:00,2974338
102.8,32.6,111.9,67.8,2026-06-12 15:10:00,2974338
103.2,30.9,111.2,66.6,2026-06-12 15:20:00,2974338
103.5,31.3,111.9,67.2,2026-06-12 15:30:00,2974338
102.4,30.9,109.8,65.9,2026-06-12 15:40:00,2974338
101.4,31.4,108.1,65.5,2026-06-12 15:50:00,2974338
102.5,32.1,110.8,67.1,2026-06-12 16:00:00,2974338
101.5,33.0,109.8,67.0,2026-06-12 16:10:00,2974338
103.0,33.0,112.8,68.3,2026-06-12 16:20:00,2974338
101.4,33.1,109.6,67.1,2026-06-12 16:30:00,2974338
101.6,33.4,110.3,67.4,2026-06-12 16:40:00,2974338
102.4,33.5,112.1,68.2,2026-06-12 16:50:00,2974338
101.6,32.5,109.4,66.7,2026-06-12 17:00:00,2974338
102.7,32.2,111.2,67.4,2026-06-12 17:10:00,2974338
103.6,31.5,112.3,67.4,2026-06-12 17:20:00,2974338
103.1,32.1,112.1,67.6,2026-06-12 17:30:00,2974338
101.0,30.7,106.9,64.5,2026-06-12 17:40:00,2974338
100.8,32.1,107.6,65.7,2026-06-12 17:50:00,2974338
100.3,32.2,106.5,65.2,2026-06-12 18:00:00,2974338
100.2,32.4,106.3,65.3,2026-06-12 18:10:00,2974338
99.9,33.2,106.9,65.8,2026-06-12 18:20:00,2974338
99.2,33.8,105.8,65.8,2026-06-12 18:30:00,2974338
99.0,35.6,106.7,67.0,2026-06-12 18:40:00,2974338
98.5,35.7,105.8,66.7,2026-06-12 18:50:00,2974338
97.8,36.4,104.9,66.7,2026-06-12 19:00:00,2974338
97.3,37.1,104.4,66.7,2026-06-12 19:10:00,2974338
96.7,36.4,102.9,65.7,2026-06-12 19:20:00,2974338
96.5,36.8,102.9,65.8,2026-06-12 19:30:00,2974338
96.2,37.8,102.7,66.3,2026-06-12 19:40:00,2974338
95.6,39.2,102.6,66.8,2026-06-12 19:50:00,2974338
95.1,39.4,101.7,66.5,2026-06-12 20:00:00,2974338
94.7,40.5,101.5,66.9,2026-06-12 20:10:00,2974338
94.0,40.8,100.2,66.6,2026-06-12 20:20:00,2974338
93.4,42.0,99.7,66.9,2026-06-12 20:30:00,2974338
92.5,43.1,98.2,66.8,2026-06-12 20:40:00,2974338
91.7,44.2,97.3,66.8,2026-06-12 20:50:00,2974338
91.1,45.2,96.6,66.9,2026-06-12 21:00:00,2974338
90.8,45.7,96.3,67.0,2026-06-12 21:10:00,2974338
90.4,46.4,95.9,67.1,2026-06-12 21:20:00,2974338
90.2,46.7,95.7,67.1,2026-06-12 21:30:00,2974338
89.8,47.5,95.4,67.2,2026-06-12 21:40:00,2974338
89.4,48.3,94.6,67.3,2026-06-12 21:50:00,2974338
88.9,49.3,94.3,67.5,2026-06-12 22:00:00,2974338
88.4,50.4,93.6,67.6,2026-06-12 22:10:00,2974338
87.9,51.0,92.8,67.6,2026-06-12 22:20:00,2974338
87.5,51.7,92.3,67.6,2026-06-12 22:30:00,2974338
87.2,52.7,92.1,67.8,2026-06-12 22:40:00,2974338
88.1,49.4,92.5,66.8,2026-06-12 22:50:00,2974338
88.5,48.3,92.8,66.5,2026-06-12 23:00:00,2974338
88.2,47.6,92.1,65.8,2026-06-12 23:10:00,2974338
87.9,47.7,91.4,65.5,2026-06-12 23:20:00,2974338
87.5,47.2,90.7,64.9,2026-06-12 23:30:00,2974338
87.1,46.4,89.8,64.1,2026-06-12 23:40:00,2974338
86.6,46.7,89.1,63.8,2026-06-12 23:50:00,2974338
86.1,47.8,88.5,64.0,2026-06-13 00:00:00,2974338
85.2,48.8,87.4,63.7,2026-06-13 00:10:00,2974338
85.0,49.0,87.1,63.7,2026-06-13 00:20:00,2974338
84.5,50.0,86.5,63.8,2026-06-13 00:30:00,2974338
83.8,51.0,85.5,63.8,2026-06-13 00:40:00,2974338
83.3,51.8,84.7,63.7,2026-06-13 00:50:00,2974338
83.1,52.5,84.9,64.0,2026-06-13 01:00:00,2974338
83.1,52.9,84.7,64.1,2026-06-13 01:10:00,2974338
82.5,53.7,83.8,64.1,2026-06-13 01:20:00,2974338
82.4,54.7,84.0,64.5,2026-06-13 01:30:00,2974338
82.5,54.4,84.0,64.4,2026-06-13 01:40:00,2974338
82.5,54.4,84.0,64.4,2026-06-13 01:50:00,2974338
82.2,55.3,83.7,64.5,2026-06-13 02:00:00,2974338
81.8,55.8,83.1,64.5,2026-06-13 02:10:00,2974338
81.4,56.4,82.8,64.4,2026-06-13 02:20:00,2974338
81.1,57.0,82.4,64.5,2026-06-13 02:30:00,2974338
80.9,57.9,82.4,64.6,2026-06-13 02:40:00,2974338
80.4,58.7,81.7,64.6,2026-06-13 02:50:00,2974338
80.2,59.3,81.7,64.7,2026-06-13 03:00:00,2974338
79.8,59.9,81.1,64.6,2026-06-13 03:10:00,2974338
79.4,60.8,80.8,64.7,2026-06-13 03:20:00,2974338
79.0,61.7,80.4,64.7,2026-06-13 03:30:00,2974338
78.5,62.8,79.7,64.8,2026-06-13 03:40:00,2974338
78.1,63.9,79.3,64.9,2026-06-13 03:50:00,2974338
78.0,64.4,79.2,65.0,2026-06-13 04:00:00,2974338
77.6,64.4,78.4,64.7,2026-06-13 04:10:00,2974338
77.5,65.2,78.4,64.9,2026-06-13 04:20:00,2974338
77.2,66.1,77.9,65.0,2026-06-13 04:30:00,2974338
76.9,66.6,77.7,64.9,2026-06-13 04:40:00,2974338
76.5,67.5,77.2,65.0,2026-06-13 04:50:00,2974338
76.2,68.3,76.8,65.0,2026-06-13 05:00:00,2974338
75.8,68.8,76.5,64.8,2026-06-13 05:10:00,2974338
75.6,69.6,76.5,64.9,2026-06-13 05:20:00,2974338
75.1,70.7,76.1,64.9,2026-06-13 05:30:00,2974338
74.7,71.5,75.7,64.9,2026-06-13 05:40:00,2974338
74.5,72.3,75.6,65.0,2026-06-13 05:50:00,2974338
74.3,72.9,75.2,65.0,2026-06-13 06:00:00,2974338
74.2,73.4,75.2,65.2,2026-06-13 06:10:00,2974338
74.1,73.6,75.2,65.1,2026-06-13 06:20:00,2974338
74.0,74.5,75.2,65.4,2026-06-13 06:30:00,2974338
74.1,74.3,75.2,65.4,2026-06-13 06:40:00,2974338
74.6,74.2,75.7,65.8,2026-06-13 06:50:00,2974338
75.1,74.2,76.5,66.3,2026-06-13 07:00:00,2974338
75.6,74.1,77.0,66.7,2026-06-13 07:10:00,2974338
76.2,72.9,77.4,66.8,2026-06-13 07:20:00,2974338
77.2,71.5,78.6,67.2,2026-06-13 07:30:00,2974338
78.0,70.1,80.1,67.4,2026-06-13 07:40:00,2974338
79.0,68.1,81.5,67.6,2026-06-13 07:50:00,2974338
79.7,66.8,82.4,67.7,2026-06-13 08:00:00,2974338
80.4,65.6,83.1,67.8,2026-06-13 08:10:00,2974338
80.7,65.7,83.8,68.1,2026-06-13 08:20:00,2974338
81.2,64.6,84.4,68.1,2026-06-13 08:30:00,2974338
81.9,63.3,85.1,68.2,2026-06-13 08:40:00,2974338
82.7,61.5,86.2,68.1,2026-06-13 08:50:00,2974338
83.3,61.0,87.4,68.5,2026-06-13 09:00:00,2974338
83.8,59.6,87.8,68.3,2026-06-13 09:10:00,2974338
84.5,59.4,89.2,68.8,2026-06-13 09:20:00,2974338
84.9,58.4,89.6,68.7,2026-06-13 09:30:00,2974338
85.4,58.1,90.5,69.0,2026-06-13 09:40:00,2974338
86.3,56.4,91.6,69.0,2026-06-13 09:50:00,2974338
86.8,55.5,92.3,68.9,2026-06-13 10:00:00,2974338
87.8,53.9,93.9,69.0,2026-06-13 10:10:00,2974338
88.0,52.8,93.9,68.7,2026-06-13 10:20:00,2974338
88.9,53.5,96.1,69.8,2026-06-13 10:30:00,2974338
90.0,52.1,97.9,70.1,2026-06-13 10:40:00,2974338
91.5,51.1,100.6,70.8,2026-06-13 10:50:00,2974338
92.0,49.4,100.8,70.3,2026-06-13 11:00:00,2974338
93.1,47.8,102.0,70.4,2026-06-13 11:10:00,2974338
93.0,47.3,101.3,69.9,2026-06-13 11:20:00,2974338
94.1,46.0,103.3,70.2,2026-06-13 11:30:00,2974338
94.3,45.7,103.1,70.1,2026-06-13 11:40:00,2974338
95.5,44.7,105.3,70.6,2026-06-13 11:50:00,2974338
95.2,43.5,104.2,69.5,2026-06-13 12:00:00,2974338
94.3,43.9,102.4,69.0,2026-06-13 12:10:00,2974338
92.9,44.8,100.0,68.3,2026-06-13 12:20:00,2974338
96.0,44.4,106.3,70.8,2026-06-13 12:30:00,2974338
96.4,42.6,106.2,69.9,2026-06-13 12:40:00,2974338
95.7,43.1,104.7,69.6,2026-06-13 12:50:00,2974338
94.7,43.2,102.7,68.9,2026-06-13 13:00:00,2974338
95.8,41.6,104.4,68.7,2026-06-13 13:10:00,2974338
96.8,40.6,106.0,68.9,2026-06-13 13:20:00,2974338
95.6,41.7,103.8,68.6,2026-06-13 13:30:00,2974338
93.9,43.2,101.3,68.2,2026-06-13 13:40:00,2974338
93.4,42.5,99.9,67.2,2026-06-13 13:50:00,2974338
95.5,40.8,103.1,67.9,2026-06-13 14:00:00,2974338
95.6,40.8,103.3,68.0,2026-06-13 14:10:00,2974338
98.0,39.7,107.4,69.3,2026-06-13 14:20:00,2974338
96.3,39.9,104.4,67.9,2026-06-13 14:30:00,2974338
97.2,39.4,106.0,68.4,2026-06-13 14:40:00,2974338
98.5,39.1,108.3,69.3,2026-06-13 14:50:00,2974338
95.6,38.6,102.2,66.4,2026-06-13 15:00:00,2974338
97.9,37.9,106.3,67.9,2026-06-13 15:10:00,2974338
97.4,37.9,105.3,67.5,2026-06-13 15:20:00,2974338
96.4,38.8,103.8,67.2,2026-06-13 15:30:00,2974338
96.8,40.0,105.1,68.4,2026-06-13 15:40:00,2974338
97.2,39.6,106.0,68.6,2026-06-13 15:50:00,2974338
99.3,36.5,108.1,68.1,2026-06-13 16:00:00,2974338
99.0,35.2,106.5,66.7,2026-06-13 16:10:00,2974338
99.2,35.6,107.2,67.2,2026-06-13 16:20:00,2974338
100.7,34.8,109.4,67.8,2026-06-13 16:30:00,2974338
98.6,34.7,105.1,65.9,2026-06-13 16:40:00,2974338
96.7,36.6,103.1,65.8,2026-06-13 16:50:00,2974338
95.5,38.3,101.7,66.1,2026-06-13 17:00:00,2974338
95.1,39.3,101.5,66.4,2026-06-13 17:10:00,2974338
95.5,39.2,102.2,66.8,2026-06-13 17:20:00,2974338
96.6,37.9,103.5,66.7,2026-06-13 17:30:00,2974338
97.9,37.8,106.2,67.8,2026-06-13 17:40:00,2974338
97.4,37.2,104.7,66.9,2026-06-13 17:50:00,2974338
95.7,39.1,102.9,66.8,2026-06-13 18:00:00,2974338
97.4,38.3,105.4,67.7,2026-06-13 18:10:00,2974338
97.7,37.3,105.6,67.3,2026-06-13 18:20:00,2974338
96.9,38.2,104.4,67.2,2026-06-13 18:30:00,2974338
95.5,39.0,102.2,66.6,2026-06-13 18:40:00,2974338
94.0,40.1,99.9,66.1,2026-06-13 18:50:00,2974338
94.3,42.1,101.5,67.7,2026-06-13 19:00:00,2974338
93.7,41.3,99.7,66.7,2026-06-13 19:10:00,2974338
93.0,41.8,98.4,66.3,2026-06-13 19:20:00,2974338
92.5,42.6,98.1,66.5,2026-06-13 19:30:00,2974338
92.2,43.3,98.1,66.7,2026-06-13 19:40:00,2974338
91.9,44.6,97.9,67.2,2026-06-13 19:50:00,2974338
91.3,44.7,96.8,66.8,2026-06-13 20:00:00,2974338
91.0,44.4,96.1,66.3,2026-06-13 20:10:00,2974338
90.4,44.8,95.2,66.1,2026-06-13 20:20:00,2974338
89.9,45.9,94.6,66.3,2026-06-13 20:30:00,2974338
89.4,46.8,93.9,66.4,2026-06-13 20:40:00,2974338
88.8,47.7,93.2,66.3,2026-06-13 20:50:00,2974338
87.0,52.0,91.6,67.2,2026-06-13 21:00:00,2974338
84.8,57.9,89.4,68.3,2026-06-13 21:10:00,2974338
83.6,61.6,88.0,69.0,2026-06-13 21:20:00,2974338
82.2,64.4,85.8,69.0,2026-06-13 21:30:00,2974338
81.0,65.7,84.4,68.4,2026-06-13 21:40:00,2974338
80.4,66.3,83.3,68.1,2026-06-13 21:50:00,2974338
79.8,67.4,82.6,68.0,2026-06-13 22:00:00,2974338
78.9,69.8,81.5,68.2,2026-06-13 22:10:00,2974338
78.4,71.0,80.8,68.2,2026-06-13 22:20:00,2974338
78.4,71.3,80.8,68.3,2026-06-13 22:30:00,2974338
78.1,71.2,80.6,68.0,2026-06-13 22:40:00,2974338
77.9,71.8,80.2,68.1,2026-06-13 22:50:00,2974338
78.0,72.0,80.2,68.3,2026-06-13 23:00:00,2974338
77.8,72.2,80.1,68.1,2026-06-13 23:10:00,2974338
77.5,72.7,79.5,68.0,2026-06-13 23:20:00,2974338
77.4,73.2,79.5,68.1,2026-06-13 23:30:00,2974338
77.4,73.1,79.5,68.1,2026-06-13 23:40:00,2974338
77.6,72.7,79.7,68.1,2026-06-13 23:50:00,2974338
77.4,73.1,79.5,68.1,2026-06-14 00:00:00,2974338
77.3,73.5,79.2,68.2,2026-06-14 00:10:00,2974338
77.4,73.3,79.5,68.2,2026-06-14 00:20:00,2974338
77.4,73.4,79.5,68.2,2026-06-14 00:30:00,2974338
77.1,74.0,79.0,68.2,2026-06-14 00:40:00,2974338
76.8,74.4,78.3,68.0,2026-06-14 00:50:00,2974338
76.7,75.1,78.4,68.2,2026-06-14 01:00:00,2974338
76.4,75.8,77.9,68.2,2026-06-14 01:10:00,2974338
76.2,76.4,77.9,68.2,2026-06-14 01:20:00,2974338
76.3,76.3,77.9,68.3,2026-06-14 01:30:00,2974338
76.2,76.5,77.9,68.3,2026-06-14 01:40:00,2974338
76.0,77.1,77.7,68.3,2026-06-14 01:50:00,2974338
75.8,78.8,77.7,68.7,2026-06-14 02:00:00,2974338
75.4,79.7,77.4,68.7,2026-06-14 02:10:00,2974338
75.2,80.6,77.2,68.8,2026-06-14 02:20:00,2974338
75.2,80.8,77.2,68.9,2026-06-14 02:30:00,2974338
74.9,81.4,77.0,68.8,2026-06-14 02:40:00,2974338
74.6,82.1,76.6,68.8,2026-06-14 02:50:00,2974338
74.3,82.7,76.5,68.7,2026-06-14 03:00:00,2974338
74.3,83.2,76.5,68.9,2026-06-14 03:10:00,2974338
74.1,83.5,76.1,68.8,2026-06-14 03:20:00,2974338
73.9,84.1,75.9,68.7,2026-06-14 03:30:00,2974338
72.3,42.6,70.7,48.3,2026-06-02 13:50:00,2974343
73.5,44.5,72.0,50.5,2026-06-02 14:00:00,2974343
74.4,40.9,72.3,49.1,2026-06-02 14:10:00,2974343
76.5,40.1,74.3,50.5,2026-06-02 14:20:00,2974343
76.6,39.4,74.1,50.1,2026-06-02 14:30:00,2974343
82.1,25.9,78.3,43.7,2026-06-02 15:30:00,2974343
81.3,26.6,77.5,43.7,2026-06-02 15:40:00,2974343
79.1,27.2,75.4,42.5,2026-06-02 15:50:00,2974343
81.0,26.6,77.4,43.5,2026-06-02 16:00:00,2974343
82.7,26.0,79.0,44.4,2026-06-02 16:10:00,2974343
78.4,26.3,74.7,41.0,2026-06-02 16:20:00,2974343
81.3,28.2,77.5,45.2,2026-06-02 16:30:00,2974343
78.8,25.8,74.8,40.8,2026-06-02 16:40:00,2974343
83.9,26.4,80.4,45.8,2026-06-02 16:50:00,2974343
79.7,25.5,75.7,41.3,2026-06-02 17:00:00,2974343
79.0,26.4,75.4,41.6,2026-06-02 17:10:00,2974343
79.5,25.7,75.7,41.4,2026-06-02 17:20:00,2974343
78.7,26.6,75.0,41.5,2026-06-02 17:30:00,2974343
79.4,26.7,75.7,42.2,2026-06-02 17:40:00,2974343
77.6,27.0,73.9,41.1,2026-06-02 17:50:00,2974343
76.8,27.4,73.0,40.7,2026-06-02 18:00:00,2974343
76.1,27.8,72.3,40.4,2026-06-02 18:10:00,2974343
74.9,26.8,71.4,38.4,2026-06-02 18:20:00,2974343
74.6,27.8,71.2,39.2,2026-06-02 18:30:00,2974343
74.4,29.5,71.2,40.6,2026-06-02 18:40:00,2974343
74.8,29.2,71.4,40.6,2026-06-02 18:50:00,2974343
74.0,29.1,70.9,39.8,2026-06-02 19:00:00,2974343
73.3,29.1,70.3,39.3,2026-06-02 19:10:00,2974343
73.0,29.1,70.0,39.0,2026-06-02 19:20:00,2974343
72.8,28.9,69.8,38.6,2026-06-02 19:30:00,2974343
72.3,28.8,69.4,38.1,2026-06-02 19:40:00,2974343
71.9,29.7,69.1,38.5,2026-06-02 19:50:00,2974343
71.5,29.7,68.9,38.2,2026-06-02 20:00:00,2974343
71.1,30.2,68.7,38.3,2026-06-02 20:10:00,2974343
70.6,30.5,68.2,38.1,2026-06-02 20:20:00,2974343
70.2,31.2,67.6,38.3,2026-06-02 20:30:00,2974343
69.8,31.8,67.1,38.5,2026-06-02 20:40:00,2974343
69.4,32.2,66.6,38.4,2026-06-02 20:50:00,2974343
68.9,32.4,65.7,38.1,2026-06-02 21:00:00,2974343
68.5,32.9,65.1,38.2,2026-06-02 21:10:00,2974343
68.1,33.2,64.6,38.1,2026-06-02 21:20:00,2974343
67.7,34.1,64.2,38.4,2026-06-02 21:30:00,2974343
67.3,34.8,63.9,38.5,2026-06-02 21:40:00,2974343
66.8,35.6,63.0,38.7,2026-06-02 21:50:00,2974343
66.4,36.3,62.4,38.8,2026-06-02 22:00:00,2974343
66.0,37.1,61.9,39.1,2026-06-02 22:10:00,2974343
65.4,37.7,61.0,38.9,2026-06-02 22:20:00,2974343
64.9,38.8,60.6,39.2,2026-06-02 22:30:00,2974343
64.4,40.1,60.1,39.6,2026-06-02 22:40:00,2974343
63.6,41.4,59.5,39.7,2026-06-02 22:50:00,2974343
63.0,42.9,59.2,40.1,2026-06-02 23:00:00,2974343
62.6,43.4,59.0,40.1,2026-06-02 23:10:00,2974343
62.0,44.1,58.3,39.9,2026-06-02 23:20:00,2974343
61.4,45.8,58.1,40.3,2026-06-02 23:30:00,2974343
60.7,46.5,57.4,40.1,2026-06-02 23:40:00,2974343
60.4,47.8,57.4,40.6,2026-06-02 23:50:00,2974343
60.1,49.1,57.2,40.9,2026-06-03 00:00:00,2974343
59.5,49.7,56.7,40.7,2026-06-03 00:10:00,2974343
59.1,50.8,56.5,40.8,2026-06-03 00:20:00,2974343
58.6,50.8,55.9,40.4,2026-06-03 00:30:00,2974343
58.3,52.1,55.8,40.8,2026-06-03 00:40:00,2974343
58.1,52.8,55.6,40.9,2026-06-03 00:50:00,2974343
57.8,54.0,55.4,41.2,2026-06-03 01:00:00,2974343
57.4,54.3,55.0,41.1,2026-06-03 01:10:00,2974343
57.4,54.5,55.2,41.1,2026-06-03 01:20:00,2974343
57.1,55.6,54.9,41.3,2026-06-03 01:30:00,2974343
56.9,56.2,54.7,41.5,2026-06-03 01:40:00,2974343
56.6,57.0,54.5,41.6,2026-06-03 01:50:00,2974343
56.4,57.3,54.3,41.5,2026-06-03 02:00:00,2974343
56.2,58.0,54.1,41.6,2026-06-03 02:10:00,2974343
56.0,57.9,54.0,41.4,2026-06-03 02:20:00,2974343
55.7,58.9,53.8,41.6,2026-06-03 02:30:00,2974343
55.7,60.3,54.0,42.2,2026-06-03 02:40:00,2974343
55.6,59.5,53.8,41.7,2026-06-03 02:50:00,2974343
55.6,60.3,54.0,42.1,2026-06-03 03:00:00,2974343
55.5,60.4,53.8,42.0,2026-06-03 03:10:00,2974343
55.4,60.5,53.8,42.0,2026-06-03 03:20:00,2974343
55.3,60.8,53.6,42.0,2026-06-03 03:30:00,2974343
55.4,60.9,53.6,42.1,2026-06-03 03:40:00,2974343
55.2,61.7,53.6,42.4,2026-06-03 03:50:00,2974343
54.9,62.6,53.4,42.4,2026-06-03 04:00:00,2974343
55.3,61.9,53.8,42.5,2026-06-03 04:10:00,2974343
55.0,62.3,53.4,42.4,2026-06-03 04:20:00,2974343
55.0,62.4,53.4,42.4,2026-06-03 04:30:00,2974343
54.8,62.1,53.2,42.1,2026-06-03 04:40:00,2974343
54.8,62.1,53.2,42.1,2026-06-03 04:50:00,2974343
54.6,62.2,53.1,42.0,2026-06-03 05:00:00,2974343
54.6,62.1,53.1,42.0,2026-06-03 05:10:00,2974343
54.6,62.2,53.1,42.0,2026-06-03 05:20:00,2974343
54.6,62.0,53.1,41.9,2026-06-03 05:30:00,2974343
54.8,61.4,53.1,41.8,2026-06-03 05:40:00,2974343
54.9,61.5,53.2,41.9,2026-06-03 05:50:00,2974343
55.0,61.6,53.2,42.0,2026-06-03 06:00:00,2974343
54.8,62.4,53.2,42.2,2026-06-03 06:10:00,2974343
54.7,62.9,53.2,42.3,2026-06-03 06:20:00,2974343
54.8,63.2,53.2,42.6,2026-06-03 06:30:00,2974343
55.2,62.9,53.6,42.8,2026-06-03 06:40:00,2974343
55.5,63.3,54.0,43.3,2026-06-03 06:50:00,2974343
56.1,62.9,54.5,43.6,2026-06-03 07:00:00,2974343
57.5,60.1,55.6,43.7,2026-06-03 07:10:00,2974343
61.1,54.0,58.3,44.3,2026-06-03 07:20:00,2974343
62.2,49.9,59.0,43.3,2026-06-03 07:30:00,2974343
65.7,47.4,62.4,45.1,2026-06-03 07:40:00,2974343
67.0,44.9,64.0,45.0,2026-06-03 07:50:00,2974343
66.2,44.0,62.6,43.6,2026-06-03 08:00:00,2974343
67.9,43.6,65.3,44.9,2026-06-03 08:10:00,2974343
69.2,42.2,66.9,45.3,2026-06-03 08:20:00,2974343
72.8,39.6,70.9,46.8,2026-06-03 08:30:00,2974343
73.0,38.6,70.9,46.3,2026-06-03 08:40:00,2974343
72.4,37.1,70.3,44.7,2026-06-03 08:50:00,2974343
74.6,36.4,72.0,46.2,2026-06-03 09:00:00,2974343
75.7,34.3,72.7,45.6,2026-06-03 09:10:00,2974343
75.5,32.4,72.5,43.9,2026-06-03 09:20:00,2974343
77.4,31.5,74.1,44.8,2026-06-03 09:30:00,2974343
77.5,31.6,74.1,45.0,2026-06-03 09:40:00,2974343
80.7,30.7,77.4,47.0,2026-06-03 09:50:00,2974343
79.4,28.4,75.9,43.8,2026-06-03 10:00:00,2974343
78.5,29.1,75.0,43.8,2026-06-03 10:10:00,2974343
79.3,29.8,75.7,45.0,2026-06-03 10:20:00,2974343
79.4,29.0,75.9,44.4,2026-06-03 10:30:00,2974343
80.2,28.8,76.6,44.9,2026-06-03 10:40:00,2974343
79.0,27.5,75.4,42.7,2026-06-03 10:50:00,2974343
79.5,28.6,75.9,44.1,2026-06-03 11:00:00,2974343
79.5,28.7,76.1,44.2,2026-06-03 11:10:00,2974343
79.8,28.1,76.1,43.9,2026-06-03 11:20:00,2974343
81.1,28.1,77.4,45.0,2026-06-03 11:30:00,2974343
81.5,27.3,77.7,44.6,2026-06-03 11:40:00,2974343
81.4,26.9,77.7,44.1,2026-06-03 11:50:00,2974343
80.3,26.6,76.6,42.9,2026-06-03 12:00:00,2974343
79.5,25.8,75.6,41.5,2026-06-03 12:10:00,2974343
80.9,25.5,77.0,42.4,2026-06-03 12:20:00,2974343
79.3,28.1,75.6,43.5,2026-06-03 12:30:00,2974343
81.2,26.2,77.4,43.3,2026-06-03 12:40:00,2974343
80.9,25.3,77.0,42.1,2026-06-03 12:50:00,2974343
80.4,24.7,76.6,41.1,2026-06-03 13:00:00,2974343
82.8,25.6,79.0,44.0,2026-06-03 13:10:00,2974343
82.3,25.4,78.4,43.4,2026-06-03 13:20:00,2974343
82.6,24.8,78.8,43.1,2026-06-03 13:30:00,2974343
82.9,25.5,79.0,44.0,2026-06-03 13:40:00,2974343
81.5,24.4,77.4,41.6,2026-06-03 13:50:00,2974343
82.0,24.9,78.1,42.7,2026-06-03 14:00:00,2974343
83.4,24.4,79.3,43.3,2026-06-03 14:10:00,2974343
81.5,25.1,77.5,42.4,2026-06-03 14:20:00,2974343
81.4,25.8,77.5,43.1,2026-06-03 14:30:00,2974343
83.8,25.2,80.1,44.4,2026-06-03 14:40:00,2974343
83.3,23.8,79.2,42.5,2026-06-03 14:50:00,2974343
83.4,24.0,79.3,42.9,2026-06-03 15:00:00,2974343
86.2,23.8,82.6,44.9,2026-06-03 15:10:00,2974343
87.1,22.8,83.5,44.6,2026-06-03 15:20:00,2974343
87.8,23.1,84.2,45.5,2026-06-03 15:30:00,2974343
86.7,22.6,83.1,44.0,2026-06-03 15:40:00,2974343
83.0,24.5,79.0,43.1,2026-06-03 15:50:00,2974343
84.3,25.4,80.6,45.1,2026-06-03 16:00:00,2974343
81.5,26.3,77.5,43.6,2026-06-03 16:10:00,2974343
85.1,25.3,81.7,45.6,2026-06-03 16:20:00,2974343
88.0,23.7,84.7,46.3,2026-06-03 16:30:00,2974343
87.6,23.0,83.8,45.3,2026-06-03 16:40:00,2974343
85.8,23.0,82.0,43.8,2026-06-03 16:50:00,2974343
81.9,25.8,78.1,43.4,2026-06-03 17:00:00,2974343
85.0,25.1,81.5,45.3,2026-06-03 17:10:00,2974343
82.2,24.9,78.3,42.7,2026-06-03 17:20:00,2974343
85.0,24.0,81.1,44.2,2026-06-03 17:30:00,2974343
84.3,23.8,80.4,43.4,2026-06-03 17:40:00,2974343
84.1,24.4,80.2,43.9,2026-06-03 17:50:00,2974343
83.2,25.8,79.3,44.5,2026-06-03 18:00:00,2974343
82.0,26.3,78.1,44.0,2026-06-03 18:10:00,2974343
82.4,26.5,78.6,44.6,2026-06-03 18:20:00,2974343
81.8,26.6,78.1,44.1,2026-06-03 18:30:00,2974343
81.8,26.9,78.1,44.4,2026-06-03 18:40:00,2974343
81.2,27.4,77.5,44.4,2026-06-03 18:50:00,2974343
80.2,27.1,76.5,43.3,2026-06-03 19:00:00,2974343
80.4,28.1,76.6,44.4,2026-06-03 19:10:00,2974343
80.2,28.3,76.6,44.4,2026-06-03 19:20:00,2974343
79.5,28.4,75.9,44.0,2026-06-03 19:30:00,2974343
79.0,29.0,75.6,44.0,2026-06-03 19:40:00,2974343
78.2,30.2,74.8,44.4,2026-06-03 19:50:00,2974343
77.3,31.3,73.9,44.6,2026-06-03 20:00:00,2974343
76.7,32.4,73.6,45.0,2026-06-03 20:10:00,2974343
76.0,32.5,72.9,44.4,2026-06-03 20:20:00,2974343
75.1,33.2,72.1,44.2,2026-06-03 20:30:00,2974343
74.1,34.1,71.4,44.0,2026-06-03 20:40:00,2974343
73.3,35.4,70.9,44.3,2026-06-03 20:50:00,2974343
72.6,36.7,70.5,44.7,2026-06-03 21:00:00,2974343
71.9,37.5,70.0,44.6,2026-06-03 21:10:00,2974343
71.4,37.7,69.4,44.3,2026-06-03 21:20:00,2974343
71.1,38.4,69.3,44.5,2026-06-03 21:30:00,2974343
70.5,39.4,68.9,44.7,2026-06-03 21:40:00,2974343
70.1,40.9,68.4,45.2,2026-06-03 21:50:00,2974343
69.5,42.2,67.5,45.6,2026-06-03 22:00:00,2974343
69.3,43.3,67.5,46.0,2026-06-03 22:10:00,2974343
68.9,43.4,66.6,45.7,2026-06-03 22:20:00,2974343
68.5,44.3,66.0,45.9,2026-06-03 22:30:00,2974343
68.2,43.9,65.8,45.4,2026-06-03 22:40:00,2974343
68.0,45.1,65.7,45.9,2026-06-03 22:50:00,2974343
67.8,44.8,65.1,45.6,2026-06-03 23:00:00,2974343
67.4,45.8,64.8,45.7,2026-06-03 23:10:00,2974343
67.2,46.6,64.4,46.0,2026-06-03 23:20:00,2974343
67.0,47.5,64.2,46.4,2026-06-03 23:30:00,2974343
66.8,47.3,64.0,46.1,2026-06-03 23:40:00,2974343
66.4,47.7,63.5,46.0,2026-06-03 23:50:00,2974343
66.1,48.4,63.0,46.1,2026-06-04 00:00:00,2974343
65.7,50.0,62.6,46.5,2026-06-04 00:10:00,2974343
65.1,50.5,61.9,46.3,2026-06-04 00:20:00,2974343
64.8,50.7,61.7,46.1,2026-06-04 00:30:00,2974343
64.5,51.1,61.3,46.0,2026-06-04 00:40:00,2974343
64.1,51.2,61.0,45.7,2026-06-04 00:50:00,2974343
63.9,52.4,60.8,46.2,2026-06-04 01:00:00,2974343
63.7,53.3,60.6,46.4,2026-06-04 01:10:00,2974343
63.3,54.6,60.4,46.7,2026-06-04 01:20:00,2974343
63.1,55.2,60.3,46.8,2026-06-04 01:30:00,2974343
62.8,55.4,60.1,46.6,2026-06-04 01:40:00,2974343
62.3,56.0,59.7,46.4,2026-06-04 01:50:00,2974343
62.1,56.2,59.5,46.3,2026-06-04 02:00:00,2974343
61.9,56.4,59.5,46.2,2026-06-04 02:10:00,2974343
61.7,57.4,59.4,46.5,2026-06-04 02:20:00,2974343
61.5,58.4,59.2,46.7,2026-06-04 02:30:00,2974343
61.2,59.9,59.0,47.1,2026-06-04 02:40:00,2974343
60.8,60.6,58.8,47.1,2026-06-04 02:50:00,2974343
60.6,61.9,58.5,47.5,2026-06-04 03:00:00,2974343
60.3,62.8,58.5,47.6,2026-06-04 03:10:00,2974343
60.1,63.4,58.3,47.6,2026-06-04 03:20:00,2974343
60.0,63.8,58.1,47.6,2026-06-04 03:30:00,2974343
59.5,64.3,57.7,47.5,2026-06-04 03:40:00,2974343
59.4,65.4,57.7,47.8,2026-06-04 03:50:00,2974343
59.1,65.8,57.6,47.6,2026-06-04 04:00:00,2974343
58.9,67.1,57.4,48.0,2026-06-04 04:10:00,2974343
58.9,67.1,57.4,48.0,2026-06-04 04:20:00,2974343
58.5,68.2,57.2,48.0,2026-06-04 04:30:00,2974343
58.2,68.9,56.8,48.1,2026-06-04 04:40:00,2974343
57.9,69.4,56.8,48.0,2026-06-04 04:50:00,2974343
57.6,70.4,56.5,48.1,2026-06-04 05:00:00,2974343
57.3,71.6,56.3,48.2,2026-06-04 05:10:00,2974343
57.1,71.7,56.1,48.1,2026-06-04 05:20:00,2974343
56.9,72.0,55.9,48.0,2026-06-04 05:30:00,2974343
56.7,72.5,55.8,48.0,2026-06-04 05:40:00,2974343
56.6,73.2,55.8,48.1,2026-06-04 05:50:00,2974343
56.4,73.6,55.6,48.1,2026-06-04 06:00:00,2974343
56.3,74.3,55.6,48.3,2026-06-04 06:10:00,2974343
56.3,74.8,55.6,48.4,2026-06-04 06:20:00,2974343
56.3,75.4,55.8,48.7,2026-06-04 06:30:00,2974343
56.5,76.1,55.9,49.1,2026-06-04 06:40:00,2974343
57.1,76.1,56.3,49.7,2026-06-04 06:50:00,2974343
57.7,75.5,57.0,50.1,2026-06-04 07:00:00,2974343
58.6,75.0,57.7,50.7,2026-06-04 07:10:00,2974343
63.1,68.3,61.5,52.5,2026-06-04 07:20:00,2974343
66.5,61.1,64.8,52.6,2026-06-04 07:30:00,2974343
68.3,54.9,66.7,51.5,2026-06-04 07:40:00,2974343
68.5,51.0,66.7,49.6,2026-06-04 07:50:00,2974343
71.3,48.9,70.3,51.2,2026-06-04 08:00:00,2974343
72.4,46.9,71.2,51.0,2026-06-04 08:10:00,2974343
75.6,43.8,73.8,52.0,2026-06-04 08:20:00,2974343
73.8,42.3,72.0,49.4,2026-06-04 08:30:00,2974343
74.5,40.4,72.5,48.9,2026-06-04 08:40:00,2974343
76.8,39.0,74.3,50.0,2026-06-04 08:50:00,2974343
77.0,37.2,74.5,48.9,2026-06-04 09:00:00,2974343
79.8,35.8,77.2,50.3,2026-06-04 09:10:00,2974343
82.7,34.1,80.2,51.5,2026-06-04 09:20:00,2974343
83.7,33.4,81.5,51.8,2026-06-04 09:30:00,2974343
84.2,31.7,81.5,50.9,2026-06-04 09:40:00,2974343
81.7,30.3,78.4,47.5,2026-06-04 09:50:00,2974343
85.9,29.5,83.3,50.4,2026-06-04 10:00:00,2974343
83.4,29.0,80.2,47.9,2026-06-04 10:10:00,2974343
85.4,29.5,82.6,50.1,2026-06-04 10:20:00,2974343
84.7,28.3,81.5,48.3,2026-06-04 10:30:00,2974343
82.6,25.7,78.8,44.0,2026-06-04 10:40:00,2974343
85.4,27.5,82.4,48.2,2026-06-04 10:50:00,2974343
85.3,26.4,81.9,46.9,2026-06-04 11:00:00,2974343
83.6,25.8,79.9,44.9,2026-06-04 11:10:00,2974343
85.7,25.3,82.2,46.2,2026-06-04 11:20:00,2974343
85.3,25.3,81.9,45.8,2026-06-04 11:30:00,2974343
88.3,25.1,85.3,48.1,2026-06-04 11:40:00,2974343
87.6,24.7,84.2,47.1,2026-06-04 11:50:00,2974343
85.5,23.9,81.9,44.4,2026-06-04 12:00:00,2974343
85.3,23.0,81.5,43.3,2026-06-04 12:10:00,2974343
87.3,23.1,83.7,45.1,2026-06-04 12:20:00,2974343
86.4,23.0,82.6,44.2,2026-06-04 12:30:00,2974343
88.8,23.7,85.6,47.1,2026-06-04 12:40:00,2974343
88.4,22.3,84.7,45.1,2026-06-04 12:50:00,2974343
87.1,23.2,83.5,45.0,2026-06-04 13:00:00,2974343
86.5,23.6,82.8,45.0,2026-06-04 13:10:00,2974343
85.4,23.1,81.5,43.5,2026-06-04 13:20:00,2974343
85.9,23.2,82.0,44.1,2026-06-04 13:30:00,2974343
88.8,23.4,85.5,46.7,2026-06-04 13:40:00,2974343
88.0,22.3,84.4,44.7,2026-06-04 13:50:00,2974343
86.2,22.8,82.4,43.9,2026-06-04 14:00:00,2974343
89.2,23.6,86.0,47.2,2026-06-04 14:10:00,2974343
89.8,22.2,86.4,46.1,2026-06-04 14:20:00,2974343
89.8,23.0,86.7,47.1,2026-06-04 14:30:00,2974343
92.4,20.8,89.2,46.6,2026-06-04 14:40:00,2974343
89.7,21.5,86.2,45.2,2026-06-04 14:50:00,2974343
92.9,20.7,89.8,46.8,2026-06-04 15:00:00,2974343
92.8,20.3,89.4,46.2,2026-06-04 15:10:00,2974343
91.8,20.6,88.5,45.8,2026-06-04 15:20:00,2974343
94.7,19.3,91.6,46.5,2026-06-04 15:30:00,2974343
93.2,19.4,89.8,45.5,2026-06-04 15:40:00,2974343
94.7,19.6,91.8,46.9,2026-06-04 15:50:00,2974343
93.7,19.5,90.3,46.0,2026-06-04 16:00:00,2974343
93.0,20.2,90.0,46.3,2026-06-04 16:10:00,2974343
94.1,20.1,91.2,47.1,2026-06-04 16:20:00,2974343
93.5,19.9,90.1,46.3,2026-06-04 16:30:00,2974343
94.0,20.2,91.0,47.2,2026-06-04 16:40:00,2974343
94.7,20.9,92.1,48.6,2026-06-04 16:50:00,2974343
95.2,20.1,92.5,47.9,2026-06-04 17:00:00,2974343
93.8,19.7,90.7,46.3,2026-06-04 17:10:00,2974343
94.5,20.1,91.8,47.4,2026-06-04 17:20:00,2974343
94.0,20.3,91.0,47.3,2026-06-04 17:30:00,2974343
95.5,20.3,92.8,48.5,2026-06-04 17:40:00,2974343
95.8,19.6,93.2,47.8,2026-06-04 17:50:00,2974343
94.8,20.8,92.1,48.6,2026-06-04 18:00:00,2974343
90.6,21.2,87.3,45.6,2026-06-04 18:10:00,2974343
88.9,22.1,85.5,45.3,2026-06-04 18:20:00,2974343
88.6,22.5,85.1,45.6,2026-06-04 18:30:00,2974343
87.9,22.6,84.2,45.0,2026-06-04 18:40:00,2974343
87.5,23.2,83.8,45.4,2026-06-04 18:50:00,2974343
87.2,24.0,83.7,46.0,2026-06-04 19:00:00,2974343
86.8,25.4,83.5,47.2,2026-06-04 19:10:00,2974343
86.5,25.8,83.1,47.4,2026-06-04 19:20:00,2974343
85.9,27.2,82.8,48.3,2026-06-04 19:30:00,2974343
84.8,28.1,81.7,48.2,2026-06-04 19:40:00,2974343
83.9,29.3,80.8,48.6,2026-06-04 19:50:00,2974343
82.9,31.4,79.9,49.4,2026-06-04 20:00:00,2974343
81.8,31.3,78.6,48.5,2026-06-04 20:10:00,2974343
81.5,32.8,78.6,49.5,2026-06-04 20:20:00,2974343
81.4,32.9,78.4,49.5,2026-06-04 20:30:00,2974343
80.8,33.4,78.1,49.4,2026-06-04 20:40:00,2974343
80.1,35.2,77.5,50.1,2026-06-04 20:50:00,2974343
79.2,35.5,76.6,49.6,2026-06-04 21:00:00,2974343
78.4,36.5,75.7,49.6,2026-06-04 21:10:00,2974343
77.8,37.4,75.2,49.7,2026-06-04 21:20:00,2974343
77.4,39.0,75.0,50.5,2026-06-04 21:30:00,2974343
76.9,39.6,74.5,50.5,2026-06-04 21:40:00,2974343
76.3,40.1,74.1,50.3,2026-06-04 21:50:00,2974343
75.5,41.5,73.2,50.5,2026-06-04 22:00:00,2974343
74.7,42.2,72.9,50.2,2026-06-04 22:10:00,2974343
74.2,43.5,72.5,50.6,2026-06-04 22:20:00,2974343
73.6,44.6,72.1,50.7,2026-06-04 22:30:00,2974343
73.1,45.5,71.8,50.7,2026-06-04 22:40:00,2974343
72.6,45.7,71.2,50.5,2026-06-04 22:50:00,2974343
72.2,46.8,71.1,50.8,2026-06-04 23:00:00,2974343
71.8,47.2,70.7,50.6,2026-06-04 23:10:00,2974343
71.5,48.4,70.5,51.0,2026-06-04 23:20:00,2974343
71.2,48.6,70.2,50.8,2026-06-04 23:30:00,2974343
70.8,50.2,70.2,51.4,2026-06-04 23:40:00,2974343
70.6,50.6,69.8,51.4,2026-06-04 23:50:00,2974343
70.3,50.8,69.3,51.2,2026-06-05 00:00:00,2974343
70.0,51.1,69.1,51.1,2026-06-05 00:10:00,2974343
70.1,51.9,69.1,51.5,2026-06-05 00:20:00,2974343
69.9,52.1,68.7,51.6,2026-06-05 00:30:00,2974343
69.8,52.4,68.5,51.6,2026-06-05 00:40:00,2974343
69.7,52.6,68.7,51.5,2026-06-05 00:50:00,2974343
69.3,53.7,68.2,51.7,2026-06-05 01:00:00,2974343
69.6,52.9,68.4,51.7,2026-06-05 01:10:00,2974343
69.4,53.6,68.2,51.8,2026-06-05 01:20:00,2974343
68.8,54.3,67.5,51.6,2026-06-05 01:30:00,2974343
68.5,55.5,67.1,51.9,2026-06-05 01:40:00,2974343
68.3,56.7,66.9,52.4,2026-06-05 01:50:00,2974343
68.1,57.8,66.7,52.6,2026-06-05 02:00:00,2974343
67.7,58.8,66.4,52.8,2026-06-05 02:10:00,2974343
67.5,59.7,66.0,53.0,2026-06-05 02:20:00,2974343
67.2,60.6,65.7,53.1,2026-06-05 02:30:00,2974343
67.0,61.4,65.5,53.3,2026-06-05 02:40:00,2974343
66.7,62.2,65.1,53.3,2026-06-05 02:50:00,2974343
66.4,63.0,64.9,53.4,2026-06-05 03:00:00,2974343
66.3,63.4,64.6,53.5,2026-06-05 03:10:00,2974343
65.9,64.4,64.2,53.5,2026-06-05 03:20:00,2974343
65.8,65.1,64.0,53.7,2026-06-05 03:30:00,2974343
65.6,65.8,64.0,53.8,2026-06-05 03:40:00,2974343
65.3,66.4,63.7,53.8,2026-06-05 03:50:00,2974343
65.1,67.1,63.3,53.9,2026-06-05 04:00:00,2974343
64.8,67.5,63.1,53.8,2026-06-05 04:10:00,2974343
64.7,68.0,63.1,53.9,2026-06-05 04:20:00,2974343
64.6,68.5,63.1,54.0,2026-06-05 04:30:00,2974343
64.3,68.9,62.8,53.9,2026-06-05 04:40:00,2974343
64.1,69.7,62.8,54.0,2026-06-05 04:50:00,2974343
63.9,70.2,62.6,54.1,2026-06-05 05:00:00,2974343
63.9,70.5,62.6,54.1,2026-06-05 05:10:00,2974343
63.5,71.2,62.2,54.0,2026-06-05 05:20:00,2974343
63.3,72.1,62.1,54.1,2026-06-05 05:30:00,2974343
63.1,72.5,61.9,54.1,2026-06-05 05:40:00,2974343
62.9,73.4,61.9,54.2,2026-06-05 05:50:00,2974343
62.9,73.8,61.9,54.4,2026-06-05 06:00:00,2974343
62.8,74.1,61.9,54.4,2026-06-05 06:10:00,2974343
62.8,74.5,61.9,54.6,2026-06-05 06:20:00,2974343
62.9,74.4,61.9,54.6,2026-06-05 06:30:00,2974343
63.2,74.0,62.2,54.8,2026-06-05 06:40:00,2974343
63.5,73.2,62.6,54.8,2026-06-05 06:50:00,2974343
63.9,72.7,62.8,55.0,2026-06-05 07:00:00,2974343
64.6,72.0,63.5,55.4,2026-06-05 07:10:00,2974343
70.2,65.7,70.2,58.2,2026-06-05 07:20:00,2974343
71.2,60.7,71.1,56.9,2026-06-05 07:30:00,2974343
74.8,56.5,74.1,58.3,2026-06-05 07:40:00,2974343
72.9,54.5,72.3,55.5,2026-06-05 07:50:00,2974343
77.1,51.6,76.1,57.9,2026-06-05 08:00:00,2974343
79.1,48.5,78.3,58.0,2026-06-05 08:10:00,2974343
81.9,45.5,81.3,58.8,2026-06-05 08:20:00,2974343
84.0,42.9,84.0,59.1,2026-06-05 08:30:00,2974343
80.1,42.3,78.6,55.1,2026-06-05 08:40:00,2974343
82.0,42.7,80.8,57.1,2026-06-05 08:50:00,2974343
81.9,41.0,80.4,55.9,2026-06-05 09:00:00,2974343
83.8,40.4,82.9,57.2,2026-06-05 09:10:00,2974343
86.5,39.3,86.5,58.8,2026-06-05 09:20:00,2974343
85.5,37.2,84.7,56.4,2026-06-05 09:30:00,2974343
87.3,35.6,86.7,56.8,2026-06-05 09:40:00,2974343
87.5,34.8,86.7,56.3,2026-06-05 09:50:00,2974343
86.5,34.6,85.3,55.3,2026-06-05 10:00:00,2974343
85.2,36.1,84.0,55.3,2026-06-05 10:10:00,2974343
85.2,34.8,83.7,54.4,2026-06-05 10:20:00,2974343
88.0,34.6,87.4,56.6,2026-06-05 10:30:00,2974343
90.5,32.4,90.3,57.0,2026-06-05 10:40:00,2974343
88.1,32.6,86.9,55.1,2026-06-05 10:50:00,2974343
89.9,32.6,89.6,56.6,2026-06-05 11:00:00,2974343
91.8,32.4,92.5,58.0,2026-06-05 11:10:00,2974343
91.2,30.8,90.9,56.2,2026-06-05 11:20:00,2974343
89.8,28.0,87.8,52.4,2026-06-05 11:30:00,2974343
92.4,28.2,91.6,54.7,2026-06-05 11:40:00,2974343
89.9,26.3,87.6,50.8,2026-06-05 11:50:00,2974343
91.9,26.6,90.7,52.8,2026-06-05 12:00:00,2974343
92.4,27.7,91.6,54.2,2026-06-05 12:10:00,2974343
93.1,26.2,91.9,53.3,2026-06-05 12:20:00,2974343
91.4,27.8,90.3,53.5,2026-06-05 12:30:00,2974343
92.1,27.9,91.0,54.2,2026-06-05 12:40:00,2974343
90.7,27.2,89.1,52.4,2026-06-05 12:50:00,2974343
91.7,26.4,90.0,52.4,2026-06-05 13:00:00,2974343
90.7,27.4,89.1,52.5,2026-06-05 13:10:00,2974343
92.9,27.2,92.1,54.1,2026-06-05 13:20:00,2974343
93.0,26.1,91.9,53.2,2026-06-05 13:30:00,2974343
93.3,26.6,92.3,53.9,2026-06-05 13:40:00,2974343
93.1,25.0,91.6,52.1,2026-06-05 13:50:00,2974343
93.8,25.5,92.7,53.2,2026-06-05 14:00:00,2974343
93.6,25.0,92.3,52.5,2026-06-05 14:10:00,2974343
94.9,25.4,94.3,54.1,2026-06-05 14:20:00,2974343
96.4,24.4,95.9,54.2,2026-06-05 14:30:00,2974343
95.8,23.8,94.8,53.0,2026-06-05 14:40:00,2974343
95.1,24.4,94.1,53.1,2026-06-05 14:50:00,2974343
97.1,24.2,96.8,54.5,2026-06-05 15:00:00,2974343
96.9,24.3,96.6,54.4,2026-06-05 15:10:00,2974343
97.4,23.9,97.2,54.5,2026-06-05 15:20:00,2974343
95.3,23.6,94.1,52.3,2026-06-05 15:30:00,2974343
95.5,24.3,94.5,53.3,2026-06-05 15:40:00,2974343
97.1,24.3,96.8,54.7,2026-06-05 15:50:00,2974343
96.7,23.2,95.9,53.1,2026-06-05 16:00:00,2974343
97.7,23.4,97.5,54.2,2026-06-05 16:10:00,2974343
99.4,23.9,100.0,56.2,2026-06-05 16:20:00,2974343
96.5,22.4,95.2,51.8,2026-06-05 16:30:00,2974343
97.2,23.3,96.6,53.7,2026-06-05 16:40:00,2974343
98.7,22.8,98.4,54.2,2026-06-05 16:50:00,2974343
97.8,23.4,97.3,54.2,2026-06-05 17:00:00,2974343
95.7,23.8,94.8,53.0,2026-06-05 17:10:00,2974343
97.8,23.8,97.7,54.7,2026-06-05 17:20:00,2974343
97.4,22.7,96.8,53.1,2026-06-05 17:30:00,2974343
97.7,24.0,97.7,54.8,2026-06-05 17:40:00,2974343
97.5,23.2,97.2,53.7,2026-06-05 17:50:00,2974343
95.7,23.8,94.6,52.8,2026-06-05 18:00:00,2974343
93.2,25.1,91.9,52.3,2026-06-05 18:10:00,2974343
92.3,26.7,91.2,53.2,2026-06-05 18:20:00,2974343
92.1,27.6,91.0,53.9,2026-06-05 18:30:00,2974343
91.1,27.6,89.8,53.1,2026-06-05 18:40:00,2974343
91.1,28.6,90.0,54.1,2026-06-05 18:50:00,2974343
90.6,28.0,89.1,53.1,2026-06-05 19:00:00,2974343
90.4,28.7,89.1,53.5,2026-06-05 19:10:00,2974343
89.8,30.1,88.7,54.4,2026-06-05 19:20:00,2974343
89.4,29.8,87.8,53.7,2026-06-05 19:30:00,2974343
88.6,30.3,86.9,53.5,2026-06-05 19:40:00,2974343
87.8,30.8,86.0,53.2,2026-06-05 19:50:00,2974343
87.0,31.2,85.1,52.9,2026-06-05 20:00:00,2974343
86.4,31.7,84.4,52.8,2026-06-05 20:10:00,2974343
85.9,32.9,84.0,53.4,2026-06-05 20:20:00,2974343
85.1,34.0,83.5,53.6,2026-06-05 20:30:00,2974343
84.3,35.0,82.4,53.7,2026-06-05 20:40:00,2974343
83.5,35.5,81.7,53.4,2026-06-05 20:50:00,2974343
83.1,36.5,81.1,53.8,2026-06-05 21:00:00,2974343
82.6,37.0,80.4,53.7,2026-06-05 21:10:00,2974343
82.0,38.1,80.2,54.0,2026-06-05 21:20:00,2974343
81.5,39.0,79.5,54.1,2026-06-05 21:30:00,2974343
81.0,39.8,79.2,54.3,2026-06-05 21:40:00,2974343
80.8,40.0,79.2,54.3,2026-06-05 21:50:00,2974343
80.5,39.9,78.6,53.9,2026-06-05 22:00:00,2974343
80.5,41.4,79.0,55.0,2026-06-05 22:10:00,2974343
80.1,41.2,78.4,54.5,2026-06-05 22:20:00,2974343
80.0,41.5,78.3,54.5,2026-06-05 22:30:00,2974343
80.0,41.9,78.3,54.8,2026-06-05 22:40:00,2974343
79.6,42.5,78.1,54.8,2026-06-05 22:50:00,2974343
79.6,42.0,78.1,54.5,2026-06-05 23:00:00,2974343
79.3,43.0,77.5,54.8,2026-06-05 23:10:00,2974343
78.8,43.2,77.2,54.6,2026-06-05 23:20:00,2974343
78.4,44.2,76.8,54.8,2026-06-05 23:30:00,2974343
78.0,45.1,76.5,55.0,2026-06-05 23:40:00,2974343
77.5,46.1,75.9,55.1,2026-06-05 23:50:00,2974343
77.1,46.6,75.4,55.1,2026-06-06 00:00:00,2974343
76.7,47.7,75.2,55.3,2026-06-06 00:10:00,2974343
76.4,48.3,74.8,55.4,2026-06-06 00:20:00,2974343
76.2,49.0,74.8,55.7,2026-06-06 00:30:00,2974343
75.8,49.3,74.5,55.5,2026-06-06 00:40:00,2974343
75.7,49.7,74.3,55.6,2026-06-06 00:50:00,2974343
75.7,50.1,74.5,55.8,2026-06-06 01:00:00,2974343
75.4,50.8,74.3,55.9,2026-06-06 01:10:00,2974343
74.9,51.4,73.8,55.8,2026-06-06 01:20:00,2974343
74.6,52.2,73.6,55.9,2026-06-06 01:30:00,2974343
74.3,52.9,73.4,56.0,2026-06-06 01:40:00,2974343
74.0,53.3,73.2,55.9,2026-06-06 01:50:00,2974343
73.8,54.0,73.0,56.1,2026-06-06 02:00:00,2974343
73.6,54.3,73.0,56.1,2026-06-06 02:10:00,2974343
73.5,54.4,72.9,56.0,2026-06-06 02:20:00,2974343
73.3,55.2,72.9,56.3,2026-06-06 02:30:00,2974343
73.0,55.8,72.5,56.3,2026-06-06 02:40:00,2974343
72.7,56.6,72.3,56.4,2026-06-06 02:50:00,2974343
72.4,56.9,72.0,56.3,2026-06-06 03:00:00,2974343
72.3,57.4,71.8,56.4,2026-06-06 03:10:00,2974343
71.9,58.2,71.6,56.4,2026-06-06 03:20:00,2974343
71.6,58.8,71.4,56.4,2026-06-06 03:30:00,2974343
71.5,59.3,71.2,56.5,2026-06-06 03:40:00,2974343
71.4,59.7,71.1,56.7,2026-06-06 03:50:00,2974343
71.2,60.1,71.1,56.6,2026-06-06 04:00:00,2974343
71.2,60.8,71.1,56.9,2026-06-06 04:10:00,2974343
71.2,61.0,71.1,57.0,2026-06-06 04:20:00,2974343
70.7,61.7,70.9,56.9,2026-06-06 04:30:00,2974343
70.3,62.5,70.0,56.8,2026-06-06 04:40:00,2974343
69.9,63.4,69.6,56.9,2026-06-06 04:50:00,2974343
69.9,63.8,69.6,57.0,2026-06-06 05:00:00,2974343
69.6,64.3,69.4,57.0,2026-06-06 05:10:00,2974343
69.5,64.9,69.3,57.2,2026-06-06 05:20:00,2974343
69.5,65.2,69.3,57.3,2026-06-06 05:30:00,2974343
69.1,65.6,68.5,57.1,2026-06-06 05:40:00,2974343
68.8,66.5,68.4,57.2,2026-06-06 05:50:00,2974343
68.9,66.7,68.4,57.3,2026-06-06 06:00:00,2974343
68.7,67.1,68.4,57.4,2026-06-06 06:10:00,2974343
68.8,67.4,68.4,57.6,2026-06-06 06:20:00,2974343
68.9,67.8,68.7,57.8,2026-06-06 06:30:00,2974343
69.8,67.1,70.0,58.4,2026-06-06 06:40:00,2974343
70.3,66.7,70.3,58.7,2026-06-06 06:50:00,2974343
71.2,65.4,71.4,58.9,2026-06-06 07:00:00,2974343
72.3,64.2,72.7,59.6,2026-06-06 07:10:00,2974343
74.8,58.9,74.5,59.4,2026-06-06 07:20:00,2974343
75.7,57.0,75.2,59.4,2026-06-06 07:30:00,2974343
75.8,56.1,75.2,59.0,2026-06-06 07:40:00,2974343
79.2,54.6,79.5,61.4,2026-06-06 07:50:00,2974343
77.4,52.3,76.6,58.6,2026-06-06 08:00:00,2974343
79.2,52.8,79.2,60.5,2026-06-06 08:10:00,2974343
80.9,49.4,80.8,60.2,2026-06-06 08:20:00,2974343
79.8,48.9,79.3,58.8,2026-06-06 08:30:00,2974343
81.0,49.4,81.0,60.3,2026-06-06 08:40:00,2974343
79.2,47.6,78.4,57.6,2026-06-06 08:50:00,2974343
79.5,48.3,78.8,58.3,2026-06-06 09:00:00,2974343
82.7,47.1,82.8,60.5,2026-06-06 09:10:00,2974343
82.1,45.5,81.5,58.9,2026-06-06 09:20:00,2974343
81.9,45.2,81.3,58.6,2026-06-06 09:30:00,2974343
82.8,43.7,82.2,58.5,2026-06-06 09:40:00,2974343
84.9,45.0,85.8,61.2,2026-06-06 09:50:00,2974343
85.1,43.9,85.5,60.6,2026-06-06 10:00:00,2974343
84.7,42.5,84.7,59.5,2026-06-06 10:10:00,2974343
84.1,41.7,83.8,58.4,2026-06-06 10:20:00,2974343
83.9,44.0,84.0,59.7,2026-06-06 10:30:00,2974343
85.7,41.6,86.0,59.6,2026-06-06 10:40:00,2974343
86.4,40.7,86.9,59.6,2026-06-06 10:50:00,2974343
86.0,40.4,86.4,59.2,2026-06-06 11:00:00,2974343
87.5,40.1,88.3,60.3,2026-06-06 11:10:00,2974343
87.0,40.0,87.6,59.8,2026-06-06 11:20:00,2974343
88.2,37.4,88.5,58.9,2026-06-06 11:30:00,2974343
87.5,38.0,87.6,58.8,2026-06-06 11:40:00,2974343
88.3,37.4,88.5,59.0,2026-06-06 11:50:00,2974343
88.0,37.7,88.5,59.1,2026-06-06 12:00:00,2974343
91.1,35.3,92.7,59.9,2026-06-06 12:10:00,2974343
89.6,37.1,90.7,59.9,2026-06-06 12:20:00,2974343
89.8,37.2,91.0,60.2,2026-06-06 12:30:00,2974343
89.2,36.7,89.8,59.3,2026-06-06 12:40:00,2974343
89.8,35.0,90.3,58.5,2026-06-06 12:50:00,2974343
90.2,34.4,90.9,58.4,2026-06-06 13:00:00,2974343
90.4,34.5,91.0,58.7,2026-06-06 13:10:00,2974343
91.2,34.1,92.1,59.0,2026-06-06 13:20:00,2974343
89.6,34.5,90.0,57.9,2026-06-06 13:30:00,2974343
90.1,36.8,91.4,60.2,2026-06-06 13:40:00,2974343
91.0,36.1,92.7,60.4,2026-06-06 13:50:00,2974343
91.5,34.9,93.0,59.9,2026-06-06 14:00:00,2974343
90.7,35.8,92.1,59.9,2026-06-06 14:10:00,2974343
89.4,36.0,90.0,59.0,2026-06-06 14:20:00,2974343
90.1,36.9,91.8,60.3,2026-06-06 14:30:00,2974343
92.3,36.1,95.0,61.5,2026-06-06 14:40:00,2974343
92.7,35.8,95.4,61.7,2026-06-06 14:50:00,2974343
92.2,36.3,94.8,61.6,2026-06-06 15:00:00,2974343
91.3,35.7,93.0,60.4,2026-06-06 15:10:00,2974343
92.4,35.1,94.6,60.9,2026-06-06 15:20:00,2974343
90.3,35.4,91.6,59.3,2026-06-06 15:30:00,2974343
90.2,37.6,92.1,60.9,2026-06-06 15:40:00,2974343
90.4,36.3,91.8,60.0,2026-06-06 15:50:00,2974343
92.8,34.3,94.6,60.5,2026-06-06 16:00:00,2974343
95.3,33.4,98.6,62.0,2026-06-06 16:10:00,2974343
95.7,32.5,98.8,61.6,2026-06-06 16:20:00,2974343
93.1,32.0,94.3,58.9,2026-06-06 16:30:00,2974343
95.2,33.0,98.4,61.6,2026-06-06 16:40:00,2974343
94.9,32.4,97.3,60.8,2026-06-06 16:50:00,2974343
94.7,32.0,96.8,60.2,2026-06-06 17:00:00,2974343
95.4,33.1,98.6,61.8,2026-06-06 17:10:00,2974343
94.9,31.8,97.0,60.2,2026-06-06 17:20:00,2974343
94.3,32.3,96.4,60.2,2026-06-06 17:30:00,2974343
94.9,31.9,97.2,60.3,2026-06-06 17:40:00,2974343
94.1,31.6,95.7,59.4,2026-06-06 17:50:00,2974343
92.6,32.0,93.4,58.4,2026-06-06 18:00:00,2974343
90.5,34.1,91.2,58.4,2026-06-06 18:10:00,2974343
90.1,31.1,89.4,55.5,2026-06-06 18:20:00,2974343
90.3,33.8,90.9,58.0,2026-06-06 18:30:00,2974343
90.2,33.1,90.3,57.4,2026-06-06 18:40:00,2974343
89.8,32.6,89.6,56.5,2026-06-06 18:50:00,2974343
89.9,33.5,90.0,57.4,2026-06-06 19:00:00,2974343
89.2,36.1,89.6,58.9,2026-06-06 19:10:00,2974343
88.8,37.3,89.4,59.5,2026-06-06 19:20:00,2974343
88.4,36.9,88.7,58.7,2026-06-06 19:30:00,2974343
88.0,36.9,88.2,58.4,2026-06-06 19:40:00,2974343
87.7,37.4,87.8,58.4,2026-06-06 19:50:00,2974343
86.9,38.8,87.3,58.9,2026-06-06 20:00:00,2974343
86.3,40.1,86.5,59.2,2026-06-06 20:10:00,2974343
85.7,40.7,85.8,59.1,2026-06-06 20:20:00,2974343
85.2,42.1,85.5,59.6,2026-06-06 20:30:00,2974343
84.5,42.3,84.6,59.1,2026-06-06 20:40:00,2974343
83.9,43.7,83.8,59.4,2026-06-06 20:50:00,2974343
83.2,44.1,82.9,59.1,2026-06-06 21:00:00,2974343
82.9,44.9,82.4,59.3,2026-06-06 21:10:00,2974343
82.5,44.7,81.9,58.9,2026-06-06 21:20:00,2974343
82.1,45.8,81.5,59.2,2026-06-06 21:30:00,2974343
81.4,46.8,81.0,59.1,2026-06-06 21:40:00,2974343
81.2,47.7,81.0,59.5,2026-06-06 21:50:00,2974343
81.1,48.1,80.8,59.6,2026-06-06 22:00:00,2974343
81.2,48.3,81.0,59.8,2026-06-06 22:10:00,2974343
81.1,48.8,81.0,60.0,2026-06-06 22:20:00,2974343
81.0,48.8,81.0,60.0,2026-06-06 22:30:00,2974343
80.7,49.5,80.6,60.0,2026-06-06 22:40:00,2974343
80.4,50.0,80.1,60.0,2026-06-06 22:50:00,2974343
80.2,50.8,80.1,60.3,2026-06-06 23:00:00,2974343
80.1,50.6,80.1,60.2,2026-06-06 23:10:00,2974343
79.9,51.1,79.7,60.2,2026-06-06 23:20:00,2974343
79.5,51.3,79.3,60.0,2026-06-06 23:30:00,2974343
79.3,51.7,79.2,60.0,2026-06-06 23:40:00,2974343
78.9,52.4,78.6,60.0,2026-06-06 23:50:00,2974343
78.4,53.2,77.9,60.0,2026-06-07 00:00:00,2974343
78.3,53.9,78.1,60.2,2026-06-07 00:10:00,2974343
78.2,54.2,77.9,60.2,2026-06-07 00:20:00,2974343
77.9,55.0,77.9,60.5,2026-06-07 00:30:00,2974343
77.7,55.6,77.4,60.5,2026-06-07 00:40:00,2974343
77.4,56.3,77.2,60.6,2026-06-07 00:50:00,2974343
77.2,56.8,77.0,60.7,2026-06-07 01:00:00,2974343
76.8,57.5,76.3,60.7,2026-06-07 01:10:00,2974343
76.6,58.2,76.1,60.8,2026-06-07 01:20:00,2974343
76.3,58.7,76.1,60.8,2026-06-07 01:30:00,2974343
76.1,59.2,75.7,60.8,2026-06-07 01:40:00,2974343
75.8,59.8,75.6,60.9,2026-06-07 01:50:00,2974343
75.8,60.2,75.7,61.0,2026-06-07 02:00:00,2974343
75.2,61.0,75.0,60.8,2026-06-07 02:10:00,2974343
74.7,62.2,74.8,60.9,2026-06-07 02:20:00,2974343
74.3,62.9,74.5,60.9,2026-06-07 02:30:00,2974343
74.1,63.8,74.3,61.0,2026-06-07 02:40:00,2974343
73.8,64.6,74.1,61.1,2026-06-07 02:50:00,2974343
73.7,65.0,73.9,61.2,2026-06-07 03:00:00,2974343
73.6,65.3,73.9,61.3,2026-06-07 03:10:00,2974343
73.5,65.8,73.8,61.3,2026-06-07 03:20:00,2974343
73.4,66.1,73.9,61.4,2026-06-07 03:30:00,2974343
73.2,66.5,73.8,61.4,2026-06-07 03:40:00,2974343
73.1,67.0,73.6,61.5,2026-06-07 03:50:00,2974343
72.9,67.4,73.4,61.4,2026-06-07 04:00:00,2974343
72.7,67.8,73.2,61.4,2026-06-07 04:10:00,2974343
72.6,68.2,73.0,61.5,2026-06-07 04:20:00,2974343
72.5,68.4,72.9,61.5,2026-06-07 04:30:00,2974343
72.4,68.6,72.9,61.5,2026-06-07 04:40:00,2974343
72.3,68.8,72.7,61.5,2026-06-07 04:50:00,2974343
72.1,69.2,72.9,61.5,2026-06-07 05:00:00,2974343
71.8,69.7,72.5,61.4,2026-06-07 05:10:00,2974343
71.5,70.4,72.1,61.4,2026-06-07 05:20:00,2974343
71.5,71.0,72.1,61.5,2026-06-07 05:30:00,2974343
71.2,71.2,71.8,61.4,2026-06-07 05:40:00,2974343
71.0,71.8,71.6,61.5,2026-06-07 05:50:00,2974343
70.9,72.1,71.8,61.5,2026-06-07 06:00:00,2974343
70.8,72.5,71.6,61.5,2026-06-07 06:10:00,2974343
70.8,72.7,71.6,61.6,2026-06-07 06:20:00,2974343
71.2,72.6,72.0,61.9,2026-06-07 06:30:00,2974343
71.6,72.1,72.3,62.1,2026-06-07 06:40:00,2974343
71.7,71.5,72.3,62.0,2026-06-07 06:50:00,2974343
72.0,71.3,72.7,62.2,2026-06-07 07:00:00,2974343
72.7,70.7,73.6,62.7,2026-06-07 07:10:00,2974343
75.8,65.9,76.1,63.6,2026-06-07 07:20:00,2974343
77.0,63.2,77.4,63.5,2026-06-07 07:30:00,2974343
76.9,62.4,77.2,63.1,2026-06-07 07:40:00,2974343
77.2,59.9,77.0,62.2,2026-06-07 07:50:00,2974343
79.8,58.2,80.8,63.8,2026-06-07 08:00:00,2974343
79.1,57.9,79.7,63.0,2026-06-07 08:10:00,2974343
78.6,57.6,79.0,62.3,2026-06-07 08:20:00,2974343
78.5,56.4,78.6,61.7,2026-06-07 08:30:00,2974343
80.7,56.1,81.9,63.6,2026-06-07 08:40:00,2974343
80.7,54.6,81.5,62.9,2026-06-07 08:50:00,2974343
81.8,54.2,82.9,63.6,2026-06-07 09:00:00,2974343
82.2,52.0,82.9,62.9,2026-06-07 09:10:00,2974343
84.0,51.8,86.4,64.4,2026-06-07 09:20:00,2974343
81.7,49.5,82.0,60.9,2026-06-07 09:30:00,2974343
82.4,49.3,82.9,61.5,2026-06-07 09:40:00,2974343
84.8,48.3,86.5,63.1,2026-06-07 09:50:00,2974343
88.6,44.9,91.6,64.5,2026-06-07 10:00:00,2974343
85.0,45.3,86.0,61.5,2026-06-07 10:10:00,2974343
86.7,45.8,88.9,63.4,2026-06-07 10:20:00,2974343
86.2,44.4,87.6,62.0,2026-06-07 10:30:00,2974343
87.0,43.7,88.5,62.2,2026-06-07 10:40:00,2974343
89.1,43.7,92.3,64.2,2026-06-07 10:50:00,2974343
87.5,42.4,89.1,61.8,2026-06-07 11:00:00,2974343
88.8,43.4,91.6,63.6,2026-06-07 11:10:00,2974343
89.2,42.1,91.8,63.2,2026-06-07 11:20:00,2974343
93.0,39.8,97.7,65.0,2026-06-07 11:30:00,2974343
91.6,38.2,94.6,62.6,2026-06-07 11:40:00,2974343
93.4,37.6,97.5,63.7,2026-06-07 11:50:00,2974343
93.9,37.0,98.1,63.7,2026-06-07 12:00:00,2974343
91.0,36.5,92.8,60.7,2026-06-07 12:10:00,2974343
91.9,35.3,94.1,60.6,2026-06-07 12:20:00,2974343
93.2,35.4,95.9,61.8,2026-06-07 12:30:00,2974343
92.8,36.5,95.9,62.3,2026-06-07 12:40:00,2974343
92.8,36.1,95.5,62.0,2026-06-07 12:50:00,2974343
91.9,34.9,93.6,60.3,2026-06-07 13:00:00,2974343
92.1,34.8,94.1,60.4,2026-06-07 13:10:00,2974343
92.8,34.2,94.6,60.4,2026-06-07 13:20:00,2974343
93.3,34.5,95.7,61.2,2026-06-07 13:30:00,2974343
93.1,32.3,94.3,59.1,2026-06-07 13:40:00,2974343
94.3,33.4,96.6,61.1,2026-06-07 13:50:00,2974343
94.7,33.1,97.3,61.2,2026-06-07 14:00:00,2974343
96.4,31.2,99.1,61.0,2026-06-07 14:10:00,2974343
96.1,31.1,98.8,60.7,2026-06-07 14:20:00,2974343
96.6,32.2,100.0,62.1,2026-06-07 14:30:00,2974343
96.4,32.1,99.7,61.7,2026-06-07 14:40:00,2974343
95.5,32.7,98.4,61.6,2026-06-07 14:50:00,2974343
96.9,30.7,99.7,61.0,2026-06-07 15:00:00,2974343
95.1,31.4,97.0,60.1,2026-06-07 15:10:00,2974343
97.6,30.6,100.8,61.5,2026-06-07 15:20:00,2974343
97.9,29.9,100.9,61.1,2026-06-07 15:30:00,2974343
94.2,30.1,95.0,58.2,2026-06-07 15:40:00,2974343
95.9,31.2,98.4,60.5,2026-06-07 15:50:00,2974343
98.2,30.7,101.7,62.1,2026-06-07 16:00:00,2974343
95.6,31.3,97.9,60.4,2026-06-07 16:10:00,2974343
95.5,31.4,97.7,60.4,2026-06-07 16:20:00,2974343
97.0,31.6,100.2,61.8,2026-06-07 16:30:00,2974343
96.8,29.9,99.1,60.1,2026-06-07 16:40:00,2974343
94.4,31.6,96.1,59.7,2026-06-07 16:50:00,2974343
98.3,32.1,102.9,63.5,2026-06-07 17:00:00,2974343
97.6,30.7,100.8,61.6,2026-06-07 17:10:00,2974343
97.7,32.0,102.0,62.8,2026-06-07 17:20:00,2974343
97.6,33.1,102.4,63.8,2026-06-07 17:30:00,2974343
95.3,33.9,98.8,62.4,2026-06-07 17:40:00,2974343
95.5,35.7,100.0,64.0,2026-06-07 17:50:00,2974343
93.8,36.3,97.5,63.0,2026-06-07 18:00:00,2974343
93.2,37.2,97.0,63.2,2026-06-07 18:10:00,2974343
92.4,37.7,95.7,62.9,2026-06-07 18:20:00,2974343
92.0,38.2,95.4,62.9,2026-06-07 18:30:00,2974343
92.4,38.2,95.9,63.2,2026-06-07 18:40:00,2974343
91.3,37.6,93.9,61.8,2026-06-07 18:50:00,2974343
91.5,38.6,94.6,62.8,2026-06-07 19:00:00,2974343
91.1,38.8,94.1,62.5,2026-06-07 19:10:00,2974343
91.0,38.6,93.7,62.3,2026-06-07 19:20:00,2974343
90.6,39.3,93.2,62.4,2026-06-07 19:30:00,2974343
90.1,39.2,92.7,62.0,2026-06-07 19:40:00,2974343
89.7,38.8,91.6,61.3,2026-06-07 19:50:00,2974343
89.2,38.9,90.7,60.9,2026-06-07 20:00:00,2974343
88.9,39.1,90.3,60.9,2026-06-07 20:10:00,2974343
88.5,39.4,90.0,60.7,2026-06-07 20:20:00,2974343
88.4,39.6,89.6,60.8,2026-06-07 20:30:00,2974343
88.3,40.4,89.4,61.2,2026-06-07 20:40:00,2974343
88.0,40.7,89.4,61.2,2026-06-07 20:50:00,2974343
87.5,42.0,88.9,61.6,2026-06-07 21:00:00,2974343
87.0,42.6,88.3,61.6,2026-06-07 21:10:00,2974343
86.5,43.5,87.8,61.7,2026-06-07 21:20:00,2974343
86.1,44.1,87.4,61.7,2026-06-07 21:30:00,2974343
85.8,44.5,87.3,61.8,2026-06-07 21:40:00,2974343
85.5,45.2,86.9,61.9,2026-06-07 21:50:00,2974343
85.1,46.1,86.5,62.1,2026-06-07 22:00:00,2974343
84.8,47.0,86.2,62.3,2026-06-07 22:10:00,2974343
84.3,47.6,85.5,62.2,2026-06-07 22:20:00,2974343
83.9,48.0,84.9,62.1,2026-06-07 22:30:00,2974343
83.8,48.2,84.7,62.1,2026-06-07 22:40:00,2974343
83.4,48.6,84.2,62.0,2026-06-07 22:50:00,2974343
83.3,48.7,84.0,61.9,2026-06-07 23:00:00,2974343
83.1,49.0,84.0,62.0,2026-06-07 23:10:00,2974343
82.9,49.5,83.7,62.0,2026-06-07 23:20:00,2974343
82.7,50.2,83.5,62.3,2026-06-07 23:30:00,2974343
82.4,50.8,82.9,62.3,2026-06-07 23:40:00,2974343
82.2,51.7,82.9,62.6,2026-06-07 23:50:00,2974343
82.0,52.6,83.1,63.0,2026-06-08 00:00:00,2974343
81.9,53.2,82.9,63.2,2026-06-08 00:10:00,2974343
81.6,53.8,82.6,63.2,2026-06-08 00:20:00,2974343
81.3,54.6,82.2,63.4,2026-06-08 00:30:00,2974343
81.0,55.2,82.2,63.4,2026-06-08 00:40:00,2974343
80.8,55.8,81.9,63.5,2026-06-08 00:50:00,2974343
80.4,56.3,81.3,63.4,2026-06-08 01:00:00,2974343
80.0,57.0,81.0,63.4,2026-06-08 01:10:00,2974343
79.8,57.6,80.8,63.5,2026-06-08 01:20:00,2974343
79.6,58.0,80.4,63.6,2026-06-08 01:30:00,2974343
79.4,58.6,80.4,63.6,2026-06-08 01:40:00,2974343
79.2,59.0,80.2,63.7,2026-06-08 01:50:00,2974343
79.1,59.5,80.1,63.8,2026-06-08 02:00:00,2974343
78.9,59.9,79.7,63.8,2026-06-08 02:10:00,2974343
78.6,60.5,79.7,63.8,2026-06-08 02:20:00,2974343
78.5,61.1,79.3,64.0,2026-06-08 02:30:00,2974343
78.2,61.6,79.0,63.9,2026-06-08 02:40:00,2974343
77.9,62.3,78.4,63.9,2026-06-08 02:50:00,2974343
77.6,62.8,78.3,63.9,2026-06-08 03:00:00,2974343
77.3,63.4,77.9,63.9,2026-06-08 03:10:00,2974343
77.2,63.9,77.9,64.0,2026-06-08 03:20:00,2974343
77.1,64.2,77.5,64.1,2026-06-08 03:30:00,2974343
77.1,64.4,77.5,64.2,2026-06-08 03:40:00,2974343
77.0,64.6,77.7,64.2,2026-06-08 03:50:00,2974343
77.0,64.8,77.7,64.3,2026-06-08 04:00:00,2974343
76.9,64.9,77.5,64.2,2026-06-08 04:10:00,2974343
77.0,65.1,77.7,64.4,2026-06-08 04:20:00,2974343
76.9,65.3,77.5,64.4,2026-06-08 04:30:00,2974343
76.8,65.6,77.2,64.4,2026-06-08 04:40:00,2974343
76.7,65.9,77.2,64.4,2026-06-08 04:50:00,2974343
76.4,66.5,76.8,64.4,2026-06-08 05:00:00,2974343
76.2,67.0,76.6,64.5,2026-06-08 05:10:00,2974343
75.8,67.7,76.5,64.4,2026-06-08 05:20:00,2974343
75.6,68.5,76.3,64.5,2026-06-08 05:30:00,2974343
75.1,69.1,75.9,64.3,2026-06-08 05:40:00,2974343
75.0,69.8,75.7,64.5,2026-06-08 05:50:00,2974343
74.6,70.4,75.4,64.3,2026-06-08 06:00:00,2974343
74.5,71.0,75.4,64.5,2026-06-08 06:10:00,2974343
74.4,71.5,75.2,64.6,2026-06-08 06:20:00,2974343
74.6,71.8,75.4,64.9,2026-06-08 06:30:00,2974343
74.7,72.2,75.9,65.2,2026-06-08 06:40:00,2974343
75.2,72.3,76.3,65.7,2026-06-08 06:50:00,2974343
75.6,71.9,76.6,65.9,2026-06-08 07:00:00,2974343
76.5,71.1,77.7,66.5,2026-06-08 07:10:00,2974343
79.7,66.8,82.2,67.6,2026-06-08 07:20:00,2974343
82.2,60.6,84.7,67.2,2026-06-08 07:30:00,2974343
83.4,58.0,86.5,67.1,2026-06-08 07:40:00,2974343
85.0,55.3,89.1,67.2,2026-06-08 07:50:00,2974343
83.1,54.6,85.1,65.0,2026-06-08 08:00:00,2974343
84.4,55.1,88.0,66.6,2026-06-08 08:10:00,2974343
85.5,53.1,89.2,66.5,2026-06-08 08:20:00,2974343
85.5,53.8,89.6,66.8,2026-06-08 08:30:00,2974343
86.0,53.3,90.0,67.0,2026-06-08 08:40:00,2974343
84.9,54.1,88.5,66.5,2026-06-08 08:50:00,2974343
85.7,53.3,89.8,66.8,2026-06-08 09:00:00,2974343
86.3,51.1,90.0,66.1,2026-06-08 09:10:00,2974343
87.9,50.4,92.5,67.1,2026-06-08 09:20:00,2974343
87.7,48.9,91.6,66.1,2026-06-08 09:30:00,2974343
89.3,48.6,94.6,67.4,2026-06-08 09:40:00,2974343
87.7,47.9,91.2,65.6,2026-06-08 09:50:00,2974343
90.2,48.7,96.6,68.2,2026-06-08 10:00:00,2974343
89.9,47.2,95.2,67.1,2026-06-08 10:10:00,2974343
91.9,45.0,97.9,67.5,2026-06-08 10:20:00,2974343
90.5,44.4,95.0,65.8,2026-06-08 10:30:00,2974343
90.7,44.1,95.5,65.9,2026-06-08 10:40:00,2974343
90.1,45.5,95.2,66.3,2026-06-08 10:50:00,2974343
92.7,44.9,99.7,68.1,2026-06-08 11:00:00,2974343
91.5,44.7,97.2,66.9,2026-06-08 11:10:00,2974343
92.4,44.3,98.8,67.5,2026-06-08 11:20:00,2974343
92.6,43.0,98.4,66.8,2026-06-08 11:30:00,2974343
94.0,41.9,100.8,67.4,2026-06-08 11:40:00,2974343
92.8,38.9,96.8,64.1,2026-06-08 11:50:00,2974343
91.4,40.0,95.2,63.6,2026-06-08 12:00:00,2974343
92.3,40.7,97.0,65.0,2026-06-08 12:10:00,2974343
93.4,40.4,98.6,65.7,2026-06-08 12:20:00,2974343
92.7,40.2,97.5,64.9,2026-06-08 12:30:00,2974343
91.8,39.6,95.5,63.7,2026-06-08 12:40:00,2974343
94.1,39.1,99.7,65.4,2026-06-08 12:50:00,2974343
91.3,40.5,95.2,64.0,2026-06-08 13:00:00,2974343
91.7,41.0,95.9,64.7,2026-06-08 13:10:00,2974343
90.8,41.3,94.5,64.1,2026-06-08 13:20:00,2974343
91.6,41.0,95.9,64.5,2026-06-08 13:30:00,2974343
92.9,38.5,97.0,63.9,2026-06-08 13:40:00,2974343
95.0,37.2,100.4,64.8,2026-06-08 13:50:00,2974343
93.4,35.8,96.4,62.3,2026-06-08 14:00:00,2974343
94.9,37.4,100.0,64.8,2026-06-08 14:10:00,2974343
94.0,36.5,97.9,63.4,2026-06-08 14:20:00,2974343
94.1,37.7,98.8,64.4,2026-06-08 14:30:00,2974343
93.4,37.2,97.3,63.4,2026-06-08 14:40:00,2974343
95.6,36.5,100.9,64.8,2026-06-08 14:50:00,2974343
93.2,37.0,97.0,63.1,2026-06-08 15:00:00,2974343
93.1,38.7,97.5,64.2,2026-06-08 15:10:00,2974343
93.4,39.2,97.9,64.8,2026-06-08 15:20:00,2974343
92.7,38.3,96.4,63.5,2026-06-08 15:30:00,2974343
93.0,37.7,97.0,63.5,2026-06-08 15:40:00,2974343
92.1,38.2,95.4,63.0,2026-06-08 15:50:00,2974343
96.5,37.7,103.5,66.5,2026-06-08 16:00:00,2974343
94.3,35.6,98.1,62.9,2026-06-08 16:10:00,2974343
93.7,37.1,97.5,63.6,2026-06-08 16:20:00,2974343
91.7,37.8,94.5,62.4,2026-06-08 16:30:00,2974343
92.0,38.8,95.5,63.3,2026-06-08 16:40:00,2974343
93.7,37.5,97.9,63.9,2026-06-08 16:50:00,2974343
94.3,36.5,98.6,63.6,2026-06-08 17:00:00,2974343
92.4,36.4,95.2,61.9,2026-06-08 17:10:00,2974343
92.5,36.6,95.2,62.1,2026-06-08 17:20:00,2974343
93.4,36.8,96.8,63.0,2026-06-08 17:30:00,2974343
93.4,35.7,96.4,62.2,2026-06-08 17:40:00,2974343
91.9,36.5,94.5,61.6,2026-06-08 17:50:00,2974343
90.5,37.1,92.5,60.8,2026-06-08 18:00:00,2974343
90.6,38.0,92.8,61.5,2026-06-08 18:10:00,2974343
89.9,37.8,91.4,60.8,2026-06-08 18:20:00,2974343
89.2,39.0,90.7,61.0,2026-06-08 18:30:00,2974343
89.2,39.4,90.9,61.3,2026-06-08 18:40:00,2974343
88.5,39.6,90.0,60.9,2026-06-08 18:50:00,2974343
88.5,40.0,89.8,61.1,2026-06-08 19:00:00,2974343
88.2,40.5,89.6,61.1,2026-06-08 19:10:00,2974343
87.7,40.8,88.9,61.0,2026-06-08 19:20:00,2974343
87.5,41.2,88.7,61.1,2026-06-08 19:30:00,2974343
87.2,42.2,88.3,61.4,2026-06-08 19:40:00,2974343
86.6,43.9,88.2,62.1,2026-06-08 19:50:00,2974343
86.0,45.5,87.6,62.5,2026-06-08 20:00:00,2974343
85.4,46.7,87.1,62.7,2026-06-08 20:10:00,2974343
84.7,48.0,86.2,62.8,2026-06-08 20:20:00,2974343
84.3,48.8,85.8,63.0,2026-06-08 20:30:00,2974343
83.3,50.1,84.7,62.8,2026-06-08 20:40:00,2974343
82.9,51.3,84.0,63.0,2026-06-08 20:50:00,2974343
82.2,52.4,82.9,63.0,2026-06-08 21:00:00,2974343
82.0,53.2,82.9,63.2,2026-06-08 21:10:00,2974343
81.4,53.9,82.4,63.1,2026-06-08 21:20:00,2974343
80.7,54.8,81.5,62.9,2026-06-08 21:30:00,2974343
80.4,55.4,81.1,62.9,2026-06-08 21:40:00,2974343
79.9,55.8,80.6,62.7,2026-06-08 21:50:00,2974343
79.4,56.7,80.1,62.7,2026-06-08 22:00:00,2974343
78.7,57.9,79.2,62.6,2026-06-08 22:10:00,2974343
78.2,58.8,78.6,62.7,2026-06-08 22:20:00,2974343
77.4,60.4,77.7,62.6,2026-06-08 22:30:00,2974343
76.7,61.5,76.8,62.5,2026-06-08 22:40:00,2974343
76.0,62.5,76.1,62.3,2026-06-08 22:50:00,2974343
75.5,63.0,75.7,62.0,2026-06-08 23:00:00,2974343
75.0,63.4,75.2,61.7,2026-06-08 23:10:00,2974343
74.3,64.4,74.7,61.5,2026-06-08 23:20:00,2974343
74.0,64.9,74.3,61.4,2026-06-08 23:30:00,2974343
73.9,64.2,74.1,61.0,2026-06-08 23:40:00,2974343
73.0,63.8,73.2,60.0,2026-06-08 23:50:00,2974343
72.6,64.8,72.9,60.1,2026-06-09 00:00:00,2974343
72.1,65.6,72.5,60.0,2026-06-09 00:10:00,2974343
71.8,66.6,72.3,60.1,2026-06-09 00:20:00,2974343
71.5,67.0,72.0,59.9,2026-06-09 00:30:00,2974343
71.3,67.4,71.8,60.0,2026-06-09 00:40:00,2974343
70.8,67.8,71.2,59.6,2026-06-09 00:50:00,2974343
70.7,68.1,71.2,59.7,2026-06-09 01:00:00,2974343
70.1,68.3,70.2,59.2,2026-06-09 01:10:00,2974343
69.7,68.6,69.6,58.9,2026-06-09 01:20:00,2974343
69.3,67.5,69.3,58.1,2026-06-09 01:30:00,2974343
69.3,66.9,69.3,57.8,2026-06-09 01:40:00,2974343
69.3,65.9,69.1,57.4,2026-06-09 01:50:00,2974343
68.9,66.1,68.7,57.2,2026-06-09 02:00:00,2974343
68.6,66.6,68.2,57.1,2026-06-09 02:10:00,2974343
68.3,67.9,67.8,57.3,2026-06-09 02:20:00,2974343
67.9,68.0,67.3,57.0,2026-06-09 02:30:00,2974343
67.8,68.0,67.1,56.9,2026-06-09 02:40:00,2974343
67.9,67.9,67.3,56.9,2026-06-09 02:50:00,2974343
67.7,68.6,67.1,57.0,2026-06-09 03:00:00,2974343
67.6,69.2,66.9,57.1,2026-06-09 03:10:00,2974343
67.6,69.6,66.9,57.3,2026-06-09 03:20:00,2974343
67.3,70.7,66.7,57.5,2026-06-09 03:30:00,2974343
67.4,70.8,66.7,57.6,2026-06-09 03:40:00,2974343
67.5,70.4,66.9,57.5,2026-06-09 03:50:00,2974343
67.6,69.2,66.9,57.1,2026-06-09 04:00:00,2974343
67.5,69.3,66.9,57.1,2026-06-09 04:10:00,2974343
67.4,71.0,66.7,57.7,2026-06-09 04:20:00,2974343
67.3,71.7,66.9,57.9,2026-06-09 04:30:00,2974343
67.3,69.8,66.7,57.1,2026-06-09 04:40:00,2974343
67.2,68.5,66.4,56.5,2026-06-09 04:50:00,2974343
66.8,68.0,65.8,55.9,2026-06-09 05:00:00,2974343
67.0,68.2,66.0,56.1,2026-06-09 05:10:00,2974343
67.0,68.2,66.0,56.1,2026-06-09 05:20:00,2974343
66.7,67.7,65.7,55.7,2026-06-09 05:30:00,2974343
66.2,67.9,65.1,55.3,2026-06-09 05:40:00,2974343
66.2,67.7,64.9,55.2,2026-06-09 05:50:00,2974343
65.9,67.2,64.4,54.7,2026-06-09 06:00:00,2974343
66.1,66.9,64.8,54.8,2026-06-09 06:10:00,2974343
66.2,66.9,64.9,54.9,2026-06-09 06:20:00,2974343
66.1,66.4,64.8,54.6,2026-06-09 06:30:00,2974343
66.1,66.6,64.8,54.6,2026-06-09 06:40:00,2974343
66.1,66.1,64.8,54.4,2026-06-09 06:50:00,2974343
66.8,65.9,65.7,55.0,2026-06-09 07:00:00,2974343
68.1,64.5,67.3,55.7,2026-06-09 07:10:00,2974343
69.5,62.5,69.1,56.1,2026-06-09 07:20:00,2974343
70.0,61.8,69.8,56.3,2026-06-09 07:30:00,2974343
69.9,59.5,69.3,55.2,2026-06-09 07:40:00,2974343
69.0,61.1,68.2,55.1,2026-06-09 07:50:00,2974343
71.9,59.3,71.6,56.9,2026-06-09 08:00:00,2974343
71.3,60.5,71.2,57.0,2026-06-09 08:10:00,2974343
72.4,58.8,72.1,57.2,2026-06-09 08:20:00,2974343
71.4,57.4,70.9,55.5,2026-06-09 08:30:00,2974343
71.2,59.5,70.9,56.4,2026-06-09 08:40:00,2974343
70.6,62.1,70.5,57.0,2026-06-09 08:50:00,2974343
71.3,61.7,71.4,57.5,2026-06-09 09:00:00,2974343
71.3,60.7,71.2,57.0,2026-06-09 09:10:00,2974343
71.0,60.8,70.9,56.7,2026-06-09 09:20:00,2974343
72.6,60.0,72.5,57.9,2026-06-09 09:30:00,2974343
72.2,58.6,72.0,56.9,2026-06-09 09:40:00,2974343
74.3,57.6,73.8,58.4,2026-06-09 09:50:00,2974343
74.8,56.1,74.1,58.1,2026-06-09 10:00:00,2974343
75.1,56.6,74.5,58.7,2026-06-09 10:10:00,2974343
75.3,57.5,74.8,59.3,2026-06-09 10:20:00,2974343
77.2,56.7,76.8,60.6,2026-06-09 10:30:00,2974343
76.6,54.5,75.9,59.0,2026-06-09 10:40:00,2974343
78.0,55.2,77.9,60.6,2026-06-09 10:50:00,2974343
78.4,51.5,77.7,59.0,2026-06-09 11:00:00,2974343
78.9,52.1,78.6,59.9,2026-06-09 11:10:00,2974343
79.5,51.4,79.2,60.0,2026-06-09 11:20:00,2974343
80.5,51.6,80.6,61.1,2026-06-09 11:30:00,2974343
80.7,50.0,80.6,60.3,2026-06-09 11:40:00,2974343
81.7,51.6,82.2,62.2,2026-06-09 11:50:00,2974343
81.3,52.2,81.7,62.1,2026-06-09 12:00:00,2974343
80.8,51.5,81.1,61.3,2026-06-09 12:10:00,2974343
81.6,50.5,81.9,61.4,2026-06-09 12:20:00,2974343
83.0,51.2,84.4,63.2,2026-06-09 12:30:00,2974343
83.4,50.9,84.7,63.3,2026-06-09 12:40:00,2974343
81.9,52.1,82.8,62.6,2026-06-09 12:50:00,2974343
82.5,54.2,83.8,64.2,2026-06-09 13:00:00,2974343
84.4,52.8,87.3,65.3,2026-06-09 13:10:00,2974343
84.8,50.1,87.3,64.1,2026-06-09 13:20:00,2974343
82.9,52.3,84.2,63.6,2026-06-09 13:30:00,2974343
84.8,52.9,88.0,65.7,2026-06-09 13:40:00,2974343
85.1,51.8,88.3,65.4,2026-06-09 13:50:00,2974343
85.8,51.6,89.1,65.9,2026-06-09 14:00:00,2974343
84.4,51.4,86.5,64.5,2026-06-09 14:10:00,2974343
85.4,52.8,88.9,66.2,2026-06-09 14:20:00,2974343
86.8,51.9,91.0,67.0,2026-06-09 14:30:00,2974343
88.8,50.4,94.3,68.0,2026-06-09 14:40:00,2974343
87.1,49.3,90.9,65.8,2026-06-09 14:50:00,2974343
87.1,50.5,91.2,66.5,2026-06-09 15:00:00,2974343
88.0,49.8,92.7,66.9,2026-06-09 15:10:00,2974343
88.2,50.0,93.2,67.2,2026-06-09 15:20:00,2974343
88.2,50.0,93.2,67.2,2026-06-09 15:30:00,2974343
90.0,48.4,96.3,67.9,2026-06-09 15:40:00,2974343
89.3,48.0,94.5,67.1,2026-06-09 15:50:00,2974343
87.9,48.7,91.8,66.1,2026-06-09 16:00:00,2974343
86.6,49.7,90.1,65.6,2026-06-09 16:10:00,2974343
87.7,51.1,92.5,67.4,2026-06-09 16:20:00,2974343
86.8,51.2,90.9,66.6,2026-06-09 16:30:00,2974343
86.5,52.4,90.7,67.0,2026-06-09 16:40:00,2974343
86.9,53.1,91.9,67.7,2026-06-09 16:50:00,2974343
86.5,53.0,90.9,67.4,2026-06-09 17:00:00,2974343
86.8,53.3,91.8,67.8,2026-06-09 17:10:00,2974343
88.4,51.8,94.1,68.4,2026-06-09 17:20:00,2974343
87.4,51.9,92.1,67.6,2026-06-09 17:30:00,2974343
87.4,52.1,92.1,67.7,2026-06-09 17:40:00,2974343
86.9,53.4,91.8,67.9,2026-06-09 17:50:00,2974343
86.4,54.1,91.2,67.8,2026-06-09 18:00:00,2974343
86.1,54.5,90.7,67.7,2026-06-09 18:10:00,2974343
85.9,54.5,90.3,67.6,2026-06-09 18:20:00,2974343
86.1,54.7,90.9,67.9,2026-06-09 18:30:00,2974343
85.8,55.1,90.3,67.8,2026-06-09 18:40:00,2974343
85.4,55.3,89.6,67.6,2026-06-09 18:50:00,2974343
85.1,56.2,89.2,67.7,2026-06-09 19:00:00,2974343
84.9,56.6,89.1,67.8,2026-06-09 19:10:00,2974343
84.6,56.8,88.7,67.5,2026-06-09 19:20:00,2974343
84.6,57.5,89.1,67.9,2026-06-09 19:30:00,2974343
84.3,58.2,88.3,68.0,2026-06-09 19:40:00,2974343
84.0,58.6,88.2,68.0,2026-06-09 19:50:00,2974343
84.2,58.8,88.3,68.2,2026-06-09 20:00:00,2974343
83.9,59.0,88.0,68.1,2026-06-09 20:10:00,2974343
83.4,60.2,87.3,68.1,2026-06-09 20:20:00,2974343
82.9,60.9,86.4,68.0,2026-06-09 20:30:00,2974343
82.6,61.4,85.8,68.0,2026-06-09 20:40:00,2974343
82.3,61.9,85.5,67.9,2026-06-09 20:50:00,2974343
82.0,62.4,84.9,67.9,2026-06-09 21:00:00,2974343
81.8,62.8,84.9,67.8,2026-06-09 21:10:00,2974343
81.6,63.3,84.6,67.9,2026-06-09 21:20:00,2974343
81.5,63.6,84.6,67.9,2026-06-09 21:30:00,2974343
81.3,64.0,84.2,67.9,2026-06-09 21:40:00,2974343
81.0,64.2,84.0,67.7,2026-06-09 21:50:00,2974343
80.8,64.8,83.8,67.8,2026-06-09 22:00:00,2974343
80.5,65.2,83.3,67.8,2026-06-09 22:10:00,2974343
80.2,65.7,82.9,67.7,2026-06-09 22:20:00,2974343
80.3,66.1,83.3,67.9,2026-06-09 22:30:00,2974343
80.2,66.4,83.1,68.0,2026-06-09 22:40:00,2974343
80.1,67.1,83.1,68.1,2026-06-09 22:50:00,2974343
79.9,67.8,83.1,68.3,2026-06-09 23:00:00,2974343
79.8,68.4,82.8,68.4,2026-06-09 23:10:00,2974343
79.6,69.4,82.8,68.7,2026-06-09 23:20:00,2974343
79.5,70.5,82.9,69.1,2026-06-09 23:30:00,2974343
79.5,71.5,82.8,69.4,2026-06-09 23:40:00,2974343
79.4,72.2,82.9,69.6,2026-06-09 23:50:00,2974343
79.1,72.9,82.4,69.6,2026-06-10 00:00:00,2974343
78.9,73.7,82.2,69.8,2026-06-10 00:10:00,2974343
78.8,74.5,82.4,70.0,2026-06-10 00:20:00,2974343
78.6,75.0,82.0,70.0,2026-06-10 00:30:00,2974343
78.5,75.6,81.9,70.1,2026-06-10 00:40:00,2974343
78.3,76.3,81.7,70.2,2026-06-10 00:50:00,2974343
78.0,77.0,81.1,70.2,2026-06-10 01:00:00,2974343
77.9,77.6,80.8,70.3,2026-06-10 01:10:00,2974343
77.6,78.1,80.6,70.3,2026-06-10 01:20:00,2974343
77.5,78.6,80.2,70.3,2026-06-10 01:30:00,2974343
77.4,78.9,80.4,70.3,2026-06-10 01:40:00,2974343
77.2,79.2,79.9,70.2,2026-06-10 01:50:00,2974343
77.1,79.6,79.9,70.3,2026-06-10 02:00:00,2974343
76.9,80.0,79.5,70.3,2026-06-10 02:10:00,2974343
76.7,80.3,79.2,70.2,2026-06-10 02:20:00,2974343
76.7,80.5,79.2,70.2,2026-06-10 02:30:00,2974343
76.6,80.7,79.0,70.2,2026-06-10 02:40:00,2974343
76.5,80.8,79.0,70.2,2026-06-10 02:50:00,2974343
76.1,81.3,78.4,69.9,2026-06-10 03:00:00,2974343
75.8,81.9,78.3,69.9,2026-06-10 03:10:00,2974343
75.7,82.4,77.9,69.9,2026-06-10 03:20:00,2974343
75.5,82.7,77.7,69.9,2026-06-10 03:30:00,2974343
75.7,82.8,77.9,70.1,2026-06-10 03:40:00,2974343
75.5,83.0,77.7,70.0,2026-06-10 03:50:00,2974343
75.4,83.3,77.9,69.9,2026-06-10 04:00:00,2974343
75.3,83.5,77.7,69.9,2026-06-10 04:10:00,2974343
75.1,83.8,77.5,69.9,2026-06-10 04:20:00,2974343
75.0,83.9,77.2,69.8,2026-06-10 04:30:00,2974343
75.0,84.1,77.2,69.8,2026-06-10 04:40:00,2974343
74.9,84.1,77.2,69.7,2026-06-10 04:50:00,2974343
74.7,84.2,77.0,69.6,2026-06-10 05:00:00,2974343
74.7,84.4,77.0,69.6,2026-06-10 05:10:00,2974343
74.7,84.4,77.0,69.6,2026-06-10 05:20:00,2974343
74.6,84.5,76.8,69.6,2026-06-10 05:30:00,2974343
74.5,84.6,76.8,69.6,2026-06-10 05:40:00,2974343
74.5,84.6,76.8,69.5,2026-06-10 05:50:00,2974343
74.4,84.7,76.6,69.5,2026-06-10 06:00:00,2974343
74.5,84.8,76.8,69.6,2026-06-10 06:10:00,2974343
74.6,84.8,76.8,69.7,2026-06-10 06:20:00,2974343
74.8,84.7,77.2,69.9,2026-06-10 06:30:00,2974343
74.9,84.7,77.4,70.0,2026-06-10 06:40:00,2974343
75.1,84.7,77.5,70.1,2026-06-10 06:50:00,2974343
75.2,84.4,77.7,70.2,2026-06-10 07:00:00,2974343
75.4,84.3,77.9,70.3,2026-06-10 07:10:00,2974343
75.3,84.3,77.7,70.2,2026-06-10 07:20:00,2974343
75.4,84.4,77.9,70.4,2026-06-10 07:30:00,2974343
75.6,84.3,78.1,70.5,2026-06-10 07:40:00,2974343
75.7,84.4,78.1,70.6,2026-06-10 07:50:00,2974343
76.0,83.9,78.6,70.8,2026-06-10 08:00:00,2974343
76.2,83.0,78.6,70.7,2026-06-10 08:10:00,2974343
76.6,82.1,79.5,70.8,2026-06-10 08:20:00,2974343
77.1,81.2,80.1,70.8,2026-06-10 08:30:00,2974343
77.5,80.2,80.6,70.8,2026-06-10 08:40:00,2974343
78.2,79.4,82.0,71.2,2026-06-10 08:50:00,2974343
80.1,76.9,85.3,72.2,2026-06-10 09:00:00,2974343
79.5,74.0,83.7,70.5,2026-06-10 09:10:00,2974343
79.6,73.4,83.5,70.3,2026-06-10 09:20:00,2974343
80.1,73.6,84.6,70.9,2026-06-10 09:30:00,2974343
80.4,73.1,84.7,71.0,2026-06-10 09:40:00,2974343
81.2,71.7,86.2,71.2,2026-06-10 09:50:00,2974343
82.4,70.1,87.6,71.7,2026-06-10 10:00:00,2974343
85.9,64.1,93.7,72.3,2026-06-10 10:10:00,2974343
87.7,60.9,96.3,72.5,2026-06-10 10:20:00,2974343
84.4,62.8,90.1,70.4,2026-06-10 10:30:00,2974343
83.8,64.4,89.2,70.4,2026-06-10 10:40:00,2974343
84.9,64.7,91.8,71.7,2026-06-10 10:50:00,2974343
85.2,64.5,92.5,71.9,2026-06-10 11:00:00,2974343
84.7,64.0,91.0,71.1,2026-06-10 11:10:00,2974343
85.0,62.5,91.2,70.8,2026-06-10 11:20:00,2974343
85.4,62.6,92.1,71.2,2026-06-10 11:30:00,2974343
86.6,60.9,94.1,71.5,2026-06-10 11:40:00,2974343
87.2,58.3,94.3,70.7,2026-06-10 11:50:00,2974343
86.9,56.2,93.0,69.4,2026-06-10 12:00:00,2974343
86.5,56.6,92.1,69.2,2026-06-10 12:10:00,2974343
87.2,55.4,93.0,69.2,2026-06-10 12:20:00,2974343
86.9,55.4,92.7,69.0,2026-06-10 12:30:00,2974343
88.1,53.6,94.1,69.1,2026-06-10 12:40:00,2974343
87.1,54.5,92.7,68.7,2026-06-10 12:50:00,2974343
87.0,55.8,92.8,69.3,2026-06-10 13:00:00,2974343
90.4,54.0,99.7,71.5,2026-06-10 13:10:00,2974343
90.6,51.4,98.8,70.2,2026-06-10 13:20:00,2974343
91.1,49.5,99.0,69.6,2026-06-10 13:30:00,2974343
89.6,49.4,95.5,68.1,2026-06-10 13:40:00,2974343
89.6,49.7,95.7,68.3,2026-06-10 13:50:00,2974343
89.1,49.3,94.6,67.6,2026-06-10 14:00:00,2974343
90.4,50.2,97.9,69.4,2026-06-10 14:10:00,2974343
90.4,51.1,98.2,69.9,2026-06-10 14:20:00,2974343
88.9,51.5,95.2,68.7,2026-06-10 14:30:00,2974343
89.9,51.4,97.2,69.6,2026-06-10 14:40:00,2974343
91.6,49.7,100.2,70.1,2026-06-10 14:50:00,2974343
91.9,46.4,98.8,68.4,2026-06-10 15:00:00,2974343
93.0,47.0,101.3,69.7,2026-06-10 15:10:00,2974343
94.2,45.6,102.9,69.9,2026-06-10 15:20:00,2974343
92.4,45.9,99.5,68.5,2026-06-10 15:30:00,2974343
89.8,48.4,95.7,67.7,2026-06-10 15:40:00,2974343
94.0,46.5,103.1,70.4,2026-06-10 15:50:00,2974343
94.6,44.0,102.9,69.3,2026-06-10 16:00:00,2974343
91.8,45.5,98.2,67.7,2026-06-10 16:10:00,2974343
95.4,44.9,105.4,70.6,2026-06-10 16:20:00,2974343
93.3,44.8,100.8,68.6,2026-06-10 16:30:00,2974343
95.1,44.5,104.4,70.1,2026-06-10 16:40:00,2974343
93.5,44.0,100.6,68.3,2026-06-10 16:50:00,2974343
93.7,43.3,100.8,68.0,2026-06-10 17:00:00,2974343
95.0,43.1,103.6,69.1,2026-06-10 17:10:00,2974343
94.4,42.2,101.7,67.9,2026-06-10 17:20:00,2974343
95.1,42.9,103.6,69.0,2026-06-10 17:30:00,2974343
95.0,42.8,103.5,68.9,2026-06-10 17:40:00,2974343
94.1,43.0,101.7,68.2,2026-06-10 17:50:00,2974343
93.6,42.9,100.6,67.7,2026-06-10 18:00:00,2974343
92.6,45.0,99.3,68.1,2026-06-10 18:10:00,2974343
92.0,46.9,99.3,68.8,2026-06-10 18:20:00,2974343
90.9,47.5,97.5,68.2,2026-06-10 18:30:00,2974343
90.7,47.9,97.3,68.2,2026-06-10 18:40:00,2974343
90.5,48.4,97.2,68.4,2026-06-10 18:50:00,2974343
90.1,48.4,96.1,67.9,2026-06-10 19:00:00,2974343
90.1,48.6,96.3,68.1,2026-06-10 19:10:00,2974343
90.3,48.6,96.6,68.3,2026-06-10 19:20:00,2974343
90.4,48.8,97.2,68.5,2026-06-10 19:30:00,2974343
89.8,49.5,96.3,68.4,2026-06-10 19:40:00,2974343
89.4,50.3,95.5,68.5,2026-06-10 19:50:00,2974343
88.8,50.3,94.3,67.9,2026-06-10 20:00:00,2974343
88.4,50.8,93.7,67.9,2026-06-10 20:10:00,2974343
88.1,51.6,93.4,68.1,2026-06-10 20:20:00,2974343
87.8,52.2,93.2,68.1,2026-06-10 20:30:00,2974343
87.5,52.9,92.8,68.2,2026-06-10 20:40:00,2974343
87.1,53.6,92.3,68.2,2026-06-10 20:50:00,2974343
86.8,54.4,92.1,68.4,2026-06-10 21:00:00,2974343
86.5,55.2,91.8,68.5,2026-06-10 21:10:00,2974343
86.2,56.0,91.6,68.7,2026-06-10 21:20:00,2974343
85.9,56.7,91.0,68.7,2026-06-10 21:30:00,2974343
85.6,57.4,90.7,68.8,2026-06-10 21:40:00,2974343
85.3,58.1,90.5,68.9,2026-06-10 21:50:00,2974343
85.1,58.9,90.1,69.0,2026-06-10 22:00:00,2974343
84.8,59.4,90.0,69.1,2026-06-10 22:10:00,2974343
84.6,59.8,89.6,69.1,2026-06-10 22:20:00,2974343
84.4,60.4,89.4,69.2,2026-06-10 22:30:00,2974343
84.1,61.0,88.9,69.2,2026-06-10 22:40:00,2974343
83.9,61.8,88.7,69.4,2026-06-10 22:50:00,2974343
83.7,62.4,88.7,69.4,2026-06-10 23:00:00,2974343
83.5,62.8,88.3,69.5,2026-06-10 23:10:00,2974343
83.4,63.1,88.0,69.5,2026-06-10 23:20:00,2974343
83.2,63.3,87.6,69.4,2026-06-10 23:30:00,2974343
82.9,63.5,87.1,69.2,2026-06-10 23:40:00,2974343
82.6,64.0,86.7,69.2,2026-06-10 23:50:00,2974343
82.4,64.6,86.5,69.3,2026-06-11 00:00:00,2974343
82.2,65.2,86.0,69.3,2026-06-11 00:10:00,2974343
82.0,65.8,85.8,69.4,2026-06-11 00:20:00,2974343
81.7,66.5,85.8,69.5,2026-06-11 00:30:00,2974343
81.5,67.0,85.6,69.5,2026-06-11 00:40:00,2974343
81.3,67.4,84.9,69.5,2026-06-11 00:50:00,2974343
81.2,67.8,85.1,69.6,2026-06-11 01:00:00,2974343
81.0,68.2,84.9,69.5,2026-06-11 01:10:00,2974343
80.8,68.6,84.7,69.5,2026-06-11 01:20:00,2974343
80.6,69.0,84.6,69.5,2026-06-11 01:30:00,2974343
80.4,69.4,84.0,69.5,2026-06-11 01:40:00,2974343
80.2,69.7,83.8,69.4,2026-06-11 01:50:00,2974343
80.0,70.1,83.5,69.4,2026-06-11 02:00:00,2974343
79.8,70.7,83.3,69.4,2026-06-11 02:10:00,2974343
79.5,71.1,83.1,69.4,2026-06-11 02:20:00,2974343
79.2,71.6,82.6,69.2,2026-06-11 02:30:00,2974343
78.7,72.1,81.7,69.0,2026-06-11 02:40:00,2974343
78.5,72.4,81.3,69.0,2026-06-11 02:50:00,2974343
78.4,72.9,81.1,69.0,2026-06-11 03:00:00,2974343
78.2,73.4,80.8,69.0,2026-06-11 03:10:00,2974343
77.9,73.7,80.6,68.8,2026-06-11 03:20:00,2974343
77.7,74.1,80.2,68.8,2026-06-11 03:30:00,2974343
77.4,74.4,79.7,68.6,2026-06-11 03:40:00,2974343
77.2,74.7,79.3,68.5,2026-06-11 03:50:00,2974343
77.1,74.9,79.0,68.5,2026-06-11 04:00:00,2974343
76.9,75.2,78.8,68.5,2026-06-11 04:10:00,2974343
76.7,75.7,78.4,68.4,2026-06-11 04:20:00,2974343
76.6,75.9,78.3,68.4,2026-06-11 04:30:00,2974343
76.3,76.2,77.9,68.3,2026-06-11 04:40:00,2974343
76.2,76.5,77.9,68.3,2026-06-11 04:50:00,2974343
76.0,76.6,77.7,68.1,2026-06-11 05:00:00,2974343
75.8,76.7,77.5,68.0,2026-06-11 05:10:00,2974343
75.8,76.6,77.5,67.9,2026-06-11 05:20:00,2974343
75.6,76.6,77.4,67.7,2026-06-11 05:30:00,2974343
75.5,76.5,77.2,67.6,2026-06-11 05:40:00,2974343
75.4,76.7,77.2,67.6,2026-06-11 05:50:00,2974343
75.3,76.9,76.8,67.5,2026-06-11 06:00:00,2974343
75.3,76.9,76.8,67.5,2026-06-11 06:10:00,2974343
75.3,76.9,76.8,67.6,2026-06-11 06:20:00,2974343
75.4,76.9,77.2,67.7,2026-06-11 06:30:00,2974343
75.7,76.6,77.4,67.8,2026-06-11 06:40:00,2974343
75.8,76.4,77.4,67.8,2026-06-11 06:50:00,2974343
76.4,75.9,77.9,68.2,2026-06-11 07:00:00,2974343
77.5,75.0,79.9,68.9,2026-06-11 07:10:00,2974343
79.5,70.5,82.9,69.1,2026-06-11 07:20:00,2974343
80.7,68.6,84.4,69.4,2026-06-11 07:30:00,2974343
80.9,66.7,84.2,68.8,2026-06-11 07:40:00,2974343
81.2,65.6,84.7,68.6,2026-06-11 07:50:00,2974343
81.4,64.3,84.6,68.2,2026-06-11 08:00:00,2974343
83.0,64.2,87.6,69.7,2026-06-11 08:10:00,2974343
84.0,62.8,89.6,70.0,2026-06-11 08:20:00,2974343
84.2,61.1,89.2,69.3,2026-06-11 08:30:00,2974343
84.8,60.5,90.1,69.6,2026-06-11 08:40:00,2974343
85.4,61.2,91.6,70.5,2026-06-11 08:50:00,2974343
86.5,59.1,93.0,70.5,2026-06-11 09:00:00,2974343
85.6,58.9,91.2,69.5,2026-06-11 09:10:00,2974343
86.5,59.2,93.2,70.6,2026-06-11 09:20:00,2974343
87.7,58.0,95.2,71.2,2026-06-11 09:30:00,2974343
88.3,57.4,96.1,71.3,2026-06-11 09:40:00,2974343
88.8,56.2,96.8,71.2,2026-06-11 09:50:00,2974343
87.8,55.3,94.5,69.7,2026-06-11 10:00:00,2974343
89.0,56.2,97.3,71.3,2026-06-11 10:10:00,2974343
90.6,52.3,99.3,70.7,2026-06-11 10:20:00,2974343
92.8,50.6,103.1,71.7,2026-06-11 10:30:00,2974343
93.4,51.1,104.9,72.6,2026-06-11 10:40:00,2974343
93.2,49.4,103.5,71.4,2026-06-11 10:50:00,2974343
92.2,50.1,101.7,70.9,2026-06-11 11:00:00,2974343
93.7,49.7,104.4,72.0,2026-06-11 11:10:00,2974343
94.3,47.9,104.9,71.5,2026-06-11 11:20:00,2974343
95.0,46.5,105.6,71.3,2026-06-11 11:30:00,2974343
95.5,46.0,106.2,71.3,2026-06-11 11:40:00,2974343
96.5,43.7,107.1,70.8,2026-06-11 11:50:00,2974343
96.6,43.2,106.7,70.5,2026-06-11 12:00:00,2974343
97.8,42.3,108.9,71.0,2026-06-11 12:10:00,2974343
99.3,40.4,110.8,71.0,2026-06-11 12:20:00,2974343
96.6,41.0,105.4,69.0,2026-06-11 12:30:00,2974343
95.1,42.0,102.9,68.3,2026-06-11 12:40:00,2974343
95.5,43.2,104.4,69.6,2026-06-11 12:50:00,2974343
95.4,42.1,103.8,68.7,2026-06-11 13:00:00,2974343
97.4,41.4,107.6,70.1,2026-06-11 13:10:00,2974343
97.7,40.5,107.6,69.7,2026-06-11 13:20:00,2974343
98.7,40.6,109.6,70.5,2026-06-11 13:30:00,2974343
96.6,40.4,105.4,68.6,2026-06-11 13:40:00,2974343
95.7,40.4,103.1,67.8,2026-06-11 13:50:00,2974343
99.3,40.7,110.8,71.2,2026-06-11 14:00:00,2974343
97.1,38.8,105.3,67.9,2026-06-11 14:10:00,2974343
97.2,38.7,105.4,67.9,2026-06-11 14:20:00,2974343
102.1,36.9,114.4,70.8,2026-06-11 14:30:00,2974343
99.0,35.3,106.5,66.8,2026-06-11 14:40:00,2974343
102.2,36.6,114.3,70.6,2026-06-11 14:50:00,2974343
100.1,35.1,108.7,67.6,2026-06-11 15:00:00,2974343
101.5,35.1,111.7,68.8,2026-06-11 15:10:00,2974343
102.3,33.8,111.9,68.5,2026-06-11 15:20:00,2974343
102.0,32.6,110.7,67.2,2026-06-11 15:30:00,2974343
101.5,32.0,108.9,66.1,2026-06-11 15:40:00,2974343
102.4,33.5,112.1,68.3,2026-06-11 15:50:00,2974343
102.8,33.0,112.3,68.1,2026-06-11 16:00:00,2974343
104.1,33.6,115.3,69.8,2026-06-11 16:10:00,2974343
103.9,31.5,113.0,67.7,2026-06-11 16:20:00,2974343
102.2,33.3,111.2,67.8,2026-06-11 16:30:00,2974343
101.8,34.8,111.7,68.7,2026-06-11 16:40:00,2974343
98.9,37.2,107.6,68.2,2026-06-11 16:50:00,2974343
97.5,38.3,106.0,67.9,2026-06-11 17:00:00,2974343
99.6,39.2,110.5,70.3,2026-06-11 17:10:00,2974343
100.0,38.7,110.8,70.4,2026-06-11 17:20:00,2974343
100.6,37.6,111.4,70.0,2026-06-11 17:30:00,2974343
97.2,37.9,104.9,67.2,2026-06-11 17:40:00,2974343
97.1,40.5,106.3,69.1,2026-06-11 17:50:00,2974343
94.0,46.7,103.5,70.5,2026-06-11 18:00:00,2974343
85.5,65.1,93.4,72.4,2026-06-11 18:10:00,2974343
84.7,79.0,96.6,77.4,2026-06-11 18:20:00,2974343
85.3,81.2,99.5,78.9,2026-06-11 18:30:00,2974343
85.9,81.0,100.9,79.4,2026-06-11 18:40:00,2974343
85.7,78.6,99.5,78.3,2026-06-11 18:50:00,2974343
86.3,77.8,100.4,78.5,2026-06-11 19:00:00,2974343
86.8,78.8,102.4,79.4,2026-06-11 19:10:00,2974343
87.0,76.9,102.0,78.9,2026-06-11 19:20:00,2974343
87.2,77.1,102.6,79.1,2026-06-11 19:30:00,2974343
86.7,78.4,101.8,79.2,2026-06-11 19:40:00,2974343
85.8,74.2,97.9,76.6,2026-06-11 19:50:00,2974343
85.7,75.3,97.9,77.0,2026-06-11 20:00:00,2974343
85.3,75.5,97.0,76.7,2026-06-11 20:10:00,2974343
85.0,78.0,97.2,77.4,2026-06-11 20:20:00,2974343
84.7,78.4,96.3,77.2,2026-06-11 20:30:00,2974343
84.3,77.5,95.0,76.5,2026-06-11 20:40:00,2974343
84.0,77.0,93.7,76.0,2026-06-11 20:50:00,2974343
84.2,72.0,93.0,74.2,2026-06-11 21:00:00,2974343
84.4,71.6,92.8,74.2,2026-06-11 21:10:00,2974343
84.8,67.3,92.7,72.8,2026-06-11 21:20:00,2974343
84.8,69.1,93.4,73.5,2026-06-11 21:30:00,2974343
85.3,64.4,92.8,71.9,2026-06-11 21:40:00,2974343
86.0,62.9,93.7,71.9,2026-06-11 21:50:00,2974343
86.3,61.1,93.4,71.3,2026-06-11 22:00:00,2974343
86.4,60.8,93.6,71.2,2026-06-11 22:10:00,2974343
86.1,60.2,92.7,70.7,2026-06-11 22:20:00,2974343
86.1,60.1,92.7,70.6,2026-06-11 22:30:00,2974343
85.8,59.9,91.8,70.3,2026-06-11 22:40:00,2974343
85.4,60.9,91.6,70.4,2026-06-11 22:50:00,2974343
85.3,60.4,91.0,70.0,2026-06-11 23:00:00,2974343
84.8,63.0,91.0,70.8,2026-06-11 23:10:00,2974343
84.4,62.4,89.8,70.1,2026-06-11 23:20:00,2974343
84.1,62.9,89.6,70.1,2026-06-11 23:30:00,2974343
83.9,63.3,89.2,70.1,2026-06-11 23:40:00,2974343
83.4,64.6,88.5,70.2,2026-06-11 23:50:00,2974343
83.0,64.7,87.6,69.9,2026-06-12 00:00:00,2974343
83.0,64.9,87.8,69.9,2026-06-12 00:10:00,2974343
82.9,65.7,87.6,70.2,2026-06-12 00:20:00,2974343
82.6,66.1,87.3,70.2,2026-06-12 00:30:00,2974343
82.5,66.2,86.9,70.0,2026-06-12 00:40:00,2974343
82.4,66.2,86.7,70.0,2026-06-12 00:50:00,2974343
82.1,67.1,86.5,70.1,2026-06-12 01:00:00,2974343
82.0,66.9,86.4,69.9,2026-06-12 01:10:00,2974343
82.0,67.4,86.2,70.1,2026-06-12 01:20:00,2974343
81.7,68.4,86.2,70.3,2026-06-12 01:30:00,2974343
81.8,68.7,86.2,70.4,2026-06-12 01:40:00,2974343
81.7,68.7,86.2,70.4,2026-06-12 01:50:00,2974343
81.7,68.7,86.2,70.4,2026-06-12 02:00:00,2974343
81.5,69.2,86.2,70.4,2026-06-12 02:10:00,2974343
81.4,69.7,86.0,70.5,2026-06-12 02:20:00,2974343
81.2,70.1,85.6,70.5,2026-06-12 02:30:00,2974343
81.0,70.6,85.5,70.5,2026-06-12 02:40:00,2974343
81.0,71.3,85.6,70.8,2026-06-12 02:50:00,2974343
80.9,71.5,85.3,70.8,2026-06-12 03:00:00,2974343
80.7,72.0,85.1,70.8,2026-06-12 03:10:00,2974343
80.4,72.8,84.7,70.8,2026-06-12 03:20:00,2974343
80.2,73.1,84.4,70.8,2026-06-12 03:30:00,2974343
79.9,74.0,84.4,70.9,2026-06-12 03:40:00,2974343
79.8,74.5,84.0,70.9,2026-06-12 03:50:00,2974343
79.7,74.9,83.7,71.0,2026-06-12 04:00:00,2974343
79.6,75.3,83.8,71.1,2026-06-12 04:10:00,2974343
79.5,75.8,83.7,71.2,2026-06-12 04:20:00,2974343
79.3,76.1,83.3,71.1,2026-06-12 04:30:00,2974343
79.4,76.7,83.8,71.4,2026-06-12 04:40:00,2974343
79.3,76.9,83.7,71.4,2026-06-12 04:50:00,2974343
79.4,77.1,84.0,71.6,2026-06-12 05:00:00,2974343
79.2,77.3,83.7,71.5,2026-06-12 05:10:00,2974343
79.1,77.5,83.3,71.5,2026-06-12 05:20:00,2974343
79.2,77.7,83.7,71.6,2026-06-12 05:30:00,2974343
79.1,78.0,83.5,71.6,2026-06-12 05:40:00,2974343
78.9,78.3,83.1,71.6,2026-06-12 05:50:00,2974343
78.8,78.8,83.3,71.7,2026-06-12 06:00:00,2974343
78.8,79.0,83.3,71.8,2026-06-12 06:10:00,2974343
79.0,79.2,83.8,72.0,2026-06-12 06:20:00,2974343
79.0,79.1,83.7,72.0,2026-06-12 06:30:00,2974343
79.3,78.9,84.0,72.2,2026-06-12 06:40:00,2974343
79.5,78.7,84.4,72.3,2026-06-12 06:50:00,2974343
79.9,78.2,84.9,72.5,2026-06-12 07:00:00,2974343
81.2,77.5,87.6,73.5,2026-06-12 07:10:00,2974343
82.1,73.6,88.2,72.8,2026-06-12 07:20:00,2974343
82.3,71.2,88.0,72.0,2026-06-12 07:30:00,2974343
83.9,71.8,92.1,73.8,2026-06-12 07:40:00,2974343
86.5,68.0,96.6,74.6,2026-06-12 07:50:00,2974343
87.1,65.6,97.2,74.2,2026-06-12 08:00:00,2974343
86.6,64.5,95.5,73.2,2026-06-12 08:10:00,2974343
86.7,65.4,96.1,73.7,2026-06-12 08:20:00,2974343
91.5,61.8,106.5,76.5,2026-06-12 08:30:00,2974343
88.5,59.3,97.7,72.5,2026-06-12 08:40:00,2974343
88.4,59.4,97.3,72.5,2026-06-12 08:50:00,2974343
89.6,57.4,99.5,72.6,2026-06-12 09:00:00,2974343
89.6,56.8,99.1,72.3,2026-06-12 09:10:00,2974343
88.4,56.3,95.9,70.9,2026-06-12 09:20:00,2974343
90.1,56.2,100.2,72.4,2026-06-12 09:30:00,2974343
92.3,55.5,104.7,74.0,2026-06-12 09:40:00,2974343
91.0,52.0,99.9,70.9,2026-06-12 09:50:00,2974343
93.0,50.7,103.5,72.0,2026-06-12 10:00:00,2974343
97.9,47.0,112.8,74.2,2026-06-12 10:10:00,2974343
95.5,45.1,105.6,70.8,2026-06-12 10:20:00,2974343
94.7,45.4,104.2,70.3,2026-06-12 10:30:00,2974343
95.1,42.3,103.1,68.6,2026-06-12 10:40:00,2974343
95.7,42.0,104.5,69.0,2026-06-12 10:50:00,2974343
96.3,41.8,105.6,69.3,2026-06-12 11:00:00,2974343
98.8,40.5,109.9,70.6,2026-06-12 11:10:00,2974343
97.1,38.2,104.7,67.4,2026-06-12 11:20:00,2974343
99.6,35.6,108.0,67.6,2026-06-12 11:30:00,2974343
101.2,35.7,111.4,69.0,2026-06-12 11:40:00,2974343
96.1,38.1,102.9,66.5,2026-06-12 11:50:00,2974343
98.5,38.0,107.4,68.5,2026-06-12 12:00:00,2974343
101.8,36.6,113.4,70.3,2026-06-12 12:10:00,2974343
100.9,36.0,110.8,69.0,2026-06-12 12:20:00,2974343
101.2,36.5,111.9,69.7,2026-06-12 12:30:00,2974343
99.0,35.5,106.7,67.0,2026-06-12 12:40:00,2974343
99.2,35.7,107.2,67.4,2026-06-12 12:50:00,2974343
97.8,35.5,104.4,65.9,2026-06-12 13:00:00,2974343
99.2,34.9,106.7,66.7,2026-06-12 13:10:00,2974343
100.4,35.5,109.6,68.1,2026-06-12 13:20:00,2974343
100.2,35.6,109.4,68.1,2026-06-12 13:30:00,2974343
100.0,33.6,107.1,66.2,2026-06-12 13:40:00,2974343
100.1,33.6,107.4,66.4,2026-06-12 13:50:00,2974343
100.5,33.2,107.8,66.3,2026-06-12 14:00:00,2974343
101.8,33.2,110.3,67.5,2026-06-12 14:10:00,2974343
102.1,30.6,108.9,65.4,2026-06-12 14:20:00,2974343
101.5,30.5,107.6,64.8,2026-06-12 14:30:00,2974343
101.4,31.3,108.1,65.4,2026-06-12 14:40:00,2974343
103.3,30.9,111.4,66.7,2026-06-12 14:50:00,2974343
102.1,32.2,110.3,66.8,2026-06-12 15:00:00,2974343
101.9,32.1,109.8,66.6,2026-06-12 15:10:00,2974343
103.7,30.1,111.4,66.3,2026-06-12 15:20:00,2974343
103.7,28.3,109.9,64.5,2026-06-12 15:30:00,2974343
103.6,29.5,110.5,65.6,2026-06-12 15:40:00,2974343
104.1,28.7,111.0,65.2,2026-06-12 15:50:00,2974343
103.3,28.9,109.8,64.7,2026-06-12 16:00:00,2974343
103.3,30.5,111.0,66.3,2026-06-12 16:10:00,2974343
102.4,31.5,110.3,66.4,2026-06-12 16:20:00,2974343
103.6,30.6,111.6,66.6,2026-06-12 16:30:00,2974343
105.9,29.8,115.2,67.8,2026-06-12 16:40:00,2974343
103.5,30.1,111.0,66.1,2026-06-12 16:50:00,2974343
103.7,31.2,112.3,67.3,2026-06-12 17:00:00,2974343
103.3,30.1,110.7,65.9,2026-06-12 17:10:00,2974343
102.4,30.4,109.4,65.5,2026-06-12 17:20:00,2974343
102.3,31.1,109.6,66.0,2026-06-12 17:30:00,2974343
102.1,31.0,109.2,65.7,2026-06-12 17:40:00,2974343
102.3,29.9,108.5,64.8,2026-06-12 17:50:00,2974343
102.5,30.7,109.6,65.8,2026-06-12 18:00:00,2974343
100.6,30.9,106.0,64.3,2026-06-12 18:10:00,2974343
99.8,31.3,104.7,64.0,2026-06-12 18:20:00,2974343
99.7,32.5,105.4,65.0,2026-06-12 18:30:00,2974343
99.0,33.0,104.9,64.9,2026-06-12 18:40:00,2974343
98.9,35.0,106.0,66.4,2026-06-12 18:50:00,2974343
98.4,35.4,105.4,66.4,2026-06-12 19:00:00,2974343
98.1,35.6,105.3,66.2,2026-06-12 19:10:00,2974343
97.7,35.6,104.4,65.9,2026-06-12 19:20:00,2974343
97.2,35.7,103.5,65.6,2026-06-12 19:30:00,2974343
97.0,35.9,103.3,65.5,2026-06-12 19:40:00,2974343
96.6,36.7,102.7,65.8,2026-06-12 19:50:00,2974343
96.3,37.2,102.7,65.9,2026-06-12 20:00:00,2974343
96.0,37.6,102.4,65.9,2026-06-12 20:10:00,2974343
95.5,38.9,102.0,66.6,2026-06-12 20:20:00,2974343
95.2,38.8,101.3,66.1,2026-06-12 20:30:00,2974343
94.8,39.2,101.1,66.2,2026-06-12 20:40:00,2974343
94.3,40.0,100.0,66.2,2026-06-12 20:50:00,2974343
94.1,41.2,100.8,66.9,2026-06-12 21:00:00,2974343
94.0,41.1,100.4,66.8,2026-06-12 21:10:00,2974343
93.6,41.7,99.9,66.8,2026-06-12 21:20:00,2974343
93.2,42.7,99.7,67.2,2026-06-12 21:30:00,2974343
92.7,44.1,99.3,67.6,2026-06-12 21:40:00,2974343
92.1,44.9,98.6,67.6,2026-06-12 21:50:00,2974343
91.5,45.6,97.7,67.5,2026-06-12 22:00:00,2974343
90.8,46.5,96.8,67.5,2026-06-12 22:10:00,2974343
90.3,47.1,96.3,67.4,2026-06-12 22:20:00,2974343
90.0,48.3,96.1,67.8,2026-06-12 22:30:00,2974343
89.8,48.5,95.4,67.7,2026-06-12 22:40:00,2974343
89.8,46.6,95.0,66.7,2026-06-12 22:50:00,2974343
89.6,46.3,94.1,66.3,2026-06-12 23:00:00,2974343
89.0,46.0,92.8,65.5,2026-06-12 23:10:00,2974343
88.5,46.5,92.5,65.4,2026-06-12 23:20:00,2974343
88.1,46.7,91.4,65.1,2026-06-12 23:30:00,2974343
87.7,46.1,90.5,64.5,2026-06-12 23:40:00,2974343
87.3,45.4,89.6,63.6,2026-06-12 23:50:00,2974343
86.7,46.1,89.1,63.5,2026-06-13 00:00:00,2974343
86.2,46.9,88.5,63.6,2026-06-13 00:10:00,2974343
85.8,47.8,88.3,63.8,2026-06-13 00:20:00,2974343
85.3,48.7,87.6,63.8,2026-06-13 00:30:00,2974343
84.9,49.3,87.3,63.8,2026-06-13 00:40:00,2974343
84.5,50.2,86.5,64.0,2026-06-13 00:50:00,2974343
83.9,51.2,85.8,63.9,2026-06-13 01:00:00,2974343
83.6,51.9,85.5,64.1,2026-06-13 01:10:00,2974343
83.5,52.1,85.5,64.1,2026-06-13 01:20:00,2974343
83.6,53.0,85.6,64.7,2026-06-13 01:30:00,2974343
83.6,52.7,85.6,64.5,2026-06-13 01:40:00,2974343
83.5,52.9,85.6,64.5,2026-06-13 01:50:00,2974343
83.2,53.6,85.3,64.6,2026-06-13 02:00:00,2974343
82.7,54.5,84.4,64.6,2026-06-13 02:10:00,2974343
82.6,55.0,84.0,64.8,2026-06-13 02:20:00,2974343
82.3,55.5,84.0,64.8,2026-06-13 02:30:00,2974343
81.6,56.7,83.1,64.7,2026-06-13 02:40:00,2974343
81.3,57.4,82.8,64.8,2026-06-13 02:50:00,2974343
81.1,57.7,82.6,64.8,2026-06-13 03:00:00,2974343
80.9,58.2,82.4,64.9,2026-06-13 03:10:00,2974343
80.4,59.2,81.9,64.9,2026-06-13 03:20:00,2974343
80.1,60.1,81.9,65.0,2026-06-13 03:30:00,2974343
79.7,60.6,81.3,64.9,2026-06-13 03:40:00,2974343
79.4,61.9,81.0,65.1,2026-06-13 03:50:00,2974343
79.2,62.2,80.8,65.1,2026-06-13 04:00:00,2974343
79.0,62.3,80.4,65.0,2026-06-13 04:10:00,2974343
78.9,62.8,80.2,65.2,2026-06-13 04:20:00,2974343
78.8,63.1,80.1,65.1,2026-06-13 04:30:00,2974343
78.4,63.6,79.5,65.0,2026-06-13 04:40:00,2974343
78.0,64.7,79.2,65.1,2026-06-13 04:50:00,2974343
77.7,65.2,78.6,65.1,2026-06-13 05:00:00,2974343
77.3,65.5,78.1,64.9,2026-06-13 05:10:00,2974343
77.1,66.7,77.9,65.1,2026-06-13 05:20:00,2974343
76.9,67.1,77.7,65.1,2026-06-13 05:30:00,2974343
76.8,67.0,77.4,65.0,2026-06-13 05:40:00,2974343
76.7,67.4,77.4,65.1,2026-06-13 05:50:00,2974343
76.6,68.2,77.4,65.3,2026-06-13 06:00:00,2974343
76.4,68.4,77.0,65.2,2026-06-13 06:10:00,2974343
76.5,68.5,77.4,65.4,2026-06-13 06:20:00,2974343
76.5,68.9,77.4,65.5,2026-06-13 06:30:00,2974343
76.8,69.1,77.7,65.9,2026-06-13 06:40:00,2974343
77.0,69.0,78.3,66.0,2026-06-13 06:50:00,2974343
77.4,69.0,78.8,66.4,2026-06-13 07:00:00,2974343
78.8,69.0,81.1,67.7,2026-06-13 07:10:00,2974343
82.6,63.8,86.7,69.1,2026-06-13 07:20:00,2974343
83.9,59.4,88.2,68.3,2026-06-13 07:30:00,2974343
84.8,56.6,89.1,67.7,2026-06-13 07:40:00,2974343
84.6,55.7,88.3,67.0,2026-06-13 07:50:00,2974343
86.0,54.3,90.7,67.6,2026-06-13 08:00:00,2974343
86.4,53.7,91.2,67.6,2026-06-13 08:10:00,2974343
88.3,52.5,94.1,68.7,2026-06-13 08:20:00,2974343
90.4,50.9,98.1,69.8,2026-06-13 08:30:00,2974343
91.5,48.8,99.3,69.5,2026-06-13 08:40:00,2974343
90.1,47.2,95.5,67.2,2026-06-13 08:50:00,2974343
89.8,47.5,95.4,67.2,2026-06-13 09:00:00,2974343
90.6,47.4,96.8,67.8,2026-06-13 09:10:00,2974343
88.6,47.9,93.0,66.3,2026-06-13 09:20:00,2974343
91.1,48.0,98.2,68.8,2026-06-13 09:30:00,2974343
91.7,46.5,98.6,68.3,2026-06-13 09:40:00,2974343
89.9,46.7,95.0,66.8,2026-06-13 09:50:00,2974343
93.1,46.4,101.3,69.5,2026-06-13 10:00:00,2974343
93.3,45.4,101.1,69.0,2026-06-13 10:10:00,2974343
91.2,47.3,98.2,68.4,2026-06-13 10:20:00,2974343
90.3,49.0,97.2,68.6,2026-06-13 10:30:00,2974343
92.8,47.7,101.3,70.0,2026-06-13 10:40:00,2974343
91.5,46.0,97.9,67.8,2026-06-13 10:50:00,2974343
93.7,45.5,102.2,69.5,2026-06-13 11:00:00,2974343
94.4,44.1,102.6,69.2,2026-06-13 11:10:00,2974343
93.1,44.1,100.0,68.0,2026-06-13 11:20:00,2974343
94.9,44.4,104.0,69.8,2026-06-13 11:30:00,2974343
93.3,44.4,100.6,68.4,2026-06-13 11:40:00,2974343
94.0,43.9,101.7,68.7,2026-06-13 11:50:00,2974343
95.4,42.0,103.8,68.6,2026-06-13 12:00:00,2974343
95.2,43.3,104.2,69.4,2026-06-13 12:10:00,2974343
96.1,42.0,104.9,69.3,2026-06-13 12:20:00,2974343
94.6,43.7,102.7,69.1,2026-06-13 12:30:00,2974343
93.7,43.9,100.9,68.4,2026-06-13 12:40:00,2974343
95.5,43.0,104.4,69.4,2026-06-13 12:50:00,2974343
93.4,43.6,100.4,68.0,2026-06-13 13:00:00,2974343
92.5,44.3,98.8,67.6,2026-06-13 13:10:00,2974343
94.3,42.4,101.3,67.9,2026-06-13 13:20:00,2974343
95.4,40.8,103.1,67.8,2026-06-13 13:30:00,2974343
95.1,41.8,102.7,68.2,2026-06-13 13:40:00,2974343
95.8,40.6,103.6,68.1,2026-06-13 13:50:00,2974343
93.4,41.1,98.8,66.2,2026-06-13 14:00:00,2974343
96.0,40.4,104.0,68.1,2026-06-13 14:10:00,2974343
95.4,40.1,102.7,67.2,2026-06-13 14:20:00,2974343
95.8,39.6,103.1,67.2,2026-06-13 14:30:00,2974343
96.0,37.8,102.4,66.1,2026-06-13 14:40:00,2974343
97.0,38.1,104.7,67.3,2026-06-13 14:50:00,2974343
96.2,39.5,103.8,67.6,2026-06-13 15:00:00,2974343
96.0,38.5,102.9,66.7,2026-06-13 15:10:00,2974343
97.4,39.3,106.2,68.5,2026-06-13 15:20:00,2974343
100.1,36.6,109.6,68.8,2026-06-13 15:30:00,2974343
97.7,34.7,103.8,65.1,2026-06-13 15:40:00,2974343
98.4,35.6,105.4,66.5,2026-06-13 15:50:00,2974343
100.4,33.9,108.0,66.8,2026-06-13 16:00:00,2974343
101.8,33.7,110.7,67.8,2026-06-13 16:10:00,2974343
101.8,33.2,110.3,67.4,2026-06-13 16:20:00,2974343
101.6,33.6,110.3,67.5,2026-06-13 16:30:00,2974343
100.7,32.9,108.0,66.2,2026-06-13 16:40:00,2974343
98.7,35.0,105.6,66.2,2026-06-13 16:50:00,2974343
97.1,36.1,103.5,65.8,2026-06-13 17:00:00,2974343
95.9,37.7,102.4,65.9,2026-06-13 17:10:00,2974343
97.7,36.3,104.9,66.5,2026-06-13 17:20:00,2974343
96.2,34.9,100.9,64.0,2026-06-13 17:30:00,2974343
101.8,34.2,111.0,68.2,2026-06-13 17:40:00,2974343
101.0,32.6,108.5,66.2,2026-06-13 17:50:00,2974343
99.5,34.7,107.2,66.8,2026-06-13 18:00:00,2974343
98.5,35.1,105.4,66.2,2026-06-13 18:10:00,2974343
97.1,36.6,103.6,66.1,2026-06-13 18:20:00,2974343
96.0,36.7,101.7,65.3,2026-06-13 18:30:00,2974343
96.1,37.1,102.0,65.7,2026-06-13 18:40:00,2974343
95.5,38.2,101.5,66.0,2026-06-13 18:50:00,2974343
94.9,39.4,101.3,66.4,2026-06-13 19:00:00,2974343
93.8,40.9,99.9,66.5,2026-06-13 19:10:00,2974343
93.4,41.5,99.0,66.5,2026-06-13 19:20:00,2974343
92.6,42.6,98.2,66.5,2026-06-13 19:30:00,2974343
92.1,43.1,97.5,66.4,2026-06-13 19:40:00,2974343
91.9,43.4,97.3,66.4,2026-06-13 19:50:00,2974343
91.9,43.7,97.5,66.7,2026-06-13 20:00:00,2974343
91.7,43.7,97.2,66.5,2026-06-13 20:10:00,2974343
91.6,44.9,97.5,67.2,2026-06-13 20:20:00,2974343
91.3,44.0,96.6,66.4,2026-06-13 20:30:00,2974343
90.9,44.6,96.1,66.3,2026-06-13 20:40:00,2974343
90.6,45.2,95.7,66.5,2026-06-13 20:50:00,2974343
90.4,46.2,95.7,66.9,2026-06-13 21:00:00,2974343
85.6,53.3,89.4,66.6,2026-06-13 21:10:00,2974343
84.7,58.5,89.2,68.5,2026-06-13 21:20:00,2974343
84.0,59.6,88.2,68.4,2026-06-13 21:30:00,2974343
82.3,61.2,85.3,67.6,2026-06-13 21:40:00,2974343
82.1,63.5,85.6,68.5,2026-06-13 21:50:00,2974343
80.9,64.7,83.8,67.9,2026-06-13 22:00:00,2974343
80.5,66.5,83.7,68.3,2026-06-13 22:10:00,2974343
79.6,68.5,82.6,68.3,2026-06-13 22:20:00,2974343
79.3,69.6,82.2,68.5,2026-06-13 22:30:00,2974343
79.4,69.6,82.6,68.6,2026-06-13 22:40:00,2974343
79.2,69.9,82.2,68.6,2026-06-13 22:50:00,2974343
79.0,69.3,81.9,68.1,2026-06-13 23:00:00,2974343
79.1,69.5,81.9,68.2,2026-06-13 23:10:00,2974343
79.2,69.2,82.0,68.2,2026-06-13 23:20:00,2974343
79.2,69.5,82.0,68.3,2026-06-13 23:30:00,2974343
79.2,69.3,82.0,68.3,2026-06-13 23:40:00,2974343
79.3,69.1,82.0,68.3,2026-06-13 23:50:00,2974343
79.4,68.8,82.2,68.3,2026-06-14 00:00:00,2974343
79.5,68.7,82.2,68.3,2026-06-14 00:10:00,2974343
79.4,68.8,82.2,68.2,2026-06-14 00:20:00,2974343
79.4,69.1,82.4,68.4,2026-06-14 00:30:00,2974343
79.3,69.3,82.0,68.3,2026-06-14 00:40:00,2974343
79.0,69.5,81.9,68.2,2026-06-14 00:50:00,2974343
78.9,69.9,81.5,68.3,2026-06-14 01:00:00,2974343
78.9,70.4,81.7,68.5,2026-06-14 01:10:00,2974343
78.9,70.8,81.7,68.6,2026-06-14 01:20:00,2974343
78.4,71.5,80.8,68.4,2026-06-14 01:30:00,2974343
78.3,72.0,81.0,68.5,2026-06-14 01:40:00,2974343
78.3,72.8,81.1,68.8,2026-06-14 01:50:00,2974343
78.1,73.8,81.0,69.0,2026-06-14 02:00:00,2974343
77.7,74.4,80.4,69.0,2026-06-14 02:10:00,2974343
77.1,75.5,79.2,68.7,2026-06-14 02:20:00,2974343
77.0,76.2,78.8,68.9,2026-06-14 02:30:00,2974343
76.8,76.6,79.0,68.9,2026-06-14 02:40:00,2974343
76.8,77.1,79.0,69.1,2026-06-14 02:50:00,2974343
76.7,77.5,78.6,69.2,2026-06-14 03:00:00,2974343
76.5,78.0,78.6,69.1,2026-06-14 03:10:00,2974343
76.4,79.1,78.4,69.4,2026-06-14 03:20:00,2974343
76.0,79.6,78.1,69.2,2026-06-14 03:30:00,2974343
73.7,44.3,72.1,50.6,2026-06-02 14:00:00,3085259
76.9,39.6,74.5,50.5,2026-06-02 14:20:00,3085259
81.7,30.8,78.4,48.0,2026-06-02 14:40:00,3085259
78.4,31.0,75.0,45.3,2026-06-02 15:00:00,3085259
78.0,29.5,74.5,43.7,2026-06-02 15:20:00,3085259
78.5,29.5,75.0,44.1,2026-06-02 15:40:00,3085259
78.2,29.7,74.7,44.0,2026-06-02 16:00:00,3085259
78.5,29.8,75.0,44.3,2026-06-02 16:20:00,3085259
77.8,29.4,74.3,43.4,2026-06-02 16:40:00,3085259
77.2,29.4,73.8,42.9,2026-06-02 17:00:00,3085259
77.3,29.8,73.8,43.4,2026-06-02 17:20:00,3085259
76.8,28.6,73.2,41.7,2026-06-02 17:40:00,3085259
76.1,28.4,72.5,41.0,2026-06-02 18:00:00,3085259
75.6,27.7,72.0,40.0,2026-06-02 18:20:00,3085259
74.9,28.6,71.6,40.1,2026-06-02 18:40:00,3085259
74.2,29.3,71.1,40.2,2026-06-02 19:00:00,3085259
74.4,28.1,71.1,39.3,2026-06-02 19:20:00,3085259
73.0,30.0,70.0,39.7,2026-06-02 19:40:00,3085259
71.5,31.6,69.1,39.7,2026-06-02 20:00:00,3085259
70.4,32.4,68.2,39.5,2026-06-02 20:20:00,3085259
69.0,34.2,66.0,39.7,2026-06-02 20:40:00,3085259
67.6,35.3,64.0,39.2,2026-06-02 21:00:00,3085259
66.5,36.5,62.4,39.0,2026-06-02 21:20:00,3085259
65.3,38.5,61.0,39.4,2026-06-02 21:40:00,3085259
64.5,39.9,60.3,39.5,2026-06-02 22:00:00,3085259
63.3,42.1,59.5,39.9,2026-06-02 22:20:00,3085259
62.3,45.2,58.8,40.8,2026-06-02 22:40:00,3085259
61.2,46.1,57.9,40.3,2026-06-02 23:00:00,3085259
60.1,48.8,57.0,40.7,2026-06-02 23:20:00,3085259
59.3,50.9,56.5,41.1,2026-06-02 23:40:00,3085259
58.4,53.4,55.9,41.5,2026-06-03 00:00:00,3085259
57.5,55.8,55.2,41.8,2026-06-03 00:20:00,3085259
56.7,58.1,54.7,42.2,2026-06-03 00:40:00,3085259
55.9,61.1,54.1,42.7,2026-06-03 01:00:00,3085259
55.5,63.0,54.0,43.1,2026-06-03 01:20:00,3085259
54.6,65.8,53.2,43.4,2026-06-03 01:40:00,3085259
54.1,67.5,53.1,43.6,2026-06-03 02:00:00,3085259
53.4,69.0,52.3,43.5,2026-06-03 02:20:00,3085259
53.4,69.9,52.5,43.9,2026-06-03 02:40:00,3085259
53.2,70.8,52.2,44.0,2026-06-03 03:00:00,3085259
52.7,72.3,52.0,44.1,2026-06-03 03:20:00,3085259
52.7,72.5,51.8,44.1,2026-06-03 03:40:00,3085259
52.1,73.9,51.3,44.1,2026-06-03 04:00:00,3085259
51.9,74.5,51.1,44.0,2026-06-03 04:20:00,3085259
51.7,75.6,51.1,44.2,2026-06-03 04:40:00,3085259
51.2,76.8,50.5,44.2,2026-06-03 05:00:00,3085259
50.9,77.6,50.5,44.2,2026-06-03 05:20:00,3085259
51.3,76.2,50.7,44.1,2026-06-03 05:40:00,3085259
51.6,75.6,50.9,44.2,2026-06-03 06:00:00,3085259
51.6,76.6,51.1,44.5,2026-06-03 06:20:00,3085259
52.0,76.6,51.4,44.9,2026-06-03 06:40:00,3085259
52.7,75.6,52.0,45.2,2026-06-03 07:00:00,3085259
54.1,74.3,53.2,46.1,2026-06-03 07:20:00,3085259
56.2,68.7,55.0,46.1,2026-06-03 07:40:00,3085259
58.9,64.7,57.2,47.0,2026-06-03 08:00:00,3085259
61.3,58.0,58.8,46.4,2026-06-03 08:20:00,3085259
64.1,53.9,61.2,47.0,2026-06-03 08:40:00,3085259
66.6,45.3,63.7,44.8,2026-06-03 09:00:00,3085259
68.0,43.5,65.5,45.0,2026-06-03 09:20:00,3085259
70.3,41.3,68.5,45.6,2026-06-03 09:40:00,3085259
72.4,39.2,70.5,46.2,2026-06-03 10:00:00,3085259
74.0,36.4,71.6,45.7,2026-06-03 10:20:00,3085259
76.2,33.3,73.0,45.3,2026-06-03 10:40:00,3085259
78.6,31.4,75.2,45.8,2026-06-03 11:00:00,3085259
80.1,29.6,76.6,45.5,2026-06-03 11:20:00,3085259
81.2,27.6,77.5,44.6,2026-06-03 11:40:00,3085259
81.8,26.2,77.9,43.8,2026-06-03 12:00:00,3085259
80.0,27.7,76.3,43.8,2026-06-03 12:20:00,3085259
82.3,25.9,78.4,43.9,2026-06-03 12:40:00,3085259
84.2,25.1,80.6,44.7,2026-06-03 13:00:00,3085259
82.1,25.4,78.3,43.2,2026-06-03 13:20:00,3085259
82.5,26.3,78.8,44.4,2026-06-03 13:40:00,3085259
83.0,25.0,79.2,43.6,2026-06-03 14:00:00,3085259
82.9,25.2,79.0,43.7,2026-06-03 14:20:00,3085259
83.4,25.9,79.5,44.8,2026-06-03 14:40:00,3085259
83.4,25.1,79.5,44.0,2026-06-03 15:00:00,3085259
82.2,25.9,78.3,43.8,2026-06-03 15:20:00,3085259
82.2,26.1,78.3,44.0,2026-06-03 15:40:00,3085259
80.9,28.4,77.4,45.2,2026-06-03 16:00:00,3085259
81.2,29.3,77.7,46.2,2026-06-03 16:20:00,3085259
82.5,28.1,79.0,46.2,2026-06-03 16:40:00,3085259
81.2,26.1,77.4,43.1,2026-06-03 17:00:00,3085259
82.0,25.7,78.1,43.4,2026-06-03 17:20:00,3085259
82.5,27.2,78.8,45.3,2026-06-03 17:40:00,3085259
81.9,27.1,78.3,44.8,2026-06-03 18:00:00,3085259
81.4,26.6,77.7,43.8,2026-06-03 18:20:00,3085259
80.6,27.5,77.0,44.0,2026-06-03 18:40:00,3085259
80.2,28.5,76.6,44.6,2026-06-03 19:00:00,3085259
80.4,27.2,76.8,43.6,2026-06-03 19:20:00,3085259
79.2,28.9,75.7,44.2,2026-06-03 19:40:00,3085259
76.8,32.4,73.8,45.1,2026-06-03 20:00:00,3085259
74.9,34.5,72.1,45.0,2026-06-03 20:20:00,3085259
73.2,36.9,70.9,45.3,2026-06-03 20:40:00,3085259
71.4,41.0,69.8,46.5,2026-06-03 21:00:00,3085259
69.9,42.4,68.0,46.0,2026-06-03 21:20:00,3085259
68.8,44.4,66.6,46.2,2026-06-03 21:40:00,3085259
67.7,46.2,65.3,46.3,2026-06-03 22:00:00,3085259
66.8,48.6,64.0,46.8,2026-06-03 22:20:00,3085259
65.9,50.4,63.0,46.9,2026-06-03 22:40:00,3085259
64.9,52.7,61.9,47.2,2026-06-03 23:00:00,3085259
64.1,54.7,61.3,47.4,2026-06-03 23:20:00,3085259
63.5,56.3,60.8,47.7,2026-06-03 23:40:00,3085259
62.8,59.1,60.4,48.3,2026-06-04 00:00:00,3085259
61.9,60.8,59.9,48.3,2026-06-04 00:20:00,3085259
61.3,62.6,59.4,48.5,2026-06-04 00:40:00,3085259
60.6,64.3,59.0,48.5,2026-06-04 01:00:00,3085259
60.2,65.4,58.5,48.6,2026-06-04 01:20:00,3085259
59.5,67.4,57.9,48.7,2026-06-04 01:40:00,3085259
58.8,69.2,57.4,48.7,2026-06-04 02:00:00,3085259
58.1,70.9,57.0,48.7,2026-06-04 02:20:00,3085259
57.5,72.4,56.5,48.7,2026-06-04 02:40:00,3085259
57.0,74.1,56.1,48.8,2026-06-04 03:00:00,3085259
56.7,75.4,56.1,49.0,2026-06-04 03:20:00,3085259
56.4,76.6,55.8,49.1,2026-06-04 03:40:00,3085259
55.7,78.0,55.0,49.0,2026-06-04 04:00:00,3085259
55.4,79.6,54.9,49.2,2026-06-04 04:20:00,3085259
55.0,81.0,54.7,49.3,2026-06-04 04:40:00,3085259
54.7,82.0,54.5,49.3,2026-06-04 05:00:00,3085259
54.4,83.3,54.3,49.5,2026-06-04 05:20:00,3085259
54.4,84.6,54.3,49.8,2026-06-04 05:40:00,3085259
54.5,84.3,54.3,49.8,2026-06-04 06:00:00,3085259
54.5,85.1,54.3,50.1,2026-06-04 06:20:00,3085259
54.7,85.2,54.7,50.3,2026-06-04 06:40:00,3085259
55.4,85.2,55.4,51.0,2026-06-04 07:00:00,3085259
56.6,84.4,56.5,51.9,2026-06-04 07:20:00,3085259
58.4,82.1,58.1,52.9,2026-06-04 07:40:00,3085259
60.7,78.0,60.1,53.8,2026-06-04 08:00:00,3085259
63.6,70.1,62.2,53.7,2026-06-04 08:20:00,3085259
66.1,63.0,64.4,53.1,2026-06-04 08:40:00,3085259
69.2,55.7,68.2,52.7,2026-06-04 09:00:00,3085259
72.2,49.0,71.2,51.9,2026-06-04 09:20:00,3085259
74.4,42.4,72.5,50.1,2026-06-04 09:40:00,3085259
77.1,39.9,74.7,50.9,2026-06-04 10:00:00,3085259
78.8,35.9,76.3,49.6,2026-06-04 10:20:00,3085259
80.9,32.4,77.9,48.7,2026-06-04 10:40:00,3085259
83.4,28.5,80.1,47.4,2026-06-04 11:00:00,3085259
85.8,25.0,82.2,45.9,2026-06-04 11:20:00,3085259
86.1,25.9,82.8,47.1,2026-06-04 11:40:00,3085259
87.4,26.1,84.4,48.4,2026-06-04 12:00:00,3085259
87.9,23.8,84.4,46.4,2026-06-04 12:20:00,3085259
87.5,22.6,83.8,44.7,2026-06-04 12:40:00,3085259
87.5,22.0,83.7,44.1,2026-06-04 13:00:00,3085259
89.7,21.7,86.2,45.5,2026-06-04 13:20:00,3085259
87.7,21.5,83.7,43.6,2026-06-04 13:40:00,3085259
89.1,23.1,85.8,46.5,2026-06-04 14:00:00,3085259
90.0,21.5,86.5,45.4,2026-06-04 14:20:00,3085259
90.4,21.4,86.9,45.7,2026-06-04 14:40:00,3085259
88.4,21.6,84.6,44.3,2026-06-04 15:00:00,3085259
87.8,22.7,84.2,45.1,2026-06-04 15:20:00,3085259
88.1,22.7,84.6,45.3,2026-06-04 15:40:00,3085259
88.3,22.3,84.6,44.9,2026-06-04 16:00:00,3085259
89.0,22.6,85.6,46.0,2026-06-04 16:20:00,3085259
89.2,22.5,85.6,46.0,2026-06-04 16:40:00,3085259
89.3,22.5,85.8,46.0,2026-06-04 17:00:00,3085259
89.2,23.8,86.0,47.5,2026-06-04 17:20:00,3085259
88.9,23.2,85.6,46.5,2026-06-04 17:40:00,3085259
89.0,23.0,85.6,46.5,2026-06-04 18:00:00,3085259
87.8,22.5,84.0,44.8,2026-06-04 18:20:00,3085259
87.1,24.0,83.7,46.0,2026-06-04 18:40:00,3085259
86.6,23.2,82.9,44.7,2026-06-04 19:00:00,3085259
86.6,25.2,83.3,46.8,2026-06-04 19:20:00,3085259
84.2,27.8,81.1,47.5,2026-06-04 19:40:00,3085259
81.4,31.2,78.3,48.0,2026-06-04 20:00:00,3085259
79.2,34.5,76.5,48.8,2026-06-04 20:20:00,3085259
77.0,36.3,74.3,48.3,2026-06-04 20:40:00,3085259
75.9,39.1,73.6,49.3,2026-06-04 21:00:00,3085259
75.0,41.3,72.9,49.9,2026-06-04 21:20:00,3085259
73.7,43.3,72.0,50.1,2026-06-04 21:40:00,3085259
72.5,45.2,71.2,50.1,2026-06-04 22:00:00,3085259
71.5,47.7,70.5,50.6,2026-06-04 22:20:00,3085259
70.5,49.6,69.6,50.8,2026-06-04 22:40:00,3085259
69.7,51.5,68.5,51.1,2026-06-04 23:00:00,3085259
69.1,53.7,68.0,51.6,2026-06-04 23:20:00,3085259
68.1,55.4,66.6,51.5,2026-06-04 23:40:00,3085259
67.4,57.6,65.7,51.9,2026-06-05 00:00:00,3085259
66.7,58.7,64.8,51.7,2026-06-05 00:20:00,3085259
66.1,60.4,64.2,52.0,2026-06-05 00:40:00,3085259
65.8,62.1,63.9,52.4,2026-06-05 01:00:00,3085259
66.1,62.6,64.4,53.0,2026-06-05 01:20:00,3085259
65.8,62.8,63.9,52.7,2026-06-05 01:40:00,3085259
65.7,63.3,63.9,52.9,2026-06-05 02:00:00,3085259
65.0,65.4,63.1,53.2,2026-06-05 02:20:00,3085259
65.1,66.9,63.5,53.9,2026-06-05 02:40:00,3085259
64.7,68.3,63.1,54.0,2026-06-05 03:00:00,3085259
64.0,70.1,62.6,54.1,2026-06-05 03:20:00,3085259
63.4,71.5,62.2,54.0,2026-06-05 03:40:00,3085259
63.0,73.1,61.9,54.2,2026-06-05 04:00:00,3085259
62.3,74.5,61.3,54.1,2026-06-05 04:20:00,3085259
61.3,76.8,60.4,53.9,2026-06-05 04:40:00,3085259
60.7,79.1,60.3,54.2,2026-06-05 05:00:00,3085259
60.3,80.7,59.9,54.4,2026-06-05 05:20:00,3085259
59.9,81.7,59.5,54.2,2026-06-05 05:40:00,3085259
59.6,83.1,59.5,54.4,2026-06-05 06:00:00,3085259
59.7,82.9,59.7,54.5,2026-06-05 06:20:00,3085259
59.6,84.0,59.5,54.7,2026-06-05 06:40:00,3085259
60.0,84.6,59.9,55.3,2026-06-05 07:00:00,3085259
61.4,83.0,61.3,56.2,2026-06-05 07:20:00,3085259
63.1,81.3,62.8,57.2,2026-06-05 07:40:00,3085259
65.3,78.1,64.8,58.3,2026-06-05 08:00:00,3085259
68.4,69.7,68.2,58.1,2026-06-05 08:20:00,3085259
71.5,62.4,71.6,58.0,2026-06-05 08:40:00,3085259
73.7,58.5,73.4,58.3,2026-06-05 09:00:00,3085259
75.8,55.2,75.2,58.6,2026-06-05 09:20:00,3085259
77.2,52.0,76.5,58.2,2026-06-05 09:40:00,3085259
79.6,48.0,78.8,58.2,2026-06-05 10:00:00,3085259
81.8,43.9,80.8,57.7,2026-06-05 10:20:00,3085259
84.8,39.8,84.4,57.7,2026-06-05 10:40:00,3085259
87.6,36.1,87.4,57.4,2026-06-05 11:00:00,3085259
90.0,33.5,90.1,57.5,2026-06-05 11:20:00,3085259
92.2,31.0,92.3,57.2,2026-06-05 11:40:00,3085259
92.7,28.4,92.1,55.2,2026-06-05 12:00:00,3085259
92.4,27.1,91.4,53.7,2026-06-05 12:20:00,3085259
92.4,27.2,91.4,53.8,2026-06-05 12:40:00,3085259
92.7,26.3,91.4,53.1,2026-06-05 13:00:00,3085259
93.6,25.5,92.3,53.0,2026-06-05 13:20:00,3085259
93.3,24.6,91.8,51.8,2026-06-05 13:40:00,3085259
94.8,24.4,93.6,52.8,2026-06-05 14:00:00,3085259
93.7,23.7,91.8,51.1,2026-06-05 14:20:00,3085259
96.2,24.9,95.9,54.6,2026-06-05 14:40:00,3085259
94.3,25.1,93.0,53.2,2026-06-05 15:00:00,3085259
93.2,26.3,92.1,53.5,2026-06-05 15:20:00,3085259
92.4,25.3,90.7,51.9,2026-06-05 15:40:00,3085259
93.5,26.1,92.5,53.5,2026-06-05 16:00:00,3085259
93.7,26.0,93.0,53.7,2026-06-05 16:20:00,3085259
94.0,25.9,93.0,53.9,2026-06-05 16:40:00,3085259
93.3,26.0,92.1,53.3,2026-06-05 17:00:00,3085259
93.1,25.4,91.6,52.5,2026-06-05 17:20:00,3085259
92.7,25.8,91.2,52.6,2026-06-05 17:40:00,3085259
92.2,26.4,90.7,52.8,2026-06-05 18:00:00,3085259
92.3,26.6,90.9,53.0,2026-06-05 18:20:00,3085259
91.6,27.5,90.3,53.4,2026-06-05 18:40:00,3085259
90.9,27.6,89.6,52.8,2026-06-05 19:00:00,3085259
90.8,28.4,89.4,53.6,2026-06-05 19:20:00,3085259
89.5,29.1,87.8,53.2,2026-06-05 19:40:00,3085259
87.4,31.4,85.6,53.4,2026-06-05 20:00:00,3085259
84.7,35.0,82.9,54.0,2026-06-05 20:20:00,3085259
82.5,37.1,80.6,53.7,2026-06-05 20:40:00,3085259
81.0,39.3,79.2,53.9,2026-06-05 21:00:00,3085259
80.0,40.9,78.1,54.1,2026-06-05 21:20:00,3085259
79.0,42.6,77.4,54.4,2026-06-05 21:40:00,3085259
78.4,43.5,76.6,54.4,2026-06-05 22:00:00,3085259
78.2,44.6,76.5,54.8,2026-06-05 22:20:00,3085259
77.6,45.6,76.1,55.0,2026-06-05 22:40:00,3085259
77.8,46.7,76.5,55.8,2026-06-05 23:00:00,3085259
77.7,46.7,76.1,55.7,2026-06-05 23:20:00,3085259
76.7,48.9,75.4,56.1,2026-06-05 23:40:00,3085259
76.1,50.3,74.8,56.2,2026-06-06 00:00:00,3085259
76.0,50.5,74.8,56.3,2026-06-06 00:20:00,3085259
76.0,50.8,74.8,56.5,2026-06-06 00:40:00,3085259
75.7,51.3,74.5,56.5,2026-06-06 01:00:00,3085259
75.6,51.5,74.5,56.5,2026-06-06 01:20:00,3085259
74.7,53.5,73.9,56.6,2026-06-06 01:40:00,3085259
74.5,54.5,73.8,57.0,2026-06-06 02:00:00,3085259
73.7,55.8,73.2,56.9,2026-06-06 02:20:00,3085259
73.9,55.7,73.2,57.1,2026-06-06 02:40:00,3085259
73.1,57.1,72.7,57.0,2026-06-06 03:00:00,3085259
72.1,59.5,72.0,57.3,2026-06-06 03:20:00,3085259
71.4,61.1,71.2,57.3,2026-06-06 03:40:00,3085259
71.2,62.0,71.2,57.5,2026-06-06 04:00:00,3085259
70.5,63.4,70.5,57.5,2026-06-06 04:20:00,3085259
69.6,65.7,69.3,57.6,2026-06-06 04:40:00,3085259
68.6,67.9,68.2,57.6,2026-06-06 05:00:00,3085259
67.8,69.6,67.5,57.5,2026-06-06 05:20:00,3085259
67.0,72.1,66.4,57.7,2026-06-06 05:40:00,3085259
66.1,74.2,65.3,57.7,2026-06-06 06:00:00,3085259
65.8,75.5,65.1,57.8,2026-06-06 06:20:00,3085259
65.7,77.2,65.3,58.4,2026-06-06 06:40:00,3085259
66.3,77.5,65.8,59.1,2026-06-06 07:00:00,3085259
67.7,76.9,67.8,60.2,2026-06-06 07:20:00,3085259
69.7,74.1,70.2,61.1,2026-06-06 07:40:00,3085259
72.6,68.1,73.0,61.5,2026-06-06 08:00:00,3085259
74.8,63.4,75.0,61.6,2026-06-06 08:20:00,3085259
76.3,60.0,76.3,61.4,2026-06-06 08:40:00,3085259
77.2,57.3,77.0,60.9,2026-06-06 09:00:00,3085259
78.4,55.6,78.4,61.2,2026-06-06 09:20:00,3085259
80.1,52.3,80.2,61.0,2026-06-06 09:40:00,3085259
81.1,52.1,81.5,61.9,2026-06-06 10:00:00,3085259
83.0,48.2,83.5,61.4,2026-06-06 10:20:00,3085259
84.2,46.6,84.9,61.5,2026-06-06 10:40:00,3085259
86.6,43.1,88.0,61.5,2026-06-06 11:00:00,3085259
88.2,40.4,89.6,61.1,2026-06-06 11:20:00,3085259
91.0,38.6,93.7,62.3,2026-06-06 11:40:00,3085259
90.2,37.0,91.8,60.4,2026-06-06 12:00:00,3085259
90.7,34.3,91.6,58.8,2026-06-06 12:20:00,3085259
90.1,34.3,90.5,58.2,2026-06-06 12:40:00,3085259
92.1,33.0,93.0,58.8,2026-06-06 13:00:00,3085259
92.6,31.8,93.2,58.2,2026-06-06 13:20:00,3085259
92.5,33.2,93.9,59.4,2026-06-06 13:40:00,3085259
91.5,35.3,93.2,60.3,2026-06-06 14:00:00,3085259
90.1,36.5,91.4,59.9,2026-06-06 14:20:00,3085259
94.3,34.5,97.5,62.1,2026-06-06 14:40:00,3085259
92.2,37.3,95.2,62.4,2026-06-06 15:00:00,3085259
91.3,34.5,92.5,59.4,2026-06-06 17:40:00,3085259
91.4,31.9,91.6,57.3,2026-06-06 18:00:00,3085259
90.5,34.1,91.2,58.4,2026-06-06 18:20:00,3085259
90.0,34.2,90.5,58.0,2026-06-06 18:40:00,3085259
89.7,34.5,90.0,58.0,2026-06-06 19:00:00,3085259
89.8,35.5,90.3,58.9,2026-06-06 19:20:00,3085259
88.9,36.0,89.4,58.4,2026-06-06 19:40:00,3085259
87.2,38.5,87.3,58.9,2026-06-06 20:00:00,3085259
85.5,41.1,85.8,59.1,2026-06-06 20:20:00,3085259
83.7,44.1,83.8,59.5,2026-06-06 20:40:00,3085259
81.9,46.0,81.5,59.1,2026-06-06 21:00:00,3085259
80.9,48.0,80.4,59.4,2026-06-06 21:20:00,3085259
80.6,49.7,80.6,60.1,2026-06-06 21:40:00,3085259
81.8,48.5,81.9,60.5,2026-06-06 22:00:00,3085259
81.2,49.1,81.1,60.3,2026-06-06 22:20:00,3085259
81.2,49.7,81.3,60.7,2026-06-06 22:40:00,3085259
80.6,50.4,80.8,60.5,2026-06-06 23:00:00,3085259
80.2,51.8,80.2,60.8,2026-06-06 23:20:00,3085259
79.7,52.4,79.5,60.7,2026-06-06 23:40:00,3085259
79.1,53.6,79.2,60.8,2026-06-07 00:00:00,3085259
78.5,54.9,78.4,61.0,2026-06-07 00:20:00,3085259
77.9,56.6,77.9,61.3,2026-06-07 00:40:00,3085259
77.4,58.1,77.4,61.5,2026-06-07 01:00:00,3085259
76.3,60.3,76.3,61.5,2026-06-07 01:20:00,3085259
75.8,61.5,75.9,61.7,2026-06-07 01:40:00,3085259
75.7,62.2,75.7,61.8,2026-06-07 02:00:00,3085259
75.2,62.9,75.4,61.7,2026-06-07 02:20:00,3085259
74.2,65.1,74.5,61.7,2026-06-07 02:40:00,3085259
73.4,67.1,73.9,61.8,2026-06-07 03:00:00,3085259
73.5,67.2,73.9,62.0,2026-06-07 03:20:00,3085259
73.5,67.6,73.9,62.1,2026-06-07 03:40:00,3085259
73.4,68.0,73.8,62.2,2026-06-07 04:00:00,3085259
73.0,68.7,73.4,62.1,2026-06-07 04:20:00,3085259
72.9,68.9,73.4,62.1,2026-06-07 04:40:00,3085259
72.4,70.0,73.0,62.1,2026-06-07 05:00:00,3085259
71.8,71.3,72.5,62.0,2026-06-07 05:20:00,3085259
71.4,72.5,72.1,62.1,2026-06-07 05:40:00,3085259
71.4,72.7,72.1,62.2,2026-06-07 06:00:00,3085259
70.9,73.9,71.8,62.2,2026-06-07 06:20:00,3085259
70.9,74.7,71.8,62.5,2026-06-07 06:40:00,3085259
71.6,74.2,72.3,62.9,2026-06-07 07:00:00,3085259
73.0,72.1,73.9,63.5,2026-06-07 07:20:00,3085259
73.9,70.6,74.7,63.8,2026-06-07 07:40:00,3085259
75.2,68.9,75.7,64.3,2026-06-07 08:00:00,3085259
76.4,66.4,76.8,64.4,2026-06-07 08:20:00,3085259
77.1,65.2,77.7,64.5,2026-06-07 08:40:00,3085259
78.1,63.4,79.3,64.7,2026-06-07 09:00:00,3085259
78.9,61.4,80.1,64.5,2026-06-07 09:20:00,3085259
80.3,60.2,82.0,65.2,2026-06-07 09:40:00,3085259
82.1,56.3,83.8,65.0,2026-06-07 10:00:00,3085259
83.0,54.4,85.1,64.9,2026-06-07 10:20:00,3085259
85.9,49.0,88.5,64.5,2026-06-07 10:40:00,3085259
87.9,46.9,91.2,65.1,2026-06-07 11:00:00,3085259
90.6,43.3,95.0,65.3,2026-06-07 11:20:00,3085259
91.1,41.7,95.2,64.6,2026-06-07 11:40:00,3085259
91.3,40.5,95.2,63.9,2026-06-07 12:00:00,3085259
92.8,38.4,96.6,63.7,2026-06-07 12:20:00,3085259
94.4,36.5,98.6,63.7,2026-06-07 12:40:00,3085259
95.1,34.2,98.6,62.4,2026-06-07 13:00:00,3085259
95.0,33.8,98.4,62.1,2026-06-07 13:20:00,3085259
95.2,33.8,98.4,62.2,2026-06-07 13:40:00,3085259
95.5,33.6,99.0,62.4,2026-06-07 14:00:00,3085259
95.7,31.7,98.2,60.8,2026-06-07 14:20:00,3085259
97.8,29.9,100.6,61.0,2026-06-07 14:40:00,3085259
96.2,30.3,98.2,60.0,2026-06-07 15:00:00,3085259
95.5,30.3,97.0,59.5,2026-06-07 15:20:00,3085259
96.2,31.3,98.8,60.9,2026-06-07 15:40:00,3085259
95.8,30.5,97.7,59.8,2026-06-07 16:00:00,3085259
95.6,31.8,98.2,60.9,2026-06-07 16:20:00,3085259
94.2,33.7,96.8,61.3,2026-06-07 16:40:00,3085259
94.0,34.5,96.8,61.7,2026-06-07 17:00:00,3085259
94.5,34.8,98.1,62.5,2026-06-07 17:20:00,3085259
93.4,36.0,96.6,62.5,2026-06-07 17:40:00,3085259
93.4,37.5,97.2,63.6,2026-06-07 18:00:00,3085259
93.2,38.4,97.3,64.1,2026-06-07 18:20:00,3085259
92.0,38.2,95.4,62.9,2026-06-07 18:40:00,3085259
91.7,38.9,95.0,63.2,2026-06-07 19:00:00,3085259
91.1,39.1,94.1,62.8,2026-06-07 19:20:00,3085259
90.4,39.3,92.8,62.3,2026-06-07 19:40:00,3085259
89.1,40.7,91.2,62.1,2026-06-07 20:00:00,3085259
88.1,40.2,89.2,60.9,2026-06-07 20:20:00,3085259
87.2,41.7,88.3,61.2,2026-06-07 20:40:00,3085259
86.7,43.4,88.0,61.8,2026-06-07 21:00:00,3085259
86.1,44.8,87.4,62.2,2026-06-07 21:20:00,3085259
85.2,46.6,86.7,62.4,2026-06-07 21:40:00,3085259
84.6,47.7,86.2,62.5,2026-06-07 22:00:00,3085259
84.4,48.4,86.0,62.9,2026-06-07 22:20:00,3085259
83.7,49.7,85.1,62.9,2026-06-07 22:40:00,3085259
83.0,50.4,84.0,62.6,2026-06-07 23:00:00,3085259
82.2,51.4,83.1,62.5,2026-06-07 23:20:00,3085259
81.6,52.6,82.4,62.6,2026-06-07 23:40:00,3085259
81.2,54.3,82.2,63.1,2026-06-08 00:00:00,3085259
80.5,56.2,81.5,63.5,2026-06-08 00:20:00,3085259
79.9,58.1,80.8,63.8,2026-06-08 00:40:00,3085259
79.6,58.9,80.6,64.0,2026-06-08 01:00:00,3085259
78.9,60.9,79.9,64.2,2026-06-08 01:20:00,3085259
78.5,61.9,79.5,64.4,2026-06-08 01:40:00,3085259
78.1,62.9,79.2,64.5,2026-06-08 02:00:00,3085259
77.9,63.6,78.8,64.5,2026-06-08 02:20:00,3085259
77.3,64.9,78.1,64.6,2026-06-08 02:40:00,3085259
76.8,66.3,77.4,64.7,2026-06-08 03:00:00,3085259
76.5,67.1,77.2,64.8,2026-06-08 03:20:00,3085259
76.2,67.9,76.8,64.8,2026-06-08 03:40:00,3085259
76.2,68.0,76.8,64.9,2026-06-08 04:00:00,3085259
76.1,68.7,76.6,65.0,2026-06-08 04:20:00,3085259
75.5,70.1,76.3,65.0,2026-06-08 04:40:00,3085259
75.0,71.2,75.9,65.0,2026-06-08 05:00:00,3085259
74.2,72.6,75.2,64.9,2026-06-08 05:20:00,3085259
73.3,75.0,74.5,64.9,2026-06-08 05:40:00,3085259
72.9,76.5,74.1,65.0,2026-06-08 06:00:00,3085259
72.5,77.6,73.6,65.0,2026-06-08 06:20:00,3085259
72.6,78.6,73.8,65.5,2026-06-08 06:40:00,3085259
73.1,79.1,74.7,66.2,2026-06-08 07:00:00,3085259
74.1,77.4,75.4,66.6,2026-06-08 07:20:00,3085259
75.3,73.8,76.6,66.4,2026-06-08 07:40:00,3085259
76.9,71.4,78.3,66.9,2026-06-08 08:00:00,3085259
78.3,70.1,80.6,67.7,2026-06-08 08:20:00,3085259
80.5,66.4,83.7,68.3,2026-06-08 08:40:00,3085259
82.1,63.3,85.5,68.4,2026-06-08 09:00:00,3085259
83.2,60.5,86.9,68.2,2026-06-08 09:20:00,3085259
84.4,58.1,88.7,68.0,2026-06-08 09:40:00,3085259
85.7,56.0,90.7,68.2,2026-06-08 10:00:00,3085259
86.9,54.8,92.5,68.7,2026-06-08 10:20:00,3085259
88.6,51.8,94.5,68.6,2026-06-08 10:40:00,3085259
90.4,49.0,97.2,68.6,2026-06-08 11:00:00,3085259
92.9,45.1,100.2,68.5,2026-06-08 11:20:00,3085259
92.8,43.0,98.8,67.0,2026-06-08 11:40:00,3085259
93.5,40.8,99.0,66.1,2026-06-08 12:00:00,3085259
95.0,37.8,100.6,65.2,2026-06-08 12:20:00,3085259
95.5,38.4,101.7,66.1,2026-06-08 12:40:00,3085259
93.1,39.5,97.9,64.8,2026-06-08 13:00:00,3085259
94.9,39.1,101.1,66.1,2026-06-08 13:20:00,3085259
94.8,37.7,100.2,65.0,2026-06-08 13:40:00,3085259
94.9,37.0,99.9,64.5,2026-06-08 14:00:00,3085259
94.5,37.1,99.1,64.3,2026-06-08 14:20:00,3085259
95.2,37.7,100.6,65.3,2026-06-08 14:40:00,3085259
94.2,37.5,98.6,64.3,2026-06-08 15:00:00,3085259
94.0,38.9,99.1,65.1,2026-06-08 15:20:00,3085259
94.0,38.5,99.0,64.9,2026-06-08 15:40:00,3085259
93.1,38.6,97.5,64.2,2026-06-08 16:00:00,3085259
92.8,39.1,97.0,64.3,2026-06-08 16:20:00,3085259
93.4,39.2,97.9,64.8,2026-06-08 16:40:00,3085259
92.6,38.0,96.1,63.2,2026-06-08 17:00:00,3085259
91.5,38.1,94.3,62.4,2026-06-08 17:20:00,3085259
93.0,38.3,97.2,63.9,2026-06-08 17:40:00,3085259
91.9,37.3,95.0,62.2,2026-06-08 18:00:00,3085259
90.2,39.0,92.5,61.9,2026-06-08 18:20:00,3085259
89.7,39.5,91.8,61.8,2026-06-08 18:40:00,3085259
89.3,39.8,91.2,61.7,2026-06-08 19:00:00,3085259
88.4,41.0,90.0,61.7,2026-06-08 19:20:00,3085259
87.7,41.8,89.2,61.6,2026-06-08 19:40:00,3085259
86.4,46.5,88.7,63.4,2026-06-08 20:00:00,3085259
85.2,48.6,87.3,63.7,2026-06-08 20:20:00,3085259
83.9,50.8,85.6,63.8,2026-06-08 20:40:00,3085259
82.7,53.5,84.2,64.1,2026-06-08 21:00:00,3085259
81.5,55.4,82.9,64.0,2026-06-08 21:20:00,3085259
80.7,57.1,82.0,64.1,2026-06-08 21:40:00,3085259
79.7,58.2,80.8,63.7,2026-06-08 22:00:00,3085259
78.5,60.2,79.3,63.6,2026-06-08 22:20:00,3085259
77.4,62.5,77.9,63.5,2026-06-08 22:40:00,3085259
76.1,64.8,76.5,63.4,2026-06-08 23:00:00,3085259
74.8,65.4,75.0,62.4,2026-06-08 23:20:00,3085259
73.9,66.9,74.3,62.2,2026-06-08 23:40:00,3085259
73.0,67.6,73.4,61.6,2026-06-09 00:00:00,3085259
72.2,66.5,72.7,60.5,2026-06-09 00:20:00,3085259
71.5,68.2,72.0,60.5,2026-06-09 00:40:00,3085259
70.9,68.2,71.4,59.9,2026-06-09 01:00:00,3085259
70.3,67.6,70.3,59.1,2026-06-09 01:20:00,3085259
69.9,66.8,70.0,58.4,2026-06-09 01:40:00,3085259
69.3,67.3,69.3,58.0,2026-06-09 02:00:00,3085259
68.6,67.4,68.2,57.4,2026-06-09 02:20:00,3085259
68.3,68.3,67.8,57.5,2026-06-09 02:40:00,3085259
68.1,69.8,67.6,57.8,2026-06-09 03:00:00,3085259
68.4,70.8,68.2,58.5,2026-06-09 03:20:00,3085259
68.5,71.7,68.2,58.9,2026-06-09 03:40:00,3085259
68.0,72.5,67.8,58.9,2026-06-09 04:00:00,3085259
67.9,71.4,67.6,58.4,2026-06-09 04:20:00,3085259
67.5,71.0,66.9,57.7,2026-06-09 04:40:00,3085259
67.4,68.9,66.6,56.9,2026-06-09 05:00:00,3085259
67.1,68.0,66.4,56.2,2026-06-09 05:20:00,3085259
66.9,67.9,66.0,56.0,2026-06-09 05:40:00,3085259
66.8,67.9,65.8,55.9,2026-06-09 06:00:00,3085259
66.7,66.8,65.5,55.4,2026-06-09 06:20:00,3085259
66.5,67.2,65.3,55.3,2026-06-09 06:40:00,3085259
67.0,67.6,66.0,56.0,2026-06-09 07:00:00,3085259
67.3,66.1,66.4,55.6,2026-06-09 07:20:00,3085259
67.7,67.1,66.9,56.4,2026-06-09 07:40:00,3085259
67.6,67.4,66.7,56.4,2026-06-09 08:00:00,3085259
68.2,67.2,67.6,56.9,2026-06-09 08:20:00,3085259
69.0,66.1,68.7,57.2,2026-06-09 08:40:00,3085259
69.9,66.6,70.0,58.3,2026-06-09 09:00:00,3085259
71.2,65.1,71.4,58.8,2026-06-09 09:20:00,3085259
72.2,64.6,72.5,59.6,2026-06-09 09:40:00,3085259
73.2,62.5,73.4,59.6,2026-06-09 10:00:00,3085259
74.0,61.0,73.9,59.7,2026-06-09 10:20:00,3085259
76.3,57.9,75.9,60.4,2026-06-09 10:40:00,3085259
77.5,56.7,77.2,60.9,2026-06-09 11:00:00,3085259
78.4,55.6,78.4,61.2,2026-06-09 11:20:00,3085259
79.4,55.2,79.9,62.0,2026-06-09 11:40:00,3085259
80.2,54.8,80.8,62.5,2026-06-09 12:00:00,3085259
82.2,53.1,83.1,63.4,2026-06-09 12:20:00,3085259
83.0,53.0,84.7,64.2,2026-06-09 12:40:00,3085259
81.8,55.6,83.1,64.4,2026-06-09 13:00:00,3085259
83.6,55.5,86.4,65.9,2026-06-09 13:20:00,3085259
84.4,53.3,87.4,65.6,2026-06-09 13:40:00,3085259
85.6,54.3,89.8,67.1,2026-06-09 14:00:00,3085259
85.0,54.7,88.9,66.9,2026-06-09 14:20:00,3085259
86.8,52.3,91.4,67.3,2026-06-09 14:40:00,3085259
85.1,54.7,88.9,66.9,2026-06-09 15:00:00,3085259
87.6,51.8,92.7,67.7,2026-06-09 15:20:00,3085259
87.2,52.5,91.9,67.7,2026-06-09 15:40:00,3085259
87.3,52.5,92.3,67.8,2026-06-09 16:00:00,3085259
87.5,53.1,92.8,68.3,2026-06-09 16:20:00,3085259
86.2,54.3,91.0,67.8,2026-06-09 16:40:00,3085259
86.3,55.0,91.4,68.3,2026-06-09 17:00:00,3085259
86.5,54.9,91.6,68.4,2026-06-09 17:20:00,3085259
86.5,54.3,91.4,68.1,2026-06-09 17:40:00,3085259
86.0,55.5,90.9,68.2,2026-06-09 18:00:00,3085259
85.9,57.1,91.2,69.0,2026-06-09 18:20:00,3085259
85.7,56.9,90.9,68.7,2026-06-09 18:40:00,3085259
85.4,57.5,90.3,68.7,2026-06-09 19:00:00,3085259
85.0,58.5,90.0,68.8,2026-06-09 19:20:00,3085259
84.6,59.1,89.4,68.7,2026-06-09 19:40:00,3085259
84.0,60.5,88.7,68.9,2026-06-09 20:00:00,3085259
83.0,62.3,87.1,68.8,2026-06-09 20:20:00,3085259
82.0,64.2,85.8,68.8,2026-06-09 20:40:00,3085259
81.1,66.4,84.6,68.8,2026-06-09 21:00:00,3085259
80.5,67.5,83.8,68.8,2026-06-09 21:20:00,3085259
79.8,69.1,82.9,68.7,2026-06-09 21:40:00,3085259
78.9,70.6,81.7,68.6,2026-06-09 22:00:00,3085259
78.5,71.9,81.1,68.7,2026-06-09 22:20:00,3085259
78.6,71.8,81.5,68.8,2026-06-09 22:40:00,3085259
78.4,72.4,81.1,68.8,2026-06-09 23:00:00,3085259
79.0,72.3,82.4,69.3,2026-06-09 23:20:00,3085259
79.4,73.0,83.1,69.9,2026-06-09 23:40:00,3085259
79.3,73.9,82.9,70.3,2026-06-10 00:00:00,3085259
78.9,75.6,82.6,70.5,2026-06-10 00:20:00,3085259
78.7,76.5,82.4,70.6,2026-06-10 00:40:00,3085259
78.4,77.5,81.9,70.8,2026-06-10 01:00:00,3085259
78.0,78.7,81.5,70.8,2026-06-10 01:20:00,3085259
77.6,79.7,81.0,70.8,2026-06-10 01:40:00,3085259
77.2,80.7,80.4,70.8,2026-06-10 02:00:00,3085259
77.0,81.4,80.1,70.8,2026-06-10 02:20:00,3085259
76.8,81.9,79.5,70.8,2026-06-10 02:40:00,3085259
76.5,82.4,79.2,70.7,2026-06-10 03:00:00,3085259
76.2,83.3,78.8,70.7,2026-06-10 03:20:00,3085259
75.9,83.9,78.6,70.7,2026-06-10 03:40:00,3085259
75.8,84.2,78.4,70.7,2026-06-10 04:00:00,3085259
75.6,84.6,78.3,70.6,2026-06-10 04:20:00,3085259
75.4,85.0,78.1,70.6,2026-06-10 04:40:00,3085259
75.3,85.3,77.9,70.5,2026-06-10 05:00:00,3085259
75.1,85.4,77.5,70.4,2026-06-10 05:20:00,3085259
75.0,85.5,77.4,70.3,2026-06-10 05:40:00,3085259
74.8,85.5,77.2,70.2,2026-06-10 06:00:00,3085259
74.9,85.9,77.4,70.3,2026-06-10 06:20:00,3085259
75.1,85.7,77.5,70.5,2026-06-10 06:40:00,3085259
75.5,85.5,78.1,70.8,2026-06-10 07:00:00,3085259
75.7,85.3,78.3,71.0,2026-06-10 07:20:00,3085259
76.0,85.1,78.8,71.2,2026-06-10 07:40:00,3085259
76.5,84.4,79.3,71.4,2026-06-10 08:00:00,3085259
77.0,82.9,80.2,71.4,2026-06-10 08:20:00,3085259
77.5,81.8,80.8,71.5,2026-06-10 08:40:00,3085259
78.8,79.4,83.5,71.9,2026-06-10 09:00:00,3085259
79.5,77.5,84.0,71.8,2026-06-10 09:20:00,3085259
80.2,76.3,85.1,72.1,2026-06-10 09:40:00,3085259
80.9,75.6,86.4,72.5,2026-06-10 10:00:00,3085259
83.8,71.6,91.6,73.6,2026-06-10 10:20:00,3085259
83.9,67.4,90.5,71.9,2026-06-10 10:40:00,3085259
85.4,66.8,93.6,73.1,2026-06-10 11:00:00,3085259
85.2,64.5,92.5,71.8,2026-06-10 11:20:00,3085259
85.6,63.5,92.8,71.8,2026-06-10 11:40:00,3085259
87.7,59.6,95.7,71.9,2026-06-10 12:00:00,3085259
87.3,56.2,93.7,69.8,2026-06-10 12:20:00,3085259
87.9,55.7,94.6,70.1,2026-06-10 12:40:00,3085259
88.1,53.8,94.3,69.3,2026-06-10 13:00:00,3085259
91.1,47.5,97.9,68.5,2026-06-10 13:20:00,3085259
90.5,48.7,97.5,68.6,2026-06-10 13:40:00,3085259
89.2,52.0,95.9,69.2,2026-06-10 14:00:00,3085259
89.5,52.2,96.8,69.6,2026-06-10 14:20:00,3085259
90.6,52.9,99.5,71.1,2026-06-10 14:40:00,3085259
92.1,47.9,100.2,69.5,2026-06-10 15:00:00,3085259
91.7,47.4,99.0,68.8,2026-06-10 15:20:00,3085259
92.0,48.9,100.6,70.0,2026-06-10 15:40:00,3085259
92.2,47.9,100.4,69.6,2026-06-10 16:00:00,3085259
92.2,48.2,100.4,69.8,2026-06-10 16:20:00,3085259
91.7,50.0,100.4,70.4,2026-06-10 16:40:00,3085259
91.9,48.2,100.2,69.6,2026-06-10 17:00:00,3085259
92.4,47.0,100.2,69.2,2026-06-10 17:20:00,3085259
92.6,47.5,100.8,69.8,2026-06-10 17:40:00,3085259
92.7,46.6,100.8,69.3,2026-06-10 18:00:00,3085259
91.3,47.6,98.2,68.6,2026-06-10 18:20:00,3085259
91.0,48.9,98.2,69.0,2026-06-10 18:40:00,3085259
90.5,49.6,97.9,69.1,2026-06-10 19:00:00,3085259
90.7,50.3,98.6,69.6,2026-06-10 19:20:00,3085259
90.7,49.8,98.2,69.4,2026-06-10 19:40:00,3085259
89.2,51.5,95.7,69.0,2026-06-10 20:00:00,3085259
88.2,53.4,94.5,69.1,2026-06-10 20:20:00,3085259
87.2,55.2,93.0,69.1,2026-06-10 20:40:00,3085259
86.3,56.8,91.8,69.2,2026-06-10 21:00:00,3085259
85.6,58.8,91.2,69.5,2026-06-10 21:20:00,3085259
85.0,60.3,90.5,69.7,2026-06-10 21:40:00,3085259
84.7,61.6,90.3,70.0,2026-06-10 22:00:00,3085259
84.6,61.9,90.3,70.1,2026-06-10 22:20:00,3085259
84.4,62.5,89.8,70.1,2026-06-10 22:40:00,3085259
84.0,63.5,89.8,70.3,2026-06-10 23:00:00,3085259
83.5,64.4,88.9,70.3,2026-06-10 23:20:00,3085259
83.0,65.0,87.8,70.0,2026-06-10 23:40:00,3085259
82.6,65.6,87.3,69.9,2026-06-11 00:00:00,3085259
82.2,66.7,86.4,70.0,2026-06-11 00:20:00,3085259
81.9,67.8,86.4,70.2,2026-06-11 00:40:00,3085259
81.6,68.8,86.0,70.3,2026-06-11 01:00:00,3085259
81.1,69.8,85.3,70.3,2026-06-11 01:20:00,3085259
80.6,70.8,84.9,70.3,2026-06-11 01:40:00,3085259
80.1,71.7,84.2,70.1,2026-06-11 02:00:00,3085259
79.8,72.5,83.7,70.1,2026-06-11 02:20:00,3085259
79.2,73.7,82.9,70.1,2026-06-11 02:40:00,3085259
78.5,74.8,81.7,69.8,2026-06-11 03:00:00,3085259
78.0,75.7,81.0,69.7,2026-06-11 03:20:00,3085259
77.6,76.2,80.2,69.5,2026-06-11 03:40:00,3085259
77.4,76.5,80.1,69.4,2026-06-11 04:00:00,3085259
76.9,77.4,79.0,69.3,2026-06-11 04:20:00,3085259
76.5,78.0,78.6,69.1,2026-06-11 04:40:00,3085259
76.5,78.1,78.6,69.1,2026-06-11 05:00:00,3085259
75.8,79.0,77.7,68.9,2026-06-11 05:20:00,3085259
75.7,79.1,77.5,68.8,2026-06-11 05:40:00,3085259
75.4,79.6,77.4,68.6,2026-06-11 06:00:00,3085259
75.1,80.2,77.0,68.6,2026-06-11 06:20:00,3085259
75.6,79.2,77.7,68.7,2026-06-11 06:40:00,3085259
76.2,78.1,78.1,68.9,2026-06-11 07:00:00,3085259
77.0,77.2,79.3,69.3,2026-06-11 07:20:00,3085259
78.2,75.8,81.3,69.9,2026-06-11 07:40:00,3085259
79.0,74.7,82.8,70.3,2026-06-11 08:00:00,3085259
80.1,73.8,84.6,70.9,2026-06-11 08:20:00,3085259
81.0,72.6,86.0,71.4,2026-06-11 08:40:00,3085259
82.1,71.6,87.8,72.0,2026-06-11 09:00:00,3085259
83.2,69.6,89.6,72.2,2026-06-11 09:20:00,3085259
84.3,67.8,91.6,72.4,2026-06-11 09:40:00,3085259
86.0,64.7,94.5,72.7,2026-06-11 10:00:00,3085259
87.3,62.0,96.1,72.7,2026-06-11 10:20:00,3085259
88.7,59.9,97.9,73.0,2026-06-11 10:40:00,3085259
91.2,54.9,101.7,72.7,2026-06-11 11:00:00,3085259
94.2,51.8,107.1,73.8,2026-06-11 11:20:00,3085259
95.6,48.3,108.3,73.0,2026-06-11 11:40:00,3085259
94.3,48.2,105.3,71.7,2026-06-11 12:00:00,3085259
96.3,46.5,108.7,72.4,2026-06-11 12:20:00,3085259
96.1,43.8,106.0,70.5,2026-06-11 12:40:00,3085259
98.4,41.4,109.6,70.9,2026-06-11 13:00:00,3085259
97.8,42.5,109.0,71.1,2026-06-11 13:20:00,3085259
98.4,40.8,109.0,70.4,2026-06-11 13:40:00,3085259
99.4,39.2,110.1,70.2,2026-06-11 14:00:00,3085259
100.0,38.9,111.0,70.4,2026-06-11 14:20:00,3085259
101.3,37.2,112.5,70.3,2026-06-11 14:40:00,3085259
99.7,37.4,109.6,69.1,2026-06-11 15:00:00,3085259
99.2,37.1,108.1,68.5,2026-06-11 15:20:00,3085259
99.3,37.2,108.7,68.6,2026-06-11 15:40:00,3085259
98.9,36.6,107.1,67.7,2026-06-11 16:00:00,3085259
99.2,36.7,108.0,68.1,2026-06-11 16:20:00,3085259
98.2,37.9,106.7,68.1,2026-06-11 16:40:00,3085259
98.3,38.3,107.4,68.6,2026-06-11 17:00:00,3085259
99.6,37.3,109.0,68.9,2026-06-11 17:20:00,3085259
98.3,39.1,108.0,69.2,2026-06-11 17:40:00,3085259
96.6,40.9,105.8,69.0,2026-06-11 18:00:00,3085259
87.9,64.8,98.4,74.6,2026-06-11 18:20:00,3085259
86.1,73.0,97.9,76.4,2026-06-11 18:40:00,3085259
85.3,77.8,98.1,77.6,2026-06-11 19:00:00,3085259
84.9,74.5,95.2,75.9,2026-06-11 19:20:00,3085259
85.3,74.8,96.8,76.4,2026-06-11 19:40:00,3085259
84.0,78.1,94.3,76.4,2026-06-11 20:00:00,3085259
83.2,80.5,93.2,76.6,2026-06-11 20:20:00,3085259
82.6,81.7,91.9,76.5,2026-06-11 20:40:00,3085259
82.2,82.9,91.4,76.6,2026-06-11 21:00:00,3085259
82.0,81.5,90.3,75.8,2026-06-11 21:20:00,3085259
82.7,75.3,90.0,74.0,2026-06-11 21:40:00,3085259
84.0,69.1,91.6,72.8,2026-06-11 22:00:00,3085259
84.8,66.2,92.1,72.3,2026-06-11 22:20:00,3085259
85.1,63.9,92.3,71.5,2026-06-11 22:40:00,3085259
85.6,61.9,92.3,71.0,2026-06-11 23:00:00,3085259
84.6,63.3,90.9,70.8,2026-06-11 23:20:00,3085259
84.2,64.2,90.5,70.8,2026-06-11 23:40:00,3085259
83.6,65.6,89.2,70.9,2026-06-12 00:00:00,3085259
83.2,66.3,88.7,70.8,2026-06-12 00:20:00,3085259
83.0,66.4,88.3,70.7,2026-06-12 00:40:00,3085259
82.4,67.9,87.4,70.8,2026-06-12 01:00:00,3085259
82.3,68.2,87.3,70.8,2026-06-12 01:20:00,3085259
82.3,68.7,87.3,71.0,2026-06-12 01:40:00,3085259
82.3,69.2,87.4,71.2,2026-06-12 02:00:00,3085259
82.2,69.7,87.3,71.3,2026-06-12 02:20:00,3085259
82.0,70.8,87.1,71.5,2026-06-12 02:40:00,3085259
81.7,71.7,87.1,71.6,2026-06-12 03:00:00,3085259
81.4,72.6,86.5,71.7,2026-06-12 03:20:00,3085259
81.0,73.5,86.2,71.8,2026-06-12 03:40:00,3085259
80.5,74.7,85.5,71.7,2026-06-12 04:00:00,3085259
79.9,75.9,84.4,71.6,2026-06-12 04:20:00,3085259
80.0,76.2,84.7,71.8,2026-06-12 04:40:00,3085259
79.6,77.3,84.2,71.9,2026-06-12 05:00:00,3085259
79.5,77.6,84.0,71.9,2026-06-12 05:20:00,3085259
79.2,78.7,84.0,72.0,2026-06-12 05:40:00,3085259
78.9,79.4,83.5,72.0,2026-06-12 06:00:00,3085259
79.0,79.7,83.8,72.2,2026-06-12 06:20:00,3085259
79.4,79.5,84.6,72.5,2026-06-12 06:40:00,3085259
79.9,79.1,85.5,72.8,2026-06-12 07:00:00,3085259
80.9,78.0,86.9,73.4,2026-06-12 07:20:00,3085259
81.7,76.7,88.3,73.7,2026-06-12 07:40:00,3085259
82.1,75.4,88.7,73.5,2026-06-12 08:00:00,3085259
82.4,74.8,88.9,73.6,2026-06-12 08:20:00,3085259
83.2,73.4,90.7,73.8,2026-06-12 08:40:00,3085259
84.7,71.7,93.9,74.5,2026-06-12 09:00:00,3085259
85.8,66.5,94.8,73.4,2026-06-12 09:20:00,3085259
87.2,64.3,96.8,73.7,2026-06-12 09:40:00,3085259
89.8,59.7,100.6,73.9,2026-06-12 10:00:00,3085259
91.6,54.1,102.7,72.6,2026-06-12 10:20:00,3085259
93.2,49.2,102.9,71.3,2026-06-12 10:40:00,3085259
96.3,44.9,107.4,71.4,2026-06-12 11:00:00,3085259
97.5,42.2,108.5,70.7,2026-06-12 11:20:00,3085259
98.5,39.8,108.7,69.9,2026-06-12 11:40:00,3085259
99.7,36.7,109.0,68.5,2026-06-12 12:00:00,3085259
100.6,35.8,110.1,68.6,2026-06-12 12:20:00,3085259
101.4,34.3,110.5,68.1,2026-06-12 12:40:00,3085259
101.5,33.0,109.9,67.0,2026-06-12 13:00:00,3085259
102.4,30.0,108.9,65.0,2026-06-12 13:20:00,3085259
102.6,30.9,109.9,66.1,2026-06-12 13:40:00,3085259
103.3,31.1,111.7,66.9,2026-06-12 14:00:00,3085259
103.0,30.5,110.5,66.0,2026-06-12 14:20:00,3085259
103.8,29.2,111.0,65.5,2026-06-12 14:40:00,3085259
101.3,32.9,109.4,66.8,2026-06-12 15:00:00,3085259
102.2,31.3,109.2,66.0,2026-06-12 15:20:00,3085259
101.4,31.1,108.0,65.3,2026-06-12 15:40:00,3085259
101.6,31.0,108.1,65.3,2026-06-12 16:00:00,3085259
102.3,30.8,109.4,65.7,2026-06-12 16:20:00,3085259
102.0,31.0,109.0,65.7,2026-06-12 16:40:00,3085259
101.9,30.6,108.5,65.2,2026-06-12 17:00:00,3085259
102.0,31.2,109.2,65.9,2026-06-12 17:20:00,3085259
101.1,31.2,107.2,65.0,2026-06-12 17:40:00,3085259
101.0,30.2,106.5,64.0,2026-06-12 18:00:00,3085259
100.4,29.3,104.9,62.7,2026-06-12 18:20:00,3085259
99.2,31.8,104.4,64.0,2026-06-12 18:40:00,3085259
98.3,34.9,104.9,65.9,2026-06-12 19:00:00,3085259
97.9,35.4,104.5,65.9,2026-06-12 19:20:00,3085259
97.1,36.2,103.5,65.8,2026-06-12 19:40:00,3085259
96.1,37.2,102.4,65.8,2026-06-12 20:00:00,3085259
95.4,38.4,101.7,66.0,2026-06-12 20:20:00,3085259
94.1,40.5,100.4,66.4,2026-06-12 20:40:00,3085259
92.5,42.9,98.1,66.7,2026-06-12 21:00:00,3085259
91.1,45.6,97.0,67.2,2026-06-12 21:20:00,3085259
89.8,48.2,95.5,67.6,2026-06-12 21:40:00,3085259
88.8,50.1,94.3,67.8,2026-06-12 22:00:00,3085259
88.0,51.8,93.4,68.0,2026-06-12 22:20:00,3085259
88.3,51.0,93.4,67.8,2026-06-12 22:40:00,3085259
88.8,47.8,93.4,66.5,2026-06-12 23:00:00,3085259
87.9,48.2,91.6,65.9,2026-06-12 23:20:00,3085259
87.4,46.6,90.1,64.5,2026-06-12 23:40:00,3085259
86.3,47.9,88.9,64.2,2026-06-13 00:00:00,3085259
85.1,50.4,87.8,64.6,2026-06-13 00:20:00,3085259
84.1,51.9,86.4,64.5,2026-06-13 00:40:00,3085259
83.0,54.3,85.1,64.8,2026-06-13 01:00:00,3085259
82.6,55.6,84.6,65.1,2026-06-13 01:20:00,3085259
82.4,56.4,84.4,65.4,2026-06-13 01:40:00,3085259
82.3,56.6,84.2,65.3,2026-06-13 02:00:00,3085259
82.0,57.6,84.2,65.6,2026-06-13 02:20:00,3085259
81.4,59.0,83.3,65.7,2026-06-13 02:40:00,3085259
80.7,60.5,82.6,65.8,2026-06-13 03:00:00,3085259
79.8,62.4,81.7,65.8,2026-06-13 03:20:00,3085259
78.9,64.1,80.4,65.7,2026-06-13 03:40:00,3085259
78.3,65.8,79.9,65.9,2026-06-13 04:00:00,3085259
77.9,66.9,79.5,66.0,2026-06-13 04:20:00,3085259
77.3,68.2,78.4,66.0,2026-06-13 04:40:00,3085259
76.7,69.6,77.7,66.0,2026-06-13 05:00:00,3085259
76.0,71.2,77.0,66.0,2026-06-13 05:20:00,3085259
75.5,72.5,76.6,66.0,2026-06-13 05:40:00,3085259
75.3,73.4,76.5,66.2,2026-06-13 06:00:00,3085259
75.1,74.2,76.5,66.3,2026-06-13 06:20:00,3085259
75.4,73.9,76.8,66.5,2026-06-13 06:40:00,3085259
75.5,75.0,77.0,67.0,2026-06-13 07:00:00,3085259
76.5,73.2,77.9,67.2,2026-06-13 07:20:00,3085259
78.0,71.5,80.2,68.1,2026-06-13 07:40:00,3085259
79.1,69.6,81.9,68.3,2026-06-13 08:00:00,3085259
80.7,67.1,84.0,68.7,2026-06-13 08:20:00,3085259
82.2,64.1,85.6,68.8,2026-06-13 08:40:00,3085259
82.9,62.9,86.9,68.9,2026-06-13 09:00:00,3085259
83.9,61.7,88.7,69.3,2026-06-13 09:20:00,3085259
85.1,59.6,90.7,69.5,2026-06-13 09:40:00,3085259
86.5,57.3,92.3,69.5,2026-06-13 10:00:00,3085259
87.8,55.4,94.5,69.9,2026-06-13 10:20:00,3085259
88.3,54.8,95.0,70.0,2026-06-13 10:40:00,3085259
90.5,52.2,98.8,70.6,2026-06-13 11:00:00,3085259
92.4,49.0,101.5,70.4,2026-06-13 11:20:00,3085259
93.9,47.0,103.3,70.6,2026-06-13 11:40:00,3085259
92.6,46.4,100.2,69.0,2026-06-13 12:00:00,3085259
95.1,44.7,104.4,70.2,2026-06-13 12:20:00,3085259
94.6,43.0,102.4,68.6,2026-06-13 12:40:00,3085259
93.4,44.0,100.6,68.2,2026-06-13 13:00:00,3085259
96.7,40.9,105.8,69.1,2026-06-13 13:20:00,3085259
97.1,39.8,105.8,68.6,2026-06-13 13:40:00,3085259
97.9,38.2,106.5,68.1,2026-06-13 14:00:00,3085259
96.4,37.0,102.6,65.9,2026-06-13 14:20:00,3085259
95.7,40.6,103.6,67.9,2026-06-13 14:40:00,3085259
95.5,40.9,103.1,68.0,2026-06-13 15:00:00,3085259
95.5,40.2,102.7,67.4,2026-06-13 15:20:00,3085259
96.6,40.2,105.3,68.5,2026-06-13 15:40:00,3085259
96.1,38.2,102.6,66.5,2026-06-13 16:00:00,3085259
96.5,37.8,103.5,66.5,2026-06-13 16:20:00,3085259
96.4,37.6,103.1,66.3,2026-06-13 16:40:00,3085259
96.9,39.0,104.9,67.8,2026-06-13 17:00:00,3085259
97.1,38.0,104.5,67.2,2026-06-13 17:20:00,3085259
96.0,37.6,102.4,66.0,2026-06-13 17:40:00,3085259
96.5,37.9,103.5,66.7,2026-06-13 18:00:00,3085259
95.5,38.4,101.7,66.1,2026-06-13 18:20:00,3085259
94.4,40.9,100.9,66.9,2026-06-13 18:40:00,3085259
93.0,43.2,99.5,67.4,2026-06-13 19:00:00,3085259
92.2,44.3,98.4,67.3,2026-06-13 19:20:00,3085259
91.5,45.6,97.7,67.6,2026-06-13 19:40:00,3085259
90.6,47.9,97.0,68.2,2026-06-13 20:00:00,3085259
90.0,48.4,96.1,67.9,2026-06-13 20:20:00,3085259
88.9,49.7,94.5,67.7,2026-06-13 20:40:00,3085259
88.0,51.5,93.4,67.9,2026-06-13 21:00:00,3085259
86.3,55.0,91.4,68.2,2026-06-13 21:20:00,3085259
85.0,59.6,90.3,69.4,2026-06-13 21:40:00,3085259
83.2,62.4,87.4,69.0,2026-06-13 22:00:00,3085259
82.0,65.3,85.6,69.2,2026-06-13 22:20:00,3085259
80.5,67.8,84.0,68.9,2026-06-13 22:40:00,3085259
80.0,69.5,83.3,69.1,2026-06-13 23:00:00,3085259
79.8,69.2,82.9,68.8,2026-06-13 23:20:00,3085259
79.7,69.0,82.9,68.6,2026-06-13 23:40:00,3085259
79.4,69.6,82.4,68.6,2026-06-14 00:00:00,3085259
78.7,71.4,81.5,68.7,2026-06-14 00:20:00,3085259
76.0,80.3,78.1,69.5,2026-06-14 03:00:00,3085259
75.4,81.9,77.5,69.5,2026-06-14 03:20:00,3085259
79.7,61.1,81.1,65.1,2026-05-28 18:00:00,2968896
87.7,41.6,89.2,61.5,2026-05-28 18:20:00,2968896
87.4,41.7,88.7,61.3,2026-05-28 18:40:00,2968896
87.5,43.5,89.4,62.6,2026-05-28 19:00:00,2968896
87.2,43.1,88.7,62.1,2026-05-28 19:20:00,2968896
85.7,43.2,86.5,60.8,2026-05-28 19:40:00,2968896
84.1,46.8,84.9,61.5,2026-05-28 20:00:00,2968896
82.2,52.4,82.9,63.0,2026-05-28 20:20:00,2968896
80.2,56.7,81.0,63.4,2026-05-28 20:40:00,2968896
78.1,59.7,78.6,62.9,2026-05-28 21:00:00,2968896
77.2,63.1,77.9,63.7,2026-05-28 21:20:00,2968896
76.6,65.4,77.0,64.1,2026-05-28 21:40:00,2968896
76.7,65.9,77.2,64.5,2026-05-28 22:00:00,2968896
76.2,66.2,76.6,64.1,2026-05-28 22:20:00,2968896
75.4,64.8,75.7,62.8,2026-05-28 22:40:00,2968896
74.4,67.9,75.0,63.2,2026-05-28 23:00:00,2968896
76.0,59.7,75.7,60.9,2026-05-28 23:20:00,2968896
76.4,56.1,75.7,59.6,2026-05-28 23:40:00,2968896
75.7,55.4,75.0,58.6,2026-05-29 00:00:00,2968896
75.2,54.3,74.5,57.6,2026-05-29 00:20:00,2968896
74.5,55.4,73.9,57.5,2026-05-29 00:40:00,2968896
74.1,55.9,73.4,57.4,2026-05-29 01:00:00,2968896
73.4,55.2,73.0,56.4,2026-05-29 01:20:00,2968896
72.7,55.8,72.3,56.0,2026-05-29 01:40:00,2968896
72.4,56.4,72.0,56.0,2026-05-29 02:00:00,2968896
71.6,58.0,71.2,56.0,2026-05-29 02:20:00,2968896
70.4,58.4,70.2,55.1,2026-05-29 02:40:00,2968896
68.8,61.5,68.0,55.0,2026-05-29 03:00:00,2968896
67.5,66.5,66.7,55.9,2026-05-29 03:20:00,2968896
66.4,67.6,65.3,55.4,2026-05-29 03:40:00,2968896
65.7,69.1,64.4,55.3,2026-05-29 04:00:00,2968896
64.9,71.5,63.7,55.4,2026-05-29 04:20:00,2968896
64.2,72.5,63.0,55.2,2026-05-29 04:40:00,2968896
64.0,74.6,63.0,55.8,2026-05-29 05:00:00,2968896
63.3,76.3,62.6,55.7,2026-05-29 05:20:00,2968896
62.4,77.8,61.7,55.4,2026-05-29 05:40:00,2968896
62.0,80.7,61.5,55.9,2026-05-29 06:00:00,2968896
61.6,80.8,61.3,55.7,2026-05-29 06:20:00,2968896
62.3,79.7,61.9,55.9,2026-05-29 06:40:00,2968896
64.1,72.8,63.0,55.1,2026-05-29 07:00:00,2968896
65.5,65.6,63.9,53.7,2026-05-29 07:20:00,2968896
66.5,61.8,64.8,53.0,2026-05-29 07:40:00,2968896
67.1,60.4,65.7,52.9,2026-05-29 08:00:00,2968896
67.6,59.1,66.0,52.8,2026-05-29 08:20:00,2968896
69.4,58.1,68.5,54.1,2026-05-29 08:40:00,2968896
69.6,57.3,68.9,53.9,2026-05-29 09:00:00,2968896
70.5,56.4,70.0,54.2,2026-05-29 09:20:00,2968896
70.6,55.2,70.2,53.7,2026-05-29 09:40:00,2968896
71.9,53.3,71.2,54.0,2026-05-29 10:00:00,2968896
72.8,51.3,71.8,53.8,2026-05-29 10:20:00,2968896
74.0,49.1,72.9,53.7,2026-05-29 10:40:00,2968896
77.1,45.6,75.4,54.5,2026-05-29 11:00:00,2968896
78.5,42.1,76.8,53.6,2026-05-29 11:20:00,2968896
78.2,41.0,76.1,52.6,2026-05-29 11:40:00,2968896
77.8,39.9,75.6,51.5,2026-05-29 12:00:00,2968896
82.7,38.0,81.0,54.5,2026-05-29 12:20:00,2968896
80.0,37.7,77.7,51.9,2026-05-29 12:40:00,2968896
84.1,37.2,82.8,55.2,2026-05-29 13:00:00,2968896
83.0,35.7,81.0,53.1,2026-05-29 13:20:00,2968896
82.5,36.1,80.4,52.9,2026-05-29 13:40:00,2968896
84.4,36.8,82.9,55.1,2026-05-29 14:00:00,2968896
83.2,35.1,81.1,52.8,2026-05-29 14:20:00,2968896
85.0,34.6,83.3,54.0,2026-05-29 14:40:00,2968896
86.9,34.6,86.0,55.7,2026-05-29 15:00:00,2968896
87.2,34.1,86.0,55.5,2026-05-29 15:20:00,2968896
87.7,34.8,87.1,56.5,2026-05-29 15:40:00,2968896
86.6,34.0,85.3,54.9,2026-05-29 16:00:00,2968896
88.4,34.9,88.2,57.2,2026-05-29 16:20:00,2968896
85.6,36.2,84.6,55.8,2026-05-29 16:40:00,2968896
85.3,36.4,84.2,55.7,2026-05-29 17:00:00,2968896
86.1,36.4,85.3,56.3,2026-05-29 17:20:00,2968896
86.0,38.0,85.5,57.4,2026-05-29 17:40:00,2968896
85.7,39.0,85.5,57.9,2026-05-29 18:00:00,2968896
85.6,37.8,84.9,57.0,2026-05-29 18:20:00,2968896
84.8,39.6,84.4,57.5,2026-05-29 18:40:00,2968896
83.0,39.8,81.7,56.1,2026-05-29 19:00:00,2968896
82.6,41.4,81.3,56.8,2026-05-29 19:20:00,2968896
82.2,44.0,81.1,58.1,2026-05-29 19:40:00,2968896
80.8,46.5,80.2,58.4,2026-05-29 20:00:00,2968896
78.1,50.4,77.4,58.2,2026-05-29 20:20:00,2968896
76.2,56.0,75.6,59.3,2026-05-29 20:40:00,2968896
74.7,57.9,74.3,58.9,2026-05-29 21:00:00,2968896
74.1,60.1,73.9,59.3,2026-05-29 21:20:00,2968896
73.5,62.0,73.6,59.7,2026-05-29 21:40:00,2968896
73.4,64.0,73.6,60.4,2026-05-29 22:00:00,2968896
72.9,65.2,73.2,60.5,2026-05-29 22:20:00,2968896
72.8,65.8,73.0,60.6,2026-05-29 22:40:00,2968896
73.8,64.9,74.1,61.2,2026-05-29 23:00:00,2968896
74.0,64.4,74.3,61.3,2026-05-29 23:20:00,2968896
74.9,62.8,75.0,61.3,2026-05-29 23:40:00,2968896
76.0,61.4,75.9,61.8,2026-05-30 00:00:00,2968896
75.7,63.2,75.9,62.3,2026-05-30 00:20:00,2968896
75.0,66.2,75.4,62.9,2026-05-30 00:40:00,2968896
74.6,68.7,75.2,63.6,2026-05-30 01:00:00,2968896
74.2,70.5,75.0,64.0,2026-05-30 01:20:00,2968896
73.7,72.5,74.7,64.2,2026-05-30 01:40:00,2968896
73.5,74.1,74.5,64.7,2026-05-30 02:00:00,2968896
73.0,75.6,74.1,64.9,2026-05-30 02:20:00,2968896
72.6,76.9,73.8,64.9,2026-05-30 02:40:00,2968896
72.3,78.6,73.4,65.3,2026-05-30 03:00:00,2968896
71.9,80.2,73.2,65.4,2026-05-30 03:20:00,2968896
71.8,81.3,73.2,65.7,2026-05-30 03:40:00,2968896
71.6,82.7,72.9,66.0,2026-05-30 04:00:00,2968896
71.4,83.8,72.7,66.2,2026-05-30 04:20:00,2968896
71.2,84.9,72.5,66.4,2026-05-30 04:40:00,2968896
71.3,85.6,72.7,66.8,2026-05-30 05:00:00,2968896
71.4,85.9,72.7,67.0,2026-05-30 05:20:00,2968896
71.2,86.2,72.5,66.8,2026-05-30 05:40:00,2968896
71.1,86.7,72.7,66.9,2026-05-30 06:00:00,2968896
71.0,87.1,72.5,67.0,2026-05-30 06:20:00,2968896
71.4,86.6,72.9,67.2,2026-05-30 06:40:00,2968896
71.8,86.2,73.4,67.5,2026-05-30 07:00:00,2968896
71.7,86.1,73.2,67.3,2026-05-30 07:20:00,2968896
72.3,85.3,74.1,67.7,2026-05-30 07:40:00,2968896
73.1,84.2,75.0,68.0,2026-05-30 08:00:00,2968896
74.1,80.5,75.7,67.7,2026-05-30 08:20:00,2968896
75.4,71.2,76.5,65.4,2026-05-30 08:40:00,2968896
75.8,54.3,75.0,58.1,2026-05-30 09:00:00,2968896
75.5,51.7,74.5,56.5,2026-05-30 09:20:00,2968896
76.2,54.8,75.4,58.8,2026-05-30 09:40:00,2968896
76.8,48.3,75.4,55.9,2026-05-30 10:00:00,2968896
78.2,41.4,76.1,52.8,2026-05-30 10:20:00,2968896
79.0,41.4,77.2,53.6,2026-05-30 10:40:00,2968896
79.3,37.9,76.8,51.4,2026-05-30 11:00:00,2968896
80.1,33.7,77.4,49.0,2026-05-30 11:20:00,2968896
80.3,33.6,77.5,49.1,2026-05-30 11:40:00,2968896
83.9,32.0,81.5,50.9,2026-05-30 12:00:00,2968896
83.3,25.0,79.5,43.8,2026-05-30 12:20:00,2968896
84.6,25.7,81.1,45.6,2026-05-30 12:40:00,2968896
84.9,26.2,81.5,46.4,2026-05-30 13:00:00,2968896
87.3,26.9,84.6,49.2,2026-05-30 13:20:00,2968896
86.3,23.8,82.6,45.0,2026-05-30 13:40:00,2968896
87.1,26.3,84.2,48.3,2026-05-30 14:00:00,2968896
88.8,22.6,85.5,45.8,2026-05-30 14:20:00,2968896
90.1,20.7,86.4,44.4,2026-05-30 14:40:00,2968896
88.3,21.3,84.4,43.8,2026-05-30 15:00:00,2968896
89.3,21.9,85.8,45.3,2026-05-30 15:20:00,2968896
89.9,22.3,86.5,46.4,2026-05-30 15:40:00,2968896
87.8,21.0,83.8,43.1,2026-05-30 16:00:00,2968896
89.0,22.8,85.6,46.1,2026-05-30 16:20:00,2968896
87.1,26.1,84.2,48.2,2026-05-30 16:40:00,2968896
84.8,27.4,81.7,47.6,2026-05-30 17:00:00,2968896
87.4,25.7,84.2,48.0,2026-05-30 17:20:00,2968896
86.0,27.3,82.9,48.4,2026-05-30 17:40:00,2968896
86.1,27.3,83.1,48.5,2026-05-30 18:00:00,2968896
83.7,30.6,80.8,49.5,2026-05-30 18:20:00,2968896
82.8,33.1,80.2,50.8,2026-05-30 18:40:00,2968896
82.3,34.1,79.9,51.2,2026-05-30 19:00:00,2968896
81.5,33.3,78.8,49.9,2026-05-30 19:20:00,2968896
80.8,33.3,78.1,49.3,2026-05-30 19:40:00,2968896
80.2,35.3,77.5,50.3,2026-05-30 20:00:00,2968896
78.8,37.6,76.5,50.8,2026-05-30 20:20:00,2968896
76.8,39.9,74.3,50.6,2026-05-30 20:40:00,2968896
74.9,44.9,73.2,52.0,2026-05-30 21:00:00,2968896
70.1,49.4,68.9,50.3,2026-05-30 23:40:00,2968896
68.6,51.2,66.9,49.8,2026-05-31 00:00:00,2968896
67.4,54.0,65.3,50.2,2026-05-31 00:20:00,2968896
66.8,55.3,64.8,50.3,2026-05-31 00:40:00,2968896
66.1,57.3,63.9,50.6,2026-05-31 01:00:00,2968896
65.4,58.1,62.8,50.3,2026-05-31 01:20:00,2968896
65.0,58.8,62.6,50.3,2026-05-31 01:40:00,2968896
64.3,61.4,62.1,50.7,2026-05-31 02:00:00,2968896
63.4,57.2,60.8,48.0,2026-05-31 02:20:00,2968896
62.9,59.0,60.4,48.3,2026-05-31 02:40:00,2968896
62.4,60.8,60.3,48.8,2026-05-31 03:00:00,2968896
62.0,62.2,60.1,48.9,2026-05-31 03:20:00,2968896
61.7,62.7,59.9,48.8,2026-05-31 03:40:00,2968896
61.4,63.4,59.5,48.8,2026-05-31 04:00:00,2968896
60.9,63.8,59.2,48.6,2026-05-31 04:20:00,2968896
60.6,66.1,59.0,49.2,2026-05-31 04:40:00,2968896
59.7,67.9,58.3,49.1,2026-05-31 05:00:00,2968896
58.9,69.2,57.6,48.8,2026-05-31 05:20:00,2968896
58.1,72.1,57.2,49.2,2026-05-31 05:40:00,2968896
57.9,73.5,57.2,49.6,2026-05-31 06:00:00,2968896
56.9,75.2,56.1,49.2,2026-05-31 06:20:00,2968896
56.9,76.0,56.1,49.4,2026-05-31 06:40:00,2968896
58.3,74.7,57.6,50.3,2026-05-31 07:00:00,2968896
59.6,71.9,58.5,50.5,2026-05-31 07:20:00,2968896
60.7,70.5,59.4,51.0,2026-05-31 07:40:00,2968896
61.7,69.3,60.3,51.6,2026-05-31 08:00:00,2968896
62.7,67.1,61.0,51.6,2026-05-31 08:20:00,2968896
62.9,65.0,61.0,50.9,2026-05-31 08:40:00,2968896
64.3,62.6,62.2,51.3,2026-05-31 09:00:00,2968896
65.5,56.3,63.0,49.6,2026-05-31 09:20:00,2968896
66.5,54.4,64.2,49.6,2026-05-31 09:40:00,2968896
66.6,54.1,64.2,49.5,2026-05-31 10:00:00,2968896
68.0,50.1,65.8,48.7,2026-05-31 10:20:00,2968896
68.5,50.0,66.6,49.1,2026-05-31 10:40:00,2968896
71.2,45.4,70.0,49.0,2026-05-31 11:00:00,2968896
73.2,40.3,71.2,47.6,2026-05-31 11:20:00,2968896
74.8,39.3,72.5,48.4,2026-05-31 11:40:00,2968896
74.3,37.8,72.0,46.9,2026-05-31 12:00:00,2968896
76.3,35.4,73.6,47.0,2026-05-31 12:20:00,2968896
76.8,36.9,74.1,48.5,2026-05-31 12:40:00,2968896
77.5,34.5,74.5,47.4,2026-05-31 13:00:00,2968896
77.9,35.6,75.0,48.5,2026-05-31 13:20:00,2968896
77.7,33.7,74.8,46.9,2026-05-31 13:40:00,2968896
82.2,34.7,79.5,51.6,2026-05-31 14:00:00,2968896
81.4,33.4,78.6,49.9,2026-05-31 14:20:00,2968896
79.0,33.7,76.1,48.0,2026-05-31 14:40:00,2968896
80.9,34.0,78.3,50.0,2026-05-31 15:00:00,2968896
80.8,34.0,78.3,49.9,2026-05-31 15:20:00,2968896
81.0,33.2,78.3,49.4,2026-05-31 15:40:00,2968896
83.0,36.0,81.1,53.3,2026-05-31 16:00:00,2968896
79.5,34.7,76.8,49.3,2026-05-31 16:20:00,2968896
82.6,36.0,80.4,53.0,2026-05-31 16:40:00,2968896
82.1,36.0,79.7,52.5,2026-05-31 17:00:00,2968896
80.0,35.7,77.4,50.3,2026-05-31 17:20:00,2968896
79.2,37.0,76.8,50.7,2026-05-31 17:40:00,2968896
79.4,38.5,77.4,52.0,2026-05-31 18:00:00,2968896
80.3,39.6,78.4,53.5,2026-05-31 18:20:00,2968896
79.1,39.8,77.0,52.6,2026-05-31 18:40:00,2968896
80.0,41.7,78.3,54.7,2026-05-31 19:00:00,2968896
78.9,42.8,77.2,54.4,2026-05-31 19:20:00,2968896
76.6,45.0,74.8,53.7,2026-05-31 19:40:00,2968896
76.0,46.1,74.3,53.8,2026-05-31 20:00:00,2968896
75.5,46.3,73.8,53.4,2026-05-31 20:20:00,2968896
74.5,47.2,73.2,53.0,2026-05-31 20:40:00,2968896
72.9,49.6,71.8,52.9,2026-05-31 21:00:00,2968896
72.6,50.7,71.8,53.3,2026-05-31 21:20:00,2968896
72.2,50.9,71.4,53.0,2026-05-31 21:40:00,2968896
71.9,51.3,71.1,52.9,2026-05-31 22:00:00,2968896
72.5,51.6,71.8,53.7,2026-05-31 22:20:00,2968896
72.8,52.1,72.0,54.2,2026-05-31 22:40:00,2968896
72.6,55.3,72.1,55.6,2026-05-31 23:00:00,2968896
72.2,57.2,71.8,56.3,2026-05-31 23:20:00,2968896
72.0,58.4,71.8,56.6,2026-05-31 23:40:00,2968896
71.7,58.7,71.4,56.4,2026-06-01 00:00:00,2968896
71.6,59.7,71.4,56.8,2026-06-01 00:20:00,2968896
71.5,60.3,71.4,57.0,2026-06-01 00:40:00,2968896
71.3,60.9,71.2,57.1,2026-06-01 01:00:00,2968896
71.1,61.5,71.2,57.2,2026-06-01 01:20:00,2968896
70.7,62.1,70.5,57.1,2026-06-01 01:40:00,2968896
70.4,63.4,70.5,57.4,2026-06-01 02:00:00,2968896
70.1,64.8,70.0,57.7,2026-06-01 02:20:00,2968896
70.2,65.8,70.2,58.2,2026-06-01 02:40:00,2968896
69.7,66.9,69.6,58.2,2026-06-01 03:00:00,2968896
69.5,67.6,69.4,58.3,2026-06-01 03:20:00,2968896
69.3,68.2,69.3,58.4,2026-06-01 03:40:00,2968896
69.1,68.9,68.9,58.4,2026-06-01 04:00:00,2968896
68.7,69.8,68.7,58.5,2026-06-01 04:20:00,2968896
68.9,70.3,68.7,58.8,2026-06-01 04:40:00,2968896
68.5,70.5,68.2,58.5,2026-06-01 05:00:00,2968896
68.7,70.5,68.4,58.7,2026-06-01 05:20:00,2968896
68.3,70.7,68.0,58.4,2026-06-01 05:40:00,2968896
67.8,71.6,67.6,58.4,2026-06-01 06:00:00,2968896
67.9,72.6,67.6,58.7,2026-06-01 06:20:00,2968896
67.7,73.2,67.5,58.8,2026-06-01 06:40:00,2968896
68.1,72.9,67.8,59.1,2026-06-01 07:00:00,2968896
68.9,72.0,68.7,59.5,2026-06-01 07:20:00,2968896
69.5,71.1,69.6,59.7,2026-06-01 07:40:00,2968896
69.7,70.5,69.8,59.7,2026-06-01 08:00:00,2968896
70.2,70.9,70.5,60.4,2026-06-01 08:20:00,2968896
70.9,69.7,71.6,60.5,2026-06-01 08:40:00,2968896
71.5,69.5,72.1,61.0,2026-06-01 09:00:00,2968896
72.0,70.3,72.7,61.8,2026-06-01 09:20:00,2968896
72.3,70.0,72.9,61.9,2026-06-01 09:40:00,2968896
72.9,70.1,73.6,62.5,2026-06-01 10:00:00,2968896
74.1,69.6,74.8,63.5,2026-06-01 10:20:00,2968896
74.4,68.2,75.0,63.3,2026-06-01 10:40:00,2968896
76.4,63.5,76.6,63.1,2026-06-01 11:00:00,2968896
78.9,58.9,79.7,63.4,2026-06-01 11:20:00,2968896
80.3,57.0,81.5,63.6,2026-06-01 11:40:00,2968896
81.6,53.5,82.6,63.1,2026-06-01 12:00:00,2968896
83.4,48.5,84.2,61.9,2026-06-01 12:20:00,2968896
82.9,51.0,84.0,62.9,2026-06-01 12:40:00,2968896
82.5,46.1,82.2,59.7,2026-06-01 13:00:00,2968896
82.6,48.7,82.8,61.3,2026-06-01 13:20:00,2968896
84.3,43.9,84.6,60.0,2026-06-01 13:40:00,2968896
82.3,48.6,82.6,61.0,2026-06-01 14:00:00,2968896
83.0,47.3,83.3,60.9,2026-06-01 14:20:00,2968896
82.5,45.0,82.0,59.0,2026-06-01 14:40:00,2968896
82.2,41.5,80.8,56.5,2026-06-01 15:00:00,2968896
82.4,38.3,80.6,54.4,2026-06-01 15:20:00,2968896
83.2,37.4,81.5,54.6,2026-06-01 15:40:00,2968896
84.4,34.7,82.8,53.6,2026-06-01 16:00:00,2968896
85.9,36.0,84.9,55.9,2026-06-01 16:20:00,2968896
83.1,39.7,81.7,56.1,2026-06-01 16:40:00,2968896
81.8,42.6,80.6,56.9,2026-06-01 17:00:00,2968896
81.2,42.3,79.9,56.2,2026-06-01 17:20:00,2968896
81.2,41.2,79.7,55.5,2026-06-01 17:40:00,2968896
81.1,41.2,79.5,55.3,2026-06-01 18:00:00,2968896
79.8,42.3,78.3,54.9,2026-06-01 18:20:00,2968896
80.4,40.3,78.8,54.1,2026-06-01 18:40:00,2968896
79.8,40.1,77.9,53.4,2026-06-01 19:00:00,2968896
78.7,42.8,77.0,54.2,2026-06-01 19:20:00,2968896
78.3,42.3,76.5,53.5,2026-06-01 19:40:00,2968896
76.9,43.1,74.8,52.8,2026-06-01 20:00:00,2968896
76.0,45.1,74.3,53.2,2026-06-01 20:20:00,2968896
74.3,47.5,73.0,53.1,2026-06-01 20:40:00,2968896
72.7,51.3,71.8,53.7,2026-06-01 21:00:00,2968896
72.7,50.8,71.8,53.4,2026-06-01 21:20:00,2968896
72.7,49.8,71.6,52.9,2026-06-01 21:40:00,2968896
72.3,48.9,71.2,52.0,2026-06-01 22:00:00,2968896
72.6,47.2,71.4,51.3,2026-06-01 22:20:00,2968896
72.3,45.8,71.1,50.2,2026-06-01 22:40:00,2968896
71.7,46.3,70.5,50.0,2026-06-01 23:00:00,2968896
72.0,47.6,71.1,51.1,2026-06-01 23:20:00,2968896
71.2,53.4,70.5,53.4,2026-06-01 23:40:00,2968896
70.8,56.9,70.5,54.8,2026-06-02 00:00:00,2968896
70.2,57.0,69.6,54.3,2026-06-02 00:20:00,2968896
70.0,56.7,69.4,53.9,2026-06-02 00:40:00,2968896
69.4,55.3,68.4,52.7,2026-06-02 01:00:00,2968896
68.8,53.6,67.5,51.3,2026-06-02 01:20:00,2968896
68.5,53.1,66.9,50.7,2026-06-02 01:40:00,2968896
67.7,51.5,65.7,49.2,2026-06-02 02:00:00,2968896
66.9,50.9,64.4,48.2,2026-06-02 02:20:00,2968896
66.1,53.5,63.5,48.7,2026-06-02 02:40:00,2968896
65.8,54.2,63.0,48.8,2026-06-02 03:00:00,2968896
64.8,56.0,62.1,48.8,2026-06-02 03:20:00,2968896
64.2,58.0,61.5,49.1,2026-06-02 03:40:00,2968896
63.6,60.0,61.3,49.5,2026-06-02 04:00:00,2968896
63.2,62.9,61.2,50.4,2026-06-02 04:20:00,2968896
62.8,64.4,60.8,50.6,2026-06-02 04:40:00,2968896
62.5,66.0,60.8,51.0,2026-06-02 05:00:00,2968896
62.0,67.2,60.3,51.0,2026-06-02 05:20:00,2968896
61.5,68.6,59.9,51.1,2026-06-02 05:40:00,2968896
61.1,70.1,59.7,51.3,2026-06-02 06:00:00,2968896
60.9,71.9,59.7,51.7,2026-06-02 06:20:00,2968896
60.8,72.4,59.7,51.9,2026-06-02 06:40:00,2968896
61.3,72.9,60.1,52.5,2026-06-02 07:00:00,2968896
61.6,73.1,60.4,52.9,2026-06-02 07:20:00,2968896
61.5,70.7,60.3,51.9,2026-06-02 07:40:00,2968896
62.2,69.6,60.8,52.2,2026-06-02 08:00:00,2968896
61.9,67.2,60.3,50.9,2026-06-02 08:20:00,2968896
62.5,64.9,60.6,50.5,2026-06-02 08:40:00,2968896
62.9,65.4,61.0,51.1,2026-06-02 09:00:00,2968896
64.2,60.8,61.9,50.4,2026-06-02 09:20:00,2968896
65.4,57.1,62.8,49.8,2026-06-02 09:40:00,2968896
64.3,58.3,61.9,49.4,2026-06-02 10:00:00,2968896
65.8,55.3,63.1,49.3,2026-06-02 10:20:00,2968896
67.9,51.8,66.0,49.6,2026-06-02 10:40:00,2968896
69.3,46.1,67.6,47.6,2026-06-02 11:00:00,2968896
70.2,44.8,68.7,47.8,2026-06-02 11:20:00,2968896
71.6,42.3,70.0,47.5,2026-06-02 11:40:00,2968896
75.3,38.7,73.0,48.5,2026-06-02 12:00:00,2968896
75.3,37.2,72.9,47.4,2026-06-02 12:20:00,2968896
75.0,37.7,72.5,47.5,2026-06-02 12:40:00,2968896
76.3,35.8,73.6,47.3,2026-06-02 13:00:00,2968896
77.7,34.4,74.7,47.4,2026-06-02 13:20:00,2968896
77.6,33.5,74.7,46.7,2026-06-02 13:40:00,2968896
79.2,33.6,76.3,48.1,2026-06-02 14:00:00,2968896
77.7,32.6,74.7,46.0,2026-06-02 14:20:00,2968896
79.3,30.3,75.9,45.4,2026-06-02 14:40:00,2968896
78.0,29.7,74.5,43.8,2026-06-02 15:00:00,2968896
80.3,28.3,76.8,44.5,2026-06-02 15:20:00,2968896
79.9,29.6,76.5,45.4,2026-06-02 15:40:00,2968896
79.3,29.1,75.7,44.4,2026-06-02 16:00:00,2968896
80.4,29.0,77.0,45.3,2026-06-02 16:20:00,2968896
80.1,29.1,76.6,45.0,2026-06-02 16:40:00,2968896
78.7,28.6,75.2,43.4,2026-06-02 17:00:00,2968896
79.9,29.4,76.3,45.1,2026-06-02 17:20:00,2968896
78.1,27.9,74.5,42.2,2026-06-02 17:40:00,2968896
76.2,28.7,72.7,41.5,2026-06-02 18:00:00,2968896
76.9,28.6,73.4,41.9,2026-06-02 18:20:00,2968896
77.7,28.4,74.1,42.4,2026-06-02 18:40:00,2968896
75.4,27.9,72.0,40.0,2026-06-02 19:00:00,2968896
73.9,29.7,70.7,40.3,2026-06-02 19:20:00,2968896
73.0,30.1,70.2,39.8,2026-06-02 19:40:00,2968896
72.1,31.1,69.4,39.9,2026-06-02 20:00:00,2968896
70.8,31.9,68.5,39.4,2026-06-02 20:20:00,2968896
69.7,33.9,67.1,40.0,2026-06-02 20:40:00,2968896
68.5,34.3,65.1,39.2,2026-06-02 21:00:00,2968896
67.4,36.4,63.9,39.8,2026-06-02 21:20:00,2968896
65.9,37.6,61.9,39.3,2026-06-02 21:40:00,2968896
65.2,39.1,61.0,39.7,2026-06-02 22:00:00,2968896
64.5,40.8,60.4,40.2,2026-06-02 22:20:00,2968896
63.2,41.9,59.4,39.8,2026-06-02 22:40:00,2968896
62.2,46.4,58.6,41.4,2026-06-02 23:00:00,2968896
61.5,47.1,58.3,41.2,2026-06-02 23:20:00,2968896
60.7,50.4,57.7,42.2,2026-06-02 23:40:00,2968896
58.7,54.7,56.3,42.4,2026-06-03 00:00:00,2968896
57.5,56.5,55.4,42.1,2026-06-03 00:20:00,2968896
55.9,60.8,54.3,42.6,2026-06-03 00:40:00,2968896
55.2,63.6,53.8,43.1,2026-06-03 01:00:00,2968896
54.5,66.0,53.2,43.4,2026-06-03 01:20:00,2968896
54.0,67.7,52.9,43.5,2026-06-03 01:40:00,2968896
53.7,70.3,52.7,44.3,2026-06-03 02:00:00,2968896
52.9,70.6,52.0,43.6,2026-06-03 02:20:00,2968896
52.1,72.7,51.3,43.6,2026-06-03 02:40:00,2968896
51.7,73.7,51.1,43.6,2026-06-03 03:00:00,2968896
51.5,73.5,50.9,43.3,2026-06-03 03:20:00,2968896
50.8,76.3,50.2,43.6,2026-06-03 03:40:00,2968896
50.7,77.5,50.3,44.0,2026-06-03 04:00:00,2968896
50.7,78.1,50.3,44.2,2026-06-03 04:20:00,2968896
50.6,79.8,50.2,44.6,2026-06-03 04:40:00,2968896
50.3,80.3,49.8,44.4,2026-06-03 05:00:00,2968896
50.2,81.0,50.0,44.6,2026-06-03 05:20:00,2968896
50.6,80.9,50.3,44.9,2026-06-03 05:40:00,2968896
50.7,81.6,50.3,45.3,2026-06-03 06:00:00,2968896
51.2,78.9,50.7,44.9,2026-06-03 06:20:00,2968896
52.3,79.1,52.0,46.0,2026-06-03 06:40:00,2968896
54.2,74.7,53.4,46.4,2026-06-03 07:00:00,2968896
56.7,67.8,55.6,46.2,2026-06-03 07:20:00,2968896
57.9,64.2,56.3,45.8,2026-06-03 07:40:00,2968896
59.4,60.8,57.6,45.9,2026-06-03 08:00:00,2968896
61.7,56.0,59.0,45.8,2026-06-03 08:20:00,2968896
63.8,52.3,60.6,46.0,2026-06-03 08:40:00,2968896
65.8,48.8,62.4,46.0,2026-06-03 09:00:00,2968896
67.8,44.7,65.3,45.6,2026-06-03 09:20:00,2968896
69.8,41.8,68.0,45.6,2026-06-03 09:40:00,2968896
70.8,37.9,69.1,43.9,2026-06-03 10:00:00,2968896
72.3,36.8,70.2,44.4,2026-06-03 10:20:00,2968896
73.5,35.2,71.1,44.3,2026-06-03 10:40:00,2968896
75.7,33.6,72.7,45.1,2026-06-03 11:00:00,2968896
77.5,31.6,74.1,44.9,2026-06-03 11:20:00,2968896
76.5,31.1,73.2,43.7,2026-06-03 11:40:00,2968896
77.3,29.1,73.8,42.7,2026-06-03 12:00:00,2968896
77.6,29.6,74.1,43.4,2026-06-03 12:20:00,2968896
80.6,27.2,77.0,43.7,2026-06-03 12:40:00,2968896
78.2,28.0,74.5,42.4,2026-06-03 13:00:00,2968896
79.5,26.7,75.7,42.4,2026-06-03 13:20:00,2968896
79.9,27.3,76.3,43.3,2026-06-03 13:40:00,2968896
82.0,26.2,78.1,43.9,2026-06-03 14:00:00,2968896
80.0,27.2,76.3,43.2,2026-06-03 14:20:00,2968896
82.5,26.1,78.8,44.3,2026-06-03 14:40:00,2968896
81.0,25.8,77.2,42.7,2026-06-03 15:00:00,2968896
82.6,26.4,79.0,44.7,2026-06-03 15:20:00,2968896
83.8,24.0,79.9,43.2,2026-06-03 15:40:00,2968896
81.7,25.9,77.9,43.4,2026-06-03 16:00:00,2968896
84.0,25.8,80.2,45.2,2026-06-03 16:20:00,2968896
84.7,24.8,81.0,44.8,2026-06-03 16:40:00,2968896
82.8,25.8,79.0,44.3,2026-06-03 17:00:00,2968896
82.8,24.9,79.0,43.3,2026-06-03 17:20:00,2968896
81.9,26.4,78.3,44.1,2026-06-03 17:40:00,2968896
82.0,26.7,78.4,44.5,2026-06-03 18:00:00,2968896
81.8,26.9,78.1,44.5,2026-06-03 18:20:00,2968896
81.1,27.3,77.4,44.2,2026-06-03 18:40:00,2968896
81.9,28.0,78.3,45.6,2026-06-03 19:00:00,2968896
80.4,28.6,76.8,44.9,2026-06-03 19:20:00,2968896
78.9,29.4,75.4,44.3,2026-06-03 19:40:00,2968896
77.7,31.6,74.5,45.2,2026-06-03 20:00:00,2968896
75.7,34.5,72.7,45.8,2026-06-03 20:20:00,2968896
73.5,38.9,71.4,46.9,2026-06-03 20:40:00,2968896
70.8,40.6,69.3,45.7,2026-06-03 21:00:00,2968896
69.5,43.5,67.6,46.3,2026-06-03 21:20:00,2968896
67.9,45.7,65.5,46.3,2026-06-03 21:40:00,2968896
67.6,47.4,65.1,46.9,2026-06-03 22:00:00,2968896
66.5,49.9,63.7,47.3,2026-06-03 22:20:00,2968896
65.3,52.5,62.2,47.5,2026-06-03 22:40:00,2968896
64.8,53.8,61.9,47.7,2026-06-03 23:00:00,2968896
64.0,55.7,61.2,47.8,2026-06-03 23:20:00,2968896
63.2,57.2,60.6,47.8,2026-06-03 23:40:00,2968896
62.3,58.5,60.1,47.6,2026-06-04 00:00:00,2968896
61.5,60.7,59.4,47.8,2026-06-04 00:20:00,2968896
61.3,63.0,59.4,48.7,2026-06-04 00:40:00,2968896
60.8,63.5,59.0,48.3,2026-06-04 01:00:00,2968896
59.7,65.9,58.1,48.3,2026-06-04 01:20:00,2968896
59.2,67.5,57.7,48.5,2026-06-04 01:40:00,2968896
58.6,69.5,57.4,48.7,2026-06-04 02:00:00,2968896
58.8,69.2,57.4,48.7,2026-06-04 02:20:00,2968896
57.8,70.9,56.7,48.4,2026-06-04 02:40:00,2968896
57.2,72.1,56.1,48.3,2026-06-04 03:00:00,2968896
56.5,74.1,55.8,48.4,2026-06-04 03:20:00,2968896
56.3,75.0,55.8,48.5,2026-06-04 03:40:00,2968896
55.6,76.7,55.0,48.4,2026-06-04 04:00:00,2968896
55.5,77.4,54.9,48.5,2026-06-04 04:20:00,2968896
55.3,78.7,54.7,48.8,2026-06-04 04:40:00,2968896
54.6,79.6,54.1,48.4,2026-06-04 05:00:00,2968896
54.5,80.6,54.1,48.7,2026-06-04 05:20:00,2968896
53.9,82.2,53.6,48.5,2026-06-04 05:40:00,2968896
53.7,83.1,53.6,48.7,2026-06-04 06:00:00,2968896
53.8,83.6,53.8,48.9,2026-06-04 06:20:00,2968896
54.5,83.3,54.5,49.6,2026-06-04 06:40:00,2968896
56.0,81.6,55.8,50.5,2026-06-04 07:00:00,2968896
57.8,78.7,57.2,51.2,2026-06-04 07:20:00,2968896
60.8,74.3,59.7,52.5,2026-06-04 07:40:00,2968896
63.4,68.6,61.9,52.9,2026-06-04 08:00:00,2968896
65.8,60.3,63.7,51.6,2026-06-04 08:20:00,2968896
67.6,56.0,65.8,51.4,2026-06-04 08:40:00,2968896
69.5,50.0,68.0,50.1,2026-06-04 09:00:00,2968896
71.7,46.8,70.5,50.3,2026-06-04 09:20:00,2968896
73.9,43.5,72.1,50.3,2026-06-04 09:40:00,2968896
74.8,40.7,72.7,49.4,2026-06-04 10:00:00,2968896
76.6,39.2,74.3,50.0,2026-06-04 10:20:00,2968896
78.6,33.7,75.7,47.7,2026-06-04 10:40:00,2968896
80.9,31.0,77.7,47.5,2026-06-04 11:00:00,2968896
82.0,28.2,78.3,45.8,2026-06-04 11:20:00,2968896
84.2,27.8,80.8,47.4,2026-06-04 11:40:00,2968896
83.5,25.9,79.9,45.0,2026-06-04 12:00:00,2968896
86.4,26.0,83.3,47.5,2026-06-04 12:20:00,2968896
85.0,26.0,81.5,46.3,2026-06-04 12:40:00,2968896
85.5,25.2,82.0,45.9,2026-06-04 13:00:00,2968896
87.8,24.3,84.6,46.9,2026-06-04 13:20:00,2968896
86.9,23.7,83.5,45.5,2026-06-04 13:40:00,2968896
86.8,24.3,83.3,46.0,2026-06-04 14:00:00,2968896
91.6,22.8,89.1,48.3,2026-06-04 14:20:00,2968896
89.0,22.5,85.5,45.8,2026-06-04 14:40:00,2968896
87.7,22.9,84.0,45.2,2026-06-04 15:00:00,2968896
88.8,22.3,85.3,45.4,2026-06-04 15:20:00,2968896
91.6,22.1,88.9,47.6,2026-06-04 15:40:00,2968896
92.4,21.8,89.6,47.8,2026-06-04 16:00:00,2968896
90.4,21.1,86.9,45.3,2026-06-04 16:20:00,2968896
91.9,21.8,88.9,47.3,2026-06-04 16:40:00,2968896
90.5,21.0,87.1,45.2,2026-06-04 17:00:00,2968896
91.9,20.4,88.7,45.7,2026-06-04 17:20:00,2968896
90.6,21.4,87.3,45.9,2026-06-04 17:40:00,2968896
92.0,21.0,88.9,46.5,2026-06-04 18:00:00,2968896
90.8,20.9,87.3,45.4,2026-06-04 18:20:00,2968896
91.1,21.1,87.8,45.9,2026-06-04 18:40:00,2968896
89.2,23.3,85.8,46.9,2026-06-04 19:00:00,2968896
88.4,22.8,84.9,45.6,2026-06-04 19:20:00,2968896
86.4,27.8,83.7,49.3,2026-06-04 19:40:00,2968896
82.8,30.5,79.7,48.7,2026-06-04 20:00:00,2968896
80.0,34.5,77.2,49.5,2026-06-04 20:20:00,2968896
78.4,36.6,75.7,49.7,2026-06-04 20:40:00,2968896
76.4,38.6,73.9,49.4,2026-06-04 21:00:00,2968896
74.6,41.7,72.7,49.8,2026-06-04 21:20:00,2968896
73.6,46.3,72.3,51.7,2026-06-04 21:40:00,2968896
72.6,46.8,71.4,51.1,2026-06-04 22:00:00,2968896
71.4,48.9,70.3,51.2,2026-06-04 22:20:00,2968896
70.4,51.0,69.6,51.4,2026-06-04 22:40:00,2968896
69.2,53.3,68.0,51.5,2026-06-04 23:00:00,2968896
68.6,55.1,67.3,51.8,2026-06-04 23:20:00,2968896
67.4,57.5,65.7,51.8,2026-06-04 23:40:00,2968896
66.9,58.7,65.3,52.0,2026-06-05 00:00:00,2968896
66.5,59.7,64.6,52.1,2026-06-05 00:20:00,2968896
66.6,60.7,64.9,52.6,2026-06-05 00:40:00,2968896
66.1,61.7,64.2,52.6,2026-06-05 01:00:00,2968896
66.8,60.9,65.3,52.9,2026-06-05 01:20:00,2968896
67.3,59.4,65.8,52.7,2026-06-05 01:40:00,2968896
67.0,59.5,65.3,52.4,2026-06-05 02:00:00,2968896
66.5,61.8,64.8,52.9,2026-06-05 02:20:00,2968896
66.1,63.3,64.4,53.2,2026-06-05 02:40:00,2968896
65.1,65.5,63.1,53.3,2026-06-05 03:00:00,2968896
65.1,66.9,63.3,53.8,2026-06-05 03:20:00,2968896
64.8,67.3,63.1,53.7,2026-06-05 03:40:00,2968896
64.3,68.7,62.8,53.8,2026-06-05 04:00:00,2968896
63.6,71.0,62.2,54.1,2026-06-05 04:20:00,2968896
62.9,72.5,61.7,53.9,2026-06-05 04:40:00,2968896
61.9,73.9,61.0,53.5,2026-06-05 05:00:00,2968896
61.3,75.7,60.4,53.6,2026-06-05 05:20:00,2968896
60.6,77.6,59.9,53.6,2026-06-05 05:40:00,2968896
60.4,78.7,59.9,53.8,2026-06-05 06:00:00,2968896
61.1,78.7,60.4,54.5,2026-06-05 06:20:00,2968896
62.5,76.1,61.7,54.9,2026-06-05 06:40:00,2968896
63.6,74.2,62.6,55.2,2026-06-05 07:00:00,2968896
65.9,69.2,64.6,55.5,2026-06-05 07:20:00,2968896
67.4,66.0,66.4,55.6,2026-06-05 07:40:00,2968896
68.6,63.4,68.0,55.7,2026-06-05 08:00:00,2968896
70.4,60.7,70.3,56.2,2026-06-05 08:20:00,2968896
72.3,57.6,72.0,56.5,2026-06-05 08:40:00,2968896
74.6,54.3,73.8,57.0,2026-06-05 09:00:00,2968896
76.8,51.3,75.6,57.5,2026-06-05 09:20:00,2968896
77.6,48.8,76.5,56.9,2026-06-05 09:40:00,2968896
79.4,46.9,78.6,57.3,2026-06-05 10:00:00,2968896
80.9,44.0,79.7,56.9,2026-06-05 10:20:00,2968896
83.2,41.2,82.4,57.2,2026-06-05 10:40:00,2968896
85.8,35.9,84.7,55.7,2026-06-05 11:00:00,2968896
87.3,34.6,86.4,56.0,2026-06-05 11:20:00,2968896
89.2,32.8,88.5,56.1,2026-06-05 11:40:00,2968896
88.9,31.6,87.8,54.9,2026-06-05 12:00:00,2968896
89.3,29.2,87.6,53.1,2026-06-05 12:20:00,2968896
90.6,29.1,89.4,54.1,2026-06-05 12:40:00,2968896
89.3,29.1,87.6,53.0,2026-06-05 13:00:00,2968896
91.0,27.0,89.2,52.4,2026-06-05 13:20:00,2968896
93.3,28.3,92.8,55.7,2026-06-05 13:40:00,2968896
93.7,26.7,93.2,54.4,2026-06-05 14:00:00,2968896
93.1,26.9,92.1,54.1,2026-06-05 14:20:00,2968896
91.2,26.2,89.6,51.8,2026-06-05 14:40:00,2968896
97.5,25.8,98.4,56.6,2026-06-05 15:00:00,2968896
94.5,24.9,93.4,53.2,2026-06-05 15:20:00,2968896
94.8,25.3,94.1,53.8,2026-06-05 15:40:00,2968896
93.6,24.9,92.1,52.4,2026-06-05 16:00:00,2968896
96.3,25.2,96.3,54.9,2026-06-05 16:20:00,2968896
96.4,25.1,96.3,55.0,2026-06-05 16:40:00,2968896
94.2,25.2,93.0,53.2,2026-06-05 17:00:00,2968896
96.5,24.5,96.3,54.3,2026-06-05 17:20:00,2968896
93.4,25.3,92.1,52.7,2026-06-05 17:40:00,2968896
93.9,25.5,92.8,53.3,2026-06-05 18:00:00,2968896
94.2,25.9,93.4,53.9,2026-06-05 18:20:00,2968896
91.1,26.5,89.2,52.0,2026-06-05 18:40:00,2968896
91.5,27.6,90.3,53.4,2026-06-05 19:00:00,2968896
90.7,28.6,89.6,53.8,2026-06-05 19:20:00,2968896
89.2,30.0,87.6,53.7,2026-06-05 19:40:00,2968896
87.7,31.2,86.0,53.5,2026-06-05 20:00:00,2968896
86.0,33.0,84.4,53.5,2026-06-05 20:20:00,2968896
83.4,35.8,81.5,53.5,2026-06-05 20:40:00,2968896
81.7,38.8,79.9,54.2,2026-06-05 21:00:00,2968896
81.2,39.9,79.5,54.5,2026-06-05 21:20:00,2968896
82.0,38.8,80.1,54.5,2026-06-05 21:40:00,2968896
80.8,40.5,79.2,54.6,2026-06-05 22:00:00,2968896
81.6,40.3,80.1,55.2,2026-06-05 22:20:00,2968896
81.3,40.6,79.7,55.1,2026-06-05 22:40:00,2968896
80.7,41.6,79.2,55.2,2026-06-05 23:00:00,2968896
79.2,44.0,77.7,55.4,2026-06-05 23:20:00,2968896
78.5,46.0,77.2,56.0,2026-06-05 23:40:00,2968896
77.9,47.5,76.5,56.3,2026-06-06 00:00:00,2968896
77.2,48.3,75.9,56.2,2026-06-06 00:20:00,2968896
76.7,49.2,75.4,56.2,2026-06-06 00:40:00,2968896
76.2,50.1,75.0,56.3,2026-06-06 01:00:00,2968896
76.0,50.8,74.8,56.5,2026-06-06 01:20:00,2968896
75.3,51.9,74.3,56.4,2026-06-06 01:40:00,2968896
74.7,53.2,73.8,56.5,2026-06-06 02:00:00,2968896
74.3,54.2,73.4,56.7,2026-06-06 02:20:00,2968896
73.4,55.7,72.9,56.6,2026-06-06 02:40:00,2968896
73.0,56.7,72.5,56.7,2026-06-06 03:00:00,2968896
72.6,58.3,72.3,57.1,2026-06-06 03:20:00,2968896
71.9,59.3,71.6,56.9,2026-06-06 03:40:00,2968896
71.8,60.2,71.8,57.3,2026-06-06 04:00:00,2968896
71.6,60.7,71.4,57.3,2026-06-06 04:20:00,2968896
71.5,61.3,71.4,57.4,2026-06-06 04:40:00,2968896
71.3,61.9,71.4,57.6,2026-06-06 05:00:00,2968896
70.8,63.0,71.1,57.5,2026-06-06 05:20:00,2968896
70.8,63.4,71.1,57.7,2026-06-06 05:40:00,2968896
70.8,63.5,71.1,57.8,2026-06-06 06:00:00,2968896
70.9,63.6,71.2,57.9,2026-06-06 06:20:00,2968896
71.2,63.9,71.4,58.3,2026-06-06 06:40:00,2968896
71.8,63.9,72.1,58.9,2026-06-06 07:00:00,2968896
72.4,63.5,72.7,59.3,2026-06-06 07:20:00,2968896
72.9,63.1,73.2,59.6,2026-06-06 07:40:00,2968896
73.9,62.1,73.9,60.1,2026-06-06 08:00:00,2968896
74.8,59.9,74.5,60.0,2026-06-06 08:20:00,2968896
75.4,58.4,75.2,59.8,2026-06-06 08:40:00,2968896
76.4,56.8,75.9,60.0,2026-06-06 09:00:00,2968896
77.6,55.0,77.2,60.2,2026-06-06 09:20:00,2968896
78.8,53.7,78.8,60.6,2026-06-06 09:40:00,2968896
80.1,52.8,80.4,61.3,2026-06-06 10:00:00,2968896
80.4,50.0,80.2,60.1,2026-06-06 10:20:00,2968896
81.3,48.2,81.0,59.8,2026-06-06 10:40:00,2968896
83.2,46.5,83.5,60.6,2026-06-06 11:00:00,2968896
83.9,43.4,83.8,59.3,2026-06-06 11:20:00,2968896
83.9,41.3,83.5,57.9,2026-06-06 11:40:00,2968896
87.7,40.1,88.7,60.5,2026-06-06 12:00:00,2968896
87.1,37.9,87.1,58.4,2026-06-06 12:20:00,2968896
87.7,36.9,87.6,58.1,2026-06-06 12:40:00,2968896
89.9,37.5,91.4,60.5,2026-06-06 13:00:00,2968896
89.4,34.1,89.2,57.5,2026-06-06 13:20:00,2968896
90.1,36.8,91.8,60.2,2026-06-06 13:40:00,2968896
90.1,36.8,91.4,60.2,2026-06-06 14:00:00,2968896
88.8,39.1,90.1,60.7,2026-06-06 14:20:00,2968896
91.7,39.2,95.2,63.4,2026-06-06 14:40:00,2968896
91.1,37.6,93.6,61.6,2026-06-06 15:00:00,2968896
90.5,36.5,92.1,60.3,2026-06-06 15:20:00,2968896
89.5,38.9,91.2,61.3,2026-06-06 15:40:00,2968896
90.5,34.7,91.2,58.9,2026-06-06 16:00:00,2968896
92.5,35.3,94.8,61.1,2026-06-06 16:20:00,2968896
91.9,34.9,93.6,60.2,2026-06-06 16:40:00,2968896
91.7,34.3,93.0,59.5,2026-06-06 17:00:00,2968896
91.9,34.9,93.6,60.3,2026-06-06 17:20:00,2968896
92.4,32.4,93.2,58.6,2026-06-06 17:40:00,2968896
91.3,33.0,91.9,58.1,2026-06-06 18:00:00,2968896
91.4,34.1,92.5,59.1,2026-06-06 18:20:00,2968896
91.1,34.1,92.1,58.9,2026-06-06 18:40:00,2968896
90.5,35.6,91.8,59.6,2026-06-06 19:00:00,2968896
88.8,36.5,89.2,58.8,2026-06-06 19:20:00,2968896
88.4,37.4,88.9,59.1,2026-06-06 19:40:00,2968896
87.0,39.8,87.4,59.5,2026-06-06 20:00:00,2968896
86.2,40.8,86.7,59.6,2026-06-06 20:20:00,2968896
84.8,42.3,85.1,59.4,2026-06-06 20:40:00,2968896
83.8,44.4,83.8,59.8,2026-06-06 21:00:00,2968896
83.3,45.1,83.5,59.9,2026-06-06 21:20:00,2968896
83.0,46.2,83.1,60.3,2026-06-06 21:40:00,2968896
82.8,46.7,82.9,60.3,2026-06-06 22:00:00,2968896
82.2,48.0,82.0,60.6,2026-06-06 22:20:00,2968896
81.8,48.8,81.9,60.6,2026-06-06 22:40:00,2968896
81.1,49.7,81.0,60.5,2026-06-06 23:00:00,2968896
80.2,50.9,80.1,60.4,2026-06-06 23:20:00,2968896
79.6,52.2,79.5,60.5,2026-06-06 23:40:00,2968896
79.1,53.4,79.0,60.7,2026-06-07 00:00:00,2968896
78.6,54.6,78.4,60.9,2026-06-07 00:20:00,2968896
78.4,55.9,78.4,61.3,2026-06-07 00:40:00,2968896
77.7,56.9,77.9,61.3,2026-06-07 01:00:00,2968896
77.2,58.1,77.0,61.3,2026-06-07 01:20:00,2968896
76.6,59.5,76.5,61.4,2026-06-07 01:40:00,2968896
76.1,60.4,76.1,61.4,2026-06-07 02:00:00,2968896
76.0,60.9,75.9,61.5,2026-06-07 02:20:00,2968896
74.9,62.7,75.0,61.4,2026-06-07 02:40:00,2968896
73.8,65.4,74.1,61.5,2026-06-07 03:00:00,2968896
73.5,66.2,73.9,61.6,2026-06-07 03:20:00,2968896
73.5,66.8,73.9,61.7,2026-06-07 03:40:00,2968896
73.2,67.5,73.6,61.8,2026-06-07 04:00:00,2968896
72.8,68.3,73.2,61.7,2026-06-07 04:20:00,2968896
72.5,69.0,73.2,61.8,2026-06-07 04:40:00,2968896
72.6,69.2,73.2,61.9,2026-06-07 05:00:00,2968896
71.8,70.4,72.5,61.6,2026-06-07 05:20:00,2968896
71.1,72.1,72.0,61.6,2026-06-07 05:40:00,2968896
71.4,72.4,72.1,62.1,2026-06-07 06:00:00,2968896
71.7,71.3,72.3,62.0,2026-06-07 06:20:00,2968896
71.6,71.8,72.3,62.0,2026-06-07 06:40:00,2968896
71.5,72.2,72.3,62.1,2026-06-07 07:00:00,2968896
72.4,71.5,73.0,62.7,2026-06-07 07:20:00,2968896
73.4,70.2,74.1,63.1,2026-06-07 07:40:00,2968896
74.4,68.5,75.0,63.3,2026-06-07 08:00:00,2968896
74.7,67.3,75.2,63.1,2026-06-07 08:20:00,2968896
75.5,66.5,75.9,63.5,2026-06-07 08:40:00,2968896
76.8,65.2,77.5,64.3,2026-06-07 09:00:00,2968896
77.1,62.9,77.4,63.5,2026-06-07 09:20:00,2968896
78.4,61.8,79.3,64.2,2026-06-07 09:40:00,2968896
79.8,60.2,81.3,64.8,2026-06-07 10:00:00,2968896
81.5,56.5,82.8,64.5,2026-06-07 10:20:00,2968896
82.3,54.1,83.7,64.0,2026-06-07 10:40:00,2968896
85.1,49.3,87.3,63.9,2026-06-07 11:00:00,2968896
86.4,45.8,88.3,63.0,2026-06-07 11:20:00,2968896
88.0,44.3,90.5,63.5,2026-06-07 11:40:00,2968896
87.6,42.4,89.1,61.9,2026-06-07 12:00:00,2968896
91.4,39.1,94.8,63.1,2026-06-07 12:20:00,2968896
90.9,38.6,93.7,62.2,2026-06-07 12:40:00,2968896
92.9,35.4,95.5,61.5,2026-06-07 13:00:00,2968896
93.9,35.3,97.0,62.3,2026-06-07 13:20:00,2968896
92.4,34.7,94.5,60.6,2026-06-07 13:40:00,2968896
94.8,31.6,96.6,60.0,2026-06-07 14:00:00,2968896
96.0,30.9,98.2,60.4,2026-06-07 14:20:00,2968896
94.7,31.7,96.6,59.9,2026-06-07 14:40:00,2968896
94.0,31.6,95.4,59.3,2026-06-07 15:00:00,2968896
98.5,30.1,102.0,61.8,2026-06-07 15:20:00,2968896
96.9,31.6,100.2,61.8,2026-06-07 15:40:00,2968896
95.9,32.2,99.0,61.4,2026-06-07 16:00:00,2968896
93.9,33.2,96.1,60.6,2026-06-07 16:20:00,2968896
93.5,34.7,95.9,61.5,2026-06-07 16:40:00,2968896
93.4,34.1,95.7,61.0,2026-06-07 17:00:00,2968896
94.7,35.5,98.8,63.2,2026-06-07 17:20:00,2968896
92.8,38.0,96.4,63.5,2026-06-07 17:40:00,2968896
93.4,37.9,97.5,63.9,2026-06-07 18:00:00,2968896
92.2,37.1,95.2,62.3,2026-06-07 18:20:00,2968896
91.9,38.2,95.0,62.8,2026-06-07 18:40:00,2968896
91.1,38.5,93.9,62.4,2026-06-07 19:00:00,2968896
90.6,38.7,93.2,62.0,2026-06-07 19:20:00,2968896
90.1,39.4,92.5,62.1,2026-06-07 19:40:00,2968896
89.2,39.0,90.7,61.0,2026-06-07 20:00:00,2968896
88.5,40.0,90.1,61.1,2026-06-07 20:20:00,2968896
87.5,42.0,88.9,61.6,2026-06-07 20:40:00,2968896
87.0,43.7,88.5,62.3,2026-06-07 21:00:00,2968896
86.1,44.7,87.4,62.1,2026-06-07 21:20:00,2968896
85.3,45.9,86.7,62.2,2026-06-07 21:40:00,2968896
84.8,47.7,86.4,62.8,2026-06-07 22:00:00,2968896
83.8,49.2,84.9,62.7,2026-06-07 22:20:00,2968896
83.1,50.1,84.4,62.6,2026-06-07 22:40:00,2968896
82.7,50.9,83.7,62.7,2026-06-07 23:00:00,2968896
82.1,52.0,82.9,62.8,2026-06-07 23:20:00,2968896
81.6,53.2,82.4,62.9,2026-06-07 23:40:00,2968896
81.2,54.9,82.2,63.4,2026-06-08 00:00:00,2968896
80.7,56.1,81.9,63.6,2026-06-08 00:20:00,2968896
80.2,57.4,81.1,63.8,2026-06-08 00:40:00,2968896
79.8,58.5,81.0,63.9,2026-06-08 01:00:00,2968896
79.2,59.6,80.2,64.0,2026-06-08 01:20:00,2968896
78.9,60.6,79.9,64.1,2026-06-08 01:40:00,2968896
78.3,61.6,79.3,64.0,2026-06-08 02:00:00,2968896
78.0,62.6,78.8,64.2,2026-06-08 02:20:00,2968896
77.5,63.5,78.1,64.2,2026-06-08 02:40:00,2968896
77.2,64.6,78.1,64.3,2026-06-08 03:00:00,2968896
77.0,65.3,77.5,64.5,2026-06-08 03:20:00,2968896
76.6,66.0,77.0,64.4,2026-06-08 03:40:00,2968896
76.6,66.6,77.2,64.7,2026-06-08 04:00:00,2968896
76.3,67.3,76.8,64.6,2026-06-08 04:20:00,2968896
75.8,68.5,76.5,64.7,2026-06-08 04:40:00,2968896
75.1,69.9,75.9,64.6,2026-06-08 05:00:00,2968896
74.5,71.0,75.4,64.5,2026-06-08 05:20:00,2968896
74.2,72.1,75.2,64.7,2026-06-08 05:40:00,2968896
73.2,73.5,74.3,64.2,2026-06-08 06:00:00,2968896
73.3,74.9,74.3,64.9,2026-06-08 06:20:00,2968896
74.0,74.6,75.2,65.4,2026-06-08 06:40:00,2968896
74.9,72.6,76.1,65.5,2026-06-08 07:00:00,2968896
75.9,71.1,76.8,65.8,2026-06-08 07:20:00,2968896
76.7,68.4,77.5,65.5,2026-06-08 07:40:00,2968896
77.1,67.7,78.3,65.6,2026-06-08 08:00:00,2968896
78.5,67.2,80.4,66.7,2026-06-08 08:20:00,2968896
80.8,64.4,83.8,67.7,2026-06-08 08:40:00,2968896
82.6,60.5,85.8,67.5,2026-06-08 09:00:00,2968896
83.9,58.4,87.8,67.7,2026-06-08 09:20:00,2968896
84.5,56.4,88.2,67.3,2026-06-08 09:40:00,2968896
85.3,55.7,89.4,67.6,2026-06-08 10:00:00,2968896
85.6,54.2,89.6,67.2,2026-06-08 10:20:00,2968896
87.8,52.7,93.4,68.4,2026-06-08 10:40:00,2968896
90.0,49.2,96.6,68.4,2026-06-08 11:00:00,2968896
90.8,46.3,96.6,67.3,2026-06-08 11:20:00,2968896
93.0,44.7,100.4,68.4,2026-06-08 11:40:00,2968896
94.0,40.9,100.2,66.7,2026-06-08 12:00:00,2968896
95.1,39.1,101.5,66.3,2026-06-08 12:20:00,2968896
92.4,42.0,97.7,66.0,2026-06-08 12:40:00,2968896
91.4,39.7,95.0,63.4,2026-06-08 13:00:00,2968896
92.3,40.9,96.8,65.1,2026-06-08 13:20:00,2968896
96.6,37.8,103.5,66.6,2026-06-08 13:40:00,2968896
93.6,36.8,97.5,63.3,2026-06-08 14:00:00,2968896
95.8,35.5,100.8,64.1,2026-06-08 14:20:00,2968896
95.5,37.6,101.3,65.5,2026-06-08 14:40:00,2968896
94.3,37.6,98.8,64.4,2026-06-08 15:00:00,2968896
94.2,37.3,98.6,64.2,2026-06-08 15:20:00,2968896
95.3,36.9,100.6,64.8,2026-06-08 15:40:00,2968896
94.7,38.4,100.2,65.4,2026-06-08 16:00:00,2968896
96.7,36.4,102.9,65.6,2026-06-08 16:20:00,2968896
95.5,36.5,100.6,64.7,2026-06-08 16:40:00,2968896
95.9,35.7,101.1,64.4,2026-06-08 17:00:00,2968896
93.2,37.2,96.6,63.2,2026-06-08 17:20:00,2968896
93.8,36.5,97.7,63.2,2026-06-08 17:40:00,2968896
92.2,36.2,94.8,61.5,2026-06-08 18:00:00,2968896
90.5,37.8,92.7,61.3,2026-06-08 18:20:00,2968896
89.5,39.3,91.6,61.6,2026-06-08 18:40:00,2968896
88.5,40.2,89.8,61.3,2026-06-08 19:00:00,2968896
87.9,41.0,89.2,61.3,2026-06-08 19:20:00,2968896
87.5,41.9,88.9,61.5,2026-06-08 19:40:00,2968896
86.1,44.9,87.4,62.2,2026-06-08 20:00:00,2968896
85.3,47.4,87.3,63.1,2026-06-08 20:20:00,2968896
83.9,49.8,85.5,63.2,2026-06-08 20:40:00,2968896
82.8,51.8,84.2,63.2,2026-06-08 21:00:00,2968896
81.8,53.8,82.8,63.4,2026-06-08 21:20:00,2968896
80.8,55.1,81.9,63.2,2026-06-08 21:40:00,2968896
79.8,56.8,80.6,63.1,2026-06-08 22:00:00,2968896
78.4,58.5,78.8,62.7,2026-06-08 22:20:00,2968896
77.2,61.0,77.5,62.8,2026-06-08 22:40:00,2968896
76.2,62.5,76.3,62.5,2026-06-08 23:00:00,2968896
74.8,64.0,75.0,61.8,2026-06-08 23:20:00,2968896
73.9,63.9,74.1,60.9,2026-06-08 23:40:00,2968896
72.8,63.9,73.0,59.9,2026-06-09 00:00:00,2968896
72.0,66.4,72.5,60.2,2026-06-09 00:20:00,2968896
71.5,67.7,72.0,60.3,2026-06-09 00:40:00,2968896
70.9,68.4,71.4,60.0,2026-06-09 01:00:00,2968896
70.4,69.1,70.9,59.8,2026-06-09 01:20:00,2968896
69.7,68.8,69.6,59.0,2026-06-09 01:40:00,2968896
69.0,67.9,68.7,58.0,2026-06-09 02:00:00,2968896
68.7,67.2,68.2,57.4,2026-06-09 02:20:00,2968896
68.3,68.4,67.8,57.5,2026-06-09 02:40:00,2968896
68.1,67.3,67.5,56.8,2026-06-09 03:00:00,2968896
67.9,67.6,67.3,56.8,2026-06-09 03:20:00,2968896
67.9,68.6,67.3,57.2,2026-06-09 03:40:00,2968896
67.8,68.7,67.3,57.2,2026-06-09 04:00:00,2968896
67.7,68.3,67.1,56.9,2026-06-09 04:20:00,2968896
67.8,67.6,67.1,56.7,2026-06-09 04:40:00,2968896
67.7,69.3,67.1,57.3,2026-06-09 05:00:00,2968896
67.4,69.1,66.6,56.9,2026-06-09 05:20:00,2968896
67.1,68.5,66.4,56.4,2026-06-09 05:40:00,2968896
67.0,67.9,66.0,56.0,2026-06-09 06:00:00,2968896
66.7,66.8,65.5,55.3,2026-06-09 06:20:00,2968896
66.7,65.8,65.5,55.0,2026-06-09 06:40:00,2968896
67.1,65.2,66.0,55.1,2026-06-09 07:00:00,2968896
68.1,65.1,67.3,55.9,2026-06-09 07:20:00,2968896
68.6,64.2,68.0,56.0,2026-06-09 07:40:00,2968896
69.2,64.5,68.7,56.7,2026-06-09 08:00:00,2968896
70.4,62.6,70.3,57.1,2026-06-09 08:20:00,2968896
70.3,62.5,70.0,56.9,2026-06-09 08:40:00,2968896
71.4,61.2,71.2,57.3,2026-06-09 09:00:00,2968896
72.0,61.1,72.0,57.8,2026-06-09 09:20:00,2968896
74.0,58.6,73.8,58.6,2026-06-09 09:40:00,2968896
74.2,58.0,73.8,58.5,2026-06-09 10:00:00,2968896
74.0,59.5,73.8,59.1,2026-06-09 10:20:00,2968896
75.4,58.2,75.0,59.7,2026-06-09 10:40:00,2968896
77.4,55.2,77.2,60.0,2026-06-09 11:00:00,2968896
77.8,55.7,77.5,60.7,2026-06-09 11:20:00,2968896
78.9,56.5,79.2,62.1,2026-06-09 11:40:00,2968896
79.3,55.2,79.7,61.9,2026-06-09 12:00:00,2968896
81.0,52.7,81.7,62.1,2026-06-09 12:20:00,2968896
82.5,53.4,83.8,63.9,2026-06-09 12:40:00,2968896
81.8,51.6,82.2,62.2,2026-06-09 13:00:00,2968896
84.2,53.7,87.1,65.6,2026-06-09 13:20:00,2968896
85.8,51.2,89.1,65.7,2026-06-09 13:40:00,2968896
84.0,50.5,85.6,63.6,2026-06-09 14:00:00,2968896
87.5,49.9,91.6,66.5,2026-06-09 14:20:00,2968896
85.8,49.2,88.7,64.6,2026-06-09 14:40:00,2968896
88.6,48.5,93.2,66.7,2026-06-09 15:00:00,2968896
87.5,51.3,92.1,67.2,2026-06-09 15:20:00,2968896
87.1,48.9,90.7,65.5,2026-06-09 15:40:00,2968896
87.6,51.0,92.1,67.2,2026-06-09 16:00:00,2968896
86.5,52.9,90.9,67.2,2026-06-09 16:20:00,2968896
85.7,54.3,90.1,67.4,2026-06-09 16:40:00,2968896
86.6,54.2,91.8,68.1,2026-06-09 17:00:00,2968896
87.1,52.7,92.1,67.7,2026-06-09 17:20:00,2968896
86.6,53.3,91.4,67.6,2026-06-09 17:40:00,2968896
86.2,55.1,91.4,68.2,2026-06-09 18:00:00,2968896
86.1,56.1,91.4,68.7,2026-06-09 18:20:00,2968896
85.8,55.2,90.3,67.9,2026-06-09 18:40:00,2968896
85.2,56.1,89.6,67.8,2026-06-09 19:00:00,2968896
85.1,56.7,89.8,68.0,2026-06-09 19:20:00,2968896
84.5,58.4,88.9,68.3,2026-06-09 19:40:00,2968896
84.0,59.5,88.5,68.4,2026-06-09 20:00:00,2968896
82.8,61.8,86.5,68.3,2026-06-09 20:20:00,2968896
81.6,64.4,84.9,68.4,2026-06-09 20:40:00,2968896
80.9,66.1,84.2,68.5,2026-06-09 21:00:00,2968896
80.4,67.5,83.5,68.6,2026-06-09 21:20:00,2968896
79.5,68.9,82.2,68.4,2026-06-09 21:40:00,2968896
79.4,69.8,82.6,68.7,2026-06-09 22:00:00,2968896
78.8,70.4,81.7,68.4,2026-06-09 22:20:00,2968896
79.0,70.5,82.0,68.6,2026-06-09 22:40:00,2968896
78.9,71.3,81.9,68.9,2026-06-09 23:00:00,2968896
79.7,71.2,83.1,69.5,2026-06-09 23:20:00,2968896
79.4,72.1,82.9,69.6,2026-06-09 23:40:00,2968896
78.9,73.7,82.2,69.8,2026-06-10 00:00:00,2968896
78.6,75.0,82.2,70.1,2026-06-10 00:20:00,2968896
78.4,76.3,81.7,70.3,2026-06-10 00:40:00,2968896
78.0,77.4,81.1,70.4,2026-06-10 01:00:00,2968896
77.6,78.4,80.6,70.3,2026-06-10 01:20:00,2968896
77.3,79.5,80.2,70.5,2026-06-10 01:40:00,2968896
76.9,80.2,79.5,70.3,2026-06-10 02:00:00,2968896
76.9,80.9,79.7,70.6,2026-06-10 02:20:00,2968896
76.5,81.3,79.0,70.3,2026-06-10 02:40:00,2968896
76.2,81.8,78.4,70.3,2026-06-10 03:00:00,2968896
76.1,82.5,78.6,70.4,2026-06-10 03:20:00,2968896
75.9,82.9,78.4,70.4,2026-06-10 03:40:00,2968896
75.6,83.4,78.1,70.2,2026-06-10 04:00:00,2968896
75.4,83.7,77.9,70.1,2026-06-10 04:20:00,2968896
75.1,84.3,77.5,70.0,2026-06-10 04:40:00,2968896
74.9,84.5,77.2,69.9,2026-06-10 05:00:00,2968896
74.8,84.6,77.2,69.8,2026-06-10 05:20:00,2968896
74.7,84.8,77.2,69.8,2026-06-10 05:40:00,2968896
74.5,84.9,76.8,69.7,2026-06-10 06:00:00,2968896
74.7,84.9,77.2,69.9,2026-06-10 06:20:00,2968896
75.0,84.8,77.4,70.1,2026-06-10 06:40:00,2968896
75.1,84.6,77.5,70.2,2026-06-10 07:00:00,2968896
75.3,84.7,77.9,70.4,2026-06-10 07:20:00,2968896
75.4,84.6,78.1,70.4,2026-06-10 07:40:00,2968896
76.1,83.3,78.8,70.7,2026-06-10 08:00:00,2968896
76.5,82.3,79.2,70.6,2026-06-10 08:20:00,2968896
77.0,80.8,80.1,70.6,2026-06-10 08:40:00,2968896
78.4,79.1,82.2,71.4,2026-06-10 09:00:00,2968896
78.1,78.7,81.9,70.9,2026-06-10 09:20:00,2968896
79.5,76.4,83.8,71.4,2026-06-10 09:40:00,2968896
80.8,73.3,85.8,71.5,2026-06-10 10:00:00,2968896
82.7,70.3,88.3,72.0,2026-06-10 10:20:00,2968896
82.3,68.7,87.3,71.0,2026-06-10 10:40:00,2968896
82.9,67.7,88.2,71.1,2026-06-10 11:00:00,2968896
84.7,65.2,91.4,71.7,2026-06-10 11:20:00,2968896
86.3,59.2,92.7,70.4,2026-06-10 11:40:00,2968896
84.9,59.9,90.3,69.5,2026-06-10 12:00:00,2968896
86.1,57.5,91.8,69.4,2026-06-10 12:20:00,2968896
85.4,57.6,90.3,68.8,2026-06-10 12:40:00,2968896
87.9,52.3,93.2,68.3,2026-06-10 13:00:00,2968896
90.3,48.6,96.6,68.3,2026-06-10 13:20:00,2968896
88.2,52.9,94.3,68.8,2026-06-10 13:40:00,2968896
88.1,52.3,93.7,68.4,2026-06-10 14:00:00,2968896
88.5,51.0,94.1,68.1,2026-06-10 14:20:00,2968896
89.5,49.9,95.7,68.3,2026-06-10 14:40:00,2968896
90.8,47.1,97.0,67.8,2026-06-10 15:00:00,2968896
90.5,47.8,97.0,68.0,2026-06-10 15:20:00,2968896
92.4,47.9,100.6,69.8,2026-06-10 15:40:00,2968896
91.3,47.7,98.4,68.6,2026-06-10 16:00:00,2968896
91.5,44.7,97.2,66.9,2026-06-10 16:20:00,2968896
92.9,41.4,98.2,66.0,2026-06-10 16:40:00,2968896
91.0,45.8,96.6,67.2,2026-06-10 17:00:00,2968896
92.4,46.1,99.7,68.7,2026-06-10 17:20:00,2968896
94.7,43.8,103.1,69.2,2026-06-10 17:40:00,2968896
92.4,44.3,98.6,67.5,2026-06-10 18:00:00,2968896
92.0,46.3,99.1,68.4,2026-06-10 18:20:00,2968896
91.1,48.5,98.4,69.0,2026-06-10 18:40:00,2968896
89.5,50.1,95.9,68.4,2026-06-10 19:00:00,2968896
90.7,48.5,97.7,68.6,2026-06-10 19:20:00,2968896
89.6,49.2,95.7,68.0,2026-06-10 19:40:00,2968896
88.4,51.7,94.1,68.4,2026-06-10 20:00:00,2968896
88.0,52.8,93.9,68.7,2026-06-10 20:20:00,2968896
87.2,54.3,92.7,68.8,2026-06-10 20:40:00,2968896
86.5,55.7,91.8,68.8,2026-06-10 21:00:00,2968896
85.9,57.5,91.4,69.2,2026-06-10 21:20:00,2968896
85.4,58.8,90.9,69.4,2026-06-10 21:40:00,2968896
85.0,60.1,90.5,69.6,2026-06-10 22:00:00,2968896
84.8,60.8,90.3,69.8,2026-06-10 22:20:00,2968896
84.3,61.7,89.6,69.7,2026-06-10 22:40:00,2968896
83.9,63.0,89.2,70.0,2026-06-10 23:00:00,2968896
83.3,63.5,88.2,69.6,2026-06-10 23:20:00,2968896
82.9,63.9,87.1,69.5,2026-06-10 23:40:00,2968896
82.5,65.0,86.7,69.5,2026-06-11 00:00:00,2968896
81.9,66.6,86.0,69.7,2026-06-11 00:20:00,2968896
81.6,67.6,85.8,69.8,2026-06-11 00:40:00,2968896
81.2,68.8,85.3,69.9,2026-06-11 01:00:00,2968896
80.7,69.4,84.6,69.8,2026-06-11 01:20:00,2968896
80.4,70.2,84.0,69.8,2026-06-11 01:40:00,2968896
79.8,71.2,83.5,69.6,2026-06-11 02:00:00,2968896
79.4,72.1,82.9,69.6,2026-06-11 02:20:00,2968896
78.9,73.0,82.0,69.5,2026-06-11 02:40:00,2968896
78.4,73.5,81.3,69.2,2026-06-11 03:00:00,2968896
78.1,74.2,81.0,69.2,2026-06-11 03:20:00,2968896
77.8,74.7,80.4,69.1,2026-06-11 03:40:00,2968896
77.6,74.8,80.1,68.9,2026-06-11 04:00:00,2968896
77.3,75.1,79.5,68.8,2026-06-11 04:20:00,2968896
76.9,75.7,78.8,68.6,2026-06-11 04:40:00,2968896
76.8,75.8,78.4,68.6,2026-06-11 05:00:00,2968896
76.6,76.0,78.4,68.5,2026-06-11 05:20:00,2968896
76.5,76.0,78.3,68.3,2026-06-11 05:40:00,2968896
76.1,76.3,77.7,68.1,2026-06-11 06:00:00,2968896
75.9,76.2,77.5,67.9,2026-06-11 06:20:00,2968896
75.9,76.2,77.5,67.9,2026-06-11 06:40:00,2968896
76.3,76.4,78.1,68.3,2026-06-11 07:00:00,2968896
77.0,75.7,79.2,68.8,2026-06-11 07:20:00,2968896
77.6,74.9,80.1,69.0,2026-06-11 07:40:00,2968896
78.4,74.2,81.3,69.5,2026-06-11 08:00:00,2968896
79.5,73.5,83.5,70.3,2026-06-11 08:20:00,2968896
79.9,72.3,83.7,70.2,2026-06-11 08:40:00,2968896
81.2,71.8,86.2,71.3,2026-06-11 09:00:00,2968896
81.7,70.3,86.5,71.0,2026-06-11 09:20:00,2968896
82.5,68.8,87.6,71.2,2026-06-11 09:40:00,2968896
83.7,67.9,90.3,71.9,2026-06-11 10:00:00,2968896
84.8,64.8,91.8,71.6,2026-06-11 10:20:00,2968896
86.5,61.3,93.9,71.6,2026-06-11 10:40:00,2968896
89.4,57.7,98.8,72.5,2026-06-11 11:00:00,2968896
91.1,52.6,100.6,71.3,2026-06-11 11:20:00,2968896
90.7,50.4,98.6,69.7,2026-06-11 11:40:00,2968896
92.7,50.4,102.9,71.6,2026-06-11 12:00:00,2968896
93.0,46.9,101.5,69.7,2026-06-11 12:20:00,2968896
95.0,45.8,105.3,70.8,2026-06-11 12:40:00,2968896
95.6,43.1,104.7,69.5,2026-06-11 13:00:00,2968896
97.0,43.6,108.1,71.2,2026-06-11 13:20:00,2968896
98.6,40.6,109.6,70.5,2026-06-11 13:40:00,2968896
96.3,42.4,106.0,69.7,2026-06-11 14:00:00,2968896
97.2,39.5,106.0,68.5,2026-06-11 14:20:00,2968896
98.9,38.7,108.7,69.4,2026-06-11 14:40:00,2968896
98.9,37.7,108.0,68.6,2026-06-11 15:00:00,2968896
99.6,35.8,108.0,67.7,2026-06-11 15:20:00,2968896
98.5,36.1,106.0,67.0,2026-06-11 15:40:00,2968896
101.6,35.1,111.6,68.9,2026-06-11 16:00:00,2968896
99.6,34.2,106.7,66.4,2026-06-11 16:20:00,2968896
97.6,38.0,105.6,67.7,2026-06-11 16:40:00,2968896
97.6,39.5,106.7,68.8,2026-06-11 17:00:00,2968896
97.5,38.5,106.0,68.0,2026-06-11 17:20:00,2968896
96.1,40.9,104.5,68.5,2026-06-11 17:40:00,2968896
96.5,40.8,105.3,68.8,2026-06-11 18:00:00,2968896
94.8,43.0,103.1,68.8,2026-06-11 18:20:00,2968896
94.5,43.7,102.7,69.0,2026-06-11 18:40:00,2968896
95.4,42.3,104.0,68.8,2026-06-11 19:00:00,2968896
94.6,42.9,102.2,68.5,2026-06-11 19:20:00,2968896
94.2,44.3,102.2,69.1,2026-06-11 19:40:00,2968896
92.5,47.2,100.2,69.4,2026-06-11 20:00:00,2968896
91.9,48.2,99.7,69.5,2026-06-11 20:20:00,2968896
90.3,50.2,97.9,69.3,2026-06-11 20:40:00,2968896
90.3,50.6,98.1,69.5,2026-06-11 21:00:00,2968896
90.0,51.5,97.7,69.7,2026-06-11 21:20:00,2968896
89.3,53.1,96.6,70.0,2026-06-11 21:40:00,2968896
88.4,54.8,95.4,70.1,2026-06-11 22:00:00,2968896
87.7,56.0,94.5,70.0,2026-06-11 22:20:00,2968896
86.9,56.8,92.8,69.7,2026-06-11 22:40:00,2968896
86.2,58.0,92.3,69.7,2026-06-11 23:00:00,2968896
85.7,59.0,91.6,69.7,2026-06-11 23:20:00,2968896
85.1,59.9,90.7,69.6,2026-06-11 23:40:00,2968896
84.3,60.9,89.2,69.4,2026-06-12 00:00:00,2968896
83.8,62.4,88.7,69.5,2026-06-12 00:20:00,2968896
83.2,63.7,87.8,69.6,2026-06-12 00:40:00,2968896
82.9,64.8,87.3,69.8,2026-06-12 01:00:00,2968896
82.7,65.5,87.1,69.9,2026-06-12 01:20:00,2968896
82.2,66.2,86.7,69.9,2026-06-12 01:40:00,2968896
82.0,67.3,86.2,70.1,2026-06-12 02:00:00,2968896
81.8,68.4,86.2,70.3,2026-06-12 02:20:00,2968896
81.6,69.5,86.2,70.6,2026-06-12 02:40:00,2968896
81.3,70.5,85.8,70.8,2026-06-12 03:00:00,2968896
81.0,71.4,85.6,70.8,2026-06-12 03:20:00,2968896
80.7,72.4,85.3,71.0,2026-06-12 03:40:00,2968896
80.3,73.3,84.7,71.0,2026-06-12 04:00:00,2968896
80.1,74.4,84.7,71.2,2026-06-12 04:20:00,2968896
79.7,75.4,84.2,71.2,2026-06-12 04:40:00,2968896
79.5,76.1,83.7,71.3,2026-06-12 05:00:00,2968896
79.4,76.9,84.0,71.5,2026-06-12 05:20:00,2968896
79.3,77.4,83.7,71.6,2026-06-12 05:40:00,2968896
79.1,78.0,83.5,71.7,2026-06-12 06:00:00,2968896
79.1,78.4,83.5,71.8,2026-06-12 06:20:00,2968896
79.3,78.6,83.8,72.0,2026-06-12 06:40:00,2968896
79.5,78.3,84.6,72.2,2026-06-12 07:00:00,2968896
80.1,77.9,85.5,72.5,2026-06-12 07:20:00,2968896
80.1,77.2,85.3,72.3,2026-06-12 07:40:00,2968896
80.8,76.8,86.7,72.9,2026-06-12 08:00:00,2968896
81.5,75.5,87.3,73.0,2026-06-12 08:20:00,2968896
82.8,73.3,89.8,73.4,2026-06-12 08:40:00,2968896
83.9,70.6,91.6,73.3,2026-06-12 09:00:00,2968896
85.2,68.3,93.9,73.5,2026-06-12 09:20:00,2968896
86.3,63.6,94.5,72.5,2026-06-12 09:40:00,2968896
88.2,59.1,96.8,72.1,2026-06-12 10:00:00,2968896
88.8,54.2,96.1,70.1,2026-06-12 10:20:00,2968896
90.2,49.9,97.2,69.0,2026-06-12 10:40:00,2968896
93.2,45.6,100.8,69.0,2026-06-12 11:00:00,2968896
95.2,43.5,104.2,69.5,2026-06-12 11:20:00,2968896
97.2,41.6,107.2,70.0,2026-06-12 11:40:00,2968896
97.2,39.3,105.8,68.3,2026-06-12 12:00:00,2968896
97.1,39.8,105.8,68.6,2026-06-12 12:20:00,2968896
97.3,34.1,102.4,64.3,2026-06-12 12:40:00,2968896
100.2,35.1,108.5,67.6,2026-06-12 13:00:00,2968896
99.7,32.4,105.6,64.9,2026-06-12 13:20:00,2968896
99.5,34.1,106.7,66.3,2026-06-12 13:40:00,2968896
101.6,32.1,109.0,66.3,2026-06-12 14:00:00,2968896
100.0,32.0,105.6,64.8,2026-06-12 14:20:00,2968896
100.2,33.8,108.0,66.6,2026-06-12 14:40:00,2968896
101.5,32.4,109.2,66.5,2026-06-12 15:00:00,2968896
98.7,31.9,103.5,63.6,2026-06-12 15:20:00,2968896
100.3,31.2,105.8,64.4,2026-06-12 15:40:00,2968896
101.4,31.1,107.8,65.1,2026-06-12 16:00:00,2968896
100.2,32.2,106.3,65.2,2026-06-12 16:20:00,2968896
102.2,31.5,109.9,66.3,2026-06-12 16:40:00,2968896
102.9,30.4,109.9,65.8,2026-06-12 17:00:00,2968896
102.0,31.5,109.2,66.1,2026-06-12 17:20:00,2968896
101.7,29.2,107.1,63.6,2026-06-12 17:40:00,2968896
102.3,29.4,108.1,64.4,2026-06-12 18:00:00,2968896
99.6,31.5,104.7,64.0,2026-06-12 18:20:00,2968896
99.0,33.1,104.9,64.9,2026-06-12 18:40:00,2968896
98.6,34.5,105.1,65.7,2026-06-12 19:00:00,2968896
98.2,35.4,105.1,66.2,2026-06-12 19:20:00,2968896
97.0,36.0,102.9,65.5,2026-06-12 19:40:00,2968896
96.1,37.7,102.4,66.1,2026-06-12 20:00:00,2968896
95.5,38.9,102.0,66.5,2026-06-12 20:20:00,2968896
94.7,40.2,101.3,66.7,2026-06-12 20:40:00,2968896
93.8,41.5,100.2,66.9,2026-06-12 21:00:00,2968896
93.1,42.8,99.3,67.2,2026-06-12 21:20:00,2968896
92.5,44.2,98.6,67.6,2026-06-12 21:40:00,2968896
91.1,46.8,97.5,67.9,2026-06-12 22:00:00,2968896
89.9,48.6,95.7,67.9,2026-06-12 22:20:00,2968896
88.9,49.6,94.5,67.6,2026-06-12 22:40:00,2968896
88.5,46.2,91.8,65.2,2026-06-12 23:00:00,2968896
87.7,46.2,90.5,64.4,2026-06-12 23:20:00,2968896
86.7,46.2,89.1,63.6,2026-06-12 23:40:00,2968896
85.9,47.6,88.2,63.7,2026-06-13 00:00:00,2968896
85.1,49.4,87.3,64.0,2026-06-13 00:20:00,2968896
84.1,51.2,86.2,64.1,2026-06-13 00:40:00,2968896
83.4,52.8,85.3,64.4,2026-06-13 01:00:00,2968896
82.7,54.1,84.2,64.4,2026-06-13 01:20:00,2968896
82.7,54.8,84.4,64.8,2026-06-13 01:40:00,2968896
82.5,55.4,84.2,64.9,2026-06-13 02:00:00,2968896
82.2,55.9,83.7,64.9,2026-06-13 02:20:00,2968896
81.8,56.8,83.5,64.9,2026-06-13 02:40:00,2968896
80.7,58.7,82.2,64.9,2026-06-13 03:00:00,2968896
79.7,61.3,81.1,65.2,2026-06-13 03:20:00,2968896
78.9,63.0,80.2,65.2,2026-06-13 03:40:00,2968896
78.4,65.4,79.9,65.8,2026-06-13 04:00:00,2968896
77.6,66.2,78.8,65.5,2026-06-13 04:20:00,2968896
77.0,68.7,78.3,65.9,2026-06-13 04:40:00,2968896
76.2,69.9,77.0,65.7,2026-06-13 05:00:00,2968896
75.4,71.4,76.5,65.5,2026-06-13 05:20:00,2968896
75.1,73.5,76.3,66.0,2026-06-13 05:40:00,2968896
74.6,73.8,75.7,65.6,2026-06-13 06:00:00,2968896
74.5,74.6,75.7,65.9,2026-06-13 06:20:00,2968896
75.8,72.7,77.0,66.4,2026-06-13 06:40:00,2968896
77.1,70.6,78.6,66.8,2026-06-13 07:00:00,2968896
78.5,68.8,80.6,67.4,2026-06-13 07:20:00,2968896
79.7,66.3,82.2,67.4,2026-06-13 07:40:00,2968896
80.5,64.9,83.3,67.6,2026-06-13 08:00:00,2968896
81.2,64.6,84.4,68.1,2026-06-13 08:20:00,2968896
81.9,62.8,85.1,68.0,2026-06-13 08:40:00,2968896
82.8,61.1,86.4,68.0,2026-06-13 09:00:00,2968896
83.5,59.7,87.4,68.0,2026-06-13 09:20:00,2968896
84.4,58.2,88.9,68.1,2026-06-13 09:40:00,2968896
86.2,56.2,91.6,68.7,2026-06-13 10:00:00,2968896
85.8,55.7,90.5,68.1,2026-06-13 10:20:00,2968896
87.0,55.8,92.8,69.3,2026-06-13 10:40:00,2968896
87.7,52.5,93.0,68.2,2026-06-13 11:00:00,2968896
88.3,51.0,93.6,67.9,2026-06-13 11:20:00,2968896
89.5,48.4,95.0,67.4,2026-06-13 11:40:00,2968896
93.0,46.7,101.5,69.7,2026-06-13 12:00:00,2968896
91.7,47.1,98.8,68.7,2026-06-13 12:20:00,2968896
93.7,44.4,101.3,68.7,2026-06-13 12:40:00,2968896
92.7,44.9,99.7,68.1,2026-06-13 13:00:00,2968896
94.4,41.1,101.1,67.2,2026-06-13 13:20:00,2968896
93.8,39.9,99.3,65.8,2026-06-13 13:40:00,2968896
93.5,40.8,99.0,66.1,2026-06-13 14:00:00,2968896
93.1,40.8,98.2,65.8,2026-06-13 14:20:00,2968896
94.0,40.6,100.0,66.4,2026-06-13 14:40:00,2968896
97.4,38.7,105.8,68.1,2026-06-13 15:00:00,2968896
95.5,36.8,100.8,64.9,2026-06-13 15:20:00,2968896
96.2,37.2,102.4,65.8,2026-06-13 15:40:00,2968896
96.2,36.9,102.2,65.6,2026-06-13 16:00:00,2968896
96.4,37.9,103.1,66.5,2026-06-13 16:20:00,2968896
94.9,38.6,100.8,65.7,2026-06-13 16:40:00,2968896
93.9,40.2,99.5,66.0,2026-06-13 17:00:00,2968896
94.4,40.7,100.8,66.8,2026-06-13 17:20:00,2968896
96.5,38.4,103.8,67.0,2026-06-13 17:40:00,2968896
97.6,37.8,105.4,67.5,2026-06-13 18:00:00,2968896
97.3,36.8,104.4,66.5,2026-06-13 18:20:00,2968896
95.1,38.1,100.8,65.5,2026-06-13 18:40:00,2968896
94.4,40.3,100.6,66.6,2026-06-13 19:00:00,2968896
94.9,41.0,102.0,67.5,2026-06-13 19:20:00,2968896
93.5,41.0,99.1,66.3,2026-06-13 19:40:00,2968896
92.8,42.7,98.6,66.8,2026-06-13 20:00:00,2968896
91.2,44.6,96.4,66.6,2026-06-13 20:20:00,2968896
89.8,46.6,95.0,66.7,2026-06-13 20:40:00,2968896
89.2,48.0,94.1,66.9,2026-06-13 21:00:00,2968896
86.5,54.4,91.4,68.1,2026-06-13 21:20:00,2968896
83.7,62.0,88.5,69.3,2026-06-13 21:40:00,2968896
81.2,66.9,84.9,69.1,2026-06-13 22:00:00,2968896
80.2,68.0,83.3,68.6,2026-06-13 22:20:00,2968896
79.8,68.5,82.8,68.5,2026-06-13 22:40:00,2968896
79.5,68.7,82.2,68.3,2026-06-13 23:00:00,2968896
79.6,69.2,82.8,68.6,2026-06-13 23:20:00,2968896
79.7,69.3,82.8,68.7,2026-06-13 23:40:00,2968896
79.3,70.2,82.2,68.7,2026-06-14 00:00:00,2968896
78.6,70.8,81.5,68.4,2026-06-14 00:20:00,2968896
78.2,72.6,80.8,68.7,2026-06-14 00:40:00,2968896
78.1,72.4,80.8,68.5,2026-06-14 01:00:00,2968896
77.6,73.6,79.9,68.6,2026-06-14 01:20:00,2968896
77.1,75.1,79.2,68.6,2026-06-14 01:40:00,2968896
77.0,75.1,79.2,68.5,2026-06-14 02:00:00,2968896
76.7,76.9,78.6,68.9,2026-06-14 02:20:00,2968896
76.0,79.0,77.9,69.0,2026-06-14 02:40:00,2968896
75.4,80.7,77.5,69.0,2026-06-14 03:00:00,2968896
74.7,82.2,76.8,68.8,2026-06-14 03:20:00,2968896
80.0,31.7,76.8,47.3,2026-05-28 16:10:00,2974346
78.9,34.9,76.1,48.9,2026-05-31 14:00:00,2974346
80.0,36.8,77.5,51.2,2026-05-31 14:10:00,2974346
78.8,36.0,76.3,49.6,2026-05-31 14:20:00,2974346
80.4,35.7,77.7,50.7,2026-05-31 14:30:00,2974346
81.3,35.0,78.6,51.0,2026-05-31 14:40:00,2974346
82.2,34.6,79.5,51.5,2026-05-31 14:50:00,2974346
82.4,34.7,80.1,51.8,2026-05-31 15:00:00,2974346
82.8,36.1,81.0,53.2,2026-05-31 16:20:00,2974346
82.8,35.5,80.8,52.7,2026-05-31 16:30:00,2974346
83.0,35.2,81.0,52.7,2026-05-31 16:40:00,2974346
81.9,36.0,79.5,52.3,2026-05-31 16:50:00,2974346
81.3,36.6,79.0,52.2,2026-05-31 17:00:00,2974346
80.9,37.2,78.8,52.3,2026-05-31 17:10:00,2974346
82.0,36.3,79.9,52.7,2026-05-31 17:20:00,2974346
81.9,35.8,79.5,52.2,2026-05-31 17:30:00,2974346
81.6,35.7,79.2,51.9,2026-05-31 17:40:00,2974346
80.9,36.7,78.6,52.0,2026-05-31 17:50:00,2974346
81.4,37.1,79.3,52.8,2026-05-31 18:00:00,2974346
79.8,37.8,77.5,51.8,2026-05-31 18:10:00,2974346
79.4,38.6,77.4,52.0,2026-05-31 18:20:00,2974346
78.3,39.9,76.1,52.0,2026-05-31 18:30:00,2974346
78.4,40.7,76.3,52.6,2026-05-31 18:40:00,2974346
78.1,42.0,76.3,53.1,2026-05-31 18:50:00,2974346
78.0,41.9,76.1,53.0,2026-05-31 19:00:00,2974346
78.4,42.0,76.5,53.4,2026-05-31 19:10:00,2974346
77.6,42.9,75.7,53.2,2026-05-31 19:20:00,2974346
76.5,43.6,74.7,52.8,2026-05-31 19:30:00,2974346
75.8,44.8,73.9,52.9,2026-05-31 19:40:00,2974346
75.4,45.8,73.8,53.1,2026-05-31 19:50:00,2974346
75.1,46.5,73.6,53.2,2026-05-31 20:00:00,2974346
74.8,47.1,73.2,53.3,2026-05-31 20:10:00,2974346
74.6,47.6,73.2,53.3,2026-05-31 20:20:00,2974346
74.2,47.2,72.9,52.8,2026-05-31 20:30:00,2974346
73.8,48.0,72.5,52.9,2026-05-31 20:40:00,2974346
73.3,48.5,72.1,52.7,2026-05-31 20:50:00,2974346
72.8,49.2,71.6,52.7,2026-05-31 21:00:00,2974346
72.6,49.4,71.6,52.5,2026-05-31 21:10:00,2974346
72.5,49.6,71.4,52.6,2026-05-31 21:20:00,2974346
72.3,49.6,71.4,52.4,2026-05-31 21:30:00,2974346
72.2,49.5,71.2,52.3,2026-05-31 21:40:00,2974346
72.0,49.3,71.1,51.9,2026-05-31 21:50:00,2974346
72.0,50.3,71.2,52.5,2026-05-31 22:00:00,2974346
71.8,50.9,71.1,52.7,2026-05-31 22:10:00,2974346
71.5,50.5,70.7,52.1,2026-05-31 22:20:00,2974346
71.3,51.8,70.5,52.6,2026-05-31 22:30:00,2974346
71.0,52.8,70.3,53.0,2026-05-31 22:40:00,2974346
70.8,53.9,70.3,53.3,2026-05-31 22:50:00,2974346
70.8,55.0,70.3,53.8,2026-05-31 23:00:00,2974346
70.7,55.7,70.5,54.1,2026-05-31 23:10:00,2974346
70.7,56.2,70.2,54.3,2026-05-31 23:20:00,2974346
70.8,56.5,70.5,54.6,2026-05-31 23:30:00,2974346
70.9,56.8,70.5,54.8,2026-05-31 23:40:00,2974346
71.0,57.0,70.5,55.0,2026-05-31 23:50:00,2974346
71.0,57.4,70.5,55.2,2026-06-01 00:00:00,2974346
70.6,58.2,70.3,55.2,2026-06-01 00:10:00,2974346
70.4,59.1,70.2,55.4,2026-06-01 00:20:00,2974346
70.0,60.0,69.8,55.5,2026-06-01 00:30:00,2974346
70.0,60.5,69.8,55.7,2026-06-01 00:40:00,2974346
69.9,61.2,69.4,55.9,2026-06-01 00:50:00,2974346
69.7,61.6,69.3,55.9,2026-06-01 01:00:00,2974346
69.7,61.8,69.3,56.0,2026-06-01 01:10:00,2974346
69.7,62.4,69.3,56.3,2026-06-01 01:20:00,2974346
69.5,62.4,69.1,56.1,2026-06-01 01:30:00,2974346
69.6,62.9,69.1,56.4,2026-06-01 01:40:00,2974346
69.6,63.1,69.4,56.5,2026-06-01 01:50:00,2974346
69.8,63.4,69.6,56.8,2026-06-01 02:00:00,2974346
69.9,64.0,69.8,57.2,2026-06-01 02:10:00,2974346
69.8,64.4,69.8,57.3,2026-06-01 02:20:00,2974346
69.9,64.6,69.8,57.4,2026-06-01 02:30:00,2974346
69.7,64.7,69.4,57.3,2026-06-01 02:40:00,2974346
69.7,65.2,69.4,57.4,2026-06-01 02:50:00,2974346
69.5,65.5,69.3,57.5,2026-06-01 03:00:00,2974346
69.5,65.7,69.3,57.5,2026-06-01 03:10:00,2974346
69.5,65.9,69.3,57.6,2026-06-01 03:20:00,2974346
69.4,66.3,69.3,57.7,2026-06-01 03:30:00,2974346
69.2,66.7,68.9,57.6,2026-06-01 03:40:00,2974346
69.1,67.0,68.9,57.7,2026-06-01 03:50:00,2974346
68.9,67.4,68.7,57.7,2026-06-01 04:00:00,2974346
68.6,68.0,68.2,57.6,2026-06-01 04:10:00,2974346
68.2,68.6,67.8,57.5,2026-06-01 04:20:00,2974346
68.1,69.3,67.6,57.7,2026-06-01 04:30:00,2974346
67.9,69.8,67.5,57.7,2026-06-01 04:40:00,2974346
68.0,70.1,67.6,57.9,2026-06-01 04:50:00,2974346
68.0,69.8,67.6,57.8,2026-06-01 05:00:00,2974346
68.0,69.8,67.5,57.8,2026-06-01 05:10:00,2974346
68.1,69.5,67.6,57.7,2026-06-01 05:20:00,2974346
68.0,69.4,67.6,57.7,2026-06-01 05:30:00,2974346
67.8,69.6,67.5,57.5,2026-06-01 05:40:00,2974346
67.5,69.9,66.9,57.3,2026-06-01 05:50:00,2974346
67.3,70.1,66.7,57.3,2026-06-01 06:00:00,2974346
67.2,70.6,66.6,57.3,2026-06-01 06:10:00,2974346
67.1,70.9,66.6,57.3,2026-06-01 06:20:00,2974346
67.0,71.3,66.2,57.4,2026-06-01 06:30:00,2974346
67.9,71.5,67.6,58.3,2026-06-01 06:40:00,2974346
69.6,68.7,69.4,58.9,2026-06-01 06:50:00,2974346
70.0,67.2,70.2,58.7,2026-06-01 07:00:00,2974346
70.1,66.8,70.2,58.6,2026-06-01 07:10:00,2974346
70.6,67.1,70.9,59.1,2026-06-01 07:20:00,2974346
70.6,66.1,70.9,58.8,2026-06-01 07:30:00,2974346
70.4,66.4,70.7,58.7,2026-06-01 07:40:00,2974346
70.8,66.9,71.2,59.2,2026-06-01 07:50:00,2974346
71.0,66.8,71.4,59.4,2026-06-01 08:00:00,2974346
71.3,66.7,71.8,59.6,2026-06-01 08:10:00,2974346
71.5,66.9,72.0,59.9,2026-06-01 08:20:00,2974346
71.4,66.4,71.8,59.6,2026-06-01 08:30:00,2974346
72.2,66.0,72.7,60.2,2026-06-01 08:40:00,2974346
72.4,65.4,72.7,60.1,2026-06-01 08:50:00,2974346
72.1,65.7,72.3,60.0,2026-06-01 09:00:00,2974346
73.3,66.0,73.6,61.2,2026-06-01 09:10:00,2974346
73.7,64.7,73.9,61.1,2026-06-01 09:20:00,2974346
74.3,64.7,74.5,61.6,2026-06-01 09:30:00,2974346
75.1,63.6,75.4,61.9,2026-06-01 09:40:00,2974346
75.1,64.1,75.4,62.1,2026-06-01 09:50:00,2974346
75.0,64.6,75.2,62.3,2026-06-01 10:00:00,2974346
75.7,64.4,75.9,62.8,2026-06-01 10:10:00,2974346
76.8,62.7,77.2,63.2,2026-06-01 10:20:00,2974346
75.7,62.6,75.7,62.1,2026-06-01 10:30:00,2974346
75.9,63.2,76.1,62.5,2026-06-01 10:40:00,2974346
76.3,63.6,76.6,63.1,2026-06-01 10:50:00,2974346
77.3,61.8,77.7,63.2,2026-06-01 11:00:00,2974346
77.8,61.3,78.3,63.4,2026-06-01 11:10:00,2974346
77.6,61.1,78.1,63.2,2026-06-01 11:20:00,2974346
79.7,56.5,80.4,62.9,2026-06-01 11:30:00,2974346
83.2,53.8,85.3,64.7,2026-06-01 11:40:00,2974346
83.6,51.8,85.5,64.0,2026-06-01 11:50:00,2974346
84.7,51.0,87.1,64.6,2026-06-01 12:00:00,2974346
86.1,48.4,88.7,64.4,2026-06-01 12:10:00,2974346
85.4,48.0,87.4,63.5,2026-06-01 12:20:00,2974346
86.3,47.0,88.5,63.7,2026-06-01 12:30:00,2974346
87.6,44.4,89.8,63.3,2026-06-01 12:40:00,2974346
85.3,46.5,86.9,62.5,2026-06-01 12:50:00,2974346
85.9,47.3,88.0,63.5,2026-06-01 13:00:00,2974346
87.5,45.8,90.1,64.0,2026-06-01 13:10:00,2974346
86.5,44.0,87.8,62.0,2026-06-01 13:20:00,2974346
85.9,44.2,87.1,61.6,2026-06-01 13:30:00,2974346
87.0,44.1,88.7,62.5,2026-06-01 13:40:00,2974346
87.9,41.7,89.4,61.7,2026-06-01 13:50:00,2974346
85.4,44.3,86.4,61.2,2026-06-01 14:00:00,2974346
85.1,44.8,85.8,61.2,2026-06-01 14:10:00,2974346
84.6,44.7,85.3,60.7,2026-06-01 14:20:00,2974346
85.1,43.5,85.8,60.5,2026-06-01 14:30:00,2974346
85.1,41.9,85.5,59.4,2026-06-01 14:40:00,2974346
85.2,41.5,85.3,59.2,2026-06-01 14:50:00,2974346
84.7,40.3,84.2,57.9,2026-06-01 15:00:00,2974346
84.8,39.9,84.4,57.7,2026-06-01 15:10:00,2974346
84.4,37.3,83.1,55.5,2026-06-01 15:20:00,2974346
84.5,38.2,83.5,56.3,2026-06-01 15:30:00,2974346
85.2,35.6,83.8,55.0,2026-06-01 15:40:00,2974346
85.5,35.6,84.4,55.2,2026-06-01 15:50:00,2974346
86.0,35.3,84.7,55.4,2026-06-01 16:00:00,2974346
85.1,35.9,84.0,55.1,2026-06-01 16:10:00,2974346
85.8,37.4,85.1,56.8,2026-06-01 16:20:00,2974346
86.3,38.0,85.8,57.7,2026-06-01 16:30:00,2974346
85.6,38.3,85.1,57.3,2026-06-01 16:40:00,2974346
84.4,38.5,83.5,56.4,2026-06-01 16:50:00,2974346
83.4,40.1,82.4,56.6,2026-06-01 17:00:00,2974346
82.3,41.2,81.1,56.4,2026-06-01 17:10:00,2974346
82.2,41.4,80.8,56.4,2026-06-01 17:20:00,2974346
84.2,40.1,83.7,57.3,2026-06-01 17:30:00,2974346
82.7,39.0,81.1,55.2,2026-06-01 17:40:00,2974346
81.8,40.4,80.2,55.3,2026-06-01 17:50:00,2974346
81.5,39.9,79.7,54.8,2026-06-01 18:00:00,2974346
81.5,40.9,80.1,55.5,2026-06-01 18:10:00,2974346
80.8,42.0,79.3,55.6,2026-06-01 18:20:00,2974346
80.4,41.7,78.8,55.0,2026-06-01 18:30:00,2974346
80.0,40.2,78.1,53.7,2026-06-01 18:40:00,2974346
79.8,40.5,77.9,53.7,2026-06-01 18:50:00,2974346
79.6,40.6,77.7,53.6,2026-06-01 19:00:00,2974346
79.5,40.7,77.5,53.5,2026-06-01 19:10:00,2974346
78.9,41.3,77.0,53.4,2026-06-01 19:20:00,2974346
78.4,41.8,76.5,53.2,2026-06-01 19:30:00,2974346
77.9,42.0,75.9,52.9,2026-06-01 19:40:00,2974346
77.5,42.7,75.4,53.0,2026-06-01 19:50:00,2974346
77.0,41.2,74.8,51.6,2026-06-01 20:00:00,2974346
76.6,41.5,74.3,51.5,2026-06-01 20:10:00,2974346
76.1,41.7,73.9,51.2,2026-06-01 20:20:00,2974346
75.6,42.6,73.6,51.3,2026-06-01 20:30:00,2974346
74.8,43.5,73.0,51.1,2026-06-01 20:40:00,2974346
74.3,43.5,72.7,50.7,2026-06-01 20:50:00,2974346
74.1,43.7,72.3,50.6,2026-06-01 21:00:00,2974346
74.0,43.7,72.3,50.6,2026-06-01 21:10:00,2974346
73.8,44.0,72.1,50.5,2026-06-01 21:20:00,2974346
73.7,44.1,72.1,50.6,2026-06-01 21:30:00,2974346
73.5,44.4,72.0,50.6,2026-06-01 21:40:00,2974346
73.0,45.3,71.6,50.6,2026-06-01 21:50:00,2974346
72.6,45.5,71.2,50.3,2026-06-01 22:00:00,2974346
72.2,45.4,71.1,49.9,2026-06-01 22:10:00,2974346
72.5,44.8,71.1,49.9,2026-06-01 22:20:00,2974346
72.5,44.3,71.1,49.6,2026-06-01 22:30:00,2974346
72.3,43.9,70.9,49.2,2026-06-01 22:40:00,2974346
72.1,43.8,70.9,48.9,2026-06-01 22:50:00,2974346
72.0,43.7,70.7,48.7,2026-06-01 23:00:00,2974346
72.0,44.4,70.7,49.1,2026-06-01 23:10:00,2974346
71.7,48.2,70.7,51.1,2026-06-01 23:20:00,2974346
71.3,50.9,70.5,52.2,2026-06-01 23:30:00,2974346
71.0,52.9,70.3,52.9,2026-06-01 23:40:00,2974346
70.4,54.0,69.8,53.0,2026-06-01 23:50:00,2974346
70.3,54.3,69.4,53.0,2026-06-02 00:00:00,2974346
70.2,54.4,69.4,53.0,2026-06-02 00:10:00,2974346
69.9,54.9,68.9,53.0,2026-06-02 00:20:00,2974346
69.7,55.5,68.9,53.1,2026-06-02 00:30:00,2974346
69.5,55.7,68.5,53.0,2026-06-02 00:40:00,2974346
69.4,55.1,68.4,52.6,2026-06-02 00:50:00,2974346
69.1,54.0,67.6,51.7,2026-06-02 01:00:00,2974346
68.7,54.1,67.1,51.4,2026-06-02 01:10:00,2974346
68.4,53.7,66.9,50.9,2026-06-02 01:20:00,2974346
68.3,53.4,66.6,50.6,2026-06-02 01:30:00,2974346
67.9,52.3,66.0,49.8,2026-06-02 01:40:00,2974346
67.6,51.8,65.5,49.3,2026-06-02 01:50:00,2974346
67.1,51.9,64.9,48.8,2026-06-02 02:00:00,2974346
66.9,50.2,64.6,47.8,2026-06-02 02:10:00,2974346
66.6,49.7,63.9,47.3,2026-06-02 02:20:00,2974346
66.1,51.2,63.3,47.6,2026-06-02 02:30:00,2974346
65.9,51.9,63.1,47.8,2026-06-02 02:40:00,2974346
65.5,52.5,62.6,47.7,2026-06-02 02:50:00,2974346
65.2,53.5,62.2,47.9,2026-06-02 03:00:00,2974346
64.8,54.1,61.9,47.8,2026-06-02 03:10:00,2974346
64.4,55.0,61.7,47.9,2026-06-02 03:20:00,2974346
63.9,56.1,61.2,48.0,2026-06-02 03:30:00,2974346
63.5,57.5,61.0,48.3,2026-06-02 03:40:00,2974346
63.3,58.8,60.8,48.7,2026-06-02 03:50:00,2974346
62.9,59.5,60.4,48.7,2026-06-02 04:00:00,2974346
62.5,60.7,60.3,48.8,2026-06-02 04:10:00,2974346
62.4,62.3,60.3,49.3,2026-06-02 04:20:00,2974346
62.3,62.9,60.3,49.5,2026-06-02 04:30:00,2974346
62.2,63.5,60.1,49.6,2026-06-02 04:40:00,2974346
62.0,64.2,60.1,49.8,2026-06-02 04:50:00,2974346
61.8,64.6,59.9,49.8,2026-06-02 05:00:00,2974346
61.6,65.3,59.9,49.9,2026-06-02 05:10:00,2974346
61.4,66.0,59.7,49.9,2026-06-02 05:20:00,2974346
61.1,66.6,59.5,49.9,2026-06-02 05:30:00,2974346
60.9,67.1,59.4,50.0,2026-06-02 05:40:00,2974346
60.7,67.6,59.4,49.9,2026-06-02 05:50:00,2974346
60.5,68.5,59.2,50.1,2026-06-02 06:00:00,2974346
60.2,70.1,59.0,50.5,2026-06-02 06:10:00,2974346
60.4,70.2,59.0,50.6,2026-06-02 06:20:00,2974346
60.4,70.4,59.0,50.7,2026-06-02 06:30:00,2974346
60.3,70.7,59.0,50.8,2026-06-02 06:40:00,2974346
61.1,70.2,59.7,51.3,2026-06-02 06:50:00,2974346
61.4,70.7,60.1,51.8,2026-06-02 07:00:00,2974346
61.6,69.8,60.3,51.6,2026-06-02 07:10:00,2974346
61.4,70.1,60.1,51.5,2026-06-02 07:20:00,2974346
61.1,69.7,59.7,51.2,2026-06-02 07:30:00,2974346
61.8,68.4,60.3,51.3,2026-06-02 07:40:00,2974346
62.0,67.2,60.3,51.0,2026-06-02 07:50:00,2974346
61.6,66.9,59.9,50.5,2026-06-02 08:00:00,2974346
62.1,65.7,60.4,50.5,2026-06-02 08:10:00,2974346
62.9,64.6,61.0,50.7,2026-06-02 08:20:00,2974346
63.2,63.2,61.2,50.5,2026-06-02 08:30:00,2974346
63.5,61.6,61.3,50.1,2026-06-02 08:40:00,2974346
63.6,61.0,61.3,49.9,2026-06-02 08:50:00,2974346
63.2,61.2,61.0,49.6,2026-06-02 09:00:00,2974346
64.7,60.0,62.2,50.5,2026-06-02 09:10:00,2974346
66.6,58.0,64.6,51.4,2026-06-02 09:20:00,2974346
67.4,56.1,65.5,51.2,2026-06-02 09:30:00,2974346
66.9,54.3,64.8,49.9,2026-06-02 09:40:00,2974346
66.5,54.3,64.0,49.5,2026-06-02 09:50:00,2974346
67.1,55.4,65.3,50.6,2026-06-02 10:00:00,2974346
68.0,53.7,66.4,50.6,2026-06-02 10:10:00,2974346
68.6,51.9,66.9,50.2,2026-06-02 10:20:00,2974346
69.8,50.2,68.7,50.5,2026-06-02 10:30:00,2974346
69.2,47.6,67.5,48.5,2026-06-02 10:40:00,2974346
69.4,49.6,67.8,49.7,2026-06-02 10:50:00,2974346
70.1,49.0,68.9,50.1,2026-06-02 11:00:00,2974346
70.5,47.3,69.3,49.5,2026-06-02 11:10:00,2974346
70.9,46.2,69.8,49.2,2026-06-02 11:20:00,2974346
72.7,44.1,71.2,49.6,2026-06-02 11:30:00,2974346
74.7,41.1,72.7,49.6,2026-06-02 11:40:00,2974346
76.0,38.9,73.6,49.2,2026-06-02 11:50:00,2974346
76.3,38.4,73.8,49.1,2026-06-02 12:00:00,2974346
76.5,37.4,73.9,48.6,2026-06-02 12:10:00,2974346
76.6,38.3,73.9,49.3,2026-06-02 12:20:00,2974346
76.3,37.4,73.8,48.5,2026-06-02 12:30:00,2974346
76.4,36.7,73.6,48.0,2026-06-02 12:40:00,2974346
76.9,36.9,74.3,48.6,2026-06-02 12:50:00,2974346
77.3,35.4,74.5,47.9,2026-06-02 13:00:00,2974346
77.5,36.2,74.7,48.7,2026-06-02 13:10:00,2974346
77.6,36.3,74.8,48.8,2026-06-02 13:20:00,2974346
76.9,35.8,74.1,47.8,2026-06-02 13:30:00,2974346
77.1,35.4,74.3,47.6,2026-06-02 13:40:00,2974346
78.2,35.0,75.2,48.3,2026-06-02 13:50:00,2974346
77.9,34.3,74.8,47.5,2026-06-02 14:00:00,2974346
77.5,32.5,74.3,45.8,2026-06-02 14:10:00,2974346
77.6,34.1,74.7,47.1,2026-06-02 14:20:00,2974346
77.7,33.1,74.5,46.4,2026-06-02 14:30:00,2974346
77.7,32.9,74.5,46.2,2026-06-02 14:40:00,2974346
78.4,30.9,75.0,45.2,2026-06-02 14:50:00,2974346
77.2,30.7,73.8,44.0,2026-06-02 15:00:00,2974346
79.0,31.9,75.9,46.5,2026-06-02 15:10:00,2974346
78.5,30.4,75.2,44.8,2026-06-02 15:20:00,2974346
77.2,30.9,73.9,44.2,2026-06-02 15:30:00,2974346
78.1,32.5,75.0,46.2,2026-06-02 15:40:00,2974346
77.4,30.6,74.1,44.0,2026-06-02 15:50:00,2974346
77.9,31.0,74.7,44.8,2026-06-02 16:00:00,2974346
79.5,31.6,76.5,46.8,2026-06-02 16:10:00,2974346
80.4,30.4,77.0,46.5,2026-06-02 16:20:00,2974346
79.4,31.3,76.3,46.4,2026-06-02 16:30:00,2974346
78.3,29.9,74.8,44.3,2026-06-02 16:40:00,2974346
79.6,30.5,76.3,45.9,2026-06-02 16:50:00,2974346
78.7,30.1,75.4,44.7,2026-06-02 17:00:00,2974346
78.4,29.4,74.8,43.9,2026-06-02 17:10:00,2974346
78.4,28.9,74.8,43.4,2026-06-02 17:20:00,2974346
78.0,28.9,74.5,43.1,2026-06-02 17:30:00,2974346
79.4,29.6,75.9,44.9,2026-06-02 17:40:00,2974346
78.5,29.2,75.0,43.8,2026-06-02 17:50:00,2974346
78.0,28.8,74.5,43.0,2026-06-02 18:00:00,2974346
76.7,29.8,73.2,42.8,2026-06-02 18:10:00,2974346
75.5,28.5,72.1,40.6,2026-06-02 18:20:00,2974346
75.5,29.0,72.1,41.1,2026-06-02 18:30:00,2974346
74.7,30.3,71.6,41.5,2026-06-02 18:40:00,2974346
74.5,30.9,71.6,41.8,2026-06-02 18:50:00,2974346
75.1,30.3,72.0,41.9,2026-06-02 19:00:00,2974346
75.8,30.0,72.3,42.1,2026-06-02 19:10:00,2974346
73.9,29.8,70.7,40.3,2026-06-02 19:20:00,2974346
73.2,30.2,70.3,40.1,2026-06-02 19:30:00,2974346
72.2,30.8,69.6,39.7,2026-06-02 19:40:00,2974346
71.5,31.6,69.1,39.8,2026-06-02 19:50:00,2974346
71.1,31.2,68.7,39.1,2026-06-02 20:00:00,2974346
70.6,31.7,68.2,39.1,2026-06-02 20:10:00,2974346
70.1,32.1,67.5,39.0,2026-06-02 20:20:00,2974346
69.7,32.6,67.1,39.0,2026-06-02 20:30:00,2974346
69.3,33.3,66.6,39.2,2026-06-02 20:40:00,2974346
69.1,33.6,66.2,39.2,2026-06-02 20:50:00,2974346
68.7,33.6,65.7,38.9,2026-06-02 21:00:00,2974346
68.4,33.7,65.1,38.7,2026-06-02 21:10:00,2974346
68.1,33.9,64.6,38.6,2026-06-02 21:20:00,2974346
67.7,34.5,64.4,38.7,2026-06-02 21:30:00,2974346
67.2,35.1,63.5,38.7,2026-06-02 21:40:00,2974346
66.8,35.7,63.0,38.9,2026-06-02 21:50:00,2974346
66.4,36.5,62.4,39.0,2026-06-02 22:00:00,2974346
66.0,37.0,61.9,39.0,2026-06-02 22:10:00,2974346
65.7,37.7,61.5,39.2,2026-06-02 22:20:00,2974346
65.4,38.1,61.0,39.2,2026-06-02 22:30:00,2974346
65.3,38.5,61.0,39.4,2026-06-02 22:40:00,2974346
65.1,38.7,60.8,39.4,2026-06-02 22:50:00,2974346
64.7,39.1,60.4,39.3,2026-06-02 23:00:00,2974346
64.5,39.5,60.3,39.4,2026-06-02 23:10:00,2974346
64.2,40.1,59.9,39.4,2026-06-02 23:20:00,2974346
63.8,40.8,59.5,39.5,2026-06-02 23:30:00,2974346
63.1,41.7,59.2,39.4,2026-06-02 23:40:00,2974346
62.2,42.6,58.3,39.2,2026-06-02 23:50:00,2974346
61.5,44.1,58.1,39.5,2026-06-03 00:00:00,2974346
61.1,44.8,57.6,39.5,2026-06-03 00:10:00,2974346
60.9,45.3,57.6,39.6,2026-06-03 00:20:00,2974346
60.3,46.4,57.0,39.7,2026-06-03 00:30:00,2974346
59.6,47.6,56.7,39.7,2026-06-03 00:40:00,2974346
59.3,48.7,56.3,40.0,2026-06-03 00:50:00,2974346
59.1,49.3,56.3,40.1,2026-06-03 01:00:00,2974346
58.9,50.2,56.1,40.4,2026-06-03 01:10:00,2974346
58.6,50.2,55.8,40.1,2026-06-03 01:20:00,2974346
58.2,51.1,55.6,40.2,2026-06-03 01:30:00,2974346
57.9,52.4,55.2,40.6,2026-06-03 01:40:00,2974346
57.5,54.3,55.0,41.2,2026-06-03 01:50:00,2974346
57.3,55.3,55.0,41.4,2026-06-03 02:00:00,2974346
57.2,55.8,55.0,41.5,2026-06-03 02:10:00,2974346
57.1,56.7,55.0,41.9,2026-06-03 02:20:00,2974346
56.8,57.5,54.9,42.0,2026-06-03 02:30:00,2974346
56.6,58.1,54.5,42.1,2026-06-03 02:40:00,2974346
56.4,58.9,54.5,42.2,2026-06-03 02:50:00,2974346
56.1,58.4,54.3,41.7,2026-06-03 03:00:00,2974346
56.1,57.8,54.1,41.5,2026-06-03 03:10:00,2974346
56.1,57.9,54.1,41.5,2026-06-03 03:20:00,2974346
56.0,57.6,54.0,41.3,2026-06-03 03:30:00,2974346
55.9,57.6,53.8,41.2,2026-06-03 03:40:00,2974346
55.9,58.1,54.0,41.4,2026-06-03 03:50:00,2974346
55.8,57.8,53.8,41.2,2026-06-03 04:00:00,2974346
55.7,58.2,53.8,41.2,2026-06-03 04:10:00,2974346
55.5,59.0,53.6,41.5,2026-06-03 04:20:00,2974346
55.6,58.9,53.8,41.5,2026-06-03 04:30:00,2974346
55.7,58.6,53.8,41.4,2026-06-03 04:40:00,2974346
55.7,58.4,53.8,41.4,2026-06-03 04:50:00,2974346
55.6,58.6,53.8,41.3,2026-06-03 05:00:00,2974346
55.6,58.9,53.8,41.5,2026-06-03 05:10:00,2974346
55.5,59.0,53.6,41.4,2026-06-03 05:20:00,2974346
55.5,59.4,53.6,41.6,2026-06-03 05:30:00,2974346
55.6,59.3,53.8,41.7,2026-06-03 05:40:00,2974346
55.6,59.3,53.8,41.6,2026-06-03 05:50:00,2974346
55.8,58.9,54.0,41.6,2026-06-03 06:00:00,2974346
55.7,59.6,53.8,41.9,2026-06-03 06:10:00,2974346
55.7,60.2,54.0,42.1,2026-06-03 06:20:00,2974346
55.9,60.7,54.1,42.5,2026-06-03 06:30:00,2974346
58.7,58.3,56.7,44.2,2026-06-03 06:40:00,2974346
59.8,55.0,57.4,43.6,2026-06-03 06:50:00,2974346
58.9,55.3,56.5,42.9,2026-06-03 07:00:00,2974346
58.9,55.9,56.5,43.2,2026-06-03 07:10:00,2974346
59.5,54.6,57.0,43.2,2026-06-03 07:20:00,2974346
59.8,54.1,57.2,43.2,2026-06-03 07:30:00,2974346
60.4,53.2,57.7,43.3,2026-06-03 07:40:00,2974346
62.3,52.7,59.5,44.8,2026-06-03 07:50:00,2974346
65.3,50.3,61.9,46.3,2026-06-03 08:00:00,2974346
67.2,47.8,64.6,46.7,2026-06-03 08:10:00,2974346
65.1,47.2,61.5,44.5,2026-06-03 08:20:00,2974346
65.3,47.5,61.9,44.9,2026-06-03 08:30:00,2974346
64.9,47.3,61.3,44.3,2026-06-03 08:40:00,2974346
65.9,47.0,62.8,45.2,2026-06-03 08:50:00,2974346
68.6,45.1,66.6,46.5,2026-06-03 09:00:00,2974346
68.7,42.3,66.2,44.9,2026-06-03 09:10:00,2974346
68.6,41.9,66.2,44.5,2026-06-03 09:20:00,2974346
69.7,41.2,67.8,45.1,2026-06-03 09:30:00,2974346
70.0,40.8,68.2,45.1,2026-06-03 09:40:00,2974346
71.0,39.7,69.3,45.3,2026-06-03 09:50:00,2974346
71.5,37.9,69.6,44.6,2026-06-03 10:00:00,2974346
74.2,36.9,72.0,46.2,2026-06-03 10:10:00,2974346
76.2,35.2,73.4,46.7,2026-06-03 10:20:00,2974346
78.1,32.4,75.0,46.2,2026-06-03 10:30:00,2974346
77.8,33.2,74.7,46.5,2026-06-03 10:40:00,2974346
76.6,33.5,73.6,45.7,2026-06-03 10:50:00,2974346
76.4,32.5,73.2,44.7,2026-06-03 11:00:00,2974346
76.3,32.6,73.2,44.8,2026-06-03 11:10:00,2974346
77.3,32.2,74.1,45.4,2026-06-03 11:20:00,2974346
79.8,32.0,76.8,47.3,2026-06-03 11:30:00,2974346
80.8,31.2,77.7,47.6,2026-06-03 11:40:00,2974346
82.0,28.1,78.3,45.8,2026-06-03 11:50:00,2974346
82.0,29.1,78.6,46.7,2026-06-03 12:00:00,2974346
82.4,27.2,78.6,45.3,2026-06-03 12:10:00,2974346
81.8,25.9,77.9,43.4,2026-06-03 12:20:00,2974346
83.4,27.9,80.1,46.7,2026-06-03 12:30:00,2974346
83.0,26.6,79.3,45.3,2026-06-03 12:40:00,2974346
82.5,27.8,79.0,45.9,2026-06-03 12:50:00,2974346
82.9,27.2,79.2,45.7,2026-06-03 13:00:00,2974346
82.0,27.1,78.3,44.8,2026-06-03 13:10:00,2974346
82.6,27.5,79.2,45.8,2026-06-03 13:20:00,2974346
81.5,27.2,77.7,44.5,2026-06-03 13:30:00,2974346
82.1,27.3,78.4,45.1,2026-06-03 13:40:00,2974346
82.2,27.3,78.4,45.2,2026-06-03 13:50:00,2974346
81.6,27.2,77.9,44.6,2026-06-03 14:00:00,2974346
82.2,27.1,78.4,45.0,2026-06-03 14:10:00,2974346
83.3,28.2,79.7,46.9,2026-06-03 14:20:00,2974346
83.1,26.8,79.5,45.6,2026-06-03 14:30:00,2974346
81.3,28.2,77.5,45.3,2026-06-03 14:40:00,2974346
83.4,27.0,79.9,46.0,2026-06-03 14:50:00,2974346
84.5,27.1,81.1,47.0,2026-06-03 15:00:00,2974346
82.7,26.6,79.0,44.9,2026-06-03 15:10:00,2974346
82.9,26.7,79.2,45.2,2026-06-03 15:20:00,2974346
83.3,27.5,79.7,46.3,2026-06-03 15:30:00,2974346
84.1,26.6,80.6,46.1,2026-06-03 15:40:00,2974346
83.4,27.0,79.9,46.0,2026-06-03 15:50:00,2974346
85.1,26.3,81.7,46.7,2026-06-03 16:00:00,2974346
84.7,26.5,81.3,46.5,2026-06-03 16:10:00,2974346
83.5,27.1,80.1,46.1,2026-06-03 16:20:00,2974346
82.4,27.8,79.0,45.9,2026-06-03 16:30:00,2974346
84.5,27.2,81.1,47.1,2026-06-03 16:40:00,2974346
84.6,26.4,81.3,46.4,2026-06-03 16:50:00,2974346
86.0,26.8,82.8,47.9,2026-06-03 17:00:00,2974346
86.2,25.9,82.9,47.2,2026-06-03 17:10:00,2974346
85.4,25.3,81.9,46.0,2026-06-03 17:20:00,2974346
85.1,26.4,81.9,46.8,2026-06-03 17:30:00,2974346
84.0,26.2,80.6,45.7,2026-06-03 17:40:00,2974346
84.5,26.0,81.0,46.0,2026-06-03 17:50:00,2974346
84.7,27.1,81.3,47.2,2026-06-03 18:00:00,2974346
83.7,26.8,80.2,46.0,2026-06-03 18:10:00,2974346
82.1,27.0,78.4,44.8,2026-06-03 18:20:00,2974346
81.6,27.4,77.9,44.8,2026-06-03 18:30:00,2974346
81.7,28.0,78.1,45.4,2026-06-03 18:40:00,2974346
81.6,28.2,77.9,45.6,2026-06-03 18:50:00,2974346
82.0,28.1,78.4,45.8,2026-06-03 19:00:00,2974346
82.8,27.3,79.2,45.7,2026-06-03 19:10:00,2974346
81.4,27.6,77.7,44.9,2026-06-03 19:20:00,2974346
80.8,28.2,77.2,44.9,2026-06-03 19:30:00,2974346
79.2,29.0,75.7,44.2,2026-06-03 19:40:00,2974346
78.0,30.2,74.7,44.3,2026-06-03 19:50:00,2974346
77.2,30.6,73.9,43.9,2026-06-03 20:00:00,2974346
76.6,31.4,73.2,44.0,2026-06-03 20:10:00,2974346
75.7,32.4,72.5,44.1,2026-06-03 20:20:00,2974346
75.1,33.0,72.1,44.1,2026-06-03 20:30:00,2974346
74.4,33.6,71.6,43.9,2026-06-03 20:40:00,2974346
73.9,34.0,71.2,43.8,2026-06-03 20:50:00,2974346
73.3,34.4,70.9,43.5,2026-06-03 21:00:00,2974346
72.9,35.1,70.7,43.7,2026-06-03 21:10:00,2974346
72.6,35.4,70.3,43.7,2026-06-03 21:20:00,2974346
72.5,35.6,70.2,43.8,2026-06-03 21:30:00,2974346
72.1,36.1,70.0,43.8,2026-06-03 21:40:00,2974346
71.7,37.8,69.8,44.6,2026-06-03 21:50:00,2974346
71.0,38.5,69.1,44.5,2026-06-03 22:00:00,2974346
70.2,40.4,68.4,45.0,2026-06-03 22:10:00,2974346
69.1,40.9,66.7,44.4,2026-06-03 22:20:00,2974346
68.5,42.3,65.8,44.7,2026-06-03 22:30:00,2974346
68.4,43.1,66.0,45.1,2026-06-03 22:40:00,2974346
68.2,43.3,65.8,45.1,2026-06-03 22:50:00,2974346
67.6,44.0,64.8,44.9,2026-06-03 23:00:00,2974346
67.6,44.2,64.8,45.1,2026-06-03 23:10:00,2974346
67.3,44.9,64.6,45.2,2026-06-03 23:20:00,2974346
66.8,45.8,63.9,45.2,2026-06-03 23:30:00,2974346
66.6,46.4,63.7,45.4,2026-06-03 23:40:00,2974346
66.3,46.9,63.1,45.4,2026-06-03 23:50:00,2974346
66.0,48.0,62.8,45.8,2026-06-04 00:00:00,2974346
65.7,49.2,62.6,46.1,2026-06-04 00:10:00,2974346
65.3,49.6,62.1,46.0,2026-06-04 00:20:00,2974346
65.1,50.5,61.7,46.3,2026-06-04 00:30:00,2974346
65.0,50.8,61.9,46.3,2026-06-04 00:40:00,2974346
64.6,51.6,61.5,46.4,2026-06-04 00:50:00,2974346
64.4,52.1,61.3,46.5,2026-06-04 01:00:00,2974346
63.9,52.8,61.0,46.3,2026-06-04 01:10:00,2974346
63.5,53.7,60.6,46.5,2026-06-04 01:20:00,2974346
63.1,54.8,60.3,46.6,2026-06-04 01:30:00,2974346
62.6,55.5,59.9,46.4,2026-06-04 01:40:00,2974346
62.2,56.0,59.5,46.3,2026-06-04 01:50:00,2974346
61.9,57.1,59.5,46.5,2026-06-04 02:00:00,2974346
61.4,57.8,59.0,46.4,2026-06-04 02:10:00,2974346
61.2,58.6,59.0,46.6,2026-06-04 02:20:00,2974346
61.0,58.6,58.8,46.4,2026-06-04 02:30:00,2974346
60.5,59.6,58.3,46.4,2026-06-04 02:40:00,2974346
60.3,59.6,58.1,46.2,2026-06-04 02:50:00,2974346
60.3,60.4,58.3,46.6,2026-06-04 03:00:00,2974346
60.3,60.8,58.3,46.7,2026-06-04 03:10:00,2974346
60.0,60.7,57.9,46.4,2026-06-04 03:20:00,2974346
59.8,61.1,57.7,46.4,2026-06-04 03:30:00,2974346
59.4,61.1,57.6,46.0,2026-06-04 03:40:00,2974346
59.1,62.1,57.2,46.1,2026-06-04 03:50:00,2974346
58.7,63.0,57.0,46.1,2026-06-04 04:00:00,2974346
58.7,63.6,57.0,46.3,2026-06-04 04:10:00,2974346
58.3,64.2,56.8,46.3,2026-06-04 04:20:00,2974346
58.2,65.3,56.7,46.6,2026-06-04 04:30:00,2974346
58.3,65.1,56.8,46.7,2026-06-04 04:40:00,2974346
58.0,65.2,56.5,46.4,2026-06-04 04:50:00,2974346
57.7,66.1,56.3,46.5,2026-06-04 05:00:00,2974346
57.7,66.8,56.3,46.7,2026-06-04 05:10:00,2974346
57.5,67.3,56.1,46.7,2026-06-04 05:20:00,2974346
57.4,68.0,56.1,46.9,2026-06-04 05:30:00,2974346
57.4,68.5,56.1,47.2,2026-06-04 05:40:00,2974346
57.3,68.9,55.9,47.2,2026-06-04 05:50:00,2974346
57.1,69.8,55.9,47.4,2026-06-04 06:00:00,2974346
57.1,70.8,55.9,47.7,2026-06-04 06:10:00,2974346
57.2,71.2,56.1,48.0,2026-06-04 06:20:00,2974346
57.6,71.1,56.5,48.3,2026-06-04 06:30:00,2974346
60.1,68.6,58.8,49.8,2026-06-04 06:40:00,2974346
62.0,64.3,60.1,49.8,2026-06-04 06:50:00,2974346
62.2,62.1,60.1,49.0,2026-06-04 07:00:00,2974346
63.1,61.1,60.8,49.4,2026-06-04 07:10:00,2974346
63.3,60.2,61.2,49.3,2026-06-04 07:20:00,2974346
63.9,58.6,61.5,49.1,2026-06-04 07:30:00,2974346
65.3,56.5,62.8,49.4,2026-06-04 07:40:00,2974346
68.5,53.6,66.9,51.0,2026-06-04 07:50:00,2974346
69.7,51.0,68.5,50.8,2026-06-04 08:00:00,2974346
69.2,50.0,67.6,49.8,2026-06-04 08:10:00,2974346
69.3,50.1,68.0,49.9,2026-06-04 08:20:00,2974346
69.9,49.7,68.5,50.3,2026-06-04 08:30:00,2974346
70.3,49.4,69.1,50.4,2026-06-04 08:40:00,2974346
70.9,47.1,69.8,49.7,2026-06-04 08:50:00,2974346
72.8,47.1,71.4,51.4,2026-06-04 09:00:00,2974346
73.7,45.1,72.3,51.1,2026-06-04 09:10:00,2974346
73.4,44.2,72.0,50.3,2026-06-04 09:20:00,2974346
74.2,43.8,72.5,50.8,2026-06-04 09:30:00,2974346
74.9,42.0,73.0,50.3,2026-06-04 09:40:00,2974346
75.4,41.1,73.2,50.1,2026-06-04 09:50:00,2974346
76.6,39.3,74.3,50.0,2026-06-04 10:00:00,2974346
79.6,36.5,77.2,50.7,2026-06-04 10:10:00,2974346
81.6,33.5,78.8,50.1,2026-06-04 10:20:00,2974346
84.1,31.1,81.5,50.3,2026-06-04 10:30:00,2974346
81.9,32.3,79.0,49.4,2026-06-04 10:40:00,2974346
81.1,31.4,77.9,48.0,2026-06-04 10:50:00,2974346
80.9,32.3,77.9,48.5,2026-06-04 11:00:00,2974346
81.5,31.3,78.3,48.2,2026-06-04 11:10:00,2974346
81.9,29.6,78.4,47.1,2026-06-04 11:20:00,2974346
83.4,29.5,80.2,48.2,2026-06-04 11:30:00,2974346
85.4,28.0,82.4,48.6,2026-06-04 11:40:00,2974346
86.2,26.9,83.3,48.2,2026-06-04 11:50:00,2974346
85.6,26.5,82.2,47.3,2026-06-04 12:00:00,2974346
88.8,27.2,86.4,50.7,2026-06-04 12:10:00,2974346
88.3,27.4,85.6,50.5,2026-06-04 12:20:00,2974346
88.6,26.4,86.0,49.7,2026-06-04 12:30:00,2974346
88.7,26.1,86.0,49.5,2026-06-04 12:40:00,2974346
89.3,25.6,86.7,49.5,2026-06-04 12:50:00,2974346
88.6,24.9,85.5,48.2,2026-06-04 13:00:00,2974346
88.3,25.0,85.1,48.0,2026-06-04 13:10:00,2974346
87.6,24.2,84.4,46.6,2026-06-04 13:20:00,2974346
88.3,24.4,85.1,47.4,2026-06-04 13:30:00,2974346
88.2,25.0,85.1,47.9,2026-06-04 13:40:00,2974346
87.9,24.4,84.6,47.1,2026-06-04 13:50:00,2974346
87.9,25.1,84.7,47.9,2026-06-04 14:00:00,2974346
88.5,25.2,85.5,48.4,2026-06-04 14:10:00,2974346
89.1,26.1,86.7,49.9,2026-06-04 14:20:00,2974346
89.3,23.6,86.2,47.4,2026-06-04 14:30:00,2974346
89.7,23.7,86.7,47.8,2026-06-04 14:40:00,2974346
89.0,24.0,85.8,47.5,2026-06-04 14:50:00,2974346
89.4,23.7,86.2,47.6,2026-06-04 15:00:00,2974346
89.8,24.1,87.1,48.3,2026-06-04 15:10:00,2974346
90.1,23.5,87.3,47.9,2026-06-04 15:20:00,2974346
90.7,23.3,88.0,48.2,2026-06-04 15:30:00,2974346
91.2,23.4,88.3,48.7,2026-06-04 15:40:00,2974346
91.1,22.6,88.3,47.7,2026-06-04 15:50:00,2974346
91.4,22.8,88.7,48.2,2026-06-04 16:00:00,2974346
91.8,22.9,89.2,48.7,2026-06-04 16:10:00,2974346
91.7,23.1,89.1,48.7,2026-06-04 16:20:00,2974346
91.5,23.1,88.9,48.7,2026-06-04 16:30:00,2974346
92.3,23.4,89.8,49.6,2026-06-04 16:40:00,2974346
92.8,22.7,90.3,49.2,2026-06-04 16:50:00,2974346
91.8,21.8,88.9,47.4,2026-06-04 17:00:00,2974346
92.3,22.3,89.4,48.3,2026-06-04 17:10:00,2974346
91.0,22.2,88.0,47.1,2026-06-04 17:20:00,2974346
92.0,22.5,89.4,48.4,2026-06-04 17:30:00,2974346
92.8,22.6,90.3,49.0,2026-06-04 17:40:00,2974346
92.7,22.1,90.1,48.5,2026-06-04 17:50:00,2974346
91.6,21.8,88.7,47.2,2026-06-04 18:00:00,2974346
90.4,22.5,87.3,47.0,2026-06-04 18:10:00,2974346
89.8,23.5,86.7,47.6,2026-06-04 18:20:00,2974346
89.3,23.0,86.0,46.7,2026-06-04 18:30:00,2974346
88.6,22.9,85.1,46.0,2026-06-04 18:40:00,2974346
88.2,23.5,84.9,46.3,2026-06-04 18:50:00,2974346
88.6,23.2,85.1,46.3,2026-06-04 19:00:00,2974346
90.1,23.0,87.1,47.3,2026-06-04 19:10:00,2974346
89.8,23.8,86.7,48.0,2026-06-04 19:20:00,2974346
89.1,24.4,86.2,48.1,2026-06-04 19:30:00,2974346
86.6,24.3,83.1,45.9,2026-06-04 19:40:00,2974346
85.0,26.3,81.7,46.6,2026-06-04 19:50:00,2974346
83.9,27.4,80.6,46.8,2026-06-04 20:00:00,2974346
83.0,29.3,79.7,47.8,2026-06-04 20:10:00,2974346
82.1,30.3,78.8,47.9,2026-06-04 20:20:00,2974346
81.1,32.1,78.1,48.5,2026-06-04 20:30:00,2974346
80.1,33.7,77.4,49.0,2026-06-04 20:40:00,2974346
79.4,34.6,76.6,49.0,2026-06-04 20:50:00,2974346
78.6,35.4,75.9,49.0,2026-06-04 21:00:00,2974346
77.9,36.5,75.0,49.1,2026-06-04 21:10:00,2974346
77.0,37.4,74.5,49.0,2026-06-04 21:20:00,2974346
76.2,38.5,73.8,49.1,2026-06-04 21:30:00,2974346
75.7,39.2,73.2,49.1,2026-06-04 21:40:00,2974346
75.4,39.6,73.0,49.2,2026-06-04 21:50:00,2974346
75.1,40.2,73.0,49.3,2026-06-04 22:00:00,2974346
74.7,41.3,72.7,49.6,2026-06-04 22:10:00,2974346
73.8,41.5,72.0,49.0,2026-06-04 22:20:00,2974346
73.4,42.5,71.8,49.2,2026-06-04 22:30:00,2974346
73.0,43.1,71.4,49.2,2026-06-04 22:40:00,2974346
72.7,43.9,71.2,49.5,2026-06-04 22:50:00,2974346
72.4,44.7,70.9,49.7,2026-06-04 23:00:00,2974346
71.8,45.2,70.7,49.4,2026-06-04 23:10:00,2974346
71.2,46.0,70.0,49.3,2026-06-04 23:20:00,2974346
71.1,46.5,70.0,49.5,2026-06-04 23:30:00,2974346
70.8,47.5,69.8,49.9,2026-06-04 23:40:00,2974346
70.4,48.2,69.4,49.9,2026-06-04 23:50:00,2974346
69.9,49.2,68.5,49.9,2026-06-05 00:00:00,2974346
69.4,50.1,68.0,50.1,2026-06-05 00:10:00,2974346
69.1,51.7,67.5,50.5,2026-06-05 00:20:00,2974346
68.6,51.2,66.9,49.9,2026-06-05 00:30:00,2974346
68.6,52.3,66.9,50.4,2026-06-05 00:40:00,2974346
68.4,52.4,66.7,50.3,2026-06-05 00:50:00,2974346
68.1,53.3,66.4,50.5,2026-06-05 01:00:00,2974346
68.3,53.6,66.6,50.8,2026-06-05 01:10:00,2974346
68.0,54.3,66.2,50.8,2026-06-05 01:20:00,2974346
67.6,54.8,65.7,50.8,2026-06-05 01:30:00,2974346
67.2,55.4,65.3,50.7,2026-06-05 01:40:00,2974346
66.9,56.2,64.9,50.8,2026-06-05 01:50:00,2974346
66.7,57.3,64.6,51.1,2026-06-05 02:00:00,2974346
66.4,58.0,64.4,51.2,2026-06-05 02:10:00,2974346
66.1,58.8,64.0,51.3,2026-06-05 02:20:00,2974346
65.8,59.5,63.5,51.3,2026-06-05 02:30:00,2974346
65.3,61.0,63.0,51.5,2026-06-05 02:40:00,2974346
65.3,61.4,63.0,51.6,2026-06-05 02:50:00,2974346
65.0,62.0,63.0,51.7,2026-06-05 03:00:00,2974346
64.6,63.1,62.6,51.8,2026-06-05 03:10:00,2974346
64.5,63.7,62.4,51.9,2026-06-05 03:20:00,2974346
64.1,64.3,62.2,51.9,2026-06-05 03:30:00,2974346
63.9,65.3,62.1,52.0,2026-06-05 03:40:00,2974346
63.5,66.0,61.9,52.0,2026-06-05 03:50:00,2974346
63.6,66.4,61.9,52.2,2026-06-05 04:00:00,2974346
63.3,67.0,61.5,52.1,2026-06-05 04:10:00,2974346
63.3,67.7,61.9,52.5,2026-06-05 04:20:00,2974346
63.1,67.9,61.5,52.3,2026-06-05 04:30:00,2974346
62.8,68.3,61.2,52.2,2026-06-05 04:40:00,2974346
62.4,68.8,60.8,52.0,2026-06-05 04:50:00,2974346
62.1,69.8,60.8,52.1,2026-06-05 05:00:00,2974346
62.1,70.4,60.8,52.3,2026-06-05 05:10:00,2974346
61.8,70.8,60.4,52.3,2026-06-05 05:20:00,2974346
61.6,71.2,60.3,52.2,2026-06-05 05:30:00,2974346
61.4,72.5,60.3,52.5,2026-06-05 05:40:00,2974346
61.3,73.2,60.1,52.6,2026-06-05 05:50:00,2974346
61.1,73.6,60.1,52.6,2026-06-05 06:00:00,2974346
61.0,73.7,60.1,52.6,2026-06-05 06:10:00,2974346
61.0,74.0,60.1,52.6,2026-06-05 06:20:00,2974346
61.4,73.7,60.4,52.9,2026-06-05 06:30:00,2974346
64.9,70.8,63.5,55.2,2026-06-05 06:40:00,2974346
66.7,65.8,65.5,54.9,2026-06-05 06:50:00,2974346
65.5,64.9,63.9,53.4,2026-06-05 07:00:00,2974346
65.9,66.0,64.4,54.3,2026-06-05 07:10:00,2974346
66.8,64.3,65.5,54.4,2026-06-05 07:20:00,2974346
67.3,63.0,66.0,54.3,2026-06-05 07:30:00,2974346
68.2,62.0,67.3,54.7,2026-06-05 07:40:00,2974346
70.7,59.6,70.7,56.0,2026-06-05 07:50:00,2974346
73.1,56.2,72.7,56.6,2026-06-05 08:00:00,2974346
72.5,54.8,72.0,55.3,2026-06-05 08:10:00,2974346
72.9,54.2,72.3,55.4,2026-06-05 08:20:00,2974346
73.9,53.4,73.0,55.9,2026-06-05 08:30:00,2974346
73.2,53.2,72.3,55.1,2026-06-05 08:40:00,2974346
74.1,53.0,73.2,55.9,2026-06-05 08:50:00,2974346
75.6,51.2,74.5,56.3,2026-06-05 09:00:00,2974346
77.0,48.9,75.6,56.3,2026-06-05 09:10:00,2974346
77.4,48.2,76.1,56.3,2026-06-05 09:20:00,2974346
78.8,46.6,77.7,56.6,2026-06-05 09:30:00,2974346
79.2,45.6,78.1,56.4,2026-06-05 09:40:00,2974346
79.7,45.1,78.4,56.5,2026-06-05 09:50:00,2974346
80.5,44.3,79.3,56.8,2026-06-05 10:00:00,2974346
83.4,41.5,82.6,57.6,2026-06-05 10:10:00,2974346
84.3,39.3,83.5,56.9,2026-06-05 10:20:00,2974346
87.5,38.2,87.8,58.9,2026-06-05 10:30:00,2974346
86.4,37.0,85.8,57.0,2026-06-05 10:40:00,2974346
85.4,38.1,84.7,57.0,2026-06-05 10:50:00,2974346
85.6,37.5,84.7,56.7,2026-06-05 11:00:00,2974346
86.7,36.9,86.2,57.2,2026-06-05 11:10:00,2974346
87.1,34.6,86.2,55.9,2026-06-05 11:20:00,2974346
88.8,33.3,88.2,56.2,2026-06-05 11:30:00,2974346
90.1,32.4,90.1,56.7,2026-06-05 11:40:00,2974346
92.5,30.5,92.7,57.1,2026-06-05 11:50:00,2974346
93.6,30.0,93.9,57.5,2026-06-05 12:00:00,2974346
93.3,29.3,93.2,56.5,2026-06-05 12:10:00,2974346
92.8,29.5,92.5,56.4,2026-06-05 12:20:00,2974346
93.7,28.7,93.9,56.4,2026-06-05 12:30:00,2974346
92.5,28.3,91.6,55.0,2026-06-05 12:40:00,2974346
92.5,28.5,91.8,55.1,2026-06-05 12:50:00,2974346
93.4,28.2,93.2,55.6,2026-06-05 13:00:00,2974346
92.8,28.1,92.1,55.0,2026-06-05 13:10:00,2974346
92.8,28.9,92.3,55.8,2026-06-05 13:20:00,2974346
91.2,29.3,90.5,54.8,2026-06-05 13:30:00,2974346
93.1,28.9,92.8,56.0,2026-06-05 13:40:00,2974346
93.5,28.4,93.2,55.9,2026-06-05 13:50:00,2974346
92.8,27.9,91.9,54.8,2026-06-05 14:00:00,2974346
94.0,27.6,93.7,55.5,2026-06-05 14:10:00,2974346
94.2,27.4,93.9,55.5,2026-06-05 14:20:00,2974346
94.6,26.4,94.1,54.8,2026-06-05 14:30:00,2974346
94.6,26.7,94.3,55.1,2026-06-05 14:40:00,2974346
95.3,26.7,95.4,55.7,2026-06-05 14:50:00,2974346
95.9,26.3,96.3,55.8,2026-06-05 15:00:00,2974346
95.6,25.8,95.5,55.1,2026-06-05 15:10:00,2974346
95.3,26.3,95.2,55.4,2026-06-05 15:20:00,2974346
96.4,26.0,96.6,55.9,2026-06-05 15:30:00,2974346
94.4,25.5,93.4,53.6,2026-06-05 15:40:00,2974346
95.6,25.9,95.5,55.1,2026-06-05 15:50:00,2974346
96.3,25.7,96.4,55.5,2026-06-05 16:00:00,2974346
95.9,26.0,96.3,55.5,2026-06-05 16:10:00,2974346
95.9,25.3,95.7,54.8,2026-06-05 16:20:00,2974346
96.8,25.3,97.0,55.5,2026-06-05 16:30:00,2974346
97.0,25.4,97.0,55.7,2026-06-05 16:40:00,2974346
98.4,25.0,99.1,56.5,2026-06-05 16:50:00,2974346
97.5,24.9,97.9,55.7,2026-06-05 17:00:00,2974346
96.7,24.4,96.4,54.5,2026-06-05 17:10:00,2974346
97.0,25.1,97.3,55.5,2026-06-05 17:20:00,2974346
97.1,24.5,97.0,54.9,2026-06-05 17:30:00,2974346
96.7,24.6,96.6,54.7,2026-06-05 17:40:00,2974346
96.6,25.0,96.6,55.0,2026-06-05 17:50:00,2974346
96.6,25.1,96.6,55.1,2026-06-05 18:00:00,2974346
95.3,25.4,94.8,54.4,2026-06-05 18:10:00,2974346
94.3,25.9,93.4,54.0,2026-06-05 18:20:00,2974346
93.3,26.2,92.1,53.5,2026-06-05 18:30:00,2974346
93.1,27.0,92.1,54.2,2026-06-05 18:40:00,2974346
92.9,27.2,92.1,54.2,2026-06-05 18:50:00,2974346
93.0,27.1,92.1,54.2,2026-06-05 19:00:00,2974346
93.0,27.0,92.1,54.1,2026-06-05 19:10:00,2974346
92.0,27.8,91.0,54.0,2026-06-05 19:20:00,2974346
92.0,27.8,91.0,54.1,2026-06-05 19:30:00,2974346
90.0,29.3,88.7,53.7,2026-06-05 19:40:00,2974346
88.2,30.7,86.5,53.5,2026-06-05 19:50:00,2974346
87.0,31.5,85.1,53.2,2026-06-05 20:00:00,2974346
86.2,32.1,84.4,53.0,2026-06-05 20:10:00,2974346
85.5,32.9,83.7,53.0,2026-06-05 20:20:00,2974346
84.6,33.7,82.8,52.9,2026-06-05 20:30:00,2974346
83.9,34.5,81.9,52.9,2026-06-05 20:40:00,2974346
83.2,35.3,81.1,53.0,2026-06-05 20:50:00,2974346
82.7,36.0,80.4,53.0,2026-06-05 21:00:00,2974346
82.1,36.5,79.9,52.9,2026-06-05 21:10:00,2974346
81.5,37.5,79.3,53.1,2026-06-05 21:20:00,2974346
81.0,38.1,79.0,53.1,2026-06-05 21:30:00,2974346
80.7,38.7,78.6,53.3,2026-06-05 21:40:00,2974346
80.3,39.2,78.4,53.3,2026-06-05 21:50:00,2974346
80.1,39.5,78.3,53.3,2026-06-05 22:00:00,2974346
79.9,39.8,77.9,53.3,2026-06-05 22:10:00,2974346
79.8,40.4,77.9,53.6,2026-06-05 22:20:00,2974346
79.6,40.7,77.7,53.6,2026-06-05 22:30:00,2974346
79.5,41.1,77.7,53.8,2026-06-05 22:40:00,2974346
79.4,41.6,77.7,54.1,2026-06-05 22:50:00,2974346
79.0,41.9,77.4,53.9,2026-06-05 23:00:00,2974346
78.5,42.8,76.8,54.0,2026-06-05 23:10:00,2974346
77.9,43.4,76.1,53.8,2026-06-05 23:20:00,2974346
77.5,44.3,75.7,54.0,2026-06-05 23:30:00,2974346
76.9,45.0,75.0,53.9,2026-06-05 23:40:00,2974346
76.5,45.9,74.8,54.2,2026-06-05 23:50:00,2974346
76.2,46.6,74.5,54.3,2026-06-06 00:00:00,2974346
76.2,47.0,74.7,54.5,2026-06-06 00:10:00,2974346
75.9,47.5,74.3,54.5,2026-06-06 00:20:00,2974346
75.7,47.9,74.1,54.5,2026-06-06 00:30:00,2974346
75.4,48.4,73.9,54.6,2026-06-06 00:40:00,2974346
75.0,48.9,73.6,54.5,2026-06-06 00:50:00,2974346
74.8,49.4,73.4,54.6,2026-06-06 01:00:00,2974346
74.8,49.7,73.4,54.7,2026-06-06 01:10:00,2974346
74.7,50.1,73.6,54.9,2026-06-06 01:20:00,2974346
74.4,50.5,73.4,54.8,2026-06-06 01:30:00,2974346
73.9,51.3,72.9,54.8,2026-06-06 01:40:00,2974346
73.5,52.2,72.7,54.9,2026-06-06 01:50:00,2974346
73.3,52.6,72.5,54.9,2026-06-06 02:00:00,2974346
72.8,53.4,72.1,54.9,2026-06-06 02:10:00,2974346
72.6,54.2,72.0,55.1,2026-06-06 02:20:00,2974346
72.6,54.6,72.0,55.3,2026-06-06 02:30:00,2974346
72.3,55.1,71.8,55.3,2026-06-06 02:40:00,2974346
71.9,55.5,71.4,55.1,2026-06-06 02:50:00,2974346
71.8,55.9,71.4,55.2,2026-06-06 03:00:00,2974346
71.8,56.2,71.4,55.3,2026-06-06 03:10:00,2974346
71.4,56.6,70.9,55.2,2026-06-06 03:20:00,2974346
71.2,57.4,70.7,55.3,2026-06-06 03:30:00,2974346
70.9,57.9,70.7,55.3,2026-06-06 03:40:00,2974346
70.8,58.3,70.7,55.5,2026-06-06 03:50:00,2974346
70.7,58.6,70.7,55.5,2026-06-06 04:00:00,2974346
69.3,62.4,68.9,55.9,2026-06-06 05:20:00,2974346
69.0,62.8,68.4,55.8,2026-06-06 05:30:00,2974346
68.9,63.3,68.4,55.9,2026-06-06 05:40:00,2974346
68.9,63.5,68.2,56.0,2026-06-06 05:50:00,2974346
68.8,64.0,68.2,56.1,2026-06-06 06:00:00,2974346
68.8,64.1,68.2,56.2,2026-06-06 06:10:00,2974346
68.9,64.1,68.5,56.3,2026-06-06 06:20:00,2974346
69.4,64.0,69.1,56.7,2026-06-06 06:30:00,2974346
72.6,61.4,72.5,58.5,2026-06-06 06:40:00,2974346
74.2,58.2,73.8,58.5,2026-06-06 06:50:00,2974346
73.6,58.0,73.4,57.9,2026-06-06 07:00:00,2974346
74.0,57.6,73.6,58.1,2026-06-06 07:10:00,2974346
74.4,57.5,73.9,58.4,2026-06-06 07:20:00,2974346
74.1,57.3,73.6,58.1,2026-06-06 07:30:00,2974346
74.4,57.6,73.9,58.5,2026-06-06 07:40:00,2974346
75.3,57.0,74.8,59.1,2026-06-06 07:50:00,2974346
76.1,56.4,75.6,59.5,2026-06-06 08:00:00,2974346
76.6,55.7,75.9,59.6,2026-06-06 08:10:00,2974346
77.1,55.0,76.6,59.7,2026-06-06 08:20:00,2974346
77.6,54.0,77.2,59.7,2026-06-06 08:30:00,2974346
77.9,54.2,77.7,60.0,2026-06-06 08:40:00,2974346
78.1,53.2,77.7,59.7,2026-06-06 08:50:00,2974346
78.9,52.7,78.6,60.1,2026-06-06 09:00:00,2974346
79.3,51.3,79.0,59.8,2026-06-06 09:10:00,2974346
79.6,51.1,79.3,59.9,2026-06-06 09:20:00,2974346
79.6,50.0,79.3,59.3,2026-06-06 09:30:00,2974346
80.4,49.3,80.1,59.7,2026-06-06 09:40:00,2974346
80.6,49.0,80.4,59.7,2026-06-06 09:50:00,2974346
81.4,48.9,81.3,60.3,2026-06-06 10:00:00,2974346
83.0,46.5,83.1,60.4,2026-06-06 10:10:00,2974346
84.4,45.5,85.1,61.1,2026-06-06 10:20:00,2974346
84.3,44.6,84.7,60.4,2026-06-06 10:30:00,2974346
84.0,43.6,84.2,59.5,2026-06-06 10:40:00,2974346
84.0,44.4,84.0,60.0,2026-06-06 10:50:00,2974346
84.2,43.5,84.2,59.6,2026-06-06 11:00:00,2974346
85.1,43.1,85.8,60.2,2026-06-06 11:10:00,2974346
86.1,42.8,87.1,60.9,2026-06-06 11:20:00,2974346
88.5,40.4,90.3,61.4,2026-06-06 11:30:00,2974346
88.7,38.1,89.8,59.9,2026-06-06 11:40:00,2974346
90.3,38.4,92.7,61.6,2026-06-06 11:50:00,2974346
90.5,39.1,92.8,62.2,2026-06-06 12:00:00,2974346
91.3,36.7,93.4,61.2,2026-06-06 12:10:00,2974346
91.5,37.1,93.9,61.6,2026-06-06 12:20:00,2974346
91.5,36.2,93.6,60.9,2026-06-06 12:30:00,2974346
91.2,35.6,93.0,60.3,2026-06-06 12:40:00,2974346
93.2,34.8,95.5,61.3,2026-06-06 12:50:00,2974346
93.0,35.1,95.4,61.4,2026-06-06 13:00:00,2974346
92.0,35.2,93.9,60.5,2026-06-06 13:10:00,2974346
92.3,34.1,93.7,59.9,2026-06-06 13:20:00,2974346
93.2,34.5,95.7,61.1,2026-06-06 13:30:00,2974346
91.4,36.1,93.6,60.8,2026-06-06 13:40:00,2974346
92.7,35.9,95.5,61.7,2026-06-06 13:50:00,2974346
92.6,35.0,94.8,61.0,2026-06-06 14:00:00,2974346
93.0,35.6,95.5,61.8,2026-06-06 14:10:00,2974346
91.4,35.9,93.4,60.6,2026-06-06 14:20:00,2974346
91.5,37.1,93.9,61.7,2026-06-06 14:30:00,2974346
93.0,37.1,96.3,63.0,2026-06-06 14:40:00,2974346
92.0,36.7,94.6,61.8,2026-06-06 14:50:00,2974346
92.6,37.1,95.7,62.6,2026-06-06 15:00:00,2974346
93.5,36.0,96.6,62.6,2026-06-06 15:10:00,2974346
93.0,35.7,95.5,61.8,2026-06-06 15:20:00,2974346
92.5,35.3,94.6,61.1,2026-06-06 15:30:00,2974346
91.4,36.6,93.4,61.1,2026-06-06 15:40:00,2974346
91.7,36.6,94.1,61.4,2026-06-06 15:50:00,2974346
93.8,35.0,96.8,62.0,2026-06-06 16:00:00,2974346
93.7,34.2,96.4,61.3,2026-06-06 16:10:00,2974346
94.9,33.7,98.1,62.0,2026-06-06 16:20:00,2974346
94.2,33.6,96.6,61.2,2026-06-06 16:30:00,2974346
95.1,34.0,98.4,62.3,2026-06-06 16:40:00,2974346
95.7,32.8,98.8,61.8,2026-06-06 16:50:00,2974346
96.9,32.3,100.8,62.4,2026-06-06 17:00:00,2974346
95.5,32.4,98.2,61.3,2026-06-06 17:10:00,2974346
94.6,33.1,97.2,61.1,2026-06-06 17:20:00,2974346
95.5,33.2,98.6,62.0,2026-06-06 17:30:00,2974346
94.5,31.9,96.4,60.0,2026-06-06 17:40:00,2974346
94.7,32.5,97.0,60.6,2026-06-06 17:50:00,2974346
94.2,32.3,96.1,60.1,2026-06-06 18:00:00,2974346
94.2,32.3,96.1,60.0,2026-06-06 18:10:00,2974346
92.4,32.1,93.2,58.3,2026-06-06 18:20:00,2974346
91.8,33.0,92.8,58.6,2026-06-06 18:30:00,2974346
91.5,32.9,92.1,58.2,2026-06-06 18:40:00,2974346
91.6,32.4,92.1,57.9,2026-06-06 18:50:00,2974346
91.8,33.8,93.0,59.2,2026-06-06 19:00:00,2974346
92.0,33.8,93.4,59.4,2026-06-06 19:10:00,2974346
89.9,35.1,90.5,58.7,2026-06-06 19:20:00,2974346
90.7,34.5,91.6,58.9,2026-06-06 19:30:00,2974346
89.2,35.0,89.2,58.0,2026-06-06 19:40:00,2974346
87.9,36.5,87.8,58.0,2026-06-06 19:50:00,2974346
87.0,38.5,87.1,58.7,2026-06-06 20:00:00,2974346
86.3,39.2,86.2,58.5,2026-06-06 20:10:00,2974346
85.6,39.9,85.3,58.4,2026-06-06 20:20:00,2974346
85.0,40.5,84.9,58.3,2026-06-06 20:30:00,2974346
84.4,41.4,84.0,58.3,2026-06-06 20:40:00,2974346
83.6,42.2,83.1,58.2,2026-06-06 20:50:00,2974346
83.0,43.1,82.6,58.3,2026-06-06 21:00:00,2974346
82.6,43.6,81.7,58.2,2026-06-06 21:10:00,2974346
82.1,44.3,81.3,58.2,2026-06-06 21:20:00,2974346
81.7,45.2,81.1,58.4,2026-06-06 21:30:00,2974346
81.4,45.9,80.6,58.6,2026-06-06 21:40:00,2974346
81.2,46.2,80.6,58.6,2026-06-06 21:50:00,2974346
81.0,47.0,80.6,58.8,2026-06-06 22:00:00,2974346
81.0,47.3,80.6,59.1,2026-06-06 22:10:00,2974346
80.8,47.8,80.4,59.2,2026-06-06 22:20:00,2974346
80.4,48.4,79.9,59.2,2026-06-06 22:30:00,2974346
80.1,49.0,79.7,59.2,2026-06-06 22:40:00,2974346
79.8,49.5,79.3,59.2,2026-06-06 22:50:00,2974346
79.5,50.0,79.2,59.3,2026-06-06 23:00:00,2974346
79.3,50.4,78.8,59.3,2026-06-06 23:10:00,2974346
78.9,50.7,78.4,59.1,2026-06-06 23:20:00,2974346
78.5,51.4,77.9,59.1,2026-06-06 23:30:00,2974346
78.3,51.8,77.9,59.1,2026-06-06 23:40:00,2974346
78.1,52.3,77.7,59.2,2026-06-06 23:50:00,2974346
77.7,52.8,77.2,59.1,2026-06-07 00:00:00,2974346
77.5,53.3,76.6,59.2,2026-06-07 00:10:00,2974346
77.5,53.7,76.8,59.4,2026-06-07 00:20:00,2974346
77.2,54.4,76.6,59.5,2026-06-07 00:30:00,2974346
77.1,54.8,76.5,59.6,2026-06-07 00:40:00,2974346
76.9,55.4,76.3,59.7,2026-06-07 00:50:00,2974346
76.5,56.0,75.9,59.6,2026-06-07 01:00:00,2974346
76.2,56.5,75.6,59.6,2026-06-07 01:10:00,2974346
75.9,57.4,75.4,59.8,2026-06-07 01:20:00,2974346
75.4,58.0,75.0,59.6,2026-06-07 01:30:00,2974346
75.0,58.9,74.7,59.6,2026-06-07 01:40:00,2974346
74.6,59.6,74.3,59.6,2026-06-07 01:50:00,2974346
74.3,60.3,74.3,59.7,2026-06-07 02:00:00,2974346
74.0,61.0,73.9,59.8,2026-06-07 02:10:00,2974346
73.5,61.9,73.6,59.7,2026-06-07 02:20:00,2974346
73.3,62.5,73.4,59.8,2026-06-07 02:30:00,2974346
73.2,62.9,73.2,59.8,2026-06-07 02:40:00,2974346
72.9,63.6,73.2,59.8,2026-06-07 02:50:00,2974346
72.7,64.0,73.0,59.8,2026-06-07 03:00:00,2974346
72.6,64.6,72.9,60.0,2026-06-07 03:10:00,2974346
72.5,64.8,72.9,60.0,2026-06-07 03:20:00,2974346
72.6,65.1,72.9,60.2,2026-06-07 03:30:00,2974346
72.4,65.4,72.7,60.2,2026-06-07 03:40:00,2974346
72.3,65.7,72.5,60.2,2026-06-07 03:50:00,2974346
72.1,66.0,72.5,60.2,2026-06-07 04:00:00,2974346
71.9,66.4,72.3,60.1,2026-06-07 04:10:00,2974346
71.8,66.7,72.3,60.1,2026-06-07 04:20:00,2974346
71.7,67.0,72.1,60.1,2026-06-07 04:30:00,2974346
71.6,67.3,72.1,60.2,2026-06-07 04:40:00,2974346
71.5,67.4,72.0,60.2,2026-06-07 04:50:00,2974346
71.4,67.8,71.8,60.2,2026-06-07 05:00:00,2974346
71.2,68.2,71.6,60.2,2026-06-07 05:10:00,2974346
70.9,68.9,71.4,60.2,2026-06-07 05:20:00,2974346
70.7,69.4,71.1,60.2,2026-06-07 05:30:00,2974346
70.6,69.8,71.1,60.2,2026-06-07 05:40:00,2974346
70.3,70.3,70.5,60.1,2026-06-07 05:50:00,2974346
70.1,70.7,70.3,60.2,2026-06-07 06:00:00,2974346
70.3,70.8,70.5,60.4,2026-06-07 06:10:00,2974346
70.6,70.6,71.1,60.6,2026-06-07 06:20:00,2974346
71.0,70.1,71.6,60.7,2026-06-07 06:30:00,2974346
72.8,68.3,73.2,61.7,2026-06-07 06:40:00,2974346
73.3,66.4,73.8,61.4,2026-06-07 06:50:00,2974346
73.4,66.3,73.9,61.5,2026-06-07 07:00:00,2974346
74.2,65.1,74.5,61.7,2026-06-07 07:10:00,2974346
74.4,64.9,74.7,61.8,2026-06-07 07:20:00,2974346
74.9,64.3,75.2,62.0,2026-06-07 07:30:00,2974346
75.7,63.7,75.9,62.5,2026-06-07 07:40:00,2974346
76.3,63.4,76.6,63.0,2026-06-07 07:50:00,2974346
76.8,62.4,77.2,63.0,2026-06-07 08:00:00,2974346
76.9,62.0,77.2,62.9,2026-06-07 08:10:00,2974346
76.6,61.7,76.8,62.5,2026-06-07 08:20:00,2974346
77.3,61.5,77.5,63.0,2026-06-07 08:30:00,2974346
77.5,60.9,77.7,62.9,2026-06-07 08:40:00,2974346
78.1,60.0,78.8,63.1,2026-06-07 08:50:00,2974346
78.8,58.8,79.7,63.2,2026-06-07 09:00:00,2974346
79.5,57.2,80.2,63.0,2026-06-07 09:10:00,2974346
79.5,57.4,80.2,63.1,2026-06-07 09:20:00,2974346
80.0,56.6,80.8,63.2,2026-06-07 09:30:00,2974346
80.2,56.7,81.1,63.5,2026-06-07 09:40:00,2974346
80.6,56.0,81.9,63.5,2026-06-07 09:50:00,2974346
81.6,54.7,82.8,63.6,2026-06-07 10:00:00,2974346
83.8,52.4,85.8,64.5,2026-06-07 10:10:00,2974346
85.1,50.9,88.0,64.9,2026-06-07 10:20:00,2974346
88.2,48.3,92.5,66.2,2026-06-07 10:30:00,2974346
86.9,48.1,89.8,64.9,2026-06-07 10:40:00,2974346
85.5,47.9,87.6,63.5,2026-06-07 10:50:00,2974346
85.7,48.7,88.2,64.1,2026-06-07 11:00:00,2974346
86.8,47.6,89.6,64.5,2026-06-07 11:10:00,2974346
87.0,46.7,89.6,64.2,2026-06-07 11:20:00,2974346
89.9,44.7,94.1,65.5,2026-06-07 11:30:00,2974346
90.3,41.7,93.9,63.9,2026-06-07 11:40:00,2974346
92.0,40.8,96.4,64.8,2026-06-07 11:50:00,2974346
92.3,39.5,96.3,64.1,2026-06-07 12:00:00,2974346
93.4,38.4,97.5,64.3,2026-06-07 12:10:00,2974346
92.6,36.8,95.7,62.4,2026-06-07 12:20:00,2974346
93.2,36.5,96.3,62.6,2026-06-07 12:30:00,2974346
93.7,35.7,96.8,62.5,2026-06-07 12:40:00,2974346
94.7,35.1,98.6,62.9,2026-06-07 12:50:00,2974346
94.9,34.1,98.2,62.2,2026-06-07 13:00:00,2974346
95.0,34.8,99.0,62.9,2026-06-07 13:10:00,2974346
94.7,34.0,97.9,61.9,2026-06-07 13:20:00,2974346
94.5,34.5,97.9,62.2,2026-06-07 13:30:00,2974346
95.2,34.8,99.3,63.1,2026-06-07 13:40:00,2974346
95.9,33.4,99.9,62.5,2026-06-07 13:50:00,2974346
95.4,34.1,99.3,62.7,2026-06-07 14:00:00,2974346
95.5,33.5,99.0,62.2,2026-06-07 14:10:00,2974346
95.5,33.9,99.1,62.6,2026-06-07 14:20:00,2974346
96.8,33.9,101.5,63.7,2026-06-07 14:30:00,2974346
96.0,33.3,99.9,62.6,2026-06-07 14:40:00,2974346
96.9,32.8,100.9,62.8,2026-06-07 14:50:00,2974346
97.2,31.7,100.9,62.2,2026-06-07 15:00:00,2974346
97.0,32.6,100.9,62.7,2026-06-07 15:10:00,2974346
96.4,32.8,100.0,62.4,2026-06-07 15:20:00,2974346
97.5,31.3,101.3,62.1,2026-06-07 15:30:00,2974346
98.4,31.0,102.6,62.5,2026-06-07 15:40:00,2974346
99.6,30.7,104.2,63.3,2026-06-07 15:50:00,2974346
97.8,31.5,101.7,62.5,2026-06-07 16:00:00,2974346
96.7,32.4,100.4,62.4,2026-06-07 16:10:00,2974346
97.6,32.1,101.8,62.9,2026-06-07 16:20:00,2974346
98.1,31.9,102.6,63.1,2026-06-07 16:30:00,2974346
99.5,31.1,104.5,63.6,2026-06-07 16:40:00,2974346
97.4,32.0,101.3,62.6,2026-06-07 16:50:00,2974346
98.8,31.8,103.5,63.6,2026-06-07 17:00:00,2974346
96.4,32.7,100.0,62.3,2026-06-07 17:10:00,2974346
97.1,34.7,102.6,64.7,2026-06-07 17:20:00,2974346
97.9,34.0,103.6,64.7,2026-06-07 17:30:00,2974346
97.4,34.4,103.1,64.7,2026-06-07 17:40:00,2974346
97.3,34.4,102.6,64.5,2026-06-07 17:50:00,2974346
96.4,34.6,101.1,64.0,2026-06-07 18:00:00,2974346
95.2,35.6,99.9,63.7,2026-06-07 18:10:00,2974346
93.8,36.5,97.7,63.2,2026-06-07 18:20:00,2974346
93.5,36.5,97.0,63.0,2026-06-07 18:30:00,2974346
92.9,37.4,96.4,63.1,2026-06-07 18:40:00,2974346
93.2,36.7,96.8,62.8,2026-06-07 18:50:00,2974346
93.5,37.3,97.3,63.6,2026-06-07 19:00:00,2974346
94.3,36.4,98.4,63.6,2026-06-07 19:10:00,2974346
92.9,36.8,96.1,62.6,2026-06-07 19:20:00,2974346
93.0,37.2,96.8,63.1,2026-06-07 19:30:00,2974346
91.6,37.9,94.5,62.3,2026-06-07 19:40:00,2974346
90.2,38.3,92.3,61.4,2026-06-07 19:50:00,2974346
89.4,38.8,91.0,61.0,2026-06-07 20:00:00,2974346
88.8,39.1,90.1,60.7,2026-06-07 20:10:00,2974346
88.3,39.6,89.2,60.6,2026-06-07 20:20:00,2974346
88.1,40.0,89.2,60.8,2026-06-07 20:30:00,2974346
87.7,40.7,88.9,60.9,2026-06-07 20:40:00,2974346
87.3,41.4,88.5,61.0,2026-06-07 20:50:00,2974346
86.9,42.3,88.0,61.2,2026-06-07 21:00:00,2974346
86.4,43.1,87.6,61.3,2026-06-07 21:10:00,2974346
85.9,43.8,86.9,61.4,2026-06-07 21:20:00,2974346
85.5,44.5,86.7,61.4,2026-06-07 21:30:00,2974346
85.1,44.9,86.2,61.3,2026-06-07 21:40:00,2974346
84.8,45.6,85.8,61.4,2026-06-07 21:50:00,2974346
84.4,46.4,85.5,61.6,2026-06-07 22:00:00,2974346
84.0,47.0,85.1,61.7,2026-06-07 22:10:00,2974346
83.6,47.7,84.4,61.7,2026-06-07 22:20:00,2974346
83.3,48.0,84.0,61.6,2026-06-07 22:30:00,2974346
83.0,48.3,83.5,61.5,2026-06-07 22:40:00,2974346
82.8,48.7,83.5,61.5,2026-06-07 22:50:00,2974346
82.6,49.0,82.8,61.5,2026-06-07 23:00:00,2974346
82.4,49.3,82.9,61.5,2026-06-07 23:10:00,2974346
82.1,49.9,82.4,61.5,2026-06-07 23:20:00,2974346
81.8,50.5,82.2,61.6,2026-06-07 23:30:00,2974346
81.6,51.2,82.0,61.8,2026-06-07 23:40:00,2974346
81.4,51.9,82.0,62.1,2026-06-07 23:50:00,2974346
81.3,52.5,81.9,62.2,2026-06-08 00:00:00,2974346
81.0,53.2,81.7,62.3,2026-06-08 00:10:00,2974346
80.7,53.8,81.3,62.4,2026-06-08 00:20:00,2974346
80.3,54.6,81.0,62.5,2026-06-08 00:30:00,2974346
80.0,55.2,80.6,62.5,2026-06-08 00:40:00,2974346
79.8,55.6,80.4,62.5,2026-06-08 00:50:00,2974346
79.5,56.1,80.1,62.5,2026-06-08 01:00:00,2974346
79.2,56.7,79.7,62.5,2026-06-08 01:10:00,2974346
78.8,57.3,79.3,62.5,2026-06-08 01:20:00,2974346
78.6,57.7,79.0,62.4,2026-06-08 01:30:00,2974346
78.5,58.4,79.0,62.7,2026-06-08 01:40:00,2974346
78.2,58.8,78.6,62.6,2026-06-08 01:50:00,2974346
78.0,59.4,78.4,62.7,2026-06-08 02:00:00,2974346
77.9,59.6,78.1,62.7,2026-06-08 02:10:00,2974346
77.7,60.0,78.1,62.7,2026-06-08 02:20:00,2974346
77.3,60.7,77.5,62.7,2026-06-08 02:30:00,2974346
77.0,61.3,77.2,62.7,2026-06-08 02:40:00,2974346
76.9,61.7,77.2,62.8,2026-06-08 02:50:00,2974346
76.7,62.4,76.8,62.9,2026-06-08 03:00:00,2974346
76.5,63.0,76.8,63.0,2026-06-08 03:10:00,2974346
76.2,63.4,76.5,62.9,2026-06-08 03:20:00,2974346
76.1,63.8,76.3,62.9,2026-06-08 03:30:00,2974346
75.8,64.3,76.1,62.9,2026-06-08 03:40:00,2974346
75.8,64.5,76.1,63.0,2026-06-08 03:50:00,2974346
75.6,65.0,75.9,63.0,2026-06-08 04:00:00,2974346
75.7,65.2,75.9,63.2,2026-06-08 04:10:00,2974346
75.6,65.2,75.9,63.1,2026-06-08 04:20:00,2974346
75.4,65.6,75.7,63.1,2026-06-08 04:30:00,2974346
75.3,66.1,75.7,63.2,2026-06-08 04:40:00,2974346
75.5,66.0,75.9,63.4,2026-06-08 04:50:00,2974346
75.4,66.2,75.9,63.4,2026-06-08 05:00:00,2974346
75.4,66.4,75.9,63.4,2026-06-08 05:10:00,2974346
75.3,66.5,75.7,63.4,2026-06-08 05:20:00,2974346
75.2,66.8,75.6,63.4,2026-06-08 05:30:00,2974346
74.7,67.6,75.4,63.3,2026-06-08 05:40:00,2974346
74.3,68.4,74.8,63.2,2026-06-08 05:50:00,2974346
74.1,69.1,74.8,63.3,2026-06-08 06:00:00,2974346
74.0,69.4,74.8,63.3,2026-06-08 06:10:00,2974346
73.9,69.7,74.7,63.4,2026-06-08 06:20:00,2974346
74.0,69.9,74.8,63.5,2026-06-08 06:30:00,2974346
76.1,68.7,76.8,65.0,2026-06-08 06:40:00,2974346
77.5,65.5,78.4,65.0,2026-06-08 06:50:00,2974346
77.6,64.3,78.4,64.6,2026-06-08 07:00:00,2974346
78.9,62.9,80.2,65.1,2026-06-08 07:10:00,2974346
79.1,60.9,80.2,64.4,2026-06-08 07:20:00,2974346
78.9,60.8,79.9,64.2,2026-06-08 07:30:00,2974346
79.1,60.8,80.2,64.4,2026-06-08 07:40:00,2974346
79.7,60.6,81.3,64.9,2026-06-08 07:50:00,2974346
80.4,60.2,82.0,65.4,2026-06-08 08:00:00,2974346
80.0,60.1,81.5,64.9,2026-06-08 08:10:00,2974346
81.1,59.9,82.9,65.8,2026-06-08 08:20:00,2974346
82.0,59.4,84.4,66.5,2026-06-08 08:30:00,2974346
82.0,58.6,84.4,66.1,2026-06-08 08:40:00,2974346
82.1,58.8,84.4,66.3,2026-06-08 08:50:00,2974346
82.3,57.8,84.6,65.9,2026-06-08 09:00:00,2974346
83.1,56.9,86.0,66.3,2026-06-08 09:10:00,2974346
83.4,57.5,86.4,66.8,2026-06-08 09:20:00,2974346
84.2,56.4,87.8,67.0,2026-06-08 09:30:00,2974346
84.8,55.5,88.7,67.1,2026-06-08 09:40:00,2974346
85.1,54.5,88.7,66.8,2026-06-08 09:50:00,2974346
85.2,54.4,89.1,66.9,2026-06-08 10:00:00,2974346
86.6,52.6,91.0,67.2,2026-06-08 10:10:00,2974346
87.9,51.1,92.8,67.6,2026-06-08 10:20:00,2974346
89.0,49.8,94.5,67.8,2026-06-08 10:30:00,2974346
88.7,48.9,93.4,67.0,2026-06-08 10:40:00,2974346
88.3,49.8,93.0,67.1,2026-06-08 10:50:00,2974346
88.3,49.3,92.8,66.9,2026-06-08 11:00:00,2974346
89.1,49.3,94.6,67.6,2026-06-08 11:10:00,2974346
89.3,49.0,94.8,67.6,2026-06-08 11:20:00,2974346
91.0,47.5,97.5,68.3,2026-06-08 11:30:00,2974346
93.0,44.7,99.9,68.3,2026-06-08 11:40:00,2974346
93.7,43.0,100.6,67.8,2026-06-08 11:50:00,2974346
93.9,41.1,100.4,66.7,2026-06-08 12:00:00,2974346
94.0,41.3,100.4,66.9,2026-06-08 12:10:00,2974346
93.4,41.7,99.1,66.6,2026-06-08 12:20:00,2974346
92.9,41.1,98.2,65.8,2026-06-08 12:30:00,2974346
92.0,41.5,96.8,65.3,2026-06-08 12:40:00,2974346
92.5,41.3,97.7,65.6,2026-06-08 12:50:00,2974346
92.9,41.3,98.2,65.9,2026-06-08 13:00:00,2974346
91.8,41.2,96.4,64.9,2026-06-08 13:10:00,2974346
93.5,40.9,99.1,66.1,2026-06-08 13:20:00,2974346
93.7,39.2,98.6,65.1,2026-06-08 13:30:00,2974346
94.0,39.0,99.1,65.3,2026-06-08 13:40:00,2974346
94.3,38.4,99.1,65.0,2026-06-08 13:50:00,2974346
93.7,38.5,98.6,64.6,2026-06-08 14:00:00,2974346
93.9,38.0,98.6,64.5,2026-06-08 14:10:00,2974346
93.4,37.8,97.5,63.9,2026-06-08 14:20:00,2974346
93.5,39.0,98.2,64.9,2026-06-08 14:30:00,2974346
94.5,37.7,99.5,64.8,2026-06-08 14:40:00,2974346
94.1,37.6,98.8,64.4,2026-06-08 14:50:00,2974346
94.5,37.8,99.5,64.8,2026-06-08 15:00:00,2974346
93.0,38.8,97.5,64.3,2026-06-08 15:10:00,2974346
93.3,39.1,97.9,64.8,2026-06-08 15:20:00,2974346
93.7,38.4,98.2,64.5,2026-06-08 15:30:00,2974346
93.7,38.8,98.8,64.9,2026-06-08 15:40:00,2974346
94.5,38.2,99.7,65.1,2026-06-08 15:50:00,2974346
93.2,38.8,97.7,64.5,2026-06-08 16:00:00,2974346
92.8,39.7,97.3,64.7,2026-06-08 16:10:00,2974346
92.9,39.2,97.3,64.5,2026-06-08 16:20:00,2974346
93.9,38.2,98.4,64.5,2026-06-08 16:30:00,2974346
92.0,38.6,95.5,63.3,2026-06-08 16:40:00,2974346
92.1,39.3,95.9,63.8,2026-06-08 16:50:00,2974346
93.3,38.2,97.3,64.1,2026-06-08 17:00:00,2974346
93.2,36.8,96.4,62.9,2026-06-08 17:10:00,2974346
92.7,37.0,95.9,62.6,2026-06-08 17:20:00,2974346
93.8,36.2,97.5,63.0,2026-06-08 17:30:00,2974346
93.6,36.4,97.2,63.0,2026-06-08 17:40:00,2974346
93.4,36.2,96.8,62.7,2026-06-08 17:50:00,2974346
92.2,36.9,95.0,62.1,2026-06-08 18:00:00,2974346
91.1,37.7,93.6,61.7,2026-06-08 18:10:00,2974346
90.8,37.9,93.0,61.6,2026-06-08 18:20:00,2974346
89.8,38.6,91.8,61.3,2026-06-08 18:30:00,2974346
89.7,39.2,91.6,61.6,2026-06-08 18:40:00,2974346
88.9,39.6,90.5,61.2,2026-06-08 18:50:00,2974346
88.7,39.9,90.5,61.2,2026-06-08 19:00:00,2974346
88.4,40.2,89.8,61.2,2026-06-08 19:10:00,2974346
88.2,40.6,89.6,61.3,2026-06-08 19:20:00,2974346
87.8,41.1,89.2,61.3,2026-06-08 19:30:00,2974346
87.5,42.2,89.1,61.8,2026-06-08 19:40:00,2974346
87.1,43.0,88.7,61.8,2026-06-08 19:50:00,2974346
86.4,44.4,88.0,62.1,2026-06-08 20:00:00,2974346
85.6,45.7,86.9,62.3,2026-06-08 20:10:00,2974346
84.9,46.9,86.5,62.4,2026-06-08 20:20:00,2974346
84.2,48.0,85.3,62.4,2026-06-08 20:30:00,2974346
83.6,48.8,84.6,62.3,2026-06-08 20:40:00,2974346
82.9,49.8,83.7,62.2,2026-06-08 20:50:00,2974346
82.5,50.6,83.1,62.3,2026-06-08 21:00:00,2974346
82.0,51.4,82.6,62.3,2026-06-08 21:10:00,2974346
81.6,52.1,82.2,62.3,2026-06-08 21:20:00,2974346
80.9,52.6,81.5,62.0,2026-06-08 21:30:00,2974346
80.4,53.3,80.6,61.8,2026-06-08 21:40:00,2974346
80.0,54.2,80.4,61.9,2026-06-08 21:50:00,2974346
79.4,55.0,79.7,61.8,2026-06-08 22:00:00,2974346
78.6,56.1,79.0,61.7,2026-06-08 22:10:00,2974346
78.1,56.9,78.3,61.6,2026-06-08 22:20:00,2974346
77.4,58.2,77.4,61.5,2026-06-08 22:30:00,2974346
76.8,59.0,76.6,61.4,2026-06-08 22:40:00,2974346
76.3,59.6,76.1,61.2,2026-06-08 22:50:00,2974346
75.5,60.6,75.4,60.9,2026-06-08 23:00:00,2974346
75.0,61.5,74.8,60.8,2026-06-08 23:10:00,2974346
74.4,61.1,74.3,60.1,2026-06-08 23:20:00,2974346
73.7,60.9,73.6,59.4,2026-06-08 23:30:00,2974346
73.1,62.2,73.2,59.4,2026-06-08 23:40:00,2974346
72.7,63.0,73.0,59.4,2026-06-08 23:50:00,2974346
72.3,63.3,72.5,59.1,2026-06-09 00:00:00,2974346
71.9,63.8,72.1,59.0,2026-06-09 00:10:00,2974346
71.6,64.2,72.0,58.9,2026-06-09 00:20:00,2974346
71.3,64.6,71.6,58.8,2026-06-09 00:30:00,2974346
71.2,65.0,71.4,58.9,2026-06-09 00:40:00,2974346
70.9,65.5,71.2,58.7,2026-06-09 00:50:00,2974346
70.8,65.9,71.1,58.8,2026-06-09 01:00:00,2974346
70.2,66.3,70.3,58.4,2026-06-09 01:10:00,2974346
69.9,67.0,70.0,58.5,2026-06-09 01:20:00,2974346
69.8,66.8,69.6,58.3,2026-06-09 01:30:00,2974346
69.4,65.9,69.1,57.5,2026-06-09 01:40:00,2974346
69.0,64.8,68.5,56.7,2026-06-09 01:50:00,2974346
68.6,63.1,68.0,55.6,2026-06-09 02:00:00,2974346
68.4,62.9,67.6,55.3,2026-06-09 02:10:00,2974346
68.2,63.4,67.5,55.3,2026-06-09 02:20:00,2974346
68.1,63.9,67.3,55.4,2026-06-09 02:30:00,2974346
67.9,64.3,67.1,55.4,2026-06-09 02:40:00,2974346
67.7,64.8,66.7,55.5,2026-06-09 02:50:00,2974346
67.5,65.2,66.6,55.4,2026-06-09 03:00:00,2974346
67.4,65.5,66.2,55.5,2026-06-09 03:10:00,2974346
67.6,65.7,66.6,55.7,2026-06-09 03:20:00,2974346
67.4,65.7,66.4,55.6,2026-06-09 03:30:00,2974346
67.4,65.4,66.2,55.5,2026-06-09 03:40:00,2974346
67.4,65.6,66.2,55.5,2026-06-09 03:50:00,2974346
67.4,65.6,66.2,55.4,2026-06-09 04:00:00,2974346
67.3,66.0,66.4,55.6,2026-06-09 04:10:00,2974346
67.4,66.1,66.4,55.7,2026-06-09 04:20:00,2974346
67.3,66.3,66.4,55.7,2026-06-09 04:30:00,2974346
67.2,67.1,66.2,55.9,2026-06-09 04:40:00,2974346
67.2,67.6,66.4,56.1,2026-06-09 04:50:00,2974346
67.3,67.8,66.6,56.3,2026-06-09 05:00:00,2974346
67.2,67.7,66.4,56.2,2026-06-09 05:10:00,2974346
67.0,67.0,66.0,55.7,2026-06-09 05:20:00,2974346
66.9,66.5,65.7,55.4,2026-06-09 05:30:00,2974346
66.6,66.2,65.5,55.0,2026-06-09 05:40:00,2974346
66.3,65.7,64.8,54.5,2026-06-09 05:50:00,2974346
66.5,65.8,65.1,54.7,2026-06-09 06:00:00,2974346
66.3,64.6,64.8,54.0,2026-06-09 06:10:00,2974346
66.4,64.6,65.1,54.2,2026-06-09 06:20:00,2974346
66.4,64.3,65.1,54.0,2026-06-09 06:30:00,2974346
66.5,64.1,65.1,54.0,2026-06-09 06:40:00,2974346
66.7,63.8,65.1,54.0,2026-06-09 06:50:00,2974346
67.0,63.0,65.7,54.0,2026-06-09 07:00:00,2974346
67.3,63.3,66.2,54.4,2026-06-09 07:10:00,2974346
67.9,62.4,66.9,54.6,2026-06-09 07:20:00,2974346
68.3,61.9,67.3,54.7,2026-06-09 07:30:00,2974346
68.9,61.4,68.2,55.1,2026-06-09 07:40:00,2974346
69.9,60.5,69.4,55.7,2026-06-09 07:50:00,2974346
70.5,60.4,70.3,56.1,2026-06-09 08:00:00,2974346
69.6,60.8,69.1,55.5,2026-06-09 08:10:00,2974346
69.7,61.4,69.3,55.9,2026-06-09 08:20:00,2974346
70.8,61.0,70.9,56.7,2026-06-09 08:30:00,2974346
71.3,60.3,71.2,56.8,2026-06-09 08:40:00,2974346
71.8,59.0,71.6,56.7,2026-06-09 08:50:00,2974346
71.9,59.0,71.6,56.8,2026-06-09 09:00:00,2974346
72.3,59.5,72.0,57.4,2026-06-09 09:10:00,2974346
72.6,58.6,72.3,57.3,2026-06-09 09:20:00,2974346
73.3,59.5,73.0,58.3,2026-06-09 09:30:00,2974346
74.4,57.8,73.9,58.6,2026-06-09 09:40:00,2974346
74.3,57.6,73.9,58.4,2026-06-09 09:50:00,2974346
75.2,56.9,74.8,58.9,2026-06-09 10:00:00,2974346
75.8,56.8,75.4,59.4,2026-06-09 10:10:00,2974346
75.8,56.4,75.2,59.2,2026-06-09 10:20:00,2974346
76.3,55.8,75.7,59.4,2026-06-09 10:30:00,2974346
76.5,54.5,75.7,58.9,2026-06-09 10:40:00,2974346
77.6,54.1,77.2,59.7,2026-06-09 10:50:00,2974346
78.9,52.7,78.6,60.2,2026-06-09 11:00:00,2974346
80.1,51.3,80.1,60.5,2026-06-09 11:10:00,2974346
79.9,51.6,79.9,60.5,2026-06-09 11:20:00,2974346
80.2,51.5,80.1,60.7,2026-06-09 11:30:00,2974346
80.4,51.9,80.8,61.2,2026-06-09 11:40:00,2974346
80.7,52.2,81.0,61.5,2026-06-09 11:50:00,2974346
80.2,52.6,80.4,61.3,2026-06-09 12:00:00,2974346
80.5,53.3,81.0,61.9,2026-06-09 12:10:00,2974346
81.7,51.9,82.4,62.3,2026-06-09 12:20:00,2974346
82.5,51.8,83.5,63.0,2026-06-09 12:30:00,2974346
84.0,50.5,86.0,63.6,2026-06-09 12:40:00,2974346
85.7,50.4,88.7,65.1,2026-06-09 12:50:00,2974346
86.3,49.2,89.4,65.0,2026-06-09 13:00:00,2974346
86.7,48.8,90.1,65.2,2026-06-09 13:10:00,2974346
86.5,49.9,89.8,65.6,2026-06-09 13:20:00,2974346
86.9,49.8,90.7,65.9,2026-06-09 13:30:00,2974346
86.6,50.1,90.3,65.8,2026-06-09 13:40:00,2974346
87.4,49.8,91.4,66.3,2026-06-09 13:50:00,2974346
87.5,49.0,91.2,65.9,2026-06-09 14:00:00,2974346
87.5,49.4,91.4,66.2,2026-06-09 14:10:00,2974346
87.9,49.5,92.1,66.6,2026-06-09 14:20:00,2974346
88.9,48.8,94.1,67.2,2026-06-09 14:30:00,2974346
88.3,48.1,92.3,66.2,2026-06-09 14:40:00,2974346
88.5,48.2,92.7,66.4,2026-06-09 14:50:00,2974346
88.6,48.3,93.2,66.6,2026-06-09 15:00:00,2974346
89.0,48.1,93.7,66.8,2026-06-09 15:10:00,2974346
87.5,48.8,91.2,65.9,2026-06-09 15:20:00,2974346
88.5,48.7,93.4,66.8,2026-06-09 15:30:00,2974346
89.6,48.3,95.4,67.5,2026-06-09 15:40:00,2974346
89.8,47.7,95.4,67.4,2026-06-09 15:50:00,2974346
89.0,48.4,93.9,67.0,2026-06-09 16:00:00,2974346
89.0,48.7,94.1,67.2,2026-06-09 16:10:00,2974346
89.0,48.9,94.1,67.3,2026-06-09 16:20:00,2974346
87.5,50.1,91.8,66.6,2026-06-09 16:30:00,2974346
87.2,51.1,91.6,66.9,2026-06-09 16:40:00,2974346
87.3,51.7,91.9,67.3,2026-06-09 16:50:00,2974346
87.6,51.1,92.1,67.3,2026-06-09 17:00:00,2974346
87.8,51.6,93.0,67.8,2026-06-09 17:10:00,2974346
87.6,51.4,92.7,67.5,2026-06-09 17:20:00,2974346
87.8,50.9,92.7,67.4,2026-06-09 17:30:00,2974346
87.7,51.1,92.5,67.4,2026-06-09 17:40:00,2974346
87.2,51.7,91.8,67.3,2026-06-09 17:50:00,2974346
86.5,53.0,90.9,67.4,2026-06-09 18:00:00,2974346
86.5,53.0,90.9,67.4,2026-06-09 18:10:00,2974346
86.3,52.9,90.5,67.1,2026-06-09 18:20:00,2974346
86.0,53.2,90.0,67.0,2026-06-09 18:30:00,2974346
85.9,53.8,90.1,67.2,2026-06-09 18:40:00,2974346
85.7,54.3,90.1,67.3,2026-06-09 18:50:00,2974346
85.3,54.9,89.4,67.3,2026-06-09 19:00:00,2974346
85.2,55.3,89.4,67.3,2026-06-09 19:10:00,2974346
85.0,55.8,89.1,67.5,2026-06-09 19:20:00,2974346
84.8,56.1,88.9,67.5,2026-06-09 19:30:00,2974346
84.5,56.8,88.3,67.5,2026-06-09 19:40:00,2974346
84.0,57.4,87.8,67.4,2026-06-09 19:50:00,2974346
83.9,58.1,87.6,67.6,2026-06-09 20:00:00,2974346
83.5,58.8,87.3,67.6,2026-06-09 20:10:00,2974346
83.0,59.6,86.4,67.5,2026-06-09 20:20:00,2974346
82.5,60.5,85.5,67.5,2026-06-09 20:30:00,2974346
82.0,61.1,84.9,67.3,2026-06-09 20:40:00,2974346
81.7,61.8,84.6,67.3,2026-06-09 20:50:00,2974346
81.5,62.4,84.2,67.4,2026-06-09 21:00:00,2974346
81.0,63.0,83.7,67.2,2026-06-09 21:10:00,2974346
80.9,63.5,83.5,67.3,2026-06-09 21:20:00,2974346
80.7,63.9,83.3,67.4,2026-06-09 21:30:00,2974346
80.4,64.5,82.9,67.3,2026-06-09 21:40:00,2974346
80.1,65.0,82.8,67.3,2026-06-09 21:50:00,2974346
79.9,65.4,82.2,67.2,2026-06-09 22:00:00,2974346
79.6,66.0,82.0,67.2,2026-06-09 22:10:00,2974346
79.4,66.3,81.9,67.2,2026-06-09 22:20:00,2974346
79.3,66.5,81.5,67.2,2026-06-09 22:30:00,2974346
79.3,66.8,81.5,67.3,2026-06-09 22:40:00,2974346
79.2,67.1,81.7,67.3,2026-06-09 22:50:00,2974346
78.9,67.7,81.1,67.4,2026-06-09 23:00:00,2974346
78.8,68.5,81.0,67.5,2026-06-09 23:10:00,2974346
78.8,69.4,81.5,67.9,2026-06-09 23:20:00,2974346
78.8,70.1,81.5,68.2,2026-06-09 23:30:00,2974346
78.8,70.5,81.7,68.4,2026-06-09 23:40:00,2974346
78.7,71.0,81.5,68.5,2026-06-09 23:50:00,2974346
78.6,71.7,81.1,68.7,2026-06-10 00:00:00,2974346
78.5,72.3,81.3,68.8,2026-06-10 00:10:00,2974346
78.3,72.9,81.1,68.9,2026-06-10 00:20:00,2974346
78.2,73.3,80.8,69.0,2026-06-10 00:30:00,2974346
78.0,74.0,80.6,69.0,2026-06-10 00:40:00,2974346
77.8,74.6,80.4,69.0,2026-06-10 00:50:00,2974346
77.6,75.2,80.2,69.1,2026-06-10 01:00:00,2974346
77.4,75.7,79.9,69.1,2026-06-10 01:10:00,2974346
77.2,76.2,79.5,69.1,2026-06-10 01:20:00,2974346
77.0,76.7,79.3,69.1,2026-06-10 01:30:00,2974346
76.9,77.2,79.0,69.2,2026-06-10 01:40:00,2974346
76.7,77.5,78.6,69.2,2026-06-10 01:50:00,2974346
76.5,77.9,78.6,69.1,2026-06-10 02:00:00,2974346
76.4,78.3,78.3,69.1,2026-06-10 02:10:00,2974346
76.2,78.6,78.1,69.1,2026-06-10 02:20:00,2974346
76.2,78.7,78.1,69.1,2026-06-10 02:30:00,2974346
76.1,78.9,78.1,69.1,2026-06-10 02:40:00,2974346
75.9,79.2,77.9,69.0,2026-06-10 02:50:00,2974346
75.8,79.6,77.9,69.0,2026-06-10 03:00:00,2974346
75.5,80.0,77.4,68.9,2026-06-10 03:10:00,2974346
75.4,80.3,77.4,68.9,2026-06-10 03:20:00,2974346
75.3,80.6,77.4,68.9,2026-06-10 03:30:00,2974346
75.3,80.7,77.4,69.0,2026-06-10 03:40:00,2974346
75.2,80.8,77.4,68.9,2026-06-10 03:50:00,2974346
75.1,81.1,77.2,68.9,2026-06-10 04:00:00,2974346
74.9,81.3,77.0,68.8,2026-06-10 04:10:00,2974346
74.8,81.6,76.6,68.8,2026-06-10 04:20:00,2974346
74.7,81.7,76.6,68.7,2026-06-10 04:30:00,2974346
74.5,82.0,76.6,68.7,2026-06-10 04:40:00,2974346
74.4,82.1,76.5,68.6,2026-06-10 04:50:00,2974346
74.4,82.2,76.5,68.6,2026-06-10 05:00:00,2974346
74.3,82.4,76.5,68.6,2026-06-10 05:10:00,2974346
74.3,82.4,76.1,68.6,2026-06-10 05:20:00,2974346
74.2,82.4,76.1,68.5,2026-06-10 05:30:00,2974346
74.2,82.5,76.3,68.5,2026-06-10 05:40:00,2974346
74.2,82.6,76.3,68.5,2026-06-10 05:50:00,2974346
74.1,82.7,75.9,68.5,2026-06-10 06:00:00,2974346
74.1,82.8,75.9,68.6,2026-06-10 06:10:00,2974346
74.2,82.9,76.3,68.7,2026-06-10 06:20:00,2974346
74.4,82.8,76.5,68.8,2026-06-10 06:30:00,2974346
74.6,82.8,76.6,69.0,2026-06-10 06:40:00,2974346
74.8,82.6,76.8,69.1,2026-06-10 06:50:00,2974346
74.8,82.5,76.8,69.1,2026-06-10 07:00:00,2974346
75.1,82.4,77.4,69.3,2026-06-10 07:10:00,2974346
75.2,82.2,77.4,69.4,2026-06-10 07:20:00,2974346
75.2,82.2,77.5,69.4,2026-06-10 07:30:00,2974346
75.3,82.3,77.5,69.5,2026-06-10 07:40:00,2974346
75.4,82.2,77.7,69.6,2026-06-10 07:50:00,2974346
75.7,81.7,77.7,69.7,2026-06-10 08:00:00,2974346
76.1,80.8,78.4,69.7,2026-06-10 08:10:00,2974346
76.5,80.1,78.8,69.9,2026-06-10 08:20:00,2974346
77.2,79.0,80.1,70.2,2026-06-10 08:30:00,2974346
77.5,77.9,80.2,70.1,2026-06-10 08:40:00,2974346
77.9,77.0,81.1,70.1,2026-06-10 08:50:00,2974346
78.9,76.1,82.6,70.7,2026-06-10 09:00:00,2974346
79.6,74.3,83.7,70.7,2026-06-10 09:10:00,2974346
80.4,73.6,84.9,71.2,2026-06-10 09:20:00,2974346
79.9,73.2,83.8,70.5,2026-06-10 09:30:00,2974346
80.5,72.8,84.9,70.9,2026-06-10 09:40:00,2974346
81.3,71.3,86.0,71.1,2026-06-10 09:50:00,2974346
81.8,70.5,86.7,71.2,2026-06-10 10:00:00,2974346
82.9,69.0,88.7,71.7,2026-06-10 10:10:00,2974346
84.7,66.0,91.8,72.1,2026-06-10 10:20:00,2974346
84.1,65.6,90.5,71.3,2026-06-10 10:30:00,2974346
85.3,64.8,93.0,72.1,2026-06-10 10:40:00,2974346
85.4,63.9,92.7,71.8,2026-06-10 10:50:00,2974346
86.6,62.8,95.0,72.4,2026-06-10 11:00:00,2974346
86.6,61.7,94.5,71.8,2026-06-10 11:10:00,2974346
86.6,61.3,94.3,71.7,2026-06-10 11:20:00,2974346
87.0,60.4,94.5,71.6,2026-06-10 11:30:00,2974346
87.8,59.4,96.1,71.9,2026-06-10 11:40:00,2974346
88.7,57.0,97.2,71.5,2026-06-10 11:50:00,2974346
88.8,55.9,96.6,71.0,2026-06-10 12:00:00,2974346
88.6,55.7,96.3,70.7,2026-06-10 12:10:00,2974346
88.3,54.7,95.0,69.9,2026-06-10 12:20:00,2974346
89.2,55.1,97.3,70.9,2026-06-10 12:30:00,2974346
89.3,53.1,96.6,70.0,2026-06-10 12:40:00,2974346
89.1,53.7,96.4,70.1,2026-06-10 12:50:00,2974346
88.7,55.2,96.1,70.5,2026-06-10 13:00:00,2974346
89.6,53.1,97.5,70.3,2026-06-10 13:10:00,2974346
90.9,51.7,99.7,70.7,2026-06-10 13:20:00,2974346
90.8,50.4,98.6,69.8,2026-06-10 13:30:00,2974346
91.3,49.3,99.1,69.6,2026-06-10 13:40:00,2974346
91.7,48.5,99.5,69.5,2026-06-10 13:50:00,2974346
92.2,48.1,100.4,69.7,2026-06-10 14:00:00,2974346
92.1,49.4,101.1,70.4,2026-06-10 14:10:00,2974346
91.7,49.6,100.0,70.2,2026-06-10 14:20:00,2974346
92.2,50.0,101.5,70.8,2026-06-10 14:30:00,2974346
92.1,49.4,100.8,70.4,2026-06-10 14:40:00,2974346
93.5,46.8,102.2,70.1,2026-06-10 14:50:00,2974346
93.9,46.0,102.9,70.0,2026-06-10 15:00:00,2974346
93.0,46.5,100.9,69.4,2026-06-10 15:10:00,2974346
93.9,46.2,102.7,70.1,2026-06-10 15:20:00,2974346
93.4,46.3,102.0,69.7,2026-06-10 15:30:00,2974346
93.0,46.8,101.5,69.7,2026-06-10 15:40:00,2974346
94.1,45.7,103.1,69.9,2026-06-10 15:50:00,2974346
94.4,46.4,103.8,70.6,2026-06-10 16:00:00,2974346
92.9,46.5,100.9,69.4,2026-06-10 16:10:00,2974346
92.9,47.7,101.7,70.2,2026-06-10 16:20:00,2974346
93.0,46.5,101.1,69.5,2026-06-10 16:30:00,2974346
94.4,45.7,103.5,70.3,2026-06-10 16:40:00,2974346
95.6,43.6,105.1,69.9,2026-06-10 16:50:00,2974346
95.2,43.4,103.8,69.4,2026-06-10 17:00:00,2974346
95.2,43.9,104.4,69.8,2026-06-10 17:10:00,2974346
95.2,42.8,103.8,69.1,2026-06-10 17:20:00,2974346
94.9,43.0,103.1,68.9,2026-06-10 17:30:00,2974346
96.1,42.7,105.3,69.8,2026-06-10 17:40:00,2974346
94.8,43.1,102.7,68.8,2026-06-10 17:50:00,2974346
95.4,42.5,104.2,69.0,2026-06-10 18:00:00,2974346
93.9,43.9,101.7,68.6,2026-06-10 18:10:00,2974346
92.6,45.2,99.5,68.3,2026-06-10 18:20:00,2974346
91.7,46.7,98.6,68.4,2026-06-10 18:30:00,2974346
92.0,47.3,99.7,69.1,2026-06-10 18:40:00,2974346
91.4,47.0,98.1,68.3,2026-06-10 18:50:00,2974346
90.9,47.7,97.7,68.3,2026-06-10 19:00:00,2974346
90.9,48.1,97.9,68.6,2026-06-10 19:10:00,2974346
92.1,47.3,99.9,69.2,2026-06-10 19:20:00,2974346
93.4,46.2,101.5,69.6,2026-06-10 19:30:00,2974346
92.7,46.3,100.6,69.0,2026-06-10 19:40:00,2974346
90.7,48.0,97.3,68.3,2026-06-10 19:50:00,2974346
89.5,49.1,95.4,67.8,2026-06-10 20:00:00,2974346
88.6,50.3,93.9,67.7,2026-06-10 20:10:00,2974346
88.0,51.2,93.2,67.7,2026-06-10 20:20:00,2974346
87.6,52.2,92.5,67.9,2026-06-10 20:30:00,2974346
87.2,52.8,92.1,67.9,2026-06-10 20:40:00,2974346
86.7,53.8,91.6,67.9,2026-06-10 20:50:00,2974346
86.3,54.5,91.0,68.0,2026-06-10 21:00:00,2974346
85.9,55.4,90.7,68.1,2026-06-10 21:10:00,2974346
85.7,56.1,90.7,68.2,2026-06-10 21:20:00,2974346
85.4,56.6,90.0,68.2,2026-06-10 21:30:00,2974346
85.1,57.3,89.6,68.3,2026-06-10 21:40:00,2974346
84.8,58.0,89.4,68.4,2026-06-10 21:50:00,2974346
84.6,58.7,89.2,68.5,2026-06-10 22:00:00,2974346
84.4,59.0,89.1,68.5,2026-06-10 22:10:00,2974346
84.2,59.4,88.9,68.5,2026-06-10 22:20:00,2974346
84.0,59.8,88.2,68.5,2026-06-10 22:30:00,2974346
83.8,60.4,88.0,68.6,2026-06-10 22:40:00,2974346
83.5,60.9,87.8,68.6,2026-06-10 22:50:00,2974346
83.2,61.5,87.3,68.6,2026-06-10 23:00:00,2974346
83.0,62.0,86.9,68.6,2026-06-10 23:10:00,2974346
82.9,62.2,86.7,68.6,2026-06-10 23:20:00,2974346
82.7,62.5,86.4,68.6,2026-06-10 23:30:00,2974346
82.5,62.8,86.0,68.5,2026-06-10 23:40:00,2974346
82.2,63.3,85.5,68.5,2026-06-10 23:50:00,2974346
82.0,63.9,85.3,68.6,2026-06-11 00:00:00,2974346
81.7,64.5,85.3,68.5,2026-06-11 00:10:00,2974346
81.4,65.1,84.7,68.6,2026-06-11 00:20:00,2974346
81.3,65.6,84.7,68.7,2026-06-11 00:30:00,2974346
81.0,66.2,84.4,68.7,2026-06-11 00:40:00,2974346
80.8,66.6,84.2,68.6,2026-06-11 00:50:00,2974346
80.6,67.1,84.0,68.7,2026-06-11 01:00:00,2974346
80.4,67.5,83.7,68.7,2026-06-11 01:10:00,2974346
80.3,67.8,83.7,68.7,2026-06-11 01:20:00,2974346
80.0,68.1,83.1,68.5,2026-06-11 01:30:00,2974346
79.8,68.5,82.8,68.5,2026-06-11 01:40:00,2974346
79.6,68.8,82.6,68.5,2026-06-11 01:50:00,2974346
79.5,69.3,82.4,68.6,2026-06-11 02:00:00,2974346
79.1,69.8,81.9,68.4,2026-06-11 02:10:00,2974346
78.8,70.3,81.7,68.3,2026-06-11 02:20:00,2974346
78.5,70.8,81.1,68.2,2026-06-11 02:30:00,2974346
78.2,71.4,80.6,68.2,2026-06-11 02:40:00,2974346
78.0,71.6,80.2,68.1,2026-06-11 02:50:00,2974346
77.8,71.9,79.9,68.0,2026-06-11 03:00:00,2974346
77.6,72.3,79.7,68.0,2026-06-11 03:10:00,2974346
77.3,72.7,79.2,67.8,2026-06-11 03:20:00,2974346
77.1,73.2,78.8,67.8,2026-06-11 03:30:00,2974346
76.8,73.5,78.3,67.7,2026-06-11 03:40:00,2974346
76.6,73.7,78.1,67.6,2026-06-11 03:50:00,2974346
76.4,74.1,77.7,67.5,2026-06-11 04:00:00,2974346
76.2,74.4,77.5,67.5,2026-06-11 04:10:00,2974346
76.1,74.7,77.4,67.4,2026-06-11 04:20:00,2974346
75.8,75.1,77.4,67.4,2026-06-11 04:30:00,2974346
75.7,75.3,77.2,67.4,2026-06-11 04:40:00,2974346
75.5,75.6,77.0,67.3,2026-06-11 04:50:00,2974346
75.4,75.9,77.0,67.2,2026-06-11 05:00:00,2974346
75.3,75.8,76.8,67.1,2026-06-11 05:10:00,2974346
75.2,75.8,76.6,67.0,2026-06-11 05:20:00,2974346
75.0,75.9,76.3,66.9,2026-06-11 05:30:00,2974346
74.9,75.9,76.3,66.7,2026-06-11 05:40:00,2974346
74.7,76.0,76.1,66.7,2026-06-11 05:50:00,2974346
74.7,76.0,76.1,66.6,2026-06-11 06:00:00,2974346
74.6,76.1,75.9,66.6,2026-06-11 06:10:00,2974346
74.7,76.0,76.1,66.6,2026-06-11 06:20:00,2974346
75.1,75.7,76.6,66.8,2026-06-11 06:30:00,2974346
76.8,73.9,78.3,67.8,2026-06-11 06:40:00,2974346
77.5,72.1,79.3,67.7,2026-06-11 06:50:00,2974346
77.7,71.4,79.5,67.7,2026-06-11 07:00:00,2974346
78.9,70.0,81.5,68.3,2026-06-11 07:10:00,2974346
78.9,69.4,81.5,68.0,2026-06-11 07:20:00,2974346
78.5,69.9,81.0,67.8,2026-06-11 07:30:00,2974346
79.1,69.9,81.9,68.4,2026-06-11 07:40:00,2974346
79.9,68.4,82.8,68.5,2026-06-11 07:50:00,2974346
80.0,68.5,83.1,68.7,2026-06-11 08:00:00,2974346
80.7,68.3,84.4,69.3,2026-06-11 08:10:00,2974346
80.7,68.0,84.2,69.2,2026-06-11 08:20:00,2974346
81.4,67.7,85.5,69.6,2026-06-11 08:30:00,2974346
82.0,67.3,86.2,70.1,2026-06-11 08:40:00,2974346
82.2,67.4,86.9,70.4,2026-06-11 08:50:00,2974346
83.6,66.5,89.4,71.2,2026-06-11 09:00:00,2974346
84.5,64.1,90.7,71.0,2026-06-11 09:10:00,2974346
84.4,64.8,90.5,71.2,2026-06-11 09:20:00,2974346
84.5,64.0,90.7,71.0,2026-06-11 09:30:00,2974346
84.7,63.8,91.0,71.1,2026-06-11 09:40:00,2974346
84.8,63.4,91.2,71.0,2026-06-11 09:50:00,2974346
85.3,62.7,92.1,71.2,2026-06-11 10:00:00,2974346
86.0,60.9,93.0,70.9,2026-06-11 10:10:00,2974346
88.4,59.3,97.3,72.4,2026-06-11 10:20:00,2974346
90.4,57.3,101.3,73.3,2026-06-11 10:30:00,2974346
89.9,56.5,99.7,72.3,2026-06-11 10:40:00,2974346
89.7,56.2,99.0,72.0,2026-06-11 10:50:00,2974346
90.1,55.8,99.7,72.1,2026-06-11 11:00:00,2974346
90.7,55.1,101.1,72.4,2026-06-11 11:10:00,2974346
91.9,52.8,102.4,72.2,2026-06-11 11:20:00,2974346
94.6,50.8,107.4,73.5,2026-06-11 11:30:00,2974346
94.8,48.5,106.3,72.3,2026-06-11 11:40:00,2974346
95.2,47.6,106.3,72.1,2026-06-11 11:50:00,2974346
96.2,47.6,109.0,73.0,2026-06-11 12:00:00,2974346
96.8,46.5,109.6,72.9,2026-06-11 12:10:00,2974346
97.4,44.9,109.9,72.4,2026-06-11 12:20:00,2974346
97.7,44.0,110.1,72.1,2026-06-11 12:30:00,2974346
100.5,42.9,115.5,73.8,2026-06-11 12:40:00,2974346
96.4,44.3,107.2,71.1,2026-06-11 12:50:00,2974346
98.2,43.6,110.7,72.2,2026-06-11 13:00:00,2974346
98.8,42.4,111.2,72.0,2026-06-11 13:10:00,2974346
97.7,43.5,109.8,71.7,2026-06-11 13:20:00,2974346
98.2,42.6,109.9,71.5,2026-06-11 13:30:00,2974346
97.7,41.8,108.7,70.6,2026-06-11 13:40:00,2974346
98.2,42.8,109.9,71.7,2026-06-11 13:50:00,2974346
100.0,40.8,112.5,72.0,2026-06-11 14:00:00,2974346
98.5,40.7,109.2,70.5,2026-06-11 14:10:00,2974346
100.1,39.5,112.1,71.1,2026-06-11 14:20:00,2974346
99.9,39.1,111.2,70.5,2026-06-11 14:30:00,2974346
98.9,39.3,109.0,69.8,2026-06-11 14:40:00,2974346
100.0,38.8,111.0,70.4,2026-06-11 14:50:00,2974346
99.4,36.6,108.3,68.2,2026-06-11 15:00:00,2974346
101.4,36.4,112.3,69.9,2026-06-11 15:10:00,2974346
101.6,35.1,111.7,68.9,2026-06-11 15:20:00,2974346
101.3,35.2,111.0,68.7,2026-06-11 15:30:00,2974346
100.9,35.9,110.8,68.9,2026-06-11 15:40:00,2974346
101.6,36.2,112.5,69.7,2026-06-11 15:50:00,2974346
100.9,36.5,111.2,69.4,2026-06-11 16:00:00,2974346
102.3,34.7,112.8,69.2,2026-06-11 16:10:00,2974346
102.3,36.0,113.9,70.2,2026-06-11 16:20:00,2974346
103.0,34.8,114.3,69.9,2026-06-11 16:30:00,2974346
99.9,37.2,109.8,69.1,2026-06-11 16:40:00,2974346
98.3,38.7,107.6,68.9,2026-06-11 16:50:00,2974346
97.9,39.8,107.6,69.3,2026-06-11 17:00:00,2974346
99.8,38.8,110.7,70.3,2026-06-11 17:10:00,2974346
98.7,39.2,108.7,69.6,2026-06-11 17:20:00,2974346
99.8,37.6,109.8,69.3,2026-06-11 17:30:00,2974346
98.8,38.4,108.1,69.0,2026-06-11 17:40:00,2974346
98.0,38.9,107.1,68.7,2026-06-11 17:50:00,2974346
94.8,46.1,104.5,70.8,2026-06-11 18:00:00,2974346
88.3,62.8,98.4,74.0,2026-06-11 18:10:00,2974346
88.9,60.8,99.3,73.6,2026-06-11 18:20:00,2974346
89.4,57.1,98.6,72.2,2026-06-11 18:30:00,2974346
89.8,53.4,98.1,70.6,2026-06-11 18:40:00,2974346
91.0,53.0,100.4,71.5,2026-06-11 18:50:00,2974346
92.4,49.7,101.8,70.8,2026-06-11 19:00:00,2974346
94.4,45.5,103.3,70.1,2026-06-11 19:10:00,2974346
94.9,46.3,105.1,71.0,2026-06-11 19:20:00,2974346
95.7,44.8,105.8,70.8,2026-06-11 19:30:00,2974346
94.4,44.2,102.6,69.2,2026-06-11 19:40:00,2974346
93.2,47.3,102.0,70.2,2026-06-11 19:50:00,2974346
92.2,47.5,100.0,69.4,2026-06-11 20:00:00,2974346
91.4,48.2,99.0,69.0,2026-06-11 20:10:00,2974346
90.9,49.4,98.6,69.4,2026-06-11 20:20:00,2974346
90.3,50.2,97.9,69.3,2026-06-11 20:30:00,2974346
89.8,50.2,96.6,68.9,2026-06-11 20:40:00,2974346
89.5,50.7,96.1,68.8,2026-06-11 20:50:00,2974346
89.1,51.7,95.7,69.0,2026-06-11 21:00:00,2974346
88.8,52.3,95.2,69.0,2026-06-11 21:10:00,2974346
88.4,53.3,94.8,69.3,2026-06-11 21:20:00,2974346
88.2,53.9,94.6,69.4,2026-06-11 21:30:00,2974346
87.8,54.6,94.3,69.4,2026-06-11 21:40:00,2974346
87.5,54.9,93.6,69.3,2026-06-11 21:50:00,2974346
87.2,55.8,93.2,69.5,2026-06-11 22:00:00,2974346
86.9,56.0,93.0,69.3,2026-06-11 22:10:00,2974346
86.5,56.4,91.9,69.2,2026-06-11 22:20:00,2974346
86.2,56.9,91.8,69.1,2026-06-11 22:30:00,2974346
86.0,57.2,91.6,69.1,2026-06-11 22:40:00,2974346
85.7,57.7,91.0,69.0,2026-06-11 22:50:00,2974346
85.3,57.9,90.5,68.8,2026-06-11 23:00:00,2974346
85.0,58.3,90.0,68.7,2026-06-11 23:10:00,2974346
84.7,58.9,89.4,68.8,2026-06-11 23:20:00,2974346
84.4,59.6,89.2,68.8,2026-06-11 23:30:00,2974346
83.9,60.3,88.3,68.7,2026-06-11 23:40:00,2974346
83.5,60.9,87.8,68.6,2026-06-11 23:50:00,2974346
83.2,61.5,87.3,68.6,2026-06-12 00:00:00,2974346
83.0,61.9,86.9,68.6,2026-06-12 00:10:00,2974346
82.9,62.2,86.7,68.6,2026-06-12 00:20:00,2974346
82.7,62.6,86.4,68.6,2026-06-12 00:30:00,2974346
82.5,62.9,86.2,68.6,2026-06-12 00:40:00,2974346
82.3,63.5,86.0,68.7,2026-06-12 00:50:00,2974346
82.1,64.1,85.6,68.7,2026-06-12 01:00:00,2974346
82.0,64.5,85.5,68.8,2026-06-12 01:10:00,2974346
81.8,64.9,85.5,68.8,2026-06-12 01:20:00,2974346
81.5,65.6,85.3,68.9,2026-06-12 01:30:00,2974346
81.6,65.7,85.3,69.0,2026-06-12 01:40:00,2974346
81.4,66.1,84.9,69.0,2026-06-12 01:50:00,2974346
81.3,66.4,84.9,69.0,2026-06-12 02:00:00,2974346
81.2,66.7,84.9,69.1,2026-06-12 02:10:00,2974346
81.1,67.2,84.7,69.2,2026-06-12 02:20:00,2974346
80.8,68.0,84.6,69.2,2026-06-12 02:30:00,2974346
80.5,68.8,84.0,69.3,2026-06-12 02:40:00,2974346
80.4,69.3,84.2,69.5,2026-06-12 02:50:00,2974346
80.4,69.7,84.4,69.6,2026-06-12 03:00:00,2974346
80.2,70.1,83.8,69.6,2026-06-12 03:10:00,2974346
80.1,70.5,84.0,69.6,2026-06-12 03:20:00,2974346
80.0,71.1,83.7,69.7,2026-06-12 03:30:00,2974346
79.8,71.4,83.5,69.7,2026-06-12 03:40:00,2974346
79.6,71.8,83.1,69.7,2026-06-12 03:50:00,2974346
79.5,72.2,82.9,69.7,2026-06-12 04:00:00,2974346
79.3,72.8,82.8,69.8,2026-06-12 04:10:00,2974346
79.2,73.2,82.8,69.9,2026-06-12 04:20:00,2974346
79.1,73.8,82.6,70.0,2026-06-12 04:30:00,2974346
79.1,74.1,82.6,70.1,2026-06-12 04:40:00,2974346
79.1,74.4,82.8,70.3,2026-06-12 04:50:00,2974346
79.1,74.5,82.8,70.3,2026-06-12 05:00:00,2974346
78.9,74.9,82.4,70.3,2026-06-12 05:10:00,2974346
78.9,75.1,82.6,70.4,2026-06-12 05:20:00,2974346
78.8,75.5,82.2,70.3,2026-06-12 05:30:00,2974346
78.6,75.9,81.9,70.3,2026-06-12 05:40:00,2974346
78.5,76.2,82.0,70.4,2026-06-12 05:50:00,2974346
78.5,76.5,82.0,70.5,2026-06-12 06:00:00,2974346
78.5,76.8,82.0,70.6,2026-06-12 06:10:00,2974346
78.6,76.9,82.6,70.8,2026-06-12 06:20:00,2974346
78.9,76.7,82.8,70.9,2026-06-12 06:30:00,2974346
79.4,76.3,83.8,71.3,2026-06-12 06:40:00,2974346
79.8,75.5,84.2,71.3,2026-06-12 06:50:00,2974346
80.3,75.0,85.1,71.6,2026-06-12 07:00:00,2974346
81.0,74.3,86.4,72.1,2026-06-12 07:10:00,2974346
82.3,71.7,88.2,72.2,2026-06-12 07:20:00,2974346
82.3,71.4,88.0,72.1,2026-06-12 07:30:00,2974346
82.0,72.1,87.8,72.1,2026-06-12 07:40:00,2974346
83.0,71.4,89.6,72.8,2026-06-12 07:50:00,2974346
83.4,70.0,90.1,72.6,2026-06-12 08:00:00,2974346
83.2,69.9,89.8,72.3,2026-06-12 08:10:00,2974346
83.1,70.3,89.2,72.4,2026-06-12 08:20:00,2974346
83.6,69.8,90.5,72.6,2026-06-12 08:30:00,2974346
83.9,69.0,91.2,72.6,2026-06-12 08:40:00,2974346
84.4,68.7,92.3,73.0,2026-06-12 08:50:00,2974346
85.0,66.1,92.7,72.4,2026-06-12 09:00:00,2974346
86.6,64.5,95.7,73.2,2026-06-12 09:10:00,2974346
86.6,62.7,94.8,72.4,2026-06-12 09:20:00,2974346
87.3,62.3,96.1,72.8,2026-06-12 09:30:00,2974346
87.6,60.1,95.9,72.1,2026-06-12 09:40:00,2974346
88.1,59.4,96.4,72.1,2026-06-12 09:50:00,2974346
89.2,58.4,98.8,72.6,2026-06-12 10:00:00,2974346
90.8,55.6,101.3,72.7,2026-06-12 10:10:00,2974346
93.1,52.0,104.7,72.9,2026-06-12 10:20:00,2974346
94.9,50.8,108.3,73.8,2026-06-12 10:30:00,2974346
93.9,47.6,103.8,71.0,2026-06-12 10:40:00,2974346
93.8,48.7,104.2,71.6,2026-06-12 10:50:00,2974346
93.6,47.5,102.9,70.6,2026-06-12 11:00:00,2974346
93.7,47.0,103.1,70.4,2026-06-12 11:10:00,2974346
94.6,45.3,103.8,70.2,2026-06-12 11:20:00,2974346
96.4,43.6,106.5,70.6,2026-06-12 11:30:00,2974346
97.3,42.7,108.0,70.9,2026-06-12 11:40:00,2974346
99.8,42.0,113.0,72.6,2026-06-12 11:50:00,2974346
97.4,41.6,107.6,70.1,2026-06-12 12:00:00,2974346
100.6,40.3,113.4,72.0,2026-06-12 12:10:00,2974346
101.4,39.0,114.4,71.8,2026-06-12 12:20:00,2974346
100.5,37.6,111.4,70.0,2026-06-12 12:30:00,2974346
101.3,37.7,113.4,70.8,2026-06-12 12:40:00,2974346
100.5,37.0,110.8,69.4,2026-06-12 12:50:00,2974346
100.9,37.4,111.9,70.1,2026-06-12 13:00:00,2974346
102.3,37.2,115.0,71.3,2026-06-12 13:10:00,2974346
100.7,36.2,110.5,69.0,2026-06-12 13:20:00,2974346
100.8,35.1,110.1,68.2,2026-06-12 13:30:00,2974346
101.2,35.2,111.0,68.6,2026-06-12 13:40:00,2974346
101.4,34.4,110.7,68.1,2026-06-12 13:50:00,2974346
101.1,35.0,110.8,68.4,2026-06-12 14:00:00,2974346
101.8,33.8,110.8,68.0,2026-06-12 14:10:00,2974346
102.6,34.1,113.0,68.9,2026-06-12 14:20:00,2974346
103.0,32.6,112.5,68.0,2026-06-12 14:30:00,2974346
101.9,33.2,110.8,67.6,2026-06-12 14:40:00,2974346
103.2,33.3,113.4,68.7,2026-06-12 14:50:00,2974346
102.4,33.9,112.5,68.6,2026-06-12 15:00:00,2974346
103.6,32.4,113.5,68.4,2026-06-12 15:10:00,2974346
103.2,31.2,111.4,66.8,2026-06-12 15:20:00,2974346
102.9,30.7,110.1,66.1,2026-06-12 15:30:00,2974346
104.2,31.2,113.4,67.7,2026-06-12 15:40:00,2974346
104.4,30.4,112.8,67.1,2026-06-12 15:50:00,2974346
103.9,30.8,112.5,67.1,2026-06-12 16:00:00,2974346
104.5,31.4,113.9,68.1,2026-06-12 16:10:00,2974346
104.5,31.6,114.1,68.3,2026-06-12 16:20:00,2974346
104.6,31.1,114.1,67.9,2026-06-12 16:30:00,2974346
104.1,32.0,113.9,68.4,2026-06-12 16:40:00,2974346
104.0,31.9,113.9,68.2,2026-06-12 16:50:00,2974346
104.2,31.6,113.7,68.1,2026-06-12 17:00:00,2974346
104.5,30.9,113.4,67.6,2026-06-12 17:10:00,2974346
103.6,31.1,112.3,67.2,2026-06-12 17:20:00,2974346
103.7,31.3,112.5,67.4,2026-06-12 17:30:00,2974346
104.9,30.3,113.5,67.5,2026-06-12 17:40:00,2974346
102.6,30.8,109.9,66.0,2026-06-12 17:50:00,2974346
102.6,31.2,110.3,66.3,2026-06-12 18:00:00,2974346
101.0,32.2,108.0,65.9,2026-06-12 18:10:00,2974346
101.8,32.5,109.6,66.8,2026-06-12 18:20:00,2974346
100.9,32.6,108.0,66.1,2026-06-12 18:30:00,2974346
99.8,33.8,106.9,66.3,2026-06-12 18:40:00,2974346
99.9,34.7,108.0,67.1,2026-06-12 18:50:00,2974346
99.6,34.9,107.4,67.0,2026-06-12 19:00:00,2974346
99.5,35.1,107.6,67.1,2026-06-12 19:10:00,2974346
98.7,35.4,106.0,66.6,2026-06-12 19:20:00,2974346
98.6,35.4,105.4,66.5,2026-06-12 19:30:00,2974346
98.3,35.7,105.4,66.5,2026-06-12 19:40:00,2974346
97.1,36.7,103.8,66.2,2026-06-12 19:50:00,2974346
96.4,37.8,103.1,66.5,2026-06-12 20:00:00,2974346
95.8,38.6,102.6,66.5,2026-06-12 20:10:00,2974346
95.0,39.4,101.7,66.5,2026-06-12 20:20:00,2974346
94.3,39.7,100.0,66.0,2026-06-12 20:30:00,2974346
93.8,40.7,99.7,66.4,2026-06-12 20:40:00,2974346
93.2,41.6,98.8,66.4,2026-06-12 20:50:00,2974346
93.0,41.9,98.6,66.4,2026-06-12 21:00:00,2974346
92.8,42.6,98.6,66.7,2026-06-12 21:10:00,2974346
92.4,43.1,98.2,66.7,2026-06-12 21:20:00,2974346
91.9,43.8,97.5,66.7,2026-06-12 21:30:00,2974346
91.5,44.4,97.0,66.8,2026-06-12 21:40:00,2974346
91.2,45.1,97.0,67.0,2026-06-12 21:50:00,2974346
90.9,45.7,96.6,67.0,2026-06-12 22:00:00,2974346
90.4,46.2,95.7,66.9,2026-06-12 22:10:00,2974346
89.8,47.2,94.8,67.0,2026-06-12 22:20:00,2974346
89.4,48.0,94.5,67.1,2026-06-12 22:30:00,2974346
89.3,48.1,94.5,67.1,2026-06-12 22:40:00,2974346
89.8,46.6,94.6,66.6,2026-06-12 22:50:00,2974346
89.2,46.3,93.4,65.9,2026-06-12 23:00:00,2974346
88.7,45.3,91.8,64.8,2026-06-12 23:10:00,2974346
88.3,46.0,91.4,64.9,2026-06-12 23:20:00,2974346
87.7,46.2,90.5,64.5,2026-06-12 23:30:00,2974346
87.2,45.9,89.6,63.9,2026-06-12 23:40:00,2974346
86.6,46.9,89.1,63.9,2026-06-12 23:50:00,2974346
85.9,46.9,87.8,63.3,2026-06-13 00:00:00,2974346
85.5,47.3,87.4,63.1,2026-06-13 00:10:00,2974346
85.1,48.0,86.7,63.1,2026-06-13 00:20:00,2974346
84.5,48.9,86.2,63.2,2026-06-13 00:30:00,2974346
84.0,49.8,85.8,63.3,2026-06-13 00:40:00,2974346
83.6,50.4,85.1,63.2,2026-06-13 00:50:00,2974346
83.3,51.0,84.6,63.2,2026-06-13 01:00:00,2974346
83.0,51.6,84.4,63.4,2026-06-13 01:10:00,2974346
82.7,52.3,83.8,63.4,2026-06-13 01:20:00,2974346
82.8,52.5,84.4,63.7,2026-06-13 01:30:00,2974346
82.9,52.3,84.2,63.7,2026-06-13 01:40:00,2974346
82.9,52.5,84.2,63.7,2026-06-13 01:50:00,2974346
82.6,53.3,84.0,64.0,2026-06-13 02:00:00,2974346
82.3,53.6,83.7,63.8,2026-06-13 02:10:00,2974346
82.2,53.8,83.3,63.8,2026-06-13 02:20:00,2974346
81.8,54.4,82.9,63.8,2026-06-13 02:30:00,2974346
81.6,55.1,82.9,63.9,2026-06-13 02:40:00,2974346
81.3,55.8,82.4,64.0,2026-06-13 02:50:00,2974346
81.0,56.3,82.2,64.0,2026-06-13 03:00:00,2974346
80.7,56.7,82.0,64.0,2026-06-13 03:10:00,2974346
80.3,57.8,81.5,64.0,2026-06-13 03:20:00,2974346
80.0,57.9,81.0,63.8,2026-06-13 03:30:00,2974346
79.8,58.2,80.8,63.7,2026-06-13 03:40:00,2974346
79.6,58.5,80.6,63.8,2026-06-13 03:50:00,2974346
79.5,58.9,80.6,64.0,2026-06-13 04:00:00,2974346
79.4,59.1,80.4,63.8,2026-06-13 04:10:00,2974346
79.2,59.4,80.2,63.8,2026-06-13 04:20:00,2974346
78.9,59.6,79.7,63.7,2026-06-13 04:30:00,2974346
78.8,60.4,79.7,63.9,2026-06-13 04:40:00,2974346
78.5,60.8,79.3,63.9,2026-06-13 04:50:00,2974346
78.2,61.6,79.0,64.0,2026-06-13 05:00:00,2974346
77.8,62.2,78.4,63.8,2026-06-13 05:10:00,2974346
77.7,62.7,78.4,64.0,2026-06-13 05:20:00,2974346
77.5,63.0,77.9,63.9,2026-06-13 05:30:00,2974346
77.3,63.5,77.9,64.0,2026-06-13 05:40:00,2974346
77.1,63.9,77.5,64.0,2026-06-13 05:50:00,2974346
76.8,64.7,77.2,64.0,2026-06-13 06:00:00,2974346
76.7,65.3,77.2,64.2,2026-06-13 06:10:00,2974346
76.8,65.4,77.5,64.3,2026-06-13 06:20:00,2974346
77.1,65.0,77.7,64.5,2026-06-13 06:30:00,2974346
78.9,63.5,80.4,65.4,2026-06-13 06:40:00,2974346
79.8,62.2,81.7,65.7,2026-06-13 06:50:00,2974346
80.7,60.7,82.8,65.9,2026-06-13 07:00:00,2974346
82.7,59.0,85.5,66.9,2026-06-13 07:10:00,2974346
83.0,57.5,85.6,66.4,2026-06-13 07:20:00,2974346
81.7,59.0,83.8,66.0,2026-06-13 07:30:00,2974346
81.9,59.9,84.4,66.6,2026-06-13 07:40:00,2974346
83.3,59.3,86.7,67.6,2026-06-13 07:50:00,2974346
83.9,57.9,87.6,67.5,2026-06-13 08:00:00,2974346
83.5,57.3,86.7,66.8,2026-06-13 08:10:00,2974346
82.9,58.3,85.6,66.7,2026-06-13 08:20:00,2974346
83.5,57.8,86.9,67.1,2026-06-13 08:30:00,2974346
84.4,57.2,88.5,67.6,2026-06-13 08:40:00,2974346
84.5,56.0,88.2,67.1,2026-06-13 08:50:00,2974346
85.4,55.7,89.8,67.8,2026-06-13 09:00:00,2974346
86.8,54.2,92.1,68.3,2026-06-13 09:10:00,2974346
86.1,54.4,90.7,67.7,2026-06-13 09:20:00,2974346
86.5,54.2,91.4,68.0,2026-06-13 09:30:00,2974346
86.3,53.7,90.7,67.5,2026-06-13 09:40:00,2974346
86.5,53.7,91.2,67.7,2026-06-13 09:50:00,2974346
87.6,53.2,93.2,68.5,2026-06-13 10:00:00,2974346
89.4,51.6,96.1,69.2,2026-06-13 10:10:00,2974346
90.1,50.9,97.3,69.5,2026-06-13 10:20:00,2974346
89.6,50.2,95.9,68.6,2026-06-13 10:30:00,2974346
90.0,50.7,97.2,69.3,2026-06-13 10:40:00,2974346
89.8,51.1,96.6,69.3,2026-06-13 10:50:00,2974346
89.3,50.5,95.7,68.5,2026-06-13 11:00:00,2974346
88.7,51.2,94.6,68.4,2026-06-13 11:10:00,2974346
89.8,51.0,97.0,69.3,2026-06-13 11:20:00,2974346
91.8,49.1,100.2,70.0,2026-06-13 11:30:00,2974346
93.6,46.9,102.6,70.2,2026-06-13 11:40:00,2974346
94.8,45.4,104.2,70.4,2026-06-13 11:50:00,2974346
95.6,44.7,105.6,70.7,2026-06-13 12:00:00,2974346
92.5,45.9,99.7,68.6,2026-06-13 12:10:00,2974346
94.9,44.6,104.0,69.9,2026-06-13 12:20:00,2974346
94.9,44.7,104.0,70.0,2026-06-13 12:30:00,2974346
95.4,43.2,104.4,69.5,2026-06-13 12:40:00,2974346
95.4,43.8,104.7,69.8,2026-06-13 12:50:00,2974346
95.3,42.1,103.5,68.6,2026-06-13 13:00:00,2974346
95.8,42.4,104.7,69.2,2026-06-13 13:10:00,2974346
95.7,42.1,104.2,69.0,2026-06-13 13:20:00,2974346
94.9,42.0,102.6,68.2,2026-06-13 13:30:00,2974346
96.0,41.4,104.5,68.8,2026-06-13 13:40:00,2974346
96.7,41.0,105.8,69.1,2026-06-13 13:50:00,2974346
96.2,39.1,103.6,67.3,2026-06-13 14:00:00,2974346
96.0,40.3,103.8,68.0,2026-06-13 14:10:00,2974346
96.2,39.8,104.0,67.8,2026-06-13 14:20:00,2974346
95.0,40.4,102.2,67.2,2026-06-13 14:30:00,2974346
96.1,40.7,104.4,68.4,2026-06-13 14:40:00,2974346
98.3,37.8,107.1,68.1,2026-06-13 14:50:00,2974346
96.0,38.8,102.9,66.9,2026-06-13 15:00:00,2974346
95.8,39.8,103.3,67.4,2026-06-13 15:10:00,2974346
98.0,38.3,106.7,68.3,2026-06-13 15:20:00,2974346
100.5,36.3,110.3,68.9,2026-06-13 15:30:00,2974346
99.4,36.6,108.1,68.2,2026-06-13 15:40:00,2974346
97.6,36.0,104.4,66.2,2026-06-13 15:50:00,2974346
100.1,36.5,109.6,68.7,2026-06-13 16:00:00,2974346
100.9,34.9,109.9,68.1,2026-06-13 16:10:00,2974346
100.4,34.8,109.0,67.6,2026-06-13 16:20:00,2974346
98.8,36.1,106.9,67.3,2026-06-13 16:30:00,2974346
97.9,36.6,105.4,66.8,2026-06-13 16:40:00,2974346
97.8,36.8,105.1,66.9,2026-06-13 16:50:00,2974346
96.3,38.3,103.3,66.8,2026-06-13 17:00:00,2974346
95.2,38.6,101.5,66.0,2026-06-13 17:10:00,2974346
97.3,37.8,104.9,67.3,2026-06-13 17:20:00,2974346
97.7,36.5,104.9,66.6,2026-06-13 17:30:00,2974346
96.3,37.8,103.1,66.4,2026-06-13 17:40:00,2974346
97.8,37.2,105.4,67.2,2026-06-13 17:50:00,2974346
97.5,36.8,105.1,66.7,2026-06-13 18:00:00,2974346
97.5,37.0,105.1,66.8,2026-06-13 18:10:00,2974346
96.9,37.3,103.8,66.5,2026-06-13 18:20:00,2974346
96.3,37.7,103.1,66.3,2026-06-13 18:30:00,2974346
95.9,37.4,102.2,65.8,2026-06-13 18:40:00,2974346
96.2,38.2,102.9,66.6,2026-06-13 18:50:00,2974346
94.8,39.4,101.3,66.3,2026-06-13 19:00:00,2974346
94.0,40.3,99.9,66.3,2026-06-13 19:10:00,2974346
94.0,40.9,100.2,66.6,2026-06-13 19:20:00,2974346
94.4,40.6,100.8,66.8,2026-06-13 19:30:00,2974346
94.4,40.5,100.8,66.6,2026-06-13 19:40:00,2974346
93.2,41.6,99.1,66.4,2026-06-13 19:50:00,2974346
92.4,42.0,97.7,66.0,2026-06-13 20:00:00,2974346
91.8,42.4,96.8,65.7,2026-06-13 20:10:00,2974346
91.3,43.2,96.1,65.8,2026-06-13 20:20:00,2974346
90.7,44.0,95.5,65.8,2026-06-13 20:30:00,2974346
90.1,45.0,94.5,65.9,2026-06-13 20:40:00,2974346
89.6,45.8,94.1,66.0,2026-06-13 20:50:00,2974346
88.9,48.4,93.9,66.9,2026-06-13 21:00:00,2974346
85.7,52.8,89.6,66.5,2026-06-13 21:10:00,2974346
83.4,59.0,86.9,67.6,2026-06-13 21:20:00,2974346
82.1,61.4,85.1,67.5,2026-06-13 21:30:00,2974346
81.2,61.7,83.7,66.8,2026-06-13 21:40:00,2974346
81.1,62.1,83.5,66.8,2026-06-13 21:50:00,2974346
80.5,63.5,82.9,67.0,2026-06-13 22:00:00,2974346
79.4,65.8,81.7,67.0,2026-06-13 22:10:00,2974346
78.7,67.5,81.0,67.0,2026-06-13 22:20:00,2974346
78.6,68.0,80.6,67.2,2026-06-13 22:30:00,2974346
78.7,67.7,81.0,67.1,2026-06-13 22:40:00,2974346
78.6,67.4,80.8,66.9,2026-06-13 22:50:00,2974346
78.5,67.8,80.6,67.0,2026-06-13 23:00:00,2974346
78.3,68.2,80.4,66.9,2026-06-13 23:10:00,2974346
78.3,68.4,80.4,67.1,2026-06-13 23:20:00,2974346
78.3,68.3,80.4,67.0,2026-06-13 23:30:00,2974346
78.4,68.2,80.4,67.0,2026-06-13 23:40:00,2974346
78.5,68.1,80.6,67.1,2026-06-13 23:50:00,2974346
78.3,68.4,80.4,67.1,2026-06-14 00:00:00,2974346
78.2,68.6,80.1,67.0,2026-06-14 00:10:00,2974346
78.3,68.7,80.4,67.2,2026-06-14 00:20:00,2974346
78.1,69.1,80.2,67.1,2026-06-14 00:30:00,2974346
78.1,69.3,80.2,67.2,2026-06-14 00:40:00,2974346
77.9,69.4,79.9,67.1,2026-06-14 00:50:00,2974346
77.7,70.0,79.7,67.2,2026-06-14 01:00:00,2974346
77.7,70.3,79.3,67.2,2026-06-14 01:10:00,2974346
77.5,70.5,79.0,67.1,2026-06-14 01:20:00,2974346
77.6,71.1,79.5,67.5,2026-06-14 01:30:00,2974346
77.7,71.0,79.9,67.6,2026-06-14 01:40:00,2974346
77.4,72.1,79.3,67.7,2026-06-14 01:50:00,2974346
76.9,73.5,78.6,67.8,2026-06-14 02:00:00,2974346
76.5,74.6,78.1,67.8,2026-06-14 02:10:00,2974346
76.1,75.7,77.7,67.9,2026-06-14 02:20:00,2974346
75.9,76.0,77.5,67.8,2026-06-14 02:30:00,2974346
75.8,76.5,77.5,67.9,2026-06-14 02:40:00,2974346
75.7,76.9,77.4,67.9,2026-06-14 02:50:00,2974346
75.5,77.3,77.2,67.9,2026-06-14 03:00:00,2974346
75.3,78.0,77.0,68.0,2026-06-14 03:10:00,2974346
75.1,78.7,76.8,68.1,2026-06-14 03:20:00,2974346
74.9,79.2,76.8,68.1,2026-06-14 03:30:00,2974346
99.1,26.9,101.1,59.1,2026-05-28 15:30:00,2962354
93.7,35.5,96.8,62.3,2026-05-28 15:40:00,2962354
93.2,36.7,96.8,62.8,2026-05-28 15:50:00,2962354
92.9,35.6,95.5,61.7,2026-05-28 16:00:00,2962354
91.2,36.4,93.2,60.9,2026-05-28 16:10:00,2962354
94.8,36.1,99.5,63.8,2026-05-28 16:20:00,2962354
92.2,34.6,93.9,60.3,2026-05-28 16:30:00,2962354
93.4,37.2,97.0,63.3,2026-05-28 16:40:00,2962354
93.0,36.2,96.3,62.3,2026-05-28 16:50:00,2962354
92.1,37.6,95.2,62.5,2026-05-28 17:00:00,2962354
90.9,38.5,93.6,62.2,2026-05-28 17:10:00,2962354
89.9,38.4,91.8,61.1,2026-05-28 17:20:00,2962354
89.9,38.0,91.6,60.9,2026-05-28 17:30:00,2962354
89.6,39.3,91.6,61.6,2026-05-28 17:40:00,2962354
89.2,40.9,91.2,62.3,2026-05-28 17:50:00,2962354
88.3,40.4,89.4,61.2,2026-05-28 18:00:00,2962354
88.8,41.8,91.0,62.6,2026-05-28 18:10:00,2962354
88.4,41.2,90.1,61.8,2026-05-28 18:20:00,2962354
87.9,41.9,89.4,61.9,2026-05-28 18:30:00,2962354
87.1,42.1,88.3,61.3,2026-05-28 18:40:00,2962354
87.0,43.5,88.5,62.2,2026-05-28 18:50:00,2962354
87.2,43.5,88.9,62.3,2026-05-28 19:00:00,2962354
86.6,42.9,87.8,61.4,2026-05-28 19:10:00,2962354
86.3,44.4,87.6,62.1,2026-05-28 19:20:00,2962354
86.4,44.4,88.0,62.2,2026-05-28 19:30:00,2962354
86.0,45.7,87.4,62.6,2026-05-28 19:40:00,2962354
85.1,46.6,86.7,62.4,2026-05-28 19:50:00,2962354
84.9,47.3,86.4,62.6,2026-05-28 20:00:00,2962354
84.3,48.6,85.8,62.8,2026-05-28 20:10:00,2962354
83.8,49.8,85.1,63.1,2026-05-28 20:20:00,2962354
83.0,51.3,84.4,63.2,2026-05-28 20:30:00,2962354
82.5,52.1,83.5,63.1,2026-05-28 20:40:00,2962354
82.1,53.2,83.1,63.4,2026-05-28 20:50:00,2962354
81.6,54.2,82.6,63.5,2026-05-28 21:00:00,2962354
81.5,54.6,82.8,63.6,2026-05-28 21:10:00,2962354
81.3,55.3,82.4,63.7,2026-05-28 21:20:00,2962354
81.1,55.2,82.2,63.5,2026-05-28 21:30:00,2962354
81.0,55.3,82.2,63.5,2026-05-28 21:40:00,2962354
81.0,53.8,81.9,62.7,2026-05-28 21:50:00,2962354
80.6,53.9,81.3,62.4,2026-05-28 22:00:00,2962354
80.2,53.9,80.6,62.0,2026-05-28 22:10:00,2962354
79.8,54.8,80.2,62.1,2026-05-28 22:20:00,2962354
79.7,53.8,80.1,61.5,2026-05-28 22:30:00,2962354
79.5,53.2,79.5,61.0,2026-05-28 22:40:00,2962354
79.1,52.6,79.0,60.3,2026-05-28 22:50:00,2962354
78.6,53.3,78.4,60.2,2026-05-28 23:00:00,2962354
78.1,54.5,77.9,60.4,2026-05-28 23:10:00,2962354
77.8,53.7,77.4,59.7,2026-05-28 23:20:00,2962354
77.4,53.6,76.8,59.2,2026-05-28 23:30:00,2962354
77.0,53.7,76.5,58.9,2026-05-28 23:40:00,2962354
76.8,53.3,75.7,58.5,2026-05-28 23:50:00,2962354
76.4,53.7,75.6,58.4,2026-05-29 00:00:00,2962354
76.1,53.6,75.4,58.1,2026-05-29 00:10:00,2962354
75.7,54.3,74.8,58.0,2026-05-29 00:20:00,2962354
75.4,54.4,74.7,57.8,2026-05-29 00:30:00,2962354
75.0,54.6,74.1,57.5,2026-05-29 00:40:00,2962354
74.7,54.9,73.9,57.4,2026-05-29 00:50:00,2962354
74.4,55.6,73.8,57.5,2026-05-29 01:00:00,2962354
74.2,55.7,73.6,57.3,2026-05-29 01:10:00,2962354
73.9,55.3,73.2,56.8,2026-05-29 01:20:00,2962354
73.7,55.5,73.2,56.8,2026-05-29 01:30:00,2962354
73.5,54.9,72.9,56.3,2026-05-29 01:40:00,2962354
73.5,55.9,73.0,56.8,2026-05-29 01:50:00,2962354
73.2,56.0,72.9,56.6,2026-05-29 02:00:00,2962354
73.0,56.3,72.5,56.5,2026-05-29 02:10:00,2962354
72.3,57.4,71.8,56.4,2026-05-29 02:20:00,2962354
71.7,58.0,71.4,56.2,2026-05-29 02:30:00,2962354
71.5,58.3,71.2,56.0,2026-05-29 02:40:00,2962354
71.2,58.7,70.9,56.0,2026-05-29 02:50:00,2962354
70.8,58.3,70.7,55.5,2026-05-29 03:00:00,2962354
70.3,59.6,69.8,55.6,2026-05-29 03:10:00,2962354
69.9,59.8,69.3,55.2,2026-05-29 03:20:00,2962354
69.5,60.7,69.1,55.3,2026-05-29 03:30:00,2962354
69.1,61.0,68.5,55.1,2026-05-29 03:40:00,2962354
69.1,61.3,68.2,55.2,2026-05-29 03:50:00,2962354
68.9,61.5,68.2,55.1,2026-05-29 04:00:00,2962354
68.4,62.6,67.6,55.1,2026-05-29 04:10:00,2962354
68.0,63.4,66.9,55.1,2026-05-29 04:20:00,2962354
67.7,63.7,66.7,55.0,2026-05-29 04:30:00,2962354
67.2,64.3,66.0,54.8,2026-05-29 04:40:00,2962354
67.3,64.1,66.2,54.8,2026-05-29 04:50:00,2962354
67.0,63.3,65.7,54.2,2026-05-29 05:00:00,2962354
67.0,63.7,65.7,54.3,2026-05-29 05:10:00,2962354
66.7,64.3,65.3,54.3,2026-05-29 05:20:00,2962354
66.6,64.8,65.3,54.4,2026-05-29 05:30:00,2962354
66.1,65.1,64.6,54.1,2026-05-29 05:40:00,2962354
65.8,65.9,64.2,54.1,2026-05-29 05:50:00,2962354
65.6,66.5,64.0,54.1,2026-05-29 06:00:00,2962354
65.4,66.2,63.7,53.9,2026-05-29 06:10:00,2962354
65.7,64.9,64.0,53.6,2026-05-29 06:20:00,2962354
65.9,63.7,64.2,53.2,2026-05-29 06:30:00,2962354
68.2,62.4,67.3,54.8,2026-05-29 06:40:00,2962354
68.7,60.0,67.8,54.3,2026-05-29 06:50:00,2962354
69.9,58.9,69.3,54.8,2026-05-29 07:00:00,2962354
70.3,56.9,69.6,54.2,2026-05-29 07:10:00,2962354
70.4,55.4,70.0,53.6,2026-05-29 07:20:00,2962354
71.4,53.9,70.7,53.8,2026-05-29 07:30:00,2962354
71.7,53.1,71.1,53.7,2026-05-29 07:40:00,2962354
71.5,52.1,70.7,53.0,2026-05-29 07:50:00,2962354
72.8,50.7,71.8,53.5,2026-05-29 08:00:00,2962354
73.3,50.0,72.1,53.5,2026-05-29 08:10:00,2962354
74.3,49.5,73.2,54.2,2026-05-29 08:20:00,2962354
73.8,49.9,72.7,53.9,2026-05-29 08:30:00,2962354
73.9,49.7,72.7,54.0,2026-05-29 08:40:00,2962354
75.2,49.6,73.8,55.1,2026-05-29 08:50:00,2962354
75.8,47.8,74.3,54.6,2026-05-29 09:00:00,2962354
75.1,46.5,73.6,53.3,2026-05-29 09:10:00,2962354
75.7,47.5,74.1,54.4,2026-05-29 09:20:00,2962354
77.4,45.8,75.9,54.8,2026-05-29 09:30:00,2962354
78.3,45.2,77.0,55.4,2026-05-29 09:40:00,2962354
77.6,43.7,75.9,53.8,2026-05-29 09:50:00,2962354
77.7,44.0,76.1,54.1,2026-05-29 10:00:00,2962354
79.1,43.5,77.5,55.0,2026-05-29 10:10:00,2962354
79.5,42.7,77.9,54.9,2026-05-29 10:20:00,2962354
79.3,41.9,77.5,54.1,2026-05-29 10:30:00,2962354
81.2,42.1,79.9,56.0,2026-05-29 10:40:00,2962354
81.2,41.9,79.9,55.9,2026-05-29 10:50:00,2962354
81.5,40.1,80.1,54.9,2026-05-29 11:00:00,2962354
80.4,40.7,78.8,54.4,2026-05-29 11:10:00,2962354
81.2,39.3,79.5,54.1,2026-05-29 11:20:00,2962354
81.3,39.6,79.5,54.4,2026-05-29 11:30:00,2962354
80.7,39.9,78.8,54.1,2026-05-29 11:40:00,2962354
82.5,38.2,80.8,54.4,2026-05-29 11:50:00,2962354
82.7,38.2,81.0,54.6,2026-05-29 12:00:00,2962354
81.8,36.7,79.5,52.8,2026-05-29 12:10:00,2962354
79.6,37.9,77.4,51.7,2026-05-29 12:20:00,2962354
81.5,37.6,79.5,53.2,2026-05-29 12:30:00,2962354
83.9,37.6,82.6,55.3,2026-05-29 12:40:00,2962354
83.7,36.4,82.0,54.2,2026-05-29 12:50:00,2962354
85.6,36.6,84.6,56.0,2026-05-29 13:00:00,2962354
84.3,37.2,83.1,55.4,2026-05-29 13:10:00,2962354
85.1,37.3,84.4,56.1,2026-05-29 13:20:00,2962354
85.8,34.8,84.6,54.8,2026-05-29 13:30:00,2962354
85.0,35.8,83.7,54.9,2026-05-29 13:40:00,2962354
83.4,35.6,81.5,53.3,2026-05-29 13:50:00,2962354
87.6,34.7,86.7,56.3,2026-05-29 14:00:00,2962354
85.6,35.6,84.4,55.3,2026-05-29 14:10:00,2962354
87.0,34.6,86.0,55.7,2026-05-29 14:20:00,2962354
86.4,34.6,85.3,55.2,2026-05-29 14:30:00,2962354
87.7,35.2,87.1,56.8,2026-05-29 14:40:00,2962354
88.3,34.1,87.6,56.4,2026-05-29 14:50:00,2962354
87.6,34.8,86.7,56.4,2026-05-29 15:00:00,2962354
86.1,34.7,84.7,55.0,2026-05-29 15:10:00,2962354
88.6,34.8,88.3,57.3,2026-05-29 15:20:00,2962354
87.0,34.7,86.0,55.9,2026-05-29 15:30:00,2962354
87.5,35.4,86.9,56.8,2026-05-29 15:40:00,2962354
89.0,34.5,88.7,57.4,2026-05-29 15:50:00,2962354
87.0,35.0,86.2,56.0,2026-05-29 16:00:00,2962354
87.2,35.5,86.5,56.6,2026-05-29 16:10:00,2962354
87.2,35.2,86.5,56.4,2026-05-29 16:20:00,2962354
88.4,36.2,88.5,58.2,2026-05-29 16:30:00,2962354
88.5,36.5,88.7,58.5,2026-05-29 16:40:00,2962354
87.3,36.2,86.9,57.3,2026-05-29 16:50:00,2962354
87.2,36.2,86.7,57.2,2026-05-29 17:00:00,2962354
85.1,39.1,84.7,57.5,2026-05-29 17:10:00,2962354
84.8,38.9,84.2,57.1,2026-05-29 17:20:00,2962354
84.4,41.2,84.2,58.2,2026-05-29 17:30:00,2962354
84.7,39.4,84.0,57.3,2026-05-29 17:40:00,2962354
83.9,40.6,83.3,57.4,2026-05-29 17:50:00,2962354
84.6,40.9,84.4,58.2,2026-05-29 18:00:00,2962354
83.9,40.0,83.1,57.0,2026-05-29 18:10:00,2962354
84.0,40.8,83.5,57.7,2026-05-29 18:20:00,2962354
83.6,41.1,82.9,57.5,2026-05-29 18:30:00,2962354
83.0,41.9,82.2,57.5,2026-05-29 18:40:00,2962354
82.9,42.7,82.0,57.9,2026-05-29 18:50:00,2962354
82.5,43.2,81.7,57.8,2026-05-29 19:00:00,2962354
82.0,44.0,81.3,58.0,2026-05-29 19:10:00,2962354
81.8,43.8,80.8,57.6,2026-05-29 19:20:00,2962354
81.8,44.7,81.0,58.2,2026-05-29 19:30:00,2962354
81.2,45.8,80.4,58.3,2026-05-29 19:40:00,2962354
80.6,47.5,80.2,58.8,2026-05-29 19:50:00,2962354
80.1,48.3,79.5,58.8,2026-05-29 20:00:00,2962354
79.4,49.7,79.0,58.9,2026-05-29 20:10:00,2962354
78.6,51.3,77.9,59.1,2026-05-29 20:20:00,2962354
77.8,52.9,77.2,59.2,2026-05-29 20:30:00,2962354
77.2,54.5,76.6,59.5,2026-05-29 20:40:00,2962354
76.6,55.5,76.1,59.5,2026-05-29 20:50:00,2962354
76.2,56.4,75.6,59.5,2026-05-29 21:00:00,2962354
75.7,57.6,75.2,59.7,2026-05-29 21:10:00,2962354
75.5,58.4,75.0,59.8,2026-05-29 21:20:00,2962354
75.3,59.7,75.0,60.3,2026-05-29 21:30:00,2962354
74.8,60.8,74.7,60.4,2026-05-29 21:40:00,2962354
74.6,61.4,74.5,60.4,2026-05-29 21:50:00,2962354
74.2,62.3,74.3,60.5,2026-05-29 22:00:00,2962354
73.9,63.2,74.1,60.6,2026-05-29 22:10:00,2962354
73.8,63.5,74.1,60.6,2026-05-29 22:20:00,2962354
73.8,63.7,74.1,60.7,2026-05-29 22:30:00,2962354
73.4,64.6,73.8,60.7,2026-05-29 22:40:00,2962354
73.2,65.7,73.4,61.0,2026-05-29 22:50:00,2962354
73.0,66.4,73.4,61.1,2026-05-29 23:00:00,2962354
73.0,66.8,73.4,61.3,2026-05-29 23:10:00,2962354
72.8,67.4,73.2,61.4,2026-05-29 23:20:00,2962354
72.8,67.2,73.2,61.3,2026-05-29 23:30:00,2962354
72.8,68.3,73.2,61.7,2026-05-29 23:40:00,2962354
72.9,66.8,73.4,61.2,2026-05-29 23:50:00,2962354
73.1,67.2,73.6,61.6,2026-05-30 00:00:00,2962354
73.5,67.8,73.9,62.2,2026-05-30 00:10:00,2962354
73.8,68.4,74.5,62.7,2026-05-30 00:20:00,2962354
73.9,68.9,74.5,63.1,2026-05-30 00:30:00,2962354
73.9,69.5,74.7,63.3,2026-05-30 00:40:00,2962354
73.8,70.2,74.7,63.5,2026-05-30 00:50:00,2962354
73.7,70.9,74.5,63.7,2026-05-30 01:00:00,2962354
73.7,71.7,74.5,64.0,2026-05-30 01:10:00,2962354
73.6,72.5,74.7,64.2,2026-05-30 01:20:00,2962354
73.5,73.4,74.5,64.5,2026-05-30 01:30:00,2962354
73.5,74.0,74.5,64.7,2026-05-30 01:40:00,2962354
73.2,74.7,74.3,64.7,2026-05-30 01:50:00,2962354
73.1,75.5,74.3,64.9,2026-05-30 02:00:00,2962354
72.9,76.3,74.1,65.0,2026-05-30 02:10:00,2962354
72.6,77.2,73.8,65.1,2026-05-30 02:20:00,2962354
72.5,78.0,73.6,65.2,2026-05-30 02:30:00,2962354
72.3,78.8,73.4,65.3,2026-05-30 02:40:00,2962354
72.1,79.4,73.6,65.4,2026-05-30 02:50:00,2962354
72.0,80.3,73.4,65.6,2026-05-30 03:00:00,2962354
71.9,80.9,73.2,65.7,2026-05-30 03:10:00,2962354
71.7,81.6,73.0,65.8,2026-05-30 03:20:00,2962354
71.5,82.3,72.9,65.8,2026-05-30 03:30:00,2962354
71.4,82.9,72.7,65.9,2026-05-30 03:40:00,2962354
71.3,83.6,72.7,66.1,2026-05-30 03:50:00,2962354
71.2,84.2,72.5,66.1,2026-05-30 04:00:00,2962354
71.1,84.7,72.5,66.3,2026-05-30 04:10:00,2962354
71.1,85.2,72.5,66.4,2026-05-30 04:20:00,2962354
71.0,85.5,72.3,66.4,2026-05-30 04:30:00,2962354
70.9,86.1,72.3,66.5,2026-05-30 04:40:00,2962354
70.9,86.5,72.5,66.7,2026-05-30 04:50:00,2962354
70.9,86.8,72.5,66.8,2026-05-30 05:00:00,2962354
70.8,87.1,72.3,66.8,2026-05-30 05:10:00,2962354
70.7,87.5,72.3,66.8,2026-05-30 05:20:00,2962354
70.6,87.8,72.0,66.8,2026-05-30 05:30:00,2962354
70.6,88.1,72.0,66.9,2026-05-30 05:40:00,2962354
70.4,88.3,71.8,66.8,2026-05-30 05:50:00,2962354
70.3,88.7,71.6,66.8,2026-05-30 06:00:00,2962354
70.4,88.9,71.8,66.9,2026-05-30 06:10:00,2962354
70.5,89.2,71.8,67.1,2026-05-30 06:20:00,2962354
70.9,89.0,72.5,67.5,2026-05-30 06:30:00,2962354
72.3,87.9,74.1,68.5,2026-05-30 06:40:00,2962354
74.4,85.2,76.6,69.7,2026-05-30 06:50:00,2962354
73.7,83.7,75.7,68.5,2026-05-30 07:00:00,2962354
74.3,83.8,76.3,69.0,2026-05-30 07:10:00,2962354
74.1,83.3,76.1,68.7,2026-05-30 07:20:00,2962354
75.5,82.4,77.7,69.8,2026-05-30 07:30:00,2962354
76.4,80.9,78.6,70.1,2026-05-30 07:40:00,2962354
76.8,79.1,79.3,69.9,2026-05-30 07:50:00,2962354
77.1,77.2,79.3,69.4,2026-05-30 08:00:00,2962354
79.5,75.2,83.7,71.0,2026-05-30 08:10:00,2962354
80.7,73.5,85.5,71.4,2026-05-30 08:20:00,2962354
80.4,67.9,83.7,68.8,2026-05-30 08:30:00,2962354
79.6,66.2,82.2,67.4,2026-05-30 08:40:00,2962354
82.8,59.4,86.0,67.2,2026-05-30 08:50:00,2962354
82.4,56.8,84.4,65.5,2026-05-30 09:00:00,2962354
78.1,52.1,77.7,59.1,2026-05-30 09:10:00,2962354
79.4,47.4,78.6,57.6,2026-05-30 09:20:00,2962354
81.0,44.9,80.1,57.6,2026-05-30 09:30:00,2962354
82.2,46.7,81.7,59.7,2026-05-30 09:40:00,2962354
83.2,47.1,83.7,60.9,2026-05-30 09:50:00,2962354
82.6,43.8,82.0,58.4,2026-05-30 10:00:00,2962354
82.2,41.6,80.8,56.6,2026-05-30 10:10:00,2962354
85.1,36.4,83.8,55.5,2026-05-30 10:20:00,2962354
86.4,34.9,85.3,55.4,2026-05-30 10:30:00,2962354
85.3,35.3,83.8,54.8,2026-05-30 10:40:00,2962354
84.8,35.5,83.3,54.5,2026-05-30 10:50:00,2962354
84.2,34.0,82.0,52.8,2026-05-30 11:00:00,2962354
83.9,31.2,81.1,50.2,2026-05-30 11:10:00,2962354
84.8,28.7,81.9,48.7,2026-05-30 11:20:00,2962354
84.6,28.2,81.5,48.1,2026-05-30 11:30:00,2962354
85.7,31.5,83.5,52.0,2026-05-30 11:40:00,2962354
85.7,30.3,83.3,51.0,2026-05-30 11:50:00,2962354
85.7,28.5,82.9,49.4,2026-05-30 12:00:00,2962354
86.4,30.8,84.2,52.0,2026-05-30 12:10:00,2962354
85.4,26.0,82.0,46.6,2026-05-30 12:20:00,2962354
85.7,25.4,82.2,46.3,2026-05-30 12:30:00,2962354
87.5,26.7,84.7,49.2,2026-05-30 12:40:00,2962354
88.3,25.7,85.3,48.7,2026-05-30 12:50:00,2962354
87.9,25.4,84.7,48.1,2026-05-30 13:00:00,2962354
89.8,24.7,87.3,49.0,2026-05-30 13:10:00,2962354
88.5,25.5,85.5,48.8,2026-05-30 13:20:00,2962354
89.4,23.4,86.2,47.2,2026-05-30 13:30:00,2962354
88.8,21.6,85.1,44.6,2026-05-30 13:40:00,2962354
88.8,24.1,85.6,47.4,2026-05-30 13:50:00,2962354
90.6,22.2,87.4,46.8,2026-05-30 14:00:00,2962354
89.2,23.6,86.0,47.2,2026-05-30 14:10:00,2962354
89.7,22.0,86.2,45.8,2026-05-30 14:20:00,2962354
89.7,19.3,85.6,42.3,2026-05-30 14:30:00,2962354
91.1,19.3,87.3,43.5,2026-05-30 14:40:00,2962354
90.5,20.4,86.7,44.5,2026-05-30 14:50:00,2962354
94.0,19.1,90.7,45.6,2026-05-30 15:00:00,2962354
93.6,21.1,90.9,47.9,2026-05-30 15:10:00,2962354
92.8,19.4,89.2,45.0,2026-05-30 15:20:00,2962354
91.8,21.4,88.7,46.8,2026-05-30 15:30:00,2962354
91.6,22.2,88.9,47.6,2026-05-30 15:40:00,2962354
90.6,21.4,87.3,45.8,2026-05-30 15:50:00,2962354
92.9,22.1,90.3,48.6,2026-05-30 16:00:00,2962354
91.6,20.9,88.3,46.0,2026-05-30 16:10:00,2962354
89.9,22.3,86.5,46.3,2026-05-30 16:20:00,2962354
91.2,26.5,89.6,52.1,2026-05-30 16:30:00,2962354
91.7,25.9,90.0,51.9,2026-05-30 16:40:00,2962354
88.0,24.5,84.9,47.2,2026-05-30 16:50:00,2962354
87.2,25.7,84.0,47.8,2026-05-30 17:00:00,2962354
87.1,26.0,84.2,48.1,2026-05-30 17:10:00,2962354
87.6,25.1,84.6,47.5,2026-05-30 17:20:00,2962354
87.0,25.1,83.8,47.0,2026-05-30 17:30:00,2962354
86.6,27.3,83.7,48.9,2026-05-30 17:40:00,2962354
87.3,27.8,84.7,50.0,2026-05-30 17:50:00,2962354
87.6,28.3,85.1,50.7,2026-05-30 18:00:00,2962354
86.7,28.4,84.2,50.1,2026-05-30 18:10:00,2962354
85.0,30.3,82.4,50.4,2026-05-30 18:20:00,2962354
84.6,31.7,82.2,51.2,2026-05-30 18:30:00,2962354
83.3,32.7,80.8,50.9,2026-05-30 18:40:00,2962354
83.2,32.9,80.6,51.0,2026-05-30 18:50:00,2962354
83.2,33.0,80.6,51.1,2026-05-30 19:00:00,2962354
82.6,32.2,79.9,50.0,2026-05-30 19:10:00,2962354
82.0,31.8,78.8,49.1,2026-05-30 19:20:00,2962354
81.6,32.4,78.6,49.3,2026-05-30 19:30:00,2962354
81.3,33.3,78.4,49.7,2026-05-30 19:40:00,2962354
81.1,33.9,78.3,50.0,2026-05-30 19:50:00,2962354
80.8,34.7,78.3,50.4,2026-05-30 20:00:00,2962354
80.4,35.0,77.5,50.2,2026-05-30 20:10:00,2962354
79.9,35.2,77.2,50.0,2026-05-30 20:20:00,2962354
79.2,36.5,76.6,50.3,2026-05-30 20:30:00,2962354
78.5,37.3,76.1,50.3,2026-05-30 20:40:00,2962354
78.2,38.0,75.7,50.6,2026-05-30 20:50:00,2962354
77.7,38.8,75.4,50.7,2026-05-30 21:00:00,2962354
77.2,39.8,74.8,50.9,2026-05-30 21:10:00,2962354
77.3,39.9,74.8,51.0,2026-05-30 21:20:00,2962354
77.3,41.0,75.0,51.7,2026-05-30 21:30:00,2962354
77.2,35.3,74.5,47.6,2026-05-30 21:40:00,2962354
76.6,33.8,73.6,46.0,2026-05-30 21:50:00,2962354
76.2,33.6,73.2,45.6,2026-05-30 22:00:00,2962354
75.7,34.7,72.7,46.0,2026-05-30 22:10:00,2962354
75.4,37.1,72.9,47.4,2026-05-30 22:20:00,2962354
74.5,45.5,73.0,52.1,2026-05-30 22:30:00,2962354
73.7,52.6,72.9,55.3,2026-05-30 22:40:00,2962354
72.9,55.7,72.5,56.1,2026-05-30 22:50:00,2962354
72.2,58.3,72.0,56.7,2026-05-30 23:00:00,2962354
71.6,55.7,71.2,54.9,2026-05-30 23:10:00,2962354
71.1,51.1,70.3,52.1,2026-05-30 23:20:00,2962354
70.5,51.5,69.8,51.8,2026-05-30 23:30:00,2962354
70.1,52.6,69.3,51.9,2026-05-30 23:40:00,2962354
69.4,51.8,68.0,50.9,2026-05-30 23:50:00,2962354
68.7,52.8,67.1,50.8,2026-05-31 00:00:00,2962354
68.3,53.4,66.6,50.7,2026-05-31 00:10:00,2962354
67.7,54.6,66.0,50.8,2026-05-31 00:20:00,2962354
67.2,55.6,65.3,50.7,2026-05-31 00:30:00,2962354
66.6,63.3,65.1,53.8,2026-05-31 00:40:00,2962354
66.1,64.6,64.6,53.9,2026-05-31 00:50:00,2962354
65.9,65.3,64.2,53.9,2026-05-31 01:00:00,2962354
65.6,64.3,63.9,53.2,2026-05-31 01:10:00,2962354
65.4,60.2,63.1,51.3,2026-05-31 01:20:00,2962354
65.2,60.9,63.0,51.4,2026-05-31 01:30:00,2962354
64.9,62.3,63.0,51.7,2026-05-31 01:40:00,2962354
64.1,64.6,62.2,52.0,2026-05-31 01:50:00,2962354
63.9,64.6,62.1,51.7,2026-05-31 02:00:00,2962354
63.4,64.9,61.5,51.4,2026-05-31 02:10:00,2962354
63.1,62.5,61.0,50.1,2026-05-31 02:20:00,2962354
63.0,60.0,60.6,48.9,2026-05-31 02:30:00,2962354
62.9,60.6,60.6,49.1,2026-05-31 02:40:00,2962354
62.6,61.2,60.4,49.1,2026-05-31 02:50:00,2962354
62.4,61.9,60.1,49.1,2026-05-31 03:00:00,2962354
62.3,62.3,60.3,49.2,2026-05-31 03:10:00,2962354
62.2,62.7,60.1,49.4,2026-05-31 03:20:00,2962354
62.2,63.4,60.1,49.6,2026-05-31 03:30:00,2962354
62.0,63.4,60.1,49.4,2026-05-31 03:40:00,2962354
61.8,63.4,59.9,49.2,2026-05-31 03:50:00,2962354
61.6,63.8,59.7,49.2,2026-05-31 04:00:00,2962354
61.4,64.1,59.7,49.1,2026-05-31 04:10:00,2962354
61.1,64.6,59.4,49.1,2026-05-31 04:20:00,2962354
60.9,64.9,59.2,49.0,2026-05-31 04:30:00,2962354
60.6,65.3,58.8,48.9,2026-05-31 04:40:00,2962354
60.4,65.7,58.6,48.9,2026-05-31 04:50:00,2962354
60.3,66.6,58.8,49.1,2026-05-31 05:00:00,2962354
60.2,66.8,58.6,49.2,2026-05-31 05:10:00,2962354
59.9,66.9,58.5,48.9,2026-05-31 05:20:00,2962354
59.6,67.4,58.1,48.8,2026-05-31 05:30:00,2962354
59.4,67.9,58.1,48.8,2026-05-31 05:40:00,2962354
59.3,68.6,57.9,48.9,2026-05-31 05:50:00,2962354
59.2,69.1,57.9,49.1,2026-05-31 06:00:00,2962354
59.1,69.9,57.9,49.3,2026-05-31 06:10:00,2962354
59.2,70.3,58.1,49.5,2026-05-31 06:20:00,2962354
59.5,70.3,58.3,49.8,2026-05-31 06:30:00,2962354
60.9,69.4,59.5,50.8,2026-05-31 06:40:00,2962354
62.0,66.6,60.3,50.8,2026-05-31 06:50:00,2962354
63.1,65.4,61.2,51.3,2026-05-31 07:00:00,2962354
64.6,63.9,62.8,52.2,2026-05-31 07:10:00,2962354
65.0,61.8,62.8,51.6,2026-05-31 07:20:00,2962354
66.1,61.1,64.2,52.3,2026-05-31 07:30:00,2962354
66.1,59.9,64.0,51.7,2026-05-31 07:40:00,2962354
66.3,58.4,64.2,51.3,2026-05-31 07:50:00,2962354
67.0,58.6,65.3,52.1,2026-05-31 08:00:00,2962354
67.5,57.6,66.0,52.0,2026-05-31 08:10:00,2962354
67.7,56.7,66.2,51.8,2026-05-31 08:20:00,2962354
67.7,56.6,66.2,51.7,2026-05-31 08:30:00,2962354
68.7,54.2,67.1,51.5,2026-05-31 08:40:00,2962354
69.8,51.7,68.7,51.2,2026-05-31 08:50:00,2962354
68.7,51.5,67.3,50.1,2026-05-31 09:00:00,2962354
69.1,49.6,67.6,49.5,2026-05-31 09:10:00,2962354
71.3,48.0,70.3,50.6,2026-05-31 09:20:00,2962354
72.5,46.6,71.1,50.8,2026-05-31 09:30:00,2962354
73.1,44.8,71.6,50.4,2026-05-31 09:40:00,2962354
72.2,45.6,71.1,50.0,2026-05-31 09:50:00,2962354
70.9,43.8,69.6,47.8,2026-05-31 10:00:00,2962354
73.3,43.4,71.6,49.7,2026-05-31 10:10:00,2962354
72.0,40.8,70.3,46.9,2026-05-31 10:20:00,2962354
74.0,42.3,72.1,49.6,2026-05-31 10:30:00,2962354
75.7,41.6,73.4,50.8,2026-05-31 10:40:00,2962354
74.2,41.2,72.3,49.1,2026-05-31 10:50:00,2962354
76.4,41.3,74.1,51.2,2026-05-31 11:00:00,2962354
76.5,38.5,74.1,49.4,2026-05-31 11:10:00,2962354
75.4,37.9,72.9,48.0,2026-05-31 11:20:00,2962354
72.8,38.2,70.7,45.9,2026-05-31 11:30:00,2962354
76.1,40.0,73.8,50.0,2026-05-31 11:40:00,2962354
77.5,36.9,74.8,49.1,2026-05-31 11:50:00,2962354
79.1,37.2,76.6,50.7,2026-05-31 12:00:00,2962354
77.5,37.5,74.8,49.5,2026-05-31 12:10:00,2962354
77.0,36.6,74.1,48.4,2026-05-31 12:20:00,2962354
77.6,36.5,74.8,48.9,2026-05-31 12:30:00,2962354
78.0,36.3,75.4,49.1,2026-05-31 12:40:00,2962354
77.0,36.2,74.3,48.2,2026-05-31 12:50:00,2962354
78.1,35.8,75.4,48.8,2026-05-31 13:00:00,2962354
77.6,35.1,74.8,47.9,2026-05-31 13:10:00,2962354
78.6,34.8,75.7,48.5,2026-05-31 13:20:00,2962354
78.5,35.0,75.7,48.6,2026-05-31 13:30:00,2962354
79.5,35.0,76.6,49.4,2026-05-31 13:40:00,2962354
79.4,35.2,76.8,49.5,2026-05-31 13:50:00,2962354
81.5,35.3,79.2,51.4,2026-05-31 14:00:00,2962354
81.0,33.8,78.3,49.9,2026-05-31 14:10:00,2962354
81.8,33.3,79.0,50.1,2026-05-31 14:20:00,2962354
81.9,35.0,79.3,51.5,2026-05-31 14:30:00,2962354
82.2,35.2,80.1,52.1,2026-05-31 14:40:00,2962354
82.9,33.6,80.2,51.4,2026-05-31 14:50:00,2962354
83.4,34.2,81.1,52.3,2026-05-31 15:00:00,2962354
83.2,33.8,80.8,51.8,2026-05-31 15:10:00,2962354
82.6,32.7,79.9,50.4,2026-05-31 15:20:00,2962354
82.2,33.5,79.3,50.6,2026-05-31 15:30:00,2962354
82.0,34.2,79.3,51.0,2026-05-31 15:40:00,2962354
82.5,34.5,80.1,51.7,2026-05-31 15:50:00,2962354
83.1,35.5,81.1,53.1,2026-05-31 16:00:00,2962354
82.7,34.1,80.2,51.6,2026-05-31 16:10:00,2962354
82.0,34.7,79.3,51.4,2026-05-31 16:20:00,2962354
80.9,37.1,78.8,52.3,2026-05-31 16:30:00,2962354
81.8,36.9,79.5,53.0,2026-05-31 16:40:00,2962354
81.8,37.0,79.5,53.0,2026-05-31 16:50:00,2962354
79.9,37.7,77.7,51.9,2026-05-31 17:00:00,2962354
80.1,38.3,78.1,52.4,2026-05-31 17:10:00,2962354
79.8,39.2,77.7,52.8,2026-05-31 17:20:00,2962354
79.2,38.7,77.0,51.9,2026-05-31 17:30:00,2962354
79.7,38.8,77.5,52.4,2026-05-31 17:40:00,2962354
79.4,39.6,77.4,52.7,2026-05-31 17:50:00,2962354
78.5,40.7,76.5,52.7,2026-05-31 18:00:00,2962354
78.1,41.1,76.1,52.6,2026-05-31 18:10:00,2962354
78.0,42.1,76.1,53.1,2026-05-31 18:20:00,2962354
78.1,42.0,76.3,53.2,2026-05-31 18:30:00,2962354
77.8,44.0,76.1,54.1,2026-05-31 18:40:00,2962354
76.8,44.6,74.8,53.6,2026-05-31 18:50:00,2962354
76.2,45.2,74.5,53.4,2026-05-31 19:00:00,2962354
76.0,45.9,74.3,53.7,2026-05-31 19:10:00,2962354
75.8,46.3,74.1,53.7,2026-05-31 19:20:00,2962354
75.7,47.3,74.1,54.2,2026-05-31 19:30:00,2962354
75.3,47.6,73.8,54.0,2026-05-31 19:40:00,2962354
74.9,47.9,73.6,53.9,2026-05-31 19:50:00,2962354
75.0,48.9,73.6,54.4,2026-05-31 20:00:00,2962354
74.5,49.0,73.4,54.1,2026-05-31 20:10:00,2962354
74.3,49.5,73.0,54.2,2026-05-31 20:20:00,2962354
74.0,49.8,72.9,54.1,2026-05-31 20:30:00,2962354
73.5,49.9,72.3,53.7,2026-05-31 20:40:00,2962354
73.0,50.4,72.0,53.4,2026-05-31 20:50:00,2962354
72.6,51.3,71.8,53.5,2026-05-31 21:00:00,2962354
72.5,51.5,71.8,53.6,2026-05-31 21:10:00,2962354
72.5,52.2,71.8,54.0,2026-05-31 21:20:00,2962354
72.4,52.2,71.6,53.9,2026-05-31 21:30:00,2962354
72.5,52.8,71.8,54.3,2026-05-31 21:40:00,2962354
72.0,52.5,71.4,53.7,2026-05-31 21:50:00,2962354
71.8,52.5,71.1,53.5,2026-05-31 22:00:00,2962354
71.6,53.1,70.9,53.6,2026-05-31 22:10:00,2962354
71.5,52.7,70.9,53.3,2026-05-31 22:20:00,2962354
71.3,53.2,70.7,53.4,2026-05-31 22:30:00,2962354
70.9,54.8,70.3,53.8,2026-05-31 22:40:00,2962354
70.6,56.7,70.2,54.5,2026-05-31 22:50:00,2962354
70.6,58.6,70.3,55.3,2026-05-31 23:00:00,2962354
70.6,59.4,70.3,55.8,2026-05-31 23:10:00,2962354
70.7,59.7,70.3,56.0,2026-05-31 23:20:00,2962354
70.7,60.2,70.5,56.2,2026-05-31 23:30:00,2962354
70.7,60.9,70.5,56.5,2026-05-31 23:40:00,2962354
70.9,61.1,70.9,56.8,2026-05-31 23:50:00,2962354
70.7,61.3,70.9,56.8,2026-06-01 00:00:00,2962354
70.3,62.3,70.0,56.8,2026-06-01 00:10:00,2962354
70.1,63.2,70.0,57.0,2026-06-01 00:20:00,2962354
69.9,64.0,69.8,57.2,2026-06-01 00:30:00,2962354
69.8,64.8,69.4,57.4,2026-06-01 00:40:00,2962354
69.8,65.6,69.8,57.8,2026-06-01 00:50:00,2962354
69.8,65.7,69.8,57.8,2026-06-01 01:00:00,2962354
69.7,65.9,69.4,57.8,2026-06-01 01:10:00,2962354
69.5,66.5,69.4,57.9,2026-06-01 01:20:00,2962354
69.5,66.7,69.4,57.9,2026-06-01 01:30:00,2962354
69.5,66.9,69.4,58.0,2026-06-01 01:40:00,2962354
69.7,67.3,69.6,58.3,2026-06-01 01:50:00,2962354
69.8,67.4,70.0,58.6,2026-06-01 02:00:00,2962354
69.7,67.8,69.6,58.6,2026-06-01 02:10:00,2962354
69.7,68.1,69.6,58.7,2026-06-01 02:20:00,2962354
69.7,68.5,69.6,58.9,2026-06-01 02:30:00,2962354
69.6,68.8,69.4,58.9,2026-06-01 02:40:00,2962354
69.4,69.3,69.4,58.9,2026-06-01 02:50:00,2962354
69.2,69.6,69.1,58.9,2026-06-01 03:00:00,2962354
69.1,70.0,69.1,58.9,2026-06-01 03:10:00,2962354
69.1,70.1,69.1,59.0,2026-06-01 03:20:00,2962354
68.8,70.7,68.7,58.9,2026-06-01 03:30:00,2962354
68.6,71.4,68.5,59.0,2026-06-01 03:40:00,2962354
68.5,72.1,68.4,59.1,2026-06-01 03:50:00,2962354
68.3,72.4,68.2,59.0,2026-06-01 04:00:00,2962354
67.9,73.3,67.8,59.1,2026-06-01 04:10:00,2962354
67.6,74.1,67.3,59.1,2026-06-01 04:20:00,2962354
67.4,75.0,67.1,59.2,2026-06-01 04:30:00,2962354
67.3,75.7,67.3,59.4,2026-06-01 04:40:00,2962354
67.5,76.0,67.5,59.6,2026-06-01 04:50:00,2962354
67.8,75.8,67.6,59.9,2026-06-01 05:00:00,2962354
67.8,75.7,67.6,59.8,2026-06-01 05:10:00,2962354
67.7,75.9,67.6,59.9,2026-06-01 05:20:00,2962354
67.7,76.1,67.6,59.9,2026-06-01 05:30:00,2962354
67.6,75.7,67.5,59.6,2026-06-01 05:40:00,2962354
67.4,75.7,67.3,59.5,2026-06-01 05:50:00,2962354
67.2,75.7,66.9,59.3,2026-06-01 06:00:00,2962354
67.2,75.8,66.9,59.3,2026-06-01 06:10:00,2962354
67.1,76.1,66.9,59.3,2026-06-01 06:20:00,2962354
67.1,76.8,66.9,59.6,2026-06-01 06:30:00,2962354
68.2,76.3,68.4,60.4,2026-06-01 06:40:00,2962354
69.7,73.4,70.2,60.8,2026-06-01 06:50:00,2962354
71.0,71.1,71.6,61.1,2026-06-01 07:00:00,2962354
70.9,70.6,71.6,60.9,2026-06-01 07:10:00,2962354
69.8,70.6,70.2,59.8,2026-06-01 07:20:00,2962354
70.4,70.4,70.9,60.3,2026-06-01 07:30:00,2962354
70.3,71.9,70.7,60.8,2026-06-01 07:40:00,2962354
70.5,71.2,70.9,60.7,2026-06-01 07:50:00,2962354
71.0,70.9,71.6,61.1,2026-06-01 08:00:00,2962354
71.7,71.3,72.3,61.9,2026-06-01 08:10:00,2962354
71.7,69.8,72.3,61.3,2026-06-01 08:20:00,2962354
72.9,70.6,73.8,62.7,2026-06-01 08:30:00,2962354
75.0,67.7,75.6,63.6,2026-06-01 08:40:00,2962354
73.1,66.6,73.6,61.4,2026-06-01 08:50:00,2962354
73.7,67.9,74.3,62.4,2026-06-01 09:00:00,2962354
74.2,68.7,74.8,63.2,2026-06-01 09:10:00,2962354
74.5,67.6,75.2,63.1,2026-06-01 09:20:00,2962354
74.7,67.8,75.4,63.3,2026-06-01 09:30:00,2962354
76.5,65.7,77.0,64.1,2026-06-01 09:40:00,2962354
75.7,66.3,76.1,63.7,2026-06-01 09:50:00,2962354
77.6,65.5,78.6,65.1,2026-06-01 10:00:00,2962354
78.2,63.0,79.3,64.5,2026-06-01 10:10:00,2962354
79.1,61.1,80.2,64.5,2026-06-01 10:20:00,2962354
80.9,58.2,82.4,64.8,2026-06-01 10:30:00,2962354
83.4,56.2,86.2,66.2,2026-06-01 10:40:00,2962354
82.2,53.7,83.7,63.8,2026-06-01 10:50:00,2962354
82.1,54.5,83.5,64.1,2026-06-01 11:00:00,2962354
84.6,55.0,88.3,66.7,2026-06-01 11:10:00,2962354
83.5,55.1,86.4,65.7,2026-06-01 11:20:00,2962354
81.2,54.7,82.2,63.3,2026-06-01 11:30:00,2962354
80.9,55.2,81.9,63.3,2026-06-01 11:40:00,2962354
82.6,55.7,84.6,65.2,2026-06-01 11:50:00,2962354
84.6,53.2,87.6,65.6,2026-06-01 12:00:00,2962354
84.7,52.1,87.4,65.2,2026-06-01 12:10:00,2962354
85.0,48.6,86.9,63.4,2026-06-01 12:20:00,2962354
85.3,48.8,87.4,63.9,2026-06-01 12:30:00,2962354
85.3,46.7,86.9,62.6,2026-06-01 12:40:00,2962354
85.6,45.5,86.9,62.1,2026-06-01 12:50:00,2962354
86.5,46.3,88.5,63.4,2026-06-01 13:00:00,2962354
88.2,44.0,90.7,63.5,2026-06-01 13:10:00,2962354
88.3,43.1,90.3,63.1,2026-06-01 13:20:00,2962354
88.4,44.0,91.0,63.8,2026-06-01 13:30:00,2962354
88.0,42.2,90.0,62.2,2026-06-01 13:40:00,2962354
87.0,38.8,87.3,58.9,2026-06-01 13:50:00,2962354
86.1,42.5,86.9,60.6,2026-06-01 14:00:00,2962354
86.4,45.3,88.2,62.7,2026-06-01 14:10:00,2962354
84.7,44.1,85.1,60.4,2026-06-01 14:20:00,2962354
87.0,42.2,88.2,61.2,2026-06-01 14:30:00,2962354
85.7,42.3,86.4,60.2,2026-06-01 14:40:00,2962354
85.1,40.6,85.1,58.5,2026-06-01 14:50:00,2962354
85.3,41.0,85.3,58.9,2026-06-01 15:00:00,2962354
84.2,38.5,83.3,56.3,2026-06-01 15:10:00,2962354
84.6,36.2,83.3,54.8,2026-06-01 15:20:00,2962354
85.6,35.7,84.4,55.3,2026-06-01 15:30:00,2962354
85.9,34.2,84.6,54.4,2026-06-01 15:40:00,2962354
87.3,32.9,86.0,54.6,2026-06-01 15:50:00,2962354
87.8,32.3,86.4,54.6,2026-06-01 16:00:00,2962354
89.3,34.4,89.4,57.6,2026-06-01 16:10:00,2962354
85.1,35.3,83.8,54.6,2026-06-01 16:20:00,2962354
87.0,38.4,87.1,58.6,2026-06-01 16:30:00,2962354
86.5,37.0,86.0,57.1,2026-06-01 16:40:00,2962354
85.3,37.6,84.4,56.5,2026-06-01 16:50:00,2962354
84.1,40.0,83.5,57.2,2026-06-01 17:00:00,2962354
82.7,41.0,81.5,56.6,2026-06-01 17:10:00,2962354
83.3,41.5,82.6,57.5,2026-06-01 17:20:00,2962354
83.9,40.5,83.3,57.3,2026-06-01 17:30:00,2962354
83.5,39.3,82.4,56.1,2026-06-01 17:40:00,2962354
82.8,39.8,81.5,55.9,2026-06-01 17:50:00,2962354
82.4,41.0,81.1,56.3,2026-06-01 18:00:00,2962354
82.5,40.7,81.1,56.2,2026-06-01 18:10:00,2962354
82.0,42.2,80.8,56.7,2026-06-01 18:20:00,2962354
81.2,41.8,79.9,55.8,2026-06-01 18:30:00,2962354
81.2,40.9,79.7,55.2,2026-06-01 18:40:00,2962354
80.7,40.8,79.0,54.7,2026-06-01 18:50:00,2962354
80.6,41.1,79.2,54.8,2026-06-01 19:00:00,2962354
80.8,41.2,79.3,55.1,2026-06-01 19:10:00,2962354
79.8,41.1,78.1,54.1,2026-06-01 19:20:00,2962354
78.9,42.1,77.2,53.9,2026-06-01 19:30:00,2962354
78.7,42.6,77.0,54.1,2026-06-01 19:40:00,2962354
78.1,42.4,76.3,53.4,2026-06-01 19:50:00,2962354
77.7,42.5,75.9,53.2,2026-06-01 20:00:00,2962354
77.1,41.5,74.8,51.9,2026-06-01 20:10:00,2962354
76.8,42.2,74.7,52.1,2026-06-01 20:20:00,2962354
76.2,42.4,74.1,51.7,2026-06-01 20:30:00,2962354
75.7,42.8,73.6,51.5,2026-06-01 20:40:00,2962354
75.1,43.7,73.4,51.6,2026-06-01 20:50:00,2962354
74.7,44.5,73.0,51.6,2026-06-01 21:00:00,2962354
74.4,44.6,72.7,51.4,2026-06-01 21:10:00,2962354
74.1,44.6,72.3,51.2,2026-06-01 21:20:00,2962354
74.2,44.7,72.5,51.4,2026-06-01 21:30:00,2962354
74.0,44.5,72.3,51.0,2026-06-01 21:40:00,2962354
73.7,44.5,72.1,50.8,2026-06-01 21:50:00,2962354
73.5,45.1,72.1,50.9,2026-06-01 22:00:00,2962354
73.4,45.4,72.0,51.0,2026-06-01 22:10:00,2962354
73.3,45.5,72.0,51.0,2026-06-01 22:20:00,2962354
73.1,45.1,71.8,50.5,2026-06-01 22:30:00,2962354
72.8,44.4,71.2,49.9,2026-06-01 22:40:00,2962354
72.8,44.5,71.2,49.9,2026-06-01 22:50:00,2962354
72.6,44.6,71.1,49.8,2026-06-01 23:00:00,2962354
72.6,46.1,71.2,50.7,2026-06-01 23:10:00,2962354
72.2,49.5,71.2,52.3,2026-06-01 23:20:00,2962354
71.6,52.9,70.9,53.5,2026-06-01 23:30:00,2962354
71.2,55.3,70.7,54.4,2026-06-01 23:40:00,2962354
70.8,56.1,70.5,54.4,2026-06-01 23:50:00,2962354
70.7,56.0,70.5,54.2,2026-06-02 00:00:00,2962354
70.6,56.4,70.2,54.3,2026-06-02 00:10:00,2962354
70.3,56.7,69.6,54.2,2026-06-02 00:20:00,2962354
70.1,57.2,69.4,54.2,2026-06-02 00:30:00,2962354
70.0,57.5,69.4,54.3,2026-06-02 00:40:00,2962354
69.7,57.0,68.9,53.8,2026-06-02 00:50:00,2962354
69.6,56.8,68.7,53.6,2026-06-02 01:00:00,2962354
69.2,56.2,68.2,52.9,2026-06-02 01:10:00,2962354
68.9,56.1,67.8,52.6,2026-06-02 01:20:00,2962354
68.6,55.2,67.3,51.9,2026-06-02 01:30:00,2962354
68.5,54.4,66.9,51.4,2026-06-02 01:40:00,2962354
68.1,54.4,66.4,51.0,2026-06-02 01:50:00,2962354
67.6,53.3,65.7,50.0,2026-06-02 02:00:00,2962354
67.3,51.9,65.1,49.1,2026-06-02 02:10:00,2962354
67.0,51.2,64.6,48.4,2026-06-02 02:20:00,2962354
66.7,52.5,64.0,48.8,2026-06-02 02:30:00,2962354
66.3,53.9,63.9,49.1,2026-06-02 02:40:00,2962354
65.9,54.2,63.3,48.8,2026-06-02 02:50:00,2962354
65.6,55.5,63.0,49.2,2026-06-02 03:00:00,2962354
65.2,56.2,62.4,49.2,2026-06-02 03:10:00,2962354
64.8,57.2,62.2,49.4,2026-06-02 03:20:00,2962354
64.3,58.1,61.7,49.3,2026-06-02 03:30:00,2962354
64.1,59.8,61.7,49.8,2026-06-02 03:40:00,2962354
63.6,61.5,61.3,50.2,2026-06-02 03:50:00,2962354
63.4,62.1,61.3,50.2,2026-06-02 04:00:00,2962354
62.9,63.4,60.8,50.3,2026-06-02 04:10:00,2962354
62.8,65.2,60.8,50.9,2026-06-02 04:20:00,2962354
62.6,66.3,61.0,51.2,2026-06-02 04:30:00,2962354
62.6,66.6,61.0,51.4,2026-06-02 04:40:00,2962354
62.4,67.0,60.6,51.3,2026-06-02 04:50:00,2962354
62.3,67.7,60.8,51.4,2026-06-02 05:00:00,2962354
62.1,68.6,60.6,51.6,2026-06-02 05:10:00,2962354
61.6,69.3,60.1,51.5,2026-06-02 05:20:00,2962354
61.4,70.2,60.1,51.6,2026-06-02 05:30:00,2962354
61.2,70.7,59.9,51.6,2026-06-02 05:40:00,2962354
61.1,71.5,59.9,51.8,2026-06-02 05:50:00,2962354
60.9,72.5,59.7,52.0,2026-06-02 06:00:00,2962354
60.7,73.6,59.7,52.2,2026-06-02 06:10:00,2962354
60.8,73.8,59.7,52.4,2026-06-02 06:20:00,2962354
61.0,73.9,59.9,52.6,2026-06-02 06:30:00,2962354
60.9,73.9,59.9,52.5,2026-06-02 06:40:00,2962354
62.6,72.8,61.5,53.8,2026-06-02 06:50:00,2962354
63.3,71.4,62.2,53.9,2026-06-02 07:00:00,2962354
62.7,69.9,61.3,52.8,2026-06-02 07:10:00,2962354
62.0,71.8,60.8,52.7,2026-06-02 07:20:00,2962354
62.2,72.6,61.0,53.3,2026-06-02 07:30:00,2962354
62.9,70.9,61.5,53.3,2026-06-02 07:40:00,2962354
62.9,69.6,61.5,52.8,2026-06-02 07:50:00,2962354
62.9,69.1,61.3,52.6,2026-06-02 08:00:00,2962354
62.8,68.3,61.3,52.2,2026-06-02 08:10:00,2962354
64.1,66.9,62.4,52.9,2026-06-02 08:20:00,2962354
64.9,63.4,62.8,52.1,2026-06-02 08:30:00,2962354
65.9,62.3,64.0,52.7,2026-06-02 08:40:00,2962354
65.3,60.1,63.1,51.1,2026-06-02 08:50:00,2962354
64.4,61.7,62.1,50.9,2026-06-02 09:00:00,2962354
67.9,57.9,66.6,52.6,2026-06-02 09:10:00,2962354
71.4,54.1,70.7,53.9,2026-06-02 09:20:00,2962354
72.6,50.9,71.8,53.4,2026-06-02 09:30:00,2962354
73.0,49.5,71.8,53.0,2026-06-02 09:40:00,2962354
70.8,48.4,70.0,50.3,2026-06-02 09:50:00,2962354
72.1,49.7,71.2,52.3,2026-06-02 10:00:00,2962354
70.3,48.4,69.1,49.9,2026-06-02 10:10:00,2962354
71.3,47.7,70.3,50.5,2026-06-02 10:20:00,2962354
73.9,46.7,72.5,52.2,2026-06-02 10:30:00,2962354
74.2,45.6,72.7,51.9,2026-06-02 10:40:00,2962354
71.3,43.9,70.0,48.2,2026-06-02 10:50:00,2962354
75.0,44.2,73.2,51.7,2026-06-02 11:00:00,2962354
72.8,42.7,71.1,48.8,2026-06-02 11:10:00,2962354
74.9,41.8,73.0,50.1,2026-06-02 11:20:00,2962354
75.5,41.2,73.2,50.3,2026-06-02 11:30:00,2962354
76.3,39.5,73.9,49.9,2026-06-02 11:40:00,2962354
77.2,39.0,74.8,50.4,2026-06-02 11:50:00,2962354
77.9,35.0,75.0,48.1,2026-06-02 12:00:00,2962354
78.4,36.8,75.7,49.9,2026-06-02 12:10:00,2962354
77.8,37.0,75.2,49.5,2026-06-02 12:20:00,2962354
78.0,35.4,75.2,48.4,2026-06-02 12:30:00,2962354
76.9,33.3,73.8,45.9,2026-06-02 12:40:00,2962354
77.6,33.8,74.7,46.9,2026-06-02 12:50:00,2962354
78.5,35.2,75.9,48.7,2026-06-02 13:00:00,2962354
78.4,34.0,75.4,47.7,2026-06-02 13:10:00,2962354
79.5,34.7,76.8,49.3,2026-06-02 13:20:00,2962354
78.3,33.6,75.4,47.3,2026-06-02 13:30:00,2962354
78.4,34.2,75.4,47.9,2026-06-02 13:40:00,2962354
79.3,32.5,76.1,47.3,2026-06-02 13:50:00,2962354
80.4,32.8,77.4,48.5,2026-06-02 14:00:00,2962354
80.2,30.4,76.8,46.4,2026-06-02 14:10:00,2962354
79.9,31.2,76.8,46.7,2026-06-02 14:20:00,2962354
78.2,30.7,74.8,44.9,2026-06-02 14:30:00,2962354
80.8,30.7,77.5,47.1,2026-06-02 14:40:00,2962354
81.5,28.8,78.1,46.0,2026-06-02 14:50:00,2962354
80.8,28.7,77.4,45.3,2026-06-02 15:00:00,2962354
81.2,27.4,77.5,44.4,2026-06-02 15:10:00,2962354
83.4,28.4,80.1,47.3,2026-06-02 15:20:00,2962354
81.8,26.2,77.9,43.8,2026-06-02 15:30:00,2962354
80.8,26.8,77.2,43.5,2026-06-02 15:40:00,2962354
80.7,28.8,77.2,45.4,2026-06-02 15:50:00,2962354
82.4,27.6,79.0,45.7,2026-06-02 16:00:00,2962354
82.9,26.5,79.2,45.0,2026-06-02 16:10:00,2962354
82.2,26.5,78.6,44.4,2026-06-02 16:20:00,2962354
81.4,28.9,77.9,46.0,2026-06-02 16:30:00,2962354
81.2,28.3,77.7,45.2,2026-06-02 16:40:00,2962354
82.0,27.5,78.3,45.2,2026-06-02 16:50:00,2962354
78.5,28.0,74.8,42.8,2026-06-02 17:00:00,2962354
77.9,28.0,74.1,42.1,2026-06-02 17:10:00,2962354
78.7,27.7,75.0,42.6,2026-06-02 17:20:00,2962354
78.1,27.2,74.5,41.6,2026-06-02 17:30:00,2962354
79.8,28.7,76.3,44.5,2026-06-02 17:40:00,2962354
77.3,28.0,73.6,41.7,2026-06-02 17:50:00,2962354
76.6,28.6,73.2,41.7,2026-06-02 18:00:00,2962354
76.6,28.9,73.0,42.0,2026-06-02 18:10:00,2962354
75.7,27.8,72.0,40.1,2026-06-02 18:20:00,2962354
75.8,27.2,72.1,39.7,2026-06-02 18:30:00,2962354
75.1,30.1,72.0,41.6,2026-06-02 18:40:00,2962354
75.0,30.7,71.8,42.1,2026-06-02 18:50:00,2962354
74.4,30.2,71.4,41.2,2026-06-02 19:00:00,2962354
74.0,30.7,71.1,41.2,2026-06-02 19:10:00,2962354
73.4,29.7,70.3,39.8,2026-06-02 19:20:00,2962354
72.9,29.6,70.0,39.3,2026-06-02 19:30:00,2962354
72.3,30.1,69.8,39.3,2026-06-02 19:40:00,2962354
72.2,30.1,69.6,39.1,2026-06-02 19:50:00,2962354
71.7,30.8,69.3,39.3,2026-06-02 20:00:00,2962354
71.3,30.9,68.9,39.0,2026-06-02 20:10:00,2962354
70.9,31.4,68.5,39.0,2026-06-02 20:20:00,2962354
70.4,32.2,68.0,39.3,2026-06-02 20:30:00,2962354
70.1,32.4,67.6,39.2,2026-06-02 20:40:00,2962354
69.7,32.8,67.1,39.2,2026-06-02 20:50:00,2962354
69.1,33.9,66.2,39.5,2026-06-02 21:00:00,2962354
68.6,34.1,65.5,39.2,2026-06-02 21:10:00,2962354
68.5,34.6,65.3,39.4,2026-06-02 21:20:00,2962354
67.9,35.0,64.6,39.3,2026-06-02 21:30:00,2962354
68.0,35.2,64.6,39.5,2026-06-02 21:40:00,2962354
67.8,35.6,64.4,39.6,2026-06-02 21:50:00,2962354
67.3,36.0,63.9,39.5,2026-06-02 22:00:00,2962354
66.9,36.9,63.1,39.7,2026-06-02 22:10:00,2962354
66.4,37.7,62.6,39.8,2026-06-02 22:20:00,2962354
66.1,38.4,62.1,40.0,2026-06-02 22:30:00,2962354
65.7,38.8,61.7,39.9,2026-06-02 22:40:00,2962354
65.1,39.4,60.8,39.8,2026-06-02 22:50:00,2962354
64.9,39.9,60.6,40.0,2026-06-02 23:00:00,2962354
64.5,40.5,60.3,40.0,2026-06-02 23:10:00,2962354
64.2,40.8,60.1,39.9,2026-06-02 23:20:00,2962354
63.9,41.5,59.9,40.1,2026-06-02 23:30:00,2962354
63.7,41.9,59.7,40.2,2026-06-02 23:40:00,2962354
63.4,43.0,59.7,40.5,2026-06-02 23:50:00,2962354
62.1,44.7,58.5,40.4,2026-06-03 00:00:00,2962354
61.2,46.6,57.9,40.6,2026-06-03 00:10:00,2962354
60.5,48.1,57.4,40.8,2026-06-03 00:20:00,2962354
59.8,48.8,56.8,40.5,2026-06-03 00:30:00,2962354
59.3,50.1,56.5,40.7,2026-06-03 00:40:00,2962354
58.8,52.1,56.1,41.3,2026-06-03 00:50:00,2962354
58.6,53.0,56.1,41.5,2026-06-03 01:00:00,2962354
58.3,53.5,55.8,41.5,2026-06-03 01:10:00,2962354
57.9,54.1,55.4,41.4,2026-06-03 01:20:00,2962354
57.6,55.3,55.4,41.6,2026-06-03 01:30:00,2962354
57.2,56.7,55.0,42.0,2026-06-03 01:40:00,2962354
56.8,58.0,54.7,42.2,2026-06-03 01:50:00,2962354
56.5,59.3,54.7,42.5,2026-06-03 02:00:00,2962354
56.1,59.7,54.1,42.3,2026-06-03 02:10:00,2962354
56.0,61.0,54.3,42.8,2026-06-03 02:20:00,2962354
55.6,62.4,54.1,43.0,2026-06-03 02:30:00,2962354
55.3,63.6,53.8,43.1,2026-06-03 02:40:00,2962354
55.5,63.9,54.0,43.4,2026-06-03 02:50:00,2962354
55.5,63.9,54.0,43.5,2026-06-03 03:00:00,2962354
55.6,63.8,54.1,43.6,2026-06-03 03:10:00,2962354
55.7,64.4,54.1,43.8,2026-06-03 03:20:00,2962354
55.4,64.9,54.0,43.8,2026-06-03 03:30:00,2962354
55.3,63.8,53.8,43.3,2026-06-03 03:40:00,2962354
55.3,64.5,53.8,43.5,2026-06-03 03:50:00,2962354
55.1,64.5,53.8,43.4,2026-06-03 04:00:00,2962354
55.3,63.9,53.8,43.3,2026-06-03 04:10:00,2962354
54.4,67.8,53.2,44.0,2026-06-03 04:20:00,2962354
54.3,67.0,52.9,43.6,2026-06-03 04:30:00,2962354
54.6,65.8,53.2,43.4,2026-06-03 04:40:00,2962354
54.7,65.2,53.4,43.2,2026-06-03 04:50:00,2962354
55.0,64.1,53.6,43.1,2026-06-03 05:00:00,2962354
55.2,63.3,53.8,43.0,2026-06-03 05:10:00,2962354
55.2,62.8,53.8,42.8,2026-06-03 05:20:00,2962354
55.4,62.2,54.0,42.7,2026-06-03 05:30:00,2962354
55.6,62.5,54.1,43.0,2026-06-03 05:40:00,2962354
55.5,62.7,54.0,43.0,2026-06-03 05:50:00,2962354
55.3,62.7,53.8,42.8,2026-06-03 06:00:00,2962354
55.5,62.9,54.0,43.1,2026-06-03 06:10:00,2962354
55.9,62.9,54.3,43.4,2026-06-03 06:20:00,2962354
56.1,63.5,54.5,44.0,2026-06-03 06:30:00,2962354
58.6,61.8,56.7,45.5,2026-06-03 06:40:00,2962354
61.7,57.9,59.4,46.7,2026-06-03 06:50:00,2962354
63.2,54.7,60.4,46.6,2026-06-03 07:00:00,2962354
64.5,51.1,61.3,46.0,2026-06-03 07:10:00,2962354
65.2,49.5,61.9,45.8,2026-06-03 07:20:00,2962354
64.5,48.3,61.0,44.6,2026-06-03 07:30:00,2962354
67.4,48.6,64.9,47.3,2026-06-03 07:40:00,2962354
66.6,46.3,63.7,45.4,2026-06-03 07:50:00,2962354
65.8,46.1,62.2,44.5,2026-06-03 08:00:00,2962354
66.4,45.0,63.3,44.5,2026-06-03 08:10:00,2962354
66.9,45.0,63.7,44.9,2026-06-03 08:20:00,2962354
68.8,44.2,66.6,46.1,2026-06-03 08:30:00,2962354
69.7,42.4,67.8,45.8,2026-06-03 08:40:00,2962354
70.0,40.7,68.2,45.1,2026-06-03 08:50:00,2962354
71.6,40.7,70.0,46.5,2026-06-03 09:00:00,2962354
72.4,39.1,70.5,46.1,2026-06-03 09:10:00,2962354
73.9,38.0,71.6,46.7,2026-06-03 09:20:00,2962354
75.7,36.3,72.9,47.1,2026-06-03 09:30:00,2962354
78.3,34.5,75.4,48.0,2026-06-03 09:40:00,2962354
76.1,32.8,72.9,44.8,2026-06-03 09:50:00,2962354
76.1,31.8,73.0,44.0,2026-06-03 10:00:00,2962354
77.0,33.0,73.9,45.7,2026-06-03 10:10:00,2962354
78.9,32.3,75.7,46.8,2026-06-03 10:20:00,2962354
78.5,31.2,75.2,45.6,2026-06-03 10:30:00,2962354
79.8,29.5,76.3,45.1,2026-06-03 10:40:00,2962354
82.3,30.1,79.2,47.9,2026-06-03 10:50:00,2962354
79.5,28.2,75.7,43.7,2026-06-03 11:00:00,2962354
79.7,29.3,76.3,45.0,2026-06-03 11:10:00,2962354
79.4,29.8,75.9,45.2,2026-06-03 11:20:00,2962354
81.1,30.4,77.7,47.1,2026-06-03 11:30:00,2962354
81.2,28.5,77.7,45.5,2026-06-03 11:40:00,2962354
82.8,27.2,79.2,45.7,2026-06-03 11:50:00,2962354
80.7,26.9,77.0,43.6,2026-06-03 12:00:00,2962354
80.7,26.2,76.8,42.9,2026-06-03 12:10:00,2962354
82.5,27.1,78.8,45.3,2026-06-03 12:20:00,2962354
82.4,26.1,78.8,44.2,2026-06-03 12:30:00,2962354
83.3,28.0,80.1,46.8,2026-06-03 12:40:00,2962354
83.4,25.6,79.5,44.6,2026-06-03 12:50:00,2962354
83.4,24.7,79.5,43.6,2026-06-03 13:00:00,2962354
84.7,25.4,81.1,45.4,2026-06-03 13:10:00,2962354
82.0,24.8,78.1,42.5,2026-06-03 13:20:00,2962354
84.5,24.3,80.6,44.1,2026-06-03 13:30:00,2962354
83.9,25.2,80.2,44.6,2026-06-03 13:40:00,2962354
83.8,25.2,80.1,44.4,2026-06-03 13:50:00,2962354
83.5,25.0,79.7,44.0,2026-06-03 14:00:00,2962354
84.2,24.9,80.6,44.5,2026-06-03 14:10:00,2962354
83.7,24.8,80.1,44.0,2026-06-03 14:20:00,2962354
83.8,25.6,80.1,44.9,2026-06-03 14:30:00,2962354
84.5,25.5,80.8,45.4,2026-06-03 14:40:00,2962354
86.0,24.8,82.4,45.8,2026-06-03 14:50:00,2962354
86.3,24.1,82.6,45.3,2026-06-03 15:00:00,2962354
85.6,23.3,81.7,44.0,2026-06-03 15:10:00,2962354
84.9,23.4,81.1,43.5,2026-06-03 15:20:00,2962354
84.2,24.2,80.2,43.7,2026-06-03 15:30:00,2962354
87.0,25.2,83.8,47.2,2026-06-03 15:40:00,2962354
82.6,25.3,78.8,43.5,2026-06-03 15:50:00,2962354
86.4,25.2,83.1,46.6,2026-06-03 16:00:00,2962354
86.1,25.0,82.6,46.1,2026-06-03 16:10:00,2962354
85.8,25.4,82.2,46.3,2026-06-03 16:20:00,2962354
85.6,25.9,82.2,46.7,2026-06-03 16:30:00,2962354
85.9,24.2,82.4,45.2,2026-06-03 16:40:00,2962354
83.9,25.2,80.2,44.5,2026-06-03 16:50:00,2962354
84.0,25.9,80.2,45.4,2026-06-03 17:00:00,2962354
82.9,26.5,79.2,45.0,2026-06-03 17:10:00,2962354
83.7,27.0,80.2,46.2,2026-06-03 17:20:00,2962354
83.5,25.0,79.9,44.0,2026-06-03 17:30:00,2962354
84.5,25.4,80.8,45.3,2026-06-03 17:40:00,2962354
82.3,25.9,78.4,44.0,2026-06-03 17:50:00,2962354
81.9,27.1,78.3,44.7,2026-06-03 18:00:00,2962354
82.5,27.3,78.8,45.4,2026-06-03 18:10:00,2962354
81.9,27.3,78.3,45.0,2026-06-03 18:20:00,2962354
81.8,26.9,78.1,44.5,2026-06-03 18:30:00,2962354
81.0,26.8,77.4,43.7,2026-06-03 18:40:00,2962354
80.8,28.2,77.4,44.9,2026-06-03 18:50:00,2962354
80.4,28.5,76.8,44.7,2026-06-03 19:00:00,2962354
80.1,28.6,76.6,44.7,2026-06-03 19:10:00,2962354
79.4,28.7,75.9,44.1,2026-06-03 19:20:00,2962354
79.1,29.1,75.6,44.2,2026-06-03 19:30:00,2962354
78.9,29.4,75.4,44.4,2026-06-03 19:40:00,2962354
78.3,30.2,75.0,44.5,2026-06-03 19:50:00,2962354
77.7,30.7,74.3,44.4,2026-06-03 20:00:00,2962354
77.3,31.1,73.9,44.4,2026-06-03 20:10:00,2962354
76.7,31.9,73.6,44.6,2026-06-03 20:20:00,2962354
76.0,32.7,72.9,44.6,2026-06-03 20:30:00,2962354
75.2,33.6,72.3,44.6,2026-06-03 20:40:00,2962354
74.5,33.9,71.8,44.2,2026-06-03 20:50:00,2962354
74.0,35.1,71.6,44.7,2026-06-03 21:00:00,2962354
73.7,36.0,71.2,45.1,2026-06-03 21:10:00,2962354
73.2,37.3,70.9,45.6,2026-06-03 21:20:00,2962354
72.2,38.7,70.3,45.7,2026-06-03 21:30:00,2962354
71.4,39.5,69.6,45.5,2026-06-03 21:40:00,2962354
70.9,40.4,69.3,45.6,2026-06-03 21:50:00,2962354
70.3,41.5,68.5,45.9,2026-06-03 22:00:00,2962354
69.7,42.1,67.8,45.7,2026-06-03 22:10:00,2962354
69.3,42.6,67.3,45.6,2026-06-03 22:20:00,2962354
68.9,43.7,66.9,46.0,2026-06-03 22:30:00,2962354
68.5,44.2,66.0,45.8,2026-06-03 22:40:00,2962354
67.9,46.4,65.5,46.6,2026-06-03 22:50:00,2962354
67.4,47.4,64.8,46.7,2026-06-03 23:00:00,2962354
67.0,48.0,64.4,46.7,2026-06-03 23:10:00,2962354
66.5,49.1,63.7,46.9,2026-06-03 23:20:00,2962354
65.9,51.0,63.1,47.3,2026-06-03 23:30:00,2962354
65.4,51.8,62.2,47.2,2026-06-03 23:40:00,2962354
65.1,52.4,62.1,47.3,2026-06-03 23:50:00,2962354
64.9,53.1,61.9,47.4,2026-06-04 00:00:00,2962354
64.7,53.8,61.7,47.5,2026-06-04 00:10:00,2962354
64.5,54.1,61.5,47.5,2026-06-04 00:20:00,2962354
64.2,54.5,61.3,47.4,2026-06-04 00:30:00,2962354
64.0,55.1,61.2,47.6,2026-06-04 00:40:00,2962354
63.5,56.4,61.0,47.7,2026-06-04 00:50:00,2962354
63.1,56.9,60.4,47.6,2026-06-04 01:00:00,2962354
62.8,58.1,60.1,47.8,2026-06-04 01:10:00,2962354
62.6,58.9,60.3,48.0,2026-06-04 01:20:00,2962354
62.1,60.0,59.9,48.0,2026-06-04 01:30:00,2962354
61.6,61.1,59.5,48.1,2026-06-04 01:40:00,2962354
61.4,62.1,59.5,48.3,2026-06-04 01:50:00,2962354
61.1,62.8,59.2,48.3,2026-06-04 02:00:00,2962354
60.6,64.1,59.0,48.4,2026-06-04 02:10:00,2962354
60.4,64.7,58.6,48.5,2026-06-04 02:20:00,2962354
60.1,64.9,58.5,48.3,2026-06-04 02:30:00,2962354
60.0,65.6,58.3,48.4,2026-06-04 02:40:00,2962354
59.8,66.2,58.3,48.5,2026-06-04 02:50:00,2962354
60.0,66.6,58.5,48.8,2026-06-04 03:00:00,2962354
59.7,66.8,58.3,48.7,2026-06-04 03:10:00,2962354
59.5,67.3,57.9,48.7,2026-06-04 03:20:00,2962354
59.2,67.9,57.9,48.6,2026-06-04 03:30:00,2962354
59.0,68.6,57.6,48.7,2026-06-04 03:40:00,2962354
58.7,69.3,57.4,48.7,2026-06-04 03:50:00,2962354
58.5,69.8,57.4,48.7,2026-06-04 04:00:00,2962354
58.1,70.6,56.8,48.6,2026-06-04 04:10:00,2962354
57.8,71.7,56.8,48.7,2026-06-04 04:20:00,2962354
57.7,72.3,56.7,48.8,2026-06-04 04:30:00,2962354
57.5,72.4,56.5,48.7,2026-06-04 04:40:00,2962354
57.2,73.4,56.5,48.8,2026-06-04 04:50:00,2962354
57.0,73.6,56.3,48.7,2026-06-04 05:00:00,2962354
56.9,73.7,56.1,48.6,2026-06-04 05:10:00,2962354
56.8,74.1,55.9,48.7,2026-06-04 05:20:00,2962354
56.8,74.4,55.9,48.7,2026-06-04 05:30:00,2962354
56.6,75.1,55.9,48.8,2026-06-04 05:40:00,2962354
56.5,75.4,55.9,48.8,2026-06-04 05:50:00,2962354
56.5,75.6,55.9,48.8,2026-06-04 06:00:00,2962354
56.6,75.9,55.9,49.0,2026-06-04 06:10:00,2962354
56.6,76.4,55.9,49.3,2026-06-04 06:20:00,2962354
56.8,76.5,56.1,49.5,2026-06-04 06:30:00,2962354
59.2,75.6,58.5,51.5,2026-06-04 06:40:00,2962354
61.0,71.8,59.9,51.8,2026-06-04 06:50:00,2962354
62.9,68.4,61.3,52.3,2026-06-04 07:00:00,2962354
62.3,66.2,60.6,50.9,2026-06-04 07:10:00,2962354
65.6,64.2,63.9,53.2,2026-06-04 07:20:00,2962354
69.0,60.4,68.2,54.7,2026-06-04 07:30:00,2962354
71.2,53.4,70.5,53.4,2026-06-04 07:40:00,2962354
72.7,48.9,71.6,52.4,2026-06-04 07:50:00,2962354
72.3,47.7,71.2,51.4,2026-06-04 08:00:00,2962354
74.9,47.0,73.4,53.3,2026-06-04 08:10:00,2962354
76.3,44.7,74.5,53.2,2026-06-04 08:20:00,2962354
79.8,41.1,78.1,54.1,2026-06-04 08:30:00,2962354
81.0,39.3,79.2,53.9,2026-06-04 08:40:00,2962354
82.4,37.8,80.4,54.1,2026-06-04 08:50:00,2962354
83.3,36.4,81.3,53.8,2026-06-04 09:00:00,2962354
82.4,36.5,80.4,53.2,2026-06-04 09:10:00,2962354
83.9,34.7,81.9,53.1,2026-06-04 09:20:00,2962354
81.8,34.5,79.2,51.0,2026-06-04 09:30:00,2962354
83.8,34.5,81.7,52.9,2026-06-04 09:40:00,2962354
83.7,33.7,81.5,52.1,2026-06-04 09:50:00,2962354
84.0,31.2,81.3,50.3,2026-06-04 10:00:00,2962354
83.5,30.2,80.6,49.0,2026-06-04 10:10:00,2962354
83.8,30.7,81.0,49.7,2026-06-04 10:20:00,2962354
85.8,30.0,83.5,50.9,2026-06-04 10:30:00,2962354
85.8,28.3,82.8,49.2,2026-06-04 10:40:00,2962354
86.7,27.5,83.8,49.2,2026-06-04 10:50:00,2962354
86.2,26.9,83.3,48.3,2026-06-04 11:00:00,2962354
88.3,25.7,85.3,48.8,2026-06-04 11:10:00,2962354
85.8,25.6,82.6,46.6,2026-06-04 11:20:00,2962354
87.1,24.6,83.8,46.6,2026-06-04 11:30:00,2962354
87.3,25.3,84.2,47.5,2026-06-04 11:40:00,2962354
87.5,25.7,84.4,48.1,2026-06-04 11:50:00,2962354
88.0,25.2,85.1,48.0,2026-06-04 12:00:00,2962354
88.1,24.9,84.9,47.8,2026-06-04 12:10:00,2962354
88.3,25.0,85.3,48.0,2026-06-04 12:20:00,2962354
88.9,24.7,86.0,48.3,2026-06-04 12:30:00,2962354
88.2,24.6,85.1,47.6,2026-06-04 12:40:00,2962354
86.7,24.4,83.1,46.0,2026-06-04 12:50:00,2962354
86.8,24.1,83.3,45.8,2026-06-04 13:00:00,2962354
87.9,23.4,84.4,46.0,2026-06-04 13:10:00,2962354
87.7,23.6,84.2,46.0,2026-06-04 13:20:00,2962354
87.6,23.0,83.8,45.3,2026-06-04 13:30:00,2962354
89.3,23.6,86.2,47.3,2026-06-04 13:40:00,2962354
91.4,23.1,88.7,48.5,2026-06-04 13:50:00,2962354
91.1,23.5,88.5,48.8,2026-06-04 14:00:00,2962354
90.9,22.8,88.2,47.8,2026-06-04 14:10:00,2962354
90.1,22.9,87.3,47.2,2026-06-04 14:20:00,2962354
89.8,22.1,86.5,46.1,2026-06-04 14:30:00,2962354
91.9,22.5,89.2,48.3,2026-06-04 14:40:00,2962354
90.5,21.5,86.9,45.8,2026-06-04 14:50:00,2962354
92.0,21.8,89.1,47.6,2026-06-04 15:00:00,2962354
92.3,21.4,89.4,47.2,2026-06-04 15:10:00,2962354
93.6,20.7,90.7,47.4,2026-06-04 15:20:00,2962354
91.9,20.8,88.7,46.1,2026-06-04 15:30:00,2962354
92.3,22.0,89.6,47.9,2026-06-04 15:40:00,2962354
92.7,21.2,89.8,47.3,2026-06-04 15:50:00,2962354
91.9,21.1,88.7,46.5,2026-06-04 16:00:00,2962354
93.7,20.9,90.7,47.7,2026-06-04 16:10:00,2962354
94.7,21.4,92.3,49.2,2026-06-04 16:20:00,2962354
94.0,21.0,91.4,48.2,2026-06-04 16:30:00,2962354
90.3,21.5,87.1,45.7,2026-06-04 16:40:00,2962354
94.3,21.6,91.8,49.1,2026-06-04 16:50:00,2962354
91.1,21.5,88.0,46.4,2026-06-04 17:00:00,2962354
90.1,22.3,86.7,46.5,2026-06-04 17:10:00,2962354
90.2,22.8,87.3,47.2,2026-06-04 17:20:00,2962354
90.6,22.1,87.4,46.7,2026-06-04 17:30:00,2962354
91.0,22.1,88.0,47.0,2026-06-04 17:40:00,2962354
90.3,22.1,87.3,46.4,2026-06-04 17:50:00,2962354
88.7,23.1,85.1,46.2,2026-06-04 18:00:00,2962354
89.5,22.5,86.4,46.3,2026-06-04 18:10:00,2962354
88.2,22.9,84.7,45.6,2026-06-04 18:20:00,2962354
88.0,23.1,84.6,45.8,2026-06-04 18:30:00,2962354
87.8,22.6,84.2,44.9,2026-06-04 18:40:00,2962354
87.5,23.1,83.8,45.3,2026-06-04 18:50:00,2962354
87.0,23.3,83.3,45.1,2026-06-04 19:00:00,2962354
86.2,24.8,82.8,46.0,2026-06-04 19:10:00,2962354
85.6,25.2,82.0,46.0,2026-06-04 19:20:00,2962354
84.8,26.7,81.5,46.9,2026-06-04 19:30:00,2962354
84.4,27.7,81.1,47.4,2026-06-04 19:40:00,2962354
83.6,27.6,80.2,46.7,2026-06-04 19:50:00,2962354
82.6,30.2,79.5,48.2,2026-06-04 20:00:00,2962354
81.5,32.4,78.6,49.2,2026-06-04 20:10:00,2962354
80.7,34.5,78.1,50.1,2026-06-04 20:20:00,2962354
79.7,36.1,77.4,50.5,2026-06-04 20:30:00,2962354
78.9,37.4,76.5,50.7,2026-06-04 20:40:00,2962354
78.2,38.4,75.9,50.8,2026-06-04 20:50:00,2962354
77.4,39.4,75.0,50.7,2026-06-04 21:00:00,2962354
76.8,39.9,74.3,50.5,2026-06-04 21:10:00,2962354
76.2,40.5,73.9,50.5,2026-06-04 21:20:00,2962354
75.8,41.2,73.6,50.6,2026-06-04 21:30:00,2962354
75.3,41.7,73.2,50.4,2026-06-04 21:40:00,2962354
74.9,42.2,73.0,50.4,2026-06-04 21:50:00,2962354
74.8,43.1,72.9,50.9,2026-06-04 22:00:00,2962354
74.2,44.0,72.5,50.9,2026-06-04 22:10:00,2962354
73.5,44.9,72.0,50.9,2026-06-04 22:20:00,2962354
73.2,46.2,71.8,51.3,2026-06-04 22:30:00,2962354
72.7,47.4,71.4,51.5,2026-06-04 22:40:00,2962354
72.2,48.2,71.2,51.5,2026-06-04 22:50:00,2962354
71.7,49.0,70.7,51.5,2026-06-04 23:00:00,2962354
71.3,49.8,70.3,51.5,2026-06-04 23:10:00,2962354
70.7,50.3,70.2,51.4,2026-06-04 23:20:00,2962354
70.5,51.1,69.8,51.6,2026-06-04 23:30:00,2962354
70.3,51.9,69.3,51.8,2026-06-04 23:40:00,2962354
69.8,53.0,68.7,51.9,2026-06-04 23:50:00,2962354
69.4,53.9,68.2,52.0,2026-06-05 00:00:00,2962354
68.6,55.8,67.3,52.2,2026-06-05 00:10:00,2962354
68.2,56.8,66.9,52.3,2026-06-05 00:20:00,2962354
67.6,58.4,66.0,52.5,2026-06-05 00:30:00,2962354
67.3,58.8,65.8,52.4,2026-06-05 00:40:00,2962354
67.0,59.2,65.3,52.3,2026-06-05 00:50:00,2962354
67.0,60.6,65.5,53.0,2026-06-05 01:00:00,2962354
67.4,60.4,66.0,53.3,2026-06-05 01:10:00,2962354
67.4,59.9,65.8,52.9,2026-06-05 01:20:00,2962354
66.8,60.8,65.3,52.8,2026-06-05 01:30:00,2962354
66.8,61.1,65.3,53.0,2026-06-05 01:40:00,2962354
66.5,61.9,64.9,53.0,2026-06-05 01:50:00,2962354
66.1,63.2,64.4,53.2,2026-06-05 02:00:00,2962354
65.8,64.1,64.0,53.3,2026-06-05 02:10:00,2962354
65.6,64.8,63.9,53.4,2026-06-05 02:20:00,2962354
65.6,65.3,63.9,53.6,2026-06-05 02:30:00,2962354
65.2,66.1,63.5,53.6,2026-06-05 02:40:00,2962354
64.8,66.8,63.1,53.5,2026-06-05 02:50:00,2962354
64.6,67.9,63.1,53.7,2026-06-05 03:00:00,2962354
64.3,68.7,62.8,53.8,2026-06-05 03:10:00,2962354
64.1,69.8,62.8,54.1,2026-06-05 03:20:00,2962354
64.0,70.2,62.6,54.1,2026-06-05 03:30:00,2962354
63.5,71.1,62.2,54.0,2026-06-05 03:40:00,2962354
63.2,71.8,62.1,54.0,2026-06-05 03:50:00,2962354
63.0,72.6,61.9,54.0,2026-06-05 04:00:00,2962354
62.7,73.3,61.7,54.1,2026-06-05 04:10:00,2962354
62.6,74.0,61.7,54.2,2026-06-05 04:20:00,2962354
62.5,74.4,61.5,54.2,2026-06-05 04:30:00,2962354
62.4,74.8,61.3,54.3,2026-06-05 04:40:00,2962354
62.2,75.5,61.3,54.3,2026-06-05 04:50:00,2962354
61.8,75.9,61.0,54.1,2026-06-05 05:00:00,2962354
61.6,76.9,60.8,54.3,2026-06-05 05:10:00,2962354
61.6,77.5,61.0,54.5,2026-06-05 05:20:00,2962354
61.4,78.3,60.8,54.5,2026-06-05 05:30:00,2962354
61.0,79.0,60.6,54.4,2026-06-05 05:40:00,2962354
60.7,80.0,60.3,54.5,2026-06-05 05:50:00,2962354
60.6,80.7,60.3,54.6,2026-06-05 06:00:00,2962354
60.5,81.3,60.3,54.7,2026-06-05 06:10:00,2962354
60.9,81.0,60.6,55.0,2026-06-05 06:20:00,2962354
61.3,80.6,60.8,55.2,2026-06-05 06:30:00,2962354
63.4,79.2,63.0,56.8,2026-06-05 06:40:00,2962354
64.8,75.4,64.0,56.9,2026-06-05 06:50:00,2962354
66.6,72.7,66.0,57.6,2026-06-05 07:00:00,2962354
66.6,68.9,65.7,56.1,2026-06-05 07:10:00,2962354
68.6,67.2,68.2,57.3,2026-06-05 07:20:00,2962354
69.6,65.2,69.3,57.4,2026-06-05 07:30:00,2962354
69.8,63.9,69.4,57.0,2026-06-05 07:40:00,2962354
70.6,60.9,70.5,56.5,2026-06-05 07:50:00,2962354
72.5,57.7,72.1,56.7,2026-06-05 08:00:00,2962354
75.1,55.7,74.5,58.2,2026-06-05 08:10:00,2962354
77.2,53.0,76.5,58.8,2026-06-05 08:20:00,2962354
78.6,50.5,77.9,58.7,2026-06-05 08:30:00,2962354
79.5,48.5,79.0,58.4,2026-06-05 08:40:00,2962354
82.0,46.9,81.7,59.7,2026-06-05 08:50:00,2962354
81.9,44.9,81.1,58.4,2026-06-05 09:00:00,2962354
84.4,44.8,84.7,60.6,2026-06-05 09:10:00,2962354
87.5,41.1,88.7,60.9,2026-06-05 09:20:00,2962354
86.7,39.0,86.9,58.8,2026-06-05 09:30:00,2962354
87.3,37.9,87.4,58.6,2026-06-05 09:40:00,2962354
89.1,37.7,90.3,59.9,2026-06-05 09:50:00,2962354
88.4,36.0,88.5,58.0,2026-06-05 10:00:00,2962354
89.2,35.7,89.4,58.5,2026-06-05 10:10:00,2962354
89.5,34.1,89.6,57.6,2026-06-05 10:20:00,2962354
90.4,34.3,91.0,58.5,2026-06-05 10:30:00,2962354
91.4,32.7,92.1,58.0,2026-06-05 10:40:00,2962354
90.6,32.9,90.9,57.5,2026-06-05 10:50:00,2962354
91.8,32.0,92.3,57.8,2026-06-05 11:00:00,2962354
91.8,31.8,92.1,57.5,2026-06-05 11:10:00,2962354
92.3,30.1,92.1,56.4,2026-06-05 11:20:00,2962354
92.7,29.3,92.5,56.0,2026-06-05 11:30:00,2962354
91.9,29.3,91.2,55.4,2026-06-05 11:40:00,2962354
91.5,28.5,90.5,54.2,2026-06-05 11:50:00,2962354
92.6,27.9,91.8,54.7,2026-06-05 12:00:00,2962354
94.4,27.9,94.3,56.1,2026-06-05 12:10:00,2962354
93.0,28.0,92.3,55.1,2026-06-05 12:20:00,2962354
93.0,27.6,92.3,54.6,2026-06-05 12:30:00,2962354
94.0,28.0,93.9,56.0,2026-06-05 12:40:00,2962354
94.3,27.0,94.1,55.2,2026-06-05 12:50:00,2962354
92.8,27.9,91.9,54.8,2026-06-05 13:00:00,2962354
93.8,27.3,93.4,55.1,2026-06-05 13:10:00,2962354
93.0,28.7,92.8,55.8,2026-06-05 13:20:00,2962354
93.8,28.1,93.7,55.9,2026-06-05 13:30:00,2962354
94.4,27.9,94.3,56.1,2026-06-05 13:40:00,2962354
93.8,26.6,93.2,54.4,2026-06-05 13:50:00,2962354
94.0,26.1,93.2,54.1,2026-06-05 14:00:00,2962354
93.9,25.4,92.8,53.2,2026-06-05 14:10:00,2962354
96.8,25.7,97.3,56.0,2026-06-05 14:20:00,2962354
93.5,24.7,91.9,52.1,2026-06-05 14:30:00,2962354
94.9,24.4,93.7,52.9,2026-06-05 14:40:00,2962354
94.4,25.9,93.6,54.1,2026-06-05 14:50:00,2962354
94.7,26.7,94.5,55.2,2026-06-05 15:00:00,2962354
96.4,24.9,96.1,54.7,2026-06-05 15:10:00,2962354
97.2,25.1,97.5,55.7,2026-06-05 15:20:00,2962354
95.7,25.9,95.7,55.2,2026-06-05 15:30:00,2962354
97.7,25.8,98.8,56.8,2026-06-05 15:40:00,2962354
95.8,23.8,94.8,53.0,2026-06-05 15:50:00,2962354
97.3,25.1,97.5,55.7,2026-06-05 16:00:00,2962354
97.3,25.0,97.5,55.6,2026-06-05 16:10:00,2962354
98.1,25.0,98.8,56.2,2026-06-05 16:20:00,2962354
97.3,24.4,97.2,55.0,2026-06-05 16:30:00,2962354
96.2,24.2,95.5,53.8,2026-06-05 16:40:00,2962354
96.4,24.6,96.1,54.5,2026-06-05 16:50:00,2962354
96.5,25.2,96.6,55.1,2026-06-05 17:00:00,2962354
93.8,25.2,92.7,52.8,2026-06-05 17:10:00,2962354
92.7,25.8,91.2,52.6,2026-06-05 17:20:00,2962354
94.6,25.6,93.7,54.0,2026-06-05 17:30:00,2962354
94.1,25.3,93.0,53.2,2026-06-05 17:40:00,2962354
93.4,25.3,92.1,52.7,2026-06-05 17:50:00,2962354
91.9,26.5,90.3,52.6,2026-06-05 18:00:00,2962354
93.3,26.9,92.3,54.2,2026-06-05 18:10:00,2962354
91.4,27.5,90.3,53.2,2026-06-05 18:20:00,2962354
90.9,29.5,90.0,54.7,2026-06-05 18:30:00,2962354
91.2,29.9,90.3,55.4,2026-06-05 18:40:00,2962354
90.7,30.1,90.0,55.1,2026-06-05 18:50:00,2962354
90.3,29.5,89.2,54.2,2026-06-05 19:00:00,2962354
89.5,30.5,88.2,54.4,2026-06-05 19:10:00,2962354
88.8,31.4,87.4,54.6,2026-06-05 19:20:00,2962354
88.2,32.1,86.9,54.7,2026-06-05 19:30:00,2962354
87.4,32.5,85.8,54.4,2026-06-05 19:40:00,2962354
86.5,33.2,84.9,54.1,2026-06-05 19:50:00,2962354
85.7,33.9,84.0,54.1,2026-06-05 20:00:00,2962354
85.0,34.6,83.3,53.9,2026-06-05 20:10:00,2962354
84.2,35.5,82.6,54.0,2026-06-05 20:20:00,2962354
83.7,36.4,82.0,54.2,2026-06-05 20:30:00,2962354
82.8,37.6,81.1,54.3,2026-06-05 20:40:00,2962354
82.0,38.3,80.2,54.1,2026-06-05 20:50:00,2962354
81.5,39.4,79.7,54.4,2026-06-05 21:00:00,2962354
80.9,39.9,79.0,54.3,2026-06-05 21:10:00,2962354
80.5,41.3,79.0,54.9,2026-06-05 21:20:00,2962354
80.1,41.5,78.4,54.6,2026-06-05 21:30:00,2962354
79.6,41.9,77.9,54.4,2026-06-05 21:40:00,2962354
79.2,42.8,77.5,54.7,2026-06-05 21:50:00,2962354
79.0,43.2,77.5,54.7,2026-06-05 22:00:00,2962354
78.7,44.0,77.2,55.0,2026-06-05 22:10:00,2962354
78.2,44.7,76.5,55.0,2026-06-05 22:20:00,2962354
78.4,45.3,77.0,55.5,2026-06-05 22:30:00,2962354
78.4,45.3,77.0,55.5,2026-06-05 22:40:00,2962354
78.5,45.2,77.2,55.5,2026-06-05 22:50:00,2962354
78.3,45.4,77.0,55.4,2026-06-05 23:00:00,2962354
77.6,46.6,76.1,55.6,2026-06-05 23:10:00,2962354
77.0,47.2,75.4,55.3,2026-06-05 23:20:00,2962354
76.6,48.4,75.2,55.7,2026-06-05 23:30:00,2962354
76.4,48.6,75.0,55.6,2026-06-05 23:40:00,2962354
76.1,49.5,74.8,55.9,2026-06-05 23:50:00,2962354
75.8,49.8,74.5,55.8,2026-06-06 00:00:00,2962354
75.4,50.6,74.3,55.8,2026-06-06 00:10:00,2962354
75.1,51.6,73.9,56.1,2026-06-06 00:20:00,2962354
75.0,52.1,73.9,56.3,2026-06-06 00:30:00,2962354
74.9,52.6,73.9,56.4,2026-06-06 00:40:00,2962354
74.7,52.8,73.8,56.4,2026-06-06 00:50:00,2962354
74.5,53.1,73.8,56.3,2026-06-06 01:00:00,2962354
74.2,54.0,73.4,56.5,2026-06-06 01:10:00,2962354
73.8,54.9,73.0,56.5,2026-06-06 01:20:00,2962354
73.3,55.6,72.9,56.5,2026-06-06 01:30:00,2962354
73.1,56.5,72.7,56.7,2026-06-06 01:40:00,2962354
72.7,57.6,72.5,56.9,2026-06-06 01:50:00,2962354
72.3,57.8,72.0,56.6,2026-06-06 02:00:00,2962354
72.1,58.1,71.8,56.5,2026-06-06 02:10:00,2962354
72.0,58.4,71.8,56.6,2026-06-06 02:20:00,2962354
72.0,59.4,71.8,57.0,2026-06-06 02:30:00,2962354
71.5,60.2,71.4,57.0,2026-06-06 02:40:00,2962354
71.3,60.7,71.2,57.0,2026-06-06 02:50:00,2962354
71.2,60.7,71.1,56.9,2026-06-06 03:00:00,2962354
71.2,61.6,71.2,57.3,2026-06-06 03:10:00,2962354
71.0,61.9,71.1,57.3,2026-06-06 03:20:00,2962354
70.6,62.6,70.5,57.3,2026-06-06 03:30:00,2962354
70.3,63.5,70.2,57.3,2026-06-06 03:40:00,2962354
70.3,63.8,70.2,57.4,2026-06-06 03:50:00,2962354
70.0,64.3,70.0,57.4,2026-06-06 04:00:00,2962354
69.6,64.9,69.4,57.3,2026-06-06 04:10:00,2962354
69.4,65.8,69.1,57.5,2026-06-06 04:20:00,2962354
69.3,66.2,69.3,57.5,2026-06-06 04:30:00,2962354
69.1,67.0,68.9,57.7,2026-06-06 04:40:00,2962354
68.8,67.6,68.5,57.6,2026-06-06 04:50:00,2962354
68.5,68.2,68.0,57.5,2026-06-06 05:00:00,2962354
68.1,69.1,67.6,57.6,2026-06-06 05:10:00,2962354
67.9,69.7,67.5,57.7,2026-06-06 05:20:00,2962354
67.8,70.0,67.3,57.7,2026-06-06 05:30:00,2962354
67.5,70.9,66.9,57.7,2026-06-06 05:40:00,2962354
67.5,71.3,67.1,57.9,2026-06-06 05:50:00,2962354
67.5,71.5,67.1,57.9,2026-06-06 06:00:00,2962354
67.6,71.7,67.1,58.2,2026-06-06 06:10:00,2962354
67.8,71.9,67.6,58.4,2026-06-06 06:20:00,2962354
68.6,71.3,68.4,59.0,2026-06-06 06:30:00,2962354
71.0,69.0,71.4,60.3,2026-06-06 06:40:00,2962354
72.8,65.3,73.0,60.5,2026-06-06 06:50:00,2962354
74.6,62.2,74.7,60.8,2026-06-06 07:00:00,2962354
76.4,59.9,76.1,61.4,2026-06-06 07:10:00,2962354
77.1,57.7,76.8,61.0,2026-06-06 07:20:00,2962354
76.4,57.3,75.9,60.2,2026-06-06 07:30:00,2962354
76.9,57.1,76.5,60.5,2026-06-06 07:40:00,2962354
77.8,56.0,77.7,60.9,2026-06-06 07:50:00,2962354
79.2,54.9,79.5,61.6,2026-06-06 08:00:00,2962354
81.2,53.1,81.9,62.5,2026-06-06 08:10:00,2962354
82.5,51.5,83.3,62.8,2026-06-06 08:20:00,2962354
82.0,49.9,82.2,61.5,2026-06-06 08:30:00,2962354
81.5,49.7,81.7,60.9,2026-06-06 08:40:00,2962354
83.4,49.9,84.6,62.8,2026-06-06 08:50:00,2962354
83.2,49.3,84.2,62.2,2026-06-06 09:00:00,2962354
84.1,46.3,84.7,61.3,2026-06-06 09:10:00,2962354
84.4,46.1,85.5,61.4,2026-06-06 09:20:00,2962354
85.6,45.2,86.9,62.0,2026-06-06 09:30:00,2962354
86.4,43.7,87.8,61.7,2026-06-06 09:40:00,2962354
85.8,44.4,86.9,61.6,2026-06-06 09:50:00,2962354
86.0,44.1,87.4,61.7,2026-06-06 10:00:00,2962354
85.3,42.6,85.6,60.0,2026-06-06 10:10:00,2962354
85.4,42.6,85.8,60.1,2026-06-06 10:20:00,2962354
86.4,43.6,87.8,61.6,2026-06-06 10:30:00,2962354
88.5,42.5,90.5,62.8,2026-06-06 10:40:00,2962354
87.9,41.9,89.4,61.9,2026-06-06 10:50:00,2962354
89.5,40.2,91.8,62.1,2026-06-06 11:00:00,2962354
89.2,40.1,91.0,61.8,2026-06-06 11:10:00,2962354
88.4,39.6,89.6,60.7,2026-06-06 11:20:00,2962354
89.6,38.2,91.0,60.8,2026-06-06 11:30:00,2962354
89.7,38.2,91.4,60.8,2026-06-06 11:40:00,2962354
90.1,38.4,91.9,61.3,2026-06-06 11:50:00,2962354
90.8,37.2,92.8,61.1,2026-06-06 12:00:00,2962354
90.2,36.1,91.4,59.7,2026-06-06 12:10:00,2962354
91.2,35.1,92.5,59.8,2026-06-06 12:20:00,2962354
91.6,36.0,93.7,60.9,2026-06-06 12:30:00,2962354
91.5,35.5,93.2,60.4,2026-06-06 12:40:00,2962354
92.2,35.0,94.3,60.6,2026-06-06 12:50:00,2962354
92.8,35.0,95.0,61.1,2026-06-06 13:00:00,2962354
91.2,35.6,92.7,60.2,2026-06-06 13:10:00,2962354
93.9,33.4,96.3,60.8,2026-06-06 13:20:00,2962354
95.0,33.2,98.1,61.6,2026-06-06 13:30:00,2962354
92.6,35.7,95.0,61.5,2026-06-06 13:40:00,2962354
91.7,36.3,93.9,61.2,2026-06-06 13:50:00,2962354
91.6,34.5,93.0,59.6,2026-06-06 14:00:00,2962354
92.0,35.2,93.9,60.6,2026-06-06 14:10:00,2962354
91.0,37.0,93.0,61.1,2026-06-06 14:20:00,2962354
93.4,37.9,97.5,63.9,2026-06-06 14:30:00,2962354
94.8,35.5,99.1,63.3,2026-06-06 14:40:00,2962354
93.2,36.6,96.8,62.7,2026-06-06 14:50:00,2962354
93.7,36.6,97.3,63.2,2026-06-06 15:00:00,2962354
93.4,36.7,97.0,63.0,2026-06-06 15:10:00,2962354
94.9,35.0,98.8,63.0,2026-06-06 15:20:00,2962354
92.7,34.1,94.6,60.4,2026-06-06 15:30:00,2962354
91.4,36.2,93.6,60.8,2026-06-06 15:40:00,2962354
92.6,36.1,95.2,61.8,2026-06-06 15:50:00,2962354
95.8,34.7,100.2,63.6,2026-06-06 16:00:00,2962354
95.7,32.9,98.8,61.8,2026-06-06 16:10:00,2962354
95.5,33.8,99.1,62.5,2026-06-06 16:20:00,2962354
94.5,33.0,97.0,61.0,2026-06-06 16:30:00,2962354
95.2,33.2,98.4,61.7,2026-06-06 16:40:00,2962354
94.7,33.7,97.7,61.7,2026-06-06 16:50:00,2962354
94.3,33.9,97.2,61.6,2026-06-06 17:00:00,2962354
92.5,34.9,94.6,60.8,2026-06-06 17:10:00,2962354
92.9,35.9,95.7,61.9,2026-06-06 17:20:00,2962354
93.0,35.0,95.4,61.3,2026-06-06 17:30:00,2962354
93.0,34.0,95.0,60.5,2026-06-06 17:40:00,2962354
92.4,34.6,94.3,60.4,2026-06-06 17:50:00,2962354
90.7,34.5,91.6,58.9,2026-06-06 18:00:00,2962354
91.5,35.2,93.2,60.2,2026-06-06 18:10:00,2962354
90.4,35.5,91.6,59.4,2026-06-06 18:20:00,2962354
90.1,34.8,91.0,58.6,2026-06-06 18:30:00,2962354
89.9,34.1,90.1,57.9,2026-06-06 18:40:00,2962354
89.8,34.7,90.1,58.3,2026-06-06 18:50:00,2962354
89.2,37.0,90.0,59.5,2026-06-06 19:00:00,2962354
88.8,38.7,90.0,60.4,2026-06-06 19:10:00,2962354
87.6,39.5,88.2,59.9,2026-06-06 19:20:00,2962354
87.6,38.6,87.8,59.3,2026-06-06 19:30:00,2962354
87.2,39.2,87.4,59.3,2026-06-06 19:40:00,2962354
86.6,40.8,87.3,60.0,2026-06-06 19:50:00,2962354
86.1,41.5,86.5,60.0,2026-06-06 20:00:00,2962354
85.7,42.2,86.4,60.1,2026-06-06 20:10:00,2962354
84.7,43.1,84.9,59.8,2026-06-06 20:20:00,2962354
84.0,44.1,84.4,59.8,2026-06-06 20:30:00,2962354
83.2,45.2,83.1,59.8,2026-06-06 20:40:00,2962354
82.9,45.9,82.8,59.9,2026-06-06 20:50:00,2962354
81.9,47.5,81.9,60.0,2026-06-06 21:00:00,2962354
81.5,48.0,81.1,59.9,2026-06-06 21:10:00,2962354
81.1,48.6,81.0,59.9,2026-06-06 21:20:00,2962354
80.7,49.5,80.6,60.1,2026-06-06 21:30:00,2962354
80.2,50.3,80.1,60.1,2026-06-06 21:40:00,2962354
80.0,50.5,79.7,59.9,2026-06-06 21:50:00,2962354
80.0,51.5,79.9,60.5,2026-06-06 22:00:00,2962354
79.8,51.9,79.9,60.6,2026-06-06 22:10:00,2962354
79.7,52.3,79.5,60.6,2026-06-06 22:20:00,2962354
79.5,52.6,79.5,60.7,2026-06-06 22:30:00,2962354
79.4,52.9,79.5,60.7,2026-06-06 22:40:00,2962354
79.4,53.2,79.5,60.9,2026-06-06 22:50:00,2962354
79.0,53.6,79.2,60.7,2026-06-06 23:00:00,2962354
78.9,53.7,78.8,60.7,2026-06-06 23:10:00,2962354
78.8,54.0,78.8,60.8,2026-06-06 23:20:00,2962354
78.4,54.6,78.3,60.7,2026-06-06 23:30:00,2962354
78.1,55.2,78.1,60.7,2026-06-06 23:40:00,2962354
77.8,55.7,77.5,60.7,2026-06-06 23:50:00,2962354
77.6,56.1,77.4,60.8,2026-06-07 00:00:00,2962354
77.5,56.7,77.4,60.9,2026-06-07 00:10:00,2962354
77.1,57.4,76.8,60.9,2026-06-07 00:20:00,2962354
77.0,58.1,76.5,61.1,2026-06-07 00:30:00,2962354
77.0,58.6,77.0,61.4,2026-06-07 00:40:00,2962354
76.7,59.2,76.5,61.4,2026-06-07 00:50:00,2962354
76.3,59.8,76.1,61.3,2026-06-07 01:00:00,2962354
76.0,60.7,75.9,61.5,2026-06-07 01:10:00,2962354
75.8,61.3,75.7,61.6,2026-06-07 01:20:00,2962354
75.6,61.9,75.7,61.6,2026-06-07 01:30:00,2962354
75.2,62.4,75.2,61.5,2026-06-07 01:40:00,2962354
74.8,63.1,75.0,61.4,2026-06-07 01:50:00,2962354
74.4,64.2,74.7,61.5,2026-06-07 02:00:00,2962354
74.0,65.4,74.3,61.6,2026-06-07 02:10:00,2962354
73.5,66.3,73.9,61.6,2026-06-07 02:20:00,2962354
73.1,67.1,73.6,61.6,2026-06-07 02:30:00,2962354
73.0,67.9,73.4,61.7,2026-06-07 02:40:00,2962354
72.8,68.5,73.2,61.9,2026-06-07 02:50:00,2962354
72.9,68.6,73.4,62.0,2026-06-07 03:00:00,2962354
72.8,68.7,73.2,61.9,2026-06-07 03:10:00,2962354
72.6,69.2,73.2,62.0,2026-06-07 03:20:00,2962354
72.6,69.5,73.2,62.0,2026-06-07 03:30:00,2962354
72.5,69.9,73.2,62.1,2026-06-07 03:40:00,2962354
72.3,70.1,73.0,62.1,2026-06-07 03:50:00,2962354
72.1,70.4,72.7,62.0,2026-06-07 04:00:00,2962354
72.0,70.8,72.7,62.0,2026-06-07 04:10:00,2962354
72.0,71.0,72.7,62.0,2026-06-07 04:20:00,2962354
71.8,71.2,72.5,62.0,2026-06-07 04:30:00,2962354
71.7,71.5,72.3,62.0,2026-06-07 04:40:00,2962354
71.5,71.9,72.1,62.0,2026-06-07 04:50:00,2962354
71.3,72.4,72.1,62.0,2026-06-07 05:00:00,2962354
71.1,73.2,72.0,62.0,2026-06-07 05:10:00,2962354
70.7,73.9,71.2,62.0,2026-06-07 05:20:00,2962354
70.4,74.6,71.1,62.0,2026-06-07 05:30:00,2962354
70.1,75.1,70.7,61.8,2026-06-07 05:40:00,2962354
69.9,75.9,70.5,61.9,2026-06-07 05:50:00,2962354
69.8,76.5,70.5,62.1,2026-06-07 06:00:00,2962354
69.6,76.6,70.3,62.0,2026-06-07 06:10:00,2962354
69.9,76.8,70.5,62.3,2026-06-07 06:20:00,2962354
70.6,76.1,71.4,62.7,2026-06-07 06:30:00,2962354
72.2,74.4,73.2,63.6,2026-06-07 06:40:00,2962354
73.0,71.6,73.8,63.3,2026-06-07 06:50:00,2962354
75.3,69.3,76.1,64.5,2026-06-07 07:00:00,2962354
77.1,66.7,77.9,65.1,2026-06-07 07:10:00,2962354
76.9,64.0,77.4,63.8,2026-06-07 07:20:00,2962354
77.5,63.4,78.1,64.1,2026-06-07 07:30:00,2962354
78.5,62.2,79.7,64.5,2026-06-07 07:40:00,2962354
80.2,61.4,82.0,65.7,2026-06-07 07:50:00,2962354
79.3,59.0,80.2,63.7,2026-06-07 08:00:00,2962354
80.4,59.3,82.2,65.0,2026-06-07 08:10:00,2962354
79.6,59.0,80.6,64.0,2026-06-07 08:20:00,2962354
81.4,58.5,83.3,65.5,2026-06-07 08:30:00,2962354
82.9,57.6,85.5,66.3,2026-06-07 08:40:00,2962354
82.1,55.3,83.7,64.5,2026-06-07 08:50:00,2962354
84.0,53.7,86.9,65.5,2026-06-07 09:00:00,2962354
84.9,53.3,88.3,66.0,2026-06-07 09:10:00,2962354
85.3,51.8,88.5,65.6,2026-06-07 09:20:00,2962354
85.4,51.6,88.5,65.5,2026-06-07 09:30:00,2962354
87.0,49.6,90.7,65.9,2026-06-07 09:40:00,2962354
86.8,48.1,89.8,64.8,2026-06-07 09:50:00,2962354
87.4,47.7,90.5,65.1,2026-06-07 10:00:00,2962354
87.7,47.6,91.0,65.3,2026-06-07 10:10:00,2962354
88.8,46.0,92.5,65.4,2026-06-07 10:20:00,2962354
90.6,46.3,96.3,67.2,2026-06-07 10:30:00,2962354
91.0,43.8,95.7,65.9,2026-06-07 10:40:00,2962354
89.8,43.6,93.6,64.7,2026-06-07 10:50:00,2962354
90.7,43.7,95.4,65.6,2026-06-07 11:00:00,2962354
92.8,42.5,98.6,66.7,2026-06-07 11:10:00,2962354
92.8,42.1,98.2,66.3,2026-06-07 11:20:00,2962354
92.4,42.4,97.9,66.2,2026-06-07 11:30:00,2962354
93.2,40.9,98.8,65.9,2026-06-07 11:40:00,2962354
93.7,38.2,98.1,64.4,2026-06-07 11:50:00,2962354
93.9,38.5,98.6,64.8,2026-06-07 12:00:00,2962354
93.9,36.4,97.5,63.2,2026-06-07 12:10:00,2962354
92.9,36.8,96.1,62.6,2026-06-07 12:20:00,2962354
93.3,35.7,96.3,62.1,2026-06-07 12:30:00,2962354
93.8,36.5,97.5,63.2,2026-06-07 12:40:00,2962354
93.6,35.3,96.6,62.1,2026-06-07 12:50:00,2962354
94.7,35.0,98.6,62.8,2026-06-07 13:00:00,2962354
94.5,33.6,97.5,61.5,2026-06-07 13:10:00,2962354
96.3,35.5,101.7,64.6,2026-06-07 13:20:00,2962354
94.3,31.3,95.9,59.3,2026-06-07 13:30:00,2962354
96.6,33.2,100.6,62.9,2026-06-07 13:40:00,2962354
96.2,32.7,99.7,62.2,2026-06-07 13:50:00,2962354
96.9,33.1,101.1,63.1,2026-06-07 14:00:00,2962354
98.7,31.6,103.3,63.4,2026-06-07 14:10:00,2962354
96.1,31.3,98.8,60.8,2026-06-07 14:20:00,2962354
96.9,32.6,100.9,62.7,2026-06-07 14:30:00,2962354
97.2,32.3,101.3,62.7,2026-06-07 14:40:00,2962354
98.1,31.3,102.2,62.6,2026-06-07 14:50:00,2962354
98.3,30.2,101.7,61.6,2026-06-07 15:00:00,2962354
97.7,33.1,102.7,63.8,2026-06-07 15:10:00,2962354
97.9,31.4,101.8,62.5,2026-06-07 15:20:00,2962354
97.5,31.7,101.5,62.4,2026-06-07 15:30:00,2962354
97.3,31.6,100.9,62.1,2026-06-07 15:40:00,2962354
98.4,31.0,102.6,62.6,2026-06-07 15:50:00,2962354
99.4,30.6,103.8,63.1,2026-06-07 16:00:00,2962354
96.4,32.5,99.9,62.1,2026-06-07 16:10:00,2962354
98.4,32.8,103.8,64.2,2026-06-07 16:20:00,2962354
99.4,31.4,104.4,63.8,2026-06-07 16:30:00,2962354
99.9,30.6,104.7,63.5,2026-06-07 16:40:00,2962354
99.1,31.2,103.6,63.4,2026-06-07 16:50:00,2962354
98.6,31.8,103.5,63.4,2026-06-07 17:00:00,2962354
95.7,34.5,100.0,63.2,2026-06-07 17:10:00,2962354
94.9,36.5,99.5,64.1,2026-06-07 17:20:00,2962354
96.6,36.8,102.7,65.9,2026-06-07 17:30:00,2962354
93.9,36.8,97.9,63.5,2026-06-07 17:40:00,2962354
95.0,37.0,100.2,64.7,2026-06-07 17:50:00,2962354
94.1,38.0,99.0,64.6,2026-06-07 18:00:00,2962354
95.0,37.6,100.6,65.1,2026-06-07 18:10:00,2962354
92.9,37.7,96.6,63.3,2026-06-07 18:20:00,2962354
93.0,38.0,96.8,63.6,2026-06-07 18:30:00,2962354
92.2,38.8,95.9,63.5,2026-06-07 18:40:00,2962354
92.1,39.0,96.1,63.6,2026-06-07 18:50:00,2962354
91.8,39.2,95.4,63.5,2026-06-07 19:00:00,2962354
91.1,40.0,94.6,63.4,2026-06-07 19:10:00,2962354
90.9,40.0,94.3,63.2,2026-06-07 19:20:00,2962354
90.4,40.3,93.4,63.0,2026-06-07 19:30:00,2962354
89.8,40.8,92.5,62.9,2026-06-07 19:40:00,2962354
89.5,40.9,91.9,62.7,2026-06-07 19:50:00,2962354
89.0,40.7,90.9,62.0,2026-06-07 20:00:00,2962354
88.6,41.0,90.5,61.9,2026-06-07 20:10:00,2962354
88.3,41.3,89.8,61.8,2026-06-07 20:20:00,2962354
87.9,41.6,89.2,61.7,2026-06-07 20:30:00,2962354
87.6,42.5,89.1,62.0,2026-06-07 20:40:00,2962354
87.2,43.4,88.9,62.2,2026-06-07 20:50:00,2962354
86.8,44.2,88.5,62.4,2026-06-07 21:00:00,2962354
86.3,45.1,88.0,62.5,2026-06-07 21:10:00,2962354
85.8,45.7,87.3,62.5,2026-06-07 21:20:00,2962354
85.5,46.2,87.1,62.5,2026-06-07 21:30:00,2962354
85.1,46.9,86.7,62.6,2026-06-07 21:40:00,2962354
84.8,47.8,86.4,62.9,2026-06-07 21:50:00,2962354
84.4,48.7,86.0,63.0,2026-06-07 22:00:00,2962354
84.2,49.2,85.6,63.1,2026-06-07 22:10:00,2962354
83.7,49.8,85.1,63.0,2026-06-07 22:20:00,2962354
83.4,50.4,84.7,63.1,2026-06-07 22:30:00,2962354
83.1,50.9,84.2,63.1,2026-06-07 22:40:00,2962354
82.9,51.1,84.0,62.9,2026-06-07 22:50:00,2962354
82.7,51.2,83.7,62.9,2026-06-07 23:00:00,2962354
82.4,52.0,83.5,63.0,2026-06-07 23:10:00,2962354
82.3,52.3,83.3,63.1,2026-06-07 23:20:00,2962354
82.0,53.0,82.9,63.1,2026-06-07 23:30:00,2962354
81.7,53.9,82.8,63.4,2026-06-07 23:40:00,2962354
81.5,54.8,82.8,63.7,2026-06-07 23:50:00,2962354
81.3,55.5,82.4,63.9,2026-06-08 00:00:00,2962354
81.0,56.0,82.2,63.8,2026-06-08 00:10:00,2962354
80.6,56.8,82.0,63.9,2026-06-08 00:20:00,2962354
80.3,57.6,81.5,64.0,2026-06-08 00:30:00,2962354
80.0,58.2,81.0,64.0,2026-06-08 00:40:00,2962354
79.5,59.1,80.6,64.0,2026-06-08 00:50:00,2962354
79.4,59.5,80.6,64.1,2026-06-08 01:00:00,2962354
79.2,59.8,80.2,64.1,2026-06-08 01:10:00,2962354
79.0,60.4,80.2,64.1,2026-06-08 01:20:00,2962354
78.9,60.9,79.9,64.3,2026-06-08 01:30:00,2962354
78.7,61.3,79.7,64.3,2026-06-08 01:40:00,2962354
78.5,61.8,79.5,64.4,2026-06-08 01:50:00,2962354
78.4,62.2,79.3,64.4,2026-06-08 02:00:00,2962354
78.1,62.9,79.2,64.4,2026-06-08 02:10:00,2962354
77.8,63.5,78.8,64.4,2026-06-08 02:20:00,2962354
77.4,64.1,78.3,64.3,2026-06-08 02:30:00,2962354
77.2,64.7,78.1,64.4,2026-06-08 02:40:00,2962354
76.9,65.5,77.5,64.5,2026-06-08 02:50:00,2962354
76.7,66.0,77.4,64.5,2026-06-08 03:00:00,2962354
76.5,66.6,77.2,64.5,2026-06-08 03:10:00,2962354
76.3,67.1,76.8,64.5,2026-06-08 03:20:00,2962354
76.0,67.6,76.6,64.5,2026-06-08 03:30:00,2962354
75.8,68.1,76.5,64.5,2026-06-08 03:40:00,2962354
75.8,68.6,76.5,64.8,2026-06-08 03:50:00,2962354
75.7,68.9,76.3,64.8,2026-06-08 04:00:00,2962354
75.7,69.1,76.5,64.9,2026-06-08 04:10:00,2962354
75.5,69.5,76.3,64.9,2026-06-08 04:20:00,2962354
75.6,69.9,76.5,65.1,2026-06-08 04:30:00,2962354
75.5,70.0,76.3,65.0,2026-06-08 04:40:00,2962354
75.4,70.1,76.3,65.0,2026-06-08 04:50:00,2962354
75.4,70.3,76.3,65.1,2026-06-08 05:00:00,2962354
75.3,70.7,76.3,65.1,2026-06-08 05:10:00,2962354
75.1,71.1,76.1,65.1,2026-06-08 05:20:00,2962354
74.7,71.8,75.7,65.0,2026-06-08 05:30:00,2962354
74.3,72.6,75.4,64.9,2026-06-08 05:40:00,2962354
74.0,73.3,75.0,65.0,2026-06-08 05:50:00,2962354
73.9,73.8,75.0,65.0,2026-06-08 06:00:00,2962354
73.7,74.5,74.8,65.0,2026-06-08 06:10:00,2962354
73.8,74.8,75.0,65.3,2026-06-08 06:20:00,2962354
74.0,74.9,75.2,65.6,2026-06-08 06:30:00,2962354
75.6,73.9,77.0,66.7,2026-06-08 06:40:00,2962354
77.2,71.5,79.0,67.3,2026-06-08 06:50:00,2962354
78.8,69.0,81.3,67.8,2026-06-08 07:00:00,2962354
81.2,64.2,84.4,67.9,2026-06-08 07:10:00,2962354
81.9,60.4,84.6,66.8,2026-06-08 07:20:00,2962354
81.8,59.2,83.8,66.2,2026-06-08 07:30:00,2962354
83.6,58.6,87.1,67.6,2026-06-08 07:40:00,2962354
84.7,57.4,88.9,67.9,2026-06-08 07:50:00,2962354
85.1,56.9,90.0,68.1,2026-06-08 08:00:00,2962354
84.3,55.6,87.6,66.7,2026-06-08 08:10:00,2962354
85.7,55.4,90.3,67.9,2026-06-08 08:20:00,2962354
86.9,55.1,92.3,68.8,2026-06-08 08:30:00,2962354
86.2,54.3,91.0,67.7,2026-06-08 08:40:00,2962354
86.1,53.8,90.5,67.4,2026-06-08 08:50:00,2962354
87.1,53.5,92.3,68.2,2026-06-08 09:00:00,2962354
87.0,53.3,91.9,68.0,2026-06-08 09:10:00,2962354
87.8,52.1,93.2,68.0,2026-06-08 09:20:00,2962354
88.4,50.9,93.7,67.9,2026-06-08 09:30:00,2962354
89.8,50.4,96.6,69.0,2026-06-08 09:40:00,2962354
88.8,50.5,94.5,68.0,2026-06-08 09:50:00,2962354
90.6,49.4,97.7,69.0,2026-06-08 10:00:00,2962354
90.2,48.5,96.6,68.1,2026-06-08 10:10:00,2962354
90.6,47.9,97.0,68.1,2026-06-08 10:20:00,2962354
91.5,46.7,98.2,68.2,2026-06-08 10:30:00,2962354
92.8,47.2,100.9,69.6,2026-06-08 10:40:00,2962354
93.0,44.5,100.2,68.2,2026-06-08 10:50:00,2962354
92.9,44.6,99.9,68.2,2026-06-08 11:00:00,2962354
94.9,44.6,104.0,70.0,2026-06-08 11:10:00,2962354
94.3,44.4,102.4,69.2,2026-06-08 11:20:00,2962354
93.8,43.4,101.1,68.2,2026-06-08 11:30:00,2962354
93.7,43.2,100.6,67.9,2026-06-08 11:40:00,2962354
93.4,42.7,100.0,67.4,2026-06-08 11:50:00,2962354
96.0,40.7,104.2,68.3,2026-06-08 12:00:00,2962354
93.3,40.6,98.6,65.8,2026-06-08 12:10:00,2962354
93.0,42.8,99.0,67.0,2026-06-08 12:20:00,2962354
94.3,41.2,100.8,67.0,2026-06-08 12:30:00,2962354
94.2,40.9,100.6,66.8,2026-06-08 12:40:00,2962354
92.5,41.1,97.5,65.4,2026-06-08 12:50:00,2962354
94.8,40.5,101.8,67.1,2026-06-08 13:00:00,2962354
92.2,40.9,96.8,65.0,2026-06-08 13:10:00,2962354
95.3,40.1,102.4,67.2,2026-06-08 13:20:00,2962354
94.8,37.8,99.9,65.0,2026-06-08 13:30:00,2962354
92.4,39.1,96.4,63.9,2026-06-08 13:40:00,2962354
95.8,39.1,102.9,67.0,2026-06-08 13:50:00,2962354
94.7,38.1,100.0,65.2,2026-06-08 14:00:00,2962354
94.4,39.1,100.0,65.7,2026-06-08 14:10:00,2962354
95.0,38.6,101.1,65.9,2026-06-08 14:20:00,2962354
96.0,37.6,102.4,65.9,2026-06-08 14:30:00,2962354
94.9,38.3,100.6,65.6,2026-06-08 14:40:00,2962354
96.4,37.0,102.6,65.8,2026-06-08 14:50:00,2962354
93.0,38.4,97.0,63.9,2026-06-08 15:00:00,2962354
92.6,39.6,96.8,64.4,2026-06-08 15:10:00,2962354
94.8,39.5,101.3,66.3,2026-06-08 15:20:00,2962354
94.0,39.3,99.3,65.5,2026-06-08 15:30:00,2962354
95.5,39.2,102.2,66.8,2026-06-08 15:40:00,2962354
93.1,38.2,97.2,63.9,2026-06-08 15:50:00,2962354
92.9,40.3,97.9,65.2,2026-06-08 16:00:00,2962354
92.9,39.6,97.5,64.7,2026-06-08 16:10:00,2962354
94.1,39.6,99.9,65.8,2026-06-08 16:20:00,2962354
93.9,38.0,98.6,64.5,2026-06-08 16:30:00,2962354
93.7,38.7,98.8,64.8,2026-06-08 16:40:00,2962354
93.8,38.3,98.6,64.6,2026-06-08 16:50:00,2962354
93.5,38.3,97.9,64.3,2026-06-08 17:00:00,2962354
92.8,37.6,96.3,63.2,2026-06-08 17:10:00,2962354
92.7,37.7,96.3,63.1,2026-06-08 17:20:00,2962354
93.3,36.6,96.8,62.8,2026-06-08 17:30:00,2962354
93.9,36.8,97.9,63.5,2026-06-08 17:40:00,2962354
92.6,36.6,95.5,62.2,2026-06-08 17:50:00,2962354
91.6,37.4,94.3,62.0,2026-06-08 18:00:00,2962354
91.2,38.2,94.1,62.2,2026-06-08 18:10:00,2962354
90.7,38.2,93.2,61.8,2026-06-08 18:20:00,2962354
90.3,38.8,92.8,61.8,2026-06-08 18:30:00,2962354
90.4,39.5,93.0,62.4,2026-06-08 18:40:00,2962354
90.1,39.6,92.5,62.3,2026-06-08 18:50:00,2962354
89.3,40.2,91.4,62.0,2026-06-08 19:00:00,2962354
88.7,41.0,90.5,62.0,2026-06-08 19:10:00,2962354
88.4,41.3,90.1,61.9,2026-06-08 19:20:00,2962354
88.1,41.9,89.8,62.1,2026-06-08 19:30:00,2962354
87.3,43.9,89.2,62.7,2026-06-08 19:40:00,2962354
86.7,45.0,88.9,62.9,2026-06-08 19:50:00,2962354
86.1,46.4,88.0,63.1,2026-06-08 20:00:00,2962354
85.7,47.7,87.8,63.6,2026-06-08 20:10:00,2962354
85.0,48.9,87.1,63.6,2026-06-08 20:20:00,2962354
84.4,49.8,86.0,63.6,2026-06-08 20:30:00,2962354
83.5,51.1,85.3,63.5,2026-06-08 20:40:00,2962354
82.9,52.2,84.2,63.5,2026-06-08 20:50:00,2962354
82.4,53.2,83.5,63.6,2026-06-08 21:00:00,2962354
81.9,54.2,83.3,63.7,2026-06-08 21:10:00,2962354
81.5,55.0,82.4,63.7,2026-06-08 21:20:00,2962354
80.9,55.6,81.9,63.5,2026-06-08 21:30:00,2962354
80.4,56.2,81.3,63.4,2026-06-08 21:40:00,2962354
80.0,57.3,81.0,63.6,2026-06-08 21:50:00,2962354
79.4,58.0,80.2,63.4,2026-06-08 22:00:00,2962354
78.8,59.2,79.3,63.3,2026-06-08 22:10:00,2962354
78.2,60.2,78.8,63.3,2026-06-08 22:20:00,2962354
77.6,61.4,78.1,63.3,2026-06-08 22:30:00,2962354
76.6,62.4,76.8,62.8,2026-06-08 22:40:00,2962354
76.1,63.6,76.5,62.9,2026-06-08 22:50:00,2962354
75.3,64.6,75.6,62.6,2026-06-08 23:00:00,2962354
74.8,65.1,75.0,62.3,2026-06-08 23:10:00,2962354
74.2,64.8,74.5,61.6,2026-06-08 23:20:00,2962354
73.8,64.8,74.1,61.2,2026-06-08 23:30:00,2962354
73.3,66.0,73.6,61.3,2026-06-08 23:40:00,2962354
72.8,66.4,73.2,60.9,2026-06-08 23:50:00,2962354
72.3,67.3,72.7,60.8,2026-06-09 00:00:00,2962354
72.0,67.8,72.5,60.8,2026-06-09 00:10:00,2962354
71.6,68.3,72.0,60.5,2026-06-09 00:20:00,2962354
71.3,68.8,71.8,60.6,2026-06-09 00:30:00,2962354
71.3,69.2,72.0,60.7,2026-06-09 00:40:00,2962354
71.0,69.5,71.6,60.5,2026-06-09 00:50:00,2962354
70.7,70.0,71.4,60.4,2026-06-09 01:00:00,2962354
70.5,70.5,71.1,60.5,2026-06-09 01:10:00,2962354
70.1,71.0,70.3,60.3,2026-06-09 01:20:00,2962354
70.0,70.7,70.3,60.1,2026-06-09 01:30:00,2962354
69.5,70.6,69.6,59.5,2026-06-09 01:40:00,2962354
69.0,67.7,68.7,57.9,2026-06-09 01:50:00,2962354
68.5,66.3,68.0,56.9,2026-06-09 02:00:00,2962354
68.3,66.8,67.6,56.8,2026-06-09 02:10:00,2962354
68.1,67.8,67.5,57.0,2026-06-09 02:20:00,2962354
67.9,68.0,67.3,57.0,2026-06-09 02:30:00,2962354
67.8,68.6,67.1,57.1,2026-06-09 02:40:00,2962354
67.8,69.1,67.1,57.3,2026-06-09 02:50:00,2962354
67.7,69.0,67.1,57.2,2026-06-09 03:00:00,2962354
67.8,69.2,67.1,57.3,2026-06-09 03:10:00,2962354
67.7,69.7,67.3,57.5,2026-06-09 03:20:00,2962354
67.5,69.7,66.9,57.3,2026-06-09 03:30:00,2962354
67.6,69.6,66.9,57.3,2026-06-09 03:40:00,2962354
67.7,70.2,67.3,57.6,2026-06-09 03:50:00,2962354
67.7,70.4,67.3,57.7,2026-06-09 04:00:00,2962354
67.6,70.6,66.9,57.7,2026-06-09 04:10:00,2962354
67.5,71.1,66.9,57.8,2026-06-09 04:20:00,2962354
67.3,70.4,66.7,57.4,2026-06-09 04:30:00,2962354
67.2,71.0,66.6,57.5,2026-06-09 04:40:00,2962354
67.2,71.8,66.6,57.8,2026-06-09 04:50:00,2962354
67.3,72.1,66.9,58.0,2026-06-09 05:00:00,2962354
67.2,72.6,66.7,58.1,2026-06-09 05:10:00,2962354
67.0,71.1,66.2,57.3,2026-06-09 05:20:00,2962354
66.9,70.2,66.0,56.9,2026-06-09 05:30:00,2962354
66.6,70.3,65.8,56.6,2026-06-09 05:40:00,2962354
66.4,69.7,65.5,56.2,2026-06-09 05:50:00,2962354
66.3,69.1,65.1,55.9,2026-06-09 06:00:00,2962354
66.5,67.9,65.3,55.5,2026-06-09 06:10:00,2962354
66.4,67.8,65.3,55.4,2026-06-09 06:20:00,2962354
66.4,67.3,65.3,55.3,2026-06-09 06:30:00,2962354
66.8,67.4,65.7,55.7,2026-06-09 06:40:00,2962354
67.6,66.4,66.7,56.0,2026-06-09 06:50:00,2962354
68.5,65.5,67.8,56.5,2026-06-09 07:00:00,2962354
68.5,64.8,67.8,56.2,2026-06-09 07:10:00,2962354
69.4,62.9,68.9,56.2,2026-06-09 07:20:00,2962354
70.4,62.0,70.3,56.8,2026-06-09 07:30:00,2962354
71.7,60.4,71.6,57.3,2026-06-09 07:40:00,2962354
70.7,60.6,70.5,56.4,2026-06-09 07:50:00,2962354
72.2,58.8,72.0,57.0,2026-06-09 08:00:00,2962354
71.6,59.6,71.2,56.8,2026-06-09 08:10:00,2962354
72.6,59.0,72.3,57.5,2026-06-09 08:20:00,2962354
73.2,58.8,73.0,58.0,2026-06-09 08:30:00,2962354
72.8,59.4,72.5,57.8,2026-06-09 08:40:00,2962354
72.2,59.4,72.0,57.3,2026-06-09 08:50:00,2962354
73.2,60.7,73.0,58.8,2026-06-09 09:00:00,2962354
72.8,62.4,72.9,59.2,2026-06-09 09:10:00,2962354
72.0,62.1,72.1,58.3,2026-06-09 09:20:00,2962354
73.1,62.8,73.2,59.7,2026-06-09 09:30:00,2962354
74.8,60.8,74.7,60.4,2026-06-09 09:40:00,2962354
75.9,59.8,75.7,61.0,2026-06-09 09:50:00,2962354
75.4,58.6,75.2,59.9,2026-06-09 10:00:00,2962354
76.6,58.5,76.3,60.9,2026-06-09 10:10:00,2962354
76.1,57.5,75.7,60.0,2026-06-09 10:20:00,2962354
76.2,59.0,75.9,60.8,2026-06-09 10:30:00,2962354
77.1,57.1,76.8,60.7,2026-06-09 10:40:00,2962354
77.0,55.9,76.6,60.0,2026-06-09 10:50:00,2962354
79.2,54.3,79.5,61.3,2026-06-09 11:00:00,2962354
79.4,52.5,79.5,60.6,2026-06-09 11:10:00,2962354
79.5,54.3,79.7,61.6,2026-06-09 11:20:00,2962354
79.5,54.7,79.7,61.7,2026-06-09 11:30:00,2962354
81.8,53.2,82.6,63.1,2026-06-09 11:40:00,2962354
81.2,52.5,81.9,62.2,2026-06-09 11:50:00,2962354
80.9,53.2,81.5,62.2,2026-06-09 12:00:00,2962354
80.7,54.7,81.5,62.9,2026-06-09 12:10:00,2962354
81.2,54.8,82.2,63.3,2026-06-09 12:20:00,2962354
83.7,53.7,86.2,65.1,2026-06-09 12:30:00,2962354
82.8,52.9,84.4,63.9,2026-06-09 12:40:00,2962354
83.7,54.1,86.4,65.3,2026-06-09 12:50:00,2962354
84.4,53.7,87.1,65.8,2026-06-09 13:00:00,2962354
84.4,54.0,87.6,65.9,2026-06-09 13:10:00,2962354
85.5,53.0,89.2,66.4,2026-06-09 13:20:00,2962354
86.9,51.6,91.4,67.0,2026-06-09 13:30:00,2962354
86.3,52.0,90.3,66.6,2026-06-09 13:40:00,2962354
84.8,52.6,87.8,65.6,2026-06-09 13:50:00,2962354
86.1,53.7,90.5,67.4,2026-06-09 14:00:00,2962354
86.6,53.2,91.2,67.6,2026-06-09 14:10:00,2962354
87.7,52.1,92.8,67.9,2026-06-09 14:20:00,2962354
87.9,52.7,93.4,68.5,2026-06-09 14:30:00,2962354
89.0,50.6,94.8,68.3,2026-06-09 14:40:00,2962354
89.8,49.1,96.1,68.2,2026-06-09 14:50:00,2962354
87.9,49.3,92.1,66.5,2026-06-09 15:00:00,2962354
88.0,50.2,92.8,67.1,2026-06-09 15:10:00,2962354
86.9,51.6,91.4,66.9,2026-06-09 15:20:00,2962354
88.6,51.9,94.5,68.7,2026-06-09 15:30:00,2962354
89.4,50.9,95.7,68.8,2026-06-09 15:40:00,2962354
89.2,50.4,95.0,68.4,2026-06-09 15:50:00,2962354
88.9,50.3,94.6,68.0,2026-06-09 16:00:00,2962354
87.9,51.8,93.0,68.0,2026-06-09 16:10:00,2962354
88.1,51.9,93.4,68.2,2026-06-09 16:20:00,2962354
86.6,53.2,91.4,67.6,2026-06-09 16:30:00,2962354
87.1,53.8,92.5,68.3,2026-06-09 16:40:00,2962354
86.8,54.4,92.1,68.4,2026-06-09 16:50:00,2962354
86.4,54.5,91.4,68.1,2026-06-09 17:00:00,2962354
87.6,55.0,93.6,69.4,2026-06-09 17:10:00,2962354
87.1,54.1,92.7,68.5,2026-06-09 17:20:00,2962354
87.3,55.1,93.4,69.2,2026-06-09 17:30:00,2962354
87.7,53.5,93.4,68.7,2026-06-09 17:40:00,2962354
86.7,54.6,92.1,68.4,2026-06-09 17:50:00,2962354
86.7,55.7,92.1,69.0,2026-06-09 18:00:00,2962354
86.5,55.6,91.8,68.7,2026-06-09 18:10:00,2962354
85.9,56.1,91.0,68.5,2026-06-09 18:20:00,2962354
85.8,56.6,91.0,68.6,2026-06-09 18:30:00,2962354
85.4,57.2,90.1,68.5,2026-06-09 18:40:00,2962354
85.1,57.5,90.0,68.4,2026-06-09 18:50:00,2962354
84.8,58.4,89.6,68.6,2026-06-09 19:00:00,2962354
84.5,59.0,89.1,68.6,2026-06-09 19:10:00,2962354
84.6,59.3,89.6,68.8,2026-06-09 19:20:00,2962354
84.3,59.9,88.9,68.8,2026-06-09 19:30:00,2962354
84.2,60.3,88.7,68.9,2026-06-09 19:40:00,2962354
83.8,61.2,88.2,69.0,2026-06-09 19:50:00,2962354
83.4,61.8,87.6,69.0,2026-06-09 20:00:00,2962354
83.0,62.6,87.1,68.9,2026-06-09 20:10:00,2962354
82.5,63.5,86.2,68.8,2026-06-09 20:20:00,2962354
82.1,64.4,85.8,68.9,2026-06-09 20:30:00,2962354
81.8,65.0,85.5,68.9,2026-06-09 20:40:00,2962354
81.5,65.5,85.3,68.8,2026-06-09 20:50:00,2962354
81.3,66.0,84.7,68.8,2026-06-09 21:00:00,2962354
81.0,66.3,84.6,68.7,2026-06-09 21:10:00,2962354
80.8,66.8,84.2,68.8,2026-06-09 21:20:00,2962354
80.7,67.3,84.0,68.8,2026-06-09 21:30:00,2962354
80.2,68.0,83.3,68.6,2026-06-09 21:40:00,2962354
79.8,68.8,82.8,68.6,2026-06-09 21:50:00,2962354
79.6,69.4,82.8,68.7,2026-06-09 22:00:00,2962354
79.6,69.7,82.8,68.8,2026-06-09 22:10:00,2962354
79.4,70.1,82.6,68.8,2026-06-09 22:20:00,2962354
79.3,70.4,82.2,68.8,2026-06-09 22:30:00,2962354
79.2,70.5,82.4,68.8,2026-06-09 22:40:00,2962354
79.1,70.8,82.0,68.8,2026-06-09 22:50:00,2962354
78.9,71.3,81.9,68.8,2026-06-09 23:00:00,2962354
78.6,71.9,81.5,68.8,2026-06-09 23:10:00,2962354
78.6,72.7,81.7,69.1,2026-06-09 23:20:00,2962354
78.8,73.5,82.2,69.6,2026-06-09 23:30:00,2962354
79.0,74.1,82.6,70.1,2026-06-09 23:40:00,2962354
78.9,74.6,82.4,70.2,2026-06-09 23:50:00,2962354
78.6,75.3,82.2,70.2,2026-06-10 00:00:00,2962354
78.5,76.0,81.9,70.3,2026-06-10 00:10:00,2962354
78.4,76.7,81.9,70.4,2026-06-10 00:20:00,2962354
78.3,77.3,81.9,70.6,2026-06-10 00:30:00,2962354
78.0,78.0,81.3,70.6,2026-06-10 00:40:00,2962354
77.7,78.5,81.0,70.5,2026-06-10 00:50:00,2962354
77.6,79.2,81.0,70.6,2026-06-10 01:00:00,2962354
77.3,79.9,80.2,70.6,2026-06-10 01:10:00,2962354
77.2,80.4,79.9,70.6,2026-06-10 01:20:00,2962354
77.0,80.8,79.7,70.6,2026-06-10 01:30:00,2962354
76.8,81.3,79.3,70.6,2026-06-10 01:40:00,2962354
76.6,81.7,79.3,70.6,2026-06-10 01:50:00,2962354
76.5,82.1,79.2,70.6,2026-06-10 02:00:00,2962354
76.4,82.5,78.8,70.6,2026-06-10 02:10:00,2962354
76.2,82.8,78.6,70.6,2026-06-10 02:20:00,2962354
76.2,82.9,78.6,70.7,2026-06-10 02:30:00,2962354
76.1,82.9,78.6,70.5,2026-06-10 02:40:00,2962354
75.9,83.1,78.4,70.4,2026-06-10 02:50:00,2962354
75.7,83.6,78.1,70.4,2026-06-10 03:00:00,2962354
75.6,83.9,78.1,70.4,2026-06-10 03:10:00,2962354
75.5,84.2,77.9,70.4,2026-06-10 03:20:00,2962354
75.4,84.4,77.9,70.4,2026-06-10 03:30:00,2962354
75.4,84.6,77.9,70.4,2026-06-10 03:40:00,2962354
75.4,84.6,77.9,70.4,2026-06-10 03:50:00,2962354
75.2,84.7,77.9,70.3,2026-06-10 04:00:00,2962354
75.0,85.2,77.4,70.2,2026-06-10 04:10:00,2962354
74.8,85.5,77.2,70.2,2026-06-10 04:20:00,2962354
74.8,85.6,77.2,70.2,2026-06-10 04:30:00,2962354
74.8,85.7,77.2,70.2,2026-06-10 04:40:00,2962354
74.7,85.8,77.2,70.2,2026-06-10 04:50:00,2962354
74.7,85.8,77.2,70.1,2026-06-10 05:00:00,2962354
74.7,85.7,77.2,70.1,2026-06-10 05:10:00,2962354
74.5,85.9,76.8,70.0,2026-06-10 05:20:00,2962354
74.4,85.9,76.6,69.9,2026-06-10 05:30:00,2962354
74.4,86.0,76.6,70.0,2026-06-10 05:40:00,2962354
74.4,86.0,76.6,69.9,2026-06-10 05:50:00,2962354
74.4,86.2,76.8,70.0,2026-06-10 06:00:00,2962354
74.5,86.2,77.0,70.1,2026-06-10 06:10:00,2962354
74.7,86.1,77.2,70.3,2026-06-10 06:20:00,2962354
74.8,85.9,77.2,70.3,2026-06-10 06:30:00,2962354
74.9,85.9,77.4,70.4,2026-06-10 06:40:00,2962354
75.2,85.8,77.5,70.6,2026-06-10 06:50:00,2962354
75.2,85.6,77.9,70.6,2026-06-10 07:00:00,2962354
75.5,85.5,78.1,70.8,2026-06-10 07:10:00,2962354
75.6,85.2,78.3,70.9,2026-06-10 07:20:00,2962354
75.7,85.1,78.3,70.9,2026-06-10 07:30:00,2962354
75.7,85.2,78.3,71.0,2026-06-10 07:40:00,2962354
76.1,84.9,78.8,71.2,2026-06-10 07:50:00,2962354
76.2,84.5,78.8,71.2,2026-06-10 08:00:00,2962354
76.6,83.6,79.3,71.3,2026-06-10 08:10:00,2962354
77.2,82.4,80.6,71.4,2026-06-10 08:20:00,2962354
78.1,81.5,82.2,72.0,2026-06-10 08:30:00,2962354
78.2,80.0,82.0,71.5,2026-06-10 08:40:00,2962354
79.4,78.9,84.4,72.2,2026-06-10 08:50:00,2962354
81.0,76.9,87.1,73.0,2026-06-10 09:00:00,2962354
81.2,73.7,86.5,71.9,2026-06-10 09:10:00,2962354
82.2,73.3,88.5,72.8,2026-06-10 09:20:00,2962354
80.9,73.9,86.0,71.8,2026-06-10 09:30:00,2962354
82.5,71.8,88.5,72.4,2026-06-10 09:40:00,2962354
85.2,69.4,94.3,74.1,2026-06-10 09:50:00,2962354
84.8,67.3,92.7,72.7,2026-06-10 10:00:00,2962354
85.6,63.7,92.8,71.8,2026-06-10 10:10:00,2962354
87.2,62.7,95.9,72.9,2026-06-10 10:20:00,2962354
86.8,63.5,95.5,72.9,2026-06-10 10:30:00,2962354
86.5,63.4,94.6,72.6,2026-06-10 10:40:00,2962354
87.8,63.0,97.7,73.6,2026-06-10 10:50:00,2962354
87.0,60.9,94.8,71.9,2026-06-10 11:00:00,2962354
87.0,61.2,95.0,72.1,2026-06-10 11:10:00,2962354
86.1,60.8,92.8,70.9,2026-06-10 11:20:00,2962354
88.0,61.1,97.2,72.9,2026-06-10 11:30:00,2962354
89.7,57.5,99.5,72.7,2026-06-10 11:40:00,2962354
88.5,56.1,96.4,70.9,2026-06-10 11:50:00,2962354
90.1,53.1,98.4,70.7,2026-06-10 12:00:00,2962354
89.8,54.5,98.6,71.2,2026-06-10 12:10:00,2962354
88.6,54.7,95.9,70.2,2026-06-10 12:20:00,2962354
89.5,54.0,97.5,70.6,2026-06-10 12:30:00,2962354
91.0,52.2,100.0,71.0,2026-06-10 12:40:00,2962354
90.1,53.3,98.6,70.8,2026-06-10 12:50:00,2962354
89.8,53.7,97.9,70.8,2026-06-10 13:00:00,2962354
90.3,53.0,99.1,70.8,2026-06-10 13:10:00,2962354
91.7,50.7,100.8,70.8,2026-06-10 13:20:00,2962354
90.0,50.8,97.3,69.3,2026-06-10 13:30:00,2962354
91.5,49.6,99.7,70.0,2026-06-10 13:40:00,2962354
93.6,48.2,103.5,71.1,2026-06-10 13:50:00,2962354
93.4,46.7,101.8,69.9,2026-06-10 14:00:00,2962354
91.9,49.0,100.0,70.0,2026-06-10 14:10:00,2962354
91.9,49.0,100.2,70.0,2026-06-10 14:20:00,2962354
93.6,49.2,104.0,71.7,2026-06-10 14:30:00,2962354
92.7,48.1,101.5,70.1,2026-06-10 14:40:00,2962354
93.6,48.1,103.3,71.0,2026-06-10 14:50:00,2962354
95.2,45.0,104.5,70.4,2026-06-10 15:00:00,2962354
95.0,45.1,104.7,70.4,2026-06-10 15:10:00,2962354
94.7,44.7,103.6,69.8,2026-06-10 15:20:00,2962354
95.7,44.2,105.4,70.4,2026-06-10 15:30:00,2962354
94.7,45.3,104.2,70.2,2026-06-10 15:40:00,2962354
94.7,45.6,104.2,70.4,2026-06-10 15:50:00,2962354
93.2,46.2,101.5,69.4,2026-06-10 16:00:00,2962354
92.8,47.9,101.5,70.2,2026-06-10 16:10:00,2962354
93.9,47.2,103.3,70.7,2026-06-10 16:20:00,2962354
92.5,47.7,100.6,69.7,2026-06-10 16:30:00,2962354
92.4,46.9,100.0,69.1,2026-06-10 16:40:00,2962354
93.6,46.9,102.6,70.2,2026-06-10 16:50:00,2962354
94.8,44.2,103.5,69.6,2026-06-10 17:00:00,2962354
93.9,44.6,101.7,69.0,2026-06-10 17:10:00,2962354
93.4,44.2,100.8,68.4,2026-06-10 17:20:00,2962354
93.1,44.7,100.2,68.4,2026-06-10 17:30:00,2962354
95.5,43.9,104.7,70.1,2026-06-10 17:40:00,2962354
93.7,44.4,101.7,68.8,2026-06-10 17:50:00,2962354
94.0,46.2,103.1,70.2,2026-06-10 18:00:00,2962354
93.3,46.2,101.5,69.5,2026-06-10 18:10:00,2962354
91.5,47.4,98.6,68.7,2026-06-10 18:20:00,2962354
90.7,48.9,97.9,68.9,2026-06-10 18:30:00,2962354
90.9,49.5,98.6,69.4,2026-06-10 18:40:00,2962354
91.0,49.2,98.4,69.3,2026-06-10 18:50:00,2962354
90.7,49.3,98.1,69.1,2026-06-10 19:00:00,2962354
90.4,49.9,97.7,69.2,2026-06-10 19:10:00,2962354
90.1,49.7,97.2,68.8,2026-06-10 19:20:00,2962354
90.2,50.7,97.7,69.4,2026-06-10 19:30:00,2962354
89.6,51.0,96.1,69.0,2026-06-10 19:40:00,2962354
89.2,51.6,95.7,69.0,2026-06-10 19:50:00,2962354
88.7,51.5,94.8,68.5,2026-06-10 20:00:00,2962354
88.3,52.0,93.9,68.5,2026-06-10 20:10:00,2962354
87.8,52.8,93.4,68.4,2026-06-10 20:20:00,2962354
87.4,53.5,92.7,68.5,2026-06-10 20:30:00,2962354
86.8,54.6,92.1,68.5,2026-06-10 20:40:00,2962354
86.3,55.7,91.4,68.6,2026-06-10 20:50:00,2962354
86.0,56.6,91.0,68.8,2026-06-10 21:00:00,2962354
85.7,57.3,91.0,68.9,2026-06-10 21:10:00,2962354
85.4,58.3,90.7,69.1,2026-06-10 21:20:00,2962354
85.3,58.9,90.9,69.3,2026-06-10 21:30:00,2962354
85.3,59.6,90.7,69.6,2026-06-10 21:40:00,2962354
85.0,60.0,90.3,69.5,2026-06-10 21:50:00,2962354
84.7,60.7,90.0,69.6,2026-06-10 22:00:00,2962354
84.4,61.5,89.4,69.7,2026-06-10 22:10:00,2962354
84.2,62.0,89.6,69.8,2026-06-10 22:20:00,2962354
83.9,62.7,89.1,69.8,2026-06-10 22:30:00,2962354
83.6,63.4,88.5,69.9,2026-06-10 22:40:00,2962354
83.4,64.1,88.3,70.0,2026-06-10 22:50:00,2962354
83.0,64.7,87.6,69.9,2026-06-10 23:00:00,2962354
83.0,64.9,87.8,70.0,2026-06-10 23:10:00,2962354
82.8,65.1,87.4,69.9,2026-06-10 23:20:00,2962354
82.6,65.3,87.1,69.8,2026-06-10 23:30:00,2962354
82.4,65.8,86.5,69.8,2026-06-10 23:40:00,2962354
82.1,66.3,86.4,69.7,2026-06-10 23:50:00,2962354
81.8,67.1,85.8,69.8,2026-06-11 00:00:00,2962354
81.7,67.7,86.0,70.0,2026-06-11 00:10:00,2962354
81.4,68.2,85.5,69.9,2026-06-11 00:20:00,2962354
81.4,68.7,85.6,70.1,2026-06-11 00:30:00,2962354
81.0,69.2,85.1,69.9,2026-06-11 00:40:00,2962354
80.9,69.7,85.1,70.0,2026-06-11 00:50:00,2962354
80.7,70.1,84.7,70.0,2026-06-11 01:00:00,2962354
80.4,70.6,84.6,70.0,2026-06-11 01:10:00,2962354
80.2,71.0,84.0,70.0,2026-06-11 01:20:00,2962354
80.1,71.2,84.0,69.9,2026-06-11 01:30:00,2962354
79.9,71.7,83.8,69.9,2026-06-11 01:40:00,2962354
79.7,72.2,83.3,69.9,2026-06-11 01:50:00,2962354
79.3,72.7,82.8,69.8,2026-06-11 02:00:00,2962354
79.0,73.4,82.4,69.8,2026-06-11 02:10:00,2962354
78.5,74.2,81.7,69.6,2026-06-11 02:20:00,2962354
78.2,74.7,81.0,69.5,2026-06-11 02:30:00,2962354
78.0,75.1,81.0,69.4,2026-06-11 02:40:00,2962354
77.8,75.5,80.6,69.4,2026-06-11 02:50:00,2962354
77.7,75.8,80.2,69.4,2026-06-11 03:00:00,2962354
77.4,76.3,79.9,69.3,2026-06-11 03:10:00,2962354
77.1,76.9,79.3,69.3,2026-06-11 03:20:00,2962354
76.9,77.0,79.0,69.1,2026-06-11 03:30:00,2962354
76.7,77.2,78.6,69.0,2026-06-11 03:40:00,2962354
76.6,77.4,78.4,69.0,2026-06-11 03:50:00,2962354
76.4,77.7,78.1,68.9,2026-06-11 04:00:00,2962354
76.1,78.1,78.1,68.8,2026-06-11 04:10:00,2962354
76.0,78.4,77.9,68.8,2026-06-11 04:20:00,2962354
75.8,78.6,77.7,68.7,2026-06-11 04:30:00,2962354
75.7,78.9,77.5,68.7,2026-06-11 04:40:00,2962354
75.6,79.1,77.5,68.7,2026-06-11 04:50:00,2962354
75.5,79.2,77.4,68.5,2026-06-11 05:00:00,2962354
75.4,79.0,77.4,68.5,2026-06-11 05:10:00,2962354
75.2,79.1,77.0,68.3,2026-06-11 05:20:00,2962354
75.1,78.9,76.8,68.1,2026-06-11 05:30:00,2962354
75.0,78.9,76.6,68.0,2026-06-11 05:40:00,2962354
74.9,79.0,76.6,67.9,2026-06-11 05:50:00,2962354
74.7,79.1,76.6,67.8,2026-06-11 06:00:00,2962354
74.9,79.3,76.8,68.1,2026-06-11 06:10:00,2962354
75.1,79.1,76.8,68.2,2026-06-11 06:20:00,2962354
75.3,78.7,77.0,68.2,2026-06-11 06:30:00,2962354
76.5,77.9,78.6,69.0,2026-06-11 06:40:00,2962354
77.5,75.6,79.9,69.2,2026-06-11 06:50:00,2962354
78.8,73.8,82.2,69.7,2026-06-11 07:00:00,2962354
80.2,71.9,84.2,70.3,2026-06-11 07:10:00,2962354
80.8,69.9,85.1,70.0,2026-06-11 07:20:00,2962354
81.4,69.1,85.8,70.3,2026-06-11 07:30:00,2962354
81.5,67.7,85.5,69.7,2026-06-11 07:40:00,2962354
82.5,66.3,87.1,70.1,2026-06-11 07:50:00,2962354
83.5,65.2,89.1,70.6,2026-06-11 08:00:00,2962354
84.0,63.9,89.4,70.4,2026-06-11 08:10:00,2962354
85.5,62.8,92.7,71.4,2026-06-11 08:20:00,2962354
85.1,62.5,91.8,70.9,2026-06-11 08:30:00,2962354
86.6,62.0,94.6,72.1,2026-06-11 08:40:00,2962354
87.8,60.7,96.4,72.5,2026-06-11 08:50:00,2962354
86.6,59.8,93.6,71.0,2026-06-11 09:00:00,2962354
88.2,59.8,97.0,72.4,2026-06-11 09:10:00,2962354
87.9,59.1,95.9,71.9,2026-06-11 09:20:00,2962354
88.9,57.2,97.7,71.8,2026-06-11 09:30:00,2962354
90.1,57.9,100.8,73.3,2026-06-11 09:40:00,2962354
90.1,56.6,100.0,72.6,2026-06-11 09:50:00,2962354
90.8,55.3,101.1,72.6,2026-06-11 10:00:00,2962354
91.6,54.4,102.7,72.8,2026-06-11 10:10:00,2962354
93.3,52.9,105.6,73.6,2026-06-11 10:20:00,2962354
91.3,52.8,101.1,71.7,2026-06-11 10:30:00,2962354
93.8,52.5,106.7,73.8,2026-06-11 10:40:00,2962354
94.0,51.7,106.5,73.5,2026-06-11 10:50:00,2962354
94.1,51.3,106.7,73.3,2026-06-11 11:00:00,2962354
94.6,50.7,107.2,73.5,2026-06-11 11:10:00,2962354
96.2,48.7,109.9,73.7,2026-06-11 11:20:00,2962354
95.2,49.3,108.1,73.2,2026-06-11 11:30:00,2962354
97.1,47.0,110.8,73.5,2026-06-11 11:40:00,2962354
95.8,45.6,106.7,71.4,2026-06-11 11:50:00,2962354
95.4,47.4,107.2,72.1,2026-06-11 12:00:00,2962354
96.5,45.5,108.3,72.1,2026-06-11 12:10:00,2962354
96.0,42.9,105.4,69.8,2026-06-11 12:20:00,2962354
93.9,46.5,103.1,70.3,2026-06-11 12:30:00,2962354
96.0,45.4,107.1,71.5,2026-06-11 12:40:00,2962354
97.0,42.7,107.2,70.6,2026-06-11 12:50:00,2962354
97.1,45.0,109.2,72.2,2026-06-11 13:00:00,2962354
97.8,42.4,109.0,71.1,2026-06-11 13:10:00,2962354
97.2,43.1,108.1,71.0,2026-06-11 13:20:00,2962354
99.5,42.3,112.8,72.6,2026-06-11 13:30:00,2962354
99.7,39.7,111.2,70.8,2026-06-11 13:40:00,2962354
98.3,41.6,109.6,71.0,2026-06-11 13:50:00,2962354
101.2,39.5,114.6,72.0,2026-06-11 14:00:00,2962354
98.0,39.7,107.6,69.4,2026-06-11 14:10:00,2962354
100.2,38.9,111.4,70.7,2026-06-11 14:20:00,2962354
101.8,37.8,114.4,71.2,2026-06-11 14:30:00,2962354
100.7,37.9,111.9,70.4,2026-06-11 14:40:00,2962354
100.9,38.1,112.5,70.6,2026-06-11 14:50:00,2962354
102.0,35.8,113.0,69.8,2026-06-11 15:00:00,2962354
101.3,35.7,111.4,69.1,2026-06-11 15:10:00,2962354
104.6,33.4,116.4,70.1,2026-06-11 15:20:00,2962354
104.2,31.8,113.9,68.3,2026-06-11 15:30:00,2962354
103.9,34.2,115.5,70.2,2026-06-11 15:40:00,2962354
103.2,33.4,113.4,68.8,2026-06-11 15:50:00,2962354
100.9,35.1,109.9,68.3,2026-06-11 16:00:00,2962354
103.6,33.7,114.3,69.4,2026-06-11 16:10:00,2962354
101.8,35.2,112.1,69.1,2026-06-11 16:20:00,2962354
101.0,36.3,111.6,69.4,2026-06-11 16:30:00,2962354
98.8,37.9,108.1,68.7,2026-06-11 16:40:00,2962354
97.9,39.1,107.2,68.8,2026-06-11 16:50:00,2962354
98.7,39.9,109.0,70.1,2026-06-11 17:00:00,2962354
99.6,39.8,111.0,70.8,2026-06-11 17:10:00,2962354
98.2,40.0,108.0,69.7,2026-06-11 17:20:00,2962354
97.9,40.7,108.1,69.9,2026-06-11 17:30:00,2962354
97.5,42.0,108.3,70.5,2026-06-11 17:40:00,2962354
97.0,40.1,106.0,68.7,2026-06-11 17:50:00,2962354
96.5,42.2,106.2,69.7,2026-06-11 18:00:00,2962354
93.6,59.1,110.3,77.1,2026-06-11 18:10:00,2962354
90.9,62.6,105.6,76.3,2026-06-11 18:20:00,2962354
90.8,58.8,102.9,74.4,2026-06-11 18:30:00,2962354
91.6,58.0,104.7,74.7,2026-06-11 18:40:00,2962354
92.2,51.0,102.0,71.4,2026-06-11 18:50:00,2962354
93.0,51.2,103.8,72.3,2026-06-11 19:00:00,2962354
93.3,51.7,104.9,72.9,2026-06-11 19:10:00,2962354
93.0,50.2,103.6,71.7,2026-06-11 19:20:00,2962354
93.0,49.4,102.7,71.2,2026-06-11 19:30:00,2962354
92.6,49.5,102.0,70.9,2026-06-11 19:40:00,2962354
92.3,49.5,101.1,70.6,2026-06-11 19:50:00,2962354
91.6,49.9,100.2,70.3,2026-06-11 20:00:00,2962354
90.9,50.9,99.3,70.2,2026-06-11 20:10:00,2962354
90.3,51.7,98.4,70.1,2026-06-11 20:20:00,2962354
90.0,52.0,97.9,70.0,2026-06-11 20:30:00,2962354
89.5,53.4,97.3,70.3,2026-06-11 20:40:00,2962354
88.8,54.2,96.1,70.1,2026-06-11 20:50:00,2962354
88.6,54.9,95.9,70.3,2026-06-11 21:00:00,2962354
88.4,55.1,95.5,70.2,2026-06-11 21:10:00,2962354
88.1,56.2,95.2,70.5,2026-06-11 21:20:00,2962354
87.7,57.3,95.0,70.7,2026-06-11 21:30:00,2962354
87.7,57.8,95.2,70.9,2026-06-11 21:40:00,2962354
87.5,58.0,94.8,70.9,2026-06-11 21:50:00,2962354
87.2,58.2,94.1,70.7,2026-06-11 22:00:00,2962354
87.0,58.3,93.9,70.6,2026-06-11 22:10:00,2962354
86.7,58.8,93.7,70.6,2026-06-11 22:20:00,2962354
86.3,59.3,92.8,70.4,2026-06-11 22:30:00,2962354
86.1,59.6,92.5,70.3,2026-06-11 22:40:00,2962354
85.6,59.9,91.4,70.1,2026-06-11 22:50:00,2962354
85.1,60.8,91.2,70.1,2026-06-11 23:00:00,2962354
84.8,61.8,90.7,70.2,2026-06-11 23:10:00,2962354
84.3,62.4,89.8,70.0,2026-06-11 23:20:00,2962354
84.0,63.2,89.2,70.1,2026-06-11 23:30:00,2962354
83.7,64.0,89.1,70.2,2026-06-11 23:40:00,2962354
83.3,64.6,88.5,70.1,2026-06-11 23:50:00,2962354
83.0,65.3,87.8,70.2,2026-06-12 00:00:00,2962354
82.7,65.8,87.3,70.1,2026-06-12 00:10:00,2962354
82.6,66.0,86.9,70.1,2026-06-12 00:20:00,2962354
82.5,66.4,87.1,70.1,2026-06-12 00:30:00,2962354
82.2,66.9,86.5,70.1,2026-06-12 00:40:00,2962354
82.0,67.3,86.2,70.1,2026-06-12 00:50:00,2962354
81.8,67.7,86.0,70.1,2026-06-12 01:00:00,2962354
81.8,68.0,86.0,70.2,2026-06-12 01:10:00,2962354
81.6,68.4,86.0,70.2,2026-06-12 01:20:00,2962354
81.5,68.7,86.0,70.2,2026-06-12 01:30:00,2962354
81.4,69.3,85.8,70.4,2026-06-12 01:40:00,2962354
81.4,69.5,85.8,70.5,2026-06-12 01:50:00,2962354
81.4,69.7,86.0,70.6,2026-06-12 02:00:00,2962354
81.3,70.0,85.6,70.6,2026-06-12 02:10:00,2962354
81.2,70.4,85.8,70.6,2026-06-12 02:20:00,2962354
81.1,70.9,85.5,70.7,2026-06-12 02:30:00,2962354
80.9,71.3,85.3,70.7,2026-06-12 02:40:00,2962354
80.8,71.7,85.5,70.8,2026-06-12 02:50:00,2962354
80.5,72.4,84.9,70.8,2026-06-12 03:00:00,2962354
80.4,73.0,84.7,70.9,2026-06-12 03:10:00,2962354
80.2,73.6,84.6,70.9,2026-06-12 03:20:00,2962354
79.9,74.3,84.4,71.0,2026-06-12 03:30:00,2962354
79.8,74.7,84.0,71.1,2026-06-12 03:40:00,2962354
79.7,75.2,84.2,71.2,2026-06-12 03:50:00,2962354
79.6,75.8,84.0,71.3,2026-06-12 04:00:00,2962354
79.4,76.3,83.8,71.3,2026-06-12 04:10:00,2962354
79.3,76.7,83.5,71.4,2026-06-12 04:20:00,2962354
79.3,77.2,83.7,71.6,2026-06-12 04:30:00,2962354
79.3,77.6,83.7,71.6,2026-06-12 04:40:00,2962354
79.2,77.7,83.7,71.7,2026-06-12 04:50:00,2962354
79.2,78.1,83.8,71.7,2026-06-12 05:00:00,2962354
79.0,78.4,83.5,71.7,2026-06-12 05:10:00,2962354
78.9,78.6,83.3,71.7,2026-06-12 05:20:00,2962354
78.9,79.0,83.3,71.8,2026-06-12 05:30:00,2962354
78.6,79.4,83.1,71.7,2026-06-12 05:40:00,2962354
78.6,79.8,83.1,71.9,2026-06-12 05:50:00,2962354
78.7,80.0,83.1,72.0,2026-06-12 06:00:00,2962354
78.6,80.3,82.8,72.0,2026-06-12 06:10:00,2962354
78.9,80.3,83.5,72.3,2026-06-12 06:20:00,2962354
79.2,80.2,84.2,72.6,2026-06-12 06:30:00,2962354
79.8,79.6,85.3,73.0,2026-06-12 06:40:00,2962354
80.7,78.4,86.7,73.4,2026-06-12 06:50:00,2962354
81.7,77.4,88.7,73.9,2026-06-12 07:00:00,2962354
81.7,76.4,88.3,73.6,2026-06-12 07:10:00,2962354
83.7,73.4,92.1,74.2,2026-06-12 07:20:00,2962354
84.5,70.6,93.0,73.9,2026-06-12 07:30:00,2962354
83.4,72.0,90.7,73.4,2026-06-12 07:40:00,2962354
85.0,69.4,93.7,73.9,2026-06-12 07:50:00,2962354
86.6,67.8,97.0,74.7,2026-06-12 08:00:00,2962354
87.2,65.8,97.3,74.4,2026-06-12 08:10:00,2962354
87.3,63.9,97.0,73.5,2026-06-12 08:20:00,2962354
87.9,63.6,97.9,74.1,2026-06-12 08:30:00,2962354
89.7,62.4,102.2,75.1,2026-06-12 08:40:00,2962354
88.9,62.4,100.2,74.4,2026-06-12 08:50:00,2962354
89.2,59.1,99.0,73.0,2026-06-12 09:00:00,2962354
91.6,57.4,104.4,74.4,2026-06-12 09:10:00,2962354
91.3,54.4,102.0,72.5,2026-06-12 09:20:00,2962354
93.7,54.0,107.1,74.5,2026-06-12 09:30:00,2962354
94.4,52.7,108.1,74.5,2026-06-12 09:40:00,2962354
95.5,50.8,109.8,74.3,2026-06-12 09:50:00,2962354
95.4,49.2,108.5,73.3,2026-06-12 10:00:00,2962354
96.1,48.1,109.0,73.3,2026-06-12 10:10:00,2962354
97.2,46.7,110.8,73.4,2026-06-12 10:20:00,2962354
95.8,44.9,106.2,71.0,2026-06-12 10:30:00,2962354
97.6,43.5,109.2,71.7,2026-06-12 10:40:00,2962354
98.4,42.0,110.3,71.3,2026-06-12 10:50:00,2962354
97.9,43.1,109.9,71.7,2026-06-12 11:00:00,2962354
96.7,42.4,106.7,70.1,2026-06-12 11:10:00,2962354
98.7,41.8,110.5,71.4,2026-06-12 11:20:00,2962354
101.0,38.6,113.4,71.2,2026-06-12 11:30:00,2962354
99.2,37.9,108.9,69.1,2026-06-12 11:40:00,2962354
101.6,38.2,114.3,71.4,2026-06-12 11:50:00,2962354
99.1,39.0,109.4,69.8,2026-06-12 12:00:00,2962354
100.9,38.6,112.8,71.1,2026-06-12 12:10:00,2962354
100.5,37.1,111.0,69.5,2026-06-12 12:20:00,2962354
98.9,36.8,107.2,67.9,2026-06-12 12:30:00,2962354
100.9,35.7,110.5,68.8,2026-06-12 12:40:00,2962354
102.8,35.8,114.8,70.6,2026-06-12 12:50:00,2962354
100.1,37.6,110.5,69.6,2026-06-12 13:00:00,2962354
101.1,36.9,112.3,69.9,2026-06-12 13:10:00,2962354
100.6,35.8,109.8,68.5,2026-06-12 13:20:00,2962354
102.7,33.4,112.3,68.4,2026-06-12 13:30:00,2962354
101.8,32.7,109.9,66.9,2026-06-12 13:40:00,2962354
102.6,32.2,111.2,67.3,2026-06-12 13:50:00,2962354
102.3,32.4,110.7,67.2,2026-06-12 14:00:00,2962354
103.6,31.7,112.8,67.7,2026-06-12 14:10:00,2962354
103.6,30.5,111.4,66.6,2026-06-12 14:20:00,2962354
104.6,30.7,113.5,67.6,2026-06-12 14:30:00,2962354
105.0,30.1,113.7,67.4,2026-06-12 14:40:00,2962354
104.7,30.2,113.0,67.2,2026-06-12 14:50:00,2962354
105.2,31.6,115.7,68.9,2026-06-12 15:00:00,2962354
104.3,30.2,112.5,66.9,2026-06-12 15:10:00,2962354
104.6,29.1,112.1,66.0,2026-06-12 15:20:00,2962354
106.6,28.1,115.2,66.7,2026-06-12 15:30:00,2962354
106.5,28.5,115.5,67.1,2026-06-12 15:40:00,2962354
103.7,28.9,110.5,65.1,2026-06-12 15:50:00,2962354
104.9,29.4,112.8,66.6,2026-06-12 16:00:00,2962354
105.6,29.3,113.9,67.0,2026-06-12 16:10:00,2962354
103.2,30.5,110.7,66.2,2026-06-12 16:20:00,2962354
104.3,31.4,113.5,68.0,2026-06-12 16:30:00,2962354
104.1,30.4,112.3,66.8,2026-06-12 16:40:00,2962354
105.2,30.6,114.4,68.0,2026-06-12 16:50:00,2962354
102.5,31.2,109.9,66.2,2026-06-12 17:00:00,2962354
102.8,31.8,111.2,67.1,2026-06-12 17:10:00,2962354
103.3,31.4,111.9,67.1,2026-06-12 17:20:00,2962354
102.3,31.7,110.1,66.5,2026-06-12 17:30:00,2962354
103.6,30.8,111.6,66.8,2026-06-12 17:40:00,2962354
100.1,30.8,105.3,63.9,2026-06-12 17:50:00,2962354
101.0,32.0,107.8,65.7,2026-06-12 18:00:00,2962354
101.6,31.8,108.9,66.1,2026-06-12 18:10:00,2962354
100.6,32.5,107.4,65.8,2026-06-12 18:20:00,2962354
100.1,33.4,107.4,66.1,2026-06-12 18:30:00,2962354
99.1,34.3,105.8,66.0,2026-06-12 18:40:00,2962354
98.9,35.2,106.2,66.6,2026-06-12 18:50:00,2962354
98.2,36.2,105.6,66.8,2026-06-12 19:00:00,2962354
98.2,36.7,105.8,67.2,2026-06-12 19:10:00,2962354
97.8,36.2,104.9,66.4,2026-06-12 19:20:00,2962354
97.4,35.9,104.0,65.9,2026-06-12 19:30:00,2962354
97.2,36.7,104.2,66.3,2026-06-12 19:40:00,2962354
97.0,37.7,104.4,66.9,2026-06-12 19:50:00,2962354
96.3,38.5,103.5,66.9,2026-06-12 20:00:00,2962354
95.8,39.0,102.7,66.9,2026-06-12 20:10:00,2962354
95.3,40.0,102.4,67.1,2026-06-12 20:20:00,2962354
94.4,41.0,100.9,67.0,2026-06-12 20:30:00,2962354
93.8,41.8,100.4,67.1,2026-06-12 20:40:00,2962354
93.4,42.4,99.5,67.1,2026-06-12 20:50:00,2962354
92.8,43.3,99.0,67.2,2026-06-12 21:00:00,2962354
92.5,44.3,98.6,67.6,2026-06-12 21:10:00,2962354
92.2,44.7,98.6,67.6,2026-06-12 21:20:00,2962354
91.9,45.2,98.1,67.6,2026-06-12 21:30:00,2962354
91.5,46.0,97.9,67.8,2026-06-12 21:40:00,2962354
91.0,46.9,97.2,67.8,2026-06-12 21:50:00,2962354
90.6,47.7,96.8,68.0,2026-06-12 22:00:00,2962354
90.1,48.3,96.4,68.0,2026-06-12 22:10:00,2962354
89.7,49.0,95.7,68.0,2026-06-12 22:20:00,2962354
89.3,50.0,95.4,68.2,2026-06-12 22:30:00,2962354
88.9,50.5,94.8,68.2,2026-06-12 22:40:00,2962354
90.3,47.6,96.1,67.7,2026-06-12 22:50:00,2962354
89.8,46.5,95.0,66.6,2026-06-12 23:00:00,2962354
89.2,46.2,93.2,65.8,2026-06-12 23:10:00,2962354
88.9,46.6,93.2,65.8,2026-06-12 23:20:00,2962354
88.4,46.6,92.1,65.3,2026-06-12 23:30:00,2962354
87.8,46.5,91.0,64.7,2026-06-12 23:40:00,2962354
87.5,46.9,90.5,64.7,2026-06-12 23:50:00,2962354
86.8,47.0,89.4,64.2,2026-06-13 00:00:00,2962354
86.3,47.6,88.7,64.1,2026-06-13 00:10:00,2962354
85.9,48.6,88.5,64.3,2026-06-13 00:20:00,2962354
85.4,49.2,87.8,64.1,2026-06-13 00:30:00,2962354
84.9,50.4,87.3,64.4,2026-06-13 00:40:00,2962354
84.5,50.9,86.7,64.3,2026-06-13 00:50:00,2962354
84.2,51.9,86.7,64.6,2026-06-13 01:00:00,2962354
83.9,52.4,86.2,64.7,2026-06-13 01:10:00,2962354
83.6,52.9,85.6,64.6,2026-06-13 01:20:00,2962354
83.8,53.5,86.2,65.1,2026-06-13 01:30:00,2962354
83.8,53.2,86.0,65.0,2026-06-13 01:40:00,2962354
83.8,53.3,86.0,65.0,2026-06-13 01:50:00,2962354
83.5,53.9,85.8,65.0,2026-06-13 02:00:00,2962354
83.1,55.0,85.5,65.3,2026-06-13 02:10:00,2962354
82.9,55.0,84.9,65.0,2026-06-13 02:20:00,2962354
82.7,55.5,84.6,65.1,2026-06-13 02:30:00,2962354
82.6,56.1,84.7,65.4,2026-06-13 02:40:00,2962354
82.3,56.6,84.2,65.3,2026-06-13 02:50:00,2962354
82.0,56.9,84.0,65.2,2026-06-13 03:00:00,2962354
81.6,57.6,83.5,65.2,2026-06-13 03:10:00,2962354
81.2,58.4,82.9,65.2,2026-06-13 03:20:00,2962354
80.9,58.7,82.6,65.0,2026-06-13 03:30:00,2962354
80.8,59.5,82.8,65.4,2026-06-13 03:40:00,2962354
80.7,59.9,82.4,65.4,2026-06-13 03:50:00,2962354
80.5,59.7,82.2,65.2,2026-06-13 04:00:00,2962354
80.3,60.5,82.0,65.4,2026-06-13 04:10:00,2962354
80.0,61.0,81.7,65.4,2026-06-13 04:20:00,2962354
79.5,61.9,81.3,65.4,2026-06-13 04:30:00,2962354
79.2,62.8,80.8,65.4,2026-06-13 04:40:00,2962354
78.9,63.5,80.4,65.4,2026-06-13 04:50:00,2962354
78.5,64.1,79.9,65.4,2026-06-13 05:00:00,2962354
78.4,64.4,79.7,65.4,2026-06-13 05:10:00,2962354
78.1,65.1,79.5,65.4,2026-06-13 05:20:00,2962354
77.9,65.5,79.3,65.4,2026-06-13 05:30:00,2962354
77.8,66.1,79.2,65.6,2026-06-13 05:40:00,2962354
77.5,67.0,78.6,65.6,2026-06-13 05:50:00,2962354
77.2,67.5,78.3,65.6,2026-06-13 06:00:00,2962354
76.9,68.2,77.9,65.6,2026-06-13 06:10:00,2962354
77.0,68.8,77.9,65.9,2026-06-13 06:20:00,2962354
77.5,68.2,78.8,66.1,2026-06-13 06:30:00,2962354
78.6,67.6,80.6,67.0,2026-06-13 06:40:00,2962354
81.0,64.9,84.2,68.1,2026-06-13 06:50:00,2962354
82.9,61.8,86.5,68.4,2026-06-13 07:00:00,2962354
83.9,59.4,88.2,68.2,2026-06-13 07:10:00,2962354
84.8,58.1,89.4,68.4,2026-06-13 07:20:00,2962354
85.7,57.1,90.9,68.8,2026-06-13 07:30:00,2962354
84.7,57.3,88.9,67.9,2026-06-13 07:40:00,2962354
86.9,57.5,93.2,70.1,2026-06-13 07:50:00,2962354
87.2,55.6,93.2,69.3,2026-06-13 08:00:00,2962354
88.5,54.0,95.4,69.8,2026-06-13 08:10:00,2962354
88.4,52.5,94.5,68.8,2026-06-13 08:20:00,2962354
88.4,52.8,94.6,69.0,2026-06-13 08:30:00,2962354
88.1,52.4,93.7,68.5,2026-06-13 08:40:00,2962354
91.1,51.8,100.0,70.9,2026-06-13 08:50:00,2962354
90.7,49.7,98.2,69.4,2026-06-13 09:00:00,2962354
90.6,49.6,97.7,69.2,2026-06-13 09:10:00,2962354
92.4,49.9,101.8,71.0,2026-06-13 09:20:00,2962354
93.5,48.3,103.1,71.1,2026-06-13 09:30:00,2962354
91.8,48.7,99.9,69.7,2026-06-13 09:40:00,2962354
92.6,46.7,100.4,69.2,2026-06-13 09:50:00,2962354
92.1,48.5,100.8,69.9,2026-06-13 10:00:00,2962354
92.0,48.8,100.6,70.0,2026-06-13 10:10:00,2962354
90.6,48.4,97.3,68.5,2026-06-13 10:20:00,2962354
93.0,49.6,102.9,71.3,2026-06-13 10:30:00,2962354
91.9,48.0,99.7,69.4,2026-06-13 10:40:00,2962354
93.0,48.9,102.4,70.9,2026-06-13 10:50:00,2962354
93.5,48.1,102.9,70.9,2026-06-13 11:00:00,2962354
93.8,46.6,102.9,70.3,2026-06-13 11:10:00,2962354
92.5,45.9,99.5,68.6,2026-06-13 11:20:00,2962354
93.2,47.1,101.7,70.0,2026-06-13 11:30:00,2962354
93.6,46.5,102.4,70.0,2026-06-13 11:40:00,2962354
95.0,45.4,104.9,70.6,2026-06-13 11:50:00,2962354
95.0,43.9,104.0,69.6,2026-06-13 12:00:00,2962354
95.3,44.6,104.7,70.3,2026-06-13 12:10:00,2962354
95.8,43.9,105.6,70.3,2026-06-13 12:20:00,2962354
93.9,43.8,101.7,68.5,2026-06-13 12:30:00,2962354
95.2,42.8,103.5,69.0,2026-06-13 12:40:00,2962354
95.4,43.7,104.7,69.8,2026-06-13 12:50:00,2962354
96.3,43.5,106.5,70.5,2026-06-13 13:00:00,2962354
95.6,43.3,104.9,69.7,2026-06-13 13:10:00,2962354
96.3,42.6,106.2,69.9,2026-06-13 13:20:00,2962354
95.4,40.6,102.9,67.6,2026-06-13 13:30:00,2962354
95.5,41.4,103.3,68.3,2026-06-13 13:40:00,2962354
98.0,39.9,107.6,69.5,2026-06-13 13:50:00,2962354
98.7,38.2,108.0,68.8,2026-06-13 14:00:00,2962354
98.9,38.4,108.5,69.2,2026-06-13 14:10:00,2962354
99.4,37.8,109.2,69.2,2026-06-13 14:20:00,2962354
100.1,36.9,109.9,69.0,2026-06-13 14:30:00,2962354
97.7,39.4,107.1,68.9,2026-06-13 14:40:00,2962354
95.7,38.9,102.7,66.7,2026-06-13 14:50:00,2962354
94.9,41.4,102.2,67.8,2026-06-13 15:00:00,2962354
94.7,41.3,101.8,67.6,2026-06-13 15:10:00,2962354
98.3,37.1,106.5,67.6,2026-06-13 15:20:00,2962354
97.3,36.6,104.2,66.4,2026-06-13 15:30:00,2962354
95.7,36.8,101.5,65.1,2026-06-13 15:40:00,2962354
96.7,38.2,104.0,67.1,2026-06-13 15:50:00,2962354
100.9,37.2,111.7,70.0,2026-06-13 16:00:00,2962354
102.8,34.8,113.9,69.7,2026-06-13 16:10:00,2962354
101.4,32.9,109.4,66.8,2026-06-13 16:20:00,2962354
102.3,33.2,111.4,67.9,2026-06-13 16:30:00,2962354
101.3,34.0,109.9,67.7,2026-06-13 16:40:00,2962354
98.7,34.0,105.1,65.4,2026-06-13 16:50:00,2962354
96.1,36.5,101.8,65.2,2026-06-13 17:00:00,2962354
96.4,38.2,103.3,66.8,2026-06-13 17:10:00,2962354
97.3,38.3,105.3,67.7,2026-06-13 17:20:00,2962354
99.5,35.6,108.0,67.5,2026-06-13 17:30:00,2962354
100.1,35.6,109.0,68.0,2026-06-13 17:40:00,2962354
98.2,36.6,105.8,67.2,2026-06-13 17:50:00,2962354
96.0,37.3,102.0,65.7,2026-06-13 18:00:00,2962354
96.4,38.8,103.8,67.2,2026-06-13 18:10:00,2962354
96.2,38.5,103.1,66.8,2026-06-13 18:20:00,2962354
95.7,38.2,101.8,66.1,2026-06-13 18:30:00,2962354
95.6,38.6,102.2,66.4,2026-06-13 18:40:00,2962354
95.5,38.8,102.0,66.5,2026-06-13 18:50:00,2962354
95.4,39.6,102.4,66.9,2026-06-13 19:00:00,2962354
95.2,39.7,101.8,66.8,2026-06-13 19:10:00,2962354
94.8,40.8,102.0,67.3,2026-06-13 19:20:00,2962354
94.3,41.4,101.1,67.3,2026-06-13 19:30:00,2962354
93.7,41.2,100.0,66.7,2026-06-13 19:40:00,2962354
93.8,41.5,100.2,66.9,2026-06-13 19:50:00,2962354
93.5,42.1,99.7,67.0,2026-06-13 20:00:00,2962354
93.0,42.6,99.0,66.9,2026-06-13 20:10:00,2962354
92.5,43.2,98.2,66.9,2026-06-13 20:20:00,2962354
91.8,43.7,97.5,66.6,2026-06-13 20:30:00,2962354
91.4,44.8,97.2,66.9,2026-06-13 20:40:00,2962354
91.0,45.6,96.6,67.1,2026-06-13 20:50:00,2962354
87.8,50.0,92.5,66.9,2026-06-13 21:00:00,2962354
85.2,57.3,90.0,68.4,2026-06-13 21:10:00,2962354
82.8,63.4,86.9,69.1,2026-06-13 21:20:00,2962354
81.3,66.0,84.7,68.8,2026-06-13 21:30:00,2962354
81.1,66.3,84.6,68.8,2026-06-13 21:40:00,2962354
81.1,66.3,84.6,68.8,2026-06-13 21:50:00,2962354
80.1,68.5,83.5,68.8,2026-06-13 22:00:00,2962354
78.9,71.5,81.9,68.9,2026-06-13 22:10:00,2962354
78.5,72.9,81.3,69.1,2026-06-13 22:20:00,2962354
78.5,73.3,81.5,69.3,2026-06-13 22:30:00,2962354
78.5,73.1,81.5,69.2,2026-06-13 22:40:00,2962354
78.4,72.5,81.1,68.8,2026-06-13 22:50:00,2962354
78.4,72.5,81.1,68.8,2026-06-13 23:00:00,2962354
78.5,72.6,81.3,68.9,2026-06-13 23:10:00,2962354
78.4,72.8,81.1,69.0,2026-06-13 23:20:00,2962354
78.6,72.6,81.3,69.0,2026-06-13 23:30:00,2962354
78.6,72.4,81.3,69.0,2026-06-13 23:40:00,2962354
78.6,72.1,81.3,68.8,2026-06-13 23:50:00,2962354
78.7,72.0,81.5,68.9,2026-06-14 00:00:00,2962354
78.8,71.9,81.9,69.0,2026-06-14 00:10:00,2962354
78.5,72.2,81.3,68.8,2026-06-14 00:20:00,2962354
78.3,72.5,81.1,68.7,2026-06-14 00:30:00,2962354
78.2,73.0,80.8,68.8,2026-06-14 00:40:00,2962354
78.0,73.4,80.4,68.8,2026-06-14 00:50:00,2962354
77.8,74.3,80.2,69.0,2026-06-14 01:00:00,2962354
77.7,74.7,80.4,69.0,2026-06-14 01:10:00,2962354
77.5,75.0,79.9,69.0,2026-06-14 01:20:00,2962354
77.8,75.0,80.4,69.2,2026-06-14 01:30:00,2962354
77.7,75.2,80.6,69.2,2026-06-14 01:40:00,2962354
77.3,76.4,79.7,69.3,2026-06-14 01:50:00,2962354
76.7,78.1,78.8,69.3,2026-06-14 02:00:00,2962354
76.3,79.3,78.4,69.4,2026-06-14 02:10:00,2962354
76.1,80.1,78.3,69.5,2026-06-14 02:20:00,2962354
75.9,80.6,78.3,69.5,2026-06-14 02:30:00,2962354
75.7,81.0,77.7,69.4,2026-06-14 02:40:00,2962354
75.6,81.6,77.7,69.6,2026-06-14 02:50:00,2962354
75.6,81.9,77.7,69.6,2026-06-14 03:00:00,2962354
75.3,82.6,77.5,69.6,2026-06-14 03:10:00,2962354
75.2,83.2,77.4,69.7,2026-06-14 03:20:00,2962354
74.9,83.7,77.2,69.6,2026-06-14 03:30:00,2962354
78.8,37.5,76.5,50.7,2026-06-02 17:20:00,2968889
73.0,45.3,71.6,50.6,2026-06-02 17:40:00,2968889
78.2,26.0,74.3,40.5,2026-06-02 18:00:00,2968889
77.1,27.2,73.4,40.8,2026-06-02 18:20:00,2968889
75.3,30.1,72.1,41.9,2026-06-02 18:40:00,2968889
74.6,29.0,71.4,40.2,2026-06-02 19:00:00,2968889
73.8,28.7,70.7,39.3,2026-06-02 19:20:00,2968889
73.0,29.1,70.0,39.0,2026-06-02 19:40:00,2968889
72.3,30.6,69.6,39.6,2026-06-02 20:00:00,2968889
71.5,31.4,69.1,39.7,2026-06-02 20:20:00,2968889
70.7,32.5,68.7,39.8,2026-06-02 20:40:00,2968889
69.5,34.1,66.7,40.0,2026-06-02 21:00:00,2968889
68.8,34.2,65.7,39.5,2026-06-02 21:20:00,2968889
67.7,35.7,64.4,39.7,2026-06-02 21:40:00,2968889
66.6,37.3,63.0,39.8,2026-06-02 22:00:00,2968889
65.6,40.2,61.5,40.8,2026-06-02 22:20:00,2968889
63.8,42.7,59.7,40.7,2026-06-02 22:40:00,2968889
62.2,45.6,58.6,40.9,2026-06-02 23:00:00,2968889
61.2,48.3,58.1,41.6,2026-06-02 23:20:00,2968889
59.8,51.7,57.0,42.0,2026-06-02 23:40:00,2968889
58.9,54.2,56.3,42.4,2026-06-03 00:00:00,2968889
57.9,56.4,55.8,42.5,2026-06-03 00:20:00,2968889
57.5,58.1,55.4,42.9,2026-06-03 00:40:00,2968889
56.8,59.1,55.0,42.7,2026-06-03 01:00:00,2968889
56.9,59.6,55.0,43.0,2026-06-03 01:20:00,2968889
56.1,60.9,54.3,42.8,2026-06-03 01:40:00,2968889
55.4,63.5,54.0,43.3,2026-06-03 02:00:00,2968889
54.4,66.2,53.1,43.3,2026-06-03 02:20:00,2968889
54.1,66.9,52.9,43.4,2026-06-03 02:40:00,2968889
53.9,67.5,52.7,43.4,2026-06-03 03:00:00,2968889
53.7,69.2,52.5,43.8,2026-06-03 03:20:00,2968889
53.2,70.5,52.2,43.8,2026-06-03 03:40:00,2968889
53.3,69.9,52.3,43.8,2026-06-03 04:00:00,2968889
53.0,70.5,52.0,43.7,2026-06-03 04:20:00,2968889
52.6,72.1,51.8,43.9,2026-06-03 04:40:00,2968889
52.8,72.7,52.0,44.3,2026-06-03 05:00:00,2968889
52.9,71.8,52.2,44.0,2026-06-03 05:20:00,2968889
52.9,71.0,52.0,43.7,2026-06-03 05:40:00,2968889
53.8,70.0,52.9,44.2,2026-06-03 06:00:00,2968889
55.1,66.8,53.8,44.2,2026-06-03 06:20:00,2968889
57.5,63.7,55.8,45.3,2026-06-03 06:40:00,2968889
62.6,54.3,59.9,45.9,2026-06-03 07:00:00,2968889
65.2,48.6,61.7,45.4,2026-06-03 07:20:00,2968889
67.1,47.3,64.6,46.4,2026-06-03 07:40:00,2968889
68.4,43.8,66.0,45.5,2026-06-03 08:00:00,2968889
70.4,41.4,68.9,45.8,2026-06-03 08:20:00,2968889
73.3,39.7,71.2,47.3,2026-06-03 08:40:00,2968889
73.7,35.8,71.2,45.0,2026-06-03 09:00:00,2968889
74.6,34.4,72.0,44.7,2026-06-03 09:20:00,2968889
77.7,32.7,74.5,46.1,2026-06-03 09:40:00,2968889
76.9,32.1,73.8,44.9,2026-06-03 10:00:00,2968889
78.9,30.4,75.6,45.2,2026-06-03 10:20:00,2968889
78.8,30.0,75.4,44.8,2026-06-03 10:40:00,2968889
79.7,30.3,76.5,45.8,2026-06-03 11:00:00,2968889
81.6,29.3,78.1,46.6,2026-06-03 11:20:00,2968889
80.3,27.1,76.6,43.4,2026-06-03 11:40:00,2968889
80.2,27.2,76.5,43.4,2026-06-03 12:00:00,2968889
81.7,28.3,78.3,45.8,2026-06-03 12:20:00,2968889
81.4,26.4,77.7,43.7,2026-06-03 12:40:00,2968889
82.4,26.1,78.8,44.2,2026-06-03 13:00:00,2968889
83.3,25.1,79.3,43.9,2026-06-03 13:20:00,2968889
85.1,25.0,81.7,45.4,2026-06-03 13:40:00,2968889
79.5,26.7,75.9,42.4,2026-06-03 14:00:00,2968889
81.6,25.6,77.7,43.0,2026-06-03 14:20:00,2968889
83.5,26.0,80.1,45.1,2026-06-03 14:40:00,2968889
83.8,25.4,80.1,44.7,2026-06-03 15:00:00,2968889
83.5,25.8,79.9,44.8,2026-06-03 15:20:00,2968889
83.4,25.0,79.5,44.0,2026-06-03 15:40:00,2968889
82.9,26.2,79.2,44.7,2026-06-03 16:00:00,2968889
83.4,24.4,79.3,43.4,2026-06-03 16:20:00,2968889
82.9,25.9,79.0,44.4,2026-06-03 16:40:00,2968889
84.8,25.9,81.3,46.1,2026-06-03 17:00:00,2968889
85.0,24.3,81.3,44.5,2026-06-03 17:20:00,2968889
83.2,25.3,79.3,44.1,2026-06-03 17:40:00,2968889
82.4,26.2,78.6,44.3,2026-06-03 18:00:00,2968889
83.4,26.2,79.7,45.2,2026-06-03 18:20:00,2968889
81.6,26.7,77.9,44.1,2026-06-03 18:40:00,2968889
81.3,27.8,77.5,44.9,2026-06-03 19:00:00,2968889
80.5,28.7,77.0,45.1,2026-06-03 19:20:00,2968889
79.2,28.9,75.7,44.2,2026-06-03 19:40:00,2968889
78.5,29.9,75.0,44.4,2026-06-03 20:00:00,2968889
77.2,32.0,74.1,45.1,2026-06-03 20:20:00,2968889
75.7,34.4,72.7,45.6,2026-06-03 20:40:00,2968889
73.5,37.2,71.2,45.7,2026-06-03 21:00:00,2968889
71.7,40.0,70.0,46.1,2026-06-03 21:20:00,2968889
70.0,43.3,68.5,46.7,2026-06-03 21:40:00,2968889
68.8,45.4,66.7,46.9,2026-06-03 22:00:00,2968889
67.8,47.3,65.7,47.1,2026-06-03 22:20:00,2968889
66.8,49.2,64.2,47.2,2026-06-03 22:40:00,2968889
66.3,50.7,63.7,47.5,2026-06-03 23:00:00,2968889
65.3,52.8,62.2,47.6,2026-06-03 23:20:00,2968889
64.5,54.5,61.7,47.7,2026-06-03 23:40:00,2968889
63.8,55.9,61.0,47.7,2026-06-04 00:00:00,2968889
63.0,57.6,60.4,47.8,2026-06-04 00:20:00,2968889
62.3,59.1,60.1,47.9,2026-06-04 00:40:00,2968889
61.6,61.1,59.5,48.0,2026-06-04 01:00:00,2968889
61.9,62.2,60.1,48.8,2026-06-04 01:20:00,2968889
61.6,63.8,59.9,49.2,2026-06-04 01:40:00,2968889
60.1,65.4,58.5,48.5,2026-06-04 02:00:00,2968889
59.5,67.5,58.1,48.7,2026-06-04 02:20:00,2968889
58.9,69.1,57.6,48.8,2026-06-04 02:40:00,2968889
58.6,70.3,57.4,49.0,2026-06-04 03:00:00,2968889
57.9,71.9,57.0,48.9,2026-06-04 03:20:00,2968889
57.8,73.7,57.0,49.5,2026-06-04 03:40:00,2968889
57.8,73.7,57.0,49.4,2026-06-04 04:00:00,2968889
57.1,74.5,56.3,49.1,2026-06-04 04:20:00,2968889
56.4,76.2,55.8,49.0,2026-06-04 04:40:00,2968889
56.0,78.0,55.4,49.2,2026-06-04 05:00:00,2968889
55.5,78.4,54.9,48.9,2026-06-04 05:20:00,2968889
55.5,79.1,55.0,49.2,2026-06-04 05:40:00,2968889
55.8,79.7,55.4,49.6,2026-06-04 06:00:00,2968889
56.1,79.6,55.6,49.9,2026-06-04 06:20:00,2968889
58.4,78.2,57.7,51.6,2026-06-04 06:40:00,2968889
63.1,70.4,61.7,53.3,2026-06-04 07:00:00,2968889
67.9,61.2,66.7,54.1,2026-06-04 07:20:00,2968889
71.6,53.0,70.9,53.6,2026-06-04 07:40:00,2968889
73.0,48.4,71.8,52.4,2026-06-04 08:00:00,2968889
75.4,44.3,73.6,52.1,2026-06-04 08:20:00,2968889
77.8,41.1,75.7,52.3,2026-06-04 08:40:00,2968889
78.4,37.7,75.9,50.5,2026-06-04 09:00:00,2968889
80.2,35.7,77.5,50.6,2026-06-04 09:20:00,2968889
81.0,35.0,78.4,50.8,2026-06-04 09:40:00,2968889
82.8,32.4,80.1,50.3,2026-06-04 10:00:00,2968889
81.8,29.0,78.3,46.4,2026-06-04 10:20:00,2968889
85.1,29.2,82.4,49.5,2026-06-04 10:40:00,2968889
86.6,27.1,83.7,48.8,2026-06-04 11:00:00,2968889
85.3,26.3,82.0,46.9,2026-06-04 11:20:00,2968889
84.5,25.3,80.8,45.2,2026-06-04 11:40:00,2968889
85.4,24.6,81.9,45.2,2026-06-04 12:00:00,2968889
86.6,26.1,83.5,47.8,2026-06-04 12:20:00,2968889
87.5,24.9,84.2,47.2,2026-06-04 12:40:00,2968889
87.7,24.5,84.4,47.0,2026-06-04 13:00:00,2968889
87.2,23.3,83.5,45.3,2026-06-04 13:20:00,2968889
90.5,23.7,87.6,48.4,2026-06-04 13:40:00,2968889
89.6,22.8,86.4,46.7,2026-06-04 14:00:00,2968889
89.6,22.3,86.4,46.1,2026-06-04 14:20:00,2968889
91.1,21.4,87.8,46.2,2026-06-04 14:40:00,2968889
91.4,22.4,88.3,47.7,2026-06-04 15:00:00,2968889
90.9,21.6,87.8,46.3,2026-06-04 15:20:00,2968889
91.6,21.5,88.7,46.8,2026-06-04 15:40:00,2968889
90.4,21.5,87.1,45.8,2026-06-04 16:00:00,2968889
91.6,21.3,88.5,46.6,2026-06-04 16:20:00,2968889
91.0,21.4,87.6,46.2,2026-06-04 16:40:00,2968889
92.1,21.1,89.2,46.8,2026-06-04 17:00:00,2968889
92.8,21.2,89.8,47.3,2026-06-04 17:20:00,2968889
92.2,21.7,89.2,47.5,2026-06-04 17:40:00,2968889
91.4,21.4,88.0,46.4,2026-06-04 18:00:00,2968889
92.4,22.0,89.8,48.1,2026-06-04 18:20:00,2968889
89.5,22.9,86.4,46.7,2026-06-04 18:40:00,2968889
87.9,23.5,84.4,46.1,2026-06-04 19:00:00,2968889
87.0,25.1,83.8,47.0,2026-06-04 19:20:00,2968889
85.6,26.4,82.2,47.2,2026-06-04 19:40:00,2968889
84.8,28.6,81.9,48.7,2026-06-04 20:00:00,2968889
83.5,31.4,80.8,50.1,2026-06-04 20:20:00,2968889
82.0,33.3,79.3,50.3,2026-06-04 20:40:00,2968889
81.2,34.7,78.6,50.7,2026-06-04 21:00:00,2968889
80.0,36.1,77.5,50.7,2026-06-04 21:20:00,2968889
77.9,38.8,75.4,50.8,2026-06-04 21:40:00,2968889
76.3,42.3,74.3,51.8,2026-06-04 22:00:00,2968889
74.3,45.5,72.7,51.9,2026-06-04 22:20:00,2968889
72.6,48.0,71.4,51.8,2026-06-04 22:40:00,2968889
71.6,50.3,70.9,52.2,2026-06-04 23:00:00,2968889
70.5,52.2,69.8,52.2,2026-06-04 23:20:00,2968889
69.6,54.4,68.4,52.4,2026-06-04 23:40:00,2968889
69.2,55.8,68.2,52.7,2026-06-05 00:00:00,2968889
68.4,57.6,67.3,52.8,2026-06-05 00:20:00,2968889
67.4,59.4,65.8,52.8,2026-06-05 00:40:00,2968889
68.5,57.3,67.1,52.8,2026-06-05 01:00:00,2968889
68.8,56.4,67.6,52.7,2026-06-05 01:20:00,2968889
68.7,57.8,67.8,53.3,2026-06-05 01:40:00,2968889
68.7,60.3,67.8,54.4,2026-06-05 02:00:00,2968889
67.7,61.5,66.6,54.1,2026-06-05 02:20:00,2968889
67.5,62.6,66.4,54.3,2026-06-05 02:40:00,2968889
66.8,64.6,65.5,54.5,2026-06-05 03:00:00,2968889
66.3,66.1,64.9,54.6,2026-06-05 03:20:00,2968889
66.2,67.0,64.9,55.0,2026-06-05 03:40:00,2968889
65.5,68.4,64.2,54.9,2026-06-05 04:00:00,2968889
65.0,69.5,63.7,54.8,2026-06-05 04:20:00,2968889
64.2,71.1,62.8,54.6,2026-06-05 04:40:00,2968889
63.2,73.8,62.2,54.7,2026-06-05 05:00:00,2968889
62.8,75.4,61.9,54.8,2026-06-05 05:20:00,2968889
62.9,75.7,62.1,55.1,2026-06-05 05:40:00,2968889
63.2,75.5,62.4,55.4,2026-06-05 06:00:00,2968889
63.2,75.4,62.4,55.3,2026-06-05 06:20:00,2968889
64.4,74.2,63.5,56.0,2026-06-05 06:40:00,2968889
67.2,68.7,66.4,56.5,2026-06-05 07:00:00,2968889
70.3,62.6,70.0,56.9,2026-06-05 07:20:00,2968889
71.4,60.4,71.2,57.0,2026-06-05 07:40:00,2968889
74.2,56.7,73.6,57.8,2026-06-05 08:00:00,2968889
76.9,51.7,75.7,57.8,2026-06-05 08:20:00,2968889
80.3,49.2,79.9,59.5,2026-06-05 08:40:00,2968889
84.6,44.0,85.1,60.3,2026-06-05 09:00:00,2968889
84.8,40.9,84.6,58.5,2026-06-05 09:20:00,2968889
87.9,38.9,88.5,59.8,2026-06-05 09:40:00,2968889
86.5,37.1,86.0,57.3,2026-06-05 10:00:00,2968889
87.6,37.2,87.4,58.3,2026-06-05 10:20:00,2968889
91.1,33.4,91.8,58.3,2026-06-05 10:40:00,2968889
90.1,32.5,90.1,56.8,2026-06-05 11:00:00,2968889
90.2,32.2,90.0,56.5,2026-06-05 11:20:00,2968889
91.4,29.3,90.5,54.9,2026-06-05 11:40:00,2968889
92.0,29.4,91.4,55.6,2026-06-05 12:00:00,2968889
93.2,29.0,93.0,56.2,2026-06-05 12:20:00,2968889
92.2,26.5,90.9,52.9,2026-06-05 12:40:00,2968889
93.4,28.8,93.0,56.2,2026-06-05 13:00:00,2968889
93.7,26.5,92.8,54.2,2026-06-05 13:20:00,2968889
94.9,26.0,94.5,54.6,2026-06-05 13:40:00,2968889
96.2,25.4,96.1,55.1,2026-06-05 14:00:00,2968889
93.7,24.9,92.1,52.5,2026-06-05 14:20:00,2968889
95.4,25.4,95.0,54.4,2026-06-05 14:40:00,2968889
94.0,26.0,93.2,53.9,2026-06-05 15:00:00,2968889
95.4,24.6,94.6,53.6,2026-06-05 15:20:00,2968889
96.7,25.4,96.8,55.5,2026-06-05 15:40:00,2968889
97.2,24.7,97.3,55.2,2026-06-05 16:00:00,2968889
97.7,24.8,98.2,55.8,2026-06-05 16:20:00,2968889
97.6,25.4,98.1,56.2,2026-06-05 16:40:00,2968889
97.5,24.8,97.9,55.6,2026-06-05 17:00:00,2968889
95.8,24.6,95.2,53.9,2026-06-05 17:20:00,2968889
96.4,25.1,96.3,55.0,2026-06-05 17:40:00,2968889
95.8,24.8,95.4,54.2,2026-06-05 18:00:00,2968889
95.0,26.2,94.8,55.0,2026-06-05 18:20:00,2968889
92.6,27.6,91.8,54.3,2026-06-05 18:40:00,2968889
91.5,29.1,90.7,54.9,2026-06-05 19:00:00,2968889
90.1,30.3,88.9,54.8,2026-06-05 19:20:00,2968889
89.2,31.4,88.0,54.9,2026-06-05 19:40:00,2968889
88.0,32.3,86.7,54.7,2026-06-05 20:00:00,2968889
87.0,33.4,85.6,54.8,2026-06-05 20:20:00,2968889
85.7,34.5,84.2,54.5,2026-06-05 20:40:00,2968889
84.5,35.8,82.9,54.5,2026-06-05 21:00:00,2968889
83.5,36.7,81.9,54.3,2026-06-05 21:20:00,2968889
82.7,37.7,80.8,54.3,2026-06-05 21:40:00,2968889
82.0,38.9,80.1,54.6,2026-06-05 22:00:00,2968889
81.7,39.8,80.1,54.9,2026-06-05 22:20:00,2968889
81.5,40.7,79.9,55.3,2026-06-05 22:40:00,2968889
80.5,41.6,79.0,55.1,2026-06-05 23:00:00,2968889
79.7,43.0,78.1,55.2,2026-06-05 23:20:00,2968889
78.5,45.0,77.0,55.4,2026-06-05 23:40:00,2968889
77.9,46.8,76.8,56.0,2026-06-06 00:00:00,2968889
77.1,47.8,75.6,55.8,2026-06-06 00:20:00,2968889
76.6,49.2,75.2,56.1,2026-06-06 00:40:00,2968889
76.2,49.9,74.8,56.2,2026-06-06 01:00:00,2968889
75.8,51.2,74.7,56.4,2026-06-06 01:20:00,2968889
75.2,51.9,74.1,56.3,2026-06-06 01:40:00,2968889
74.6,53.2,73.8,56.4,2026-06-06 02:00:00,2968889
73.7,54.9,73.0,56.4,2026-06-06 02:20:00,2968889
73.3,56.3,72.9,56.9,2026-06-06 02:40:00,2968889
73.1,56.5,72.7,56.8,2026-06-06 03:00:00,2968889
72.2,59.0,72.0,57.1,2026-06-06 03:20:00,2968889
72.0,59.4,71.8,57.0,2026-06-06 03:40:00,2968889
71.2,61.1,71.1,57.1,2026-06-06 04:00:00,2968889
70.5,62.4,70.3,57.0,2026-06-06 04:20:00,2968889
70.0,64.2,70.0,57.4,2026-06-06 04:40:00,2968889
70.2,64.4,70.2,57.6,2026-06-06 05:00:00,2968889
69.2,65.7,68.7,57.2,2026-06-06 05:20:00,2968889
68.3,68.1,67.8,57.4,2026-06-06 05:40:00,2968889
67.9,69.7,67.5,57.7,2026-06-06 06:00:00,2968889
68.3,70.3,68.0,58.2,2026-06-06 06:20:00,2968889
70.1,69.6,70.3,59.7,2026-06-06 06:40:00,2968889
74.4,62.5,74.5,60.8,2026-06-06 07:00:00,2968889
78.3,56.6,78.4,61.6,2026-06-06 07:20:00,2968889
77.2,55.3,76.8,60.0,2026-06-06 07:40:00,2968889
78.8,53.8,78.6,60.6,2026-06-06 08:00:00,2968889
80.7,51.3,80.8,61.1,2026-06-06 08:20:00,2968889
81.3,50.1,81.5,60.9,2026-06-06 08:40:00,2968889
80.7,48.7,80.4,59.6,2026-06-06 09:00:00,2968889
81.7,48.3,81.7,60.3,2026-06-06 09:20:00,2968889
84.7,45.5,85.5,61.4,2026-06-06 09:40:00,2968889
85.3,45.4,86.5,61.8,2026-06-06 10:00:00,2968889
85.4,43.1,86.0,60.4,2026-06-06 10:20:00,2968889
86.4,44.2,88.0,62.0,2026-06-06 10:40:00,2968889
87.8,42.2,89.4,62.0,2026-06-06 11:00:00,2968889
88.3,40.3,89.4,61.1,2026-06-06 11:20:00,2968889
88.2,39.1,89.1,60.2,2026-06-06 11:40:00,2968889
90.4,38.7,92.7,61.8,2026-06-06 12:00:00,2968889
89.5,37.4,90.7,60.0,2026-06-06 12:20:00,2968889
89.5,35.8,90.3,58.9,2026-06-06 12:40:00,2968889
91.2,34.8,92.7,59.6,2026-06-06 13:00:00,2968889
92.7,34.5,94.8,60.6,2026-06-06 13:20:00,2968889
91.0,35.0,92.1,59.6,2026-06-06 13:40:00,2968889
91.8,35.5,93.9,60.6,2026-06-06 14:00:00,2968889
90.1,37.5,91.8,60.7,2026-06-06 14:20:00,2968889
94.3,36.6,98.2,63.7,2026-06-06 14:40:00,2968889
93.1,35.5,95.9,61.8,2026-06-06 15:00:00,2968889
95.4,35.8,100.0,64.0,2026-06-06 15:20:00,2968889
90.1,36.5,91.4,59.9,2026-06-06 15:40:00,2968889
94.2,35.2,97.5,62.5,2026-06-06 16:00:00,2968889
95.5,33.2,98.8,62.0,2026-06-06 16:20:00,2968889
94.0,34.2,96.6,61.5,2026-06-06 16:40:00,2968889
94.4,34.3,97.5,62.0,2026-06-06 17:00:00,2968889
94.5,34.5,97.9,62.2,2026-06-06 17:20:00,2968889
93.9,34.7,96.8,61.9,2026-06-06 17:40:00,2968889
93.8,32.8,95.7,60.2,2026-06-06 18:00:00,2968889
91.5,33.8,92.5,59.0,2026-06-06 18:20:00,2968889
91.5,35.3,93.2,60.2,2026-06-06 18:40:00,2968889
90.1,35.4,91.2,59.1,2026-06-06 19:00:00,2968889
89.2,38.0,90.3,60.2,2026-06-06 19:20:00,2968889
88.4,38.4,89.2,59.9,2026-06-06 19:40:00,2968889
87.5,39.9,88.2,60.2,2026-06-06 20:00:00,2968889
86.2,41.5,86.9,60.1,2026-06-06 20:20:00,2968889
85.3,42.8,85.6,60.1,2026-06-06 20:40:00,2968889
84.2,43.8,84.2,59.8,2026-06-06 21:00:00,2968889
83.5,44.5,83.5,59.6,2026-06-06 21:20:00,2968889
82.8,45.9,82.8,59.8,2026-06-06 21:40:00,2968889
82.0,47.6,81.9,60.2,2026-06-06 22:00:00,2968889
81.6,48.8,81.5,60.4,2026-06-06 22:20:00,2968889
81.2,49.8,81.3,60.6,2026-06-06 22:40:00,2968889
80.9,50.4,81.0,60.7,2026-06-06 23:00:00,2968889
80.6,51.0,80.6,60.7,2026-06-06 23:20:00,2968889
79.6,52.3,79.5,60.6,2026-06-06 23:40:00,2968889
79.0,53.5,79.2,60.7,2026-06-07 00:00:00,2968889
78.7,54.7,78.6,61.0,2026-06-07 00:20:00,2968889
78.3,55.9,78.4,61.3,2026-06-07 00:40:00,2968889
78.0,57.3,78.1,61.6,2026-06-07 01:00:00,2968889
77.2,58.6,77.2,61.6,2026-06-07 01:20:00,2968889
77.1,59.3,77.0,61.8,2026-06-07 01:40:00,2968889
76.2,60.6,76.1,61.6,2026-06-07 02:00:00,2968889
75.5,62.8,75.6,61.9,2026-06-07 02:20:00,2968889
74.7,64.0,75.0,61.7,2026-06-07 02:40:00,2968889
74.2,65.4,74.5,61.9,2026-06-07 03:00:00,2968889
73.9,66.5,74.3,62.1,2026-06-07 03:20:00,2968889
73.5,67.3,73.9,62.0,2026-06-07 03:40:00,2968889
73.1,68.3,73.6,62.1,2026-06-07 04:00:00,2968889
72.8,69.0,73.4,62.0,2026-06-07 04:20:00,2968889
72.5,69.7,73.0,62.0,2026-06-07 04:40:00,2968889
71.9,70.8,72.5,61.8,2026-06-07 05:00:00,2968889
71.4,71.8,72.0,61.8,2026-06-07 05:20:00,2968889
70.8,73.1,71.6,61.7,2026-06-07 05:40:00,2968889
70.6,73.8,71.2,61.9,2026-06-07 06:00:00,2968889
70.7,74.0,71.6,62.0,2026-06-07 06:20:00,2968889
71.5,73.7,72.3,62.6,2026-06-07 06:40:00,2968889
75.1,70.1,75.9,64.6,2026-06-07 07:00:00,2968889
76.7,63.9,77.0,63.6,2026-06-07 07:20:00,2968889
78.9,61.0,79.9,64.3,2026-06-07 07:40:00,2968889
79.9,59.1,81.1,64.4,2026-06-07 08:00:00,2968889
80.4,57.9,81.5,64.2,2026-06-07 08:20:00,2968889
81.2,57.1,82.8,64.6,2026-06-07 08:40:00,2968889
83.3,54.1,85.3,64.9,2026-06-07 09:00:00,2968889
82.4,52.4,83.3,63.2,2026-06-07 09:20:00,2968889
85.3,50.4,87.8,64.8,2026-06-07 09:40:00,2968889
87.8,47.0,91.2,65.1,2026-06-07 10:00:00,2968889
88.7,44.0,91.8,64.0,2026-06-07 10:20:00,2968889
88.3,45.0,91.0,64.2,2026-06-07 10:40:00,2968889
88.9,43.4,91.9,63.7,2026-06-07 11:00:00,2968889
89.6,42.8,92.7,64.0,2026-06-07 11:20:00,2968889
91.4,41.5,95.5,64.7,2026-06-07 11:40:00,2968889
92.1,40.4,96.3,64.5,2026-06-07 12:00:00,2968889
92.5,38.1,96.3,63.3,2026-06-07 12:20:00,2968889
92.1,36.1,94.8,61.4,2026-06-07 12:40:00,2968889
93.7,35.4,96.6,62.2,2026-06-07 13:00:00,2968889
94.8,34.7,98.4,62.6,2026-06-07 13:20:00,2968889
96.4,34.0,100.8,63.4,2026-06-07 13:40:00,2968889
95.9,32.9,99.5,62.2,2026-06-07 14:00:00,2968889
97.0,32.9,101.3,63.0,2026-06-07 14:20:00,2968889
96.5,32.8,100.4,62.5,2026-06-07 14:40:00,2968889
98.1,32.9,103.3,64.0,2026-06-07 15:00:00,2968889
98.2,31.6,102.4,63.0,2026-06-07 15:20:00,2968889
97.7,30.6,101.1,61.6,2026-06-07 15:40:00,2968889
99.6,31.6,104.9,64.1,2026-06-07 16:00:00,2968889
96.5,31.2,99.3,61.1,2026-06-07 16:20:00,2968889
98.4,32.0,103.1,63.4,2026-06-07 16:40:00,2968889
95.3,32.9,98.2,61.6,2026-06-07 17:00:00,2968889
97.6,32.0,101.8,62.8,2026-06-07 17:20:00,2968889
95.6,36.0,100.6,64.4,2026-06-07 17:40:00,2968889
95.3,36.4,100.2,64.4,2026-06-07 18:00:00,2968889
94.9,36.4,99.5,64.1,2026-06-07 18:20:00,2968889
93.3,37.3,97.0,63.4,2026-06-07 18:40:00,2968889
92.3,38.3,95.7,63.2,2026-06-07 19:00:00,2968889
91.4,39.3,95.0,63.2,2026-06-07 19:20:00,2968889
91.0,39.8,94.1,63.1,2026-06-07 19:40:00,2968889
89.8,40.0,92.3,62.2,2026-06-07 20:00:00,2968889
89.8,39.5,91.8,61.9,2026-06-07 20:20:00,2968889
89.3,40.1,91.4,61.9,2026-06-07 20:40:00,2968889
88.1,42.3,90.0,62.3,2026-06-07 21:00:00,2968889
87.5,43.7,89.4,62.7,2026-06-07 21:20:00,2968889
86.9,44.4,88.5,62.6,2026-06-07 21:40:00,2968889
86.0,46.1,88.0,62.9,2026-06-07 22:00:00,2968889
85.3,47.7,87.3,63.2,2026-06-07 22:20:00,2968889
84.5,48.4,86.0,62.9,2026-06-07 22:40:00,2968889
84.0,49.1,85.5,62.9,2026-06-07 23:00:00,2968889
83.6,49.4,84.7,62.6,2026-06-07 23:20:00,2968889
83.0,50.6,84.2,62.8,2026-06-07 23:40:00,2968889
82.8,52.1,84.2,63.4,2026-06-08 00:00:00,2968889
82.4,53.8,83.8,64.0,2026-06-08 00:20:00,2968889
81.7,55.4,83.1,64.2,2026-06-08 00:40:00,2968889
81.4,56.4,82.8,64.4,2026-06-08 01:00:00,2968889
80.6,57.5,82.0,64.3,2026-06-08 01:20:00,2968889
80.2,58.6,81.5,64.4,2026-06-08 01:40:00,2968889
79.8,59.6,81.1,64.5,2026-06-08 02:00:00,2968889
79.3,60.7,80.4,64.5,2026-06-08 02:20:00,2968889
78.8,61.6,79.9,64.5,2026-06-08 02:40:00,2968889
78.4,62.8,79.3,64.6,2026-06-08 03:00:00,2968889
78.0,64.0,79.0,64.8,2026-06-08 03:20:00,2968889
77.4,65.0,78.4,64.7,2026-06-08 03:40:00,2968889
77.4,65.6,78.4,65.0,2026-06-08 04:00:00,2968889
77.3,65.7,78.1,64.9,2026-06-08 04:20:00,2968889
76.8,66.9,77.7,65.0,2026-06-08 04:40:00,2968889
76.8,67.1,77.4,65.0,2026-06-08 05:00:00,2968889
76.3,68.1,77.0,65.0,2026-06-08 05:20:00,2968889
75.5,69.9,76.3,65.0,2026-06-08 05:40:00,2968889
75.4,70.6,76.5,65.1,2026-06-08 06:00:00,2968889
75.7,70.8,76.6,65.5,2026-06-08 06:20:00,2968889
76.5,70.3,77.5,66.1,2026-06-08 06:40:00,2968889
80.0,65.7,82.6,67.5,2026-06-08 07:00:00,2968889
82.2,59.7,84.9,66.8,2026-06-08 07:20:00,2968889
82.2,59.3,84.6,66.5,2026-06-08 07:40:00,2968889
85.7,55.6,90.5,68.0,2026-06-08 08:00:00,2968889
83.5,54.8,86.2,65.5,2026-06-08 08:20:00,2968889
85.1,55.0,89.4,67.2,2026-06-08 08:40:00,2968889
86.6,54.9,91.9,68.5,2026-06-08 09:00:00,2968889
88.1,53.1,93.9,68.8,2026-06-08 09:20:00,2968889
88.9,50.8,94.8,68.4,2026-06-08 09:40:00,2968889
88.8,49.2,93.9,67.2,2026-06-08 10:00:00,2968889
89.0,49.5,94.3,67.6,2026-06-08 10:20:00,2968889
92.0,46.6,99.3,68.6,2026-06-08 10:40:00,2968889
90.2,46.2,95.4,66.7,2026-06-08 11:00:00,2968889
92.8,45.4,100.0,68.6,2026-06-08 11:20:00,2968889
91.9,42.7,97.0,65.9,2026-06-08 11:40:00,2968889
93.3,41.5,99.0,66.4,2026-06-08 12:00:00,2968889
94.8,40.1,101.3,66.7,2026-06-08 12:20:00,2968889
94.1,39.4,99.9,65.7,2026-06-08 12:40:00,2968889
92.3,40.8,97.0,65.0,2026-06-08 13:00:00,2968889
93.0,41.0,98.2,65.8,2026-06-08 13:20:00,2968889
91.9,39.7,95.9,64.0,2026-06-08 13:40:00,2968889
93.5,38.9,98.1,64.8,2026-06-08 14:00:00,2968889
94.0,38.3,98.6,64.7,2026-06-08 14:20:00,2968889
95.5,36.9,100.9,65.0,2026-06-08 14:40:00,2968889
93.1,38.7,97.5,64.3,2026-06-08 15:00:00,2968889
93.3,38.2,97.3,64.0,2026-06-08 15:20:00,2968889
95.1,37.2,100.4,64.9,2026-06-08 15:40:00,2968889
94.1,37.9,99.0,64.6,2026-06-08 16:00:00,2968889
94.1,37.4,98.6,64.1,2026-06-08 16:20:00,2968889
93.9,37.7,98.2,64.2,2026-06-08 16:40:00,2968889
94.6,37.1,99.1,64.3,2026-06-08 17:00:00,2968889
94.1,35.7,97.7,62.9,2026-06-08 17:20:00,2968889
92.7,35.8,95.5,61.7,2026-06-08 17:40:00,2968889
92.2,36.9,95.0,62.1,2026-06-08 18:00:00,2968889
91.0,38.0,93.4,61.9,2026-06-08 18:20:00,2968889
90.4,38.4,92.7,61.6,2026-06-08 18:40:00,2968889
89.7,39.0,91.6,61.4,2026-06-08 19:00:00,2968889
88.9,40.6,90.9,61.8,2026-06-08 19:20:00,2968889
88.1,42.6,90.0,62.5,2026-06-08 19:40:00,2968889
86.1,46.6,88.2,63.3,2026-06-08 20:00:00,2968889
85.0,48.8,87.1,63.6,2026-06-08 20:20:00,2968889
83.5,51.2,85.3,63.6,2026-06-08 20:40:00,2968889
82.7,53.1,84.0,63.9,2026-06-08 21:00:00,2968889
81.6,55.0,82.9,63.9,2026-06-08 21:20:00,2968889
80.7,56.3,81.9,63.7,2026-06-08 21:40:00,2968889
79.6,58.0,80.4,63.5,2026-06-08 22:00:00,2968889
78.1,60.4,78.8,63.2,2026-06-08 22:20:00,2968889
76.7,63.1,77.0,63.2,2026-06-08 22:40:00,2968889
75.5,64.3,75.7,62.7,2026-06-08 23:00:00,2968889
74.4,65.5,74.7,62.1,2026-06-08 23:20:00,2968889
73.3,67.2,73.8,61.8,2026-06-08 23:40:00,2968889
72.5,67.7,72.9,61.2,2026-06-09 00:00:00,2968889
71.9,67.9,72.3,60.7,2026-06-09 00:20:00,2968889
71.1,68.6,71.6,60.2,2026-06-09 00:40:00,2968889
70.3,68.7,70.3,59.5,2026-06-09 01:00:00,2968889
70.0,68.0,70.2,58.9,2026-06-09 01:20:00,2968889
69.5,67.9,69.4,58.5,2026-06-09 01:40:00,2968889
69.0,68.1,68.7,58.1,2026-06-09 02:00:00,2968889
68.3,68.1,67.8,57.4,2026-06-09 02:20:00,2968889
68.1,69.5,67.6,57.7,2026-06-09 02:40:00,2968889
68.1,70.3,67.6,58.0,2026-06-09 03:00:00,2968889
67.6,71.9,67.1,58.2,2026-06-09 03:20:00,2968889
67.7,72.1,67.5,58.4,2026-06-09 03:40:00,2968889
67.6,73.3,67.3,58.7,2026-06-09 04:00:00,2968889
67.6,71.0,66.9,57.8,2026-06-09 04:20:00,2968889
67.0,70.5,66.2,57.1,2026-06-09 04:40:00,2968889
67.1,69.2,66.4,56.7,2026-06-09 05:00:00,2968889
66.9,67.8,66.0,55.9,2026-06-09 05:20:00,2968889
66.4,67.9,65.3,55.5,2026-06-09 05:40:00,2968889
66.2,67.1,64.9,55.0,2026-06-09 06:00:00,2968889
66.8,66.8,65.7,55.4,2026-06-09 06:20:00,2968889
66.8,66.3,65.7,55.2,2026-06-09 06:40:00,2968889
68.0,65.6,67.3,56.1,2026-06-09 07:00:00,2968889
69.2,62.4,68.5,55.8,2026-06-09 07:20:00,2968889
70.5,61.5,70.5,56.7,2026-06-09 07:40:00,2968889
71.9,60.3,71.8,57.4,2026-06-09 08:00:00,2968889
72.6,58.3,72.3,57.1,2026-06-09 08:20:00,2968889
72.7,57.0,72.3,56.6,2026-06-09 08:40:00,2968889
74.7,56.0,74.1,57.9,2026-06-09 09:00:00,2968889
75.1,56.3,74.5,58.4,2026-06-09 09:20:00,2968889
78.0,57.1,78.1,61.6,2026-06-09 09:40:00,2968889
74.4,56.7,73.8,58.1,2026-06-09 10:00:00,2968889
79.8,52.3,79.9,60.7,2026-06-09 10:20:00,2968889
80.2,51.9,80.2,60.9,2026-06-09 10:40:00,2968889
82.5,49.9,82.9,61.9,2026-06-09 11:00:00,2968889
81.5,48.3,81.1,60.1,2026-06-09 11:20:00,2968889
81.8,49.0,81.9,60.7,2026-06-09 11:40:00,2968889
82.4,49.1,82.8,61.4,2026-06-09 12:00:00,2968889
82.1,48.1,82.0,60.6,2026-06-09 12:20:00,2968889
85.7,48.5,88.2,64.1,2026-06-09 12:40:00,2968889
85.0,50.1,87.4,64.4,2026-06-09 13:00:00,2968889
87.2,50.6,91.4,66.6,2026-06-09 13:20:00,2968889
86.4,52.5,90.7,66.9,2026-06-09 13:40:00,2968889
87.2,52.7,92.1,67.7,2026-06-09 14:00:00,2968889
86.9,52.8,91.8,67.6,2026-06-09 14:20:00,2968889
87.8,51.4,93.0,67.7,2026-06-09 14:40:00,2968889
87.9,51.3,92.8,67.7,2026-06-09 15:00:00,2968889
90.6,49.1,97.5,68.9,2026-06-09 15:20:00,2968889
91.2,47.4,98.2,68.4,2026-06-09 15:40:00,2968889
90.4,48.3,96.8,68.2,2026-06-09 16:00:00,2968889
89.0,49.7,94.5,67.8,2026-06-09 16:20:00,2968889
87.7,51.7,92.7,67.8,2026-06-09 16:40:00,2968889
88.7,52.5,95.4,69.1,2026-06-09 17:00:00,2968889
87.9,52.3,93.4,68.3,2026-06-09 17:20:00,2968889
89.5,51.3,96.3,69.1,2026-06-09 17:40:00,2968889
87.9,51.7,93.0,67.9,2026-06-09 18:00:00,2968889
87.5,54.4,93.4,69.0,2026-06-09 18:20:00,2968889
87.0,54.3,92.3,68.5,2026-06-09 18:40:00,2968889
86.0,56.0,91.2,68.5,2026-06-09 19:00:00,2968889
86.0,56.5,91.4,68.7,2026-06-09 19:20:00,2968889
85.6,57.0,90.5,68.6,2026-06-09 19:40:00,2968889
85.1,58.1,90.1,68.8,2026-06-09 20:00:00,2968889
84.6,58.9,89.4,68.6,2026-06-09 20:20:00,2968889
83.9,60.2,88.3,68.6,2026-06-09 20:40:00,2968889
83.2,61.2,87.1,68.5,2026-06-09 21:00:00,2968889
82.9,61.9,86.5,68.5,2026-06-09 21:20:00,2968889
82.5,62.8,86.2,68.6,2026-06-09 21:40:00,2968889
81.8,64.0,85.1,68.5,2026-06-09 22:00:00,2968889
81.4,65.2,84.7,68.5,2026-06-09 22:20:00,2968889
81.2,66.4,84.9,69.0,2026-06-09 22:40:00,2968889
81.2,66.6,84.9,69.0,2026-06-09 23:00:00,2968889
80.9,67.7,84.6,69.2,2026-06-09 23:20:00,2968889
80.4,70.2,84.4,69.9,2026-06-09 23:40:00,2968889
79.9,72.3,84.0,70.2,2026-06-10 00:00:00,2968889
79.5,74.1,83.7,70.6,2026-06-10 00:20:00,2968889
79.3,75.2,83.3,70.8,2026-06-10 00:40:00,2968889
78.9,76.4,82.8,70.9,2026-06-10 01:00:00,2968889
78.4,77.6,81.9,70.8,2026-06-10 01:20:00,2968889
78.3,78.3,82.0,71.0,2026-06-10 01:40:00,2968889
78.0,78.9,81.5,70.9,2026-06-10 02:00:00,2968889
77.3,79.7,80.2,70.6,2026-06-10 02:20:00,2968889
77.1,80.4,79.9,70.6,2026-06-10 02:40:00,2968889
76.5,81.1,79.0,70.3,2026-06-10 03:00:00,2968889
76.3,81.8,78.6,70.3,2026-06-10 03:20:00,2968889
75.9,82.5,78.4,70.2,2026-06-10 03:40:00,2968889
75.9,82.7,78.3,70.3,2026-06-10 04:00:00,2968889
75.8,83.1,78.3,70.3,2026-06-10 04:20:00,2968889
75.5,83.4,77.9,70.2,2026-06-10 04:40:00,2968889
75.5,83.6,77.9,70.2,2026-06-10 05:00:00,2968889
75.3,83.8,77.7,70.1,2026-06-10 05:20:00,2968889
75.5,83.8,77.9,70.2,2026-06-10 05:40:00,2968889
75.3,84.0,77.7,70.1,2026-06-10 06:00:00,2968889
75.5,84.2,77.9,70.4,2026-06-10 06:20:00,2968889
75.7,84.0,78.1,70.5,2026-06-10 06:40:00,2968889
76.1,83.6,78.8,70.8,2026-06-10 07:00:00,2968889
76.3,83.4,79.0,70.9,2026-06-10 07:20:00,2968889
76.6,83.2,79.5,71.1,2026-06-10 07:40:00,2968889
76.6,82.7,79.5,71.0,2026-06-10 08:00:00,2968889
77.9,81.4,81.9,71.7,2026-06-10 08:20:00,2968889
78.9,79.1,83.3,71.9,2026-06-10 08:40:00,2968889
79.8,76.8,84.6,71.8,2026-06-10 09:00:00,2968889
81.2,72.0,86.2,71.3,2026-06-10 09:20:00,2968889
82.5,71.9,88.5,72.5,2026-06-10 09:40:00,2968889
83.7,65.9,89.8,71.0,2026-06-10 10:00:00,2968889
86.5,62.0,94.1,71.9,2026-06-10 10:20:00,2968889
85.6,63.3,92.7,71.7,2026-06-10 10:40:00,2968889
87.1,62.7,95.9,72.8,2026-06-10 11:00:00,2968889
85.6,61.5,92.1,70.8,2026-06-10 11:20:00,2968889
86.9,60.4,94.5,71.5,2026-06-10 11:40:00,2968889
87.7,58.5,95.4,71.3,2026-06-10 12:00:00,2968889
87.9,55.7,94.6,70.1,2026-06-10 12:20:00,2968889
88.9,52.6,95.7,69.4,2026-06-10 12:40:00,2968889
88.9,53.1,95.9,69.6,2026-06-10 13:00:00,2968889
91.3,51.2,100.2,70.8,2026-06-10 13:20:00,2968889
92.6,47.7,100.9,69.9,2026-06-10 13:40:00,2968889
91.8,48.9,100.0,69.8,2026-06-10 14:00:00,2968889
91.0,50.8,99.3,70.3,2026-06-10 14:20:00,2968889
90.2,51.6,98.1,69.9,2026-06-10 14:40:00,2968889
92.2,49.1,100.9,70.3,2026-06-10 15:00:00,2968889
93.0,45.4,100.4,68.8,2026-06-10 15:20:00,2968889
94.0,43.8,101.7,68.6,2026-06-10 15:40:00,2968889
93.5,46.5,102.2,69.9,2026-06-10 16:00:00,2968889
94.0,45.8,102.7,70.0,2026-06-10 16:20:00,2968889
93.3,44.2,100.4,68.2,2026-06-10 16:40:00,2968889
95.7,46.3,106.9,71.8,2026-06-10 17:00:00,2968889
94.4,45.1,103.1,69.9,2026-06-10 17:20:00,2968889
94.0,43.3,101.5,68.4,2026-06-10 17:40:00,2968889
96.4,44.8,107.4,71.5,2026-06-10 18:00:00,2968889
92.2,45.6,99.0,68.1,2026-06-10 18:20:00,2968889
91.0,48.2,98.1,68.7,2026-06-10 18:40:00,2968889
90.9,49.1,98.4,69.1,2026-06-10 19:00:00,2968889
91.3,49.2,99.1,69.5,2026-06-10 19:20:00,2968889
90.3,49.6,97.2,68.9,2026-06-10 19:40:00,2968889
89.5,50.9,96.1,68.9,2026-06-10 20:00:00,2968889
88.8,51.6,94.8,68.6,2026-06-10 20:20:00,2968889
88.1,52.8,93.7,68.7,2026-06-10 20:40:00,2968889
87.5,54.3,93.4,69.0,2026-06-10 21:00:00,2968889
86.9,55.7,92.8,69.2,2026-06-10 21:20:00,2968889
86.5,56.9,92.3,69.4,2026-06-10 21:40:00,2968889
86.0,58.8,91.9,69.8,2026-06-10 22:00:00,2968889
85.3,59.9,90.7,69.8,2026-06-10 22:20:00,2968889
84.6,61.1,90.0,69.7,2026-06-10 22:40:00,2968889
84.1,62.6,89.4,69.9,2026-06-10 23:00:00,2968889
83.7,63.6,89.1,70.0,2026-06-10 23:20:00,2968889
83.3,64.1,88.3,69.9,2026-06-10 23:40:00,2968889
82.8,65.0,87.4,69.9,2026-06-11 00:00:00,2968889
82.6,66.1,86.9,70.1,2026-06-11 00:20:00,2968889
82.1,67.2,86.5,70.1,2026-06-11 00:40:00,2968889
81.8,67.9,86.0,70.1,2026-06-11 01:00:00,2968889
81.3,68.9,85.5,70.1,2026-06-11 01:20:00,2968889
81.3,69.1,85.5,70.2,2026-06-11 01:40:00,2968889
80.6,70.2,84.4,70.0,2026-06-11 02:00:00,2968889
80.2,70.9,84.0,69.8,2026-06-11 02:20:00,2968889
79.7,71.6,83.1,69.7,2026-06-11 02:40:00,2968889
78.9,72.8,82.0,69.4,2026-06-11 03:00:00,2968889
78.5,73.4,81.5,69.3,2026-06-11 03:20:00,2968889
78.2,73.7,81.0,69.1,2026-06-11 03:40:00,2968889
77.7,74.6,80.1,69.0,2026-06-11 04:00:00,2968889
77.3,75.5,79.5,69.0,2026-06-11 04:20:00,2968889
76.9,76.0,78.8,68.7,2026-06-11 04:40:00,2968889
76.7,76.1,78.4,68.6,2026-06-11 05:00:00,2968889
76.2,76.4,77.9,68.3,2026-06-11 05:20:00,2968889
76.1,76.2,77.5,68.0,2026-06-11 05:40:00,2968889
75.9,76.3,77.4,67.9,2026-06-11 06:00:00,2968889
75.9,76.5,77.7,68.0,2026-06-11 06:20:00,2968889
76.6,75.9,78.3,68.4,2026-06-11 06:40:00,2968889
78.7,73.1,81.9,69.3,2026-06-11 07:00:00,2968889
80.2,69.3,83.7,69.3,2026-06-11 07:20:00,2968889
82.5,66.2,87.1,70.1,2026-06-11 07:40:00,2968889
83.8,64.8,89.2,70.6,2026-06-11 08:00:00,2968889
84.2,63.8,90.3,70.6,2026-06-11 08:20:00,2968889
84.4,61.8,90.0,69.9,2026-06-11 08:40:00,2968889
86.1,60.0,92.7,70.6,2026-06-11 09:00:00,2968889
88.3,59.1,96.6,72.2,2026-06-11 09:20:00,2968889
89.4,57.7,98.8,72.5,2026-06-11 09:40:00,2968889
90.5,56.5,101.3,73.0,2026-06-11 10:00:00,2968889
91.6,53.4,102.2,72.3,2026-06-11 10:20:00,2968889
93.0,52.0,104.7,72.8,2026-06-11 10:40:00,2968889
93.4,50.6,104.5,72.3,2026-06-11 11:00:00,2968889
94.7,48.9,106.5,72.5,2026-06-11 11:20:00,2968889
94.4,48.1,105.1,71.7,2026-06-11 11:40:00,2968889
97.5,46.2,111.4,73.4,2026-06-11 12:00:00,2968889
95.8,45.2,106.5,71.2,2026-06-11 12:20:00,2968889
98.1,44.6,111.2,72.8,2026-06-11 12:40:00,2968889
98.2,42.2,109.6,71.3,2026-06-11 13:00:00,2968889
96.7,43.6,107.6,70.9,2026-06-11 13:20:00,2968889
96.8,43.4,107.2,70.8,2026-06-11 13:40:00,2968889
102.0,38.4,115.5,71.9,2026-06-11 14:00:00,2968889
100.0,38.1,110.5,69.9,2026-06-11 14:20:00,2968889
101.9,37.5,114.3,71.1,2026-06-11 14:40:00,2968889
99.7,38.8,110.1,70.1,2026-06-11 15:00:00,2968889
100.7,36.6,111.0,69.3,2026-06-11 15:20:00,2968889
101.6,34.4,110.8,68.3,2026-06-11 15:40:00,2968889
102.6,34.6,113.5,69.4,2026-06-11 16:00:00,2968889
102.4,34.3,112.8,68.9,2026-06-11 16:20:00,2968889
100.5,35.3,109.4,68.1,2026-06-11 16:40:00,2968889
102.0,36.9,114.3,70.7,2026-06-11 17:00:00,2968889
99.8,39.1,110.8,70.5,2026-06-11 17:20:00,2968889
98.4,38.9,108.1,69.1,2026-06-11 17:40:00,2968889
96.3,42.0,105.6,69.4,2026-06-11 18:00:00,2968889
82.7,67.4,87.6,70.8,2026-06-11 18:20:00,2968889
84.0,78.9,94.6,76.7,2026-06-11 18:40:00,2968889
83.4,76.0,91.9,75.1,2026-06-11 19:00:00,2968889
84.5,76.3,95.0,76.2,2026-06-11 19:20:00,2968889
84.2,75.7,93.9,75.7,2026-06-11 19:40:00,2968889
84.7,76.7,95.5,76.6,2026-06-11 20:00:00,2968889
83.7,79.6,94.3,76.7,2026-06-11 20:20:00,2968889
83.4,77.8,92.7,75.8,2026-06-11 20:40:00,2968889
82.5,81.7,91.4,76.3,2026-06-11 21:00:00,2968889
82.4,83.3,91.9,76.8,2026-06-11 21:20:00,2968889
82.7,81.2,91.8,76.3,2026-06-11 21:40:00,2968889
85.5,68.1,94.6,73.8,2026-06-11 22:00:00,2968889
86.0,64.6,94.1,72.6,2026-06-11 22:20:00,2968889
85.5,63.4,92.7,71.6,2026-06-11 22:40:00,2968889
85.2,63.3,91.9,71.3,2026-06-11 23:00:00,2968889
84.9,63.8,91.8,71.3,2026-06-11 23:20:00,2968889
84.2,64.7,90.1,71.0,2026-06-11 23:40:00,2968889
83.8,65.6,89.6,71.0,2026-06-12 00:00:00,2968889
83.0,66.0,88.2,70.5,2026-06-12 00:20:00,2968889
82.8,67.2,88.0,70.8,2026-06-12 00:40:00,2968889
82.4,67.7,87.1,70.6,2026-06-12 01:00:00,2968889
81.9,69.3,86.7,70.8,2026-06-12 01:20:00,2968889
81.6,70.3,86.4,71.0,2026-06-12 01:40:00,2968889
81.6,70.7,86.5,71.2,2026-06-12 02:00:00,2968889
81.5,71.4,86.4,71.3,2026-06-12 02:20:00,2968889
81.1,72.4,86.0,71.3,2026-06-12 02:40:00,2968889
81.0,73.3,86.2,71.6,2026-06-12 03:00:00,2968889
80.8,73.7,85.8,71.6,2026-06-12 03:20:00,2968889
80.3,74.8,85.1,71.6,2026-06-12 03:40:00,2968889
80.2,75.4,84.9,71.7,2026-06-12 04:00:00,2968889
79.9,76.2,84.4,71.7,2026-06-12 04:20:00,2968889
79.6,77.3,84.2,71.9,2026-06-12 04:40:00,2968889
79.6,77.9,84.4,72.1,2026-06-12 05:00:00,2968889
79.4,78.5,84.2,72.1,2026-06-12 05:20:00,2968889
79.4,79.2,84.4,72.4,2026-06-12 05:40:00,2968889
79.2,79.6,84.2,72.3,2026-06-12 06:00:00,2968889
79.4,79.7,84.6,72.5,2026-06-12 06:20:00,2968889
80.1,79.1,85.8,73.0,2026-06-12 06:40:00,2968889
81.6,77.4,88.2,73.8,2026-06-12 07:00:00,2968889
84.4,73.4,93.9,74.9,2026-06-12 07:20:00,2968889
86.2,69.2,96.8,74.9,2026-06-12 07:40:00,2968889
87.0,65.6,96.8,74.1,2026-06-12 08:00:00,2968889
87.5,65.3,98.1,74.4,2026-06-12 08:20:00,2968889
89.2,62.9,100.9,74.9,2026-06-12 08:40:00,2968889
92.3,58.9,106.5,75.8,2026-06-12 09:00:00,2968889
92.2,55.7,104.7,74.0,2026-06-12 09:20:00,2968889
94.4,53.6,108.9,74.9,2026-06-12 09:40:00,2968889
93.7,48.9,104.4,71.7,2026-06-12 10:00:00,2968889
94.5,48.6,105.8,72.1,2026-06-12 10:20:00,2968889
96.5,43.7,107.1,70.9,2026-06-12 10:40:00,2968889
97.7,43.4,109.6,71.7,2026-06-12 11:00:00,2968889
97.3,39.3,105.8,68.4,2026-06-12 11:20:00,2968889
98.2,39.7,108.0,69.5,2026-06-12 11:40:00,2968889
98.9,39.3,109.0,69.9,2026-06-12 12:00:00,2968889
99.7,38.0,109.6,69.5,2026-06-12 12:20:00,2968889
99.9,39.5,111.6,70.9,2026-06-12 12:40:00,2968889
100.4,36.2,110.1,68.7,2026-06-12 13:00:00,2968889
101.2,35.7,111.4,69.0,2026-06-12 13:20:00,2968889
100.7,34.9,109.4,67.9,2026-06-12 13:40:00,2968889
102.2,34.3,111.9,68.7,2026-06-12 14:00:00,2968889
102.5,33.0,111.7,67.9,2026-06-12 14:20:00,2968889
105.0,31.2,114.8,68.4,2026-06-12 14:40:00,2968889
103.5,33.3,114.1,69.0,2026-06-12 15:00:00,2968889
102.3,32.6,110.8,67.3,2026-06-12 15:20:00,2968889
104.3,29.6,111.9,66.3,2026-06-12 15:40:00,2968889
103.9,30.4,111.9,66.7,2026-06-12 16:00:00,2968889
102.9,31.2,110.7,66.6,2026-06-12 16:20:00,2968889
103.2,32.1,112.1,67.6,2026-06-12 16:40:00,2968889
104.4,32.4,115.0,69.0,2026-06-12 17:00:00,2968889
102.3,32.1,110.5,66.9,2026-06-12 17:20:00,2968889
102.6,31.4,110.5,66.5,2026-06-12 17:40:00,2968889
102.2,30.7,108.9,65.5,2026-06-12 18:00:00,2968889
102.2,32.0,110.3,66.7,2026-06-12 18:20:00,2968889
100.8,33.5,108.9,66.8,2026-06-12 18:40:00,2968889
99.1,35.8,106.9,67.3,2026-06-12 19:00:00,2968889
98.3,36.1,105.8,66.8,2026-06-12 19:20:00,2968889
97.9,37.4,106.0,67.5,2026-06-12 19:40:00,2968889
97.1,37.4,104.2,66.8,2026-06-12 20:00:00,2968889
96.1,38.9,103.5,67.1,2026-06-12 20:20:00,2968889
95.3,39.7,102.0,66.9,2026-06-12 20:40:00,2968889
94.4,41.4,101.1,67.3,2026-06-12 21:00:00,2968889
94.3,42.1,101.1,67.7,2026-06-12 21:20:00,2968889
93.4,43.5,100.4,67.9,2026-06-12 21:40:00,2968889
92.1,45.5,99.0,68.0,2026-06-12 22:00:00,2968889
90.8,48.1,97.3,68.5,2026-06-12 22:20:00,2968889
90.1,49.4,97.0,68.6,2026-06-12 22:40:00,2968889
90.1,46.1,95.0,66.6,2026-06-12 23:00:00,2968889
89.1,45.9,93.2,65.5,2026-06-12 23:20:00,2968889
88.1,47.0,91.6,65.3,2026-06-12 23:40:00,2968889
86.9,47.2,89.4,64.3,2026-06-13 00:00:00,2968889
86.0,49.0,88.9,64.6,2026-06-13 00:20:00,2968889
85.2,50.7,88.0,64.9,2026-06-13 00:40:00,2968889
84.4,52.0,87.1,64.8,2026-06-13 01:00:00,2968889
83.9,53.1,86.4,65.0,2026-06-13 01:20:00,2968889
83.7,53.7,86.2,65.1,2026-06-13 01:40:00,2968889
83.7,54.2,86.4,65.3,2026-06-13 02:00:00,2968889
83.4,54.9,85.8,65.4,2026-06-13 02:20:00,2968889
82.6,56.0,84.4,65.3,2026-06-13 02:40:00,2968889
82.0,57.3,83.8,65.4,2026-06-13 03:00:00,2968889
81.6,58.4,83.5,65.5,2026-06-13 03:20:00,2968889
80.4,61.1,82.4,65.8,2026-06-13 03:40:00,2968889
79.6,63.1,81.5,65.9,2026-06-13 04:00:00,2968889
79.5,63.9,81.3,66.2,2026-06-13 04:20:00,2968889
78.8,65.9,80.4,66.4,2026-06-13 04:40:00,2968889
78.2,67.8,80.1,66.7,2026-06-13 05:00:00,2968889
77.7,68.1,79.2,66.3,2026-06-13 05:20:00,2968889
77.2,69.2,78.6,66.3,2026-06-13 05:40:00,2968889
76.6,70.5,77.5,66.3,2026-06-13 06:00:00,2968889
76.6,71.0,77.7,66.5,2026-06-13 06:20:00,2968889
78.0,69.4,79.9,67.2,2026-06-13 06:40:00,2968889
81.6,65.3,85.1,68.8,2026-06-13 07:00:00,2968889
84.6,57.4,88.9,67.9,2026-06-13 07:20:00,2968889
88.1,54.5,94.5,69.6,2026-06-13 07:40:00,2968889
86.4,53.9,91.2,67.7,2026-06-13 08:00:00,2968889
87.9,53.9,93.9,69.1,2026-06-13 08:20:00,2968889
89.8,50.9,96.8,69.2,2026-06-13 08:40:00,2968889
88.6,51.6,94.5,68.5,2026-06-13 09:00:00,2968889
89.0,51.0,95.0,68.5,2026-06-13 09:20:00,2968889
92.3,49.6,101.8,70.7,2026-06-13 09:40:00,2968889
90.9,48.7,98.2,68.9,2026-06-13 10:00:00,2968889
90.3,51.0,97.7,69.7,2026-06-13 10:20:00,2968889
91.5,48.9,99.3,69.5,2026-06-13 10:40:00,2968889
92.4,47.9,100.8,69.8,2026-06-13 11:00:00,2968889
92.9,46.6,101.1,69.5,2026-06-13 11:20:00,2968889
94.3,46.1,103.6,70.4,2026-06-13 11:40:00,2968889
90.8,46.9,97.0,67.7,2026-06-13 12:00:00,2968889
95.5,44.1,104.9,70.2,2026-06-13 12:20:00,2968889
92.8,46.1,100.4,69.1,2026-06-13 12:40:00,2968889
95.5,44.5,105.1,70.4,2026-06-13 13:00:00,2968889
95.1,44.5,104.4,70.1,2026-06-13 13:20:00,2968889
97.8,41.2,108.3,70.3,2026-06-13 13:40:00,2968889
97.9,41.3,108.7,70.4,2026-06-13 14:00:00,2968889
95.7,40.6,103.6,67.9,2026-06-13 14:20:00,2968889
98.1,40.7,108.5,70.1,2026-06-13 14:40:00,2968889
99.4,38.5,109.8,69.7,2026-06-13 15:00:00,2968889
95.8,40.8,103.8,68.2,2026-06-13 15:20:00,2968889
96.3,38.8,103.6,67.1,2026-06-13 15:40:00,2968889
99.7,37.7,109.4,69.3,2026-06-13 16:00:00,2968889
98.8,35.0,105.6,66.3,2026-06-13 16:20:00,2968889
103.2,34.7,114.6,69.9,2026-06-13 16:40:00,2968889
97.5,37.2,105.1,67.0,2026-06-13 17:00:00,2968889
95.5,39.4,102.4,66.8,2026-06-13 17:20:00,2968889
97.9,38.2,106.5,68.1,2026-06-13 17:40:00,2968889
98.6,36.6,106.9,67.5,2026-06-13 18:00:00,2968889
99.0,35.9,106.9,67.3,2026-06-13 18:20:00,2968889
98.4,35.6,105.6,66.5,2026-06-13 18:40:00,2968889
96.2,37.9,102.7,66.3,2026-06-13 19:00:00,2968889
94.5,40.4,101.1,66.8,2026-06-13 19:20:00,2968889
94.0,41.7,100.6,67.2,2026-06-13 19:40:00,2968889
93.6,42.2,100.0,67.2,2026-06-13 20:00:00,2968889
92.8,42.8,98.6,66.8,2026-06-13 20:20:00,2968889
92.6,43.4,98.6,67.1,2026-06-13 20:40:00,2968889
91.0,46.4,97.0,67.6,2026-06-13 21:00:00,2968889
85.5,57.8,90.9,69.0,2026-06-13 21:20:00,2968889
84.2,61.3,89.4,69.4,2026-06-13 21:40:00,2968889
81.4,65.4,84.7,68.7,2026-06-13 22:00:00,2968889
79.7,69.3,82.8,68.7,2026-06-13 22:20:00,2968889
79.8,69.1,82.9,68.8,2026-06-13 22:40:00,2968889
79.1,70.8,82.0,68.8,2026-06-13 23:00:00,2968889
79.1,71.2,82.0,69.0,2026-06-13 23:20:00,2968889
79.7,70.0,82.8,69.0,2026-06-13 23:40:00,2968889
80.0,69.1,83.3,68.9,2026-06-14 00:00:00,2968889
80.2,68.7,83.5,68.9,2026-06-14 00:20:00,2968889
79.7,69.7,82.8,68.9,2026-06-14 00:40:00,2968889
79.9,70.0,83.1,69.2,2026-06-14 01:00:00,2968889
79.3,70.7,82.4,69.0,2026-06-14 01:20:00,2968889
77.9,74.9,80.8,69.3,2026-06-14 01:40:00,2968889
76.8,77.3,78.6,69.1,2026-06-14 02:00:00,2968889
76.6,78.4,78.6,69.4,2026-06-14 02:20:00,2968889
76.2,79.3,78.3,69.4,2026-06-14 02:40:00,2968889
75.9,80.7,78.1,69.5,2026-06-14 03:00:00,2968889
75.7,81.8,77.7,69.7,2026-06-14 03:20:00,2968889
79.5,54.0,79.7,61.4,2026-05-28 17:40:00,2558027
85.8,46.5,87.8,63.0,2026-05-28 17:50:00,2558027
86.5,43.6,87.8,61.7,2026-05-28 18:00:00,2558027
87.2,43.8,88.9,62.5,2026-05-28 18:10:00,2558027
87.1,42.4,88.5,61.5,2026-05-28 18:20:00,2558027
86.4,43.4,87.8,61.6,2026-05-28 18:30:00,2558027
86.1,43.5,87.3,61.4,2026-05-28 18:40:00,2558027
85.9,44.2,87.1,61.6,2026-05-28 18:50:00,2558027
85.2,45.5,86.4,61.7,2026-05-28 19:00:00,2558027
84.8,46.1,86.0,61.8,2026-05-28 19:10:00,2558027
84.5,46.4,85.5,61.7,2026-05-28 19:20:00,2558027
84.4,47.0,85.6,62.0,2026-05-28 19:30:00,2558027
84.4,48.7,86.2,63.0,2026-05-28 19:40:00,2558027
83.5,49.3,84.7,62.5,2026-05-28 19:50:00,2558027
83.0,50.0,84.0,62.5,2026-05-28 20:00:00,2558027
82.4,50.7,83.1,62.3,2026-05-28 20:10:00,2558027
81.7,52.1,82.4,62.4,2026-05-28 20:20:00,2558027
81.3,53.0,81.9,62.5,2026-05-28 20:30:00,2558027
80.6,54.2,81.3,62.5,2026-05-28 20:40:00,2558027
79.8,56.0,80.4,62.7,2026-05-28 20:50:00,2558027
79.2,57.1,79.9,62.7,2026-05-28 21:00:00,2558027
78.8,58.4,79.5,63.0,2026-05-28 21:10:00,2558027
78.5,59.4,79.2,63.2,2026-05-28 21:20:00,2558027
78.3,60.2,79.2,63.3,2026-05-28 21:30:00,2558027
78.2,60.8,78.8,63.6,2026-05-28 21:40:00,2558027
78.2,60.7,78.8,63.5,2026-05-28 21:50:00,2558027
78.0,60.6,78.6,63.2,2026-05-28 22:00:00,2558027
77.9,60.1,78.3,62.9,2026-05-28 22:10:00,2558027
77.6,60.1,78.1,62.7,2026-05-28 22:20:00,2558027
77.2,60.1,77.5,62.3,2026-05-28 22:30:00,2558027
77.0,61.0,77.2,62.5,2026-05-28 22:40:00,2558027
76.8,56.6,76.1,60.2,2026-05-28 22:50:00,2558027
76.7,56.4,76.1,60.0,2026-05-28 23:00:00,2558027
76.7,55.8,76.1,59.7,2026-05-28 23:10:00,2558027
76.2,57.3,75.7,60.0,2026-05-28 23:20:00,2558027
76.1,55.9,75.6,59.2,2026-05-28 23:30:00,2558027
76.0,55.6,75.4,59.0,2026-05-28 23:40:00,2558027
75.7,54.8,74.8,58.3,2026-05-28 23:50:00,2558027
75.3,55.6,74.7,58.4,2026-05-29 00:00:00,2558027
75.1,55.9,74.5,58.2,2026-05-29 00:10:00,2558027
74.6,56.4,73.9,58.0,2026-05-29 00:20:00,2558027
74.1,57.0,73.6,57.9,2026-05-29 00:30:00,2558027
73.7,56.2,73.2,57.1,2026-05-29 00:40:00,2558027
73.5,55.9,73.0,56.8,2026-05-29 00:50:00,2558027
73.0,55.8,72.5,56.3,2026-05-29 01:00:00,2558027
73.0,56.4,72.5,56.5,2026-05-29 01:10:00,2558027
72.9,56.1,72.5,56.3,2026-05-29 01:20:00,2558027
72.6,56.3,72.1,56.2,2026-05-29 01:30:00,2558027
72.3,57.7,72.0,56.5,2026-05-29 01:40:00,2558027
72.0,58.2,71.8,56.5,2026-05-29 01:50:00,2558027
71.8,58.5,71.6,56.5,2026-05-29 02:00:00,2558027
71.4,59.2,71.1,56.4,2026-05-29 02:10:00,2558027
71.0,59.2,70.7,56.1,2026-05-29 02:20:00,2558027
70.7,59.5,70.3,55.9,2026-05-29 02:30:00,2558027
70.4,60.0,70.2,55.8,2026-05-29 02:40:00,2558027
70.0,61.1,69.8,56.0,2026-05-29 02:50:00,2558027
69.5,61.9,69.1,55.9,2026-05-29 03:00:00,2558027
69.1,62.9,68.4,55.9,2026-05-29 03:10:00,2558027
68.6,63.7,68.0,55.8,2026-05-29 03:20:00,2558027
68.3,64.4,67.5,55.8,2026-05-29 03:30:00,2558027
68.1,65.5,67.3,56.1,2026-05-29 03:40:00,2558027
67.8,66.8,66.9,56.4,2026-05-29 03:50:00,2558027
67.3,67.5,66.4,56.2,2026-05-29 04:00:00,2558027
67.0,68.8,66.0,56.4,2026-05-29 04:10:00,2558027
66.6,68.1,65.7,55.8,2026-05-29 04:20:00,2558027
66.5,68.2,65.3,55.7,2026-05-29 04:30:00,2558027
66.5,68.1,65.3,55.7,2026-05-29 04:40:00,2558027
66.5,68.8,65.3,55.9,2026-05-29 04:50:00,2558027
66.3,67.6,65.1,55.3,2026-05-29 05:00:00,2558027
66.0,68.5,64.6,55.3,2026-05-29 05:10:00,2558027
65.7,68.3,64.4,55.0,2026-05-29 05:20:00,2558027
65.4,68.7,63.9,54.8,2026-05-29 05:30:00,2558027
65.0,70.5,63.7,55.2,2026-05-29 05:40:00,2558027
64.7,69.5,63.3,54.5,2026-05-29 05:50:00,2558027
64.6,70.3,63.3,54.8,2026-05-29 06:00:00,2558027
64.8,69.4,63.3,54.5,2026-05-29 06:10:00,2558027
65.4,66.7,63.7,54.1,2026-05-29 06:20:00,2558027
65.3,65.8,63.7,53.6,2026-05-29 06:30:00,2558027
65.3,66.1,63.7,53.7,2026-05-29 06:40:00,2558027
65.1,66.6,63.5,53.8,2026-05-29 06:50:00,2558027
65.4,66.2,63.7,53.8,2026-05-29 07:00:00,2558027
65.4,65.5,63.5,53.5,2026-05-29 07:10:00,2558027
65.4,65.8,63.7,53.7,2026-05-29 07:20:00,2558027
65.7,65.4,64.0,53.7,2026-05-29 07:30:00,2558027
65.8,64.3,64.0,53.4,2026-05-29 07:40:00,2558027
65.9,62.3,64.0,52.7,2026-05-29 07:50:00,2558027
66.3,63.0,64.6,53.3,2026-05-29 08:00:00,2558027
66.6,63.6,65.1,53.9,2026-05-29 08:10:00,2558027
67.2,61.8,65.7,53.7,2026-05-29 08:20:00,2558027
67.4,61.9,66.0,53.9,2026-05-29 08:30:00,2558027
68.1,61.8,66.9,54.5,2026-05-29 08:40:00,2558027
69.3,60.8,68.7,55.1,2026-05-29 08:50:00,2558027
69.2,59.4,68.4,54.5,2026-05-29 09:00:00,2558027
70.0,58.1,69.6,54.6,2026-05-29 09:10:00,2558027
70.4,57.7,70.2,54.8,2026-05-29 09:20:00,2558027
71.2,56.7,70.7,55.0,2026-05-29 09:30:00,2558027
71.7,53.3,71.1,53.8,2026-05-29 09:40:00,2558027
72.0,54.1,71.4,54.5,2026-05-29 09:50:00,2558027
73.0,53.5,72.3,55.1,2026-05-29 10:00:00,2558027
73.5,51.6,72.5,54.6,2026-05-29 10:10:00,2558027
74.6,50.9,73.6,55.1,2026-05-29 10:20:00,2558027
75.3,47.6,73.8,54.1,2026-05-29 10:30:00,2558027
77.5,46.0,75.9,55.1,2026-05-29 10:40:00,2558027
79.5,44.4,78.1,55.9,2026-05-29 10:50:00,2558027
78.0,43.7,76.3,54.2,2026-05-29 11:00:00,2558027
79.5,40.2,77.5,53.2,2026-05-29 11:10:00,2558027
80.3,41.0,78.6,54.5,2026-05-29 11:20:00,2558027
81.4,40.0,79.7,54.8,2026-05-29 11:30:00,2558027
82.2,39.2,80.4,55.0,2026-05-29 11:40:00,2558027
80.9,39.3,79.0,53.8,2026-05-29 11:50:00,2558027
81.6,40.6,80.1,55.3,2026-05-29 12:00:00,2558027
82.4,39.6,80.8,55.3,2026-05-29 12:10:00,2558027
82.2,39.5,80.4,55.1,2026-05-29 12:20:00,2558027
80.7,39.2,78.8,53.5,2026-05-29 12:30:00,2558027
79.8,39.7,77.7,53.1,2026-05-29 12:40:00,2558027
80.6,39.3,78.8,53.6,2026-05-29 12:50:00,2558027
82.2,39.8,80.4,55.3,2026-05-29 13:00:00,2558027
82.4,39.5,81.0,55.3,2026-05-29 13:10:00,2558027
81.0,41.0,79.3,55.1,2026-05-29 13:20:00,2558027
80.3,39.7,78.4,53.6,2026-05-29 13:30:00,2558027
80.7,42.2,79.3,55.6,2026-05-29 13:40:00,2558027
80.9,39.9,79.0,54.3,2026-05-29 13:50:00,2558027
81.6,40.7,80.1,55.5,2026-05-29 14:00:00,2558027
81.7,39.7,80.1,54.8,2026-05-29 14:10:00,2558027
82.4,39.7,81.0,55.5,2026-05-29 14:20:00,2558027
80.9,38.9,79.0,53.6,2026-05-29 14:30:00,2558027
82.4,41.3,81.3,56.5,2026-05-29 14:40:00,2558027
80.6,39.7,78.6,53.9,2026-05-29 14:50:00,2558027
81.8,40.7,80.2,55.6,2026-05-29 15:00:00,2558027
82.4,41.2,81.3,56.5,2026-05-29 15:10:00,2558027
82.6,39.6,81.1,55.5,2026-05-29 15:20:00,2558027
83.0,42.6,82.4,58.0,2026-05-29 15:30:00,2558027
83.3,40.2,82.2,56.6,2026-05-29 15:40:00,2558027
81.9,40.5,80.4,55.5,2026-05-29 15:50:00,2558027
82.6,41.9,81.3,57.1,2026-05-29 16:00:00,2558027
82.3,41.1,81.1,56.3,2026-05-29 16:10:00,2558027
83.8,40.7,82.9,57.4,2026-05-29 16:20:00,2558027
82.8,40.9,81.7,56.6,2026-05-29 16:30:00,2558027
82.3,39.6,80.8,55.3,2026-05-29 16:40:00,2558027
83.8,39.7,82.8,56.6,2026-05-29 16:50:00,2558027
83.4,38.9,82.0,55.7,2026-05-29 17:00:00,2558027
83.8,39.1,82.8,56.3,2026-05-29 17:10:00,2558027
82.8,41.1,81.9,56.8,2026-05-29 17:20:00,2558027
82.2,42.1,81.3,56.9,2026-05-29 17:30:00,2558027
82.5,42.6,81.5,57.5,2026-05-29 17:40:00,2558027
82.2,42.4,81.0,57.1,2026-05-29 17:50:00,2558027
82.0,43.1,81.0,57.3,2026-05-29 18:00:00,2558027
82.1,43.9,81.1,57.9,2026-05-29 18:10:00,2558027
82.2,44.4,81.7,58.4,2026-05-29 18:20:00,2558027
81.6,43.8,80.6,57.4,2026-05-29 18:30:00,2558027
81.7,43.5,80.8,57.3,2026-05-29 18:40:00,2558027
82.4,43.8,81.5,58.2,2026-05-29 18:50:00,2558027
81.5,45.3,81.0,58.3,2026-05-29 19:00:00,2558027
80.9,46.3,80.2,58.4,2026-05-29 19:10:00,2558027
80.5,46.7,79.7,58.2,2026-05-29 19:20:00,2558027
80.2,48.1,79.5,58.7,2026-05-29 19:30:00,2558027
79.8,48.9,79.3,58.9,2026-05-29 19:40:00,2558027
79.3,49.8,78.6,59.0,2026-05-29 19:50:00,2558027
78.5,51.0,77.9,58.9,2026-05-29 20:00:00,2558027
77.9,52.1,77.4,58.9,2026-05-29 20:10:00,2558027
77.2,52.9,76.5,58.7,2026-05-29 20:20:00,2558027
76.5,54.3,75.7,58.8,2026-05-29 20:30:00,2558027
75.9,55.7,75.4,59.0,2026-05-29 20:40:00,2558027
75.5,56.4,74.8,58.9,2026-05-29 20:50:00,2558027
75.1,57.5,74.7,59.0,2026-05-29 21:00:00,2558027
74.7,58.8,74.5,59.3,2026-05-29 21:10:00,2558027
74.3,58.9,74.1,59.0,2026-05-29 21:20:00,2558027
74.1,59.4,73.8,59.0,2026-05-29 21:30:00,2558027
74.0,60.1,73.9,59.3,2026-05-29 21:40:00,2558027
73.7,61.2,73.6,59.5,2026-05-29 21:50:00,2558027
73.6,61.6,73.8,59.6,2026-05-29 22:00:00,2558027
73.5,61.8,73.6,59.6,2026-05-29 22:10:00,2558027
73.4,62.0,73.6,59.6,2026-05-29 22:20:00,2558027
73.3,63.3,73.6,60.1,2026-05-29 22:30:00,2558027
73.2,62.9,73.2,59.8,2026-05-29 22:40:00,2558027
73.1,64.1,73.4,60.2,2026-05-29 22:50:00,2558027
72.9,64.7,73.2,60.3,2026-05-29 23:00:00,2558027
72.8,65.0,73.0,60.4,2026-05-29 23:10:00,2558027
72.6,65.8,72.9,60.5,2026-05-29 23:20:00,2558027
72.4,66.7,72.9,60.7,2026-05-29 23:30:00,2558027
72.3,67.8,72.9,61.1,2026-05-29 23:40:00,2558027
72.3,68.3,72.9,61.3,2026-05-29 23:50:00,2558027
72.7,69.1,73.4,62.0,2026-05-30 00:00:00,2558027
72.8,69.3,73.4,62.2,2026-05-30 00:10:00,2558027
72.8,69.9,73.4,62.4,2026-05-30 00:20:00,2558027
72.8,70.5,73.4,62.6,2026-05-30 00:30:00,2558027
72.8,71.1,73.6,62.9,2026-05-30 00:40:00,2558027
72.8,71.6,73.6,63.1,2026-05-30 00:50:00,2558027
72.8,72.4,73.8,63.4,2026-05-30 01:00:00,2558027
72.9,73.0,73.9,63.8,2026-05-30 01:10:00,2558027
72.9,73.7,73.9,64.0,2026-05-30 01:20:00,2558027
73.0,73.9,73.9,64.1,2026-05-30 01:30:00,2558027
72.7,74.6,73.8,64.1,2026-05-30 01:40:00,2558027
72.4,75.3,73.6,64.1,2026-05-30 01:50:00,2558027
72.2,76.3,73.4,64.3,2026-05-30 02:00:00,2558027
72.0,77.1,73.2,64.5,2026-05-30 02:10:00,2558027
71.7,77.9,72.7,64.4,2026-05-30 02:20:00,2558027
71.5,78.7,72.5,64.5,2026-05-30 02:30:00,2558027
71.2,79.8,72.3,64.6,2026-05-30 02:40:00,2558027
71.2,80.6,72.3,64.9,2026-05-30 02:50:00,2558027
71.2,81.4,72.3,65.2,2026-05-30 03:00:00,2558027
71.2,81.8,72.3,65.3,2026-05-30 03:10:00,2558027
71.1,82.4,72.3,65.5,2026-05-30 03:20:00,2558027
71.0,83.1,72.3,65.6,2026-05-30 03:30:00,2558027
70.9,83.7,72.3,65.7,2026-05-30 03:40:00,2558027
70.6,84.2,71.8,65.6,2026-05-30 03:50:00,2558027
70.6,84.8,71.8,65.8,2026-05-30 04:00:00,2558027
70.4,85.5,71.6,65.8,2026-05-30 04:10:00,2558027
70.4,86.0,71.6,66.0,2026-05-30 04:20:00,2558027
70.3,86.6,71.6,66.1,2026-05-30 04:30:00,2558027
70.3,86.9,71.6,66.3,2026-05-30 04:40:00,2558027
70.2,87.3,71.6,66.3,2026-05-30 04:50:00,2558027
70.2,87.7,71.6,66.3,2026-05-30 05:00:00,2558027
70.0,88.0,71.4,66.2,2026-05-30 05:10:00,2558027
69.8,88.4,71.2,66.2,2026-05-30 05:20:00,2558027
69.7,88.7,70.9,66.3,2026-05-30 05:30:00,2558027
69.6,89.2,70.7,66.3,2026-05-30 05:40:00,2558027
69.5,89.5,70.7,66.3,2026-05-30 05:50:00,2558027
69.3,89.8,70.5,66.2,2026-05-30 06:00:00,2558027
69.2,90.2,70.5,66.2,2026-05-30 06:10:00,2558027
69.2,90.5,70.5,66.3,2026-05-30 06:20:00,2558027
69.4,90.8,70.7,66.5,2026-05-30 06:30:00,2558027
69.6,90.6,70.9,66.7,2026-05-30 06:40:00,2558027
70.3,90.5,71.8,67.4,2026-05-30 06:50:00,2558027
71.1,90.0,72.9,68.0,2026-05-30 07:00:00,2558027
71.8,89.1,73.8,68.4,2026-05-30 07:10:00,2558027
72.2,88.2,74.1,68.5,2026-05-30 07:20:00,2558027
72.6,87.5,74.7,68.6,2026-05-30 07:30:00,2558027
73.0,86.6,75.0,68.7,2026-05-30 07:40:00,2558027
73.5,85.7,75.6,68.9,2026-05-30 07:50:00,2558027
73.8,84.8,75.9,68.9,2026-05-30 08:00:00,2558027
74.1,84.3,76.1,69.0,2026-05-30 08:10:00,2558027
74.7,82.8,76.8,69.1,2026-05-30 08:20:00,2558027
75.5,80.1,77.4,69.0,2026-05-30 08:30:00,2558027
75.5,74.9,76.8,66.9,2026-05-30 08:40:00,2558027
76.3,71.0,77.4,66.2,2026-05-30 08:50:00,2558027
76.9,68.2,77.9,65.6,2026-05-30 09:00:00,2558027
77.2,62.4,77.7,63.4,2026-05-30 09:10:00,2558027
77.4,56.2,77.2,60.5,2026-05-30 09:20:00,2558027
76.8,53.4,75.7,58.6,2026-05-30 09:30:00,2558027
77.7,50.6,76.6,57.9,2026-05-30 09:40:00,2558027
77.5,50.6,76.5,57.7,2026-05-30 09:50:00,2558027
78.5,50.8,77.9,58.8,2026-05-30 10:00:00,2558027
79.0,46.5,77.9,56.8,2026-05-30 10:10:00,2558027
80.3,43.0,78.8,55.8,2026-05-30 10:20:00,2558027
82.2,37.1,80.1,53.4,2026-05-30 10:30:00,2558027
85.5,36.4,84.6,55.8,2026-05-30 10:40:00,2558027
87.6,33.6,86.5,55.4,2026-05-30 10:50:00,2558027
85.7,32.8,83.8,53.1,2026-05-30 11:00:00,2558027
85.2,32.3,83.1,52.3,2026-05-30 11:10:00,2558027
86.0,31.8,84.0,52.6,2026-05-30 11:20:00,2558027
86.3,29.6,83.7,50.9,2026-05-30 11:30:00,2558027
85.2,29.6,82.4,49.9,2026-05-30 11:40:00,2558027
86.1,27.6,83.1,48.8,2026-05-30 11:50:00,2558027
86.3,28.3,83.5,49.6,2026-05-30 12:00:00,2558027
88.5,27.3,85.8,50.6,2026-05-30 12:10:00,2558027
87.7,26.4,84.7,49.0,2026-05-30 12:20:00,2558027
86.2,27.6,83.5,48.9,2026-05-30 12:30:00,2558027
87.1,25.5,84.0,47.6,2026-05-30 12:40:00,2558027
86.9,24.3,83.3,46.1,2026-05-30 12:50:00,2558027
87.1,26.5,84.2,48.6,2026-05-30 13:00:00,2558027
85.9,26.3,82.8,47.3,2026-05-30 13:10:00,2558027
86.0,26.4,82.9,47.6,2026-05-30 13:20:00,2558027
86.7,26.7,83.7,48.5,2026-05-30 13:30:00,2558027
86.5,26.6,83.3,48.3,2026-05-30 13:40:00,2558027
85.9,24.8,82.4,45.8,2026-05-30 13:50:00,2558027
86.0,25.1,82.6,46.2,2026-05-30 14:00:00,2558027
86.1,25.4,82.8,46.7,2026-05-30 14:10:00,2558027
86.3,25.9,83.1,47.3,2026-05-30 14:20:00,2558027
86.4,24.4,82.9,45.8,2026-05-30 14:30:00,2558027
86.9,22.4,82.9,43.9,2026-05-30 14:40:00,2558027
86.1,21.4,81.9,42.1,2026-05-30 14:50:00,2558027
87.0,23.6,83.5,45.4,2026-05-30 15:00:00,2558027
87.7,23.1,84.0,45.5,2026-05-30 15:10:00,2558027
87.6,21.9,83.7,43.9,2026-05-30 15:20:00,2558027
87.8,22.6,84.2,45.0,2026-05-30 15:30:00,2558027
87.6,23.8,84.0,46.1,2026-05-30 15:40:00,2558027
88.1,24.2,84.7,47.0,2026-05-30 15:50:00,2558027
87.9,23.6,84.4,46.2,2026-05-30 16:00:00,2558027
86.5,24.6,82.9,46.0,2026-05-30 16:10:00,2558027
87.6,23.1,84.0,45.4,2026-05-30 16:20:00,2558027
87.8,24.1,84.4,46.6,2026-05-30 16:30:00,2558027
89.4,25.3,86.7,49.3,2026-05-30 16:40:00,2558027
87.1,26.7,84.2,48.8,2026-05-30 16:50:00,2558027
86.3,27.1,83.3,48.5,2026-05-30 17:00:00,2558027
85.1,27.8,82.2,48.1,2026-05-30 17:10:00,2558027
85.7,25.4,82.2,46.4,2026-05-30 17:20:00,2558027
85.5,26.5,82.2,47.3,2026-05-30 17:30:00,2558027
84.8,26.7,81.5,46.9,2026-05-30 17:40:00,2558027
84.7,29.8,81.7,49.7,2026-05-30 17:50:00,2558027
84.5,29.3,81.5,49.1,2026-05-30 18:00:00,2558027
84.4,30.9,81.9,50.5,2026-05-30 18:10:00,2558027
83.9,31.0,81.1,50.1,2026-05-30 18:20:00,2558027
83.0,32.2,80.4,50.3,2026-05-30 18:30:00,2558027
82.4,33.4,79.7,50.8,2026-05-30 18:40:00,2558027
81.8,34.7,79.2,51.3,2026-05-30 18:50:00,2558027
81.7,35.3,79.3,51.7,2026-05-30 19:00:00,2558027
81.2,36.1,79.0,51.8,2026-05-30 19:10:00,2558027
80.5,35.7,78.1,50.9,2026-05-30 19:20:00,2558027
80.1,35.5,77.5,50.4,2026-05-30 19:30:00,2558027
79.8,35.7,77.2,50.3,2026-05-30 19:40:00,2558027
79.6,35.3,77.0,49.8,2026-05-30 19:50:00,2558027
79.2,36.2,76.6,50.1,2026-05-30 20:00:00,2558027
78.8,37.1,76.5,50.4,2026-05-30 20:10:00,2558027
78.4,37.6,75.9,50.4,2026-05-30 20:20:00,2558027
77.7,38.7,75.2,50.6,2026-05-30 20:30:00,2558027
77.0,39.3,74.7,50.4,2026-05-30 20:40:00,2558027
76.6,41.0,74.3,51.1,2026-05-30 20:50:00,2558027
76.1,41.8,74.1,51.2,2026-05-30 21:00:00,2558027
75.6,42.7,73.6,51.4,2026-05-30 21:10:00,2558027
75.1,44.2,73.4,51.9,2026-05-30 21:20:00,2558027
75.1,45.0,73.4,52.3,2026-05-30 21:30:00,2558027
75.6,42.6,73.6,51.3,2026-05-30 21:40:00,2558027
75.5,41.1,73.2,50.3,2026-05-30 21:50:00,2558027
75.4,38.7,73.0,48.5,2026-05-30 22:00:00,2558027
75.1,37.9,72.7,47.6,2026-05-30 22:10:00,2558027
74.6,38.8,72.3,47.9,2026-05-30 22:20:00,2558027
74.1,43.2,72.3,50.3,2026-05-30 22:30:00,2558027
72.9,53.6,72.3,55.1,2026-05-30 22:40:00,2558027
72.2,56.9,71.8,56.1,2026-05-30 22:50:00,2558027
71.5,58.6,71.2,56.2,2026-05-30 23:00:00,2558027
70.9,59.8,70.7,56.3,2026-05-30 23:10:00,2558027
70.5,61.0,70.3,56.4,2026-05-30 23:20:00,2558027
70.1,62.0,69.8,56.5,2026-05-30 23:30:00,2558027
69.1,62.1,68.5,55.6,2026-05-30 23:40:00,2558027
68.5,63.4,67.6,55.6,2026-05-30 23:50:00,2558027
68.1,64.1,67.3,55.5,2026-05-31 00:00:00,2558027
67.3,63.8,66.2,54.7,2026-05-31 00:10:00,2558027
66.8,64.8,65.5,54.6,2026-05-31 00:20:00,2558027
66.3,65.3,64.8,54.3,2026-05-31 00:30:00,2558027
66.0,65.5,64.2,54.1,2026-05-31 00:40:00,2558027
65.5,65.7,63.9,53.7,2026-05-31 00:50:00,2558027
65.1,66.2,63.3,53.6,2026-05-31 01:00:00,2558027
64.8,66.7,63.1,53.5,2026-05-31 01:10:00,2558027
64.6,66.8,63.0,53.3,2026-05-31 01:20:00,2558027
64.2,67.3,62.4,53.1,2026-05-31 01:30:00,2558027
63.8,65.8,62.1,52.1,2026-05-31 01:40:00,2558027
63.4,64.6,61.5,51.3,2026-05-31 01:50:00,2558027
63.0,63.6,61.0,50.5,2026-05-31 02:00:00,2558027
62.8,63.9,61.0,50.4,2026-05-31 02:10:00,2558027
62.7,63.5,60.6,50.2,2026-05-31 02:20:00,2558027
62.3,63.9,60.4,50.0,2026-05-31 02:30:00,2558027
62.2,64.4,60.3,50.1,2026-05-31 02:40:00,2558027
62.0,64.6,60.1,49.9,2026-05-31 02:50:00,2558027
61.7,65.0,59.9,49.9,2026-05-31 03:00:00,2558027
61.4,65.5,59.7,49.7,2026-05-31 03:10:00,2558027
61.3,66.1,59.7,49.9,2026-05-31 03:20:00,2558027
61.1,65.3,59.4,49.4,2026-05-31 03:30:00,2558027
61.0,65.5,59.4,49.4,2026-05-31 03:40:00,2558027
60.9,65.8,59.4,49.3,2026-05-31 03:50:00,2558027
60.8,66.1,59.4,49.4,2026-05-31 04:00:00,2558027
60.4,66.3,58.8,49.1,2026-05-31 04:10:00,2558027
60.3,66.9,58.8,49.3,2026-05-31 04:20:00,2558027
60.0,67.9,58.6,49.3,2026-05-31 04:30:00,2558027
59.6,68.4,58.3,49.1,2026-05-31 04:40:00,2558027
59.3,68.7,57.9,49.0,2026-05-31 04:50:00,2558027
59.0,69.7,57.9,49.1,2026-05-31 05:00:00,2558027
58.8,69.7,57.6,48.9,2026-05-31 05:10:00,2558027
58.6,70.4,57.4,49.0,2026-05-31 05:20:00,2558027
58.3,70.8,57.2,48.9,2026-05-31 05:30:00,2558027
57.9,71.6,57.0,48.8,2026-05-31 05:40:00,2558027
57.7,72.7,56.7,48.9,2026-05-31 05:50:00,2558027
57.5,73.1,56.5,48.9,2026-05-31 06:00:00,2558027
57.3,73.7,56.5,48.9,2026-05-31 06:10:00,2558027
57.0,74.6,56.3,49.0,2026-05-31 06:20:00,2558027
57.1,75.1,56.3,49.3,2026-05-31 06:30:00,2558027
57.3,75.2,56.5,49.5,2026-05-31 06:40:00,2558027
57.5,75.3,56.7,49.7,2026-05-31 06:50:00,2558027
57.9,75.9,57.0,50.3,2026-05-31 07:00:00,2558027
58.1,75.3,57.4,50.3,2026-05-31 07:10:00,2558027
58.6,74.9,57.6,50.7,2026-05-31 07:20:00,2558027
59.2,73.9,58.3,50.9,2026-05-31 07:30:00,2558027
59.6,72.5,58.5,50.7,2026-05-31 07:40:00,2558027
60.0,72.2,58.8,51.0,2026-05-31 07:50:00,2558027
60.6,71.4,59.5,51.4,2026-05-31 08:00:00,2558027
60.9,70.3,59.5,51.1,2026-05-31 08:10:00,2558027
61.3,69.5,59.9,51.3,2026-05-31 08:20:00,2558027
62.2,68.4,60.6,51.7,2026-05-31 08:30:00,2558027
62.4,65.7,60.6,50.8,2026-05-31 08:40:00,2558027
64.0,63.8,61.9,51.5,2026-05-31 08:50:00,2558027
63.9,61.8,61.7,50.6,2026-05-31 09:00:00,2558027
64.7,60.9,62.4,50.9,2026-05-31 09:10:00,2558027
64.9,57.3,62.2,49.4,2026-05-31 09:20:00,2558027
65.3,55.9,62.6,49.2,2026-05-31 09:30:00,2558027
66.1,53.6,63.5,48.7,2026-05-31 09:40:00,2558027
67.4,54.4,65.3,50.4,2026-05-31 09:50:00,2558027
68.0,53.5,66.2,50.5,2026-05-31 10:00:00,2558027
68.5,51.4,66.7,49.8,2026-05-31 10:10:00,2558027
69.5,48.5,68.0,49.2,2026-05-31 10:20:00,2558027
70.0,46.4,68.7,48.5,2026-05-31 10:30:00,2558027
71.3,46.1,70.2,49.5,2026-05-31 10:40:00,2558027
71.9,43.4,70.5,48.4,2026-05-31 10:50:00,2558027
72.7,43.1,71.2,49.0,2026-05-31 11:00:00,2558027
73.8,41.2,72.0,48.8,2026-05-31 11:10:00,2558027
74.1,39.9,72.0,48.2,2026-05-31 11:20:00,2558027
75.4,39.9,73.0,49.3,2026-05-31 11:30:00,2558027
75.8,39.7,73.4,49.6,2026-05-31 11:40:00,2558027
76.8,38.8,74.3,49.9,2026-05-31 11:50:00,2558027
74.2,38.0,72.0,47.0,2026-05-31 12:00:00,2558027
75.3,36.7,72.7,47.0,2026-05-31 12:10:00,2558027
75.9,37.2,73.2,47.9,2026-05-31 12:20:00,2558027
76.6,37.6,73.9,48.8,2026-05-31 12:30:00,2558027
77.5,36.6,74.7,48.9,2026-05-31 12:40:00,2558027
76.8,37.8,74.3,49.2,2026-05-31 12:50:00,2558027
74.9,38.6,72.7,48.0,2026-05-31 13:00:00,2558027
76.5,37.7,73.9,48.8,2026-05-31 13:10:00,2558027
76.5,37.0,73.9,48.3,2026-05-31 13:20:00,2558027
75.8,39.3,73.4,49.3,2026-05-31 13:30:00,2558027
75.1,38.9,72.9,48.4,2026-05-31 13:40:00,2558027
75.2,39.2,72.9,48.7,2026-05-31 13:50:00,2558027
75.2,40.5,73.0,49.6,2026-05-31 14:00:00,2558027
75.8,39.2,73.4,49.3,2026-05-31 14:10:00,2558027
77.3,39.5,74.8,50.8,2026-05-31 14:20:00,2558027
76.8,39.3,74.5,50.2,2026-05-31 14:30:00,2558027
77.5,39.8,75.0,51.1,2026-05-31 14:40:00,2558027
77.5,38.1,74.8,50.0,2026-05-31 14:50:00,2558027
77.5,38.7,75.0,50.3,2026-05-31 15:00:00,2558027
78.2,38.0,75.7,50.5,2026-05-31 15:10:00,2558027
78.0,38.2,75.6,50.5,2026-05-31 15:20:00,2558027
77.9,37.0,75.4,49.6,2026-05-31 15:30:00,2558027
77.4,38.0,74.8,49.8,2026-05-31 15:40:00,2558027
78.0,39.5,75.7,51.4,2026-05-31 15:50:00,2558027
78.0,40.1,75.9,51.8,2026-05-31 16:00:00,2558027
77.7,40.3,75.7,51.7,2026-05-31 16:10:00,2558027
78.3,40.7,76.3,52.4,2026-05-31 16:20:00,2558027
78.9,39.4,76.8,52.1,2026-05-31 16:30:00,2558027
78.7,39.8,76.5,52.2,2026-05-31 16:40:00,2558027
77.0,40.6,74.7,51.2,2026-05-31 16:50:00,2558027
76.5,41.1,74.3,51.2,2026-05-31 17:00:00,2558027
77.4,40.9,75.2,51.8,2026-05-31 17:10:00,2558027
76.6,40.8,74.3,51.0,2026-05-31 17:20:00,2558027
76.8,42.1,74.7,52.1,2026-05-31 17:30:00,2558027
76.3,41.7,74.1,51.4,2026-05-31 17:40:00,2558027
76.2,42.4,74.1,51.7,2026-05-31 17:50:00,2558027
76.1,42.4,74.1,51.6,2026-05-31 18:00:00,2558027
76.1,43.0,73.9,52.0,2026-05-31 18:10:00,2558027
76.4,43.6,74.5,52.7,2026-05-31 18:20:00,2558027
76.2,44.9,74.3,53.3,2026-05-31 18:30:00,2558027
76.0,45.2,74.3,53.2,2026-05-31 18:40:00,2558027
75.8,45.1,74.1,53.1,2026-05-31 18:50:00,2558027
75.9,45.4,74.3,53.3,2026-05-31 19:00:00,2558027
75.5,46.8,73.9,53.7,2026-05-31 19:10:00,2558027
75.1,47.1,73.6,53.5,2026-05-31 19:20:00,2558027
74.8,48.4,73.4,54.0,2026-05-31 19:30:00,2558027
74.5,49.4,73.4,54.3,2026-05-31 19:40:00,2558027
74.4,50.2,73.4,54.7,2026-05-31 19:50:00,2558027
74.1,50.3,73.0,54.4,2026-05-31 20:00:00,2558027
73.9,50.2,72.9,54.2,2026-05-31 20:10:00,2558027
73.6,50.1,72.7,53.9,2026-05-31 20:20:00,2558027
73.1,51.3,72.1,54.1,2026-05-31 20:30:00,2558027
72.4,51.5,71.6,53.6,2026-05-31 20:40:00,2558027
71.8,52.4,71.1,53.4,2026-05-31 20:50:00,2558027
71.2,53.3,70.5,53.3,2026-05-31 21:00:00,2558027
71.0,53.9,70.3,53.4,2026-05-31 21:10:00,2558027
70.8,54.6,70.3,53.7,2026-05-31 21:20:00,2558027
70.7,55.6,70.5,54.1,2026-05-31 21:30:00,2558027
70.7,55.7,70.2,54.1,2026-05-31 21:40:00,2558027
70.5,55.2,70.2,53.7,2026-05-31 21:50:00,2558027
70.5,55.4,70.2,53.8,2026-05-31 22:00:00,2558027
70.6,56.0,70.2,54.1,2026-05-31 22:10:00,2558027
70.4,56.7,70.0,54.3,2026-05-31 22:20:00,2558027
70.0,57.5,69.6,54.3,2026-05-31 22:30:00,2558027
69.6,58.8,69.1,54.6,2026-05-31 22:40:00,2558027
69.5,59.9,68.9,55.0,2026-05-31 22:50:00,2558027
69.5,60.8,69.1,55.4,2026-05-31 23:00:00,2558027
69.5,61.3,69.1,55.7,2026-05-31 23:10:00,2558027
69.7,61.9,69.3,56.1,2026-05-31 23:20:00,2558027
69.7,62.2,69.3,56.2,2026-05-31 23:30:00,2558027
69.5,63.0,69.3,56.4,2026-05-31 23:40:00,2558027
69.6,63.5,69.4,56.7,2026-05-31 23:50:00,2558027
69.6,64.0,69.4,56.9,2026-06-01 00:00:00,2558027
69.6,64.5,69.4,57.1,2026-06-01 00:10:00,2558027
69.5,65.2,69.3,57.3,2026-06-01 00:20:00,2558027
69.2,66.3,68.9,57.5,2026-06-01 00:30:00,2558027
69.1,66.8,68.9,57.6,2026-06-01 00:40:00,2558027
69.1,67.2,68.7,57.7,2026-06-01 00:50:00,2558027
69.1,67.6,68.7,57.9,2026-06-01 01:00:00,2558027
69.1,67.8,68.7,58.0,2026-06-01 01:10:00,2558027
68.9,68.0,68.7,57.9,2026-06-01 01:20:00,2558027
68.9,68.2,68.7,58.0,2026-06-01 01:30:00,2558027
68.8,68.6,68.5,58.1,2026-06-01 01:40:00,2558027
68.8,69.0,68.5,58.2,2026-06-01 01:50:00,2558027
68.8,69.2,68.5,58.2,2026-06-01 02:00:00,2558027
68.5,69.9,68.2,58.2,2026-06-01 02:10:00,2558027
68.3,69.7,68.0,58.0,2026-06-01 02:20:00,2558027
68.0,70.4,67.6,58.0,2026-06-01 02:30:00,2558027
67.7,70.8,67.3,57.9,2026-06-01 02:40:00,2558027
67.5,71.7,67.1,58.0,2026-06-01 02:50:00,2558027
67.6,71.8,67.1,58.2,2026-06-01 03:00:00,2558027
67.5,72.2,67.1,58.2,2026-06-01 03:10:00,2558027
67.5,72.4,67.1,58.3,2026-06-01 03:20:00,2558027
67.3,72.8,66.9,58.3,2026-06-01 03:30:00,2558027
67.0,73.1,66.4,58.2,2026-06-01 03:40:00,2558027
67.0,74.0,66.6,58.4,2026-06-01 03:50:00,2558027
66.8,74.2,66.4,58.4,2026-06-01 04:00:00,2558027
66.6,74.9,66.0,58.4,2026-06-01 04:10:00,2558027
66.1,75.8,65.5,58.3,2026-06-01 04:20:00,2558027
66.0,76.7,65.3,58.4,2026-06-01 04:30:00,2558027
65.8,77.2,65.3,58.4,2026-06-01 04:40:00,2558027
65.6,78.1,64.9,58.6,2026-06-01 04:50:00,2558027
65.7,78.6,65.3,58.9,2026-06-01 05:00:00,2558027
65.8,78.6,65.3,59.0,2026-06-01 05:10:00,2558027
65.8,78.7,65.3,59.0,2026-06-01 05:20:00,2558027
65.6,79.4,65.1,59.1,2026-06-01 05:30:00,2558027
65.4,79.9,64.9,59.1,2026-06-01 05:40:00,2558027
65.3,80.5,64.8,59.1,2026-06-01 05:50:00,2558027
65.0,80.9,64.8,59.0,2026-06-01 06:00:00,2558027
64.9,81.4,64.8,59.1,2026-06-01 06:10:00,2558027
64.8,82.2,64.6,59.3,2026-06-01 06:20:00,2558027
64.8,82.4,64.6,59.3,2026-06-01 06:30:00,2558027
64.9,82.8,64.8,59.5,2026-06-01 06:40:00,2558027
65.1,83.1,64.9,59.8,2026-06-01 06:50:00,2558027
65.5,83.0,65.5,60.2,2026-06-01 07:00:00,2558027
66.2,82.5,66.2,60.7,2026-06-01 07:10:00,2558027
67.0,81.5,67.1,61.2,2026-06-01 07:20:00,2558027
67.9,80.0,68.2,61.5,2026-06-01 07:30:00,2558027
68.5,77.9,68.7,61.3,2026-06-01 07:40:00,2558027
68.9,77.1,69.1,61.4,2026-06-01 07:50:00,2558027
69.4,75.9,69.8,61.5,2026-06-01 08:00:00,2558027
70.0,75.2,70.7,61.8,2026-06-01 08:10:00,2558027
70.9,73.8,71.8,62.1,2026-06-01 08:20:00,2558027
70.6,73.8,71.2,61.9,2026-06-01 08:30:00,2558027
71.5,73.3,72.3,62.6,2026-06-01 08:40:00,2558027
71.9,71.6,72.5,62.2,2026-06-01 08:50:00,2558027
72.0,70.8,72.7,62.0,2026-06-01 09:00:00,2558027
72.6,70.2,73.2,62.3,2026-06-01 09:10:00,2558027
73.0,69.6,73.6,62.4,2026-06-01 09:20:00,2558027
73.4,70.4,74.1,63.2,2026-06-01 09:30:00,2558027
74.2,69.0,75.0,63.3,2026-06-01 09:40:00,2558027
75.2,68.3,75.9,64.0,2026-06-01 09:50:00,2558027
75.0,67.5,75.6,63.5,2026-06-01 10:00:00,2558027
74.8,67.4,75.2,63.3,2026-06-01 10:10:00,2558027
76.5,66.7,77.2,64.6,2026-06-01 10:20:00,2558027
76.5,66.0,77.0,64.3,2026-06-01 10:30:00,2558027
78.8,63.1,80.1,65.1,2026-06-01 10:40:00,2558027
79.9,61.1,81.7,65.3,2026-06-01 10:50:00,2558027
83.1,56.1,85.5,65.8,2026-06-01 11:00:00,2558027
82.9,55.8,84.9,65.5,2026-06-01 11:10:00,2558027
80.1,57.3,81.1,63.7,2026-06-01 11:20:00,2558027
84.2,54.7,87.1,66.1,2026-06-01 11:30:00,2558027
83.6,54.4,86.0,65.4,2026-06-01 11:40:00,2558027
83.9,52.7,86.4,64.8,2026-06-01 11:50:00,2558027
83.4,52.2,85.1,64.1,2026-06-01 12:00:00,2558027
82.5,52.2,83.5,63.2,2026-06-01 12:10:00,2558027
85.6,50.9,88.5,65.3,2026-06-01 12:20:00,2558027
84.0,51.3,86.2,64.1,2026-06-01 12:30:00,2558027
84.7,48.7,86.4,63.2,2026-06-01 12:40:00,2558027
84.8,49.8,87.1,64.0,2026-06-01 12:50:00,2558027
83.7,48.0,84.7,61.9,2026-06-01 13:00:00,2558027
86.0,45.9,87.8,62.8,2026-06-01 13:10:00,2558027
86.3,45.2,88.0,62.6,2026-06-01 13:20:00,2558027
84.4,46.6,85.5,61.8,2026-06-01 13:30:00,2558027
84.3,44.8,84.7,60.6,2026-06-01 13:40:00,2558027
83.8,46.9,84.4,61.3,2026-06-01 13:50:00,2558027
84.9,45.4,85.6,61.4,2026-06-01 14:00:00,2558027
83.2,44.4,82.9,59.3,2026-06-01 14:10:00,2558027
83.2,46.1,83.3,60.3,2026-06-01 14:20:00,2558027
83.0,48.3,83.5,61.5,2026-06-01 14:30:00,2558027
83.5,46.7,84.0,60.9,2026-06-01 14:40:00,2558027
83.2,46.4,83.5,60.5,2026-06-01 14:50:00,2558027
83.2,44.7,82.9,59.5,2026-06-01 15:00:00,2558027
83.4,42.2,82.9,58.0,2026-06-01 15:10:00,2558027
83.3,42.5,82.9,58.2,2026-06-01 15:20:00,2558027
83.0,41.0,81.9,56.8,2026-06-01 15:30:00,2558027
83.2,39.6,82.0,56.1,2026-06-01 15:40:00,2558027
83.9,38.6,82.8,56.0,2026-06-01 15:50:00,2558027
84.4,36.7,83.1,55.1,2026-06-01 16:00:00,2558027
84.2,36.9,82.9,55.0,2026-06-01 16:10:00,2558027
83.4,37.7,81.9,54.9,2026-06-01 16:20:00,2558027
83.2,38.9,81.9,55.6,2026-06-01 16:30:00,2558027
85.0,39.2,84.6,57.4,2026-06-01 16:40:00,2558027
83.8,39.7,82.8,56.8,2026-06-01 16:50:00,2558027
82.5,40.1,81.1,55.8,2026-06-01 17:00:00,2558027
81.6,42.7,80.4,56.8,2026-06-01 17:10:00,2558027
81.1,43.0,79.9,56.5,2026-06-01 17:20:00,2558027
81.2,43.8,80.1,57.1,2026-06-01 17:30:00,2558027
81.2,42.1,79.9,56.0,2026-06-01 17:40:00,2558027
80.8,42.5,79.5,56.0,2026-06-01 17:50:00,2558027
80.2,42.8,78.6,55.5,2026-06-01 18:00:00,2558027
80.2,42.9,78.6,55.6,2026-06-01 18:10:00,2558027
80.1,44.2,79.0,56.3,2026-06-01 18:20:00,2558027
79.9,44.7,78.4,56.5,2026-06-01 18:30:00,2558027
79.6,45.5,78.4,56.7,2026-06-01 18:40:00,2558027
79.2,43.6,77.7,55.2,2026-06-01 18:50:00,2558027
79.1,44.4,77.7,55.5,2026-06-01 19:00:00,2558027
78.9,43.2,77.2,54.7,2026-06-01 19:10:00,2558027
78.7,42.9,77.0,54.2,2026-06-01 19:20:00,2558027
78.1,42.9,76.3,53.7,2026-06-01 19:30:00,2558027
77.6,43.1,75.7,53.4,2026-06-01 19:40:00,2558027
77.4,43.4,75.6,53.4,2026-06-01 19:50:00,2558027
76.9,44.3,75.0,53.5,2026-06-01 20:00:00,2558027
76.5,44.4,74.7,53.2,2026-06-01 20:10:00,2558027
75.9,44.7,74.1,52.9,2026-06-01 20:20:00,2558027
75.5,44.5,73.6,52.3,2026-06-01 20:30:00,2558027
75.2,44.3,73.4,52.0,2026-06-01 20:40:00,2558027
74.7,45.2,73.2,52.1,2026-06-01 20:50:00,2558027
74.2,46.2,72.7,52.3,2026-06-01 21:00:00,2558027
73.7,46.3,72.3,51.8,2026-06-01 21:10:00,2558027
73.5,46.1,72.1,51.5,2026-06-01 21:20:00,2558027
73.9,44.6,72.1,51.0,2026-06-01 21:30:00,2558027
73.7,44.6,72.1,50.8,2026-06-01 21:40:00,2558027
73.4,44.4,71.8,50.4,2026-06-01 21:50:00,2558027
73.0,44.4,71.4,50.1,2026-06-01 22:00:00,2558027
73.0,44.8,71.4,50.3,2026-06-01 22:10:00,2558027
72.9,44.9,71.4,50.2,2026-06-01 22:20:00,2558027
72.6,44.8,71.1,49.9,2026-06-01 22:30:00,2558027
72.4,44.8,70.9,49.7,2026-06-01 22:40:00,2558027
72.2,44.9,70.9,49.7,2026-06-01 22:50:00,2558027
72.2,45.1,71.1,49.8,2026-06-01 23:00:00,2558027
72.3,46.0,71.1,50.5,2026-06-01 23:10:00,2558027
71.9,48.9,70.9,51.6,2026-06-01 23:20:00,2558027
71.4,52.1,70.5,52.9,2026-06-01 23:30:00,2558027
70.9,54.5,70.3,53.7,2026-06-01 23:40:00,2558027
70.4,56.5,70.0,54.2,2026-06-01 23:50:00,2558027
70.2,57.6,69.8,54.5,2026-06-02 00:00:00,2558027
70.0,58.7,69.6,54.9,2026-06-02 00:10:00,2558027
69.9,58.7,69.3,54.7,2026-06-02 00:20:00,2558027
69.7,58.3,69.1,54.4,2026-06-02 00:30:00,2558027
69.5,58.1,68.7,54.2,2026-06-02 00:40:00,2558027
69.3,58.0,68.5,53.9,2026-06-02 00:50:00,2558027
69.2,56.3,68.2,53.0,2026-06-02 01:00:00,2558027
68.8,56.0,67.6,52.4,2026-06-02 01:10:00,2558027
68.5,56.1,67.1,52.2,2026-06-02 01:20:00,2558027
68.3,56.2,66.7,52.1,2026-06-02 01:30:00,2558027
68.1,54.6,66.4,51.1,2026-06-02 01:40:00,2558027
67.7,55.7,66.0,51.4,2026-06-02 01:50:00,2558027
67.3,56.4,65.7,51.2,2026-06-02 02:00:00,2558027
66.7,55.4,64.4,50.2,2026-06-02 02:10:00,2558027
66.4,54.5,64.2,49.5,2026-06-02 02:20:00,2558027
66.1,54.3,63.5,49.2,2026-06-02 02:30:00,2558027
65.7,55.0,63.1,49.1,2026-06-02 02:40:00,2558027
65.2,55.8,62.4,49.0,2026-06-02 02:50:00,2558027
65.0,56.3,62.4,49.1,2026-06-02 03:00:00,2558027
64.8,57.2,62.2,49.3,2026-06-02 03:10:00,2558027
64.2,58.4,61.7,49.3,2026-06-02 03:20:00,2558027
63.9,59.3,61.5,49.5,2026-06-02 03:30:00,2558027
63.5,60.1,61.3,49.4,2026-06-02 03:40:00,2558027
63.3,61.5,61.0,49.8,2026-06-02 03:50:00,2558027
63.1,62.6,61.0,50.1,2026-06-02 04:00:00,2558027
62.7,63.5,60.6,50.2,2026-06-02 04:10:00,2558027
62.4,64.5,60.6,50.3,2026-06-02 04:20:00,2558027
62.4,66.0,60.6,50.9,2026-06-02 04:30:00,2558027
62.1,67.0,60.4,51.0,2026-06-02 04:40:00,2558027
61.8,68.0,60.3,51.2,2026-06-02 04:50:00,2558027
61.7,68.4,60.3,51.2,2026-06-02 05:00:00,2558027
61.8,68.7,60.3,51.4,2026-06-02 05:10:00,2558027
61.5,69.2,59.9,51.3,2026-06-02 05:20:00,2558027
61.1,70.3,59.7,51.3,2026-06-02 05:30:00,2558027
60.8,71.2,59.4,51.4,2026-06-02 05:40:00,2558027
60.6,72.0,59.4,51.5,2026-06-02 05:50:00,2558027
60.4,72.4,59.2,51.5,2026-06-02 06:00:00,2558027
60.3,73.8,59.4,51.9,2026-06-02 06:10:00,2558027
60.2,74.7,59.2,52.1,2026-06-02 06:20:00,2558027
60.3,75.1,59.5,52.4,2026-06-02 06:30:00,2558027
60.3,75.1,59.5,52.4,2026-06-02 06:40:00,2558027
60.6,75.0,59.7,52.6,2026-06-02 06:50:00,2558027
61.1,75.3,60.3,53.2,2026-06-02 07:00:00,2558027
60.9,75.2,60.1,53.0,2026-06-02 07:10:00,2558027
61.1,75.3,60.3,53.2,2026-06-02 07:20:00,2558027
61.1,74.5,60.1,52.9,2026-06-02 07:30:00,2558027
61.4,73.7,60.4,52.9,2026-06-02 07:40:00,2558027
61.4,72.3,60.3,52.4,2026-06-02 07:50:00,2558027
61.6,71.6,60.4,52.3,2026-06-02 08:00:00,2558027
61.8,70.9,60.4,52.3,2026-06-02 08:10:00,2558027
62.1,69.7,60.8,52.1,2026-06-02 08:20:00,2558027
62.8,68.6,61.3,52.3,2026-06-02 08:30:00,2558027
63.0,66.7,61.3,51.7,2026-06-02 08:40:00,2558027
63.6,65.0,61.7,51.6,2026-06-02 08:50:00,2558027
63.5,64.3,61.5,51.2,2026-06-02 09:00:00,2558027
64.1,63.5,62.1,51.5,2026-06-02 09:10:00,2558027
65.6,60.6,63.5,51.6,2026-06-02 09:20:00,2558027
65.6,56.8,63.1,49.9,2026-06-02 09:30:00,2558027
68.0,57.0,66.4,52.2,2026-06-02 09:40:00,2558027
67.2,54.3,65.1,50.2,2026-06-02 09:50:00,2558027
67.9,53.2,66.2,50.3,2026-06-02 10:00:00,2558027
68.5,54.7,66.9,51.6,2026-06-02 10:10:00,2558027
69.7,52.7,68.7,51.6,2026-06-02 10:20:00,2558027
69.7,51.7,68.5,51.2,2026-06-02 10:30:00,2558027
71.2,46.7,70.0,49.7,2026-06-02 10:40:00,2558027
72.7,45.7,71.4,50.6,2026-06-02 10:50:00,2558027
71.8,46.4,70.7,50.2,2026-06-02 11:00:00,2558027
72.4,42.9,70.7,48.6,2026-06-02 11:10:00,2558027
74.6,41.2,72.5,49.4,2026-06-02 11:20:00,2558027
76.0,41.0,73.8,50.6,2026-06-02 11:30:00,2558027
75.9,41.1,73.8,50.6,2026-06-02 11:40:00,2558027
76.5,39.6,74.1,50.1,2026-06-02 11:50:00,2558027
76.2,37.9,73.6,48.7,2026-06-02 12:00:00,2558027
76.7,37.4,74.1,48.7,2026-06-02 12:10:00,2558027
77.9,37.0,75.2,49.5,2026-06-02 12:20:00,2558027
77.9,36.6,75.0,49.2,2026-06-02 12:30:00,2558027
77.3,35.3,74.5,47.7,2026-06-02 12:40:00,2558027
76.3,34.5,73.4,46.3,2026-06-02 12:50:00,2558027
77.0,36.2,74.3,48.2,2026-06-02 13:00:00,2558027
76.1,36.5,73.4,47.6,2026-06-02 13:10:00,2558027
75.8,36.6,73.0,47.4,2026-06-02 13:20:00,2558027
75.8,37.5,73.2,48.1,2026-06-02 13:30:00,2558027
76.6,36.2,73.8,47.8,2026-06-02 13:40:00,2558027
75.6,35.9,72.9,46.7,2026-06-02 13:50:00,2558027
75.8,36.8,73.2,47.6,2026-06-02 14:00:00,2558027
76.5,36.5,73.8,47.9,2026-06-02 14:10:00,2558027
77.2,34.4,74.3,47.0,2026-06-02 14:20:00,2558027
76.8,34.0,73.8,46.3,2026-06-02 14:30:00,2558027
76.5,33.6,73.6,45.7,2026-06-02 14:40:00,2558027
76.9,33.6,73.9,46.1,2026-06-02 14:50:00,2558027
76.9,32.7,73.8,45.4,2026-06-02 15:00:00,2558027
77.5,33.1,74.3,46.2,2026-06-02 15:10:00,2558027
77.9,32.8,74.8,46.3,2026-06-02 15:20:00,2558027
78.1,30.5,74.8,44.6,2026-06-02 15:30:00,2558027
77.0,31.6,73.8,44.6,2026-06-02 15:40:00,2558027
76.7,31.1,73.4,43.9,2026-06-02 15:50:00,2558027
77.4,32.2,74.3,45.4,2026-06-02 16:00:00,2558027
76.5,30.5,73.2,43.2,2026-06-02 16:10:00,2558027
77.2,31.2,73.8,44.4,2026-06-02 16:20:00,2558027
76.6,31.3,73.2,44.0,2026-06-02 16:30:00,2558027
77.2,30.5,73.9,43.9,2026-06-02 16:40:00,2558027
77.1,29.3,73.6,42.7,2026-06-02 16:50:00,2558027
77.2,28.9,73.8,42.4,2026-06-02 17:00:00,2558027
78.0,28.4,74.5,42.7,2026-06-02 17:10:00,2558027
76.2,28.5,72.7,41.2,2026-06-02 17:20:00,2558027
75.3,30.3,72.1,42.0,2026-06-02 17:30:00,2558027
74.9,30.6,71.8,41.9,2026-06-02 17:40:00,2558027
74.9,30.5,71.8,41.8,2026-06-02 17:50:00,2558027
74.4,32.1,71.4,42.7,2026-06-02 18:00:00,2558027
74.0,32.7,71.2,42.9,2026-06-02 18:10:00,2558027
74.3,30.8,71.2,41.6,2026-06-02 18:20:00,2558027
73.6,31.0,70.9,41.1,2026-06-02 18:30:00,2558027
73.3,31.5,70.5,41.3,2026-06-02 18:40:00,2558027
72.7,32.4,70.2,41.5,2026-06-02 18:50:00,2558027
72.8,32.2,70.2,41.3,2026-06-02 19:00:00,2558027
72.5,31.4,69.8,40.5,2026-06-02 19:10:00,2558027
72.2,31.6,69.6,40.4,2026-06-02 19:20:00,2558027
71.9,31.7,69.4,40.2,2026-06-02 19:30:00,2558027
71.5,31.6,69.1,39.8,2026-06-02 19:40:00,2558027
71.2,31.1,68.7,39.0,2026-06-02 19:50:00,2558027
70.8,31.7,68.5,39.3,2026-06-02 20:00:00,2558027
70.4,32.4,68.2,39.5,2026-06-02 20:10:00,2558027
70.1,32.8,67.6,39.5,2026-06-02 20:20:00,2558027
69.5,34.3,66.7,40.2,2026-06-02 20:30:00,2558027
69.1,34.4,66.2,39.8,2026-06-02 20:40:00,2558027
68.5,34.6,65.3,39.5,2026-06-02 20:50:00,2558027
68.1,35.4,64.8,39.7,2026-06-02 21:00:00,2558027
67.4,36.2,63.9,39.7,2026-06-02 21:10:00,2558027
67.1,36.3,63.5,39.5,2026-06-02 21:20:00,2558027
66.7,37.2,63.0,39.8,2026-06-02 21:30:00,2558027
66.2,37.7,62.4,39.7,2026-06-02 21:40:00,2558027
65.9,38.2,61.9,39.7,2026-06-02 21:50:00,2558027
65.4,38.7,61.2,39.6,2026-06-02 22:00:00,2558027
65.1,39.3,60.8,39.7,2026-06-02 22:10:00,2558027
64.5,40.0,60.3,39.7,2026-06-02 22:20:00,2558027
63.9,42.0,59.9,40.3,2026-06-02 22:30:00,2558027
63.3,42.8,59.4,40.3,2026-06-02 22:40:00,2558027
62.8,43.4,59.0,40.2,2026-06-02 22:50:00,2558027
62.4,44.4,58.6,40.4,2026-06-02 23:00:00,2558027
61.9,44.8,58.3,40.2,2026-06-02 23:10:00,2558027
61.5,46.1,58.3,40.6,2026-06-02 23:20:00,2558027
61.1,47.8,57.9,41.1,2026-06-02 23:30:00,2558027
60.6,49.1,57.6,41.4,2026-06-02 23:40:00,2558027
59.9,49.5,57.0,41.0,2026-06-02 23:50:00,2558027
59.7,50.4,56.7,41.3,2026-06-03 00:00:00,2558027
59.3,51.1,56.5,41.2,2026-06-03 00:10:00,2558027
58.9,52.0,56.3,41.3,2026-06-03 00:20:00,2558027
58.7,52.9,56.3,41.5,2026-06-03 00:30:00,2558027
58.3,54.1,55.8,41.8,2026-06-03 00:40:00,2558027
57.9,55.2,55.8,42.0,2026-06-03 00:50:00,2558027
57.6,56.1,55.4,42.1,2026-06-03 01:00:00,2558027
57.4,56.3,55.4,42.0,2026-06-03 01:10:00,2558027
57.3,57.1,55.2,42.3,2026-06-03 01:20:00,2558027
57.2,58.0,55.0,42.5,2026-06-03 01:30:00,2558027
56.9,58.2,55.0,42.4,2026-06-03 01:40:00,2558027
56.7,59.7,54.9,42.9,2026-06-03 01:50:00,2558027
56.4,60.6,54.7,43.0,2026-06-03 02:00:00,2558027
56.2,60.7,54.5,42.8,2026-06-03 02:10:00,2558027
55.9,62.8,54.3,43.4,2026-06-03 02:20:00,2558027
56.0,62.9,54.5,43.5,2026-06-03 02:30:00,2558027
55.9,63.9,54.5,43.9,2026-06-03 02:40:00,2558027
55.7,64.7,54.1,44.0,2026-06-03 02:50:00,2558027
55.5,65.1,54.0,44.0,2026-06-03 03:00:00,2558027
55.4,66.2,54.1,44.3,2026-06-03 03:10:00,2558027
55.5,66.1,54.1,44.3,2026-06-03 03:20:00,2558027
55.2,65.6,53.8,43.9,2026-06-03 03:30:00,2558027
55.1,65.4,53.8,43.8,2026-06-03 03:40:00,2558027
55.3,64.6,53.8,43.6,2026-06-03 03:50:00,2558027
55.2,64.3,53.8,43.4,2026-06-03 04:00:00,2558027
55.1,64.2,53.8,43.2,2026-06-03 04:10:00,2558027
55.1,64.8,53.8,43.5,2026-06-03 04:20:00,2558027
55.3,64.0,53.8,43.3,2026-06-03 04:30:00,2558027
55.2,64.4,53.8,43.4,2026-06-03 04:40:00,2558027
55.2,64.0,53.8,43.3,2026-06-03 04:50:00,2558027
55.5,63.5,54.0,43.3,2026-06-03 05:00:00,2558027
55.4,63.8,53.8,43.3,2026-06-03 05:10:00,2558027
55.3,64.3,53.8,43.4,2026-06-03 05:20:00,2558027
54.8,65.8,53.4,43.6,2026-06-03 05:30:00,2558027
54.4,67.1,53.1,43.7,2026-06-03 05:40:00,2558027
54.5,65.8,53.1,43.3,2026-06-03 05:50:00,2558027
54.8,65.0,53.4,43.3,2026-06-03 06:00:00,2558027
54.8,65.5,53.4,43.5,2026-06-03 06:10:00,2558027
54.6,66.0,53.2,43.5,2026-06-03 06:20:00,2558027
54.8,65.9,53.4,43.6,2026-06-03 06:30:00,2558027
55.2,65.1,53.8,43.7,2026-06-03 06:40:00,2558027
55.7,65.8,54.3,44.4,2026-06-03 06:50:00,2558027
56.1,65.1,54.5,44.5,2026-06-03 07:00:00,2558027
56.6,64.6,55.0,44.8,2026-06-03 07:10:00,2558027
57.5,62.8,55.8,44.9,2026-06-03 07:20:00,2558027
58.5,61.3,56.7,45.2,2026-06-03 07:30:00,2558027
59.6,59.2,57.6,45.3,2026-06-03 07:40:00,2558027
60.6,57.7,58.1,45.6,2026-06-03 07:50:00,2558027
61.6,56.9,59.2,46.2,2026-06-03 08:00:00,2558027
62.4,55.8,59.7,46.4,2026-06-03 08:10:00,2558027
63.2,52.7,60.3,45.7,2026-06-03 08:20:00,2558027
64.2,50.2,60.8,45.2,2026-06-03 08:30:00,2558027
64.8,48.5,61.3,45.0,2026-06-03 08:40:00,2558027
65.9,47.4,62.8,45.3,2026-06-03 08:50:00,2558027
66.8,46.8,63.9,45.8,2026-06-03 09:00:00,2558027
68.0,44.9,65.3,45.8,2026-06-03 09:10:00,2558027
69.2,42.9,66.9,45.7,2026-06-03 09:20:00,2558027
70.3,41.9,68.5,46.1,2026-06-03 09:30:00,2558027
71.4,38.7,69.6,44.9,2026-06-03 09:40:00,2558027
72.3,39.5,70.3,46.3,2026-06-03 09:50:00,2558027
73.0,36.0,70.7,44.5,2026-06-03 10:00:00,2558027
74.3,35.0,71.6,44.9,2026-06-03 10:10:00,2558027
76.3,35.2,73.6,46.9,2026-06-03 10:20:00,2558027
77.4,32.9,74.3,46.0,2026-06-03 10:30:00,2558027
80.7,31.2,77.5,47.5,2026-06-03 10:40:00,2558027
81.8,28.7,78.3,46.2,2026-06-03 10:50:00,2558027
81.0,29.2,77.5,46.0,2026-06-03 11:00:00,2558027
84.1,28.5,81.0,47.9,2026-06-03 11:10:00,2558027
80.6,28.2,76.8,44.7,2026-06-03 11:20:00,2558027
81.6,29.4,78.1,46.7,2026-06-03 11:30:00,2558027
79.7,29.6,76.3,45.2,2026-06-03 11:40:00,2558027
78.5,29.2,75.0,43.8,2026-06-03 11:50:00,2558027
80.8,28.7,77.4,45.3,2026-06-03 12:00:00,2558027
79.9,27.5,76.1,43.4,2026-06-03 12:10:00,2558027
81.3,27.4,77.5,44.5,2026-06-03 12:20:00,2558027
82.0,26.6,78.3,44.3,2026-06-03 12:30:00,2558027
81.2,26.9,77.5,44.0,2026-06-03 12:40:00,2558027
80.7,27.1,77.0,43.8,2026-06-03 12:50:00,2558027
82.7,26.4,79.0,44.7,2026-06-03 13:00:00,2558027
82.0,26.3,78.3,44.1,2026-06-03 13:10:00,2558027
80.2,26.2,76.3,42.4,2026-06-03 13:20:00,2558027
81.1,28.3,77.5,45.2,2026-06-03 13:30:00,2558027
80.4,27.2,76.6,43.5,2026-06-03 13:40:00,2558027
80.6,27.9,76.8,44.3,2026-06-03 13:50:00,2558027
80.5,28.1,76.8,44.6,2026-06-03 14:00:00,2558027
80.8,29.0,77.4,45.6,2026-06-03 14:10:00,2558027
80.8,28.0,77.2,44.6,2026-06-03 14:20:00,2558027
80.4,26.9,76.8,43.3,2026-06-03 14:30:00,2558027
81.4,28.5,77.9,45.6,2026-06-03 14:40:00,2558027
81.2,28.3,77.7,45.2,2026-06-03 14:50:00,2558027
81.2,27.1,77.5,44.2,2026-06-03 15:00:00,2558027
81.3,27.6,77.5,44.7,2026-06-03 15:10:00,2558027
81.0,26.4,77.4,43.3,2026-06-03 15:20:00,2558027
80.7,29.2,77.2,45.7,2026-06-03 15:30:00,2558027
82.0,28.5,78.4,46.2,2026-06-03 15:40:00,2558027
81.1,29.4,77.5,46.2,2026-06-03 15:50:00,2558027
80.9,27.5,77.2,44.3,2026-06-03 16:00:00,2558027
81.0,28.0,77.4,44.9,2026-06-03 16:10:00,2558027
80.8,29.4,77.4,45.9,2026-06-03 16:20:00,2558027
81.7,28.2,78.3,45.7,2026-06-03 16:30:00,2558027
85.3,26.0,82.0,46.6,2026-06-03 16:40:00,2558027
85.8,25.1,82.2,46.0,2026-06-03 16:50:00,2558027
84.5,25.3,80.8,45.1,2026-06-03 17:00:00,2558027
81.2,27.4,77.5,44.4,2026-06-03 17:10:00,2558027
81.5,27.0,77.7,44.3,2026-06-03 17:20:00,2558027
80.9,28.0,77.2,44.8,2026-06-03 17:30:00,2558027
80.8,28.4,77.4,45.1,2026-06-03 17:40:00,2558027
80.3,28.2,76.8,44.5,2026-06-03 17:50:00,2558027
79.7,28.9,76.1,44.5,2026-06-03 18:00:00,2558027
79.4,29.2,75.9,44.6,2026-06-03 18:10:00,2558027
79.4,28.9,75.9,44.2,2026-06-03 18:20:00,2558027
79.5,29.2,75.9,44.7,2026-06-03 18:30:00,2558027
79.5,29.8,75.9,45.2,2026-06-03 18:40:00,2558027
79.3,29.6,75.7,44.9,2026-06-03 18:50:00,2558027
78.8,29.1,75.2,43.9,2026-06-03 19:00:00,2558027
78.6,30.4,75.4,45.0,2026-06-03 19:10:00,2558027
78.2,30.9,74.8,45.1,2026-06-03 19:20:00,2558027
77.8,31.2,74.5,44.9,2026-06-03 19:30:00,2558027
77.5,31.2,74.1,44.7,2026-06-03 19:40:00,2558027
77.3,31.1,73.9,44.4,2026-06-03 19:50:00,2558027
76.8,31.5,73.4,44.3,2026-06-03 20:00:00,2558027
76.2,32.4,73.0,44.5,2026-06-03 20:10:00,2558027
75.4,33.2,72.5,44.5,2026-06-03 20:20:00,2558027
74.5,34.2,71.8,44.5,2026-06-03 20:30:00,2558027
73.6,35.1,71.2,44.3,2026-06-03 20:40:00,2558027
73.1,36.2,70.7,44.7,2026-06-03 20:50:00,2558027
72.5,37.0,70.3,44.7,2026-06-03 21:00:00,2558027
72.1,37.5,70.0,44.8,2026-06-03 21:10:00,2558027
71.5,38.0,69.6,44.5,2026-06-03 21:20:00,2558027
71.0,39.4,69.3,45.1,2026-06-03 21:30:00,2558027
70.6,40.0,68.9,45.1,2026-06-03 21:40:00,2558027
70.0,41.4,68.4,45.5,2026-06-03 21:50:00,2558027
69.5,43.1,67.6,46.1,2026-06-03 22:00:00,2558027
69.0,44.3,66.9,46.4,2026-06-03 22:10:00,2558027
68.5,44.9,66.0,46.3,2026-06-03 22:20:00,2558027
68.1,46.6,65.7,46.9,2026-06-03 22:30:00,2558027
67.6,47.2,65.1,46.8,2026-06-03 22:40:00,2558027
67.2,46.3,64.4,45.9,2026-06-03 22:50:00,2558027
66.8,48.5,64.0,46.7,2026-06-03 23:00:00,2558027
66.4,48.7,63.5,46.6,2026-06-03 23:10:00,2558027
65.9,50.5,63.0,47.0,2026-06-03 23:20:00,2558027
65.4,50.9,62.2,46.8,2026-06-03 23:30:00,2558027
65.1,52.1,62.1,47.1,2026-06-03 23:40:00,2558027
64.9,52.2,61.9,47.0,2026-06-03 23:50:00,2558027
64.7,53.5,61.7,47.4,2026-06-04 00:00:00,2558027
64.4,54.5,61.5,47.6,2026-06-04 00:10:00,2558027
64.1,55.7,61.3,47.9,2026-06-04 00:20:00,2558027
63.7,56.3,61.2,47.9,2026-06-04 00:30:00,2558027
63.6,57.0,61.0,48.1,2026-06-04 00:40:00,2558027
63.5,57.1,60.8,48.0,2026-06-04 00:50:00,2558027
63.5,57.0,60.8,47.9,2026-06-04 01:00:00,2558027
63.2,57.4,60.6,47.9,2026-06-04 01:10:00,2558027
62.6,58.2,60.1,47.7,2026-06-04 01:20:00,2558027
62.2,58.8,59.9,47.7,2026-06-04 01:30:00,2558027
61.7,59.8,59.5,47.6,2026-06-04 01:40:00,2558027
61.5,60.2,59.5,47.6,2026-06-04 01:50:00,2558027
61.1,62.3,59.2,48.2,2026-06-04 02:00:00,2558027
60.6,62.2,58.8,47.6,2026-06-04 02:10:00,2558027
60.4,63.9,58.6,48.1,2026-06-04 02:20:00,2558027
60.1,63.7,58.3,47.7,2026-06-04 02:30:00,2558027
59.8,63.8,57.9,47.5,2026-06-04 02:40:00,2558027
59.5,65.2,57.7,47.8,2026-06-04 02:50:00,2558027
59.2,66.2,57.7,47.9,2026-06-04 03:00:00,2558027
59.0,66.1,57.4,47.7,2026-06-04 03:10:00,2558027
58.8,67.0,57.2,47.9,2026-06-04 03:20:00,2558027
58.6,67.9,57.2,48.1,2026-06-04 03:30:00,2558027
58.3,68.4,57.0,48.0,2026-06-04 03:40:00,2558027
58.1,68.9,56.7,47.9,2026-06-04 03:50:00,2558027
57.9,69.6,56.8,48.1,2026-06-04 04:00:00,2558027
57.7,70.3,56.5,48.1,2026-06-04 04:10:00,2558027
57.4,70.7,56.3,48.0,2026-06-04 04:20:00,2558027
57.1,71.7,56.1,48.1,2026-06-04 04:30:00,2558027
56.8,72.7,55.9,48.2,2026-06-04 04:40:00,2558027
56.6,74.2,55.8,48.4,2026-06-04 04:50:00,2558027
56.3,74.8,55.4,48.4,2026-06-04 05:00:00,2558027
56.1,75.0,55.4,48.3,2026-06-04 05:10:00,2558027
55.9,75.8,55.2,48.3,2026-06-04 05:20:00,2558027
55.7,76.6,55.0,48.5,2026-06-04 05:30:00,2558027
55.6,77.3,55.0,48.6,2026-06-04 05:40:00,2558027
55.5,77.7,54.9,48.7,2026-06-04 05:50:00,2558027
55.6,78.5,55.0,49.0,2026-06-04 06:00:00,2558027
55.6,78.8,55.0,49.1,2026-06-04 06:10:00,2558027
55.6,79.3,55.2,49.2,2026-06-04 06:20:00,2558027
55.9,79.7,55.4,49.7,2026-06-04 06:30:00,2558027
56.3,80.0,55.8,50.2,2026-06-04 06:40:00,2558027
56.6,79.9,56.1,50.5,2026-06-04 06:50:00,2558027
57.3,78.5,56.7,50.7,2026-06-04 07:00:00,2558027
58.1,77.0,57.6,50.9,2026-06-04 07:10:00,2558027
58.9,75.8,58.1,51.3,2026-06-04 07:20:00,2558027
59.9,73.8,59.0,51.5,2026-06-04 07:30:00,2558027
61.3,71.3,59.9,51.9,2026-06-04 07:40:00,2558027
62.2,69.9,60.8,52.2,2026-06-04 07:50:00,2558027
63.6,67.3,61.9,52.5,2026-06-04 08:00:00,2558027
64.8,64.8,63.0,52.6,2026-06-04 08:10:00,2558027
66.1,62.3,64.4,52.8,2026-06-04 08:20:00,2558027
67.6,58.5,66.0,52.5,2026-06-04 08:30:00,2558027
68.7,55.8,67.3,52.3,2026-06-04 08:40:00,2558027
69.8,55.0,68.9,52.9,2026-06-04 08:50:00,2558027
71.0,51.3,70.2,52.2,2026-06-04 09:00:00,2558027
72.1,48.7,71.2,51.8,2026-06-04 09:10:00,2558027
73.9,46.4,72.3,52.0,2026-06-04 09:20:00,2558027
74.6,45.1,73.0,51.9,2026-06-04 09:30:00,2558027
76.5,41.5,74.3,51.4,2026-06-04 09:40:00,2558027
77.5,39.8,75.0,51.2,2026-06-04 09:50:00,2558027
78.4,38.5,76.1,51.0,2026-06-04 10:00:00,2558027
80.5,35.6,78.1,50.9,2026-06-04 10:10:00,2558027
80.9,33.7,78.1,49.7,2026-06-04 10:20:00,2558027
82.0,34.6,79.5,51.4,2026-06-04 10:30:00,2558027
84.2,29.4,81.3,48.8,2026-06-04 10:40:00,2558027
85.7,27.3,82.6,48.2,2026-06-04 10:50:00,2558027
85.0,26.8,81.7,47.1,2026-06-04 11:00:00,2558027
86.8,27.0,83.8,48.8,2026-06-04 11:10:00,2558027
88.1,22.9,84.6,45.6,2026-06-04 11:20:00,2558027
83.9,24.7,80.2,44.0,2026-06-04 11:30:00,2558027
84.9,24.7,81.1,44.8,2026-06-04 11:40:00,2558027
85.2,24.7,81.7,45.2,2026-06-04 11:50:00,2558027
87.9,24.2,84.6,46.9,2026-06-04 12:00:00,2558027
87.2,23.4,83.7,45.4,2026-06-04 12:10:00,2558027
87.0,24.0,83.5,45.9,2026-06-04 12:20:00,2558027
88.3,22.4,84.6,45.1,2026-06-04 12:30:00,2558027
87.7,23.0,84.0,45.4,2026-06-04 12:40:00,2558027
86.0,23.1,82.2,44.1,2026-06-04 12:50:00,2558027
87.6,23.5,84.0,45.8,2026-06-04 13:00:00,2558027
85.4,24.9,81.9,45.4,2026-06-04 13:10:00,2558027
85.3,26.0,82.0,46.5,2026-06-04 13:20:00,2558027
86.2,26.1,83.1,47.4,2026-06-04 13:30:00,2558027
85.5,24.6,82.0,45.3,2026-06-04 13:40:00,2558027
85.5,25.9,82.2,46.7,2026-06-04 13:50:00,2558027
84.9,24.4,81.3,44.5,2026-06-04 14:00:00,2558027
85.7,24.5,82.0,45.3,2026-06-04 14:10:00,2558027
85.6,23.9,81.9,44.6,2026-06-04 14:20:00,2558027
85.5,24.9,82.0,45.5,2026-06-04 14:30:00,2558027
86.5,24.8,82.9,46.2,2026-06-04 14:40:00,2558027
86.8,25.1,83.5,46.9,2026-06-04 14:50:00,2558027
86.9,24.5,83.7,46.3,2026-06-04 15:00:00,2558027
87.0,24.1,83.5,46.0,2026-06-04 15:10:00,2558027
88.5,23.4,84.9,46.4,2026-06-04 15:20:00,2558027
86.6,23.4,82.9,44.8,2026-06-04 15:30:00,2558027
86.6,23.9,83.1,45.4,2026-06-04 15:40:00,2558027
87.8,23.8,84.4,46.3,2026-06-04 15:50:00,2558027
88.5,23.4,85.1,46.5,2026-06-04 16:00:00,2558027
87.5,24.3,84.2,46.6,2026-06-04 16:10:00,2558027
89.5,22.8,86.4,46.6,2026-06-04 16:20:00,2558027
88.4,23.4,84.9,46.3,2026-06-04 16:30:00,2558027
90.3,22.2,87.1,46.6,2026-06-04 16:40:00,2558027
90.9,22.6,88.2,47.5,2026-06-04 16:50:00,2558027
91.0,22.0,87.8,46.9,2026-06-04 17:00:00,2558027
90.1,21.9,86.7,46.0,2026-06-04 17:10:00,2558027
87.7,22.4,83.8,44.6,2026-06-04 17:20:00,2558027
86.1,24.4,82.6,45.5,2026-06-04 17:30:00,2558027
86.3,25.0,82.9,46.4,2026-06-04 17:40:00,2558027
86.8,24.2,83.3,45.9,2026-06-04 17:50:00,2558027
86.7,25.6,83.3,47.4,2026-06-04 18:00:00,2558027
86.6,25.6,83.3,47.3,2026-06-04 18:10:00,2558027
86.2,25.0,82.9,46.3,2026-06-04 18:20:00,2558027
86.3,24.6,82.8,46.0,2026-06-04 18:30:00,2558027
85.1,26.0,81.9,46.4,2026-06-04 18:40:00,2558027
85.2,26.3,81.9,46.8,2026-06-04 18:50:00,2558027
84.6,26.7,81.3,46.6,2026-06-04 19:00:00,2558027
84.2,27.7,81.1,47.3,2026-06-04 19:10:00,2558027
83.7,28.6,80.4,47.7,2026-06-04 19:20:00,2558027
83.2,29.1,79.9,47.8,2026-06-04 19:30:00,2558027
82.5,30.1,79.3,48.1,2026-06-04 19:40:00,2558027
82.1,31.5,79.0,48.9,2026-06-04 19:50:00,2558027
81.5,33.4,78.6,49.9,2026-06-04 20:00:00,2558027
80.8,35.1,78.4,50.7,2026-06-04 20:10:00,2558027
80.0,36.2,77.5,50.8,2026-06-04 20:20:00,2558027
79.3,36.7,76.8,50.6,2026-06-04 20:30:00,2558027
78.4,37.9,75.9,50.6,2026-06-04 20:40:00,2558027
77.4,39.2,75.0,50.7,2026-06-04 20:50:00,2558027
76.7,39.9,74.3,50.5,2026-06-04 21:00:00,2558027
76.0,41.1,73.8,50.7,2026-06-04 21:10:00,2558027
75.5,42.3,73.4,51.0,2026-06-04 21:20:00,2558027
75.0,42.6,73.0,50.7,2026-06-04 21:30:00,2558027
74.7,43.4,73.0,51.0,2026-06-04 21:40:00,2558027
74.3,44.4,72.5,51.2,2026-06-04 21:50:00,2558027
73.7,46.5,72.3,51.9,2026-06-04 22:00:00,2558027
72.9,47.0,71.6,51.5,2026-06-04 22:10:00,2558027
72.1,48.6,71.1,51.7,2026-06-04 22:20:00,2558027
71.5,49.3,70.5,51.5,2026-06-04 22:30:00,2558027
71.0,50.3,70.2,51.6,2026-06-04 22:40:00,2558027
70.8,50.8,70.2,51.7,2026-06-04 22:50:00,2558027
70.6,51.6,69.8,51.9,2026-06-04 23:00:00,2558027
70.2,52.6,69.4,52.0,2026-06-04 23:10:00,2558027
69.7,53.4,68.7,52.0,2026-06-04 23:20:00,2558027
69.2,54.0,68.0,51.8,2026-06-04 23:30:00,2558027
68.9,54.5,67.5,51.8,2026-06-04 23:40:00,2558027
68.7,56.0,67.3,52.4,2026-06-04 23:50:00,2558027
68.5,56.8,67.1,52.5,2026-06-05 00:00:00,2558027
68.1,57.7,66.7,52.6,2026-06-05 00:10:00,2558027
67.9,58.2,66.6,52.6,2026-06-05 00:20:00,2558027
67.6,57.9,66.0,52.3,2026-06-05 00:30:00,2558027
67.6,58.1,66.0,52.4,2026-06-05 00:40:00,2558027
67.6,58.1,66.0,52.4,2026-06-05 00:50:00,2558027
67.4,58.4,65.8,52.3,2026-06-05 01:00:00,2558027
67.7,58.4,66.4,52.6,2026-06-05 01:10:00,2558027
67.2,59.3,65.5,52.6,2026-06-05 01:20:00,2558027
66.9,60.5,65.3,52.8,2026-06-05 01:30:00,2558027
66.6,61.4,64.9,52.9,2026-06-05 01:40:00,2558027
66.3,62.2,64.6,53.0,2026-06-05 01:50:00,2558027
66.1,63.0,64.4,53.1,2026-06-05 02:00:00,2558027
65.6,64.6,63.9,53.3,2026-06-05 02:10:00,2558027
65.4,65.5,63.5,53.5,2026-06-05 02:20:00,2558027
65.1,66.0,63.3,53.4,2026-06-05 02:30:00,2558027
64.7,67.4,63.0,53.6,2026-06-05 02:40:00,2558027
63.9,68.8,62.4,53.5,2026-06-05 02:50:00,2558027
63.8,69.6,62.4,53.7,2026-06-05 03:00:00,2558027
63.7,70.5,62.4,53.9,2026-06-05 03:10:00,2558027
63.3,71.0,62.1,53.8,2026-06-05 03:20:00,2558027
63.2,71.9,62.1,54.0,2026-06-05 03:30:00,2558027
63.1,72.2,61.9,54.0,2026-06-05 03:40:00,2558027
62.9,73.0,61.7,54.1,2026-06-05 03:50:00,2558027
62.6,73.9,61.7,54.2,2026-06-05 04:00:00,2558027
62.3,74.4,61.3,54.1,2026-06-05 04:10:00,2558027
62.0,75.6,61.2,54.2,2026-06-05 04:20:00,2558027
61.7,76.2,61.0,54.1,2026-06-05 04:30:00,2558027
61.4,76.9,60.8,54.1,2026-06-05 04:40:00,2558027
61.0,77.5,60.3,53.9,2026-06-05 04:50:00,2558027
60.7,78.6,60.1,54.0,2026-06-05 05:00:00,2558027
60.4,79.2,59.9,53.9,2026-06-05 05:10:00,2558027
59.9,80.5,59.5,53.9,2026-06-05 05:20:00,2558027
59.9,81.3,59.5,54.1,2026-06-05 05:30:00,2558027
59.9,81.6,59.7,54.3,2026-06-05 05:40:00,2558027
59.8,82.3,59.5,54.4,2026-06-05 05:50:00,2558027
59.6,82.5,59.5,54.3,2026-06-05 06:00:00,2558027
59.6,83.1,59.5,54.4,2026-06-05 06:10:00,2558027
59.7,83.1,59.5,54.5,2026-06-05 06:20:00,2558027
59.7,83.6,59.7,54.8,2026-06-05 06:30:00,2558027
60.0,83.7,59.9,55.0,2026-06-05 06:40:00,2558027
60.4,83.5,60.3,55.3,2026-06-05 06:50:00,2558027
60.9,83.1,60.8,55.7,2026-06-05 07:00:00,2558027
61.3,82.5,61.0,55.9,2026-06-05 07:10:00,2558027
62.2,80.7,61.7,56.2,2026-06-05 07:20:00,2558027
62.9,79.3,62.4,56.3,2026-06-05 07:30:00,2558027
63.5,77.9,63.0,56.5,2026-06-05 07:40:00,2558027
64.3,76.6,63.5,56.8,2026-06-05 07:50:00,2558027
65.6,74.3,64.6,57.2,2026-06-05 08:00:00,2558027
66.8,71.6,66.2,57.3,2026-06-05 08:10:00,2558027
68.0,69.3,67.5,57.5,2026-06-05 08:20:00,2558027
69.4,68.0,69.3,58.3,2026-06-05 08:30:00,2558027
70.6,64.5,70.7,58.0,2026-06-05 08:40:00,2558027
71.5,62.7,71.6,58.1,2026-06-05 08:50:00,2558027
73.3,59.6,73.0,58.4,2026-06-05 09:00:00,2558027
74.9,57.0,74.5,58.6,2026-06-05 09:10:00,2558027
76.8,54.3,75.9,59.0,2026-06-05 09:20:00,2558027
78.0,51.1,77.2,58.4,2026-06-05 09:30:00,2558027
79.9,49.7,79.3,59.4,2026-06-05 09:40:00,2558027
81.2,46.3,80.6,58.6,2026-06-05 09:50:00,2558027
82.8,45.4,82.6,59.5,2026-06-05 10:00:00,2558027
84.8,43.8,85.3,60.4,2026-06-05 10:10:00,2558027
86.2,39.7,86.4,58.8,2026-06-05 10:20:00,2558027
86.7,38.7,86.5,58.6,2026-06-05 10:30:00,2558027
90.5,37.0,91.9,60.6,2026-06-05 10:40:00,2558027
93.3,33.3,95.2,60.2,2026-06-05 10:50:00,2558027
91.9,31.0,91.8,56.9,2026-06-05 11:00:00,2558027
92.1,31.5,92.5,57.6,2026-06-05 11:10:00,2558027
92.7,30.2,92.8,56.9,2026-06-05 11:20:00,2558027
93.7,29.4,93.7,57.0,2026-06-05 11:30:00,2558027
93.4,28.9,93.4,56.3,2026-06-05 11:40:00,2558027
94.0,27.3,93.6,55.3,2026-06-05 11:50:00,2558027
94.4,27.1,94.1,55.3,2026-06-05 12:00:00,2558027
94.0,27.1,93.6,55.0,2026-06-05 12:10:00,2558027
91.4,27.8,90.3,53.5,2026-06-05 12:20:00,2558027
93.0,28.7,92.8,55.8,2026-06-05 12:30:00,2558027
91.1,27.4,89.6,52.9,2026-06-05 12:40:00,2558027
94.2,27.2,93.9,55.4,2026-06-05 12:50:00,2558027
93.1,28.1,92.7,55.3,2026-06-05 13:00:00,2558027
91.6,28.0,90.7,53.9,2026-06-05 13:10:00,2558027
91.8,28.2,90.9,54.2,2026-06-05 13:20:00,2558027
91.0,29.0,89.8,54.4,2026-06-05 13:30:00,2558027
90.7,27.8,89.2,52.9,2026-06-05 13:40:00,2558027
91.7,29.4,91.0,55.3,2026-06-05 13:50:00,2558027
91.6,28.7,90.9,54.5,2026-06-05 14:00:00,2558027
91.8,28.5,91.0,54.6,2026-06-05 14:10:00,2558027
92.1,28.0,91.4,54.4,2026-06-05 14:20:00,2558027
92.6,27.6,91.8,54.3,2026-06-05 14:30:00,2558027
92.5,27.6,91.8,54.3,2026-06-05 14:40:00,2558027
91.1,27.0,89.6,52.5,2026-06-05 14:50:00,2558027
91.6,27.6,90.5,53.5,2026-06-05 15:00:00,2558027
91.6,28.4,90.7,54.3,2026-06-05 15:10:00,2558027
91.8,26.3,90.3,52.4,2026-06-05 15:20:00,2558027
93.2,26.4,92.1,53.7,2026-06-05 15:30:00,2558027
93.4,27.1,92.5,54.5,2026-06-05 15:40:00,2558027
92.5,27.1,91.4,53.7,2026-06-05 15:50:00,2558027
93.1,26.6,92.1,53.8,2026-06-05 16:00:00,2558027
93.4,26.9,92.3,54.3,2026-06-05 16:10:00,2558027
93.8,26.4,93.0,54.2,2026-06-05 16:20:00,2558027
92.6,26.3,91.2,53.0,2026-06-05 16:30:00,2558027
95.1,26.1,94.8,55.0,2026-06-05 16:40:00,2558027
95.3,25.2,94.6,54.2,2026-06-05 16:50:00,2558027
93.2,24.7,91.8,51.9,2026-06-05 17:00:00,2558027
95.2,24.1,94.3,52.8,2026-06-05 17:10:00,2558027
94.6,25.2,93.6,53.6,2026-06-05 17:20:00,2558027
92.7,25.8,91.2,52.6,2026-06-05 17:30:00,2558027
91.1,27.1,89.6,52.5,2026-06-05 17:40:00,2558027
90.7,28.2,89.4,53.3,2026-06-05 17:50:00,2558027
90.9,28.4,89.6,53.6,2026-06-05 18:00:00,2558027
90.6,29.2,89.4,54.2,2026-06-05 18:10:00,2558027
90.1,30.3,89.2,54.8,2026-06-05 18:20:00,2558027
89.5,31.1,88.3,55.0,2026-06-05 18:30:00,2558027
88.9,31.2,87.8,54.5,2026-06-05 18:40:00,2558027
88.9,31.4,87.8,54.7,2026-06-05 18:50:00,2558027
88.4,31.6,87.1,54.5,2026-06-05 19:00:00,2558027
88.3,31.3,86.7,54.2,2026-06-05 19:10:00,2558027
87.5,32.7,86.2,54.6,2026-06-05 19:20:00,2558027
87.0,33.8,85.8,55.0,2026-06-05 19:30:00,2558027
86.3,34.5,84.9,55.0,2026-06-05 19:40:00,2558027
85.3,35.5,83.8,54.9,2026-06-05 19:50:00,2558027
84.6,36.1,83.3,54.8,2026-06-05 20:00:00,2558027
83.9,36.8,82.4,54.8,2026-06-05 20:10:00,2558027
83.2,37.4,81.5,54.6,2026-06-05 20:20:00,2558027
82.5,38.1,80.8,54.4,2026-06-05 20:30:00,2558027
81.8,39.0,79.9,54.4,2026-06-05 20:40:00,2558027
81.2,39.8,79.5,54.4,2026-06-05 20:50:00,2558027
80.6,40.6,78.8,54.4,2026-06-05 21:00:00,2558027
80.0,41.3,78.3,54.4,2026-06-05 21:10:00,2558027
79.6,41.4,77.9,54.1,2026-06-05 21:20:00,2558027
79.3,42.2,77.5,54.4,2026-06-05 21:30:00,2558027
78.9,42.8,77.2,54.3,2026-06-05 21:40:00,2558027
78.5,43.4,76.8,54.4,2026-06-05 21:50:00,2558027
78.2,43.7,76.5,54.3,2026-06-05 22:00:00,2558027
78.1,43.9,76.5,54.3,2026-06-05 22:10:00,2558027
77.8,44.8,76.1,54.6,2026-06-05 22:20:00,2558027
77.5,44.9,75.7,54.5,2026-06-05 22:30:00,2558027
77.4,46.6,75.9,55.3,2026-06-05 22:40:00,2558027
77.4,46.1,75.9,55.0,2026-06-05 22:50:00,2558027
76.8,47.4,75.2,55.3,2026-06-05 23:00:00,2558027
76.4,47.9,74.8,55.2,2026-06-05 23:10:00,2558027
76.1,48.5,74.7,55.2,2026-06-05 23:20:00,2558027
75.8,49.2,74.5,55.4,2026-06-05 23:30:00,2558027
75.4,49.9,74.1,55.4,2026-06-05 23:40:00,2558027
74.9,50.8,73.8,55.4,2026-06-05 23:50:00,2558027
74.6,51.5,73.6,55.5,2026-06-06 00:00:00,2558027
74.2,52.4,73.2,55.6,2026-06-06 00:10:00,2558027
73.8,53.2,73.0,55.7,2026-06-06 00:20:00,2558027
73.5,54.0,72.9,55.8,2026-06-06 00:30:00,2558027
73.2,54.6,72.7,55.9,2026-06-06 00:40:00,2558027
72.9,55.1,72.5,55.8,2026-06-06 00:50:00,2558027
72.7,55.6,72.3,55.9,2026-06-06 01:00:00,2558027
72.3,57.1,71.8,56.2,2026-06-06 01:10:00,2558027
72.0,57.7,71.8,56.2,2026-06-06 01:20:00,2558027
71.6,58.1,71.4,56.1,2026-06-06 01:30:00,2558027
71.4,59.0,71.1,56.3,2026-06-06 01:40:00,2558027
70.9,60.0,70.7,56.3,2026-06-06 01:50:00,2558027
70.6,60.5,70.5,56.3,2026-06-06 02:00:00,2558027
70.6,61.1,70.5,56.6,2026-06-06 02:10:00,2558027
70.3,61.5,70.0,56.5,2026-06-06 02:20:00,2558027
69.9,62.7,69.6,56.6,2026-06-06 02:30:00,2558027
69.7,63.9,69.4,56.9,2026-06-06 02:40:00,2558027
69.6,64.0,69.3,56.9,2026-06-06 02:50:00,2558027
69.6,64.0,69.3,56.9,2026-06-06 03:00:00,2558027
69.0,64.8,68.5,56.7,2026-06-06 03:10:00,2558027
68.7,65.6,68.0,56.7,2026-06-06 03:20:00,2558027
68.4,66.4,68.0,56.8,2026-06-06 03:30:00,2558027
68.1,66.7,67.5,56.6,2026-06-06 03:40:00,2558027
67.6,68.2,66.7,56.8,2026-06-06 03:50:00,2558027
67.4,68.8,66.6,56.8,2026-06-06 04:00:00,2558027
67.1,69.3,66.4,56.8,2026-06-06 04:10:00,2558027
66.7,70.5,65.8,56.8,2026-06-06 04:20:00,2558027
66.3,71.4,65.5,56.8,2026-06-06 04:30:00,2558027
66.0,72.5,64.9,56.9,2026-06-06 04:40:00,2558027
65.8,72.9,64.8,56.9,2026-06-06 04:50:00,2558027
65.6,73.5,64.6,56.9,2026-06-06 05:00:00,2558027
65.4,74.0,64.4,56.9,2026-06-06 05:10:00,2558027
65.1,74.7,64.2,56.9,2026-06-06 05:20:00,2558027
65.0,75.2,64.2,57.0,2026-06-06 05:30:00,2558027
65.0,75.4,64.2,57.1,2026-06-06 05:40:00,2558027
64.9,75.9,64.0,57.1,2026-06-06 05:50:00,2558027
64.8,76.6,64.0,57.3,2026-06-06 06:00:00,2558027
64.7,77.0,64.0,57.3,2026-06-06 06:10:00,2558027
64.7,77.6,64.0,57.5,2026-06-06 06:20:00,2558027
64.9,77.8,64.2,57.8,2026-06-06 06:30:00,2558027
65.4,77.5,64.8,58.2,2026-06-06 06:40:00,2558027
66.1,76.8,65.5,58.7,2026-06-06 06:50:00,2558027
67.2,75.7,66.9,59.3,2026-06-06 07:00:00,2558027
68.5,73.8,68.4,59.8,2026-06-06 07:10:00,2558027
69.8,71.5,70.2,60.2,2026-06-06 07:20:00,2558027
70.6,69.9,71.1,60.3,2026-06-06 07:30:00,2558027
71.3,68.5,71.8,60.4,2026-06-06 07:40:00,2558027
72.0,67.7,72.5,60.7,2026-06-06 07:50:00,2558027
73.0,66.1,73.4,60.9,2026-06-06 08:00:00,2558027
73.6,64.5,73.9,60.9,2026-06-06 08:10:00,2558027
74.5,63.5,74.8,61.3,2026-06-06 08:20:00,2558027
75.5,62.1,75.6,61.6,2026-06-06 08:30:00,2558027
76.3,59.6,76.1,61.3,2026-06-06 08:40:00,2558027
76.6,58.4,76.1,60.9,2026-06-06 08:50:00,2558027
77.1,57.6,76.8,61.0,2026-06-06 09:00:00,2558027
78.3,56.9,78.6,61.8,2026-06-06 09:10:00,2558027
79.2,54.5,79.5,61.4,2026-06-06 09:20:00,2558027
80.3,53.2,80.6,61.8,2026-06-06 09:30:00,2558027
82.1,51.3,82.8,62.4,2026-06-06 09:40:00,2558027
82.1,49.6,82.4,61.4,2026-06-06 09:50:00,2558027
83.4,49.6,84.6,62.6,2026-06-06 10:00:00,2558027
84.6,47.4,86.0,62.3,2026-06-06 10:10:00,2558027
85.2,45.5,86.4,61.8,2026-06-06 10:20:00,2558027
84.5,45.6,85.3,61.2,2026-06-06 10:30:00,2558027
87.6,44.9,89.8,63.5,2026-06-06 10:40:00,2558027
86.7,42.3,88.0,61.1,2026-06-06 10:50:00,2558027
89.6,40.7,92.3,62.6,2026-06-06 11:00:00,2558027
89.5,39.1,91.4,61.4,2026-06-06 11:10:00,2558027
87.0,38.3,87.1,58.6,2026-06-06 11:20:00,2558027
91.2,37.5,93.6,61.7,2026-06-06 11:30:00,2558027
89.7,37.9,91.2,60.6,2026-06-06 11:40:00,2558027
90.9,36.9,93.0,60.9,2026-06-06 11:50:00,2558027
90.5,36.9,92.3,60.6,2026-06-06 12:00:00,2558027
91.8,35.7,93.9,60.8,2026-06-06 12:10:00,2558027
91.6,36.3,93.9,61.1,2026-06-06 12:20:00,2558027
93.0,35.6,95.9,61.8,2026-06-06 12:30:00,2558027
91.3,35.6,93.0,60.3,2026-06-06 12:40:00,2558027
90.6,34.5,91.4,58.8,2026-06-06 12:50:00,2558027
90.1,35.2,91.0,58.9,2026-06-06 13:00:00,2558027
89.9,36.0,90.9,59.4,2026-06-06 13:10:00,2558027
89.7,36.5,90.7,59.6,2026-06-06 13:20:00,2558027
91.5,35.7,93.2,60.6,2026-06-06 13:30:00,2558027
89.8,36.2,90.9,59.5,2026-06-06 13:40:00,2558027
90.5,36.9,92.3,60.6,2026-06-06 13:50:00,2558027
89.3,36.5,90.1,59.3,2026-06-06 14:00:00,2558027
90.4,37.5,92.1,60.9,2026-06-06 14:10:00,2558027
90.4,37.4,92.1,60.8,2026-06-06 14:20:00,2558027
89.9,38.2,91.6,61.0,2026-06-06 14:30:00,2558027
91.4,38.3,94.1,62.4,2026-06-06 14:40:00,2558027
90.1,38.1,92.1,61.2,2026-06-06 14:50:00,2558027
90.4,38.6,92.7,61.8,2026-06-06 15:00:00,2558027
90.8,38.8,93.4,62.3,2026-06-06 15:10:00,2558027
91.0,38.1,93.6,62.0,2026-06-06 15:20:00,2558027
89.4,37.4,90.3,60.0,2026-06-06 15:30:00,2558027
89.8,38.4,91.4,61.1,2026-06-06 15:40:00,2558027
90.6,38.3,93.0,61.8,2026-06-06 15:50:00,2558027
91.5,38.2,94.5,62.5,2026-06-06 16:00:00,2558027
91.7,36.8,94.1,61.6,2026-06-06 16:10:00,2558027
92.5,36.6,95.2,62.1,2026-06-06 16:20:00,2558027
91.5,36.5,93.6,61.2,2026-06-06 16:30:00,2558027
92.6,35.2,94.8,61.1,2026-06-06 16:40:00,2558027
92.9,34.8,95.4,61.0,2026-06-06 16:50:00,2558027
92.1,33.9,93.4,59.6,2026-06-06 17:00:00,2558027
94.2,34.2,97.0,61.6,2026-06-06 17:10:00,2558027
90.6,33.6,91.0,58.1,2026-06-06 17:20:00,2558027
89.2,35.7,89.4,58.5,2026-06-06 17:30:00,2558027
89.2,36.2,89.6,58.9,2026-06-06 17:40:00,2558027
89.5,36.3,90.3,59.2,2026-06-06 17:50:00,2558027
89.3,37.0,90.1,59.6,2026-06-06 18:00:00,2558027
89.1,37.5,90.1,59.8,2026-06-06 18:10:00,2558027
89.0,37.2,89.8,59.5,2026-06-06 18:20:00,2558027
89.1,38.0,90.3,60.2,2026-06-06 18:30:00,2558027
88.4,37.9,89.1,59.5,2026-06-06 18:40:00,2558027
88.2,38.2,88.9,59.5,2026-06-06 18:50:00,2558027
87.9,38.8,88.5,59.7,2026-06-06 19:00:00,2558027
87.4,39.6,88.0,59.8,2026-06-06 19:10:00,2558027
87.1,40.1,87.8,59.9,2026-06-06 19:20:00,2558027
86.6,40.9,87.3,60.0,2026-06-06 19:30:00,2558027
86.3,41.5,86.9,60.1,2026-06-06 19:40:00,2558027
85.6,42.7,86.2,60.3,2026-06-06 19:50:00,2558027
85.1,43.0,85.5,60.1,2026-06-06 20:00:00,2558027
84.4,43.7,84.7,59.9,2026-06-06 20:10:00,2558027
83.7,44.7,83.8,59.9,2026-06-06 20:20:00,2558027
82.9,45.6,82.6,59.7,2026-06-06 20:30:00,2558027
82.1,46.5,81.7,59.6,2026-06-06 20:40:00,2558027
81.5,47.2,81.0,59.4,2026-06-06 20:50:00,2558027
80.8,48.3,80.4,59.5,2026-06-06 21:00:00,2558027
80.4,49.1,79.9,59.6,2026-06-06 21:10:00,2558027
80.1,49.2,79.7,59.3,2026-06-06 21:20:00,2558027
79.7,49.7,79.3,59.3,2026-06-06 21:30:00,2558027
79.2,50.9,79.0,59.5,2026-06-06 21:40:00,2558027
78.8,51.6,78.3,59.4,2026-06-06 21:50:00,2558027
78.4,52.6,77.9,59.6,2026-06-06 22:00:00,2558027
78.1,53.4,77.7,59.8,2026-06-06 22:10:00,2558027
77.8,53.9,77.4,59.7,2026-06-06 22:20:00,2558027
77.7,54.3,77.4,59.9,2026-06-06 22:30:00,2558027
77.6,54.6,77.2,60.0,2026-06-06 22:40:00,2558027
77.3,55.2,76.8,60.0,2026-06-06 22:50:00,2558027
77.0,55.9,76.6,60.1,2026-06-06 23:00:00,2558027
76.7,56.5,76.1,60.1,2026-06-06 23:10:00,2558027
76.3,57.4,75.9,60.2,2026-06-06 23:20:00,2558027
76.1,57.8,75.7,60.2,2026-06-06 23:30:00,2558027
75.9,58.1,75.4,60.1,2026-06-06 23:40:00,2558027
75.7,58.6,75.4,60.2,2026-06-06 23:50:00,2558027
75.4,59.4,75.2,60.3,2026-06-07 00:00:00,2558027
75.3,59.9,75.0,60.4,2026-06-07 00:10:00,2558027
75.4,60.2,75.4,60.7,2026-06-07 00:20:00,2558027
75.4,60.3,75.4,60.7,2026-06-07 00:30:00,2558027
75.1,60.9,75.0,60.7,2026-06-07 00:40:00,2558027
74.9,61.6,75.0,60.8,2026-06-07 00:50:00,2558027
74.7,62.4,74.8,61.0,2026-06-07 01:00:00,2558027
74.6,63.0,74.8,61.2,2026-06-07 01:10:00,2558027
74.4,63.3,74.7,61.1,2026-06-07 01:20:00,2558027
74.0,64.1,74.3,61.1,2026-06-07 01:30:00,2558027
73.6,65.1,73.9,61.1,2026-06-07 01:40:00,2558027
73.2,66.2,73.6,61.2,2026-06-07 01:50:00,2558027
73.0,66.7,73.4,61.2,2026-06-07 02:00:00,2558027
72.7,67.7,73.2,61.4,2026-06-07 02:10:00,2558027
72.5,68.1,73.0,61.4,2026-06-07 02:20:00,2558027
72.2,68.7,72.7,61.3,2026-06-07 02:30:00,2558027
71.8,69.5,72.5,61.3,2026-06-07 02:40:00,2558027
71.6,70.0,72.3,61.3,2026-06-07 02:50:00,2558027
71.2,70.6,71.8,61.2,2026-06-07 03:00:00,2558027
71.0,71.5,71.6,61.3,2026-06-07 03:10:00,2558027
70.8,72.2,71.6,61.4,2026-06-07 03:20:00,2558027
70.8,72.4,71.6,61.4,2026-06-07 03:30:00,2558027
70.6,72.3,71.2,61.3,2026-06-07 03:40:00,2558027
70.5,72.6,71.1,61.3,2026-06-07 03:50:00,2558027
70.3,73.0,70.7,61.3,2026-06-07 04:00:00,2558027
70.3,73.2,70.7,61.3,2026-06-07 04:10:00,2558027
70.1,73.2,70.5,61.2,2026-06-07 04:20:00,2558027
69.9,73.8,70.3,61.1,2026-06-07 04:30:00,2558027
69.7,74.7,70.2,61.3,2026-06-07 04:40:00,2558027
69.6,74.8,69.8,61.3,2026-06-07 04:50:00,2558027
69.5,75.2,70.0,61.3,2026-06-07 05:00:00,2558027
69.5,75.3,70.0,61.3,2026-06-07 05:10:00,2558027
69.1,76.0,69.3,61.2,2026-06-07 05:20:00,2558027
68.7,76.7,69.1,61.1,2026-06-07 05:30:00,2558027
68.3,77.6,68.5,61.1,2026-06-07 05:40:00,2558027
68.2,78.1,68.5,61.1,2026-06-07 05:50:00,2558027
68.0,78.7,68.2,61.2,2026-06-07 06:00:00,2558027
68.0,79.0,68.2,61.2,2026-06-07 06:10:00,2558027
68.3,79.1,68.7,61.5,2026-06-07 06:20:00,2558027
68.3,79.3,68.7,61.7,2026-06-07 06:30:00,2558027
68.7,79.1,69.3,62.0,2026-06-07 06:40:00,2558027
69.3,78.3,69.8,62.2,2026-06-07 06:50:00,2558027
69.7,77.9,70.3,62.5,2026-06-07 07:00:00,2558027
70.5,77.2,71.2,63.0,2026-06-07 07:10:00,2558027
71.2,76.1,72.1,63.2,2026-06-07 07:20:00,2558027
72.1,74.8,72.9,63.6,2026-06-07 07:30:00,2558027
72.8,73.4,73.8,63.8,2026-06-07 07:40:00,2558027
73.6,72.7,74.7,64.3,2026-06-07 07:50:00,2558027
74.4,70.5,75.2,64.2,2026-06-07 08:00:00,2558027
75.0,69.6,75.7,64.4,2026-06-07 08:10:00,2558027
75.7,68.4,76.3,64.5,2026-06-07 08:20:00,2558027
75.9,67.4,76.3,64.3,2026-06-07 08:30:00,2558027
76.4,66.6,76.8,64.5,2026-06-07 08:40:00,2558027
77.4,65.4,78.4,64.8,2026-06-07 08:50:00,2558027
78.3,63.8,79.5,65.0,2026-06-07 09:00:00,2558027
78.9,62.1,80.1,64.8,2026-06-07 09:10:00,2558027
79.9,60.7,81.3,65.0,2026-06-07 09:20:00,2558027
80.4,59.5,82.2,65.0,2026-06-07 09:30:00,2558027
81.5,58.0,83.5,65.3,2026-06-07 09:40:00,2558027
82.3,55.9,84.0,65.0,2026-06-07 09:50:00,2558027
84.0,54.1,86.9,65.6,2026-06-07 10:00:00,2558027
86.3,51.2,90.0,66.1,2026-06-07 10:10:00,2558027
86.0,48.8,88.9,64.5,2026-06-07 10:20:00,2558027
85.7,47.3,87.6,63.3,2026-06-07 10:30:00,2558027
89.2,46.1,93.2,65.7,2026-06-07 10:40:00,2558027
89.9,44.4,93.9,65.3,2026-06-07 10:50:00,2558027
93.0,42.4,98.8,66.8,2026-06-07 11:00:00,2558027
92.9,41.0,98.2,65.8,2026-06-07 11:10:00,2558027
93.4,39.8,98.2,65.3,2026-06-07 11:20:00,2558027
93.7,39.0,98.4,64.9,2026-06-07 11:30:00,2558027
93.2,39.0,97.9,64.6,2026-06-07 11:40:00,2558027
95.5,37.7,101.3,65.6,2026-06-07 11:50:00,2558027
94.6,36.7,99.0,64.0,2026-06-07 12:00:00,2558027
95.8,36.9,101.5,65.3,2026-06-07 12:10:00,2558027
94.1,36.6,98.2,63.6,2026-06-07 12:20:00,2558027
94.4,37.2,99.0,64.3,2026-06-07 12:30:00,2558027
93.4,36.7,97.0,63.0,2026-06-07 12:40:00,2558027
94.5,36.2,98.8,63.6,2026-06-07 12:50:00,2558027
94.4,36.5,98.6,63.8,2026-06-07 13:00:00,2558027
93.2,36.2,96.3,62.4,2026-06-07 13:10:00,2558027
92.8,36.8,95.9,62.5,2026-06-07 13:20:00,2558027
93.0,36.6,96.4,62.6,2026-06-07 13:30:00,2558027
93.1,34.8,95.5,61.3,2026-06-07 13:40:00,2558027
93.2,34.5,95.4,61.1,2026-06-07 13:50:00,2558027
93.4,34.2,95.7,61.0,2026-06-07 14:00:00,2558027
93.7,36.1,97.0,62.8,2026-06-07 14:10:00,2558027
93.7,36.4,97.2,63.0,2026-06-07 14:20:00,2558027
94.0,35.1,97.2,62.3,2026-06-07 14:30:00,2558027
93.7,35.6,96.8,62.4,2026-06-07 14:40:00,2558027
94.0,34.9,97.0,62.1,2026-06-07 14:50:00,2558027
95.2,35.4,99.5,63.6,2026-06-07 15:00:00,2558027
95.0,34.4,98.8,62.6,2026-06-07 15:10:00,2558027
95.6,33.3,99.1,62.2,2026-06-07 15:20:00,2558027
95.8,34.1,99.9,63.0,2026-06-07 15:30:00,2558027
93.5,33.8,95.5,60.8,2026-06-07 15:40:00,2558027
93.4,33.9,95.4,60.7,2026-06-07 15:50:00,2558027
95.8,34.6,100.2,63.4,2026-06-07 16:00:00,2558027
95.2,33.6,98.4,62.1,2026-06-07 16:10:00,2558027
95.1,33.7,98.4,62.0,2026-06-07 16:20:00,2558027
95.1,34.1,98.6,62.4,2026-06-07 16:30:00,2558027
96.2,33.9,100.4,63.2,2026-06-07 16:40:00,2558027
95.3,33.5,98.6,62.0,2026-06-07 16:50:00,2558027
97.0,32.7,101.3,62.9,2026-06-07 17:00:00,2558027
96.1,34.0,100.6,63.2,2026-06-07 17:10:00,2558027
94.8,35.8,99.1,63.5,2026-06-07 17:20:00,2558027
93.2,38.5,97.5,64.2,2026-06-07 17:30:00,2558027
92.9,39.5,97.5,64.6,2026-06-07 17:40:00,2558027
92.5,39.5,96.8,64.3,2026-06-07 17:50:00,2558027
91.8,40.2,95.9,64.2,2026-06-07 18:00:00,2558027
91.9,39.8,95.7,64.0,2026-06-07 18:10:00,2558027
91.6,40.2,95.5,64.0,2026-06-07 18:20:00,2558027
91.5,40.4,95.4,64.0,2026-06-07 18:30:00,2558027
91.2,40.8,95.2,64.1,2026-06-07 18:40:00,2558027
90.9,40.5,94.5,63.6,2026-06-07 18:50:00,2558027
90.6,40.8,93.7,63.6,2026-06-07 19:00:00,2558027
90.1,41.2,93.0,63.3,2026-06-07 19:10:00,2558027
89.8,40.6,92.5,62.7,2026-06-07 19:20:00,2558027
89.5,40.8,91.9,62.5,2026-06-07 19:30:00,2558027
88.9,41.9,91.4,62.8,2026-06-07 19:40:00,2558027
88.4,42.5,90.5,62.7,2026-06-07 19:50:00,2558027
87.7,42.5,89.4,62.2,2026-06-07 20:00:00,2558027
87.2,43.1,88.7,62.0,2026-06-07 20:10:00,2558027
86.5,44.0,88.0,62.1,2026-06-07 20:20:00,2558027
86.4,44.0,88.0,61.9,2026-06-07 20:30:00,2558027
86.3,44.4,87.6,62.1,2026-06-07 20:40:00,2558027
86.0,45.1,87.6,62.3,2026-06-07 20:50:00,2558027
85.7,45.9,87.3,62.5,2026-06-07 21:00:00,2558027
85.3,46.6,86.9,62.6,2026-06-07 21:10:00,2558027
84.8,47.3,86.2,62.5,2026-06-07 21:20:00,2558027
84.1,48.3,85.3,62.4,2026-06-07 21:30:00,2558027
83.6,49.2,84.7,62.5,2026-06-07 21:40:00,2558027
83.2,50.8,84.4,63.1,2026-06-07 21:50:00,2558027
83.0,51.1,84.4,63.1,2026-06-07 22:00:00,2558027
83.0,51.5,84.4,63.3,2026-06-07 22:10:00,2558027
82.8,52.1,84.2,63.4,2026-06-07 22:20:00,2558027
82.5,52.3,83.5,63.3,2026-06-07 22:30:00,2558027
82.2,53.0,83.5,63.4,2026-06-07 22:40:00,2558027
81.8,53.6,82.8,63.3,2026-06-07 22:50:00,2558027
81.4,54.3,82.4,63.3,2026-06-07 23:00:00,2558027
81.0,54.9,82.0,63.3,2026-06-07 23:10:00,2558027
80.6,55.6,81.7,63.3,2026-06-07 23:20:00,2558027
80.3,56.3,81.3,63.4,2026-06-07 23:30:00,2558027
79.9,57.2,80.6,63.4,2026-06-07 23:40:00,2558027
79.5,57.8,80.4,63.4,2026-06-07 23:50:00,2558027
79.5,58.4,80.2,63.6,2026-06-08 00:00:00,2558027
79.4,58.8,80.4,63.7,2026-06-08 00:10:00,2558027
79.0,59.3,80.1,63.6,2026-06-08 00:20:00,2558027
78.7,60.1,79.7,63.6,2026-06-08 00:30:00,2558027
78.5,60.6,79.3,63.8,2026-06-08 00:40:00,2558027
78.3,61.1,79.2,63.8,2026-06-08 00:50:00,2558027
78.0,61.8,78.8,63.8,2026-06-08 01:00:00,2558027
77.6,62.4,78.3,63.8,2026-06-08 01:10:00,2558027
77.5,62.9,77.9,63.9,2026-06-08 01:20:00,2558027
77.3,63.5,77.9,64.0,2026-06-08 01:30:00,2558027
77.2,64.0,77.5,64.0,2026-06-08 01:40:00,2558027
77.1,64.2,77.5,64.1,2026-06-08 01:50:00,2558027
77.0,64.5,77.7,64.1,2026-06-08 02:00:00,2558027
76.7,65.0,77.2,64.1,2026-06-08 02:10:00,2558027
76.5,65.8,77.0,64.2,2026-06-08 02:20:00,2558027
76.2,66.4,76.6,64.2,2026-06-08 02:30:00,2558027
76.1,66.9,76.6,64.3,2026-06-08 02:40:00,2558027
75.8,67.4,76.3,64.3,2026-06-08 02:50:00,2558027
75.7,68.1,76.3,64.4,2026-06-08 03:00:00,2558027
75.5,68.5,76.1,64.4,2026-06-08 03:10:00,2558027
75.4,68.9,76.1,64.5,2026-06-08 03:20:00,2558027
75.3,69.3,76.1,64.5,2026-06-08 03:30:00,2558027
75.3,69.5,76.1,64.6,2026-06-08 03:40:00,2558027
75.4,69.4,76.3,64.7,2026-06-08 03:50:00,2558027
75.3,69.5,76.1,64.7,2026-06-08 04:00:00,2558027
75.1,70.0,75.9,64.6,2026-06-08 04:10:00,2558027
74.9,70.4,75.7,64.6,2026-06-08 04:20:00,2558027
74.7,70.9,75.7,64.7,2026-06-08 04:30:00,2558027
74.7,71.1,75.7,64.8,2026-06-08 04:40:00,2558027
74.6,71.4,75.4,64.7,2026-06-08 04:50:00,2558027
74.4,71.7,75.2,64.7,2026-06-08 05:00:00,2558027
73.9,72.4,74.8,64.4,2026-06-08 05:10:00,2558027
73.5,73.6,74.5,64.6,2026-06-08 05:20:00,2558027
73.3,74.2,74.3,64.6,2026-06-08 05:30:00,2558027
73.0,75.3,74.1,64.7,2026-06-08 05:40:00,2558027
72.8,75.8,73.9,64.7,2026-06-08 05:50:00,2558027
72.6,76.3,73.8,64.7,2026-06-08 06:00:00,2558027
72.5,76.9,73.8,64.9,2026-06-08 06:10:00,2558027
72.6,76.9,73.8,64.9,2026-06-08 06:20:00,2558027
72.7,77.0,73.9,65.1,2026-06-08 06:30:00,2558027
72.9,77.0,74.1,65.3,2026-06-08 06:40:00,2558027
73.2,77.2,74.5,65.6,2026-06-08 06:50:00,2558027
73.7,76.9,75.0,65.9,2026-06-08 07:00:00,2558027
74.0,76.6,75.4,66.2,2026-06-08 07:10:00,2558027
74.7,75.7,76.1,66.5,2026-06-08 07:20:00,2558027
75.3,74.6,76.6,66.7,2026-06-08 07:30:00,2558027
76.0,72.1,77.2,66.4,2026-06-08 07:40:00,2558027
76.8,70.4,77.7,66.4,2026-06-08 07:50:00,2558027
77.8,68.6,79.5,66.6,2026-06-08 08:00:00,2558027
78.4,67.1,80.1,66.5,2026-06-08 08:10:00,2558027
79.1,66.8,81.3,67.1,2026-06-08 08:20:00,2558027
79.9,65.7,82.6,67.4,2026-06-08 08:30:00,2558027
81.2,63.7,84.2,67.7,2026-06-08 08:40:00,2558027
81.7,62.7,84.7,67.7,2026-06-08 08:50:00,2558027
82.2,62.4,85.3,68.1,2026-06-08 09:00:00,2558027
82.6,61.2,86.0,67.9,2026-06-08 09:10:00,2558027
83.6,59.9,87.4,68.2,2026-06-08 09:20:00,2558027
84.8,58.0,89.4,68.4,2026-06-08 09:30:00,2558027
85.4,56.0,89.8,67.9,2026-06-08 09:40:00,2558027
85.6,55.5,90.0,67.8,2026-06-08 09:50:00,2558027
86.1,54.4,90.7,67.7,2026-06-08 10:00:00,2558027
87.3,53.6,92.7,68.4,2026-06-08 10:10:00,2558027
88.4,52.3,94.5,68.8,2026-06-08 10:20:00,2558027
87.8,51.3,92.8,67.6,2026-06-08 10:30:00,2558027
89.7,49.2,95.7,68.1,2026-06-08 10:40:00,2558027
90.3,48.5,97.0,68.3,2026-06-08 10:50:00,2558027
90.4,47.0,96.3,67.5,2026-06-08 11:00:00,2558027
90.9,46.8,97.2,67.8,2026-06-08 11:10:00,2558027
92.6,45.2,99.5,68.3,2026-06-08 11:20:00,2558027
93.7,44.6,101.3,68.9,2026-06-08 11:30:00,2558027
92.9,44.3,99.7,68.0,2026-06-08 11:40:00,2558027
92.2,44.8,98.6,67.6,2026-06-08 11:50:00,2558027
92.5,42.8,98.4,66.6,2026-06-08 12:00:00,2558027
93.7,42.0,100.0,67.1,2026-06-08 12:10:00,2558027
92.9,43.5,99.3,67.5,2026-06-08 12:20:00,2558027
92.8,41.6,98.1,66.0,2026-06-08 12:30:00,2558027
92.7,41.8,98.2,66.1,2026-06-08 12:40:00,2558027
93.7,40.4,99.5,66.0,2026-06-08 12:50:00,2558027
92.8,41.4,98.1,65.9,2026-06-08 13:00:00,2558027
92.0,40.7,96.4,64.7,2026-06-08 13:10:00,2558027
92.3,42.2,97.9,66.0,2026-06-08 13:20:00,2558027
90.5,42.9,94.3,64.8,2026-06-08 13:30:00,2558027
90.2,43.8,94.3,65.2,2026-06-08 13:40:00,2558027
91.6,42.7,96.6,65.8,2026-06-08 13:50:00,2558027
91.4,41.3,95.7,64.6,2026-06-08 14:00:00,2558027
90.7,43.1,95.2,65.2,2026-06-08 14:10:00,2558027
89.8,42.9,93.4,64.3,2026-06-08 14:20:00,2558027
91.1,43.7,96.1,65.9,2026-06-08 14:30:00,2558027
91.5,42.5,96.3,65.6,2026-06-08 14:40:00,2558027
90.6,42.4,94.5,64.7,2026-06-08 14:50:00,2558027
90.8,42.5,95.0,64.9,2026-06-08 15:00:00,2558027
90.9,42.2,95.2,64.8,2026-06-08 15:10:00,2558027
90.6,42.6,94.6,64.8,2026-06-08 15:20:00,2558027
90.9,43.4,95.7,65.5,2026-06-08 15:30:00,2558027
91.0,42.4,95.2,65.0,2026-06-08 15:40:00,2558027
91.5,42.5,96.3,65.5,2026-06-08 15:50:00,2558027
91.0,42.2,95.0,64.9,2026-06-08 16:00:00,2558027
91.3,42.6,95.9,65.4,2026-06-08 16:10:00,2558027
91.6,41.5,96.1,65.0,2026-06-08 16:20:00,2558027
91.8,41.4,96.4,65.0,2026-06-08 16:30:00,2558027
92.0,40.8,96.4,64.8,2026-06-08 16:40:00,2558027
91.8,40.5,96.1,64.4,2026-06-08 16:50:00,2558027
91.6,40.0,95.5,63.9,2026-06-08 17:00:00,2558027
90.5,40.1,93.4,62.9,2026-06-08 17:10:00,2558027
91.0,40.7,94.5,63.8,2026-06-08 17:20:00,2558027
91.3,40.1,95.0,63.7,2026-06-08 17:30:00,2558027
91.3,40.3,95.0,63.8,2026-06-08 17:40:00,2558027
90.8,39.3,93.7,62.7,2026-06-08 17:50:00,2558027
90.6,39.8,93.4,62.9,2026-06-08 18:00:00,2558027
89.8,40.5,92.5,62.6,2026-06-08 18:10:00,2558027
89.4,40.7,91.6,62.4,2026-06-08 18:20:00,2558027
89.0,40.6,90.9,61.9,2026-06-08 18:30:00,2558027
88.3,40.8,89.6,61.5,2026-06-08 18:40:00,2558027
88.2,41.6,89.8,61.9,2026-06-08 18:50:00,2558027
87.8,41.7,89.4,61.7,2026-06-08 19:00:00,2558027
87.5,42.1,88.9,61.7,2026-06-08 19:10:00,2558027
87.2,43.0,88.7,62.0,2026-06-08 19:20:00,2558027
86.7,44.4,88.5,62.5,2026-06-08 19:30:00,2558027
86.3,45.5,88.2,62.8,2026-06-08 19:40:00,2558027
85.8,46.7,87.8,63.1,2026-06-08 19:50:00,2558027
85.3,47.9,87.4,63.4,2026-06-08 20:00:00,2558027
84.8,48.9,86.7,63.5,2026-06-08 20:10:00,2558027
84.2,49.9,86.0,63.5,2026-06-08 20:20:00,2558027
83.6,50.6,85.1,63.4,2026-06-08 20:30:00,2558027
83.0,51.5,84.4,63.3,2026-06-08 20:40:00,2558027
82.5,52.2,83.5,63.2,2026-06-08 20:50:00,2558027
82.0,52.8,82.9,63.1,2026-06-08 21:00:00,2558027
81.5,53.7,82.4,63.1,2026-06-08 21:10:00,2558027
80.8,54.6,81.7,63.0,2026-06-08 21:20:00,2558027
80.4,55.3,81.1,62.9,2026-06-08 21:30:00,2558027
79.9,56.0,80.4,62.8,2026-06-08 21:40:00,2558027
79.5,56.8,80.2,62.8,2026-06-08 21:50:00,2558027
78.8,57.8,79.5,62.7,2026-06-08 22:00:00,2558027
78.2,58.6,78.6,62.5,2026-06-08 22:10:00,2558027
77.5,59.9,77.5,62.5,2026-06-08 22:20:00,2558027
76.8,61.3,77.0,62.5,2026-06-08 22:30:00,2558027
76.4,62.7,76.5,62.8,2026-06-08 22:40:00,2558027
75.7,63.7,75.9,62.5,2026-06-08 22:50:00,2558027
74.9,65.1,75.2,62.3,2026-06-08 23:00:00,2558027
74.4,65.5,74.7,62.0,2026-06-08 23:10:00,2558027
73.6,65.6,73.9,61.4,2026-06-08 23:20:00,2558027
73.0,66.1,73.4,61.0,2026-06-08 23:30:00,2558027
72.7,66.4,73.2,60.9,2026-06-08 23:40:00,2558027
72.1,66.6,72.7,60.4,2026-06-08 23:50:00,2558027
71.8,66.9,72.3,60.2,2026-06-09 00:00:00,2558027
71.6,67.2,72.0,60.1,2026-06-09 00:10:00,2558027
71.3,67.6,71.8,60.1,2026-06-09 00:20:00,2558027
71.1,67.7,71.6,59.8,2026-06-09 00:30:00,2558027
70.6,67.8,70.9,59.5,2026-06-09 00:40:00,2558027
70.5,68.2,70.7,59.5,2026-06-09 00:50:00,2558027
70.1,68.8,70.2,59.3,2026-06-09 01:00:00,2558027
69.7,69.3,69.8,59.2,2026-06-09 01:10:00,2558027
69.5,70.0,69.6,59.3,2026-06-09 01:20:00,2558027
69.1,70.2,69.1,59.0,2026-06-09 01:30:00,2558027
68.9,70.4,68.9,58.9,2026-06-09 01:40:00,2558027
68.5,68.9,68.0,57.9,2026-06-09 01:50:00,2558027
68.0,68.8,67.5,57.4,2026-06-09 02:00:00,2558027
67.6,68.8,66.7,57.0,2026-06-09 02:10:00,2558027
67.3,68.3,66.6,56.5,2026-06-09 02:20:00,2558027
67.2,68.3,66.4,56.4,2026-06-09 02:30:00,2558027
66.9,68.6,66.0,56.3,2026-06-09 02:40:00,2558027
66.9,69.3,66.2,56.6,2026-06-09 02:50:00,2558027
66.8,69.9,66.0,56.7,2026-06-09 03:00:00,2558027
67.0,70.6,66.2,57.1,2026-06-09 03:10:00,2558027
66.9,71.2,66.2,57.3,2026-06-09 03:20:00,2558027
66.7,71.8,65.8,57.3,2026-06-09 03:30:00,2558027
66.7,72.1,66.0,57.5,2026-06-09 03:40:00,2558027
66.5,72.6,65.7,57.4,2026-06-09 03:50:00,2558027
66.4,72.6,65.7,57.3,2026-06-09 04:00:00,2558027
66.3,72.9,65.5,57.3,2026-06-09 04:10:00,2558027
66.3,72.8,65.5,57.4,2026-06-09 04:20:00,2558027
66.2,72.9,65.5,57.3,2026-06-09 04:30:00,2558027
66.2,73.2,65.3,57.4,2026-06-09 04:40:00,2558027
66.1,73.0,65.3,57.1,2026-06-09 04:50:00,2558027
66.2,73.4,65.3,57.4,2026-06-09 05:00:00,2558027
66.1,73.4,65.3,57.3,2026-06-09 05:10:00,2558027
66.0,73.9,65.1,57.4,2026-06-09 05:20:00,2558027
66.2,74.2,65.3,57.7,2026-06-09 05:30:00,2558027
66.2,73.2,65.7,57.4,2026-06-09 05:40:00,2558027
66.1,72.5,65.3,56.9,2026-06-09 05:50:00,2558027
65.8,72.0,64.8,56.5,2026-06-09 06:00:00,2558027
65.8,71.7,64.8,56.4,2026-06-09 06:10:00,2558027
65.7,70.0,64.6,55.6,2026-06-09 06:20:00,2558027
65.5,69.4,64.4,55.3,2026-06-09 06:30:00,2558027
65.6,69.3,64.2,55.3,2026-06-09 06:40:00,2558027
65.5,69.4,64.2,55.2,2026-06-09 06:50:00,2558027
65.8,68.7,64.4,55.2,2026-06-09 07:00:00,2558027
66.1,68.6,64.9,55.5,2026-06-09 07:10:00,2558027
66.1,68.4,64.9,55.4,2026-06-09 07:20:00,2558027
66.5,68.5,65.3,55.8,2026-06-09 07:30:00,2558027
66.7,68.3,65.7,55.9,2026-06-09 07:40:00,2558027
66.8,67.7,65.8,55.8,2026-06-09 07:50:00,2558027
67.6,68.0,66.7,56.7,2026-06-09 08:00:00,2558027
67.4,67.8,66.6,56.4,2026-06-09 08:10:00,2558027
67.6,68.0,66.7,56.6,2026-06-09 08:20:00,2558027
68.4,67.7,68.0,57.3,2026-06-09 08:30:00,2558027
68.3,67.2,67.6,57.0,2026-06-09 08:40:00,2558027
68.6,67.9,68.2,57.5,2026-06-09 08:50:00,2558027
69.0,67.3,68.7,57.7,2026-06-09 09:00:00,2558027
70.0,67.5,70.2,58.8,2026-06-09 09:10:00,2558027
70.1,65.6,70.0,58.1,2026-06-09 09:20:00,2558027
71.0,65.1,71.2,58.7,2026-06-09 09:30:00,2558027
72.5,64.7,72.9,59.9,2026-06-09 09:40:00,2558027
73.0,63.0,73.2,59.6,2026-06-09 09:50:00,2558027
72.2,63.6,72.5,59.1,2026-06-09 10:00:00,2558027
73.8,62.2,73.9,60.0,2026-06-09 10:10:00,2558027
73.8,61.5,73.8,59.7,2026-06-09 10:20:00,2558027
74.0,61.9,74.1,60.1,2026-06-09 10:30:00,2558027
75.0,61.3,74.8,60.8,2026-06-09 10:40:00,2558027
75.6,59.5,75.4,60.5,2026-06-09 10:50:00,2558027
75.5,58.1,75.0,59.8,2026-06-09 11:00:00,2558027
76.0,57.4,75.6,59.8,2026-06-09 11:10:00,2558027
75.7,57.2,75.2,59.5,2026-06-09 11:20:00,2558027
76.8,57.7,76.5,60.8,2026-06-09 11:30:00,2558027
79.2,55.6,79.7,62.0,2026-06-09 11:40:00,2558027
77.4,56.9,77.4,60.9,2026-06-09 11:50:00,2558027
78.2,56.3,78.1,61.4,2026-06-09 12:00:00,2558027
78.2,55.8,78.1,61.2,2026-06-09 12:10:00,2558027
78.5,57.0,78.8,62.0,2026-06-09 12:20:00,2558027
79.8,56.8,80.6,63.1,2026-06-09 12:30:00,2558027
79.2,56.8,79.9,62.6,2026-06-09 12:40:00,2558027
79.5,56.7,80.2,62.8,2026-06-09 12:50:00,2558027
80.8,56.9,82.2,64.1,2026-06-09 13:00:00,2558027
80.5,59.3,82.2,65.0,2026-06-09 13:10:00,2558027
81.8,57.3,83.5,65.2,2026-06-09 13:20:00,2558027
81.9,56.6,83.7,65.0,2026-06-09 13:30:00,2558027
82.1,57.6,84.2,65.6,2026-06-09 13:40:00,2558027
83.1,56.8,85.6,66.1,2026-06-09 13:50:00,2558027
82.9,57.5,85.5,66.4,2026-06-09 14:00:00,2558027
82.5,57.6,84.7,66.0,2026-06-09 14:10:00,2558027
83.8,56.9,87.1,66.8,2026-06-09 14:20:00,2558027
85.0,55.7,89.1,67.4,2026-06-09 14:30:00,2558027
85.6,54.5,89.8,67.3,2026-06-09 14:40:00,2558027
84.9,54.8,88.9,66.9,2026-06-09 14:50:00,2558027
85.2,55.8,89.4,67.6,2026-06-09 15:00:00,2558027
84.7,55.0,88.2,66.8,2026-06-09 15:10:00,2558027
84.4,55.2,87.6,66.5,2026-06-09 15:20:00,2558027
85.8,54.5,90.3,67.6,2026-06-09 15:30:00,2558027
84.6,53.8,87.8,66.0,2026-06-09 15:40:00,2558027
85.8,54.8,90.1,67.6,2026-06-09 15:50:00,2558027
86.4,54.6,91.6,68.1,2026-06-09 16:00:00,2558027
86.3,54.0,90.9,67.6,2026-06-09 16:10:00,2558027
85.3,54.4,89.4,67.0,2026-06-09 16:20:00,2558027
84.5,55.7,88.0,66.9,2026-06-09 16:30:00,2558027
85.2,56.2,89.6,67.8,2026-06-09 16:40:00,2558027
85.1,55.7,89.4,67.5,2026-06-09 16:50:00,2558027
85.2,56.0,89.6,67.7,2026-06-09 17:00:00,2558027
84.6,56.2,88.5,67.3,2026-06-09 17:10:00,2558027
85.1,56.2,89.6,67.8,2026-06-09 17:20:00,2558027
85.1,56.2,89.2,67.7,2026-06-09 17:30:00,2558027
84.8,56.7,89.1,67.7,2026-06-09 17:40:00,2558027
85.1,56.7,89.8,68.0,2026-06-09 17:50:00,2558027
84.9,57.0,89.6,68.0,2026-06-09 18:00:00,2558027
84.4,57.2,88.5,67.6,2026-06-09 18:10:00,2558027
84.8,57.5,89.4,68.2,2026-06-09 18:20:00,2558027
84.9,57.3,89.6,68.1,2026-06-09 18:30:00,2558027
84.8,57.8,89.4,68.3,2026-06-09 18:40:00,2558027
84.5,58.6,88.9,68.4,2026-06-09 18:50:00,2558027
84.3,58.8,88.7,68.3,2026-06-09 19:00:00,2558027
84.1,59.1,88.3,68.3,2026-06-09 19:10:00,2558027
84.1,59.6,88.5,68.5,2026-06-09 19:20:00,2558027
83.8,60.3,88.0,68.5,2026-06-09 19:30:00,2558027
83.5,61.0,87.8,68.6,2026-06-09 19:40:00,2558027
83.0,61.6,86.9,68.5,2026-06-09 19:50:00,2558027
82.8,62.4,86.7,68.6,2026-06-09 20:00:00,2558027
82.5,63.1,86.2,68.6,2026-06-09 20:10:00,2558027
81.9,64.0,85.3,68.5,2026-06-09 20:20:00,2558027
81.8,64.5,85.3,68.6,2026-06-09 20:30:00,2558027
81.5,65.2,84.7,68.6,2026-06-09 20:40:00,2558027
81.1,65.7,84.4,68.5,2026-06-09 20:50:00,2558027
80.7,66.3,84.0,68.5,2026-06-09 21:00:00,2558027
80.4,66.9,83.5,68.4,2026-06-09 21:10:00,2558027
80.0,67.5,83.1,68.3,2026-06-09 21:20:00,2558027
79.8,68.1,82.8,68.3,2026-06-09 21:30:00,2558027
79.5,69.0,82.4,68.4,2026-06-09 21:40:00,2558027
79.2,69.8,82.2,68.5,2026-06-09 21:50:00,2558027
78.8,70.4,81.7,68.4,2026-06-09 22:00:00,2558027
78.6,71.0,81.1,68.4,2026-06-09 22:10:00,2558027
78.4,71.5,80.8,68.4,2026-06-09 22:20:00,2558027
78.3,71.8,81.0,68.4,2026-06-09 22:30:00,2558027
78.2,72.1,80.8,68.5,2026-06-09 22:40:00,2558027
78.1,72.5,80.8,68.5,2026-06-09 22:50:00,2558027
78.0,72.8,80.4,68.6,2026-06-09 23:00:00,2558027
78.1,73.1,80.8,68.8,2026-06-09 23:10:00,2558027
78.4,73.7,81.3,69.3,2026-06-09 23:20:00,2558027
78.5,74.2,81.7,69.6,2026-06-09 23:30:00,2558027
78.5,74.6,81.7,69.8,2026-06-09 23:40:00,2558027
78.5,75.1,81.9,69.9,2026-06-09 23:50:00,2558027
78.3,75.5,81.5,69.9,2026-06-10 00:00:00,2558027
78.2,76.3,81.3,70.2,2026-06-10 00:10:00,2558027
78.1,76.9,81.5,70.3,2026-06-10 00:20:00,2558027
77.9,77.5,81.1,70.3,2026-06-10 00:30:00,2558027
77.7,78.2,80.6,70.4,2026-06-10 00:40:00,2558027
77.6,78.8,80.8,70.5,2026-06-10 00:50:00,2558027
77.4,79.3,80.6,70.5,2026-06-10 01:00:00,2558027
77.2,79.8,79.9,70.4,2026-06-10 01:10:00,2558027
76.9,80.4,79.5,70.4,2026-06-10 01:20:00,2558027
76.8,80.7,79.3,70.4,2026-06-10 01:30:00,2558027
76.6,81.2,79.3,70.4,2026-06-10 01:40:00,2558027
76.6,81.5,79.0,70.5,2026-06-10 01:50:00,2558027
76.3,81.8,78.6,70.4,2026-06-10 02:00:00,2558027
76.2,82.0,78.6,70.3,2026-06-10 02:10:00,2558027
76.0,82.5,78.4,70.3,2026-06-10 02:20:00,2558027
76.0,82.7,78.4,70.4,2026-06-10 02:30:00,2558027
75.9,82.8,78.3,70.3,2026-06-10 02:40:00,2558027
75.5,83.1,77.7,70.0,2026-06-10 02:50:00,2558027
75.4,83.6,77.9,70.1,2026-06-10 03:00:00,2558027
75.3,83.9,77.7,70.1,2026-06-10 03:10:00,2558027
75.2,84.1,77.7,70.1,2026-06-10 03:20:00,2558027
75.1,84.3,77.5,70.0,2026-06-10 03:30:00,2558027
75.1,84.4,77.5,70.1,2026-06-10 03:40:00,2558027
75.1,84.5,77.5,70.1,2026-06-10 03:50:00,2558027
75.0,84.7,77.4,70.0,2026-06-10 04:00:00,2558027
74.8,84.9,77.2,69.9,2026-06-10 04:10:00,2558027
74.7,85.1,77.2,69.9,2026-06-10 04:20:00,2558027
74.6,85.4,76.8,69.9,2026-06-10 04:30:00,2558027
74.5,85.6,76.8,69.9,2026-06-10 04:40:00,2558027
74.6,85.7,76.8,70.0,2026-06-10 04:50:00,2558027
74.4,85.9,76.6,69.9,2026-06-10 05:00:00,2558027
74.3,85.9,76.6,69.8,2026-06-10 05:10:00,2558027
74.4,85.9,76.6,69.9,2026-06-10 05:20:00,2558027
74.4,85.9,76.6,69.9,2026-06-10 05:30:00,2558027
74.4,85.9,76.6,69.9,2026-06-10 05:40:00,2558027
74.3,86.0,76.5,69.8,2026-06-10 05:50:00,2558027
74.2,86.3,76.5,69.9,2026-06-10 06:00:00,2558027
74.4,86.4,76.8,70.1,2026-06-10 06:10:00,2558027
74.5,86.3,77.0,70.1,2026-06-10 06:20:00,2558027
74.7,86.3,77.2,70.3,2026-06-10 06:30:00,2558027
74.8,86.1,77.2,70.3,2026-06-10 06:40:00,2558027
74.9,85.9,77.4,70.4,2026-06-10 06:50:00,2558027
75.0,85.9,77.4,70.5,2026-06-10 07:00:00,2558027
75.1,85.8,77.5,70.5,2026-06-10 07:10:00,2558027
75.2,85.7,77.5,70.6,2026-06-10 07:20:00,2558027
75.2,85.5,77.9,70.6,2026-06-10 07:30:00,2558027
75.4,85.6,78.1,70.8,2026-06-10 07:40:00,2558027
75.5,85.3,78.1,70.8,2026-06-10 07:50:00,2558027
75.7,84.8,78.3,70.8,2026-06-10 08:00:00,2558027
76.1,84.1,78.8,71.0,2026-06-10 08:10:00,2558027
76.7,83.2,79.5,71.2,2026-06-10 08:20:00,2558027
77.2,81.7,80.4,71.2,2026-06-10 08:30:00,2558027
77.8,80.3,81.3,71.2,2026-06-10 08:40:00,2558027
77.7,79.8,81.0,71.0,2026-06-10 08:50:00,2558027
78.5,79.1,82.6,71.4,2026-06-10 09:00:00,2558027
79.5,77.5,84.0,71.8,2026-06-10 09:10:00,2558027
79.2,76.1,83.3,71.0,2026-06-10 09:20:00,2558027
79.4,75.7,83.7,71.0,2026-06-10 09:30:00,2558027
79.5,75.9,83.7,71.2,2026-06-10 09:40:00,2558027
81.4,74.5,87.1,72.5,2026-06-10 09:50:00,2558027
82.4,71.8,88.5,72.4,2026-06-10 10:00:00,2558027
83.9,69.5,91.2,72.9,2026-06-10 10:10:00,2558027
84.1,66.6,90.7,71.7,2026-06-10 10:20:00,2558027
83.7,67.3,90.1,71.7,2026-06-10 10:30:00,2558027
84.8,66.3,92.3,72.3,2026-06-10 10:40:00,2558027
84.7,64.7,91.2,71.5,2026-06-10 10:50:00,2558027
85.3,64.9,93.0,72.1,2026-06-10 11:00:00,2558027
85.6,64.3,93.2,72.1,2026-06-10 11:10:00,2558027
85.6,63.6,92.8,71.8,2026-06-10 11:20:00,2558027
85.4,63.7,92.5,71.7,2026-06-10 11:30:00,2558027
86.4,62.0,94.1,71.8,2026-06-10 11:40:00,2558027
86.1,60.1,92.7,70.7,2026-06-10 11:50:00,2558027
86.1,60.1,92.7,70.6,2026-06-10 12:00:00,2558027
87.5,57.4,94.6,70.6,2026-06-10 12:10:00,2558027
87.5,57.1,94.5,70.4,2026-06-10 12:20:00,2558027
87.7,56.7,94.6,70.4,2026-06-10 12:30:00,2558027
88.7,56.1,96.8,71.1,2026-06-10 12:40:00,2558027
88.5,55.8,95.7,70.7,2026-06-10 12:50:00,2558027
88.8,55.2,96.4,70.6,2026-06-10 13:00:00,2558027
89.2,53.8,96.6,70.3,2026-06-10 13:10:00,2558027
89.8,52.7,97.3,70.2,2026-06-10 13:20:00,2558027
91.1,51.3,99.9,70.6,2026-06-10 13:30:00,2558027
90.3,49.3,97.3,68.7,2026-06-10 13:40:00,2558027
91.3,50.0,99.5,70.0,2026-06-10 13:50:00,2558027
90.7,50.1,98.6,69.5,2026-06-10 14:00:00,2558027
91.0,50.1,99.0,69.9,2026-06-10 14:10:00,2558027
90.4,50.3,97.9,69.4,2026-06-10 14:20:00,2558027
90.8,51.5,99.1,70.4,2026-06-10 14:30:00,2558027
90.4,51.5,98.4,70.1,2026-06-10 14:40:00,2558027
91.2,50.8,99.7,70.4,2026-06-10 14:50:00,2558027
90.3,49.5,97.0,68.8,2026-06-10 15:00:00,2558027
90.4,49.7,97.5,69.1,2026-06-10 15:10:00,2558027
91.1,49.6,99.1,69.6,2026-06-10 15:20:00,2558027
91.6,49.0,99.9,69.8,2026-06-10 15:30:00,2558027
91.1,48.3,98.4,68.8,2026-06-10 15:40:00,2558027
90.5,48.9,97.5,68.7,2026-06-10 15:50:00,2558027
91.0,50.0,98.8,69.7,2026-06-10 16:00:00,2558027
90.9,49.7,98.8,69.5,2026-06-10 16:10:00,2558027
89.8,51.0,96.8,69.2,2026-06-10 16:20:00,2558027
89.0,53.6,96.1,70.0,2026-06-10 16:30:00,2558027
90.6,51.4,98.8,70.2,2026-06-10 16:40:00,2558027
91.1,50.5,99.5,70.2,2026-06-10 16:50:00,2558027
91.9,47.8,99.5,69.2,2026-06-10 17:00:00,2558027
92.0,48.1,100.0,69.6,2026-06-10 17:10:00,2558027
90.9,46.9,97.3,67.8,2026-06-10 17:20:00,2558027
91.0,49.2,98.4,69.3,2026-06-10 17:30:00,2558027
91.1,48.9,98.6,69.2,2026-06-10 17:40:00,2558027
90.4,50.4,97.9,69.4,2026-06-10 17:50:00,2558027
89.9,50.4,96.6,69.0,2026-06-10 18:00:00,2558027
90.6,50.2,98.2,69.5,2026-06-10 18:10:00,2558027
91.0,49.1,98.4,69.3,2026-06-10 18:20:00,2558027
90.6,49.8,97.9,69.3,2026-06-10 18:30:00,2558027
90.6,49.4,97.7,69.0,2026-06-10 18:40:00,2558027
90.1,49.9,96.8,68.9,2026-06-10 18:50:00,2558027
89.5,50.7,96.1,68.8,2026-06-10 19:00:00,2558027
89.3,50.9,95.7,68.7,2026-06-10 19:10:00,2558027
89.0,52.0,95.5,69.0,2026-06-10 19:20:00,2558027
88.8,52.3,95.2,69.1,2026-06-10 19:30:00,2558027
88.6,52.3,94.6,68.9,2026-06-10 19:40:00,2558027
88.2,53.1,94.3,68.9,2026-06-10 19:50:00,2558027
87.6,54.0,93.6,68.9,2026-06-10 20:00:00,2558027
87.1,54.9,92.8,68.9,2026-06-10 20:10:00,2558027
86.4,55.9,91.8,68.8,2026-06-10 20:20:00,2558027
85.7,57.2,90.9,68.8,2026-06-10 20:30:00,2558027
85.1,57.9,90.1,68.6,2026-06-10 20:40:00,2558027
84.7,58.8,89.4,68.7,2026-06-10 20:50:00,2558027
84.2,59.6,88.9,68.6,2026-06-10 21:00:00,2558027
83.9,60.3,88.3,68.7,2026-06-10 21:10:00,2558027
83.8,60.7,88.2,68.8,2026-06-10 21:20:00,2558027
83.7,61.3,88.2,68.9,2026-06-10 21:30:00,2558027
83.2,62.1,87.4,68.9,2026-06-10 21:40:00,2558027
82.9,63.1,86.9,69.0,2026-06-10 21:50:00,2558027
82.6,63.9,86.4,69.1,2026-06-10 22:00:00,2558027
82.3,64.6,86.2,69.2,2026-06-10 22:10:00,2558027
81.9,65.6,85.8,69.2,2026-06-10 22:20:00,2558027
81.6,66.2,85.3,69.2,2026-06-10 22:30:00,2558027
81.5,66.9,85.3,69.4,2026-06-10 22:40:00,2558027
81.3,67.3,84.9,69.4,2026-06-10 22:50:00,2558027
81.2,67.7,85.1,69.5,2026-06-10 23:00:00,2558027
80.9,68.2,84.6,69.5,2026-06-10 23:10:00,2558027
80.7,68.7,84.4,69.4,2026-06-10 23:20:00,2558027
80.5,69.1,84.2,69.5,2026-06-10 23:30:00,2558027
80.4,69.4,84.0,69.4,2026-06-10 23:40:00,2558027
80.2,69.8,83.8,69.4,2026-06-10 23:50:00,2558027
80.6,69.7,84.7,69.8,2026-06-11 00:00:00,2558027
80.5,69.4,84.2,69.6,2026-06-11 00:10:00,2558027
80.2,69.8,83.8,69.5,2026-06-11 00:20:00,2558027
80.0,70.4,83.5,69.4,2026-06-11 00:30:00,2558027
79.8,70.9,83.3,69.5,2026-06-11 00:40:00,2558027
79.5,71.5,83.1,69.5,2026-06-11 00:50:00,2558027
79.4,71.8,82.9,69.5,2026-06-11 01:00:00,2558027
79.2,72.3,82.6,69.5,2026-06-11 01:10:00,2558027
79.0,72.9,82.4,69.5,2026-06-11 01:20:00,2558027
78.8,73.1,81.9,69.4,2026-06-11 01:30:00,2558027
78.5,73.4,81.5,69.3,2026-06-11 01:40:00,2558027
78.3,74.1,81.3,69.3,2026-06-11 01:50:00,2558027
78.0,74.7,80.8,69.3,2026-06-11 02:00:00,2558027
77.7,75.1,80.6,69.2,2026-06-11 02:10:00,2558027
77.4,75.6,79.9,69.0,2026-06-11 02:20:00,2558027
77.2,76.1,79.5,69.1,2026-06-11 02:30:00,2558027
77.2,76.2,79.2,69.1,2026-06-11 02:40:00,2558027
77.1,76.1,79.2,69.0,2026-06-11 02:50:00,2558027
77.0,76.3,78.8,68.9,2026-06-11 03:00:00,2558027
76.7,76.6,78.6,68.8,2026-06-11 03:10:00,2558027
76.5,76.7,78.4,68.6,2026-06-11 03:20:00,2558027
76.5,77.1,78.4,68.8,2026-06-11 03:30:00,2558027
76.3,77.2,78.1,68.6,2026-06-11 03:40:00,2558027
76.2,77.3,77.9,68.6,2026-06-11 03:50:00,2558027
75.9,77.8,77.9,68.5,2026-06-11 04:00:00,2558027
75.8,78.2,77.7,68.5,2026-06-11 04:10:00,2558027
75.7,78.2,77.5,68.5,2026-06-11 04:20:00,2558027
75.6,78.3,77.5,68.4,2026-06-11 04:30:00,2558027
75.3,78.6,77.0,68.2,2026-06-11 04:40:00,2558027
75.1,78.9,76.8,68.1,2026-06-11 04:50:00,2558027
75.0,78.9,76.6,68.0,2026-06-11 05:00:00,2558027
74.9,78.7,76.6,67.9,2026-06-11 05:10:00,2558027
74.8,78.8,76.5,67.7,2026-06-11 05:20:00,2558027
74.6,78.9,76.3,67.6,2026-06-11 05:30:00,2558027
74.4,79.0,76.1,67.5,2026-06-11 05:40:00,2558027
74.3,79.3,75.9,67.4,2026-06-11 05:50:00,2558027
74.2,79.5,75.9,67.4,2026-06-11 06:00:00,2558027
74.1,79.5,75.7,67.4,2026-06-11 06:10:00,2558027
74.2,79.5,75.9,67.4,2026-06-11 06:20:00,2558027
74.2,79.7,75.9,67.5,2026-06-11 06:30:00,2558027
74.3,79.6,76.1,67.6,2026-06-11 06:40:00,2558027
74.6,79.3,76.3,67.7,2026-06-11 06:50:00,2558027
74.9,78.8,76.6,67.8,2026-06-11 07:00:00,2558027
75.3,78.3,77.0,68.1,2026-06-11 07:10:00,2558027
75.6,78.0,77.5,68.3,2026-06-11 07:20:00,2558027
76.1,77.3,77.9,68.5,2026-06-11 07:30:00,2558027
76.6,76.6,78.4,68.7,2026-06-11 07:40:00,2558027
77.2,75.8,79.5,69.0,2026-06-11 07:50:00,2558027
78.6,74.4,81.7,69.8,2026-06-11 08:00:00,2558027
78.8,73.2,82.0,69.5,2026-06-11 08:10:00,2558027
79.4,72.5,83.1,69.8,2026-06-11 08:20:00,2558027
79.9,71.6,83.5,69.9,2026-06-11 08:30:00,2558027
80.8,70.8,85.3,70.4,2026-06-11 08:40:00,2558027
81.2,70.1,85.6,70.6,2026-06-11 08:50:00,2558027
82.1,69.5,87.1,71.1,2026-06-11 09:00:00,2558027
82.9,68.5,88.5,71.4,2026-06-11 09:10:00,2558027
83.9,67.0,90.5,71.7,2026-06-11 09:20:00,2558027
84.4,65.8,91.4,71.7,2026-06-11 09:30:00,2558027
85.1,64.4,91.9,71.7,2026-06-11 09:40:00,2558027
86.5,62.7,94.3,72.2,2026-06-11 09:50:00,2558027
87.4,61.1,95.5,72.4,2026-06-11 10:00:00,2558027
88.8,59.1,98.2,72.7,2026-06-11 10:10:00,2558027
89.8,56.9,99.7,72.5,2026-06-11 10:20:00,2558027
90.3,55.2,99.9,72.0,2026-06-11 10:30:00,2558027
92.5,52.6,103.5,72.6,2026-06-11 10:40:00,2558027
95.1,50.5,108.5,73.8,2026-06-11 10:50:00,2558027
94.8,48.4,106.2,72.2,2026-06-11 11:00:00,2558027
94.5,47.4,105.1,71.4,2026-06-11 11:10:00,2558027
96.3,47.6,109.6,73.1,2026-06-11 11:20:00,2558027
96.3,46.2,108.5,72.2,2026-06-11 11:30:00,2558027
95.4,46.4,106.5,71.5,2026-06-11 11:40:00,2558027
96.4,46.3,108.5,72.4,2026-06-11 11:50:00,2558027
97.3,45.4,109.8,72.7,2026-06-11 12:00:00,2558027
98.3,44.1,111.4,72.7,2026-06-11 12:10:00,2558027
97.2,44.3,109.2,71.9,2026-06-11 12:20:00,2558027
98.5,42.5,110.7,71.8,2026-06-11 12:30:00,2558027
97.3,43.7,108.7,71.5,2026-06-11 12:40:00,2558027
97.4,42.9,108.7,71.1,2026-06-11 12:50:00,2558027
96.5,42.9,106.5,70.2,2026-06-11 13:00:00,2558027
96.4,43.3,106.3,70.4,2026-06-11 13:10:00,2558027
97.0,44.5,108.3,71.7,2026-06-11 13:20:00,2558027
96.6,41.6,105.8,69.4,2026-06-11 13:30:00,2558027
96.4,43.5,106.5,70.6,2026-06-11 13:40:00,2558027
96.8,41.5,106.2,69.5,2026-06-11 13:50:00,2558027
97.5,42.4,108.5,70.8,2026-06-11 14:00:00,2558027
96.5,41.8,105.8,69.4,2026-06-11 14:10:00,2558027
97.8,40.9,108.1,70.0,2026-06-11 14:20:00,2558027
97.7,40.2,107.4,69.4,2026-06-11 14:30:00,2558027
97.5,40.4,107.2,69.4,2026-06-11 14:40:00,2558027
98.1,40.2,108.1,69.7,2026-06-11 14:50:00,2558027
98.9,39.5,109.2,70.0,2026-06-11 15:00:00,2558027
98.6,38.5,107.8,68.9,2026-06-11 15:10:00,2558027
99.7,38.7,110.1,70.0,2026-06-11 15:20:00,2558027
99.4,38.2,109.4,69.5,2026-06-11 15:30:00,2558027
98.4,39.2,108.3,69.3,2026-06-11 15:40:00,2558027
99.0,39.5,109.6,70.1,2026-06-11 15:50:00,2558027
99.3,38.1,109.4,69.3,2026-06-11 16:00:00,2558027
99.2,37.7,108.7,68.8,2026-06-11 16:10:00,2558027
99.5,37.9,109.6,69.3,2026-06-11 16:20:00,2558027
99.4,37.5,108.9,68.9,2026-06-11 16:30:00,2558027
98.0,38.7,106.9,68.6,2026-06-11 16:40:00,2558027
95.7,41.6,103.8,68.6,2026-06-11 16:50:00,2558027
95.9,42.7,105.3,69.6,2026-06-11 17:00:00,2558027
97.2,41.4,107.2,69.9,2026-06-11 17:10:00,2558027
96.5,41.5,105.8,69.4,2026-06-11 17:20:00,2558027
96.0,42.7,105.3,69.7,2026-06-11 17:30:00,2558027
95.9,43.4,105.6,70.0,2026-06-11 17:40:00,2558027
94.8,43.1,103.3,68.9,2026-06-11 17:50:00,2558027
94.5,44.4,103.1,69.5,2026-06-11 18:00:00,2558027
95.1,44.3,104.2,70.0,2026-06-11 18:10:00,2558027
95.9,42.5,105.1,69.5,2026-06-11 18:20:00,2558027
95.8,42.3,104.7,69.2,2026-06-11 18:30:00,2558027
95.9,42.5,105.3,69.5,2026-06-11 18:40:00,2558027
94.9,43.4,103.3,69.2,2026-06-11 18:50:00,2558027
94.6,43.7,102.7,69.1,2026-06-11 19:00:00,2558027
94.0,44.6,102.0,69.2,2026-06-11 19:10:00,2558027
94.0,45.0,102.2,69.4,2026-06-11 19:20:00,2558027
93.5,45.7,101.7,69.4,2026-06-11 19:30:00,2558027
92.9,46.3,100.9,69.2,2026-06-11 19:40:00,2558027
92.4,46.9,100.2,69.1,2026-06-11 19:50:00,2558027
91.9,47.9,99.9,69.4,2026-06-11 20:00:00,2558027
91.2,48.8,99.0,69.3,2026-06-11 20:10:00,2558027
90.6,49.8,97.9,69.3,2026-06-11 20:20:00,2558027
90.2,50.6,97.5,69.4,2026-06-11 20:30:00,2558027
89.5,51.6,96.4,69.4,2026-06-11 20:40:00,2558027
89.1,52.3,95.9,69.3,2026-06-11 20:50:00,2558027
88.7,53.0,95.5,69.4,2026-06-11 21:00:00,2558027
88.3,54.0,94.6,69.5,2026-06-11 21:10:00,2558027
88.1,54.8,94.6,69.8,2026-06-11 21:20:00,2558027
87.6,55.7,94.3,69.8,2026-06-11 21:30:00,2558027
87.2,56.7,93.6,70.0,2026-06-11 21:40:00,2558027
87.1,57.3,93.9,70.2,2026-06-11 21:50:00,2558027
86.8,58.0,93.4,70.2,2026-06-11 22:00:00,2558027
86.5,58.3,92.8,70.1,2026-06-11 22:10:00,2558027
86.1,58.4,92.1,69.8,2026-06-11 22:20:00,2558027
85.7,59.2,91.8,69.9,2026-06-11 22:30:00,2558027
85.5,59.6,91.4,69.8,2026-06-11 22:40:00,2558027
85.1,59.8,90.7,69.5,2026-06-11 22:50:00,2558027
84.8,60.2,90.1,69.5,2026-06-11 23:00:00,2558027
84.3,61.1,89.2,69.4,2026-06-11 23:10:00,2558027
84.1,61.8,89.1,69.5,2026-06-11 23:20:00,2558027
83.8,62.6,88.7,69.6,2026-06-11 23:30:00,2558027
83.5,62.8,88.3,69.5,2026-06-11 23:40:00,2558027
83.1,63.4,87.6,69.4,2026-06-11 23:50:00,2558027
82.8,63.9,87.1,69.3,2026-06-12 00:00:00,2558027
82.6,64.4,86.5,69.3,2026-06-12 00:10:00,2558027
82.2,65.0,86.4,69.3,2026-06-12 00:20:00,2558027
81.9,65.5,85.6,69.2,2026-06-12 00:30:00,2558027
81.6,66.4,85.5,69.3,2026-06-12 00:40:00,2558027
81.3,67.0,84.9,69.3,2026-06-12 00:50:00,2558027
81.1,67.5,84.9,69.4,2026-06-12 01:00:00,2558027
81.0,67.8,84.9,69.4,2026-06-12 01:10:00,2558027
80.8,68.5,84.7,69.5,2026-06-12 01:20:00,2558027
80.6,69.0,84.2,69.4,2026-06-12 01:30:00,2558027
80.3,69.6,84.0,69.4,2026-06-12 01:40:00,2558027
80.2,70.4,83.8,69.6,2026-06-12 01:50:00,2558027
80.0,70.8,83.7,69.7,2026-06-12 02:00:00,2558027
79.9,71.3,83.5,69.7,2026-06-12 02:10:00,2558027
79.8,71.7,83.5,69.9,2026-06-12 02:20:00,2558027
79.8,72.2,83.7,70.0,2026-06-12 02:30:00,2558027
79.8,72.5,83.7,70.1,2026-06-12 02:40:00,2558027
79.6,72.8,83.3,70.1,2026-06-12 02:50:00,2558027
79.5,73.4,83.5,70.3,2026-06-12 03:00:00,2558027
79.4,73.7,83.3,70.2,2026-06-12 03:10:00,2558027
79.2,74.3,82.9,70.3,2026-06-12 03:20:00,2558027
79.2,74.8,83.1,70.5,2026-06-12 03:30:00,2558027
79.1,75.2,82.9,70.5,2026-06-12 03:40:00,2558027
79.1,75.5,82.9,70.7,2026-06-12 03:50:00,2558027
79.0,75.9,82.9,70.8,2026-06-12 04:00:00,2558027
78.8,76.3,82.8,70.7,2026-06-12 04:10:00,2558027
78.8,76.6,82.4,70.8,2026-06-12 04:20:00,2558027
78.6,77.1,82.2,70.8,2026-06-12 04:30:00,2558027
78.4,77.7,81.9,70.8,2026-06-12 04:40:00,2558027
78.2,78.2,81.7,70.8,2026-06-12 04:50:00,2558027
78.0,78.9,81.5,70.9,2026-06-12 05:00:00,2558027
77.8,79.2,81.3,70.8,2026-06-12 05:10:00,2558027
77.6,79.8,81.0,70.9,2026-06-12 05:20:00,2558027
77.4,80.3,80.6,70.9,2026-06-12 05:30:00,2558027
77.3,80.8,80.4,70.9,2026-06-12 05:40:00,2558027
77.2,81.3,80.4,71.1,2026-06-12 05:50:00,2558027
77.2,81.8,80.4,71.2,2026-06-12 06:00:00,2558027
77.3,82.1,80.6,71.4,2026-06-12 06:10:00,2558027
77.4,82.1,81.0,71.5,2026-06-12 06:20:00,2558027
77.6,82.1,81.3,71.7,2026-06-12 06:30:00,2558027
77.8,81.8,81.5,71.8,2026-06-12 06:40:00,2558027
78.0,81.6,81.9,71.9,2026-06-12 06:50:00,2558027
78.5,81.3,82.9,72.3,2026-06-12 07:00:00,2558027
79.0,80.8,84.0,72.6,2026-06-12 07:10:00,2558027
79.8,79.6,85.3,73.0,2026-06-12 07:20:00,2558027
80.7,78.2,86.7,73.3,2026-06-12 07:30:00,2558027
81.1,76.7,86.9,73.1,2026-06-12 07:40:00,2558027
81.2,76.5,87.3,73.1,2026-06-12 07:50:00,2558027
82.0,75.8,88.5,73.6,2026-06-12 08:00:00,2558027
81.8,75.1,88.0,73.1,2026-06-12 08:10:00,2558027
82.0,75.1,88.3,73.3,2026-06-12 08:20:00,2558027
82.3,74.3,88.7,73.3,2026-06-12 08:30:00,2558027
83.1,73.1,90.7,73.6,2026-06-12 08:40:00,2558027
83.8,71.8,91.6,73.7,2026-06-12 08:50:00,2558027
84.6,70.6,93.4,74.0,2026-06-12 09:00:00,2558027
85.7,68.4,95.2,74.1,2026-06-12 09:10:00,2558027
87.0,65.5,96.8,74.0,2026-06-12 09:20:00,2558027
87.7,62.6,97.0,73.3,2026-06-12 09:30:00,2558027
88.4,59.0,97.2,72.2,2026-06-12 09:40:00,2558027
90.0,58.0,100.8,73.2,2026-06-12 09:50:00,2558027
90.7,55.1,101.1,72.3,2026-06-12 10:00:00,2558027
92.4,53.1,103.6,72.9,2026-06-12 10:10:00,2558027
92.4,50.1,102.0,71.1,2026-06-12 10:20:00,2558027
93.7,49.6,104.9,72.1,2026-06-12 10:30:00,2558027
97.2,46.7,110.8,73.4,2026-06-12 10:40:00,2558027
98.8,43.3,111.6,72.6,2026-06-12 10:50:00,2558027
99.8,43.3,113.9,73.5,2026-06-12 11:00:00,2558027
99.9,39.8,111.7,71.2,2026-06-12 11:10:00,2558027
98.6,38.8,108.3,69.2,2026-06-12 11:20:00,2558027
101.3,38.5,114.1,71.4,2026-06-12 11:30:00,2558027
99.2,38.5,109.4,69.5,2026-06-12 11:40:00,2558027
100.7,38.2,112.1,70.6,2026-06-12 11:50:00,2558027
95.5,37.9,101.5,65.8,2026-06-12 12:00:00,2558027
99.7,38.5,110.1,69.9,2026-06-12 12:10:00,2558027
99.7,37.6,109.4,69.2,2026-06-12 12:20:00,2558027
100.5,36.9,110.8,69.4,2026-06-12 12:30:00,2558027
101.3,35.5,111.2,69.0,2026-06-12 12:40:00,2558027
101.2,35.8,111.4,69.1,2026-06-12 12:50:00,2558027
101.8,34.8,111.7,68.8,2026-06-12 13:00:00,2558027
100.4,36.0,109.6,68.5,2026-06-12 13:10:00,2558027
100.3,34.2,108.1,67.0,2026-06-12 13:20:00,2558027
99.9,34.8,108.0,67.2,2026-06-12 13:30:00,2558027
99.4,35.6,107.6,67.4,2026-06-12 13:40:00,2558027
100.4,34.7,109.0,67.5,2026-06-12 13:50:00,2558027
100.1,34.0,107.8,66.7,2026-06-12 14:00:00,2558027
100.7,32.9,108.0,66.3,2026-06-12 14:10:00,2558027
101.1,32.7,108.9,66.5,2026-06-12 14:20:00,2558027
98.8,35.9,106.5,67.1,2026-06-12 14:30:00,2558027
98.3,37.8,106.9,68.1,2026-06-12 14:40:00,2558027
98.9,37.5,108.0,68.5,2026-06-12 14:50:00,2558027
99.5,36.4,108.5,68.1,2026-06-12 15:00:00,2558027
100.7,34.7,109.4,67.8,2026-06-12 15:10:00,2558027
102.3,30.5,109.0,65.5,2026-06-12 15:20:00,2558027
101.8,30.8,108.3,65.3,2026-06-12 15:30:00,2558027
102.4,31.5,110.3,66.4,2026-06-12 15:40:00,2558027
101.9,30.9,108.7,65.5,2026-06-12 15:50:00,2558027
101.8,33.9,111.0,68.1,2026-06-12 16:00:00,2558027
100.1,34.7,108.3,67.3,2026-06-12 16:10:00,2558027
101.7,34.0,111.0,68.1,2026-06-12 16:20:00,2558027
102.6,32.9,111.9,67.9,2026-06-12 16:30:00,2558027
104.0,31.2,113.0,67.6,2026-06-12 16:40:00,2558027
104.5,30.9,113.4,67.7,2026-06-12 16:50:00,2558027
101.4,30.2,107.1,64.4,2026-06-12 17:00:00,2558027
103.6,30.8,111.9,66.8,2026-06-12 17:10:00,2558027
103.6,30.8,111.9,66.8,2026-06-12 17:20:00,2558027
101.6,32.2,109.2,66.5,2026-06-12 17:30:00,2558027
100.6,33.3,108.3,66.5,2026-06-12 17:40:00,2558027
100.7,33.9,108.9,67.2,2026-06-12 17:50:00,2558027
100.0,34.5,107.8,67.0,2026-06-12 18:00:00,2558027
99.6,34.1,106.7,66.3,2026-06-12 18:10:00,2558027
99.4,33.6,106.0,65.8,2026-06-12 18:20:00,2558027
99.2,33.9,106.0,65.8,2026-06-12 18:30:00,2558027
98.8,35.1,106.0,66.5,2026-06-12 18:40:00,2558027
98.4,36.2,106.2,67.0,2026-06-12 18:50:00,2558027
97.9,37.0,105.6,67.2,2026-06-12 19:00:00,2558027
97.6,37.8,105.4,67.6,2026-06-12 19:10:00,2558027
97.3,37.7,104.7,67.2,2026-06-12 19:20:00,2558027
96.7,37.8,103.8,66.8,2026-06-12 19:30:00,2558027
96.1,38.3,102.7,66.6,2026-06-12 19:40:00,2558027
95.7,39.3,102.7,67.0,2026-06-12 19:50:00,2558027
95.3,39.7,102.2,66.9,2026-06-12 20:00:00,2558027
94.8,40.5,101.8,67.1,2026-06-12 20:10:00,2558027
94.2,41.1,100.8,67.0,2026-06-12 20:20:00,2558027
93.7,41.8,99.9,67.0,2026-06-12 20:30:00,2558027
93.0,42.9,99.3,67.1,2026-06-12 20:40:00,2558027
92.1,44.1,97.9,67.1,2026-06-12 20:50:00,2558027
91.4,45.0,97.3,67.1,2026-06-12 21:00:00,2558027
90.9,46.0,96.8,67.2,2026-06-12 21:10:00,2558027
90.3,46.9,96.1,67.3,2026-06-12 21:20:00,2558027
90.0,47.6,95.7,67.4,2026-06-12 21:30:00,2558027
89.6,48.4,95.4,67.6,2026-06-12 21:40:00,2558027
89.2,49.3,94.6,67.6,2026-06-12 21:50:00,2558027
88.8,50.0,94.1,67.8,2026-06-12 22:00:00,2558027
88.5,50.6,94.1,67.9,2026-06-12 22:10:00,2558027
88.1,51.4,93.4,67.9,2026-06-12 22:20:00,2558027
87.8,52.2,93.2,68.1,2026-06-12 22:30:00,2558027
87.5,52.6,92.7,68.0,2026-06-12 22:40:00,2558027
87.6,53.3,93.4,68.5,2026-06-12 22:50:00,2558027
87.9,51.3,92.8,67.6,2026-06-12 23:00:00,2558027
88.3,49.9,93.0,67.2,2026-06-12 23:10:00,2558027
88.3,48.0,92.3,66.1,2026-06-12 23:20:00,2558027
87.9,48.2,91.8,65.9,2026-06-12 23:30:00,2558027
87.6,48.4,91.4,65.8,2026-06-12 23:40:00,2558027
87.2,48.2,90.3,65.2,2026-06-12 23:50:00,2558027
86.7,47.1,89.2,64.1,2026-06-13 00:00:00,2558027
86.2,47.7,88.7,64.1,2026-06-13 00:10:00,2558027
85.6,49.2,88.2,64.4,2026-06-13 00:20:00,2558027
85.0,49.7,87.3,64.1,2026-06-13 00:30:00,2558027
84.6,50.9,86.9,64.4,2026-06-13 00:40:00,2558027
84.2,51.7,86.5,64.5,2026-06-13 00:50:00,2558027
84.0,52.1,86.2,64.5,2026-06-13 01:00:00,2558027
83.7,52.8,86.0,64.7,2026-06-13 01:10:00,2558027
83.3,53.4,85.5,64.6,2026-06-13 01:20:00,2558027
83.4,53.8,85.6,64.9,2026-06-13 01:30:00,2558027
83.3,53.8,85.6,64.8,2026-06-13 01:40:00,2558027
83.1,54.1,85.3,64.8,2026-06-13 01:50:00,2558027
82.9,54.8,84.7,64.9,2026-06-13 02:00:00,2558027
82.3,55.7,84.0,64.9,2026-06-13 02:10:00,2558027
82.0,56.4,83.7,64.9,2026-06-13 02:20:00,2558027
81.8,56.6,83.3,64.9,2026-06-13 02:30:00,2558027
81.5,57.3,82.9,64.9,2026-06-13 02:40:00,2558027
81.0,58.2,82.6,64.9,2026-06-13 02:50:00,2558027
80.6,59.0,82.0,64.9,2026-06-13 03:00:00,2558027
80.1,60.0,81.7,65.0,2026-06-13 03:10:00,2558027
79.8,60.9,81.3,65.1,2026-06-13 03:20:00,2558027
79.5,61.3,80.8,65.0,2026-06-13 03:30:00,2558027
79.1,62.1,80.4,65.0,2026-06-13 03:40:00,2558027
78.8,62.8,79.9,65.0,2026-06-13 03:50:00,2558027
78.5,63.5,79.9,65.1,2026-06-13 04:00:00,2558027
78.5,63.8,79.9,65.2,2026-06-13 04:10:00,2558027
78.5,63.7,79.9,65.1,2026-06-13 04:20:00,2558027
78.2,64.3,79.3,65.2,2026-06-13 04:30:00,2558027
77.9,65.1,79.0,65.2,2026-06-13 04:40:00,2558027
77.5,66.1,78.6,65.3,2026-06-13 04:50:00,2558027
77.2,66.8,78.3,65.3,2026-06-13 05:00:00,2558027
77.0,67.4,78.1,65.4,2026-06-13 05:10:00,2558027
76.7,68.0,77.5,65.4,2026-06-13 05:20:00,2558027
76.6,68.5,77.4,65.5,2026-06-13 05:30:00,2558027
76.3,69.0,77.2,65.4,2026-06-13 05:40:00,2558027
76.2,69.2,77.0,65.4,2026-06-13 05:50:00,2558027
76.1,69.8,76.8,65.5,2026-06-13 06:00:00,2558027
75.9,70.5,76.6,65.6,2026-06-13 06:10:00,2558027
75.8,70.9,76.8,65.7,2026-06-13 06:20:00,2558027
75.7,71.2,76.6,65.7,2026-06-13 06:30:00,2558027
75.9,71.6,76.8,66.0,2026-06-13 06:40:00,2558027
76.0,72.0,77.0,66.3,2026-06-13 06:50:00,2558027
76.2,72.0,77.2,66.5,2026-06-13 07:00:00,2558027
76.7,71.8,77.9,66.9,2026-06-13 07:10:00,2558027
77.6,70.7,79.5,67.3,2026-06-13 07:20:00,2558027
78.1,70.0,80.2,67.5,2026-06-13 07:30:00,2558027
79.1,68.5,81.7,67.8,2026-06-13 07:40:00,2558027
80.1,67.0,83.1,68.1,2026-06-13 07:50:00,2558027
81.6,65.4,85.1,68.9,2026-06-13 08:00:00,2558027
81.9,63.5,85.3,68.3,2026-06-13 08:10:00,2558027
82.0,62.4,84.9,67.8,2026-06-13 08:20:00,2558027
82.5,61.9,85.8,68.1,2026-06-13 08:30:00,2558027
83.1,61.2,86.7,68.3,2026-06-13 08:40:00,2558027
83.7,60.6,88.0,68.6,2026-06-13 08:50:00,2558027
84.0,59.2,88.0,68.2,2026-06-13 09:00:00,2558027
84.5,58.3,88.9,68.3,2026-06-13 09:10:00,2558027
85.6,57.4,90.7,68.8,2026-06-13 09:20:00,2558027
85.6,57.3,90.5,68.7,2026-06-13 09:30:00,2558027
86.1,56.7,91.6,68.9,2026-06-13 09:40:00,2558027
87.5,55.3,93.7,69.5,2026-06-13 09:50:00,2558027
87.7,52.4,93.0,68.1,2026-06-13 10:00:00,2558027
89.0,52.7,95.7,69.5,2026-06-13 10:10:00,2558027
89.6,51.4,96.3,69.3,2026-06-13 10:20:00,2558027
89.2,51.5,95.7,69.0,2026-06-13 10:30:00,2558027
90.2,49.8,97.2,69.0,2026-06-13 10:40:00,2558027
92.8,49.3,102.2,71.0,2026-06-13 10:50:00,2558027
92.8,46.4,100.6,69.2,2026-06-13 11:00:00,2558027
94.8,45.4,104.5,70.4,2026-06-13 11:10:00,2558027
94.4,43.4,102.2,68.8,2026-06-13 11:20:00,2558027
94.4,44.4,102.7,69.4,2026-06-13 11:30:00,2558027
95.8,43.3,105.3,69.9,2026-06-13 11:40:00,2558027
95.8,42.5,104.7,69.3,2026-06-13 11:50:00,2558027
97.0,41.3,106.3,69.6,2026-06-13 12:00:00,2558027
96.1,41.8,104.9,69.1,2026-06-13 12:10:00,2558027
95.1,42.3,103.1,68.6,2026-06-13 12:20:00,2558027
96.4,41.1,105.1,68.9,2026-06-13 12:30:00,2558027
95.9,41.4,104.5,68.8,2026-06-13 12:40:00,2558027
96.0,41.6,104.7,68.9,2026-06-13 12:50:00,2558027
95.7,42.0,104.2,68.9,2026-06-13 13:00:00,2558027
95.1,42.8,103.5,68.9,2026-06-13 13:10:00,2558027
93.9,43.8,101.3,68.5,2026-06-13 13:20:00,2558027
93.1,44.3,100.0,68.1,2026-06-13 13:30:00,2558027
94.1,43.7,102.0,68.7,2026-06-13 13:40:00,2558027
93.9,43.2,101.3,68.2,2026-06-13 13:50:00,2558027
92.5,43.0,98.2,66.7,2026-06-13 14:00:00,2558027
94.2,44.0,102.2,69.0,2026-06-13 14:10:00,2558027
93.7,42.6,100.4,67.5,2026-06-13 14:20:00,2558027
94.0,43.8,101.7,68.7,2026-06-13 14:30:00,2558027
94.0,42.3,100.9,67.6,2026-06-13 14:40:00,2558027
94.1,43.8,102.0,68.8,2026-06-13 14:50:00,2558027
95.1,41.9,102.9,68.3,2026-06-13 15:00:00,2558027
94.1,41.2,100.8,66.9,2026-06-13 15:10:00,2558027
94.5,41.7,101.7,67.6,2026-06-13 15:20:00,2558027
94.3,42.5,101.5,68.0,2026-06-13 15:30:00,2558027
95.8,41.1,104.0,68.4,2026-06-13 15:40:00,2558027
96.4,38.7,103.6,67.2,2026-06-13 15:50:00,2558027
96.5,38.3,103.8,67.0,2026-06-13 16:00:00,2558027
94.8,39.4,100.9,66.2,2026-06-13 16:10:00,2558027
95.9,40.4,104.0,68.0,2026-06-13 16:20:00,2558027
97.0,38.9,104.9,67.8,2026-06-13 16:30:00,2558027
97.4,38.0,105.3,67.5,2026-06-13 16:40:00,2558027
99.0,35.7,106.9,67.1,2026-06-13 16:50:00,2558027
96.7,37.7,103.8,66.6,2026-06-13 17:00:00,2558027
96.0,38.2,102.6,66.4,2026-06-13 17:10:00,2558027
97.6,36.5,104.7,66.6,2026-06-13 17:20:00,2558027
95.8,38.2,102.2,66.2,2026-06-13 17:30:00,2558027
95.5,39.9,102.6,67.3,2026-06-13 17:40:00,2558027
95.1,38.6,101.1,66.0,2026-06-13 17:50:00,2558027
94.4,39.3,100.0,65.8,2026-06-13 18:00:00,2558027
93.8,40.5,99.7,66.2,2026-06-13 18:10:00,2558027
93.6,41.9,100.0,67.0,2026-06-13 18:20:00,2558027
94.4,40.5,100.8,66.7,2026-06-13 18:30:00,2558027
94.5,39.5,100.6,66.1,2026-06-13 18:40:00,2558027
93.9,40.5,99.7,66.3,2026-06-13 18:50:00,2558027
92.8,42.1,98.2,66.5,2026-06-13 19:00:00,2558027
92.2,43.3,97.9,66.7,2026-06-13 19:10:00,2558027
92.4,43.0,98.2,66.7,2026-06-13 19:20:00,2558027
92.2,43.9,98.1,67.0,2026-06-13 19:30:00,2558027
91.8,45.0,98.1,67.4,2026-06-13 19:40:00,2558027
91.6,44.4,97.3,66.9,2026-06-13 19:50:00,2558027
91.8,44.1,97.7,66.8,2026-06-13 20:00:00,2558027
91.7,44.1,97.3,66.7,2026-06-13 20:10:00,2558027
91.3,44.8,96.8,66.8,2026-06-13 20:20:00,2558027
91.0,44.9,96.3,66.6,2026-06-13 20:30:00,2558027
90.7,45.2,96.1,66.6,2026-06-13 20:40:00,2558027
88.8,48.6,93.6,66.9,2026-06-13 20:50:00,2558027
82.9,58.9,85.8,67.1,2026-06-13 21:00:00,2558027
82.0,65.3,85.6,69.2,2026-06-13 21:10:00,2558027
80.6,68.6,84.0,69.3,2026-06-13 21:20:00,2558027
79.5,69.4,82.4,68.6,2026-06-13 21:30:00,2558027
79.8,69.1,82.9,68.7,2026-06-13 21:40:00,2558027
78.4,73.3,81.1,69.2,2026-06-13 21:50:00,2558027
77.1,77.5,79.3,69.5,2026-06-13 22:00:00,2558027
76.6,78.4,78.6,69.4,2026-06-13 22:10:00,2558027
76.3,79.4,78.4,69.5,2026-06-13 22:20:00,2558027
76.2,79.5,78.3,69.4,2026-06-13 22:30:00,2558027
76.5,77.9,78.6,69.1,2026-06-13 22:40:00,2558027
76.5,77.5,78.4,68.9,2026-06-13 22:50:00,2558027
76.6,77.7,78.6,69.2,2026-06-13 23:00:00,2558027
76.6,77.7,78.4,69.1,2026-06-13 23:10:00,2558027
76.5,78.0,78.6,69.1,2026-06-13 23:20:00,2558027
76.5,78.0,78.6,69.1,2026-06-13 23:30:00,2558027
76.5,77.8,78.4,69.0,2026-06-13 23:40:00,2558027
76.6,77.4,78.4,69.0,2026-06-13 23:50:00,2558027
76.6,77.0,78.4,68.9,2026-06-14 00:00:00,2558027
76.6,76.8,78.4,68.8,2026-06-14 00:10:00,2558027
76.8,76.5,78.6,68.8,2026-06-14 00:20:00,2558027
76.6,76.6,78.6,68.7,2026-06-14 00:30:00,2558027
76.5,77.1,78.4,68.8,2026-06-14 00:40:00,2558027
76.4,77.4,78.1,68.8,2026-06-14 00:50:00,2558027
76.3,77.3,78.1,68.7,2026-06-14 01:00:00,2558027
76.2,77.8,77.9,68.8,2026-06-14 01:10:00,2558027
76.2,78.1,78.1,68.9,2026-06-14 01:20:00,2558027
75.9,79.3,78.1,69.0,2026-06-14 01:30:00,2558027
75.7,80.3,77.7,69.2,2026-06-14 01:40:00,2558027
75.6,80.7,77.7,69.3,2026-06-14 01:50:00,2558027
75.4,81.5,77.5,69.4,2026-06-14 02:00:00,2558027
75.1,82.2,77.4,69.3,2026-06-14 02:10:00,2558027
74.9,83.0,77.2,69.4,2026-06-14 02:20:00,2558027
74.7,83.7,77.0,69.5,2026-06-14 02:30:00,2558027
74.7,83.8,77.0,69.5,2026-06-14 02:40:00,2558027
74.6,84.1,76.8,69.5,2026-06-14 02:50:00,2558027
74.3,84.9,76.6,69.5,2026-06-14 03:00:00,2558027
74.1,85.0,76.3,69.3,2026-06-14 03:10:00,2558027
73.9,85.5,75.9,69.3,2026-06-14 03:20:00,2558027
73.7,85.9,75.7,69.2,2026-06-14 03:30:00,2558027
73.4,27.5,70.2,37.8,2026-05-28 16:50:00,2974339
74.1,41.4,72.1,49.2,2026-05-28 17:00:00,2974339
72.7,36.6,70.5,44.7,2026-05-28 17:10:00,2974339
77.8,57.3,77.9,61.5,2026-05-28 17:20:00,2974339
88.2,41.6,89.8,61.9,2026-05-28 17:40:00,2974339
88.3,41.3,89.8,61.8,2026-05-28 18:00:00,2974339
87.7,40.5,88.9,60.7,2026-05-28 18:20:00,2974339
87.3,42.1,88.7,61.4,2026-05-28 18:40:00,2974339
86.2,44.0,87.6,61.8,2026-05-28 19:00:00,2974339
86.7,43.1,88.2,61.7,2026-05-28 19:20:00,2974339
86.0,45.5,87.8,62.5,2026-05-28 19:40:00,2974339
85.0,47.3,86.5,62.7,2026-05-28 20:00:00,2974339
84.0,49.1,85.3,62.8,2026-05-28 20:20:00,2974339
82.9,51.1,84.0,63.0,2026-05-28 20:40:00,2974339
81.2,55.8,82.4,63.9,2026-05-28 21:00:00,2974339
79.5,59.3,80.6,64.0,2026-05-28 21:20:00,2974339
79.3,58.6,80.2,63.6,2026-05-28 21:40:00,2974339
78.9,58.7,79.7,63.2,2026-05-28 22:00:00,2974339
77.9,61.1,78.3,63.4,2026-05-28 22:20:00,2974339
78.1,56.0,78.1,61.1,2026-05-28 22:40:00,2974339
78.6,52.2,78.4,59.6,2026-05-28 23:00:00,2974339
78.1,53.1,77.7,59.6,2026-05-28 23:20:00,2974339
77.3,52.1,76.5,58.4,2026-05-28 23:40:00,2974339
76.5,52.2,75.6,57.7,2026-05-29 00:00:00,2974339
75.9,52.4,75.0,57.3,2026-05-29 00:20:00,2974339
75.3,53.0,74.3,57.0,2026-05-29 00:40:00,2974339
74.7,53.3,73.8,56.6,2026-05-29 01:00:00,2974339
74.3,53.3,73.4,56.2,2026-05-29 01:20:00,2974339
73.8,53.8,73.0,56.0,2026-05-29 01:40:00,2974339
73.4,54.6,72.7,56.0,2026-05-29 02:00:00,2974339
72.9,55.2,72.5,55.9,2026-05-29 02:20:00,2974339
72.3,56.4,71.8,55.9,2026-05-29 02:40:00,2974339
71.5,57.0,71.1,55.4,2026-05-29 03:00:00,2974339
70.9,57.8,70.7,55.3,2026-05-29 03:20:00,2974339
70.2,58.7,69.8,55.1,2026-05-29 03:40:00,2974339
69.6,60.1,69.1,55.1,2026-05-29 04:00:00,2974339
68.6,62.2,67.8,55.1,2026-05-29 04:20:00,2974339
67.9,65.1,67.1,55.8,2026-05-29 04:40:00,2974339
67.6,65.7,66.6,55.7,2026-05-29 05:00:00,2974339
66.2,67.1,64.9,55.0,2026-05-29 05:20:00,2974339
65.3,70.1,64.0,55.3,2026-05-29 05:40:00,2974339
64.8,70.1,63.5,54.8,2026-05-29 06:00:00,2974339
66.0,64.5,64.2,53.7,2026-05-29 06:20:00,2974339
66.4,61.4,64.8,52.7,2026-05-29 06:40:00,2974339
66.3,61.6,64.4,52.7,2026-05-29 07:00:00,2974339
69.6,55.8,68.5,53.1,2026-05-29 07:20:00,2974339
67.6,57.6,66.0,52.2,2026-05-29 07:40:00,2974339
67.8,57.5,66.6,52.3,2026-05-29 08:00:00,2974339
69.1,56.9,68.2,53.2,2026-05-29 08:20:00,2974339
69.3,56.6,68.4,53.2,2026-05-29 08:40:00,2974339
70.1,55.3,69.4,53.4,2026-05-29 09:00:00,2974339
71.8,51.4,71.1,52.9,2026-05-29 09:20:00,2974339
71.8,51.5,71.1,53.0,2026-05-29 09:40:00,2974339
72.6,50.8,71.8,53.3,2026-05-29 10:00:00,2974339
73.1,50.5,72.1,53.7,2026-05-29 10:20:00,2974339
74.9,48.2,73.6,54.0,2026-05-29 10:40:00,2974339
75.3,47.2,73.8,53.8,2026-05-29 11:00:00,2974339
76.5,44.9,74.7,53.5,2026-05-29 11:20:00,2974339
77.2,44.2,75.4,53.8,2026-05-29 11:40:00,2974339
77.3,41.7,75.0,52.2,2026-05-29 12:00:00,2974339
77.8,41.7,75.9,52.7,2026-05-29 12:20:00,2974339
78.1,41.3,76.1,52.7,2026-05-29 12:40:00,2974339
80.0,41.2,78.3,54.3,2026-05-29 13:00:00,2974339
79.8,40.0,77.9,53.4,2026-05-29 13:20:00,2974339
81.8,39.1,80.1,54.4,2026-05-29 13:40:00,2974339
82.0,38.0,80.2,53.9,2026-05-29 14:00:00,2974339
83.3,38.1,81.9,55.1,2026-05-29 14:20:00,2974339
82.7,38.2,81.0,54.6,2026-05-29 14:40:00,2974339
83.7,38.2,82.6,55.5,2026-05-29 15:00:00,2974339
84.4,38.4,83.5,56.4,2026-05-29 15:20:00,2974339
83.4,38.1,82.0,55.2,2026-05-29 15:40:00,2974339
83.9,39.0,82.9,56.3,2026-05-29 16:00:00,2974339
84.2,38.7,83.3,56.4,2026-05-29 16:20:00,2974339
83.8,39.8,82.8,56.7,2026-05-29 16:40:00,2974339
84.7,39.8,84.0,57.6,2026-05-29 17:00:00,2974339
84.0,41.0,83.5,57.8,2026-05-29 17:20:00,2974339
84.7,39.9,84.2,57.6,2026-05-29 17:40:00,2974339
84.5,39.3,83.8,57.1,2026-05-29 18:00:00,2974339
84.4,39.4,83.8,57.0,2026-05-29 18:20:00,2974339
83.5,41.0,82.9,57.4,2026-05-29 18:40:00,2974339
83.2,41.1,82.4,57.2,2026-05-29 19:00:00,2974339
83.0,42.5,82.4,57.9,2026-05-29 19:20:00,2974339
82.7,43.9,82.0,58.5,2026-05-29 19:40:00,2974339
81.8,45.8,81.1,58.9,2026-05-29 20:00:00,2974339
80.4,48.8,79.9,59.4,2026-05-29 20:20:00,2974339
78.4,53.8,78.1,60.2,2026-05-29 20:40:00,2974339
77.3,55.1,76.8,59.9,2026-05-29 21:00:00,2974339
76.3,57.7,75.9,60.3,2026-05-29 21:20:00,2974339
75.3,59.6,75.0,60.2,2026-05-29 21:40:00,2974339
74.6,62.1,74.7,60.7,2026-05-29 22:00:00,2974339
73.7,64.3,73.9,60.9,2026-05-29 22:20:00,2974339
73.5,65.5,73.8,61.3,2026-05-29 22:40:00,2974339
73.1,66.6,73.6,61.3,2026-05-29 23:00:00,2974339
73.0,67.6,73.4,61.6,2026-05-29 23:20:00,2974339
72.6,68.9,73.0,61.8,2026-05-29 23:40:00,2974339
73.7,66.3,74.1,61.7,2026-05-30 00:00:00,2974339
74.7,65.3,75.0,62.3,2026-05-30 00:20:00,2974339
74.7,66.4,75.2,62.8,2026-05-30 00:40:00,2974339
74.5,68.0,75.2,63.2,2026-05-30 01:00:00,2974339
74.4,69.4,75.2,63.7,2026-05-30 01:20:00,2974339
74.0,70.9,74.8,64.0,2026-05-30 01:40:00,2974339
73.7,72.5,74.7,64.3,2026-05-30 02:00:00,2974339
73.3,74.1,74.3,64.5,2026-05-30 02:20:00,2974339
72.8,75.9,73.9,64.7,2026-05-30 02:40:00,2974339
72.4,77.5,73.6,65.0,2026-05-30 03:00:00,2974339
72.3,78.7,73.4,65.3,2026-05-30 03:20:00,2974339
72.0,80.1,73.4,65.6,2026-05-30 03:40:00,2974339
71.8,81.1,73.2,65.7,2026-05-30 04:00:00,2974339
71.8,82.1,73.2,66.1,2026-05-30 04:20:00,2974339
71.8,82.7,73.4,66.3,2026-05-30 04:40:00,2974339
71.7,83.3,73.2,66.4,2026-05-30 05:00:00,2974339
71.5,84.0,73.0,66.4,2026-05-30 05:20:00,2974339
71.5,84.4,73.0,66.5,2026-05-30 05:40:00,2974339
71.2,85.0,72.5,66.5,2026-05-30 06:00:00,2974339
71.2,85.6,72.5,66.6,2026-05-30 06:20:00,2974339
71.8,85.5,73.4,67.2,2026-05-30 06:40:00,2974339
72.8,84.3,74.5,67.7,2026-05-30 07:00:00,2974339
73.3,83.0,75.2,67.9,2026-05-30 07:20:00,2974339
74.0,81.8,75.7,68.1,2026-05-30 07:40:00,2974339
74.4,81.1,76.3,68.2,2026-05-30 08:00:00,2974339
75.2,78.9,77.0,68.2,2026-05-30 08:20:00,2974339
76.2,73.0,77.4,67.0,2026-05-30 08:40:00,2974339
77.2,62.1,77.4,63.2,2026-05-30 09:00:00,2974339
77.8,52.0,77.2,58.8,2026-05-30 09:20:00,2974339
78.0,47.2,76.8,56.2,2026-05-30 09:40:00,2974339
77.8,45.6,76.3,55.1,2026-05-30 10:00:00,2974339
79.6,43.7,78.3,55.6,2026-05-30 10:20:00,2974339
80.9,37.8,78.8,52.8,2026-05-30 10:40:00,2974339
80.8,36.7,78.6,51.9,2026-05-30 11:00:00,2974339
81.1,32.8,78.1,49.1,2026-05-30 11:20:00,2974339
81.6,31.5,78.4,48.5,2026-05-30 11:40:00,2974339
82.0,32.3,79.2,49.5,2026-05-30 12:00:00,2974339
82.7,29.6,79.3,47.8,2026-05-30 12:20:00,2974339
83.3,27.9,79.7,46.7,2026-05-30 12:40:00,2974339
84.6,27.5,81.5,47.4,2026-05-30 13:00:00,2974339
84.6,26.7,81.3,46.6,2026-05-30 13:20:00,2974339
85.3,24.4,81.7,44.9,2026-05-30 13:40:00,2974339
85.7,25.2,82.2,46.1,2026-05-30 14:00:00,2974339
86.0,24.9,82.4,45.9,2026-05-30 14:20:00,2974339
86.5,21.5,82.4,42.6,2026-05-30 14:40:00,2974339
88.0,22.3,84.4,44.7,2026-05-30 15:00:00,2974339
87.8,21.9,84.0,44.1,2026-05-30 15:20:00,2974339
89.0,23.2,85.6,46.6,2026-05-30 15:40:00,2974339
88.1,23.8,84.7,46.5,2026-05-30 16:00:00,2974339
87.5,21.8,83.7,43.7,2026-05-30 16:20:00,2974339
87.5,26.5,84.6,48.9,2026-05-30 16:40:00,2974339
85.2,26.2,81.9,46.7,2026-05-30 17:00:00,2974339
86.1,26.3,82.9,47.6,2026-05-30 17:20:00,2974339
85.7,26.3,82.4,47.2,2026-05-30 17:40:00,2974339
86.3,28.6,83.5,49.9,2026-05-30 18:00:00,2974339
84.3,29.9,81.3,49.4,2026-05-30 18:20:00,2974339
83.0,32.8,80.4,50.7,2026-05-30 18:40:00,2974339
82.3,32.9,79.5,50.3,2026-05-30 19:00:00,2974339
81.6,31.8,78.4,48.7,2026-05-30 19:20:00,2974339
81.2,32.6,78.3,49.1,2026-05-30 19:40:00,2974339
80.8,33.3,78.1,49.3,2026-05-30 20:00:00,2974339
80.0,35.3,77.4,50.1,2026-05-30 20:20:00,2974339
78.9,37.9,76.5,51.1,2026-05-30 20:40:00,2974339
77.6,39.6,75.2,51.1,2026-05-30 21:00:00,2974339
76.1,41.8,74.1,51.2,2026-05-30 21:20:00,2974339
77.2,35.3,74.5,47.7,2026-05-30 21:40:00,2974339
76.6,33.7,73.8,45.9,2026-05-30 22:00:00,2974339
75.6,35.6,72.9,46.5,2026-05-30 22:20:00,2974339
73.9,47.7,72.5,52.8,2026-05-30 22:40:00,2974339
72.2,56.9,71.8,56.0,2026-05-30 23:00:00,2974339
71.2,54.7,70.5,54.0,2026-05-30 23:20:00,2974339
70.3,51.4,69.3,51.5,2026-05-30 23:40:00,2974339
69.4,52.2,68.0,51.2,2026-05-31 00:00:00,2974339
67.9,58.0,66.6,52.6,2026-05-31 00:20:00,2974339
66.4,62.8,64.9,53.3,2026-05-31 00:40:00,2974339
65.9,64.0,64.2,53.3,2026-05-31 01:00:00,2974339
65.5,58.4,63.3,50.6,2026-05-31 01:20:00,2974339
64.8,63.4,62.8,52.1,2026-05-31 01:40:00,2974339
63.9,64.0,62.1,51.5,2026-05-31 02:00:00,2974339
63.3,62.8,61.2,50.4,2026-05-31 02:20:00,2974339
63.2,59.8,60.8,49.0,2026-05-31 02:40:00,2974339
62.7,60.5,60.4,48.8,2026-05-31 03:00:00,2974339
62.4,61.1,60.1,48.8,2026-05-31 03:20:00,2974339
62.2,61.5,60.1,48.8,2026-05-31 03:40:00,2974339
61.9,62.4,60.1,48.9,2026-05-31 04:00:00,2974339
61.4,62.9,59.5,48.7,2026-05-31 04:20:00,2974339
61.0,63.7,59.2,48.6,2026-05-31 04:40:00,2974339
60.4,64.3,58.6,48.3,2026-05-31 05:00:00,2974339
60.1,65.9,58.6,48.7,2026-05-31 05:20:00,2974339
59.7,66.6,58.1,48.6,2026-05-31 05:40:00,2974339
59.4,67.9,58.1,48.8,2026-05-31 06:00:00,2974339
59.3,68.2,57.9,48.8,2026-05-31 06:20:00,2974339
59.5,69.4,58.1,49.4,2026-05-31 06:40:00,2974339
59.5,70.7,58.3,49.9,2026-05-31 07:00:00,2974339
63.3,64.1,61.3,51.0,2026-05-31 07:20:00,2974339
61.1,65.5,59.4,49.4,2026-05-31 07:40:00,2974339
61.6,66.5,59.9,50.3,2026-05-31 08:00:00,2974339
62.2,66.5,60.4,50.9,2026-05-31 08:20:00,2974339
63.8,63.2,61.7,51.1,2026-05-31 08:40:00,2974339
63.8,59.3,61.3,49.4,2026-05-31 09:00:00,2974339
66.5,54.0,64.0,49.4,2026-05-31 09:20:00,2974339
66.5,51.2,63.9,47.9,2026-05-31 09:40:00,2974339
67.0,50.1,64.6,47.8,2026-05-31 10:00:00,2974339
68.3,49.7,66.2,48.7,2026-05-31 10:20:00,2974339
68.6,48.5,66.7,48.4,2026-05-31 10:40:00,2974339
69.9,47.6,68.5,49.1,2026-05-31 11:00:00,2974339
70.9,43.7,69.6,47.7,2026-05-31 11:20:00,2974339
71.5,44.1,70.2,48.5,2026-05-31 11:40:00,2974339
72.2,41.9,70.7,47.8,2026-05-31 12:00:00,2974339
72.5,41.5,70.9,47.8,2026-05-31 12:20:00,2974339
73.0,40.3,71.1,47.4,2026-05-31 12:40:00,2974339
73.4,40.0,71.4,47.6,2026-05-31 13:00:00,2974339
74.8,40.1,72.7,49.0,2026-05-31 13:20:00,2974339
76.3,38.5,73.9,49.2,2026-05-31 13:40:00,2974339
77.0,37.3,74.5,49.0,2026-05-31 14:00:00,2974339
76.5,38.8,74.1,49.5,2026-05-31 14:20:00,2974339
76.4,37.9,73.8,48.9,2026-05-31 14:40:00,2974339
78.5,36.7,75.9,49.8,2026-05-31 15:00:00,2974339
78.4,37.1,75.9,50.1,2026-05-31 15:20:00,2974339
77.8,37.6,75.2,49.9,2026-05-31 15:40:00,2974339
78.5,38.7,76.3,51.3,2026-05-31 16:00:00,2974339
78.7,38.5,76.5,51.3,2026-05-31 16:20:00,2974339
78.9,39.5,76.8,52.2,2026-05-31 16:40:00,2974339
77.8,39.6,75.6,51.3,2026-05-31 17:00:00,2974339
78.2,39.3,75.9,51.4,2026-05-31 17:20:00,2974339
78.3,39.7,76.1,51.8,2026-05-31 17:40:00,2974339
77.4,40.4,75.2,51.5,2026-05-31 18:00:00,2974339
77.6,42.1,75.7,52.7,2026-05-31 18:20:00,2974339
77.3,43.5,75.4,53.4,2026-05-31 18:40:00,2974339
76.7,43.8,74.8,53.1,2026-05-31 19:00:00,2974339
76.5,44.6,74.7,53.3,2026-05-31 19:20:00,2974339
75.9,46.3,74.1,53.8,2026-05-31 19:40:00,2974339
75.5,47.8,73.9,54.3,2026-05-31 20:00:00,2974339
74.8,48.7,73.4,54.2,2026-05-31 20:20:00,2974339
73.7,50.2,72.7,54.1,2026-05-31 20:40:00,2974339
72.5,51.7,71.8,53.7,2026-05-31 21:00:00,2974339
72.4,53.2,71.8,54.4,2026-05-31 21:20:00,2974339
72.4,53.3,71.8,54.5,2026-05-31 21:40:00,2974339
71.8,53.9,71.2,54.2,2026-05-31 22:00:00,2974339
72.1,52.2,71.2,53.6,2026-05-31 22:20:00,2974339
71.7,54.5,71.1,54.4,2026-05-31 22:40:00,2974339
71.5,56.0,71.1,55.0,2026-05-31 23:00:00,2974339
71.4,57.3,70.9,55.5,2026-05-31 23:20:00,2974339
71.4,57.8,71.1,55.8,2026-05-31 23:40:00,2974339
70.8,59.8,70.7,56.1,2026-06-01 00:00:00,2974339
70.8,61.2,70.9,56.8,2026-06-01 00:20:00,2974339
70.4,62.5,70.3,57.0,2026-06-01 00:40:00,2974339
70.1,63.6,70.0,57.2,2026-06-01 01:00:00,2974339
70.1,64.2,70.0,57.4,2026-06-01 01:20:00,2974339
70.1,64.2,70.0,57.5,2026-06-01 01:40:00,2974339
70.3,65.3,70.2,58.0,2026-06-01 02:00:00,2974339
70.2,66.1,70.3,58.4,2026-06-01 02:20:00,2974339
70.0,66.6,70.2,58.4,2026-06-01 02:40:00,2974339
69.8,67.6,70.0,58.6,2026-06-01 03:00:00,2974339
69.5,68.3,69.4,58.6,2026-06-01 03:20:00,2974339
69.3,69.0,69.4,58.7,2026-06-01 03:40:00,2974339
68.6,70.1,68.4,58.4,2026-06-01 04:00:00,2974339
68.3,71.6,68.0,58.8,2026-06-01 04:20:00,2974339
68.1,72.7,67.8,59.0,2026-06-01 04:40:00,2974339
68.5,72.5,68.4,59.3,2026-06-01 05:00:00,2974339
68.3,72.9,68.2,59.3,2026-06-01 05:20:00,2974339
68.3,72.9,68.2,59.2,2026-06-01 05:40:00,2974339
68.0,73.1,67.8,59.1,2026-06-01 06:00:00,2974339
67.4,74.1,67.1,58.9,2026-06-01 06:20:00,2974339
67.9,73.7,67.8,59.3,2026-06-01 06:40:00,2974339
67.9,75.3,68.0,59.8,2026-06-01 07:00:00,2974339
70.0,71.2,70.3,60.3,2026-06-01 07:20:00,2974339
70.0,70.8,70.3,60.1,2026-06-01 07:40:00,2974339
70.4,69.9,70.9,60.1,2026-06-01 08:00:00,2974339
71.2,69.3,71.8,60.7,2026-06-01 08:20:00,2974339
71.9,68.7,72.3,61.0,2026-06-01 08:40:00,2974339
71.6,69.1,72.3,61.0,2026-06-01 09:00:00,2974339
72.7,69.2,73.4,62.0,2026-06-01 09:20:00,2974339
73.6,68.5,74.3,62.6,2026-06-01 09:40:00,2974339
74.0,67.3,74.5,62.4,2026-06-01 10:00:00,2974339
75.0,67.2,75.4,63.3,2026-06-01 10:20:00,2974339
75.7,65.8,75.9,63.5,2026-06-01 10:40:00,2974339
75.9,65.8,76.3,63.7,2026-06-01 11:00:00,2974339
76.7,63.7,77.0,63.4,2026-06-01 11:20:00,2974339
77.7,62.9,78.6,64.1,2026-06-01 11:40:00,2974339
78.9,61.0,79.9,64.3,2026-06-01 12:00:00,2974339
80.3,57.1,81.5,63.7,2026-06-01 12:20:00,2974339
81.6,54.2,82.8,63.5,2026-06-01 12:40:00,2974339
82.5,50.5,83.1,62.2,2026-06-01 13:00:00,2974339
83.4,49.6,84.6,62.6,2026-06-01 13:20:00,2974339
82.9,47.9,83.1,61.1,2026-06-01 13:40:00,2974339
83.0,45.0,82.8,59.5,2026-06-01 14:00:00,2974339
82.6,48.1,82.9,61.0,2026-06-01 14:20:00,2974339
82.8,45.3,82.6,59.5,2026-06-01 14:40:00,2974339
83.4,43.1,83.1,58.6,2026-06-01 15:00:00,2974339
82.9,40.3,81.7,56.3,2026-06-01 15:20:00,2974339
83.4,37.3,81.9,54.7,2026-06-01 15:40:00,2974339
83.9,35.7,82.2,53.9,2026-06-01 16:00:00,2974339
84.7,36.7,83.3,55.3,2026-06-01 16:20:00,2974339
85.1,37.7,84.4,56.5,2026-06-01 16:40:00,2974339
82.8,40.0,81.7,56.0,2026-06-01 17:00:00,2974339
81.6,41.3,80.2,55.8,2026-06-01 17:20:00,2974339
81.5,40.5,80.1,55.2,2026-06-01 17:40:00,2974339
81.0,41.2,79.5,55.2,2026-06-01 18:00:00,2974339
80.6,42.2,79.3,55.5,2026-06-01 18:20:00,2974339
80.2,42.0,78.6,55.0,2026-06-01 18:40:00,2974339
79.8,41.0,78.1,54.0,2026-06-01 19:00:00,2974339
79.5,40.7,77.7,53.6,2026-06-01 19:20:00,2974339
78.4,41.8,76.5,53.3,2026-06-01 19:40:00,2974339
77.8,41.8,75.9,52.8,2026-06-01 20:00:00,2974339
77.1,40.9,74.8,51.5,2026-06-01 20:20:00,2974339
76.3,41.6,74.1,51.3,2026-06-01 20:40:00,2974339
75.6,42.4,73.6,51.2,2026-06-01 21:00:00,2974339
75.0,43.1,73.0,51.1,2026-06-01 21:20:00,2974339
74.8,42.8,72.9,50.7,2026-06-01 21:40:00,2974339
74.4,43.0,72.5,50.5,2026-06-01 22:00:00,2974339
73.9,43.5,72.1,50.3,2026-06-01 22:20:00,2974339
73.5,42.5,71.8,49.4,2026-06-01 22:40:00,2974339
73.3,42.8,71.6,49.4,2026-06-01 23:00:00,2974339
72.7,47.0,71.4,51.3,2026-06-01 23:20:00,2974339
71.5,52.6,70.9,53.3,2026-06-01 23:40:00,2974339
71.0,54.6,70.3,53.8,2026-06-02 00:00:00,2974339
70.6,55.4,70.2,53.8,2026-06-02 00:20:00,2974339
70.2,55.6,69.6,53.6,2026-06-02 00:40:00,2974339
69.9,55.1,69.1,53.0,2026-06-02 01:00:00,2974339
69.4,54.2,68.2,52.1,2026-06-02 01:20:00,2974339
68.8,53.4,67.5,51.2,2026-06-02 01:40:00,2974339
68.1,52.1,66.2,49.8,2026-06-02 02:00:00,2974339
67.3,50.0,65.1,48.0,2026-06-02 02:20:00,2974339
66.6,52.0,64.0,48.5,2026-06-02 02:40:00,2974339
66.1,53.3,63.5,48.6,2026-06-02 03:00:00,2974339
65.3,55.0,62.6,48.7,2026-06-02 03:20:00,2974339
64.6,57.1,62.1,49.1,2026-06-02 03:40:00,2974339
64.0,59.6,61.5,49.7,2026-06-02 04:00:00,2974339
63.4,61.8,61.2,50.1,2026-06-02 04:20:00,2974339
62.9,64.3,61.0,50.7,2026-06-02 04:40:00,2974339
62.6,65.0,60.8,50.7,2026-06-02 05:00:00,2974339
62.2,66.5,60.4,50.9,2026-06-02 05:20:00,2974339
61.6,68.1,60.1,51.0,2026-06-02 05:40:00,2974339
61.2,69.8,59.9,51.3,2026-06-02 06:00:00,2974339
61.1,71.0,59.7,51.6,2026-06-02 06:20:00,2974339
61.1,71.6,59.9,51.8,2026-06-02 06:40:00,2974339
61.5,72.4,60.4,52.6,2026-06-02 07:00:00,2974339
61.3,71.4,60.1,52.0,2026-06-02 07:20:00,2974339
61.6,70.2,60.3,51.9,2026-06-02 07:40:00,2974339
61.8,69.1,60.3,51.5,2026-06-02 08:00:00,2974339
62.3,67.4,60.6,51.4,2026-06-02 08:20:00,2974339
63.5,63.9,61.5,51.0,2026-06-02 08:40:00,2974339
63.2,62.1,61.2,50.0,2026-06-02 09:00:00,2974339
66.7,57.5,64.6,51.2,2026-06-02 09:20:00,2974339
67.5,54.0,65.7,50.3,2026-06-02 09:40:00,2974339
67.2,52.8,65.1,49.4,2026-06-02 10:00:00,2974339
67.5,51.9,65.5,49.2,2026-06-02 10:20:00,2974339
69.1,49.5,67.3,49.4,2026-06-02 10:40:00,2974339
68.9,47.4,67.1,48.1,2026-06-02 11:00:00,2974339
70.0,44.9,68.5,47.7,2026-06-02 11:20:00,2974339
72.0,43.7,70.7,48.7,2026-06-02 11:40:00,2974339
72.9,40.1,71.1,47.3,2026-06-02 12:00:00,2974339
74.2,39.5,72.1,48.0,2026-06-02 12:20:00,2974339
74.8,37.7,72.3,47.3,2026-06-02 12:40:00,2974339
75.0,38.6,72.7,48.1,2026-06-02 13:00:00,2974339
76.0,37.2,73.4,48.0,2026-06-02 13:20:00,2974339
76.2,36.1,73.4,47.4,2026-06-02 13:40:00,2974339
77.0,35.2,74.3,47.4,2026-06-02 14:00:00,2974339
76.1,33.0,72.9,44.9,2026-06-02 14:20:00,2974339
76.9,33.1,73.8,45.7,2026-06-02 14:40:00,2974339
76.5,29.6,73.0,42.5,2026-06-02 15:00:00,2974339
77.5,30.4,74.1,44.0,2026-06-02 15:20:00,2974339
77.1,30.1,73.8,43.4,2026-06-02 15:40:00,2974339
77.4,30.2,74.1,43.8,2026-06-02 16:00:00,2974339
78.7,30.2,75.4,44.8,2026-06-02 16:20:00,2974339
77.5,30.4,74.1,43.9,2026-06-02 16:40:00,2974339
77.0,30.5,73.8,43.6,2026-06-02 17:00:00,2974339
76.4,29.9,72.9,42.6,2026-06-02 17:20:00,2974339
76.7,29.4,73.2,42.4,2026-06-02 17:40:00,2974339
75.5,30.4,72.3,42.2,2026-06-02 18:00:00,2974339
75.2,28.9,72.0,40.7,2026-06-02 18:20:00,2974339
74.4,28.7,71.2,39.8,2026-06-02 18:40:00,2974339
74.4,30.5,71.4,41.5,2026-06-02 19:00:00,2974339
73.4,29.9,70.3,40.0,2026-06-02 19:20:00,2974339
73.0,29.7,70.0,39.5,2026-06-02 19:40:00,2974339
72.1,30.0,69.4,39.0,2026-06-02 20:00:00,2974339
71.3,30.6,68.9,38.8,2026-06-02 20:20:00,2974339
70.7,31.7,68.5,39.2,2026-06-02 20:40:00,2974339
69.7,32.7,67.1,39.1,2026-06-02 21:00:00,2974339
69.1,32.9,66.2,38.8,2026-06-02 21:20:00,2974339
68.4,33.7,65.1,38.8,2026-06-02 21:40:00,2974339
67.7,35.5,64.4,39.5,2026-06-02 22:00:00,2974339
66.9,36.7,63.5,39.7,2026-06-02 22:20:00,2974339
66.0,38.7,62.1,40.2,2026-06-02 22:40:00,2974339
65.0,41.5,61.0,41.1,2026-06-02 23:00:00,2974339
63.8,44.7,59.9,41.9,2026-06-02 23:20:00,2974339
62.7,45.5,59.2,41.4,2026-06-02 23:40:00,2974339
61.6,46.8,58.3,41.1,2026-06-03 00:00:00,2974339
60.3,48.6,57.2,40.9,2026-06-03 00:20:00,2974339
59.5,50.6,56.7,41.1,2026-06-03 00:40:00,2974339
58.5,52.3,55.9,41.1,2026-06-03 01:00:00,2974339
57.5,55.2,55.2,41.5,2026-06-03 01:20:00,2974339
56.9,56.1,54.7,41.4,2026-06-03 01:40:00,2974339
56.2,58.2,54.3,41.7,2026-06-03 02:00:00,2974339
55.6,60.5,54.0,42.2,2026-06-03 02:20:00,2974339
55.2,61.5,53.4,42.2,2026-06-03 02:40:00,2974339
54.6,63.7,53.1,42.6,2026-06-03 03:00:00,2974339
54.1,65.9,52.9,43.0,2026-06-03 03:20:00,2974339
53.9,65.8,52.7,42.8,2026-06-03 03:40:00,2974339
53.6,66.9,52.5,42.9,2026-06-03 04:00:00,2974339
53.4,69.3,52.3,43.7,2026-06-03 04:20:00,2974339
53.0,69.5,52.0,43.3,2026-06-03 04:40:00,2974339
52.6,70.9,51.6,43.5,2026-06-03 05:00:00,2974339
52.4,71.7,51.6,43.5,2026-06-03 05:20:00,2974339
52.4,72.6,51.6,43.8,2026-06-03 05:40:00,2974339
52.3,73.4,51.4,44.1,2026-06-03 06:00:00,2974339
52.3,74.3,51.4,44.3,2026-06-03 06:20:00,2974339
53.0,75.6,52.3,45.5,2026-06-03 06:40:00,2974339
54.6,73.8,53.8,46.5,2026-06-03 07:00:00,2974339
63.9,56.0,61.2,47.9,2026-06-03 07:20:00,2974339
62.6,50.2,59.5,43.8,2026-06-03 07:40:00,2974339
62.6,51.2,59.5,44.3,2026-06-03 08:00:00,2974339
64.3,49.0,61.0,44.8,2026-06-03 08:20:00,2974339
65.9,46.4,62.6,44.8,2026-06-03 08:40:00,2974339
67.3,44.4,64.6,44.9,2026-06-03 09:00:00,2974339
69.8,40.8,67.6,44.9,2026-06-03 09:20:00,2974339
71.5,37.7,69.6,44.4,2026-06-03 09:40:00,2974339
73.1,36.4,70.7,44.9,2026-06-03 10:00:00,2974339
73.6,34.9,71.2,44.2,2026-06-03 10:20:00,2974339
75.0,32.1,72.0,43.3,2026-06-03 10:40:00,2974339
76.1,32.4,72.9,44.4,2026-06-03 11:00:00,2974339
77.3,32.1,74.1,45.2,2026-06-03 11:20:00,2974339
77.5,32.3,74.3,45.5,2026-06-03 11:40:00,2974339
76.7,29.3,73.2,42.4,2026-06-03 12:00:00,2974339
77.9,29.1,74.3,43.1,2026-06-03 12:20:00,2974339
78.5,28.5,75.0,43.2,2026-06-03 12:40:00,2974339
79.5,26.5,75.7,42.1,2026-06-03 13:00:00,2974339
80.2,26.8,76.5,43.0,2026-06-03 13:20:00,2974339
79.6,27.7,75.9,43.4,2026-06-03 13:40:00,2974339
80.3,26.8,76.6,43.1,2026-06-03 14:00:00,2974339
79.7,27.1,76.1,42.9,2026-06-03 14:20:00,2974339
80.6,27.3,76.8,43.8,2026-06-03 14:40:00,2974339
81.6,27.7,77.9,45.1,2026-06-03 15:00:00,2974339
82.8,25.8,79.0,44.2,2026-06-03 15:20:00,2974339
82.2,26.7,78.4,44.6,2026-06-03 15:40:00,2974339
81.3,27.2,77.5,44.3,2026-06-03 16:00:00,2974339
81.8,27.3,78.1,44.8,2026-06-03 16:20:00,2974339
82.2,26.9,78.6,44.8,2026-06-03 16:40:00,2974339
82.0,27.6,78.3,45.3,2026-06-03 17:00:00,2974339
81.6,27.3,77.9,44.7,2026-06-03 17:20:00,2974339
81.1,27.5,77.4,44.5,2026-06-03 17:40:00,2974339
80.9,27.5,77.2,44.3,2026-06-03 18:00:00,2974339
81.1,27.6,77.4,44.5,2026-06-03 18:20:00,2974339
80.7,28.0,77.0,44.6,2026-06-03 18:40:00,2974339
80.6,28.6,77.2,45.0,2026-06-03 19:00:00,2974339
79.9,28.6,76.5,44.5,2026-06-03 19:20:00,2974339
79.2,28.8,75.7,44.0,2026-06-03 19:40:00,2974339
78.4,29.8,74.8,44.3,2026-06-03 20:00:00,2974339
77.4,31.3,74.1,44.7,2026-06-03 20:20:00,2974339
75.9,33.5,73.0,45.2,2026-06-03 20:40:00,2974339
74.2,35.4,71.8,45.1,2026-06-03 21:00:00,2974339
72.6,38.1,70.5,45.6,2026-06-03 21:20:00,2974339
71.0,40.3,69.3,45.6,2026-06-03 21:40:00,2974339
69.7,42.7,67.8,46.0,2026-06-03 22:00:00,2974339
68.5,45.2,66.2,46.5,2026-06-03 22:20:00,2974339
67.8,45.8,65.5,46.2,2026-06-03 22:40:00,2974339
66.7,47.5,63.9,46.1,2026-06-03 23:00:00,2974339
65.9,48.9,63.0,46.1,2026-06-03 23:20:00,2974339
65.2,50.7,61.9,46.5,2026-06-03 23:40:00,2974339
64.3,54.2,61.3,47.4,2026-06-04 00:00:00,2974339
63.5,54.8,60.8,47.0,2026-06-04 00:20:00,2974339
62.7,57.5,60.1,47.5,2026-06-04 00:40:00,2974339
62.4,57.9,60.1,47.5,2026-06-04 01:00:00,2974339
61.4,59.7,59.2,47.3,2026-06-04 01:20:00,2974339
61.1,62.4,59.2,48.2,2026-06-04 01:40:00,2974339
60.6,65.1,59.0,48.8,2026-06-04 02:00:00,2974339
60.0,64.3,58.3,48.0,2026-06-04 02:20:00,2974339
59.5,66.2,57.9,48.2,2026-06-04 02:40:00,2974339
59.1,67.0,57.6,48.2,2026-06-04 03:00:00,2974339
58.6,68.0,57.2,48.1,2026-06-04 03:20:00,2974339
58.1,69.8,57.0,48.3,2026-06-04 03:40:00,2974339
57.5,71.2,56.3,48.3,2026-06-04 04:00:00,2974339
57.5,71.7,56.5,48.4,2026-06-04 04:20:00,2974339
56.8,73.4,56.1,48.4,2026-06-04 04:40:00,2974339
56.4,74.5,55.6,48.4,2026-06-04 05:00:00,2974339
56.3,75.2,55.8,48.6,2026-06-04 05:20:00,2974339
56.0,75.8,55.4,48.5,2026-06-04 05:40:00,2974339
55.9,76.8,55.2,48.7,2026-06-04 06:00:00,2974339
55.7,76.6,55.0,48.4,2026-06-04 06:20:00,2974339
56.0,76.8,55.4,48.8,2026-06-04 06:40:00,2974339
57.2,76.8,56.3,50.0,2026-06-04 07:00:00,2974339
62.7,69.7,61.3,52.7,2026-06-04 07:20:00,2974339
62.5,69.2,61.0,52.3,2026-06-04 07:40:00,2974339
64.6,68.8,63.0,54.1,2026-06-04 08:00:00,2974339
68.2,55.5,66.7,51.7,2026-06-04 08:20:00,2974339
70.3,49.6,69.1,50.6,2026-06-04 08:40:00,2974339
72.3,45.9,71.1,50.3,2026-06-04 09:00:00,2974339
75.1,42.9,73.2,51.0,2026-06-04 09:20:00,2974339
76.4,40.0,74.1,50.3,2026-06-04 09:40:00,2974339
77.9,37.5,75.2,49.9,2026-06-04 10:00:00,2974339
79.2,34.6,76.5,48.9,2026-06-04 10:20:00,2974339
80.1,31.8,77.0,47.4,2026-06-04 10:40:00,2974339
81.3,30.6,77.9,47.4,2026-06-04 11:00:00,2974339
82.0,29.0,78.6,46.7,2026-06-04 11:20:00,2974339
81.9,28.5,78.4,46.1,2026-06-04 11:40:00,2974339
82.8,27.8,79.3,46.2,2026-06-04 12:00:00,2974339
82.8,28.2,79.3,46.6,2026-06-04 12:20:00,2974339
84.1,26.1,80.6,45.6,2026-06-04 12:40:00,2974339
84.2,26.0,80.4,45.6,2026-06-04 13:00:00,2974339
85.5,25.6,82.0,46.3,2026-06-04 13:20:00,2974339
85.6,24.5,81.9,45.2,2026-06-04 13:40:00,2974339
85.1,25.4,81.5,45.8,2026-06-04 14:00:00,2974339
84.8,24.8,81.1,44.9,2026-06-04 14:20:00,2974339
85.8,24.3,82.4,45.2,2026-06-04 14:40:00,2974339
86.1,24.0,82.4,45.2,2026-06-04 15:00:00,2974339
87.2,24.0,83.7,46.1,2026-06-04 15:20:00,2974339
87.2,24.2,83.8,46.3,2026-06-04 15:40:00,2974339
88.3,24.3,85.1,47.3,2026-06-04 16:00:00,2974339
88.0,24.0,84.7,46.7,2026-06-04 16:20:00,2974339
88.0,24.3,84.9,47.0,2026-06-04 16:40:00,2974339
88.7,24.4,85.8,47.7,2026-06-04 17:00:00,2974339
88.3,23.4,84.9,46.3,2026-06-04 17:20:00,2974339
87.1,23.7,83.7,45.6,2026-06-04 17:40:00,2974339
87.7,24.2,84.2,46.7,2026-06-04 18:00:00,2974339
88.5,23.2,84.9,46.3,2026-06-04 18:20:00,2974339
88.2,23.1,84.7,45.8,2026-06-04 18:40:00,2974339
87.5,23.9,84.0,46.2,2026-06-04 19:00:00,2974339
86.8,24.8,83.5,46.6,2026-06-04 19:20:00,2974339
85.6,28.3,82.6,49.0,2026-06-04 19:40:00,2974339
82.9,35.0,80.6,52.5,2026-06-04 20:00:00,2974339
81.2,35.9,78.8,51.6,2026-06-04 20:20:00,2974339
79.5,36.9,77.2,50.9,2026-06-04 20:40:00,2974339
78.0,38.8,75.7,50.9,2026-06-04 21:00:00,2974339
75.9,43.0,73.9,51.9,2026-06-04 21:20:00,2974339
75.5,42.9,73.4,51.4,2026-06-04 21:40:00,2974339
74.4,44.7,72.7,51.5,2026-06-04 22:00:00,2974339
72.3,48.6,71.4,51.9,2026-06-04 22:20:00,2974339
71.8,48.7,70.9,51.5,2026-06-04 22:40:00,2974339
71.0,49.8,70.0,51.3,2026-06-04 23:00:00,2974339
69.7,52.0,68.5,51.3,2026-06-04 23:20:00,2974339
69.1,53.8,68.0,51.7,2026-06-04 23:40:00,2974339
68.3,54.8,66.7,51.4,2026-06-05 00:00:00,2974339
67.6,56.3,65.8,51.5,2026-06-05 00:20:00,2974339
67.0,58.1,65.1,51.8,2026-06-05 00:40:00,2974339
65.6,63.3,63.7,52.8,2026-06-05 01:00:00,2974339
66.7,61.3,64.9,52.9,2026-06-05 01:20:00,2974339
66.8,59.9,65.1,52.5,2026-06-05 01:40:00,2974339
66.3,61.4,64.4,52.6,2026-06-05 02:00:00,2974339
65.9,62.3,64.0,52.7,2026-06-05 02:20:00,2974339
65.0,64.7,63.1,52.9,2026-06-05 02:40:00,2974339
64.5,66.5,62.8,53.0,2026-06-05 03:00:00,2974339
63.9,67.8,62.4,53.0,2026-06-05 03:20:00,2974339
63.0,69.9,61.7,53.0,2026-06-05 03:40:00,2974339
62.4,71.6,61.2,53.1,2026-06-05 04:00:00,2974339
62.3,72.8,61.2,53.4,2026-06-05 04:20:00,2974339
62.0,73.6,61.0,53.5,2026-06-05 04:40:00,2974339
61.6,74.3,60.6,53.4,2026-06-05 05:00:00,2974339
61.1,76.0,60.3,53.5,2026-06-05 05:20:00,2974339
61.1,76.6,60.3,53.7,2026-06-05 05:40:00,2974339
60.9,77.5,60.3,53.8,2026-06-05 06:00:00,2974339
60.8,78.7,60.1,54.1,2026-06-05 06:20:00,2974339
60.9,79.3,60.4,54.4,2026-06-05 06:40:00,2974339
62.0,78.6,61.3,55.2,2026-06-05 07:00:00,2974339
67.3,68.8,66.6,56.7,2026-06-05 07:20:00,2974339
66.6,66.9,65.5,55.3,2026-06-05 07:40:00,2974339
68.3,65.4,67.5,56.3,2026-06-05 08:00:00,2974339
70.3,61.9,70.0,56.6,2026-06-05 08:20:00,2974339
71.8,60.1,71.8,57.3,2026-06-05 08:40:00,2974339
74.6,56.2,73.9,57.9,2026-06-05 09:00:00,2974339
78.1,50.4,77.4,58.2,2026-06-05 09:20:00,2974339
80.9,44.9,79.9,57.5,2026-06-05 09:40:00,2974339
82.3,42.5,81.3,57.2,2026-06-05 10:00:00,2974339
83.1,40.5,82.2,56.7,2026-06-05 10:20:00,2974339
84.2,38.6,83.3,56.3,2026-06-05 10:40:00,2974339
85.6,36.8,84.6,56.1,2026-06-05 11:00:00,2974339
86.5,33.8,85.1,54.6,2026-06-05 11:20:00,2974339
86.9,32.4,85.3,53.8,2026-06-05 11:40:00,2974339
87.7,32.0,86.2,54.2,2026-06-05 12:00:00,2974339
88.2,31.7,86.7,54.3,2026-06-05 12:20:00,2974339
88.6,31.2,87.3,54.3,2026-06-05 12:40:00,2974339
89.2,30.7,87.8,54.4,2026-06-05 13:00:00,2974339
88.9,31.0,87.6,54.4,2026-06-05 13:20:00,2974339
88.6,29.8,86.7,53.1,2026-06-05 13:40:00,2974339
91.1,29.1,90.1,54.5,2026-06-05 14:00:00,2974339
90.6,27.7,89.1,52.8,2026-06-05 14:20:00,2974339
90.8,27.9,89.2,53.1,2026-06-05 14:40:00,2974339
91.5,27.7,90.3,53.5,2026-06-05 15:00:00,2974339
93.0,28.3,92.3,55.4,2026-06-05 15:20:00,2974339
92.9,27.7,92.3,54.7,2026-06-05 15:40:00,2974339
93.2,26.7,92.1,53.9,2026-06-05 16:00:00,2974339
92.7,26.5,91.6,53.3,2026-06-05 16:20:00,2974339
93.1,26.4,91.9,53.5,2026-06-05 16:40:00,2974339
93.9,26.3,93.2,54.2,2026-06-05 17:00:00,2974339
92.2,25.8,90.5,52.2,2026-06-05 17:20:00,2974339
92.6,26.4,91.2,53.2,2026-06-05 17:40:00,2974339
93.0,26.6,91.9,53.6,2026-06-05 18:00:00,2974339
90.8,28.2,89.4,53.4,2026-06-05 18:20:00,2974339
91.7,28.7,90.9,54.6,2026-06-05 18:40:00,2974339
90.2,28.7,88.7,53.4,2026-06-05 19:00:00,2974339
89.8,30.4,88.7,54.6,2026-06-05 19:20:00,2974339
88.4,30.7,86.7,53.7,2026-06-05 19:40:00,2974339
87.5,32.3,86.0,54.2,2026-06-05 20:00:00,2974339
86.4,33.7,85.1,54.5,2026-06-05 20:20:00,2974339
84.8,35.6,83.3,54.6,2026-06-05 20:40:00,2974339
83.7,36.2,82.0,54.1,2026-06-05 21:00:00,2974339
82.7,37.9,80.8,54.5,2026-06-05 21:20:00,2974339
80.9,40.8,79.2,54.9,2026-06-05 21:40:00,2974339
80.0,42.9,78.4,55.4,2026-06-05 22:00:00,2974339
79.4,43.6,78.1,55.3,2026-06-05 22:20:00,2974339
78.8,45.5,77.5,55.9,2026-06-05 22:40:00,2974339
77.7,45.3,76.3,54.9,2026-06-05 23:00:00,2974339
78.2,44.9,76.5,55.0,2026-06-05 23:20:00,2974339
77.8,46.3,76.3,55.5,2026-06-05 23:40:00,2974339
75.9,49.8,74.7,55.9,2026-06-06 00:00:00,2974339
75.4,51.0,74.3,56.0,2026-06-06 00:20:00,2974339
74.9,52.4,73.9,56.3,2026-06-06 00:40:00,2974339
74.6,53.2,73.8,56.4,2026-06-06 01:00:00,2974339
73.3,54.5,72.7,55.9,2026-06-06 01:20:00,2974339
73.2,55.5,72.7,56.3,2026-06-06 01:40:00,2974339
71.9,57.7,71.6,56.2,2026-06-06 02:00:00,2974339
72.1,57.6,71.8,56.4,2026-06-06 02:20:00,2974339
70.8,60.5,70.9,56.5,2026-06-06 02:40:00,2974339
70.8,60.9,70.9,56.7,2026-06-06 03:00:00,2974339
70.6,61.7,70.5,56.8,2026-06-06 03:20:00,2974339
70.1,62.7,69.8,56.7,2026-06-06 03:40:00,2974339
69.0,64.9,68.5,56.7,2026-06-06 04:00:00,2974339
68.6,66.0,68.0,56.8,2026-06-06 04:20:00,2974339
67.9,67.5,67.3,56.7,2026-06-06 04:40:00,2974339
67.6,68.8,66.7,56.9,2026-06-06 05:00:00,2974339
67.0,70.4,66.2,57.1,2026-06-06 05:20:00,2974339
67.0,71.1,66.2,57.4,2026-06-06 05:40:00,2974339
67.0,72.1,66.4,57.7,2026-06-06 06:00:00,2974339
68.4,69.8,68.2,58.2,2026-06-06 06:20:00,2974339
70.2,66.9,70.3,58.7,2026-06-06 06:40:00,2974339
71.3,65.0,71.6,59.0,2026-06-06 07:00:00,2974339
75.9,57.9,75.6,60.1,2026-06-06 07:20:00,2974339
74.6,58.6,74.3,59.1,2026-06-06 07:40:00,2974339
74.9,59.9,74.7,60.1,2026-06-06 08:00:00,2974339
76.2,58.9,75.9,60.8,2026-06-06 08:20:00,2974339
77.5,56.9,77.4,61.0,2026-06-06 08:40:00,2974339
78.2,54.2,77.9,60.3,2026-06-06 09:00:00,2974339
79.8,52.1,79.9,60.6,2026-06-06 09:20:00,2974339
81.1,50.3,81.1,60.9,2026-06-06 09:40:00,2974339
81.6,49.0,81.5,60.6,2026-06-06 10:00:00,2974339
82.2,47.9,82.0,60.5,2026-06-06 10:20:00,2974339
82.2,45.8,81.5,59.2,2026-06-06 10:40:00,2974339
82.8,45.9,82.8,59.8,2026-06-06 11:00:00,2974339
84.1,44.8,84.4,60.4,2026-06-06 11:20:00,2974339
84.6,42.1,84.7,59.0,2026-06-06 11:40:00,2974339
85.8,41.2,86.4,59.6,2026-06-06 12:00:00,2974339
86.4,40.1,86.9,59.3,2026-06-06 12:20:00,2974339
87.2,39.1,87.4,59.3,2026-06-06 12:40:00,2974339
87.3,38.5,87.6,59.0,2026-06-06 13:00:00,2974339
88.4,37.9,89.1,59.5,2026-06-06 13:20:00,2974339
88.3,38.5,88.9,59.9,2026-06-06 13:40:00,2974339
89.0,36.8,89.6,59.2,2026-06-06 14:00:00,2974339
88.4,39.1,89.4,60.4,2026-06-06 14:20:00,2974339
89.8,40.2,92.3,62.4,2026-06-06 14:40:00,2974339
89.5,40.1,91.8,62.1,2026-06-06 15:00:00,2974339
90.5,38.8,92.8,62.0,2026-06-06 15:20:00,2974339
89.6,37.8,91.2,60.5,2026-06-06 15:40:00,2974339
90.5,37.6,92.3,61.1,2026-06-06 16:00:00,2974339
92.1,36.8,95.0,61.9,2026-06-06 16:20:00,2974339
90.7,35.1,91.9,59.4,2026-06-06 16:40:00,2974339
91.0,35.9,92.7,60.2,2026-06-06 17:00:00,2974339
91.1,36.0,92.8,60.4,2026-06-06 17:20:00,2974339
90.5,34.7,91.2,58.9,2026-06-06 17:40:00,2974339
90.4,35.1,91.4,59.2,2026-06-06 18:00:00,2974339
90.7,36.3,92.3,60.3,2026-06-06 18:20:00,2974339
89.8,34.4,90.0,58.0,2026-06-06 18:40:00,2974339
89.5,36.5,90.5,59.5,2026-06-06 19:00:00,2974339
88.9,37.4,89.8,59.6,2026-06-06 19:20:00,2974339
88.3,37.9,88.7,59.4,2026-06-06 19:40:00,2974339
87.3,39.6,88.0,59.7,2026-06-06 20:00:00,2974339
86.6,40.9,87.3,60.0,2026-06-06 20:20:00,2974339
85.1,42.7,85.3,59.9,2026-06-06 20:40:00,2974339
83.5,45.4,83.7,60.2,2026-06-06 21:00:00,2974339
82.6,45.3,82.4,59.3,2026-06-06 21:20:00,2974339
81.4,47.8,81.1,59.7,2026-06-06 21:40:00,2974339
81.3,48.6,81.1,60.1,2026-06-06 22:00:00,2974339
80.8,49.2,80.6,60.0,2026-06-06 22:20:00,2974339
80.7,49.9,80.6,60.2,2026-06-06 22:40:00,2974339
80.3,50.7,80.2,60.4,2026-06-06 23:00:00,2974339
79.7,51.7,79.7,60.4,2026-06-06 23:20:00,2974339
79.2,52.4,79.2,60.3,2026-06-06 23:40:00,2974339
78.8,53.2,78.6,60.4,2026-06-07 00:00:00,2974339
78.4,54.3,78.3,60.5,2026-06-07 00:20:00,2974339
78.2,55.5,78.1,60.9,2026-06-07 00:40:00,2974339
77.4,56.9,77.4,60.9,2026-06-07 01:00:00,2974339
77.0,58.2,76.8,61.2,2026-06-07 01:20:00,2974339
76.5,59.0,76.3,61.1,2026-06-07 01:40:00,2974339
75.8,60.9,75.7,61.3,2026-06-07 02:00:00,2974339
74.6,63.0,74.8,61.2,2026-06-07 02:20:00,2974339
74.4,63.6,74.7,61.2,2026-06-07 02:40:00,2974339
74.2,64.4,74.5,61.4,2026-06-07 03:00:00,2974339
73.5,65.9,73.8,61.4,2026-06-07 03:20:00,2974339
73.1,67.1,73.6,61.6,2026-06-07 03:40:00,2974339
72.8,67.5,73.2,61.4,2026-06-07 04:00:00,2974339
72.8,67.8,73.2,61.5,2026-06-07 04:20:00,2974339
72.1,69.2,72.7,61.4,2026-06-07 04:40:00,2974339
72.0,69.4,72.7,61.4,2026-06-07 05:00:00,2974339
71.3,70.5,72.0,61.2,2026-06-07 05:20:00,2974339
70.8,71.8,71.4,61.2,2026-06-07 05:40:00,2974339
70.4,72.7,71.1,61.2,2026-06-07 06:00:00,2974339
70.7,72.9,71.6,61.6,2026-06-07 06:20:00,2974339
71.3,72.3,72.1,62.0,2026-06-07 06:40:00,2974339
72.0,71.6,72.7,62.3,2026-06-07 07:00:00,2974339
75.6,65.6,75.9,63.2,2026-06-07 07:20:00,2974339
75.0,65.3,75.2,62.6,2026-06-07 07:40:00,2974339
74.7,66.3,75.2,62.7,2026-06-07 08:00:00,2974339
75.6,66.5,76.1,63.6,2026-06-07 08:20:00,2974339
76.7,64.9,77.2,64.0,2026-06-07 08:40:00,2974339
78.4,61.9,79.3,64.2,2026-06-07 09:00:00,2974339
79.5,59.5,80.8,64.2,2026-06-07 09:20:00,2974339
80.5,58.1,81.9,64.5,2026-06-07 09:40:00,2974339
81.6,55.2,82.9,64.0,2026-06-07 10:00:00,2974339
82.5,53.7,83.8,64.1,2026-06-07 10:20:00,2974339
84.2,52.1,86.7,64.7,2026-06-07 10:40:00,2974339
84.9,49.0,87.1,63.7,2026-06-07 11:00:00,2974339
86.2,47.7,88.7,64.1,2026-06-07 11:20:00,2974339
87.3,45.7,89.8,63.8,2026-06-07 11:40:00,2974339
87.7,44.1,89.8,63.2,2026-06-07 12:00:00,2974339
88.8,41.4,90.9,62.3,2026-06-07 12:20:00,2974339
89.7,39.8,91.9,62.0,2026-06-07 12:40:00,2974339
90.2,40.8,93.2,63.2,2026-06-07 13:00:00,2974339
90.7,38.2,93.2,61.8,2026-06-07 13:20:00,2974339
93.2,34.7,95.7,61.2,2026-06-07 13:40:00,2974339
92.9,35.1,95.4,61.3,2026-06-07 14:00:00,2974339
93.4,34.7,96.1,61.5,2026-06-07 14:20:00,2974339
93.1,34.4,95.4,60.9,2026-06-07 14:40:00,2974339
95.1,33.6,98.4,62.0,2026-06-07 15:00:00,2974339
94.4,34.1,97.3,61.8,2026-06-07 15:20:00,2974339
94.8,33.7,97.7,61.8,2026-06-07 15:40:00,2974339
94.0,33.6,96.3,61.0,2026-06-07 16:00:00,2974339
95.3,34.2,99.0,62.6,2026-06-07 16:20:00,2974339
95.1,33.3,98.2,61.8,2026-06-07 16:40:00,2974339
94.7,34.7,98.2,62.5,2026-06-07 17:00:00,2974339
93.5,37.8,97.5,63.9,2026-06-07 17:20:00,2974339
93.3,39.1,97.9,64.7,2026-06-07 17:40:00,2974339
92.8,38.3,96.6,63.7,2026-06-07 18:00:00,2974339
92.5,38.0,95.9,63.2,2026-06-07 18:20:00,2974339
92.3,38.6,96.3,63.5,2026-06-07 18:40:00,2974339
92.0,38.7,95.5,63.3,2026-06-07 19:00:00,2974339
91.1,38.9,94.1,62.7,2026-06-07 19:20:00,2974339
90.4,39.2,92.8,62.2,2026-06-07 19:40:00,2974339
89.8,39.6,91.8,62.0,2026-06-07 20:00:00,2974339
89.3,40.7,91.6,62.3,2026-06-07 20:20:00,2974339
88.4,41.2,90.1,61.9,2026-06-07 20:40:00,2974339
87.6,43.0,89.2,62.3,2026-06-07 21:00:00,2974339
86.7,44.1,88.5,62.3,2026-06-07 21:20:00,2974339
85.9,45.4,87.4,62.3,2026-06-07 21:40:00,2974339
85.1,47.4,86.9,62.8,2026-06-07 22:00:00,2974339
84.4,48.5,85.8,62.9,2026-06-07 22:20:00,2974339
83.9,49.2,85.3,62.8,2026-06-07 22:40:00,2974339
83.4,49.8,84.6,62.7,2026-06-07 23:00:00,2974339
82.8,50.8,83.8,62.7,2026-06-07 23:20:00,2974339
82.5,52.1,83.5,63.1,2026-06-07 23:40:00,2974339
82.0,53.5,83.1,63.4,2026-06-08 00:00:00,2974339
81.5,54.5,82.8,63.5,2026-06-08 00:20:00,2974339
80.9,55.8,81.9,63.7,2026-06-08 00:40:00,2974339
80.4,56.8,81.5,63.6,2026-06-08 01:00:00,2974339
80.0,57.6,81.0,63.7,2026-06-08 01:20:00,2974339
79.6,58.6,80.6,63.8,2026-06-08 01:40:00,2974339
79.2,59.2,80.2,63.8,2026-06-08 02:00:00,2974339
78.8,60.4,79.7,63.9,2026-06-08 02:20:00,2974339
78.2,61.7,79.0,64.0,2026-06-08 02:40:00,2974339
77.8,62.7,78.4,64.1,2026-06-08 03:00:00,2974339
77.4,63.6,78.1,64.1,2026-06-08 03:20:00,2974339
77.1,64.2,77.5,64.1,2026-06-08 03:40:00,2974339
76.9,65.0,77.5,64.2,2026-06-08 04:00:00,2974339
76.5,65.9,77.0,64.3,2026-06-08 04:20:00,2974339
76.4,66.3,76.8,64.4,2026-06-08 04:40:00,2974339
75.8,67.4,76.3,64.3,2026-06-08 05:00:00,2974339
75.3,69.2,76.1,64.5,2026-06-08 05:20:00,2974339
75.0,69.6,75.7,64.4,2026-06-08 05:40:00,2974339
74.6,70.8,75.4,64.4,2026-06-08 06:00:00,2974339
74.2,71.9,75.0,64.5,2026-06-08 06:20:00,2974339
74.3,73.0,75.4,65.1,2026-06-08 06:40:00,2974339
74.9,73.5,76.1,65.9,2026-06-08 07:00:00,2974339
79.4,68.4,82.2,68.1,2026-06-08 07:20:00,2974339
81.2,59.5,83.3,65.7,2026-06-08 07:40:00,2974339
79.5,62.5,81.1,65.6,2026-06-08 08:00:00,2974339
80.2,62.0,82.0,66.0,2026-06-08 08:20:00,2974339
81.4,61.1,83.8,66.7,2026-06-08 08:40:00,2974339
82.7,59.4,85.6,67.1,2026-06-08 09:00:00,2974339
83.9,58.3,87.8,67.7,2026-06-08 09:20:00,2974339
84.7,54.5,88.0,66.5,2026-06-08 09:40:00,2974339
85.1,54.1,89.1,66.7,2026-06-08 10:00:00,2974339
86.8,53.6,91.8,68.0,2026-06-08 10:20:00,2974339
86.7,51.7,90.9,66.8,2026-06-08 10:40:00,2974339
88.4,50.9,93.7,67.9,2026-06-08 11:00:00,2974339
88.5,49.7,93.4,67.3,2026-06-08 11:20:00,2974339
89.0,48.0,93.7,66.7,2026-06-08 11:40:00,2974339
90.6,46.8,96.4,67.4,2026-06-08 12:00:00,2974339
91.1,45.4,96.8,67.0,2026-06-08 12:20:00,2974339
90.5,44.0,95.2,65.7,2026-06-08 12:40:00,2974339
90.5,43.0,94.8,65.0,2026-06-08 13:00:00,2974339
91.8,42.7,97.0,65.9,2026-06-08 13:20:00,2974339
90.8,42.5,94.8,64.9,2026-06-08 13:40:00,2974339
90.4,42.8,94.3,64.7,2026-06-08 14:00:00,2974339
91.9,42.6,97.3,65.9,2026-06-08 14:20:00,2974339
92.0,41.4,96.6,65.2,2026-06-08 14:40:00,2974339
90.2,43.0,94.1,64.6,2026-06-08 15:00:00,2974339
91.2,42.0,95.7,65.0,2026-06-08 15:20:00,2974339
91.5,41.9,96.1,65.1,2026-06-08 15:40:00,2974339
91.7,41.9,96.3,65.3,2026-06-08 16:00:00,2974339
91.4,41.7,95.9,64.9,2026-06-08 16:20:00,2974339
91.8,41.3,96.4,64.9,2026-06-08 16:40:00,2974339
91.0,39.5,94.1,63.0,2026-06-08 17:00:00,2974339
90.0,40.2,92.7,62.6,2026-06-08 17:20:00,2974339
90.4,39.2,92.8,62.2,2026-06-08 17:40:00,2974339
90.3,39.9,93.2,62.6,2026-06-08 18:00:00,2974339
89.9,39.8,92.1,62.2,2026-06-08 18:20:00,2974339
89.2,40.0,91.0,61.7,2026-06-08 18:40:00,2974339
87.9,40.9,89.1,61.3,2026-06-08 19:00:00,2974339
87.6,41.8,89.2,61.6,2026-06-08 19:20:00,2974339
86.8,44.2,88.5,62.4,2026-06-08 19:40:00,2974339
85.8,46.6,87.8,63.1,2026-06-08 20:00:00,2974339
84.7,48.7,86.4,63.2,2026-06-08 20:20:00,2974339
83.5,50.3,85.1,63.1,2026-06-08 20:40:00,2974339
82.5,52.2,83.5,63.2,2026-06-08 21:00:00,2974339
81.5,53.4,82.6,63.0,2026-06-08 21:20:00,2974339
80.7,54.8,81.5,62.9,2026-06-08 21:40:00,2974339
79.5,56.6,80.1,62.7,2026-06-08 22:00:00,2974339
78.4,58.6,78.8,62.7,2026-06-08 22:20:00,2974339
77.1,60.6,77.2,62.5,2026-06-08 22:40:00,2974339
75.5,63.0,75.6,62.0,2026-06-08 23:00:00,2974339
74.5,63.5,74.8,61.3,2026-06-08 23:20:00,2974339
72.9,64.3,73.2,60.2,2026-06-08 23:40:00,2974339
72.3,65.2,72.5,60.0,2026-06-09 00:00:00,2974339
71.7,66.7,72.1,60.0,2026-06-09 00:20:00,2974339
71.3,67.3,71.8,59.9,2026-06-09 00:40:00,2974339
70.8,68.3,71.2,59.8,2026-06-09 01:00:00,2974339
70.4,68.6,70.7,59.5,2026-06-09 01:20:00,2974339
69.5,69.3,69.6,59.0,2026-06-09 01:40:00,2974339
68.5,65.6,67.8,56.5,2026-06-09 02:00:00,2974339
67.8,66.3,67.3,56.2,2026-06-09 02:20:00,2974339
67.8,67.1,66.9,56.5,2026-06-09 02:40:00,2974339
67.5,68.4,66.7,56.7,2026-06-09 03:00:00,2974339
67.4,69.3,66.6,57.0,2026-06-09 03:20:00,2974339
67.4,69.4,66.6,57.1,2026-06-09 03:40:00,2974339
67.0,69.7,66.2,56.8,2026-06-09 04:00:00,2974339
67.0,70.6,66.2,57.1,2026-06-09 04:20:00,2974339
66.7,70.1,65.8,56.7,2026-06-09 04:40:00,2974339
67.0,71.0,66.2,57.3,2026-06-09 05:00:00,2974339
66.6,72.2,66.0,57.4,2026-06-09 05:20:00,2974339
66.5,70.2,65.5,56.4,2026-06-09 05:40:00,2974339
66.2,69.5,65.1,55.9,2026-06-09 06:00:00,2974339
66.1,67.9,64.9,55.2,2026-06-09 06:20:00,2974339
66.2,66.5,64.8,54.7,2026-06-09 06:40:00,2974339
66.6,66.8,65.5,55.2,2026-06-09 07:00:00,2974339
67.7,65.0,66.7,55.6,2026-06-09 07:20:00,2974339
68.4,63.5,67.6,55.5,2026-06-09 07:40:00,2974339
67.6,65.1,66.6,55.5,2026-06-09 08:00:00,2974339
68.4,64.9,67.8,56.1,2026-06-09 08:20:00,2974339
68.9,65.9,68.4,57.0,2026-06-09 08:40:00,2974339
69.5,64.7,69.3,57.1,2026-06-09 09:00:00,2974339
70.4,65.7,70.5,58.3,2026-06-09 09:20:00,2974339
71.0,64.3,71.2,58.3,2026-06-09 09:40:00,2974339
71.6,64.4,71.8,58.9,2026-06-09 10:00:00,2974339
72.5,63.0,72.7,59.2,2026-06-09 10:20:00,2974339
73.6,62.5,73.8,60.0,2026-06-09 10:40:00,2974339
74.7,59.3,74.5,59.6,2026-06-09 11:00:00,2974339
76.1,58.9,75.9,60.7,2026-06-09 11:20:00,2974339
77.4,57.3,77.4,61.1,2026-06-09 11:40:00,2974339
77.6,57.6,77.5,61.5,2026-06-09 12:00:00,2974339
78.6,57.9,79.0,62.6,2026-06-09 12:20:00,2974339
79.4,58.7,80.4,63.7,2026-06-09 12:40:00,2974339
80.2,57.8,81.3,64.0,2026-06-09 13:00:00,2974339
81.5,57.3,82.9,64.9,2026-06-09 13:20:00,2974339
82.2,56.8,84.0,65.3,2026-06-09 13:40:00,2974339
82.5,56.9,84.6,65.6,2026-06-09 14:00:00,2974339
83.0,56.0,85.5,65.7,2026-06-09 14:20:00,2974339
85.9,54.5,90.3,67.6,2026-06-09 14:40:00,2974339
86.0,53.7,90.5,67.2,2026-06-09 15:00:00,2974339
84.8,54.9,88.5,66.8,2026-06-09 15:20:00,2974339
86.1,53.3,90.3,67.1,2026-06-09 15:40:00,2974339
85.6,54.3,89.8,67.2,2026-06-09 16:00:00,2974339
85.2,55.6,89.4,67.6,2026-06-09 16:20:00,2974339
85.4,55.6,89.8,67.7,2026-06-09 16:40:00,2974339
84.9,55.9,89.1,67.4,2026-06-09 17:00:00,2974339
86.1,55.7,91.2,68.4,2026-06-09 17:20:00,2974339
85.4,55.7,89.8,67.7,2026-06-09 17:40:00,2974339
85.6,56.3,90.3,68.3,2026-06-09 18:00:00,2974339
84.8,56.7,89.1,67.7,2026-06-09 18:20:00,2974339
84.8,56.1,88.9,67.4,2026-06-09 18:40:00,2974339
84.7,57.7,89.1,68.1,2026-06-09 19:00:00,2974339
84.3,58.3,88.5,68.0,2026-06-09 19:20:00,2974339
84.4,58.5,88.9,68.3,2026-06-09 19:40:00,2974339
83.3,61.1,87.4,68.5,2026-06-09 20:00:00,2974339
82.5,62.5,86.0,68.4,2026-06-09 20:20:00,2974339
82.1,63.3,85.5,68.4,2026-06-09 20:40:00,2974339
81.5,64.1,84.6,68.2,2026-06-09 21:00:00,2974339
81.1,65.1,84.2,68.3,2026-06-09 21:20:00,2974339
80.4,66.4,83.3,68.1,2026-06-09 21:40:00,2974339
79.5,67.7,82.4,67.9,2026-06-09 22:00:00,2974339
79.6,68.3,82.6,68.3,2026-06-09 22:20:00,2974339
79.2,69.3,82.0,68.3,2026-06-09 22:40:00,2974339
79.2,69.7,82.2,68.4,2026-06-09 23:00:00,2974339
79.3,71.0,82.4,69.1,2026-06-09 23:20:00,2974339
79.5,71.7,83.1,69.6,2026-06-09 23:40:00,2974339
79.3,72.8,82.8,69.8,2026-06-10 00:00:00,2974339
78.9,74.3,82.2,70.1,2026-06-10 00:20:00,2974339
78.6,75.2,81.9,70.1,2026-06-10 00:40:00,2974339
78.2,76.4,81.5,70.2,2026-06-10 01:00:00,2974339
77.9,77.4,80.8,70.2,2026-06-10 01:20:00,2974339
77.5,78.3,80.2,70.2,2026-06-10 01:40:00,2974339
77.1,79.2,79.7,70.1,2026-06-10 02:00:00,2974339
76.8,79.9,79.2,70.1,2026-06-10 02:20:00,2974339
76.5,80.4,78.8,70.0,2026-06-10 02:40:00,2974339
76.2,81.1,78.4,69.9,2026-06-10 03:00:00,2974339
75.8,81.7,78.1,69.9,2026-06-10 03:20:00,2974339
75.7,82.2,77.9,69.8,2026-06-10 03:40:00,2974339
75.5,82.6,77.7,69.8,2026-06-10 04:00:00,2974339
75.3,82.8,77.5,69.7,2026-06-10 04:20:00,2974339
75.1,83.2,77.4,69.6,2026-06-10 04:40:00,2974339
74.9,83.4,77.2,69.5,2026-06-10 05:00:00,2974339
74.8,83.5,77.0,69.5,2026-06-10 05:20:00,2974339
74.8,83.5,77.0,69.4,2026-06-10 05:40:00,2974339
74.8,83.6,77.0,69.5,2026-06-10 06:00:00,2974339
74.9,83.8,77.2,69.7,2026-06-10 06:20:00,2974339
75.1,83.8,77.5,69.9,2026-06-10 06:40:00,2974339
75.3,83.9,77.7,70.1,2026-06-10 07:00:00,2974339
75.4,83.7,77.9,70.2,2026-06-10 07:20:00,2974339
75.5,84.0,77.9,70.3,2026-06-10 07:40:00,2974339
75.8,83.1,78.3,70.4,2026-06-10 08:00:00,2974339
76.3,81.8,78.6,70.3,2026-06-10 08:20:00,2974339
76.9,80.4,79.5,70.4,2026-06-10 08:40:00,2974339
78.1,79.0,81.9,71.1,2026-06-10 09:00:00,2974339
78.9,76.8,82.8,71.0,2026-06-10 09:20:00,2974339
79.6,76.0,84.0,71.4,2026-06-10 09:40:00,2974339
80.4,73.8,84.9,71.3,2026-06-10 10:00:00,2974339
81.4,71.6,86.4,71.3,2026-06-10 10:20:00,2974339
82.8,69.8,88.9,71.9,2026-06-10 10:40:00,2974339
83.0,67.6,88.7,71.2,2026-06-10 11:00:00,2974339
83.1,66.8,88.7,71.0,2026-06-10 11:20:00,2974339
84.7,66.2,91.8,72.1,2026-06-10 11:40:00,2974339
85.0,59.3,90.3,69.2,2026-06-10 12:00:00,2974339
85.6,60.3,91.6,70.2,2026-06-10 12:20:00,2974339
85.7,60.1,91.9,70.3,2026-06-10 12:40:00,2974339
85.7,57.4,91.0,69.0,2026-06-10 13:00:00,2974339
87.5,54.7,93.6,69.2,2026-06-10 13:20:00,2974339
88.5,53.0,94.6,69.2,2026-06-10 13:40:00,2974339
89.0,53.1,95.9,69.7,2026-06-10 14:00:00,2974339
88.5,53.9,95.0,69.6,2026-06-10 14:20:00,2974339
88.6,53.6,95.2,69.6,2026-06-10 14:40:00,2974339
90.1,50.4,97.0,69.1,2026-06-10 15:00:00,2974339
90.1,50.0,97.3,69.0,2026-06-10 15:20:00,2974339
90.6,49.4,97.7,69.1,2026-06-10 15:40:00,2974339
91.2,49.7,99.1,69.8,2026-06-10 16:00:00,2974339
90.6,50.2,98.2,69.5,2026-06-10 16:20:00,2974339
90.4,50.3,97.9,69.4,2026-06-10 16:40:00,2974339
91.6,47.3,99.0,68.7,2026-06-10 17:00:00,2974339
92.4,45.7,99.5,68.4,2026-06-10 17:20:00,2974339
91.5,47.3,98.4,68.6,2026-06-10 17:40:00,2974339
91.5,46.8,98.2,68.3,2026-06-10 18:00:00,2974339
91.3,47.7,98.4,68.7,2026-06-10 18:20:00,2974339
90.4,48.8,97.2,68.6,2026-06-10 18:40:00,2974339
90.1,49.1,97.0,68.5,2026-06-10 19:00:00,2974339
90.5,49.2,97.7,68.8,2026-06-10 19:20:00,2974339
90.1,49.8,96.8,68.8,2026-06-10 19:40:00,2974339
89.5,50.0,95.7,68.4,2026-06-10 20:00:00,2974339
88.9,50.8,94.8,68.3,2026-06-10 20:20:00,2974339
88.1,52.2,93.6,68.3,2026-06-10 20:40:00,2974339
87.2,53.9,92.5,68.5,2026-06-10 21:00:00,2974339
86.5,55.7,91.8,68.8,2026-06-10 21:20:00,2974339
86.0,57.2,91.6,69.1,2026-06-10 21:40:00,2974339
85.6,58.4,91.0,69.3,2026-06-10 22:00:00,2974339
84.9,59.4,90.0,69.2,2026-06-10 22:20:00,2974339
84.3,61.1,89.2,69.4,2026-06-10 22:40:00,2974339
83.7,61.9,88.5,69.3,2026-06-10 23:00:00,2974339
83.6,62.5,88.2,69.4,2026-06-10 23:20:00,2974339
83.0,63.2,87.3,69.3,2026-06-10 23:40:00,2974339
82.5,64.4,86.5,69.3,2026-06-11 00:00:00,2974339
82.2,65.3,86.0,69.4,2026-06-11 00:20:00,2974339
81.8,66.1,85.6,69.4,2026-06-11 00:40:00,2974339
81.4,67.1,85.3,69.5,2026-06-11 01:00:00,2974339
81.2,67.8,85.1,69.5,2026-06-11 01:20:00,2974339
80.9,68.2,84.6,69.4,2026-06-11 01:40:00,2974339
80.1,69.6,83.7,69.3,2026-06-11 02:00:00,2974339
79.4,70.9,82.8,69.1,2026-06-11 02:20:00,2974339
78.9,71.5,81.9,68.9,2026-06-11 02:40:00,2974339
78.5,72.0,81.1,68.8,2026-06-11 03:00:00,2974339
78.0,73.0,80.4,68.7,2026-06-11 03:20:00,2974339
77.6,73.7,80.1,68.5,2026-06-11 03:40:00,2974339
77.3,74.0,79.3,68.3,2026-06-11 04:00:00,2974339
77.0,74.6,78.6,68.3,2026-06-11 04:20:00,2974339
76.5,75.2,78.3,68.1,2026-06-11 04:40:00,2974339
76.2,75.4,77.7,67.9,2026-06-11 05:00:00,2974339
76.1,75.3,77.7,67.7,2026-06-11 05:20:00,2974339
75.7,75.4,77.2,67.3,2026-06-11 05:40:00,2974339
75.5,75.5,77.0,67.3,2026-06-11 06:00:00,2974339
75.7,75.7,77.2,67.4,2026-06-11 06:20:00,2974339
76.1,75.2,77.5,67.6,2026-06-11 06:40:00,2974339
76.5,74.5,78.1,67.7,2026-06-11 07:00:00,2974339
79.0,69.4,81.9,68.1,2026-06-11 07:20:00,2974339
79.0,68.9,81.7,67.9,2026-06-11 07:40:00,2974339
79.2,70.8,82.4,68.8,2026-06-11 08:00:00,2974339
80.0,69.8,83.5,69.2,2026-06-11 08:20:00,2974339
81.1,69.1,85.1,70.0,2026-06-11 08:40:00,2974339
82.6,67.3,87.6,70.7,2026-06-11 09:00:00,2974339
84.0,65.6,90.5,71.3,2026-06-11 09:20:00,2974339
85.0,63.7,91.8,71.3,2026-06-11 09:40:00,2974339
85.6,63.0,92.7,71.5,2026-06-11 10:00:00,2974339
86.4,60.6,93.6,71.2,2026-06-11 10:20:00,2974339
87.3,59.6,95.0,71.5,2026-06-11 10:40:00,2974339
88.8,57.6,97.3,71.9,2026-06-11 11:00:00,2974339
89.5,55.6,98.4,71.5,2026-06-11 11:20:00,2974339
89.8,55.2,99.0,71.5,2026-06-11 11:40:00,2974339
90.7,53.4,100.2,71.5,2026-06-11 12:00:00,2974339
91.9,50.9,101.1,71.1,2026-06-11 12:20:00,2974339
92.6,49.1,101.8,70.7,2026-06-11 12:40:00,2974339
93.3,47.4,102.2,70.3,2026-06-11 13:00:00,2974339
94.4,46.0,103.6,70.4,2026-06-11 13:20:00,2974339
95.1,43.9,104.0,69.6,2026-06-11 13:40:00,2974339
94.9,43.4,103.5,69.2,2026-06-11 14:00:00,2974339
96.1,42.3,105.1,69.5,2026-06-11 14:20:00,2974339
96.6,41.2,105.4,69.1,2026-06-11 14:40:00,2974339
97.4,40.1,106.7,69.0,2026-06-11 15:00:00,2974339
98.7,38.5,108.3,69.0,2026-06-11 15:20:00,2974339
99.0,37.8,108.3,68.8,2026-06-11 15:40:00,2974339
99.3,37.0,108.5,68.5,2026-06-11 16:00:00,2974339
97.7,38.8,106.7,68.4,2026-06-11 16:20:00,2974339
97.5,38.9,106.3,68.3,2026-06-11 16:40:00,2974339
97.4,41.8,107.8,70.3,2026-06-11 17:00:00,2974339
96.6,41.0,105.8,69.1,2026-06-11 17:20:00,2974339
97.6,41.1,107.8,70.0,2026-06-11 17:40:00,2974339
95.9,42.2,104.9,69.3,2026-06-11 18:00:00,2974339
96.2,41.8,105.3,69.2,2026-06-11 18:20:00,2974339
94.7,42.8,102.6,68.6,2026-06-11 18:40:00,2974339
94.8,43.6,103.6,69.2,2026-06-11 19:00:00,2974339
94.8,44.0,103.6,69.5,2026-06-11 19:20:00,2974339
94.2,44.2,102.2,69.1,2026-06-11 19:40:00,2974339
93.1,46.0,101.1,69.2,2026-06-11 20:00:00,2974339
92.4,47.4,100.4,69.4,2026-06-11 20:20:00,2974339
91.5,48.3,99.1,69.2,2026-06-11 20:40:00,2974339
90.7,49.5,98.1,69.2,2026-06-11 21:00:00,2974339
90.1,51.1,97.5,69.5,2026-06-11 21:20:00,2974339
89.1,53.0,96.3,69.7,2026-06-11 21:40:00,2974339
88.3,54.4,94.8,69.7,2026-06-11 22:00:00,2974339
87.7,55.2,94.1,69.7,2026-06-11 22:20:00,2974339
87.1,56.1,93.4,69.5,2026-06-11 22:40:00,2974339
86.4,56.9,92.1,69.2,2026-06-11 23:00:00,2974339
85.6,58.1,90.9,69.1,2026-06-11 23:20:00,2974339
84.9,59.5,90.3,69.2,2026-06-11 23:40:00,2974339
84.2,60.8,89.2,69.2,2026-06-12 00:00:00,2974339
83.8,61.7,88.3,69.3,2026-06-12 00:20:00,2974339
83.2,62.9,87.6,69.2,2026-06-12 00:40:00,2974339
82.7,63.7,86.7,69.2,2026-06-12 01:00:00,2974339
82.6,64.6,86.5,69.4,2026-06-12 01:20:00,2974339
82.2,65.7,86.2,69.5,2026-06-12 01:40:00,2974339
82.1,66.5,86.4,69.9,2026-06-12 02:00:00,2974339
82.0,67.1,86.2,70.0,2026-06-12 02:20:00,2974339
81.7,68.1,86.0,70.1,2026-06-12 02:40:00,2974339
81.4,69.0,85.8,70.3,2026-06-12 03:00:00,2974339
81.1,69.9,85.3,70.4,2026-06-12 03:20:00,2974339
80.7,71.1,84.9,70.5,2026-06-12 03:40:00,2974339
80.3,72.3,84.7,70.6,2026-06-12 04:00:00,2974339
80.2,73.3,84.4,70.8,2026-06-12 04:20:00,2974339
80.0,74.1,84.4,71.0,2026-06-12 04:40:00,2974339
80.2,74.5,84.7,71.3,2026-06-12 05:00:00,2974339
80.0,74.9,84.4,71.3,2026-06-12 05:20:00,2974339
79.8,75.6,84.2,71.4,2026-06-12 05:40:00,2974339
79.7,76.4,84.4,71.6,2026-06-12 06:00:00,2974339
79.8,76.6,84.6,71.7,2026-06-12 06:20:00,2974339
79.8,76.9,84.6,71.9,2026-06-12 06:40:00,2974339
80.0,76.7,84.9,72.0,2026-06-12 07:00:00,2974339
82.3,74.2,88.7,73.3,2026-06-12 07:20:00,2974339
81.7,72.7,87.3,72.1,2026-06-12 07:40:00,2974339
81.8,72.9,87.3,72.3,2026-06-12 08:00:00,2974339
82.6,72.8,88.7,72.9,2026-06-12 08:20:00,2974339
83.3,71.6,90.7,73.2,2026-06-12 08:40:00,2974339
85.2,67.5,93.6,73.2,2026-06-12 09:00:00,2974339
86.6,63.8,95.2,72.9,2026-06-12 09:20:00,2974339
88.2,59.4,96.8,72.3,2026-06-12 09:40:00,2974339
89.3,56.1,98.1,71.6,2026-06-12 10:00:00,2974339
90.6,53.3,99.7,71.3,2026-06-12 10:20:00,2974339
92.0,50.6,101.5,71.0,2026-06-12 10:40:00,2974339
92.8,46.9,100.8,69.5,2026-06-12 11:00:00,2974339
93.4,44.8,101.1,68.8,2026-06-12 11:20:00,2974339
93.4,46.1,101.5,69.5,2026-06-12 11:40:00,2974339
94.6,44.9,103.5,69.9,2026-06-12 12:00:00,2974339
95.7,41.2,104.2,68.4,2026-06-12 12:20:00,2974339
95.4,40.0,102.7,67.2,2026-06-12 12:40:00,2974339
96.2,39.1,103.6,67.3,2026-06-12 13:00:00,2974339
97.5,37.7,105.4,67.4,2026-06-12 13:20:00,2974339
99.2,35.1,106.9,66.8,2026-06-12 13:40:00,2974339
98.9,34.7,105.8,66.2,2026-06-12 14:00:00,2974339
99.5,33.5,106.3,65.7,2026-06-12 14:20:00,2974339
100.2,34.2,108.1,66.9,2026-06-12 14:40:00,2974339
100.6,33.5,108.1,66.6,2026-06-12 15:00:00,2974339
101.9,31.1,108.9,65.7,2026-06-12 15:20:00,2974339
101.2,31.1,107.4,65.0,2026-06-12 15:40:00,2974339
102.3,31.8,110.3,66.6,2026-06-12 16:00:00,2974339
101.4,32.6,109.2,66.6,2026-06-12 16:20:00,2974339
101.4,32.6,109.2,66.6,2026-06-12 16:40:00,2974339
101.4,32.8,109.4,66.8,2026-06-12 17:00:00,2974339
102.2,31.1,109.6,65.9,2026-06-12 17:20:00,2974339
100.3,31.7,106.3,64.8,2026-06-12 17:40:00,2974339
100.6,31.5,106.5,64.9,2026-06-12 18:00:00,2974339
100.1,32.9,106.9,65.7,2026-06-12 18:20:00,2974339
99.5,34.0,106.7,66.1,2026-06-12 18:40:00,2974339
98.6,35.3,105.8,66.5,2026-06-12 19:00:00,2974339
98.0,35.0,104.4,65.7,2026-06-12 19:20:00,2974339
97.7,36.1,104.7,66.3,2026-06-12 19:40:00,2974339
97.0,37.2,104.0,66.5,2026-06-12 20:00:00,2974339
96.1,38.5,103.3,66.8,2026-06-12 20:20:00,2974339
95.6,39.4,102.7,67.0,2026-06-12 20:40:00,2974339
94.3,42.0,101.1,67.6,2026-06-12 21:00:00,2974339
93.0,43.0,99.5,67.2,2026-06-12 21:20:00,2974339
91.9,45.5,98.2,67.8,2026-06-12 21:40:00,2974339
90.6,48.1,97.0,68.3,2026-06-12 22:00:00,2974339
89.6,49.8,96.1,68.4,2026-06-12 22:20:00,2974339
88.9,50.6,94.8,68.2,2026-06-12 22:40:00,2974339
89.8,47.0,95.2,66.9,2026-06-12 23:00:00,2974339
89.4,45.7,93.4,65.7,2026-06-12 23:20:00,2974339
88.4,45.2,91.4,64.5,2026-06-12 23:40:00,2974339
87.3,45.9,89.8,63.9,2026-06-13 00:00:00,2974339
86.6,46.7,89.1,63.7,2026-06-13 00:20:00,2974339
85.9,48.0,88.3,64.0,2026-06-13 00:40:00,2974339
85.0,49.2,87.3,63.8,2026-06-13 01:00:00,2974339
84.6,50.4,86.9,64.1,2026-06-13 01:20:00,2974339
84.2,51.2,86.5,64.2,2026-06-13 01:40:00,2974339
84.1,51.9,86.4,64.5,2026-06-13 02:00:00,2974339
83.5,53.0,85.6,64.6,2026-06-13 02:20:00,2974339
83.0,54.1,84.9,64.7,2026-06-13 02:40:00,2974339
82.6,55.2,84.2,64.9,2026-06-13 03:00:00,2974339
81.6,57.2,83.3,65.0,2026-06-13 03:20:00,2974339
80.9,59.4,82.8,65.4,2026-06-13 03:40:00,2974339
80.0,60.9,81.7,65.3,2026-06-13 04:00:00,2974339
79.8,60.8,81.3,65.0,2026-06-13 04:20:00,2974339
79.2,62.0,80.6,65.1,2026-06-13 04:40:00,2974339
78.5,63.7,79.9,65.2,2026-06-13 05:00:00,2974339
78.1,64.3,79.3,65.0,2026-06-13 05:20:00,2974339
77.1,66.9,77.9,65.2,2026-06-13 05:40:00,2974339
77.0,66.9,77.7,65.1,2026-06-13 06:00:00,2974339
76.1,69.5,77.0,65.4,2026-06-13 06:20:00,2974339
76.2,70.6,77.2,65.9,2026-06-13 06:40:00,2974339
76.9,71.2,78.3,66.8,2026-06-13 07:00:00,2974339
82.5,64.5,86.5,69.3,2026-06-13 07:20:00,2974339
85.0,55.5,89.1,67.3,2026-06-13 07:40:00,2974339
83.0,59.0,86.2,67.2,2026-06-13 08:00:00,2974339
82.9,59.5,86.0,67.3,2026-06-13 08:20:00,2974339
84.1,58.6,88.2,68.0,2026-06-13 08:40:00,2974339
84.9,57.2,89.6,68.1,2026-06-13 09:00:00,2974339
85.7,55.3,90.3,67.8,2026-06-13 09:20:00,2974339
86.5,54.9,91.6,68.3,2026-06-13 09:40:00,2974339
87.6,52.5,93.0,68.1,2026-06-13 10:00:00,2974339
87.7,52.8,93.2,68.4,2026-06-13 10:20:00,2974339
88.1,52.3,93.7,68.5,2026-06-13 10:40:00,2974339
87.8,52.3,93.2,68.1,2026-06-13 11:00:00,2974339
89.7,50.3,96.3,68.8,2026-06-13 11:20:00,2974339
89.2,49.5,94.6,67.8,2026-06-13 11:40:00,2974339
90.6,48.7,97.3,68.6,2026-06-13 12:00:00,2974339
90.7,48.0,97.3,68.3,2026-06-13 12:20:00,2974339
91.4,46.8,98.2,68.2,2026-06-13 12:40:00,2974339
91.3,47.2,98.1,68.3,2026-06-13 13:00:00,2974339
93.0,46.0,100.8,69.1,2026-06-13 13:20:00,2974339
93.5,44.1,100.8,68.3,2026-06-13 13:40:00,2974339
93.3,43.6,100.0,67.8,2026-06-13 14:00:00,2974339
94.6,41.8,101.7,67.8,2026-06-13 14:20:00,2974339
95.1,41.5,102.7,68.1,2026-06-13 14:40:00,2974339
95.5,39.8,102.6,67.1,2026-06-13 15:00:00,2974339
95.5,39.3,102.4,66.8,2026-06-13 15:20:00,2974339
96.0,39.9,103.6,67.7,2026-06-13 15:40:00,2974339
94.3,39.0,100.0,65.6,2026-06-13 16:00:00,2974339
98.1,37.3,106.3,67.6,2026-06-13 16:20:00,2974339
97.6,36.8,104.9,66.7,2026-06-13 16:40:00,2974339
95.8,37.6,102.0,65.9,2026-06-13 17:00:00,2974339
95.4,38.2,101.5,65.9,2026-06-13 17:20:00,2974339
95.6,38.3,102.0,66.2,2026-06-13 17:40:00,2974339
95.3,38.3,101.1,65.9,2026-06-13 18:00:00,2974339
95.4,38.3,101.7,66.0,2026-06-13 18:20:00,2974339
95.2,38.2,101.1,65.8,2026-06-13 18:40:00,2974339
94.5,39.4,100.6,66.0,2026-06-13 19:00:00,2974339
94.2,40.1,100.2,66.2,2026-06-13 19:20:00,2974339
93.4,41.5,99.3,66.5,2026-06-13 19:40:00,2974339
93.0,41.7,98.4,66.3,2026-06-13 20:00:00,2974339
92.4,42.3,97.9,66.2,2026-06-13 20:20:00,2974339
91.6,43.7,97.2,66.4,2026-06-13 20:40:00,2974339
86.4,52.7,90.7,67.0,2026-06-13 21:00:00,2974339
83.0,62.7,87.1,69.0,2026-06-13 21:20:00,2974339
81.0,65.2,84.2,68.3,2026-06-13 21:40:00,2974339
79.3,68.1,81.9,67.8,2026-06-13 22:00:00,2974339
78.9,72.0,82.0,69.1,2026-06-13 22:20:00,2974339
79.3,69.8,82.2,68.6,2026-06-13 22:40:00,2974339
79.0,70.6,82.0,68.7,2026-06-13 23:00:00,2974339
79.2,70.3,82.2,68.7,2026-06-13 23:20:00,2974339
79.4,69.7,82.6,68.6,2026-06-13 23:40:00,2974339
79.6,69.2,82.8,68.6,2026-06-14 00:00:00,2974339
79.2,70.3,82.2,68.7,2026-06-14 00:20:00,2974339
78.5,71.2,81.1,68.4,2026-06-14 00:40:00,2974339
78.8,71.3,81.5,68.7,2026-06-14 01:00:00,2974339
78.0,72.6,80.4,68.4,2026-06-14 01:20:00,2974339
76.9,75.6,78.8,68.6,2026-06-14 01:40:00,2974339
76.2,78.6,78.1,69.1,2026-06-14 02:00:00,2974339
75.6,80.2,77.7,69.1,2026-06-14 02:20:00,2974339
75.7,80.7,77.7,69.3,2026-06-14 02:40:00,2974339
75.3,81.2,77.4,69.1,2026-06-14 03:00:00,2974339
75.0,82.2,77.0,69.2,2026-06-14 03:20:00,2974339
85.0,45.6,86.0,61.7,2026-05-28 16:40:00,2968881
88.1,42.5,90.0,62.5,2026-05-28 16:50:00,2968881
90.3,40.0,93.2,62.7,2026-05-28 17:00:00,2968881
90.8,38.9,93.4,62.4,2026-05-28 17:10:00,2968881
90.6,38.5,93.0,61.8,2026-05-28 17:20:00,2968881
91.1,38.0,93.7,62.0,2026-05-28 17:30:00,2968881
90.1,38.2,91.9,61.2,2026-05-28 17:40:00,2968881
90.6,38.8,93.2,62.1,2026-05-28 17:50:00,2968881
89.5,39.5,91.6,61.6,2026-05-28 18:00:00,2968881
89.9,40.2,92.3,62.5,2026-05-28 18:10:00,2968881
89.0,40.8,90.9,62.1,2026-05-28 18:20:00,2968881
88.1,41.7,89.8,61.9,2026-05-28 18:30:00,2968881
87.4,42.4,88.9,61.7,2026-05-28 18:40:00,2968881
86.4,43.9,87.8,61.8,2026-05-28 18:50:00,2968881
85.4,45.7,86.7,62.1,2026-05-28 19:00:00,2968881
85.4,46.4,86.9,62.5,2026-05-28 19:10:00,2968881
85.3,45.2,86.5,61.7,2026-05-28 19:20:00,2968881
85.2,45.5,86.4,61.7,2026-05-28 19:30:00,2968881
84.7,47.2,86.0,62.3,2026-05-28 19:40:00,2968881
84.0,49.3,85.5,62.9,2026-05-28 19:50:00,2968881
83.4,50.1,84.7,62.8,2026-05-28 20:00:00,2968881
82.6,51.7,83.7,63.1,2026-05-28 20:10:00,2968881
82.0,52.5,82.9,62.9,2026-05-28 20:20:00,2968881
81.3,54.0,82.0,63.1,2026-05-28 20:30:00,2968881
80.6,55.3,81.7,63.1,2026-05-28 20:40:00,2968881
80.0,57.2,81.0,63.5,2026-05-28 20:50:00,2968881
79.4,58.8,80.4,63.8,2026-05-28 21:00:00,2968881
78.8,59.6,79.7,63.6,2026-05-28 21:10:00,2968881
78.3,61.5,79.3,64.0,2026-05-28 21:20:00,2968881
77.8,62.4,78.4,64.0,2026-05-28 21:30:00,2968881
77.3,64.3,77.9,64.3,2026-05-28 21:40:00,2968881
77.1,64.4,77.5,64.2,2026-05-28 21:50:00,2968881
77.0,64.3,77.4,64.0,2026-05-28 22:00:00,2968881
76.6,64.1,76.8,63.6,2026-05-28 22:10:00,2968881
76.4,64.4,76.6,63.5,2026-05-28 22:20:00,2968881
76.0,65.0,76.3,63.4,2026-05-28 22:30:00,2968881
75.8,65.3,76.1,63.4,2026-05-28 22:40:00,2968881
75.7,64.2,75.9,62.8,2026-05-28 22:50:00,2968881
75.7,61.0,75.6,61.3,2026-05-28 23:00:00,2968881
75.5,61.9,75.6,61.5,2026-05-28 23:10:00,2968881
75.3,61.1,75.2,61.0,2026-05-28 23:20:00,2968881
75.3,60.9,75.2,60.9,2026-05-28 23:30:00,2968881
75.6,57.5,75.2,59.5,2026-05-28 23:40:00,2968881
75.5,57.1,75.0,59.3,2026-05-28 23:50:00,2968881
75.1,57.5,74.7,59.0,2026-05-29 00:00:00,2968881
74.5,57.9,74.1,58.7,2026-05-29 00:10:00,2968881
74.2,58.4,73.9,58.6,2026-05-29 00:20:00,2968881
73.7,58.5,73.4,58.3,2026-05-29 00:30:00,2968881
73.3,59.8,73.0,58.4,2026-05-29 00:40:00,2968881
73.0,59.7,72.7,58.1,2026-05-29 00:50:00,2968881
72.7,60.0,72.7,58.0,2026-05-29 01:00:00,2968881
72.6,59.9,72.3,57.9,2026-05-29 01:10:00,2968881
72.7,59.7,72.5,57.9,2026-05-29 01:20:00,2968881
72.5,59.4,72.3,57.6,2026-05-29 01:30:00,2968881
72.1,59.4,72.0,57.2,2026-05-29 01:40:00,2968881
71.9,60.4,71.8,57.5,2026-05-29 01:50:00,2968881
72.0,60.3,72.0,57.5,2026-05-29 02:00:00,2968881
71.7,59.2,71.4,56.7,2026-05-29 02:10:00,2968881
71.4,60.4,71.2,56.9,2026-05-29 02:20:00,2968881
70.8,61.1,70.9,56.8,2026-05-29 02:30:00,2968881
70.3,62.3,70.0,56.8,2026-05-29 02:40:00,2968881
69.7,63.9,69.4,56.9,2026-05-29 02:50:00,2968881
69.1,64.3,68.5,56.5,2026-05-29 03:00:00,2968881
68.6,64.7,68.0,56.2,2026-05-29 03:10:00,2968881
68.2,65.8,67.6,56.3,2026-05-29 03:20:00,2968881
67.8,67.1,66.9,56.5,2026-05-29 03:30:00,2968881
67.3,68.3,66.6,56.5,2026-05-29 03:40:00,2968881
67.0,68.7,66.0,56.4,2026-05-29 03:50:00,2968881
66.6,68.7,65.7,56.0,2026-05-29 04:00:00,2968881
66.5,69.1,65.5,56.0,2026-05-29 04:10:00,2968881
66.1,69.6,65.1,55.9,2026-05-29 04:20:00,2968881
65.8,69.8,64.6,55.6,2026-05-29 04:30:00,2968881
65.3,71.2,64.0,55.7,2026-05-29 04:40:00,2968881
65.1,72.7,64.0,56.2,2026-05-29 04:50:00,2968881
64.8,72.8,63.7,55.9,2026-05-29 05:00:00,2968881
64.6,73.8,63.7,56.1,2026-05-29 05:10:00,2968881
64.3,73.5,63.3,55.6,2026-05-29 05:20:00,2968881
63.9,74.8,63.0,55.7,2026-05-29 05:30:00,2968881
63.8,75.6,63.0,55.9,2026-05-29 05:40:00,2968881
63.3,76.1,62.4,55.6,2026-05-29 05:50:00,2968881
63.1,76.5,62.2,55.6,2026-05-29 06:00:00,2968881
62.8,77.0,62.1,55.5,2026-05-29 06:10:00,2968881
62.6,77.0,61.9,55.2,2026-05-29 06:20:00,2968881
62.9,73.9,61.9,54.4,2026-05-29 06:30:00,2968881
63.5,70.9,62.2,53.9,2026-05-29 06:40:00,2968881
64.1,69.7,62.8,54.1,2026-05-29 06:50:00,2968881
64.6,68.5,63.1,54.1,2026-05-29 07:00:00,2968881
64.9,68.2,63.5,54.2,2026-05-29 07:10:00,2968881
65.0,68.5,63.5,54.4,2026-05-29 07:20:00,2968881
65.0,67.5,63.5,54.0,2026-05-29 07:30:00,2968881
65.2,67.3,63.5,54.1,2026-05-29 07:40:00,2968881
65.4,65.6,63.5,53.6,2026-05-29 07:50:00,2968881
65.9,64.4,64.2,53.5,2026-05-29 08:00:00,2968881
66.5,64.5,65.1,54.1,2026-05-29 08:10:00,2968881
67.2,63.0,65.8,54.2,2026-05-29 08:20:00,2968881
67.8,63.1,66.7,54.8,2026-05-29 08:30:00,2968881
69.3,61.1,68.7,55.3,2026-05-29 08:40:00,2968881
69.8,59.6,69.3,55.1,2026-05-29 08:50:00,2968881
69.7,59.4,69.1,55.0,2026-05-29 09:00:00,2968881
69.8,59.0,69.1,54.8,2026-05-29 09:10:00,2968881
70.0,58.5,69.6,54.8,2026-05-29 09:20:00,2968881
70.3,57.7,69.8,54.7,2026-05-29 09:30:00,2968881
70.7,57.7,70.3,55.0,2026-05-29 09:40:00,2968881
71.0,56.2,70.5,54.6,2026-05-29 09:50:00,2968881
71.4,56.4,70.9,55.1,2026-05-29 10:00:00,2968881
72.1,54.9,71.6,55.0,2026-05-29 10:10:00,2968881
72.8,53.4,72.1,54.9,2026-05-29 10:20:00,2968881
72.8,53.7,72.1,55.1,2026-05-29 10:30:00,2968881
73.3,51.5,72.3,54.3,2026-05-29 10:40:00,2968881
74.0,50.8,73.0,54.7,2026-05-29 10:50:00,2968881
74.7,49.7,73.4,54.7,2026-05-29 11:00:00,2968881
75.3,48.7,73.9,54.7,2026-05-29 11:10:00,2968881
75.7,47.0,74.1,54.0,2026-05-29 11:20:00,2968881
76.3,45.6,74.7,53.8,2026-05-29 11:30:00,2968881
77.8,45.0,76.1,54.8,2026-05-29 11:40:00,2968881
78.6,43.4,77.2,54.5,2026-05-29 11:50:00,2968881
78.6,40.4,76.6,52.6,2026-05-29 12:00:00,2968881
78.4,43.0,76.5,54.1,2026-05-29 12:10:00,2968881
78.5,43.7,77.0,54.6,2026-05-29 12:20:00,2968881
79.2,42.1,77.5,54.2,2026-05-29 12:30:00,2968881
79.7,42.5,78.3,54.9,2026-05-29 12:40:00,2968881
79.5,42.5,77.9,54.7,2026-05-29 12:50:00,2968881
79.6,41.5,77.9,54.2,2026-05-29 13:00:00,2968881
81.5,40.3,79.9,55.0,2026-05-29 13:10:00,2968881
83.0,39.8,81.7,56.1,2026-05-29 13:20:00,2968881
83.0,37.6,81.3,54.5,2026-05-29 13:30:00,2968881
82.9,36.7,81.0,53.7,2026-05-29 13:40:00,2968881
83.9,37.7,82.6,55.4,2026-05-29 13:50:00,2968881
84.2,36.5,82.6,54.7,2026-05-29 14:00:00,2968881
85.7,36.6,84.9,56.2,2026-05-29 14:10:00,2968881
84.6,36.6,83.3,55.1,2026-05-29 14:20:00,2968881
85.1,39.0,84.6,57.3,2026-05-29 14:30:00,2968881
85.7,35.6,84.6,55.5,2026-05-29 14:40:00,2968881
87.5,36.2,87.1,57.4,2026-05-29 14:50:00,2968881
85.7,35.7,84.6,55.5,2026-05-29 15:00:00,2968881
84.8,36.3,83.5,55.1,2026-05-29 15:10:00,2968881
84.6,39.0,83.8,56.9,2026-05-29 15:20:00,2968881
84.6,38.7,83.8,56.7,2026-05-29 15:30:00,2968881
83.9,39.1,82.9,56.3,2026-05-29 15:40:00,2968881
83.6,37.7,82.0,55.1,2026-05-29 15:50:00,2968881
85.3,37.9,84.6,56.8,2026-05-29 16:00:00,2968881
85.3,38.2,84.6,56.9,2026-05-29 16:10:00,2968881
85.4,38.2,84.7,57.0,2026-05-29 16:20:00,2968881
85.5,38.9,85.1,57.6,2026-05-29 16:30:00,2968881
84.5,38.4,83.5,56.4,2026-05-29 16:40:00,2968881
85.4,40.5,85.3,58.7,2026-05-29 16:50:00,2968881
85.4,38.8,84.9,57.5,2026-05-29 17:00:00,2968881
86.9,38.6,87.1,58.7,2026-05-29 17:10:00,2968881
86.1,38.1,85.8,57.6,2026-05-29 17:20:00,2968881
84.5,38.4,83.5,56.4,2026-05-29 17:30:00,2968881
86.4,38.8,86.5,58.4,2026-05-29 17:40:00,2968881
84.4,38.9,83.3,56.6,2026-05-29 17:50:00,2968881
85.0,39.9,84.6,57.9,2026-05-29 18:00:00,2968881
84.0,40.0,83.1,57.1,2026-05-29 18:10:00,2968881
84.3,40.5,83.8,57.7,2026-05-29 18:20:00,2968881
82.9,41.3,81.9,57.0,2026-05-29 18:30:00,2968881
82.9,43.0,82.0,58.1,2026-05-29 18:40:00,2968881
82.5,42.8,81.5,57.6,2026-05-29 18:50:00,2968881
82.1,43.4,81.1,57.7,2026-05-29 19:00:00,2968881
81.8,43.9,80.8,57.7,2026-05-29 19:10:00,2968881
81.6,44.0,80.8,57.6,2026-05-29 19:20:00,2968881
81.5,45.0,80.6,58.1,2026-05-29 19:30:00,2968881
81.2,46.8,80.8,58.9,2026-05-29 19:40:00,2968881
80.6,47.6,80.2,58.9,2026-05-29 19:50:00,2968881
80.0,48.5,79.5,58.8,2026-05-29 20:00:00,2968881
79.2,50.4,78.8,59.2,2026-05-29 20:10:00,2968881
78.3,52.8,77.9,59.7,2026-05-29 20:20:00,2968881
77.3,54.6,76.6,59.7,2026-05-29 20:30:00,2968881
76.6,56.4,75.9,60.0,2026-05-29 20:40:00,2968881
75.6,57.4,75.2,59.5,2026-05-29 20:50:00,2968881
75.1,59.4,74.8,60.0,2026-05-29 21:00:00,2968881
74.4,60.2,74.3,59.7,2026-05-29 21:10:00,2968881
73.9,62.2,73.9,60.1,2026-05-29 21:20:00,2968881
73.3,63.3,73.6,60.1,2026-05-29 21:30:00,2968881
72.8,64.5,73.0,60.2,2026-05-29 21:40:00,2968881
72.7,65.5,73.0,60.5,2026-05-29 21:50:00,2968881
72.4,66.2,72.9,60.5,2026-05-29 22:00:00,2968881
72.1,66.9,72.5,60.5,2026-05-29 22:10:00,2968881
72.0,68.0,72.5,60.9,2026-05-29 22:20:00,2968881
71.9,68.7,72.3,61.0,2026-05-29 22:30:00,2968881
71.8,68.8,72.3,61.0,2026-05-29 22:40:00,2968881
71.4,69.9,72.0,61.1,2026-05-29 22:50:00,2968881
71.4,70.2,72.0,61.2,2026-05-29 23:00:00,2968881
71.6,70.3,72.1,61.4,2026-05-29 23:10:00,2968881
71.7,69.9,72.3,61.4,2026-05-29 23:20:00,2968881
72.0,68.2,72.5,61.0,2026-05-29 23:30:00,2968881
73.4,66.2,73.9,61.4,2026-05-29 23:40:00,2968881
73.8,65.4,74.1,61.4,2026-05-29 23:50:00,2968881
73.9,65.9,74.1,61.8,2026-05-30 00:00:00,2968881
74.1,66.7,74.5,62.3,2026-05-30 00:10:00,2968881
74.2,67.7,74.8,62.9,2026-05-30 00:20:00,2968881
74.2,68.3,74.8,63.1,2026-05-30 00:30:00,2968881
74.1,69.2,74.8,63.3,2026-05-30 00:40:00,2968881
73.9,70.4,74.7,63.7,2026-05-30 00:50:00,2968881
73.9,71.1,74.7,64.0,2026-05-30 01:00:00,2968881
73.9,71.8,74.7,64.2,2026-05-30 01:10:00,2968881
73.7,72.5,74.7,64.3,2026-05-30 01:20:00,2968881
73.5,73.3,74.5,64.5,2026-05-30 01:30:00,2968881
73.5,73.9,74.5,64.7,2026-05-30 01:40:00,2968881
73.2,74.7,74.3,64.7,2026-05-30 01:50:00,2968881
73.0,75.6,74.1,64.8,2026-05-30 02:00:00,2968881
72.7,76.5,73.9,64.9,2026-05-30 02:10:00,2968881
72.6,77.3,73.8,65.0,2026-05-30 02:20:00,2968881
72.3,78.2,73.4,65.1,2026-05-30 02:30:00,2968881
72.1,79.0,73.6,65.2,2026-05-30 02:40:00,2968881
71.9,79.8,73.2,65.3,2026-05-30 02:50:00,2968881
71.8,80.5,73.2,65.5,2026-05-30 03:00:00,2968881
71.7,81.1,73.0,65.6,2026-05-30 03:10:00,2968881
71.5,81.9,72.7,65.7,2026-05-30 03:20:00,2968881
71.4,82.5,72.7,65.8,2026-05-30 03:30:00,2968881
71.3,83.2,72.7,66.0,2026-05-30 03:40:00,2968881
71.3,83.6,72.7,66.0,2026-05-30 03:50:00,2968881
71.2,84.2,72.5,66.1,2026-05-30 04:00:00,2968881
71.0,84.8,72.3,66.2,2026-05-30 04:10:00,2968881
71.0,85.2,72.3,66.3,2026-05-30 04:20:00,2968881
70.9,85.7,72.3,66.4,2026-05-30 04:30:00,2968881
70.8,86.3,72.1,66.5,2026-05-30 04:40:00,2968881
70.8,86.6,72.3,66.6,2026-05-30 04:50:00,2968881
70.7,86.9,72.3,66.6,2026-05-30 05:00:00,2968881
70.6,87.3,72.0,66.7,2026-05-30 05:10:00,2968881
70.6,87.6,72.0,66.8,2026-05-30 05:20:00,2968881
70.6,87.9,72.0,66.8,2026-05-30 05:30:00,2968881
70.4,88.1,71.8,66.7,2026-05-30 05:40:00,2968881
70.4,88.4,71.8,66.8,2026-05-30 05:50:00,2968881
70.3,88.7,71.6,66.8,2026-05-30 06:00:00,2968881
70.3,88.9,71.6,66.8,2026-05-30 06:10:00,2968881
70.3,89.1,71.6,66.9,2026-05-30 06:20:00,2968881
70.6,89.0,72.0,67.2,2026-05-30 06:30:00,2968881
71.0,88.7,72.5,67.5,2026-05-30 06:40:00,2968881
71.6,87.9,73.2,67.8,2026-05-30 06:50:00,2968881
71.9,87.3,73.6,67.9,2026-05-30 07:00:00,2968881
72.1,87.0,73.8,68.0,2026-05-30 07:10:00,2968881
72.3,86.5,74.1,68.1,2026-05-30 07:20:00,2968881
72.5,86.3,74.1,68.1,2026-05-30 07:30:00,2968881
72.8,86.0,74.7,68.4,2026-05-30 07:40:00,2968881
73.1,85.4,75.0,68.5,2026-05-30 07:50:00,2968881
73.5,84.8,75.6,68.6,2026-05-30 08:00:00,2968881
73.9,83.6,75.9,68.6,2026-05-30 08:10:00,2968881
74.4,82.2,76.5,68.7,2026-05-30 08:20:00,2968881
75.0,77.9,76.6,67.6,2026-05-30 08:30:00,2968881
75.6,73.9,77.0,66.7,2026-05-30 08:40:00,2968881
75.8,69.5,76.6,65.1,2026-05-30 08:50:00,2968881
76.1,65.6,76.3,63.7,2026-05-30 09:00:00,2968881
76.0,62.9,76.1,62.4,2026-05-30 09:10:00,2968881
75.9,53.8,75.2,58.0,2026-05-30 09:20:00,2968881
76.3,52.0,75.4,57.4,2026-05-30 09:30:00,2968881
76.6,50.9,75.6,57.1,2026-05-30 09:40:00,2968881
76.8,49.4,75.6,56.5,2026-05-30 09:50:00,2968881
76.8,47.7,75.2,55.5,2026-05-30 10:00:00,2968881
77.5,46.5,75.9,55.4,2026-05-30 10:10:00,2968881
78.5,45.4,77.2,55.7,2026-05-30 10:20:00,2968881
78.8,40.8,77.0,53.0,2026-05-30 10:30:00,2968881
79.3,40.0,77.4,52.9,2026-05-30 10:40:00,2968881
79.8,38.7,77.7,52.4,2026-05-30 10:50:00,2968881
79.7,38.2,77.4,51.9,2026-05-30 11:00:00,2968881
80.2,38.0,77.9,52.3,2026-05-30 11:10:00,2968881
80.7,36.9,78.4,51.9,2026-05-30 11:20:00,2968881
81.4,35.4,79.0,51.4,2026-05-30 11:30:00,2968881
81.2,34.0,78.6,50.2,2026-05-30 11:40:00,2968881
82.6,34.0,80.2,51.4,2026-05-30 11:50:00,2968881
82.1,33.8,79.3,50.8,2026-05-30 12:00:00,2968881
82.1,33.6,79.3,50.6,2026-05-30 12:10:00,2968881
82.2,27.8,78.8,45.8,2026-05-30 12:20:00,2968881
82.8,28.5,79.3,46.8,2026-05-30 12:30:00,2968881
83.8,29.3,80.6,48.4,2026-05-30 12:40:00,2968881
84.6,25.9,81.1,45.8,2026-05-30 12:50:00,2968881
85.4,27.0,82.2,47.6,2026-05-30 13:00:00,2968881
85.9,26.2,82.8,47.3,2026-05-30 13:10:00,2968881
86.3,26.5,83.1,47.9,2026-05-30 13:20:00,2968881
88.0,25.1,85.1,47.9,2026-05-30 13:30:00,2968881
87.8,25.6,84.7,48.3,2026-05-30 13:40:00,2968881
86.6,25.4,83.3,47.1,2026-05-30 13:50:00,2968881
88.3,24.9,85.1,48.0,2026-05-30 14:00:00,2968881
88.9,26.8,86.5,50.4,2026-05-30 14:10:00,2968881
88.8,24.8,85.8,48.2,2026-05-30 14:20:00,2968881
90.7,21.2,87.4,45.7,2026-05-30 14:30:00,2968881
91.4,21.1,88.3,46.1,2026-05-30 14:40:00,2968881
91.4,20.5,88.0,45.4,2026-05-30 14:50:00,2968881
91.1,22.4,88.2,47.4,2026-05-30 15:00:00,2968881
90.7,20.2,87.1,44.4,2026-05-30 15:10:00,2968881
89.6,21.5,86.0,45.1,2026-05-30 15:20:00,2968881
90.8,22.4,87.6,47.2,2026-05-30 15:30:00,2968881
90.6,22.5,87.6,47.2,2026-05-30 15:40:00,2968881
91.6,22.9,89.1,48.5,2026-05-30 15:50:00,2968881
91.7,23.7,89.2,49.4,2026-05-30 16:00:00,2968881
90.4,21.5,87.1,45.8,2026-05-30 16:10:00,2968881
89.5,22.8,86.4,46.6,2026-05-30 16:20:00,2968881
90.0,24.7,87.4,49.2,2026-05-30 16:30:00,2968881
90.0,25.0,87.4,49.4,2026-05-30 16:40:00,2968881
88.9,25.8,86.2,49.4,2026-05-30 16:50:00,2968881
86.6,26.2,83.5,47.8,2026-05-30 17:00:00,2968881
85.9,28.2,82.9,49.2,2026-05-30 17:10:00,2968881
88.0,25.8,85.1,48.7,2026-05-30 17:20:00,2968881
89.2,25.5,86.5,49.3,2026-05-30 17:30:00,2968881
87.8,26.2,84.9,48.9,2026-05-30 17:40:00,2968881
88.6,28.0,86.4,51.3,2026-05-30 17:50:00,2968881
89.5,27.4,87.4,51.6,2026-05-30 18:00:00,2968881
88.0,28.5,85.8,51.4,2026-05-30 18:10:00,2968881
85.9,29.3,83.3,50.3,2026-05-30 18:20:00,2968881
84.6,31.7,82.2,51.2,2026-05-30 18:30:00,2968881
83.4,33.2,81.0,51.5,2026-05-30 18:40:00,2968881
82.9,34.0,80.2,51.6,2026-05-30 18:50:00,2968881
82.4,34.7,80.1,51.8,2026-05-30 19:00:00,2968881
82.1,36.0,79.9,52.6,2026-05-30 19:10:00,2968881
81.6,35.6,79.2,51.8,2026-05-30 19:20:00,2968881
80.9,34.6,78.3,50.4,2026-05-30 19:30:00,2968881
80.2,35.8,77.5,50.7,2026-05-30 19:40:00,2968881
79.7,37.0,77.4,51.1,2026-05-30 19:50:00,2968881
79.1,37.9,76.6,51.3,2026-05-30 20:00:00,2968881
78.7,37.4,76.3,50.5,2026-05-30 20:10:00,2968881
78.1,39.6,75.9,51.6,2026-05-30 20:20:00,2968881
77.3,39.6,74.8,50.9,2026-05-30 20:30:00,2968881
76.4,41.1,74.1,51.0,2026-05-30 20:40:00,2968881
75.7,41.7,73.4,50.7,2026-05-30 20:50:00,2968881
74.9,44.0,73.2,51.5,2026-05-30 21:00:00,2968881
74.2,44.9,72.5,51.5,2026-05-30 21:10:00,2968881
73.9,46.0,72.3,51.8,2026-05-30 21:20:00,2968881
73.7,47.1,72.3,52.3,2026-05-30 21:30:00,2968881
74.9,40.6,72.9,49.3,2026-05-30 21:40:00,2968881
75.5,36.5,72.7,47.0,2026-05-30 21:50:00,2968881
75.4,36.2,72.7,46.8,2026-05-30 22:00:00,2968881
75.1,37.1,72.7,47.1,2026-05-30 22:10:00,2968881
74.7,38.1,72.3,47.5,2026-05-30 22:20:00,2968881
74.2,42.3,72.3,49.8,2026-05-30 22:30:00,2968881
73.9,50.5,72.9,54.3,2026-05-30 22:40:00,2968881
73.1,54.8,72.5,55.9,2026-05-30 22:50:00,2968881
72.3,57.6,72.0,56.5,2026-05-30 23:00:00,2968881
71.7,59.2,71.4,56.7,2026-05-30 23:10:00,2968881
71.2,56.0,70.7,54.7,2026-05-30 23:20:00,2968881
70.7,53.2,70.0,52.8,2026-05-30 23:30:00,2968881
70.1,53.0,69.3,52.2,2026-05-30 23:40:00,2968881
69.7,54.1,68.7,52.3,2026-05-30 23:50:00,2968881
69.2,52.8,68.0,51.3,2026-05-31 00:00:00,2968881
68.6,53.7,67.1,51.2,2026-05-31 00:10:00,2968881
68.1,54.6,66.4,51.1,2026-05-31 00:20:00,2968881
67.4,59.2,65.8,52.7,2026-05-31 00:30:00,2968881
66.9,62.8,65.7,53.8,2026-05-31 00:40:00,2968881
66.3,64.2,64.8,53.8,2026-05-31 00:50:00,2968881
65.7,65.6,64.0,53.9,2026-05-31 01:00:00,2968881
65.3,66.2,63.5,53.7,2026-05-31 01:10:00,2968881
65.1,64.8,63.1,52.9,2026-05-31 01:20:00,2968881
65.0,62.1,63.0,51.7,2026-05-31 01:30:00,2968881
64.6,62.5,62.6,51.5,2026-05-31 01:40:00,2968881
64.2,65.3,62.2,52.3,2026-05-31 01:50:00,2968881
63.8,66.0,62.1,52.2,2026-05-31 02:00:00,2968881
63.3,65.9,61.5,51.7,2026-05-31 02:10:00,2968881
63.0,64.9,61.2,51.0,2026-05-31 02:20:00,2968881
62.7,64.4,60.8,50.5,2026-05-31 02:30:00,2968881
62.6,62.6,60.4,49.6,2026-05-31 02:40:00,2968881
62.3,62.7,60.3,49.4,2026-05-31 02:50:00,2968881
62.1,63.1,60.1,49.4,2026-05-31 03:00:00,2968881
61.8,64.1,59.9,49.6,2026-05-31 03:10:00,2968881
61.6,64.1,59.9,49.4,2026-05-31 03:20:00,2968881
61.6,64.9,59.9,49.7,2026-05-31 03:30:00,2968881
61.4,65.2,59.7,49.6,2026-05-31 03:40:00,2968881
61.3,65.3,59.5,49.6,2026-05-31 03:50:00,2968881
61.3,65.8,59.7,49.8,2026-05-31 04:00:00,2968881
61.1,66.1,59.5,49.7,2026-05-31 04:10:00,2968881
60.8,66.6,59.4,49.6,2026-05-31 04:20:00,2968881
60.4,67.0,59.0,49.4,2026-05-31 04:30:00,2968881
60.0,67.4,58.5,49.2,2026-05-31 04:40:00,2968881
59.6,68.9,58.3,49.4,2026-05-31 04:50:00,2968881
59.2,69.4,57.9,49.2,2026-05-31 05:00:00,2968881
58.7,70.1,57.6,49.0,2026-05-31 05:10:00,2968881
58.4,70.8,57.2,49.0,2026-05-31 05:20:00,2968881
57.9,72.4,57.0,49.1,2026-05-31 05:30:00,2968881
57.9,72.8,56.8,49.2,2026-05-31 05:40:00,2968881
57.7,73.0,56.8,49.2,2026-05-31 05:50:00,2968881
57.4,74.1,56.7,49.2,2026-05-31 06:00:00,2968881
57.1,74.5,56.3,49.1,2026-05-31 06:10:00,2968881
56.8,75.5,56.1,49.2,2026-05-31 06:20:00,2968881
56.9,76.2,56.1,49.5,2026-05-31 06:30:00,2968881
56.9,76.6,56.1,49.7,2026-05-31 06:40:00,2968881
57.1,77.1,56.5,50.0,2026-05-31 06:50:00,2968881
57.2,77.0,56.7,50.1,2026-05-31 07:00:00,2968881
57.6,77.3,57.0,50.6,2026-05-31 07:10:00,2968881
58.1,76.9,57.4,50.9,2026-05-31 07:20:00,2968881
58.9,75.8,58.1,51.2,2026-05-31 07:30:00,2968881
59.5,74.4,58.5,51.3,2026-05-31 07:40:00,2968881
60.2,72.7,59.0,51.4,2026-05-31 07:50:00,2968881
60.4,72.2,59.4,51.5,2026-05-31 08:00:00,2968881
60.8,71.7,59.5,51.6,2026-05-31 08:10:00,2968881
61.3,71.1,59.9,51.8,2026-05-31 08:20:00,2968881
61.9,70.1,60.6,52.1,2026-05-31 08:30:00,2968881
63.0,67.9,61.5,52.2,2026-05-31 08:40:00,2968881
63.1,65.7,61.3,51.5,2026-05-31 08:50:00,2968881
63.1,64.3,61.2,50.8,2026-05-31 09:00:00,2968881
63.8,61.3,61.5,50.3,2026-05-31 09:10:00,2968881
64.8,58.6,62.4,49.9,2026-05-31 09:20:00,2968881
64.8,57.4,62.2,49.4,2026-05-31 09:30:00,2968881
65.1,57.1,62.6,49.6,2026-05-31 09:40:00,2968881
65.9,56.5,63.7,50.0,2026-05-31 09:50:00,2968881
66.1,55.0,63.7,49.5,2026-05-31 10:00:00,2968881
67.1,53.5,65.1,49.7,2026-05-31 10:10:00,2968881
67.7,52.4,65.7,49.7,2026-05-31 10:20:00,2968881
67.9,51.8,66.0,49.6,2026-05-31 10:30:00,2968881
68.7,50.3,67.1,49.5,2026-05-31 10:40:00,2968881
69.0,49.8,67.3,49.5,2026-05-31 10:50:00,2968881
69.4,48.0,67.8,48.8,2026-05-31 11:00:00,2968881
70.0,47.6,68.9,49.2,2026-05-31 11:10:00,2968881
70.0,46.5,68.7,48.6,2026-05-31 11:20:00,2968881
71.1,44.8,69.8,48.6,2026-05-31 11:30:00,2968881
72.7,43.7,71.2,49.3,2026-05-31 11:40:00,2968881
74.1,42.1,72.1,49.6,2026-05-31 11:50:00,2968881
73.0,42.4,71.2,48.8,2026-05-31 12:00:00,2968881
72.3,42.2,70.7,48.1,2026-05-31 12:10:00,2968881
73.5,42.8,71.8,49.5,2026-05-31 12:20:00,2968881
74.6,41.3,72.5,49.6,2026-05-31 12:30:00,2968881
74.2,40.2,72.1,48.5,2026-05-31 12:40:00,2968881
76.4,40.1,74.1,50.3,2026-05-31 12:50:00,2968881
76.7,39.2,74.3,50.0,2026-05-31 13:00:00,2968881
75.9,37.7,73.2,48.3,2026-05-31 13:10:00,2968881
76.3,37.4,73.8,48.5,2026-05-31 13:20:00,2968881
78.0,38.3,75.6,50.6,2026-05-31 13:30:00,2968881
80.7,36.8,78.4,51.9,2026-05-31 13:40:00,2968881
80.1,34.8,77.4,49.8,2026-05-31 13:50:00,2968881
82.4,34.1,80.1,51.4,2026-05-31 14:00:00,2968881
81.1,34.2,78.4,50.2,2026-05-31 14:10:00,2968881
80.4,34.4,77.9,49.8,2026-05-31 14:20:00,2968881
82.0,35.1,79.5,51.7,2026-05-31 14:30:00,2968881
80.2,35.3,77.5,50.3,2026-05-31 14:40:00,2968881
80.8,34.8,78.3,50.5,2026-05-31 14:50:00,2968881
80.5,35.3,78.1,50.6,2026-05-31 15:00:00,2968881
80.2,35.1,77.5,50.2,2026-05-31 15:10:00,2968881
79.4,35.0,76.8,49.4,2026-05-31 15:20:00,2968881
81.2,36.2,79.0,51.8,2026-05-31 15:30:00,2968881
80.5,37.1,78.3,52.0,2026-05-31 15:40:00,2968881
79.8,36.3,77.4,50.7,2026-05-31 15:50:00,2968881
80.7,37.7,78.4,52.5,2026-05-31 16:00:00,2968881
81.1,37.4,79.0,52.7,2026-05-31 16:10:00,2968881
80.0,37.7,77.7,51.9,2026-05-31 16:20:00,2968881
79.4,38.2,77.2,51.7,2026-05-31 16:30:00,2968881
78.4,38.3,75.9,51.0,2026-05-31 16:40:00,2968881
78.0,40.4,75.9,52.1,2026-05-31 16:50:00,2968881
78.2,40.6,76.1,52.4,2026-05-31 17:00:00,2968881
78.5,39.6,76.3,51.9,2026-05-31 17:10:00,2968881
79.5,38.9,77.5,52.3,2026-05-31 17:20:00,2968881
79.7,38.2,77.4,52.0,2026-05-31 17:30:00,2968881
79.3,39.7,77.2,52.7,2026-05-31 17:40:00,2968881
79.6,39.8,77.5,53.0,2026-05-31 17:50:00,2968881
77.6,40.4,75.4,51.6,2026-05-31 18:00:00,2968881
77.7,40.5,75.7,51.9,2026-05-31 18:10:00,2968881
77.2,41.0,75.0,51.7,2026-05-31 18:20:00,2968881
77.6,43.1,75.7,53.4,2026-05-31 18:30:00,2968881
77.2,44.3,75.4,53.9,2026-05-31 18:40:00,2968881
76.5,45.6,74.8,53.9,2026-05-31 18:50:00,2968881
76.1,45.8,74.3,53.7,2026-05-31 19:00:00,2968881
75.7,45.7,73.9,53.3,2026-05-31 19:10:00,2968881
75.7,47.4,74.1,54.3,2026-05-31 19:20:00,2968881
75.3,48.0,73.8,54.2,2026-05-31 19:30:00,2968881
75.0,49.0,73.6,54.5,2026-05-31 19:40:00,2968881
74.7,49.5,73.4,54.5,2026-05-31 19:50:00,2968881
74.4,49.6,73.2,54.4,2026-05-31 20:00:00,2968881
74.2,50.7,73.2,54.8,2026-05-31 20:10:00,2968881
74.0,51.4,73.0,55.0,2026-05-31 20:20:00,2968881
73.7,51.1,72.7,54.5,2026-05-31 20:30:00,2968881
73.3,52.2,72.5,54.7,2026-05-31 20:40:00,2968881
72.7,52.5,72.0,54.4,2026-05-31 20:50:00,2968881
72.2,53.6,71.6,54.5,2026-05-31 21:00:00,2968881
71.8,54.2,71.2,54.4,2026-05-31 21:10:00,2968881
71.5,55.1,71.1,54.6,2026-05-31 21:20:00,2968881
71.5,55.8,71.1,54.8,2026-05-31 21:30:00,2968881
71.2,55.4,70.7,54.4,2026-05-31 21:40:00,2968881
71.0,55.9,70.5,54.4,2026-05-31 21:50:00,2968881
71.0,56.2,70.5,54.6,2026-05-31 22:00:00,2968881
71.0,56.0,70.5,54.5,2026-05-31 22:10:00,2968881
71.0,55.4,70.5,54.3,2026-05-31 22:20:00,2968881
71.1,56.1,70.7,54.7,2026-05-31 22:30:00,2968881
71.2,56.8,70.7,55.1,2026-05-31 22:40:00,2968881
70.9,57.8,70.7,55.3,2026-05-31 22:50:00,2968881
70.7,58.7,70.7,55.6,2026-05-31 23:00:00,2968881
70.6,59.5,70.3,55.8,2026-05-31 23:10:00,2968881
70.6,60.2,70.5,56.2,2026-05-31 23:20:00,2968881
70.6,60.8,70.5,56.4,2026-05-31 23:30:00,2968881
70.7,61.0,70.5,56.5,2026-05-31 23:40:00,2968881
70.8,61.1,70.9,56.8,2026-05-31 23:50:00,2968881
70.8,61.5,70.9,56.9,2026-06-01 00:00:00,2968881
70.4,62.5,70.3,57.0,2026-06-01 00:10:00,2968881
70.1,63.3,70.0,57.1,2026-06-01 00:20:00,2968881
69.9,64.4,69.8,57.4,2026-06-01 00:30:00,2968881
69.7,65.2,69.4,57.5,2026-06-01 00:40:00,2968881
69.6,65.7,69.3,57.6,2026-06-01 00:50:00,2968881
69.5,66.4,69.4,57.8,2026-06-01 01:00:00,2968881
69.5,66.6,69.4,57.9,2026-06-01 01:10:00,2968881
69.5,66.8,69.4,58.0,2026-06-01 01:20:00,2968881
69.4,67.2,69.3,58.1,2026-06-01 01:30:00,2968881
69.4,67.1,69.3,58.0,2026-06-01 01:40:00,2968881
69.5,67.7,69.4,58.4,2026-06-01 01:50:00,2968881
69.7,68.2,69.6,58.7,2026-06-01 02:00:00,2968881
69.6,68.9,69.6,59.0,2026-06-01 02:10:00,2968881
69.6,69.1,69.6,59.0,2026-06-01 02:20:00,2968881
69.5,69.5,69.6,59.1,2026-06-01 02:30:00,2968881
69.5,69.5,69.6,59.1,2026-06-01 02:40:00,2968881
69.5,70.1,69.6,59.3,2026-06-01 02:50:00,2968881
69.5,70.1,69.6,59.3,2026-06-01 03:00:00,2968881
69.4,70.4,69.4,59.3,2026-06-01 03:10:00,2968881
69.3,70.6,69.4,59.3,2026-06-01 03:20:00,2968881
69.1,71.1,68.9,59.3,2026-06-01 03:30:00,2968881
68.9,71.6,68.9,59.3,2026-06-01 03:40:00,2968881
68.9,71.8,68.7,59.4,2026-06-01 03:50:00,2968881
68.6,72.4,68.5,59.3,2026-06-01 04:00:00,2968881
68.4,72.9,68.4,59.3,2026-06-01 04:10:00,2968881
68.1,73.6,68.0,59.3,2026-06-01 04:20:00,2968881
68.0,74.1,67.8,59.4,2026-06-01 04:30:00,2968881
67.9,74.4,67.8,59.4,2026-06-01 04:40:00,2968881
68.0,74.6,67.8,59.6,2026-06-01 04:50:00,2968881
68.1,74.6,68.0,59.7,2026-06-01 05:00:00,2968881
68.1,74.2,68.0,59.5,2026-06-01 05:10:00,2968881
68.0,74.1,67.8,59.4,2026-06-01 05:20:00,2968881
67.8,74.3,67.8,59.3,2026-06-01 05:30:00,2968881
67.7,74.3,67.5,59.2,2026-06-01 05:40:00,2968881
67.4,74.6,67.1,59.1,2026-06-01 05:50:00,2968881
67.1,74.9,66.7,58.9,2026-06-01 06:00:00,2968881
67.1,75.1,66.9,59.0,2026-06-01 06:10:00,2968881
67.0,75.6,66.7,59.0,2026-06-01 06:20:00,2968881
66.9,75.9,66.6,59.1,2026-06-01 06:30:00,2968881
66.9,76.2,66.7,59.2,2026-06-01 06:40:00,2968881
67.0,76.2,66.7,59.3,2026-06-01 06:50:00,2968881
67.4,75.8,67.3,59.5,2026-06-01 07:00:00,2968881
67.9,75.3,68.0,59.8,2026-06-01 07:10:00,2968881
68.4,74.9,68.4,60.1,2026-06-01 07:20:00,2968881
68.8,74.1,68.9,60.2,2026-06-01 07:30:00,2968881
69.3,73.7,69.6,60.5,2026-06-01 07:40:00,2968881
69.7,72.9,70.0,60.5,2026-06-01 07:50:00,2968881
69.9,72.8,70.3,60.8,2026-06-01 08:00:00,2968881
70.0,72.5,70.5,60.7,2026-06-01 08:10:00,2968881
70.3,72.2,70.7,60.9,2026-06-01 08:20:00,2968881
70.6,72.1,71.2,61.1,2026-06-01 08:30:00,2968881
71.2,70.5,71.8,61.1,2026-06-01 08:40:00,2968881
71.6,70.5,72.1,61.5,2026-06-01 08:50:00,2968881
71.9,70.8,72.5,61.9,2026-06-01 09:00:00,2968881
72.2,71.4,72.9,62.4,2026-06-01 09:10:00,2968881
72.5,71.1,73.2,62.6,2026-06-01 09:20:00,2968881
72.9,70.4,73.6,62.7,2026-06-01 09:30:00,2968881
73.1,70.6,73.9,63.0,2026-06-01 09:40:00,2968881
73.1,70.4,73.8,63.0,2026-06-01 09:50:00,2968881
73.8,70.9,74.7,63.7,2026-06-01 10:00:00,2968881
74.8,70.2,75.6,64.4,2026-06-01 10:10:00,2968881
74.4,69.6,75.2,63.9,2026-06-01 10:20:00,2968881
74.8,69.6,75.6,64.2,2026-06-01 10:30:00,2968881
75.4,68.9,76.1,64.5,2026-06-01 10:40:00,2968881
75.2,68.8,75.7,64.2,2026-06-01 10:50:00,2968881
76.1,67.7,76.6,64.6,2026-06-01 11:00:00,2968881
77.1,66.4,77.9,65.0,2026-06-01 11:10:00,2968881
77.1,65.0,77.7,64.4,2026-06-01 11:20:00,2968881
77.9,63.7,79.0,64.6,2026-06-01 11:30:00,2968881
79.5,62.0,81.0,65.3,2026-06-01 11:40:00,2968881
80.7,59.0,82.2,65.1,2026-06-01 11:50:00,2968881
81.1,57.8,82.6,64.8,2026-06-01 12:00:00,2968881
80.8,57.4,82.2,64.4,2026-06-01 12:10:00,2968881
80.4,56.3,81.5,63.4,2026-06-01 12:20:00,2968881
81.8,54.6,82.9,63.9,2026-06-01 12:30:00,2968881
81.6,52.2,82.2,62.3,2026-06-01 12:40:00,2968881
83.3,51.5,84.6,63.5,2026-06-01 12:50:00,2968881
82.8,51.7,84.2,63.2,2026-06-01 13:00:00,2968881
85.4,48.8,87.6,64.0,2026-06-01 13:10:00,2968881
84.8,47.9,86.5,62.9,2026-06-01 13:20:00,2968881
83.4,48.0,84.0,61.7,2026-06-01 13:30:00,2968881
83.9,49.4,85.5,62.9,2026-06-01 13:40:00,2968881
84.6,48.5,86.4,63.0,2026-06-01 13:50:00,2968881
83.7,46.4,84.2,61.0,2026-06-01 14:00:00,2968881
82.7,49.0,83.1,61.6,2026-06-01 14:10:00,2968881
83.4,48.9,84.4,62.2,2026-06-01 14:20:00,2968881
83.1,45.4,83.1,59.9,2026-06-01 14:30:00,2968881
82.7,45.1,82.4,59.3,2026-06-01 14:40:00,2968881
84.1,43.6,84.2,59.6,2026-06-01 14:50:00,2968881
84.2,43.3,84.4,59.5,2026-06-01 15:00:00,2968881
82.9,42.7,82.0,57.9,2026-06-01 15:10:00,2968881
82.7,41.1,81.5,56.7,2026-06-01 15:20:00,2968881
82.7,39.7,81.1,55.7,2026-06-01 15:30:00,2968881
83.0,37.9,81.3,54.8,2026-06-01 15:40:00,2968881
84.1,37.4,82.8,55.3,2026-06-01 15:50:00,2968881
85.9,36.5,85.1,56.2,2026-06-01 16:00:00,2968881
86.8,35.6,86.0,56.4,2026-06-01 16:10:00,2968881
86.6,36.6,86.2,56.9,2026-06-01 16:20:00,2968881
87.0,36.9,86.5,57.4,2026-06-01 16:30:00,2968881
85.3,37.6,84.4,56.5,2026-06-01 16:40:00,2968881
83.9,39.2,82.9,56.5,2026-06-01 16:50:00,2968881
82.6,40.5,81.3,56.2,2026-06-01 17:00:00,2968881
81.8,42.3,80.6,56.6,2026-06-01 17:10:00,2968881
81.6,43.2,80.6,57.1,2026-06-01 17:20:00,2968881
81.9,42.1,80.8,56.6,2026-06-01 17:30:00,2968881
82.6,41.6,81.7,56.9,2026-06-01 17:40:00,2968881
82.0,41.4,80.6,56.2,2026-06-01 17:50:00,2968881
81.0,40.6,79.3,54.9,2026-06-01 18:00:00,2968881
80.8,41.1,79.3,55.0,2026-06-01 18:10:00,2968881
80.5,43.6,79.3,56.3,2026-06-01 18:20:00,2968881
80.9,43.7,79.7,56.7,2026-06-01 18:30:00,2968881
80.5,41.6,79.0,55.1,2026-06-01 18:40:00,2968881
80.1,41.2,78.4,54.4,2026-06-01 18:50:00,2968881
79.5,41.6,77.7,54.2,2026-06-01 19:00:00,2968881
79.4,41.5,77.7,54.0,2026-06-01 19:10:00,2968881
79.0,42.3,77.4,54.1,2026-06-01 19:20:00,2968881
78.5,42.5,76.8,53.8,2026-06-01 19:30:00,2968881
78.0,43.2,76.1,53.8,2026-06-01 19:40:00,2968881
77.7,44.0,75.9,54.1,2026-06-01 19:50:00,2968881
77.2,44.9,75.2,54.1,2026-06-01 20:00:00,2968881
76.5,43.1,74.5,52.4,2026-06-01 20:10:00,2968881
76.3,43.6,74.5,52.5,2026-06-01 20:20:00,2968881
75.6,43.9,73.8,52.1,2026-06-01 20:30:00,2968881
74.9,44.9,73.2,52.0,2026-06-01 20:40:00,2968881
74.3,45.5,72.9,51.9,2026-06-01 20:50:00,2968881
73.9,45.9,72.3,51.8,2026-06-01 21:00:00,2968881
73.4,46.7,72.1,51.8,2026-06-01 21:10:00,2968881
72.9,47.7,71.8,51.9,2026-06-01 21:20:00,2968881
72.5,47.7,71.2,51.5,2026-06-01 21:30:00,2968881
72.2,48.2,71.2,51.5,2026-06-01 21:40:00,2968881
71.7,49.2,70.7,51.7,2026-06-01 21:50:00,2968881
71.3,50.2,70.5,51.8,2026-06-01 22:00:00,2968881
70.9,51.2,70.2,52.0,2026-06-01 22:10:00,2968881
70.8,50.9,70.2,51.7,2026-06-01 22:20:00,2968881
70.8,49.6,70.0,51.0,2026-06-01 22:30:00,2968881
71.0,48.3,70.0,50.5,2026-06-01 22:40:00,2968881
71.3,47.2,70.2,50.2,2026-06-01 22:50:00,2968881
71.4,46.8,70.2,50.0,2026-06-01 23:00:00,2968881
71.6,46.7,70.3,50.1,2026-06-01 23:10:00,2968881
71.5,48.8,70.5,51.2,2026-06-01 23:20:00,2968881
71.2,52.8,70.5,53.1,2026-06-01 23:30:00,2968881
71.2,55.2,70.7,54.2,2026-06-01 23:40:00,2968881
70.6,56.8,70.2,54.5,2026-06-01 23:50:00,2968881
70.4,56.8,70.0,54.4,2026-06-02 00:00:00,2968881
70.3,56.9,69.6,54.3,2026-06-02 00:10:00,2968881
70.1,57.7,69.6,54.5,2026-06-02 00:20:00,2968881
69.7,58.4,69.1,54.5,2026-06-02 00:30:00,2968881
69.6,58.5,68.9,54.4,2026-06-02 00:40:00,2968881
69.5,58.4,68.9,54.3,2026-06-02 00:50:00,2968881
69.4,58.0,68.5,53.9,2026-06-02 01:00:00,2968881
69.0,57.7,68.0,53.4,2026-06-02 01:10:00,2968881
68.8,57.7,67.8,53.2,2026-06-02 01:20:00,2968881
68.5,57.2,67.1,52.7,2026-06-02 01:30:00,2968881
68.1,56.3,66.6,52.0,2026-06-02 01:40:00,2968881
67.9,55.6,66.4,51.5,2026-06-02 01:50:00,2968881
67.6,55.0,65.8,50.8,2026-06-02 02:00:00,2968881
67.0,54.4,64.9,50.0,2026-06-02 02:10:00,2968881
66.5,53.3,64.0,49.0,2026-06-02 02:20:00,2968881
66.1,53.8,63.5,48.8,2026-06-02 02:30:00,2968881
65.5,55.0,63.0,48.9,2026-06-02 02:40:00,2968881
65.2,55.9,62.4,49.0,2026-06-02 02:50:00,2968881
65.1,56.4,62.6,49.2,2026-06-02 03:00:00,2968881
64.9,57.0,62.2,49.3,2026-06-02 03:10:00,2968881
64.6,57.6,62.1,49.4,2026-06-02 03:20:00,2968881
64.1,58.9,61.7,49.5,2026-06-02 03:30:00,2968881
63.7,60.0,61.2,49.5,2026-06-02 03:40:00,2968881
63.5,61.3,61.2,49.9,2026-06-02 03:50:00,2968881
63.2,62.4,61.2,50.2,2026-06-02 04:00:00,2968881
62.9,63.3,60.8,50.2,2026-06-02 04:10:00,2968881
62.4,64.6,60.4,50.3,2026-06-02 04:20:00,2968881
62.4,66.0,60.6,50.9,2026-06-02 04:30:00,2968881
62.3,66.7,60.6,51.0,2026-06-02 04:40:00,2968881
62.3,67.1,60.6,51.3,2026-06-02 04:50:00,2968881
62.3,67.6,60.8,51.4,2026-06-02 05:00:00,2968881
62.0,68.0,60.4,51.4,2026-06-02 05:10:00,2968881
61.8,68.9,60.3,51.5,2026-06-02 05:20:00,2968881
61.4,69.7,60.1,51.5,2026-06-02 05:30:00,2968881
61.2,70.3,59.9,51.5,2026-06-02 05:40:00,2968881
60.9,71.0,59.5,51.5,2026-06-02 05:50:00,2968881
60.7,71.7,59.5,51.5,2026-06-02 06:00:00,2968881
60.5,73.0,59.4,51.8,2026-06-02 06:10:00,2968881
60.4,73.8,59.4,52.0,2026-06-02 06:20:00,2968881
60.4,74.1,59.4,52.1,2026-06-02 06:30:00,2968881
60.5,74.1,59.5,52.3,2026-06-02 06:40:00,2968881
60.8,74.5,59.9,52.7,2026-06-02 06:50:00,2968881
61.1,74.8,60.1,53.0,2026-06-02 07:00:00,2968881
61.3,74.6,60.3,53.2,2026-06-02 07:10:00,2968881
61.3,73.9,60.3,52.9,2026-06-02 07:20:00,2968881
61.6,73.3,60.6,52.9,2026-06-02 07:30:00,2968881
61.8,72.7,60.6,52.9,2026-06-02 07:40:00,2968881
62.0,71.3,60.6,52.5,2026-06-02 07:50:00,2968881
62.0,70.7,60.6,52.3,2026-06-02 08:00:00,2968881
62.0,69.5,60.6,51.9,2026-06-02 08:10:00,2968881
62.6,69.0,61.0,52.3,2026-06-02 08:20:00,2968881
62.9,67.7,61.3,52.1,2026-06-02 08:30:00,2968881
63.3,66.5,61.5,52.0,2026-06-02 08:40:00,2968881
63.2,64.4,61.3,51.0,2026-06-02 08:50:00,2968881
62.9,63.8,60.8,50.4,2026-06-02 09:00:00,2968881
64.1,64.1,62.2,51.7,2026-06-02 09:10:00,2968881
65.2,61.7,63.0,51.7,2026-06-02 09:20:00,2968881
65.4,58.5,63.0,50.5,2026-06-02 09:30:00,2968881
65.6,58.7,63.3,50.7,2026-06-02 09:40:00,2968881
66.0,57.4,63.7,50.5,2026-06-02 09:50:00,2968881
66.6,58.3,64.8,51.5,2026-06-02 10:00:00,2968881
66.1,57.1,63.9,50.5,2026-06-02 10:10:00,2968881
67.6,55.4,65.8,51.1,2026-06-02 10:20:00,2968881
68.0,52.9,66.2,50.2,2026-06-02 10:30:00,2968881
69.0,51.7,67.5,50.5,2026-06-02 10:40:00,2968881
69.3,49.6,67.8,49.6,2026-06-02 10:50:00,2968881
69.5,49.8,68.0,49.9,2026-06-02 11:00:00,2968881
70.1,49.2,68.9,50.2,2026-06-02 11:10:00,2968881
71.2,46.8,70.0,49.8,2026-06-02 11:20:00,2968881
72.0,47.5,70.9,50.9,2026-06-02 11:30:00,2968881
73.7,45.3,72.3,51.2,2026-06-02 11:40:00,2968881
75.5,41.0,73.2,50.1,2026-06-02 11:50:00,2968881
75.3,40.0,73.0,49.3,2026-06-02 12:00:00,2968881
74.4,39.0,72.1,47.8,2026-06-02 12:10:00,2968881
75.2,40.4,73.0,49.5,2026-06-02 12:20:00,2968881
75.7,38.1,73.0,48.3,2026-06-02 12:30:00,2968881
76.1,37.9,73.6,48.7,2026-06-02 12:40:00,2968881
77.3,37.2,74.7,49.2,2026-06-02 12:50:00,2968881
77.5,36.8,74.8,49.0,2026-06-02 13:00:00,2968881
77.3,35.5,74.5,47.9,2026-06-02 13:10:00,2968881
78.3,34.8,75.4,48.2,2026-06-02 13:20:00,2968881
80.0,33.4,77.0,48.6,2026-06-02 13:30:00,2968881
80.5,33.3,77.7,49.0,2026-06-02 13:40:00,2968881
80.8,33.5,78.1,49.4,2026-06-02 13:50:00,2968881
82.4,32.5,79.5,50.0,2026-06-02 14:00:00,2968881
80.4,29.6,76.8,45.7,2026-06-02 14:10:00,2968881
81.4,30.1,78.1,47.0,2026-06-02 14:20:00,2968881
80.8,30.1,77.5,46.6,2026-06-02 14:30:00,2968881
80.8,30.6,77.5,47.0,2026-06-02 14:40:00,2968881
81.6,30.3,78.3,47.5,2026-06-02 14:50:00,2968881
82.0,29.8,78.4,47.3,2026-06-02 15:00:00,2968881
81.4,29.2,77.9,46.3,2026-06-02 15:10:00,2968881
80.5,28.0,76.8,44.4,2026-06-02 15:20:00,2968881
80.2,28.7,76.6,44.9,2026-06-02 15:30:00,2968881
78.5,29.7,75.0,44.3,2026-06-02 15:40:00,2968881
79.9,31.6,76.6,47.1,2026-06-02 15:50:00,2968881
80.2,29.7,76.6,45.7,2026-06-02 16:00:00,2968881
80.2,29.1,76.6,45.2,2026-06-02 16:10:00,2968881
80.6,29.3,77.0,45.7,2026-06-02 16:20:00,2968881
81.8,29.4,78.3,46.9,2026-06-02 16:30:00,2968881
81.5,29.8,78.1,46.9,2026-06-02 16:40:00,2968881
79.5,28.9,75.9,44.4,2026-06-02 16:50:00,2968881
80.0,29.1,76.5,45.1,2026-06-02 17:00:00,2968881
80.4,29.1,76.8,45.3,2026-06-02 17:10:00,2968881
79.9,29.0,76.3,44.8,2026-06-02 17:20:00,2968881
78.5,28.5,75.0,43.2,2026-06-02 17:30:00,2968881
79.2,28.9,75.7,44.2,2026-06-02 17:40:00,2968881
79.1,29.5,75.6,44.6,2026-06-02 17:50:00,2968881
78.9,28.9,75.4,43.9,2026-06-02 18:00:00,2968881
77.8,28.6,74.3,42.7,2026-06-02 18:10:00,2968881
77.1,28.5,73.6,41.9,2026-06-02 18:20:00,2968881
75.8,27.8,72.1,40.2,2026-06-02 18:30:00,2968881
74.7,29.3,71.4,40.6,2026-06-02 18:40:00,2968881
74.2,30.5,71.2,41.3,2026-06-02 18:50:00,2968881
73.9,31.3,70.9,41.6,2026-06-02 19:00:00,2968881
73.6,31.1,70.9,41.2,2026-06-02 19:10:00,2968881
73.1,30.6,70.3,40.4,2026-06-02 19:20:00,2968881
72.7,31.1,70.0,40.4,2026-06-02 19:30:00,2968881
72.1,31.0,69.6,39.8,2026-06-02 19:40:00,2968881
71.7,31.2,69.3,39.7,2026-06-02 19:50:00,2968881
71.1,32.2,68.9,39.9,2026-06-02 20:00:00,2968881
70.7,32.2,68.2,39.5,2026-06-02 20:10:00,2968881
70.3,33.0,67.8,39.8,2026-06-02 20:20:00,2968881
69.5,33.2,66.7,39.3,2026-06-02 20:30:00,2968881
68.9,34.1,66.0,39.5,2026-06-02 20:40:00,2968881
68.1,35.0,64.8,39.4,2026-06-02 20:50:00,2968881
67.6,35.8,64.0,39.6,2026-06-02 21:00:00,2968881
67.0,37.4,63.5,40.2,2026-06-02 21:10:00,2968881
66.6,37.5,63.0,39.8,2026-06-02 21:20:00,2968881
66.0,38.3,61.9,39.9,2026-06-02 21:30:00,2968881
65.5,39.0,61.5,39.9,2026-06-02 21:40:00,2968881
65.2,40.1,61.0,40.3,2026-06-02 21:50:00,2968881
64.8,40.7,60.6,40.4,2026-06-02 22:00:00,2968881
64.3,41.6,60.3,40.5,2026-06-02 22:10:00,2968881
64.0,42.7,59.9,40.8,2026-06-02 22:20:00,2968881
63.5,43.5,59.7,40.9,2026-06-02 22:30:00,2968881
62.9,44.4,59.2,40.9,2026-06-02 22:40:00,2968881
62.4,45.1,59.0,40.9,2026-06-02 22:50:00,2968881
61.9,46.5,58.5,41.2,2026-06-02 23:00:00,2968881
61.4,47.1,58.3,41.1,2026-06-02 23:10:00,2968881
61.0,48.4,57.9,41.4,2026-06-02 23:20:00,2968881
60.3,49.4,57.4,41.3,2026-06-02 23:30:00,2968881
59.7,50.6,56.8,41.4,2026-06-02 23:40:00,2968881
59.1,51.7,56.5,41.4,2026-06-02 23:50:00,2968881
58.5,53.7,56.1,41.7,2026-06-03 00:00:00,2968881
57.9,55.1,55.6,41.9,2026-06-03 00:10:00,2968881
57.6,56.3,55.4,42.1,2026-06-03 00:20:00,2968881
57.1,57.1,55.0,42.0,2026-06-03 00:30:00,2968881
56.9,58.6,55.0,42.5,2026-06-03 00:40:00,2968881
56.7,59.3,54.9,42.7,2026-06-03 00:50:00,2968881
56.4,60.1,54.7,42.8,2026-06-03 01:00:00,2968881
55.5,61.6,53.8,42.6,2026-06-03 01:10:00,2968881
54.9,63.4,53.4,42.7,2026-06-03 01:20:00,2968881
54.5,63.9,53.2,42.5,2026-06-03 01:30:00,2968881
54.3,64.8,52.9,42.7,2026-06-03 01:40:00,2968881
54.2,64.8,52.9,42.6,2026-06-03 01:50:00,2968881
53.9,65.5,52.5,42.6,2026-06-03 02:00:00,2968881
53.4,67.1,52.2,42.7,2026-06-03 02:10:00,2968881
53.3,68.2,52.2,43.1,2026-06-03 02:20:00,2968881
53.0,68.9,51.8,43.0,2026-06-03 02:30:00,2968881
52.9,69.1,51.8,43.1,2026-06-03 02:40:00,2968881
53.2,69.2,52.0,43.4,2026-06-03 02:50:00,2968881
53.2,70.2,52.2,43.7,2026-06-03 03:00:00,2968881
52.8,71.3,51.8,43.7,2026-06-03 03:10:00,2968881
52.3,72.2,51.4,43.6,2026-06-03 03:20:00,2968881
51.9,73.5,51.1,43.7,2026-06-03 03:30:00,2968881
51.8,73.9,51.1,43.8,2026-06-03 03:40:00,2968881
51.6,74.6,51.1,43.8,2026-06-03 03:50:00,2968881
51.4,75.1,50.7,43.8,2026-06-03 04:00:00,2968881
51.4,75.4,50.7,43.8,2026-06-03 04:10:00,2968881
51.9,75.3,51.3,44.3,2026-06-03 04:20:00,2968881
51.9,75.3,51.3,44.3,2026-06-03 04:30:00,2968881
51.7,75.3,51.1,44.2,2026-06-03 04:40:00,2968881
52.0,75.5,51.4,44.5,2026-06-03 04:50:00,2968881
51.7,76.0,51.1,44.4,2026-06-03 05:00:00,2968881
51.4,77.0,51.1,44.5,2026-06-03 05:10:00,2968881
51.2,77.4,50.7,44.4,2026-06-03 05:20:00,2968881
51.1,78.0,50.7,44.5,2026-06-03 05:30:00,2968881
51.0,78.1,50.5,44.5,2026-06-03 05:40:00,2968881
51.3,77.7,50.9,44.5,2026-06-03 05:50:00,2968881
51.5,77.1,51.1,44.6,2026-06-03 06:00:00,2968881
51.6,77.6,51.1,44.8,2026-06-03 06:10:00,2968881
51.7,77.5,51.3,44.9,2026-06-03 06:20:00,2968881
52.1,76.7,51.4,45.1,2026-06-03 06:30:00,2968881
52.5,75.3,52.0,45.0,2026-06-03 06:40:00,2968881
53.2,74.4,52.3,45.2,2026-06-03 06:50:00,2968881
53.6,73.7,52.9,45.5,2026-06-03 07:00:00,2968881
54.1,72.8,53.2,45.6,2026-06-03 07:10:00,2968881
55.1,71.1,54.1,45.9,2026-06-03 07:20:00,2968881
56.9,66.3,55.6,45.8,2026-06-03 07:30:00,2968881
58.1,63.3,56.5,45.7,2026-06-03 07:40:00,2968881
59.0,62.2,57.2,46.1,2026-06-03 07:50:00,2968881
59.7,60.8,57.6,46.1,2026-06-03 08:00:00,2968881
60.8,58.9,58.6,46.4,2026-06-03 08:10:00,2968881
61.8,57.1,59.4,46.5,2026-06-03 08:20:00,2968881
63.0,54.7,60.3,46.4,2026-06-03 08:30:00,2968881
64.3,52.3,61.2,46.5,2026-06-03 08:40:00,2968881
65.1,49.1,61.9,45.6,2026-06-03 08:50:00,2968881
65.9,48.6,62.8,46.0,2026-06-03 09:00:00,2968881
66.7,48.8,63.9,46.8,2026-06-03 09:10:00,2968881
67.6,47.3,65.1,46.9,2026-06-03 09:20:00,2968881
68.5,45.1,66.2,46.3,2026-06-03 09:30:00,2968881
69.3,42.7,67.3,45.7,2026-06-03 09:40:00,2968881
70.1,42.0,68.4,46.0,2026-06-03 09:50:00,2968881
71.1,41.3,69.6,46.4,2026-06-03 10:00:00,2968881
72.1,39.4,70.2,46.1,2026-06-03 10:10:00,2968881
72.7,37.5,70.7,45.3,2026-06-03 10:20:00,2968881
73.1,38.3,70.9,46.2,2026-06-03 10:30:00,2968881
73.8,36.7,71.6,45.7,2026-06-03 10:40:00,2968881
74.3,34.6,71.8,44.6,2026-06-03 10:50:00,2968881
74.7,34.8,72.0,45.1,2026-06-03 11:00:00,2968881
75.5,34.5,72.7,45.6,2026-06-03 11:10:00,2968881
75.8,33.7,72.9,45.2,2026-06-03 11:20:00,2968881
76.5,33.3,73.4,45.5,2026-06-03 11:30:00,2968881
78.5,33.2,75.6,47.2,2026-06-03 11:40:00,2968881
79.2,29.0,75.7,44.2,2026-06-03 11:50:00,2968881
78.8,29.7,75.2,44.5,2026-06-03 12:00:00,2968881
79.7,27.6,76.1,43.4,2026-06-03 12:10:00,2968881
78.9,28.8,75.4,43.8,2026-06-03 12:20:00,2968881
79.0,28.4,75.6,43.5,2026-06-03 12:30:00,2968881
79.7,29.6,76.1,45.2,2026-06-03 12:40:00,2968881
80.3,28.5,76.8,44.7,2026-06-03 12:50:00,2968881
79.4,28.7,75.9,44.1,2026-06-03 13:00:00,2968881
80.4,28.5,76.8,44.8,2026-06-03 13:10:00,2968881
80.9,28.2,77.2,44.9,2026-06-03 13:20:00,2968881
81.5,27.6,77.7,44.9,2026-06-03 13:30:00,2968881
83.2,26.9,79.5,45.7,2026-06-03 13:40:00,2968881
84.9,25.2,81.5,45.4,2026-06-03 13:50:00,2968881
84.4,25.3,80.8,45.1,2026-06-03 14:00:00,2968881
84.6,26.0,81.3,46.0,2026-06-03 14:10:00,2968881
84.6,26.1,81.3,46.0,2026-06-03 14:20:00,2968881
86.2,25.7,82.9,47.0,2026-06-03 14:30:00,2968881
82.5,25.8,78.6,44.0,2026-06-03 14:40:00,2968881
83.6,25.9,79.9,45.0,2026-06-03 14:50:00,2968881
84.2,25.6,80.6,45.2,2026-06-03 15:00:00,2968881
84.9,25.5,81.5,45.8,2026-06-03 15:10:00,2968881
83.0,26.3,79.3,44.9,2026-06-03 15:20:00,2968881
82.5,27.2,78.8,45.4,2026-06-03 15:30:00,2968881
84.4,25.9,80.6,45.6,2026-06-03 15:40:00,2968881
83.6,25.6,79.9,44.7,2026-06-03 15:50:00,2968881
83.3,26.0,79.3,44.8,2026-06-03 16:00:00,2968881
83.2,25.8,79.3,44.6,2026-06-03 16:10:00,2968881
82.5,27.6,79.0,45.7,2026-06-03 16:20:00,2968881
80.9,27.6,77.2,44.3,2026-06-03 16:30:00,2968881
82.8,27.4,79.3,45.8,2026-06-03 16:40:00,2968881
84.0,26.9,80.4,46.3,2026-06-03 16:50:00,2968881
85.3,26.3,82.0,46.9,2026-06-03 17:00:00,2968881
84.9,25.4,81.3,45.6,2026-06-03 17:10:00,2968881
84.6,26.2,81.3,46.1,2026-06-03 17:20:00,2968881
84.1,25.7,80.4,45.2,2026-06-03 17:30:00,2968881
84.1,26.2,80.6,45.8,2026-06-03 17:40:00,2968881
83.6,26.7,80.1,45.8,2026-06-03 17:50:00,2968881
84.0,26.4,80.4,45.8,2026-06-03 18:00:00,2968881
82.6,25.8,78.8,44.0,2026-06-03 18:10:00,2968881
81.6,27.9,77.9,45.2,2026-06-03 18:20:00,2968881
81.5,28.7,77.9,45.9,2026-06-03 18:30:00,2968881
81.0,28.1,77.4,44.9,2026-06-03 18:40:00,2968881
80.5,28.9,77.0,45.2,2026-06-03 18:50:00,2968881
79.8,29.3,76.3,44.9,2026-06-03 19:00:00,2968881
79.4,29.9,75.9,45.2,2026-06-03 19:10:00,2968881
79.1,29.6,75.6,44.6,2026-06-03 19:20:00,2968881
78.6,29.6,75.0,44.2,2026-06-03 19:30:00,2968881
78.2,31.0,74.8,45.1,2026-06-03 19:40:00,2968881
77.5,31.0,74.1,44.5,2026-06-03 19:50:00,2968881
76.7,32.4,73.6,45.0,2026-06-03 20:00:00,2968881
75.8,33.9,72.9,45.4,2026-06-03 20:10:00,2968881
75.1,34.3,72.3,45.0,2026-06-03 20:20:00,2968881
74.0,36.4,71.6,45.6,2026-06-03 20:30:00,2968881
73.2,37.3,71.1,45.6,2026-06-03 20:40:00,2968881
72.5,38.8,70.5,46.0,2026-06-03 20:50:00,2968881
71.6,39.9,70.0,46.0,2026-06-03 21:00:00,2968881
70.9,40.8,69.3,45.9,2026-06-03 21:10:00,2968881
70.3,42.2,68.5,46.2,2026-06-03 21:20:00,2968881
69.5,43.2,67.6,46.2,2026-06-03 21:30:00,2968881
68.9,44.7,66.9,46.5,2026-06-03 21:40:00,2968881
68.0,46.6,65.7,46.9,2026-06-03 21:50:00,2968881
67.4,47.8,64.9,46.9,2026-06-03 22:00:00,2968881
67.0,48.8,64.4,47.1,2026-06-03 22:10:00,2968881
66.1,49.9,63.1,46.9,2026-06-03 22:20:00,2968881
65.7,51.0,62.8,47.1,2026-06-03 22:30:00,2968881
65.4,52.0,62.2,47.3,2026-06-03 22:40:00,2968881
64.8,52.7,61.9,47.1,2026-06-03 22:50:00,2968881
64.3,54.1,61.3,47.3,2026-06-03 23:00:00,2968881
64.0,54.8,61.2,47.4,2026-06-03 23:10:00,2968881
63.5,55.2,60.8,47.2,2026-06-03 23:20:00,2968881
63.0,56.4,60.4,47.2,2026-06-03 23:30:00,2968881
62.9,57.1,60.3,47.5,2026-06-03 23:40:00,2968881
62.8,57.7,60.3,47.7,2026-06-03 23:50:00,2968881
62.6,58.7,60.1,47.9,2026-06-04 00:00:00,2968881
62.0,59.7,59.7,47.9,2026-06-04 00:10:00,2968881
61.6,61.2,59.5,48.1,2026-06-04 00:20:00,2968881
61.4,61.7,59.4,48.1,2026-06-04 00:30:00,2968881
61.2,62.4,59.4,48.2,2026-06-04 00:40:00,2968881
60.7,62.6,58.8,47.9,2026-06-04 00:50:00,2968881
60.8,62.8,59.0,48.1,2026-06-04 01:00:00,2968881
60.4,63.7,58.5,48.0,2026-06-04 01:10:00,2968881
59.9,64.4,58.3,47.9,2026-06-04 01:20:00,2968881
59.5,65.5,57.7,47.9,2026-06-04 01:30:00,2968881
59.3,66.3,57.7,48.0,2026-06-04 01:40:00,2968881
59.1,66.9,57.6,48.1,2026-06-04 01:50:00,2968881
58.6,67.5,57.0,47.9,2026-06-04 02:00:00,2968881
58.2,68.1,56.8,47.7,2026-06-04 02:10:00,2968881
58.2,69.4,56.8,48.2,2026-06-04 02:20:00,2968881
58.2,69.6,57.0,48.3,2026-06-04 02:30:00,2968881
57.9,70.3,56.7,48.3,2026-06-04 02:40:00,2968881
57.5,71.3,56.5,48.3,2026-06-04 02:50:00,2968881
57.2,71.6,56.1,48.1,2026-06-04 03:00:00,2968881
56.8,72.6,55.9,48.1,2026-06-04 03:10:00,2968881
56.5,73.4,55.8,48.1,2026-06-04 03:20:00,2968881
56.4,74.6,55.6,48.4,2026-06-04 03:30:00,2968881
56.1,74.9,55.2,48.3,2026-06-04 03:40:00,2968881
55.9,75.8,55.2,48.3,2026-06-04 03:50:00,2968881
55.6,76.0,55.0,48.1,2026-06-04 04:00:00,2968881
55.4,76.7,54.7,48.2,2026-06-04 04:10:00,2968881
55.1,76.9,54.5,48.0,2026-06-04 04:20:00,2968881
55.2,77.1,54.5,48.2,2026-06-04 04:30:00,2968881
55.5,76.8,54.9,48.3,2026-06-04 04:40:00,2968881
55.0,77.6,54.3,48.1,2026-06-04 04:50:00,2968881
54.8,77.9,54.1,48.0,2026-06-04 05:00:00,2968881
54.9,78.5,54.3,48.4,2026-06-04 05:10:00,2968881
54.8,78.6,54.1,48.3,2026-06-04 05:20:00,2968881
54.4,79.5,54.0,48.2,2026-06-04 05:30:00,2968881
54.1,79.8,53.6,48.0,2026-06-04 05:40:00,2968881
53.8,81.0,53.6,48.1,2026-06-04 05:50:00,2968881
53.6,81.5,53.4,48.1,2026-06-04 06:00:00,2968881
53.9,81.5,53.6,48.3,2026-06-04 06:10:00,2968881
53.8,81.5,53.6,48.3,2026-06-04 06:20:00,2968881
53.9,81.6,53.6,48.3,2026-06-04 06:30:00,2968881
54.1,81.7,54.0,48.7,2026-06-04 06:40:00,2968881
54.4,82.0,54.1,49.1,2026-06-04 06:50:00,2968881
54.7,82.3,54.5,49.4,2026-06-04 07:00:00,2968881
55.3,82.1,55.0,49.9,2026-06-04 07:10:00,2968881
55.9,82.3,55.6,50.5,2026-06-04 07:20:00,2968881
56.9,81.8,56.7,51.4,2026-06-04 07:30:00,2968881
58.1,80.8,57.7,52.2,2026-06-04 07:40:00,2968881
59.3,77.7,58.6,52.3,2026-06-04 07:50:00,2968881
62.0,70.9,60.6,52.4,2026-06-04 08:00:00,2968881
63.6,66.9,61.9,52.4,2026-06-04 08:10:00,2968881
64.6,64.6,62.8,52.4,2026-06-04 08:20:00,2968881
66.2,60.9,64.4,52.3,2026-06-04 08:30:00,2968881
67.7,58.2,66.2,52.5,2026-06-04 08:40:00,2968881
68.8,54.1,67.5,51.5,2026-06-04 08:50:00,2968881
70.0,51.2,69.1,51.2,2026-06-04 09:00:00,2968881
70.4,50.9,69.6,51.4,2026-06-04 09:10:00,2968881
71.6,48.2,70.5,51.0,2026-06-04 09:20:00,2968881
72.3,47.2,71.1,51.1,2026-06-04 09:30:00,2968881
73.3,46.3,72.0,51.5,2026-06-04 09:40:00,2968881
73.9,44.7,72.1,51.0,2026-06-04 09:50:00,2968881
75.3,42.0,73.2,50.7,2026-06-04 10:00:00,2968881
76.4,40.6,74.1,50.7,2026-06-04 10:10:00,2968881
77.2,38.0,74.5,49.6,2026-06-04 10:20:00,2968881
77.8,36.7,75.0,49.2,2026-06-04 10:30:00,2968881
78.5,34.8,75.7,48.5,2026-06-04 10:40:00,2968881
79.1,34.7,76.3,48.9,2026-06-04 10:50:00,2968881
79.4,33.2,76.5,47.9,2026-06-04 11:00:00,2968881
80.0,32.4,77.0,47.8,2026-06-04 11:10:00,2968881
80.7,32.5,77.7,48.5,2026-06-04 11:20:00,2968881
81.5,30.4,78.3,47.5,2026-06-04 11:30:00,2968881
83.3,29.7,80.1,48.4,2026-06-04 11:40:00,2968881
83.9,28.2,80.6,47.5,2026-06-04 11:50:00,2968881
84.1,27.9,80.8,47.4,2026-06-04 12:00:00,2968881
83.8,29.0,80.6,48.2,2026-06-04 12:10:00,2968881
82.7,28.6,79.2,46.8,2026-06-04 12:20:00,2968881
83.0,29.1,79.7,47.6,2026-06-04 12:30:00,2968881
84.7,28.4,81.5,48.3,2026-06-04 12:40:00,2968881
86.4,27.4,83.5,48.9,2026-06-04 12:50:00,2968881
86.8,26.0,83.7,47.9,2026-06-04 13:00:00,2968881
87.0,25.1,83.8,47.1,2026-06-04 13:10:00,2968881
88.5,24.4,85.5,47.6,2026-06-04 13:20:00,2968881
89.8,24.3,87.1,48.5,2026-06-04 13:30:00,2968881
86.6,23.9,83.1,45.4,2026-06-04 13:40:00,2968881
88.4,24.1,85.1,47.1,2026-06-04 13:50:00,2968881
90.4,23.7,87.6,48.4,2026-06-04 14:00:00,2968881
90.2,23.6,87.4,48.1,2026-06-04 14:10:00,2968881
88.1,23.5,84.7,46.3,2026-06-04 14:20:00,2968881
89.8,24.4,87.1,48.7,2026-06-04 14:30:00,2968881
90.4,23.9,87.6,48.6,2026-06-04 14:40:00,2968881
92.3,22.1,89.4,48.1,2026-06-04 14:50:00,2968881
91.9,21.7,88.9,47.3,2026-06-04 15:00:00,2968881
90.7,22.1,87.6,46.9,2026-06-04 15:10:00,2968881
90.7,23.3,88.0,48.2,2026-06-04 15:20:00,2968881
90.6,22.8,87.6,47.5,2026-06-04 15:30:00,2968881
90.3,23.1,87.4,47.6,2026-06-04 15:40:00,2968881
91.5,23.8,89.1,49.4,2026-06-04 15:50:00,2968881
91.9,23.1,89.6,48.9,2026-06-04 16:00:00,2968881
93.3,22.7,91.0,49.7,2026-06-04 16:10:00,2968881
91.4,23.0,88.7,48.4,2026-06-04 16:20:00,2968881
92.2,22.3,89.4,48.3,2026-06-04 16:30:00,2968881
92.1,23.3,89.8,49.4,2026-06-04 16:40:00,2968881
90.0,22.3,86.7,46.5,2026-06-04 16:50:00,2968881
92.0,22.3,89.2,48.1,2026-06-04 17:00:00,2968881
91.1,22.2,88.2,47.2,2026-06-04 17:10:00,2968881
90.5,22.5,87.3,47.0,2026-06-04 17:20:00,2968881
91.8,22.5,89.1,48.1,2026-06-04 17:30:00,2968881
91.0,22.4,88.0,47.4,2026-06-04 17:40:00,2968881
91.7,22.3,88.9,47.9,2026-06-04 17:50:00,2968881
91.6,22.4,88.9,47.9,2026-06-04 18:00:00,2968881
91.2,22.7,88.3,47.8,2026-06-04 18:10:00,2968881
90.3,22.2,87.1,46.6,2026-06-04 18:20:00,2968881
88.9,22.7,85.6,46.0,2026-06-04 18:30:00,2968881
87.5,23.7,84.0,46.0,2026-06-04 18:40:00,2968881
86.6,25.8,83.3,47.5,2026-06-04 18:50:00,2968881
86.5,25.0,82.9,46.5,2026-06-04 19:00:00,2968881
85.9,25.6,82.6,46.7,2026-06-04 19:10:00,2968881
85.4,25.3,81.9,45.9,2026-06-04 19:20:00,2968881
84.9,28.4,81.9,48.6,2026-06-04 19:30:00,2968881
83.9,30.8,81.1,49.9,2026-06-04 19:40:00,2968881
82.9,31.1,79.9,49.2,2026-06-04 19:50:00,2968881
81.4,33.6,78.6,50.0,2026-06-04 20:00:00,2968881
80.2,34.9,77.4,50.0,2026-06-04 20:10:00,2968881
79.4,36.5,77.0,50.5,2026-06-04 20:20:00,2968881
78.5,38.9,76.3,51.5,2026-06-04 20:30:00,2968881
78.3,38.1,75.9,50.7,2026-06-04 20:40:00,2968881
77.6,39.2,75.2,50.9,2026-06-04 20:50:00,2968881
76.7,41.1,74.5,51.4,2026-06-04 21:00:00,2968881
75.4,43.0,73.4,51.4,2026-06-04 21:10:00,2968881
74.1,44.9,72.3,51.4,2026-06-04 21:20:00,2968881
73.3,46.6,72.0,51.7,2026-06-04 21:30:00,2968881
72.8,47.0,71.4,51.4,2026-06-04 21:40:00,2968881
72.6,47.9,71.4,51.7,2026-06-04 21:50:00,2968881
72.0,48.3,71.1,51.4,2026-06-04 22:00:00,2968881
71.4,49.7,70.3,51.6,2026-06-04 22:10:00,2968881
70.7,51.2,69.8,51.8,2026-06-04 22:20:00,2968881
70.0,52.3,69.1,51.7,2026-06-04 22:30:00,2968881
69.5,52.9,68.4,51.6,2026-06-04 22:40:00,2968881
69.5,53.1,68.4,51.7,2026-06-04 22:50:00,2968881
68.7,55.0,67.5,51.9,2026-06-04 23:00:00,2968881
68.1,56.0,66.6,51.8,2026-06-04 23:10:00,2968881
67.9,56.8,66.4,52.1,2026-06-04 23:20:00,2968881
67.4,58.5,65.8,52.4,2026-06-04 23:30:00,2968881
66.8,59.2,65.1,52.2,2026-06-04 23:40:00,2968881
66.3,60.1,64.4,52.1,2026-06-04 23:50:00,2968881
66.0,60.8,64.0,52.1,2026-06-05 00:00:00,2968881
65.7,61.7,63.7,52.2,2026-06-05 00:10:00,2968881
65.4,62.4,63.3,52.2,2026-06-05 00:20:00,2968881
65.0,63.0,63.0,52.1,2026-06-05 00:30:00,2968881
64.8,63.6,62.8,52.1,2026-06-05 00:40:00,2968881
64.6,63.9,62.8,52.1,2026-06-05 00:50:00,2968881
64.2,65.1,62.2,52.2,2026-06-05 01:00:00,2968881
64.2,66.1,62.4,52.6,2026-06-05 01:10:00,2968881
64.3,65.8,62.6,52.6,2026-06-05 01:20:00,2968881
64.5,65.8,62.8,52.8,2026-06-05 01:30:00,2968881
65.1,64.6,63.3,52.9,2026-06-05 01:40:00,2968881
65.3,64.7,63.5,53.1,2026-06-05 01:50:00,2968881
65.2,64.9,63.3,53.1,2026-06-05 02:00:00,2968881
65.3,65.6,63.3,53.4,2026-06-05 02:10:00,2968881
65.1,66.0,63.3,53.4,2026-06-05 02:20:00,2968881
64.6,67.1,62.8,53.4,2026-06-05 02:30:00,2968881
64.0,68.7,62.4,53.5,2026-06-05 02:40:00,2968881
63.7,69.7,62.4,53.7,2026-06-05 02:50:00,2968881
63.3,70.4,62.1,53.5,2026-06-05 03:00:00,2968881
63.3,71.2,61.9,53.8,2026-06-05 03:10:00,2968881
62.9,71.8,61.7,53.6,2026-06-05 03:20:00,2968881
62.9,73.0,61.7,54.1,2026-06-05 03:30:00,2968881
62.7,73.4,61.7,54.1,2026-06-05 03:40:00,2968881
62.9,73.9,61.9,54.4,2026-06-05 03:50:00,2968881
63.0,73.6,62.1,54.4,2026-06-05 04:00:00,2968881
62.6,74.5,61.5,54.3,2026-06-05 04:10:00,2968881
62.6,74.8,61.7,54.5,2026-06-05 04:20:00,2968881
62.3,75.2,61.5,54.4,2026-06-05 04:30:00,2968881
61.9,75.9,61.2,54.2,2026-06-05 04:40:00,2968881
61.1,77.2,60.4,53.9,2026-06-05 04:50:00,2968881
60.7,78.5,60.1,54.0,2026-06-05 05:00:00,2968881
60.4,79.1,59.9,53.9,2026-06-05 05:10:00,2968881
60.1,80.3,59.7,54.0,2026-06-05 05:20:00,2968881
59.5,81.3,59.2,53.7,2026-06-05 05:30:00,2968881
59.2,82.0,59.0,53.7,2026-06-05 05:40:00,2968881
58.9,83.0,58.8,53.7,2026-06-05 05:50:00,2968881
58.9,83.0,58.8,53.8,2026-06-05 06:00:00,2968881
59.0,83.5,58.8,54.0,2026-06-05 06:10:00,2968881
59.1,83.5,59.0,54.1,2026-06-05 06:20:00,2968881
59.5,83.8,59.4,54.6,2026-06-05 06:30:00,2968881
60.2,83.0,60.1,55.0,2026-06-05 06:40:00,2968881
61.0,81.2,60.8,55.2,2026-06-05 06:50:00,2968881
61.6,80.0,61.2,55.4,2026-06-05 07:00:00,2968881
62.0,79.6,61.5,55.6,2026-06-05 07:10:00,2968881
62.9,77.6,62.2,55.8,2026-06-05 07:20:00,2968881
63.6,76.2,62.8,56.0,2026-06-05 07:30:00,2968881
64.3,75.1,63.5,56.2,2026-06-05 07:40:00,2968881
65.3,73.8,64.4,56.8,2026-06-05 07:50:00,2968881
66.2,71.9,65.5,56.9,2026-06-05 08:00:00,2968881
67.3,69.8,66.7,57.1,2026-06-05 08:10:00,2968881
68.3,67.4,67.6,57.1,2026-06-05 08:20:00,2968881
69.4,67.2,69.3,58.0,2026-06-05 08:30:00,2968881
71.0,63.8,71.2,58.1,2026-06-05 08:40:00,2968881
72.0,62.1,72.1,58.3,2026-06-05 08:50:00,2968881
72.6,61.3,72.5,58.5,2026-06-05 09:00:00,2968881
73.4,59.9,73.2,58.6,2026-06-05 09:10:00,2968881
76.0,55.7,75.4,59.0,2026-06-05 09:20:00,2968881
77.0,53.3,76.3,58.7,2026-06-05 09:30:00,2968881
78.4,49.4,77.5,57.8,2026-06-05 09:40:00,2968881
79.2,48.8,78.6,58.3,2026-06-05 09:50:00,2968881
80.2,46.9,79.5,58.1,2026-06-05 10:00:00,2968881
80.9,45.3,80.1,57.8,2026-06-05 10:10:00,2968881
81.5,45.7,80.6,58.6,2026-06-05 10:20:00,2968881
82.3,42.5,81.3,57.3,2026-06-05 10:30:00,2968881
83.3,41.2,82.4,57.2,2026-06-05 10:40:00,2968881
83.6,40.8,82.8,57.3,2026-06-05 10:50:00,2968881
84.2,39.2,83.3,56.7,2026-06-05 11:00:00,2968881
85.0,37.5,84.0,56.2,2026-06-05 11:10:00,2968881
85.6,37.0,84.7,56.3,2026-06-05 11:20:00,2968881
86.3,36.1,85.5,56.3,2026-06-05 11:30:00,2968881
88.3,33.3,87.3,55.9,2026-06-05 11:40:00,2968881
90.2,31.4,89.6,55.9,2026-06-05 11:50:00,2968881
87.8,32.9,86.5,55.0,2026-06-05 12:00:00,2968881
88.0,31.7,86.5,54.2,2026-06-05 12:10:00,2968881
88.3,32.9,87.3,55.5,2026-06-05 12:20:00,2968881
88.8,30.8,87.3,54.2,2026-06-05 12:30:00,2968881
88.9,32.5,88.2,55.7,2026-06-05 12:40:00,2968881
90.4,32.1,90.1,56.6,2026-06-05 12:50:00,2968881
90.5,30.5,89.8,55.3,2026-06-05 13:00:00,2968881
90.4,30.7,89.6,55.4,2026-06-05 13:10:00,2968881
91.5,30.9,91.2,56.5,2026-06-05 13:20:00,2968881
91.5,30.4,91.0,56.0,2026-06-05 13:30:00,2968881
92.8,29.4,92.5,56.2,2026-06-05 13:40:00,2968881
90.4,28.3,88.9,53.1,2026-06-05 13:50:00,2968881
93.0,28.5,92.5,55.5,2026-06-05 14:00:00,2968881
94.9,26.9,94.8,55.6,2026-06-05 14:10:00,2968881
94.6,26.6,94.3,55.1,2026-06-05 14:20:00,2968881
93.3,27.8,92.7,55.1,2026-06-05 14:30:00,2968881
93.2,25.7,91.9,53.0,2026-06-05 14:40:00,2968881
93.0,27.2,92.1,54.3,2026-06-05 14:50:00,2968881
92.5,26.9,91.4,53.6,2026-06-05 15:00:00,2968881
95.7,26.5,95.9,55.9,2026-06-05 15:10:00,2968881
94.1,26.8,93.7,54.8,2026-06-05 15:20:00,2968881
94.4,27.1,94.1,55.4,2026-06-05 15:30:00,2968881
94.0,26.4,93.2,54.4,2026-06-05 15:40:00,2968881
95.9,26.2,96.3,55.8,2026-06-05 15:50:00,2968881
94.8,25.5,94.1,54.1,2026-06-05 16:00:00,2968881
95.6,27.2,96.1,56.5,2026-06-05 16:10:00,2968881
93.6,26.0,92.5,53.5,2026-06-05 16:20:00,2968881
93.7,27.1,93.0,54.7,2026-06-05 16:30:00,2968881
93.0,26.3,91.9,53.4,2026-06-05 16:40:00,2968881
93.7,26.6,92.8,54.2,2026-06-05 16:50:00,2968881
93.3,26.2,92.1,53.5,2026-06-05 17:00:00,2968881
93.8,26.3,93.0,54.1,2026-06-05 17:10:00,2968881
95.0,25.9,94.6,54.6,2026-06-05 17:20:00,2968881
94.7,26.3,94.3,54.7,2026-06-05 17:30:00,2968881
93.1,25.7,91.8,52.9,2026-06-05 17:40:00,2968881
93.3,26.7,92.3,54.0,2026-06-05 17:50:00,2968881
93.0,26.8,91.9,53.9,2026-06-05 18:00:00,2968881
92.9,27.0,91.9,54.0,2026-06-05 18:10:00,2968881
92.8,26.9,91.6,53.8,2026-06-05 18:20:00,2968881
92.4,28.7,91.8,55.3,2026-06-05 18:30:00,2968881
91.2,28.1,89.8,53.7,2026-06-05 18:40:00,2968881
90.5,30.0,89.6,54.8,2026-06-05 18:50:00,2968881
90.0,29.4,88.7,53.8,2026-06-05 19:00:00,2968881
89.4,30.0,87.8,53.8,2026-06-05 19:10:00,2968881
88.8,30.6,87.3,54.0,2026-06-05 19:20:00,2968881
88.2,31.5,86.7,54.2,2026-06-05 19:30:00,2968881
87.4,32.4,85.8,54.3,2026-06-05 19:40:00,2968881
86.7,33.1,85.1,54.2,2026-06-05 19:50:00,2968881
85.9,33.7,84.4,54.1,2026-06-05 20:00:00,2968881
85.4,34.3,83.8,54.1,2026-06-05 20:10:00,2968881
84.7,35.1,83.1,54.0,2026-06-05 20:20:00,2968881
84.0,35.6,82.4,53.9,2026-06-05 20:30:00,2968881
83.5,36.5,81.9,54.1,2026-06-05 20:40:00,2968881
82.7,37.3,80.8,54.0,2026-06-05 20:50:00,2968881
82.2,38.6,80.6,54.6,2026-06-05 21:00:00,2968881
81.4,40.0,79.9,54.8,2026-06-05 21:10:00,2968881
80.6,41.1,79.2,54.8,2026-06-05 21:20:00,2968881
79.9,42.0,78.4,54.8,2026-06-05 21:30:00,2968881
79.5,42.7,78.1,54.9,2026-06-05 21:40:00,2968881
79.5,42.9,77.9,55.0,2026-06-05 21:50:00,2968881
79.3,43.6,77.7,55.2,2026-06-05 22:00:00,2968881
78.8,44.0,77.4,55.1,2026-06-05 22:10:00,2968881
78.2,45.3,76.6,55.4,2026-06-05 22:20:00,2968881
78.3,45.0,77.0,55.2,2026-06-05 22:30:00,2968881
79.1,44.4,77.7,55.6,2026-06-05 22:40:00,2968881
79.0,45.2,77.9,55.9,2026-06-05 22:50:00,2968881
78.4,45.6,77.0,55.7,2026-06-05 23:00:00,2968881
77.9,46.3,76.3,55.6,2026-06-05 23:10:00,2968881
77.6,47.1,76.3,55.8,2026-06-05 23:20:00,2968881
76.9,47.7,75.4,55.6,2026-06-05 23:30:00,2968881
76.3,49.8,75.0,56.2,2026-06-05 23:40:00,2968881
75.7,50.2,74.5,55.8,2026-06-05 23:50:00,2968881
75.3,51.4,74.1,56.1,2026-06-06 00:00:00,2968881
75.5,51.1,74.3,56.2,2026-06-06 00:10:00,2968881
75.6,51.1,74.5,56.3,2026-06-06 00:20:00,2968881
75.5,51.4,74.3,56.3,2026-06-06 00:30:00,2968881
75.3,51.7,74.1,56.3,2026-06-06 00:40:00,2968881
75.1,52.4,74.1,56.4,2026-06-06 00:50:00,2968881
74.9,52.7,73.9,56.5,2026-06-06 01:00:00,2968881
74.5,53.4,73.8,56.5,2026-06-06 01:10:00,2968881
74.4,53.9,73.6,56.6,2026-06-06 01:20:00,2968881
74.2,54.6,73.4,56.8,2026-06-06 01:30:00,2968881
73.7,55.7,73.2,56.9,2026-06-06 01:40:00,2968881
73.3,56.3,72.9,56.8,2026-06-06 01:50:00,2968881
73.0,56.9,72.5,56.8,2026-06-06 02:00:00,2968881
72.7,57.6,72.5,56.9,2026-06-06 02:10:00,2968881
72.3,58.4,72.1,56.9,2026-06-06 02:20:00,2968881
72.0,59.1,71.8,56.9,2026-06-06 02:30:00,2968881
72.0,59.5,71.8,57.1,2026-06-06 02:40:00,2968881
71.7,60.3,71.6,57.2,2026-06-06 02:50:00,2968881
71.2,61.1,71.1,57.1,2026-06-06 03:00:00,2968881
71.2,61.5,71.1,57.3,2026-06-06 03:10:00,2968881
70.9,61.9,71.1,57.2,2026-06-06 03:20:00,2968881
70.6,62.7,70.5,57.3,2026-06-06 03:30:00,2968881
70.3,63.3,70.2,57.3,2026-06-06 03:40:00,2968881
70.4,63.5,70.5,57.4,2026-06-06 03:50:00,2968881
70.5,63.6,70.5,57.6,2026-06-06 04:00:00,2968881
70.1,64.1,70.0,57.4,2026-06-06 04:10:00,2968881
70.1,64.6,70.0,57.6,2026-06-06 04:20:00,2968881
70.1,64.7,70.0,57.7,2026-06-06 04:30:00,2968881
70.1,64.9,70.0,57.7,2026-06-06 04:40:00,2968881
69.9,65.2,69.8,57.7,2026-06-06 04:50:00,2968881
69.5,66.1,69.4,57.7,2026-06-06 05:00:00,2968881
68.7,67.3,68.2,57.4,2026-06-06 05:10:00,2968881
68.6,68.1,68.2,57.6,2026-06-06 05:20:00,2968881
68.7,68.2,68.2,57.8,2026-06-06 05:30:00,2968881
69.0,67.9,68.7,58.0,2026-06-06 05:40:00,2968881
69.0,67.8,68.7,57.9,2026-06-06 05:50:00,2968881
69.1,67.9,68.7,58.0,2026-06-06 06:00:00,2968881
69.1,68.0,68.9,58.1,2026-06-06 06:10:00,2968881
69.3,68.0,69.3,58.3,2026-06-06 06:20:00,2968881
69.4,68.2,69.3,58.4,2026-06-06 06:30:00,2968881
69.7,68.1,69.6,58.7,2026-06-06 06:40:00,2968881
70.0,67.9,70.2,58.9,2026-06-06 06:50:00,2968881
70.4,67.6,70.7,59.1,2026-06-06 07:00:00,2968881
70.8,67.2,71.2,59.4,2026-06-06 07:10:00,2968881
71.2,66.9,71.6,59.6,2026-06-06 07:20:00,2968881
71.6,66.5,72.1,59.9,2026-06-06 07:30:00,2968881
71.9,66.7,72.3,60.2,2026-06-06 07:40:00,2968881
72.4,65.7,72.7,60.3,2026-06-06 07:50:00,2968881
73.0,65.1,73.2,60.6,2026-06-06 08:00:00,2968881
73.7,64.6,73.9,61.1,2026-06-06 08:10:00,2968881
74.4,62.9,74.5,61.0,2026-06-06 08:20:00,2968881
75.2,62.3,75.4,61.4,2026-06-06 08:30:00,2968881
76.3,60.3,76.3,61.6,2026-06-06 08:40:00,2968881
76.4,59.0,76.1,61.0,2026-06-06 08:50:00,2968881
77.0,59.2,76.8,61.7,2026-06-06 09:00:00,2968881
77.6,58.1,77.5,61.7,2026-06-06 09:10:00,2968881
77.9,57.0,78.1,61.4,2026-06-06 09:20:00,2968881
78.3,55.9,78.4,61.3,2026-06-06 09:30:00,2968881
79.0,55.2,79.3,61.6,2026-06-06 09:40:00,2968881
79.4,54.5,79.7,61.6,2026-06-06 09:50:00,2968881
80.1,53.6,80.6,61.8,2026-06-06 10:00:00,2968881
80.9,52.9,81.5,62.2,2026-06-06 10:10:00,2968881
81.1,51.3,81.3,61.4,2026-06-06 10:20:00,2968881
81.1,50.7,81.1,61.1,2026-06-06 10:30:00,2968881
82.0,50.0,82.2,61.5,2026-06-06 10:40:00,2968881
82.6,48.2,82.9,61.0,2026-06-06 10:50:00,2968881
82.9,46.8,82.9,60.4,2026-06-06 11:00:00,2968881
83.4,48.2,84.2,61.8,2026-06-06 11:10:00,2968881
83.9,46.4,84.6,61.2,2026-06-06 11:20:00,2968881
83.9,44.8,84.2,60.2,2026-06-06 11:30:00,2968881
85.8,44.3,87.1,61.6,2026-06-06 11:40:00,2968881
86.9,42.6,88.3,61.4,2026-06-06 11:50:00,2968881
86.1,41.9,86.7,60.3,2026-06-06 12:00:00,2968881
85.7,41.7,86.2,59.8,2026-06-06 12:10:00,2968881
87.2,42.7,88.7,61.8,2026-06-06 12:20:00,2968881
87.9,41.1,89.2,61.3,2026-06-06 12:30:00,2968881
87.3,40.8,88.3,60.6,2026-06-06 12:40:00,2968881
88.7,38.7,89.6,60.3,2026-06-06 12:50:00,2968881
90.6,37.4,92.5,61.1,2026-06-06 13:00:00,2968881
89.4,38.6,90.9,60.9,2026-06-06 13:10:00,2968881
88.8,37.7,89.6,59.6,2026-06-06 13:20:00,2968881
90.6,38.0,92.8,61.5,2026-06-06 13:30:00,2968881
90.0,38.4,91.9,61.3,2026-06-06 13:40:00,2968881
90.2,37.9,92.1,61.1,2026-06-06 13:50:00,2968881
91.0,37.0,93.0,61.2,2026-06-06 14:00:00,2968881
90.1,38.0,91.8,61.1,2026-06-06 14:10:00,2968881
89.3,39.7,91.2,61.6,2026-06-06 14:20:00,2968881
89.6,39.7,91.6,61.8,2026-06-06 14:30:00,2968881
90.3,38.9,92.8,61.9,2026-06-06 14:40:00,2968881
91.3,38.4,94.1,62.5,2026-06-06 14:50:00,2968881
91.4,38.0,94.3,62.2,2026-06-06 15:00:00,2968881
90.9,38.8,93.7,62.4,2026-06-06 15:10:00,2968881
91.2,38.6,94.1,62.5,2026-06-06 15:20:00,2968881
91.5,36.8,93.7,61.4,2026-06-06 15:30:00,2968881
89.1,38.9,90.7,60.8,2026-06-06 15:40:00,2968881
89.8,39.4,91.8,61.8,2026-06-06 15:50:00,2968881
90.9,37.2,93.2,61.1,2026-06-06 16:00:00,2968881
91.2,36.7,93.2,61.1,2026-06-06 16:10:00,2968881
93.1,35.7,95.9,62.0,2026-06-06 16:20:00,2968881
92.0,36.2,94.5,61.4,2026-06-06 16:30:00,2968881
91.5,35.7,93.2,60.5,2026-06-06 16:40:00,2968881
93.2,35.2,96.1,61.6,2026-06-06 16:50:00,2968881
92.8,36.0,95.5,61.9,2026-06-06 17:00:00,2968881
92.3,36.4,95.2,61.8,2026-06-06 17:10:00,2968881
92.6,35.9,95.2,61.7,2026-06-06 17:20:00,2968881
91.3,35.1,92.8,59.9,2026-06-06 17:30:00,2968881
91.9,35.6,94.1,60.8,2026-06-06 17:40:00,2968881
91.9,34.4,93.4,59.9,2026-06-06 17:50:00,2968881
91.0,35.0,92.3,59.6,2026-06-06 18:00:00,2968881
91.6,34.5,93.0,59.7,2026-06-06 18:10:00,2968881
91.4,33.6,92.5,58.8,2026-06-06 18:20:00,2968881
90.1,33.7,90.3,57.7,2026-06-06 18:30:00,2968881
89.8,34.6,90.1,58.2,2026-06-06 18:40:00,2968881
89.4,35.5,89.8,58.5,2026-06-06 18:50:00,2968881
89.0,38.3,90.1,60.3,2026-06-06 19:00:00,2968881
88.4,38.8,89.4,60.2,2026-06-06 19:10:00,2968881
87.6,38.5,87.8,59.2,2026-06-06 19:20:00,2968881
87.3,38.6,87.6,59.1,2026-06-06 19:30:00,2968881
87.1,39.2,87.4,59.3,2026-06-06 19:40:00,2968881
86.6,40.6,87.3,59.8,2026-06-06 19:50:00,2968881
86.0,42.1,86.5,60.3,2026-06-06 20:00:00,2968881
85.6,42.4,86.2,60.1,2026-06-06 20:10:00,2968881
85.0,42.8,85.3,59.8,2026-06-06 20:20:00,2968881
84.4,43.6,84.7,59.9,2026-06-06 20:30:00,2968881
83.7,44.2,83.8,59.6,2026-06-06 20:40:00,2968881
83.1,45.2,83.1,59.7,2026-06-06 20:50:00,2968881
82.3,46.6,82.0,59.8,2026-06-06 21:00:00,2968881
81.9,47.1,81.7,59.8,2026-06-06 21:10:00,2968881
81.7,47.7,81.7,59.9,2026-06-06 21:20:00,2968881
81.4,48.3,81.1,60.0,2026-06-06 21:30:00,2968881
81.3,48.8,81.1,60.2,2026-06-06 21:40:00,2968881
80.9,49.6,80.8,60.3,2026-06-06 21:50:00,2968881
80.8,50.2,81.0,60.5,2026-06-06 22:00:00,2968881
80.6,50.6,80.8,60.6,2026-06-06 22:10:00,2968881
80.4,51.1,80.4,60.7,2026-06-06 22:20:00,2968881
80.2,51.5,80.1,60.7,2026-06-06 22:30:00,2968881
79.9,52.1,79.9,60.7,2026-06-06 22:40:00,2968881
79.7,52.7,79.7,60.9,2026-06-06 22:50:00,2968881
79.6,52.9,79.7,60.9,2026-06-06 23:00:00,2968881
79.3,53.2,79.2,60.8,2026-06-06 23:10:00,2968881
79.0,53.8,79.2,60.8,2026-06-06 23:20:00,2968881
78.6,54.3,78.4,60.7,2026-06-06 23:30:00,2968881
78.4,54.7,78.3,60.8,2026-06-06 23:40:00,2968881
78.1,55.5,78.1,60.9,2026-06-06 23:50:00,2968881
77.9,56.1,77.7,61.0,2026-06-07 00:00:00,2968881
77.6,56.8,77.5,61.1,2026-06-07 00:10:00,2968881
77.5,57.3,77.4,61.2,2026-06-07 00:20:00,2968881
77.4,57.7,77.4,61.3,2026-06-07 00:30:00,2968881
77.0,58.2,76.8,61.2,2026-06-07 00:40:00,2968881
76.6,59.3,76.3,61.3,2026-06-07 00:50:00,2968881
76.5,60.0,76.5,61.6,2026-06-07 01:00:00,2968881
76.2,60.5,76.1,61.6,2026-06-07 01:10:00,2968881
75.9,61.2,75.7,61.6,2026-06-07 01:20:00,2968881
75.6,61.8,75.7,61.6,2026-06-07 01:30:00,2968881
75.2,62.6,75.2,61.5,2026-06-07 01:40:00,2968881
74.8,63.3,75.0,61.5,2026-06-07 01:50:00,2968881
74.5,64.2,74.8,61.6,2026-06-07 02:00:00,2968881
73.9,65.2,74.1,61.4,2026-06-07 02:10:00,2968881
73.5,66.3,73.9,61.6,2026-06-07 02:20:00,2968881
73.4,66.9,73.8,61.7,2026-06-07 02:30:00,2968881
72.9,67.9,73.4,61.7,2026-06-07 02:40:00,2968881
72.7,68.6,73.2,61.8,2026-06-07 02:50:00,2968881
72.6,69.0,73.2,61.8,2026-06-07 03:00:00,2968881
72.5,69.2,73.2,61.8,2026-06-07 03:10:00,2968881
72.5,69.5,73.2,62.0,2026-06-07 03:20:00,2968881
72.3,69.8,72.9,61.9,2026-06-07 03:30:00,2968881
72.2,70.3,72.9,62.0,2026-06-07 03:40:00,2968881
72.1,70.6,72.7,62.0,2026-06-07 03:50:00,2968881
72.0,70.8,72.7,62.0,2026-06-07 04:00:00,2968881
71.8,71.1,72.5,62.0,2026-06-07 04:10:00,2968881
71.8,71.3,72.5,62.0,2026-06-07 04:20:00,2968881
71.5,71.7,72.1,61.9,2026-06-07 04:30:00,2968881
71.4,72.1,72.1,61.9,2026-06-07 04:40:00,2968881
71.3,72.4,72.1,61.9,2026-06-07 04:50:00,2968881
71.2,72.8,72.0,62.0,2026-06-07 05:00:00,2968881
71.0,73.2,71.8,62.0,2026-06-07 05:10:00,2968881
70.8,73.7,71.6,61.9,2026-06-07 05:20:00,2968881
70.5,74.3,71.2,62.0,2026-06-07 05:30:00,2968881
70.4,74.7,71.1,62.0,2026-06-07 05:40:00,2968881
70.2,75.0,70.9,61.9,2026-06-07 05:50:00,2968881
70.0,75.5,70.7,61.9,2026-06-07 06:00:00,2968881
70.0,75.8,70.7,62.0,2026-06-07 06:10:00,2968881
70.4,75.4,71.2,62.3,2026-06-07 06:20:00,2968881
70.8,74.7,71.6,62.3,2026-06-07 06:30:00,2968881
70.8,74.6,71.6,62.3,2026-06-07 06:40:00,2968881
70.8,74.9,71.6,62.4,2026-06-07 06:50:00,2968881
71.0,74.8,71.8,62.6,2026-06-07 07:00:00,2968881
71.4,74.5,72.1,62.8,2026-06-07 07:10:00,2968881
71.8,74.0,72.7,63.1,2026-06-07 07:20:00,2968881
72.2,73.4,73.0,63.2,2026-06-07 07:30:00,2968881
72.6,72.8,73.4,63.3,2026-06-07 07:40:00,2968881
73.1,72.1,74.1,63.6,2026-06-07 07:50:00,2968881
73.5,71.4,74.3,63.7,2026-06-07 08:00:00,2968881
73.9,71.1,74.7,63.9,2026-06-07 08:10:00,2968881
74.4,70.4,75.2,64.1,2026-06-07 08:20:00,2968881
74.9,69.9,75.7,64.4,2026-06-07 08:30:00,2968881
75.7,68.5,76.3,64.6,2026-06-07 08:40:00,2968881
76.3,67.4,76.8,64.8,2026-06-07 08:50:00,2968881
77.0,65.8,77.5,64.7,2026-06-07 09:00:00,2968881
77.6,65.4,78.6,65.1,2026-06-07 09:10:00,2968881
78.2,64.0,79.3,65.0,2026-06-07 09:20:00,2968881
78.5,63.2,79.9,65.0,2026-06-07 09:30:00,2968881
79.2,61.3,80.4,64.7,2026-06-07 09:40:00,2968881
79.6,60.7,81.0,64.8,2026-06-07 09:50:00,2968881
80.2,60.7,81.9,65.4,2026-06-07 10:00:00,2968881
81.3,57.6,82.9,64.9,2026-06-07 10:10:00,2968881
81.7,56.5,83.3,64.7,2026-06-07 10:20:00,2968881
82.1,55.9,83.7,64.8,2026-06-07 10:30:00,2968881
82.4,54.8,84.0,64.5,2026-06-07 10:40:00,2968881
83.4,53.8,85.6,64.9,2026-06-07 10:50:00,2968881
83.9,54.0,86.5,65.4,2026-06-07 11:00:00,2968881
84.8,51.9,87.6,65.2,2026-06-07 11:10:00,2968881
85.1,50.0,87.6,64.4,2026-06-07 11:20:00,2968881
85.6,49.9,88.2,64.7,2026-06-07 11:30:00,2968881
87.6,48.3,91.4,65.7,2026-06-07 11:40:00,2968881
87.8,45.9,90.7,64.4,2026-06-07 11:50:00,2968881
87.9,45.7,90.7,64.4,2026-06-07 12:00:00,2968881
88.6,42.4,90.9,62.8,2026-06-07 12:10:00,2968881
89.5,41.4,92.1,63.0,2026-06-07 12:20:00,2968881
89.2,41.9,91.8,63.1,2026-06-07 12:30:00,2968881
90.0,40.4,92.8,62.7,2026-06-07 12:40:00,2968881
91.3,39.9,94.8,63.6,2026-06-07 12:50:00,2968881
91.3,40.1,95.0,63.7,2026-06-07 13:00:00,2968881
92.3,38.6,95.9,63.4,2026-06-07 13:10:00,2968881
94.2,35.5,97.7,62.7,2026-06-07 13:20:00,2968881
95.8,34.5,100.0,63.3,2026-06-07 13:30:00,2968881
96.1,33.7,100.0,62.9,2026-06-07 13:40:00,2968881
95.4,33.5,99.0,62.1,2026-06-07 13:50:00,2968881
95.4,32.9,98.6,61.7,2026-06-07 14:00:00,2968881
96.2,34.2,100.6,63.4,2026-06-07 14:10:00,2968881
95.0,33.6,98.4,61.9,2026-06-07 14:20:00,2968881
95.0,34.0,98.6,62.3,2026-06-07 14:30:00,2968881
96.6,33.3,101.1,63.1,2026-06-07 14:40:00,2968881
96.4,31.0,99.0,60.8,2026-06-07 14:50:00,2968881
95.1,33.4,98.2,61.8,2026-06-07 15:00:00,2968881
95.7,34.2,99.9,63.1,2026-06-07 15:10:00,2968881
97.2,33.3,102.0,63.6,2026-06-07 15:20:00,2968881
96.7,32.8,100.8,62.6,2026-06-07 15:30:00,2968881
95.3,32.2,97.7,60.9,2026-06-07 15:40:00,2968881
97.0,31.9,100.4,62.1,2026-06-07 15:50:00,2968881
95.3,34.0,99.0,62.5,2026-06-07 16:00:00,2968881
96.3,34.3,100.9,63.6,2026-06-07 16:10:00,2968881
96.5,33.1,100.6,62.8,2026-06-07 16:20:00,2968881
95.5,32.3,98.2,61.3,2026-06-07 16:30:00,2968881
95.8,33.6,99.5,62.6,2026-06-07 16:40:00,2968881
94.6,34.4,97.9,62.2,2026-06-07 16:50:00,2968881
93.6,35.3,96.6,62.1,2026-06-07 17:00:00,2968881
94.3,36.9,98.4,63.9,2026-06-07 17:10:00,2968881
95.0,37.7,100.6,65.1,2026-06-07 17:20:00,2968881
94.3,37.4,99.0,64.4,2026-06-07 17:30:00,2968881
93.9,38.8,99.0,65.0,2026-06-07 17:40:00,2968881
94.6,37.5,99.3,64.7,2026-06-07 17:50:00,2968881
93.7,37.5,98.1,63.9,2026-06-07 18:00:00,2968881
93.3,38.2,97.3,64.0,2026-06-07 18:10:00,2968881
92.9,39.2,97.3,64.4,2026-06-07 18:20:00,2968881
91.8,38.8,95.4,63.2,2026-06-07 18:30:00,2968881
91.9,39.6,95.5,63.8,2026-06-07 18:40:00,2968881
91.2,39.8,94.5,63.4,2026-06-07 18:50:00,2968881
90.9,40.2,94.3,63.4,2026-06-07 19:00:00,2968881
90.4,40.6,93.6,63.2,2026-06-07 19:10:00,2968881
90.1,41.1,93.4,63.3,2026-06-07 19:20:00,2968881
89.8,41.4,92.8,63.2,2026-06-07 19:30:00,2968881
89.4,41.2,91.8,62.8,2026-06-07 19:40:00,2968881
89.0,40.9,91.0,62.2,2026-06-07 19:50:00,2968881
88.5,41.4,90.1,62.0,2026-06-07 20:00:00,2968881
88.1,41.2,89.6,61.5,2026-06-07 20:10:00,2968881
87.7,41.7,89.2,61.6,2026-06-07 20:20:00,2968881
87.5,42.3,89.1,61.8,2026-06-07 20:30:00,2968881
87.2,43.2,88.7,62.1,2026-06-07 20:40:00,2968881
86.7,44.3,88.5,62.4,2026-06-07 20:50:00,2968881
86.2,45.3,88.0,62.6,2026-06-07 21:00:00,2968881
85.7,46.2,87.4,62.7,2026-06-07 21:10:00,2968881
85.4,46.8,87.1,62.8,2026-06-07 21:20:00,2968881
85.2,47.1,86.9,62.8,2026-06-07 21:30:00,2968881
84.8,47.7,86.4,62.7,2026-06-07 21:40:00,2968881
84.4,48.6,86.0,62.9,2026-06-07 21:50:00,2968881
84.1,49.4,85.6,63.1,2026-06-07 22:00:00,2968881
83.8,50.1,85.3,63.2,2026-06-07 22:10:00,2968881
83.4,50.6,84.7,63.2,2026-06-07 22:20:00,2968881
83.1,51.0,84.6,63.1,2026-06-07 22:30:00,2968881
82.7,51.7,83.7,63.1,2026-06-07 22:40:00,2968881
82.4,52.1,83.5,63.1,2026-06-07 22:50:00,2968881
82.3,52.5,83.3,63.2,2026-06-07 23:00:00,2968881
82.2,52.8,83.1,63.2,2026-06-07 23:10:00,2968881
82.0,53.4,83.1,63.4,2026-06-07 23:20:00,2968881
81.7,54.1,82.8,63.5,2026-06-07 23:30:00,2968881
81.4,54.7,82.4,63.6,2026-06-07 23:40:00,2968881
81.0,55.8,82.2,63.7,2026-06-07 23:50:00,2968881
80.9,56.4,82.0,63.9,2026-06-08 00:00:00,2968881
80.5,57.2,81.7,64.0,2026-06-08 00:10:00,2968881
80.3,57.9,81.5,64.1,2026-06-08 00:20:00,2968881
80.0,58.5,81.1,64.1,2026-06-08 00:30:00,2968881
79.5,59.3,80.8,64.1,2026-06-08 00:40:00,2968881
79.2,60.0,80.2,64.1,2026-06-08 00:50:00,2968881
79.0,60.5,80.2,64.2,2026-06-08 01:00:00,2968881
78.8,61.2,79.9,64.3,2026-06-08 01:10:00,2968881
78.8,61.3,79.7,64.3,2026-06-08 01:20:00,2968881
78.5,61.9,79.5,64.3,2026-06-08 01:30:00,2968881
78.3,62.4,79.3,64.3,2026-06-08 01:40:00,2968881
78.0,62.9,78.8,64.4,2026-06-08 01:50:00,2968881
77.9,63.2,79.0,64.4,2026-06-08 02:00:00,2968881
77.5,64.0,78.1,64.4,2026-06-08 02:10:00,2968881
77.2,64.8,77.7,64.4,2026-06-08 02:20:00,2968881
77.1,65.2,77.7,64.5,2026-06-08 02:30:00,2968881
76.7,65.8,77.2,64.4,2026-06-08 02:40:00,2968881
76.6,66.5,77.2,64.6,2026-06-08 02:50:00,2968881
76.3,67.0,76.8,64.5,2026-06-08 03:00:00,2968881
76.1,67.9,76.6,64.7,2026-06-08 03:10:00,2968881
75.8,68.4,76.5,64.7,2026-06-08 03:20:00,2968881
75.7,68.7,76.3,64.7,2026-06-08 03:30:00,2968881
75.6,69.0,76.5,64.7,2026-06-08 03:40:00,2968881
75.5,69.3,76.3,64.8,2026-06-08 03:50:00,2968881
75.4,69.6,76.3,64.8,2026-06-08 04:00:00,2968881
75.4,69.8,76.3,64.9,2026-06-08 04:10:00,2968881
75.4,70.0,76.3,64.9,2026-06-08 04:20:00,2968881
75.3,70.0,76.1,64.9,2026-06-08 04:30:00,2968881
75.2,70.4,76.1,64.9,2026-06-08 04:40:00,2968881
75.1,70.8,76.1,64.9,2026-06-08 04:50:00,2968881
74.9,71.3,75.9,64.9,2026-06-08 05:00:00,2968881
74.2,72.5,75.2,64.8,2026-06-08 05:10:00,2968881
73.9,73.5,75.0,64.9,2026-06-08 05:20:00,2968881
73.5,74.4,74.5,64.9,2026-06-08 05:30:00,2968881
73.1,75.3,74.3,64.8,2026-06-08 05:40:00,2968881
72.9,75.9,74.1,64.9,2026-06-08 05:50:00,2968881
72.7,76.6,73.9,64.9,2026-06-08 06:00:00,2968881
72.6,76.7,73.8,64.8,2026-06-08 06:10:00,2968881
72.6,77.1,73.8,64.9,2026-06-08 06:20:00,2968881
72.6,77.4,73.8,65.1,2026-06-08 06:30:00,2968881
72.8,77.7,73.9,65.4,2026-06-08 06:40:00,2968881
73.0,77.9,74.3,65.7,2026-06-08 06:50:00,2968881
73.4,78.1,74.7,66.1,2026-06-08 07:00:00,2968881
73.7,77.7,75.0,66.3,2026-06-08 07:10:00,2968881
74.2,77.5,75.6,66.7,2026-06-08 07:20:00,2968881
74.8,77.1,76.3,67.1,2026-06-08 07:30:00,2968881
75.4,74.8,76.8,66.8,2026-06-08 07:40:00,2968881
76.5,70.9,77.7,66.3,2026-06-08 07:50:00,2968881
77.2,69.5,78.6,66.5,2026-06-08 08:00:00,2968881
77.9,69.1,79.7,66.9,2026-06-08 08:10:00,2968881
78.6,68.0,80.6,67.1,2026-06-08 08:20:00,2968881
79.5,67.0,82.0,67.5,2026-06-08 08:30:00,2968881
81.4,65.1,84.7,68.6,2026-06-08 08:40:00,2968881
82.0,63.4,85.1,68.4,2026-06-08 08:50:00,2968881
82.2,62.7,85.3,68.2,2026-06-08 09:00:00,2968881
82.4,62.3,86.0,68.2,2026-06-08 09:10:00,2968881
82.7,61.1,86.0,67.9,2026-06-08 09:20:00,2968881
83.3,60.2,87.3,68.1,2026-06-08 09:30:00,2968881
84.0,59.6,88.5,68.5,2026-06-08 09:40:00,2968881
84.6,58.0,89.1,68.2,2026-06-08 09:50:00,2968881
85.2,58.0,90.1,68.7,2026-06-08 10:00:00,2968881
85.4,56.4,90.0,68.1,2026-06-08 10:10:00,2968881
86.1,55.7,91.2,68.4,2026-06-08 10:20:00,2968881
86.5,54.7,91.6,68.2,2026-06-08 10:30:00,2968881
87.2,54.8,92.8,68.9,2026-06-08 10:40:00,2968881
87.6,53.3,93.0,68.5,2026-06-08 10:50:00,2968881
88.1,52.3,93.6,68.4,2026-06-08 11:00:00,2968881
88.5,52.0,94.6,68.6,2026-06-08 11:10:00,2968881
89.5,51.4,96.4,69.2,2026-06-08 11:20:00,2968881
89.8,50.5,96.8,69.0,2026-06-08 11:30:00,2968881
91.3,49.0,99.0,69.4,2026-06-08 11:40:00,2968881
92.7,46.2,100.4,69.0,2026-06-08 11:50:00,2968881
93.1,44.3,100.0,68.1,2026-06-08 12:00:00,2968881
93.2,44.0,100.2,68.0,2026-06-08 12:10:00,2968881
93.0,44.0,99.7,67.9,2026-06-08 12:20:00,2968881
93.2,43.4,100.0,67.7,2026-06-08 12:30:00,2968881
92.8,42.2,98.2,66.5,2026-06-08 12:40:00,2968881
93.8,41.6,100.2,67.0,2026-06-08 12:50:00,2968881
93.2,41.4,99.0,66.3,2026-06-08 13:00:00,2968881
93.3,42.1,99.3,66.8,2026-06-08 13:10:00,2968881
94.5,40.9,101.3,67.1,2026-06-08 13:20:00,2968881
97.0,38.8,105.3,67.8,2026-06-08 13:30:00,2968881
95.2,37.9,100.6,65.4,2026-06-08 13:40:00,2968881
93.3,39.5,98.1,65.0,2026-06-08 13:50:00,2968881
94.4,39.5,100.2,65.9,2026-06-08 14:00:00,2968881
95.5,38.4,101.7,66.1,2026-06-08 14:10:00,2968881
96.8,37.6,104.0,66.7,2026-06-08 14:20:00,2968881
97.9,37.2,105.8,67.3,2026-06-08 14:30:00,2968881
97.0,36.3,103.6,65.9,2026-06-08 14:40:00,2968881
96.6,37.4,103.3,66.3,2026-06-08 14:50:00,2968881
96.1,37.0,102.2,65.6,2026-06-08 15:00:00,2968881
97.7,37.0,105.3,67.0,2026-06-08 15:10:00,2968881
97.0,37.4,104.2,66.7,2026-06-08 15:20:00,2968881
96.2,38.0,102.9,66.5,2026-06-08 15:30:00,2968881
95.7,39.2,102.6,66.9,2026-06-08 15:40:00,2968881
96.6,37.3,103.3,66.3,2026-06-08 15:50:00,2968881
94.9,38.4,100.6,65.6,2026-06-08 16:00:00,2968881
94.0,40.3,99.9,66.1,2026-06-08 16:10:00,2968881
93.7,40.7,99.3,66.2,2026-06-08 16:20:00,2968881
94.6,39.3,100.6,66.1,2026-06-08 16:30:00,2968881
96.7,38.5,104.2,67.3,2026-06-08 16:40:00,2968881
96.0,36.5,101.5,65.1,2026-06-08 16:50:00,2968881
94.8,37.2,99.7,64.6,2026-06-08 17:00:00,2968881
93.9,38.3,98.4,64.6,2026-06-08 17:10:00,2968881
94.4,38.3,99.5,65.1,2026-06-08 17:20:00,2968881
94.4,37.0,98.8,64.1,2026-06-08 17:30:00,2968881
94.0,37.3,98.2,64.0,2026-06-08 17:40:00,2968881
94.3,37.2,98.4,64.1,2026-06-08 17:50:00,2968881
93.4,37.4,97.3,63.6,2026-06-08 18:00:00,2968881
92.3,38.0,95.9,63.0,2026-06-08 18:10:00,2968881
91.9,38.9,95.4,63.3,2026-06-08 18:20:00,2968881
91.3,39.0,94.3,62.8,2026-06-08 18:30:00,2968881
90.1,40.0,93.0,62.6,2026-06-08 18:40:00,2968881
89.4,40.8,91.6,62.5,2026-06-08 18:50:00,2968881
88.8,41.5,90.9,62.3,2026-06-08 19:00:00,2968881
88.3,42.4,90.1,62.5,2026-06-08 19:10:00,2968881
87.8,42.6,89.6,62.2,2026-06-08 19:20:00,2968881
87.5,43.2,89.2,62.4,2026-06-08 19:30:00,2968881
87.0,45.0,88.9,63.0,2026-06-08 19:40:00,2968881
86.5,46.4,88.7,63.5,2026-06-08 19:50:00,2968881
85.9,47.7,88.2,63.7,2026-06-08 20:00:00,2968881
85.3,48.6,87.6,63.8,2026-06-08 20:10:00,2968881
84.7,49.5,86.5,63.7,2026-06-08 20:20:00,2968881
84.2,50.4,86.2,63.8,2026-06-08 20:30:00,2968881
83.7,51.2,85.6,63.7,2026-06-08 20:40:00,2968881
82.9,52.3,84.2,63.7,2026-06-08 20:50:00,2968881
82.3,53.5,83.7,63.7,2026-06-08 21:00:00,2968881
81.8,54.5,82.9,63.8,2026-06-08 21:10:00,2968881
81.3,55.2,82.4,63.7,2026-06-08 21:20:00,2968881
81.0,55.7,82.2,63.7,2026-06-08 21:30:00,2968881
80.6,56.5,81.9,63.7,2026-06-08 21:40:00,2968881
80.1,57.2,81.1,63.5,2026-06-08 21:50:00,2968881
79.5,58.2,80.4,63.6,2026-06-08 22:00:00,2968881
78.8,58.9,79.7,63.2,2026-06-08 22:10:00,2968881
78.2,60.1,78.8,63.2,2026-06-08 22:20:00,2968881
77.6,61.2,78.1,63.2,2026-06-08 22:30:00,2968881
77.3,62.1,77.7,63.3,2026-06-08 22:40:00,2968881
76.6,62.6,76.6,62.9,2026-06-08 22:50:00,2968881
75.9,63.9,76.1,62.8,2026-06-08 23:00:00,2968881
75.3,65.1,75.6,62.8,2026-06-08 23:10:00,2968881
74.7,65.0,75.0,62.2,2026-06-08 23:20:00,2968881
73.9,65.0,74.1,61.3,2026-06-08 23:30:00,2968881
73.4,65.6,73.6,61.2,2026-06-08 23:40:00,2968881
72.8,65.8,73.0,60.7,2026-06-08 23:50:00,2968881
72.5,66.6,73.0,60.7,2026-06-09 00:00:00,2968881
72.2,67.1,72.7,60.7,2026-06-09 00:10:00,2968881
71.7,68.2,72.1,60.6,2026-06-09 00:20:00,2968881
71.5,68.7,72.0,60.7,2026-06-09 00:30:00,2968881
71.2,69.2,71.8,60.6,2026-06-09 00:40:00,2968881
70.8,69.2,71.4,60.2,2026-06-09 00:50:00,2968881
70.8,69.6,71.4,60.4,2026-06-09 01:00:00,2968881
70.6,70.1,71.1,60.3,2026-06-09 01:10:00,2968881
70.2,70.6,70.5,60.2,2026-06-09 01:20:00,2968881
70.0,71.2,70.3,60.2,2026-06-09 01:30:00,2968881
69.8,71.4,70.0,60.1,2026-06-09 01:40:00,2968881
69.4,70.4,69.4,59.3,2026-06-09 01:50:00,2968881
68.8,67.5,68.5,57.6,2026-06-09 02:00:00,2968881
68.3,67.0,67.6,56.9,2026-06-09 02:10:00,2968881
68.1,67.7,67.5,57.0,2026-06-09 02:20:00,2968881
67.9,68.1,67.3,56.9,2026-06-09 02:30:00,2968881
67.6,68.3,66.7,56.8,2026-06-09 02:40:00,2968881
67.4,69.3,66.6,56.9,2026-06-09 02:50:00,2968881
67.4,69.8,66.7,57.1,2026-06-09 03:00:00,2968881
67.4,69.9,66.7,57.3,2026-06-09 03:10:00,2968881
67.5,70.3,66.9,57.5,2026-06-09 03:20:00,2968881
67.6,70.2,66.9,57.5,2026-06-09 03:30:00,2968881
67.5,70.4,66.9,57.5,2026-06-09 03:40:00,2968881
67.4,70.2,66.7,57.3,2026-06-09 03:50:00,2968881
67.2,70.2,66.6,57.2,2026-06-09 04:00:00,2968881
67.1,70.7,66.6,57.3,2026-06-09 04:10:00,2968881
67.2,71.4,66.6,57.6,2026-06-09 04:20:00,2968881
67.2,71.4,66.6,57.6,2026-06-09 04:30:00,2968881
67.1,71.4,66.6,57.5,2026-06-09 04:40:00,2968881
67.0,71.4,66.4,57.4,2026-06-09 04:50:00,2968881
67.0,71.8,66.4,57.6,2026-06-09 05:00:00,2968881
66.8,72.4,66.2,57.7,2026-06-09 05:10:00,2968881
66.8,73.1,66.2,58.0,2026-06-09 05:20:00,2968881
66.8,73.7,66.4,58.2,2026-06-09 05:30:00,2968881
66.8,72.6,66.2,57.8,2026-06-09 05:40:00,2968881
66.6,71.2,65.8,57.0,2026-06-09 05:50:00,2968881
66.4,70.8,65.5,56.6,2026-06-09 06:00:00,2968881
66.2,69.9,65.1,56.1,2026-06-09 06:10:00,2968881
66.2,69.6,65.1,55.9,2026-06-09 06:20:00,2968881
66.2,68.8,64.9,55.6,2026-06-09 06:30:00,2968881
66.4,68.5,65.3,55.7,2026-06-09 06:40:00,2968881
66.7,67.8,65.7,55.7,2026-06-09 06:50:00,2968881
67.0,67.7,66.0,55.9,2026-06-09 07:00:00,2968881
67.1,67.8,66.4,56.1,2026-06-09 07:10:00,2968881
67.6,67.1,66.7,56.3,2026-06-09 07:20:00,2968881
67.9,66.4,67.3,56.3,2026-06-09 07:30:00,2968881
67.9,66.8,67.3,56.4,2026-06-09 07:40:00,2968881
67.3,67.2,66.4,56.1,2026-06-09 07:50:00,2968881
67.7,67.5,66.9,56.5,2026-06-09 08:00:00,2968881
68.0,67.5,67.3,56.8,2026-06-09 08:10:00,2968881
68.4,66.7,68.0,56.8,2026-06-09 08:20:00,2968881
69.0,66.9,68.7,57.5,2026-06-09 08:30:00,2968881
69.3,65.6,69.1,57.3,2026-06-09 08:40:00,2968881
69.8,66.8,69.6,58.2,2026-06-09 08:50:00,2968881
70.4,65.7,70.5,58.4,2026-06-09 09:00:00,2968881
71.5,66.2,72.0,59.6,2026-06-09 09:10:00,2968881
72.4,64.6,72.7,59.8,2026-06-09 09:20:00,2968881
72.2,64.7,72.5,59.7,2026-06-09 09:30:00,2968881
72.6,64.1,72.9,59.8,2026-06-09 09:40:00,2968881
73.1,63.4,73.4,59.9,2026-06-09 09:50:00,2968881
73.1,63.7,73.4,60.1,2026-06-09 10:00:00,2968881
73.2,63.0,73.6,59.9,2026-06-09 10:10:00,2968881
74.0,63.1,74.3,60.7,2026-06-09 10:20:00,2968881
74.7,61.4,74.7,60.5,2026-06-09 10:30:00,2968881
75.6,61.9,75.7,61.6,2026-06-09 10:40:00,2968881
76.1,59.5,75.7,60.9,2026-06-09 10:50:00,2968881
76.2,59.4,75.9,61.1,2026-06-09 11:00:00,2968881
76.5,58.7,76.3,60.9,2026-06-09 11:10:00,2968881
77.1,58.5,77.0,61.4,2026-06-09 11:20:00,2968881
77.5,58.0,77.4,61.6,2026-06-09 11:30:00,2968881
77.8,58.1,77.9,61.9,2026-06-09 11:40:00,2968881
78.0,58.2,78.1,62.2,2026-06-09 11:50:00,2968881
78.5,57.7,79.0,62.3,2026-06-09 12:00:00,2968881
78.5,58.2,79.0,62.6,2026-06-09 12:10:00,2968881
79.2,58.5,80.2,63.4,2026-06-09 12:20:00,2968881
81.2,56.9,82.8,64.4,2026-06-09 12:30:00,2968881
81.2,56.6,82.6,64.4,2026-06-09 12:40:00,2968881
81.2,56.0,82.6,64.0,2026-06-09 12:50:00,2968881
83.0,55.4,85.3,65.4,2026-06-09 13:00:00,2968881
82.4,56.3,84.4,65.3,2026-06-09 13:10:00,2968881
82.4,56.6,84.4,65.4,2026-06-09 13:20:00,2968881
82.6,56.2,84.7,65.5,2026-06-09 13:30:00,2968881
84.1,56.4,87.6,66.9,2026-06-09 13:40:00,2968881
83.7,56.5,86.9,66.6,2026-06-09 13:50:00,2968881
87.6,53.2,93.2,68.5,2026-06-09 14:00:00,2968881
85.6,52.6,89.2,66.3,2026-06-09 14:10:00,2968881
87.3,51.8,92.1,67.4,2026-06-09 14:20:00,2968881
88.5,50.5,93.6,67.7,2026-06-09 14:30:00,2968881
87.4,50.0,91.6,66.5,2026-06-09 14:40:00,2968881
87.8,50.2,92.5,66.9,2026-06-09 14:50:00,2968881
88.3,49.8,93.0,67.2,2026-06-09 15:00:00,2968881
88.0,49.5,92.5,66.8,2026-06-09 15:10:00,2968881
87.0,52.2,91.6,67.3,2026-06-09 15:20:00,2968881
88.2,51.0,93.6,67.8,2026-06-09 15:30:00,2968881
87.1,51.9,91.8,67.3,2026-06-09 15:40:00,2968881
86.8,52.1,91.2,67.1,2026-06-09 15:50:00,2968881
87.4,52.5,92.3,67.9,2026-06-09 16:00:00,2968881
87.0,53.1,91.9,67.9,2026-06-09 16:10:00,2968881
85.6,54.7,89.8,67.4,2026-06-09 16:20:00,2968881
85.3,56.2,89.6,67.9,2026-06-09 16:30:00,2968881
86.0,56.3,91.0,68.6,2026-06-09 16:40:00,2968881
85.9,55.2,90.7,68.0,2026-06-09 16:50:00,2968881
86.3,56.0,91.6,68.8,2026-06-09 17:00:00,2968881
86.6,55.0,92.1,68.5,2026-06-09 17:10:00,2968881
85.7,55.5,90.3,67.9,2026-06-09 17:20:00,2968881
85.6,56.5,90.3,68.4,2026-06-09 17:30:00,2968881
85.8,56.9,90.9,68.8,2026-06-09 17:40:00,2968881
85.5,56.7,90.3,68.4,2026-06-09 17:50:00,2968881
85.1,57.0,89.6,68.1,2026-06-09 18:00:00,2968881
85.1,57.4,90.0,68.4,2026-06-09 18:10:00,2968881
84.8,58.0,89.4,68.4,2026-06-09 18:20:00,2968881
84.8,58.6,89.6,68.6,2026-06-09 18:30:00,2968881
84.6,58.6,89.2,68.4,2026-06-09 18:40:00,2968881
84.3,59.5,88.9,68.6,2026-06-09 18:50:00,2968881
84.3,59.8,88.9,68.8,2026-06-09 19:00:00,2968881
84.0,60.5,88.7,68.9,2026-06-09 19:10:00,2968881
83.9,60.6,88.3,68.8,2026-06-09 19:20:00,2968881
83.7,61.3,88.2,68.9,2026-06-09 19:30:00,2968881
83.4,61.5,87.6,68.8,2026-06-09 19:40:00,2968881
83.3,62.3,87.8,69.1,2026-06-09 19:50:00,2968881
82.9,63.0,86.9,69.0,2026-06-09 20:00:00,2968881
82.5,64.2,86.5,69.2,2026-06-09 20:10:00,2968881
82.1,65.1,86.0,69.2,2026-06-09 20:20:00,2968881
81.6,65.7,85.3,69.0,2026-06-09 20:30:00,2968881
81.1,66.5,84.6,68.9,2026-06-09 20:40:00,2968881
80.8,67.3,84.4,69.0,2026-06-09 20:50:00,2968881
80.5,67.8,84.0,68.9,2026-06-09 21:00:00,2968881
80.4,68.3,83.8,69.0,2026-06-09 21:10:00,2968881
80.0,68.7,83.1,68.8,2026-06-09 21:20:00,2968881
79.8,69.2,82.9,68.8,2026-06-09 21:30:00,2968881
79.4,69.9,82.6,68.7,2026-06-09 21:40:00,2968881
78.9,70.9,81.7,68.7,2026-06-09 21:50:00,2968881
78.5,71.8,81.1,68.7,2026-06-09 22:00:00,2968881
78.4,72.1,81.0,68.6,2026-06-09 22:10:00,2968881
78.2,72.6,80.8,68.7,2026-06-09 22:20:00,2968881
78.1,73.0,80.8,68.8,2026-06-09 22:30:00,2968881
78.2,73.3,80.8,68.9,2026-06-09 22:40:00,2968881
78.1,73.5,81.0,68.9,2026-06-09 22:50:00,2968881
78.0,73.8,80.6,68.9,2026-06-09 23:00:00,2968881
78.2,74.2,81.0,69.2,2026-06-09 23:10:00,2968881
78.4,74.7,81.3,69.6,2026-06-09 23:20:00,2968881
78.5,74.9,81.7,69.9,2026-06-09 23:30:00,2968881
78.5,75.3,81.9,70.1,2026-06-09 23:40:00,2968881
78.4,75.8,81.7,70.1,2026-06-09 23:50:00,2968881
78.4,76.3,81.7,70.3,2026-06-10 00:00:00,2968881
78.2,77.0,81.5,70.4,2026-06-10 00:10:00,2968881
78.1,77.5,81.5,70.5,2026-06-10 00:20:00,2968881
77.9,78.0,81.3,70.5,2026-06-10 00:30:00,2968881
77.7,78.7,81.1,70.6,2026-06-10 00:40:00,2968881
77.6,79.2,81.0,70.6,2026-06-10 00:50:00,2968881
77.4,79.7,80.6,70.6,2026-06-10 01:00:00,2968881
77.1,80.4,79.9,70.6,2026-06-10 01:10:00,2968881
77.0,80.9,79.7,70.6,2026-06-10 01:20:00,2968881
76.8,81.4,79.3,70.6,2026-06-10 01:30:00,2968881
76.6,81.8,79.0,70.6,2026-06-10 01:40:00,2968881
76.5,82.2,79.2,70.6,2026-06-10 01:50:00,2968881
76.3,82.5,78.8,70.6,2026-06-10 02:00:00,2968881
76.1,82.8,78.6,70.5,2026-06-10 02:10:00,2968881
76.1,83.0,78.6,70.6,2026-06-10 02:20:00,2968881
76.0,83.2,78.6,70.5,2026-06-10 02:30:00,2968881
76.0,83.2,78.6,70.5,2026-06-10 02:40:00,2968881
75.7,83.6,78.1,70.4,2026-06-10 02:50:00,2968881
75.5,83.9,77.9,70.3,2026-06-10 03:00:00,2968881
75.4,84.3,77.9,70.3,2026-06-10 03:10:00,2968881
75.2,84.6,77.9,70.3,2026-06-10 03:20:00,2968881
75.1,85.0,77.5,70.3,2026-06-10 03:30:00,2968881
75.1,85.1,77.5,70.3,2026-06-10 03:40:00,2968881
75.0,85.2,77.4,70.3,2026-06-10 03:50:00,2968881
74.9,85.5,77.4,70.3,2026-06-10 04:00:00,2968881
74.8,85.7,77.2,70.2,2026-06-10 04:10:00,2968881
74.7,85.9,77.2,70.2,2026-06-10 04:20:00,2968881
74.6,86.0,77.0,70.1,2026-06-10 04:30:00,2968881
74.5,86.2,77.0,70.1,2026-06-10 04:40:00,2968881
74.4,86.3,76.8,70.1,2026-06-10 04:50:00,2968881
74.4,86.4,76.8,70.0,2026-06-10 05:00:00,2968881
74.2,86.5,76.6,69.9,2026-06-10 05:10:00,2968881
74.2,86.5,76.6,69.9,2026-06-10 05:20:00,2968881
74.2,86.6,76.6,69.9,2026-06-10 05:30:00,2968881
74.2,86.6,76.6,69.9,2026-06-10 05:40:00,2968881
74.0,86.6,76.5,69.8,2026-06-10 05:50:00,2968881
74.0,86.8,76.5,69.9,2026-06-10 06:00:00,2968881
74.0,87.0,76.5,69.9,2026-06-10 06:10:00,2968881
74.1,87.0,76.5,70.0,2026-06-10 06:20:00,2968881
74.3,87.0,76.6,70.2,2026-06-10 06:30:00,2968881
74.4,86.9,76.8,70.2,2026-06-10 06:40:00,2968881
74.5,86.8,77.0,70.3,2026-06-10 06:50:00,2968881
74.6,86.8,77.0,70.4,2026-06-10 07:00:00,2968881
74.7,86.7,77.4,70.4,2026-06-10 07:10:00,2968881
74.7,86.6,77.4,70.5,2026-06-10 07:20:00,2968881
74.9,86.6,77.5,70.6,2026-06-10 07:30:00,2968881
75.0,86.5,77.5,70.7,2026-06-10 07:40:00,2968881
75.1,86.3,77.7,70.7,2026-06-10 07:50:00,2968881
75.3,85.9,77.9,70.8,2026-06-10 08:00:00,2968881
75.4,85.3,78.1,70.6,2026-06-10 08:10:00,2968881
75.9,84.7,78.8,71.0,2026-06-10 08:20:00,2968881
76.3,83.5,79.0,71.0,2026-06-10 08:30:00,2968881
76.6,82.7,79.2,71.0,2026-06-10 08:40:00,2968881
77.0,82.3,79.9,71.2,2026-06-10 08:50:00,2968881
77.9,81.1,81.5,71.6,2026-06-10 09:00:00,2968881
78.1,80.3,82.0,71.5,2026-06-10 09:10:00,2968881
78.7,79.4,83.1,71.8,2026-06-10 09:20:00,2968881
78.5,78.6,82.4,71.3,2026-06-10 09:30:00,2968881
79.0,78.4,83.5,71.7,2026-06-10 09:40:00,2968881
79.6,77.1,84.2,71.8,2026-06-10 09:50:00,2968881
79.5,76.9,84.2,71.7,2026-06-10 10:00:00,2968881
80.7,76.2,86.2,72.5,2026-06-10 10:10:00,2968881
81.6,73.9,87.3,72.5,2026-06-10 10:20:00,2968881
82.0,72.8,87.6,72.4,2026-06-10 10:30:00,2968881
82.5,71.3,88.3,72.2,2026-06-10 10:40:00,2968881
82.2,70.6,87.4,71.7,2026-06-10 10:50:00,2968881
82.7,70.8,88.5,72.3,2026-06-10 11:00:00,2968881
82.9,69.0,88.7,71.7,2026-06-10 11:10:00,2968881
83.3,68.6,89.2,71.9,2026-06-10 11:20:00,2968881
84.6,67.1,92.1,72.4,2026-06-10 11:30:00,2968881
84.7,64.2,91.2,71.2,2026-06-10 11:40:00,2968881
85.1,63.3,91.6,71.2,2026-06-10 11:50:00,2968881
85.8,62.0,93.0,71.3,2026-06-10 12:00:00,2968881
84.4,62.3,89.8,70.1,2026-06-10 12:10:00,2968881
86.0,60.8,92.5,70.8,2026-06-10 12:20:00,2968881
85.6,59.5,91.4,69.9,2026-06-10 12:30:00,2968881
86.8,59.4,93.9,70.9,2026-06-10 12:40:00,2968881
86.1,60.2,92.7,70.7,2026-06-10 12:50:00,2968881
86.4,60.1,93.4,70.9,2026-06-10 13:00:00,2968881
87.3,57.3,94.1,70.4,2026-06-10 13:10:00,2968881
88.5,54.1,95.2,69.8,2026-06-10 13:20:00,2968881
88.0,53.3,94.1,68.9,2026-06-10 13:30:00,2968881
88.8,52.0,95.0,68.9,2026-06-10 13:40:00,2968881
89.3,51.5,96.1,69.0,2026-06-10 13:50:00,2968881
89.3,52.9,96.6,69.8,2026-06-10 14:00:00,2968881
89.1,54.4,96.8,70.4,2026-06-10 14:10:00,2968881
88.6,54.2,95.5,69.9,2026-06-10 14:20:00,2968881
89.6,54.4,98.2,71.0,2026-06-10 14:30:00,2968881
89.2,54.4,97.0,70.5,2026-06-10 14:40:00,2968881
90.6,50.7,98.4,69.8,2026-06-10 14:50:00,2968881
91.5,49.5,99.7,70.0,2026-06-10 15:00:00,2968881
91.9,49.1,100.6,70.1,2026-06-10 15:10:00,2968881
91.5,48.5,99.1,69.3,2026-06-10 15:20:00,2968881
91.5,48.7,99.1,69.4,2026-06-10 15:30:00,2968881
92.4,49.1,101.5,70.5,2026-06-10 15:40:00,2968881
92.6,47.8,100.9,69.9,2026-06-10 15:50:00,2968881
91.5,48.9,99.3,69.5,2026-06-10 16:00:00,2968881
91.9,50.0,100.8,70.6,2026-06-10 16:10:00,2968881
91.5,49.2,99.5,69.8,2026-06-10 16:20:00,2968881
90.4,51.0,98.2,69.8,2026-06-10 16:30:00,2968881
90.5,51.0,98.4,69.9,2026-06-10 16:40:00,2968881
92.6,47.3,100.6,69.6,2026-06-10 16:50:00,2968881
92.1,47.3,99.7,69.1,2026-06-10 17:00:00,2968881
92.2,47.1,99.9,69.1,2026-06-10 17:10:00,2968881
92.6,46.8,100.4,69.3,2026-06-10 17:20:00,2968881
93.4,46.7,102.2,70.0,2026-06-10 17:30:00,2968881
93.2,45.9,101.1,69.3,2026-06-10 17:40:00,2968881
92.2,46.3,99.5,68.6,2026-06-10 17:50:00,2968881
92.8,46.5,100.8,69.2,2026-06-10 18:00:00,2968881
92.0,47.5,99.7,69.2,2026-06-10 18:10:00,2968881
90.9,48.3,98.1,68.6,2026-06-10 18:20:00,2968881
90.6,49.7,97.9,69.3,2026-06-10 18:30:00,2968881
90.1,50.0,97.2,69.0,2026-06-10 18:40:00,2968881
90.2,50.1,97.3,69.1,2026-06-10 18:50:00,2968881
89.8,50.3,96.6,68.8,2026-06-10 19:00:00,2968881
89.4,51.2,95.9,69.0,2026-06-10 19:10:00,2968881
89.8,51.4,96.8,69.5,2026-06-10 19:20:00,2968881
89.6,51.9,96.6,69.5,2026-06-10 19:30:00,2968881
89.2,52.2,95.9,69.4,2026-06-10 19:40:00,2968881
88.9,51.9,95.4,69.0,2026-06-10 19:50:00,2968881
88.4,52.1,94.3,68.6,2026-06-10 20:00:00,2968881
87.9,53.0,93.6,68.6,2026-06-10 20:10:00,2968881
87.5,53.9,93.2,68.8,2026-06-10 20:20:00,2968881
87.0,54.7,92.5,68.8,2026-06-10 20:30:00,2968881
86.6,55.7,92.1,68.9,2026-06-10 20:40:00,2968881
86.2,56.6,91.8,69.0,2026-06-10 20:50:00,2968881
85.9,57.5,91.4,69.1,2026-06-10 21:00:00,2968881
85.6,58.2,90.9,69.2,2026-06-10 21:10:00,2968881
85.4,58.8,90.9,69.4,2026-06-10 21:20:00,2968881
85.3,59.4,91.0,69.5,2026-06-10 21:30:00,2968881
85.0,60.1,90.5,69.6,2026-06-10 21:40:00,2968881
84.8,60.8,90.3,69.7,2026-06-10 21:50:00,2968881
84.7,61.3,90.1,69.9,2026-06-10 22:00:00,2968881
84.3,61.9,89.6,69.8,2026-06-10 22:10:00,2968881
84.0,62.6,89.4,69.9,2026-06-10 22:20:00,2968881
83.8,63.2,88.9,69.9,2026-06-10 22:30:00,2968881
83.4,63.9,88.3,69.9,2026-06-10 22:40:00,2968881
83.2,64.5,88.2,70.0,2026-06-10 22:50:00,2968881
83.1,64.9,87.8,70.1,2026-06-10 23:00:00,2968881
83.0,65.2,87.8,70.1,2026-06-10 23:10:00,2968881
82.9,65.2,87.4,70.0,2026-06-10 23:20:00,2968881
82.5,65.6,86.9,69.9,2026-06-10 23:30:00,2968881
82.4,65.9,86.5,69.8,2026-06-10 23:40:00,2968881
82.0,66.6,86.4,69.8,2026-06-10 23:50:00,2968881
81.8,67.4,85.8,69.9,2026-06-11 00:00:00,2968881
81.6,68.0,85.8,70.0,2026-06-11 00:10:00,2968881
81.3,68.7,85.3,70.0,2026-06-11 00:20:00,2968881
81.1,69.3,85.1,70.1,2026-06-11 00:30:00,2968881
80.9,69.7,85.1,70.1,2026-06-11 00:40:00,2968881
80.7,70.1,84.7,70.1,2026-06-11 00:50:00,2968881
80.4,70.6,84.6,70.0,2026-06-11 01:00:00,2968881
80.3,70.9,84.2,70.0,2026-06-11 01:10:00,2968881
80.2,71.1,84.0,70.0,2026-06-11 01:20:00,2968881
80.0,71.5,83.7,69.9,2026-06-11 01:30:00,2968881
79.8,71.8,83.5,69.9,2026-06-11 01:40:00,2968881
79.6,72.2,83.3,69.9,2026-06-11 01:50:00,2968881
79.2,73.0,82.8,69.8,2026-06-11 02:00:00,2968881
78.9,73.6,82.2,69.8,2026-06-11 02:10:00,2968881
78.6,74.2,81.7,69.7,2026-06-11 02:20:00,2968881
78.4,74.8,81.3,69.7,2026-06-11 02:30:00,2968881
78.0,75.3,81.0,69.5,2026-06-11 02:40:00,2968881
77.8,75.5,80.6,69.4,2026-06-11 02:50:00,2968881
77.6,75.9,80.2,69.4,2026-06-11 03:00:00,2968881
77.3,76.3,79.5,69.3,2026-06-11 03:10:00,2968881
77.1,76.8,79.3,69.3,2026-06-11 03:20:00,2968881
76.8,77.2,79.0,69.1,2026-06-11 03:30:00,2968881
76.6,77.4,78.6,69.0,2026-06-11 03:40:00,2968881
76.5,77.7,78.4,69.0,2026-06-11 03:50:00,2968881
76.3,77.9,78.3,68.9,2026-06-11 04:00:00,2968881
76.1,78.2,78.1,68.8,2026-06-11 04:10:00,2968881
75.9,78.6,77.9,68.8,2026-06-11 04:20:00,2968881
75.7,79.0,77.5,68.7,2026-06-11 04:30:00,2968881
75.5,79.4,77.4,68.6,2026-06-11 04:40:00,2968881
75.3,79.7,77.2,68.6,2026-06-11 04:50:00,2968881
75.2,79.7,77.0,68.5,2026-06-11 05:00:00,2968881
75.1,79.6,77.0,68.4,2026-06-11 05:10:00,2968881
75.0,79.6,76.8,68.3,2026-06-11 05:20:00,2968881
74.8,79.7,76.6,68.1,2026-06-11 05:30:00,2968881
74.6,79.9,76.3,68.0,2026-06-11 05:40:00,2968881
74.5,79.9,76.3,67.9,2026-06-11 05:50:00,2968881
74.5,79.8,76.3,67.8,2026-06-11 06:00:00,2968881
74.4,79.8,76.1,67.8,2026-06-11 06:10:00,2968881
74.7,79.7,76.6,67.9,2026-06-11 06:20:00,2968881
74.8,79.5,76.6,68.0,2026-06-11 06:30:00,2968881
75.0,79.1,76.8,68.1,2026-06-11 06:40:00,2968881
75.2,78.7,76.8,68.1,2026-06-11 06:50:00,2968881
75.4,78.6,77.2,68.3,2026-06-11 07:00:00,2968881
75.7,78.5,77.5,68.5,2026-06-11 07:10:00,2968881
76.1,78.2,77.9,68.8,2026-06-11 07:20:00,2968881
76.4,77.6,78.1,68.9,2026-06-11 07:30:00,2968881
76.8,77.1,78.6,69.1,2026-06-11 07:40:00,2968881
77.2,76.4,79.5,69.2,2026-06-11 07:50:00,2968881
77.6,75.8,80.2,69.4,2026-06-11 08:00:00,2968881
78.2,75.6,81.1,69.8,2026-06-11 08:10:00,2968881
78.9,74.8,82.4,70.3,2026-06-11 08:20:00,2968881
79.5,74.1,83.7,70.6,2026-06-11 08:30:00,2968881
81.3,72.6,86.4,71.6,2026-06-11 08:40:00,2968881
81.1,71.9,85.8,71.1,2026-06-11 08:50:00,2968881
81.1,71.8,85.8,71.2,2026-06-11 09:00:00,2968881
81.5,71.8,86.4,71.5,2026-06-11 09:10:00,2968881
82.0,71.1,87.3,71.7,2026-06-11 09:20:00,2968881
82.6,70.5,88.2,72.0,2026-06-11 09:30:00,2968881
82.8,70.1,88.9,72.0,2026-06-11 09:40:00,2968881
83.8,69.2,90.9,72.6,2026-06-11 09:50:00,2968881
84.4,67.6,91.9,72.5,2026-06-11 10:00:00,2968881
85.1,65.9,92.5,72.4,2026-06-11 10:10:00,2968881
85.6,64.9,93.4,72.5,2026-06-11 10:20:00,2968881
86.1,64.4,94.3,72.6,2026-06-11 10:30:00,2968881
86.6,62.6,94.8,72.3,2026-06-11 10:40:00,2968881
87.1,62.1,95.7,72.5,2026-06-11 10:50:00,2968881
87.5,61.2,96.1,72.4,2026-06-11 11:00:00,2968881
88.8,59.6,98.2,72.9,2026-06-11 11:10:00,2968881
89.6,58.0,99.3,72.9,2026-06-11 11:20:00,2968881
90.2,56.9,100.6,72.8,2026-06-11 11:30:00,2968881
91.2,55.6,102.6,73.1,2026-06-11 11:40:00,2968881
93.0,53.1,104.9,73.3,2026-06-11 11:50:00,2968881
93.5,50.7,104.7,72.5,2026-06-11 12:00:00,2968881
91.6,51.0,100.9,71.0,2026-06-11 12:10:00,2968881
92.2,51.3,102.2,71.6,2026-06-11 12:20:00,2968881
92.7,50.8,103.1,71.7,2026-06-11 12:30:00,2968881
92.8,50.4,102.9,71.7,2026-06-11 12:40:00,2968881
93.0,49.6,102.7,71.3,2026-06-11 12:50:00,2968881
93.7,49.5,104.7,72.0,2026-06-11 13:00:00,2968881
95.9,47.7,108.7,72.9,2026-06-11 13:10:00,2968881
95.3,47.2,106.7,72.0,2026-06-11 13:20:00,2968881
99.2,42.9,112.3,72.6,2026-06-11 13:30:00,2968881
97.0,42.5,107.1,70.4,2026-06-11 13:40:00,2968881
97.9,42.4,109.4,71.2,2026-06-11 13:50:00,2968881
96.8,42.1,106.5,70.0,2026-06-11 14:00:00,2968881
96.2,43.5,106.2,70.4,2026-06-11 14:10:00,2968881
99.2,40.4,110.5,70.9,2026-06-11 14:20:00,2968881
99.0,40.2,110.1,70.6,2026-06-11 14:30:00,2968881
99.0,40.5,110.3,70.8,2026-06-11 14:40:00,2968881
98.8,39.2,108.7,69.6,2026-06-11 14:50:00,2968881
100.2,38.2,110.8,70.1,2026-06-11 15:00:00,2968881
100.0,37.3,109.8,69.2,2026-06-11 15:10:00,2968881
101.8,36.7,113.4,70.3,2026-06-11 15:20:00,2968881
101.4,36.3,112.3,69.7,2026-06-11 15:30:00,2968881
101.2,36.4,111.9,69.6,2026-06-11 15:40:00,2968881
101.0,36.3,111.4,69.3,2026-06-11 15:50:00,2968881
99.6,37.0,108.9,68.6,2026-06-11 16:00:00,2968881
101.3,36.5,112.3,69.8,2026-06-11 16:10:00,2968881
99.3,37.6,109.0,69.0,2026-06-11 16:20:00,2968881
97.5,39.1,106.5,68.5,2026-06-11 16:30:00,2968881
97.9,40.1,107.8,69.5,2026-06-11 16:40:00,2968881
96.5,41.0,105.4,69.0,2026-06-11 16:50:00,2968881
96.5,41.9,106.0,69.6,2026-06-11 17:00:00,2968881
96.7,40.8,105.8,69.0,2026-06-11 17:10:00,2968881
96.5,41.8,106.0,69.5,2026-06-11 17:20:00,2968881
97.4,39.5,106.3,68.7,2026-06-11 17:30:00,2968881
97.1,39.4,105.6,68.3,2026-06-11 17:40:00,2968881
96.6,40.7,105.1,68.8,2026-06-11 17:50:00,2968881
97.0,41.7,106.7,69.9,2026-06-11 18:00:00,2968881
96.5,42.1,106.0,69.7,2026-06-11 18:10:00,2968881
95.3,42.3,103.6,68.8,2026-06-11 18:20:00,2968881
94.3,44.4,102.4,69.2,2026-06-11 18:30:00,2968881
93.7,45.2,101.7,69.2,2026-06-11 18:40:00,2968881
93.6,45.4,101.8,69.3,2026-06-11 18:50:00,2968881
93.9,45.6,102.7,69.8,2026-06-11 19:00:00,2968881
94.1,46.1,103.3,70.2,2026-06-11 19:10:00,2968881
93.7,46.1,102.2,69.8,2026-06-11 19:20:00,2968881
93.4,46.2,101.8,69.7,2026-06-11 19:30:00,2968881
93.0,46.9,101.7,69.8,2026-06-11 19:40:00,2968881
92.5,47.7,100.9,69.8,2026-06-11 19:50:00,2968881
92.0,48.4,100.4,69.8,2026-06-11 20:00:00,2968881
91.5,49.2,99.5,69.7,2026-06-11 20:10:00,2968881
91.1,49.9,99.1,69.8,2026-06-11 20:20:00,2968881
90.6,50.6,98.4,69.8,2026-06-11 20:30:00,2968881
90.2,51.0,97.9,69.7,2026-06-11 20:40:00,2968881
89.8,51.8,97.0,69.7,2026-06-11 20:50:00,2968881
89.4,52.8,96.4,69.9,2026-06-11 21:00:00,2968881
89.0,53.7,96.3,70.0,2026-06-11 21:10:00,2968881
88.6,54.8,95.9,70.3,2026-06-11 21:20:00,2968881
88.4,55.7,95.7,70.5,2026-06-11 21:30:00,2968881
88.0,56.3,95.2,70.5,2026-06-11 21:40:00,2968881
87.7,56.6,94.6,70.4,2026-06-11 21:50:00,2968881
87.3,57.1,94.1,70.3,2026-06-11 22:00:00,2968881
87.0,57.5,93.6,70.2,2026-06-11 22:10:00,2968881
86.7,58.1,93.4,70.3,2026-06-11 22:20:00,2968881
86.4,58.5,92.8,70.1,2026-06-11 22:30:00,2968881
86.2,58.7,92.7,70.0,2026-06-11 22:40:00,2968881
85.8,59.2,91.8,69.9,2026-06-11 22:50:00,2968881
85.5,59.9,91.4,69.9,2026-06-11 23:00:00,2968881
85.2,60.6,91.0,70.0,2026-06-11 23:10:00,2968881
84.8,61.3,90.5,70.0,2026-06-11 23:20:00,2968881
84.2,62.2,89.8,69.9,2026-06-11 23:30:00,2968881
83.9,63.0,89.2,69.9,2026-06-11 23:40:00,2968881
83.4,63.7,88.2,69.9,2026-06-11 23:50:00,2968881
83.2,64.3,88.0,69.9,2026-06-12 00:00:00,2968881
83.0,64.6,87.6,69.9,2026-06-12 00:10:00,2968881
82.8,65.1,87.4,69.9,2026-06-12 00:20:00,2968881
82.5,65.7,86.9,69.9,2026-06-12 00:30:00,2968881
82.3,66.2,86.5,69.9,2026-06-12 00:40:00,2968881
82.1,66.8,86.4,69.9,2026-06-12 00:50:00,2968881
81.8,67.4,85.8,70.0,2026-06-12 01:00:00,2968881
81.7,68.0,86.0,70.1,2026-06-12 01:10:00,2968881
81.6,68.3,86.0,70.2,2026-06-12 01:20:00,2968881
81.6,68.5,86.0,70.3,2026-06-12 01:30:00,2968881
81.6,68.7,86.0,70.3,2026-06-12 01:40:00,2968881
81.5,68.9,86.0,70.3,2026-06-12 01:50:00,2968881
81.4,69.3,85.8,70.4,2026-06-12 02:00:00,2968881
81.3,69.7,85.6,70.4,2026-06-12 02:10:00,2968881
81.2,70.1,85.6,70.5,2026-06-12 02:20:00,2968881
80.9,70.6,85.3,70.5,2026-06-12 02:30:00,2968881
80.7,71.3,84.9,70.6,2026-06-12 02:40:00,2968881
80.6,71.9,84.7,70.6,2026-06-12 02:50:00,2968881
80.3,72.5,84.7,70.7,2026-06-12 03:00:00,2968881
80.3,73.1,84.7,70.9,2026-06-12 03:10:00,2968881
80.1,73.7,84.6,70.9,2026-06-12 03:20:00,2968881
80.0,74.1,84.4,71.0,2026-06-12 03:30:00,2968881
79.8,74.6,84.0,71.0,2026-06-12 03:40:00,2968881
79.6,75.2,83.8,71.1,2026-06-12 03:50:00,2968881
79.4,75.9,83.7,71.2,2026-06-12 04:00:00,2968881
79.4,76.3,83.8,71.2,2026-06-12 04:10:00,2968881
79.3,76.8,83.5,71.3,2026-06-12 04:20:00,2968881
79.2,77.3,83.7,71.4,2026-06-12 04:30:00,2968881
79.2,77.6,83.7,71.5,2026-06-12 04:40:00,2968881
79.2,77.7,83.7,71.6,2026-06-12 04:50:00,2968881
79.2,77.9,83.8,71.7,2026-06-12 05:00:00,2968881
79.1,78.0,83.5,71.7,2026-06-12 05:10:00,2968881
79.0,78.4,83.5,71.7,2026-06-12 05:20:00,2968881
78.9,78.6,83.3,71.7,2026-06-12 05:30:00,2968881
78.8,79.1,83.3,71.8,2026-06-12 05:40:00,2968881
78.8,79.4,83.1,71.8,2026-06-12 05:50:00,2968881
78.7,79.6,83.1,71.9,2026-06-12 06:00:00,2968881
78.6,79.9,83.1,71.9,2026-06-12 06:10:00,2968881
78.6,80.1,83.1,72.0,2026-06-12 06:20:00,2968881
78.6,80.3,83.1,72.1,2026-06-12 06:30:00,2968881
78.8,80.4,83.5,72.2,2026-06-12 06:40:00,2968881
78.9,80.4,83.5,72.4,2026-06-12 06:50:00,2968881
79.0,80.4,83.8,72.5,2026-06-12 07:00:00,2968881
79.4,80.0,84.6,72.7,2026-06-12 07:10:00,2968881
79.8,79.5,85.3,72.9,2026-06-12 07:20:00,2968881
80.0,78.7,85.5,72.8,2026-06-12 07:30:00,2968881
80.1,78.5,85.6,72.8,2026-06-12 07:40:00,2968881
80.4,78.6,86.5,73.2,2026-06-12 07:50:00,2968881
80.6,78.4,86.4,73.2,2026-06-12 08:00:00,2968881
80.9,77.6,86.9,73.2,2026-06-12 08:10:00,2968881
81.2,77.1,87.4,73.3,2026-06-12 08:20:00,2968881
81.6,76.5,88.0,73.5,2026-06-12 08:30:00,2968881
83.0,74.4,90.7,74.1,2026-06-12 08:40:00,2968881
83.4,72.9,91.0,73.7,2026-06-12 08:50:00,2968881
83.9,70.6,91.6,73.3,2026-06-12 09:00:00,2968881
84.6,69.9,93.2,73.7,2026-06-12 09:10:00,2968881
85.3,68.0,94.1,73.5,2026-06-12 09:20:00,2968881
86.1,66.1,95.0,73.4,2026-06-12 09:30:00,2968881
86.6,64.1,95.4,73.0,2026-06-12 09:40:00,2968881
87.5,63.4,97.0,73.5,2026-06-12 09:50:00,2968881
88.4,59.8,97.5,72.6,2026-06-12 10:00:00,2968881
89.5,58.2,99.5,72.8,2026-06-12 10:10:00,2968881
90.3,57.0,100.8,73.0,2026-06-12 10:20:00,2968881
90.6,55.3,100.8,72.4,2026-06-12 10:30:00,2968881
91.2,53.8,101.1,72.1,2026-06-12 10:40:00,2968881
91.4,52.4,101.3,71.5,2026-06-12 10:50:00,2968881
92.0,50.1,101.3,70.8,2026-06-12 11:00:00,2968881
92.2,49.3,101.1,70.4,2026-06-12 11:10:00,2968881
93.3,48.8,103.1,71.1,2026-06-12 11:20:00,2968881
94.1,45.8,103.1,70.0,2026-06-12 11:30:00,2968881
94.4,47.0,104.4,71.0,2026-06-12 11:40:00,2968881
95.9,45.1,106.9,71.2,2026-06-12 11:50:00,2968881
95.6,45.6,106.3,71.3,2026-06-12 12:00:00,2968881
96.3,43.3,106.5,70.3,2026-06-12 12:10:00,2968881
96.5,41.8,105.8,69.5,2026-06-12 12:20:00,2968881
96.4,41.4,105.3,69.1,2026-06-12 12:30:00,2968881
97.0,40.4,106.2,69.0,2026-06-12 12:40:00,2968881
97.2,40.8,106.9,69.4,2026-06-12 12:50:00,2968881
97.5,40.0,106.9,69.1,2026-06-12 13:00:00,2968881
97.9,38.9,107.1,68.7,2026-06-12 13:10:00,2968881
99.9,36.7,109.4,68.7,2026-06-12 13:20:00,2968881
100.8,34.7,109.8,67.9,2026-06-12 13:30:00,2968881
101.4,33.8,110.1,67.7,2026-06-12 13:40:00,2968881
101.6,34.9,111.4,68.7,2026-06-12 13:50:00,2968881
102.3,33.2,111.6,67.8,2026-06-12 14:00:00,2968881
102.7,32.5,111.6,67.7,2026-06-12 14:10:00,2968881
102.2,32.0,109.9,66.7,2026-06-12 14:20:00,2968881
102.4,32.3,111.0,67.2,2026-06-12 14:30:00,2968881
103.5,32.8,113.5,68.5,2026-06-12 14:40:00,2968881
103.3,33.9,114.3,69.4,2026-06-12 14:50:00,2968881
101.4,34.2,110.3,68.0,2026-06-12 15:00:00,2968881
101.3,31.9,108.1,65.8,2026-06-12 15:10:00,2968881
102.1,31.9,109.9,66.5,2026-06-12 15:20:00,2968881
102.8,31.1,110.5,66.3,2026-06-12 15:30:00,2968881
100.3,31.4,106.0,64.5,2026-06-12 15:40:00,2968881
101.1,31.8,107.8,65.6,2026-06-12 15:50:00,2968881
101.1,33.0,108.7,66.6,2026-06-12 16:00:00,2968881
101.6,33.0,109.9,67.1,2026-06-12 16:10:00,2968881
101.0,33.6,109.2,67.1,2026-06-12 16:20:00,2968881
101.0,32.9,108.7,66.5,2026-06-12 16:30:00,2968881
101.6,32.5,109.2,66.6,2026-06-12 16:40:00,2968881
102.1,32.9,110.8,67.5,2026-06-12 16:50:00,2968881
101.6,33.4,110.3,67.5,2026-06-12 17:00:00,2968881
101.1,32.3,108.5,66.1,2026-06-12 17:10:00,2968881
101.9,32.4,109.9,66.8,2026-06-12 17:20:00,2968881
101.2,33.0,109.0,66.7,2026-06-12 17:30:00,2968881
100.1,32.1,106.2,65.0,2026-06-12 17:40:00,2968881
99.9,33.3,106.9,65.8,2026-06-12 17:50:00,2968881
100.1,32.2,106.3,65.1,2026-06-12 18:00:00,2968881
99.9,32.6,106.3,65.3,2026-06-12 18:10:00,2968881
99.6,33.5,106.3,65.8,2026-06-12 18:20:00,2968881
99.0,34.5,106.0,66.1,2026-06-12 18:30:00,2968881
98.3,36.1,105.6,66.8,2026-06-12 18:40:00,2968881
97.8,36.7,105.1,66.8,2026-06-12 18:50:00,2968881
97.8,37.0,105.3,67.1,2026-06-12 19:00:00,2968881
97.2,37.1,104.4,66.6,2026-06-12 19:10:00,2968881
97.0,37.1,104.0,66.4,2026-06-12 19:20:00,2968881
96.6,37.2,103.5,66.2,2026-06-12 19:30:00,2968881
96.5,38.0,103.6,66.7,2026-06-12 19:40:00,2968881
96.1,39.0,103.6,67.2,2026-06-12 19:50:00,2968881
95.6,39.6,102.7,67.2,2026-06-12 20:00:00,2968881
95.2,40.5,102.2,67.4,2026-06-12 20:10:00,2968881
94.9,40.8,102.0,67.3,2026-06-12 20:20:00,2968881
94.3,41.8,101.3,67.5,2026-06-12 20:30:00,2968881
93.8,42.4,100.6,67.5,2026-06-12 20:40:00,2968881
92.9,43.6,99.5,67.6,2026-06-12 20:50:00,2968881
92.1,44.8,98.6,67.6,2026-06-12 21:00:00,2968881
91.7,45.3,97.7,67.5,2026-06-12 21:10:00,2968881
91.9,45.5,98.2,67.8,2026-06-12 21:20:00,2968881
91.6,45.7,98.1,67.7,2026-06-12 21:30:00,2968881
91.4,46.6,97.9,68.1,2026-06-12 21:40:00,2968881
90.6,47.9,97.0,68.2,2026-06-12 21:50:00,2968881
89.9,48.9,95.9,68.1,2026-06-12 22:00:00,2968881
89.4,50.2,95.5,68.4,2026-06-12 22:10:00,2968881
88.8,51.3,94.6,68.5,2026-06-12 22:20:00,2968881
88.2,51.9,93.9,68.3,2026-06-12 22:30:00,2968881
87.9,52.9,93.6,68.6,2026-06-12 22:40:00,2968881
88.4,51.0,93.9,68.0,2026-06-12 22:50:00,2968881
88.8,48.2,93.6,66.7,2026-06-12 23:00:00,2968881
88.6,48.0,93.0,66.4,2026-06-12 23:10:00,2968881
88.2,47.9,92.3,65.9,2026-06-12 23:20:00,2968881
87.8,47.8,91.6,65.6,2026-06-12 23:30:00,2968881
87.3,47.1,90.3,64.7,2026-06-12 23:40:00,2968881
86.9,47.4,89.6,64.5,2026-06-12 23:50:00,2968881
86.4,48.1,89.2,64.4,2026-06-13 00:00:00,2968881
85.7,49.0,88.3,64.3,2026-06-13 00:10:00,2968881
85.6,49.4,88.2,64.4,2026-06-13 00:20:00,2968881
85.1,50.2,87.8,64.5,2026-06-13 00:30:00,2968881
84.7,50.9,87.1,64.5,2026-06-13 00:40:00,2968881
84.0,51.7,86.0,64.3,2026-06-13 00:50:00,2968881
83.8,52.8,86.0,64.7,2026-06-13 01:00:00,2968881
83.6,53.3,85.6,64.8,2026-06-13 01:10:00,2968881
83.2,54.1,85.3,64.9,2026-06-13 01:20:00,2968881
82.8,55.0,84.7,65.0,2026-06-13 01:30:00,2968881
82.8,55.1,84.9,65.0,2026-06-13 01:40:00,2968881
82.7,55.3,84.6,65.0,2026-06-13 01:50:00,2968881
82.6,55.7,84.6,65.2,2026-06-13 02:00:00,2968881
82.3,56.2,84.2,65.1,2026-06-13 02:10:00,2968881
81.9,56.8,83.8,65.1,2026-06-13 02:20:00,2968881
81.6,58.0,83.5,65.4,2026-06-13 02:30:00,2968881
81.5,58.6,83.3,65.6,2026-06-13 02:40:00,2968881
81.0,59.0,82.8,65.3,2026-06-13 02:50:00,2968881
80.7,59.7,82.4,65.4,2026-06-13 03:00:00,2968881
80.2,60.6,81.9,65.4,2026-06-13 03:10:00,2968881
79.8,61.7,81.5,65.5,2026-06-13 03:20:00,2968881
79.4,62.5,81.1,65.5,2026-06-13 03:30:00,2968881
78.9,63.7,80.4,65.6,2026-06-13 03:40:00,2968881
78.5,64.6,80.1,65.6,2026-06-13 03:50:00,2968881
78.4,65.1,79.9,65.7,2026-06-13 04:00:00,2968881
78.2,65.7,79.5,65.8,2026-06-13 04:10:00,2968881
78.0,65.9,79.3,65.7,2026-06-13 04:20:00,2968881
77.8,66.7,79.2,65.8,2026-06-13 04:30:00,2968881
77.6,67.1,79.0,65.8,2026-06-13 04:40:00,2968881
77.2,67.8,78.4,65.8,2026-06-13 04:50:00,2968881
76.9,68.6,77.9,65.8,2026-06-13 05:00:00,2968881
76.5,69.5,77.5,65.8,2026-06-13 05:10:00,2968881
76.4,70.1,77.2,65.9,2026-06-13 05:20:00,2968881
76.0,70.7,77.0,65.8,2026-06-13 05:30:00,2968881
75.5,71.7,76.5,65.7,2026-06-13 05:40:00,2968881
75.2,72.4,76.5,65.7,2026-06-13 05:50:00,2968881
74.9,73.1,76.1,65.8,2026-06-13 06:00:00,2968881
75.2,73.3,76.5,66.1,2026-06-13 06:10:00,2968881
75.0,73.6,76.1,66.0,2026-06-13 06:20:00,2968881
74.9,74.3,76.1,66.1,2026-06-13 06:30:00,2968881
74.8,74.5,75.9,66.2,2026-06-13 06:40:00,2968881
75.1,74.5,76.5,66.4,2026-06-13 06:50:00,2968881
75.4,74.6,76.8,66.8,2026-06-13 07:00:00,2968881
76.0,74.4,77.4,67.3,2026-06-13 07:10:00,2968881
76.6,73.2,77.9,67.4,2026-06-13 07:20:00,2968881
78.1,71.2,80.6,68.0,2026-06-13 07:30:00,2968881
79.1,69.3,81.9,68.2,2026-06-13 07:40:00,2968881
79.5,68.0,82.2,68.0,2026-06-13 07:50:00,2968881
80.2,66.8,83.1,68.1,2026-06-13 08:00:00,2968881
80.7,66.0,83.8,68.3,2026-06-13 08:10:00,2968881
81.3,65.5,84.7,68.6,2026-06-13 08:20:00,2968881
81.8,64.6,85.3,68.7,2026-06-13 08:30:00,2968881
84.0,62.3,89.1,69.7,2026-06-13 08:40:00,2968881
84.1,59.5,88.5,68.5,2026-06-13 08:50:00,2968881
83.6,60.1,87.6,68.3,2026-06-13 09:00:00,2968881
83.9,60.6,88.3,68.8,2026-06-13 09:10:00,2968881
84.4,60.0,89.1,69.0,2026-06-13 09:20:00,2968881
84.9,58.9,89.8,68.9,2026-06-13 09:30:00,2968881
85.0,59.0,90.1,69.1,2026-06-13 09:40:00,2968881
86.0,57.9,91.9,69.5,2026-06-13 09:50:00,2968881
86.1,57.0,91.6,69.1,2026-06-13 10:00:00,2968881
86.7,55.8,92.1,69.0,2026-06-13 10:10:00,2968881
87.2,55.2,93.0,69.2,2026-06-13 10:20:00,2968881
87.3,55.4,93.4,69.3,2026-06-13 10:30:00,2968881
88.2,55.3,95.2,70.1,2026-06-13 10:40:00,2968881
88.6,55.0,95.9,70.4,2026-06-13 10:50:00,2968881
88.2,54.0,94.6,69.4,2026-06-13 11:00:00,2968881
88.8,54.1,96.1,70.1,2026-06-13 11:10:00,2968881
89.2,53.6,96.4,70.2,2026-06-13 11:20:00,2968881
90.2,52.0,98.2,70.2,2026-06-13 11:30:00,2968881
90.7,51.3,99.1,70.3,2026-06-13 11:40:00,2968881
93.4,48.4,102.7,71.0,2026-06-13 11:50:00,2968881
93.0,46.2,101.3,69.4,2026-06-13 12:00:00,2968881
92.2,48.0,100.4,69.7,2026-06-13 12:10:00,2968881
92.0,48.3,100.2,69.7,2026-06-13 12:20:00,2968881
92.2,47.8,100.2,69.5,2026-06-13 12:30:00,2968881
93.7,46.1,102.6,69.9,2026-06-13 12:40:00,2968881
93.2,46.5,101.7,69.7,2026-06-13 12:50:00,2968881
93.1,45.9,101.1,69.2,2026-06-13 13:00:00,2968881
93.4,44.6,100.9,68.6,2026-06-13 13:10:00,2968881
96.0,42.6,105.3,69.6,2026-06-13 13:20:00,2968881
96.1,41.7,105.1,69.1,2026-06-13 13:30:00,2968881
94.6,43.5,102.6,69.0,2026-06-13 13:40:00,2968881
94.1,43.8,102.0,68.8,2026-06-13 13:50:00,2968881
96.6,41.3,106.0,69.3,2026-06-13 14:00:00,2968881
95.1,40.6,102.2,67.4,2026-06-13 14:10:00,2968881
98.4,40.2,108.7,70.1,2026-06-13 14:20:00,2968881
95.2,40.6,102.6,67.6,2026-06-13 14:30:00,2968881
96.8,40.8,106.0,69.0,2026-06-13 14:40:00,2968881
98.3,39.3,108.1,69.3,2026-06-13 14:50:00,2968881
96.8,39.5,104.9,68.1,2026-06-13 15:00:00,2968881
97.1,39.5,105.6,68.4,2026-06-13 15:10:00,2968881
98.2,38.9,107.4,68.9,2026-06-13 15:20:00,2968881
96.9,39.0,104.9,67.8,2026-06-13 15:30:00,2968881
96.2,40.2,104.2,68.1,2026-06-13 15:40:00,2968881
97.8,39.3,106.9,68.8,2026-06-13 15:50:00,2968881
100.6,35.0,109.6,67.9,2026-06-13 16:00:00,2968881
101.1,34.0,109.6,67.6,2026-06-13 16:10:00,2968881
99.9,35.3,108.3,67.6,2026-06-13 16:20:00,2968881
100.4,35.6,109.4,68.2,2026-06-13 16:30:00,2968881
99.4,34.9,106.9,66.8,2026-06-13 16:40:00,2968881
97.7,36.4,104.9,66.5,2026-06-13 16:50:00,2968881
95.7,38.4,102.4,66.4,2026-06-13 17:00:00,2968881
95.2,39.7,101.8,66.8,2026-06-13 17:10:00,2968881
95.7,39.0,102.6,66.8,2026-06-13 17:20:00,2968881
97.6,38.3,106.0,68.0,2026-06-13 17:30:00,2968881
98.5,36.7,106.5,67.5,2026-06-13 17:40:00,2968881
96.8,36.7,103.5,66.0,2026-06-13 17:50:00,2968881
95.5,39.7,102.4,67.0,2026-06-13 18:00:00,2968881
96.8,38.6,104.4,67.4,2026-06-13 18:10:00,2968881
97.5,38.2,105.8,67.8,2026-06-13 18:20:00,2968881
96.6,38.7,104.0,67.4,2026-06-13 18:30:00,2968881
95.5,39.1,102.2,66.7,2026-06-13 18:40:00,2968881
94.0,40.5,100.0,66.3,2026-06-13 18:50:00,2968881
94.1,41.0,100.6,66.8,2026-06-13 19:00:00,2968881
93.8,41.6,100.2,67.0,2026-06-13 19:10:00,2968881
93.4,41.9,99.7,66.8,2026-06-13 19:20:00,2968881
93.0,42.2,99.1,66.7,2026-06-13 19:30:00,2968881
92.9,43.5,99.3,67.4,2026-06-13 19:40:00,2968881
92.4,43.4,98.4,66.9,2026-06-13 19:50:00,2968881
92.0,43.9,97.9,66.9,2026-06-13 20:00:00,2968881
91.9,44.1,97.7,66.9,2026-06-13 20:10:00,2968881
91.3,44.6,96.8,66.7,2026-06-13 20:20:00,2968881
90.9,45.5,96.4,66.9,2026-06-13 20:30:00,2968881
90.4,46.6,96.1,67.2,2026-06-13 20:40:00,2968881
89.8,47.4,95.4,67.1,2026-06-13 20:50:00,2968881
86.8,53.3,91.8,67.8,2026-06-13 21:00:00,2968881
84.6,59.4,89.6,68.9,2026-06-13 21:10:00,2968881
83.4,63.2,88.0,69.6,2026-06-13 21:20:00,2968881
82.8,65.7,87.6,70.1,2026-06-13 21:30:00,2968881
81.4,66.3,85.1,69.0,2026-06-13 21:40:00,2968881
80.7,67.4,84.0,68.8,2026-06-13 21:50:00,2968881
80.1,68.4,83.5,68.8,2026-06-13 22:00:00,2968881
79.4,70.7,82.8,69.0,2026-06-13 22:10:00,2968881
78.9,71.8,81.9,69.0,2026-06-13 22:20:00,2968881
78.4,72.7,81.1,68.9,2026-06-13 22:30:00,2968881
78.3,72.4,81.1,68.7,2026-06-13 22:40:00,2968881
78.1,73.1,80.8,68.8,2026-06-13 22:50:00,2968881
78.0,73.8,80.6,69.0,2026-06-13 23:00:00,2968881
78.0,73.9,80.6,69.0,2026-06-13 23:10:00,2968881
77.8,74.0,80.2,68.9,2026-06-13 23:20:00,2968881
77.9,73.8,80.2,68.8,2026-06-13 23:30:00,2968881
78.1,73.5,80.8,68.9,2026-06-13 23:40:00,2968881
78.0,73.6,80.6,68.8,2026-06-13 23:50:00,2968881
78.0,73.5,80.6,68.9,2026-06-14 00:00:00,2968881
78.0,73.7,80.6,69.0,2026-06-14 00:10:00,2968881
78.0,73.5,80.6,68.9,2026-06-14 00:20:00,2968881
77.9,74.0,80.2,68.9,2026-06-14 00:30:00,2968881
77.5,74.7,79.7,68.9,2026-06-14 00:40:00,2968881
77.2,75.5,79.5,68.8,2026-06-14 00:50:00,2968881
77.2,75.7,79.5,69.0,2026-06-14 01:00:00,2968881
77.1,76.1,79.2,69.0,2026-06-14 01:10:00,2968881
76.9,76.7,79.0,69.0,2026-06-14 01:20:00,2968881
76.5,77.1,78.4,68.8,2026-06-14 01:30:00,2968881
76.5,77.5,78.4,68.9,2026-06-14 01:40:00,2968881
76.3,78.6,78.3,69.1,2026-06-14 01:50:00,2968881
76.1,80.0,78.3,69.5,2026-06-14 02:00:00,2968881
75.7,80.6,77.7,69.3,2026-06-14 02:10:00,2968881
75.6,81.6,77.7,69.5,2026-06-14 02:20:00,2968881
75.4,82.0,77.7,69.5,2026-06-14 02:30:00,2968881
75.3,82.3,77.5,69.5,2026-06-14 02:40:00,2968881
75.1,82.6,77.4,69.4,2026-06-14 02:50:00,2968881
74.8,83.4,77.0,69.4,2026-06-14 03:00:00,2968881
74.6,84.0,76.8,69.4,2026-06-14 03:10:00,2968881
74.4,84.3,76.6,69.3,2026-06-14 03:20:00,2968881
74.2,84.9,76.5,69.3,2026-06-14 03:30:00,2968881
