Temperature,Relative.Humidity,Heat_Index,Dew_Point,datetime,sensor_id
99.2,36.1,107.6,67.7,2026-06-14 15:00:00,2968889
100.4,34.9,108.9,67.7,2026-06-14 15:20:00,2968889
102.3,34.4,112.3,69.0,2026-06-14 15:40:00,2968889
99.8,35.9,108.5,68.0,2026-06-14 16:00:00,2968889
97.5,37.1,105.1,66.9,2026-06-14 16:20:00,2968889
98.5,37.0,106.7,67.7,2026-06-14 16:40:00,2968889
98.3,36.9,106.3,67.4,2026-06-14 17:00:00,2968889
98.7,34.4,105.3,65.8,2026-06-14 17:20:00,2968889
98.2,32.0,102.7,63.2,2026-06-14 17:40:00,2968889
98.2,31.7,102.6,63.0,2026-06-14 18:00:00,2968889
98.0,33.9,103.6,64.7,2026-06-14 18:20:00,2968889
97.1,33.1,101.5,63.3,2026-06-14 18:40:00,2968889
91.5,44.5,97.0,66.8,2026-06-14 19:00:00,2968889
86.5,58.7,93.0,70.4,2026-06-14 19:20:00,2968889
81.2,77.0,87.4,73.3,2026-06-14 19:40:00,2968889
80.7,80.5,87.3,74.2,2026-06-14 20:00:00,2968889
82.2,75.1,89.1,73.6,2026-06-14 20:20:00,2968889
81.4,77.6,88.0,73.7,2026-06-14 20:40:00,2968889
82.3,71.7,88.2,72.2,2026-06-14 21:00:00,2968889
82.8,68.3,88.3,71.2,2026-06-14 21:20:00,2968889
82.8,69.4,88.7,71.7,2026-06-14 21:40:00,2968889
82.1,71.0,87.6,71.8,2026-06-14 22:00:00,2968889
82.2,70.6,87.4,71.7,2026-06-14 22:20:00,2968889
82.0,70.8,87.1,71.6,2026-06-14 22:40:00,2968889
81.6,71.4,86.5,71.4,2026-06-14 23:00:00,2968889
81.1,71.8,85.8,71.1,2026-06-14 23:20:00,2968889
80.9,72.0,85.5,71.1,2026-06-14 23:40:00,2968889
80.8,72.3,85.5,71.0,2026-06-15 00:00:00,2968889
80.6,72.7,85.3,71.0,2026-06-15 00:20:00,2968889
80.3,73.5,84.9,71.1,2026-06-15 00:40:00,2968889
80.0,74.5,84.4,71.1,2026-06-15 01:00:00,2968889
79.9,75.3,84.6,71.4,2026-06-15 01:20:00,2968889
79.8,75.6,84.2,71.3,2026-06-15 01:40:00,2968889
79.9,75.8,84.4,71.5,2026-06-15 02:00:00,2968889
79.8,76.0,84.4,71.6,2026-06-15 02:20:00,2968889
79.5,76.4,84.0,71.5,2026-06-15 02:40:00,2968889
79.4,76.9,84.0,71.5,2026-06-15 03:00:00,2968889
79.3,77.3,83.7,71.6,2026-06-15 03:20:00,2968889
78.9,78.0,83.1,71.5,2026-06-15 03:40:00,2968889
78.3,79.3,82.4,71.4,2026-06-15 04:00:00,2968889
78.0,79.6,81.7,71.1,2026-06-15 04:20:00,2968889
77.6,80.5,81.1,71.1,2026-06-15 04:40:00,2968889
77.5,79.8,80.6,70.8,2026-06-15 05:00:00,2968889
77.0,79.8,79.5,70.3,2026-06-15 05:20:00,2968889
76.8,80.0,79.2,70.2,2026-06-15 05:40:00,2968889
76.7,77.8,78.6,69.3,2026-06-15 06:00:00,2968889
76.7,76.2,78.4,68.7,2026-06-15 06:20:00,2968889
77.2,72.8,78.8,67.7,2026-06-15 06:40:00,2968889
78.0,68.3,79.7,66.7,2026-06-15 07:00:00,2968889
78.2,64.0,79.3,65.0,2026-06-15 07:20:00,2968889
77.7,63.3,78.6,64.3,2026-06-15 07:40:00,2968889
79.2,62.2,80.8,65.2,2026-06-15 08:00:00,2968889
81.0,53.8,81.9,62.7,2026-06-15 08:20:00,2968889
78.7,54.6,78.6,60.9,2026-06-15 08:40:00,2968889
79.4,55.9,79.9,62.3,2026-06-15 09:00:00,2968889
79.8,52.9,79.9,61.1,2026-06-15 09:20:00,2968889
79.4,49.9,79.0,59.1,2026-06-15 09:40:00,2968889
79.9,45.6,79.0,57.0,2026-06-15 10:00:00,2968889
82.0,38.6,80.1,54.3,2026-06-15 10:20:00,2968889
84.1,40.7,83.5,57.7,2026-06-15 10:40:00,2968889
83.6,38.5,82.2,55.7,2026-06-15 11:00:00,2968889
84.7,38.0,83.7,56.2,2026-06-15 11:20:00,2968889
85.9,35.8,84.9,55.7,2026-06-15 11:40:00,2968889
87.0,33.1,85.6,54.5,2026-06-15 12:00:00,2968889
86.4,34.7,85.3,55.3,2026-06-15 12:20:00,2968889
87.5,35.1,86.9,56.5,2026-06-15 12:40:00,2968889
88.3,35.4,88.0,57.5,2026-06-15 13:00:00,2968889
86.5,31.2,84.4,52.4,2026-06-15 13:20:00,2968889
88.0,30.6,86.4,53.3,2026-06-15 13:40:00,2968889
89.9,31.5,89.1,55.7,2026-06-15 14:00:00,2968889
90.4,29.7,89.2,54.5,2026-06-15 14:20:00,2968889
89.3,29.1,87.6,53.0,2026-06-15 14:40:00,2968889
89.4,29.6,87.8,53.5,2026-06-15 15:00:00,2968889
90.6,29.1,89.4,54.1,2026-06-15 15:20:00,2968889
91.4,28.5,90.1,54.1,2026-06-15 15:40:00,2968889
90.1,30.2,88.9,54.6,2026-06-15 16:00:00,2968889
91.5,29.0,90.7,54.7,2026-06-15 16:20:00,2968889
92.2,28.9,91.6,55.3,2026-06-15 16:40:00,2968889
90.6,28.8,89.2,53.8,2026-06-15 17:00:00,2968889
90.5,28.9,89.2,53.8,2026-06-15 17:20:00,2968889
90.3,28.5,89.1,53.3,2026-06-15 17:40:00,2968889
91.1,29.7,90.3,55.0,2026-06-15 18:00:00,2968889
89.4,29.8,87.8,53.7,2026-06-15 18:20:00,2968889
89.2,30.9,87.8,54.5,2026-06-15 18:40:00,2968889
87.8,32.5,86.5,54.7,2026-06-15 19:00:00,2968889
86.2,33.8,84.7,54.4,2026-06-15 19:20:00,2968889
85.1,34.6,83.7,54.1,2026-06-15 19:40:00,2968889
84.3,35.3,82.6,53.9,2026-06-15 20:00:00,2968889
83.7,36.1,82.0,54.1,2026-06-15 20:20:00,2968889
82.5,37.5,80.6,54.0,2026-06-15 20:40:00,2968889
81.4,38.4,79.5,53.7,2026-06-15 21:00:00,2968889
80.4,39.1,78.4,53.3,2026-06-15 21:20:00,2968889
79.3,40.9,77.4,53.5,2026-06-15 21:40:00,2968889
77.5,43.1,75.6,53.3,2026-06-15 22:00:00,2968889
76.8,43.6,75.0,53.0,2026-06-15 22:20:00,2968889
75.7,46.7,74.1,53.9,2026-06-15 22:40:00,2968889
74.6,48.4,73.4,53.9,2026-06-15 23:00:00,2968889
74.1,49.0,72.9,53.7,2026-06-15 23:20:00,2968889
73.3,49.8,72.1,53.5,2026-06-15 23:40:00,2968889
72.7,52.1,72.0,54.1,2026-06-16 00:00:00,2968889
72.8,51.6,71.8,54.0,2026-06-16 00:20:00,2968889
71.7,54.7,71.1,54.5,2026-06-16 00:40:00,2968889
72.1,52.6,71.6,53.8,2026-06-16 01:00:00,2968889
73.0,50.1,72.0,53.3,2026-06-16 01:20:00,2968889
73.1,48.9,72.0,52.8,2026-06-16 01:40:00,2968889
73.0,48.5,71.8,52.4,2026-06-16 02:00:00,2968889
72.7,48.2,71.6,52.0,2026-06-16 02:20:00,2968889
72.3,48.4,71.2,51.8,2026-06-16 02:40:00,2968889
71.9,48.9,70.9,51.7,2026-06-16 03:00:00,2968889
71.7,48.6,70.7,51.3,2026-06-16 03:20:00,2968889
71.4,49.0,70.3,51.2,2026-06-16 03:40:00,2968889
71.0,49.8,70.0,51.3,2026-06-16 04:00:00,2968889
70.6,51.0,69.8,51.6,2026-06-16 04:20:00,2968889
70.0,51.7,69.1,51.4,2026-06-16 04:40:00,2968889
69.7,52.6,68.7,51.6,2026-06-16 05:00:00,2968889
69.5,53.3,68.4,51.8,2026-06-16 05:20:00,2968889
69.6,53.2,68.4,51.8,2026-06-16 05:40:00,2968889
69.6,53.5,68.4,51.9,2026-06-16 06:00:00,2968889
69.5,54.4,68.4,52.4,2026-06-16 06:20:00,2968889
69.6,55.5,68.9,53.0,2026-06-16 06:40:00,2968889
69.8,56.1,69.1,53.5,2026-06-16 07:00:00,2968889
69.9,56.7,69.1,53.8,2026-06-16 07:20:00,2968889
70.3,57.4,69.6,54.6,2026-06-16 07:40:00,2968889
71.0,56.9,70.5,54.9,2026-06-16 08:00:00,2968889
71.5,56.6,71.1,55.3,2026-06-16 08:20:00,2968889
71.6,55.8,71.2,55.0,2026-06-16 08:40:00,2968889
73.8,54.2,73.0,56.2,2026-06-16 09:00:00,2968889
73.8,52.4,72.9,55.3,2026-06-16 09:20:00,2968889
75.0,51.1,73.8,55.7,2026-06-16 09:40:00,2968889
76.2,48.7,74.8,55.5,2026-06-16 10:00:00,2968889
75.3,48.9,73.9,54.8,2026-06-16 10:20:00,2968889
77.2,47.9,75.6,55.9,2026-06-16 10:40:00,2968889
77.5,45.5,75.9,54.8,2026-06-16 11:00:00,2968889
79.3,45.9,78.1,56.6,2026-06-16 11:20:00,2968889
78.3,45.6,77.0,55.6,2026-06-16 11:40:00,2968889
80.6,44.4,79.3,56.9,2026-06-16 12:00:00,2968889
81.3,42.1,79.9,56.1,2026-06-16 12:20:00,2968889
81.7,41.9,80.4,56.3,2026-06-16 12:40:00,2968889
81.2,40.9,79.7,55.3,2026-06-16 13:00:00,2968889
81.9,42.3,80.8,56.8,2026-06-16 13:20:00,2968889
83.1,38.1,81.5,55.0,2026-06-16 13:40:00,2968889
84.1,39.3,83.3,56.6,2026-06-16 14:00:00,2968889
86.2,38.7,86.2,58.1,2026-06-16 14:20:00,2968889
88.9,37.0,89.8,59.3,2026-06-16 14:40:00,2968889
89.5,34.5,89.6,57.8,2026-06-16 15:00:00,2968889
89.8,36.2,90.5,59.4,2026-06-16 15:20:00,2968889
89.4,36.8,90.1,59.5,2026-06-16 15:40:00,2968889
87.6,37.9,88.0,58.8,2026-06-16 16:00:00,2968889
86.7,37.7,86.7,57.9,2026-06-16 16:20:00,2968889
86.5,40.0,86.9,59.3,2026-06-16 16:40:00,2968889
85.0,40.9,84.9,58.6,2026-06-16 17:00:00,2968889
85.1,42.2,85.3,59.5,2026-06-16 17:20:00,2968889
83.9,44.5,84.0,60.0,2026-06-16 17:40:00,2968889
83.9,45.7,84.4,60.7,2026-06-16 18:00:00,2968889
83.4,46.2,83.7,60.5,2026-06-16 18:20:00,2968889
83.1,45.7,83.1,60.1,2026-06-16 18:40:00,2968889
82.6,46.8,82.8,60.2,2026-06-16 19:00:00,2968889
82.2,46.9,82.2,60.0,2026-06-16 19:20:00,2968889
81.9,48.1,81.9,60.4,2026-06-16 19:40:00,2968889
81.5,49.4,81.5,60.7,2026-06-16 20:00:00,2968889
80.4,51.3,80.6,60.8,2026-06-16 20:20:00,2968889
80.1,52.0,80.2,60.9,2026-06-16 20:40:00,2968889
79.5,51.5,79.2,60.1,2026-06-16 21:00:00,2968889
79.0,51.8,78.8,59.8,2026-06-16 21:20:00,2968889
78.3,52.1,77.9,59.3,2026-06-16 21:40:00,2968889
78.0,53.2,77.5,59.6,2026-06-16 22:00:00,2968889
77.3,54.5,76.6,59.7,2026-06-16 22:20:00,2968889
76.7,55.8,76.1,59.7,2026-06-16 22:40:00,2968889
76.1,57.4,75.6,59.9,2026-06-16 23:00:00,2968889
75.7,58.4,75.4,60.1,2026-06-16 23:20:00,2968889
75.1,59.7,74.8,60.1,2026-06-16 23:40:00,2968889
74.9,60.9,74.8,60.5,2026-06-17 00:00:00,2968889
74.5,62.4,74.7,60.8,2026-06-17 00:20:00,2968889
74.4,63.6,74.7,61.3,2026-06-17 00:40:00,2968889
74.1,64.8,74.3,61.5,2026-06-17 01:00:00,2968889
73.8,66.3,74.3,61.9,2026-06-17 01:20:00,2968889
73.3,67.8,73.8,62.0,2026-06-17 01:40:00,2968889
72.9,69.4,73.6,62.3,2026-06-17 02:00:00,2968889
72.7,71.2,73.6,62.8,2026-06-17 02:20:00,2968889
72.6,72.8,73.4,63.4,2026-06-17 02:40:00,2968889
72.5,73.4,73.2,63.5,2026-06-17 03:00:00,2968889
72.3,74.1,73.4,63.6,2026-06-17 03:20:00,2968889
72.1,74.8,73.2,63.7,2026-06-17 03:40:00,2968889
72.0,76.0,73.0,64.0,2026-06-17 04:00:00,2968889
71.7,76.8,72.7,64.1,2026-06-17 04:20:00,2968889
71.5,77.5,72.5,64.0,2026-06-17 04:40:00,2968889
71.3,78.0,72.3,64.0,2026-06-17 05:00:00,2968889
71.0,78.7,72.0,64.0,2026-06-17 05:20:00,2968889
70.7,79.6,71.6,64.1,2026-06-17 05:40:00,2968889
70.6,79.9,71.6,64.0,2026-06-17 06:00:00,2968889
70.6,80.1,71.6,64.2,2026-06-17 06:20:00,2968889
71.1,79.8,72.3,64.5,2026-06-17 06:40:00,2968889
72.9,77.6,74.1,65.5,2026-06-17 07:00:00,2968889
75.1,73.3,76.3,65.9,2026-06-17 07:20:00,2968889
76.6,70.6,77.7,66.3,2026-06-17 07:40:00,2968889
76.8,68.6,77.5,65.7,2026-06-17 08:00:00,2968889
78.4,66.1,80.1,66.1,2026-06-17 08:20:00,2968889
80.7,63.1,83.1,67.0,2026-06-17 08:40:00,2968889
80.7,60.0,82.4,65.5,2026-06-17 09:00:00,2968889
82.6,54.7,84.0,64.6,2026-06-17 09:20:00,2968889
85.8,52.2,89.6,66.3,2026-06-17 09:40:00,2968889
85.2,49.5,87.6,64.2,2026-06-17 10:00:00,2968889
85.7,49.2,88.3,64.5,2026-06-17 10:20:00,2968889
86.5,44.6,88.0,62.4,2026-06-17 10:40:00,2968889
88.4,42.9,90.7,63.0,2026-06-17 11:00:00,2968889
87.6,41.2,89.1,61.2,2026-06-17 11:20:00,2968889
87.7,39.3,88.5,60.0,2026-06-17 11:40:00,2968889
90.2,38.1,92.1,61.3,2026-06-17 12:00:00,2968889
91.4,33.6,92.3,58.8,2026-06-17 12:20:00,2968889
92.2,32.4,93.0,58.4,2026-06-17 12:40:00,2968889
91.6,34.3,93.0,59.5,2026-06-17 13:00:00,2968889
91.7,30.9,91.6,56.6,2026-06-17 13:20:00,2968889
91.1,32.0,91.2,57.1,2026-06-17 13:40:00,2968889
93.1,32.7,94.5,59.5,2026-06-17 14:00:00,2968889
92.3,32.8,93.4,58.8,2026-06-17 14:20:00,2968889
93.5,33.7,95.5,60.6,2026-06-17 14:40:00,2968889
91.9,33.2,93.0,58.9,2026-06-17 15:00:00,2968889
95.7,32.6,98.8,61.6,2026-06-17 15:20:00,2968889
93.4,31.5,94.5,58.7,2026-06-17 15:40:00,2968889
94.0,33.5,96.3,60.9,2026-06-17 16:00:00,2968889
96.1,31.4,98.8,60.9,2026-06-17 16:20:00,2968889
94.1,31.4,95.5,59.2,2026-06-17 16:40:00,2968889
92.5,31.5,93.0,57.9,2026-06-17 17:00:00,2968889
92.4,32.2,93.2,58.5,2026-06-17 17:20:00,2968889
93.2,32.0,94.5,58.9,2026-06-17 17:40:00,2968889
95.4,31.7,97.9,60.5,2026-06-17 18:00:00,2968889
92.4,33.0,93.6,59.1,2026-06-17 18:20:00,2968889
91.0,36.3,92.7,60.5,2026-06-17 18:40:00,2968889
90.4,37.9,92.3,61.3,2026-06-17 19:00:00,2968889
89.9,40.5,92.5,62.7,2026-06-17 19:20:00,2968889
89.0,42.1,91.4,63.0,2026-06-17 19:40:00,2968889
88.0,42.8,90.1,62.6,2026-06-17 20:00:00,2968889
87.8,44.1,90.1,63.3,2026-06-17 20:20:00,2968889
86.9,47.8,89.8,64.7,2026-06-17 20:40:00,2968889
86.1,49.9,89.2,65.2,2026-06-17 21:00:00,2968889
85.5,52.0,89.1,65.9,2026-06-17 21:20:00,2968889
84.7,54.4,88.0,66.4,2026-06-17 21:40:00,2968889
84.3,56.7,88.0,67.2,2026-06-17 22:00:00,2968889
83.6,58.6,87.1,67.6,2026-06-17 22:20:00,2968889
83.0,61.0,86.7,68.2,2026-06-17 22:40:00,2968889
82.4,63.0,85.8,68.5,2026-06-17 23:00:00,2968889
81.9,64.6,85.5,68.8,2026-06-17 23:20:00,2968889
81.4,66.1,84.9,69.0,2026-06-17 23:40:00,2968889
81.0,65.9,84.4,68.5,2026-06-18 00:00:00,2968889
80.9,64.7,83.8,67.8,2026-06-18 00:20:00,2968889
80.4,64.3,82.9,67.2,2026-06-18 00:40:00,2968889
80.2,64.0,82.4,67.0,2026-06-18 01:00:00,2968889
79.9,64.3,82.2,66.7,2026-06-18 01:20:00,2968889
79.6,64.9,81.9,66.8,2026-06-18 01:40:00,2968889
79.2,65.8,81.3,66.7,2026-06-18 02:00:00,2968889
78.8,66.8,81.0,66.8,2026-06-18 02:20:00,2968889
78.4,67.6,80.2,66.8,2026-06-18 02:40:00,2968889
78.3,69.1,80.6,67.3,2026-06-18 03:00:00,2968889
78.2,70.6,80.4,67.8,2026-06-18 03:20:00,2968889
77.9,73.2,80.4,68.6,2026-06-18 03:40:00,2968889
77.7,75.7,80.2,69.4,2026-06-18 04:00:00,2968889
77.5,77.5,80.1,69.9,2026-06-18 04:20:00,2968889
77.2,79.0,80.1,70.2,2026-06-18 04:40:00,2968889
76.8,80.1,79.5,70.3,2026-06-18 05:00:00,2968889
76.6,81.0,79.0,70.3,2026-06-18 05:20:00,2968889
76.5,81.6,79.0,70.5,2026-06-18 05:40:00,2968889
76.4,82.4,78.8,70.6,2026-06-18 06:00:00,2968889
76.6,82.7,79.2,70.9,2026-06-18 06:20:00,2968889
76.8,82.3,79.5,71.0,2026-06-18 06:40:00,2968889
77.5,81.0,80.8,71.2,2026-06-18 07:00:00,2968889
78.3,79.9,82.4,71.6,2026-06-18 07:20:00,2968889
79.0,77.8,83.3,71.5,2026-06-18 07:40:00,2968889
80.8,74.5,86.2,72.0,2026-06-18 08:00:00,2968889
81.9,72.3,87.6,72.1,2026-06-18 08:20:00,2968889
83.1,68.8,88.9,71.8,2026-06-18 08:40:00,2968889
83.5,68.2,90.1,71.9,2026-06-18 09:00:00,2968889
84.1,65.0,90.3,71.0,2026-06-18 09:20:00,2968889
84.5,65.0,91.0,71.5,2026-06-18 09:40:00,2968889
87.4,62.5,96.3,73.0,2026-06-18 10:00:00,2968889
86.4,61.7,94.1,71.7,2026-06-18 10:20:00,2968889
90.1,57.9,101.1,73.3,2026-06-18 10:40:00,2968889
89.0,56.4,97.5,71.5,2026-06-18 11:00:00,2968889
90.1,55.6,99.7,72.0,2026-06-18 11:20:00,2968889
91.4,54.6,102.4,72.8,2026-06-18 11:40:00,2968889
92.1,51.5,102.4,71.7,2026-06-18 12:00:00,2968889
91.9,51.0,101.1,71.1,2026-06-18 12:20:00,2968889
94.0,49.4,105.1,72.1,2026-06-18 12:40:00,2968889
94.2,47.3,104.2,71.0,2026-06-18 13:00:00,2968889
96.5,45.9,108.5,72.3,2026-06-18 13:20:00,2968889
96.8,45.7,109.2,72.4,2026-06-18 13:40:00,2968889
95.1,45.5,104.9,70.8,2026-06-18 14:00:00,2968889
94.6,45.9,104.0,70.5,2026-06-18 14:20:00,2968889
96.7,44.1,107.8,71.2,2026-06-18 14:40:00,2968889
96.5,42.5,106.3,69.9,2026-06-18 15:00:00,2968889
98.0,43.9,110.5,72.2,2026-06-18 15:20:00,2968889
96.1,43.5,106.2,70.3,2026-06-18 15:40:00,2968889
89.0,46.9,93.2,66.1,2026-06-18 16:00:00,2968889
82.7,57.9,85.1,66.3,2026-06-18 16:20:00,2968889
80.1,74.3,84.6,71.2,2026-06-18 16:40:00,2968889
80.4,73.4,84.7,71.1,2026-06-18 17:00:00,2968889
84.8,68.1,92.8,73.1,2026-06-18 17:20:00,2968889
86.7,64.5,95.9,73.3,2026-06-18 17:40:00,2968889
88.0,60.8,97.2,72.8,2026-06-18 18:00:00,2968889
88.5,61.7,98.4,73.7,2026-06-18 18:20:00,2968889
89.1,59.0,99.0,72.9,2026-06-18 18:40:00,2968889
88.2,60.2,97.2,72.6,2026-06-18 19:00:00,2968889
87.1,62.8,96.1,72.9,2026-06-18 19:20:00,2968889
86.0,66.7,95.2,73.6,2026-06-18 19:40:00,2968889
85.6,67.2,94.3,73.4,2026-06-18 20:00:00,2968889
84.0,70.9,92.1,73.6,2026-06-18 20:20:00,2968889
83.5,72.1,91.2,73.6,2026-06-18 20:40:00,2968889
83.4,71.4,90.5,73.2,2026-06-18 21:00:00,2968889
83.9,70.9,91.6,73.5,2026-06-18 21:20:00,2968889
83.4,67.4,89.2,71.5,2026-06-18 21:40:00,2968889
84.1,63.8,89.8,70.5,2026-06-18 22:00:00,2968889
82.6,66.5,87.1,70.3,2026-06-18 22:20:00,2968889
79.9,72.8,84.0,70.4,2026-06-18 22:40:00,2968889
78.5,75.2,81.9,70.0,2026-06-18 23:00:00,2968889
78.0,77.7,81.1,70.4,2026-06-18 23:20:00,2968889
76.7,81.2,79.3,70.5,2026-06-18 23:40:00,2968889
76.4,83.3,79.0,70.9,2026-06-19 00:00:00,2968889
77.0,82.8,79.9,71.3,2026-06-19 00:20:00,2968889
77.0,81.7,80.1,71.0,2026-06-19 00:40:00,2968889
76.6,81.0,79.3,70.4,2026-06-19 01:00:00,2968889
76.6,80.7,79.0,70.3,2026-06-19 01:20:00,2968889
76.6,80.1,78.8,70.0,2026-06-19 01:40:00,2968889
76.6,80.4,78.8,70.1,2026-06-19 02:00:00,2968889
76.5,81.1,79.0,70.3,2026-06-19 02:20:00,2968889
76.3,82.2,78.8,70.5,2026-06-19 02:40:00,2968889
76.2,83.2,78.8,70.7,2026-06-19 03:00:00,2968889
75.8,83.8,78.4,70.5,2026-06-19 03:20:00,2968889
75.1,84.6,77.5,70.2,2026-06-19 03:40:00,2968889
73.8,87.4,76.3,69.8,2026-06-19 04:00:00,2968889
72.8,89.8,74.8,69.7,2026-06-19 04:20:00,2968889
72.1,91.2,74.3,69.4,2026-06-19 04:40:00,2968889
71.8,92.2,73.9,69.5,2026-06-19 05:00:00,2968889
71.5,93.0,73.4,69.4,2026-06-19 05:20:00,2968889
71.3,93.7,73.2,69.4,2026-06-19 05:40:00,2968889
71.3,94.3,73.4,69.6,2026-06-19 06:00:00,2968889
71.3,94.7,73.4,69.7,2026-06-19 06:20:00,2968889
71.5,95.0,73.6,70.0,2026-06-19 06:40:00,2968889
71.6,95.1,73.6,70.1,2026-06-19 07:00:00,2968889
71.9,95.3,74.1,70.4,2026-06-19 07:20:00,2968889
72.2,95.4,74.7,70.8,2026-06-19 07:40:00,2968889
71.8,95.5,74.1,70.4,2026-06-19 08:00:00,2968889
72.1,95.8,74.5,70.8,2026-06-19 08:20:00,2968889
72.7,95.8,75.4,71.4,2026-06-19 08:40:00,2968889
72.8,95.6,75.4,71.4,2026-06-19 09:00:00,2968889
73.1,95.3,75.9,71.7,2026-06-19 09:20:00,2968889
73.2,95.3,75.9,71.7,2026-06-19 09:40:00,2968889
74.8,95.2,78.3,73.3,2026-06-19 10:00:00,2968889
75.6,93.2,79.2,73.5,2026-06-19 10:20:00,2968889
79.2,89.9,86.2,76.0,2026-06-19 10:40:00,2968889
78.5,85.5,83.8,73.8,2026-06-19 11:00:00,2968889
79.0,82.7,84.4,73.2,2026-06-19 11:20:00,2968889
80.7,78.9,86.9,73.5,2026-06-19 11:40:00,2968889
81.4,78.1,88.2,73.9,2026-06-19 12:00:00,2968889
80.7,74.7,85.8,71.9,2026-06-19 12:20:00,2968889
82.1,71.5,87.6,72.0,2026-06-19 12:40:00,2968889
82.9,73.2,89.8,73.5,2026-06-19 13:00:00,2968889
85.7,65.3,93.9,72.7,2026-06-19 13:20:00,2968889
87.0,64.3,96.3,73.4,2026-06-19 13:40:00,2968889
88.5,62.6,98.8,74.1,2026-06-19 14:00:00,2968889
88.8,59.0,98.1,72.6,2026-06-19 14:20:00,2968889
88.6,54.0,95.4,69.8,2026-06-19 14:40:00,2968889
86.5,53.4,91.0,67.6,2026-06-19 15:00:00,2968889
89.8,48.7,95.9,68.0,2026-06-19 15:20:00,2968889
90.3,45.1,95.0,66.1,2026-06-19 15:40:00,2968889
90.9,42.5,95.4,64.9,2026-06-19 16:00:00,2968889
90.1,41.5,93.0,63.6,2026-06-19 16:20:00,2968889
90.9,42.1,95.0,64.7,2026-06-19 16:40:00,2968889
91.3,41.8,95.7,64.9,2026-06-19 17:00:00,2968889
90.7,42.3,94.8,64.7,2026-06-19 17:20:00,2968889
90.0,44.1,94.1,65.2,2026-06-19 17:40:00,2968889
89.5,41.3,92.1,62.8,2026-06-19 18:00:00,2968889
88.3,41.2,89.8,61.8,2026-06-19 18:20:00,2968889
87.0,44.3,88.7,62.6,2026-06-19 18:40:00,2968889
85.9,44.9,87.3,62.1,2026-06-19 19:00:00,2968889
85.9,45.2,87.4,62.2,2026-06-19 19:20:00,2968889
85.3,44.0,86.0,60.9,2026-06-19 19:40:00,2968889
84.4,44.6,84.7,60.5,2026-06-19 20:00:00,2968889
83.4,46.0,83.7,60.5,2026-06-19 20:20:00,2968889
82.0,49.2,82.2,61.1,2026-06-19 20:40:00,2968889
81.4,49.2,81.3,60.5,2026-06-19 21:00:00,2968889
79.5,52.7,79.5,60.7,2026-06-19 21:20:00,2968889
77.6,56.7,77.4,61.0,2026-06-19 21:40:00,2968889
77.7,52.6,77.2,59.0,2026-06-19 22:00:00,2968889
78.2,49.1,77.2,57.6,2026-06-19 22:20:00,2968889
77.2,49.2,76.1,56.7,2026-06-19 22:40:00,2968889
76.8,49.9,75.4,56.7,2026-06-19 23:00:00,2968889
75.0,52.3,73.9,56.3,2026-06-19 23:20:00,2968889
74.6,52.9,73.8,56.2,2026-06-19 23:40:00,2968889
72.9,55.8,72.5,56.2,2026-06-20 00:00:00,2968889
73.7,52.5,72.9,55.2,2026-06-20 00:20:00,2968889
73.3,52.6,72.5,54.9,2026-06-20 00:40:00,2968889
72.1,54.9,71.6,55.0,2026-06-20 01:00:00,2968889
70.6,59.4,70.3,55.8,2026-06-20 01:20:00,2968889
69.1,62.0,68.5,55.5,2026-06-20 01:40:00,2968889
68.3,64.6,67.5,55.9,2026-06-20 02:00:00,2968889
67.9,66.5,67.3,56.3,2026-06-20 02:20:00,2968889
66.9,67.7,66.0,55.9,2026-06-20 02:40:00,2968889
66.0,70.4,64.8,56.1,2026-06-20 03:00:00,2968889
66.0,70.2,64.8,56.0,2026-06-20 03:20:00,2968889
64.8,72.6,63.7,55.8,2026-06-20 03:40:00,2968889
64.4,73.8,63.5,55.9,2026-06-20 04:00:00,2968889
64.3,73.9,63.3,55.8,2026-06-20 04:20:00,2968889
64.2,73.2,63.3,55.5,2026-06-20 04:40:00,2968889
63.3,75.2,62.6,55.4,2026-06-20 05:00:00,2968889
62.9,76.2,62.1,55.2,2026-06-20 05:20:00,2968889
62.5,77.5,61.9,55.4,2026-06-20 05:40:00,2968889
62.5,78.9,62.1,55.9,2026-06-20 06:00:00,2968889
63.1,79.3,62.6,56.6,2026-06-20 06:20:00,2968889
64.5,78.0,63.9,57.4,2026-06-20 06:40:00,2968889
66.9,74.2,66.6,58.5,2026-06-20 07:00:00,2968889
69.7,70.9,69.8,59.9,2026-06-20 07:20:00,2968889
75.7,56.1,75.0,58.9,2026-06-20 07:40:00,2968889
78.8,51.6,78.4,59.5,2026-06-20 08:00:00,2968889
82.3,46.9,82.2,60.0,2026-06-20 08:20:00,2968889
83.4,44.8,83.3,59.7,2026-06-20 08:40:00,2968889
82.2,42.7,81.0,57.3,2026-06-20 09:00:00,2968889
83.4,41.8,82.8,57.8,2026-06-20 09:20:00,2968889
83.3,39.6,82.0,56.2,2026-06-20 09:40:00,2968889
84.8,36.4,83.7,55.2,2026-06-20 10:00:00,2968889
84.4,35.0,82.8,53.7,2026-06-20 10:20:00,2968889
85.1,33.9,83.5,53.6,2026-06-20 10:40:00,2968889
87.0,34.0,85.8,55.2,2026-06-20 11:00:00,2968889
84.7,32.5,82.4,51.9,2026-06-20 11:20:00,2968889
86.3,31.7,84.2,52.7,2026-06-20 11:40:00,2968889
88.4,29.9,86.4,53.0,2026-06-20 12:00:00,2968889
88.8,29.2,86.9,52.6,2026-06-20 12:20:00,2968889
88.0,29.8,86.0,52.6,2026-06-20 12:40:00,2968889
86.1,31.4,84.0,52.3,2026-06-20 13:00:00,2968889
89.5,30.0,88.2,54.0,2026-06-20 13:20:00,2968889
89.2,30.6,87.8,54.3,2026-06-20 13:40:00,2968889
89.3,32.4,88.7,55.9,2026-06-20 14:00:00,2968889
89.0,31.6,87.8,55.0,2026-06-20 14:20:00,2968889
90.6,31.5,90.3,56.3,2026-06-20 14:40:00,2968889
89.7,30.1,88.3,54.2,2026-06-20 15:00:00,2968889
89.2,31.4,88.0,55.0,2026-06-20 15:20:00,2968889
87.9,29.7,85.6,52.4,2026-06-20 15:40:00,2968889
91.1,29.5,90.1,54.8,2026-06-20 16:00:00,2968889
88.4,30.0,86.4,53.0,2026-06-20 16:20:00,2968889
91.7,30.3,91.2,56.2,2026-06-20 16:40:00,2968889
91.0,29.6,90.1,54.8,2026-06-20 17:00:00,2968889
90.4,30.9,89.8,55.6,2026-06-20 17:20:00,2968889
90.5,30.7,89.6,55.5,2026-06-20 17:40:00,2968889
90.1,31.2,89.4,55.6,2026-06-20 18:00:00,2968889
89.2,31.2,88.0,54.8,2026-06-20 18:20:00,2968889
88.8,32.3,87.8,55.4,2026-06-20 18:40:00,2968889
87.3,34.9,86.5,56.2,2026-06-20 19:00:00,2968889
86.5,36.5,85.8,56.8,2026-06-20 19:20:00,2968889
85.3,37.2,84.6,56.3,2026-06-20 19:40:00,2968889
84.7,38.6,83.8,56.8,2026-06-20 20:00:00,2968889
83.7,39.6,82.8,56.5,2026-06-20 20:20:00,2968889
82.8,40.7,81.7,56.5,2026-06-20 20:40:00,2968889
81.7,42.8,80.6,56.9,2026-06-20 21:00:00,2968889
80.7,44.6,79.7,57.1,2026-06-20 21:20:00,2968889
80.9,44.8,79.9,57.4,2026-06-20 21:40:00,2968889
80.2,44.8,79.0,56.8,2026-06-20 22:00:00,2968889
80.0,45.3,79.0,56.9,2026-06-20 22:20:00,2968889
79.9,45.2,79.0,56.8,2026-06-20 22:40:00,2968889
79.4,46.4,78.4,57.0,2026-06-20 23:00:00,2968889
78.1,48.0,77.0,56.8,2026-06-20 23:20:00,2968889
77.7,47.9,76.3,56.4,2026-06-20 23:40:00,2968889
76.7,49.9,75.4,56.6,2026-06-21 00:00:00,2968889
77.0,49.8,75.6,56.8,2026-06-21 00:20:00,2968889
76.6,51.2,75.6,57.3,2026-06-21 00:40:00,2968889
76.6,51.3,75.4,57.3,2026-06-21 01:00:00,2968889
75.7,53.1,74.7,57.4,2026-06-21 01:20:00,2968889
75.3,54.2,74.5,57.6,2026-06-21 01:40:00,2968889
75.1,55.8,74.5,58.3,2026-06-21 02:00:00,2968889
74.7,56.4,74.1,58.2,2026-06-21 02:20:00,2968889
73.9,58.6,73.6,58.5,2026-06-21 02:40:00,2968889
73.1,61.2,73.0,58.9,2026-06-21 03:00:00,2968889
72.4,62.9,72.5,59.1,2026-06-21 03:20:00,2968889
72.1,64.9,72.5,59.7,2026-06-21 03:40:00,2968889
72.4,65.6,72.7,60.2,2026-06-21 04:00:00,2968889
72.9,64.4,73.2,60.2,2026-06-21 04:20:00,2968889
72.1,66.6,72.5,60.4,2026-06-21 04:40:00,2968889
70.8,69.0,71.4,60.2,2026-06-21 05:00:00,2968889
70.0,70.7,70.3,60.0,2026-06-21 05:20:00,2968889
69.4,73.2,69.6,60.4,2026-06-21 05:40:00,2968889
68.6,75.0,68.7,60.4,2026-06-21 06:00:00,2968889
68.8,75.7,69.1,60.8,2026-06-21 06:20:00,2968889
69.4,76.1,69.8,61.5,2026-06-21 06:40:00,2968889
72.3,73.1,73.0,63.2,2026-06-21 07:00:00,2968889
75.5,66.7,75.9,63.7,2026-06-21 07:20:00,2968889
77.7,63.6,78.4,64.4,2026-06-21 07:40:00,2968889
78.3,63.2,79.5,64.8,2026-06-21 08:00:00,2968889
82.5,58.5,84.9,66.4,2026-06-21 08:20:00,2968889
86.2,52.5,90.3,66.8,2026-06-21 08:40:00,2968889
87.3,49.3,91.2,66.0,2026-06-21 09:00:00,2968889
87.0,49.1,90.3,65.6,2026-06-21 09:20:00,2968889
89.1,45.4,92.8,65.2,2026-06-21 09:40:00,2968889
89.3,43.2,92.5,64.0,2026-06-21 10:00:00,2968889
90.3,42.6,93.9,64.5,2026-06-21 10:20:00,2968889
89.8,39.8,92.1,62.2,2026-06-21 10:40:00,2968889
91.4,37.1,93.9,61.5,2026-06-21 11:00:00,2968889
92.1,37.6,95.2,62.5,2026-06-21 11:20:00,2968889
92.3,33.9,93.9,59.8,2026-06-21 11:40:00,2968889
93.7,34.2,96.1,61.2,2026-06-21 12:00:00,2968889
92.7,33.6,94.3,59.9,2026-06-21 12:20:00,2968889
94.5,32.4,96.6,60.4,2026-06-21 12:40:00,2968889
93.6,33.5,95.7,60.6,2026-06-21 13:00:00,2968889
93.8,34.6,96.6,61.8,2026-06-21 13:20:00,2968889
95.9,31.7,98.8,61.0,2026-06-21 13:40:00,2968889
95.4,35.6,100.0,63.8,2026-06-21 14:00:00,2968889
97.4,34.4,103.1,64.7,2026-06-21 14:20:00,2968889
95.9,34.3,100.4,63.3,2026-06-21 14:40:00,2968889
96.1,33.7,100.0,62.9,2026-06-21 15:00:00,2968889
94.0,34.5,96.8,61.8,2026-06-21 15:20:00,2968889
96.6,33.0,100.4,62.7,2026-06-21 15:40:00,2968889
96.0,32.6,99.3,61.9,2026-06-21 16:00:00,2968889
93.8,33.9,96.3,61.1,2026-06-21 16:20:00,2968889
93.7,34.8,96.4,61.7,2026-06-21 16:40:00,2968889
96.2,34.7,100.9,63.9,2026-06-21 17:00:00,2968889
96.4,32.7,100.0,62.3,2026-06-21 17:20:00,2968889
91.6,37.0,94.1,61.6,2026-06-21 17:40:00,2968889
94.8,36.1,99.3,63.7,2026-06-21 18:00:00,2968889
93.8,36.8,97.7,63.4,2026-06-21 18:20:00,2968889
91.2,39.3,94.5,63.1,2026-06-21 18:40:00,2968889
91.7,38.4,94.8,62.8,2026-06-21 19:00:00,2968889
90.6,40.3,93.6,63.2,2026-06-21 19:20:00,2968889
89.8,41.9,93.0,63.6,2026-06-21 19:40:00,2968889
89.0,43.9,92.1,64.2,2026-06-21 20:00:00,2968889
88.3,45.0,90.9,64.2,2026-06-21 20:20:00,2968889
87.5,45.3,90.0,63.7,2026-06-21 20:40:00,2968889
86.8,45.8,88.9,63.4,2026-06-21 21:00:00,2968889
86.0,46.7,88.2,63.2,2026-06-21 21:20:00,2968889
85.5,47.6,87.6,63.3,2026-06-21 21:40:00,2968889
84.6,49.2,86.5,63.4,2026-06-21 22:00:00,2968889
83.9,50.0,85.5,63.3,2026-06-21 22:20:00,2968889
83.3,50.8,84.7,63.2,2026-06-21 22:40:00,2968889
83.2,50.7,84.4,63.0,2026-06-21 23:00:00,2968889
82.6,53.6,84.2,64.1,2026-06-21 23:20:00,2968889
81.6,57.6,83.5,65.2,2026-06-21 23:40:00,2968889
80.9,60.8,82.9,66.1,2026-06-22 00:00:00,2968889
80.2,63.5,82.4,66.7,2026-06-22 00:20:00,2968889
79.8,65.4,82.2,67.2,2026-06-22 00:40:00,2968889
79.4,66.7,81.9,67.3,2026-06-22 01:00:00,2968889
78.8,69.1,81.5,67.8,2026-06-22 01:20:00,2968889
98.6,36.5,106.7,67.4,2026-06-14 14:40:00,2968901
97.7,35.9,104.5,66.1,2026-06-14 15:00:00,2968901
99.3,35.5,107.4,67.3,2026-06-14 15:20:00,2968901
100.5,36.2,110.1,68.9,2026-06-14 15:40:00,2968901
100.0,36.7,109.4,68.7,2026-06-14 16:00:00,2968901
100.3,35.7,109.4,68.2,2026-06-14 16:20:00,2968901
98.3,36.3,105.8,67.0,2026-06-14 16:40:00,2968901
98.8,36.4,107.1,67.5,2026-06-14 17:00:00,2968901
98.3,33.9,104.4,65.1,2026-06-14 17:20:00,2968901
97.8,32.5,102.4,63.4,2026-06-14 17:40:00,2968901
98.3,32.8,103.5,64.1,2026-06-14 18:00:00,2968901
97.4,33.5,102.4,63.9,2026-06-14 18:20:00,2968901
96.0,37.0,101.8,65.6,2026-06-14 18:40:00,2968901
90.8,46.0,96.4,67.2,2026-06-14 19:00:00,2968901
80.3,68.1,83.7,68.8,2026-06-14 19:20:00,2968901
78.4,85.5,83.3,73.7,2026-06-14 19:40:00,2968901
78.9,87.4,84.9,74.9,2026-06-14 20:00:00,2968901
79.7,84.6,86.2,74.7,2026-06-14 20:20:00,2968901
79.5,82.5,85.1,73.7,2026-06-14 20:40:00,2968901
80.3,77.1,85.6,72.5,2026-06-14 21:00:00,2968901
80.7,74.7,85.8,71.9,2026-06-14 21:20:00,2968901
81.1,74.2,86.4,72.1,2026-06-14 21:40:00,2968901
80.8,74.6,86.2,72.0,2026-06-14 22:00:00,2968901
81.1,74.3,86.4,72.1,2026-06-14 22:20:00,2968901
81.0,73.7,86.4,71.8,2026-06-14 22:40:00,2968901
80.7,74.2,85.6,71.7,2026-06-14 23:00:00,2968901
80.3,74.7,85.1,71.5,2026-06-14 23:20:00,2968901
80.1,75.0,84.7,71.5,2026-06-14 23:40:00,2968901
79.7,75.4,84.2,71.2,2026-06-15 00:00:00,2968901
79.6,76.0,84.0,71.4,2026-06-15 00:20:00,2968901
79.5,76.4,83.8,71.4,2026-06-15 00:40:00,2968901
79.4,76.7,83.8,71.4,2026-06-15 01:00:00,2968901
79.4,76.9,84.0,71.5,2026-06-15 01:20:00,2968901
79.4,77.2,84.0,71.6,2026-06-15 01:40:00,2968901
79.4,77.5,84.0,71.7,2026-06-15 02:00:00,2968901
79.3,77.7,83.7,71.7,2026-06-15 02:20:00,2968901
79.2,77.8,83.8,71.6,2026-06-15 02:40:00,2968901
79.0,78.4,83.5,71.7,2026-06-15 03:00:00,2968901
78.8,78.9,83.3,71.7,2026-06-15 03:20:00,2968901
78.4,79.4,82.4,71.5,2026-06-15 03:40:00,2968901
78.0,80.5,81.7,71.5,2026-06-15 04:00:00,2968901
77.2,81.6,80.1,71.1,2026-06-15 04:20:00,2968901
76.8,82.4,79.9,71.1,2026-06-15 04:40:00,2968901
76.8,81.8,79.3,70.8,2026-06-15 05:00:00,2968901
76.5,81.8,79.0,70.5,2026-06-15 05:20:00,2968901
76.4,81.0,78.6,70.2,2026-06-15 05:40:00,2968901
76.2,80.1,78.3,69.6,2026-06-15 06:00:00,2968901
76.0,78.1,77.9,68.6,2026-06-15 06:20:00,2968901
76.5,73.1,77.9,67.2,2026-06-15 06:40:00,2968901
77.4,69.0,78.8,66.4,2026-06-15 07:00:00,2968901
77.4,65.2,78.4,64.8,2026-06-15 07:20:00,2968901
77.2,64.4,77.9,64.3,2026-06-15 07:40:00,2968901
77.7,63.0,78.3,64.1,2026-06-15 08:00:00,2968901
81.4,53.8,82.4,63.1,2026-06-15 08:20:00,2968901
78.4,55.9,78.4,61.4,2026-06-15 08:40:00,2968901
79.8,55.0,80.2,62.2,2026-06-15 09:00:00,2968901
79.1,51.5,78.6,59.6,2026-06-15 09:20:00,2968901
79.6,49.5,79.2,59.0,2026-06-15 09:40:00,2968901
80.9,44.5,79.9,57.3,2026-06-15 10:00:00,2968901
84.5,39.7,83.8,57.3,2026-06-15 10:20:00,2968901
83.8,41.0,83.1,57.6,2026-06-15 10:40:00,2968901
85.9,39.5,85.8,58.4,2026-06-15 11:00:00,2968901
85.9,36.9,85.1,56.5,2026-06-15 11:20:00,2968901
84.9,35.2,83.3,54.4,2026-06-15 11:40:00,2968901
84.4,33.2,82.4,52.3,2026-06-15 12:00:00,2968901
86.9,34.8,86.0,55.8,2026-06-15 12:20:00,2968901
84.0,35.3,82.2,53.7,2026-06-15 12:40:00,2968901
85.2,34.8,83.7,54.3,2026-06-15 13:00:00,2968901
89.0,30.8,87.6,54.3,2026-06-15 13:20:00,2968901
88.4,32.4,87.4,55.1,2026-06-15 13:40:00,2968901
88.9,31.1,87.6,54.4,2026-06-15 14:00:00,2968901
88.8,29.7,86.9,53.1,2026-06-15 14:20:00,2968901
89.7,30.1,88.3,54.2,2026-06-15 14:40:00,2968901
90.8,29.5,89.8,54.6,2026-06-15 15:00:00,2968901
89.3,29.3,87.6,53.2,2026-06-15 15:20:00,2968901
90.4,30.4,89.4,55.1,2026-06-15 15:40:00,2968901
89.1,31.6,88.2,55.1,2026-06-15 16:00:00,2968901
91.1,30.1,90.5,55.4,2026-06-15 16:20:00,2968901
88.3,30.7,86.5,53.6,2026-06-15 16:40:00,2968901
89.8,29.4,88.2,53.7,2026-06-15 17:00:00,2968901
90.6,29.3,89.4,54.2,2026-06-15 17:20:00,2968901
91.5,29.2,90.7,55.0,2026-06-15 17:40:00,2968901
89.3,30.2,88.0,54.0,2026-06-15 18:00:00,2968901
89.3,30.6,88.2,54.4,2026-06-15 18:20:00,2968901
86.4,32.5,84.7,53.5,2026-06-15 18:40:00,2968901
86.2,33.7,84.7,54.3,2026-06-15 19:00:00,2968901
86.0,34.3,84.7,54.6,2026-06-15 19:20:00,2968901
85.3,34.7,83.8,54.4,2026-06-15 19:40:00,2968901
84.7,35.4,83.1,54.4,2026-06-15 20:00:00,2968901
83.8,36.0,82.0,54.1,2026-06-15 20:20:00,2968901
82.4,37.8,80.4,54.1,2026-06-15 20:40:00,2968901
81.2,38.8,79.3,53.8,2026-06-15 21:00:00,2968901
79.7,40.1,77.9,53.3,2026-06-15 21:20:00,2968901
78.5,41.6,76.6,53.3,2026-06-15 21:40:00,2968901
77.5,43.9,75.6,53.8,2026-06-15 22:00:00,2968901
76.4,45.6,74.7,53.9,2026-06-15 22:20:00,2968901
75.3,47.6,73.8,54.1,2026-06-15 22:40:00,2968901
74.4,48.6,73.2,53.8,2026-06-15 23:00:00,2968901
73.9,49.4,72.7,53.7,2026-06-15 23:20:00,2968901
73.1,50.2,72.1,53.5,2026-06-15 23:40:00,2968901
72.6,51.8,71.8,53.8,2026-06-16 00:00:00,2968901
71.8,53.8,71.2,54.2,2026-06-16 00:20:00,2968901
71.2,54.7,70.5,54.1,2026-06-16 00:40:00,2968901
71.1,56.0,70.7,54.6,2026-06-16 01:00:00,2968901
71.3,54.0,70.7,53.8,2026-06-16 01:20:00,2968901
71.4,53.1,70.7,53.4,2026-06-16 01:40:00,2968901
71.1,52.8,70.5,53.0,2026-06-16 02:00:00,2968901
70.7,53.3,70.0,52.9,2026-06-16 02:20:00,2968901
70.4,53.1,69.8,52.5,2026-06-16 02:40:00,2968901
70.1,54.1,69.3,52.8,2026-06-16 03:00:00,2968901
69.9,53.6,68.9,52.3,2026-06-16 03:20:00,2968901
69.9,53.3,68.9,52.1,2026-06-16 03:40:00,2968901
69.6,53.3,68.4,51.9,2026-06-16 04:00:00,2968901
68.9,54.4,67.6,51.8,2026-06-16 04:20:00,2968901
68.3,55.4,66.7,51.7,2026-06-16 04:40:00,2968901
68.4,55.5,67.1,51.8,2026-06-16 05:00:00,2968901
68.3,55.9,66.7,51.9,2026-06-16 05:20:00,2968901
68.5,55.5,67.1,51.9,2026-06-16 05:40:00,2968901
68.5,55.5,67.1,51.9,2026-06-16 06:00:00,2968901
68.3,56.6,66.9,52.3,2026-06-16 06:20:00,2968901
68.6,56.8,67.5,52.7,2026-06-16 06:40:00,2968901
68.9,57.4,67.8,53.3,2026-06-16 07:00:00,2968901
69.1,57.8,68.4,53.6,2026-06-16 07:20:00,2968901
69.7,58.1,69.1,54.3,2026-06-16 07:40:00,2968901
70.5,58.2,70.2,55.1,2026-06-16 08:00:00,2968901
71.1,57.0,70.7,55.1,2026-06-16 08:20:00,2968901
71.6,56.4,71.1,55.3,2026-06-16 08:40:00,2968901
74.5,53.7,73.8,56.6,2026-06-16 09:00:00,2968901
73.9,51.8,72.9,55.1,2026-06-16 09:20:00,2968901
75.1,51.3,73.9,55.9,2026-06-16 09:40:00,2968901
76.1,48.7,74.8,55.4,2026-06-16 10:00:00,2968901
74.9,49.6,73.6,54.8,2026-06-16 10:20:00,2968901
79.3,47.7,78.4,57.7,2026-06-16 10:40:00,2968901
79.3,44.2,77.9,55.7,2026-06-16 11:00:00,2968901
80.8,43.7,79.7,56.7,2026-06-16 11:20:00,2968901
80.5,44.3,79.3,56.8,2026-06-16 11:40:00,2968901
80.1,41.9,78.6,54.8,2026-06-16 12:00:00,2968901
81.9,41.3,80.6,56.1,2026-06-16 12:20:00,2968901
81.5,41.2,80.2,55.7,2026-06-16 12:40:00,2968901
81.8,41.4,80.4,56.1,2026-06-16 13:00:00,2968901
81.6,40.4,80.1,55.2,2026-06-16 13:20:00,2968901
83.0,38.2,81.5,54.9,2026-06-16 13:40:00,2968901
84.0,38.5,83.1,56.0,2026-06-16 14:00:00,2968901
84.5,38.0,83.5,56.1,2026-06-16 14:20:00,2968901
86.7,37.4,86.5,57.7,2026-06-16 14:40:00,2968901
86.4,36.0,85.6,56.2,2026-06-16 15:00:00,2968901
86.0,38.6,85.6,57.9,2026-06-16 15:20:00,2968901
87.1,37.6,87.1,58.1,2026-06-16 15:40:00,2968901
86.2,39.3,86.4,58.6,2026-06-16 16:00:00,2968901
85.5,38.3,85.1,57.2,2026-06-16 16:20:00,2968901
86.0,39.9,85.8,58.7,2026-06-16 16:40:00,2968901
84.8,41.1,84.7,58.6,2026-06-16 17:00:00,2968901
84.0,42.9,83.7,59.1,2026-06-16 17:20:00,2968901
84.3,44.9,84.7,60.5,2026-06-16 17:40:00,2968901
83.3,45.7,83.1,60.2,2026-06-16 18:00:00,2968901
82.8,47.4,82.9,60.7,2026-06-16 18:20:00,2968901
82.4,47.1,82.2,60.2,2026-06-16 18:40:00,2968901
81.8,47.9,81.7,60.2,2026-06-16 19:00:00,2968901
81.8,47.3,81.5,59.7,2026-06-16 19:20:00,2968901
81.3,47.7,81.0,59.6,2026-06-16 19:40:00,2968901
80.8,48.6,80.6,59.6,2026-06-16 20:00:00,2968901
80.5,49.4,80.2,59.8,2026-06-16 20:20:00,2968901
79.5,49.6,79.0,59.0,2026-06-16 20:40:00,2968901
78.8,51.1,78.4,59.2,2026-06-16 21:00:00,2968901
78.4,51.7,77.9,59.1,2026-06-16 21:20:00,2968901
77.7,52.7,77.0,59.1,2026-06-16 21:40:00,2968901
77.3,54.0,76.6,59.3,2026-06-16 22:00:00,2968901
76.9,55.2,76.3,59.6,2026-06-16 22:20:00,2968901
76.4,56.7,75.9,59.9,2026-06-16 22:40:00,2968901
75.8,57.8,75.4,59.9,2026-06-16 23:00:00,2968901
75.5,59.0,75.2,60.1,2026-06-16 23:20:00,2968901
75.1,59.7,74.8,60.2,2026-06-16 23:40:00,2968901
74.7,60.9,74.7,60.3,2026-06-17 00:00:00,2968901
74.4,62.5,74.5,60.7,2026-06-17 00:20:00,2968901
73.9,64.0,74.1,61.0,2026-06-17 00:40:00,2968901
73.5,65.8,73.8,61.4,2026-06-17 01:00:00,2968901
73.1,67.6,73.6,61.8,2026-06-17 01:20:00,2968901
72.8,69.0,73.2,62.0,2026-06-17 01:40:00,2968901
72.3,70.6,72.9,62.2,2026-06-17 02:00:00,2968901
72.0,72.1,72.9,62.5,2026-06-17 02:20:00,2968901
71.8,73.4,72.7,62.9,2026-06-17 02:40:00,2968901
71.7,74.7,72.5,63.2,2026-06-17 03:00:00,2968901
71.5,75.5,72.5,63.4,2026-06-17 03:20:00,2968901
71.3,76.4,72.3,63.5,2026-06-17 03:40:00,2968901
71.1,77.8,72.1,63.8,2026-06-17 04:00:00,2968901
71.0,78.6,72.0,64.0,2026-06-17 04:20:00,2968901
70.8,79.2,72.0,64.0,2026-06-17 04:40:00,2968901
70.6,79.8,71.6,64.0,2026-06-17 05:00:00,2968901
70.3,80.5,71.2,64.0,2026-06-17 05:20:00,2968901
70.1,81.2,71.1,64.1,2026-06-17 05:40:00,2968901
69.8,81.8,70.5,64.0,2026-06-17 06:00:00,2968901
69.6,82.3,70.5,64.0,2026-06-17 06:20:00,2968901
70.0,82.3,71.1,64.3,2026-06-17 06:40:00,2968901
73.0,78.6,74.3,65.9,2026-06-17 07:00:00,2968901
75.0,72.6,76.1,65.6,2026-06-17 07:20:00,2968901
76.3,69.2,77.2,65.4,2026-06-17 07:40:00,2968901
79.0,66.7,81.3,67.0,2026-06-17 08:00:00,2968901
79.8,63.8,81.9,66.5,2026-06-17 08:20:00,2968901
81.4,59.4,83.5,65.9,2026-06-17 08:40:00,2968901
80.8,58.6,82.6,64.9,2026-06-17 09:00:00,2968901
80.5,54.5,81.1,62.7,2026-06-17 09:20:00,2968901
84.8,51.8,87.6,65.1,2026-06-17 09:40:00,2968901
86.2,49.2,89.2,64.9,2026-06-17 10:00:00,2968901
87.5,46.3,90.3,64.3,2026-06-17 10:20:00,2968901
87.9,43.5,90.0,62.9,2026-06-17 10:40:00,2968901
88.6,41.1,90.5,62.0,2026-06-17 11:00:00,2968901
89.2,38.8,90.7,60.9,2026-06-17 11:20:00,2968901
90.6,37.8,92.7,61.4,2026-06-17 11:40:00,2968901
88.6,38.4,89.6,60.0,2026-06-17 12:00:00,2968901
89.6,35.2,90.1,58.5,2026-06-17 12:20:00,2968901
91.5,31.9,91.8,57.4,2026-06-17 12:40:00,2968901
90.9,32.5,91.2,57.4,2026-06-17 13:00:00,2968901
91.8,31.3,91.9,57.1,2026-06-17 13:20:00,2968901
90.3,32.3,90.0,56.7,2026-06-17 13:40:00,2968901
91.6,31.9,92.1,57.5,2026-06-17 14:00:00,2968901
92.5,33.3,93.7,59.5,2026-06-17 14:20:00,2968901
91.4,34.1,92.7,59.2,2026-06-17 14:40:00,2968901
90.9,33.8,91.8,58.5,2026-06-17 15:00:00,2968901
94.3,32.3,96.4,60.2,2026-06-17 15:20:00,2968901
95.6,31.9,98.2,60.9,2026-06-17 15:40:00,2968901
93.9,31.3,95.2,59.0,2026-06-17 16:00:00,2968901
94.1,32.3,96.1,60.0,2026-06-17 16:20:00,2968901
91.2,33.3,92.1,58.4,2026-06-17 16:40:00,2968901
93.4,32.5,94.8,59.6,2026-06-17 17:00:00,2968901
92.8,31.7,93.6,58.4,2026-06-17 17:20:00,2968901
93.3,31.3,94.1,58.4,2026-06-17 17:40:00,2968901
94.1,31.2,95.5,59.1,2026-06-17 18:00:00,2968901
93.4,32.4,94.6,59.5,2026-06-17 18:20:00,2968901
90.7,36.0,92.3,60.1,2026-06-17 18:40:00,2968901
89.6,39.1,91.6,61.5,2026-06-17 19:00:00,2968901
89.1,41.0,91.4,62.3,2026-06-17 19:20:00,2968901
88.5,41.7,90.3,62.3,2026-06-17 19:40:00,2968901
87.7,43.5,89.6,62.8,2026-06-17 20:00:00,2968901
87.0,44.6,88.9,62.9,2026-06-17 20:20:00,2968901
86.1,47.6,88.5,63.8,2026-06-17 20:40:00,2968901
85.4,50.2,88.2,64.7,2026-06-17 21:00:00,2968901
84.5,52.6,87.3,65.3,2026-06-17 21:20:00,2968901
83.7,55.6,86.7,66.1,2026-06-17 21:40:00,2968901
83.2,58.2,86.2,67.0,2026-06-17 22:00:00,2968901
82.9,60.6,86.2,67.8,2026-06-17 22:20:00,2968901
82.3,63.0,85.8,68.4,2026-06-17 22:40:00,2968901
81.7,64.7,85.3,68.6,2026-06-17 23:00:00,2968901
81.2,66.4,84.9,68.9,2026-06-17 23:20:00,2968901
80.8,66.4,84.2,68.6,2026-06-17 23:40:00,2968901
80.6,65.9,83.5,68.1,2026-06-18 00:00:00,2968901
80.4,64.9,83.1,67.5,2026-06-18 00:20:00,2968901
80.4,63.8,82.8,67.0,2026-06-18 00:40:00,2968901
80.2,63.6,82.4,66.7,2026-06-18 01:00:00,2968901
79.8,63.9,81.9,66.5,2026-06-18 01:20:00,2968901
79.2,65.1,81.3,66.5,2026-06-18 01:40:00,2968901
78.8,66.4,81.0,66.6,2026-06-18 02:00:00,2968901
78.5,67.5,80.4,66.8,2026-06-18 02:20:00,2968901
78.2,68.4,80.1,66.9,2026-06-18 02:40:00,2968901
77.9,69.7,79.7,67.2,2026-06-18 03:00:00,2968901
77.9,71.6,79.9,68.0,2026-06-18 03:20:00,2968901
77.7,74.5,80.4,69.0,2026-06-18 03:40:00,2968901
77.5,76.6,80.1,69.5,2026-06-18 04:00:00,2968901
77.2,78.4,79.9,70.0,2026-06-18 04:20:00,2968901
76.8,80.1,79.2,70.2,2026-06-18 04:40:00,2968901
76.5,81.1,79.0,70.3,2026-06-18 05:00:00,2968901
76.1,82.3,78.6,70.3,2026-06-18 05:20:00,2968901
75.8,83.1,78.3,70.3,2026-06-18 05:40:00,2968901
75.7,84.0,78.1,70.5,2026-06-18 06:00:00,2968901
75.8,84.3,78.4,70.7,2026-06-18 06:20:00,2968901
76.1,84.1,78.6,70.9,2026-06-18 06:40:00,2968901
77.2,82.6,80.2,71.5,2026-06-18 07:00:00,2968901
77.3,81.3,80.4,71.2,2026-06-18 07:20:00,2968901
79.0,77.7,83.3,71.4,2026-06-18 07:40:00,2968901
79.8,75.3,84.2,71.3,2026-06-18 08:00:00,2968901
82.0,73.2,88.2,72.6,2026-06-18 08:20:00,2968901
83.1,67.6,89.1,71.3,2026-06-18 08:40:00,2968901
83.6,68.9,90.1,72.3,2026-06-18 09:00:00,2968901
83.9,66.1,90.1,71.4,2026-06-18 09:20:00,2968901
85.6,63.1,92.7,71.6,2026-06-18 09:40:00,2968901
86.6,61.4,94.3,71.8,2026-06-18 10:00:00,2968901
86.7,61.3,94.6,71.8,2026-06-18 10:20:00,2968901
87.7,59.1,95.5,71.7,2026-06-18 10:40:00,2968901
90.1,55.8,99.7,72.2,2026-06-18 11:00:00,2968901
90.5,54.7,100.4,72.0,2026-06-18 11:20:00,2968901
91.9,52.0,102.2,71.8,2026-06-18 11:40:00,2968901
92.0,51.0,101.8,71.3,2026-06-18 12:00:00,2968901
93.2,49.5,103.1,71.5,2026-06-18 12:20:00,2968901
92.8,49.0,102.2,70.8,2026-06-18 12:40:00,2968901
94.9,46.0,104.9,70.9,2026-06-18 13:00:00,2968901
96.6,45.8,109.0,72.3,2026-06-18 13:20:00,2968901
95.0,45.9,105.3,71.0,2026-06-18 13:40:00,2968901
94.9,45.5,104.5,70.5,2026-06-18 14:00:00,2968901
95.9,45.7,107.2,71.6,2026-06-18 14:20:00,2968901
95.0,44.8,104.5,70.2,2026-06-18 14:40:00,2968901
95.3,45.1,105.3,70.6,2026-06-18 15:00:00,2968901
96.2,44.2,106.5,70.8,2026-06-18 15:20:00,2968901
96.9,44.1,108.1,71.4,2026-06-18 15:40:00,2968901
87.0,49.9,90.7,66.1,2026-06-18 16:00:00,2968901
82.3,60.8,85.3,67.4,2026-06-18 16:20:00,2968901
81.6,69.2,86.2,70.6,2026-06-18 16:40:00,2968901
82.7,68.4,88.0,71.2,2026-06-18 17:00:00,2968901
85.3,64.0,92.7,71.8,2026-06-18 17:20:00,2968901
87.2,60.8,95.0,72.0,2026-06-18 17:40:00,2968901
88.3,56.6,95.7,71.0,2026-06-18 18:00:00,2968901
89.6,53.8,97.5,70.6,2026-06-18 18:20:00,2968901
88.8,55.6,96.6,70.8,2026-06-18 18:40:00,2968901
87.4,57.3,94.1,70.4,2026-06-18 19:00:00,2968901
87.7,60.1,95.9,72.2,2026-06-18 19:20:00,2968901
87.2,60.6,95.0,71.9,2026-06-18 19:40:00,2968901
85.7,65.0,93.9,72.6,2026-06-18 20:00:00,2968901
84.9,66.7,92.8,72.6,2026-06-18 20:20:00,2968901
84.2,68.5,91.8,72.7,2026-06-18 20:40:00,2968901
83.7,69.4,90.9,72.6,2026-06-18 21:00:00,2968901
83.8,69.2,90.9,72.6,2026-06-18 21:20:00,2968901
83.9,68.2,90.9,72.2,2026-06-18 21:40:00,2968901
81.7,70.7,86.7,71.3,2026-06-18 22:00:00,2968901
80.2,75.3,84.9,71.7,2026-06-18 22:20:00,2968901
78.7,78.5,82.8,71.4,2026-06-18 22:40:00,2968901
77.9,78.4,81.0,70.6,2026-06-18 23:00:00,2968901
77.0,80.5,80.1,70.5,2026-06-18 23:20:00,2968901
76.2,83.3,78.8,70.7,2026-06-18 23:40:00,2968901
75.8,84.9,78.4,70.9,2026-06-19 00:00:00,2968901
76.1,85.0,78.8,71.2,2026-06-19 00:20:00,2968901
76.4,84.1,79.0,71.2,2026-06-19 00:40:00,2968901
76.3,82.9,78.8,70.7,2026-06-19 01:00:00,2968901
76.1,81.9,78.6,70.2,2026-06-19 01:20:00,2968901
76.1,81.4,78.4,70.0,2026-06-19 01:40:00,2968901
76.0,81.6,78.3,69.9,2026-06-19 02:00:00,2968901
75.8,82.0,78.3,69.9,2026-06-19 02:20:00,2968901
76.0,82.7,78.4,70.3,2026-06-19 02:40:00,2968901
75.9,83.2,78.3,70.4,2026-06-19 03:00:00,2968901
75.5,84.3,77.9,70.4,2026-06-19 03:20:00,2968901
74.9,85.3,77.4,70.2,2026-06-19 03:40:00,2968901
73.7,87.9,76.1,69.9,2026-06-19 04:00:00,2968901
72.6,90.1,74.8,69.5,2026-06-19 04:20:00,2968901
72.0,92.2,74.1,69.6,2026-06-19 04:40:00,2968901
71.6,92.9,73.8,69.5,2026-06-19 05:00:00,2968901
71.2,93.5,72.9,69.2,2026-06-19 05:20:00,2968901
71.0,94.1,72.9,69.2,2026-06-19 05:40:00,2968901
70.9,94.8,72.9,69.3,2026-06-19 06:00:00,2968901
70.8,95.3,72.7,69.4,2026-06-19 06:20:00,2968901
71.1,95.7,73.0,69.7,2026-06-19 06:40:00,2968901
71.3,95.9,73.4,70.0,2026-06-19 07:00:00,2968901
71.4,96.0,73.4,70.2,2026-06-19 07:20:00,2968901
71.5,96.2,73.6,70.4,2026-06-19 07:40:00,2968901
71.4,96.2,73.4,70.3,2026-06-19 08:00:00,2968901
71.5,96.4,73.6,70.4,2026-06-19 08:20:00,2968901
71.9,96.6,74.1,70.9,2026-06-19 08:40:00,2968901
72.6,96.5,75.2,71.5,2026-06-19 09:00:00,2968901
72.7,96.1,75.4,71.5,2026-06-19 09:20:00,2968901
73.2,96.3,76.3,72.1,2026-06-19 09:40:00,2968901
74.7,96.3,78.3,73.6,2026-06-19 10:00:00,2968901
74.9,94.6,78.4,73.2,2026-06-19 10:20:00,2968901
77.7,90.8,82.8,74.8,2026-06-19 10:40:00,2968901
77.6,88.8,82.4,74.0,2026-06-19 11:00:00,2968901
78.9,85.3,84.6,74.2,2026-06-19 11:20:00,2968901
80.3,79.3,86.4,73.3,2026-06-19 11:40:00,2968901
81.7,78.6,88.9,74.4,2026-06-19 12:00:00,2968901
82.1,76.6,89.1,74.0,2026-06-19 12:20:00,2968901
83.7,73.5,92.1,74.3,2026-06-19 12:40:00,2968901
83.7,71.0,91.4,73.3,2026-06-19 13:00:00,2968901
84.8,64.9,91.9,71.7,2026-06-19 13:20:00,2968901
86.3,62.7,94.1,72.1,2026-06-19 13:40:00,2968901
86.1,60.4,92.8,70.8,2026-06-19 14:00:00,2968901
87.9,59.1,95.9,71.8,2026-06-19 14:20:00,2968901
90.1,52.5,98.1,70.3,2026-06-19 14:40:00,2968901
89.2,51.1,95.5,68.8,2026-06-19 15:00:00,2968901
90.4,47.5,96.4,67.7,2026-06-19 15:20:00,2968901
90.7,46.1,96.4,67.1,2026-06-19 15:40:00,2968901
89.9,43.3,93.6,64.6,2026-06-19 16:00:00,2968901
90.0,41.7,93.2,63.6,2026-06-19 16:20:00,2968901
89.7,42.3,92.8,63.7,2026-06-19 16:40:00,2968901
87.3,43.3,89.1,62.3,2026-06-19 17:00:00,2968901
88.9,43.2,91.8,63.6,2026-06-19 17:20:00,2968901
89.3,43.4,92.7,64.2,2026-06-19 17:40:00,2968901
88.3,42.7,90.1,62.7,2026-06-19 18:00:00,2968901
89.0,42.4,91.6,63.2,2026-06-19 18:20:00,2968901
86.5,44.5,88.0,62.3,2026-06-19 18:40:00,2968901
85.5,45.8,86.9,62.2,2026-06-19 19:00:00,2968901
85.7,45.6,87.3,62.3,2026-06-19 19:20:00,2968901
85.3,43.8,86.2,60.8,2026-06-19 19:40:00,2968901
84.4,44.5,84.9,60.5,2026-06-19 20:00:00,2968901
83.6,46.1,84.0,60.7,2026-06-19 20:20:00,2968901
82.6,46.9,82.4,60.2,2026-06-19 20:40:00,2968901
81.3,48.9,81.1,60.2,2026-06-19 21:00:00,2968901
79.5,51.3,79.2,59.9,2026-06-19 21:20:00,2968901
78.3,53.1,77.9,59.8,2026-06-19 21:40:00,2968901
78.1,49.7,77.2,57.8,2026-06-19 22:00:00,2968901
77.5,48.9,76.3,56.8,2026-06-19 22:20:00,2968901
76.7,49.4,75.4,56.4,2026-06-19 22:40:00,2968901
75.8,50.2,74.7,56.0,2026-06-19 23:00:00,2968901
75.4,49.9,74.1,55.4,2026-06-19 23:20:00,2968901
74.4,50.9,73.4,55.1,2026-06-19 23:40:00,2968901
73.5,53.2,72.7,55.4,2026-06-20 00:00:00,2968901
72.9,53.8,72.3,55.2,2026-06-20 00:20:00,2968901
72.2,54.7,71.6,55.0,2026-06-20 00:40:00,2968901
71.6,55.3,71.1,54.7,2026-06-20 01:00:00,2968901
70.8,55.8,70.5,54.2,2026-06-20 01:20:00,2968901
69.9,57.7,69.3,54.3,2026-06-20 01:40:00,2968901
69.4,58.1,68.5,54.1,2026-06-20 02:00:00,2968901
68.7,59.5,67.6,54.1,2026-06-20 02:20:00,2968901
67.6,62.3,66.4,54.3,2026-06-20 02:40:00,2968901
66.9,64.0,65.5,54.3,2026-06-20 03:00:00,2968901
66.1,65.9,64.8,54.3,2026-06-20 03:20:00,2968901
65.4,67.8,63.9,54.5,2026-06-20 03:40:00,2968901
64.8,70.1,63.5,54.9,2026-06-20 04:00:00,2968901
64.2,71.9,63.0,54.9,2026-06-20 04:20:00,2968901
63.7,72.1,62.4,54.5,2026-06-20 04:40:00,2968901
62.9,72.1,61.7,53.8,2026-06-20 05:00:00,2968901
62.9,74.3,61.9,54.5,2026-06-20 05:20:00,2968901
62.9,72.8,61.7,54.0,2026-06-20 05:40:00,2968901
62.8,72.6,61.7,53.9,2026-06-20 06:00:00,2968901
63.2,73.3,62.2,54.5,2026-06-20 06:20:00,2968901
64.3,73.7,63.3,55.7,2026-06-20 06:40:00,2968901
67.5,70.7,66.9,57.6,2026-06-20 07:00:00,2968901
69.5,66.7,69.4,58.0,2026-06-20 07:20:00,2968901
73.5,58.9,73.2,58.3,2026-06-20 07:40:00,2968901
76.6,54.2,75.7,58.8,2026-06-20 08:00:00,2968901
77.0,50.9,75.7,57.4,2026-06-20 08:20:00,2968901
78.3,47.4,77.2,56.6,2026-06-20 08:40:00,2968901
81.7,46.0,81.3,58.9,2026-06-20 09:00:00,2968901
82.0,43.8,81.0,57.8,2026-06-20 09:20:00,2968901
86.0,39.1,86.0,58.2,2026-06-20 09:40:00,2968901
87.2,36.6,86.9,57.5,2026-06-20 10:00:00,2968901
85.9,33.4,84.2,53.8,2026-06-20 10:20:00,2968901
88.2,31.6,86.7,54.2,2026-06-20 10:40:00,2968901
86.2,31.1,84.0,52.1,2026-06-20 11:00:00,2968901
86.6,29.3,84.2,50.9,2026-06-20 11:20:00,2968901
88.7,30.1,87.1,53.4,2026-06-20 11:40:00,2968901
89.5,28.8,87.8,52.9,2026-06-20 12:00:00,2968901
88.3,28.1,85.8,51.2,2026-06-20 12:20:00,2968901
89.3,30.1,88.0,53.9,2026-06-20 12:40:00,2968901
89.6,30.0,88.2,54.1,2026-06-20 13:00:00,2968901
90.3,30.3,89.2,54.9,2026-06-20 13:20:00,2968901
89.0,31.6,87.8,55.0,2026-06-20 13:40:00,2968901
88.9,29.4,87.3,53.0,2026-06-20 14:00:00,2968901
90.4,30.1,89.4,54.9,2026-06-20 14:20:00,2968901
88.9,27.9,86.7,51.5,2026-06-20 14:40:00,2968901
89.0,29.8,87.3,53.4,2026-06-20 15:00:00,2968901
90.3,31.4,90.0,56.0,2026-06-20 15:20:00,2968901
89.9,30.5,88.7,54.8,2026-06-20 15:40:00,2968901
90.2,29.2,88.9,53.8,2026-06-20 16:00:00,2968901
89.8,30.4,88.7,54.6,2026-06-20 16:20:00,2968901
88.3,31.2,86.7,54.0,2026-06-20 16:40:00,2968901
89.6,31.2,88.5,55.1,2026-06-20 17:00:00,2968901
89.5,31.1,88.3,55.0,2026-06-20 17:20:00,2968901
89.6,31.1,88.7,55.1,2026-06-20 17:40:00,2968901
89.9,30.5,88.7,54.7,2026-06-20 18:00:00,2968901
89.2,31.2,88.0,54.8,2026-06-20 18:20:00,2968901
87.5,33.1,86.4,55.0,2026-06-20 18:40:00,2968901
87.1,34.9,86.4,56.1,2026-06-20 19:00:00,2968901
85.9,36.1,84.9,56.0,2026-06-20 19:20:00,2968901
85.5,37.3,84.7,56.5,2026-06-20 19:40:00,2968901
84.8,38.4,84.0,56.6,2026-06-20 20:00:00,2968901
83.8,39.5,82.8,56.6,2026-06-20 20:20:00,2968901
82.7,40.7,81.3,56.4,2026-06-20 20:40:00,2968901
81.7,42.1,80.6,56.4,2026-06-20 21:00:00,2968901
80.9,43.5,79.7,56.6,2026-06-20 21:20:00,2968901
80.4,44.4,79.2,56.7,2026-06-20 21:40:00,2968901
79.9,44.8,78.4,56.5,2026-06-20 22:00:00,2968901
79.2,46.1,78.1,56.7,2026-06-20 22:20:00,2968901
78.8,46.5,77.7,56.6,2026-06-20 22:40:00,2968901
78.3,47.3,77.2,56.6,2026-06-20 23:00:00,2968901
77.7,47.9,76.3,56.4,2026-06-20 23:20:00,2968901
77.3,48.5,76.1,56.4,2026-06-20 23:40:00,2968901
76.8,49.3,75.4,56.3,2026-06-21 00:00:00,2968901
76.5,50.2,75.4,56.5,2026-06-21 00:20:00,2968901
76.5,50.4,75.4,56.7,2026-06-21 00:40:00,2968901
76.1,51.2,75.0,56.8,2026-06-21 01:00:00,2968901
75.4,52.7,74.5,56.9,2026-06-21 01:20:00,2968901
74.9,54.1,74.1,57.3,2026-06-21 01:40:00,2968901
74.5,55.5,73.9,57.5,2026-06-21 02:00:00,2968901
74.0,57.5,73.6,58.0,2026-06-21 02:20:00,2968901
73.4,59.3,73.2,58.4,2026-06-21 02:40:00,2968901
72.9,61.4,72.9,58.9,2026-06-21 03:00:00,2968901
72.7,63.0,72.9,59.3,2026-06-21 03:20:00,2968901
72.6,64.0,72.9,59.7,2026-06-21 03:40:00,2968901
72.7,64.0,73.0,59.8,2026-06-21 04:00:00,2968901
72.6,64.3,72.9,59.9,2026-06-21 04:20:00,2968901
71.9,65.7,72.1,59.8,2026-06-21 04:40:00,2968901
71.0,67.4,71.4,59.6,2026-06-21 05:00:00,2968901
70.2,69.1,70.5,59.6,2026-06-21 05:20:00,2968901
69.6,72.6,69.8,60.4,2026-06-21 05:40:00,2968901
69.0,72.9,69.1,60.0,2026-06-21 06:00:00,2968901
69.1,75.0,69.3,60.8,2026-06-21 06:20:00,2968901
69.1,76.1,69.3,61.2,2026-06-21 06:40:00,2968901
72.8,72.5,73.8,63.4,2026-06-21 07:00:00,2968901
74.9,67.4,75.4,63.4,2026-06-21 07:20:00,2968901
76.0,65.0,76.3,63.4,2026-06-21 07:40:00,2968901
78.2,62.6,79.2,64.4,2026-06-21 08:00:00,2968901
80.2,59.8,81.7,64.9,2026-06-21 08:20:00,2968901
82.4,56.5,84.2,65.3,2026-06-21 08:40:00,2968901
83.3,51.0,84.6,63.2,2026-06-21 09:00:00,2968901
84.3,49.1,85.8,63.1,2026-06-21 09:20:00,2968901
87.4,47.4,90.5,65.0,2026-06-21 09:40:00,2968901
89.0,43.0,91.8,63.6,2026-06-21 10:00:00,2968901
92.7,40.2,97.5,64.9,2026-06-21 10:20:00,2968901
93.6,37.1,97.5,63.5,2026-06-21 10:40:00,2968901
91.4,35.5,93.0,60.3,2026-06-21 11:00:00,2968901
94.9,34.1,98.2,62.2,2026-06-21 11:20:00,2968901
94.3,32.5,96.4,60.3,2026-06-21 11:40:00,2968901
93.4,33.7,95.5,60.6,2026-06-21 12:00:00,2968901
95.1,32.6,97.9,61.1,2026-06-21 12:20:00,2968901
92.0,31.6,92.5,57.5,2026-06-21 12:40:00,2968901
95.0,32.1,97.5,60.6,2026-06-21 13:00:00,2968901
94.2,33.0,96.4,60.7,2026-06-21 13:20:00,2968901
91.9,34.0,93.2,59.6,2026-06-21 13:40:00,2968901
92.4,35.4,94.8,61.1,2026-06-21 14:00:00,2968901
93.3,36.3,96.6,62.6,2026-06-21 14:20:00,2968901
93.0,35.1,95.4,61.3,2026-06-21 14:40:00,2968901
92.7,35.4,95.4,61.4,2026-06-21 15:00:00,2968901
93.4,35.8,96.3,62.2,2026-06-21 15:20:00,2968901
94.7,34.2,98.1,62.1,2026-06-21 15:40:00,2968901
93.7,34.1,96.4,61.2,2026-06-21 16:00:00,2968901
92.1,36.1,94.3,61.3,2026-06-21 16:20:00,2968901
91.4,35.8,93.4,60.6,2026-06-21 16:40:00,2968901
92.4,35.7,94.8,61.3,2026-06-21 17:00:00,2968901
92.9,37.0,96.3,62.8,2026-06-21 17:20:00,2968901
91.8,37.3,94.6,62.0,2026-06-21 17:40:00,2968901
93.4,36.7,97.0,63.1,2026-06-21 18:00:00,2968901
93.2,36.8,96.8,62.9,2026-06-21 18:20:00,2968901
90.3,40.2,93.4,62.9,2026-06-21 18:40:00,2968901
90.1,40.6,93.2,63.0,2026-06-21 19:00:00,2968901
89.3,41.3,91.8,62.8,2026-06-21 19:20:00,2968901
88.8,43.1,91.4,63.4,2026-06-21 19:40:00,2968901
88.0,44.9,90.7,63.9,2026-06-21 20:00:00,2968901
87.1,46.7,90.0,64.3,2026-06-21 20:20:00,2968901
86.3,47.7,88.7,64.1,2026-06-21 20:40:00,2968901
85.6,48.2,87.8,63.8,2026-06-21 21:00:00,2968901
84.8,48.8,86.7,63.4,2026-06-21 21:20:00,2968901
84.1,49.9,85.8,63.4,2026-06-21 21:40:00,2968901
83.4,50.6,84.7,63.2,2026-06-21 22:00:00,2968901
82.8,51.5,84.0,63.1,2026-06-21 22:20:00,2968901
82.1,52.7,83.1,63.1,2026-06-21 22:40:00,2968901
81.8,52.9,82.6,62.9,2026-06-21 23:00:00,2968901
81.5,54.7,82.4,63.6,2026-06-21 23:20:00,2968901
80.9,58.9,82.6,65.1,2026-06-21 23:40:00,2968901
80.3,62.5,82.4,66.3,2026-06-22 00:00:00,2968901
80.0,65.6,82.6,67.4,2026-06-22 00:20:00,2968901
79.5,67.5,82.2,67.8,2026-06-22 00:40:00,2968901
78.7,69.0,81.1,67.7,2026-06-22 01:00:00,2968901
77.9,70.4,80.1,67.5,2026-06-22 01:20:00,2968901
99.4,33.6,106.0,65.7,2026-06-14 15:20:00,2974343
101.9,33.7,111.2,68.0,2026-06-14 15:40:00,2974343
100.2,34.7,108.3,67.3,2026-06-14 16:00:00,2974343
97.9,35.8,104.9,66.2,2026-06-14 16:20:00,2974343
98.0,35.7,104.9,66.2,2026-06-14 16:40:00,2974343
97.5,35.8,104.2,65.9,2026-06-14 17:00:00,2974343
97.7,33.0,102.7,63.8,2026-06-14 17:20:00,2974343
97.5,31.4,101.3,62.1,2026-06-14 17:40:00,2974343
97.1,32.7,101.1,62.9,2026-06-14 18:00:00,2974343
97.0,33.6,101.5,63.6,2026-06-14 18:20:00,2974343
96.2,32.2,99.5,61.7,2026-06-14 18:40:00,2974343
91.0,44.7,96.1,66.5,2026-06-14 19:00:00,2974343
83.3,63.1,88.0,69.5,2026-06-14 19:20:00,2974343
79.0,79.6,83.8,72.2,2026-06-14 19:40:00,2974343
79.2,84.5,85.1,74.1,2026-06-14 20:00:00,2974343
80.0,79.3,85.6,73.0,2026-06-14 20:20:00,2974343
79.7,81.4,85.6,73.5,2026-06-14 20:40:00,2974343
80.1,79.1,85.8,73.0,2026-06-14 21:00:00,2974343
80.5,73.9,85.3,71.4,2026-06-14 21:20:00,2974343
80.9,72.2,85.5,71.0,2026-06-14 21:40:00,2974343
80.9,73.4,85.8,71.6,2026-06-14 22:00:00,2974343
81.3,71.1,86.0,71.0,2026-06-14 22:20:00,2974343
81.0,71.5,85.6,70.9,2026-06-14 22:40:00,2974343
80.8,71.7,85.5,70.8,2026-06-14 23:00:00,2974343
80.4,72.3,84.6,70.6,2026-06-14 23:20:00,2974343
80.0,72.7,84.0,70.5,2026-06-14 23:40:00,2974343
79.8,73.2,83.8,70.4,2026-06-15 00:00:00,2974343
79.6,74.0,83.7,70.6,2026-06-15 00:20:00,2974343
79.4,74.6,83.5,70.7,2026-06-15 00:40:00,2974343
79.2,75.1,83.3,70.7,2026-06-15 01:00:00,2974343
79.3,75.6,83.3,70.9,2026-06-15 01:20:00,2974343
79.2,75.8,83.3,70.9,2026-06-15 01:40:00,2974343
79.2,76.1,83.3,71.0,2026-06-15 02:00:00,2974343
79.2,76.4,83.5,71.1,2026-06-15 02:20:00,2974343
79.0,76.5,83.1,71.0,2026-06-15 02:40:00,2974343
78.9,77.0,82.9,71.1,2026-06-15 03:00:00,2974343
78.6,77.5,82.6,71.0,2026-06-15 03:20:00,2974343
78.3,78.2,82.0,70.9,2026-06-15 03:40:00,2974343
77.9,79.0,81.1,70.8,2026-06-15 04:00:00,2974343
77.3,79.7,80.2,70.5,2026-06-15 04:20:00,2974343
77.1,80.3,79.9,70.6,2026-06-15 04:40:00,2974343
77.2,78.5,79.9,70.0,2026-06-15 05:00:00,2974343
77.0,78.3,79.5,69.7,2026-06-15 05:20:00,2974343
76.2,79.3,78.3,69.4,2026-06-15 05:40:00,2974343
75.8,78.6,77.7,68.7,2026-06-15 06:00:00,2974343
76.0,72.1,77.2,66.3,2026-06-15 06:20:00,2974343
76.5,67.9,77.4,65.1,2026-06-15 06:40:00,2974343
77.0,66.0,77.9,64.8,2026-06-15 07:00:00,2974343
77.0,63.9,77.4,63.8,2026-06-15 07:20:00,2974343
76.7,63.4,77.0,63.4,2026-06-15 07:40:00,2974343
78.5,59.8,79.2,63.4,2026-06-15 08:00:00,2974343
83.5,51.6,85.3,63.8,2026-06-15 08:20:00,2974343
78.0,54.5,77.7,60.2,2026-06-15 08:40:00,2974343
78.8,56.5,79.0,62.0,2026-06-15 09:00:00,2974343
77.7,53.0,77.2,59.3,2026-06-15 09:20:00,2974343
78.3,48.4,77.2,57.2,2026-06-15 09:40:00,2974343
79.5,44.4,78.1,55.9,2026-06-15 10:00:00,2974343
84.4,41.5,84.0,58.4,2026-06-15 10:20:00,2974343
80.5,42.4,79.2,55.6,2026-06-15 10:40:00,2974343
85.6,39.1,85.3,57.9,2026-06-15 11:00:00,2974343
88.3,35.7,88.0,57.7,2026-06-15 11:20:00,2974343
83.9,34.0,81.7,52.5,2026-06-15 11:40:00,2974343
85.6,34.3,84.0,54.2,2026-06-15 12:00:00,2974343
86.0,35.0,84.9,55.2,2026-06-15 12:20:00,2974343
84.8,36.0,83.5,54.8,2026-06-15 12:40:00,2974343
84.8,34.0,82.9,53.3,2026-06-15 13:00:00,2974343
85.0,31.0,82.6,51.0,2026-06-15 13:20:00,2974343
87.5,31.5,85.8,53.6,2026-06-15 13:40:00,2974343
87.6,32.2,86.2,54.3,2026-06-15 14:00:00,2974343
89.8,29.9,88.5,54.2,2026-06-15 14:20:00,2974343
88.9,29.0,87.1,52.5,2026-06-15 14:40:00,2974343
88.5,28.5,86.5,51.7,2026-06-15 15:00:00,2974343
90.7,29.2,89.6,54.2,2026-06-15 15:20:00,2974343
91.1,29.6,90.3,55.1,2026-06-15 15:40:00,2974343
90.5,28.9,89.2,53.9,2026-06-15 16:00:00,2974343
90.9,27.7,89.6,53.0,2026-06-15 16:20:00,2974343
92.4,27.5,91.6,54.1,2026-06-15 16:40:00,2974343
91.2,26.9,89.8,52.5,2026-06-15 17:00:00,2974343
90.5,28.5,89.1,53.4,2026-06-15 17:20:00,2974343
91.1,27.8,89.8,53.3,2026-06-15 17:40:00,2974343
89.8,28.6,88.0,53.0,2026-06-15 18:00:00,2974343
87.0,31.3,85.1,53.0,2026-06-15 18:20:00,2974343
87.0,32.4,85.5,53.9,2026-06-15 18:40:00,2974343
86.8,32.5,85.3,53.8,2026-06-15 19:00:00,2974343
85.6,33.3,83.8,53.4,2026-06-15 19:20:00,2974343
85.2,34.3,83.7,53.9,2026-06-15 19:40:00,2974343
83.9,35.1,82.0,53.4,2026-06-15 20:00:00,2974343
82.9,36.2,81.0,53.3,2026-06-15 20:20:00,2974343
81.7,37.3,79.7,53.2,2026-06-15 20:40:00,2974343
80.1,39.0,78.3,53.0,2026-06-15 21:00:00,2974343
78.8,40.9,76.6,53.0,2026-06-15 21:20:00,2974343
77.7,42.4,75.9,53.1,2026-06-15 21:40:00,2974343
76.8,43.5,75.0,53.0,2026-06-15 22:00:00,2974343
75.8,44.0,73.9,52.3,2026-06-15 22:20:00,2974343
75.3,44.8,73.4,52.3,2026-06-15 22:40:00,2974343
74.7,45.8,73.2,52.4,2026-06-15 23:00:00,2974343
74.0,46.9,72.7,52.4,2026-06-15 23:20:00,2974343
73.3,47.1,72.0,51.9,2026-06-15 23:40:00,2974343
73.1,48.3,72.0,52.4,2026-06-16 00:00:00,2974343
72.3,50.0,71.2,52.6,2026-06-16 00:20:00,2974343
72.0,50.5,71.2,52.6,2026-06-16 00:40:00,2974343
71.9,50.8,71.1,52.7,2026-06-16 01:00:00,2974343
71.8,51.1,71.1,52.8,2026-06-16 01:20:00,2974343
71.6,51.0,70.7,52.5,2026-06-16 01:40:00,2974343
71.2,51.2,70.3,52.3,2026-06-16 02:00:00,2974343
71.0,50.6,70.2,51.8,2026-06-16 02:20:00,2974343
70.8,50.7,70.2,51.6,2026-06-16 02:40:00,2974343
70.4,51.6,69.6,51.7,2026-06-16 03:00:00,2974343
69.9,51.5,68.7,51.3,2026-06-16 03:20:00,2974343
69.8,51.7,68.7,51.2,2026-06-16 03:40:00,2974343
69.9,51.0,68.7,51.0,2026-06-16 04:00:00,2974343
69.6,51.3,68.5,50.8,2026-06-16 04:20:00,2974343
68.8,52.8,67.5,50.9,2026-06-16 04:40:00,2974343
68.5,53.7,66.9,51.0,2026-06-16 05:00:00,2974343
68.6,53.5,67.1,51.0,2026-06-16 05:20:00,2974343
68.5,53.7,66.9,51.1,2026-06-16 05:40:00,2974343
68.5,54.2,66.9,51.2,2026-06-16 06:00:00,2974343
68.5,54.9,66.9,51.6,2026-06-16 06:20:00,2974343
68.5,55.8,67.1,52.1,2026-06-16 06:40:00,2974343
68.8,56.1,67.6,52.5,2026-06-16 07:00:00,2974343
69.0,56.6,67.8,53.0,2026-06-16 07:20:00,2974343
69.0,57.6,68.0,53.5,2026-06-16 07:40:00,2974343
70.2,56.9,69.6,54.2,2026-06-16 08:00:00,2974343
71.2,56.7,70.7,55.0,2026-06-16 08:20:00,2974343
71.2,55.6,70.7,54.5,2026-06-16 08:40:00,2974343
73.0,54.6,72.3,55.7,2026-06-16 09:00:00,2974343
72.8,54.1,72.1,55.3,2026-06-16 09:20:00,2974343
74.3,52.1,73.4,55.6,2026-06-16 09:40:00,2974343
76.2,48.9,74.8,55.6,2026-06-16 10:00:00,2974343
75.8,48.8,74.5,55.2,2026-06-16 10:20:00,2974343
78.6,47.3,77.4,56.9,2026-06-16 10:40:00,2974343
78.0,45.7,76.5,55.3,2026-06-16 11:00:00,2974343
78.0,46.6,76.6,56.0,2026-06-16 11:20:00,2974343
79.6,45.0,78.4,56.4,2026-06-16 11:40:00,2974343
80.2,43.4,78.8,55.9,2026-06-16 12:00:00,2974343
80.7,42.9,79.3,56.0,2026-06-16 12:20:00,2974343
80.4,41.6,79.0,55.0,2026-06-16 12:40:00,2974343
80.4,43.4,79.0,56.1,2026-06-16 13:00:00,2974343
81.8,40.8,80.2,55.7,2026-06-16 13:20:00,2974343
83.8,39.6,82.8,56.6,2026-06-16 13:40:00,2974343
84.5,38.3,83.5,56.3,2026-06-16 14:00:00,2974343
82.4,38.9,80.6,54.8,2026-06-16 14:20:00,2974343
86.3,38.3,86.0,57.9,2026-06-16 14:40:00,2974343
88.4,36.0,88.5,58.1,2026-06-16 15:00:00,2974343
89.4,33.7,89.1,57.1,2026-06-16 15:20:00,2974343
85.7,37.5,85.1,56.8,2026-06-16 15:40:00,2974343
86.5,37.6,86.2,57.5,2026-06-16 16:00:00,2974343
85.3,38.5,84.7,57.3,2026-06-16 16:20:00,2974343
85.3,40.4,85.1,58.5,2026-06-16 16:40:00,2974343
84.7,41.4,84.6,58.6,2026-06-16 17:00:00,2974343
83.8,43.3,83.7,59.1,2026-06-16 17:20:00,2974343
83.5,44.9,83.5,59.9,2026-06-16 17:40:00,2974343
82.1,47.3,81.9,60.1,2026-06-16 18:00:00,2974343
81.7,47.9,81.7,60.0,2026-06-16 18:20:00,2974343
82.1,47.0,81.9,59.8,2026-06-16 18:40:00,2974343
81.6,46.2,81.1,58.9,2026-06-16 19:00:00,2974343
81.1,47.0,80.6,59.0,2026-06-16 19:20:00,2974343
80.8,47.2,80.4,58.8,2026-06-16 19:40:00,2974343
80.3,48.2,79.7,58.9,2026-06-16 20:00:00,2974343
79.8,48.3,79.2,58.5,2026-06-16 20:20:00,2974343
79.3,49.0,78.6,58.5,2026-06-16 20:40:00,2974343
78.5,50.4,77.9,58.6,2026-06-16 21:00:00,2974343
78.0,51.1,77.2,58.4,2026-06-16 21:20:00,2974343
77.3,52.1,76.5,58.4,2026-06-16 21:40:00,2974343
77.0,53.3,76.3,58.7,2026-06-16 22:00:00,2974343
76.6,54.6,75.7,59.0,2026-06-16 22:20:00,2974343
76.1,55.8,75.6,59.1,2026-06-16 22:40:00,2974343
75.6,57.0,75.2,59.3,2026-06-16 23:00:00,2974343
75.3,58.0,74.8,59.5,2026-06-16 23:20:00,2974343
74.9,59.0,74.7,59.6,2026-06-16 23:40:00,2974343
74.5,60.3,74.5,59.8,2026-06-17 00:00:00,2974343
74.1,61.6,74.1,60.1,2026-06-17 00:20:00,2974343
73.8,63.2,74.1,60.4,2026-06-17 00:40:00,2974343
73.3,64.9,73.6,60.8,2026-06-17 01:00:00,2974343
73.0,66.3,73.4,61.1,2026-06-17 01:20:00,2974343
72.6,67.7,73.0,61.3,2026-06-17 01:40:00,2974343
72.1,69.3,72.9,61.5,2026-06-17 02:00:00,2974343
72.0,70.8,72.7,61.9,2026-06-17 02:20:00,2974343
71.7,72.5,72.5,62.4,2026-06-17 02:40:00,2974343
71.6,73.4,72.5,62.7,2026-06-17 03:00:00,2974343
71.4,74.4,72.1,62.9,2026-06-17 03:20:00,2974343
71.2,75.4,72.1,63.1,2026-06-17 03:40:00,2974343
71.0,76.6,72.0,63.3,2026-06-17 04:00:00,2974343
70.8,77.5,71.8,63.4,2026-06-17 04:20:00,2974343
70.6,78.2,71.4,63.5,2026-06-17 04:40:00,2974343
70.5,78.6,71.4,63.6,2026-06-17 05:00:00,2974343
70.2,79.4,71.2,63.5,2026-06-17 05:20:00,2974343
70.0,79.9,70.9,63.5,2026-06-17 05:40:00,2974343
69.7,80.6,70.5,63.4,2026-06-17 06:00:00,2974343
69.5,81.1,70.3,63.5,2026-06-17 06:20:00,2974343
69.8,81.2,70.5,63.8,2026-06-17 06:40:00,2974343
70.3,80.5,71.2,64.0,2026-06-17 07:00:00,2974343
73.2,75.8,74.5,65.1,2026-06-17 07:20:00,2974343
74.8,70.9,75.7,64.8,2026-06-17 07:40:00,2974343
75.7,67.9,76.3,64.4,2026-06-17 08:00:00,2974343
75.8,67.4,76.3,64.2,2026-06-17 08:20:00,2974343
78.1,64.1,79.3,64.9,2026-06-17 08:40:00,2974343
81.4,58.6,83.3,65.4,2026-06-17 09:00:00,2974343
84.4,54.1,87.3,66.0,2026-06-17 09:20:00,2974343
86.7,49.6,90.3,65.6,2026-06-17 09:40:00,2974343
83.1,48.9,84.0,61.9,2026-06-17 10:00:00,2974343
86.3,44.7,87.8,62.3,2026-06-17 10:20:00,2974343
87.0,42.7,88.3,61.6,2026-06-17 10:40:00,2974343
87.2,40.2,87.8,60.1,2026-06-17 11:00:00,2974343
84.4,40.1,83.7,57.5,2026-06-17 11:20:00,2974343
89.5,35.8,90.3,58.9,2026-06-17 11:40:00,2974343
88.7,32.4,87.8,55.4,2026-06-17 12:00:00,2974343
87.9,32.7,86.5,55.0,2026-06-17 12:20:00,2974343
87.9,32.2,86.4,54.6,2026-06-17 12:40:00,2974343
88.9,32.9,88.2,56.0,2026-06-17 13:00:00,2974343
90.6,33.0,90.9,57.5,2026-06-17 13:20:00,2974343
91.0,32.7,91.2,57.7,2026-06-17 13:40:00,2974343
91.7,32.4,92.3,58.0,2026-06-17 14:00:00,2974343
91.3,32.7,91.8,57.9,2026-06-17 14:20:00,2974343
94.5,31.6,96.3,59.7,2026-06-17 14:40:00,2974343
93.7,33.1,95.9,60.4,2026-06-17 15:00:00,2974343
92.4,32.1,93.2,58.3,2026-06-17 15:20:00,2974343
95.5,30.3,97.0,59.5,2026-06-17 15:40:00,2974343
95.0,31.0,96.8,59.6,2026-06-17 16:00:00,2974343
92.4,30.5,92.5,56.9,2026-06-17 16:20:00,2974343
93.6,32.2,95.2,59.5,2026-06-17 16:40:00,2974343
92.9,32.1,93.9,58.8,2026-06-17 17:00:00,2974343
94.9,30.9,96.4,59.5,2026-06-17 17:20:00,2974343
95.9,29.4,97.5,58.9,2026-06-17 17:40:00,2974343
92.8,30.3,92.8,57.1,2026-06-17 18:00:00,2974343
90.4,33.9,90.9,58.1,2026-06-17 18:20:00,2974343
90.1,37.5,91.8,60.7,2026-06-17 18:40:00,2974343
89.7,38.7,91.6,61.3,2026-06-17 19:00:00,2974343
88.8,40.5,90.7,61.8,2026-06-17 19:20:00,2974343
88.3,41.4,89.8,61.8,2026-06-17 19:40:00,2974343
87.3,43.0,89.1,62.1,2026-06-17 20:00:00,2974343
86.5,44.1,88.0,62.1,2026-06-17 20:20:00,2974343
85.9,46.7,87.8,63.2,2026-06-17 20:40:00,2974343
85.1,49.2,87.6,64.0,2026-06-17 21:00:00,2974343
84.2,51.6,86.5,64.4,2026-06-17 21:20:00,2974343
83.5,54.6,86.2,65.4,2026-06-17 21:40:00,2974343
83.0,57.0,85.6,66.2,2026-06-17 22:00:00,2974343
82.6,59.6,85.6,67.2,2026-06-17 22:20:00,2974343
82.0,61.7,85.1,67.6,2026-06-17 22:40:00,2974343
81.6,63.4,84.6,67.9,2026-06-17 23:00:00,2974343
81.0,64.8,84.2,68.0,2026-06-17 23:20:00,2974343
80.7,65.1,83.7,67.8,2026-06-17 23:40:00,2974343
80.2,65.0,82.8,67.4,2026-06-18 00:00:00,2974343
80.2,63.5,82.4,66.7,2026-06-18 00:20:00,2974343
80.2,62.6,82.2,66.3,2026-06-18 00:40:00,2974343
80.1,62.4,82.2,66.1,2026-06-18 01:00:00,2974343
79.5,63.0,81.3,65.8,2026-06-18 01:20:00,2974343
79.0,64.0,80.8,65.8,2026-06-18 01:40:00,2974343
78.6,65.3,80.1,66.0,2026-06-18 02:00:00,2974343
78.4,66.0,80.1,66.1,2026-06-18 02:20:00,2974343
78.2,66.9,79.9,66.3,2026-06-18 02:40:00,2974343
77.8,68.4,79.5,66.6,2026-06-18 03:00:00,2974343
77.8,70.4,79.7,67.4,2026-06-18 03:20:00,2974343
77.6,73.0,79.9,68.3,2026-06-18 03:40:00,2974343
77.3,75.8,79.5,69.1,2026-06-18 04:00:00,2974343
77.0,77.6,79.3,69.4,2026-06-18 04:20:00,2974343
76.7,78.9,79.0,69.7,2026-06-18 04:40:00,2974343
76.4,80.0,78.4,69.7,2026-06-18 05:00:00,2974343
76.0,81.0,78.3,69.8,2026-06-18 05:20:00,2974343
75.8,82.1,78.3,69.9,2026-06-18 05:40:00,2974343
75.5,82.9,77.7,70.0,2026-06-18 06:00:00,2974343
75.6,83.4,78.1,70.2,2026-06-18 06:20:00,2974343
75.8,83.1,78.3,70.3,2026-06-18 06:40:00,2974343
76.5,82.0,79.2,70.6,2026-06-18 07:00:00,2974343
77.5,80.0,80.6,70.8,2026-06-18 07:20:00,2974343
77.7,78.2,81.0,70.4,2026-06-18 07:40:00,2974343
80.4,73.4,84.7,71.1,2026-06-18 08:00:00,2974343
81.7,71.5,86.9,71.6,2026-06-18 08:20:00,2974343
81.4,68.4,85.6,70.0,2026-06-18 08:40:00,2974343
81.9,70.1,86.9,71.2,2026-06-18 09:00:00,2974343
83.7,65.2,89.4,70.8,2026-06-18 09:20:00,2974343
84.9,64.6,91.8,71.6,2026-06-18 09:40:00,2974343
87.5,61.5,96.3,72.6,2026-06-18 10:00:00,2974343
84.7,62.3,90.5,70.4,2026-06-18 10:20:00,2974343
87.6,58.1,95.2,71.0,2026-06-18 10:40:00,2974343
89.3,56.4,98.1,71.8,2026-06-18 11:00:00,2974343
89.0,54.0,96.3,70.2,2026-06-18 11:20:00,2974343
91.5,51.1,100.6,70.9,2026-06-18 11:40:00,2974343
91.1,51.3,99.9,70.6,2026-06-18 12:00:00,2974343
91.3,50.7,100.0,70.5,2026-06-18 12:20:00,2974343
93.1,48.4,102.4,70.7,2026-06-18 12:40:00,2974343
94.2,46.9,103.8,70.8,2026-06-18 13:00:00,2974343
94.0,45.8,102.7,70.0,2026-06-18 13:20:00,2974343
95.5,45.8,106.0,71.3,2026-06-18 13:40:00,2974343
94.4,45.9,103.6,70.4,2026-06-18 14:00:00,2974343
95.4,45.3,105.6,70.8,2026-06-18 14:20:00,2974343
97.1,41.9,107.2,70.1,2026-06-18 14:40:00,2974343
96.4,43.0,106.3,70.2,2026-06-18 15:00:00,2974343
97.1,43.3,108.0,71.1,2026-06-18 15:20:00,2974343
96.2,44.1,106.5,70.8,2026-06-18 15:40:00,2974343
88.0,45.9,91.0,64.6,2026-06-18 16:00:00,2974343
84.9,55.8,89.1,67.4,2026-06-18 16:20:00,2974343
83.6,57.7,86.9,67.1,2026-06-18 16:40:00,2974343
84.8,56.5,89.1,67.6,2026-06-18 17:00:00,2974343
86.6,57.5,92.8,69.8,2026-06-18 17:20:00,2974343
89.3,53.3,96.8,70.1,2026-06-18 17:40:00,2974343
89.0,53.7,96.3,70.0,2026-06-18 18:00:00,2974343
86.7,57.3,93.0,69.8,2026-06-18 18:20:00,2974343
87.7,57.5,95.0,70.8,2026-06-18 18:40:00,2974343
88.4,57.2,96.3,71.4,2026-06-18 19:00:00,2974343
87.5,57.5,94.6,70.6,2026-06-18 19:20:00,2974343
87.4,59.3,95.0,71.4,2026-06-18 19:40:00,2974343
85.9,62.7,93.4,71.7,2026-06-18 20:00:00,2974343
84.9,63.6,91.8,71.2,2026-06-18 20:20:00,2974343
84.2,65.9,90.5,71.5,2026-06-18 20:40:00,2974343
83.4,67.3,89.2,71.4,2026-06-18 21:00:00,2974343
83.5,67.6,90.0,71.7,2026-06-18 21:20:00,2974343
83.7,66.0,89.8,71.1,2026-06-18 21:40:00,2974343
83.8,62.9,88.9,69.8,2026-06-18 22:00:00,2974343
81.5,67.6,85.8,69.8,2026-06-18 22:20:00,2974343
79.0,73.0,82.4,69.6,2026-06-18 22:40:00,2974343
77.5,76.7,80.1,69.6,2026-06-18 23:00:00,2974343
76.7,79.2,79.2,69.8,2026-06-18 23:20:00,2974343
76.3,81.8,78.6,70.3,2026-06-18 23:40:00,2974343
76.1,82.6,78.6,70.4,2026-06-19 00:00:00,2974343
76.3,82.2,78.8,70.5,2026-06-19 00:20:00,2974343
76.3,81.5,78.6,70.3,2026-06-19 00:40:00,2974343
76.1,81.1,78.4,69.9,2026-06-19 01:00:00,2974343
76.2,80.1,78.3,69.6,2026-06-19 01:20:00,2974343
75.9,80.1,78.1,69.3,2026-06-19 01:40:00,2974343
75.8,80.2,77.9,69.3,2026-06-19 02:00:00,2974343
75.9,80.8,78.1,69.5,2026-06-19 02:20:00,2974343
75.9,81.3,78.1,69.7,2026-06-19 02:40:00,2974343
75.9,81.8,78.1,69.9,2026-06-19 03:00:00,2974343
75.5,83.2,77.7,70.0,2026-06-19 03:20:00,2974343
74.9,84.2,77.2,69.8,2026-06-19 03:40:00,2974343
73.5,87.0,75.7,69.4,2026-06-19 04:00:00,2974343
72.4,89.0,74.5,69.0,2026-06-19 04:20:00,2974343
72.0,90.8,74.1,69.2,2026-06-19 04:40:00,2974343
71.5,91.7,73.4,69.0,2026-06-19 05:00:00,2974343
71.4,92.4,73.2,69.1,2026-06-19 05:20:00,2974343
71.0,92.8,72.7,68.8,2026-06-19 05:40:00,2974343
70.9,93.4,72.7,68.9,2026-06-19 06:00:00,2974343
71.0,94.0,72.9,69.2,2026-06-19 06:20:00,2974343
71.2,94.3,73.0,69.4,2026-06-19 06:40:00,2974343
71.3,94.5,73.4,69.6,2026-06-19 07:00:00,2974343
71.5,94.7,73.6,69.9,2026-06-19 07:20:00,2974343
71.4,94.8,73.4,69.9,2026-06-19 07:40:00,2974343
71.5,95.0,73.6,69.9,2026-06-19 08:00:00,2974343
71.5,95.2,73.6,70.1,2026-06-19 08:20:00,2974343
71.8,95.2,74.1,70.4,2026-06-19 08:40:00,2974343
72.1,95.2,74.5,70.6,2026-06-19 09:00:00,2974343
72.2,95.1,74.7,70.7,2026-06-19 09:20:00,2974343
72.4,95.2,74.8,70.9,2026-06-19 09:40:00,2974343
73.5,95.0,76.5,72.0,2026-06-19 10:00:00,2974343
73.8,93.8,76.6,71.8,2026-06-19 10:20:00,2974343
75.7,91.4,79.2,73.0,2026-06-19 10:40:00,2974343
76.7,88.4,80.2,73.0,2026-06-19 11:00:00,2974343
77.2,87.0,80.8,73.0,2026-06-19 11:20:00,2974343
77.2,83.8,80.8,72.0,2026-06-19 11:40:00,2974343
79.2,82.2,84.7,73.3,2026-06-19 12:00:00,2974343
79.9,78.2,85.3,72.5,2026-06-19 12:20:00,2974343
80.8,74.4,86.0,71.9,2026-06-19 12:40:00,2974343
82.1,74.5,88.5,73.2,2026-06-19 13:00:00,2974343
83.9,65.3,89.8,71.0,2026-06-19 13:20:00,2974343
84.6,63.9,91.0,71.0,2026-06-19 13:40:00,2974343
84.5,64.2,90.9,71.1,2026-06-19 14:00:00,2974343
84.1,61.5,89.1,69.4,2026-06-19 14:20:00,2974343
88.4,57.2,96.3,71.3,2026-06-19 14:40:00,2974343
87.2,52.2,91.9,67.6,2026-06-19 15:00:00,2974343
89.0,50.5,94.6,68.2,2026-06-19 15:20:00,2974343
89.3,46.0,93.6,65.8,2026-06-19 15:40:00,2974343
88.6,42.0,90.7,62.5,2026-06-19 16:00:00,2974343
88.9,41.7,91.4,62.7,2026-06-19 16:20:00,2974343
89.4,41.4,91.8,62.9,2026-06-19 16:40:00,2974343
89.2,41.4,91.4,62.7,2026-06-19 17:00:00,2974343
91.1,41.3,95.0,64.4,2026-06-19 17:20:00,2974343
90.3,42.6,93.9,64.5,2026-06-19 17:40:00,2974343
87.0,44.5,88.7,62.7,2026-06-19 18:00:00,2974343
85.2,47.0,86.9,62.7,2026-06-19 18:20:00,2974343
85.7,45.2,87.1,62.1,2026-06-19 18:40:00,2974343
84.8,45.7,85.8,61.5,2026-06-19 19:00:00,2974343
85.1,43.5,85.8,60.4,2026-06-19 19:20:00,2974343
84.7,42.8,84.7,59.5,2026-06-19 19:40:00,2974343
83.3,45.1,83.5,59.8,2026-06-19 20:00:00,2974343
81.8,50.2,82.2,61.5,2026-06-19 20:20:00,2974343
80.6,50.7,80.8,60.6,2026-06-19 20:40:00,2974343
79.9,50.6,79.5,59.9,2026-06-19 21:00:00,2974343
78.5,50.0,77.9,58.3,2026-06-19 21:20:00,2974343
77.3,52.4,76.5,58.5,2026-06-19 21:40:00,2974343
76.6,51.9,75.6,57.6,2026-06-19 22:00:00,2974343
76.6,50.2,75.6,56.7,2026-06-19 22:20:00,2974343
75.9,50.7,74.7,56.3,2026-06-19 22:40:00,2974343
75.6,51.4,74.5,56.4,2026-06-19 23:00:00,2974343
74.8,51.0,73.6,55.5,2026-06-19 23:20:00,2974343
74.2,50.8,73.2,54.8,2026-06-19 23:40:00,2974343
73.5,52.0,72.7,54.8,2026-06-20 00:00:00,2974343
73.0,52.2,72.1,54.5,2026-06-20 00:20:00,2974343
72.0,54.2,71.4,54.6,2026-06-20 00:40:00,2974343
72.0,53.3,71.4,54.1,2026-06-20 01:00:00,2974343
71.2,55.2,70.7,54.3,2026-06-20 01:20:00,2974343
70.1,56.9,69.4,54.1,2026-06-20 01:40:00,2974343
68.9,59.9,68.0,54.4,2026-06-20 02:00:00,2974343
68.0,61.9,67.1,54.5,2026-06-20 02:20:00,2974343
67.4,62.8,66.0,54.2,2026-06-20 02:40:00,2974343
66.9,63.9,65.8,54.3,2026-06-20 03:00:00,2974343
66.5,65.6,65.1,54.7,2026-06-20 03:20:00,2974343
66.4,65.9,65.1,54.7,2026-06-20 03:40:00,2974343
65.8,66.0,64.2,54.1,2026-06-20 04:00:00,2974343
65.2,67.4,63.5,54.1,2026-06-20 04:20:00,2974343
64.7,67.9,63.1,53.9,2026-06-20 04:40:00,2974343
64.5,69.0,63.0,54.1,2026-06-20 05:00:00,2974343
64.1,69.8,62.8,54.1,2026-06-20 05:20:00,2974343
64.0,69.9,62.6,54.0,2026-06-20 05:40:00,2974343
63.9,70.2,62.6,54.1,2026-06-20 06:00:00,2974343
64.0,71.1,62.6,54.5,2026-06-20 06:20:00,2974343
65.1,69.1,63.5,54.7,2026-06-20 06:40:00,2974343
66.8,66.6,65.7,55.3,2026-06-20 07:00:00,2974343
70.0,66.4,70.2,58.3,2026-06-20 07:20:00,2974343
73.1,56.8,72.7,56.9,2026-06-20 07:40:00,2974343
77.9,52.9,77.5,59.4,2026-06-20 08:00:00,2974343
80.8,46.5,80.2,58.4,2026-06-20 08:20:00,2974343
84.4,43.3,84.7,59.7,2026-06-20 08:40:00,2974343
85.6,41.2,85.8,59.3,2026-06-20 09:00:00,2974343
85.3,38.8,84.9,57.4,2026-06-20 09:20:00,2974343
85.5,37.5,84.9,56.6,2026-06-20 09:40:00,2974343
87.9,34.9,87.3,56.8,2026-06-20 10:00:00,2974343
86.2,34.3,84.9,54.8,2026-06-20 10:20:00,2974343
86.0,33.7,84.4,54.1,2026-06-20 10:40:00,2974343
86.5,30.0,84.2,51.4,2026-06-20 11:00:00,2974343
86.5,31.5,84.4,52.7,2026-06-20 11:20:00,2974343
87.7,32.0,86.2,54.3,2026-06-20 11:40:00,2974343
87.8,28.0,85.3,50.6,2026-06-20 12:00:00,2974343
87.7,30.6,85.6,53.0,2026-06-20 12:20:00,2974343
85.8,30.1,83.5,50.9,2026-06-20 12:40:00,2974343
88.0,30.5,86.2,53.2,2026-06-20 13:00:00,2974343
87.9,29.4,85.6,52.0,2026-06-20 13:20:00,2974343
88.2,31.1,86.5,53.8,2026-06-20 13:40:00,2974343
86.7,30.9,84.7,52.4,2026-06-20 14:00:00,2974343
88.1,30.0,86.0,52.8,2026-06-20 14:20:00,2974343
89.4,29.0,87.6,53.0,2026-06-20 14:40:00,2974343
87.8,31.2,86.2,53.6,2026-06-20 15:00:00,2974343
88.3,31.8,86.9,54.5,2026-06-20 15:20:00,2974343
88.3,30.4,86.4,53.3,2026-06-20 15:40:00,2974343
90.9,29.5,90.0,54.6,2026-06-20 16:00:00,2974343
88.5,29.4,86.7,52.6,2026-06-20 16:20:00,2974343
91.0,29.4,90.0,54.6,2026-06-20 16:40:00,2974343
90.5,28.5,89.2,53.5,2026-06-20 17:00:00,2974343
94.4,28.2,94.5,56.4,2026-06-20 17:20:00,2974343
89.8,29.3,88.2,53.6,2026-06-20 17:40:00,2974343
89.8,31.0,88.9,55.2,2026-06-20 18:00:00,2974343
87.2,32.9,85.6,54.5,2026-06-20 18:20:00,2974343
86.4,33.8,85.1,54.5,2026-06-20 18:40:00,2974343
86.1,35.2,85.1,55.5,2026-06-20 19:00:00,2974343
85.6,36.0,84.6,55.6,2026-06-20 19:20:00,2974343
85.0,38.1,84.4,56.7,2026-06-20 19:40:00,2974343
83.6,38.6,82.2,55.7,2026-06-20 20:00:00,2974343
82.8,40.5,81.7,56.4,2026-06-20 20:20:00,2974343
81.6,44.4,80.8,57.8,2026-06-20 20:40:00,2974343
80.5,45.9,79.5,57.8,2026-06-20 21:00:00,2974343
79.5,46.6,78.6,57.3,2026-06-20 21:20:00,2974343
78.9,48.6,78.1,57.9,2026-06-20 21:40:00,2974343
78.4,48.0,77.2,57.1,2026-06-20 22:00:00,2974343
78.2,48.6,77.2,57.2,2026-06-20 22:20:00,2974343
78.5,46.3,77.2,56.2,2026-06-20 22:40:00,2974343
77.9,47.4,76.8,56.3,2026-06-20 23:00:00,2974343
77.0,48.9,75.7,56.3,2026-06-20 23:20:00,2974343
76.4,50.1,75.2,56.5,2026-06-20 23:40:00,2974343
75.6,50.8,74.5,56.1,2026-06-21 00:00:00,2974343
75.3,52.4,74.3,56.7,2026-06-21 00:20:00,2974343
75.2,52.7,74.1,56.8,2026-06-21 00:40:00,2974343
75.0,53.6,74.1,57.0,2026-06-21 01:00:00,2974343
74.6,53.9,73.8,56.8,2026-06-21 01:20:00,2974343
74.1,55.8,73.4,57.3,2026-06-21 01:40:00,2974343
74.0,56.6,73.4,57.7,2026-06-21 02:00:00,2974343
73.7,57.3,73.2,57.6,2026-06-21 02:20:00,2974343
72.8,59.3,72.5,57.7,2026-06-21 02:40:00,2974343
72.8,60.8,72.7,58.4,2026-06-21 03:00:00,2974343
72.7,61.9,72.9,58.9,2026-06-21 03:20:00,2974343
72.7,62.8,72.9,59.3,2026-06-21 03:40:00,2974343
73.2,62.6,73.2,59.7,2026-06-21 04:00:00,2974343
72.5,63.6,72.9,59.5,2026-06-21 04:20:00,2974343
72.4,64.3,72.7,59.7,2026-06-21 04:40:00,2974343
71.8,65.5,72.1,59.6,2026-06-21 05:00:00,2974343
70.6,67.6,70.9,59.4,2026-06-21 05:20:00,2974343
70.1,70.4,70.3,60.0,2026-06-21 05:40:00,2974343
69.5,71.5,69.6,59.9,2026-06-21 06:00:00,2974343
69.1,73.3,69.1,60.2,2026-06-21 06:20:00,2974343
69.2,74.5,69.4,60.7,2026-06-21 06:40:00,2974343
69.9,75.2,70.5,61.7,2026-06-21 07:00:00,2974343
74.2,71.3,75.0,64.3,2026-06-21 07:20:00,2974343
77.0,67.3,78.1,65.4,2026-06-21 07:40:00,2974343
78.5,59.8,79.2,63.4,2026-06-21 08:00:00,2974343
80.2,57.3,81.1,63.8,2026-06-21 08:20:00,2974343
83.2,54.0,85.3,64.8,2026-06-21 08:40:00,2974343
85.3,49.3,87.8,64.2,2026-06-21 09:00:00,2974343
88.2,45.2,91.0,64.2,2026-06-21 09:20:00,2974343
88.7,45.0,91.9,64.6,2026-06-21 09:40:00,2974343
90.1,41.8,93.4,63.7,2026-06-21 10:00:00,2974343
90.2,40.3,93.0,62.8,2026-06-21 10:20:00,2974343
91.2,38.4,93.9,62.3,2026-06-21 10:40:00,2974343
90.8,35.3,91.9,59.7,2026-06-21 11:00:00,2974343
90.0,34.4,90.5,58.2,2026-06-21 11:20:00,2974343
91.7,33.8,92.8,59.2,2026-06-21 11:40:00,2974343
92.2,33.4,93.4,59.2,2026-06-21 12:00:00,2974343
91.9,33.6,93.0,59.2,2026-06-21 12:20:00,2974343
93.5,32.8,95.0,59.9,2026-06-21 12:40:00,2974343
93.6,33.0,95.5,60.2,2026-06-21 13:00:00,2974343
91.5,32.7,92.1,58.0,2026-06-21 13:20:00,2974343
91.3,34.6,92.5,59.5,2026-06-21 13:40:00,2974343
91.9,37.3,94.6,62.2,2026-06-21 14:00:00,2974343
95.1,31.8,97.3,60.4,2026-06-21 14:20:00,2974343
92.8,33.8,94.5,60.1,2026-06-21 14:40:00,2974343
95.5,33.4,99.0,62.2,2026-06-21 15:00:00,2974343
96.7,30.6,99.3,60.7,2026-06-21 15:20:00,2974343
97.0,30.3,99.3,60.6,2026-06-21 15:40:00,2974343
94.9,33.4,97.9,61.6,2026-06-21 16:00:00,2974343
96.4,33.2,100.2,62.8,2026-06-21 16:20:00,2974343
95.3,32.4,97.9,61.2,2026-06-21 16:40:00,2974343
96.2,33.0,99.9,62.4,2026-06-21 17:00:00,2974343
93.5,34.1,95.7,61.0,2026-06-21 17:20:00,2974343
93.7,36.5,97.3,63.1,2026-06-21 17:40:00,2974343
91.9,36.6,94.3,61.6,2026-06-21 18:00:00,2974343
90.9,39.2,93.9,62.6,2026-06-21 18:20:00,2974343
89.8,40.1,92.1,62.3,2026-06-21 18:40:00,2974343
90.1,40.7,93.2,63.1,2026-06-21 19:00:00,2974343
89.4,41.5,91.8,62.9,2026-06-21 19:20:00,2974343
88.6,43.3,91.0,63.4,2026-06-21 19:40:00,2974343
87.7,44.5,90.0,63.4,2026-06-21 20:00:00,2974343
86.8,46.1,89.1,63.6,2026-06-21 20:20:00,2974343
85.9,47.5,88.2,63.6,2026-06-21 20:40:00,2974343
85.2,47.0,86.9,62.7,2026-06-21 21:00:00,2974343
84.6,47.6,86.2,62.5,2026-06-21 21:20:00,2974343
83.8,48.9,84.9,62.5,2026-06-21 21:40:00,2974343
83.2,49.7,84.2,62.5,2026-06-21 22:00:00,2974343
82.6,50.9,83.3,62.6,2026-06-21 22:20:00,2974343
81.7,52.4,82.4,62.6,2026-06-21 22:40:00,2974343
81.2,53.4,81.9,62.6,2026-06-21 23:00:00,2974343
80.9,54.4,81.7,63.0,2026-06-21 23:20:00,2974343
80.6,57.6,81.9,64.2,2026-06-21 23:40:00,2974343
80.1,61.7,82.0,65.8,2026-06-22 00:00:00,2974343
79.7,63.9,81.9,66.4,2026-06-22 00:20:00,2974343
79.3,66.0,81.5,67.0,2026-06-22 00:40:00,2974343
78.8,67.7,81.1,67.2,2026-06-22 01:00:00,2974343
78.1,68.9,80.1,67.0,2026-06-22 01:20:00,2974343
75.6,81.9,77.7,69.6,2026-06-14 03:00:00,2962354
75.3,82.6,77.5,69.6,2026-06-14 03:10:00,2962354
75.2,83.2,77.4,69.7,2026-06-14 03:20:00,2962354
74.9,83.7,77.2,69.6,2026-06-14 03:30:00,2962354
74.6,84.4,76.8,69.5,2026-06-14 03:40:00,2962354
74.5,84.8,76.8,69.6,2026-06-14 03:50:00,2962354
74.3,85.4,76.5,69.6,2026-06-14 04:00:00,2962354
74.1,86.1,76.3,69.7,2026-06-14 04:10:00,2962354
74.0,86.9,76.5,69.9,2026-06-14 04:20:00,2962354
73.8,87.3,76.3,69.7,2026-06-14 04:30:00,2962354
73.6,87.9,76.1,69.8,2026-06-14 04:40:00,2962354
73.4,88.6,75.7,69.9,2026-06-14 04:50:00,2962354
73.1,89.2,75.4,69.7,2026-06-14 05:00:00,2962354
72.9,89.7,75.2,69.7,2026-06-14 05:10:00,2962354
72.8,90.4,75.0,69.8,2026-06-14 05:20:00,2962354
72.7,90.6,75.0,69.8,2026-06-14 05:30:00,2962354
72.7,90.8,75.0,69.8,2026-06-14 05:40:00,2962354
72.6,91.0,74.8,69.8,2026-06-14 05:50:00,2962354
72.6,91.1,74.8,69.8,2026-06-14 06:00:00,2962354
72.7,91.3,75.0,70.0,2026-06-14 06:10:00,2962354
72.8,91.3,75.0,70.1,2026-06-14 06:20:00,2962354
73.2,91.0,75.6,70.4,2026-06-14 06:30:00,2962354
73.9,90.5,76.5,70.9,2026-06-14 06:40:00,2962354
75.3,89.3,78.3,72.0,2026-06-14 06:50:00,2962354
76.4,86.6,79.3,72.1,2026-06-14 07:00:00,2962354
77.7,83.8,81.5,72.4,2026-06-14 07:10:00,2962354
78.9,80.8,83.7,72.5,2026-06-14 07:20:00,2962354
81.1,78.9,87.6,73.9,2026-06-14 07:30:00,2962354
81.8,76.1,88.2,73.5,2026-06-14 07:40:00,2962354
80.3,74.8,85.1,71.5,2026-06-14 07:50:00,2962354
81.6,74.6,87.4,72.8,2026-06-14 08:00:00,2962354
82.3,72.6,88.3,72.6,2026-06-14 08:10:00,2962354
83.2,71.7,90.3,73.1,2026-06-14 08:20:00,2962354
83.8,69.2,90.9,72.6,2026-06-14 08:30:00,2962354
84.6,70.5,93.4,74.0,2026-06-14 08:40:00,2962354
86.0,68.8,95.7,74.5,2026-06-14 08:50:00,2962354
85.1,68.3,93.9,73.5,2026-06-14 09:00:00,2962354
83.0,68.7,88.9,71.7,2026-06-14 09:10:00,2962354
84.4,68.7,91.9,73.0,2026-06-14 09:20:00,2962354
87.4,65.7,97.7,74.5,2026-06-14 09:30:00,2962354
87.8,63.9,98.1,74.0,2026-06-14 09:40:00,2962354
86.9,62.0,95.4,72.3,2026-06-14 09:50:00,2962354
87.7,63.6,97.5,73.8,2026-06-14 10:00:00,2962354
90.0,59.9,101.7,74.2,2026-06-14 10:10:00,2962354
91.1,57.0,102.9,73.8,2026-06-14 10:20:00,2962354
91.1,56.4,102.4,73.5,2026-06-14 10:30:00,2962354
92.7,56.4,106.3,74.9,2026-06-14 10:40:00,2962354
94.0,54.6,108.3,75.1,2026-06-14 10:50:00,2962354
92.4,54.3,104.4,73.5,2026-06-14 11:00:00,2962354
92.6,53.5,104.4,73.2,2026-06-14 11:10:00,2962354
94.1,53.5,108.3,74.7,2026-06-14 11:20:00,2962354
93.8,53.1,107.1,74.1,2026-06-14 11:30:00,2962354
93.5,54.5,107.1,74.6,2026-06-14 11:40:00,2962354
93.0,54.1,106.0,74.0,2026-06-14 11:50:00,2962354
95.5,53.4,111.6,75.9,2026-06-14 12:00:00,2962354
96.1,50.4,110.8,74.7,2026-06-14 12:10:00,2962354
96.6,49.8,112.1,74.8,2026-06-14 12:20:00,2962354
94.6,50.1,107.1,73.1,2026-06-14 12:30:00,2962354
94.2,50.2,106.2,72.8,2026-06-14 12:40:00,2962354
92.0,53.6,103.1,72.8,2026-06-14 12:50:00,2962354
94.9,54.5,110.8,75.9,2026-06-14 13:00:00,2962354
94.6,48.5,105.8,72.2,2026-06-14 13:20:00,2962354
96.5,45.7,108.5,72.2,2026-06-14 13:40:00,2962354
97.0,41.1,106.3,69.4,2026-06-14 14:00:00,2962354
100.1,37.2,110.1,69.3,2026-06-14 14:20:00,2962354
99.9,34.7,108.0,67.0,2026-06-14 14:40:00,2962354
102.1,34.5,112.3,68.8,2026-06-14 15:00:00,2962354
101.8,32.5,109.8,66.8,2026-06-14 15:20:00,2962354
101.9,34.8,112.1,68.9,2026-06-14 15:40:00,2962354
102.2,34.6,112.6,69.0,2026-06-14 16:00:00,2962354
99.5,37.2,109.0,68.8,2026-06-14 16:20:00,2962354
98.8,36.3,106.5,67.4,2026-06-14 16:40:00,2962354
97.7,35.9,104.5,66.1,2026-06-14 17:00:00,2962354
99.4,32.8,105.4,65.0,2026-06-14 17:20:00,2962354
98.6,31.4,103.1,63.1,2026-06-14 17:40:00,2962354
98.7,32.3,103.8,64.0,2026-06-14 18:00:00,2962354
97.6,32.6,102.2,63.3,2026-06-14 18:20:00,2962354
96.8,33.2,100.9,63.1,2026-06-14 18:40:00,2962354
91.9,44.4,97.7,67.1,2026-06-14 19:00:00,2962354
84.8,62.8,91.0,70.7,2026-06-14 19:20:00,2962354
81.1,76.5,86.9,73.0,2026-06-14 19:40:00,2962354
81.0,78.4,87.4,73.6,2026-06-14 20:00:00,2962354
80.5,78.6,86.4,73.2,2026-06-14 20:20:00,2962354
80.5,77.3,86.0,72.7,2026-06-14 20:40:00,2962354
80.8,74.1,86.0,71.8,2026-06-14 21:00:00,2962354
80.9,71.2,85.3,70.7,2026-06-14 21:20:00,2962354
81.1,71.9,85.8,71.2,2026-06-14 21:40:00,2962354
81.0,73.0,86.2,71.5,2026-06-14 22:00:00,2962354
81.1,73.2,86.2,71.7,2026-06-14 22:20:00,2962354
80.8,73.0,85.8,71.3,2026-06-14 22:40:00,2962354
80.4,74.1,84.9,71.4,2026-06-14 23:00:00,2962354
80.2,74.1,84.6,71.2,2026-06-14 23:20:00,2962354
79.8,74.4,84.0,70.9,2026-06-14 23:40:00,2962354
79.4,75.1,83.7,70.9,2026-06-15 00:00:00,2962354
79.4,75.6,83.7,71.1,2026-06-15 00:20:00,2962354
79.2,76.2,83.5,71.1,2026-06-15 00:40:00,2962354
79.2,76.7,83.5,71.2,2026-06-15 01:00:00,2962354
79.0,77.3,83.3,71.3,2026-06-15 01:20:00,2962354
79.2,77.6,83.7,71.5,2026-06-15 01:40:00,2962354
79.1,77.6,83.3,71.5,2026-06-15 02:00:00,2962354
79.1,77.7,83.3,71.5,2026-06-15 02:20:00,2962354
79.0,77.9,83.5,71.5,2026-06-15 02:40:00,2962354
78.7,78.5,82.8,71.5,2026-06-15 03:00:00,2962354
78.4,79.2,82.4,71.4,2026-06-15 03:20:00,2962354
77.8,80.0,81.3,71.2,2026-06-15 03:40:00,2962354
77.3,81.1,80.4,71.0,2026-06-15 04:00:00,2962354
76.9,82.1,79.9,71.0,2026-06-15 04:20:00,2962354
76.5,82.8,79.2,70.9,2026-06-15 04:40:00,2962354
76.2,83.3,78.8,70.7,2026-06-15 05:00:00,2962354
76.1,82.6,78.4,70.4,2026-06-15 05:20:00,2962354
75.8,82.3,78.3,70.1,2026-06-15 05:40:00,2962354
76.1,77.7,77.9,68.6,2026-06-15 06:00:00,2962354
76.5,70.0,77.5,65.9,2026-06-15 06:20:00,2962354
77.0,67.0,77.7,65.2,2026-06-15 06:40:00,2962354
77.9,64.6,79.0,65.0,2026-06-15 07:00:00,2962354
77.3,63.0,77.7,63.7,2026-06-15 07:20:00,2962354
77.1,63.5,77.5,63.8,2026-06-15 07:40:00,2962354
79.2,59.7,80.2,64.0,2026-06-15 08:00:00,2962354
82.0,54.0,83.1,63.7,2026-06-15 08:20:00,2962354
78.3,56.4,78.4,61.5,2026-06-15 08:40:00,2962354
78.5,58.6,79.2,62.8,2026-06-15 09:00:00,2962354
78.0,56.8,78.1,61.4,2026-06-15 09:20:00,2962354
78.5,52.1,78.1,59.5,2026-06-15 09:40:00,2962354
79.9,49.7,79.5,59.5,2026-06-15 10:00:00,2962354
84.5,46.3,85.5,61.7,2026-06-15 10:20:00,2962354
84.0,45.8,84.4,60.9,2026-06-15 10:40:00,2962354
86.3,42.2,87.3,60.6,2026-06-15 11:00:00,2962354
87.4,40.3,88.2,60.3,2026-06-15 11:20:00,2962354
84.8,36.8,83.7,55.5,2026-06-15 11:40:00,2962354
85.7,34.1,84.2,54.2,2026-06-15 12:00:00,2962354
84.6,36.2,83.3,54.8,2026-06-15 12:20:00,2962354
86.9,35.9,86.4,56.6,2026-06-15 12:40:00,2962354
87.1,33.2,85.8,54.7,2026-06-15 13:00:00,2962354
88.4,32.1,87.3,54.8,2026-06-15 13:20:00,2962354
89.5,32.0,88.9,55.8,2026-06-15 13:40:00,2962354
89.2,31.3,88.0,54.9,2026-06-15 14:00:00,2962354
90.7,30.3,90.0,55.3,2026-06-15 14:20:00,2962354
89.9,29.2,88.5,53.6,2026-06-15 14:40:00,2962354
90.9,28.2,89.6,53.5,2026-06-15 15:00:00,2962354
94.1,27.7,94.1,55.7,2026-06-15 15:20:00,2962354
92.8,28.7,92.3,55.6,2026-06-15 15:40:00,2962354
93.3,30.8,93.7,57.9,2026-06-15 16:00:00,2962354
93.4,27.9,92.7,55.3,2026-06-15 16:20:00,2962354
92.3,27.6,91.6,54.1,2026-06-15 16:40:00,2962354
90.9,28.1,89.6,53.4,2026-06-15 17:00:00,2962354
89.0,30.1,87.4,53.7,2026-06-15 17:20:00,2962354
90.8,29.6,89.8,54.7,2026-06-15 17:40:00,2962354
87.5,30.8,85.6,53.0,2026-06-15 18:00:00,2962354
87.1,32.2,85.5,53.9,2026-06-15 18:20:00,2962354
86.6,32.9,84.9,53.9,2026-06-15 18:40:00,2962354
86.1,33.1,84.4,53.7,2026-06-15 19:00:00,2962354
85.3,34.2,83.8,53.9,2026-06-15 19:20:00,2962354
84.8,34.9,83.1,54.0,2026-06-15 19:40:00,2962354
84.0,34.6,82.2,53.2,2026-06-15 20:00:00,2962354
83.0,35.1,81.0,52.6,2026-06-15 20:20:00,2962354
82.0,36.3,79.7,52.6,2026-06-15 20:40:00,2962354
80.8,38.0,78.8,52.9,2026-06-15 21:00:00,2962354
79.9,39.4,77.9,53.0,2026-06-15 21:20:00,2962354
79.4,40.2,77.5,53.1,2026-06-15 21:40:00,2962354
78.0,41.6,75.9,52.9,2026-06-15 22:00:00,2962354
77.0,42.9,75.0,52.7,2026-06-15 22:20:00,2962354
76.6,43.1,74.5,52.5,2026-06-15 22:40:00,2962354
75.8,43.9,73.9,52.3,2026-06-15 23:00:00,2962354
75.2,44.9,73.4,52.4,2026-06-15 23:20:00,2962354
74.5,46.2,73.0,52.5,2026-06-15 23:40:00,2962354
74.4,47.1,73.0,52.9,2026-06-16 00:00:00,2962354
73.3,48.7,72.1,52.9,2026-06-16 00:20:00,2962354
73.5,48.4,72.3,52.8,2026-06-16 00:40:00,2962354
73.4,49.4,72.1,53.3,2026-06-16 01:00:00,2962354
73.3,48.8,72.1,53.0,2026-06-16 01:20:00,2962354
73.0,48.5,71.8,52.4,2026-06-16 01:40:00,2962354
72.4,49.1,71.4,52.2,2026-06-16 02:00:00,2962354
72.1,49.2,71.1,52.0,2026-06-16 02:20:00,2962354
71.9,48.8,70.9,51.6,2026-06-16 02:40:00,2962354
71.3,49.4,70.3,51.4,2026-06-16 03:00:00,2962354
71.3,49.5,70.3,51.4,2026-06-16 03:20:00,2962354
70.9,49.8,70.0,51.2,2026-06-16 03:40:00,2962354
70.6,50.2,69.8,51.1,2026-06-16 04:00:00,2962354
69.9,51.3,68.7,51.1,2026-06-16 04:20:00,2962354
69.3,52.3,68.0,51.1,2026-06-16 04:40:00,2962354
69.2,52.9,68.0,51.3,2026-06-16 05:00:00,2962354
69.1,52.9,68.0,51.2,2026-06-16 05:20:00,2962354
69.2,53.1,68.0,51.4,2026-06-16 05:40:00,2962354
69.1,53.9,68.0,51.7,2026-06-16 06:00:00,2962354
69.0,55.0,67.8,52.2,2026-06-16 06:20:00,2962354
69.1,55.6,68.2,52.5,2026-06-16 06:40:00,2962354
69.7,56.5,68.9,53.5,2026-06-16 07:00:00,2962354
69.6,57.2,68.7,53.8,2026-06-16 07:20:00,2962354
69.9,57.4,69.1,54.2,2026-06-16 07:40:00,2962354
70.8,56.7,70.5,54.7,2026-06-16 08:00:00,2962354
71.3,56.5,70.9,55.0,2026-06-16 08:20:00,2962354
72.1,55.4,71.6,55.3,2026-06-16 08:40:00,2962354
73.2,54.3,72.5,55.7,2026-06-16 09:00:00,2962354
73.5,53.7,72.9,55.7,2026-06-16 09:20:00,2962354
75.8,50.6,74.7,56.2,2026-06-16 09:40:00,2962354
78.8,49.0,78.1,58.0,2026-06-16 10:00:00,2962354
76.5,48.7,75.2,55.7,2026-06-16 10:20:00,2962354
78.1,47.0,77.0,56.2,2026-06-16 10:40:00,2962354
80.2,45.5,79.2,57.2,2026-06-16 11:00:00,2962354
77.8,46.1,76.3,55.5,2026-06-16 11:20:00,2962354
78.9,46.9,77.9,56.9,2026-06-16 11:40:00,2962354
80.9,43.4,79.7,56.5,2026-06-16 12:00:00,2962354
81.3,42.0,79.9,56.0,2026-06-16 12:20:00,2962354
81.8,41.3,80.4,56.0,2026-06-16 12:40:00,2962354
81.6,40.3,80.1,55.1,2026-06-16 13:00:00,2962354
83.5,41.6,82.9,57.7,2026-06-16 13:20:00,2962354
84.7,38.0,83.7,56.3,2026-06-16 13:40:00,2962354
84.4,38.3,83.5,56.2,2026-06-16 14:00:00,2962354
88.4,35.4,88.3,57.6,2026-06-16 14:20:00,2962354
85.8,37.3,85.3,56.8,2026-06-16 14:40:00,2962354
88.7,36.8,88.9,58.9,2026-06-16 15:00:00,2962354
86.4,38.4,86.4,58.1,2026-06-16 15:20:00,2962354
88.6,37.4,89.2,59.3,2026-06-16 15:40:00,2962354
86.7,38.1,86.9,58.2,2026-06-16 16:00:00,2962354
84.0,41.3,83.5,58.0,2026-06-16 16:20:00,2962354
85.3,41.5,85.3,59.3,2026-06-16 16:40:00,2962354
84.4,42.2,84.4,59.0,2026-06-16 17:00:00,2962354
83.6,44.8,83.5,59.9,2026-06-16 17:20:00,2962354
82.6,46.8,82.8,60.2,2026-06-16 17:40:00,2962354
82.1,48.8,82.2,60.9,2026-06-16 18:00:00,2962354
82.3,49.1,82.6,61.3,2026-06-16 18:20:00,2962354
81.5,48.9,81.3,60.4,2026-06-16 18:40:00,2962354
81.7,47.6,81.7,59.9,2026-06-16 19:00:00,2962354
81.2,48.0,81.0,59.7,2026-06-16 19:20:00,2962354
80.7,48.8,80.4,59.6,2026-06-16 19:40:00,2962354
80.0,49.7,79.5,59.5,2026-06-16 20:00:00,2962354
79.4,50.2,79.2,59.3,2026-06-16 20:20:00,2962354
78.8,51.2,78.4,59.3,2026-06-16 20:40:00,2962354
77.8,52.9,77.2,59.3,2026-06-16 21:00:00,2962354
77.1,54.2,76.5,59.3,2026-06-16 21:20:00,2962354
76.6,55.0,75.9,59.2,2026-06-16 21:40:00,2962354
76.3,55.9,75.7,59.4,2026-06-16 22:00:00,2962354
75.8,57.0,75.4,59.5,2026-06-16 22:20:00,2962354
75.5,58.2,75.0,59.8,2026-06-16 22:40:00,2962354
75.2,59.1,74.8,60.0,2026-06-16 23:00:00,2962354
74.8,60.3,74.7,60.1,2026-06-16 23:20:00,2962354
74.4,61.8,74.5,60.4,2026-06-16 23:40:00,2962354
74.1,62.6,74.1,60.5,2026-06-17 00:00:00,2962354
73.9,63.7,74.1,60.8,2026-06-17 00:20:00,2962354
73.6,65.1,73.9,61.1,2026-06-17 00:40:00,2962354
73.1,66.7,73.6,61.4,2026-06-17 01:00:00,2962354
72.8,68.1,73.2,61.6,2026-06-17 01:20:00,2962354
72.4,69.7,73.0,61.9,2026-06-17 01:40:00,2962354
72.0,71.1,72.7,62.1,2026-06-17 02:00:00,2962354
71.7,72.8,72.5,62.5,2026-06-17 02:20:00,2962354
71.7,74.4,72.5,63.1,2026-06-17 02:40:00,2962354
71.5,74.9,72.3,63.2,2026-06-17 03:00:00,2962354
71.3,75.8,72.3,63.3,2026-06-17 03:20:00,2962354
71.1,76.9,72.1,63.4,2026-06-17 03:40:00,2962354
70.9,77.9,72.0,63.7,2026-06-17 04:00:00,2962354
70.6,78.9,71.6,63.8,2026-06-17 04:20:00,2962354
70.5,79.7,71.6,64.0,2026-06-17 04:40:00,2962354
70.3,80.3,71.2,64.0,2026-06-17 05:00:00,2962354
70.0,80.8,71.1,63.9,2026-06-17 05:20:00,2962354
69.7,81.6,70.5,63.8,2026-06-17 05:40:00,2962354
69.4,82.2,70.2,63.7,2026-06-17 06:00:00,2962354
69.4,82.5,70.3,63.8,2026-06-17 06:20:00,2962354
70.7,82.2,72.0,65.0,2026-06-17 06:40:00,2962354
74.1,76.5,75.4,66.3,2026-06-17 07:00:00,2962354
73.6,73.2,74.7,64.5,2026-06-17 07:20:00,2962354
75.8,71.2,76.8,65.8,2026-06-17 07:40:00,2962354
78.4,68.0,80.2,66.9,2026-06-17 08:00:00,2962354
79.4,64.8,81.5,66.5,2026-06-17 08:20:00,2962354
80.7,64.5,83.5,67.6,2026-06-17 08:40:00,2962354
79.4,60.0,80.6,64.3,2026-06-17 09:00:00,2962354
84.1,56.6,87.6,67.0,2026-06-17 09:20:00,2962354
84.2,52.0,86.7,64.7,2026-06-17 09:40:00,2962354
86.3,50.4,89.6,65.7,2026-06-17 10:00:00,2962354
86.5,48.2,89.2,64.6,2026-06-17 10:20:00,2962354
89.4,42.9,92.5,63.9,2026-06-17 10:40:00,2962354
87.1,41.6,88.2,60.9,2026-06-17 11:00:00,2962354
88.2,39.2,89.1,60.3,2026-06-17 11:20:00,2962354
90.1,34.1,90.3,57.9,2026-06-17 11:40:00,2962354
89.7,34.7,90.0,58.2,2026-06-17 12:00:00,2962354
90.3,34.2,90.7,58.2,2026-06-17 12:20:00,2962354
91.4,33.5,92.1,58.6,2026-06-17 12:40:00,2962354
91.0,33.3,91.6,58.2,2026-06-17 13:00:00,2962354
91.9,31.5,92.1,57.4,2026-06-17 13:20:00,2962354
92.7,30.9,93.2,57.6,2026-06-17 13:40:00,2962354
92.9,33.2,94.5,59.7,2026-06-17 14:00:00,2962354
93.5,33.6,95.5,60.6,2026-06-17 14:20:00,2962354
95.1,32.8,97.9,61.3,2026-06-17 14:40:00,2962354
93.9,31.1,94.8,58.7,2026-06-17 15:00:00,2962354
95.6,30.8,97.7,60.0,2026-06-17 15:20:00,2962354
90.3,32.9,90.5,57.3,2026-06-17 15:40:00,2962354
96.3,30.9,99.0,60.6,2026-06-17 16:00:00,2962354
93.1,31.7,94.1,58.6,2026-06-17 16:20:00,2962354
94.7,30.4,96.1,58.8,2026-06-17 16:40:00,2962354
93.6,32.4,95.2,59.7,2026-06-17 17:00:00,2962354
92.6,32.2,93.4,58.6,2026-06-17 17:20:00,2962354
93.1,31.6,94.1,58.6,2026-06-17 17:40:00,2962354
91.3,33.7,92.3,58.7,2026-06-17 18:00:00,2962354
89.8,35.6,90.7,59.0,2026-06-17 18:20:00,2962354
89.8,38.8,91.9,61.4,2026-06-17 18:40:00,2962354
89.0,40.7,90.9,62.1,2026-06-17 19:00:00,2962354
88.4,42.5,90.5,62.7,2026-06-17 19:20:00,2962354
87.9,43.0,89.8,62.6,2026-06-17 19:40:00,2962354
86.6,45.1,88.5,62.8,2026-06-17 20:00:00,2962354
85.7,46.5,87.4,62.9,2026-06-17 20:20:00,2962354
85.1,49.0,87.1,63.8,2026-06-17 20:40:00,2962354
84.1,51.5,86.2,64.3,2026-06-17 21:00:00,2962354
83.1,54.2,85.3,64.9,2026-06-17 21:20:00,2962354
82.6,56.9,84.6,65.8,2026-06-17 21:40:00,2962354
82.1,59.5,84.6,66.6,2026-06-17 22:00:00,2962354
82.0,61.6,84.7,67.5,2026-06-17 22:20:00,2962354
81.4,63.9,84.6,68.0,2026-06-17 22:40:00,2962354
80.8,66.0,84.2,68.4,2026-06-17 23:00:00,2962354
80.4,67.3,83.5,68.6,2026-06-17 23:20:00,2962354
79.8,68.2,82.8,68.4,2026-06-17 23:40:00,2962354
79.8,67.8,82.8,68.1,2026-06-18 00:00:00,2962354
80.0,65.6,82.6,67.4,2026-06-18 00:20:00,2962354
79.8,64.7,82.0,66.8,2026-06-18 00:40:00,2962354
79.5,64.8,81.7,66.6,2026-06-18 01:00:00,2962354
79.0,65.7,81.1,66.5,2026-06-18 01:20:00,2962354
78.5,66.5,80.4,66.4,2026-06-18 01:40:00,2962354
78.4,67.6,80.2,66.7,2026-06-18 02:00:00,2962354
77.8,68.7,79.5,66.7,2026-06-18 02:20:00,2962354
77.5,69.7,79.0,66.8,2026-06-18 02:40:00,2962354
77.4,71.1,79.2,67.2,2026-06-18 03:00:00,2962354
77.2,72.6,79.2,67.7,2026-06-18 03:20:00,2962354
77.2,75.8,79.5,69.0,2026-06-18 03:40:00,2962354
77.1,77.5,79.3,69.5,2026-06-18 04:00:00,2962354
76.6,79.3,79.2,69.7,2026-06-18 04:20:00,2962354
76.5,80.8,79.0,70.2,2026-06-18 04:40:00,2962354
76.1,81.7,78.4,70.1,2026-06-18 05:00:00,2962354
75.8,82.7,78.3,70.2,2026-06-18 05:20:00,2962354
75.5,83.6,77.9,70.2,2026-06-18 05:40:00,2962354
75.4,84.4,77.9,70.3,2026-06-18 06:00:00,2962354
75.5,84.7,78.1,70.6,2026-06-18 06:20:00,2962354
76.1,84.3,78.8,71.0,2026-06-18 06:40:00,2962354
77.1,82.8,80.2,71.4,2026-06-18 07:00:00,2962354
77.7,80.8,81.1,71.3,2026-06-18 07:20:00,2962354
78.8,78.6,83.1,71.6,2026-06-18 07:40:00,2962354
81.8,73.3,87.4,72.4,2026-06-18 08:00:00,2962354
82.0,71.1,87.3,71.7,2026-06-18 08:20:00,2962354
82.9,68.8,88.5,71.6,2026-06-18 08:40:00,2962354
83.4,68.1,89.6,71.7,2026-06-18 09:00:00,2962354
84.4,65.6,91.2,71.7,2026-06-18 09:20:00,2962354
86.0,64.2,94.3,72.5,2026-06-18 09:40:00,2962354
88.3,60.4,97.3,72.9,2026-06-18 10:00:00,2962354
87.7,59.2,95.5,71.7,2026-06-18 10:20:00,2962354
89.0,56.4,97.5,71.5,2026-06-18 10:40:00,2962354
90.5,54.9,100.4,72.1,2026-06-18 11:00:00,2962354
90.0,55.8,99.7,72.1,2026-06-18 11:20:00,2962354
92.2,51.1,102.2,71.5,2026-06-18 11:40:00,2962354
92.9,50.9,103.6,72.1,2026-06-18 12:00:00,2962354
93.6,48.7,103.8,71.4,2026-06-18 12:20:00,2962354
95.0,48.5,107.1,72.5,2026-06-18 12:40:00,2962354
95.8,45.8,106.9,71.6,2026-06-18 13:00:00,2962354
97.7,44.2,110.1,72.2,2026-06-18 13:20:00,2962354
97.3,44.4,109.2,72.0,2026-06-18 13:40:00,2962354
97.9,43.1,109.8,71.6,2026-06-18 14:00:00,2962354
97.7,41.5,108.3,70.3,2026-06-18 14:20:00,2962354
98.9,42.4,111.2,72.1,2026-06-18 14:40:00,2962354
98.5,43.0,111.0,72.2,2026-06-18 15:00:00,2962354
99.1,41.5,111.0,71.7,2026-06-18 15:20:00,2962354
99.4,40.8,111.2,71.4,2026-06-18 15:40:00,2962354
89.1,44.7,92.7,64.8,2026-06-18 16:00:00,2962354
84.2,58.2,88.3,67.9,2026-06-18 16:20:00,2962354
86.3,59.3,92.8,70.4,2026-06-18 16:40:00,2962354
84.2,60.5,89.1,69.1,2026-06-18 17:00:00,2962354
86.9,59.3,94.3,71.0,2026-06-18 17:20:00,2962354
89.0,55.7,97.0,71.1,2026-06-18 17:40:00,2962354
87.8,56.5,95.0,70.4,2026-06-18 18:00:00,2962354
88.3,55.9,95.4,70.5,2026-06-18 18:20:00,2962354
87.4,58.2,94.6,70.9,2026-06-18 18:40:00,2962354
88.0,58.0,95.9,71.4,2026-06-18 19:00:00,2962354
87.7,58.8,95.5,71.5,2026-06-18 19:20:00,2962354
86.0,62.7,93.6,71.8,2026-06-18 19:40:00,2962354
84.7,66.0,91.8,72.1,2026-06-18 20:00:00,2962354
83.9,67.3,90.5,71.9,2026-06-18 20:20:00,2962354
83.3,69.8,90.1,72.4,2026-06-18 20:40:00,2962354
83.3,69.6,89.6,72.2,2026-06-18 21:00:00,2962354
83.4,70.1,90.1,72.6,2026-06-18 21:20:00,2962354
83.9,66.1,90.1,71.4,2026-06-18 21:40:00,2962354
83.4,63.9,88.3,69.9,2026-06-18 22:00:00,2962354
81.5,68.7,85.6,70.2,2026-06-18 22:20:00,2962354
79.1,74.6,82.8,70.3,2026-06-18 22:40:00,2962354
77.8,77.5,80.8,70.2,2026-06-18 23:00:00,2962354
77.3,79.2,80.2,70.3,2026-06-18 23:20:00,2962354
76.4,82.0,78.8,70.4,2026-06-18 23:40:00,2962354
76.3,83.7,79.0,71.0,2026-06-19 00:00:00,2962354
76.3,83.6,79.0,70.9,2026-06-19 00:20:00,2962354
76.0,82.6,78.4,70.3,2026-06-19 00:40:00,2962354
76.2,81.9,78.4,70.3,2026-06-19 01:00:00,2962354
75.8,81.9,78.3,69.9,2026-06-19 01:20:00,2962354
75.8,81.6,78.1,69.8,2026-06-19 01:40:00,2962354
75.6,81.7,77.7,69.6,2026-06-19 02:00:00,2962354
75.8,82.2,78.3,70.0,2026-06-19 02:20:00,2962354
75.8,82.8,78.3,70.2,2026-06-19 02:40:00,2962354
75.8,83.6,78.4,70.5,2026-06-19 03:00:00,2962354
75.3,84.7,77.9,70.4,2026-06-19 03:20:00,2962354
74.8,85.9,77.2,70.3,2026-06-19 03:40:00,2962354
73.3,89.0,75.6,69.9,2026-06-19 04:00:00,2962354
72.3,91.1,74.3,69.5,2026-06-19 04:20:00,2962354
71.6,92.2,73.6,69.2,2026-06-19 04:40:00,2962354
71.5,93.3,73.4,69.5,2026-06-19 05:00:00,2962354
71.3,93.8,73.2,69.4,2026-06-19 05:20:00,2962354
71.0,94.2,72.9,69.3,2026-06-19 05:40:00,2962354
71.0,94.7,72.9,69.4,2026-06-19 06:00:00,2962354
71.0,95.2,72.9,69.5,2026-06-19 06:20:00,2962354
71.1,95.6,73.0,69.8,2026-06-19 06:40:00,2962354
71.3,95.7,73.4,70.1,2026-06-19 07:00:00,2962354
71.3,95.8,73.4,70.1,2026-06-19 07:20:00,2962354
71.5,96.0,73.6,70.3,2026-06-19 07:40:00,2962354
71.2,96.2,73.0,70.1,2026-06-19 08:00:00,2962354
71.4,96.4,73.4,70.3,2026-06-19 08:20:00,2962354
72.2,96.4,74.7,71.2,2026-06-19 08:40:00,2962354
72.6,96.3,75.2,71.5,2026-06-19 09:00:00,2962354
72.5,95.9,75.2,71.3,2026-06-19 09:20:00,2962354
72.8,95.9,75.4,71.6,2026-06-19 09:40:00,2962354
75.1,95.6,78.8,73.7,2026-06-19 10:00:00,2962354
75.7,91.9,79.2,73.2,2026-06-19 10:20:00,2962354
77.4,89.6,82.0,74.0,2026-06-19 10:40:00,2962354
80.0,84.8,86.7,75.0,2026-06-19 11:00:00,2962354
80.6,84.4,88.2,75.5,2026-06-19 11:20:00,2962354
80.3,80.7,86.5,73.8,2026-06-19 11:40:00,2962354
82.0,77.5,89.4,74.3,2026-06-19 12:00:00,2962354
81.3,75.1,86.9,72.7,2026-06-19 12:20:00,2962354
84.2,70.4,92.1,73.5,2026-06-19 12:40:00,2962354
83.6,68.8,90.1,72.3,2026-06-19 13:00:00,2962354
86.3,64.1,94.6,72.7,2026-06-19 13:20:00,2962354
86.7,62.6,94.8,72.4,2026-06-19 13:40:00,2962354
89.4,59.0,99.3,73.2,2026-06-19 14:00:00,2962354
89.4,56.9,98.6,72.1,2026-06-19 14:20:00,2962354
89.9,53.5,98.1,70.8,2026-06-19 14:40:00,2962354
88.8,53.9,95.9,70.0,2026-06-19 15:00:00,2962354
90.5,49.3,97.3,68.9,2026-06-19 15:20:00,2962354
92.4,46.5,99.9,68.9,2026-06-19 15:40:00,2962354
92.2,43.1,97.9,66.5,2026-06-19 16:00:00,2962354
92.2,42.2,97.3,65.9,2026-06-19 16:20:00,2962354
90.9,42.0,95.0,64.6,2026-06-19 16:40:00,2962354
88.7,43.6,91.2,63.7,2026-06-19 17:00:00,2962354
89.5,44.8,93.4,65.2,2026-06-19 17:20:00,2962354
90.3,44.1,94.8,65.5,2026-06-19 17:40:00,2962354
87.0,46.1,89.4,63.7,2026-06-19 18:00:00,2962354
86.5,47.5,89.1,64.1,2026-06-19 18:20:00,2962354
86.5,45.6,88.3,63.0,2026-06-19 18:40:00,2962354
85.3,46.8,86.7,62.6,2026-06-19 19:00:00,2962354
85.1,47.9,87.1,63.2,2026-06-19 19:20:00,2962354
84.6,44.7,85.3,60.7,2026-06-19 19:40:00,2962354
83.6,45.7,83.8,60.5,2026-06-19 20:00:00,2962354
82.6,47.8,82.9,60.9,2026-06-19 20:20:00,2962354
81.5,49.8,81.7,61.0,2026-06-19 20:40:00,2962354
81.4,45.0,80.6,58.1,2026-06-19 21:00:00,2962354
80.0,47.6,79.3,58.3,2026-06-19 21:20:00,2962354
78.5,49.5,77.7,58.1,2026-06-19 21:40:00,2962354
78.9,46.4,77.7,56.6,2026-06-19 22:00:00,2962354
78.1,47.9,77.0,56.8,2026-06-19 22:20:00,2962354
76.7,50.4,75.6,56.9,2026-06-19 22:40:00,2962354
76.0,51.2,74.8,56.7,2026-06-19 23:00:00,2962354
75.2,51.3,74.1,56.0,2026-06-19 23:20:00,2962354
75.1,50.1,73.9,55.2,2026-06-19 23:40:00,2962354
74.8,49.9,73.4,54.9,2026-06-20 00:00:00,2962354
74.1,50.4,73.0,54.5,2026-06-20 00:20:00,2962354
73.6,50.5,72.7,54.1,2026-06-20 00:40:00,2962354
72.8,52.0,72.0,54.1,2026-06-20 01:00:00,2962354
71.6,54.6,71.1,54.4,2026-06-20 01:20:00,2962354
70.6,56.2,70.2,54.2,2026-06-20 01:40:00,2962354
69.7,59.5,69.1,55.0,2026-06-20 02:00:00,2962354
69.0,60.1,68.2,54.6,2026-06-20 02:20:00,2962354
68.5,62.6,67.6,55.3,2026-06-20 02:40:00,2962354
68.1,62.2,67.1,54.7,2026-06-20 03:00:00,2962354
67.9,62.6,66.9,54.6,2026-06-20 03:20:00,2962354
67.4,62.0,66.0,53.9,2026-06-20 03:40:00,2962354
67.0,62.9,65.7,53.9,2026-06-20 04:00:00,2962354
66.4,64.8,65.1,54.2,2026-06-20 04:20:00,2962354
65.3,68.0,63.7,54.4,2026-06-20 04:40:00,2962354
64.8,70.1,63.5,54.8,2026-06-20 05:00:00,2962354
64.1,72.9,63.0,55.2,2026-06-20 05:20:00,2962354
63.5,74.6,62.4,55.3,2026-06-20 05:40:00,2962354
63.1,75.6,62.2,55.3,2026-06-20 06:00:00,2962354
63.9,75.4,63.1,55.9,2026-06-20 06:20:00,2962354
65.7,74.2,64.9,57.3,2026-06-20 06:40:00,2962354
68.4,70.2,68.2,58.3,2026-06-20 07:00:00,2962354
71.1,65.4,71.4,58.9,2026-06-20 07:20:00,2962354
76.5,54.6,75.7,58.9,2026-06-20 07:40:00,2962354
78.2,48.9,77.2,57.3,2026-06-20 08:00:00,2962354
82.4,47.8,82.6,60.6,2026-06-20 08:20:00,2962354
83.1,44.9,82.8,59.5,2026-06-20 08:40:00,2962354
83.0,43.3,82.6,58.4,2026-06-20 09:00:00,2962354
84.6,41.0,84.6,58.3,2026-06-20 09:20:00,2962354
85.4,39.6,85.1,58.1,2026-06-20 09:40:00,2962354
86.3,37.7,85.8,57.5,2026-06-20 10:00:00,2962354
87.1,37.0,87.1,57.7,2026-06-20 10:20:00,2962354
84.8,34.7,83.1,53.9,2026-06-20 10:40:00,2962354
86.7,31.1,84.6,52.6,2026-06-20 11:00:00,2962354
87.9,28.5,85.5,51.3,2026-06-20 11:20:00,2962354
85.8,29.5,83.1,50.4,2026-06-20 11:40:00,2962354
87.7,29.5,85.5,52.0,2026-06-20 12:00:00,2962354
89.8,30.4,88.7,54.6,2026-06-20 12:20:00,2962354
87.3,28.5,84.9,50.8,2026-06-20 12:40:00,2962354
88.8,31.5,87.4,54.7,2026-06-20 13:00:00,2962354
88.8,30.7,87.3,53.9,2026-06-20 13:20:00,2962354
87.0,30.6,84.7,52.3,2026-06-20 13:40:00,2962354
90.9,31.6,90.9,56.7,2026-06-20 14:00:00,2962354
90.6,29.7,89.6,54.7,2026-06-20 14:20:00,2962354
92.0,29.3,91.4,55.5,2026-06-20 14:40:00,2962354
90.3,29.8,89.1,54.5,2026-06-20 15:00:00,2962354
90.1,30.4,88.9,54.8,2026-06-20 15:20:00,2962354
90.1,30.9,89.4,55.3,2026-06-20 15:40:00,2962354
88.5,30.1,86.9,53.3,2026-06-20 16:00:00,2962354
88.7,30.4,87.1,53.7,2026-06-20 16:20:00,2962354
91.9,29.9,91.4,55.9,2026-06-20 16:40:00,2962354
91.4,28.8,90.5,54.5,2026-06-20 17:00:00,2962354
89.5,32.1,88.9,55.8,2026-06-20 17:20:00,2962354
90.0,30.3,88.9,54.7,2026-06-20 17:40:00,2962354
88.1,33.1,87.1,55.5,2026-06-20 18:00:00,2962354
86.6,33.8,85.3,54.8,2026-06-20 18:20:00,2962354
86.3,35.7,85.3,56.0,2026-06-20 18:40:00,2962354
86.3,36.4,85.6,56.5,2026-06-20 19:00:00,2962354
84.8,37.2,83.8,55.8,2026-06-20 19:20:00,2962354
84.2,39.6,83.5,57.0,2026-06-20 19:40:00,2962354
83.1,40.6,81.9,56.7,2026-06-20 20:00:00,2962354
82.0,42.2,80.8,56.8,2026-06-20 20:20:00,2962354
80.3,44.6,79.2,56.8,2026-06-20 20:40:00,2962354
79.2,47.5,78.4,57.6,2026-06-20 21:00:00,2962354
78.6,49.1,77.9,58.0,2026-06-20 21:20:00,2962354
78.3,48.4,77.4,57.2,2026-06-20 21:40:00,2962354
78.0,48.0,76.8,56.7,2026-06-20 22:00:00,2962354
77.5,49.1,76.3,56.8,2026-06-20 22:20:00,2962354
77.0,50.6,75.9,57.3,2026-06-20 22:40:00,2962354
76.5,51.4,75.4,57.2,2026-06-20 23:00:00,2962354
75.7,53.1,74.7,57.5,2026-06-20 23:20:00,2962354
75.3,54.9,74.5,58.0,2026-06-20 23:40:00,2962354
74.5,56.0,73.9,57.8,2026-06-21 00:00:00,2962354
74.1,56.1,73.4,57.5,2026-06-21 00:20:00,2962354
73.8,57.4,73.4,57.8,2026-06-21 00:40:00,2962354
73.5,57.3,73.0,57.5,2026-06-21 01:00:00,2962354
73.4,57.6,73.0,57.5,2026-06-21 01:20:00,2962354
73.1,59.7,72.9,58.2,2026-06-21 01:40:00,2962354
72.7,60.7,72.7,58.4,2026-06-21 02:00:00,2962354
72.2,61.7,72.3,58.4,2026-06-21 02:20:00,2962354
71.8,62.4,72.0,58.3,2026-06-21 02:40:00,2962354
71.2,64.4,71.4,58.6,2026-06-21 03:00:00,2962354
71.0,65.8,71.2,59.0,2026-06-21 03:20:00,2962354
70.8,66.9,71.2,59.3,2026-06-21 03:40:00,2962354
70.1,69.4,70.3,59.6,2026-06-21 04:00:00,2962354
69.6,69.9,69.8,59.4,2026-06-21 04:20:00,2962354
69.4,71.5,69.4,59.8,2026-06-21 04:40:00,2962354
69.0,72.7,69.1,59.8,2026-06-21 05:00:00,2962354
68.5,74.2,68.4,59.9,2026-06-21 05:20:00,2962354
68.1,75.8,68.2,60.2,2026-06-21 05:40:00,2962354
67.8,76.3,67.6,60.1,2026-06-21 06:00:00,2962354
68.2,76.7,68.4,60.6,2026-06-21 06:20:00,2962354
69.6,76.6,70.0,61.9,2026-06-21 06:40:00,2962354
72.1,71.2,72.7,62.3,2026-06-21 07:00:00,2962354
72.0,69.5,72.7,61.4,2026-06-21 07:20:00,2962354
73.5,71.7,74.3,63.8,2026-06-21 07:40:00,2962354
77.4,67.0,78.6,65.5,2026-06-21 08:00:00,2962354
82.2,58.6,84.7,66.3,2026-06-21 08:20:00,2962354
85.1,53.1,88.7,66.1,2026-06-21 08:40:00,2962354
87.4,49.9,91.4,66.4,2026-06-21 09:00:00,2962354
86.3,47.7,88.7,64.1,2026-06-21 09:20:00,2962354
89.1,46.5,93.4,65.9,2026-06-21 09:40:00,2962354
90.6,43.7,95.0,65.5,2026-06-21 10:00:00,2962354
90.3,39.2,92.8,62.1,2026-06-21 10:20:00,2962354
90.7,36.1,92.3,60.1,2026-06-21 10:40:00,2962354
91.8,35.3,93.7,60.5,2026-06-21 11:00:00,2962354
92.2,36.7,95.0,61.9,2026-06-21 11:20:00,2962354
94.1,33.8,96.8,61.3,2026-06-21 11:40:00,2962354
93.3,33.2,95.0,60.1,2026-06-21 12:00:00,2962354
93.9,33.8,96.4,61.2,2026-06-21 12:20:00,2962354
91.4,32.5,91.8,57.8,2026-06-21 12:40:00,2962354
93.8,34.3,96.4,61.4,2026-06-21 13:00:00,2962354
94.2,33.6,96.8,61.2,2026-06-21 13:20:00,2962354
93.3,33.0,95.0,59.9,2026-06-21 13:40:00,2962354
94.9,34.5,98.4,62.6,2026-06-21 14:00:00,2962354
95.1,33.8,98.4,62.1,2026-06-21 14:20:00,2962354
92.4,37.2,95.5,62.5,2026-06-21 14:40:00,2962354
97.0,34.0,101.8,64.0,2026-06-21 15:00:00,2962354
98.1,32.7,103.3,63.8,2026-06-21 15:20:00,2962354
94.8,32.7,97.2,61.0,2026-06-21 15:40:00,2962354
94.6,31.3,96.1,59.5,2026-06-21 16:00:00,2962354
95.3,32.2,97.7,60.9,2026-06-21 16:20:00,2962354
96.6,31.6,100.0,61.6,2026-06-21 16:40:00,2962354
95.9,34.3,100.2,63.2,2026-06-21 17:00:00,2962354
92.0,38.2,95.4,62.9,2026-06-21 17:20:00,2962354
93.8,36.5,97.5,63.2,2026-06-21 17:40:00,2962354
91.5,39.7,95.0,63.6,2026-06-21 18:00:00,2962354
90.2,39.7,92.8,62.4,2026-06-21 18:20:00,2962354
90.0,41.4,93.0,63.4,2026-06-21 18:40:00,2962354
89.6,42.4,92.5,63.7,2026-06-21 19:00:00,2962354
89.0,43.3,91.8,63.7,2026-06-21 19:20:00,2962354
88.4,44.6,91.2,64.1,2026-06-21 19:40:00,2962354
87.3,46.1,90.0,64.1,2026-06-21 20:00:00,2962354
86.2,47.1,88.5,63.7,2026-06-21 20:20:00,2962354
85.1,48.2,87.3,63.4,2026-06-21 20:40:00,2962354
84.3,49.6,86.0,63.4,2026-06-21 21:00:00,2962354
83.5,50.0,84.9,62.9,2026-06-21 21:20:00,2962354
83.1,50.0,84.2,62.6,2026-06-21 21:40:00,2962354
82.3,52.0,83.3,62.9,2026-06-21 22:00:00,2962354
81.4,53.1,82.2,62.7,2026-06-21 22:20:00,2962354
81.1,54.2,82.0,63.0,2026-06-21 22:40:00,2962354
80.3,55.6,81.1,63.0,2026-06-21 23:00:00,2962354
79.7,57.4,80.6,63.3,2026-06-21 23:20:00,2962354
79.5,60.5,80.8,64.6,2026-06-21 23:40:00,2962354
79.2,63.8,81.0,65.9,2026-06-22 00:00:00,2962354
78.7,66.5,80.6,66.6,2026-06-22 00:20:00,2962354
78.3,68.7,80.4,67.1,2026-06-22 00:40:00,2962354
77.8,70.6,79.9,67.5,2026-06-22 01:00:00,2962354
77.1,71.8,78.6,67.3,2026-06-22 01:20:00,2962354
75.3,81.2,77.4,69.1,2026-06-14 03:00:00,2974339
75.0,82.2,77.0,69.2,2026-06-14 03:20:00,2974339
74.8,82.7,76.8,69.1,2026-06-14 03:40:00,2974339
74.0,84.2,76.1,69.0,2026-06-14 04:00:00,2974339
73.8,85.5,75.9,69.1,2026-06-14 04:20:00,2974339
73.7,86.5,75.9,69.5,2026-06-14 04:40:00,2974339
73.6,86.8,75.9,69.4,2026-06-14 05:00:00,2974339
73.7,87.2,75.9,69.6,2026-06-14 05:20:00,2974339
73.3,87.5,75.6,69.4,2026-06-14 05:40:00,2974339
73.2,87.6,75.4,69.3,2026-06-14 06:00:00,2974339
72.8,88.4,74.8,69.2,2026-06-14 06:20:00,2974339
72.9,89.0,75.2,69.4,2026-06-14 06:40:00,2974339
73.9,88.1,76.3,70.1,2026-06-14 07:00:00,2974339
77.6,81.5,81.1,71.5,2026-06-14 07:20:00,2974339
76.9,77.5,79.0,69.3,2026-06-14 07:40:00,2974339
77.4,81.0,80.8,71.1,2026-06-14 08:00:00,2974339
78.2,80.0,82.0,71.5,2026-06-14 08:20:00,2974339
79.6,77.9,84.4,72.1,2026-06-14 08:40:00,2974339
81.0,75.2,86.5,72.4,2026-06-14 09:00:00,2974339
81.6,72.1,86.7,71.7,2026-06-14 09:20:00,2974339
83.0,70.7,89.4,72.5,2026-06-14 09:40:00,2974339
83.7,67.5,90.1,71.8,2026-06-14 10:00:00,2974339
85.4,64.8,93.0,72.2,2026-06-14 10:20:00,2974339
86.6,63.9,95.4,73.0,2026-06-14 10:40:00,2974339
87.1,62.3,95.7,72.6,2026-06-14 11:00:00,2974339
87.2,61.3,95.4,72.3,2026-06-14 11:20:00,2974339
89.0,61.9,100.0,74.2,2026-06-14 11:40:00,2974339
90.1,58.0,100.8,73.3,2026-06-14 12:00:00,2974339
90.9,57.3,102.7,73.7,2026-06-14 12:20:00,2974339
91.8,54.6,103.3,73.1,2026-06-14 12:40:00,2974339
89.5,63.7,102.4,75.5,2026-06-14 13:00:00,2974339
91.6,51.7,101.3,71.3,2026-06-14 13:20:00,2974339
93.4,49.5,103.8,71.7,2026-06-14 13:40:00,2974339
94.4,42.1,101.5,67.8,2026-06-14 14:00:00,2974339
96.2,39.7,103.8,67.7,2026-06-14 14:20:00,2974339
96.2,38.0,102.9,66.4,2026-06-14 14:40:00,2974339
97.6,37.1,105.1,67.0,2026-06-14 15:00:00,2974339
97.5,36.0,104.4,66.0,2026-06-14 15:20:00,2974339
97.8,38.3,106.3,68.1,2026-06-14 15:40:00,2974339
96.9,37.8,104.2,66.9,2026-06-14 16:00:00,2974339
97.6,38.7,106.2,68.3,2026-06-14 16:20:00,2974339
97.5,36.8,105.1,66.7,2026-06-14 16:40:00,2974339
96.9,36.1,103.1,65.6,2026-06-14 17:00:00,2974339
97.8,32.3,102.2,63.2,2026-06-14 17:20:00,2974339
97.5,32.0,101.8,62.7,2026-06-14 17:40:00,2974339
97.7,32.5,102.4,63.4,2026-06-14 18:00:00,2974339
96.8,32.2,100.8,62.3,2026-06-14 18:20:00,2974339
96.9,33.5,101.5,63.4,2026-06-14 18:40:00,2974339
93.5,40.6,99.0,66.0,2026-06-14 19:00:00,2974339
85.6,59.4,91.4,69.8,2026-06-14 19:20:00,2974339
81.7,72.6,87.3,72.0,2026-06-14 19:40:00,2974339
80.7,79.1,86.9,73.6,2026-06-14 20:00:00,2974339
80.4,79.0,86.5,73.3,2026-06-14 20:20:00,2974339
80.2,80.2,86.0,73.5,2026-06-14 20:40:00,2974339
79.8,78.0,84.7,72.3,2026-06-14 21:00:00,2974339
80.0,74.6,84.4,71.2,2026-06-14 21:20:00,2974339
80.7,73.3,85.5,71.4,2026-06-14 21:40:00,2974339
81.1,72.0,85.8,71.2,2026-06-14 22:00:00,2974339
81.6,70.7,86.5,71.1,2026-06-14 22:20:00,2974339
81.1,71.5,85.6,71.0,2026-06-14 22:40:00,2974339
80.9,71.6,85.5,70.8,2026-06-14 23:00:00,2974339
80.7,71.2,84.9,70.5,2026-06-14 23:20:00,2974339
80.4,71.8,84.6,70.4,2026-06-14 23:40:00,2974339
80.0,72.5,84.0,70.4,2026-06-15 00:00:00,2974339
79.9,72.9,84.0,70.4,2026-06-15 00:20:00,2974339
79.6,73.7,83.5,70.4,2026-06-15 00:40:00,2974339
79.5,74.3,83.3,70.6,2026-06-15 01:00:00,2974339
79.4,74.9,83.5,70.7,2026-06-15 01:20:00,2974339
79.5,75.2,83.7,70.9,2026-06-15 01:40:00,2974339
79.5,75.0,83.5,70.8,2026-06-15 02:00:00,2974339
79.5,75.1,83.7,70.9,2026-06-15 02:20:00,2974339
79.4,75.5,83.7,71.0,2026-06-15 02:40:00,2974339
79.0,76.1,82.9,70.8,2026-06-15 03:00:00,2974339
78.9,76.5,82.8,70.9,2026-06-15 03:20:00,2974339
78.6,77.0,82.6,70.8,2026-06-15 03:40:00,2974339
77.8,79.0,81.1,70.8,2026-06-15 04:00:00,2974339
77.3,80.1,80.2,70.7,2026-06-15 04:20:00,2974339
76.8,80.6,79.3,70.4,2026-06-15 04:40:00,2974339
76.7,80.8,79.3,70.4,2026-06-15 05:00:00,2974339
76.5,81.0,79.0,70.3,2026-06-15 05:20:00,2974339
76.5,79.8,78.8,69.8,2026-06-15 05:40:00,2974339
76.5,74.3,78.1,67.7,2026-06-15 06:00:00,2974339
76.8,69.4,77.7,66.0,2026-06-15 06:20:00,2974339
77.0,69.2,78.4,66.2,2026-06-15 06:40:00,2974339
77.5,63.9,78.1,64.3,2026-06-15 07:00:00,2974339
78.0,60.6,78.6,63.3,2026-06-15 07:20:00,2974339
77.2,60.0,77.5,62.2,2026-06-15 07:40:00,2974339
78.0,60.0,78.6,63.0,2026-06-15 08:00:00,2974339
78.2,58.8,78.6,62.6,2026-06-15 08:20:00,2974339
77.9,59.6,78.1,62.7,2026-06-15 08:40:00,2974339
77.6,58.5,77.7,61.9,2026-06-15 09:00:00,2974339
77.1,57.6,76.8,61.0,2026-06-15 09:20:00,2974339
77.5,55.4,77.2,60.2,2026-06-15 09:40:00,2974339
78.1,50.6,77.4,58.3,2026-06-15 10:00:00,2974339
79.9,49.6,79.5,59.4,2026-06-15 10:20:00,2974339
79.7,48.2,79.2,58.4,2026-06-15 10:40:00,2974339
80.0,48.2,79.3,58.6,2026-06-15 11:00:00,2974339
81.2,45.0,80.2,57.8,2026-06-15 11:20:00,2974339
81.8,39.5,80.1,54.8,2026-06-15 11:40:00,2974339
81.8,39.4,80.1,54.7,2026-06-15 12:00:00,2974339
82.2,39.4,80.4,55.1,2026-06-15 12:20:00,2974339
83.4,37.9,81.9,55.1,2026-06-15 12:40:00,2974339
83.4,35.3,81.5,53.2,2026-06-15 13:00:00,2974339
84.4,33.7,82.4,52.8,2026-06-15 13:20:00,2974339
84.8,34.7,83.1,53.9,2026-06-15 13:40:00,2974339
86.5,33.7,85.1,54.6,2026-06-15 14:00:00,2974339
85.5,33.9,83.8,53.8,2026-06-15 14:20:00,2974339
86.3,32.7,84.6,53.6,2026-06-15 14:40:00,2974339
87.1,31.3,85.3,53.1,2026-06-15 15:00:00,2974339
86.7,31.5,84.7,52.9,2026-06-15 15:20:00,2974339
88.1,32.5,86.9,55.0,2026-06-15 15:40:00,2974339
88.2,33.0,87.3,55.5,2026-06-15 16:00:00,2974339
88.9,30.2,87.4,53.6,2026-06-15 16:20:00,2974339
88.2,30.6,86.4,53.4,2026-06-15 16:40:00,2974339
88.1,30.4,86.2,53.1,2026-06-15 17:00:00,2974339
88.8,30.8,87.3,54.1,2026-06-15 17:20:00,2974339
88.5,31.1,86.9,54.1,2026-06-15 17:40:00,2974339
87.3,31.4,85.6,53.3,2026-06-15 18:00:00,2974339
87.7,31.7,86.0,53.9,2026-06-15 18:20:00,2974339
87.4,32.0,85.8,53.9,2026-06-15 18:40:00,2974339
87.1,32.1,85.5,53.7,2026-06-15 19:00:00,2974339
86.7,32.2,85.1,53.5,2026-06-15 19:20:00,2974339
86.2,32.2,84.4,53.1,2026-06-15 19:40:00,2974339
85.1,32.7,83.1,52.6,2026-06-15 20:00:00,2974339
84.3,33.2,82.2,52.2,2026-06-15 20:20:00,2974339
83.3,34.2,81.0,52.1,2026-06-15 20:40:00,2974339
82.4,35.5,80.2,52.4,2026-06-15 21:00:00,2974339
80.9,37.6,78.8,52.6,2026-06-15 21:20:00,2974339
79.5,39.6,77.5,52.8,2026-06-15 21:40:00,2974339
78.2,42.2,76.3,53.4,2026-06-15 22:00:00,2974339
77.1,43.8,75.2,53.3,2026-06-15 22:20:00,2974339
75.5,46.6,73.8,53.6,2026-06-15 22:40:00,2974339
74.6,48.6,73.4,53.9,2026-06-15 23:00:00,2974339
73.4,50.8,72.5,54.1,2026-06-15 23:20:00,2974339
73.3,50.2,72.3,53.7,2026-06-15 23:40:00,2974339
71.8,54.0,71.2,54.3,2026-06-16 00:00:00,2974339
72.0,52.6,71.4,53.8,2026-06-16 00:20:00,2974339
71.7,54.7,71.1,54.5,2026-06-16 00:40:00,2974339
71.2,57.3,70.7,55.3,2026-06-16 01:00:00,2974339
70.8,57.7,70.7,55.1,2026-06-16 01:20:00,2974339
71.8,53.8,71.2,54.2,2026-06-16 01:40:00,2974339
72.7,48.8,71.6,52.3,2026-06-16 02:00:00,2974339
72.8,47.1,71.4,51.5,2026-06-16 02:20:00,2974339
72.6,46.9,71.4,51.2,2026-06-16 02:40:00,2974339
72.2,47.5,71.1,51.1,2026-06-16 03:00:00,2974339
71.9,47.3,70.7,50.7,2026-06-16 03:20:00,2974339
71.6,47.3,70.5,50.5,2026-06-16 03:40:00,2974339
71.3,47.8,70.3,50.5,2026-06-16 04:00:00,2974339
70.8,48.5,70.0,50.5,2026-06-16 04:20:00,2974339
70.3,49.5,69.1,50.5,2026-06-16 04:40:00,2974339
69.9,50.2,68.7,50.6,2026-06-16 05:00:00,2974339
69.9,50.3,68.7,50.6,2026-06-16 05:20:00,2974339
70.0,50.5,69.1,50.7,2026-06-16 05:40:00,2974339
69.7,51.4,68.5,51.0,2026-06-16 06:00:00,2974339
69.5,52.5,68.4,51.4,2026-06-16 06:20:00,2974339
69.5,53.5,68.4,51.9,2026-06-16 06:40:00,2974339
69.4,54.6,68.2,52.3,2026-06-16 07:00:00,2974339
69.5,55.3,68.5,52.8,2026-06-16 07:20:00,2974339
69.6,55.8,68.9,53.1,2026-06-16 07:40:00,2974339
70.0,56.5,69.4,53.8,2026-06-16 08:00:00,2974339
70.5,56.1,70.2,54.1,2026-06-16 08:20:00,2974339
70.8,56.2,70.5,54.4,2026-06-16 08:40:00,2974339
71.5,55.6,71.1,54.8,2026-06-16 09:00:00,2974339
72.0,56.2,71.6,55.6,2026-06-16 09:20:00,2974339
73.0,52.8,72.1,54.8,2026-06-16 09:40:00,2974339
74.2,50.9,73.2,54.9,2026-06-16 10:00:00,2974339
74.4,50.7,73.4,55.0,2026-06-16 10:20:00,2974339
75.1,49.8,73.8,55.0,2026-06-16 10:40:00,2974339
76.8,48.6,75.4,55.9,2026-06-16 11:00:00,2974339
76.7,47.0,75.2,54.9,2026-06-16 11:20:00,2974339
77.1,48.2,75.6,56.0,2026-06-16 11:40:00,2974339
77.9,47.2,76.5,56.1,2026-06-16 12:00:00,2974339
78.5,45.5,77.2,55.7,2026-06-16 12:20:00,2974339
78.5,45.0,77.2,55.5,2026-06-16 12:40:00,2974339
78.9,44.2,77.4,55.3,2026-06-16 13:00:00,2974339
79.2,44.1,77.9,55.5,2026-06-16 13:20:00,2974339
81.9,42.4,80.8,56.9,2026-06-16 13:40:00,2974339
80.9,42.6,79.5,56.0,2026-06-16 14:00:00,2974339
82.4,41.9,81.1,56.9,2026-06-16 14:20:00,2974339
81.9,41.0,80.4,55.9,2026-06-16 14:40:00,2974339
83.9,41.7,83.5,58.2,2026-06-16 15:00:00,2974339
84.0,41.4,83.5,58.0,2026-06-16 15:20:00,2974339
85.3,39.5,85.1,57.9,2026-06-16 15:40:00,2974339
84.4,40.6,84.0,57.9,2026-06-16 16:00:00,2974339
82.6,43.5,82.0,58.2,2026-06-16 16:20:00,2974339
81.9,43.4,81.0,57.5,2026-06-16 16:40:00,2974339
81.9,45.1,81.3,58.6,2026-06-16 17:00:00,2974339
81.9,46.4,81.5,59.4,2026-06-16 17:20:00,2974339
81.6,48.6,81.5,60.4,2026-06-16 17:40:00,2974339
81.5,48.9,81.3,60.4,2026-06-16 18:00:00,2974339
81.0,48.7,81.0,59.9,2026-06-16 18:20:00,2974339
81.5,46.9,81.0,59.3,2026-06-16 18:40:00,2974339
81.7,46.7,81.3,59.3,2026-06-16 19:00:00,2974339
81.2,46.9,80.8,59.0,2026-06-16 19:20:00,2974339
81.3,47.1,80.8,59.2,2026-06-16 19:40:00,2974339
80.7,47.8,80.2,59.1,2026-06-16 20:00:00,2974339
80.4,47.7,79.7,58.7,2026-06-16 20:20:00,2974339
79.6,48.9,79.0,58.7,2026-06-16 20:40:00,2974339
78.9,50.1,78.4,58.8,2026-06-16 21:00:00,2974339
78.4,51.0,77.7,58.8,2026-06-16 21:20:00,2974339
77.9,51.6,77.2,58.7,2026-06-16 21:40:00,2974339
77.5,52.8,76.6,58.9,2026-06-16 22:00:00,2974339
77.1,54.0,76.5,59.2,2026-06-16 22:20:00,2974339
76.3,55.4,75.7,59.2,2026-06-16 22:40:00,2974339
76.1,56.2,75.6,59.3,2026-06-16 23:00:00,2974339
75.5,57.4,75.0,59.4,2026-06-16 23:20:00,2974339
74.9,59.0,74.7,59.6,2026-06-16 23:40:00,2974339
74.5,60.5,74.5,60.0,2026-06-17 00:00:00,2974339
74.4,61.6,74.5,60.4,2026-06-17 00:20:00,2974339
74.1,63.1,74.3,60.7,2026-06-17 00:40:00,2974339
73.9,64.2,74.1,61.0,2026-06-17 01:00:00,2974339
73.4,65.8,73.6,61.3,2026-06-17 01:20:00,2974339
73.0,67.2,73.4,61.5,2026-06-17 01:40:00,2974339
72.7,68.8,73.2,61.9,2026-06-17 02:00:00,2974339
72.4,70.1,73.0,62.1,2026-06-17 02:20:00,2974339
72.3,71.5,73.0,62.6,2026-06-17 02:40:00,2974339
72.2,72.5,73.0,62.9,2026-06-17 03:00:00,2974339
72.1,73.2,72.9,63.0,2026-06-17 03:20:00,2974339
71.9,74.0,72.7,63.1,2026-06-17 03:40:00,2974339
71.7,75.1,72.7,63.3,2026-06-17 04:00:00,2974339
71.5,75.9,72.5,63.5,2026-06-17 04:20:00,2974339
71.2,76.7,72.1,63.5,2026-06-17 04:40:00,2974339
71.0,77.3,72.0,63.6,2026-06-17 05:00:00,2974339
70.8,77.6,71.8,63.5,2026-06-17 05:20:00,2974339
70.6,78.1,71.4,63.5,2026-06-17 05:40:00,2974339
70.4,78.5,71.2,63.4,2026-06-17 06:00:00,2974339
70.3,78.9,71.2,63.5,2026-06-17 06:20:00,2974339
70.5,79.3,71.4,63.8,2026-06-17 06:40:00,2974339
70.8,79.2,72.0,64.0,2026-06-17 07:00:00,2974339
74.3,73.5,75.4,65.3,2026-06-17 07:20:00,2974339
75.1,69.4,75.9,64.4,2026-06-17 07:40:00,2974339
73.5,73.2,74.5,64.4,2026-06-17 08:00:00,2974339
74.3,73.1,75.2,65.1,2026-06-17 08:20:00,2974339
75.1,71.5,76.1,65.2,2026-06-17 08:40:00,2974339
76.2,68.5,76.8,65.1,2026-06-17 09:00:00,2974339
76.8,66.9,77.4,65.0,2026-06-17 09:20:00,2974339
78.5,62.2,79.7,64.5,2026-06-17 09:40:00,2974339
79.8,58.5,81.0,64.0,2026-06-17 10:00:00,2974339
81.0,53.8,81.9,62.7,2026-06-17 10:20:00,2974339
81.8,50.3,82.2,61.5,2026-06-17 10:40:00,2974339
82.2,48.5,82.2,60.8,2026-06-17 11:00:00,2974339
82.9,48.1,83.1,61.3,2026-06-17 11:20:00,2974339
84.4,41.2,84.2,58.3,2026-06-17 11:40:00,2974339
84.5,39.2,83.7,57.0,2026-06-17 12:00:00,2974339
85.5,38.7,85.1,57.5,2026-06-17 12:20:00,2974339
86.3,37.7,85.8,57.5,2026-06-17 12:40:00,2974339
86.1,35.2,85.1,55.5,2026-06-17 13:00:00,2974339
86.7,35.1,85.6,55.9,2026-06-17 13:20:00,2974339
88.7,34.3,88.2,56.9,2026-06-17 13:40:00,2974339
88.6,34.4,88.2,56.9,2026-06-17 14:00:00,2974339
89.0,36.3,89.4,58.8,2026-06-17 14:20:00,2974339
89.3,35.7,89.8,58.6,2026-06-17 14:40:00,2974339
90.1,35.3,90.9,59.0,2026-06-17 15:00:00,2974339
89.9,34.1,90.0,57.8,2026-06-17 15:20:00,2974339
89.7,33.6,89.6,57.3,2026-06-17 15:40:00,2974339
90.1,34.1,90.5,58.1,2026-06-17 16:00:00,2974339
91.3,33.4,92.1,58.5,2026-06-17 16:20:00,2974339
91.7,33.1,92.5,58.7,2026-06-17 16:40:00,2974339
92.1,32.2,93.0,58.2,2026-06-17 17:00:00,2974339
91.1,32.7,91.6,57.7,2026-06-17 17:20:00,2974339
91.6,33.6,92.7,58.9,2026-06-17 17:40:00,2974339
91.6,33.8,92.8,59.1,2026-06-17 18:00:00,2974339
90.8,35.4,91.9,59.7,2026-06-17 18:20:00,2974339
90.0,38.1,91.9,61.1,2026-06-17 18:40:00,2974339
89.3,39.7,91.2,61.6,2026-06-17 19:00:00,2974339
88.9,41.1,91.2,62.2,2026-06-17 19:20:00,2974339
88.3,41.9,90.0,62.3,2026-06-17 19:40:00,2974339
87.4,43.6,89.1,62.5,2026-06-17 20:00:00,2974339
86.5,44.9,88.0,62.6,2026-06-17 20:20:00,2974339
85.8,47.5,88.2,63.6,2026-06-17 20:40:00,2974339
84.5,50.1,86.5,63.9,2026-06-17 21:00:00,2974339
84.1,52.0,86.4,64.5,2026-06-17 21:20:00,2974339
83.4,54.9,85.8,65.5,2026-06-17 21:40:00,2974339
83.3,56.9,86.4,66.4,2026-06-17 22:00:00,2974339
82.9,58.8,85.8,67.0,2026-06-17 22:20:00,2974339
82.2,61.2,85.3,67.6,2026-06-17 22:40:00,2974339
81.7,62.9,84.9,67.9,2026-06-17 23:00:00,2974339
81.4,64.3,84.6,68.1,2026-06-17 23:20:00,2974339
81.2,64.1,84.4,67.9,2026-06-17 23:40:00,2974339
80.7,63.9,83.3,67.4,2026-06-18 00:00:00,2974339
80.8,62.3,83.3,66.7,2026-06-18 00:20:00,2974339
80.7,61.6,82.9,66.3,2026-06-18 00:40:00,2974339
80.3,61.7,82.4,65.9,2026-06-18 01:00:00,2974339
80.0,62.2,81.9,65.9,2026-06-18 01:20:00,2974339
79.5,63.3,81.3,65.9,2026-06-18 01:40:00,2974339
79.2,64.1,81.0,66.0,2026-06-18 02:00:00,2974339
78.9,65.0,80.8,66.1,2026-06-18 02:20:00,2974339
78.4,66.2,80.1,66.2,2026-06-18 02:40:00,2974339
78.2,67.9,80.1,66.7,2026-06-18 03:00:00,2974339
78.0,69.8,80.1,67.3,2026-06-18 03:20:00,2974339
77.8,72.5,80.1,68.2,2026-06-18 03:40:00,2974339
77.6,74.9,80.1,69.0,2026-06-18 04:00:00,2974339
77.2,76.8,79.7,69.4,2026-06-18 04:20:00,2974339
76.8,78.4,79.2,69.6,2026-06-18 04:40:00,2974339
76.6,79.3,78.8,69.7,2026-06-18 05:00:00,2974339
76.3,80.4,78.4,69.8,2026-06-18 05:20:00,2974339
75.9,81.4,78.3,69.8,2026-06-18 05:40:00,2974339
75.9,82.0,78.3,70.0,2026-06-18 06:00:00,2974339
75.8,82.5,78.3,70.1,2026-06-18 06:20:00,2974339
76.1,82.3,78.4,70.3,2026-06-18 06:40:00,2974339
76.4,81.7,78.6,70.4,2026-06-18 07:00:00,2974339
77.2,80.0,80.2,70.5,2026-06-18 07:20:00,2974339
77.6,78.5,80.6,70.4,2026-06-18 07:40:00,2974339
78.8,76.8,82.9,70.9,2026-06-18 08:00:00,2974339
79.6,74.9,83.7,70.9,2026-06-18 08:20:00,2974339
80.6,72.6,85.3,71.0,2026-06-18 08:40:00,2974339
81.4,71.4,86.4,71.2,2026-06-18 09:00:00,2974339
82.0,70.2,86.9,71.3,2026-06-18 09:20:00,2974339
82.6,67.9,87.8,70.9,2026-06-18 09:40:00,2974339
84.6,66.0,91.8,71.9,2026-06-18 10:00:00,2974339
84.8,64.6,91.8,71.6,2026-06-18 10:20:00,2974339
86.5,61.7,94.1,71.8,2026-06-18 10:40:00,2974339
86.7,60.5,94.3,71.4,2026-06-18 11:00:00,2974339
86.6,59.1,93.4,70.6,2026-06-18 11:20:00,2974339
88.0,57.7,95.7,71.2,2026-06-18 11:40:00,2974339
89.4,55.2,97.7,71.2,2026-06-18 12:00:00,2974339
90.1,52.9,98.2,70.6,2026-06-18 12:20:00,2974339
90.8,52.4,99.7,71.0,2026-06-18 12:40:00,2974339
92.4,50.0,101.8,71.0,2026-06-18 13:00:00,2974339
92.8,49.0,102.2,70.8,2026-06-18 13:20:00,2974339
93.3,48.9,103.1,71.2,2026-06-18 13:40:00,2974339
92.9,47.1,101.3,69.7,2026-06-18 14:00:00,2974339
94.7,45.4,104.2,70.3,2026-06-18 14:20:00,2974339
94.4,45.2,103.1,69.9,2026-06-18 14:40:00,2974339
93.8,44.9,101.8,69.2,2026-06-18 15:00:00,2974339
95.5,44.2,104.9,70.2,2026-06-18 15:20:00,2974339
94.6,43.9,102.7,69.2,2026-06-18 15:40:00,2974339
88.8,43.8,91.6,64.0,2026-06-18 16:00:00,2974339
83.8,58.2,87.3,67.5,2026-06-18 16:20:00,2974339
84.6,59.1,89.4,68.8,2026-06-18 16:40:00,2974339
83.0,61.4,86.9,68.4,2026-06-18 17:00:00,2974339
84.4,61.5,90.0,69.8,2026-06-18 17:20:00,2974339
85.6,59.9,91.4,70.1,2026-06-18 17:40:00,2974339
85.9,58.8,91.9,69.8,2026-06-18 18:00:00,2974339
87.2,57.9,94.1,70.5,2026-06-18 18:20:00,2974339
87.6,57.1,94.5,70.5,2026-06-18 18:40:00,2974339
87.4,57.6,94.3,70.6,2026-06-18 19:00:00,2974339
86.3,60.3,93.0,70.9,2026-06-18 19:20:00,2974339
85.4,62.9,92.3,71.3,2026-06-18 19:40:00,2974339
84.5,63.8,90.5,70.9,2026-06-18 20:00:00,2974339
83.9,66.4,90.3,71.5,2026-06-18 20:20:00,2974339
82.8,69.3,88.7,71.7,2026-06-18 20:40:00,2974339
83.0,69.8,89.2,72.1,2026-06-18 21:00:00,2974339
83.5,68.1,90.0,71.9,2026-06-18 21:20:00,2974339
84.3,62.0,89.6,69.9,2026-06-18 21:40:00,2974339
83.8,60.4,88.0,68.6,2026-06-18 22:00:00,2974339
81.4,67.0,85.3,69.4,2026-06-18 22:20:00,2974339
79.4,71.5,82.8,69.4,2026-06-18 22:40:00,2974339
78.2,74.5,81.0,69.5,2026-06-18 23:00:00,2974339
77.5,76.9,80.1,69.6,2026-06-18 23:20:00,2974339
77.0,78.9,79.7,69.9,2026-06-18 23:40:00,2974339
77.0,80.3,79.5,70.4,2026-06-19 00:00:00,2974339
76.9,80.1,79.5,70.3,2026-06-19 00:20:00,2974339
76.5,79.6,78.8,69.7,2026-06-19 00:40:00,2974339
76.5,79.0,78.6,69.5,2026-06-19 01:00:00,2974339
76.1,79.2,78.3,69.2,2026-06-19 01:20:00,2974339
76.1,79.2,78.1,69.2,2026-06-19 01:40:00,2974339
76.0,79.4,78.1,69.1,2026-06-19 02:00:00,2974339
76.0,80.2,78.1,69.4,2026-06-19 02:20:00,2974339
76.1,80.7,78.4,69.7,2026-06-19 02:40:00,2974339
76.0,81.3,78.3,69.9,2026-06-19 03:00:00,2974339
75.6,81.7,77.7,69.5,2026-06-19 03:20:00,2974339
74.7,83.8,77.0,69.4,2026-06-19 03:40:00,2974339
73.2,86.6,75.2,69.0,2026-06-19 04:00:00,2974339
72.1,89.2,74.1,68.8,2026-06-19 04:20:00,2974339
71.8,90.4,73.9,68.9,2026-06-19 04:40:00,2974339
71.5,91.1,73.4,68.7,2026-06-19 05:00:00,2974339
71.5,91.8,73.4,68.9,2026-06-19 05:20:00,2974339
71.2,92.3,72.9,68.8,2026-06-19 05:40:00,2974339
71.2,92.7,72.9,68.9,2026-06-19 06:00:00,2974339
71.1,93.2,72.9,69.0,2026-06-19 06:20:00,2974339
71.4,93.5,73.2,69.4,2026-06-19 06:40:00,2974339
71.6,93.7,73.4,69.7,2026-06-19 07:00:00,2974339
71.2,93.8,73.0,69.3,2026-06-19 07:20:00,2974339
71.6,94.2,73.9,69.9,2026-06-19 07:40:00,2974339
71.2,94.3,73.0,69.5,2026-06-19 08:00:00,2974339
71.3,94.5,73.4,69.7,2026-06-19 08:20:00,2974339
71.8,94.6,74.1,70.2,2026-06-19 08:40:00,2974339
72.2,94.8,74.7,70.6,2026-06-19 09:00:00,2974339
72.3,94.8,74.8,70.8,2026-06-19 09:20:00,2974339
72.6,94.8,75.2,71.0,2026-06-19 09:40:00,2974339
73.0,94.8,75.6,71.4,2026-06-19 10:00:00,2974339
73.7,94.7,76.6,72.1,2026-06-19 10:20:00,2974339
74.5,94.2,77.9,72.7,2026-06-19 10:40:00,2974339
75.6,92.6,79.2,73.3,2026-06-19 11:00:00,2974339
75.9,90.8,79.3,73.0,2026-06-19 11:20:00,2974339
76.9,88.0,80.6,73.1,2026-06-19 11:40:00,2974339
78.1,85.1,82.9,73.3,2026-06-19 12:00:00,2974339
79.2,79.9,84.2,72.4,2026-06-19 12:20:00,2974339
80.6,77.0,86.4,72.7,2026-06-19 12:40:00,2974339
81.5,75.0,87.4,72.8,2026-06-19 13:00:00,2974339
81.9,72.0,87.4,72.0,2026-06-19 13:20:00,2974339
83.1,69.1,89.1,71.9,2026-06-19 13:40:00,2974339
83.9,64.4,89.6,70.6,2026-06-19 14:00:00,2974339
85.9,61.9,92.8,71.3,2026-06-19 14:20:00,2974339
85.6,56.7,90.5,68.4,2026-06-19 14:40:00,2974339
86.1,53.9,90.5,67.5,2026-06-19 15:00:00,2974339
86.8,52.7,91.4,67.4,2026-06-19 15:20:00,2974339
87.9,51.7,93.0,67.9,2026-06-19 15:40:00,2974339
88.2,46.8,91.8,65.3,2026-06-19 16:00:00,2974339
87.9,45.6,90.7,64.3,2026-06-19 16:20:00,2974339
87.8,45.2,90.5,63.9,2026-06-19 16:40:00,2974339
87.0,45.2,89.1,63.2,2026-06-19 17:00:00,2974339
87.4,46.1,90.0,64.2,2026-06-19 17:20:00,2974339
86.8,45.7,88.9,63.4,2026-06-19 17:40:00,2974339
86.6,46.1,88.9,63.5,2026-06-19 18:00:00,2974339
87.0,45.4,89.1,63.4,2026-06-19 18:20:00,2974339
86.5,45.1,88.2,62.7,2026-06-19 18:40:00,2974339
85.8,45.8,87.3,62.5,2026-06-19 19:00:00,2974339
85.3,44.6,86.4,61.3,2026-06-19 19:20:00,2974339
85.1,42.8,85.6,60.0,2026-06-19 19:40:00,2974339
84.4,43.7,84.7,59.9,2026-06-19 20:00:00,2974339
83.2,48.0,83.8,61.4,2026-06-19 20:20:00,2974339
81.4,50.4,81.7,61.2,2026-06-19 20:40:00,2974339
81.6,45.8,81.0,58.7,2026-06-19 21:00:00,2974339
80.9,46.5,80.2,58.5,2026-06-19 21:20:00,2974339
79.4,48.9,78.8,58.5,2026-06-19 21:40:00,2974339
78.8,50.4,78.4,58.8,2026-06-19 22:00:00,2974339
77.3,52.2,76.5,58.5,2026-06-19 22:20:00,2974339
76.5,52.0,75.6,57.5,2026-06-19 22:40:00,2974339
76.1,53.5,75.2,58.0,2026-06-19 23:00:00,2974339
75.3,52.5,74.3,56.7,2026-06-19 23:20:00,2974339
75.1,51.4,73.9,55.9,2026-06-19 23:40:00,2974339
75.2,48.5,73.9,54.5,2026-06-20 00:00:00,2974339
74.5,50.3,73.6,54.8,2026-06-20 00:20:00,2974339
73.8,49.6,72.7,53.8,2026-06-20 00:40:00,2974339
73.1,51.7,72.1,54.3,2026-06-20 01:00:00,2974339
72.1,54.3,71.4,54.7,2026-06-20 01:20:00,2974339
71.0,56.4,70.5,54.7,2026-06-20 01:40:00,2974339
69.9,58.9,69.3,54.8,2026-06-20 02:00:00,2974339
68.7,60.1,67.8,54.3,2026-06-20 02:20:00,2974339
67.7,62.9,66.6,54.6,2026-06-20 02:40:00,2974339
67.5,63.9,66.6,54.9,2026-06-20 03:00:00,2974339
67.1,65.8,66.2,55.3,2026-06-20 03:20:00,2974339
66.8,65.2,65.5,54.8,2026-06-20 03:40:00,2974339
66.5,65.5,65.1,54.6,2026-06-20 04:00:00,2974339
65.7,66.8,64.2,54.3,2026-06-20 04:20:00,2974339
65.1,67.6,63.7,54.2,2026-06-20 04:40:00,2974339
64.0,70.9,62.6,54.4,2026-06-20 05:00:00,2974339
63.5,73.3,62.6,54.8,2026-06-20 05:20:00,2974339
63.1,74.1,62.1,54.7,2026-06-20 05:40:00,2974339
62.8,75.7,62.1,55.0,2026-06-20 06:00:00,2974339
62.6,77.3,62.1,55.4,2026-06-20 06:20:00,2974339
62.6,79.3,62.1,56.0,2026-06-20 06:40:00,2974339
63.9,79.1,63.5,57.3,2026-06-20 07:00:00,2974339
67.2,75.7,66.9,59.3,2026-06-20 07:20:00,2974339
69.9,69.1,70.2,59.3,2026-06-20 07:40:00,2974339
70.6,63.5,70.7,57.6,2026-06-20 08:00:00,2974339
73.7,56.3,73.2,57.3,2026-06-20 08:20:00,2974339
75.7,52.3,74.7,57.0,2026-06-20 08:40:00,2974339
77.1,49.4,75.7,56.7,2026-06-20 09:00:00,2974339
77.6,47.2,76.3,55.9,2026-06-20 09:20:00,2974339
78.5,45.5,77.2,55.8,2026-06-20 09:40:00,2974339
79.9,46.4,78.8,57.5,2026-06-20 10:00:00,2974339
80.8,41.3,79.3,55.1,2026-06-20 10:20:00,2974339
81.0,37.4,79.0,52.6,2026-06-20 10:40:00,2974339
81.8,35.5,79.3,51.8,2026-06-20 11:00:00,2974339
81.9,34.6,79.3,51.2,2026-06-20 11:20:00,2974339
82.1,34.5,79.5,51.4,2026-06-20 11:40:00,2974339
82.8,34.6,80.4,52.0,2026-06-20 12:00:00,2974339
83.1,33.2,80.8,51.2,2026-06-20 12:20:00,2974339
83.9,31.7,81.3,50.6,2026-06-20 12:40:00,2974339
84.4,32.6,82.0,51.8,2026-06-20 13:00:00,2974339
84.2,32.8,82.0,51.9,2026-06-20 13:20:00,2974339
85.4,33.6,83.7,53.6,2026-06-20 13:40:00,2974339
85.0,32.1,82.8,51.9,2026-06-20 14:00:00,2974339
85.9,31.7,83.8,52.4,2026-06-20 14:20:00,2974339
86.5,30.6,84.2,51.9,2026-06-20 14:40:00,2974339
86.3,31.8,84.2,52.8,2026-06-20 15:00:00,2974339
87.6,31.2,85.8,53.4,2026-06-20 15:20:00,2974339
87.2,31.7,85.3,53.5,2026-06-20 15:40:00,2974339
87.3,32.0,85.8,53.9,2026-06-20 16:00:00,2974339
86.8,31.7,84.9,53.2,2026-06-20 16:20:00,2974339
87.9,31.5,86.2,53.9,2026-06-20 16:40:00,2974339
87.3,31.3,85.6,53.2,2026-06-20 17:00:00,2974339
87.8,32.0,86.4,54.3,2026-06-20 17:20:00,2974339
87.5,32.2,86.0,54.2,2026-06-20 17:40:00,2974339
87.2,32.5,85.6,54.2,2026-06-20 18:00:00,2974339
86.5,32.4,84.7,53.5,2026-06-20 18:20:00,2974339
86.6,34.3,85.5,55.2,2026-06-20 18:40:00,2974339
86.3,35.5,85.3,55.8,2026-06-20 19:00:00,2974339
86.0,35.8,84.9,55.8,2026-06-20 19:20:00,2974339
85.1,36.7,84.2,55.7,2026-06-20 19:40:00,2974339
84.7,38.3,83.8,56.5,2026-06-20 20:00:00,2974339
83.4,40.8,82.4,57.1,2026-06-20 20:20:00,2974339
81.7,44.8,81.0,58.2,2026-06-20 20:40:00,2974339
80.2,46.9,79.5,58.1,2026-06-20 21:00:00,2974339
79.9,46.7,79.0,57.7,2026-06-20 21:20:00,2974339
79.5,47.9,78.6,58.0,2026-06-20 21:40:00,2974339
78.5,48.9,77.7,57.7,2026-06-20 22:00:00,2974339
78.5,48.4,77.7,57.4,2026-06-20 22:20:00,2974339
78.0,49.6,77.0,57.7,2026-06-20 22:40:00,2974339
77.4,50.9,76.5,57.8,2026-06-20 23:00:00,2974339
76.3,52.3,75.4,57.5,2026-06-20 23:20:00,2974339
75.5,54.0,74.7,57.8,2026-06-20 23:40:00,2974339
74.5,55.7,73.9,57.6,2026-06-21 00:00:00,2974339
74.2,56.8,73.8,57.8,2026-06-21 00:20:00,2974339
73.9,57.5,73.4,58.0,2026-06-21 00:40:00,2974339
73.5,58.2,73.2,57.9,2026-06-21 01:00:00,2974339
73.7,56.7,73.2,57.4,2026-06-21 01:20:00,2974339
73.7,58.0,73.4,58.0,2026-06-21 01:40:00,2974339
72.8,59.8,72.5,58.0,2026-06-21 02:00:00,2974339
72.6,61.1,72.5,58.4,2026-06-21 02:20:00,2974339
72.2,62.5,72.3,58.7,2026-06-21 02:40:00,2974339
71.5,64.1,71.8,58.7,2026-06-21 03:00:00,2974339
71.2,65.2,71.4,58.9,2026-06-21 03:20:00,2974339
70.6,66.4,70.9,58.9,2026-06-21 03:40:00,2974339
70.1,68.1,70.2,59.1,2026-06-21 04:00:00,2974339
69.7,69.0,69.6,59.1,2026-06-21 04:20:00,2974339
69.3,69.9,69.4,59.0,2026-06-21 04:40:00,2974339
68.8,71.1,68.7,59.1,2026-06-21 05:00:00,2974339
68.5,72.5,68.4,59.3,2026-06-21 05:20:00,2974339
67.7,74.6,67.5,59.3,2026-06-21 05:40:00,2974339
67.6,75.5,67.5,59.6,2026-06-21 06:00:00,2974339
67.4,76.3,67.3,59.7,2026-06-21 06:20:00,2974339
67.9,76.4,68.0,60.2,2026-06-21 06:40:00,2974339
68.1,77.4,68.2,60.7,2026-06-21 07:00:00,2974339
71.3,72.5,72.1,62.0,2026-06-21 07:20:00,2974339
72.0,73.2,72.9,62.9,2026-06-21 07:40:00,2974339
73.0,73.2,73.9,63.9,2026-06-21 08:00:00,2974339
75.1,71.1,76.1,65.1,2026-06-21 08:20:00,2974339
78.0,63.1,79.0,64.4,2026-06-21 08:40:00,2974339
79.4,58.8,80.4,63.7,2026-06-21 09:00:00,2974339
81.2,56.8,82.8,64.4,2026-06-21 09:20:00,2974339
82.3,53.1,83.5,63.5,2026-06-21 09:40:00,2974339
84.1,50.1,86.0,63.5,2026-06-21 10:00:00,2974339
84.7,45.1,85.5,61.1,2026-06-21 10:20:00,2974339
85.9,44.2,87.1,61.6,2026-06-21 10:40:00,2974339
86.2,42.1,87.1,60.5,2026-06-21 11:00:00,2974339
87.4,41.1,88.5,60.8,2026-06-21 11:20:00,2974339
87.4,36.5,87.1,57.6,2026-06-21 11:40:00,2974339
88.6,37.5,89.2,59.3,2026-06-21 12:00:00,2974339
89.5,37.6,90.9,60.3,2026-06-21 12:20:00,2974339
89.4,36.2,90.0,59.1,2026-06-21 12:40:00,2974339
89.5,37.3,90.7,60.0,2026-06-21 13:00:00,2974339
90.6,36.2,92.1,60.1,2026-06-21 13:20:00,2974339
91.0,36.0,92.7,60.4,2026-06-21 13:40:00,2974339
90.7,38.8,93.4,62.2,2026-06-21 14:00:00,2974339
91.3,36.7,93.4,61.2,2026-06-21 14:20:00,2974339
90.4,38.5,92.7,61.7,2026-06-21 14:40:00,2974339
91.2,34.9,92.7,59.7,2026-06-21 15:00:00,2974339
92.6,34.0,94.3,60.2,2026-06-21 15:20:00,2974339
91.9,34.4,93.4,59.9,2026-06-21 15:40:00,2974339
92.9,34.6,95.2,60.9,2026-06-21 16:00:00,2974339
92.3,34.6,94.3,60.4,2026-06-21 16:20:00,2974339
92.9,34.8,95.4,61.1,2026-06-21 16:40:00,2974339
90.4,37.3,92.1,60.8,2026-06-21 17:00:00,2974339
90.5,38.8,92.8,62.0,2026-06-21 17:20:00,2974339
91.3,37.8,93.9,62.0,2026-06-21 17:40:00,2974339
90.8,39.7,93.7,62.9,2026-06-21 18:00:00,2974339
89.9,40.3,92.3,62.6,2026-06-21 18:20:00,2974339
89.8,40.9,92.7,62.9,2026-06-21 18:40:00,2974339
89.7,41.5,92.5,63.2,2026-06-21 19:00:00,2974339
89.1,42.0,91.8,63.1,2026-06-21 19:20:00,2974339
88.4,43.8,90.9,63.6,2026-06-21 19:40:00,2974339
87.7,44.8,90.0,63.6,2026-06-21 20:00:00,2974339
87.1,45.5,89.6,63.5,2026-06-21 20:20:00,2974339
85.7,46.6,87.4,62.9,2026-06-21 20:40:00,2974339
84.6,48.0,86.2,62.8,2026-06-21 21:00:00,2974339
84.4,48.2,86.0,62.7,2026-06-21 21:20:00,2974339
83.4,49.2,84.6,62.3,2026-06-21 21:40:00,2974339
82.6,50.5,83.5,62.4,2026-06-21 22:00:00,2974339
81.8,52.2,82.4,62.6,2026-06-21 22:20:00,2974339
80.7,54.7,81.5,62.9,2026-06-21 22:40:00,2974339
80.0,56.2,80.8,62.9,2026-06-21 23:00:00,2974339
80.7,55.7,81.7,63.4,2026-06-21 23:20:00,2974339
80.9,58.8,82.6,65.1,2026-06-21 23:40:00,2974339
80.5,60.9,82.4,65.8,2026-06-22 00:00:00,2974339
80.0,63.1,82.0,66.3,2026-06-22 00:20:00,2974339
79.4,65.2,81.7,66.7,2026-06-22 00:40:00,2974339
78.3,67.4,80.1,66.6,2026-06-22 01:00:00,2974339
77.8,69.2,79.7,66.9,2026-06-22 01:20:00,2974339
92.4,54.1,104.4,73.4,2026-06-14 12:20:00,2558027
92.5,53.6,104.4,73.2,2026-06-14 12:40:00,2558027
91.8,56.7,104.4,74.2,2026-06-14 13:00:00,2558027
93.3,48.7,102.9,71.1,2026-06-14 13:20:00,2558027
93.5,48.4,103.3,71.1,2026-06-14 13:40:00,2558027
96.9,41.8,106.7,69.9,2026-06-14 14:00:00,2558027
97.1,39.0,105.4,68.0,2026-06-14 14:20:00,2558027
95.0,39.4,101.7,66.5,2026-06-14 14:40:00,2558027
97.1,37.9,104.5,67.2,2026-06-14 15:00:00,2558027
97.4,36.9,104.7,66.7,2026-06-14 15:20:00,2558027
98.3,37.5,106.7,67.9,2026-06-14 15:40:00,2558027
97.5,36.3,104.5,66.3,2026-06-14 16:00:00,2558027
97.9,38.2,106.5,68.1,2026-06-14 16:20:00,2558027
99.4,36.0,107.8,67.7,2026-06-14 16:40:00,2558027
97.1,36.8,104.0,66.3,2026-06-14 17:00:00,2558027
98.6,31.7,103.5,63.4,2026-06-14 17:20:00,2558027
97.8,32.0,102.0,62.9,2026-06-14 17:40:00,2558027
98.0,32.8,102.9,63.8,2026-06-14 18:00:00,2558027
96.9,34.5,102.0,64.3,2026-06-14 18:20:00,2558027
95.8,35.9,100.9,64.5,2026-06-14 18:40:00,2558027
94.9,37.7,100.2,65.0,2026-06-14 19:00:00,2558027
87.9,51.3,92.8,67.7,2026-06-14 19:20:00,2558027
81.7,71.3,86.9,71.5,2026-06-14 19:40:00,2558027
78.9,78.8,83.3,71.7,2026-06-14 20:00:00,2558027
80.0,74.9,84.4,71.3,2026-06-14 20:20:00,2558027
80.8,72.3,85.5,71.0,2026-06-14 20:40:00,2558027
81.5,69.0,85.8,70.3,2026-06-14 21:00:00,2558027
82.0,67.3,86.2,70.1,2026-06-14 21:20:00,2558027
81.5,69.9,86.0,70.7,2026-06-14 21:40:00,2558027
81.5,71.0,86.2,71.2,2026-06-14 22:00:00,2558027
81.5,70.4,86.2,70.9,2026-06-14 22:20:00,2558027
81.0,71.2,85.6,70.8,2026-06-14 22:40:00,2558027
80.6,71.7,85.1,70.6,2026-06-14 23:00:00,2558027
80.2,72.3,84.2,70.4,2026-06-14 23:20:00,2558027
79.9,72.8,84.0,70.4,2026-06-14 23:40:00,2558027
79.7,73.0,83.5,70.3,2026-06-15 00:00:00,2558027
79.5,73.9,83.3,70.4,2026-06-15 00:20:00,2558027
79.2,74.6,83.1,70.4,2026-06-15 00:40:00,2558027
79.0,75.4,82.9,70.6,2026-06-15 01:00:00,2558027
78.8,76.1,82.6,70.7,2026-06-15 01:20:00,2558027
78.9,76.5,82.8,70.9,2026-06-15 01:40:00,2558027
78.9,76.4,82.8,70.8,2026-06-15 02:00:00,2558027
78.8,76.6,82.8,70.8,2026-06-15 02:20:00,2558027
78.6,77.0,82.2,70.8,2026-06-15 02:40:00,2558027
78.4,77.8,82.0,70.9,2026-06-15 03:00:00,2558027
78.0,78.8,81.5,70.9,2026-06-15 03:20:00,2558027
77.5,79.8,80.6,70.7,2026-06-15 03:40:00,2558027
76.8,80.9,79.3,70.5,2026-06-15 04:00:00,2558027
76.2,82.5,78.6,70.4,2026-06-15 04:20:00,2558027
75.8,83.9,78.4,70.6,2026-06-15 04:40:00,2558027
75.4,84.6,77.9,70.4,2026-06-15 05:00:00,2558027
74.9,85.6,77.4,70.3,2026-06-15 05:20:00,2558027
74.8,85.7,77.2,70.2,2026-06-15 05:40:00,2558027
75.1,83.8,77.5,69.8,2026-06-15 06:00:00,2558027
75.5,76.1,77.0,67.4,2026-06-15 06:20:00,2558027
76.1,70.6,77.0,65.8,2026-06-15 06:40:00,2558027
76.7,68.1,77.5,65.4,2026-06-15 07:00:00,2558027
76.8,64.0,77.0,63.7,2026-06-15 07:20:00,2558027
76.8,63.0,77.0,63.2,2026-06-15 07:40:00,2558027
78.0,62.4,78.8,64.1,2026-06-15 08:00:00,2558027
78.0,61.3,78.6,63.6,2026-06-15 08:20:00,2558027
77.6,59.2,77.9,62.2,2026-06-15 08:40:00,2558027
77.6,58.1,77.5,61.8,2026-06-15 09:00:00,2558027
77.2,58.6,77.2,61.6,2026-06-15 09:20:00,2558027
77.1,55.9,76.6,60.2,2026-06-15 09:40:00,2558027
78.6,50.7,78.1,58.8,2026-06-15 10:00:00,2558027
79.9,49.2,79.5,59.2,2026-06-15 10:20:00,2558027
85.0,45.7,86.0,61.7,2026-06-15 10:40:00,2558027
85.2,42.7,85.6,60.0,2026-06-15 11:00:00,2558027
86.1,39.8,86.2,58.8,2026-06-15 11:20:00,2558027
88.8,36.1,89.1,58.4,2026-06-15 11:40:00,2558027
83.9,36.0,82.4,54.1,2026-06-15 12:00:00,2558027
87.6,35.7,87.3,57.2,2026-06-15 12:20:00,2558027
87.1,35.0,86.4,56.1,2026-06-15 12:40:00,2558027
89.2,32.8,88.5,56.1,2026-06-15 13:00:00,2558027
85.8,32.7,83.8,53.1,2026-06-15 13:20:00,2558027
85.7,32.5,83.8,52.9,2026-06-15 13:40:00,2558027
85.2,33.2,83.3,53.1,2026-06-15 14:00:00,2558027
86.4,34.0,85.1,54.7,2026-06-15 14:20:00,2558027
87.4,33.9,86.2,55.5,2026-06-15 14:40:00,2558027
88.1,31.3,86.5,54.0,2026-06-15 15:00:00,2558027
88.5,31.3,87.3,54.4,2026-06-15 15:20:00,2558027
88.0,32.5,86.9,55.0,2026-06-15 15:40:00,2558027
88.5,32.7,87.4,55.5,2026-06-15 16:00:00,2558027
90.5,30.6,89.6,55.4,2026-06-15 16:20:00,2558027
89.9,29.1,88.3,53.5,2026-06-15 16:40:00,2558027
92.9,27.9,92.3,54.8,2026-06-15 17:00:00,2558027
92.9,27.6,92.3,54.7,2026-06-15 17:20:00,2558027
87.6,31.5,85.8,53.7,2026-06-15 17:40:00,2558027
87.0,32.9,85.5,54.4,2026-06-15 18:00:00,2558027
86.1,33.0,84.4,53.7,2026-06-15 18:20:00,2558027
86.2,34.1,84.9,54.6,2026-06-15 18:40:00,2558027
85.5,34.0,84.0,54.0,2026-06-15 19:00:00,2558027
85.1,34.9,83.7,54.3,2026-06-15 19:20:00,2558027
84.5,34.7,82.8,53.7,2026-06-15 19:40:00,2558027
83.7,35.3,81.9,53.4,2026-06-15 20:00:00,2558027
82.5,35.8,80.2,52.7,2026-06-15 20:20:00,2558027
81.1,37.1,79.0,52.5,2026-06-15 20:40:00,2558027
80.0,38.5,77.9,52.4,2026-06-15 21:00:00,2558027
78.5,40.6,76.5,52.6,2026-06-15 21:20:00,2558027
77.0,42.7,75.0,52.6,2026-06-15 21:40:00,2558027
76.3,44.3,74.5,53.0,2026-06-15 22:00:00,2558027
75.5,45.8,73.8,53.2,2026-06-15 22:20:00,2558027
74.7,47.9,73.4,53.6,2026-06-15 22:40:00,2558027
74.0,48.4,72.7,53.3,2026-06-15 23:00:00,2558027
73.3,49.1,72.1,53.1,2026-06-15 23:20:00,2558027
73.2,49.8,72.1,53.3,2026-06-15 23:40:00,2558027
72.6,50.2,71.8,53.0,2026-06-16 00:00:00,2558027
72.2,50.7,71.4,52.9,2026-06-16 00:20:00,2558027
71.9,52.0,71.1,53.3,2026-06-16 00:40:00,2558027
71.6,53.2,71.1,53.7,2026-06-16 01:00:00,2558027
71.4,54.1,70.7,53.9,2026-06-16 01:20:00,2558027
72.0,51.4,71.2,53.1,2026-06-16 01:40:00,2558027
72.1,50.1,71.2,52.5,2026-06-16 02:00:00,2558027
71.7,50.6,70.9,52.4,2026-06-16 02:20:00,2558027
71.4,50.6,70.5,52.1,2026-06-16 02:40:00,2558027
71.2,50.6,70.3,51.9,2026-06-16 03:00:00,2558027
71.0,50.3,70.2,51.7,2026-06-16 03:20:00,2558027
70.8,50.5,70.2,51.5,2026-06-16 03:40:00,2558027
70.4,50.7,69.6,51.3,2026-06-16 04:00:00,2558027
70.1,51.4,69.1,51.3,2026-06-16 04:20:00,2558027
69.4,52.5,68.0,51.3,2026-06-16 04:40:00,2558027
69.2,53.1,68.0,51.4,2026-06-16 05:00:00,2558027
69.1,53.3,67.6,51.4,2026-06-16 05:20:00,2558027
69.0,53.8,67.6,51.6,2026-06-16 05:40:00,2558027
68.9,54.6,67.6,51.9,2026-06-16 06:00:00,2558027
68.7,55.6,67.3,52.2,2026-06-16 06:20:00,2558027
68.9,56.3,67.8,52.7,2026-06-16 06:40:00,2558027
69.2,56.7,68.2,53.2,2026-06-16 07:00:00,2558027
69.3,57.5,68.4,53.7,2026-06-16 07:20:00,2558027
69.4,57.6,68.5,53.8,2026-06-16 07:40:00,2558027
70.1,57.3,69.4,54.4,2026-06-16 08:00:00,2558027
70.4,57.6,70.2,54.8,2026-06-16 08:20:00,2558027
71.3,56.9,70.9,55.3,2026-06-16 08:40:00,2558027
72.1,56.3,71.6,55.7,2026-06-16 09:00:00,2558027
72.2,56.1,71.8,55.7,2026-06-16 09:20:00,2558027
73.7,54.4,73.0,56.2,2026-06-16 09:40:00,2558027
75.6,50.8,74.5,56.1,2026-06-16 10:00:00,2558027
75.2,50.8,73.9,55.7,2026-06-16 10:20:00,2558027
78.1,48.8,77.2,57.3,2026-06-16 10:40:00,2558027
78.1,45.3,76.6,55.2,2026-06-16 11:00:00,2558027
77.2,46.8,75.6,55.2,2026-06-16 11:20:00,2558027
77.2,47.4,75.9,55.7,2026-06-16 11:40:00,2558027
78.4,46.8,77.2,56.4,2026-06-16 12:00:00,2558027
79.8,44.8,78.4,56.5,2026-06-16 12:20:00,2558027
78.8,44.9,77.2,55.6,2026-06-16 12:40:00,2558027
79.8,45.1,78.6,56.6,2026-06-16 13:00:00,2558027
79.6,44.5,78.3,56.1,2026-06-16 13:20:00,2558027
81.4,43.3,80.2,56.9,2026-06-16 13:40:00,2558027
82.0,42.8,80.8,57.1,2026-06-16 14:00:00,2558027
81.8,41.5,80.4,56.1,2026-06-16 14:20:00,2558027
82.1,41.7,80.8,56.6,2026-06-16 14:40:00,2558027
83.8,42.2,83.3,58.4,2026-06-16 15:00:00,2558027
83.8,42.0,83.3,58.2,2026-06-16 15:20:00,2558027
84.1,39.1,83.3,56.5,2026-06-16 15:40:00,2558027
83.1,42.6,82.4,58.0,2026-06-16 16:00:00,2558027
81.7,42.9,80.6,57.0,2026-06-16 16:20:00,2558027
82.2,44.4,81.3,58.4,2026-06-16 16:40:00,2558027
82.3,46.0,82.0,59.5,2026-06-16 17:00:00,2558027
81.9,47.8,81.9,60.2,2026-06-16 17:20:00,2558027
81.1,49.0,81.0,60.2,2026-06-16 17:40:00,2558027
80.9,50.2,81.0,60.7,2026-06-16 18:00:00,2558027
80.7,49.1,80.4,59.9,2026-06-16 18:20:00,2558027
81.0,49.4,81.0,60.3,2026-06-16 18:40:00,2558027
81.4,48.0,81.1,59.8,2026-06-16 19:00:00,2558027
80.9,48.7,80.6,59.8,2026-06-16 19:20:00,2558027
80.4,50.2,80.2,60.2,2026-06-16 19:40:00,2558027
79.8,52.9,79.9,61.1,2026-06-16 20:00:00,2558027
78.6,54.7,78.6,61.0,2026-06-16 20:20:00,2558027
77.8,54.5,77.4,60.1,2026-06-16 20:40:00,2558027
76.9,55.2,76.3,59.6,2026-06-16 21:00:00,2558027
76.3,55.7,75.7,59.3,2026-06-16 21:20:00,2558027
76.0,55.9,75.4,59.1,2026-06-16 21:40:00,2558027
76.1,56.3,75.4,59.4,2026-06-16 22:00:00,2558027
75.3,57.8,74.8,59.4,2026-06-16 22:20:00,2558027
74.9,59.1,74.7,59.6,2026-06-16 22:40:00,2558027
74.4,60.0,74.3,59.6,2026-06-16 23:00:00,2558027
74.0,61.2,73.9,59.8,2026-06-16 23:20:00,2558027
73.5,62.6,73.6,60.0,2026-06-16 23:40:00,2558027
73.3,63.4,73.6,60.2,2026-06-17 00:00:00,2558027
73.3,64.4,73.6,60.6,2026-06-17 00:20:00,2558027
73.2,65.5,73.6,61.0,2026-06-17 00:40:00,2558027
72.9,66.9,73.4,61.2,2026-06-17 01:00:00,2558027
72.5,68.4,72.9,61.5,2026-06-17 01:20:00,2558027
72.1,70.1,72.9,61.9,2026-06-17 01:40:00,2558027
71.8,71.4,72.5,62.0,2026-06-17 02:00:00,2558027
71.3,73.0,72.1,62.2,2026-06-17 02:20:00,2558027
71.2,74.3,72.0,62.6,2026-06-17 02:40:00,2558027
70.9,75.4,72.0,62.7,2026-06-17 03:00:00,2558027
70.8,76.8,71.8,63.1,2026-06-17 03:20:00,2558027
70.9,77.7,72.0,63.6,2026-06-17 03:40:00,2558027
70.8,78.3,71.8,63.7,2026-06-17 04:00:00,2558027
70.5,79.1,71.6,63.7,2026-06-17 04:20:00,2558027
70.3,80.0,71.2,63.8,2026-06-17 04:40:00,2558027
70.0,80.4,70.9,63.6,2026-06-17 05:00:00,2558027
69.7,81.0,70.5,63.6,2026-06-17 05:20:00,2558027
69.3,81.9,70.2,63.6,2026-06-17 05:40:00,2558027
68.9,83.0,69.6,63.5,2026-06-17 06:00:00,2558027
68.7,83.6,69.4,63.5,2026-06-17 06:20:00,2558027
68.8,84.0,69.6,63.7,2026-06-17 06:40:00,2558027
69.3,84.0,70.3,64.2,2026-06-17 07:00:00,2558027
70.0,83.2,71.2,64.6,2026-06-17 07:20:00,2558027
70.9,81.6,72.1,65.0,2026-06-17 07:40:00,2558027
73.1,78.9,74.7,66.1,2026-06-17 08:00:00,2558027
73.8,76.5,75.2,65.9,2026-06-17 08:20:00,2558027
75.3,73.2,76.5,66.1,2026-06-17 08:40:00,2558027
76.0,70.7,77.0,65.8,2026-06-17 09:00:00,2558027
78.0,66.5,79.5,65.9,2026-06-17 09:20:00,2558027
78.9,62.9,80.2,65.2,2026-06-17 09:40:00,2558027
80.9,57.8,82.4,64.6,2026-06-17 10:00:00,2558027
83.8,52.5,86.0,64.5,2026-06-17 10:20:00,2558027
86.1,45.2,87.6,62.4,2026-06-17 10:40:00,2558027
88.8,40.5,90.7,61.7,2026-06-17 11:00:00,2558027
91.5,39.1,94.8,63.1,2026-06-17 11:20:00,2558027
92.8,36.7,95.9,62.5,2026-06-17 11:40:00,2558027
90.0,36.2,91.2,59.6,2026-06-17 12:00:00,2558027
92.4,33.1,93.6,59.2,2026-06-17 12:20:00,2558027
91.9,33.9,93.4,59.5,2026-06-17 12:40:00,2558027
90.9,34.3,91.9,58.9,2026-06-17 13:00:00,2558027
90.1,35.1,90.7,58.9,2026-06-17 13:20:00,2558027
89.1,35.9,89.6,58.6,2026-06-17 13:40:00,2558027
90.1,36.2,91.2,59.7,2026-06-17 14:00:00,2558027
89.8,35.9,90.9,59.3,2026-06-17 14:20:00,2558027
91.9,35.5,94.1,60.8,2026-06-17 14:40:00,2558027
91.7,35.5,93.6,60.5,2026-06-17 15:00:00,2558027
89.9,34.8,90.3,58.4,2026-06-17 15:20:00,2558027
91.5,34.6,92.8,59.6,2026-06-17 15:40:00,2558027
90.3,36.0,91.4,59.7,2026-06-17 16:00:00,2558027
92.8,34.7,95.0,60.9,2026-06-17 16:20:00,2558027
93.3,33.6,95.2,60.4,2026-06-17 16:40:00,2558027
93.5,31.6,94.6,58.9,2026-06-17 17:00:00,2558027
94.9,30.6,96.3,59.1,2026-06-17 17:20:00,2558027
90.7,32.8,90.9,57.5,2026-06-17 17:40:00,2558027
91.1,34.7,92.5,59.4,2026-06-17 18:00:00,2558027
90.7,35.9,92.3,60.0,2026-06-17 18:20:00,2558027
88.5,40.0,90.1,61.1,2026-06-17 18:40:00,2558027
88.6,41.3,90.5,62.1,2026-06-17 19:00:00,2558027
88.3,42.5,90.1,62.6,2026-06-17 19:20:00,2558027
87.5,43.4,89.4,62.5,2026-06-17 19:40:00,2558027
86.1,45.5,87.6,62.6,2026-06-17 20:00:00,2558027
85.1,47.7,87.1,63.1,2026-06-17 20:20:00,2558027
84.7,49.9,86.7,64.0,2026-06-17 20:40:00,2558027
83.4,53.1,85.3,64.6,2026-06-17 21:00:00,2558027
82.6,55.7,84.6,65.1,2026-06-17 21:20:00,2558027
82.3,58.5,84.7,66.3,2026-06-17 21:40:00,2558027
82.4,60.5,85.5,67.4,2026-06-17 22:00:00,2558027
81.8,61.5,84.6,67.3,2026-06-17 22:20:00,2558027
81.5,64.0,84.6,68.1,2026-06-17 22:40:00,2558027
80.7,66.0,83.8,68.3,2026-06-17 23:00:00,2558027
80.2,67.8,83.3,68.6,2026-06-17 23:20:00,2558027
79.7,68.8,82.8,68.6,2026-06-17 23:40:00,2558027
79.7,67.4,82.2,67.9,2026-06-18 00:00:00,2558027
79.3,66.7,81.5,67.3,2026-06-18 00:20:00,2558027
79.3,66.0,81.3,67.0,2026-06-18 00:40:00,2558027
79.1,65.8,81.1,66.7,2026-06-18 01:00:00,2558027
78.6,66.3,80.4,66.4,2026-06-18 01:20:00,2558027
78.2,67.0,79.9,66.4,2026-06-18 01:40:00,2558027
77.4,68.4,78.8,66.1,2026-06-18 02:00:00,2558027
77.2,69.5,78.4,66.4,2026-06-18 02:20:00,2558027
76.9,70.3,78.1,66.5,2026-06-18 02:40:00,2558027
76.6,72.0,77.7,66.9,2026-06-18 03:00:00,2558027
76.8,73.4,78.1,67.6,2026-06-18 03:20:00,2558027
76.8,75.8,78.4,68.6,2026-06-18 03:40:00,2558027
76.7,77.7,78.6,69.2,2026-06-18 04:00:00,2558027
76.5,79.3,78.8,69.6,2026-06-18 04:20:00,2558027
76.3,80.7,78.6,69.9,2026-06-18 04:40:00,2558027
76.0,81.7,78.3,70.0,2026-06-18 05:00:00,2558027
75.7,82.7,77.9,70.1,2026-06-18 05:20:00,2558027
75.6,83.6,78.1,70.3,2026-06-18 05:40:00,2558027
75.5,84.0,77.9,70.4,2026-06-18 06:00:00,2558027
75.5,84.5,77.9,70.4,2026-06-18 06:20:00,2558027
75.7,84.4,78.1,70.7,2026-06-18 06:40:00,2558027
76.1,83.7,78.8,70.8,2026-06-18 07:00:00,2558027
76.8,82.4,79.5,71.0,2026-06-18 07:20:00,2558027
77.0,81.8,79.7,71.0,2026-06-18 07:40:00,2558027
78.8,79.0,83.3,71.7,2026-06-18 08:00:00,2558027
79.3,76.9,83.7,71.5,2026-06-18 08:20:00,2558027
81.2,73.2,86.4,71.7,2026-06-18 08:40:00,2558027
82.2,70.4,87.4,71.6,2026-06-18 09:00:00,2558027
83.2,68.8,89.2,71.9,2026-06-18 09:20:00,2558027
84.5,67.2,91.8,72.5,2026-06-18 09:40:00,2558027
86.7,63.9,95.4,73.0,2026-06-18 10:00:00,2558027
87.1,61.7,95.5,72.3,2026-06-18 10:20:00,2558027
90.4,56.4,100.8,72.8,2026-06-18 10:40:00,2558027
89.8,54.5,98.2,71.2,2026-06-18 11:00:00,2558027
91.5,52.7,101.3,71.8,2026-06-18 11:20:00,2558027
92.3,50.2,101.7,71.0,2026-06-18 11:40:00,2558027
93.2,48.4,102.9,70.8,2026-06-18 12:00:00,2558027
93.5,47.9,102.9,70.8,2026-06-18 12:20:00,2558027
93.4,47.9,102.9,70.8,2026-06-18 12:40:00,2558027
97.1,45.1,109.2,72.2,2026-06-18 13:00:00,2558027
95.9,45.8,107.2,71.6,2026-06-18 13:20:00,2558027
96.7,44.8,108.3,71.7,2026-06-18 13:40:00,2558027
96.0,44.9,106.7,71.1,2026-06-18 14:00:00,2558027
97.3,43.4,108.5,71.3,2026-06-18 14:20:00,2558027
96.2,44.0,106.3,70.7,2026-06-18 14:40:00,2558027
96.0,43.7,106.0,70.3,2026-06-18 15:00:00,2558027
97.6,42.9,109.0,71.3,2026-06-18 15:20:00,2558027
96.1,43.3,105.6,70.1,2026-06-18 15:40:00,2558027
95.8,43.2,105.3,69.9,2026-06-18 16:00:00,2558027
82.7,56.8,84.9,65.8,2026-06-18 16:20:00,2558027
80.0,71.8,83.8,70.1,2026-06-18 16:40:00,2558027
81.6,68.1,85.8,70.1,2026-06-18 17:00:00,2558027
86.9,60.2,94.1,71.4,2026-06-18 17:20:00,2558027
83.9,64.3,89.6,70.5,2026-06-18 17:40:00,2558027
83.9,65.4,90.0,71.0,2026-06-18 18:00:00,2558027
84.6,63.9,91.0,71.0,2026-06-18 18:20:00,2558027
85.0,63.4,91.6,71.1,2026-06-18 18:40:00,2558027
85.6,62.5,92.5,71.3,2026-06-18 19:00:00,2558027
84.9,64.8,91.8,71.7,2026-06-18 19:20:00,2558027
84.1,67.3,91.0,72.1,2026-06-18 19:40:00,2558027
83.4,68.7,89.8,72.0,2026-06-18 20:00:00,2558027
82.3,70.8,87.8,71.9,2026-06-18 20:20:00,2558027
82.1,72.5,88.0,72.4,2026-06-18 20:40:00,2558027
82.0,73.1,87.8,72.5,2026-06-18 21:00:00,2558027
79.8,80.4,85.5,73.2,2026-06-18 21:20:00,2558027
77.6,82.2,81.3,71.8,2026-06-18 21:40:00,2558027
77.5,81.1,80.8,71.2,2026-06-18 22:00:00,2558027
79.3,74.6,83.1,70.5,2026-06-18 22:20:00,2558027
78.7,75.0,82.0,70.1,2026-06-18 22:40:00,2558027
77.5,77.3,80.1,69.9,2026-06-18 23:00:00,2558027
77.0,79.2,79.7,70.0,2026-06-18 23:20:00,2558027
76.5,80.9,79.0,70.2,2026-06-18 23:40:00,2558027
75.9,83.9,78.6,70.7,2026-06-19 00:00:00,2558027
75.8,83.4,78.4,70.4,2026-06-19 00:20:00,2558027
75.7,83.0,77.9,70.2,2026-06-19 00:40:00,2558027
75.5,82.9,77.7,69.9,2026-06-19 01:00:00,2558027
75.3,83.2,77.7,69.8,2026-06-19 01:20:00,2558027
75.2,83.2,77.7,69.8,2026-06-19 01:40:00,2558027
75.2,83.3,77.5,69.8,2026-06-19 02:00:00,2558027
75.4,84.2,77.9,70.3,2026-06-19 02:20:00,2558027
75.4,84.9,78.1,70.5,2026-06-19 02:40:00,2558027
75.2,85.2,77.5,70.4,2026-06-19 03:00:00,2558027
74.7,85.5,77.2,70.1,2026-06-19 03:20:00,2558027
73.7,87.4,76.1,69.8,2026-06-19 03:40:00,2558027
72.4,90.2,74.7,69.4,2026-06-19 04:00:00,2558027
71.5,92.2,73.4,69.1,2026-06-19 04:20:00,2558027
71.3,93.7,73.2,69.4,2026-06-19 04:40:00,2558027
71.1,94.3,73.0,69.3,2026-06-19 05:00:00,2558027
71.2,94.8,73.0,69.6,2026-06-19 05:20:00,2558027
71.1,95.1,73.0,69.6,2026-06-19 05:40:00,2558027
70.9,95.5,72.9,69.5,2026-06-19 06:00:00,2558027
70.9,95.8,72.9,69.6,2026-06-19 06:20:00,2558027
70.9,96.1,72.9,69.7,2026-06-19 06:40:00,2558027
71.2,96.3,73.0,70.1,2026-06-19 07:00:00,2558027
71.1,96.5,73.0,70.0,2026-06-19 07:20:00,2558027
71.2,96.7,73.0,70.2,2026-06-19 07:40:00,2558027
71.1,96.8,73.0,70.1,2026-06-19 08:00:00,2558027
71.2,97.0,73.0,70.3,2026-06-19 08:20:00,2558027
71.4,97.1,73.4,70.5,2026-06-19 08:40:00,2558027
72.1,97.2,74.5,71.2,2026-06-19 09:00:00,2558027
72.1,97.1,74.5,71.2,2026-06-19 09:20:00,2558027
72.2,97.0,74.7,71.3,2026-06-19 09:40:00,2558027
73.1,97.1,76.1,72.3,2026-06-19 10:00:00,2558027
74.5,96.9,78.1,73.6,2026-06-19 10:20:00,2558027
76.0,95.1,80.1,74.5,2026-06-19 10:40:00,2558027
77.1,90.5,81.3,74.1,2026-06-19 11:00:00,2558027
76.4,90.3,79.9,73.4,2026-06-19 11:20:00,2558027
77.4,87.7,81.9,73.5,2026-06-19 11:40:00,2558027
78.4,85.3,83.3,73.7,2026-06-19 12:00:00,2558027
79.6,81.7,85.3,73.5,2026-06-19 12:20:00,2558027
81.2,76.2,87.3,73.0,2026-06-19 12:40:00,2558027
82.7,74.8,89.8,73.9,2026-06-19 13:00:00,2558027
82.2,73.7,88.7,73.0,2026-06-19 13:20:00,2558027
83.1,69.6,89.1,72.1,2026-06-19 13:40:00,2558027
83.6,65.8,89.2,70.9,2026-06-19 14:00:00,2558027
85.0,62.0,91.0,70.5,2026-06-19 14:20:00,2558027
85.6,58.9,91.2,69.6,2026-06-19 14:40:00,2558027
87.2,55.9,93.2,69.5,2026-06-19 15:00:00,2558027
87.0,55.0,92.7,68.9,2026-06-19 15:20:00,2558027
87.0,53.2,91.9,67.9,2026-06-19 15:40:00,2558027
87.7,49.3,91.8,66.3,2026-06-19 16:00:00,2558027
88.2,46.8,91.8,65.3,2026-06-19 16:20:00,2558027
89.0,46.1,92.8,65.6,2026-06-19 16:40:00,2558027
87.7,46.4,90.5,64.6,2026-06-19 17:00:00,2558027
88.5,45.7,91.6,64.9,2026-06-19 17:20:00,2558027
85.8,49.4,88.7,64.7,2026-06-19 17:40:00,2558027
85.5,50.5,88.5,65.0,2026-06-19 18:00:00,2558027
85.4,49.4,87.8,64.3,2026-06-19 18:20:00,2558027
84.9,48.4,86.9,63.3,2026-06-19 18:40:00,2558027
84.7,50.0,86.9,64.0,2026-06-19 19:00:00,2558027
83.8,51.3,85.6,63.9,2026-06-19 19:20:00,2558027
83.3,50.0,84.7,62.7,2026-06-19 19:40:00,2558027
81.9,50.7,82.4,61.8,2026-06-19 20:00:00,2558027
80.2,53.4,80.6,61.7,2026-06-19 20:20:00,2558027
78.9,56.0,79.2,61.9,2026-06-19 20:40:00,2558027
78.8,54.0,78.8,60.7,2026-06-19 21:00:00,2558027
78.6,52.1,78.4,59.6,2026-06-19 21:20:00,2558027
77.9,51.1,77.2,58.4,2026-06-19 21:40:00,2558027
77.6,51.0,76.8,58.0,2026-06-19 22:00:00,2558027
77.0,51.5,76.1,57.8,2026-06-19 22:20:00,2558027
76.2,50.6,75.0,56.6,2026-06-19 22:40:00,2558027
75.4,51.7,74.3,56.4,2026-06-19 23:00:00,2558027
74.8,52.6,73.8,56.3,2026-06-19 23:20:00,2558027
74.2,53.6,73.4,56.3,2026-06-19 23:40:00,2558027
73.7,52.6,72.9,55.3,2026-06-20 00:00:00,2558027
73.5,51.8,72.7,54.7,2026-06-20 00:20:00,2558027
73.1,52.6,72.3,54.7,2026-06-20 00:40:00,2558027
72.3,53.4,71.8,54.5,2026-06-20 01:00:00,2558027
71.4,55.0,70.7,54.4,2026-06-20 01:20:00,2558027
69.9,59.5,69.3,55.1,2026-06-20 01:40:00,2558027
68.8,58.3,67.8,53.5,2026-06-20 02:00:00,2558027
67.9,61.4,66.7,54.1,2026-06-20 02:20:00,2558027
67.4,63.4,66.2,54.5,2026-06-20 02:40:00,2558027
67.5,63.6,66.4,54.8,2026-06-20 03:00:00,2558027
67.0,63.3,65.7,54.1,2026-06-20 03:20:00,2558027
67.0,65.0,65.8,54.8,2026-06-20 03:40:00,2558027
66.6,64.6,65.3,54.3,2026-06-20 04:00:00,2558027
65.9,66.0,64.4,54.2,2026-06-20 04:20:00,2558027
65.3,69.4,63.7,55.0,2026-06-20 04:40:00,2558027
64.8,68.6,63.3,54.3,2026-06-20 05:00:00,2558027
63.8,72.5,62.6,54.8,2026-06-20 05:20:00,2558027
63.5,74.7,62.6,55.3,2026-06-20 05:40:00,2558027
63.1,74.8,62.1,55.0,2026-06-20 06:00:00,2558027
63.0,76.4,62.2,55.5,2026-06-20 06:20:00,2558027
63.7,75.8,63.0,56.0,2026-06-20 06:40:00,2558027
65.3,74.0,64.2,56.8,2026-06-20 07:00:00,2558027
65.7,74.3,64.9,57.3,2026-06-20 07:20:00,2558027
66.3,74.8,65.7,58.1,2026-06-20 07:40:00,2558027
69.5,70.6,69.6,59.5,2026-06-20 08:00:00,2558027
72.1,60.6,72.0,57.7,2026-06-20 08:20:00,2558027
74.6,56.0,73.9,57.8,2026-06-20 08:40:00,2558027
75.9,52.6,75.0,57.4,2026-06-20 09:00:00,2558027
78.4,49.7,77.5,58.0,2026-06-20 09:20:00,2558027
79.2,46.6,78.1,57.0,2026-06-20 09:40:00,2558027
80.9,43.7,79.7,56.7,2026-06-20 10:00:00,2558027
82.6,40.3,81.3,56.0,2026-06-20 10:20:00,2558027
84.9,36.9,83.8,55.7,2026-06-20 10:40:00,2558027
88.1,33.0,87.1,55.4,2026-06-20 11:00:00,2558027
86.5,32.3,84.6,53.4,2026-06-20 11:20:00,2558027
87.6,33.7,86.5,55.5,2026-06-20 11:40:00,2558027
89.1,30.1,87.6,53.7,2026-06-20 12:00:00,2558027
87.7,30.6,85.8,53.0,2026-06-20 12:20:00,2558027
85.7,29.0,82.9,49.7,2026-06-20 12:40:00,2558027
86.1,31.5,84.0,52.3,2026-06-20 13:00:00,2558027
86.7,32.2,85.1,53.5,2026-06-20 13:20:00,2558027
86.7,33.4,85.5,54.6,2026-06-20 13:40:00,2558027
87.0,34.5,86.0,55.6,2026-06-20 14:00:00,2558027
86.8,32.2,85.1,53.6,2026-06-20 14:20:00,2558027
85.4,30.3,82.8,50.7,2026-06-20 14:40:00,2558027
87.5,32.6,86.2,54.5,2026-06-20 15:00:00,2558027
88.2,30.8,86.5,53.5,2026-06-20 15:20:00,2558027
87.5,33.2,86.4,55.1,2026-06-20 15:40:00,2558027
87.7,33.1,86.5,55.1,2026-06-20 16:00:00,2558027
87.8,31.4,86.2,53.8,2026-06-20 16:20:00,2558027
87.4,30.8,85.5,52.9,2026-06-20 16:40:00,2558027
91.0,30.4,90.3,55.7,2026-06-20 17:00:00,2558027
90.9,28.7,89.8,53.9,2026-06-20 17:20:00,2558027
87.3,33.2,86.0,54.8,2026-06-20 17:40:00,2558027
85.4,34.4,83.8,54.2,2026-06-20 18:00:00,2558027
84.9,36.1,83.8,55.1,2026-06-20 18:20:00,2558027
84.7,37.3,83.5,55.8,2026-06-20 18:40:00,2558027
84.2,38.9,83.3,56.5,2026-06-20 19:00:00,2558027
83.8,39.6,82.8,56.6,2026-06-20 19:20:00,2558027
82.9,41.3,81.9,56.9,2026-06-20 19:40:00,2558027
81.8,42.2,80.6,56.7,2026-06-20 20:00:00,2558027
80.7,43.7,79.5,56.6,2026-06-20 20:20:00,2558027
79.4,45.5,78.3,56.5,2026-06-20 20:40:00,2558027
78.2,47.1,77.0,56.4,2026-06-20 21:00:00,2558027
77.3,49.8,76.1,57.1,2026-06-20 21:20:00,2558027
76.7,51.3,75.6,57.4,2026-06-20 21:40:00,2558027
76.4,51.8,75.4,57.4,2026-06-20 22:00:00,2558027
76.0,51.3,74.8,56.7,2026-06-20 22:20:00,2558027
75.5,52.6,74.5,56.9,2026-06-20 22:40:00,2558027
75.0,53.4,73.9,56.9,2026-06-20 23:00:00,2558027
74.5,54.3,73.8,56.9,2026-06-20 23:20:00,2558027
74.0,55.6,73.4,57.1,2026-06-20 23:40:00,2558027
73.5,56.6,73.0,57.1,2026-06-21 00:00:00,2558027
73.3,56.9,72.9,57.2,2026-06-21 00:20:00,2558027
73.1,57.5,72.7,57.2,2026-06-21 00:40:00,2558027
72.8,58.3,72.5,57.3,2026-06-21 01:00:00,2558027
72.5,58.7,72.1,57.2,2026-06-21 01:20:00,2558027
72.1,59.8,72.0,57.4,2026-06-21 01:40:00,2558027
71.8,60.8,71.8,57.5,2026-06-21 02:00:00,2558027
71.5,62.8,71.6,58.2,2026-06-21 02:20:00,2558027
70.8,66.0,71.1,58.9,2026-06-21 02:40:00,2558027
70.5,66.2,70.9,58.7,2026-06-21 03:00:00,2558027
70.4,67.7,70.7,59.2,2026-06-21 03:20:00,2558027
70.1,69.4,70.3,59.6,2026-06-21 03:40:00,2558027
69.8,70.8,69.8,59.9,2026-06-21 04:00:00,2558027
69.4,70.8,69.4,59.5,2026-06-21 04:20:00,2558027
68.8,72.7,68.9,59.6,2026-06-21 04:40:00,2558027
68.3,74.2,68.2,59.8,2026-06-21 05:00:00,2558027
67.7,74.5,67.5,59.3,2026-06-21 05:20:00,2558027
67.3,76.3,67.3,59.6,2026-06-21 05:40:00,2558027
67.1,77.4,67.1,59.8,2026-06-21 06:00:00,2558027
66.9,78.2,66.9,59.9,2026-06-21 06:20:00,2558027
67.1,79.0,67.3,60.4,2026-06-21 06:40:00,2558027
67.5,80.5,67.6,61.3,2026-06-21 07:00:00,2558027
69.3,79.7,70.0,62.7,2026-06-21 07:20:00,2558027
70.6,77.6,71.4,63.3,2026-06-21 07:40:00,2558027
73.1,75.0,74.1,64.7,2026-06-21 08:00:00,2558027
75.1,70.8,76.1,64.9,2026-06-21 08:20:00,2558027
77.0,67.6,78.3,65.4,2026-06-21 08:40:00,2558027
78.4,62.8,79.3,64.6,2026-06-21 09:00:00,2558027
81.1,57.7,82.6,64.8,2026-06-21 09:20:00,2558027
82.5,54.8,84.0,64.6,2026-06-21 09:40:00,2558027
84.3,52.3,86.7,64.9,2026-06-21 10:00:00,2558027
87.3,46.5,90.1,64.3,2026-06-21 10:20:00,2558027
90.0,43.7,93.9,65.0,2026-06-21 10:40:00,2558027
93.6,36.3,97.2,62.9,2026-06-21 11:00:00,2558027
93.6,34.9,96.4,61.7,2026-06-21 11:20:00,2558027
94.9,32.9,97.5,61.2,2026-06-21 11:40:00,2558027
94.6,34.6,97.9,62.3,2026-06-21 12:00:00,2558027
94.2,34.6,97.2,62.0,2026-06-21 12:20:00,2558027
91.7,35.1,93.4,60.2,2026-06-21 12:40:00,2558027
95.5,32.9,98.6,61.8,2026-06-21 13:00:00,2558027
89.9,37.2,91.2,60.3,2026-06-21 13:20:00,2558027
89.9,39.4,92.1,61.9,2026-06-21 13:40:00,2558027
90.6,39.0,93.2,62.2,2026-06-21 14:00:00,2558027
90.0,39.4,92.5,62.0,2026-06-21 14:20:00,2558027
90.3,38.3,92.7,61.5,2026-06-21 14:40:00,2558027
91.2,37.5,93.9,61.8,2026-06-21 15:00:00,2558027
93.0,36.9,96.6,62.9,2026-06-21 15:20:00,2558027
91.0,37.3,93.2,61.4,2026-06-21 15:40:00,2558027
91.8,37.1,94.5,61.8,2026-06-21 16:00:00,2558027
92.5,36.7,95.2,62.2,2026-06-21 16:20:00,2558027
92.0,36.1,94.5,61.4,2026-06-21 16:40:00,2558027
91.6,37.2,94.3,61.8,2026-06-21 17:00:00,2558027
91.3,38.0,93.9,62.2,2026-06-21 17:20:00,2558027
90.3,41.0,93.6,63.4,2026-06-21 17:40:00,2558027
90.1,40.2,92.7,62.6,2026-06-21 18:00:00,2558027
89.3,41.8,91.9,63.1,2026-06-21 18:20:00,2558027
89.1,41.8,91.8,62.9,2026-06-21 18:40:00,2558027
88.6,42.6,90.9,63.0,2026-06-21 19:00:00,2558027
87.9,44.3,90.1,63.5,2026-06-21 19:20:00,2558027
87.2,46.0,89.8,63.9,2026-06-21 19:40:00,2558027
86.2,48.4,89.1,64.4,2026-06-21 20:00:00,2558027
85.4,49.2,87.8,64.2,2026-06-21 20:20:00,2558027
84.3,50.4,86.2,63.8,2026-06-21 20:40:00,2558027
83.5,50.8,85.1,63.4,2026-06-21 21:00:00,2558027
82.9,51.3,84.0,63.1,2026-06-21 21:20:00,2558027
82.1,52.9,83.1,63.2,2026-06-21 21:40:00,2558027
81.3,54.0,82.0,63.1,2026-06-21 22:00:00,2558027
80.4,55.6,81.1,63.1,2026-06-21 22:20:00,2558027
79.5,57.2,80.4,63.1,2026-06-21 22:40:00,2558027
79.0,58.4,79.9,63.2,2026-06-21 23:00:00,2558027
79.4,58.8,80.4,63.7,2026-06-21 23:20:00,2558027
79.0,62.9,80.6,65.3,2026-06-21 23:40:00,2558027
78.4,65.6,79.9,65.9,2026-06-22 00:00:00,2558027
78.0,68.3,79.7,66.7,2026-06-22 00:20:00,2558027
77.3,70.5,78.8,67.0,2026-06-22 00:40:00,2558027
76.8,71.8,78.3,67.1,2026-06-22 01:00:00,2558027
76.3,72.9,77.5,67.0,2026-06-22 01:20:00,2558027
92.6,48.4,101.5,70.3,2026-06-14 13:20:00,2799139
95.8,46.0,107.1,71.7,2026-06-14 13:40:00,2799139
94.3,42.0,101.5,67.6,2026-06-14 14:00:00,2799139
96.8,40.1,105.6,68.5,2026-06-14 14:20:00,2799139
97.3,37.4,104.5,67.0,2026-06-14 14:40:00,2799139
97.0,37.3,104.2,66.6,2026-06-14 15:00:00,2799139
97.5,35.8,104.2,65.9,2026-06-14 15:20:00,2799139
97.4,37.8,105.1,67.4,2026-06-14 15:40:00,2799139
98.1,37.6,106.5,67.8,2026-06-14 16:00:00,2799139
96.7,38.4,104.2,67.3,2026-06-14 16:20:00,2799139
96.9,37.9,104.2,67.0,2026-06-14 16:40:00,2799139
96.6,36.3,102.9,65.6,2026-06-14 17:00:00,2799139
98.3,33.5,104.0,64.7,2026-06-14 17:20:00,2799139
97.3,31.3,100.8,61.9,2026-06-14 17:40:00,2799139
97.4,32.6,101.8,63.2,2026-06-14 18:00:00,2799139
96.7,33.3,100.9,63.1,2026-06-14 18:20:00,2799139
95.9,33.3,99.9,62.5,2026-06-14 18:40:00,2799139
89.8,45.1,94.3,65.8,2026-06-14 19:00:00,2799139
81.1,64.3,84.0,67.9,2026-06-14 19:20:00,2799139
77.9,80.9,81.9,71.6,2026-06-14 19:40:00,2799139
79.3,84.3,85.1,74.1,2026-06-14 20:00:00,2799139
80.7,76.7,86.2,72.7,2026-06-14 20:20:00,2799139
80.1,77.0,85.3,72.2,2026-06-14 20:40:00,2799139
81.7,70.4,86.7,71.1,2026-06-14 21:00:00,2799139
81.7,68.7,86.2,70.4,2026-06-14 21:20:00,2799139
81.4,69.5,85.8,70.5,2026-06-14 21:40:00,2799139
81.3,71.1,86.0,71.0,2026-06-14 22:00:00,2799139
81.2,71.2,86.0,70.9,2026-06-14 22:20:00,2799139
81.0,71.3,85.6,70.8,2026-06-14 22:40:00,2799139
80.4,72.4,84.9,70.7,2026-06-14 23:00:00,2799139
79.8,73.6,83.8,70.5,2026-06-14 23:20:00,2799139
79.6,73.8,83.7,70.5,2026-06-14 23:40:00,2799139
79.7,74.3,83.7,70.8,2026-06-15 00:00:00,2799139
79.1,75.1,82.9,70.5,2026-06-15 00:20:00,2799139
78.8,75.9,82.6,70.6,2026-06-15 00:40:00,2799139
78.7,76.6,82.4,70.7,2026-06-15 01:00:00,2799139
78.7,77.0,82.6,70.9,2026-06-15 01:20:00,2799139
78.6,77.4,82.2,70.9,2026-06-15 01:40:00,2799139
78.7,77.5,82.6,71.1,2026-06-15 02:00:00,2799139
78.7,77.7,82.6,71.1,2026-06-15 02:20:00,2799139
78.6,77.9,82.4,71.1,2026-06-15 02:40:00,2799139
78.4,78.3,82.0,71.1,2026-06-15 03:00:00,2799139
78.1,79.1,81.9,71.1,2026-06-15 03:20:00,2799139
77.7,79.9,81.3,71.0,2026-06-15 03:40:00,2799139
77.3,80.6,80.4,70.9,2026-06-15 04:00:00,2799139
77.0,81.5,79.7,70.9,2026-06-15 04:20:00,2799139
76.3,82.5,78.8,70.6,2026-06-15 04:40:00,2799139
76.3,81.9,78.8,70.4,2026-06-15 05:00:00,2799139
76.2,81.1,78.4,70.0,2026-06-15 05:20:00,2799139
76.1,80.9,78.3,69.8,2026-06-15 05:40:00,2799139
76.3,76.2,77.9,68.2,2026-06-15 06:00:00,2799139
76.2,68.9,76.8,65.2,2026-06-15 06:20:00,2799139
76.5,66.8,77.2,64.6,2026-06-15 06:40:00,2799139
77.0,64.0,77.5,63.9,2026-06-15 07:00:00,2799139
76.7,63.3,77.0,63.2,2026-06-15 07:20:00,2799139
76.5,62.7,76.6,62.8,2026-06-15 07:40:00,2799139
77.6,60.9,78.1,63.0,2026-06-15 08:00:00,2799139
78.7,58.4,79.2,62.9,2026-06-15 08:20:00,2799139
76.8,58.0,76.5,61.0,2026-06-15 08:40:00,2799139
76.8,59.2,76.5,61.5,2026-06-15 09:00:00,2799139
76.2,56.9,75.7,59.9,2026-06-15 09:20:00,2799139
77.8,53.0,77.2,59.3,2026-06-15 09:40:00,2799139
77.7,49.7,76.8,57.5,2026-06-15 10:00:00,2799139
79.0,48.8,78.3,58.1,2026-06-15 10:20:00,2799139
82.5,47.0,82.4,60.3,2026-06-15 10:40:00,2799139
81.8,45.3,81.1,58.6,2026-06-15 11:00:00,2799139
81.9,41.4,80.6,56.2,2026-06-15 11:20:00,2799139
83.0,39.4,81.7,55.8,2026-06-15 11:40:00,2799139
82.5,37.2,80.6,53.7,2026-06-15 12:00:00,2799139
83.9,37.1,82.6,54.9,2026-06-15 12:20:00,2799139
84.8,38.0,83.8,56.4,2026-06-15 12:40:00,2799139
87.8,33.1,86.7,55.2,2026-06-15 13:00:00,2799139
86.5,31.2,84.4,52.4,2026-06-15 13:20:00,2799139
84.4,33.6,82.4,52.7,2026-06-15 13:40:00,2799139
85.8,34.7,84.4,54.8,2026-06-15 14:00:00,2799139
86.5,34.2,85.3,55.0,2026-06-15 14:20:00,2799139
85.3,32.7,83.3,52.8,2026-06-15 14:40:00,2799139
84.7,31.6,82.2,51.3,2026-06-15 15:00:00,2799139
85.7,32.0,83.7,52.5,2026-06-15 15:20:00,2799139
86.0,33.7,84.6,54.1,2026-06-15 15:40:00,2799139
85.9,34.4,84.6,54.6,2026-06-15 16:00:00,2799139
86.6,31.4,84.7,52.7,2026-06-15 16:20:00,2799139
86.6,31.9,84.7,53.2,2026-06-15 16:40:00,2799139
86.3,31.1,84.0,52.2,2026-06-15 17:00:00,2799139
86.0,32.4,84.0,53.0,2026-06-15 17:20:00,2799139
85.9,32.2,84.0,52.8,2026-06-15 17:40:00,2799139
86.2,32.6,84.6,53.4,2026-06-15 18:00:00,2799139
86.5,32.8,84.7,53.8,2026-06-15 18:20:00,2799139
85.7,33.7,84.0,53.8,2026-06-15 18:40:00,2799139
85.4,33.8,83.7,53.7,2026-06-15 19:00:00,2799139
84.8,34.7,83.1,53.9,2026-06-15 19:20:00,2799139
83.8,35.5,81.9,53.7,2026-06-15 19:40:00,2799139
83.4,35.6,81.5,53.3,2026-06-15 20:00:00,2799139
82.4,36.5,80.2,53.2,2026-06-15 20:20:00,2799139
81.3,36.6,79.0,52.2,2026-06-15 20:40:00,2799139
80.0,38.5,77.9,52.4,2026-06-15 21:00:00,2799139
79.9,38.7,77.9,52.5,2026-06-15 21:20:00,2799139
78.7,40.0,76.5,52.3,2026-06-15 21:40:00,2799139
78.3,41.2,76.3,52.8,2026-06-15 22:00:00,2799139
77.4,41.2,75.2,52.0,2026-06-15 22:20:00,2799139
76.9,41.5,74.7,51.8,2026-06-15 22:40:00,2799139
76.5,42.0,74.5,51.6,2026-06-15 23:00:00,2799139
75.7,42.8,73.6,51.5,2026-06-15 23:20:00,2799139
75.0,44.8,73.2,52.1,2026-06-15 23:40:00,2799139
74.6,45.4,73.0,52.1,2026-06-16 00:00:00,2799139
73.0,48.4,71.8,52.3,2026-06-16 00:20:00,2799139
73.9,46.5,72.3,52.1,2026-06-16 00:40:00,2799139
73.5,48.4,72.3,52.8,2026-06-16 01:00:00,2799139
73.4,47.7,72.1,52.3,2026-06-16 01:20:00,2799139
73.0,48.1,71.8,52.2,2026-06-16 01:40:00,2799139
72.5,48.2,71.4,51.8,2026-06-16 02:00:00,2799139
72.1,48.0,71.2,51.4,2026-06-16 02:20:00,2799139
71.8,48.2,70.9,51.2,2026-06-16 02:40:00,2799139
71.2,49.1,70.2,51.1,2026-06-16 03:00:00,2799139
70.8,49.0,70.0,50.8,2026-06-16 03:20:00,2799139
70.7,49.2,70.0,50.8,2026-06-16 03:40:00,2799139
70.2,50.0,69.3,50.7,2026-06-16 04:00:00,2799139
69.7,50.9,68.5,50.8,2026-06-16 04:20:00,2799139
69.1,52.1,67.8,50.8,2026-06-16 04:40:00,2799139
69.0,52.3,67.5,50.8,2026-06-16 05:00:00,2799139
68.9,52.7,67.5,50.9,2026-06-16 05:20:00,2799139
68.9,53.2,67.5,51.1,2026-06-16 05:40:00,2799139
68.8,53.7,67.5,51.3,2026-06-16 06:00:00,2799139
68.6,54.7,67.3,51.7,2026-06-16 06:20:00,2799139
68.7,55.6,67.3,52.2,2026-06-16 06:40:00,2799139
68.6,56.2,67.3,52.4,2026-06-16 07:00:00,2799139
68.7,56.9,67.5,52.8,2026-06-16 07:20:00,2799139
69.1,57.6,68.4,53.5,2026-06-16 07:40:00,2799139
69.4,57.7,68.5,53.9,2026-06-16 08:00:00,2799139
70.1,58.0,69.6,54.6,2026-06-16 08:20:00,2799139
70.3,57.6,69.8,54.6,2026-06-16 08:40:00,2799139
71.2,57.1,70.7,55.2,2026-06-16 09:00:00,2799139
72.1,55.6,71.6,55.4,2026-06-16 09:20:00,2799139
73.2,53.7,72.7,55.4,2026-06-16 09:40:00,2799139
73.9,51.2,72.9,54.8,2026-06-16 10:00:00,2799139
74.0,50.3,73.0,54.3,2026-06-16 10:20:00,2799139
75.9,50.0,74.7,55.9,2026-06-16 10:40:00,2799139
77.0,47.1,75.6,55.3,2026-06-16 11:00:00,2799139
77.1,47.5,75.6,55.6,2026-06-16 11:20:00,2799139
76.2,48.1,74.7,55.2,2026-06-16 11:40:00,2799139
78.2,44.4,76.5,54.8,2026-06-16 12:00:00,2799139
79.0,44.7,77.7,55.7,2026-06-16 12:20:00,2799139
79.3,41.8,77.5,54.1,2026-06-16 12:40:00,2799139
79.9,42.9,78.3,55.3,2026-06-16 13:00:00,2799139
80.5,42.7,79.2,55.8,2026-06-16 13:20:00,2799139
81.8,40.3,80.2,55.3,2026-06-16 13:40:00,2799139
81.2,42.0,79.9,55.9,2026-06-16 14:00:00,2799139
82.3,40.7,81.0,56.0,2026-06-16 14:20:00,2799139
83.6,40.1,82.8,56.8,2026-06-16 14:40:00,2799139
82.0,40.8,80.4,55.9,2026-06-16 15:00:00,2799139
82.3,41.7,81.1,56.7,2026-06-16 15:20:00,2799139
83.1,40.9,81.9,56.9,2026-06-16 15:40:00,2799139
83.3,41.1,82.4,57.2,2026-06-16 16:00:00,2799139
82.9,42.3,82.0,57.7,2026-06-16 16:20:00,2799139
82.2,42.6,81.0,57.2,2026-06-16 16:40:00,2799139
82.1,43.6,81.1,57.7,2026-06-16 17:00:00,2799139
82.1,46.4,81.7,59.6,2026-06-16 17:20:00,2799139
81.5,47.8,81.1,59.8,2026-06-16 17:40:00,2799139
81.8,49.3,82.0,60.9,2026-06-16 18:00:00,2799139
81.3,49.7,81.3,60.7,2026-06-16 18:20:00,2799139
80.8,48.9,80.6,59.8,2026-06-16 18:40:00,2799139
81.3,47.2,80.8,59.3,2026-06-16 19:00:00,2799139
81.1,47.4,80.6,59.2,2026-06-16 19:20:00,2799139
80.8,47.9,80.4,59.2,2026-06-16 19:40:00,2799139
80.2,48.7,79.7,59.2,2026-06-16 20:00:00,2799139
79.6,49.3,79.2,58.9,2026-06-16 20:20:00,2799139
78.6,50.4,77.9,58.6,2026-06-16 20:40:00,2799139
77.8,52.0,77.2,58.7,2026-06-16 21:00:00,2799139
77.2,52.9,76.3,58.7,2026-06-16 21:20:00,2799139
76.6,53.9,75.9,58.7,2026-06-16 21:40:00,2799139
76.5,54.7,75.7,59.0,2026-06-16 22:00:00,2799139
75.9,55.9,75.4,59.1,2026-06-16 22:20:00,2799139
75.2,57.8,74.8,59.3,2026-06-16 22:40:00,2799139
74.8,58.9,74.5,59.5,2026-06-16 23:00:00,2799139
74.2,60.2,74.1,59.5,2026-06-16 23:20:00,2799139
74.0,61.3,73.9,59.8,2026-06-16 23:40:00,2799139
73.7,62.4,73.8,60.0,2026-06-17 00:00:00,2799139
73.5,63.6,73.8,60.4,2026-06-17 00:20:00,2799139
73.1,65.3,73.4,60.8,2026-06-17 00:40:00,2799139
72.8,66.8,73.2,61.1,2026-06-17 01:00:00,2799139
72.3,68.1,72.9,61.3,2026-06-17 01:20:00,2799139
72.0,69.6,72.7,61.5,2026-06-17 01:40:00,2799139
71.7,71.1,72.3,61.8,2026-06-17 02:00:00,2799139
71.4,72.8,72.1,62.2,2026-06-17 02:20:00,2799139
71.4,74.6,72.1,62.9,2026-06-17 02:40:00,2799139
71.2,75.3,72.1,62.9,2026-06-17 03:00:00,2799139
70.9,76.2,72.0,63.0,2026-06-17 03:20:00,2799139
70.7,77.4,71.8,63.3,2026-06-17 03:40:00,2799139
70.5,78.4,71.4,63.5,2026-06-17 04:00:00,2799139
70.3,79.4,71.2,63.6,2026-06-17 04:20:00,2799139
70.1,80.2,70.9,63.7,2026-06-17 04:40:00,2799139
69.9,80.8,70.7,63.8,2026-06-17 05:00:00,2799139
69.7,81.4,70.5,63.7,2026-06-17 05:20:00,2799139
69.4,82.2,70.2,63.7,2026-06-17 05:40:00,2799139
69.1,82.8,69.8,63.6,2026-06-17 06:00:00,2799139
69.0,83.3,69.8,63.7,2026-06-17 06:20:00,2799139
69.5,83.4,70.5,64.2,2026-06-17 06:40:00,2799139
71.4,80.6,72.5,65.1,2026-06-17 07:00:00,2799139
73.0,77.7,74.1,65.6,2026-06-17 07:20:00,2799139
74.1,75.1,75.4,65.7,2026-06-17 07:40:00,2799139
75.0,72.9,76.1,65.7,2026-06-17 08:00:00,2799139
76.6,71.4,77.7,66.6,2026-06-17 08:20:00,2799139
77.9,67.2,79.5,66.1,2026-06-17 08:40:00,2799139
79.4,62.7,81.1,65.5,2026-06-17 09:00:00,2799139
79.7,60.9,81.1,65.0,2026-06-17 09:20:00,2799139
82.3,57.2,84.4,65.6,2026-06-17 09:40:00,2799139
82.2,52.7,83.1,63.2,2026-06-17 10:00:00,2799139
82.2,50.4,82.6,61.9,2026-06-17 10:20:00,2799139
84.2,45.8,84.9,61.1,2026-06-17 10:40:00,2799139
86.2,43.6,87.4,61.4,2026-06-17 11:00:00,2799139
87.0,38.9,87.3,58.9,2026-06-17 11:20:00,2799139
86.7,33.7,85.3,54.8,2026-06-17 11:40:00,2799139
89.5,35.3,90.0,58.5,2026-06-17 12:00:00,2799139
87.7,32.9,86.5,55.0,2026-06-17 12:20:00,2799139
89.5,32.4,88.9,56.1,2026-06-17 12:40:00,2799139
90.5,33.7,91.0,58.1,2026-06-17 13:00:00,2799139
90.4,32.1,90.1,56.7,2026-06-17 13:20:00,2799139
89.5,33.0,89.2,56.6,2026-06-17 13:40:00,2799139
89.1,35.4,89.4,58.1,2026-06-17 14:00:00,2799139
89.5,35.9,90.3,59.0,2026-06-17 14:20:00,2799139
90.4,35.8,91.6,59.6,2026-06-17 14:40:00,2799139
92.1,35.6,94.1,61.0,2026-06-17 15:00:00,2799139
90.9,34.7,91.9,59.2,2026-06-17 15:20:00,2799139
89.5,35.2,90.0,58.4,2026-06-17 15:40:00,2799139
90.8,34.1,91.6,58.7,2026-06-17 16:00:00,2799139
90.4,34.5,91.0,58.6,2026-06-17 16:20:00,2799139
91.3,33.6,92.1,58.7,2026-06-17 16:40:00,2799139
91.0,34.5,91.9,59.1,2026-06-17 17:00:00,2799139
90.2,33.4,90.3,57.6,2026-06-17 17:20:00,2799139
91.3,33.4,92.1,58.5,2026-06-17 17:40:00,2799139
90.6,34.4,91.4,58.7,2026-06-17 18:00:00,2799139
89.6,35.4,90.3,58.7,2026-06-17 18:20:00,2799139
89.4,38.2,90.7,60.6,2026-06-17 18:40:00,2799139
88.8,40.2,90.5,61.4,2026-06-17 19:00:00,2799139
88.5,41.1,90.1,61.9,2026-06-17 19:20:00,2799139
88.2,41.9,90.0,62.1,2026-06-17 19:40:00,2799139
87.3,43.7,89.1,62.5,2026-06-17 20:00:00,2799139
86.6,44.5,88.3,62.4,2026-06-17 20:20:00,2799139
85.7,47.0,87.6,63.2,2026-06-17 20:40:00,2799139
84.4,50.4,86.5,63.9,2026-06-17 21:00:00,2799139
83.6,53.1,85.6,64.7,2026-06-17 21:20:00,2799139
83.3,55.1,86.0,65.5,2026-06-17 21:40:00,2799139
82.9,57.4,85.3,66.3,2026-06-17 22:00:00,2799139
82.4,59.7,85.3,67.0,2026-06-17 22:20:00,2799139
81.8,62.4,84.7,67.7,2026-06-17 22:40:00,2799139
81.4,64.2,84.6,68.2,2026-06-17 23:00:00,2799139
80.9,65.9,84.0,68.4,2026-06-17 23:20:00,2799139
80.3,65.8,83.1,67.8,2026-06-17 23:40:00,2799139
79.8,66.3,82.4,67.6,2026-06-18 00:00:00,2799139
79.7,65.1,82.2,66.9,2026-06-18 00:20:00,2799139
79.5,64.1,81.5,66.3,2026-06-18 00:40:00,2799139
79.2,64.2,81.1,66.1,2026-06-18 01:00:00,2799139
79.0,64.8,81.0,66.1,2026-06-18 01:20:00,2799139
78.5,65.7,80.2,66.1,2026-06-18 01:40:00,2799139
78.2,66.7,79.7,66.2,2026-06-18 02:00:00,2799139
77.8,67.7,79.3,66.3,2026-06-18 02:20:00,2799139
77.8,68.5,79.5,66.6,2026-06-18 02:40:00,2799139
77.4,70.1,79.0,66.9,2026-06-18 03:00:00,2799139
77.2,71.9,78.6,67.4,2026-06-18 03:20:00,2799139
77.2,74.9,79.3,68.7,2026-06-18 03:40:00,2799139
77.0,77.0,79.0,69.2,2026-06-18 04:00:00,2799139
76.8,78.9,79.0,69.7,2026-06-18 04:20:00,2799139
76.4,80.3,78.4,69.9,2026-06-18 04:40:00,2799139
76.1,81.2,78.4,69.9,2026-06-18 05:00:00,2799139
75.8,82.5,78.3,70.1,2026-06-18 05:20:00,2799139
75.5,83.4,77.9,70.1,2026-06-18 05:40:00,2799139
75.3,84.3,77.7,70.3,2026-06-18 06:00:00,2799139
75.5,84.8,78.1,70.6,2026-06-18 06:20:00,2799139
75.8,84.5,78.4,70.8,2026-06-18 06:40:00,2799139
76.6,83.5,79.7,71.2,2026-06-18 07:00:00,2799139
77.2,81.2,80.4,71.0,2026-06-18 07:20:00,2799139
78.2,80.2,82.0,71.6,2026-06-18 07:40:00,2799139
80.5,75.3,85.6,72.0,2026-06-18 08:00:00,2799139
80.9,73.1,85.8,71.5,2026-06-18 08:20:00,2799139
82.1,69.9,87.3,71.3,2026-06-18 08:40:00,2799139
83.0,69.5,89.1,72.0,2026-06-18 09:00:00,2799139
83.6,66.9,89.6,71.4,2026-06-18 09:20:00,2799139
84.7,66.4,91.9,72.3,2026-06-18 09:40:00,2799139
86.4,62.3,94.3,72.0,2026-06-18 10:00:00,2799139
86.6,61.0,94.1,71.5,2026-06-18 10:20:00,2799139
88.4,57.8,96.6,71.7,2026-06-18 10:40:00,2799139
89.7,56.9,99.3,72.4,2026-06-18 11:00:00,2799139
89.5,54.1,97.7,70.8,2026-06-18 11:20:00,2799139
91.8,52.6,102.2,72.0,2026-06-18 11:40:00,2799139
92.7,51.1,103.3,71.9,2026-06-18 12:00:00,2799139
92.3,49.2,101.5,70.5,2026-06-18 12:20:00,2799139
93.2,48.4,102.4,70.8,2026-06-18 12:40:00,2799139
94.7,45.5,104.2,70.4,2026-06-18 13:00:00,2799139
95.2,44.7,104.9,70.3,2026-06-18 13:20:00,2799139
96.3,45.8,108.0,71.9,2026-06-18 13:40:00,2799139
94.4,46.2,103.8,70.6,2026-06-18 14:00:00,2799139
95.1,44.8,104.5,70.3,2026-06-18 14:20:00,2799139
96.2,43.5,106.2,70.4,2026-06-18 14:40:00,2799139
95.6,44.6,105.6,70.6,2026-06-18 15:00:00,2799139
95.5,45.1,105.6,70.8,2026-06-18 15:20:00,2799139
96.4,44.2,107.1,71.1,2026-06-18 15:40:00,2799139
87.0,45.4,89.1,63.3,2026-06-18 16:00:00,2799139
82.1,59.3,84.6,66.5,2026-06-18 16:20:00,2799139
81.9,62.7,84.9,67.9,2026-06-18 16:40:00,2799139
81.6,65.5,85.3,68.9,2026-06-18 17:00:00,2799139
83.0,65.7,88.0,70.3,2026-06-18 17:20:00,2799139
84.1,63.3,89.6,70.3,2026-06-18 17:40:00,2799139
85.5,59.6,91.4,69.8,2026-06-18 18:00:00,2799139
87.1,57.8,93.9,70.4,2026-06-18 18:20:00,2799139
87.2,58.0,94.1,70.6,2026-06-18 18:40:00,2799139
86.9,58.5,93.9,70.6,2026-06-18 19:00:00,2799139
86.9,59.3,93.9,71.0,2026-06-18 19:20:00,2799139
85.6,62.4,92.5,71.2,2026-06-18 19:40:00,2799139
84.5,65.9,91.4,71.8,2026-06-18 20:00:00,2799139
84.2,66.3,90.7,71.7,2026-06-18 20:20:00,2799139
83.1,69.2,89.1,71.9,2026-06-18 20:40:00,2799139
83.0,69.1,89.1,71.8,2026-06-18 21:00:00,2799139
83.2,69.1,89.4,72.0,2026-06-18 21:20:00,2799139
83.4,66.5,89.1,71.0,2026-06-18 21:40:00,2799139
82.7,64.8,87.1,69.7,2026-06-18 22:00:00,2799139
80.9,68.6,84.7,69.6,2026-06-18 22:20:00,2799139
78.6,73.2,81.5,69.3,2026-06-18 22:40:00,2799139
77.2,77.8,79.7,69.7,2026-06-18 23:00:00,2799139
76.8,79.7,79.2,70.1,2026-06-18 23:20:00,2799139
76.0,82.9,78.4,70.4,2026-06-18 23:40:00,2799139
75.8,84.3,78.4,70.8,2026-06-19 00:00:00,2799139
76.2,83.8,78.8,70.9,2026-06-19 00:20:00,2799139
76.1,83.0,78.6,70.5,2026-06-19 00:40:00,2799139
75.7,82.4,77.9,69.9,2026-06-19 01:00:00,2799139
75.7,82.1,77.9,69.9,2026-06-19 01:20:00,2799139
75.7,81.6,77.7,69.7,2026-06-19 01:40:00,2799139
75.6,81.6,77.7,69.6,2026-06-19 02:00:00,2799139
75.6,82.4,77.9,69.9,2026-06-19 02:20:00,2799139
75.7,82.9,77.9,70.1,2026-06-19 02:40:00,2799139
75.5,83.8,77.9,70.2,2026-06-19 03:00:00,2799139
75.1,85.1,77.5,70.3,2026-06-19 03:20:00,2799139
74.3,86.0,76.5,69.8,2026-06-19 03:40:00,2799139
73.0,89.0,75.2,69.6,2026-06-19 04:00:00,2799139
71.9,91.4,73.9,69.2,2026-06-19 04:20:00,2799139
71.4,93.0,73.2,69.2,2026-06-19 04:40:00,2799139
71.2,93.8,73.0,69.3,2026-06-19 05:00:00,2799139
70.9,94.5,72.9,69.2,2026-06-19 05:20:00,2799139
70.8,94.9,72.7,69.3,2026-06-19 05:40:00,2799139
70.6,95.4,72.3,69.3,2026-06-19 06:00:00,2799139
70.6,95.8,72.3,69.4,2026-06-19 06:20:00,2799139
70.7,96.2,72.3,69.5,2026-06-19 06:40:00,2799139
70.9,96.4,72.9,69.8,2026-06-19 07:00:00,2799139
71.2,96.6,73.0,70.2,2026-06-19 07:20:00,2799139
71.3,96.7,73.4,70.4,2026-06-19 07:40:00,2799139
71.0,96.8,72.9,70.1,2026-06-19 08:00:00,2799139
71.2,97.0,73.0,70.3,2026-06-19 08:20:00,2799139
71.8,97.1,74.1,71.0,2026-06-19 08:40:00,2799139
72.2,97.1,74.7,71.3,2026-06-19 09:00:00,2799139
72.3,97.1,74.7,71.4,2026-06-19 09:20:00,2799139
72.5,97.0,75.2,71.6,2026-06-19 09:40:00,2799139
73.6,97.0,76.8,72.7,2026-06-19 10:00:00,2799139
75.3,96.3,79.2,74.2,2026-06-19 10:20:00,2799139
75.9,94.8,79.7,74.3,2026-06-19 10:40:00,2799139
76.8,91.9,81.1,74.3,2026-06-19 11:00:00,2799139
77.2,89.5,81.7,73.9,2026-06-19 11:20:00,2799139
78.4,85.3,83.3,73.6,2026-06-19 11:40:00,2799139
80.0,83.9,86.5,74.7,2026-06-19 12:00:00,2799139
80.4,77.9,86.2,72.9,2026-06-19 12:20:00,2799139
82.1,73.8,88.3,73.0,2026-06-19 12:40:00,2799139
82.5,69.5,87.8,71.5,2026-06-19 13:00:00,2799139
84.8,65.3,91.9,71.9,2026-06-19 13:20:00,2799139
84.2,64.2,90.5,70.8,2026-06-19 13:40:00,2799139
85.7,61.3,92.3,70.8,2026-06-19 14:00:00,2799139
86.3,61.5,93.6,71.5,2026-06-19 14:20:00,2799139
85.1,57.1,90.0,68.3,2026-06-19 14:40:00,2799139
84.4,57.5,88.5,67.8,2026-06-19 15:00:00,2799139
85.7,54.5,90.1,67.4,2026-06-19 15:20:00,2799139
86.4,52.2,90.5,66.8,2026-06-19 15:40:00,2799139
85.8,47.5,87.8,63.5,2026-06-19 16:00:00,2799139
86.6,48.2,89.4,64.7,2026-06-19 16:20:00,2799139
86.1,46.7,88.2,63.3,2026-06-19 16:40:00,2799139
85.2,46.9,86.7,62.6,2026-06-19 17:00:00,2799139
86.3,47.3,88.5,63.9,2026-06-19 17:20:00,2799139
85.7,47.9,88.0,63.7,2026-06-19 17:40:00,2799139
84.9,48.7,86.9,63.5,2026-06-19 18:00:00,2799139
85.0,49.5,87.3,64.0,2026-06-19 18:20:00,2799139
85.3,47.0,86.9,62.8,2026-06-19 18:40:00,2799139
84.4,47.4,85.6,62.2,2026-06-19 19:00:00,2799139
84.3,46.9,85.3,61.8,2026-06-19 19:20:00,2799139
84.1,44.6,84.4,60.2,2026-06-19 19:40:00,2799139
82.9,45.2,82.6,59.5,2026-06-19 20:00:00,2799139
82.3,46.6,82.0,59.8,2026-06-19 20:20:00,2799139
81.7,47.6,81.7,59.9,2026-06-19 20:40:00,2799139
81.1,44.7,80.1,57.5,2026-06-19 21:00:00,2799139
79.9,45.6,78.6,57.0,2026-06-19 21:20:00,2799139
79.4,46.2,78.4,56.9,2026-06-19 21:40:00,2799139
79.3,44.3,77.9,55.7,2026-06-19 22:00:00,2799139
78.0,46.0,76.6,55.5,2026-06-19 22:20:00,2799139
77.2,47.7,75.9,55.8,2026-06-19 22:40:00,2799139
76.3,48.6,75.0,55.5,2026-06-19 23:00:00,2799139
75.7,49.0,74.3,55.2,2026-06-19 23:20:00,2799139
74.9,49.1,73.6,54.6,2026-06-19 23:40:00,2799139
74.8,48.5,73.4,54.1,2026-06-20 00:00:00,2799139
73.8,49.4,72.7,53.7,2026-06-20 00:20:00,2799139
73.5,50.1,72.5,53.8,2026-06-20 00:40:00,2799139
72.5,51.6,71.8,53.7,2026-06-20 01:00:00,2799139
71.7,52.6,71.1,53.4,2026-06-20 01:20:00,2799139
70.8,54.4,70.3,53.5,2026-06-20 01:40:00,2799139
70.1,56.6,69.4,54.0,2026-06-20 02:00:00,2799139
69.4,57.0,68.4,53.4,2026-06-20 02:20:00,2799139
68.8,58.0,67.8,53.4,2026-06-20 02:40:00,2799139
69.1,57.1,67.8,53.2,2026-06-20 03:00:00,2799139
68.9,57.3,67.8,53.2,2026-06-20 03:20:00,2799139
68.6,57.4,67.5,53.0,2026-06-20 03:40:00,2799139
67.9,58.6,66.6,52.8,2026-06-20 04:00:00,2799139
66.6,61.8,64.9,53.1,2026-06-20 04:20:00,2799139
65.4,65.9,63.7,53.7,2026-06-20 04:40:00,2799139
65.0,67.4,63.3,53.9,2026-06-20 05:00:00,2799139
64.9,68.3,63.3,54.2,2026-06-20 05:20:00,2799139
64.0,71.4,62.8,54.6,2026-06-20 05:40:00,2799139
64.1,71.8,63.0,54.8,2026-06-20 06:00:00,2799139
64.8,69.6,63.5,54.6,2026-06-20 06:20:00,2799139
66.7,67.2,65.5,55.4,2026-06-20 06:40:00,2799139
68.3,64.2,67.5,55.8,2026-06-20 07:00:00,2799139
70.1,63.2,70.0,56.9,2026-06-20 07:20:00,2799139
72.2,58.5,72.0,56.8,2026-06-20 07:40:00,2799139
73.3,54.5,72.7,55.9,2026-06-20 08:00:00,2799139
75.7,51.8,74.7,56.7,2026-06-20 08:20:00,2799139
78.4,51.1,77.7,58.8,2026-06-20 08:40:00,2799139
78.9,47.2,77.9,57.1,2026-06-20 09:00:00,2799139
79.6,45.5,78.4,56.7,2026-06-20 09:20:00,2799139
81.0,42.4,79.7,56.0,2026-06-20 09:40:00,2799139
81.3,40.0,79.5,54.7,2026-06-20 10:00:00,2799139
82.0,38.7,80.1,54.3,2026-06-20 10:20:00,2799139
81.9,36.3,79.7,52.6,2026-06-20 10:40:00,2799139
84.8,34.4,83.1,53.7,2026-06-20 11:00:00,2799139
83.8,29.3,80.6,48.4,2026-06-20 11:20:00,2799139
84.6,31.9,82.2,51.4,2026-06-20 11:40:00,2799139
86.8,31.2,84.7,52.7,2026-06-20 12:00:00,2799139
88.0,30.9,86.4,53.5,2026-06-20 12:20:00,2799139
87.8,28.6,85.5,51.2,2026-06-20 12:40:00,2799139
86.6,30.6,84.4,52.0,2026-06-20 13:00:00,2799139
87.8,31.6,86.2,54.0,2026-06-20 13:20:00,2799139
85.6,31.7,83.3,52.1,2026-06-20 13:40:00,2799139
86.5,31.7,84.4,52.9,2026-06-20 14:00:00,2799139
87.5,32.0,86.0,54.0,2026-06-20 14:20:00,2799139
87.3,31.9,85.6,53.7,2026-06-20 14:40:00,2799139
87.4,31.4,85.6,53.4,2026-06-20 15:00:00,2799139
86.9,31.9,85.3,53.4,2026-06-20 15:20:00,2799139
87.1,32.5,85.6,54.1,2026-06-20 15:40:00,2799139
86.6,31.4,84.7,52.7,2026-06-20 16:00:00,2799139
87.4,31.9,85.6,53.8,2026-06-20 16:20:00,2799139
87.3,33.2,86.0,54.9,2026-06-20 16:40:00,2799139
86.6,32.9,85.1,54.0,2026-06-20 17:00:00,2799139
86.8,34.4,85.6,55.4,2026-06-20 17:20:00,2799139
86.4,33.0,84.9,53.9,2026-06-20 17:40:00,2799139
86.3,34.1,84.9,54.7,2026-06-20 18:00:00,2799139
86.1,34.4,84.7,54.8,2026-06-20 18:20:00,2799139
85.7,35.5,84.6,55.3,2026-06-20 18:40:00,2799139
85.6,36.9,84.6,56.2,2026-06-20 19:00:00,2799139
84.8,37.9,83.8,56.3,2026-06-20 19:20:00,2799139
84.4,39.2,83.7,56.9,2026-06-20 19:40:00,2799139
83.5,39.5,82.6,56.3,2026-06-20 20:00:00,2799139
82.2,40.7,80.6,55.9,2026-06-20 20:20:00,2799139
80.9,43.0,79.5,56.3,2026-06-20 20:40:00,2799139
79.4,44.6,78.1,55.9,2026-06-20 21:00:00,2799139
78.9,45.2,77.5,55.9,2026-06-20 21:20:00,2799139
78.4,46.0,77.0,55.9,2026-06-20 21:40:00,2799139
78.1,46.4,76.8,55.9,2026-06-20 22:00:00,2799139
77.5,47.5,76.1,56.0,2026-06-20 22:20:00,2799139
77.4,47.8,76.1,56.1,2026-06-20 22:40:00,2799139
76.5,49.1,75.2,56.0,2026-06-20 23:00:00,2799139
75.8,50.3,74.7,56.1,2026-06-20 23:20:00,2799139
75.6,50.7,74.5,56.0,2026-06-20 23:40:00,2799139
74.9,51.7,73.8,55.9,2026-06-21 00:00:00,2799139
74.7,52.9,73.8,56.4,2026-06-21 00:20:00,2799139
74.8,53.3,73.8,56.7,2026-06-21 00:40:00,2799139
74.4,53.9,73.6,56.6,2026-06-21 01:00:00,2799139
73.7,55.4,73.2,56.7,2026-06-21 01:20:00,2799139
73.3,56.3,72.9,56.9,2026-06-21 01:40:00,2799139
73.0,57.4,72.5,57.1,2026-06-21 02:00:00,2799139
72.4,59.1,72.1,57.3,2026-06-21 02:20:00,2799139
72.0,60.7,72.0,57.7,2026-06-21 02:40:00,2799139
71.6,62.4,71.6,58.0,2026-06-21 03:00:00,2799139
71.5,63.5,71.8,58.4,2026-06-21 03:20:00,2799139
71.1,64.9,71.4,58.7,2026-06-21 03:40:00,2799139
71.2,66.0,71.6,59.3,2026-06-21 04:00:00,2799139
70.4,67.2,70.7,59.0,2026-06-21 04:20:00,2799139
70.2,68.4,70.3,59.3,2026-06-21 04:40:00,2799139
70.3,68.8,70.3,59.5,2026-06-21 05:00:00,2799139
69.2,71.1,69.1,59.5,2026-06-21 05:20:00,2799139
69.1,72.0,68.9,59.6,2026-06-21 05:40:00,2799139
69.0,72.8,69.1,60.0,2026-06-21 06:00:00,2799139
68.8,74.1,68.9,60.2,2026-06-21 06:20:00,2799139
69.5,74.9,69.8,61.2,2026-06-21 06:40:00,2799139
72.3,72.6,73.0,63.0,2026-06-21 07:00:00,2799139
74.8,68.1,75.4,63.5,2026-06-21 07:20:00,2799139
75.8,66.7,76.3,63.9,2026-06-21 07:40:00,2799139
78.0,63.0,79.0,64.4,2026-06-21 08:00:00,2799139
79.8,59.6,81.1,64.5,2026-06-21 08:20:00,2799139
79.8,57.0,80.6,63.2,2026-06-21 08:40:00,2799139
83.2,55.3,85.6,65.5,2026-06-21 09:00:00,2799139
83.3,51.8,84.7,63.7,2026-06-21 09:20:00,2799139
83.9,51.5,86.0,64.1,2026-06-21 09:40:00,2799139
85.5,46.2,87.1,62.4,2026-06-21 10:00:00,2799139
86.8,42.8,88.2,61.5,2026-06-21 10:20:00,2799139
88.3,37.8,88.7,59.4,2026-06-21 10:40:00,2799139
88.3,37.7,88.7,59.3,2026-06-21 11:00:00,2799139
90.4,36.9,91.9,60.5,2026-06-21 11:20:00,2799139
92.0,35.4,94.1,60.8,2026-06-21 11:40:00,2799139
92.1,34.3,93.7,60.0,2026-06-21 12:00:00,2799139
92.4,33.2,93.6,59.3,2026-06-21 12:20:00,2799139
90.8,34.2,91.6,58.7,2026-06-21 12:40:00,2799139
91.9,33.6,93.0,59.1,2026-06-21 13:00:00,2799139
93.9,34.5,96.6,61.7,2026-06-21 13:20:00,2799139
90.9,35.6,92.5,60.0,2026-06-21 13:40:00,2799139
91.3,37.2,93.6,61.5,2026-06-21 14:00:00,2799139
90.7,37.6,93.0,61.4,2026-06-21 14:20:00,2799139
89.5,37.4,90.7,60.1,2026-06-21 14:40:00,2799139
91.0,37.5,93.2,61.5,2026-06-21 15:00:00,2799139
92.2,35.6,94.5,61.1,2026-06-21 15:20:00,2799139
90.6,36.2,92.1,60.1,2026-06-21 15:40:00,2799139
93.1,34.7,95.5,61.1,2026-06-21 16:00:00,2799139
91.7,35.6,93.6,60.6,2026-06-21 16:20:00,2799139
92.2,36.4,94.8,61.7,2026-06-21 16:40:00,2799139
90.8,38.1,93.0,61.8,2026-06-21 17:00:00,2799139
90.2,38.6,92.3,61.6,2026-06-21 17:20:00,2799139
90.8,38.1,93.0,61.8,2026-06-21 17:40:00,2799139
90.2,39.1,92.7,62.0,2026-06-21 18:00:00,2799139
89.7,39.5,91.8,61.8,2026-06-21 18:20:00,2799139
89.3,40.7,91.6,62.3,2026-06-21 18:40:00,2799139
89.3,40.9,91.6,62.5,2026-06-21 19:00:00,2799139
88.8,41.5,90.9,62.5,2026-06-21 19:20:00,2799139
88.4,43.1,90.7,63.2,2026-06-21 19:40:00,2799139
87.6,44.6,89.8,63.4,2026-06-21 20:00:00,2799139
86.9,45.7,89.2,63.4,2026-06-21 20:20:00,2799139
85.9,46.1,87.6,62.8,2026-06-21 20:40:00,2799139
85.2,47.0,86.9,62.7,2026-06-21 21:00:00,2799139
84.6,47.4,86.0,62.4,2026-06-21 21:20:00,2799139
84.3,47.8,85.5,62.3,2026-06-21 21:40:00,2799139
83.2,49.2,84.2,62.2,2026-06-21 22:00:00,2799139
82.5,51.1,83.3,62.6,2026-06-21 22:20:00,2799139
81.9,52.0,82.8,62.5,2026-06-21 22:40:00,2799139
81.2,53.5,82.0,62.7,2026-06-21 23:00:00,2799139
80.2,55.0,80.8,62.6,2026-06-21 23:20:00,2799139
80.0,59.3,81.3,64.6,2026-06-21 23:40:00,2799139
79.8,62.1,81.7,65.6,2026-06-22 00:00:00,2799139
79.3,64.9,81.3,66.4,2026-06-22 00:20:00,2799139
79.0,66.8,81.3,67.0,2026-06-22 00:40:00,2799139
78.5,68.6,80.6,67.3,2026-06-22 01:00:00,2799139
77.6,70.2,79.3,67.2,2026-06-22 01:20:00,2799139
94.6,49.0,106.2,72.5,2026-06-14 12:00:00,2968896
94.9,48.8,106.9,72.6,2026-06-14 12:20:00,2968896
92.2,49.3,101.1,70.4,2026-06-14 12:40:00,2968896
94.4,45.8,103.5,70.3,2026-06-14 13:00:00,2968896
94.3,45.4,103.3,69.9,2026-06-14 13:20:00,2968896
96.9,41.7,106.5,69.8,2026-06-14 13:40:00,2968896
97.6,40.7,107.4,69.7,2026-06-14 14:00:00,2968896
97.7,36.8,105.3,66.9,2026-06-14 14:20:00,2968896
97.5,37.9,105.6,67.5,2026-06-14 14:40:00,2968896
97.4,35.1,103.5,65.3,2026-06-14 15:00:00,2968896
98.6,34.2,104.9,65.5,2026-06-14 15:20:00,2968896
99.7,35.0,107.8,67.2,2026-06-14 15:40:00,2968896
98.3,34.3,104.5,65.4,2026-06-14 16:00:00,2968896
98.0,35.0,104.4,65.6,2026-06-14 16:20:00,2968896
99.2,36.0,107.4,67.6,2026-06-14 16:40:00,2968896
97.7,34.4,103.6,64.9,2026-06-14 17:00:00,2968896
97.9,32.6,102.7,63.6,2026-06-14 17:20:00,2968896
97.1,32.1,100.8,62.4,2026-06-14 17:40:00,2968896
97.4,32.1,101.5,62.7,2026-06-14 18:00:00,2968896
96.9,32.2,100.6,62.3,2026-06-14 18:20:00,2968896
92.3,40.8,97.2,65.0,2026-06-14 18:40:00,2968896
89.3,48.4,94.6,67.3,2026-06-14 19:00:00,2968896
86.1,59.1,92.3,70.1,2026-06-14 19:20:00,2968896
85.4,61.7,91.8,70.7,2026-06-14 19:40:00,2968896
86.0,57.6,91.4,69.3,2026-06-14 20:00:00,2968896
86.2,57.3,92.1,69.3,2026-06-14 20:20:00,2968896
85.3,59.2,90.9,69.4,2026-06-14 20:40:00,2968896
82.8,68.8,88.5,71.5,2026-06-14 21:00:00,2968896
81.9,68.1,86.4,70.3,2026-06-14 21:20:00,2968896
82.1,67.1,86.5,70.1,2026-06-14 21:40:00,2968896
82.1,67.6,86.7,70.3,2026-06-14 22:00:00,2968896
82.2,67.8,87.1,70.6,2026-06-14 22:20:00,2968896
82.1,67.8,86.7,70.4,2026-06-14 22:40:00,2968896
81.8,68.0,86.0,70.3,2026-06-14 23:00:00,2968896
81.6,68.8,86.0,70.4,2026-06-14 23:20:00,2968896
81.3,69.7,85.6,70.5,2026-06-14 23:40:00,2968896
80.8,70.6,85.3,70.4,2026-06-15 00:00:00,2968896
80.7,71.3,84.9,70.5,2026-06-15 00:20:00,2968896
80.1,72.5,84.4,70.4,2026-06-15 00:40:00,2968896
79.9,73.1,84.2,70.5,2026-06-15 01:00:00,2968896
79.8,73.7,83.8,70.6,2026-06-15 01:20:00,2968896
79.5,74.2,83.7,70.6,2026-06-15 01:40:00,2968896
79.7,74.0,83.7,70.6,2026-06-15 02:00:00,2968896
79.9,74.2,84.4,71.0,2026-06-15 02:20:00,2968896
79.8,74.5,84.0,70.9,2026-06-15 02:40:00,2968896
79.5,75.0,83.7,70.9,2026-06-15 03:00:00,2968896
79.2,75.6,83.3,70.8,2026-06-15 03:20:00,2968896
78.9,76.6,82.8,70.9,2026-06-15 03:40:00,2968896
78.3,77.4,81.9,70.6,2026-06-15 04:00:00,2968896
78.0,77.2,81.1,70.3,2026-06-15 04:20:00,2968896
77.7,77.1,80.8,70.0,2026-06-15 04:40:00,2968896
77.2,77.1,79.7,69.5,2026-06-15 05:00:00,2968896
76.8,77.8,78.8,69.4,2026-06-15 05:20:00,2968896
76.5,74.7,78.1,67.9,2026-06-15 05:40:00,2968896
76.4,73.7,77.7,67.4,2026-06-15 06:00:00,2968896
76.0,75.9,77.5,67.9,2026-06-15 06:20:00,2968896
76.4,70.0,77.2,65.9,2026-06-15 06:40:00,2968896
76.9,63.6,77.4,63.6,2026-06-15 07:00:00,2968896
76.9,61.6,77.2,62.7,2026-06-15 07:20:00,2968896
76.6,61.2,76.5,62.2,2026-06-15 07:40:00,2968896
76.6,61.9,76.6,62.5,2026-06-15 08:00:00,2968896
77.3,61.1,77.5,62.8,2026-06-15 08:20:00,2968896
77.4,60.3,77.7,62.6,2026-06-15 08:40:00,2968896
76.7,57.5,76.3,60.5,2026-06-15 09:00:00,2968896
77.2,56.8,76.8,60.6,2026-06-15 09:20:00,2968896
77.6,53.1,77.0,59.2,2026-06-15 09:40:00,2968896
77.8,52.7,77.2,59.2,2026-06-15 10:00:00,2968896
77.4,52.6,76.6,58.7,2026-06-15 10:20:00,2968896
78.8,50.2,78.1,58.7,2026-06-15 10:40:00,2968896
79.8,45.5,78.6,56.9,2026-06-15 11:00:00,2968896
80.9,42.0,79.5,55.7,2026-06-15 11:20:00,2968896
80.6,39.7,78.6,53.9,2026-06-15 11:40:00,2968896
81.5,38.9,79.5,54.1,2026-06-15 12:00:00,2968896
83.0,37.4,81.3,54.4,2026-06-15 12:20:00,2968896
84.4,35.3,82.6,54.0,2026-06-15 12:40:00,2968896
84.4,34.7,82.4,53.5,2026-06-15 13:00:00,2968896
83.6,32.6,81.0,51.2,2026-06-15 13:20:00,2968896
85.8,33.9,84.0,54.1,2026-06-15 13:40:00,2968896
86.3,32.5,84.6,53.3,2026-06-15 14:00:00,2968896
86.0,30.6,83.8,51.5,2026-06-15 14:20:00,2968896
84.9,30.0,82.4,50.1,2026-06-15 14:40:00,2968896
87.9,30.2,85.8,52.8,2026-06-15 15:00:00,2968896
87.8,31.3,86.2,53.7,2026-06-15 15:20:00,2968896
86.7,31.9,84.7,53.2,2026-06-15 15:40:00,2968896
89.5,30.8,88.3,54.6,2026-06-15 16:00:00,2968896
86.9,29.4,84.4,51.2,2026-06-15 16:20:00,2968896
87.3,29.1,84.9,51.2,2026-06-15 16:40:00,2968896
88.1,29.4,86.0,52.2,2026-06-15 17:00:00,2968896
88.6,30.4,86.9,53.6,2026-06-15 17:20:00,2968896
88.4,28.7,86.2,51.8,2026-06-15 17:40:00,2968896
88.4,30.5,86.5,53.5,2026-06-15 18:00:00,2968896
88.2,31.0,86.5,53.8,2026-06-15 18:20:00,2968896
87.9,31.7,86.2,54.1,2026-06-15 18:40:00,2968896
87.0,32.6,85.5,54.1,2026-06-15 19:00:00,2968896
86.7,33.1,85.5,54.3,2026-06-15 19:20:00,2968896
85.5,32.8,83.7,53.0,2026-06-15 19:40:00,2968896
84.0,33.9,81.7,52.5,2026-06-15 20:00:00,2968896
82.8,35.2,80.6,52.5,2026-06-15 20:20:00,2968896
81.7,36.9,79.5,52.9,2026-06-15 20:40:00,2968896
80.3,38.3,78.3,52.6,2026-06-15 21:00:00,2968896
77.6,42.2,75.7,52.9,2026-06-15 21:20:00,2968896
75.9,46.4,74.3,53.9,2026-06-15 21:40:00,2968896
74.7,47.8,73.4,53.6,2026-06-15 22:00:00,2968896
73.6,50.0,72.7,53.9,2026-06-15 22:20:00,2968896
72.7,50.9,71.8,53.5,2026-06-15 22:40:00,2968896
71.8,53.4,71.2,54.0,2026-06-15 23:00:00,2968896
71.0,55.9,70.5,54.5,2026-06-15 23:20:00,2968896
70.5,57.1,70.0,54.6,2026-06-15 23:40:00,2968896
69.9,56.6,69.1,53.8,2026-06-16 00:00:00,2968896
69.7,56.8,68.9,53.7,2026-06-16 00:20:00,2968896
69.5,57.6,68.7,53.9,2026-06-16 00:40:00,2968896
69.4,57.6,68.5,53.8,2026-06-16 01:00:00,2968896
68.6,59.8,67.6,54.1,2026-06-16 01:20:00,2968896
68.5,59.2,67.3,53.7,2026-06-16 01:40:00,2968896
68.4,58.9,67.3,53.5,2026-06-16 02:00:00,2968896
68.5,58.3,67.3,53.3,2026-06-16 02:20:00,2968896
68.6,57.5,67.5,53.1,2026-06-16 02:40:00,2968896
69.2,54.9,68.0,52.3,2026-06-16 03:00:00,2968896
69.1,53.2,67.6,51.3,2026-06-16 03:20:00,2968896
69.0,53.6,67.6,51.5,2026-06-16 03:40:00,2968896
68.8,53.7,67.5,51.3,2026-06-16 04:00:00,2968896
68.5,53.3,66.9,50.9,2026-06-16 04:20:00,2968896
68.0,54.3,66.4,50.9,2026-06-16 04:40:00,2968896
67.8,54.8,66.2,51.0,2026-06-16 05:00:00,2968896
67.9,55.1,66.4,51.2,2026-06-16 05:20:00,2968896
67.9,54.6,66.2,50.9,2026-06-16 05:40:00,2968896
68.0,54.7,66.2,51.0,2026-06-16 06:00:00,2968896
67.9,55.7,66.4,51.5,2026-06-16 06:20:00,2968896
67.9,56.3,66.4,51.7,2026-06-16 06:40:00,2968896
68.0,57.2,66.4,52.3,2026-06-16 07:00:00,2968896
67.9,57.2,66.4,52.3,2026-06-16 07:20:00,2968896
68.4,57.4,67.1,52.7,2026-06-16 07:40:00,2968896
68.9,57.9,68.0,53.5,2026-06-16 08:00:00,2968896
69.2,57.7,68.4,53.6,2026-06-16 08:20:00,2968896
69.6,58.1,69.1,54.3,2026-06-16 08:40:00,2968896
70.5,57.5,70.2,54.8,2026-06-16 09:00:00,2968896
71.5,56.2,71.1,55.0,2026-06-16 09:20:00,2968896
73.0,53.8,72.3,55.2,2026-06-16 09:40:00,2968896
74.0,53.0,73.2,55.8,2026-06-16 10:00:00,2968896
73.3,51.6,72.3,54.4,2026-06-16 10:20:00,2968896
75.5,48.0,73.9,54.4,2026-06-16 10:40:00,2968896
76.0,47.3,74.5,54.5,2026-06-16 11:00:00,2968896
77.9,46.2,76.3,55.6,2026-06-16 11:20:00,2968896
76.7,47.8,75.2,55.5,2026-06-16 11:40:00,2968896
77.8,45.5,76.3,55.1,2026-06-16 12:00:00,2968896
78.9,44.2,77.4,55.3,2026-06-16 12:20:00,2968896
79.8,44.0,78.4,55.9,2026-06-16 12:40:00,2968896
80.4,45.7,79.3,57.5,2026-06-16 13:00:00,2968896
81.2,43.8,80.1,57.1,2026-06-16 13:20:00,2968896
83.8,38.2,82.6,55.6,2026-06-16 13:40:00,2968896
84.7,38.3,83.8,56.5,2026-06-16 14:00:00,2968896
85.2,36.0,84.0,55.2,2026-06-16 14:20:00,2968896
86.4,36.0,85.6,56.2,2026-06-16 14:40:00,2968896
86.8,34.5,85.6,55.5,2026-06-16 15:00:00,2968896
88.1,33.4,87.1,55.7,2026-06-16 15:20:00,2968896
88.4,34.3,88.0,56.7,2026-06-16 15:40:00,2968896
86.7,38.7,86.5,58.6,2026-06-16 16:00:00,2968896
85.2,40.1,85.1,58.2,2026-06-16 16:20:00,2968896
84.0,39.7,83.3,56.9,2026-06-16 16:40:00,2968896
84.7,42.0,84.7,59.1,2026-06-16 17:00:00,2968896
83.9,43.5,83.8,59.3,2026-06-16 17:20:00,2968896
82.5,45.2,82.0,59.1,2026-06-16 17:40:00,2968896
82.3,45.8,81.9,59.3,2026-06-16 18:00:00,2968896
82.5,45.3,82.0,59.1,2026-06-16 18:20:00,2968896
82.2,43.4,81.1,57.7,2026-06-16 18:40:00,2968896
82.0,44.3,81.1,58.2,2026-06-16 19:00:00,2968896
81.3,44.8,80.2,57.8,2026-06-16 19:20:00,2968896
80.9,46.4,80.2,58.4,2026-06-16 19:40:00,2968896
80.7,46.7,80.1,58.5,2026-06-16 20:00:00,2968896
80.3,47.2,79.7,58.3,2026-06-16 20:20:00,2968896
79.1,48.2,78.1,57.8,2026-06-16 20:40:00,2968896
78.5,49.4,77.7,58.0,2026-06-16 21:00:00,2968896
77.9,51.4,77.0,58.5,2026-06-16 21:20:00,2968896
77.7,52.0,77.2,58.7,2026-06-16 21:40:00,2968896
77.1,53.8,76.5,59.1,2026-06-16 22:00:00,2968896
77.0,54.7,76.1,59.4,2026-06-16 22:20:00,2968896
76.5,55.7,75.9,59.5,2026-06-16 22:40:00,2968896
76.0,56.2,75.4,59.3,2026-06-16 23:00:00,2968896
75.6,57.5,75.2,59.5,2026-06-16 23:20:00,2968896
75.2,58.7,74.8,59.7,2026-06-16 23:40:00,2968896
74.3,60.8,74.3,59.9,2026-06-17 00:00:00,2968896
74.2,62.7,74.3,60.6,2026-06-17 00:20:00,2968896
73.5,64.3,73.8,60.7,2026-06-17 00:40:00,2968896
73.1,66.1,73.6,61.1,2026-06-17 01:00:00,2968896
72.8,67.7,73.2,61.5,2026-06-17 01:20:00,2968896
72.3,69.2,72.9,61.7,2026-06-17 01:40:00,2968896
71.9,70.6,72.5,61.8,2026-06-17 02:00:00,2968896
71.7,71.8,72.3,62.1,2026-06-17 02:20:00,2968896
71.3,73.4,72.1,62.3,2026-06-17 02:40:00,2968896
71.2,74.6,72.0,62.7,2026-06-17 03:00:00,2968896
71.1,75.7,72.1,63.0,2026-06-17 03:20:00,2968896
70.9,76.5,72.0,63.1,2026-06-17 03:40:00,2968896
70.7,77.6,71.8,63.4,2026-06-17 04:00:00,2968896
70.4,78.5,71.2,63.4,2026-06-17 04:20:00,2968896
70.2,79.1,71.2,63.4,2026-06-17 04:40:00,2968896
70.1,79.8,70.9,63.5,2026-06-17 05:00:00,2968896
69.7,80.6,70.5,63.5,2026-06-17 05:20:00,2968896
69.5,81.1,70.3,63.4,2026-06-17 05:40:00,2968896
69.3,81.6,70.2,63.4,2026-06-17 06:00:00,2968896
69.1,82.3,69.8,63.4,2026-06-17 06:20:00,2968896
69.3,82.8,70.3,63.9,2026-06-17 06:40:00,2968896
69.7,82.4,70.5,64.1,2026-06-17 07:00:00,2968896
70.4,81.6,71.4,64.5,2026-06-17 07:20:00,2968896
71.2,80.4,72.3,64.8,2026-06-17 07:40:00,2968896
71.6,79.1,72.7,64.7,2026-06-17 08:00:00,2968896
72.5,78.1,73.8,65.3,2026-06-17 08:20:00,2968896
73.7,75.8,75.0,65.6,2026-06-17 08:40:00,2968896
74.2,73.9,75.4,65.3,2026-06-17 09:00:00,2968896
75.2,70.2,75.9,64.8,2026-06-17 09:20:00,2968896
76.4,64.7,76.6,63.6,2026-06-17 09:40:00,2968896
77.5,60.9,77.7,62.9,2026-06-17 10:00:00,2968896
79.0,57.6,79.7,62.8,2026-06-17 10:20:00,2968896
79.9,51.5,79.7,60.4,2026-06-17 10:40:00,2968896
83.1,46.5,83.5,60.5,2026-06-17 11:00:00,2968896
83.8,41.2,83.1,57.8,2026-06-17 11:20:00,2968896
85.5,38.9,85.1,57.7,2026-06-17 11:40:00,2968896
85.1,37.4,84.4,56.2,2026-06-17 12:00:00,2968896
86.2,34.6,84.9,55.0,2026-06-17 12:20:00,2968896
86.6,31.7,84.7,53.0,2026-06-17 12:40:00,2968896
90.0,34.0,90.3,57.8,2026-06-17 13:00:00,2968896
88.5,31.1,86.9,54.1,2026-06-17 13:20:00,2968896
91.6,30.6,91.4,56.4,2026-06-17 13:40:00,2968896
90.0,32.0,89.6,56.1,2026-06-17 14:00:00,2968896
91.9,33.0,93.0,58.7,2026-06-17 14:20:00,2968896
90.2,34.5,90.9,58.4,2026-06-17 14:40:00,2968896
89.4,35.7,89.8,58.7,2026-06-17 15:00:00,2968896
92.5,32.8,93.7,59.1,2026-06-17 15:20:00,2968896
94.9,29.8,95.9,58.4,2026-06-17 15:40:00,2968896
90.1,30.4,89.2,54.9,2026-06-17 16:00:00,2968896
92.4,31.4,92.8,57.7,2026-06-17 16:20:00,2968896
92.7,30.1,92.8,56.8,2026-06-17 16:40:00,2968896
93.4,30.8,93.9,58.1,2026-06-17 17:00:00,2968896
93.9,29.3,94.1,57.0,2026-06-17 17:20:00,2968896
92.9,29.5,92.8,56.4,2026-06-17 17:40:00,2968896
93.3,31.5,94.3,58.6,2026-06-17 18:00:00,2968896
91.4,33.3,92.3,58.5,2026-06-17 18:20:00,2968896
90.2,34.2,90.7,58.2,2026-06-17 18:40:00,2968896
91.0,34.7,92.1,59.3,2026-06-17 19:00:00,2968896
90.3,38.9,92.5,61.9,2026-06-17 19:20:00,2968896
89.6,40.2,92.1,62.2,2026-06-17 19:40:00,2968896
88.4,41.7,90.3,62.1,2026-06-17 20:00:00,2968896
86.7,42.9,87.8,61.5,2026-06-17 20:20:00,2968896
84.7,45.8,85.5,61.5,2026-06-17 20:40:00,2968896
82.1,51.2,82.8,62.3,2026-06-17 21:00:00,2968896
80.9,54.3,81.7,62.8,2026-06-17 21:20:00,2968896
81.7,56.7,83.3,64.8,2026-06-17 21:40:00,2968896
81.8,59.5,84.0,66.3,2026-06-17 22:00:00,2968896
81.9,60.8,84.6,67.0,2026-06-17 22:20:00,2968896
81.4,63.0,84.4,67.6,2026-06-17 22:40:00,2968896
80.9,64.5,83.8,67.8,2026-06-17 23:00:00,2968896
80.7,64.5,83.5,67.6,2026-06-17 23:20:00,2968896
80.5,63.4,82.9,67.0,2026-06-17 23:40:00,2968896
80.2,63.9,82.4,66.8,2026-06-18 00:00:00,2968896
80.4,62.4,82.8,66.4,2026-06-18 00:20:00,2968896
80.2,62.1,82.2,66.1,2026-06-18 00:40:00,2968896
79.8,62.9,81.7,66.0,2026-06-18 01:00:00,2968896
79.3,64.0,81.0,66.1,2026-06-18 01:20:00,2968896
79.0,64.7,81.0,66.1,2026-06-18 01:40:00,2968896
78.5,65.8,80.2,66.1,2026-06-18 02:00:00,2968896
78.2,66.7,79.7,66.2,2026-06-18 02:20:00,2968896
78.0,67.8,79.7,66.5,2026-06-18 02:40:00,2968896
77.6,69.4,79.3,66.8,2026-06-18 03:00:00,2968896
77.5,71.2,79.2,67.4,2026-06-18 03:20:00,2968896
77.2,73.8,79.3,68.1,2026-06-18 03:40:00,2968896
76.8,76.2,78.4,68.7,2026-06-18 04:00:00,2968896
76.3,78.5,78.3,69.2,2026-06-18 04:20:00,2968896
76.1,80.0,78.3,69.5,2026-06-18 04:40:00,2968896
76.1,81.1,78.3,69.9,2026-06-18 05:00:00,2968896
75.7,82.1,77.9,69.8,2026-06-18 05:20:00,2968896
75.5,82.7,77.7,69.9,2026-06-18 05:40:00,2968896
75.4,83.3,77.9,69.9,2026-06-18 06:00:00,2968896
75.7,83.4,78.1,70.3,2026-06-18 06:20:00,2968896
76.0,83.0,78.4,70.4,2026-06-18 06:40:00,2968896
76.5,82.2,79.2,70.6,2026-06-18 07:00:00,2968896
76.8,81.1,79.3,70.5,2026-06-18 07:20:00,2968896
77.3,79.9,80.2,70.6,2026-06-18 07:40:00,2968896
78.0,78.5,81.3,70.8,2026-06-18 08:00:00,2968896
79.1,76.3,83.1,71.0,2026-06-18 08:20:00,2968896
80.2,74.1,84.6,71.2,2026-06-18 08:40:00,2968896
79.9,73.2,84.2,70.5,2026-06-18 09:00:00,2968896
80.9,71.4,85.3,70.8,2026-06-18 09:20:00,2968896
82.3,69.6,87.6,71.3,2026-06-18 09:40:00,2968896
83.8,66.4,90.0,71.4,2026-06-18 10:00:00,2968896
83.4,67.0,89.2,71.3,2026-06-18 10:20:00,2968896
85.2,63.2,91.9,71.3,2026-06-18 10:40:00,2968896
86.6,60.6,93.9,71.4,2026-06-18 11:00:00,2968896
88.5,58.0,97.2,71.8,2026-06-18 11:20:00,2968896
88.4,56.1,95.9,70.7,2026-06-18 11:40:00,2968896
89.9,54.5,98.6,71.3,2026-06-18 12:00:00,2968896
90.6,51.7,99.0,70.4,2026-06-18 12:20:00,2968896
92.4,51.5,102.7,72.0,2026-06-18 12:40:00,2968896
93.1,47.9,102.0,70.4,2026-06-18 13:00:00,2968896
92.8,48.3,101.7,70.4,2026-06-18 13:20:00,2968896
94.0,47.4,103.8,71.0,2026-06-18 13:40:00,2968896
94.1,45.8,103.1,70.0,2026-06-18 14:00:00,2968896
94.1,45.0,102.6,69.5,2026-06-18 14:20:00,2968896
95.7,43.5,104.9,69.9,2026-06-18 14:40:00,2968896
94.9,45.5,104.5,70.6,2026-06-18 15:00:00,2968896
95.3,44.3,104.5,70.1,2026-06-18 15:20:00,2968896
96.3,41.0,105.1,68.7,2026-06-18 15:40:00,2968896
82.9,53.7,84.6,64.4,2026-06-18 16:00:00,2968896
81.9,60.2,84.6,66.7,2026-06-18 16:20:00,2968896
81.2,65.9,84.7,68.7,2026-06-18 16:40:00,2968896
81.9,65.4,85.6,69.2,2026-06-18 17:00:00,2968896
86.0,60.7,92.5,70.8,2026-06-18 17:20:00,2968896
88.1,57.3,95.5,71.1,2026-06-18 17:40:00,2968896
88.8,53.3,95.7,69.6,2026-06-18 18:00:00,2968896
88.9,51.2,95.0,68.5,2026-06-18 18:20:00,2968896
88.8,52.1,95.0,69.0,2026-06-18 18:40:00,2968896
89.2,53.6,96.4,70.1,2026-06-18 19:00:00,2968896
87.9,55.4,94.5,69.9,2026-06-18 19:20:00,2968896
87.5,57.3,94.6,70.6,2026-06-18 19:40:00,2968896
85.4,61.5,91.8,70.6,2026-06-18 20:00:00,2968896
84.7,64.8,91.4,71.5,2026-06-18 20:20:00,2968896
84.0,66.5,90.3,71.6,2026-06-18 20:40:00,2968896
83.7,67.8,90.3,71.9,2026-06-18 21:00:00,2968896
82.5,72.3,88.7,72.7,2026-06-18 21:20:00,2968896
82.1,68.9,86.9,70.9,2026-06-18 21:40:00,2968896
79.4,74.9,83.5,70.8,2026-06-18 22:00:00,2968896
78.2,80.0,82.0,71.5,2026-06-18 22:20:00,2968896
76.4,81.5,78.6,70.3,2026-06-18 22:40:00,2968896
75.5,84.1,77.9,70.4,2026-06-18 23:00:00,2968896
75.0,85.6,77.4,70.4,2026-06-18 23:20:00,2968896
74.4,87.6,77.0,70.5,2026-06-18 23:40:00,2968896
74.6,88.2,77.2,70.8,2026-06-19 00:00:00,2968896
75.3,87.4,78.1,71.3,2026-06-19 00:20:00,2968896
75.6,85.9,78.3,71.1,2026-06-19 00:40:00,2968896
75.4,85.0,78.1,70.6,2026-06-19 01:00:00,2968896
75.5,83.7,77.9,70.2,2026-06-19 01:20:00,2968896
75.4,83.0,77.7,69.9,2026-06-19 01:40:00,2968896
75.6,82.9,77.9,70.0,2026-06-19 02:00:00,2968896
75.7,82.4,77.9,69.9,2026-06-19 02:20:00,2968896
75.7,82.5,77.9,69.9,2026-06-19 02:40:00,2968896
75.5,83.5,77.9,70.2,2026-06-19 03:00:00,2968896
75.1,85.0,77.5,70.3,2026-06-19 03:20:00,2968896
74.2,86.5,76.6,69.9,2026-06-19 03:40:00,2968896
72.8,89.1,74.8,69.3,2026-06-19 04:00:00,2968896
72.0,91.1,74.1,69.2,2026-06-19 04:20:00,2968896
71.6,92.2,73.6,69.2,2026-06-19 04:40:00,2968896
71.5,93.0,73.4,69.4,2026-06-19 05:00:00,2968896
71.1,93.4,72.9,69.1,2026-06-19 05:20:00,2968896
70.9,93.7,72.7,69.0,2026-06-19 05:40:00,2968896
70.7,94.3,72.3,68.9,2026-06-19 06:00:00,2968896
71.0,94.7,72.9,69.4,2026-06-19 06:20:00,2968896
71.0,94.9,72.9,69.4,2026-06-19 06:40:00,2968896
71.1,95.1,73.0,69.6,2026-06-19 07:00:00,2968896
71.2,95.2,73.0,69.8,2026-06-19 07:20:00,2968896
71.5,95.5,73.6,70.1,2026-06-19 07:40:00,2968896
71.4,95.6,73.4,70.1,2026-06-19 08:00:00,2968896
71.6,95.7,73.9,70.3,2026-06-19 08:20:00,2968896
72.2,95.6,74.7,70.9,2026-06-19 08:40:00,2968896
72.3,95.5,74.7,71.0,2026-06-19 09:00:00,2968896
72.2,95.3,74.7,70.8,2026-06-19 09:20:00,2968896
72.4,94.9,74.8,70.8,2026-06-19 09:40:00,2968896
73.7,94.1,76.6,71.9,2026-06-19 10:00:00,2968896
74.7,91.9,77.9,72.2,2026-06-19 10:20:00,2968896
76.2,88.5,79.3,72.6,2026-06-19 10:40:00,2968896
76.4,85.9,79.2,71.9,2026-06-19 11:00:00,2968896
76.8,84.2,79.7,71.7,2026-06-19 11:20:00,2968896
76.7,81.1,79.3,70.4,2026-06-19 11:40:00,2968896
80.1,78.8,85.8,72.9,2026-06-19 12:00:00,2968896
80.9,74.2,86.0,71.9,2026-06-19 12:20:00,2968896
80.4,74.8,85.1,71.6,2026-06-19 12:40:00,2968896
82.3,72.1,88.2,72.4,2026-06-19 13:00:00,2968896
84.4,66.8,91.2,72.1,2026-06-19 13:20:00,2968896
84.3,62.9,90.0,70.3,2026-06-19 13:40:00,2968896
85.0,61.4,90.9,70.3,2026-06-19 14:00:00,2968896
85.5,57.6,90.7,68.8,2026-06-19 14:20:00,2968896
86.2,55.4,91.4,68.3,2026-06-19 14:40:00,2968896
87.7,51.9,92.8,67.8,2026-06-19 15:00:00,2968896
87.0,51.8,91.4,67.1,2026-06-19 15:20:00,2968896
87.4,46.6,90.1,64.4,2026-06-19 15:40:00,2968896
87.7,44.6,90.0,63.4,2026-06-19 16:00:00,2968896
87.5,44.4,89.6,63.2,2026-06-19 16:20:00,2968896
86.2,45.7,88.2,62.8,2026-06-19 16:40:00,2968896
87.3,44.3,89.2,62.9,2026-06-19 17:00:00,2968896
86.7,43.9,88.2,62.1,2026-06-19 17:20:00,2968896
86.4,46.4,88.5,63.4,2026-06-19 17:40:00,2968896
86.5,46.6,88.7,63.6,2026-06-19 18:00:00,2968896
86.1,45.9,87.8,62.8,2026-06-19 18:20:00,2968896
86.2,44.9,87.8,62.3,2026-06-19 18:40:00,2968896
86.6,43.9,88.2,62.0,2026-06-19 19:00:00,2968896
86.1,41.8,86.7,60.2,2026-06-19 19:20:00,2968896
84.8,42.2,85.1,59.3,2026-06-19 19:40:00,2968896
84.3,44.8,84.7,60.5,2026-06-19 20:00:00,2968896
83.0,48.1,83.5,61.4,2026-06-19 20:20:00,2968896
81.8,47.5,81.5,59.9,2026-06-19 20:40:00,2968896
81.6,44.2,80.8,57.7,2026-06-19 21:00:00,2968896
80.7,44.4,79.7,57.0,2026-06-19 21:20:00,2968896
78.8,48.1,77.9,57.5,2026-06-19 21:40:00,2968896
76.4,53.1,75.4,58.1,2026-06-19 22:00:00,2968896
76.0,51.3,74.8,56.7,2026-06-19 22:20:00,2968896
75.7,50.5,74.5,56.1,2026-06-19 22:40:00,2968896
74.7,54.2,73.9,57.0,2026-06-19 23:00:00,2968896
73.7,55.5,73.2,56.8,2026-06-19 23:20:00,2968896
74.4,50.9,73.4,55.1,2026-06-19 23:40:00,2968896
74.6,49.1,73.4,54.2,2026-06-20 00:00:00,2968896
74.2,48.8,73.0,53.7,2026-06-20 00:20:00,2968896
73.4,50.2,72.3,53.7,2026-06-20 00:40:00,2968896
72.7,50.1,71.8,53.0,2026-06-20 01:00:00,2968896
71.9,51.4,71.1,53.0,2026-06-20 01:20:00,2968896
71.3,53.2,70.7,53.3,2026-06-20 01:40:00,2968896
68.9,60.7,68.2,54.8,2026-06-20 02:00:00,2968896
67.9,62.1,66.9,54.5,2026-06-20 02:20:00,2968896
66.8,66.5,65.7,55.3,2026-06-20 02:40:00,2968896
65.4,67.3,63.7,54.3,2026-06-20 03:00:00,2968896
64.6,71.2,63.3,55.1,2026-06-20 03:20:00,2968896
64.6,71.0,63.3,55.0,2026-06-20 03:40:00,2968896
63.7,72.8,62.4,54.8,2026-06-20 04:00:00,2968896
62.8,75.0,62.1,54.8,2026-06-20 04:20:00,2968896
62.2,77.0,61.5,54.8,2026-06-20 04:40:00,2968896
61.8,78.9,61.3,55.2,2026-06-20 05:00:00,2968896
61.6,79.0,61.2,55.0,2026-06-20 05:20:00,2968896
61.3,79.6,60.8,55.0,2026-06-20 05:40:00,2968896
60.9,80.7,60.6,54.9,2026-06-20 06:00:00,2968896
60.9,81.9,60.6,55.3,2026-06-20 06:20:00,2968896
61.9,80.9,61.7,56.0,2026-06-20 06:40:00,2968896
63.1,79.6,62.6,56.7,2026-06-20 07:00:00,2968896
64.0,78.8,63.3,57.3,2026-06-20 07:20:00,2968896
65.9,75.3,65.3,57.8,2026-06-20 07:40:00,2968896
69.0,68.0,68.7,58.0,2026-06-20 08:00:00,2968896
71.4,63.1,71.6,58.2,2026-06-20 08:20:00,2968896
73.1,58.9,72.9,57.8,2026-06-20 08:40:00,2968896
74.2,55.6,73.6,57.3,2026-06-20 09:00:00,2968896
75.7,54.6,74.8,58.2,2026-06-20 09:20:00,2968896
76.5,50.9,75.4,57.0,2026-06-20 09:40:00,2968896
78.2,47.0,77.0,56.3,2026-06-20 10:00:00,2968896
78.8,45.3,77.4,55.8,2026-06-20 10:20:00,2968896
80.0,42.0,78.3,54.8,2026-06-20 10:40:00,2968896
82.4,35.2,80.2,52.2,2026-06-20 11:00:00,2968896
84.6,34.6,82.9,53.6,2026-06-20 11:20:00,2968896
85.5,33.8,83.8,53.8,2026-06-20 11:40:00,2968896
84.3,33.0,82.2,52.1,2026-06-20 12:00:00,2968896
84.7,31.5,82.2,51.2,2026-06-20 12:20:00,2968896
84.5,31.2,82.0,50.7,2026-06-20 12:40:00,2968896
85.5,32.3,83.5,52.5,2026-06-20 13:00:00,2968896
86.5,34.5,85.3,55.2,2026-06-20 13:20:00,2968896
88.3,33.5,87.4,56.0,2026-06-20 13:40:00,2968896
86.6,30.0,84.4,51.5,2026-06-20 14:00:00,2968896
86.0,30.0,83.3,50.9,2026-06-20 14:20:00,2968896
86.3,29.6,83.7,50.9,2026-06-20 14:40:00,2968896
86.2,31.5,84.2,52.4,2026-06-20 15:00:00,2968896
87.4,29.7,85.1,51.8,2026-06-20 15:20:00,2968896
87.5,29.8,85.3,52.1,2026-06-20 15:40:00,2968896
88.8,29.7,86.9,53.2,2026-06-20 16:00:00,2968896
87.7,32.0,86.2,54.3,2026-06-20 16:20:00,2968896
88.9,31.7,87.8,54.9,2026-06-20 16:40:00,2968896
87.3,30.9,85.5,52.9,2026-06-20 17:00:00,2968896
88.6,30.4,86.9,53.5,2026-06-20 17:20:00,2968896
87.3,30.3,85.3,52.4,2026-06-20 17:40:00,2968896
87.3,31.4,85.6,53.3,2026-06-20 18:00:00,2968896
87.3,32.6,85.8,54.3,2026-06-20 18:20:00,2968896
87.8,33.4,86.7,55.5,2026-06-20 18:40:00,2968896
87.7,34.8,87.1,56.5,2026-06-20 19:00:00,2968896
86.1,35.5,85.1,55.6,2026-06-20 19:20:00,2968896
86.0,35.9,84.9,55.9,2026-06-20 19:40:00,2968896
84.2,37.9,83.1,55.8,2026-06-20 20:00:00,2968896
83.5,39.7,82.6,56.4,2026-06-20 20:20:00,2968896
82.2,41.7,80.8,56.6,2026-06-20 20:40:00,2968896
79.6,45.3,78.4,56.6,2026-06-20 21:00:00,2968896
79.4,47.4,78.6,57.6,2026-06-20 21:20:00,2968896
79.6,45.7,78.4,56.8,2026-06-20 21:40:00,2968896
79.4,44.6,78.1,56.0,2026-06-20 22:00:00,2968896
78.7,45.9,77.5,56.1,2026-06-20 22:20:00,2968896
78.5,47.0,77.4,56.6,2026-06-20 22:40:00,2968896
77.7,48.5,76.6,56.8,2026-06-20 23:00:00,2968896
77.0,49.6,75.7,56.7,2026-06-20 23:20:00,2968896
76.5,50.3,75.4,56.7,2026-06-20 23:40:00,2968896
76.1,50.6,75.0,56.4,2026-06-21 00:00:00,2968896
75.5,52.6,74.5,57.0,2026-06-21 00:20:00,2968896
75.4,53.4,74.5,57.3,2026-06-21 00:40:00,2968896
75.1,54.6,74.3,57.7,2026-06-21 01:00:00,2968896
74.8,53.7,73.9,56.9,2026-06-21 01:20:00,2968896
74.4,55.3,73.8,57.3,2026-06-21 01:40:00,2968896
74.2,56.4,73.6,57.6,2026-06-21 02:00:00,2968896
74.0,58.3,73.6,58.4,2026-06-21 02:20:00,2968896
73.1,59.9,72.9,58.3,2026-06-21 02:40:00,2968896
72.4,63.6,72.7,59.3,2026-06-21 03:00:00,2968896
71.3,65.2,71.6,59.0,2026-06-21 03:20:00,2968896
72.3,65.6,72.5,60.2,2026-06-21 03:40:00,2968896
71.4,66.5,71.8,59.6,2026-06-21 04:00:00,2968896
71.4,67.3,71.8,60.0,2026-06-21 04:20:00,2968896
70.3,69.9,70.5,60.0,2026-06-21 04:40:00,2968896
69.2,72.3,69.3,59.9,2026-06-21 05:00:00,2968896
68.1,74.3,68.0,59.6,2026-06-21 05:20:00,2968896
67.6,76.2,67.5,59.8,2026-06-21 05:40:00,2968896
67.3,78.1,67.3,60.3,2026-06-21 06:00:00,2968896
66.8,79.6,66.7,60.3,2026-06-21 06:20:00,2968896
67.2,80.5,67.3,61.0,2026-06-21 06:40:00,2968896
68.1,80.4,68.4,61.8,2026-06-21 07:00:00,2968896
69.7,79.9,70.5,63.2,2026-06-21 07:20:00,2968896
71.1,78.0,72.1,63.9,2026-06-21 07:40:00,2968896
73.8,71.5,74.7,64.0,2026-06-21 08:00:00,2968896
75.1,68.4,75.7,64.0,2026-06-21 08:20:00,2968896
76.2,65.9,76.5,64.0,2026-06-21 08:40:00,2968896
77.2,63.5,77.9,63.9,2026-06-21 09:00:00,2968896
78.6,60.2,79.3,63.6,2026-06-21 09:20:00,2968896
79.9,58.3,81.0,64.0,2026-06-21 09:40:00,2968896
81.2,55.1,82.4,63.5,2026-06-21 10:00:00,2968896
82.9,51.1,84.0,62.9,2026-06-21 10:20:00,2968896
83.9,45.1,84.4,60.4,2026-06-21 10:40:00,2968896
87.9,41.7,89.4,61.8,2026-06-21 11:00:00,2968896
88.5,39.4,89.6,60.7,2026-06-21 11:20:00,2968896
87.2,36.5,86.9,57.4,2026-06-21 11:40:00,2968896
89.3,35.7,89.8,58.6,2026-06-21 12:00:00,2968896
90.5,35.2,91.4,59.3,2026-06-21 12:20:00,2968896
92.7,34.1,94.6,60.3,2026-06-21 12:40:00,2968896
90.6,31.4,90.1,56.2,2026-06-21 13:00:00,2968896
94.3,32.7,96.6,60.5,2026-06-21 13:20:00,2968896
96.6,29.8,98.6,59.9,2026-06-21 13:40:00,2968896
92.7,32.3,93.7,58.8,2026-06-21 14:00:00,2968896
91.9,34.9,93.9,60.4,2026-06-21 14:20:00,2968896
97.1,32.4,100.9,62.7,2026-06-21 14:40:00,2968896
93.9,33.2,95.9,60.6,2026-06-21 15:00:00,2968896
93.8,35.3,97.0,62.3,2026-06-21 15:20:00,2968896
96.1,32.0,99.1,61.5,2026-06-21 15:40:00,2968896
94.4,33.8,97.2,61.4,2026-06-21 16:00:00,2968896
97.5,30.9,100.9,61.7,2026-06-21 16:20:00,2968896
96.2,30.5,98.4,60.2,2026-06-21 16:40:00,2968896
96.4,31.5,99.3,61.3,2026-06-21 17:00:00,2968896
96.5,30.5,99.0,60.5,2026-06-21 17:20:00,2968896
94.1,33.3,96.4,60.8,2026-06-21 17:40:00,2968896
96.0,34.0,100.2,63.1,2026-06-21 18:00:00,2968896
94.0,36.1,97.7,63.1,2026-06-21 18:20:00,2968896
92.5,37.9,95.7,63.1,2026-06-21 18:40:00,2968896
90.4,38.8,92.8,62.0,2026-06-21 19:00:00,2968896
90.6,38.9,93.2,62.2,2026-06-21 19:20:00,2968896
89.6,39.9,91.9,62.0,2026-06-21 19:40:00,2968896
88.0,44.0,90.5,63.3,2026-06-21 20:00:00,2968896
86.9,46.5,89.6,64.0,2026-06-21 20:20:00,2968896
85.7,47.9,88.0,63.7,2026-06-21 20:40:00,2968896
84.8,48.2,86.5,63.1,2026-06-21 21:00:00,2968896
84.0,49.3,85.6,63.0,2026-06-21 21:20:00,2968896
84.0,49.3,85.6,63.0,2026-06-21 21:40:00,2968896
83.1,50.0,84.2,62.6,2026-06-21 22:00:00,2968896
82.3,51.1,83.1,62.4,2026-06-21 22:20:00,2968896
81.7,51.6,82.2,62.2,2026-06-21 22:40:00,2968896
80.8,53.8,81.7,62.5,2026-06-21 23:00:00,2968896
80.8,54.1,81.7,62.6,2026-06-21 23:20:00,2968896
81.1,55.2,82.2,63.6,2026-06-21 23:40:00,2968896
80.5,59.0,82.0,64.9,2026-06-22 00:00:00,2968896
80.0,62.5,81.9,66.0,2026-06-22 00:20:00,2968896
79.5,65.6,81.7,66.9,2026-06-22 00:40:00,2968896
79.2,68.2,81.9,67.8,2026-06-22 01:00:00,2968896
78.2,70.6,80.4,67.9,2026-06-22 01:20:00,2968896
92.8,53.1,104.5,73.2,2026-06-14 12:40:00,2968893
92.2,59.5,106.9,76.0,2026-06-14 13:00:00,2968893
93.0,52.1,104.7,72.8,2026-06-14 13:20:00,2968893
96.0,48.0,108.9,73.1,2026-06-14 13:40:00,2968893
95.6,43.8,105.3,70.1,2026-06-14 14:00:00,2968893
98.5,39.7,108.5,69.7,2026-06-14 14:20:00,2968893
99.0,36.8,107.6,67.9,2026-06-14 14:40:00,2968893
99.5,36.5,108.5,68.2,2026-06-14 15:00:00,2968893
101.0,34.1,109.6,67.6,2026-06-14 15:20:00,2968893
100.0,36.1,108.9,68.3,2026-06-14 15:40:00,2968893
99.0,35.9,107.1,67.3,2026-06-14 16:00:00,2968893
98.9,39.3,109.0,69.8,2026-06-14 16:20:00,2968893
98.6,38.3,107.6,68.8,2026-06-14 16:40:00,2968893
97.1,37.6,104.4,66.9,2026-06-14 17:00:00,2968893
97.7,33.6,103.1,64.3,2026-06-14 17:20:00,2968893
96.7,33.4,101.1,63.2,2026-06-14 17:40:00,2968893
96.7,34.2,101.7,63.9,2026-06-14 18:00:00,2968893
96.5,34.9,101.7,64.2,2026-06-14 18:20:00,2968893
95.8,34.4,100.0,63.2,2026-06-14 18:40:00,2968893
92.4,42.9,98.1,66.6,2026-06-14 19:00:00,2968893
84.4,63.5,90.5,70.7,2026-06-14 19:20:00,2968893
80.6,76.5,85.8,72.5,2026-06-14 19:40:00,2968893
80.0,79.2,85.5,73.0,2026-06-14 20:00:00,2968893
79.8,81.2,85.6,73.5,2026-06-14 20:20:00,2968893
79.5,82.5,85.5,73.8,2026-06-14 20:40:00,2968893
79.0,82.8,84.4,73.3,2026-06-14 21:00:00,2968893
79.1,81.4,84.0,72.9,2026-06-14 21:20:00,2968893
79.2,80.3,84.2,72.5,2026-06-14 21:40:00,2968893
79.7,78.3,84.6,72.3,2026-06-14 22:00:00,2968893
80.6,75.9,85.6,72.2,2026-06-14 22:20:00,2968893
80.4,75.6,85.6,72.0,2026-06-14 22:40:00,2968893
80.2,75.6,85.1,71.7,2026-06-14 23:00:00,2968893
80.1,75.1,84.9,71.5,2026-06-14 23:20:00,2968893
80.0,74.8,84.4,71.2,2026-06-14 23:40:00,2968893
79.3,76.0,83.3,71.0,2026-06-15 00:00:00,2968893
79.4,76.0,83.7,71.1,2026-06-15 00:20:00,2968893
79.3,76.5,83.5,71.3,2026-06-15 00:40:00,2968893
79.3,76.7,83.5,71.4,2026-06-15 01:00:00,2968893
79.1,77.5,83.3,71.4,2026-06-15 01:20:00,2968893
79.1,77.7,83.3,71.5,2026-06-15 01:40:00,2968893
79.2,77.7,83.7,71.6,2026-06-15 02:00:00,2968893
79.1,78.0,83.5,71.7,2026-06-15 02:20:00,2968893
79.0,78.3,83.5,71.6,2026-06-15 02:40:00,2968893
78.8,78.7,83.3,71.6,2026-06-15 03:00:00,2968893
78.5,79.1,82.6,71.5,2026-06-15 03:20:00,2968893
78.3,79.6,82.4,71.5,2026-06-15 03:40:00,2968893
77.7,80.7,81.1,71.3,2026-06-15 04:00:00,2968893
77.0,82.3,80.2,71.2,2026-06-15 04:20:00,2968893
76.4,83.1,78.8,70.9,2026-06-15 04:40:00,2968893
76.0,84.1,78.6,70.8,2026-06-15 05:00:00,2968893
75.7,84.3,78.1,70.6,2026-06-15 05:20:00,2968893
75.6,83.9,78.1,70.4,2026-06-15 05:40:00,2968893
75.5,80.5,77.4,69.1,2026-06-15 06:00:00,2968893
76.0,74.0,77.4,67.1,2026-06-15 06:20:00,2968893
76.5,69.4,77.5,65.7,2026-06-15 06:40:00,2968893
77.0,66.5,77.9,65.0,2026-06-15 07:00:00,2968893
77.2,64.0,77.9,64.1,2026-06-15 07:20:00,2968893
77.0,63.1,77.5,63.5,2026-06-15 07:40:00,2968893
77.5,62.2,77.9,63.5,2026-06-15 08:00:00,2968893
78.0,62.1,78.8,64.0,2026-06-15 08:20:00,2968893
77.4,60.0,77.7,62.4,2026-06-15 08:40:00,2968893
77.4,59.9,77.5,62.3,2026-06-15 09:00:00,2968893
77.3,58.8,77.2,61.8,2026-06-15 09:20:00,2968893
77.0,55.1,76.6,59.6,2026-06-15 09:40:00,2968893
77.5,51.7,76.5,58.3,2026-06-15 10:00:00,2968893
79.6,50.4,79.3,59.5,2026-06-15 10:20:00,2968893
79.6,49.3,79.2,59.0,2026-06-15 10:40:00,2968893
82.0,47.2,81.9,60.0,2026-06-15 11:00:00,2968893
81.3,44.7,80.2,57.8,2026-06-15 11:20:00,2968893
82.9,39.0,81.5,55.4,2026-06-15 11:40:00,2968893
83.6,37.4,82.0,54.9,2026-06-15 12:00:00,2968893
83.4,38.1,82.0,55.2,2026-06-15 12:20:00,2968893
85.6,37.1,84.7,56.4,2026-06-15 12:40:00,2968893
85.7,32.7,83.8,53.1,2026-06-15 13:00:00,2968893
89.2,30.7,87.8,54.3,2026-06-15 13:20:00,2968893
86.3,31.3,84.2,52.4,2026-06-15 13:40:00,2968893
89.9,31.0,88.9,55.2,2026-06-15 14:00:00,2968893
89.2,29.6,87.4,53.3,2026-06-15 14:20:00,2968893
90.8,29.1,89.6,54.3,2026-06-15 14:40:00,2968893
92.7,28.2,92.1,55.0,2026-06-15 15:00:00,2968893
93.1,27.7,92.5,54.8,2026-06-15 15:20:00,2968893
92.3,29.3,91.8,55.7,2026-06-15 15:40:00,2968893
92.5,28.8,92.1,55.5,2026-06-15 16:00:00,2968893
93.0,26.8,92.1,53.9,2026-06-15 16:20:00,2968893
92.1,27.1,90.9,53.3,2026-06-15 16:40:00,2968893
93.4,27.4,92.8,54.8,2026-06-15 17:00:00,2968893
95.5,26.8,95.5,56.0,2026-06-15 17:20:00,2968893
92.3,27.8,91.2,54.3,2026-06-15 17:40:00,2968893
87.8,31.4,86.2,53.8,2026-06-15 18:00:00,2968893
87.4,32.1,85.8,54.0,2026-06-15 18:20:00,2968893
86.8,33.1,85.5,54.4,2026-06-15 18:40:00,2968893
86.4,33.1,84.9,54.0,2026-06-15 19:00:00,2968893
85.6,33.4,83.8,53.5,2026-06-15 19:20:00,2968893
84.4,35.3,82.9,54.1,2026-06-15 19:40:00,2968893
84.1,34.6,82.2,53.2,2026-06-15 20:00:00,2968893
83.0,35.6,81.0,53.0,2026-06-15 20:20:00,2968893
81.7,36.8,79.5,52.7,2026-06-15 20:40:00,2968893
80.6,38.3,78.4,52.9,2026-06-15 21:00:00,2968893
78.9,40.6,77.0,53.0,2026-06-15 21:20:00,2968893
77.5,43.0,75.6,53.3,2026-06-15 21:40:00,2968893
76.0,45.5,74.3,53.4,2026-06-15 22:00:00,2968893
74.9,47.3,73.4,53.5,2026-06-15 22:20:00,2968893
74.0,48.9,72.9,53.6,2026-06-15 22:40:00,2968893
73.3,50.3,72.3,53.6,2026-06-15 23:00:00,2968893
72.5,51.6,71.8,53.7,2026-06-15 23:20:00,2968893
71.7,53.6,71.1,54.0,2026-06-15 23:40:00,2968893
71.4,54.2,70.7,54.0,2026-06-16 00:00:00,2968893
70.9,55.3,70.5,54.1,2026-06-16 00:20:00,2968893
70.6,55.4,70.2,53.8,2026-06-16 00:40:00,2968893
70.5,55.7,70.0,53.9,2026-06-16 01:00:00,2968893
70.5,55.6,70.0,53.8,2026-06-16 01:20:00,2968893
70.8,54.3,70.3,53.5,2026-06-16 01:40:00,2968893
72.2,50.5,71.4,52.8,2026-06-16 02:00:00,2968893
72.4,48.5,71.4,51.9,2026-06-16 02:20:00,2968893
72.2,48.4,71.2,51.6,2026-06-16 02:40:00,2968893
71.8,48.7,70.9,51.5,2026-06-16 03:00:00,2968893
71.7,48.7,70.7,51.3,2026-06-16 03:20:00,2968893
71.6,48.3,70.5,51.0,2026-06-16 03:40:00,2968893
71.0,48.9,70.0,50.8,2026-06-16 04:00:00,2968893
70.6,49.8,69.6,51.0,2026-06-16 04:20:00,2968893
70.0,50.8,69.1,51.0,2026-06-16 04:40:00,2968893
69.7,51.5,68.5,51.1,2026-06-16 05:00:00,2968893
69.7,52.0,68.5,51.2,2026-06-16 05:20:00,2968893
69.5,52.3,68.2,51.3,2026-06-16 05:40:00,2968893
69.7,52.7,68.7,51.6,2026-06-16 06:00:00,2968893
69.3,53.8,68.2,51.9,2026-06-16 06:20:00,2968893
69.4,54.9,68.2,52.5,2026-06-16 06:40:00,2968893
69.4,55.9,68.4,53.0,2026-06-16 07:00:00,2968893
69.5,56.5,68.7,53.3,2026-06-16 07:20:00,2968893
69.6,57.1,68.9,53.8,2026-06-16 07:40:00,2968893
70.1,57.1,69.4,54.2,2026-06-16 08:00:00,2968893
70.3,57.2,69.6,54.4,2026-06-16 08:20:00,2968893
71.0,56.5,70.5,54.7,2026-06-16 08:40:00,2968893
71.7,56.5,71.2,55.5,2026-06-16 09:00:00,2968893
72.5,56.2,72.0,56.0,2026-06-16 09:20:00,2968893
73.2,53.0,72.3,55.0,2026-06-16 09:40:00,2968893
75.0,50.9,73.8,55.6,2026-06-16 10:00:00,2968893
74.7,51.1,73.6,55.5,2026-06-16 10:20:00,2968893
76.5,49.7,75.2,56.3,2026-06-16 10:40:00,2968893
77.4,48.2,76.1,56.2,2026-06-16 11:00:00,2968893
76.4,49.1,75.0,55.9,2026-06-16 11:20:00,2968893
77.0,49.5,75.7,56.7,2026-06-16 11:40:00,2968893
78.4,47.8,77.2,57.0,2026-06-16 12:00:00,2968893
78.8,44.9,77.4,55.6,2026-06-16 12:20:00,2968893
79.5,44.9,78.1,56.3,2026-06-16 12:40:00,2968893
79.8,46.6,78.8,57.5,2026-06-16 13:00:00,2968893
80.0,44.4,78.8,56.4,2026-06-16 13:20:00,2968893
84.4,39.5,83.5,57.1,2026-06-16 13:40:00,2968893
84.3,39.7,83.5,57.2,2026-06-16 14:00:00,2968893
87.2,37.1,87.1,57.9,2026-06-16 14:20:00,2968893
86.5,39.4,86.7,58.8,2026-06-16 14:40:00,2968893
88.4,38.3,89.2,59.7,2026-06-16 15:00:00,2968893
87.7,39.1,88.3,59.7,2026-06-16 15:20:00,2968893
90.5,35.2,91.4,59.3,2026-06-16 15:40:00,2968893
86.6,38.7,86.7,58.5,2026-06-16 16:00:00,2968893
84.0,43.4,84.2,59.4,2026-06-16 16:20:00,2968893
83.5,43.4,83.3,58.9,2026-06-16 16:40:00,2968893
82.8,44.8,82.4,59.2,2026-06-16 17:00:00,2968893
82.4,48.1,82.6,60.8,2026-06-16 17:20:00,2968893
82.2,49.0,82.2,61.1,2026-06-16 17:40:00,2968893
81.5,49.4,81.7,60.7,2026-06-16 18:00:00,2968893
81.3,50.1,81.5,60.9,2026-06-16 18:20:00,2968893
81.2,49.5,81.3,60.6,2026-06-16 18:40:00,2968893
81.1,48.8,81.0,60.1,2026-06-16 19:00:00,2968893
80.9,48.4,80.6,59.6,2026-06-16 19:20:00,2968893
80.7,49.0,80.4,59.8,2026-06-16 19:40:00,2968893
80.0,50.4,79.7,60.0,2026-06-16 20:00:00,2968893
79.7,50.2,79.3,59.5,2026-06-16 20:20:00,2968893
79.0,51.0,78.6,59.3,2026-06-16 20:40:00,2968893
77.8,53.1,77.2,59.4,2026-06-16 21:00:00,2968893
77.0,54.7,76.5,59.5,2026-06-16 21:20:00,2968893
76.4,55.6,75.7,59.3,2026-06-16 21:40:00,2968893
76.2,56.2,75.6,59.5,2026-06-16 22:00:00,2968893
75.8,57.4,75.4,59.6,2026-06-16 22:20:00,2968893
75.5,58.4,75.2,59.8,2026-06-16 22:40:00,2968893
75.3,59.3,75.0,60.1,2026-06-16 23:00:00,2968893
74.9,60.6,74.8,60.3,2026-06-16 23:20:00,2968893
74.4,61.8,74.5,60.4,2026-06-16 23:40:00,2968893
74.0,62.8,74.1,60.6,2026-06-17 00:00:00,2968893
74.1,63.7,74.3,61.0,2026-06-17 00:20:00,2968893
73.9,64.6,74.1,61.2,2026-06-17 00:40:00,2968893
73.4,66.0,73.8,61.4,2026-06-17 01:00:00,2968893
73.1,67.5,73.6,61.7,2026-06-17 01:20:00,2968893
72.7,68.9,73.2,61.9,2026-06-17 01:40:00,2968893
72.5,70.4,73.0,62.3,2026-06-17 02:00:00,2968893
72.2,72.0,72.9,62.7,2026-06-17 02:20:00,2968893
72.0,73.5,72.9,63.1,2026-06-17 02:40:00,2968893
72.0,74.0,72.9,63.3,2026-06-17 03:00:00,2968893
71.8,74.9,72.7,63.4,2026-06-17 03:20:00,2968893
71.5,75.8,72.5,63.4,2026-06-17 03:40:00,2968893
71.4,76.7,72.3,63.7,2026-06-17 04:00:00,2968893
71.2,77.5,72.1,63.8,2026-06-17 04:20:00,2968893
70.9,78.5,72.0,63.9,2026-06-17 04:40:00,2968893
70.7,79.3,71.6,64.0,2026-06-17 05:00:00,2968893
70.4,79.9,71.4,63.9,2026-06-17 05:20:00,2968893
70.2,80.4,71.2,63.9,2026-06-17 05:40:00,2968893
70.0,80.8,71.1,63.8,2026-06-17 06:00:00,2968893
69.9,81.3,70.7,63.9,2026-06-17 06:20:00,2968893
69.9,82.0,70.7,64.2,2026-06-17 06:40:00,2968893
70.0,82.5,71.1,64.4,2026-06-17 07:00:00,2968893
70.7,81.7,72.0,64.8,2026-06-17 07:20:00,2968893
71.8,79.8,73.2,65.2,2026-06-17 07:40:00,2968893
73.0,78.2,74.3,65.8,2026-06-17 08:00:00,2968893
74.4,75.4,75.7,66.1,2026-06-17 08:20:00,2968893
75.4,72.8,76.6,66.1,2026-06-17 08:40:00,2968893
76.0,70.7,77.0,65.8,2026-06-17 09:00:00,2968893
77.5,67.6,78.8,65.9,2026-06-17 09:20:00,2968893
78.9,64.2,80.6,65.8,2026-06-17 09:40:00,2968893
80.2,60.6,81.9,65.3,2026-06-17 10:00:00,2968893
81.3,54.3,82.2,63.2,2026-06-17 10:20:00,2968893
83.3,52.2,84.7,63.9,2026-06-17 10:40:00,2968893
84.7,46.6,85.8,62.0,2026-06-17 11:00:00,2968893
85.3,43.7,85.8,60.7,2026-06-17 11:20:00,2968893
87.1,38.3,87.3,58.7,2026-06-17 11:40:00,2968893
87.5,37.7,87.6,58.5,2026-06-17 12:00:00,2968893
86.9,36.9,86.4,57.4,2026-06-17 12:20:00,2968893
89.5,35.5,90.1,58.6,2026-06-17 12:40:00,2968893
90.3,34.5,91.0,58.6,2026-06-17 13:00:00,2968893
91.3,32.8,91.8,58.0,2026-06-17 13:20:00,2968893
91.2,33.2,91.8,58.3,2026-06-17 13:40:00,2968893
92.4,32.2,93.2,58.4,2026-06-17 14:00:00,2968893
94.6,33.0,97.2,61.1,2026-06-17 14:20:00,2968893
93.7,33.8,95.9,61.0,2026-06-17 14:40:00,2968893
94.3,32.6,96.6,60.4,2026-06-17 15:00:00,2968893
94.4,31.9,96.3,60.0,2026-06-17 15:20:00,2968893
93.0,32.5,94.1,59.2,2026-06-17 15:40:00,2968893
92.6,32.9,93.7,59.2,2026-06-17 16:00:00,2968893
92.3,32.4,93.4,58.6,2026-06-17 16:20:00,2968893
93.9,32.1,95.5,59.7,2026-06-17 16:40:00,2968893
96.0,29.8,97.7,59.4,2026-06-17 17:00:00,2968893
96.4,31.0,99.0,60.9,2026-06-17 17:20:00,2968893
94.5,31.1,96.1,59.3,2026-06-17 17:40:00,2968893
90.8,34.7,91.6,59.1,2026-06-17 18:00:00,2968893
89.6,36.5,90.7,59.5,2026-06-17 18:20:00,2968893
89.2,39.7,90.9,61.6,2026-06-17 18:40:00,2968893
88.6,41.7,90.7,62.3,2026-06-17 19:00:00,2968893
88.3,42.6,90.1,62.7,2026-06-17 19:20:00,2968893
87.9,43.4,90.0,62.9,2026-06-17 19:40:00,2968893
86.9,45.9,89.2,63.6,2026-06-17 20:00:00,2968893
85.6,47.7,87.6,63.5,2026-06-17 20:20:00,2968893
84.6,49.9,86.7,63.8,2026-06-17 20:40:00,2968893
83.4,52.4,85.1,64.1,2026-06-17 21:00:00,2968893
82.2,55.1,83.7,64.5,2026-06-17 21:20:00,2968893
81.5,58.1,83.1,65.3,2026-06-17 21:40:00,2968893
81.4,60.5,83.7,66.4,2026-06-17 22:00:00,2968893
81.5,62.5,84.2,67.4,2026-06-17 22:20:00,2968893
81.5,63.8,84.7,68.1,2026-06-17 22:40:00,2968893
81.1,65.5,84.4,68.4,2026-06-17 23:00:00,2968893
80.8,66.8,84.2,68.7,2026-06-17 23:20:00,2968893
80.2,67.7,83.3,68.5,2026-06-17 23:40:00,2968893
80.0,67.4,82.9,68.2,2026-06-18 00:00:00,2968893
80.0,65.8,82.6,67.5,2026-06-18 00:20:00,2968893
79.9,64.9,82.2,67.0,2026-06-18 00:40:00,2968893
79.7,64.6,82.0,66.7,2026-06-18 01:00:00,2968893
79.3,65.1,81.3,66.6,2026-06-18 01:20:00,2968893
78.9,66.0,80.8,66.6,2026-06-18 01:40:00,2968893
78.6,67.0,80.4,66.7,2026-06-18 02:00:00,2968893
78.3,67.6,80.2,66.7,2026-06-18 02:20:00,2968893
77.7,68.9,79.5,66.7,2026-06-18 02:40:00,2968893
77.6,70.4,79.3,67.2,2026-06-18 03:00:00,2968893
77.6,71.5,79.5,67.7,2026-06-18 03:20:00,2968893
77.6,75.0,80.1,69.0,2026-06-18 03:40:00,2968893
77.4,76.5,80.1,69.4,2026-06-18 04:00:00,2968893
77.0,78.5,79.5,69.8,2026-06-18 04:20:00,2968893
77.0,79.6,79.5,70.2,2026-06-18 04:40:00,2968893
76.5,80.7,79.0,70.1,2026-06-18 05:00:00,2968893
76.1,81.8,78.4,70.1,2026-06-18 05:20:00,2968893
75.9,82.5,78.4,70.2,2026-06-18 05:40:00,2968893
75.7,83.3,78.1,70.2,2026-06-18 06:00:00,2968893
75.8,83.7,78.4,70.5,2026-06-18 06:20:00,2968893
76.0,83.6,78.6,70.7,2026-06-18 06:40:00,2968893
76.5,82.9,79.2,70.9,2026-06-18 07:00:00,2968893
76.9,82.0,79.9,71.0,2026-06-18 07:20:00,2968893
77.2,81.4,80.4,71.1,2026-06-18 07:40:00,2968893
78.5,79.4,82.8,71.6,2026-06-18 08:00:00,2968893
79.5,77.5,84.0,71.8,2026-06-18 08:20:00,2968893
80.6,74.8,85.5,71.8,2026-06-18 08:40:00,2968893
81.5,73.2,86.7,72.1,2026-06-18 09:00:00,2968893
82.3,71.2,88.0,72.1,2026-06-18 09:20:00,2968893
83.0,69.8,89.2,72.1,2026-06-18 09:40:00,2968893
85.0,67.0,93.0,72.8,2026-06-18 10:00:00,2968893
85.7,64.7,93.7,72.4,2026-06-18 10:20:00,2968893
87.6,61.2,96.3,72.6,2026-06-18 10:40:00,2968893
88.2,60.4,97.3,72.7,2026-06-18 11:00:00,2968893
89.0,59.6,98.6,73.1,2026-06-18 11:20:00,2968893
89.4,56.0,97.9,71.6,2026-06-18 11:40:00,2968893
91.3,54.1,101.8,72.4,2026-06-18 12:00:00,2968893
91.9,51.9,101.8,71.7,2026-06-18 12:20:00,2968893
92.4,52.3,103.3,72.4,2026-06-18 12:40:00,2968893
94.1,47.1,104.0,70.8,2026-06-18 13:00:00,2968893
95.1,46.5,105.6,71.3,2026-06-18 13:20:00,2968893
95.5,47.3,107.2,72.3,2026-06-18 13:40:00,2968893
95.6,46.2,106.9,71.6,2026-06-18 14:00:00,2968893
97.7,42.7,109.2,71.2,2026-06-18 14:20:00,2968893
95.9,44.6,106.5,70.9,2026-06-18 14:40:00,2968893
95.4,45.0,105.4,70.6,2026-06-18 15:00:00,2968893
98.7,44.1,112.1,73.0,2026-06-18 15:20:00,2968893
98.9,41.6,110.7,71.5,2026-06-18 15:40:00,2968893
92.1,43.4,98.1,66.7,2026-06-18 16:00:00,2968893
84.9,57.1,89.2,68.0,2026-06-18 16:20:00,2968893
85.3,58.1,90.5,68.9,2026-06-18 16:40:00,2968893
82.8,60.9,86.4,67.9,2026-06-18 17:00:00,2968893
88.4,56.0,95.9,70.7,2026-06-18 17:20:00,2968893
89.5,54.6,97.9,71.0,2026-06-18 17:40:00,2968893
87.0,58.3,93.9,70.6,2026-06-18 18:00:00,2968893
87.2,59.1,94.5,71.2,2026-06-18 18:20:00,2968893
86.4,60.2,93.4,70.9,2026-06-18 18:40:00,2968893
87.2,60.7,95.0,71.9,2026-06-18 19:00:00,2968893
87.1,61.1,95.2,72.1,2026-06-18 19:20:00,2968893
85.7,63.9,93.4,72.0,2026-06-18 19:40:00,2968893
84.9,65.8,92.5,72.2,2026-06-18 20:00:00,2968893
84.0,67.7,91.2,72.2,2026-06-18 20:20:00,2968893
83.0,70.4,89.4,72.4,2026-06-18 20:40:00,2968893
82.8,71.2,89.2,72.5,2026-06-18 21:00:00,2968893
82.9,71.1,89.2,72.6,2026-06-18 21:20:00,2968893
83.4,66.6,89.1,71.1,2026-06-18 21:40:00,2968893
83.4,63.6,88.2,69.8,2026-06-18 22:00:00,2968893
81.5,68.6,85.6,70.1,2026-06-18 22:20:00,2968893
79.6,73.5,83.5,70.4,2026-06-18 22:40:00,2968893
77.9,77.0,81.1,70.1,2026-06-18 23:00:00,2968893
77.4,78.8,80.4,70.3,2026-06-18 23:20:00,2968893
77.0,80.9,79.7,70.6,2026-06-18 23:40:00,2968893
76.6,82.2,79.2,70.7,2026-06-19 00:00:00,2968893
76.7,82.1,79.5,70.8,2026-06-19 00:20:00,2968893
76.6,81.2,79.0,70.4,2026-06-19 00:40:00,2968893
76.5,80.9,79.0,70.2,2026-06-19 01:00:00,2968893
76.2,81.0,78.4,69.9,2026-06-19 01:20:00,2968893
76.1,80.8,78.4,69.8,2026-06-19 01:40:00,2968893
75.9,80.9,78.3,69.7,2026-06-19 02:00:00,2968893
76.0,81.5,78.3,69.9,2026-06-19 02:20:00,2968893
76.1,82.0,78.6,70.2,2026-06-19 02:40:00,2968893
76.0,82.8,78.4,70.4,2026-06-19 03:00:00,2968893
75.6,83.8,78.1,70.4,2026-06-19 03:20:00,2968893
74.7,85.2,77.2,70.0,2026-06-19 03:40:00,2968893
73.5,88.3,75.7,69.8,2026-06-19 04:00:00,2968893
72.3,90.7,74.7,69.5,2026-06-19 04:20:00,2968893
71.7,92.2,73.6,69.3,2026-06-19 04:40:00,2968893
71.6,93.4,73.4,69.5,2026-06-19 05:00:00,2968893
71.5,94.0,73.6,69.6,2026-06-19 05:20:00,2968893
71.2,94.6,73.0,69.5,2026-06-19 05:40:00,2968893
71.0,95.0,72.9,69.4,2026-06-19 06:00:00,2968893
71.0,95.5,72.9,69.6,2026-06-19 06:20:00,2968893
71.2,95.8,73.0,69.9,2026-06-19 06:40:00,2968893
71.6,96.1,73.6,70.4,2026-06-19 07:00:00,2968893
71.5,96.2,73.6,70.4,2026-06-19 07:20:00,2968893
71.3,96.4,73.4,70.3,2026-06-19 07:40:00,2968893
71.2,96.5,73.0,70.1,2026-06-19 08:00:00,2968893
71.4,96.7,73.4,70.4,2026-06-19 08:20:00,2968893
71.8,96.9,74.1,70.8,2026-06-19 08:40:00,2968893
72.3,97.0,74.7,71.4,2026-06-19 09:00:00,2968893
72.4,97.0,75.0,71.5,2026-06-19 09:20:00,2968893
72.3,97.0,75.0,71.5,2026-06-19 09:40:00,2968893
73.1,97.1,76.1,72.2,2026-06-19 10:00:00,2968893
74.2,96.8,77.5,73.2,2026-06-19 10:20:00,2968893
75.2,95.5,79.0,73.9,2026-06-19 10:40:00,2968893
75.6,91.4,79.2,73.0,2026-06-19 11:00:00,2968893
76.0,91.5,79.5,73.3,2026-06-19 11:20:00,2968893
76.8,87.8,80.6,73.0,2026-06-19 11:40:00,2968893
78.4,85.7,83.3,73.8,2026-06-19 12:00:00,2968893
79.5,80.8,84.7,73.1,2026-06-19 12:20:00,2968893
81.6,76.3,88.0,73.4,2026-06-19 12:40:00,2968893
82.2,76.7,89.1,74.1,2026-06-19 13:00:00,2968893
82.8,71.9,89.4,72.7,2026-06-19 13:20:00,2968893
83.4,66.7,89.1,71.1,2026-06-19 13:40:00,2968893
87.9,62.7,97.5,73.6,2026-06-19 14:00:00,2968893
88.8,57.1,97.2,71.7,2026-06-19 14:20:00,2968893
89.0,55.7,97.0,71.1,2026-06-19 14:40:00,2968893
88.7,50.9,94.1,68.1,2026-06-19 15:00:00,2968893
88.8,51.2,94.6,68.4,2026-06-19 15:20:00,2968893
90.9,46.0,96.8,67.2,2026-06-19 15:40:00,2968893
91.5,41.9,96.1,65.1,2026-06-19 16:00:00,2968893
92.1,42.9,97.9,66.3,2026-06-19 16:20:00,2968893
92.1,42.7,97.3,66.2,2026-06-19 16:40:00,2968893
90.9,42.2,95.2,64.8,2026-06-19 17:00:00,2968893
92.6,42.0,98.1,66.1,2026-06-19 17:20:00,2968893
90.2,43.9,94.5,65.3,2026-06-19 17:40:00,2968893
87.4,46.5,90.1,64.4,2026-06-19 18:00:00,2968893
86.8,47.3,89.6,64.4,2026-06-19 18:20:00,2968893
85.8,45.5,87.1,62.3,2026-06-19 18:40:00,2968893
85.1,47.4,86.9,62.9,2026-06-19 19:00:00,2968893
84.5,48.0,85.8,62.7,2026-06-19 19:20:00,2968893
84.2,45.8,84.9,61.1,2026-06-19 19:40:00,2968893
83.4,46.5,83.7,60.7,2026-06-19 20:00:00,2968893
80.8,53.3,81.5,62.3,2026-06-19 20:20:00,2968893
79.3,56.0,79.7,62.2,2026-06-19 20:40:00,2968893
79.7,52.9,79.9,61.0,2026-06-19 21:00:00,2968893
78.4,52.8,77.9,59.7,2026-06-19 21:20:00,2968893
76.7,55.5,76.1,59.5,2026-06-19 21:40:00,2968893
75.7,57.9,75.2,59.8,2026-06-19 22:00:00,2968893
74.7,58.2,74.3,59.1,2026-06-19 22:20:00,2968893
74.2,58.7,73.9,58.8,2026-06-19 22:40:00,2968893
73.4,58.7,73.0,58.0,2026-06-19 23:00:00,2968893
72.7,59.0,72.5,57.5,2026-06-19 23:20:00,2968893
72.1,60.8,72.0,57.8,2026-06-19 23:40:00,2968893
72.6,57.6,72.3,56.8,2026-06-20 00:00:00,2968893
72.3,55.7,71.8,55.5,2026-06-20 00:20:00,2968893
71.7,56.6,71.2,55.4,2026-06-20 00:40:00,2968893
71.3,61.2,71.2,57.2,2026-06-20 01:00:00,2968893
70.4,59.7,70.2,55.7,2026-06-20 01:20:00,2968893
69.4,61.2,68.7,55.4,2026-06-20 01:40:00,2968893
68.3,63.2,67.5,55.3,2026-06-20 02:00:00,2968893
67.3,66.1,66.4,55.6,2026-06-20 02:20:00,2968893
66.4,68.3,65.3,55.7,2026-06-20 02:40:00,2968893
65.9,68.1,64.6,55.1,2026-06-20 03:00:00,2968893
65.5,69.2,64.2,55.1,2026-06-20 03:20:00,2968893
65.2,69.6,63.9,55.0,2026-06-20 03:40:00,2968893
64.6,70.4,63.3,54.8,2026-06-20 04:00:00,2968893
64.2,71.8,63.1,55.0,2026-06-20 04:20:00,2968893
63.6,73.4,62.6,54.9,2026-06-20 04:40:00,2968893
63.1,74.7,62.1,55.0,2026-06-20 05:00:00,2968893
62.2,77.0,61.5,54.9,2026-06-20 05:20:00,2968893
61.9,78.2,61.3,55.0,2026-06-20 05:40:00,2968893
61.4,79.6,61.0,55.1,2026-06-20 06:00:00,2968893
61.4,80.4,61.0,55.3,2026-06-20 06:20:00,2968893
61.9,80.7,61.7,55.9,2026-06-20 06:40:00,2968893
63.0,81.0,62.8,57.1,2026-06-20 07:00:00,2968893
64.2,81.5,63.9,58.4,2026-06-20 07:20:00,2968893
66.0,80.0,65.7,59.6,2026-06-20 07:40:00,2968893
68.5,72.1,68.4,59.1,2026-06-20 08:00:00,2968893
72.0,62.5,72.1,58.4,2026-06-20 08:20:00,2968893
74.7,56.3,74.1,58.1,2026-06-20 08:40:00,2968893
76.8,52.4,75.7,58.0,2026-06-20 09:00:00,2968893
77.6,50.5,76.6,57.7,2026-06-20 09:20:00,2968893
78.6,48.4,77.7,57.5,2026-06-20 09:40:00,2968893
79.9,43.8,78.4,55.9,2026-06-20 10:00:00,2968893
81.2,40.8,79.7,55.1,2026-06-20 10:20:00,2968893
82.8,36.1,81.0,53.2,2026-06-20 10:40:00,2968893
84.1,35.6,82.4,53.9,2026-06-20 11:00:00,2968893
83.0,34.9,80.8,52.5,2026-06-20 11:20:00,2968893
83.9,33.5,81.7,52.1,2026-06-20 11:40:00,2968893
84.8,33.8,82.9,53.2,2026-06-20 12:00:00,2968893
85.7,33.4,84.0,53.6,2026-06-20 12:20:00,2968893
86.2,32.0,84.4,53.0,2026-06-20 12:40:00,2968893
86.4,32.7,84.7,53.6,2026-06-20 13:00:00,2968893
87.0,33.3,85.6,54.6,2026-06-20 13:20:00,2968893
86.6,33.1,85.1,54.1,2026-06-20 13:40:00,2968893
87.6,31.9,86.2,54.0,2026-06-20 14:00:00,2968893
90.1,30.2,89.2,54.8,2026-06-20 14:20:00,2968893
89.0,29.7,87.3,53.3,2026-06-20 14:40:00,2968893
87.2,31.9,85.5,53.7,2026-06-20 15:00:00,2968893
90.1,29.4,88.7,53.9,2026-06-20 15:20:00,2968893
88.2,31.8,86.9,54.5,2026-06-20 15:40:00,2968893
91.9,30.5,91.6,56.5,2026-06-20 16:00:00,2968893
88.6,31.1,87.1,54.1,2026-06-20 16:20:00,2968893
92.0,30.8,92.1,56.9,2026-06-20 16:40:00,2968893
91.6,30.2,91.2,56.0,2026-06-20 17:00:00,2968893
89.6,30.5,88.5,54.5,2026-06-20 17:20:00,2968893
90.7,29.6,89.8,54.6,2026-06-20 17:40:00,2968893
86.4,34.0,85.1,54.7,2026-06-20 18:00:00,2968893
85.2,35.3,83.8,54.7,2026-06-20 18:20:00,2968893
85.1,37.3,84.4,56.2,2026-06-20 18:40:00,2968893
85.4,37.8,84.6,56.8,2026-06-20 19:00:00,2968893
84.7,39.3,84.0,57.2,2026-06-20 19:20:00,2968893
83.4,40.8,82.4,57.2,2026-06-20 19:40:00,2968893
82.6,42.0,81.7,57.2,2026-06-20 20:00:00,2968893
81.0,45.3,80.2,57.8,2026-06-20 20:20:00,2968893
79.5,48.0,78.8,58.1,2026-06-20 20:40:00,2968893
78.3,49.8,77.5,58.0,2026-06-20 21:00:00,2968893
77.4,51.0,76.5,57.8,2026-06-20 21:20:00,2968893
77.0,51.4,75.7,57.7,2026-06-20 21:40:00,2968893
76.4,51.9,75.4,57.4,2026-06-20 22:00:00,2968893
75.9,53.2,75.0,57.7,2026-06-20 22:20:00,2968893
75.2,54.5,74.5,57.7,2026-06-20 22:40:00,2968893
74.6,55.9,73.9,57.8,2026-06-20 23:00:00,2968893
74.2,56.4,73.6,57.7,2026-06-20 23:20:00,2968893
73.5,57.5,73.0,57.5,2026-06-20 23:40:00,2968893
73.0,58.7,72.7,57.7,2026-06-21 00:00:00,2968893
72.6,60.0,72.5,57.9,2026-06-21 00:20:00,2968893
72.1,61.1,72.0,57.9,2026-06-21 00:40:00,2968893
72.0,61.7,72.1,58.2,2026-06-21 01:00:00,2968893
71.5,62.4,71.6,58.0,2026-06-21 01:20:00,2968893
71.3,63.4,71.6,58.3,2026-06-21 01:40:00,2968893
71.0,64.0,71.2,58.2,2026-06-21 02:00:00,2968893
70.8,65.4,71.1,58.6,2026-06-21 02:20:00,2968893
70.4,66.5,70.7,58.7,2026-06-21 02:40:00,2968893
70.0,68.0,70.2,59.0,2026-06-21 03:00:00,2968893
69.4,69.0,69.4,58.7,2026-06-21 03:20:00,2968893
69.0,70.7,68.9,59.1,2026-06-21 03:40:00,2968893
68.5,72.1,68.4,59.2,2026-06-21 04:00:00,2968893
68.2,73.1,68.2,59.3,2026-06-21 04:20:00,2968893
67.9,74.6,67.8,59.5,2026-06-21 04:40:00,2968893
67.6,75.5,67.5,59.6,2026-06-21 05:00:00,2968893
67.2,76.5,66.9,59.5,2026-06-21 05:20:00,2968893
66.9,78.3,66.6,59.9,2026-06-21 05:40:00,2968893
66.5,79.3,66.4,60.0,2026-06-21 06:00:00,2968893
66.2,80.1,65.8,59.9,2026-06-21 06:20:00,2968893
66.4,81.0,66.6,60.4,2026-06-21 06:40:00,2968893
67.0,81.5,67.1,61.2,2026-06-21 07:00:00,2968893
68.3,81.3,68.7,62.4,2026-06-21 07:20:00,2968893
69.5,80.8,70.3,63.3,2026-06-21 07:40:00,2968893
71.3,80.0,72.5,64.8,2026-06-21 08:00:00,2968893
73.8,76.4,75.2,65.9,2026-06-21 08:20:00,2968893
76.0,70.9,77.0,65.9,2026-06-21 08:40:00,2968893
78.9,62.4,80.2,65.0,2026-06-21 09:00:00,2968893
80.4,57.8,81.5,64.1,2026-06-21 09:20:00,2968893
82.5,55.4,84.2,64.9,2026-06-21 09:40:00,2968893
83.7,50.8,85.5,63.5,2026-06-21 10:00:00,2968893
85.4,46.7,86.9,62.7,2026-06-21 10:20:00,2968893
85.6,45.7,86.9,62.3,2026-06-21 10:40:00,2968893
88.3,41.1,89.8,61.6,2026-06-21 11:00:00,2968893
89.4,40.0,91.4,61.9,2026-06-21 11:20:00,2968893
89.2,37.0,90.0,59.6,2026-06-21 11:40:00,2968893
89.8,36.5,91.0,59.7,2026-06-21 12:00:00,2968893
90.6,35.2,91.6,59.4,2026-06-21 12:20:00,2968893
92.2,35.6,94.5,61.1,2026-06-21 12:40:00,2968893
92.3,35.9,95.0,61.4,2026-06-21 13:00:00,2968893
91.8,36.0,94.1,61.0,2026-06-21 13:20:00,2968893
94.4,35.2,97.9,62.7,2026-06-21 13:40:00,2968893
94.2,35.3,97.5,62.5,2026-06-21 14:00:00,2968893
94.8,35.8,99.1,63.5,2026-06-21 14:20:00,2968893
92.4,36.2,95.0,61.8,2026-06-21 14:40:00,2968893
93.2,34.5,95.7,61.1,2026-06-21 15:00:00,2968893
97.4,33.8,102.6,64.2,2026-06-21 15:20:00,2968893
95.9,33.2,99.7,62.3,2026-06-21 15:40:00,2968893
96.2,33.2,100.0,62.6,2026-06-21 16:00:00,2968893
96.3,32.8,100.0,62.3,2026-06-21 16:20:00,2968893
97.2,33.0,101.8,63.3,2026-06-21 16:40:00,2968893
92.3,36.2,95.0,61.6,2026-06-21 17:00:00,2968893
91.1,38.4,93.9,62.3,2026-06-21 17:20:00,2968893
92.9,36.2,95.9,62.2,2026-06-21 17:40:00,2968893
90.1,40.1,93.0,62.6,2026-06-21 18:00:00,2968893
89.1,41.9,91.8,62.9,2026-06-21 18:20:00,2968893
89.4,42.6,92.3,63.7,2026-06-21 18:40:00,2968893
88.8,43.1,91.4,63.5,2026-06-21 19:00:00,2968893
88.4,43.8,90.9,63.6,2026-06-21 19:20:00,2968893
87.5,46.1,90.3,64.2,2026-06-21 19:40:00,2968893
86.8,47.4,89.6,64.4,2026-06-21 20:00:00,2968893
86.2,48.8,89.2,64.7,2026-06-21 20:20:00,2968893
85.1,49.6,87.3,64.1,2026-06-21 20:40:00,2968893
84.1,51.0,86.2,64.0,2026-06-21 21:00:00,2968893
82.8,53.9,84.6,64.3,2026-06-21 21:20:00,2968893
82.0,54.7,83.3,64.1,2026-06-21 21:40:00,2968893
80.9,55.9,82.0,63.6,2026-06-21 22:00:00,2968893
80.0,57.3,81.0,63.5,2026-06-21 22:20:00,2968893
79.2,58.9,80.2,63.6,2026-06-21 22:40:00,2968893
78.3,60.4,79.2,63.4,2026-06-21 23:00:00,2968893
77.7,62.3,78.4,63.8,2026-06-21 23:20:00,2968893
78.1,63.2,79.3,64.6,2026-06-21 23:40:00,2968893
78.4,64.8,79.9,65.5,2026-06-22 00:00:00,2968893
78.2,67.1,79.9,66.3,2026-06-22 00:20:00,2968893
78.0,69.1,79.9,67.0,2026-06-22 00:40:00,2968893
77.5,71.0,79.2,67.4,2026-06-22 01:00:00,2968893
76.8,72.9,78.1,67.4,2026-06-22 01:20:00,2968893
74.8,83.4,77.0,69.4,2026-06-14 03:00:00,2968881
74.6,84.0,76.8,69.4,2026-06-14 03:10:00,2968881
74.4,84.3,76.6,69.3,2026-06-14 03:20:00,2968881
74.2,84.9,76.5,69.3,2026-06-14 03:30:00,2968881
73.9,85.4,75.9,69.2,2026-06-14 03:40:00,2968881
73.5,86.4,75.7,69.1,2026-06-14 03:50:00,2968881
73.5,86.9,75.7,69.3,2026-06-14 04:00:00,2968881
73.4,87.3,75.7,69.4,2026-06-14 04:10:00,2968881
73.4,87.6,75.6,69.5,2026-06-14 04:20:00,2968881
73.2,88.3,75.6,69.5,2026-06-14 04:30:00,2968881
73.0,88.7,75.2,69.5,2026-06-14 04:40:00,2968881
73.0,89.1,75.2,69.5,2026-06-14 04:50:00,2968881
72.8,89.7,74.8,69.5,2026-06-14 05:00:00,2968881
72.7,89.9,74.8,69.5,2026-06-14 05:10:00,2968881
72.6,90.3,74.8,69.5,2026-06-14 05:20:00,2968881
72.6,90.5,74.8,69.6,2026-06-14 05:30:00,2968881
72.5,90.7,74.7,69.6,2026-06-14 05:40:00,2968881
72.2,91.0,74.3,69.5,2026-06-14 05:50:00,2968881
72.1,91.0,74.1,69.4,2026-06-14 06:00:00,2968881
72.1,91.4,74.1,69.5,2026-06-14 06:10:00,2968881
72.1,91.4,74.1,69.5,2026-06-14 06:20:00,2968881
72.2,91.7,74.5,69.6,2026-06-14 06:30:00,2968881
72.3,91.7,74.5,69.8,2026-06-14 06:40:00,2968881
72.5,91.7,74.7,69.9,2026-06-14 06:50:00,2968881
72.8,91.6,75.2,70.2,2026-06-14 07:00:00,2968881
73.2,91.2,75.6,70.4,2026-06-14 07:10:00,2968881
73.7,90.5,76.3,70.8,2026-06-14 07:20:00,2968881
74.2,89.6,76.8,70.9,2026-06-14 07:30:00,2968881
74.7,88.7,77.5,71.1,2026-06-14 07:40:00,2968881
75.3,88.1,78.1,71.5,2026-06-14 07:50:00,2968881
75.9,87.1,78.6,71.8,2026-06-14 08:00:00,2968881
76.6,85.9,79.5,72.1,2026-06-14 08:10:00,2968881
77.5,84.2,81.1,72.4,2026-06-14 08:20:00,2968881
78.3,82.8,82.9,72.6,2026-06-14 08:30:00,2968881
79.2,81.5,84.4,73.1,2026-06-14 08:40:00,2968881
79.6,80.0,84.9,72.9,2026-06-14 08:50:00,2968881
80.1,78.1,85.6,72.7,2026-06-14 09:00:00,2968881
80.5,77.5,86.2,72.8,2026-06-14 09:10:00,2968881
81.0,76.5,86.9,72.9,2026-06-14 09:20:00,2968881
81.7,75.7,88.2,73.3,2026-06-14 09:30:00,2968881
82.5,74.2,89.1,73.4,2026-06-14 09:40:00,2968881
82.9,72.6,89.6,73.2,2026-06-14 09:50:00,2968881
83.9,71.8,92.1,73.9,2026-06-14 10:00:00,2968881
84.3,69.8,92.3,73.3,2026-06-14 10:10:00,2968881
84.8,67.3,92.7,72.8,2026-06-14 10:20:00,2968881
85.7,68.0,95.0,73.9,2026-06-14 10:30:00,2968881
86.1,66.0,95.0,73.4,2026-06-14 10:40:00,2968881
87.2,65.7,97.2,74.3,2026-06-14 10:50:00,2968881
87.6,64.8,98.1,74.3,2026-06-14 11:00:00,2968881
88.7,62.7,99.5,74.3,2026-06-14 11:10:00,2968881
88.9,63.2,100.6,74.8,2026-06-14 11:20:00,2968881
89.8,62.5,102.6,75.3,2026-06-14 11:30:00,2968881
90.7,59.1,102.9,74.5,2026-06-14 11:40:00,2968881
90.9,59.0,103.5,74.6,2026-06-14 11:50:00,2968881
90.6,58.4,102.4,74.1,2026-06-14 12:00:00,2968881
91.2,58.6,103.8,74.7,2026-06-14 12:10:00,2968881
92.6,57.5,106.5,75.3,2026-06-14 12:20:00,2968881
92.4,54.6,104.5,73.6,2026-06-14 12:30:00,2968881
91.9,54.9,103.5,73.3,2026-06-14 12:40:00,2968881
90.6,56.9,101.7,73.3,2026-06-14 12:50:00,2968881
92.3,58.0,106.5,75.3,2026-06-14 13:00:00,2968881
93.8,50.6,105.4,72.7,2026-06-14 13:10:00,2968881
93.6,50.2,104.7,72.3,2026-06-14 13:20:00,2968881
95.3,47.7,107.1,72.3,2026-06-14 13:30:00,2968881
95.3,44.6,104.9,70.3,2026-06-14 13:40:00,2968881
94.7,44.3,103.5,69.6,2026-06-14 13:50:00,2968881
96.5,42.3,106.2,69.9,2026-06-14 14:00:00,2968881
97.2,38.8,105.4,67.9,2026-06-14 14:10:00,2968881
98.1,38.9,107.4,68.7,2026-06-14 14:20:00,2968881
98.2,37.5,106.3,67.8,2026-06-14 14:30:00,2968881
99.1,36.8,107.8,68.1,2026-06-14 14:40:00,2968881
98.3,37.7,106.9,68.1,2026-06-14 14:50:00,2968881
97.1,37.7,104.4,67.0,2026-06-14 15:00:00,2968881
99.4,37.2,108.7,68.7,2026-06-14 15:10:00,2968881
98.8,36.2,106.9,67.3,2026-06-14 15:20:00,2968881
99.8,36.5,108.9,68.4,2026-06-14 15:30:00,2968881
98.7,36.5,106.7,67.5,2026-06-14 15:40:00,2968881
99.2,36.8,108.0,68.2,2026-06-14 15:50:00,2968881
98.7,37.8,107.6,68.5,2026-06-14 16:00:00,2968881
98.1,37.5,106.3,67.7,2026-06-14 16:10:00,2968881
98.7,38.8,108.5,69.2,2026-06-14 16:20:00,2968881
98.2,37.5,106.5,67.9,2026-06-14 16:30:00,2968881
97.5,38.8,106.2,68.2,2026-06-14 16:40:00,2968881
97.3,37.6,104.7,67.2,2026-06-14 16:50:00,2968881
97.1,36.7,103.8,66.2,2026-06-14 17:00:00,2968881
97.6,36.4,104.7,66.5,2026-06-14 17:10:00,2968881
96.9,34.0,101.8,63.9,2026-06-14 17:20:00,2968881
96.6,33.4,100.8,63.1,2026-06-14 17:30:00,2968881
96.5,33.4,100.8,63.1,2026-06-14 17:40:00,2968881
97.4,33.7,102.6,64.1,2026-06-14 17:50:00,2968881
96.7,34.2,101.7,63.9,2026-06-14 18:00:00,2968881
97.0,34.8,102.2,64.6,2026-06-14 18:10:00,2968881
96.4,34.8,101.3,64.1,2026-06-14 18:20:00,2968881
95.9,34.4,100.4,63.4,2026-06-14 18:30:00,2968881
95.8,34.5,100.0,63.3,2026-06-14 18:40:00,2968881
95.1,36.4,99.9,64.3,2026-06-14 18:50:00,2968881
92.7,43.2,98.8,67.0,2026-06-14 19:00:00,2968881
88.4,53.2,94.6,69.2,2026-06-14 19:10:00,2968881
85.1,64.9,92.7,72.0,2026-06-14 19:20:00,2968881
80.3,76.4,85.5,72.2,2026-06-14 19:30:00,2968881
79.4,80.0,84.6,72.7,2026-06-14 19:40:00,2968881
79.5,84.1,85.5,74.2,2026-06-14 19:50:00,2968881
79.4,85.2,85.6,74.6,2026-06-14 20:00:00,2968881
79.3,85.1,85.3,74.4,2026-06-14 20:10:00,2968881
79.3,81.9,84.6,73.3,2026-06-14 20:20:00,2968881
79.2,81.8,84.6,73.1,2026-06-14 20:30:00,2968881
78.9,83.2,84.0,73.3,2026-06-14 20:40:00,2968881
78.5,82.0,83.1,72.6,2026-06-14 20:50:00,2968881
78.8,82.1,83.8,72.9,2026-06-14 21:00:00,2968881
79.2,78.0,83.8,71.7,2026-06-14 21:10:00,2968881
79.4,76.8,84.0,71.5,2026-06-14 21:20:00,2968881
79.4,77.2,84.0,71.6,2026-06-14 21:30:00,2968881
79.7,76.4,84.2,71.6,2026-06-14 21:40:00,2968881
80.0,76.0,84.7,71.7,2026-06-14 21:50:00,2968881
80.2,75.2,84.9,71.6,2026-06-14 22:00:00,2968881
80.5,74.7,85.5,71.7,2026-06-14 22:10:00,2968881
80.6,73.8,85.6,71.5,2026-06-14 22:20:00,2968881
80.5,73.8,85.3,71.4,2026-06-14 22:30:00,2968881
80.2,74.4,84.7,71.3,2026-06-14 22:40:00,2968881
80.0,74.9,84.4,71.3,2026-06-14 22:50:00,2968881
79.6,75.5,83.8,71.2,2026-06-14 23:00:00,2968881
79.5,75.9,83.7,71.2,2026-06-14 23:10:00,2968881
79.4,75.8,83.7,71.1,2026-06-14 23:20:00,2968881
79.3,75.9,83.3,71.0,2026-06-14 23:30:00,2968881
79.2,76.0,83.3,71.0,2026-06-14 23:40:00,2968881
79.1,76.2,83.1,71.0,2026-06-14 23:50:00,2968881
78.9,76.6,82.8,71.0,2026-06-15 00:00:00,2968881
78.8,76.9,82.9,71.0,2026-06-15 00:10:00,2968881
78.8,77.1,82.9,71.0,2026-06-15 00:20:00,2968881
78.8,77.2,82.9,71.1,2026-06-15 00:30:00,2968881
78.7,77.4,82.6,71.0,2026-06-15 00:40:00,2968881
78.7,77.6,82.6,71.0,2026-06-15 00:50:00,2968881
78.8,77.7,82.9,71.2,2026-06-15 01:00:00,2968881
78.7,77.8,82.6,71.2,2026-06-15 01:10:00,2968881
78.7,78.0,82.8,71.2,2026-06-15 01:20:00,2968881
78.7,78.2,82.8,71.3,2026-06-15 01:30:00,2968881
78.8,78.2,82.8,71.4,2026-06-15 01:40:00,2968881
78.8,78.1,83.1,71.4,2026-06-15 01:50:00,2968881
78.8,78.3,83.1,71.4,2026-06-15 02:00:00,2968881
78.7,78.4,82.8,71.4,2026-06-15 02:10:00,2968881
78.7,78.4,82.8,71.4,2026-06-15 02:20:00,2968881
78.7,78.4,82.8,71.3,2026-06-15 02:30:00,2968881
78.6,78.7,82.6,71.4,2026-06-15 02:40:00,2968881
78.5,78.8,82.6,71.4,2026-06-15 02:50:00,2968881
78.4,79.3,82.4,71.4,2026-06-15 03:00:00,2968881
78.2,79.5,82.0,71.4,2026-06-15 03:10:00,2968881
78.0,79.9,81.7,71.3,2026-06-15 03:20:00,2968881
77.9,80.2,81.3,71.3,2026-06-15 03:30:00,2968881
77.6,80.6,81.1,71.2,2026-06-15 03:40:00,2968881
77.4,81.1,80.8,71.1,2026-06-15 03:50:00,2968881
77.2,81.4,80.1,71.0,2026-06-15 04:00:00,2968881
77.0,82.0,79.9,71.0,2026-06-15 04:10:00,2968881
76.6,82.5,79.2,70.9,2026-06-15 04:20:00,2968881
76.3,83.1,78.8,70.8,2026-06-15 04:30:00,2968881
75.9,83.9,78.6,70.7,2026-06-15 04:40:00,2968881
75.7,84.4,78.1,70.6,2026-06-15 04:50:00,2968881
75.4,84.9,78.1,70.5,2026-06-15 05:00:00,2968881
75.2,85.3,77.5,70.4,2026-06-15 05:10:00,2968881
75.0,85.3,77.4,70.3,2026-06-15 05:20:00,2968881
74.9,84.9,77.4,70.0,2026-06-15 05:30:00,2968881
74.7,84.8,77.2,69.9,2026-06-15 05:40:00,2968881
74.5,83.4,76.8,69.1,2026-06-15 05:50:00,2968881
75.0,79.6,76.8,68.2,2026-06-15 06:00:00,2968881
75.1,77.9,76.8,67.7,2026-06-15 06:10:00,2968881
74.8,79.4,76.6,67.9,2026-06-15 06:20:00,2968881
74.7,79.5,76.6,67.9,2026-06-15 06:30:00,2968881
74.8,79.1,76.5,67.9,2026-06-15 06:40:00,2968881
75.5,72.9,76.6,66.2,2026-06-15 06:50:00,2968881
76.3,68.6,77.0,65.2,2026-06-15 07:00:00,2968881
76.5,66.6,77.2,64.5,2026-06-15 07:10:00,2968881
76.5,65.8,77.0,64.2,2026-06-15 07:20:00,2968881
76.6,64.6,77.0,63.7,2026-06-15 07:30:00,2968881
76.4,64.3,76.6,63.5,2026-06-15 07:40:00,2968881
76.3,64.5,76.6,63.5,2026-06-15 07:50:00,2968881
76.6,64.6,77.0,63.8,2026-06-15 08:00:00,2968881
76.6,65.0,77.2,64.0,2026-06-15 08:10:00,2968881
76.7,64.6,77.2,63.9,2026-06-15 08:20:00,2968881
77.6,63.8,78.4,64.4,2026-06-15 08:30:00,2968881
77.2,62.4,77.7,63.4,2026-06-15 08:40:00,2968881
77.0,61.4,77.2,62.7,2026-06-15 08:50:00,2968881
76.7,62.0,76.8,62.7,2026-06-15 09:00:00,2968881
76.8,61.4,76.6,62.5,2026-06-15 09:10:00,2968881
76.9,59.7,76.8,61.8,2026-06-15 09:20:00,2968881
76.6,58.3,76.3,60.9,2026-06-15 09:30:00,2968881
77.2,56.7,77.0,60.7,2026-06-15 09:40:00,2968881
77.4,54.0,76.8,59.5,2026-06-15 09:50:00,2968881
78.2,53.8,77.9,60.0,2026-06-15 10:00:00,2968881
78.6,52.3,78.1,59.6,2026-06-15 10:10:00,2968881
79.2,52.2,79.2,60.2,2026-06-15 10:20:00,2968881
78.6,51.4,77.9,59.2,2026-06-15 10:30:00,2968881
78.8,51.8,78.6,59.6,2026-06-15 10:40:00,2968881
79.5,51.6,79.2,60.1,2026-06-15 10:50:00,2968881
79.5,50.5,79.3,59.6,2026-06-15 11:00:00,2968881
80.2,48.8,79.7,59.1,2026-06-15 11:10:00,2968881
80.4,46.3,79.5,57.9,2026-06-15 11:20:00,2968881
81.1,42.5,79.7,56.2,2026-06-15 11:30:00,2968881
82.2,41.6,81.1,56.6,2026-06-15 11:40:00,2968881
83.9,40.3,83.1,57.2,2026-06-15 11:50:00,2968881
82.5,40.9,81.1,56.4,2026-06-15 12:00:00,2968881
83.4,40.7,82.4,57.0,2026-06-15 12:10:00,2968881
82.8,41.1,81.9,56.8,2026-06-15 12:20:00,2968881
83.7,39.0,82.6,56.1,2026-06-15 12:30:00,2968881
84.4,37.8,83.3,55.9,2026-06-15 12:40:00,2968881
86.0,36.0,84.9,55.9,2026-06-15 12:50:00,2968881
84.9,35.6,83.7,54.7,2026-06-15 13:00:00,2968881
86.0,34.9,84.6,55.0,2026-06-15 13:10:00,2968881
87.2,33.1,85.8,54.6,2026-06-15 13:20:00,2968881
87.8,32.6,86.5,54.8,2026-06-15 13:30:00,2968881
88.3,31.7,86.7,54.4,2026-06-15 13:40:00,2968881
87.9,32.6,86.5,54.9,2026-06-15 13:50:00,2968881
88.9,32.5,88.2,55.7,2026-06-15 14:00:00,2968881
90.5,31.5,90.1,56.2,2026-06-15 14:10:00,2968881
90.6,31.3,90.1,56.1,2026-06-15 14:20:00,2968881
91.2,30.9,90.7,56.3,2026-06-15 14:30:00,2968881
90.1,29.6,88.7,54.1,2026-06-15 14:40:00,2968881
90.9,29.2,90.0,54.4,2026-06-15 14:50:00,2968881
88.3,30.0,86.4,53.0,2026-06-15 15:00:00,2968881
90.3,29.5,88.9,54.1,2026-06-15 15:10:00,2968881
90.2,28.8,88.7,53.4,2026-06-15 15:20:00,2968881
90.4,29.5,89.2,54.3,2026-06-15 15:30:00,2968881
90.4,31.0,89.8,55.7,2026-06-15 15:40:00,2968881
88.9,31.5,87.8,54.8,2026-06-15 15:50:00,2968881
90.9,32.1,91.0,57.0,2026-06-15 16:00:00,2968881
91.1,30.6,90.7,55.9,2026-06-15 16:10:00,2968881
92.1,29.2,91.4,55.4,2026-06-15 16:20:00,2968881
91.1,29.3,90.1,54.7,2026-06-15 16:30:00,2968881
90.6,29.4,89.4,54.4,2026-06-15 16:40:00,2968881
90.3,29.7,89.2,54.4,2026-06-15 16:50:00,2968881
91.0,29.4,90.0,54.7,2026-06-15 17:00:00,2968881
89.7,30.2,88.3,54.3,2026-06-15 17:10:00,2968881
91.4,29.4,90.5,55.0,2026-06-15 17:20:00,2968881
90.7,29.4,89.8,54.5,2026-06-15 17:30:00,2968881
90.2,29.9,89.1,54.5,2026-06-15 17:40:00,2968881
90.6,30.3,89.8,55.2,2026-06-15 17:50:00,2968881
90.6,30.0,89.6,54.9,2026-06-15 18:00:00,2968881
90.1,29.9,88.7,54.4,2026-06-15 18:10:00,2968881
89.3,31.1,88.2,54.8,2026-06-15 18:20:00,2968881
87.8,32.0,86.4,54.2,2026-06-15 18:30:00,2968881
87.2,33.0,85.8,54.7,2026-06-15 18:40:00,2968881
86.6,33.4,85.1,54.4,2026-06-15 18:50:00,2968881
86.1,34.0,84.6,54.4,2026-06-15 19:00:00,2968881
85.8,34.1,84.2,54.3,2026-06-15 19:10:00,2968881
85.7,34.2,84.2,54.3,2026-06-15 19:20:00,2968881
85.2,34.5,83.7,54.1,2026-06-15 19:30:00,2968881
84.8,34.7,83.1,53.9,2026-06-15 19:40:00,2968881
84.4,34.5,82.4,53.4,2026-06-15 19:50:00,2968881
83.8,34.8,81.7,53.1,2026-06-15 20:00:00,2968881
83.3,35.0,81.1,52.8,2026-06-15 20:10:00,2968881
82.8,35.9,80.8,53.0,2026-06-15 20:20:00,2968881
82.0,36.5,79.9,52.8,2026-06-15 20:30:00,2968881
81.3,37.1,79.2,52.7,2026-06-15 20:40:00,2968881
80.5,38.8,78.4,53.2,2026-06-15 20:50:00,2968881
80.0,39.5,77.9,53.2,2026-06-15 21:00:00,2968881
79.2,40.6,77.4,53.2,2026-06-15 21:10:00,2968881
78.5,42.5,76.8,53.8,2026-06-15 21:20:00,2968881
77.6,44.0,75.9,54.0,2026-06-15 21:30:00,2968881
76.9,44.7,75.0,53.7,2026-06-15 21:40:00,2968881
76.2,45.6,74.5,53.7,2026-06-15 21:50:00,2968881
75.6,47.4,74.1,54.2,2026-06-15 22:00:00,2968881
74.9,48.4,73.6,54.1,2026-06-15 22:10:00,2968881
74.4,49.3,73.2,54.2,2026-06-15 22:20:00,2968881
74.0,50.1,73.0,54.3,2026-06-15 22:30:00,2968881
73.7,51.1,72.7,54.5,2026-06-15 22:40:00,2968881
73.2,51.6,72.3,54.3,2026-06-15 22:50:00,2968881
72.8,52.8,72.0,54.5,2026-06-15 23:00:00,2968881
72.3,53.1,71.6,54.3,2026-06-15 23:10:00,2968881
71.9,54.1,71.2,54.4,2026-06-15 23:20:00,2968881
71.4,54.9,70.7,54.3,2026-06-15 23:30:00,2968881
71.3,55.0,70.9,54.3,2026-06-15 23:40:00,2968881
70.9,56.1,70.5,54.5,2026-06-15 23:50:00,2968881
70.6,56.7,70.2,54.5,2026-06-16 00:00:00,2968881
70.3,57.5,69.6,54.6,2026-06-16 00:10:00,2968881
70.3,57.1,69.6,54.4,2026-06-16 00:20:00,2968881
70.2,57.3,69.6,54.4,2026-06-16 00:30:00,2968881
70.1,58.2,69.6,54.8,2026-06-16 00:40:00,2968881
70.2,57.0,69.6,54.3,2026-06-16 00:50:00,2968881
70.1,58.3,69.6,54.8,2026-06-16 01:00:00,2968881
70.0,58.0,69.6,54.6,2026-06-16 01:10:00,2968881
70.0,57.7,69.6,54.4,2026-06-16 01:20:00,2968881
70.6,54.9,70.0,53.6,2026-06-16 01:30:00,2968881
71.7,52.9,71.1,53.6,2026-06-16 01:40:00,2968881
72.2,51.2,71.4,53.2,2026-06-16 01:50:00,2968881
72.0,51.0,71.2,53.0,2026-06-16 02:00:00,2968881
72.0,50.2,71.2,52.4,2026-06-16 02:10:00,2968881
71.8,50.3,71.1,52.4,2026-06-16 02:20:00,2968881
71.7,49.5,70.7,51.8,2026-06-16 02:30:00,2968881
71.5,49.4,70.5,51.6,2026-06-16 02:40:00,2968881
71.3,49.6,70.3,51.5,2026-06-16 02:50:00,2968881
71.2,50.3,70.3,51.8,2026-06-16 03:00:00,2968881
71.2,49.7,70.2,51.4,2026-06-16 03:10:00,2968881
71.0,50.5,70.2,51.7,2026-06-16 03:20:00,2968881
70.9,49.9,70.0,51.2,2026-06-16 03:30:00,2968881
70.8,50.0,70.2,51.3,2026-06-16 03:40:00,2968881
70.7,50.0,69.6,51.1,2026-06-16 03:50:00,2968881
70.6,49.9,69.6,51.0,2026-06-16 04:00:00,2968881
70.3,50.3,69.3,51.0,2026-06-16 04:10:00,2968881
70.1,50.9,69.1,51.1,2026-06-16 04:20:00,2968881
69.7,51.6,68.5,51.1,2026-06-16 04:30:00,2968881
69.3,52.3,68.0,51.1,2026-06-16 04:40:00,2968881
69.1,52.8,68.0,51.2,2026-06-16 04:50:00,2968881
69.1,52.6,67.6,51.0,2026-06-16 05:00:00,2968881
69.2,52.6,68.0,51.1,2026-06-16 05:10:00,2968881
69.1,52.8,68.0,51.2,2026-06-16 05:20:00,2968881
69.3,52.7,68.2,51.3,2026-06-16 05:30:00,2968881
69.1,52.9,68.0,51.2,2026-06-16 05:40:00,2968881
69.1,53.8,67.6,51.6,2026-06-16 05:50:00,2968881
68.9,54.0,67.6,51.5,2026-06-16 06:00:00,2968881
68.9,54.5,67.5,51.8,2026-06-16 06:10:00,2968881
68.8,55.1,67.6,52.0,2026-06-16 06:20:00,2968881
68.9,55.6,67.6,52.3,2026-06-16 06:30:00,2968881
69.0,55.9,67.8,52.6,2026-06-16 06:40:00,2968881
69.0,56.4,67.8,52.8,2026-06-16 06:50:00,2968881
69.1,56.6,67.8,53.0,2026-06-16 07:00:00,2968881
69.1,56.7,68.2,53.2,2026-06-16 07:10:00,2968881
69.0,57.2,67.8,53.3,2026-06-16 07:20:00,2968881
69.1,57.8,68.4,53.6,2026-06-16 07:30:00,2968881
69.4,57.7,68.5,53.8,2026-06-16 07:40:00,2968881
69.5,58.1,68.7,54.1,2026-06-16 07:50:00,2968881
69.9,57.7,69.3,54.3,2026-06-16 08:00:00,2968881
70.2,57.9,69.8,54.7,2026-06-16 08:10:00,2968881
70.7,57.3,70.5,54.9,2026-06-16 08:20:00,2968881
71.3,56.8,70.9,55.1,2026-06-16 08:30:00,2968881
71.0,56.5,70.5,54.8,2026-06-16 08:40:00,2968881
71.5,56.7,71.1,55.3,2026-06-16 08:50:00,2968881
71.8,56.8,71.4,55.6,2026-06-16 09:00:00,2968881
72.2,56.2,71.8,55.8,2026-06-16 09:10:00,2968881
72.8,56.1,72.3,56.2,2026-06-16 09:20:00,2968881
73.3,55.4,72.9,56.4,2026-06-16 09:30:00,2968881
73.8,54.0,73.0,56.1,2026-06-16 09:40:00,2968881
73.7,52.5,72.9,55.3,2026-06-16 09:50:00,2968881
74.7,52.0,73.8,55.9,2026-06-16 10:00:00,2968881
75.5,50.9,74.3,56.0,2026-06-16 10:10:00,2968881
75.2,50.2,73.9,55.4,2026-06-16 10:20:00,2968881
75.6,50.4,74.5,55.9,2026-06-16 10:30:00,2968881
76.1,49.3,74.7,55.7,2026-06-16 10:40:00,2968881
77.1,48.7,75.7,56.3,2026-06-16 10:50:00,2968881
78.4,48.0,77.2,57.1,2026-06-16 11:00:00,2968881
78.4,46.8,77.2,56.4,2026-06-16 11:10:00,2968881
78.4,47.7,77.2,56.9,2026-06-16 11:20:00,2968881
78.2,47.9,77.0,56.9,2026-06-16 11:30:00,2968881
78.2,48.2,77.0,57.1,2026-06-16 11:40:00,2968881
79.2,46.0,78.1,56.7,2026-06-16 11:50:00,2968881
79.5,46.1,78.6,57.0,2026-06-16 12:00:00,2968881
79.8,44.5,78.4,56.3,2026-06-16 12:10:00,2968881
80.4,45.0,79.5,57.2,2026-06-16 12:20:00,2968881
80.9,43.1,79.7,56.4,2026-06-16 12:30:00,2968881
81.0,43.1,79.9,56.5,2026-06-16 12:40:00,2968881
81.0,43.1,79.9,56.4,2026-06-16 12:50:00,2968881
81.2,43.3,80.1,56.8,2026-06-16 13:00:00,2968881
81.2,42.6,79.9,56.4,2026-06-16 13:10:00,2968881
81.8,43.5,80.8,57.4,2026-06-16 13:20:00,2968881
84.4,41.0,83.8,58.1,2026-06-16 13:30:00,2968881
86.4,38.0,86.2,57.8,2026-06-16 13:40:00,2968881
85.1,38.6,84.6,57.1,2026-06-16 13:50:00,2968881
85.9,38.3,85.6,57.6,2026-06-16 14:00:00,2968881
87.3,38.9,87.8,59.2,2026-06-16 14:10:00,2968881
89.2,36.1,89.6,58.8,2026-06-16 14:20:00,2968881
87.9,35.6,87.4,57.3,2026-06-16 14:30:00,2968881
89.2,35.6,89.4,58.5,2026-06-16 14:40:00,2968881
87.5,37.1,87.4,58.2,2026-06-16 14:50:00,2968881
89.0,36.7,89.6,59.1,2026-06-16 15:00:00,2968881
87.6,36.1,87.4,57.4,2026-06-16 15:10:00,2968881
90.0,36.3,91.2,59.6,2026-06-16 15:20:00,2968881
87.3,35.3,86.7,56.6,2026-06-16 15:30:00,2968881
87.7,34.7,86.9,56.4,2026-06-16 15:40:00,2968881
86.8,36.7,86.4,57.1,2026-06-16 15:50:00,2968881
85.6,38.9,85.1,57.8,2026-06-16 16:00:00,2968881
86.7,39.6,87.1,59.2,2026-06-16 16:10:00,2968881
86.3,40.2,86.5,59.3,2026-06-16 16:20:00,2968881
85.9,41.7,86.5,60.0,2026-06-16 16:30:00,2968881
84.7,41.0,84.6,58.4,2026-06-16 16:40:00,2968881
82.7,42.9,81.9,57.9,2026-06-16 16:50:00,2968881
83.3,44.5,83.3,59.4,2026-06-16 17:00:00,2968881
83.0,45.3,82.9,59.7,2026-06-16 17:10:00,2968881
82.8,46.7,82.9,60.3,2026-06-16 17:20:00,2968881
82.3,47.4,82.2,60.3,2026-06-16 17:30:00,2968881
82.2,47.9,82.0,60.5,2026-06-16 17:40:00,2968881
82.0,48.5,82.2,60.7,2026-06-16 17:50:00,2968881
81.4,49.5,81.5,60.7,2026-06-16 18:00:00,2968881
81.1,49.9,81.0,60.7,2026-06-16 18:10:00,2968881
81.4,50.1,81.7,61.0,2026-06-16 18:20:00,2968881
81.4,49.4,81.5,60.6,2026-06-16 18:30:00,2968881
81.1,48.3,80.8,59.7,2026-06-16 18:40:00,2968881
80.8,48.4,80.6,59.6,2026-06-16 18:50:00,2968881
80.7,49.0,80.4,59.8,2026-06-16 19:00:00,2968881
80.4,49.5,80.1,59.8,2026-06-16 19:10:00,2968881
80.4,49.9,80.1,60.0,2026-06-16 19:20:00,2968881
80.2,49.7,79.9,59.7,2026-06-16 19:30:00,2968881
80.0,50.1,79.7,59.8,2026-06-16 19:40:00,2968881
79.8,50.5,79.5,59.8,2026-06-16 19:50:00,2968881
79.5,50.8,79.3,59.7,2026-06-16 20:00:00,2968881
79.2,51.2,79.0,59.7,2026-06-16 20:10:00,2968881
78.9,51.6,78.4,59.6,2026-06-16 20:20:00,2968881
78.6,51.9,78.1,59.4,2026-06-16 20:30:00,2968881
78.3,51.9,77.9,59.2,2026-06-16 20:40:00,2968881
78.0,52.8,77.5,59.3,2026-06-16 20:50:00,2968881
77.6,53.4,77.2,59.3,2026-06-16 21:00:00,2968881
77.2,54.2,76.6,59.4,2026-06-16 21:10:00,2968881
76.8,54.6,75.9,59.2,2026-06-16 21:20:00,2968881
76.6,55.3,75.9,59.3,2026-06-16 21:30:00,2968881
76.3,56.0,75.7,59.5,2026-06-16 21:40:00,2968881
76.1,56.5,75.6,59.6,2026-06-16 21:50:00,2968881
76.0,57.1,75.6,59.7,2026-06-16 22:00:00,2968881
75.7,57.4,75.2,59.6,2026-06-16 22:10:00,2968881
75.5,58.0,75.0,59.7,2026-06-16 22:20:00,2968881
75.3,58.6,75.0,59.8,2026-06-16 22:30:00,2968881
75.0,59.4,74.7,59.9,2026-06-16 22:40:00,2968881
74.7,60.0,74.5,59.9,2026-06-16 22:50:00,2968881
74.5,60.6,74.5,60.0,2026-06-16 23:00:00,2968881
74.4,61.3,74.3,60.2,2026-06-16 23:10:00,2968881
74.2,61.7,74.3,60.2,2026-06-16 23:20:00,2968881
74.1,62.2,74.1,60.3,2026-06-16 23:30:00,2968881
74.0,62.4,74.1,60.4,2026-06-16 23:40:00,2968881
74.0,62.8,74.1,60.5,2026-06-16 23:50:00,2968881
73.8,63.3,74.1,60.5,2026-06-17 00:00:00,2968881
73.7,64.0,73.9,60.7,2026-06-17 00:10:00,2968881
73.4,64.7,73.8,60.8,2026-06-17 00:20:00,2968881
73.2,65.5,73.6,61.0,2026-06-17 00:30:00,2968881
73.1,66.3,73.6,61.2,2026-06-17 00:40:00,2968881
72.9,67.0,73.4,61.3,2026-06-17 00:50:00,2968881
72.7,67.7,73.2,61.4,2026-06-17 01:00:00,2968881
72.5,68.3,73.0,61.5,2026-06-17 01:10:00,2968881
72.2,69.1,72.9,61.5,2026-06-17 01:20:00,2968881
72.1,69.8,72.7,61.7,2026-06-17 01:30:00,2968881
71.9,70.5,72.5,61.8,2026-06-17 01:40:00,2968881
71.7,71.4,72.3,61.9,2026-06-17 01:50:00,2968881
71.5,72.0,72.3,62.0,2026-06-17 02:00:00,2968881
71.4,72.8,72.1,62.2,2026-06-17 02:10:00,2968881
71.3,74.0,72.1,62.5,2026-06-17 02:20:00,2968881
71.3,74.8,72.1,62.9,2026-06-17 02:30:00,2968881
71.3,75.1,72.3,63.0,2026-06-17 02:40:00,2968881
71.2,75.5,72.1,63.1,2026-06-17 02:50:00,2968881
71.2,75.7,72.1,63.1,2026-06-17 03:00:00,2968881
71.0,76.2,72.0,63.2,2026-06-17 03:10:00,2968881
70.9,76.6,72.0,63.2,2026-06-17 03:20:00,2968881
70.8,77.3,71.8,63.3,2026-06-17 03:30:00,2968881
70.7,77.8,71.8,63.4,2026-06-17 03:40:00,2968881
70.6,78.4,71.4,63.6,2026-06-17 03:50:00,2968881
70.5,78.8,71.4,63.6,2026-06-17 04:00:00,2968881
70.4,79.3,71.4,63.7,2026-06-17 04:10:00,2968881
70.3,79.7,71.2,63.7,2026-06-17 04:20:00,2968881
70.1,80.2,70.9,63.7,2026-06-17 04:30:00,2968881
70.1,80.5,70.9,63.7,2026-06-17 04:40:00,2968881
69.9,80.8,70.7,63.8,2026-06-17 04:50:00,2968881
69.9,81.1,70.7,63.9,2026-06-17 05:00:00,2968881
69.8,81.2,70.5,63.8,2026-06-17 05:10:00,2968881
69.7,81.5,70.5,63.8,2026-06-17 05:20:00,2968881
69.5,81.9,70.3,63.7,2026-06-17 05:30:00,2968881
69.4,82.2,70.2,63.7,2026-06-17 05:40:00,2968881
69.1,82.6,70.0,63.6,2026-06-17 05:50:00,2968881
69.1,82.8,70.0,63.6,2026-06-17 06:00:00,2968881
69.1,83.1,69.8,63.7,2026-06-17 06:10:00,2968881
69.0,83.2,69.8,63.7,2026-06-17 06:20:00,2968881
69.0,83.5,69.8,63.8,2026-06-17 06:30:00,2968881
68.9,83.7,69.8,63.8,2026-06-17 06:40:00,2968881
69.2,83.7,70.0,64.1,2026-06-17 06:50:00,2968881
69.4,83.6,70.3,64.3,2026-06-17 07:00:00,2968881
69.7,83.4,70.7,64.5,2026-06-17 07:10:00,2968881
70.1,83.0,71.2,64.7,2026-06-17 07:20:00,2968881
70.4,82.3,71.4,64.8,2026-06-17 07:30:00,2968881
70.7,81.8,72.0,64.9,2026-06-17 07:40:00,2968881
71.2,81.3,72.3,65.1,2026-06-17 07:50:00,2968881
71.6,80.6,72.7,65.3,2026-06-17 08:00:00,2968881
72.1,79.6,73.6,65.5,2026-06-17 08:10:00,2968881
72.8,79.0,74.1,65.9,2026-06-17 08:20:00,2968881
73.5,77.9,74.8,66.1,2026-06-17 08:30:00,2968881
75.4,74.6,76.8,66.8,2026-06-17 08:40:00,2968881
75.3,73.0,76.5,66.1,2026-06-17 08:50:00,2968881
75.5,71.4,76.5,65.6,2026-06-17 09:00:00,2968881
75.8,71.4,76.8,65.9,2026-06-17 09:10:00,2968881
76.2,69.6,77.0,65.5,2026-06-17 09:20:00,2968881
76.5,69.0,77.5,65.5,2026-06-17 09:30:00,2968881
77.2,66.7,77.9,65.2,2026-06-17 09:40:00,2968881
77.9,64.5,79.2,65.0,2026-06-17 09:50:00,2968881
78.4,62.4,79.3,64.5,2026-06-17 10:00:00,2968881
79.2,60.8,80.4,64.5,2026-06-17 10:10:00,2968881
80.2,55.1,81.0,62.6,2026-06-17 10:20:00,2968881
80.3,55.4,81.1,62.9,2026-06-17 10:30:00,2968881
80.8,54.4,81.7,62.9,2026-06-17 10:40:00,2968881
81.3,52.0,81.7,62.0,2026-06-17 10:50:00,2968881
81.8,51.4,82.2,62.1,2026-06-17 11:00:00,2968881
82.1,47.1,81.9,60.0,2026-06-17 11:10:00,2968881
83.5,46.6,84.0,60.9,2026-06-17 11:20:00,2968881
83.9,43.0,83.7,59.0,2026-06-17 11:30:00,2968881
85.4,42.4,85.8,60.0,2026-06-17 11:40:00,2968881
86.5,40.6,86.9,59.7,2026-06-17 11:50:00,2968881
86.0,40.5,86.4,59.2,2026-06-17 12:00:00,2968881
86.9,38.6,86.9,58.7,2026-06-17 12:10:00,2968881
87.5,38.2,87.8,58.9,2026-06-17 12:20:00,2968881
86.2,39.0,86.2,58.3,2026-06-17 12:30:00,2968881
87.0,36.2,86.4,56.9,2026-06-17 12:40:00,2968881
87.7,37.7,88.0,58.7,2026-06-17 12:50:00,2968881
87.7,36.5,87.6,57.8,2026-06-17 13:00:00,2968881
88.5,36.5,88.7,58.5,2026-06-17 13:10:00,2968881
89.6,34.9,89.8,58.2,2026-06-17 13:20:00,2968881
89.8,33.5,89.6,57.3,2026-06-17 13:30:00,2968881
90.1,34.6,90.9,58.5,2026-06-17 13:40:00,2968881
89.6,35.5,90.3,58.7,2026-06-17 13:50:00,2968881
90.1,34.1,90.5,58.0,2026-06-17 14:00:00,2968881
92.5,33.8,94.3,59.9,2026-06-17 14:10:00,2968881
92.8,33.8,94.5,60.1,2026-06-17 14:20:00,2968881
93.6,33.3,95.5,60.4,2026-06-17 14:30:00,2968881
91.9,33.8,93.4,59.4,2026-06-17 14:40:00,2968881
91.0,32.9,91.4,57.8,2026-06-17 14:50:00,2968881
92.7,33.3,94.1,59.6,2026-06-17 15:00:00,2968881
90.6,33.9,91.0,58.4,2026-06-17 15:10:00,2968881
89.6,35.2,90.0,58.5,2026-06-17 15:20:00,2968881
89.9,35.7,90.7,59.1,2026-06-17 15:30:00,2968881
89.9,35.0,90.3,58.6,2026-06-17 15:40:00,2968881
91.0,34.8,92.1,59.3,2026-06-17 15:50:00,2968881
89.1,36.0,89.6,58.7,2026-06-17 16:00:00,2968881
91.3,35.2,92.8,59.9,2026-06-17 16:10:00,2968881
90.1,33.9,90.3,57.9,2026-06-17 16:20:00,2968881
91.8,33.2,92.8,58.8,2026-06-17 16:30:00,2968881
91.5,34.0,92.7,59.2,2026-06-17 16:40:00,2968881
92.9,33.6,94.8,60.1,2026-06-17 16:50:00,2968881
93.8,32.3,95.5,59.7,2026-06-17 17:00:00,2968881
92.6,32.9,93.7,59.1,2026-06-17 17:10:00,2968881
92.8,33.7,94.5,60.0,2026-06-17 17:20:00,2968881
92.4,33.2,93.6,59.3,2026-06-17 17:30:00,2968881
91.1,32.9,91.6,57.9,2026-06-17 17:40:00,2968881
90.6,33.9,91.0,58.4,2026-06-17 17:50:00,2968881
90.6,34.9,91.6,59.1,2026-06-17 18:00:00,2968881
89.4,36.4,90.0,59.3,2026-06-17 18:10:00,2968881
89.6,37.4,90.7,60.2,2026-06-17 18:20:00,2968881
89.7,37.2,91.0,60.2,2026-06-17 18:30:00,2968881
89.7,38.9,91.6,61.4,2026-06-17 18:40:00,2968881
88.8,40.0,90.5,61.4,2026-06-17 18:50:00,2968881
88.5,41.2,90.1,62.0,2026-06-17 19:00:00,2968881
88.5,42.3,90.5,62.7,2026-06-17 19:10:00,2968881
88.0,42.8,90.1,62.5,2026-06-17 19:20:00,2968881
87.8,43.5,90.0,62.8,2026-06-17 19:30:00,2968881
87.4,44.0,89.2,62.8,2026-06-17 19:40:00,2968881
86.9,44.9,88.9,63.0,2026-06-17 19:50:00,2968881
86.5,45.9,88.3,63.2,2026-06-17 20:00:00,2968881
86.1,46.4,88.0,63.1,2026-06-17 20:10:00,2968881
85.6,47.1,87.4,63.1,2026-06-17 20:20:00,2968881
85.2,48.6,87.3,63.7,2026-06-17 20:30:00,2968881
84.9,49.3,86.9,63.8,2026-06-17 20:40:00,2968881
84.1,50.9,86.2,64.0,2026-06-17 20:50:00,2968881
83.5,52.3,85.5,64.1,2026-06-17 21:00:00,2968881
82.7,54.1,84.2,64.4,2026-06-17 21:10:00,2968881
82.4,55.8,84.2,65.0,2026-06-17 21:20:00,2968881
82.2,56.9,84.0,65.4,2026-06-17 21:30:00,2968881
82.0,58.0,84.0,65.8,2026-06-17 21:40:00,2968881
82.0,59.6,84.4,66.5,2026-06-17 21:50:00,2968881
81.8,60.6,84.2,66.9,2026-06-17 22:00:00,2968881
81.7,61.9,84.6,67.4,2026-06-17 22:10:00,2968881
81.6,62.8,84.4,67.7,2026-06-17 22:20:00,2968881
81.4,63.6,84.6,67.8,2026-06-17 22:30:00,2968881
81.0,65.0,84.2,68.1,2026-06-17 22:40:00,2968881
80.7,66.0,83.8,68.3,2026-06-17 22:50:00,2968881
80.6,66.9,83.7,68.5,2026-06-17 23:00:00,2968881
80.4,67.5,83.7,68.7,2026-06-17 23:10:00,2968881
80.2,67.6,83.3,68.5,2026-06-17 23:20:00,2968881
80.2,67.6,83.3,68.5,2026-06-17 23:30:00,2968881
80.0,67.6,83.1,68.3,2026-06-17 23:40:00,2968881
79.8,67.8,82.8,68.1,2026-06-17 23:50:00,2968881
79.7,67.4,82.2,67.9,2026-06-18 00:00:00,2968881
79.7,66.5,82.2,67.5,2026-06-18 00:10:00,2968881
79.6,65.7,82.0,67.1,2026-06-18 00:20:00,2968881
79.7,65.1,82.2,66.9,2026-06-18 00:30:00,2968881
79.7,64.6,82.0,66.7,2026-06-18 00:40:00,2968881
79.7,64.5,81.9,66.7,2026-06-18 00:50:00,2968881
79.5,64.7,81.9,66.6,2026-06-18 01:00:00,2968881
79.3,64.9,81.3,66.5,2026-06-18 01:10:00,2968881
79.0,65.4,81.0,66.4,2026-06-18 01:20:00,2968881
78.7,66.0,80.6,66.3,2026-06-18 01:30:00,2968881
78.6,66.5,80.4,66.5,2026-06-18 01:40:00,2968881
78.5,66.9,80.4,66.6,2026-06-18 01:50:00,2968881
78.4,67.4,80.1,66.7,2026-06-18 02:00:00,2968881
78.2,67.9,80.1,66.7,2026-06-18 02:10:00,2968881
78.0,68.3,79.7,66.7,2026-06-18 02:20:00,2968881
78.0,68.9,79.7,66.9,2026-06-18 02:30:00,2968881
77.7,69.5,79.3,66.9,2026-06-18 02:40:00,2968881
77.6,70.3,79.3,67.1,2026-06-18 02:50:00,2968881
77.5,71.2,79.2,67.4,2026-06-18 03:00:00,2968881
77.5,72.3,79.3,67.8,2026-06-18 03:10:00,2968881
77.3,73.0,79.2,68.0,2026-06-18 03:20:00,2968881
77.2,74.5,79.0,68.4,2026-06-18 03:30:00,2968881
77.2,76.0,79.2,69.0,2026-06-18 03:40:00,2968881
77.0,76.9,79.3,69.2,2026-06-18 03:50:00,2968881
76.8,77.9,79.2,69.4,2026-06-18 04:00:00,2968881
76.7,78.9,79.0,69.6,2026-06-18 04:10:00,2968881
76.5,79.9,78.8,69.8,2026-06-18 04:20:00,2968881
76.3,80.8,78.6,70.0,2026-06-18 04:30:00,2968881
76.2,81.2,78.4,70.1,2026-06-18 04:40:00,2968881
76.0,81.8,78.3,70.0,2026-06-18 04:50:00,2968881
75.8,82.2,78.3,70.0,2026-06-18 05:00:00,2968881
75.7,82.8,77.9,70.1,2026-06-18 05:10:00,2968881
75.5,83.2,77.9,70.1,2026-06-18 05:20:00,2968881
75.4,83.7,77.9,70.1,2026-06-18 05:30:00,2968881
75.2,84.1,77.7,70.1,2026-06-18 05:40:00,2968881
75.1,84.7,77.5,70.2,2026-06-18 05:50:00,2968881
75.0,85.0,77.4,70.2,2026-06-18 06:00:00,2968881
75.0,85.3,77.4,70.3,2026-06-18 06:10:00,2968881
75.1,85.4,77.5,70.4,2026-06-18 06:20:00,2968881
75.1,85.5,77.5,70.5,2026-06-18 06:30:00,2968881
75.4,85.2,78.1,70.7,2026-06-18 06:40:00,2968881
75.6,84.8,78.3,70.7,2026-06-18 06:50:00,2968881
75.9,84.3,78.4,70.8,2026-06-18 07:00:00,2968881
76.2,83.7,78.8,70.9,2026-06-18 07:10:00,2968881
76.4,83.1,78.8,70.9,2026-06-18 07:20:00,2968881
76.5,82.8,79.2,70.9,2026-06-18 07:30:00,2968881
76.6,82.6,79.5,70.9,2026-06-18 07:40:00,2968881
77.1,81.9,80.1,71.2,2026-06-18 07:50:00,2968881
77.7,80.8,81.1,71.3,2026-06-18 08:00:00,2968881
78.0,79.6,81.7,71.2,2026-06-18 08:10:00,2968881
78.6,78.7,82.6,71.4,2026-06-18 08:20:00,2968881
79.5,77.1,84.2,71.7,2026-06-18 08:30:00,2968881
80.5,75.6,85.6,72.1,2026-06-18 08:40:00,2968881
80.4,74.8,85.1,71.7,2026-06-18 08:50:00,2968881
80.8,74.1,86.0,71.8,2026-06-18 09:00:00,2968881
81.0,73.5,86.2,71.7,2026-06-18 09:10:00,2968881
81.1,73.6,86.2,71.8,2026-06-18 09:20:00,2968881
81.6,72.8,86.9,72.1,2026-06-18 09:30:00,2968881
82.4,72.2,88.5,72.6,2026-06-18 09:40:00,2968881
83.3,70.3,89.8,72.6,2026-06-18 09:50:00,2968881
84.3,68.8,91.9,73.0,2026-06-18 10:00:00,2968881
84.1,66.8,90.7,71.9,2026-06-18 10:10:00,2968881
84.7,66.9,92.1,72.4,2026-06-18 10:20:00,2968881
85.3,65.3,92.7,72.3,2026-06-18 10:30:00,2968881
85.9,64.4,93.9,72.5,2026-06-18 10:40:00,2968881
85.8,63.3,93.6,71.9,2026-06-18 10:50:00,2968881
86.5,63.0,94.6,72.3,2026-06-18 11:00:00,2968881
86.6,62.6,94.8,72.3,2026-06-18 11:10:00,2968881
86.9,62.2,95.4,72.4,2026-06-18 11:20:00,2968881
87.7,61.4,96.4,72.7,2026-06-18 11:30:00,2968881
89.0,58.9,98.4,72.7,2026-06-18 11:40:00,2968881
90.0,57.0,100.2,72.7,2026-06-18 11:50:00,2968881
90.4,55.6,100.4,72.3,2026-06-18 12:00:00,2968881
90.2,54.8,99.7,71.7,2026-06-18 12:10:00,2968881
90.0,54.3,99.0,71.3,2026-06-18 12:20:00,2968881
90.6,53.9,100.0,71.6,2026-06-18 12:30:00,2968881
91.2,53.9,101.7,72.2,2026-06-18 12:40:00,2968881
92.8,50.5,103.1,71.7,2026-06-18 12:50:00,2968881
92.9,49.3,102.7,71.1,2026-06-18 13:00:00,2968881
94.2,49.1,105.3,72.2,2026-06-18 13:10:00,2968881
95.5,47.3,107.2,72.2,2026-06-18 13:20:00,2968881
94.3,48.7,105.1,72.0,2026-06-18 13:30:00,2968881
94.6,48.1,105.4,71.9,2026-06-18 13:40:00,2968881
94.8,48.0,106.3,72.1,2026-06-18 13:50:00,2968881
95.4,46.0,106.2,71.3,2026-06-18 14:00:00,2968881
94.1,46.1,103.3,70.2,2026-06-18 14:10:00,2968881
93.9,46.0,102.9,70.0,2026-06-18 14:20:00,2968881
95.8,45.6,106.9,71.4,2026-06-18 14:30:00,2968881
94.4,45.9,103.5,70.3,2026-06-18 14:40:00,2968881
94.4,46.7,104.2,70.9,2026-06-18 14:50:00,2968881
95.1,46.2,105.6,71.2,2026-06-18 15:00:00,2968881
93.4,47.4,102.2,70.4,2026-06-18 15:10:00,2968881
95.0,46.2,105.6,71.1,2026-06-18 15:20:00,2968881
96.3,45.1,107.6,71.5,2026-06-18 15:30:00,2968881
97.1,43.8,108.3,71.3,2026-06-18 15:40:00,2968881
95.8,44.8,106.2,70.9,2026-06-18 15:50:00,2968881
90.4,45.2,95.4,66.3,2026-06-18 16:00:00,2968881
86.6,52.0,90.9,66.9,2026-06-18 16:10:00,2968881
84.6,57.5,88.9,67.9,2026-06-18 16:20:00,2968881
84.4,58.2,88.7,68.1,2026-06-18 16:30:00,2968881
83.3,59.9,86.7,67.9,2026-06-18 16:40:00,2968881
84.4,60.2,89.4,69.1,2026-06-18 16:50:00,2968881
83.7,61.9,88.3,69.2,2026-06-18 17:00:00,2968881
85.9,60.3,92.3,70.5,2026-06-18 17:10:00,2968881
86.6,58.3,93.2,70.2,2026-06-18 17:20:00,2968881
87.7,57.0,94.8,70.6,2026-06-18 17:30:00,2968881
88.9,55.0,96.8,70.6,2026-06-18 17:40:00,2968881
89.5,54.2,97.7,70.8,2026-06-18 17:50:00,2968881
89.5,54.1,97.7,70.8,2026-06-18 18:00:00,2968881
89.1,54.8,97.2,70.7,2026-06-18 18:10:00,2968881
90.1,53.4,98.6,70.8,2026-06-18 18:20:00,2968881
88.7,54.2,95.5,70.0,2026-06-18 18:30:00,2968881
89.0,54.1,96.3,70.2,2026-06-18 18:40:00,2968881
88.8,54.6,96.1,70.3,2026-06-18 18:50:00,2968881
89.1,54.3,96.8,70.4,2026-06-18 19:00:00,2968881
88.7,54.1,95.9,70.0,2026-06-18 19:10:00,2968881
88.2,55.6,95.4,70.3,2026-06-18 19:20:00,2968881
87.3,59.8,95.0,71.6,2026-06-18 19:30:00,2968881
86.4,62.3,94.3,71.9,2026-06-18 19:40:00,2968881
85.6,64.1,93.0,72.0,2026-06-18 19:50:00,2968881
84.7,65.1,91.4,71.7,2026-06-18 20:00:00,2968881
84.4,66.0,91.4,71.8,2026-06-18 20:10:00,2968881
83.9,67.2,90.5,71.8,2026-06-18 20:20:00,2968881
83.4,68.9,90.0,72.1,2026-06-18 20:30:00,2968881
82.8,70.7,89.1,72.2,2026-06-18 20:40:00,2968881
82.6,71.5,88.7,72.5,2026-06-18 20:50:00,2968881
82.4,71.5,88.3,72.2,2026-06-18 21:00:00,2968881
82.6,71.4,88.7,72.4,2026-06-18 21:10:00,2968881
82.6,71.1,88.7,72.3,2026-06-18 21:20:00,2968881
82.9,69.7,88.9,72.0,2026-06-18 21:30:00,2968881
83.1,68.5,88.9,71.7,2026-06-18 21:40:00,2968881
83.4,64.8,88.7,70.3,2026-06-18 21:50:00,2968881
82.2,66.8,86.4,70.0,2026-06-18 22:00:00,2968881
80.9,70.0,85.1,70.3,2026-06-18 22:10:00,2968881
80.3,71.8,84.6,70.3,2026-06-18 22:20:00,2968881
79.3,73.5,82.8,70.1,2026-06-18 22:30:00,2968881
78.2,76.4,81.3,70.2,2026-06-18 22:40:00,2968881
77.5,78.0,80.2,70.1,2026-06-18 22:50:00,2968881
76.8,79.7,79.2,70.1,2026-06-18 23:00:00,2968881
76.5,80.6,79.0,70.1,2026-06-18 23:10:00,2968881
76.4,81.5,78.6,70.3,2026-06-18 23:20:00,2968881
76.3,82.1,78.8,70.4,2026-06-18 23:30:00,2968881
76.1,83.0,78.6,70.6,2026-06-18 23:40:00,2968881
75.7,84.2,78.1,70.6,2026-06-18 23:50:00,2968881
75.5,85.2,78.1,70.7,2026-06-19 00:00:00,2968881
75.5,85.4,78.1,70.8,2026-06-19 00:10:00,2968881
75.6,84.8,78.3,70.7,2026-06-19 00:20:00,2968881
75.6,84.3,78.1,70.5,2026-06-19 00:30:00,2968881
75.5,84.1,77.9,70.4,2026-06-19 00:40:00,2968881
75.3,83.8,77.7,70.1,2026-06-19 00:50:00,2968881
75.2,83.5,77.7,69.9,2026-06-19 01:00:00,2968881
75.1,83.6,77.5,69.7,2026-06-19 01:10:00,2968881
75.1,83.6,77.5,69.8,2026-06-19 01:20:00,2968881
75.2,83.4,77.5,69.8,2026-06-19 01:30:00,2968881
75.1,83.2,77.4,69.7,2026-06-19 01:40:00,2968881
75.1,83.3,77.5,69.6,2026-06-19 01:50:00,2968881
75.1,83.4,77.5,69.7,2026-06-19 02:00:00,2968881
75.1,83.5,77.5,69.8,2026-06-19 02:10:00,2968881
75.2,83.7,77.5,69.9,2026-06-19 02:20:00,2968881
75.2,84.1,77.5,70.1,2026-06-19 02:30:00,2968881
75.2,84.2,77.5,70.1,2026-06-19 02:40:00,2968881
75.1,84.4,77.5,70.1,2026-06-19 02:50:00,2968881
75.0,84.8,77.4,70.1,2026-06-19 03:00:00,2968881
74.8,85.5,77.2,70.1,2026-06-19 03:10:00,2968881
74.7,85.6,77.2,70.1,2026-06-19 03:20:00,2968881
74.5,85.8,76.8,69.9,2026-06-19 03:30:00,2968881
73.9,86.8,76.1,69.7,2026-06-19 03:40:00,2968881
73.2,88.3,75.4,69.5,2026-06-19 03:50:00,2968881
72.6,89.7,74.7,69.3,2026-06-19 04:00:00,2968881
72.1,90.8,74.1,69.2,2026-06-19 04:10:00,2968881
71.6,91.7,73.6,69.1,2026-06-19 04:20:00,2968881
71.4,92.4,73.2,69.1,2026-06-19 04:30:00,2968881
71.2,92.9,72.9,69.0,2026-06-19 04:40:00,2968881
71.1,93.3,72.9,69.1,2026-06-19 04:50:00,2968881
71.0,93.6,72.7,69.0,2026-06-19 05:00:00,2968881
70.9,93.9,72.9,69.0,2026-06-19 05:10:00,2968881
70.8,94.2,72.7,69.1,2026-06-19 05:20:00,2968881
70.6,94.4,72.3,68.9,2026-06-19 05:30:00,2968881
70.6,94.5,72.3,68.9,2026-06-19 05:40:00,2968881
70.5,94.6,72.3,68.9,2026-06-19 05:50:00,2968881
70.6,94.9,72.3,69.0,2026-06-19 06:00:00,2968881
70.6,95.2,72.3,69.2,2026-06-19 06:10:00,2968881
70.7,95.3,72.3,69.2,2026-06-19 06:20:00,2968881
70.7,95.3,72.3,69.3,2026-06-19 06:30:00,2968881
70.7,95.5,72.7,69.4,2026-06-19 06:40:00,2968881
70.8,95.6,72.7,69.5,2026-06-19 06:50:00,2968881
70.9,95.8,72.9,69.6,2026-06-19 07:00:00,2968881
70.9,95.8,72.9,69.6,2026-06-19 07:10:00,2968881
71.0,95.9,72.9,69.7,2026-06-19 07:20:00,2968881
71.2,96.1,73.0,70.0,2026-06-19 07:30:00,2968881
71.3,96.1,73.4,70.1,2026-06-19 07:40:00,2968881
71.0,96.1,72.9,69.8,2026-06-19 07:50:00,2968881
70.9,96.2,72.9,69.8,2026-06-19 08:00:00,2968881
71.0,96.3,72.9,69.9,2026-06-19 08:10:00,2968881
71.0,96.3,72.9,69.9,2026-06-19 08:20:00,2968881
71.2,96.4,73.0,70.1,2026-06-19 08:30:00,2968881
71.4,96.4,73.4,70.3,2026-06-19 08:40:00,2968881
71.8,96.5,74.1,70.8,2026-06-19 08:50:00,2968881
72.0,96.5,74.5,71.0,2026-06-19 09:00:00,2968881
71.9,96.4,74.1,70.8,2026-06-19 09:10:00,2968881
71.9,96.3,74.1,70.8,2026-06-19 09:20:00,2968881
72.1,96.5,74.7,71.1,2026-06-19 09:30:00,2968881
72.4,96.5,75.0,71.3,2026-06-19 09:40:00,2968881
72.5,96.4,75.0,71.4,2026-06-19 09:50:00,2968881
73.3,96.5,76.3,72.2,2026-06-19 10:00:00,2968881
73.3,96.1,76.3,72.2,2026-06-19 10:10:00,2968881
73.9,95.7,77.0,72.6,2026-06-19 10:20:00,2968881
74.5,95.3,78.1,73.1,2026-06-19 10:30:00,2968881
74.9,93.7,78.3,72.9,2026-06-19 10:40:00,2968881
75.4,92.6,79.0,73.1,2026-06-19 10:50:00,2968881
76.1,90.8,79.7,73.2,2026-06-19 11:00:00,2968881
75.9,90.8,79.3,73.0,2026-06-19 11:10:00,2968881
75.5,89.3,78.4,72.1,2026-06-19 11:20:00,2968881
76.4,89.5,79.7,73.1,2026-06-19 11:30:00,2968881
77.1,87.6,81.0,73.1,2026-06-19 11:40:00,2968881
77.6,87.0,82.0,73.4,2026-06-19 11:50:00,2968881
78.8,85.3,84.6,74.0,2026-06-19 12:00:00,2968881
79.4,84.2,85.5,74.2,2026-06-19 12:10:00,2968881
79.9,80.6,85.5,73.4,2026-06-19 12:20:00,2968881
80.4,78.5,86.4,73.1,2026-06-19 12:30:00,2968881
80.1,79.5,86.0,73.1,2026-06-19 12:40:00,2968881
81.3,78.4,87.8,73.9,2026-06-19 12:50:00,2968881
82.2,76.5,89.1,74.0,2026-06-19 13:00:00,2968881
82.7,74.2,89.6,73.6,2026-06-19 13:10:00,2968881
83.0,73.0,90.1,73.4,2026-06-19 13:20:00,2968881
84.5,71.4,93.2,74.2,2026-06-19 13:30:00,2968881
85.3,66.4,93.2,72.8,2026-06-19 13:40:00,2968881
84.0,66.3,90.3,71.5,2026-06-19 13:50:00,2968881
86.3,62.5,93.9,72.0,2026-06-19 14:00:00,2968881
87.0,60.0,94.3,71.5,2026-06-19 14:10:00,2968881
87.6,59.2,95.5,71.6,2026-06-19 14:20:00,2968881
87.5,58.5,95.0,71.2,2026-06-19 14:30:00,2968881
87.8,55.4,94.5,69.9,2026-06-19 14:40:00,2968881
88.6,56.6,96.6,71.2,2026-06-19 14:50:00,2968881
89.2,53.9,96.6,70.3,2026-06-19 15:00:00,2968881
89.1,52.4,96.1,69.4,2026-06-19 15:10:00,2968881
89.2,51.0,95.5,68.7,2026-06-19 15:20:00,2968881
89.5,51.2,96.3,69.0,2026-06-19 15:30:00,2968881
89.5,47.9,94.8,67.1,2026-06-19 15:40:00,2968881
89.4,47.0,94.1,66.5,2026-06-19 15:50:00,2968881
90.0,45.3,94.6,66.0,2026-06-19 16:00:00,2968881
90.4,45.9,95.7,66.8,2026-06-19 16:10:00,2968881
88.8,45.3,92.1,64.9,2026-06-19 16:20:00,2968881
89.8,44.5,93.9,65.3,2026-06-19 16:30:00,2968881
88.9,46.3,93.0,65.7,2026-06-19 16:40:00,2968881
89.2,44.9,92.7,65.0,2026-06-19 16:50:00,2968881
87.4,45.3,89.6,63.6,2026-06-19 17:00:00,2968881
87.4,46.7,90.1,64.5,2026-06-19 17:10:00,2968881
88.7,46.6,92.5,65.6,2026-06-19 17:20:00,2968881
87.6,46.4,90.5,64.5,2026-06-19 17:30:00,2968881
87.3,46.1,90.0,64.1,2026-06-19 17:40:00,2968881
88.6,45.9,91.9,65.1,2026-06-19 17:50:00,2968881
88.1,46.1,91.2,64.8,2026-06-19 18:00:00,2968881
87.5,45.5,90.0,63.8,2026-06-19 18:10:00,2968881
87.5,45.4,90.0,63.8,2026-06-19 18:20:00,2968881
86.9,47.0,89.4,64.2,2026-06-19 18:30:00,2968881
86.3,46.3,88.3,63.3,2026-06-19 18:40:00,2968881
85.4,47.6,87.3,63.2,2026-06-19 18:50:00,2968881
85.3,48.4,87.3,63.6,2026-06-19 19:00:00,2968881
84.9,48.6,86.9,63.4,2026-06-19 19:10:00,2968881
84.6,47.8,86.2,62.6,2026-06-19 19:20:00,2968881
84.3,45.7,84.9,61.1,2026-06-19 19:30:00,2968881
83.9,47.1,84.7,61.6,2026-06-19 19:40:00,2968881
83.4,47.2,83.8,61.2,2026-06-19 19:50:00,2968881
82.5,49.0,82.8,61.4,2026-06-19 20:00:00,2968881
81.8,51.4,82.2,62.1,2026-06-19 20:10:00,2968881
81.0,53.2,81.7,62.3,2026-06-19 20:20:00,2968881
80.2,55.4,81.0,62.8,2026-06-19 20:30:00,2968881
79.4,56.5,80.1,62.6,2026-06-19 20:40:00,2968881
79.0,53.9,79.2,60.9,2026-06-19 20:50:00,2968881
79.2,51.7,79.0,59.8,2026-06-19 21:00:00,2968881
78.5,50.9,77.9,58.9,2026-06-19 21:10:00,2968881
78.2,52.0,77.7,59.2,2026-06-19 21:20:00,2968881
77.6,53.9,77.2,59.6,2026-06-19 21:30:00,2968881
76.9,55.4,76.3,59.7,2026-06-19 21:40:00,2968881
76.2,57.9,75.7,60.3,2026-06-19 21:50:00,2968881
75.6,57.1,75.2,59.4,2026-06-19 22:00:00,2968881
75.1,58.1,74.7,59.3,2026-06-19 22:10:00,2968881
74.6,60.2,74.5,59.9,2026-06-19 22:20:00,2968881
74.1,61.8,74.1,60.2,2026-06-19 22:30:00,2968881
73.9,60.2,73.8,59.2,2026-06-19 22:40:00,2968881
73.8,57.0,73.4,57.6,2026-06-19 22:50:00,2968881
73.6,60.0,73.6,58.8,2026-06-19 23:00:00,2968881
73.2,60.0,72.9,58.4,2026-06-19 23:10:00,2968881
73.0,59.8,72.7,58.2,2026-06-19 23:20:00,2968881
73.1,58.3,72.9,57.6,2026-06-19 23:30:00,2968881
73.1,59.9,72.9,58.4,2026-06-19 23:40:00,2968881
73.7,53.1,72.9,55.6,2026-06-19 23:50:00,2968881
74.0,52.3,73.0,55.4,2026-06-20 00:00:00,2968881
73.3,54.9,72.7,56.1,2026-06-20 00:10:00,2968881
73.1,52.8,72.3,54.9,2026-06-20 00:20:00,2968881
72.9,56.2,72.5,56.4,2026-06-20 00:30:00,2968881
71.5,57.3,71.1,55.6,2026-06-20 00:40:00,2968881
70.6,60.0,70.3,56.1,2026-06-20 00:50:00,2968881
70.0,60.4,69.8,55.6,2026-06-20 01:00:00,2968881
69.5,62.7,69.1,56.2,2026-06-20 01:10:00,2968881
69.2,64.1,68.7,56.5,2026-06-20 01:20:00,2968881
68.5,65.0,67.8,56.3,2026-06-20 01:30:00,2968881
68.3,64.4,67.5,55.8,2026-06-20 01:40:00,2968881
67.7,65.0,66.7,55.6,2026-06-20 01:50:00,2968881
67.1,65.9,66.2,55.3,2026-06-20 02:00:00,2968881
66.9,67.7,65.8,55.9,2026-06-20 02:10:00,2968881
66.7,69.3,65.7,56.3,2026-06-20 02:20:00,2968881
66.2,71.0,65.3,56.5,2026-06-20 02:30:00,2968881
66.1,70.9,65.1,56.4,2026-06-20 02:40:00,2968881
65.9,71.1,64.8,56.3,2026-06-20 02:50:00,2968881
65.9,71.8,64.9,56.5,2026-06-20 03:00:00,2968881
65.9,70.3,64.8,56.0,2026-06-20 03:10:00,2968881
65.5,70.4,64.4,55.6,2026-06-20 03:20:00,2968881
65.2,72.5,64.0,56.1,2026-06-20 03:30:00,2968881
65.3,70.5,63.9,55.4,2026-06-20 03:40:00,2968881
64.9,70.9,63.5,55.2,2026-06-20 03:50:00,2968881
65.1,71.5,63.9,55.6,2026-06-20 04:00:00,2968881
64.4,72.6,63.1,55.4,2026-06-20 04:10:00,2968881
64.0,73.8,63.0,55.5,2026-06-20 04:20:00,2968881
63.6,74.0,62.6,55.2,2026-06-20 04:30:00,2968881
63.5,74.7,62.4,55.3,2026-06-20 04:40:00,2968881
63.1,75.8,62.2,55.3,2026-06-20 04:50:00,2968881
62.6,76.6,61.7,55.1,2026-06-20 05:00:00,2968881
62.6,77.7,61.9,55.5,2026-06-20 05:10:00,2968881
61.9,78.2,61.3,55.0,2026-06-20 05:20:00,2968881
61.7,79.6,61.3,55.4,2026-06-20 05:30:00,2968881
61.5,80.0,61.2,55.3,2026-06-20 05:40:00,2968881
61.6,80.4,61.2,55.5,2026-06-20 05:50:00,2968881
61.5,80.8,61.2,55.5,2026-06-20 06:00:00,2968881
61.6,81.4,61.3,55.8,2026-06-20 06:10:00,2968881
61.6,81.1,61.3,55.8,2026-06-20 06:20:00,2968881
61.8,80.9,61.5,55.9,2026-06-20 06:30:00,2968881
62.2,80.9,61.9,56.2,2026-06-20 06:40:00,2968881
62.6,80.4,62.1,56.4,2026-06-20 06:50:00,2968881
63.1,80.4,62.6,56.9,2026-06-20 07:00:00,2968881
63.8,80.4,63.3,57.6,2026-06-20 07:10:00,2968881
64.2,79.5,63.7,57.7,2026-06-20 07:20:00,2968881
64.8,78.4,64.2,57.9,2026-06-20 07:30:00,2968881
65.5,75.2,64.8,57.5,2026-06-20 07:40:00,2968881
66.5,72.9,65.7,57.5,2026-06-20 07:50:00,2968881
68.0,68.9,67.5,57.4,2026-06-20 08:00:00,2968881
69.8,67.1,70.0,58.4,2026-06-20 08:10:00,2968881
71.0,64.9,71.2,58.6,2026-06-20 08:20:00,2968881
72.1,63.8,72.3,59.2,2026-06-20 08:30:00,2968881
74.4,60.3,74.3,59.8,2026-06-20 08:40:00,2968881
75.8,55.8,75.2,58.9,2026-06-20 08:50:00,2968881
75.3,55.4,74.7,58.2,2026-06-20 09:00:00,2968881
75.9,53.8,75.0,57.9,2026-06-20 09:10:00,2968881
76.1,52.8,75.2,57.6,2026-06-20 09:20:00,2968881
76.5,51.6,75.4,57.3,2026-06-20 09:30:00,2968881
76.7,52.8,75.7,58.2,2026-06-20 09:40:00,2968881
77.3,50.9,76.3,57.7,2026-06-20 09:50:00,2968881
77.8,49.3,76.8,57.3,2026-06-20 10:00:00,2968881
78.9,49.1,78.1,58.1,2026-06-20 10:10:00,2968881
79.8,42.0,78.3,54.7,2026-06-20 10:20:00,2968881
80.0,42.7,78.4,55.3,2026-06-20 10:30:00,2968881
80.4,41.8,79.0,55.1,2026-06-20 10:40:00,2968881
80.9,40.6,79.2,54.7,2026-06-20 10:50:00,2968881
81.5,37.4,79.3,53.0,2026-06-20 11:00:00,2968881
81.8,37.3,79.7,53.2,2026-06-20 11:10:00,2968881
81.8,35.4,79.3,51.7,2026-06-20 11:20:00,2968881
82.0,36.2,79.7,52.6,2026-06-20 11:30:00,2968881
82.5,36.2,80.4,53.1,2026-06-20 11:40:00,2968881
83.8,34.2,81.7,52.6,2026-06-20 11:50:00,2968881
84.2,35.4,82.4,53.9,2026-06-20 12:00:00,2968881
84.4,33.1,82.2,52.2,2026-06-20 12:10:00,2968881
85.2,33.4,83.3,53.2,2026-06-20 12:20:00,2968881
84.1,32.1,81.7,51.1,2026-06-20 12:30:00,2968881
85.3,33.8,83.7,53.6,2026-06-20 12:40:00,2968881
85.2,33.1,83.3,52.9,2026-06-20 12:50:00,2968881
85.6,32.9,83.7,53.1,2026-06-20 13:00:00,2968881
85.4,34.5,83.8,54.3,2026-06-20 13:10:00,2968881
86.2,34.7,85.1,55.1,2026-06-20 13:20:00,2968881
85.8,33.0,83.8,53.3,2026-06-20 13:30:00,2968881
87.3,34.3,86.4,55.7,2026-06-20 13:40:00,2968881
87.5,32.6,86.2,54.5,2026-06-20 13:50:00,2968881
87.4,32.7,85.8,54.5,2026-06-20 14:00:00,2968881
86.4,31.3,84.4,52.5,2026-06-20 14:10:00,2968881
88.3,30.3,86.4,53.2,2026-06-20 14:20:00,2968881
89.9,32.1,89.4,56.2,2026-06-20 14:30:00,2968881
87.7,30.7,85.8,53.1,2026-06-20 14:40:00,2968881
88.8,32.0,87.8,55.2,2026-06-20 14:50:00,2968881
87.9,31.9,86.4,54.3,2026-06-20 15:00:00,2968881
87.9,31.8,86.2,54.2,2026-06-20 15:10:00,2968881
88.6,31.3,87.3,54.4,2026-06-20 15:20:00,2968881
87.2,31.9,85.5,53.7,2026-06-20 15:30:00,2968881
87.0,32.2,85.3,53.7,2026-06-20 15:40:00,2968881
87.5,32.6,86.2,54.5,2026-06-20 15:50:00,2968881
87.3,31.9,85.6,53.8,2026-06-20 16:00:00,2968881
88.3,32.1,86.9,54.8,2026-06-20 16:10:00,2968881
87.4,33.3,86.0,55.1,2026-06-20 16:20:00,2968881
89.5,32.9,89.1,56.5,2026-06-20 16:30:00,2968881
89.5,31.9,88.9,55.7,2026-06-20 16:40:00,2968881
88.8,31.0,87.3,54.3,2026-06-20 16:50:00,2968881
87.2,31.7,85.3,53.5,2026-06-20 17:00:00,2968881
87.7,33.2,86.5,55.1,2026-06-20 17:10:00,2968881
88.3,32.3,86.9,54.9,2026-06-20 17:20:00,2968881
90.0,31.3,89.4,55.6,2026-06-20 17:30:00,2968881
88.0,32.4,86.7,54.8,2026-06-20 17:40:00,2968881
87.3,32.3,85.8,54.1,2026-06-20 17:50:00,2968881
88.4,32.1,87.3,54.9,2026-06-20 18:00:00,2968881
87.2,33.1,85.8,54.6,2026-06-20 18:10:00,2968881
86.8,34.3,85.6,55.3,2026-06-20 18:20:00,2968881
86.7,35.3,86.0,56.0,2026-06-20 18:30:00,2968881
86.1,35.5,85.1,55.6,2026-06-20 18:40:00,2968881
85.7,36.7,84.9,56.2,2026-06-20 18:50:00,2968881
85.1,37.2,84.0,56.0,2026-06-20 19:00:00,2968881
84.8,37.4,83.8,55.9,2026-06-20 19:10:00,2968881
84.7,39.3,84.0,57.2,2026-06-20 19:20:00,2968881
84.3,38.8,83.3,56.5,2026-06-20 19:30:00,2968881
84.1,39.1,83.3,56.6,2026-06-20 19:40:00,2968881
83.9,39.5,82.9,56.6,2026-06-20 19:50:00,2968881
83.2,39.5,82.0,56.0,2026-06-20 20:00:00,2968881
82.7,40.4,81.3,56.2,2026-06-20 20:10:00,2968881
82.2,40.7,80.6,56.0,2026-06-20 20:20:00,2968881
81.4,43.7,80.4,57.3,2026-06-20 20:30:00,2968881
80.2,44.3,79.0,56.5,2026-06-20 20:40:00,2968881
79.6,46.1,78.6,57.0,2026-06-20 20:50:00,2968881
79.2,46.9,78.3,57.1,2026-06-20 21:00:00,2968881
78.7,46.8,77.7,56.7,2026-06-20 21:10:00,2968881
78.9,46.9,77.9,56.9,2026-06-20 21:20:00,2968881
78.8,47.2,77.9,57.0,2026-06-20 21:30:00,2968881
78.5,47.5,77.5,56.9,2026-06-20 21:40:00,2968881
78.0,48.1,76.8,56.8,2026-06-20 21:50:00,2968881
77.6,48.9,76.5,56.8,2026-06-20 22:00:00,2968881
77.0,50.2,75.9,57.0,2026-06-20 22:10:00,2968881
76.8,51.2,75.6,57.4,2026-06-20 22:20:00,2968881
77.0,49.8,75.7,56.8,2026-06-20 22:30:00,2968881
77.0,50.6,75.9,57.3,2026-06-20 22:40:00,2968881
76.7,50.3,75.6,56.9,2026-06-20 22:50:00,2968881
76.5,52.9,75.6,58.0,2026-06-20 23:00:00,2968881
75.8,54.3,75.0,58.1,2026-06-20 23:10:00,2968881
75.3,55.9,74.7,58.4,2026-06-20 23:20:00,2968881
75.1,54.3,74.3,57.5,2026-06-20 23:30:00,2968881
74.9,55.5,74.3,57.9,2026-06-20 23:40:00,2968881
74.4,57.6,73.9,58.5,2026-06-20 23:50:00,2968881
73.8,56.4,73.2,57.3,2026-06-21 00:00:00,2968881
73.1,58.2,72.9,57.6,2026-06-21 00:10:00,2968881
72.8,59.8,72.5,58.0,2026-06-21 00:20:00,2968881
72.5,59.5,72.1,57.6,2026-06-21 00:30:00,2968881
72.3,58.9,72.1,57.2,2026-06-21 00:40:00,2968881
72.5,60.1,72.5,57.9,2026-06-21 00:50:00,2968881
72.4,60.0,72.3,57.8,2026-06-21 01:00:00,2968881
72.0,60.9,72.0,57.8,2026-06-21 01:10:00,2968881
72.0,62.3,72.1,58.4,2026-06-21 01:20:00,2968881
72.1,61.1,72.0,57.9,2026-06-21 01:30:00,2968881
72.6,59.9,72.3,57.8,2026-06-21 01:40:00,2968881
72.8,59.6,72.5,57.9,2026-06-21 01:50:00,2968881
72.9,59.6,72.7,58.0,2026-06-21 02:00:00,2968881
72.6,60.3,72.5,58.1,2026-06-21 02:10:00,2968881
72.3,61.4,72.1,58.3,2026-06-21 02:20:00,2968881
71.8,64.6,72.1,59.2,2026-06-21 02:30:00,2968881
71.3,64.4,71.6,58.7,2026-06-21 02:40:00,2968881
70.7,65.3,71.1,58.5,2026-06-21 02:50:00,2968881
70.4,66.6,70.7,58.8,2026-06-21 03:00:00,2968881
69.9,67.9,70.0,58.9,2026-06-21 03:10:00,2968881
69.7,69.0,69.8,59.0,2026-06-21 03:20:00,2968881
69.5,69.3,69.6,59.0,2026-06-21 03:30:00,2968881
69.3,70.4,69.4,59.3,2026-06-21 03:40:00,2968881
69.1,71.2,69.1,59.4,2026-06-21 03:50:00,2968881
68.6,71.8,68.5,59.1,2026-06-21 04:00:00,2968881
68.5,72.5,68.4,59.3,2026-06-21 04:10:00,2968881
68.5,73.2,68.4,59.6,2026-06-21 04:20:00,2968881
68.5,73.5,68.4,59.6,2026-06-21 04:30:00,2968881
68.3,74.2,68.2,59.8,2026-06-21 04:40:00,2968881
68.1,74.6,68.0,59.7,2026-06-21 04:50:00,2968881
67.9,75.0,67.8,59.6,2026-06-21 05:00:00,2968881
67.7,75.7,67.6,59.8,2026-06-21 05:10:00,2968881
67.7,76.2,67.6,60.0,2026-06-21 05:20:00,2968881
67.4,76.8,67.3,59.9,2026-06-21 05:30:00,2968881
67.0,77.6,66.9,59.7,2026-06-21 05:40:00,2968881
66.8,78.2,66.6,59.9,2026-06-21 05:50:00,2968881
66.8,79.0,66.7,60.1,2026-06-21 06:00:00,2968881
66.7,79.2,66.6,60.0,2026-06-21 06:10:00,2968881
66.5,79.7,66.4,60.1,2026-06-21 06:20:00,2968881
66.5,80.1,66.4,60.2,2026-06-21 06:30:00,2968881
66.9,80.2,66.7,60.6,2026-06-21 06:40:00,2968881
67.0,80.8,67.1,60.9,2026-06-21 06:50:00,2968881
67.0,80.9,67.1,61.0,2026-06-21 07:00:00,2968881
67.4,81.6,67.6,61.6,2026-06-21 07:10:00,2968881
67.9,81.6,68.4,62.1,2026-06-21 07:20:00,2968881
68.4,81.4,68.9,62.5,2026-06-21 07:30:00,2968881
69.1,81.7,69.6,63.2,2026-06-21 07:40:00,2968881
69.8,81.3,70.5,63.8,2026-06-21 07:50:00,2968881
70.6,80.5,71.6,64.4,2026-06-21 08:00:00,2968881
71.8,78.3,73.0,64.7,2026-06-21 08:10:00,2968881
73.4,75.2,74.7,65.1,2026-06-21 08:20:00,2968881
74.8,72.7,75.9,65.5,2026-06-21 08:30:00,2968881
76.6,69.4,77.5,65.9,2026-06-21 08:40:00,2968881
78.0,65.3,79.3,65.4,2026-06-21 08:50:00,2968881
78.3,63.3,79.5,64.8,2026-06-21 09:00:00,2968881
78.8,64.0,80.4,65.6,2026-06-21 09:10:00,2968881
79.2,61.6,80.6,64.9,2026-06-21 09:20:00,2968881
79.8,60.0,81.1,64.6,2026-06-21 09:30:00,2968881
80.4,58.7,81.7,64.6,2026-06-21 09:40:00,2968881
80.9,56.7,82.0,64.0,2026-06-21 09:50:00,2968881
81.6,55.4,82.9,64.1,2026-06-21 10:00:00,2968881
82.6,53.8,84.2,64.2,2026-06-21 10:10:00,2968881
84.0,48.4,85.5,62.5,2026-06-21 10:20:00,2968881
84.2,47.9,85.6,62.4,2026-06-21 10:30:00,2968881
84.4,45.7,85.3,61.2,2026-06-21 10:40:00,2968881
84.9,45.2,85.6,61.3,2026-06-21 10:50:00,2968881
85.6,44.9,86.7,61.7,2026-06-21 11:00:00,2968881
85.9,44.2,87.1,61.6,2026-06-21 11:10:00,2968881
86.5,44.2,88.0,62.1,2026-06-21 11:20:00,2968881
86.9,41.2,88.0,60.5,2026-06-21 11:30:00,2968881
87.8,40.5,89.1,60.8,2026-06-21 11:40:00,2968881
89.2,38.1,90.5,60.4,2026-06-21 11:50:00,2968881
88.2,38.2,88.9,59.6,2026-06-21 12:00:00,2968881
88.7,39.1,90.1,60.6,2026-06-21 12:10:00,2968881
89.9,38.1,91.6,61.0,2026-06-21 12:20:00,2968881
89.4,37.1,90.3,59.8,2026-06-21 12:30:00,2968881
89.7,38.6,91.4,61.1,2026-06-21 12:40:00,2968881
90.6,37.0,92.3,60.7,2026-06-21 12:50:00,2968881
91.2,36.3,93.0,60.7,2026-06-21 13:00:00,2968881
91.5,37.1,93.9,61.7,2026-06-21 13:10:00,2968881
90.8,36.8,92.5,60.8,2026-06-21 13:20:00,2968881
92.9,36.5,95.9,62.3,2026-06-21 13:30:00,2968881
92.1,35.8,94.1,61.1,2026-06-21 13:40:00,2968881
91.4,38.2,94.5,62.4,2026-06-21 13:50:00,2968881
93.7,37.8,98.2,64.1,2026-06-21 14:00:00,2968881
91.5,38.2,94.5,62.5,2026-06-21 14:10:00,2968881
91.5,38.2,94.5,62.4,2026-06-21 14:20:00,2968881
91.5,37.9,94.3,62.2,2026-06-21 14:30:00,2968881
91.0,38.7,93.7,62.3,2026-06-21 14:40:00,2968881
93.7,36.3,97.2,63.0,2026-06-21 14:50:00,2968881
92.0,36.2,94.5,61.4,2026-06-21 15:00:00,2968881
92.6,34.7,94.6,60.8,2026-06-21 15:10:00,2968881
93.0,34.9,95.5,61.3,2026-06-21 15:20:00,2968881
93.3,35.1,96.1,61.6,2026-06-21 15:30:00,2968881
94.1,34.7,97.2,62.0,2026-06-21 15:40:00,2968881
93.6,35.2,96.6,62.0,2026-06-21 15:50:00,2968881
93.6,34.3,96.3,61.3,2026-06-21 16:00:00,2968881
94.0,33.4,96.3,60.9,2026-06-21 16:10:00,2968881
94.7,34.5,98.2,62.3,2026-06-21 16:20:00,2968881
93.7,33.7,96.3,60.9,2026-06-21 16:30:00,2968881
92.9,34.5,95.2,60.8,2026-06-21 16:40:00,2968881
93.9,33.7,96.4,61.1,2026-06-21 16:50:00,2968881
92.1,35.1,93.9,60.5,2026-06-21 17:00:00,2968881
92.0,37.7,95.2,62.6,2026-06-21 17:10:00,2968881
91.0,39.5,94.1,63.0,2026-06-21 17:20:00,2968881
92.5,38.6,96.3,63.6,2026-06-21 17:30:00,2968881
91.9,38.6,95.2,63.1,2026-06-21 17:40:00,2968881
90.5,39.9,93.6,62.9,2026-06-21 17:50:00,2968881
90.6,40.4,93.7,63.3,2026-06-21 18:00:00,2968881
90.0,41.9,93.4,63.8,2026-06-21 18:10:00,2968881
90.0,42.1,93.4,63.9,2026-06-21 18:20:00,2968881
90.4,42.0,93.9,64.1,2026-06-21 18:30:00,2968881
89.8,42.6,92.8,64.0,2026-06-21 18:40:00,2968881
89.7,42.5,92.8,63.9,2026-06-21 18:50:00,2968881
89.2,42.4,91.9,63.4,2026-06-21 19:00:00,2968881
89.1,44.0,92.5,64.3,2026-06-21 19:10:00,2968881
88.8,43.7,91.6,63.9,2026-06-21 19:20:00,2968881
88.3,44.2,90.7,63.8,2026-06-21 19:30:00,2968881
87.9,45.9,90.7,64.5,2026-06-21 19:40:00,2968881
87.5,46.2,90.3,64.3,2026-06-21 19:50:00,2968881
87.0,47.0,89.8,64.3,2026-06-21 20:00:00,2968881
86.6,47.6,89.4,64.3,2026-06-21 20:10:00,2968881
86.3,47.4,88.7,63.9,2026-06-21 20:20:00,2968881
85.8,47.5,88.2,63.6,2026-06-21 20:30:00,2968881
85.4,48.3,87.4,63.6,2026-06-21 20:40:00,2968881
85.0,48.4,86.9,63.3,2026-06-21 20:50:00,2968881
84.4,48.8,86.2,63.1,2026-06-21 21:00:00,2968881
84.0,49.8,85.8,63.3,2026-06-21 21:10:00,2968881
83.7,50.3,85.3,63.2,2026-06-21 21:20:00,2968881
83.4,50.4,84.7,63.1,2026-06-21 21:30:00,2968881
83.1,50.2,84.4,62.7,2026-06-21 21:40:00,2968881
82.8,51.3,84.0,63.0,2026-06-21 21:50:00,2968881
82.1,52.2,82.9,62.9,2026-06-21 22:00:00,2968881
81.8,52.7,82.6,62.9,2026-06-21 22:10:00,2968881
81.6,53.2,82.4,63.0,2026-06-21 22:20:00,2968881
81.4,53.7,82.4,63.0,2026-06-21 22:30:00,2968881
81.0,54.1,81.9,62.9,2026-06-21 22:40:00,2968881
80.7,55.6,81.7,63.3,2026-06-21 22:50:00,2968881
80.0,56.4,80.8,63.1,2026-06-21 23:00:00,2968881
79.4,57.5,80.2,63.1,2026-06-21 23:10:00,2968881
79.8,58.9,81.0,64.1,2026-06-21 23:20:00,2968881
79.9,60.1,81.5,64.8,2026-06-21 23:30:00,2968881
79.8,61.0,81.3,65.1,2026-06-21 23:40:00,2968881
79.5,62.3,81.1,65.5,2026-06-21 23:50:00,2968881
79.3,63.8,81.0,66.0,2026-06-22 00:00:00,2968881
79.1,65.1,81.0,66.3,2026-06-22 00:10:00,2968881
78.8,66.5,81.0,66.7,2026-06-22 00:20:00,2968881
78.5,67.9,80.6,67.0,2026-06-22 00:30:00,2968881
78.4,68.7,80.4,67.2,2026-06-22 00:40:00,2968881
78.0,69.8,80.1,67.4,2026-06-22 00:50:00,2968881
77.7,70.8,79.5,67.4,2026-06-22 01:00:00,2968881
77.5,71.6,79.2,67.6,2026-06-22 01:10:00,2968881
77.0,72.5,78.8,67.5,2026-06-22 01:20:00,2968881
96.4,38.9,103.8,67.3,2026-06-14 14:20:00,3086552
98.2,36.5,105.6,67.0,2026-06-14 14:40:00,3086552
97.5,36.3,104.7,66.3,2026-06-14 15:00:00,3086552
98.5,36.0,106.0,67.0,2026-06-14 15:20:00,3086552
99.9,36.4,109.2,68.5,2026-06-14 15:40:00,3086552
99.5,35.2,107.6,67.2,2026-06-14 16:00:00,3086552
97.6,38.1,105.8,67.8,2026-06-14 16:20:00,3086552
96.6,38.1,104.0,66.9,2026-06-14 16:40:00,3086552
96.6,35.9,102.2,65.1,2026-06-14 17:00:00,3086552
96.5,32.8,100.4,62.5,2026-06-14 17:20:00,3086552
96.5,32.6,100.2,62.3,2026-06-14 17:40:00,3086552
96.5,32.9,100.4,62.6,2026-06-14 18:00:00,3086552
96.2,32.8,99.7,62.2,2026-06-14 18:20:00,3086552
95.7,33.4,99.1,62.3,2026-06-14 18:40:00,3086552
91.0,44.4,96.1,66.3,2026-06-14 19:00:00,3086552
82.5,69.3,87.8,71.4,2026-06-14 19:20:00,3086552
78.3,85.2,83.3,73.5,2026-06-14 19:40:00,3086552
78.4,89.5,84.2,75.0,2026-06-14 20:00:00,3086552
78.4,89.3,84.0,75.0,2026-06-14 20:20:00,3086552
77.7,86.5,82.4,73.4,2026-06-14 20:40:00,3086552
77.8,88.9,82.8,74.3,2026-06-14 21:00:00,3086552
78.3,84.4,83.1,73.2,2026-06-14 21:20:00,3086552
79.0,79.6,83.8,72.1,2026-06-14 21:40:00,3086552
80.1,76.3,85.1,72.0,2026-06-14 22:00:00,3086552
80.4,75.1,85.6,71.8,2026-06-14 22:20:00,3086552
80.3,74.6,85.1,71.5,2026-06-14 22:40:00,3086552
79.8,75.8,84.4,71.4,2026-06-14 23:00:00,3086552
79.5,75.9,83.7,71.2,2026-06-14 23:20:00,3086552
79.5,76.1,83.7,71.3,2026-06-14 23:40:00,3086552
79.2,76.4,83.5,71.1,2026-06-15 00:00:00,3086552
79.0,77.6,83.3,71.4,2026-06-15 00:20:00,3086552
78.9,77.2,82.9,71.2,2026-06-15 00:40:00,3086552
78.9,77.7,82.9,71.3,2026-06-15 01:00:00,3086552
78.9,77.9,83.1,71.5,2026-06-15 01:20:00,3086552
78.9,78.3,83.1,71.5,2026-06-15 01:40:00,3086552
78.9,78.2,83.1,71.6,2026-06-15 02:00:00,3086552
78.8,78.7,83.3,71.6,2026-06-15 02:20:00,3086552
78.7,78.8,82.9,71.6,2026-06-15 02:40:00,3086552
78.5,79.3,82.8,71.6,2026-06-15 03:00:00,3086552
78.4,79.6,82.4,71.5,2026-06-15 03:20:00,3086552
77.9,80.6,81.5,71.4,2026-06-15 03:40:00,3086552
77.2,82.0,80.6,71.3,2026-06-15 04:00:00,3086552
76.5,83.2,79.2,71.0,2026-06-15 04:20:00,3086552
76.1,84.4,78.8,71.0,2026-06-15 04:40:00,3086552
75.6,85.3,78.3,70.9,2026-06-15 05:00:00,3086552
75.3,85.4,77.9,70.6,2026-06-15 05:20:00,3086552
75.2,84.4,77.5,70.2,2026-06-15 05:40:00,3086552
75.7,77.2,77.4,68.1,2026-06-15 06:00:00,3086552
75.3,77.2,76.8,67.7,2026-06-15 06:20:00,3086552
75.4,79.4,77.4,68.6,2026-06-15 06:40:00,3086552
76.5,70.1,77.5,66.1,2026-06-15 07:00:00,3086552
76.6,66.0,77.2,64.4,2026-06-15 07:20:00,3086552
76.5,64.4,76.8,63.6,2026-06-15 07:40:00,3086552
76.7,64.3,77.0,63.7,2026-06-15 08:00:00,3086552
77.0,63.1,77.5,63.5,2026-06-15 08:20:00,3086552
77.1,61.8,77.4,63.0,2026-06-15 08:40:00,3086552
76.8,61.9,76.8,62.7,2026-06-15 09:00:00,3086552
76.8,59.8,76.8,61.8,2026-06-15 09:20:00,3086552
78.0,55.4,77.9,60.7,2026-06-15 09:40:00,3086552
77.6,53.1,77.0,59.2,2026-06-15 10:00:00,3086552
78.8,52.5,78.6,60.0,2026-06-15 10:20:00,3086552
78.7,52.4,78.4,59.8,2026-06-15 10:40:00,3086552
79.8,49.1,79.3,59.0,2026-06-15 11:00:00,3086552
80.9,45.3,80.1,57.7,2026-06-15 11:20:00,3086552
81.6,40.8,80.1,55.4,2026-06-15 11:40:00,3086552
81.4,42.7,80.2,56.5,2026-06-15 12:00:00,3086552
81.0,41.1,79.5,55.1,2026-06-15 12:20:00,3086552
83.7,37.2,82.4,54.8,2026-06-15 12:40:00,3086552
85.7,34.9,84.4,54.8,2026-06-15 13:00:00,3086552
85.4,32.5,83.3,52.6,2026-06-15 13:20:00,3086552
86.0,32.7,84.0,53.2,2026-06-15 13:40:00,3086552
85.8,33.0,84.2,53.4,2026-06-15 14:00:00,3086552
86.6,32.4,84.9,53.6,2026-06-15 14:20:00,3086552
87.5,30.9,85.6,53.1,2026-06-15 14:40:00,3086552
88.8,29.0,86.7,52.4,2026-06-15 15:00:00,3086552
89.7,29.8,88.2,54.0,2026-06-15 15:20:00,3086552
89.7,30.8,88.5,54.8,2026-06-15 15:40:00,3086552
89.8,30.2,88.3,54.4,2026-06-15 16:00:00,3086552
88.8,29.4,86.9,52.8,2026-06-15 16:20:00,3086552
87.8,31.1,86.0,53.5,2026-06-15 16:40:00,3086552
86.9,31.6,84.9,53.1,2026-06-15 17:00:00,3086552
87.9,32.0,86.4,54.3,2026-06-15 17:20:00,3086552
86.9,32.5,85.5,53.9,2026-06-15 17:40:00,3086552
86.3,32.8,84.6,53.7,2026-06-15 18:00:00,3086552
86.0,33.1,84.2,53.6,2026-06-15 18:20:00,3086552
85.7,34.0,84.2,54.2,2026-06-15 18:40:00,3086552
85.3,33.6,83.7,53.4,2026-06-15 19:00:00,3086552
85.2,33.5,83.3,53.3,2026-06-15 19:20:00,3086552
84.7,33.7,82.8,53.0,2026-06-15 19:40:00,3086552
83.6,33.8,81.3,52.1,2026-06-15 20:00:00,3086552
82.6,35.1,80.4,52.3,2026-06-15 20:20:00,3086552
81.7,36.2,79.5,52.3,2026-06-15 20:40:00,3086552
80.4,37.5,78.1,52.1,2026-06-15 21:00:00,3086552
79.1,40.2,77.2,52.8,2026-06-15 21:20:00,3086552
77.4,42.8,75.4,53.0,2026-06-15 21:40:00,3086552
75.9,45.5,74.1,53.3,2026-06-15 22:00:00,3086552
74.8,48.0,73.4,53.8,2026-06-15 22:20:00,3086552
73.9,49.6,72.7,53.9,2026-06-15 22:40:00,3086552
73.2,50.8,72.3,53.9,2026-06-15 23:00:00,3086552
72.3,52.1,71.4,53.8,2026-06-15 23:20:00,3086552
71.9,53.7,71.2,54.2,2026-06-15 23:40:00,3086552
71.2,54.7,70.5,54.1,2026-06-16 00:00:00,3086552
70.7,55.9,70.2,54.2,2026-06-16 00:20:00,3086552
70.4,56.9,70.0,54.4,2026-06-16 00:40:00,3086552
70.6,55.8,70.2,54.1,2026-06-16 01:00:00,3086552
70.8,55.7,70.5,54.2,2026-06-16 01:20:00,3086552
71.5,53.5,70.9,53.7,2026-06-16 01:40:00,3086552
72.6,49.3,71.6,52.5,2026-06-16 02:00:00,3086552
72.3,48.6,71.4,51.9,2026-06-16 02:20:00,3086552
72.1,48.0,71.1,51.4,2026-06-16 02:40:00,3086552
71.8,48.4,70.9,51.3,2026-06-16 03:00:00,3086552
71.5,48.3,70.5,51.0,2026-06-16 03:20:00,3086552
71.2,48.8,70.2,50.9,2026-06-16 03:40:00,3086552
70.9,49.6,70.0,51.1,2026-06-16 04:00:00,3086552
70.4,49.9,69.4,50.8,2026-06-16 04:20:00,3086552
69.7,51.9,68.5,51.2,2026-06-16 04:40:00,3086552
69.6,51.6,68.5,51.0,2026-06-16 05:00:00,3086552
69.6,51.5,68.5,51.0,2026-06-16 05:20:00,3086552
69.5,51.9,68.2,51.1,2026-06-16 05:40:00,3086552
69.5,52.6,68.4,51.4,2026-06-16 06:00:00,3086552
69.2,54.2,68.0,51.9,2026-06-16 06:20:00,3086552
69.3,55.3,68.4,52.5,2026-06-16 06:40:00,3086552
69.3,55.9,68.4,52.9,2026-06-16 07:00:00,3086552
69.2,56.8,68.2,53.2,2026-06-16 07:20:00,3086552
69.3,57.7,68.5,53.7,2026-06-16 07:40:00,3086552
69.7,57.8,69.1,54.2,2026-06-16 08:00:00,3086552
70.1,58.3,69.6,54.8,2026-06-16 08:20:00,3086552
70.6,57.4,70.2,54.9,2026-06-16 08:40:00,3086552
71.7,56.8,71.2,55.6,2026-06-16 09:00:00,3086552
71.8,56.8,71.4,55.7,2026-06-16 09:20:00,3086552
73.4,54.6,72.9,56.1,2026-06-16 09:40:00,3086552
74.7,51.4,73.6,55.6,2026-06-16 10:00:00,3086552
74.9,50.6,73.8,55.3,2026-06-16 10:20:00,3086552
75.3,50.5,74.1,55.6,2026-06-16 10:40:00,3086552
76.5,49.3,75.2,56.1,2026-06-16 11:00:00,3086552
76.6,48.7,75.2,55.9,2026-06-16 11:20:00,3086552
77.0,47.9,75.6,55.8,2026-06-16 11:40:00,3086552
77.9,47.0,76.8,56.1,2026-06-16 12:00:00,3086552
79.2,44.7,77.9,55.8,2026-06-16 12:20:00,3086552
79.2,43.4,77.7,55.0,2026-06-16 12:40:00,3086552
79.7,44.7,78.3,56.3,2026-06-16 13:00:00,3086552
80.1,43.8,78.8,56.1,2026-06-16 13:20:00,3086552
82.0,40.5,80.6,55.7,2026-06-16 13:40:00,3086552
82.2,40.5,81.0,55.9,2026-06-16 14:00:00,3086552
83.4,38.9,82.0,55.8,2026-06-16 14:20:00,3086552
83.2,39.1,82.0,55.7,2026-06-16 14:40:00,3086552
85.8,38.1,85.6,57.4,2026-06-16 15:00:00,3086552
86.4,35.6,85.5,56.0,2026-06-16 15:20:00,3086552
85.9,36.2,84.9,56.0,2026-06-16 15:40:00,3086552
84.9,40.2,84.6,58.0,2026-06-16 16:00:00,3086552
83.9,41.4,83.5,58.0,2026-06-16 16:20:00,3086552
83.0,42.7,82.4,58.0,2026-06-16 16:40:00,3086552
83.0,44.6,82.8,59.3,2026-06-16 17:00:00,3086552
81.8,47.5,81.7,59.9,2026-06-16 17:20:00,3086552
81.6,48.8,81.5,60.5,2026-06-16 17:40:00,3086552
80.9,50.0,80.8,60.5,2026-06-16 18:00:00,3086552
81.2,49.1,81.1,60.2,2026-06-16 18:20:00,3086552
81.2,47.0,80.8,59.1,2026-06-16 18:40:00,3086552
81.0,48.5,81.0,59.8,2026-06-16 19:00:00,3086552
80.6,48.9,80.4,59.6,2026-06-16 19:20:00,3086552
80.4,49.3,80.1,59.7,2026-06-16 19:40:00,3086552
79.8,49.8,79.3,59.3,2026-06-16 20:00:00,3086552
79.4,50.1,79.2,59.2,2026-06-16 20:20:00,3086552
78.8,50.4,78.4,58.8,2026-06-16 20:40:00,3086552
78.0,52.2,77.4,59.0,2026-06-16 21:00:00,3086552
77.3,53.2,76.5,59.0,2026-06-16 21:20:00,3086552
76.7,54.6,75.9,59.1,2026-06-16 21:40:00,3086552
76.3,55.9,75.7,59.4,2026-06-16 22:00:00,3086552
75.8,57.2,75.4,59.6,2026-06-16 22:20:00,3086552
75.4,58.5,75.2,59.8,2026-06-16 22:40:00,3086552
74.9,59.8,74.7,60.0,2026-06-16 23:00:00,3086552
74.6,60.7,74.5,60.1,2026-06-16 23:20:00,3086552
74.4,61.6,74.5,60.4,2026-06-16 23:40:00,3086552
74.1,62.4,74.1,60.5,2026-06-17 00:00:00,3086552
73.7,63.9,73.9,60.7,2026-06-17 00:20:00,3086552
73.3,65.6,73.6,61.1,2026-06-17 00:40:00,3086552
73.1,66.9,73.6,61.4,2026-06-17 01:00:00,3086552
72.5,68.4,72.9,61.5,2026-06-17 01:20:00,3086552
72.2,69.4,72.9,61.7,2026-06-17 01:40:00,3086552
72.0,71.2,72.7,62.1,2026-06-17 02:00:00,3086552
71.6,72.9,72.3,62.4,2026-06-17 02:20:00,3086552
71.5,74.4,72.3,63.0,2026-06-17 02:40:00,3086552
71.4,75.3,72.3,63.2,2026-06-17 03:00:00,3086552
71.1,76.3,72.1,63.2,2026-06-17 03:20:00,3086552
71.0,77.4,72.0,63.5,2026-06-17 03:40:00,3086552
70.8,78.5,71.8,63.7,2026-06-17 04:00:00,3086552
70.6,79.2,71.6,63.8,2026-06-17 04:20:00,3086552
70.1,80.3,70.9,63.8,2026-06-17 04:40:00,3086552
70.1,80.9,71.1,64.0,2026-06-17 05:00:00,3086552
69.9,81.1,70.7,63.9,2026-06-17 05:20:00,3086552
69.7,82.1,70.5,63.9,2026-06-17 05:40:00,3086552
69.4,82.5,70.2,63.8,2026-06-17 06:00:00,3086552
69.2,83.1,70.0,63.9,2026-06-17 06:20:00,3086552
69.3,83.5,70.3,64.0,2026-06-17 06:40:00,3086552
69.8,83.4,70.7,64.5,2026-06-17 07:00:00,3086552
70.4,82.5,71.6,64.9,2026-06-17 07:20:00,3086552
71.1,81.2,72.3,65.0,2026-06-17 07:40:00,3086552
72.1,80.1,73.6,65.7,2026-06-17 08:00:00,3086552
73.1,78.0,74.5,65.9,2026-06-17 08:20:00,3086552
74.0,75.8,75.4,65.9,2026-06-17 08:40:00,3086552
75.5,73.1,76.6,66.3,2026-06-17 09:00:00,3086552
76.7,68.7,77.5,65.6,2026-06-17 09:20:00,3086552
78.2,65.2,79.5,65.6,2026-06-17 09:40:00,3086552
79.2,59.9,80.2,64.0,2026-06-17 10:00:00,3086552
80.4,56.5,81.3,63.5,2026-06-17 10:20:00,3086552
81.9,51.9,82.8,62.5,2026-06-17 10:40:00,3086552
82.4,49.4,82.8,61.5,2026-06-17 11:00:00,3086552
83.5,42.8,83.1,58.6,2026-06-17 11:20:00,3086552
84.5,42.0,84.4,58.9,2026-06-17 11:40:00,3086552
86.0,38.8,86.0,58.0,2026-06-17 12:00:00,3086552
86.3,38.3,86.0,57.9,2026-06-17 12:20:00,3086552
88.0,33.3,87.1,55.6,2026-06-17 12:40:00,3086552
89.6,34.4,89.6,57.8,2026-06-17 13:00:00,3086552
89.5,33.9,89.4,57.4,2026-06-17 13:20:00,3086552
88.9,32.6,88.2,55.8,2026-06-17 13:40:00,3086552
90.6,32.9,90.9,57.5,2026-06-17 14:00:00,3086552
91.0,32.9,91.4,57.8,2026-06-17 14:20:00,3086552
90.6,33.4,90.9,57.9,2026-06-17 14:40:00,3086552
91.8,32.7,92.7,58.3,2026-06-17 15:00:00,3086552
89.5,33.5,89.4,57.0,2026-06-17 15:20:00,3086552
90.5,34.1,91.2,58.4,2026-06-17 15:40:00,3086552
89.1,34.1,89.1,57.2,2026-06-17 16:00:00,3086552
90.5,34.4,91.0,58.6,2026-06-17 16:20:00,3086552
90.6,33.6,91.0,58.0,2026-06-17 16:40:00,3086552
91.7,33.2,92.5,58.6,2026-06-17 17:00:00,3086552
90.9,34.0,91.8,58.6,2026-06-17 17:20:00,3086552
90.6,33.7,91.0,58.2,2026-06-17 17:40:00,3086552
90.1,35.5,90.9,59.1,2026-06-17 18:00:00,3086552
89.1,36.4,89.8,59.0,2026-06-17 18:20:00,3086552
89.2,38.3,90.5,60.5,2026-06-17 18:40:00,3086552
88.4,40.4,90.0,61.3,2026-06-17 19:00:00,3086552
88.1,42.0,89.8,62.1,2026-06-17 19:20:00,3086552
87.5,43.1,89.2,62.4,2026-06-17 19:40:00,3086552
86.6,44.9,88.3,62.7,2026-06-17 20:00:00,3086552
86.1,45.2,87.6,62.4,2026-06-17 20:20:00,3086552
85.1,48.0,87.1,63.2,2026-06-17 20:40:00,3086552
83.8,50.7,85.5,63.6,2026-06-17 21:00:00,3086552
82.9,53.7,84.6,64.4,2026-06-17 21:20:00,3086552
82.3,56.6,84.2,65.3,2026-06-17 21:40:00,3086552
82.2,59.6,84.6,66.7,2026-06-17 22:00:00,3086552
81.8,61.9,84.6,67.5,2026-06-17 22:20:00,3086552
81.4,64.3,84.6,68.1,2026-06-17 22:40:00,3086552
80.9,65.8,84.0,68.4,2026-06-17 23:00:00,3086552
80.4,66.8,83.7,68.4,2026-06-17 23:20:00,3086552
80.1,67.2,83.1,68.2,2026-06-17 23:40:00,3086552
79.9,66.7,82.4,67.8,2026-06-18 00:00:00,3086552
80.0,64.8,82.4,67.0,2026-06-18 00:20:00,3086552
79.9,63.9,81.9,66.6,2026-06-18 00:40:00,3086552
79.6,64.2,81.7,66.4,2026-06-18 01:00:00,3086552
79.4,64.6,81.5,66.4,2026-06-18 01:20:00,3086552
78.9,65.6,80.8,66.5,2026-06-18 01:40:00,3086552
78.6,66.8,80.4,66.7,2026-06-18 02:00:00,3086552
78.3,67.7,80.2,66.8,2026-06-18 02:20:00,3086552
78.1,68.7,80.1,67.0,2026-06-18 02:40:00,3086552
77.7,70.5,79.7,67.4,2026-06-18 03:00:00,3086552
77.6,72.4,79.7,68.0,2026-06-18 03:20:00,3086552
77.4,75.1,79.9,68.8,2026-06-18 03:40:00,3086552
77.1,77.6,79.3,69.5,2026-06-18 04:00:00,3086552
76.6,79.6,79.2,69.9,2026-06-18 04:20:00,3086552
76.5,81.2,79.0,70.3,2026-06-18 04:40:00,3086552
76.1,82.1,78.6,70.2,2026-06-18 05:00:00,3086552
75.7,83.2,77.9,70.2,2026-06-18 05:20:00,3086552
75.5,84.2,77.9,70.3,2026-06-18 05:40:00,3086552
75.3,85.1,77.9,70.5,2026-06-18 06:00:00,3086552
75.3,85.6,77.9,70.7,2026-06-18 06:20:00,3086552
75.6,85.5,78.3,70.9,2026-06-18 06:40:00,3086552
76.1,84.4,78.8,71.1,2026-06-18 07:00:00,3086552
76.8,83.1,79.5,71.2,2026-06-18 07:20:00,3086552
77.0,82.3,79.9,71.2,2026-06-18 07:40:00,3086552
78.1,80.4,82.0,71.6,2026-06-18 08:00:00,3086552
78.9,78.4,83.1,71.6,2026-06-18 08:20:00,3086552
80.3,75.4,85.3,71.8,2026-06-18 08:40:00,3086552
80.9,73.7,86.0,71.7,2026-06-18 09:00:00,3086552
82.2,72.3,87.8,72.3,2026-06-18 09:20:00,3086552
83.1,70.6,90.0,72.6,2026-06-18 09:40:00,3086552
84.7,66.5,91.9,72.3,2026-06-18 10:00:00,3086552
84.8,65.7,92.1,72.1,2026-06-18 10:20:00,3086552
86.2,63.5,94.5,72.3,2026-06-18 10:40:00,3086552
87.3,62.4,96.3,72.9,2026-06-18 11:00:00,3086552
87.9,59.7,96.1,72.2,2026-06-18 11:20:00,3086552
89.2,57.0,98.1,72.0,2026-06-18 11:40:00,3086552
90.4,55.1,100.2,72.1,2026-06-18 12:00:00,3086552
91.1,52.8,100.6,71.4,2026-06-18 12:20:00,3086552
91.2,52.2,100.8,71.2,2026-06-18 12:40:00,3086552
94.6,48.8,106.0,72.3,2026-06-18 13:00:00,3086552
94.6,46.1,104.2,70.6,2026-06-18 13:20:00,3086552
95.1,46.9,106.0,71.6,2026-06-18 13:40:00,3086552
95.7,45.8,106.9,71.5,2026-06-18 14:00:00,3086552
94.0,45.1,102.4,69.5,2026-06-18 14:20:00,3086552
95.1,45.2,104.7,70.6,2026-06-18 14:40:00,3086552
95.8,43.9,105.6,70.3,2026-06-18 15:00:00,3086552
97.0,45.0,108.9,72.1,2026-06-18 15:20:00,3086552
97.4,42.8,108.5,71.0,2026-06-18 15:40:00,3086552
90.2,44.6,94.6,65.8,2026-06-18 16:00:00,3086552
82.5,60.9,85.6,67.6,2026-06-18 16:20:00,3086552
82.9,62.1,86.7,68.6,2026-06-18 16:40:00,3086552
82.2,63.8,86.0,68.8,2026-06-18 17:00:00,3086552
84.7,63.0,90.7,70.6,2026-06-18 17:20:00,3086552
85.7,60.8,92.3,70.6,2026-06-18 17:40:00,3086552
86.0,59.4,92.5,70.2,2026-06-18 18:00:00,3086552
86.6,58.4,93.2,70.3,2026-06-18 18:20:00,3086552
87.3,57.7,94.3,70.6,2026-06-18 18:40:00,3086552
87.7,55.8,94.3,70.0,2026-06-18 19:00:00,3086552
87.5,56.7,94.3,70.2,2026-06-18 19:20:00,3086552
86.0,63.2,93.6,72.0,2026-06-18 19:40:00,3086552
84.6,66.1,91.8,72.0,2026-06-18 20:00:00,3086552
83.9,67.3,90.5,71.9,2026-06-18 20:20:00,3086552
82.9,70.3,89.1,72.2,2026-06-18 20:40:00,3086552
82.8,70.8,89.1,72.3,2026-06-18 21:00:00,3086552
82.8,70.6,89.1,72.2,2026-06-18 21:20:00,3086552
83.3,68.5,89.8,71.9,2026-06-18 21:40:00,3086552
82.5,67.0,87.3,70.4,2026-06-18 22:00:00,3086552
80.4,71.5,84.7,70.4,2026-06-18 22:20:00,3086552
77.7,76.6,80.4,69.8,2026-06-18 22:40:00,3086552
76.9,80.8,79.7,70.5,2026-06-18 23:00:00,3086552
76.2,82.3,78.6,70.4,2026-06-18 23:20:00,3086552
75.9,84.3,78.6,70.9,2026-06-18 23:40:00,3086552
75.7,85.6,78.3,71.1,2026-06-19 00:00:00,3086552
75.7,85.4,78.3,71.0,2026-06-19 00:20:00,3086552
75.8,84.4,78.4,70.8,2026-06-19 00:40:00,3086552
75.5,83.6,77.9,70.2,2026-06-19 01:00:00,3086552
75.3,83.6,77.7,70.0,2026-06-19 01:20:00,3086552
75.3,83.3,77.7,69.9,2026-06-19 01:40:00,3086552
75.2,83.4,77.7,69.8,2026-06-19 02:00:00,3086552
75.3,83.7,77.7,70.1,2026-06-19 02:20:00,3086552
75.4,84.3,77.9,70.3,2026-06-19 02:40:00,3086552
75.3,85.5,77.9,70.6,2026-06-19 03:00:00,3086552
74.9,86.0,77.4,70.4,2026-06-19 03:20:00,3086552
74.3,87.5,77.0,70.4,2026-06-19 03:40:00,3086552
72.9,90.3,75.4,69.9,2026-06-19 04:00:00,3086552
72.0,93.0,74.1,69.8,2026-06-19 04:20:00,3086552
71.5,94.7,73.6,69.9,2026-06-19 04:40:00,3086552
71.3,95.7,73.4,70.0,2026-06-19 05:00:00,3086552
71.1,96.4,73.0,70.0,2026-06-19 05:20:00,3086552
70.8,96.9,72.7,69.9,2026-06-19 05:40:00,3086552
70.9,97.5,73.0,70.2,2026-06-19 06:00:00,3086552
70.9,98.1,73.0,70.3,2026-06-19 06:20:00,3086552
71.2,98.6,73.2,70.8,2026-06-19 06:40:00,3086552
71.1,98.8,73.2,70.7,2026-06-19 07:00:00,3086552
71.3,99.1,73.6,71.0,2026-06-19 07:20:00,3086552
71.2,99.3,73.4,71.0,2026-06-19 07:40:00,3086552
71.1,99.4,73.4,70.9,2026-06-19 08:00:00,3086552
71.3,99.6,73.6,71.2,2026-06-19 08:20:00,3086552
71.7,99.7,74.1,71.6,2026-06-19 08:40:00,3086552
72.0,99.7,74.7,71.9,2026-06-19 09:00:00,3086552
72.2,99.7,75.0,72.1,2026-06-19 09:20:00,3086552
72.3,99.6,75.0,72.2,2026-06-19 09:40:00,3086552
72.8,99.6,75.7,72.7,2026-06-19 10:00:00,3086552
74.0,99.4,77.7,73.8,2026-06-19 10:20:00,3086552
74.1,96.8,77.4,73.1,2026-06-19 10:40:00,3086552
75.1,94.2,78.6,73.4,2026-06-19 11:00:00,3086552
75.1,94.0,78.6,73.2,2026-06-19 11:20:00,3086552
76.0,91.1,79.3,73.2,2026-06-19 11:40:00,3086552
77.2,89.8,81.7,74.0,2026-06-19 12:00:00,3086552
78.4,83.0,82.9,72.8,2026-06-19 12:20:00,3086552
79.2,81.8,84.6,73.1,2026-06-19 12:40:00,3086552
81.0,77.7,87.3,73.3,2026-06-19 13:00:00,3086552
82.7,70.4,88.5,72.1,2026-06-19 13:20:00,3086552
84.4,67.7,91.6,72.5,2026-06-19 13:40:00,3086552
84.8,66.6,92.3,72.4,2026-06-19 14:00:00,3086552
85.2,62.4,91.8,70.9,2026-06-19 14:20:00,3086552
86.6,58.9,93.4,70.5,2026-06-19 14:40:00,3086552
86.9,55.5,92.3,69.0,2026-06-19 15:00:00,3086552
87.0,53.8,92.1,68.2,2026-06-19 15:20:00,3086552
88.8,51.8,94.8,68.8,2026-06-19 15:40:00,3086552
88.2,46.4,91.6,65.0,2026-06-19 16:00:00,3086552
87.7,49.3,91.8,66.3,2026-06-19 16:20:00,3086552
86.5,48.4,89.4,64.7,2026-06-19 16:40:00,3086552
86.2,46.8,88.5,63.4,2026-06-19 17:00:00,3086552
86.6,49.3,90.0,65.3,2026-06-19 17:20:00,3086552
85.3,49.9,88.0,64.5,2026-06-19 17:40:00,3086552
85.6,48.9,88.0,64.1,2026-06-19 18:00:00,3086552
85.7,49.1,88.3,64.4,2026-06-19 18:20:00,3086552
85.0,48.8,87.1,63.6,2026-06-19 18:40:00,3086552
84.2,48.4,85.6,62.6,2026-06-19 19:00:00,3086552
83.9,48.2,85.1,62.3,2026-06-19 19:20:00,3086552
83.4,47.4,83.8,61.3,2026-06-19 19:40:00,3086552
82.4,48.7,82.6,61.1,2026-06-19 20:00:00,3086552
81.0,50.7,81.1,61.0,2026-06-19 20:20:00,3086552
79.6,55.9,80.1,62.5,2026-06-19 20:40:00,3086552
80.0,51.0,79.9,60.2,2026-06-19 21:00:00,3086552
79.2,50.1,78.8,59.0,2026-06-19 21:20:00,3086552
78.2,49.4,77.2,57.7,2026-06-19 21:40:00,3086552
76.8,55.8,76.1,59.8,2026-06-19 22:00:00,3086552
75.5,58.4,75.0,59.9,2026-06-19 22:20:00,3086552
75.5,54.5,74.7,58.0,2026-06-19 22:40:00,3086552
75.7,54.9,74.8,58.3,2026-06-19 23:00:00,3086552
74.9,52.4,73.9,56.4,2026-06-19 23:20:00,3086552
75.2,50.6,73.9,55.6,2026-06-19 23:40:00,3086552
74.7,50.7,73.6,55.2,2026-06-20 00:00:00,3086552
73.7,51.0,72.7,54.5,2026-06-20 00:20:00,3086552
72.9,55.7,72.5,56.2,2026-06-20 00:40:00,3086552
71.4,55.8,70.9,54.8,2026-06-20 01:00:00,3086552
70.5,58.0,70.2,55.0,2026-06-20 01:20:00,3086552
69.7,60.6,69.3,55.5,2026-06-20 01:40:00,3086552
68.6,62.3,67.8,55.2,2026-06-20 02:00:00,3086552
67.6,65.0,66.6,55.4,2026-06-20 02:20:00,3086552
66.9,67.3,65.7,55.7,2026-06-20 02:40:00,3086552
66.8,68.7,65.8,56.2,2026-06-20 03:00:00,3086552
66.8,67.3,65.7,55.7,2026-06-20 03:20:00,3086552
66.2,68.6,64.9,55.5,2026-06-20 03:40:00,3086552
65.7,68.6,64.4,55.1,2026-06-20 04:00:00,3086552
65.1,70.3,63.7,55.1,2026-06-20 04:20:00,3086552
64.6,72.8,63.3,55.6,2026-06-20 04:40:00,3086552
63.8,73.3,62.8,55.1,2026-06-20 05:00:00,3086552
63.4,73.8,62.4,54.9,2026-06-20 05:20:00,3086552
62.9,76.5,62.1,55.4,2026-06-20 05:40:00,3086552
63.1,76.9,62.4,55.7,2026-06-20 06:00:00,3086552
63.3,77.1,62.8,56.0,2026-06-20 06:20:00,3086552
63.9,77.4,63.3,56.7,2026-06-20 06:40:00,3086552
64.6,76.3,63.9,57.0,2026-06-20 07:00:00,3086552
66.0,72.8,64.9,57.0,2026-06-20 07:20:00,3086552
68.2,67.8,67.8,57.1,2026-06-20 07:40:00,3086552
70.1,65.5,70.0,58.0,2026-06-20 08:00:00,3086552
72.3,59.8,72.0,57.5,2026-06-20 08:20:00,3086552
73.9,57.4,73.4,57.9,2026-06-20 08:40:00,3086552
75.7,54.6,74.8,58.2,2026-06-20 09:00:00,3086552
76.7,50.7,75.6,57.1,2026-06-20 09:20:00,3086552
77.6,49.4,76.5,57.2,2026-06-20 09:40:00,3086552
78.9,46.6,77.7,56.8,2026-06-20 10:00:00,3086552
80.2,41.2,78.4,54.6,2026-06-20 10:20:00,3086552
80.7,40.8,79.0,54.7,2026-06-20 10:40:00,3086552
81.8,38.5,79.9,54.1,2026-06-20 11:00:00,3086552
81.7,35.5,79.3,51.8,2026-06-20 11:20:00,3086552
82.9,36.2,81.0,53.3,2026-06-20 11:40:00,3086552
84.0,33.0,81.9,51.8,2026-06-20 12:00:00,3086552
84.9,31.7,82.4,51.5,2026-06-20 12:20:00,3086552
85.7,33.8,84.0,54.0,2026-06-20 12:40:00,3086552
85.0,32.8,82.9,52.5,2026-06-20 13:00:00,3086552
85.9,34.2,84.6,54.5,2026-06-20 13:20:00,3086552
87.2,32.6,85.6,54.2,2026-06-20 13:40:00,3086552
86.3,32.7,84.6,53.6,2026-06-20 14:00:00,3086552
86.6,29.6,84.2,51.1,2026-06-20 14:20:00,3086552
87.3,31.2,85.6,53.2,2026-06-20 14:40:00,3086552
87.7,31.2,85.8,53.4,2026-06-20 15:00:00,3086552
86.9,31.5,85.1,53.1,2026-06-20 15:20:00,3086552
86.6,30.9,84.6,52.4,2026-06-20 15:40:00,3086552
88.5,30.8,87.1,53.8,2026-06-20 16:00:00,3086552
87.2,32.8,85.6,54.4,2026-06-20 16:20:00,3086552
86.7,32.4,85.3,53.7,2026-06-20 16:40:00,3086552
85.9,32.8,84.0,53.3,2026-06-20 17:00:00,3086552
87.1,33.7,86.0,55.1,2026-06-20 17:20:00,3086552
86.1,33.6,84.6,54.2,2026-06-20 17:40:00,3086552
85.9,33.5,84.2,53.9,2026-06-20 18:00:00,3086552
85.3,35.3,84.0,54.8,2026-06-20 18:20:00,3086552
85.1,35.8,83.8,55.0,2026-06-20 18:40:00,3086552
84.7,37.0,83.5,55.5,2026-06-20 19:00:00,3086552
84.2,38.0,83.3,55.9,2026-06-20 19:20:00,3086552
83.4,38.9,82.0,55.9,2026-06-20 19:40:00,3086552
82.8,40.4,81.7,56.3,2026-06-20 20:00:00,3086552
81.9,41.3,80.6,56.1,2026-06-20 20:20:00,3086552
80.4,43.3,79.0,56.0,2026-06-20 20:40:00,3086552
79.2,45.8,78.1,56.5,2026-06-20 21:00:00,3086552
78.5,46.9,77.4,56.6,2026-06-20 21:20:00,3086552
77.9,48.2,76.5,56.8,2026-06-20 21:40:00,3086552
77.2,49.0,75.7,56.6,2026-06-20 22:00:00,3086552
76.7,50.5,75.6,56.9,2026-06-20 22:20:00,3086552
76.4,50.9,75.2,56.8,2026-06-20 22:40:00,3086552
75.8,52.6,74.8,57.3,2026-06-20 23:00:00,3086552
75.0,54.8,74.1,57.6,2026-06-20 23:20:00,3086552
74.4,54.8,73.6,57.1,2026-06-20 23:40:00,3086552
73.8,58.0,73.4,58.1,2026-06-21 00:00:00,3086552
73.2,58.9,72.9,58.0,2026-06-21 00:20:00,3086552
72.8,59.6,72.5,57.9,2026-06-21 00:40:00,3086552
72.6,59.4,72.3,57.7,2026-06-21 01:00:00,3086552
72.3,61.2,72.1,58.2,2026-06-21 01:20:00,3086552
71.8,60.9,71.8,57.6,2026-06-21 01:40:00,3086552
71.6,62.0,71.8,57.9,2026-06-21 02:00:00,3086552
71.5,62.7,71.6,58.2,2026-06-21 02:20:00,3086552
70.9,65.0,71.2,58.6,2026-06-21 02:40:00,3086552
70.2,67.1,70.3,58.7,2026-06-21 03:00:00,3086552
69.7,67.6,69.6,58.6,2026-06-21 03:20:00,3086552
69.3,69.6,69.4,58.9,2026-06-21 03:40:00,3086552
68.8,71.6,68.7,59.2,2026-06-21 04:00:00,3086552
68.4,73.3,68.4,59.5,2026-06-21 04:20:00,3086552
68.2,73.8,68.2,59.5,2026-06-21 04:40:00,3086552
67.9,75.1,68.0,59.7,2026-06-21 05:00:00,3086552
67.5,76.6,67.5,59.9,2026-06-21 05:20:00,3086552
67.2,77.4,67.1,59.9,2026-06-21 05:40:00,3086552
67.2,78.1,67.1,60.1,2026-06-21 06:00:00,3086552
67.2,78.6,67.1,60.3,2026-06-21 06:20:00,3086552
67.2,79.7,67.3,60.7,2026-06-21 06:40:00,3086552
67.5,80.5,67.6,61.3,2026-06-21 07:00:00,3086552
68.7,80.6,69.1,62.5,2026-06-21 07:20:00,3086552
69.8,80.6,70.7,63.6,2026-06-21 07:40:00,3086552
71.4,79.3,72.5,64.7,2026-06-21 08:00:00,3086552
73.5,77.0,74.8,65.8,2026-06-21 08:20:00,3086552
76.0,68.1,76.6,64.7,2026-06-21 08:40:00,3086552
78.2,64.2,79.3,65.1,2026-06-21 09:00:00,3086552
79.5,59.5,80.6,64.2,2026-06-21 09:20:00,3086552
80.8,59.3,82.8,65.3,2026-06-21 09:40:00,3086552
82.6,52.7,84.0,63.6,2026-06-21 10:00:00,3086552
83.8,48.3,84.7,62.2,2026-06-21 10:20:00,3086552
85.3,45.0,86.2,61.5,2026-06-21 10:40:00,3086552
86.0,43.2,87.1,61.1,2026-06-21 11:00:00,3086552
87.2,42.7,88.7,61.8,2026-06-21 11:20:00,3086552
87.7,38.8,88.3,59.5,2026-06-21 11:40:00,3086552
89.1,38.1,90.5,60.3,2026-06-21 12:00:00,3086552
89.9,37.7,91.4,60.7,2026-06-21 12:20:00,3086552
90.6,35.6,91.8,59.7,2026-06-21 12:40:00,3086552
91.2,33.6,92.3,58.6,2026-06-21 13:00:00,3086552
90.9,35.8,92.7,60.1,2026-06-21 13:20:00,3086552
91.5,35.2,93.0,60.1,2026-06-21 13:40:00,3086552
91.9,39.3,95.9,63.7,2026-06-21 14:00:00,3086552
91.1,37.2,93.4,61.3,2026-06-21 14:20:00,3086552
89.9,37.4,91.2,60.4,2026-06-21 14:40:00,3086552
92.8,34.2,94.6,60.4,2026-06-21 15:00:00,3086552
93.8,33.7,96.3,60.9,2026-06-21 15:20:00,3086552
94.7,33.6,97.7,61.6,2026-06-21 15:40:00,3086552
94.1,33.2,96.4,60.8,2026-06-21 16:00:00,3086552
93.7,32.3,95.2,59.6,2026-06-21 16:20:00,3086552
92.6,34.8,94.6,60.8,2026-06-21 16:40:00,3086552
91.9,34.5,93.4,60.0,2026-06-21 17:00:00,3086552
90.0,38.2,91.9,61.2,2026-06-21 17:20:00,3086552
90.4,38.5,92.7,61.7,2026-06-21 17:40:00,3086552
89.5,41.3,92.1,62.9,2026-06-21 18:00:00,3086552
89.1,41.1,91.4,62.4,2026-06-21 18:20:00,3086552
89.1,42.4,91.9,63.3,2026-06-21 18:40:00,3086552
88.9,42.5,91.6,63.2,2026-06-21 19:00:00,3086552
88.5,43.0,91.0,63.2,2026-06-21 19:20:00,3086552
88.1,44.4,90.5,63.7,2026-06-21 19:40:00,3086552
87.2,46.0,89.6,63.9,2026-06-21 20:00:00,3086552
86.5,46.7,88.7,63.8,2026-06-21 20:20:00,3086552
85.7,47.2,87.6,63.3,2026-06-21 20:40:00,3086552
84.9,48.1,86.7,63.1,2026-06-21 21:00:00,3086552
84.2,49.1,85.6,63.0,2026-06-21 21:20:00,3086552
83.6,49.3,84.7,62.6,2026-06-21 21:40:00,3086552
82.7,50.8,83.5,62.6,2026-06-21 22:00:00,3086552
81.4,53.3,82.2,62.8,2026-06-21 22:20:00,3086552
80.9,54.7,81.7,63.1,2026-06-21 22:40:00,3086552
80.4,55.7,81.3,63.2,2026-06-21 23:00:00,3086552
80.1,57.3,81.1,63.6,2026-06-21 23:20:00,3086552
80.1,59.4,81.7,64.7,2026-06-21 23:40:00,3086552
79.6,62.8,81.3,65.8,2026-06-22 00:00:00,3086552
79.1,65.9,81.1,66.7,2026-06-22 00:20:00,3086552
78.7,68.1,81.0,67.3,2026-06-22 00:40:00,3086552
78.2,69.6,80.2,67.5,2026-06-22 01:00:00,3086552
77.6,71.1,79.5,67.5,2026-06-22 01:20:00,3086552
98.5,38.2,107.6,68.6,2026-06-14 14:20:00,2974346
99.1,36.7,107.6,68.0,2026-06-14 14:40:00,2974346
98.5,37.6,107.2,68.2,2026-06-14 15:00:00,2974346
99.5,35.2,107.6,67.2,2026-06-14 15:20:00,2974346
99.8,35.9,108.3,68.0,2026-06-14 15:40:00,2974346
101.4,35.8,111.7,69.3,2026-06-14 16:00:00,2974346
99.0,37.6,108.3,68.6,2026-06-14 16:20:00,2974346
99.2,36.3,107.8,67.8,2026-06-14 16:40:00,2974346
98.8,35.8,106.2,67.0,2026-06-14 17:00:00,2974346
98.2,33.3,103.6,64.5,2026-06-14 17:20:00,2974346
97.7,32.8,102.6,63.5,2026-06-14 17:40:00,2974346
98.3,33.2,103.6,64.4,2026-06-14 18:00:00,2974346
97.4,33.7,102.6,64.1,2026-06-14 18:20:00,2974346
96.5,33.1,100.6,62.7,2026-06-14 18:40:00,2974346
91.4,43.9,96.4,66.3,2026-06-14 19:00:00,2974346
83.9,60.3,88.3,68.7,2026-06-14 19:20:00,2974346
79.4,76.5,83.8,71.4,2026-06-14 19:40:00,2974346
79.3,81.1,84.4,73.0,2026-06-14 20:00:00,2974346
79.2,78.1,83.8,71.7,2026-06-14 20:20:00,2974346
78.9,78.0,83.1,71.5,2026-06-14 20:40:00,2974346
79.5,75.3,83.8,71.0,2026-06-14 21:00:00,2974346
79.7,71.8,83.5,69.8,2026-06-14 21:20:00,2974346
80.0,71.7,83.8,70.0,2026-06-14 21:40:00,2974346
79.8,71.8,83.5,69.9,2026-06-14 22:00:00,2974346
80.3,70.7,84.2,69.9,2026-06-14 22:20:00,2974346
80.2,70.6,84.0,69.8,2026-06-14 22:40:00,2974346
79.8,71.6,83.5,69.8,2026-06-14 23:00:00,2974346
79.4,72.3,82.9,69.6,2026-06-14 23:20:00,2974346
79.2,72.5,82.8,69.5,2026-06-14 23:40:00,2974346
79.0,72.9,82.4,69.5,2026-06-15 00:00:00,2974346
78.9,73.2,82.0,69.5,2026-06-15 00:20:00,2974346
78.8,73.6,81.9,69.6,2026-06-15 00:40:00,2974346
78.9,73.7,82.2,69.8,2026-06-15 01:00:00,2974346
78.7,74.1,82.0,69.8,2026-06-15 01:20:00,2974346
78.7,74.4,82.0,69.8,2026-06-15 01:40:00,2974346
78.8,74.6,82.0,70.0,2026-06-15 02:00:00,2974346
78.7,74.9,82.0,70.0,2026-06-15 02:20:00,2974346
78.6,75.3,81.9,70.1,2026-06-15 02:40:00,2974346
78.4,75.5,81.5,70.0,2026-06-15 03:00:00,2974346
78.1,76.2,81.3,70.0,2026-06-15 03:20:00,2974346
77.6,77.1,80.4,69.9,2026-06-15 03:40:00,2974346
77.1,78.0,79.5,69.7,2026-06-15 04:00:00,2974346
76.5,79.2,78.8,69.5,2026-06-15 04:20:00,2974346
76.1,79.9,78.1,69.4,2026-06-15 04:40:00,2974346
76.4,78.8,78.3,69.3,2026-06-15 05:00:00,2974346
76.1,77.7,77.9,68.6,2026-06-15 05:20:00,2974346
75.8,78.0,77.7,68.5,2026-06-15 05:40:00,2974346
75.7,73.0,76.8,66.4,2026-06-15 06:00:00,2974346
75.9,68.0,76.5,64.6,2026-06-15 06:20:00,2974346
76.3,65.2,76.6,63.7,2026-06-15 06:40:00,2974346
76.8,64.1,77.0,63.7,2026-06-15 07:00:00,2974346
76.8,62.9,77.2,63.2,2026-06-15 07:20:00,2974346
76.5,61.9,76.6,62.4,2026-06-15 07:40:00,2974346
77.9,60.6,78.6,63.2,2026-06-15 08:00:00,2974346
78.8,59.5,79.7,63.5,2026-06-15 08:20:00,2974346
78.3,57.2,78.6,61.9,2026-06-15 08:40:00,2974346
78.6,57.7,79.0,62.4,2026-06-15 09:00:00,2974346
78.0,55.3,77.9,60.7,2026-06-15 09:20:00,2974346
78.4,51.5,77.7,59.0,2026-06-15 09:40:00,2974346
79.0,50.1,78.6,58.9,2026-06-15 10:00:00,2974346
82.6,48.5,82.8,61.2,2026-06-15 10:20:00,2974346
81.3,47.5,81.0,59.5,2026-06-15 10:40:00,2974346
80.7,48.7,80.4,59.6,2026-06-15 11:00:00,2974346
82.0,42.9,81.0,57.3,2026-06-15 11:20:00,2974346
84.3,38.2,83.3,56.1,2026-06-15 11:40:00,2974346
86.6,35.6,85.8,56.2,2026-06-15 12:00:00,2974346
85.3,37.0,84.6,56.2,2026-06-15 12:20:00,2974346
85.0,35.9,83.7,55.0,2026-06-15 12:40:00,2974346
87.5,35.7,86.9,57.0,2026-06-15 13:00:00,2974346
88.1,33.5,87.1,55.8,2026-06-15 13:20:00,2974346
87.5,34.4,86.7,55.9,2026-06-15 13:40:00,2974346
87.9,34.1,87.1,56.1,2026-06-15 14:00:00,2974346
87.6,31.9,86.2,54.1,2026-06-15 14:20:00,2974346
88.4,32.1,87.3,54.9,2026-06-15 14:40:00,2974346
89.1,31.1,87.8,54.6,2026-06-15 15:00:00,2974346
89.3,31.1,88.2,54.8,2026-06-15 15:20:00,2974346
90.5,31.5,90.0,56.2,2026-06-15 15:40:00,2974346
88.5,32.6,87.4,55.4,2026-06-15 16:00:00,2974346
89.7,29.8,88.2,54.0,2026-06-15 16:20:00,2974346
90.3,29.1,88.9,53.9,2026-06-15 16:40:00,2974346
91.8,29.7,91.4,55.7,2026-06-15 17:00:00,2974346
91.2,29.8,90.5,55.3,2026-06-15 17:20:00,2974346
91.5,29.9,90.9,55.5,2026-06-15 17:40:00,2974346
90.9,30.3,90.3,55.4,2026-06-15 18:00:00,2974346
88.9,31.8,87.8,55.1,2026-06-15 18:20:00,2974346
87.9,33.1,86.7,55.3,2026-06-15 18:40:00,2974346
87.4,32.5,85.8,54.4,2026-06-15 19:00:00,2974346
87.6,32.9,86.2,54.8,2026-06-15 19:20:00,2974346
87.2,33.2,85.8,54.8,2026-06-15 19:40:00,2974346
84.0,34.8,82.2,53.3,2026-06-15 20:00:00,2974346
82.5,36.3,80.4,53.2,2026-06-15 20:20:00,2974346
81.6,36.8,79.3,52.7,2026-06-15 20:40:00,2974346
80.2,38.7,78.1,52.8,2026-06-15 21:00:00,2974346
79.2,39.7,77.2,52.6,2026-06-15 21:20:00,2974346
77.9,41.2,75.7,52.4,2026-06-15 21:40:00,2974346
77.0,41.9,75.0,52.1,2026-06-15 22:00:00,2974346
76.2,42.7,74.1,51.9,2026-06-15 22:20:00,2974346
75.5,43.7,73.6,51.9,2026-06-15 22:40:00,2974346
74.9,43.9,73.2,51.4,2026-06-15 23:00:00,2974346
74.4,45.0,72.9,51.7,2026-06-15 23:20:00,2974346
74.0,45.9,72.5,51.8,2026-06-15 23:40:00,2974346
73.1,46.9,71.8,51.7,2026-06-16 00:00:00,2974346
73.1,47.5,71.8,51.9,2026-06-16 00:20:00,2974346
72.7,47.6,71.6,51.7,2026-06-16 00:40:00,2974346
72.6,48.9,71.6,52.3,2026-06-16 01:00:00,2974346
72.1,49.0,71.1,51.9,2026-06-16 01:20:00,2974346
71.8,48.9,70.9,51.6,2026-06-16 01:40:00,2974346
71.4,48.9,70.3,51.2,2026-06-16 02:00:00,2974346
71.2,48.5,70.2,50.8,2026-06-16 02:20:00,2974346
70.8,48.5,70.0,50.5,2026-06-16 02:40:00,2974346
70.5,49.1,69.4,50.5,2026-06-16 03:00:00,2974346
70.1,49.4,68.9,50.3,2026-06-16 03:20:00,2974346
69.9,49.5,68.5,50.1,2026-06-16 03:40:00,2974346
69.7,49.7,68.4,50.0,2026-06-16 04:00:00,2974346
69.1,50.5,67.6,50.0,2026-06-16 04:20:00,2974346
68.5,51.4,66.7,49.9,2026-06-16 04:40:00,2974346
68.3,52.0,66.4,50.0,2026-06-16 05:00:00,2974346
68.3,52.0,66.4,50.1,2026-06-16 05:20:00,2974346
68.3,52.5,66.6,50.3,2026-06-16 05:40:00,2974346
68.3,52.9,66.6,50.5,2026-06-16 06:00:00,2974346
68.1,54.1,66.4,50.9,2026-06-16 06:20:00,2974346
68.2,54.7,66.7,51.3,2026-06-16 06:40:00,2974346
68.3,55.4,66.7,51.8,2026-06-16 07:00:00,2974346
68.5,56.0,67.1,52.2,2026-06-16 07:20:00,2974346
68.8,56.1,67.6,52.5,2026-06-16 07:40:00,2974346
69.7,55.5,68.9,53.1,2026-06-16 08:00:00,2974346
70.4,55.2,70.0,53.6,2026-06-16 08:20:00,2974346
70.8,54.7,70.3,53.7,2026-06-16 08:40:00,2974346
71.6,54.3,70.9,54.2,2026-06-16 09:00:00,2974346
73.0,54.0,72.3,55.3,2026-06-16 09:20:00,2974346
73.6,51.6,72.7,54.6,2026-06-16 09:40:00,2974346
75.1,49.6,73.8,54.9,2026-06-16 10:00:00,2974346
74.7,49.3,73.4,54.4,2026-06-16 10:20:00,2974346
76.9,48.0,75.4,55.7,2026-06-16 10:40:00,2974346
77.6,47.1,76.3,55.8,2026-06-16 11:00:00,2974346
78.3,45.6,77.0,55.6,2026-06-16 11:20:00,2974346
78.0,45.9,76.5,55.4,2026-06-16 11:40:00,2974346
79.2,44.5,77.9,55.8,2026-06-16 12:00:00,2974346
79.6,43.4,78.1,55.4,2026-06-16 12:20:00,2974346
80.7,42.5,79.3,55.8,2026-06-16 12:40:00,2974346
80.9,42.1,79.5,55.7,2026-06-16 13:00:00,2974346
81.0,41.9,79.5,55.7,2026-06-16 13:20:00,2974346
84.4,38.8,83.3,56.6,2026-06-16 13:40:00,2974346
84.7,38.4,83.8,56.6,2026-06-16 14:00:00,2974346
84.0,39.5,82.9,56.8,2026-06-16 14:20:00,2974346
85.8,37.9,85.1,57.2,2026-06-16 14:40:00,2974346
86.3,36.6,85.6,56.7,2026-06-16 15:00:00,2974346
85.2,38.7,84.6,57.2,2026-06-16 15:20:00,2974346
88.2,37.1,88.5,58.7,2026-06-16 15:40:00,2974346
87.5,37.0,87.3,58.0,2026-06-16 16:00:00,2974346
85.5,39.3,85.3,57.9,2026-06-16 16:20:00,2974346
85.0,40.3,84.7,58.2,2026-06-16 16:40:00,2974346
84.6,41.2,84.6,58.4,2026-06-16 17:00:00,2974346
83.8,43.8,83.7,59.4,2026-06-16 17:20:00,2974346
83.2,45.4,83.1,59.9,2026-06-16 17:40:00,2974346
82.3,46.9,82.2,60.0,2026-06-16 18:00:00,2974346
82.0,46.9,81.7,59.7,2026-06-16 18:20:00,2974346
82.2,46.6,81.7,59.7,2026-06-16 18:40:00,2974346
81.6,45.9,81.1,58.7,2026-06-16 19:00:00,2974346
81.1,46.7,80.6,58.8,2026-06-16 19:20:00,2974346
80.8,47.0,80.4,58.7,2026-06-16 19:40:00,2974346
80.1,48.0,79.5,58.6,2026-06-16 20:00:00,2974346
79.5,48.5,78.8,58.4,2026-06-16 20:20:00,2974346
78.8,48.9,77.9,57.9,2026-06-16 20:40:00,2974346
78.0,50.2,77.2,58.0,2026-06-16 21:00:00,2974346
77.3,51.2,76.3,57.9,2026-06-16 21:20:00,2974346
76.8,52.3,75.7,58.0,2026-06-16 21:40:00,2974346
76.3,53.4,75.4,58.2,2026-06-16 22:00:00,2974346
75.8,54.6,75.0,58.3,2026-06-16 22:20:00,2974346
75.4,55.7,74.8,58.4,2026-06-16 22:40:00,2974346
75.0,56.7,74.3,58.6,2026-06-16 23:00:00,2974346
74.6,57.6,74.1,58.7,2026-06-16 23:20:00,2974346
74.4,58.3,73.9,58.8,2026-06-16 23:40:00,2974346
74.0,59.3,73.8,58.9,2026-06-17 00:00:00,2974346
73.7,60.5,73.6,59.2,2026-06-17 00:20:00,2974346
73.3,62.3,73.4,59.6,2026-06-17 00:40:00,2974346
72.9,63.7,73.2,59.8,2026-06-17 01:00:00,2974346
72.5,65.0,72.9,60.1,2026-06-17 01:20:00,2974346
72.1,66.3,72.5,60.3,2026-06-17 01:40:00,2974346
71.7,67.6,72.1,60.5,2026-06-17 02:00:00,2974346
71.4,69.2,72.0,60.8,2026-06-17 02:20:00,2974346
71.3,70.7,72.0,61.3,2026-06-17 02:40:00,2974346
71.2,71.5,71.8,61.5,2026-06-17 03:00:00,2974346
70.9,72.4,71.8,61.6,2026-06-17 03:20:00,2974346
70.7,73.6,71.6,61.9,2026-06-17 03:40:00,2974346
70.6,74.5,71.2,62.1,2026-06-17 04:00:00,2974346
70.3,75.4,71.1,62.2,2026-06-17 04:20:00,2974346
70.1,76.2,70.7,62.2,2026-06-17 04:40:00,2974346
69.9,76.6,70.5,62.2,2026-06-17 05:00:00,2974346
69.6,77.4,70.3,62.2,2026-06-17 05:20:00,2974346
69.4,78.1,69.8,62.2,2026-06-17 05:40:00,2974346
69.1,78.7,69.4,62.2,2026-06-17 06:00:00,2974346
68.9,79.1,69.6,62.2,2026-06-17 06:20:00,2974346
70.6,78.5,71.4,63.5,2026-06-17 06:40:00,2974346
72.1,74.7,73.2,63.7,2026-06-17 07:00:00,2974346
73.9,71.0,74.7,63.9,2026-06-17 07:20:00,2974346
73.8,71.8,74.7,64.1,2026-06-17 07:40:00,2974346
76.1,69.3,77.0,65.3,2026-06-17 08:00:00,2974346
75.6,68.5,76.3,64.5,2026-06-17 08:20:00,2974346
76.7,67.2,77.4,65.0,2026-06-17 08:40:00,2974346
76.8,67.0,77.7,65.0,2026-06-17 09:00:00,2974346
77.4,62.3,77.9,63.5,2026-06-17 09:20:00,2974346
78.2,61.1,78.8,63.7,2026-06-17 09:40:00,2974346
79.3,58.5,80.2,63.5,2026-06-17 10:00:00,2974346
82.9,52.4,84.2,63.6,2026-06-17 10:20:00,2974346
84.6,49.5,86.5,63.6,2026-06-17 10:40:00,2974346
83.6,46.1,84.0,60.7,2026-06-17 11:00:00,2974346
84.8,44.2,85.5,60.6,2026-06-17 11:20:00,2974346
89.6,37.3,91.0,60.2,2026-06-17 11:40:00,2974346
89.3,36.7,90.1,59.4,2026-06-17 12:00:00,2974346
90.7,35.9,92.3,60.0,2026-06-17 12:20:00,2974346
90.1,34.5,90.9,58.4,2026-06-17 12:40:00,2974346
90.8,34.4,91.6,58.9,2026-06-17 13:00:00,2974346
91.4,33.6,92.5,58.7,2026-06-17 13:20:00,2974346
91.9,33.3,92.8,58.9,2026-06-17 13:40:00,2974346
91.9,34.2,93.6,59.7,2026-06-17 14:00:00,2974346
93.4,33.6,95.2,60.5,2026-06-17 14:20:00,2974346
93.8,32.4,95.5,59.9,2026-06-17 14:40:00,2974346
93.9,33.0,96.1,60.4,2026-06-17 15:00:00,2974346
94.2,32.3,96.1,60.1,2026-06-17 15:20:00,2974346
92.9,33.8,94.8,60.2,2026-06-17 15:40:00,2974346
94.4,32.5,96.4,60.4,2026-06-17 16:00:00,2974346
90.8,34.0,91.4,58.6,2026-06-17 16:20:00,2974346
95.6,32.1,98.4,61.1,2026-06-17 16:40:00,2974346
95.2,32.0,97.7,60.7,2026-06-17 17:00:00,2974346
95.5,31.3,97.5,60.2,2026-06-17 17:20:00,2974346
96.4,31.0,99.0,60.8,2026-06-17 17:40:00,2974346
93.9,32.0,95.5,59.6,2026-06-17 18:00:00,2974346
90.6,35.0,91.6,59.2,2026-06-17 18:20:00,2974346
91.5,36.5,93.6,61.2,2026-06-17 18:40:00,2974346
90.4,38.1,92.5,61.4,2026-06-17 19:00:00,2974346
89.8,39.2,91.9,61.7,2026-06-17 19:20:00,2974346
89.8,40.0,92.3,62.2,2026-06-17 19:40:00,2974346
87.5,42.5,89.1,61.9,2026-06-17 20:00:00,2974346
86.1,44.0,87.3,61.6,2026-06-17 20:20:00,2974346
85.3,46.1,86.5,62.2,2026-06-17 20:40:00,2974346
84.3,48.2,85.6,62.6,2026-06-17 21:00:00,2974346
83.1,50.9,84.2,63.1,2026-06-17 21:20:00,2974346
82.5,53.6,83.8,64.0,2026-06-17 21:40:00,2974346
82.2,56.6,83.8,65.2,2026-06-17 22:00:00,2974346
81.9,58.3,84.0,65.8,2026-06-17 22:20:00,2974346
81.4,60.4,83.7,66.3,2026-06-17 22:40:00,2974346
80.8,62.2,83.3,66.6,2026-06-17 23:00:00,2974346
80.3,63.4,82.6,66.8,2026-06-17 23:20:00,2974346
80.1,63.3,82.4,66.5,2026-06-17 23:40:00,2974346
79.8,63.2,81.9,66.1,2026-06-18 00:00:00,2974346
79.8,61.7,81.5,65.4,2026-06-18 00:20:00,2974346
79.8,61.0,81.3,65.1,2026-06-18 00:40:00,2974346
79.5,61.2,80.8,65.0,2026-06-18 01:00:00,2974346
79.0,61.8,80.4,64.8,2026-06-18 01:20:00,2974346
78.7,62.6,79.9,64.8,2026-06-18 01:40:00,2974346
78.4,63.6,79.5,65.0,2026-06-18 02:00:00,2974346
78.2,64.4,79.3,65.2,2026-06-18 02:20:00,2974346
77.8,65.4,79.0,65.3,2026-06-18 02:40:00,2974346
77.5,67.1,78.6,65.7,2026-06-18 03:00:00,2974346
77.4,68.9,78.8,66.3,2026-06-18 03:20:00,2974346
77.2,71.5,78.6,67.2,2026-06-18 03:40:00,2974346
76.9,73.8,78.6,67.9,2026-06-18 04:00:00,2974346
76.6,75.4,78.3,68.2,2026-06-18 04:20:00,2974346
76.3,76.8,78.1,68.5,2026-06-18 04:40:00,2974346
75.9,77.6,77.7,68.5,2026-06-18 05:00:00,2974346
75.6,78.8,77.5,68.6,2026-06-18 05:20:00,2974346
75.3,79.8,77.2,68.6,2026-06-18 05:40:00,2974346
75.1,80.5,77.0,68.7,2026-06-18 06:00:00,2974346
75.1,81.0,77.2,68.9,2026-06-18 06:20:00,2974346
75.6,80.6,77.7,69.2,2026-06-18 06:40:00,2974346
76.4,79.5,78.4,69.6,2026-06-18 07:00:00,2974346
77.0,77.9,79.5,69.6,2026-06-18 07:20:00,2974346
77.6,77.2,80.4,69.9,2026-06-18 07:40:00,2974346
80.4,73.2,85.1,71.1,2026-06-18 08:00:00,2974346
80.6,71.6,84.7,70.5,2026-06-18 08:20:00,2974346
81.2,69.6,85.6,70.3,2026-06-18 08:40:00,2974346
81.9,68.8,86.5,70.6,2026-06-18 09:00:00,2974346
82.7,67.0,87.6,70.6,2026-06-18 09:20:00,2974346
83.8,64.9,89.4,70.7,2026-06-18 09:40:00,2974346
85.5,63.2,92.7,71.6,2026-06-18 10:00:00,2974346
86.5,61.3,93.9,71.6,2026-06-18 10:20:00,2974346
87.9,57.8,95.4,71.1,2026-06-18 10:40:00,2974346
88.5,58.0,96.6,71.8,2026-06-18 11:00:00,2974346
89.6,56.3,99.0,72.0,2026-06-18 11:20:00,2974346
91.9,52.2,102.0,71.9,2026-06-18 11:40:00,2974346
92.2,51.5,102.4,71.7,2026-06-18 12:00:00,2974346
93.5,49.6,103.8,71.8,2026-06-18 12:20:00,2974346
95.7,47.5,108.1,72.6,2026-06-18 12:40:00,2974346
95.8,46.1,107.1,71.8,2026-06-18 13:00:00,2974346
97.4,44.8,109.9,72.4,2026-06-18 13:20:00,2974346
97.1,45.5,109.6,72.6,2026-06-18 13:40:00,2974346
95.6,45.1,106.0,70.9,2026-06-18 14:00:00,2974346
95.8,44.0,105.6,70.4,2026-06-18 14:20:00,2974346
97.7,42.2,108.9,70.9,2026-06-18 14:40:00,2974346
98.2,42.6,109.9,71.6,2026-06-18 15:00:00,2974346
97.9,43.1,109.9,71.7,2026-06-18 15:20:00,2974346
98.6,42.4,111.0,71.8,2026-06-18 15:40:00,2974346
89.9,44.6,94.1,65.4,2026-06-18 16:00:00,2974346
84.8,55.9,88.9,67.4,2026-06-18 16:20:00,2974346
86.2,54.8,91.2,68.1,2026-06-18 16:40:00,2974346
85.6,56.6,90.3,68.4,2026-06-18 17:00:00,2974346
88.8,54.9,96.3,70.5,2026-06-18 17:20:00,2974346
90.4,51.3,98.2,70.0,2026-06-18 17:40:00,2974346
90.9,50.7,99.3,70.1,2026-06-18 18:00:00,2974346
89.1,52.6,96.1,69.5,2026-06-18 18:20:00,2974346
89.6,52.5,97.0,69.9,2026-06-18 18:40:00,2974346
89.6,52.6,97.3,70.0,2026-06-18 19:00:00,2974346
90.6,51.9,99.1,70.5,2026-06-18 19:20:00,2974346
88.8,55.6,96.6,70.8,2026-06-18 19:40:00,2974346
85.8,60.2,92.3,70.5,2026-06-18 20:00:00,2974346
84.7,62.3,90.5,70.4,2026-06-18 20:20:00,2974346
83.2,65.9,88.5,70.7,2026-06-18 20:40:00,2974346
83.0,66.4,88.3,70.7,2026-06-18 21:00:00,2974346
83.1,66.3,88.7,70.7,2026-06-18 21:20:00,2974346
83.6,63.6,88.7,69.9,2026-06-18 21:40:00,2974346
83.0,62.7,87.1,69.0,2026-06-18 22:00:00,2974346
80.9,66.7,84.2,68.8,2026-06-18 22:20:00,2974346
78.5,72.5,81.3,68.9,2026-06-18 22:40:00,2974346
77.2,75.7,79.2,68.9,2026-06-18 23:00:00,2974346
76.6,77.3,78.4,68.9,2026-06-18 23:20:00,2974346
75.8,79.9,77.9,69.2,2026-06-18 23:40:00,2974346
75.7,80.7,77.7,69.4,2026-06-19 00:00:00,2974346
75.8,80.5,77.9,69.4,2026-06-19 00:20:00,2974346
75.8,79.8,77.9,69.1,2026-06-19 00:40:00,2974346
75.6,78.9,77.5,68.6,2026-06-19 01:00:00,2974346
75.4,79.0,77.4,68.4,2026-06-19 01:20:00,2974346
75.4,78.7,77.2,68.4,2026-06-19 01:40:00,2974346
75.3,78.9,77.0,68.3,2026-06-19 02:00:00,2974346
75.4,79.3,77.4,68.5,2026-06-19 02:20:00,2974346
75.4,79.8,77.4,68.7,2026-06-19 02:40:00,2974346
75.4,80.6,77.5,69.0,2026-06-19 03:00:00,2974346
74.9,81.5,77.0,68.9,2026-06-19 03:20:00,2974346
74.4,82.1,76.5,68.6,2026-06-19 03:40:00,2974346
73.2,84.8,75.2,68.4,2026-06-19 04:00:00,2974346
72.3,87.1,74.1,68.3,2026-06-19 04:20:00,2974346
71.6,88.4,73.4,68.0,2026-06-19 04:40:00,2974346
71.2,89.1,72.7,67.8,2026-06-19 05:00:00,2974346
71.1,89.6,72.7,67.8,2026-06-19 05:20:00,2974346
70.9,90.0,72.7,67.8,2026-06-19 05:40:00,2974346
70.8,90.7,72.5,67.9,2026-06-19 06:00:00,2974346
70.8,91.0,72.5,68.0,2026-06-19 06:20:00,2974346
71.0,91.4,72.7,68.4,2026-06-19 06:40:00,2974346
71.2,91.6,72.9,68.6,2026-06-19 07:00:00,2974346
71.3,91.9,73.2,68.8,2026-06-19 07:20:00,2974346
71.3,92.0,73.2,68.8,2026-06-19 07:40:00,2974346
71.2,92.2,72.9,68.8,2026-06-19 08:00:00,2974346
71.3,92.4,73.2,69.0,2026-06-19 08:20:00,2974346
71.7,92.5,73.8,69.4,2026-06-19 08:40:00,2974346
72.2,92.4,74.5,69.9,2026-06-19 09:00:00,2974346
72.2,92.0,74.5,69.8,2026-06-19 09:20:00,2974346
72.5,92.3,74.8,70.2,2026-06-19 09:40:00,2974346
73.7,92.0,76.5,71.3,2026-06-19 10:00:00,2974346
75.1,90.6,78.3,72.2,2026-06-19 10:20:00,2974346
76.0,87.2,79.0,71.9,2026-06-19 10:40:00,2974346
76.8,84.0,79.7,71.6,2026-06-19 11:00:00,2974346
77.5,83.9,81.1,72.2,2026-06-19 11:20:00,2974346
78.1,80.4,82.0,71.6,2026-06-19 11:40:00,2974346
80.1,78.1,85.6,72.6,2026-06-19 12:00:00,2974346
80.3,74.1,84.9,71.3,2026-06-19 12:20:00,2974346
83.4,69.8,90.1,72.5,2026-06-19 12:40:00,2974346
83.6,69.5,90.3,72.6,2026-06-19 13:00:00,2974346
84.0,66.3,90.3,71.5,2026-06-19 13:20:00,2974346
85.0,64.5,92.1,71.7,2026-06-19 13:40:00,2974346
86.8,60.3,94.1,71.4,2026-06-19 14:00:00,2974346
88.2,59.4,96.8,72.2,2026-06-19 14:20:00,2974346
88.4,55.3,95.5,70.3,2026-06-19 14:40:00,2974346
86.6,56.4,92.3,69.2,2026-06-19 15:00:00,2974346
87.9,52.5,93.4,68.4,2026-06-19 15:20:00,2974346
88.1,50.0,92.8,67.1,2026-06-19 15:40:00,2974346
88.1,45.1,90.9,64.1,2026-06-19 16:00:00,2974346
89.1,46.4,93.4,65.8,2026-06-19 16:20:00,2974346
88.2,45.6,91.2,64.5,2026-06-19 16:40:00,2974346
87.6,45.8,90.1,64.1,2026-06-19 17:00:00,2974346
88.8,44.0,91.8,64.0,2026-06-19 17:20:00,2974346
89.5,44.7,93.4,65.1,2026-06-19 17:40:00,2974346
87.6,46.4,90.7,64.5,2026-06-19 18:00:00,2974346
86.8,47.7,89.6,64.6,2026-06-19 18:20:00,2974346
86.9,44.5,88.7,62.7,2026-06-19 18:40:00,2974346
86.1,47.0,88.3,63.6,2026-06-19 19:00:00,2974346
86.7,44.7,88.3,62.6,2026-06-19 19:20:00,2974346
86.3,42.1,87.1,60.5,2026-06-19 19:40:00,2974346
83.8,44.9,83.8,60.1,2026-06-19 20:00:00,2974346
82.6,48.0,82.9,60.9,2026-06-19 20:20:00,2974346
82.0,47.2,81.7,59.9,2026-06-19 20:40:00,2974346
81.3,45.8,80.4,58.4,2026-06-19 21:00:00,2974346
79.7,46.2,78.8,57.3,2026-06-19 21:20:00,2974346
78.5,48.5,77.7,57.5,2026-06-19 21:40:00,2974346
78.3,47.3,77.2,56.5,2026-06-19 22:00:00,2974346
77.3,48.4,75.9,56.3,2026-06-19 22:20:00,2974346
76.2,49.0,74.8,55.7,2026-06-19 22:40:00,2974346
75.5,50.3,74.3,55.7,2026-06-19 23:00:00,2974346
74.7,50.6,73.6,55.2,2026-06-19 23:20:00,2974346
74.5,50.1,73.6,54.8,2026-06-19 23:40:00,2974346
73.9,50.4,72.9,54.3,2026-06-20 00:00:00,2974346
73.0,51.7,72.1,54.2,2026-06-20 00:20:00,2974346
72.5,52.0,71.6,53.8,2026-06-20 00:40:00,2974346
71.8,53.2,71.2,53.8,2026-06-20 01:00:00,2974346
70.9,54.3,70.3,53.6,2026-06-20 01:20:00,2974346
70.2,54.8,69.4,53.2,2026-06-20 01:40:00,2974346
69.1,57.1,67.8,53.3,2026-06-20 02:00:00,2974346
68.6,58.1,67.5,53.3,2026-06-20 02:20:00,2974346
68.4,59.2,67.3,53.6,2026-06-20 02:40:00,2974346
68.1,59.4,66.7,53.5,2026-06-20 03:00:00,2974346
67.5,59.6,66.0,53.0,2026-06-20 03:20:00,2974346
67.1,60.6,65.7,53.0,2026-06-20 03:40:00,2974346
66.8,60.7,65.3,52.8,2026-06-20 04:00:00,2974346
65.6,63.3,63.7,52.8,2026-06-20 04:20:00,2974346
65.0,65.3,63.1,53.0,2026-06-20 04:40:00,2974346
64.3,67.6,62.8,53.3,2026-06-20 05:00:00,2974346
64.4,67.7,62.8,53.5,2026-06-20 05:20:00,2974346
64.0,68.6,62.4,53.5,2026-06-20 05:40:00,2974346
64.2,67.7,62.8,53.3,2026-06-20 06:00:00,2974346
64.8,67.5,63.3,53.8,2026-06-20 06:20:00,2974346
66.9,64.7,65.8,54.7,2026-06-20 06:40:00,2974346
68.0,63.4,67.1,55.1,2026-06-20 07:00:00,2974346
69.3,61.5,68.7,55.5,2026-06-20 07:20:00,2974346
71.0,58.6,70.7,55.7,2026-06-20 07:40:00,2974346
75.1,54.1,74.3,57.4,2026-06-20 08:00:00,2974346
76.6,50.3,75.4,56.8,2026-06-20 08:20:00,2974346
77.5,51.4,76.5,58.2,2026-06-20 08:40:00,2974346
77.7,50.3,77.0,57.8,2026-06-20 09:00:00,2974346
77.8,48.6,76.6,56.9,2026-06-20 09:20:00,2974346
77.5,49.5,76.3,57.1,2026-06-20 09:40:00,2974346
78.8,46.4,77.7,56.5,2026-06-20 10:00:00,2974346
83.0,41.1,82.0,57.0,2026-06-20 10:20:00,2974346
84.6,37.6,83.7,55.9,2026-06-20 10:40:00,2974346
82.5,35.5,80.2,52.4,2026-06-20 11:00:00,2974346
82.5,35.4,80.2,52.4,2026-06-20 11:20:00,2974346
85.0,35.1,83.5,54.4,2026-06-20 11:40:00,2974346
87.7,33.5,86.5,55.5,2026-06-20 12:00:00,2974346
89.7,32.5,89.2,56.4,2026-06-20 12:20:00,2974346
88.1,31.6,86.5,54.2,2026-06-20 12:40:00,2974346
88.1,32.3,86.7,54.8,2026-06-20 13:00:00,2974346
88.0,32.7,86.9,55.1,2026-06-20 13:20:00,2974346
88.9,33.1,88.3,56.2,2026-06-20 13:40:00,2974346
89.5,32.1,88.9,55.8,2026-06-20 14:00:00,2974346
88.6,30.3,86.9,53.4,2026-06-20 14:20:00,2974346
90.3,31.8,90.1,56.3,2026-06-20 14:40:00,2974346
89.8,31.7,88.9,55.7,2026-06-20 15:00:00,2974346
89.8,31.5,89.2,55.6,2026-06-20 15:20:00,2974346
88.4,32.6,87.4,55.3,2026-06-20 15:40:00,2974346
90.1,31.5,89.4,55.9,2026-06-20 16:00:00,2974346
89.3,31.3,88.3,55.0,2026-06-20 16:20:00,2974346
90.5,32.3,90.5,56.9,2026-06-20 16:40:00,2974346
90.3,31.0,89.4,55.5,2026-06-20 17:00:00,2974346
91.7,30.7,91.4,56.5,2026-06-20 17:20:00,2974346
91.3,29.9,90.5,55.5,2026-06-20 17:40:00,2974346
91.1,30.8,90.7,56.1,2026-06-20 18:00:00,2974346
88.8,32.5,88.0,55.5,2026-06-20 18:20:00,2974346
88.1,34.2,87.4,56.4,2026-06-20 18:40:00,2974346
87.1,35.3,86.5,56.4,2026-06-20 19:00:00,2974346
87.4,35.3,86.7,56.6,2026-06-20 19:20:00,2974346
88.5,34.1,88.2,56.7,2026-06-20 19:40:00,2974346
84.7,37.5,83.7,56.0,2026-06-20 20:00:00,2974346
83.0,39.2,81.7,55.7,2026-06-20 20:20:00,2974346
81.5,41.6,80.2,56.0,2026-06-20 20:40:00,2974346
80.0,44.0,78.8,56.2,2026-06-20 21:00:00,2974346
79.3,45.3,78.1,56.3,2026-06-20 21:20:00,2974346
78.5,45.8,77.2,55.9,2026-06-20 21:40:00,2974346
77.9,46.7,76.8,55.9,2026-06-20 22:00:00,2974346
77.5,47.7,76.1,56.1,2026-06-20 22:20:00,2974346
77.1,47.5,75.6,55.6,2026-06-20 22:40:00,2974346
76.5,48.8,75.2,55.8,2026-06-20 23:00:00,2974346
75.9,49.6,74.5,55.7,2026-06-20 23:20:00,2974346
75.1,51.0,73.9,55.8,2026-06-20 23:40:00,2974346
74.4,52.1,73.4,55.7,2026-06-21 00:00:00,2974346
74.0,53.2,73.2,55.9,2026-06-21 00:20:00,2974346
73.8,54.0,73.0,56.1,2026-06-21 00:40:00,2974346
73.8,54.2,73.0,56.2,2026-06-21 01:00:00,2974346
73.5,54.8,72.9,56.3,2026-06-21 01:20:00,2974346
73.1,55.7,72.7,56.4,2026-06-21 01:40:00,2974346
72.6,56.9,72.1,56.5,2026-06-21 02:00:00,2974346
72.2,58.2,72.0,56.8,2026-06-21 02:20:00,2974346
71.5,60.2,71.4,57.0,2026-06-21 02:40:00,2974346
71.0,62.1,71.1,57.3,2026-06-21 03:00:00,2974346
71.0,62.6,71.1,57.5,2026-06-21 03:20:00,2974346
70.6,63.8,70.7,57.7,2026-06-21 03:40:00,2974346
70.7,64.6,71.1,58.2,2026-06-21 04:00:00,2974346
69.6,66.7,69.6,58.1,2026-06-21 04:20:00,2974346
69.2,68.4,68.9,58.4,2026-06-21 04:40:00,2974346
68.8,69.5,68.7,58.4,2026-06-21 05:00:00,2974346
68.4,70.5,68.2,58.4,2026-06-21 05:20:00,2974346
68.3,71.2,68.0,58.6,2026-06-21 05:40:00,2974346
67.8,72.4,67.5,58.6,2026-06-21 06:00:00,2974346
68.5,72.4,68.4,59.2,2026-06-21 06:20:00,2974346
70.2,71.6,70.7,60.6,2026-06-21 06:40:00,2974346
73.5,66.0,73.9,61.4,2026-06-21 07:00:00,2974346
75.1,64.2,75.4,62.1,2026-06-21 07:20:00,2974346
75.6,64.1,75.9,62.6,2026-06-21 07:40:00,2974346
77.2,61.2,77.2,62.8,2026-06-21 08:00:00,2974346
78.2,58.5,78.6,62.5,2026-06-21 08:20:00,2974346
79.4,58.3,80.2,63.4,2026-06-21 08:40:00,2974346
80.4,56.4,81.5,63.5,2026-06-21 09:00:00,2974346
81.7,53.3,82.6,63.0,2026-06-21 09:20:00,2974346
81.4,54.3,82.4,63.3,2026-06-21 09:40:00,2974346
82.5,51.5,83.3,62.8,2026-06-21 10:00:00,2974346
86.8,47.9,89.8,64.7,2026-06-21 10:20:00,2974346
89.1,42.0,91.8,63.0,2026-06-21 10:40:00,2974346
86.9,41.3,88.0,60.6,2026-06-21 11:00:00,2974346
87.5,42.6,89.1,61.9,2026-06-21 11:20:00,2974346
91.5,36.4,93.6,61.2,2026-06-21 11:40:00,2974346
93.7,35.2,96.6,62.1,2026-06-21 12:00:00,2974346
94.0,33.9,96.4,61.3,2026-06-21 12:20:00,2974346
94.7,33.9,97.7,61.8,2026-06-21 12:40:00,2974346
92.4,34.4,94.3,60.3,2026-06-21 13:00:00,2974346
94.0,34.6,96.8,61.8,2026-06-21 13:20:00,2974346
94.5,34.5,97.9,62.2,2026-06-21 13:40:00,2974346
92.6,36.5,95.4,62.1,2026-06-21 14:00:00,2974346
93.4,35.8,96.6,62.3,2026-06-21 14:20:00,2974346
92.4,37.9,95.7,63.0,2026-06-21 14:40:00,2974346
93.6,34.7,96.4,61.6,2026-06-21 15:00:00,2974346
95.9,32.8,99.5,62.0,2026-06-21 15:20:00,2974346
94.3,34.5,97.2,62.0,2026-06-21 15:40:00,2974346
95.5,32.5,98.4,61.4,2026-06-21 16:00:00,2974346
96.1,32.6,99.3,61.9,2026-06-21 16:20:00,2974346
96.3,32.6,100.0,62.2,2026-06-21 16:40:00,2974346
95.5,33.3,98.8,62.1,2026-06-21 17:00:00,2974346
93.1,35.7,95.9,62.0,2026-06-21 17:20:00,2974346
95.5,35.2,99.9,63.7,2026-06-21 17:40:00,2974346
92.4,37.1,95.4,62.4,2026-06-21 18:00:00,2974346
90.4,38.8,92.8,62.0,2026-06-21 18:20:00,2974346
90.2,40.1,93.0,62.7,2026-06-21 18:40:00,2974346
90.6,40.0,93.6,63.0,2026-06-21 19:00:00,2974346
89.7,40.9,92.3,62.8,2026-06-21 19:20:00,2974346
88.9,42.6,91.6,63.2,2026-06-21 19:40:00,2974346
87.7,44.2,89.8,63.2,2026-06-21 20:00:00,2974346
86.7,45.0,88.9,62.9,2026-06-21 20:20:00,2974346
85.5,46.0,87.1,62.4,2026-06-21 20:40:00,2974346
84.7,46.6,85.8,62.0,2026-06-21 21:00:00,2974346
83.9,47.6,84.9,61.9,2026-06-21 21:20:00,2974346
83.1,48.2,83.5,61.5,2026-06-21 21:40:00,2974346
82.4,49.4,82.9,61.6,2026-06-21 22:00:00,2974346
81.5,50.8,81.7,61.5,2026-06-21 22:20:00,2974346
81.0,51.7,81.5,61.6,2026-06-21 22:40:00,2974346
80.2,52.8,80.4,61.4,2026-06-21 23:00:00,2974346
80.1,54.8,80.8,62.3,2026-06-21 23:20:00,2974346
79.9,57.6,81.0,63.6,2026-06-21 23:40:00,2974346
79.4,60.1,80.8,64.4,2026-06-22 00:00:00,2974346
78.9,62.3,80.2,64.9,2026-06-22 00:20:00,2974346
78.5,64.6,80.1,65.6,2026-06-22 00:40:00,2974346
78.0,66.1,79.5,65.7,2026-06-22 01:00:00,2974346
77.2,67.8,78.3,65.7,2026-06-22 01:20:00,2974346
99.1,36.7,107.6,67.9,2026-06-14 14:20:00,2974338
99.9,36.0,108.9,68.1,2026-06-14 14:40:00,2974338
98.0,36.6,105.4,67.0,2026-06-14 15:00:00,2974338
100.0,35.8,108.7,68.1,2026-06-14 15:20:00,2974338
101.2,36.0,111.6,69.2,2026-06-14 15:40:00,2974338
100.4,36.6,109.9,69.0,2026-06-14 16:00:00,2974338
99.4,38.8,109.9,70.0,2026-06-14 16:20:00,2974338
98.7,38.0,107.8,68.6,2026-06-14 16:40:00,2974338
97.5,36.3,104.7,66.4,2026-06-14 17:00:00,2974338
97.6,33.5,102.7,64.1,2026-06-14 17:20:00,2974338
97.2,33.3,101.8,63.5,2026-06-14 17:40:00,2974338
97.5,33.9,102.9,64.3,2026-06-14 18:00:00,2974338
96.4,33.6,100.4,63.1,2026-06-14 18:20:00,2974338
95.8,34.2,99.9,63.1,2026-06-14 18:40:00,2974338
92.0,43.2,97.5,66.4,2026-06-14 19:00:00,2974338
83.2,66.6,88.7,71.0,2026-06-14 19:20:00,2974338
78.8,80.8,83.7,72.4,2026-06-14 19:40:00,2974338
79.3,84.3,85.1,74.1,2026-06-14 20:00:00,2974338
79.2,83.1,84.7,73.6,2026-06-14 20:20:00,2974338
78.3,83.7,83.1,73.0,2026-06-14 20:40:00,2974338
78.2,82.6,82.4,72.5,2026-06-14 21:00:00,2974338
78.2,81.8,82.2,72.1,2026-06-14 21:20:00,2974338
78.1,81.1,82.2,71.8,2026-06-14 21:40:00,2974338
78.5,79.0,82.6,71.5,2026-06-14 22:00:00,2974338
79.8,75.2,84.2,71.3,2026-06-14 22:20:00,2974338
79.8,74.6,84.0,71.0,2026-06-14 22:40:00,2974338
79.1,76.0,82.9,70.8,2026-06-14 23:00:00,2974338
78.9,76.1,82.6,70.7,2026-06-14 23:20:00,2974338
78.9,76.1,82.6,70.7,2026-06-14 23:40:00,2974338
78.6,76.2,82.0,70.5,2026-06-15 00:00:00,2974338
78.4,77.1,81.9,70.6,2026-06-15 00:20:00,2974338
78.5,77.0,82.2,70.7,2026-06-15 00:40:00,2974338
78.5,76.9,82.2,70.7,2026-06-15 01:00:00,2974338
78.4,77.4,81.9,70.7,2026-06-15 01:20:00,2974338
78.6,77.3,82.2,70.9,2026-06-15 01:40:00,2974338
78.5,77.5,82.2,70.9,2026-06-15 02:00:00,2974338
78.6,77.9,82.4,71.1,2026-06-15 02:20:00,2974338
78.4,77.8,81.9,70.9,2026-06-15 02:40:00,2974338
78.3,78.1,82.0,70.9,2026-06-15 03:00:00,2974338
78.0,78.8,81.5,70.8,2026-06-15 03:20:00,2974338
77.2,80.1,80.2,70.6,2026-06-15 03:40:00,2974338
76.6,81.4,79.0,70.4,2026-06-15 04:00:00,2974338
76.1,82.3,78.6,70.3,2026-06-15 04:20:00,2974338
75.8,83.1,78.3,70.3,2026-06-15 04:40:00,2974338
74.9,84.4,77.2,69.9,2026-06-15 05:00:00,2974338
74.6,84.7,76.8,69.6,2026-06-15 05:20:00,2974338
74.4,84.5,76.6,69.4,2026-06-15 05:40:00,2974338
74.2,81.0,76.1,68.0,2026-06-15 06:00:00,2974338
74.2,77.7,75.6,66.8,2026-06-15 06:20:00,2974338
74.9,77.0,76.5,67.2,2026-06-15 06:40:00,2974338
76.2,69.2,77.0,65.4,2026-06-15 07:00:00,2974338
76.6,65.0,77.0,64.0,2026-06-15 07:20:00,2974338
76.5,63.5,76.8,63.2,2026-06-15 07:40:00,2974338
76.5,63.9,76.8,63.3,2026-06-15 08:00:00,2974338
76.5,64.6,77.0,63.7,2026-06-15 08:20:00,2974338
77.8,61.0,78.3,63.2,2026-06-15 08:40:00,2974338
77.7,60.6,78.1,63.0,2026-06-15 09:00:00,2974338
77.5,58.5,77.5,61.8,2026-06-15 09:20:00,2974338
78.4,55.9,78.4,61.3,2026-06-15 09:40:00,2974338
78.7,51.7,78.4,59.4,2026-06-15 10:00:00,2974338
79.6,50.8,79.3,59.8,2026-06-15 10:20:00,2974338
80.8,49.3,80.8,60.0,2026-06-15 10:40:00,2974338
84.1,44.9,84.4,60.4,2026-06-15 11:00:00,2974338
83.0,41.7,82.2,57.4,2026-06-15 11:20:00,2974338
85.6,37.0,84.7,56.3,2026-06-15 11:40:00,2974338
85.3,39.0,84.7,57.5,2026-06-15 12:00:00,2974338
83.4,39.6,82.2,56.3,2026-06-15 12:20:00,2974338
86.7,36.1,86.2,56.7,2026-06-15 12:40:00,2974338
89.4,33.9,89.1,57.3,2026-06-15 13:00:00,2974338
89.5,31.0,88.3,55.0,2026-06-15 13:20:00,2974338
89.3,31.0,88.2,54.7,2026-06-15 13:40:00,2974338
87.9,32.0,86.4,54.4,2026-06-15 14:00:00,2974338
89.4,32.0,88.5,55.6,2026-06-15 14:20:00,2974338
89.6,30.5,88.2,54.5,2026-06-15 14:40:00,2974338
89.1,30.0,87.4,53.7,2026-06-15 15:00:00,2974338
90.2,30.3,89.2,54.9,2026-06-15 15:20:00,2974338
90.0,31.6,89.4,55.9,2026-06-15 15:40:00,2974338
91.3,31.3,91.2,56.7,2026-06-15 16:00:00,2974338
90.7,30.2,90.0,55.3,2026-06-15 16:20:00,2974338
89.5,30.0,88.0,54.0,2026-06-15 16:40:00,2974338
89.2,29.9,87.4,53.7,2026-06-15 17:00:00,2974338
90.7,30.5,90.1,55.5,2026-06-15 17:20:00,2974338
89.4,30.6,88.0,54.4,2026-06-15 17:40:00,2974338
88.9,30.6,87.4,53.9,2026-06-15 18:00:00,2974338
89.1,31.2,88.0,54.7,2026-06-15 18:20:00,2974338
87.9,32.1,86.4,54.5,2026-06-15 18:40:00,2974338
87.1,33.0,85.8,54.5,2026-06-15 19:00:00,2974338
85.3,34.6,83.7,54.2,2026-06-15 19:20:00,2974338
84.2,35.9,82.8,54.3,2026-06-15 19:40:00,2974338
83.4,35.7,81.5,53.4,2026-06-15 20:00:00,2974338
81.5,37.6,79.3,53.1,2026-06-15 20:20:00,2974338
80.3,38.1,78.3,52.4,2026-06-15 20:40:00,2974338
78.6,40.1,76.5,52.3,2026-06-15 21:00:00,2974338
77.5,42.3,75.4,52.8,2026-06-15 21:20:00,2974338
75.8,45.0,74.1,53.0,2026-06-15 21:40:00,2974338
74.6,46.6,73.0,52.8,2026-06-15 22:00:00,2974338
73.7,49.2,72.5,53.4,2026-06-15 22:20:00,2974338
72.7,50.4,71.8,53.2,2026-06-15 22:40:00,2974338
71.7,52.2,70.9,53.3,2026-06-15 23:00:00,2974338
70.8,54.1,70.3,53.4,2026-06-15 23:20:00,2974338
70.7,54.7,70.3,53.6,2026-06-15 23:40:00,2974338
70.5,54.7,70.0,53.4,2026-06-16 00:00:00,2974338
69.7,57.0,68.9,53.7,2026-06-16 00:20:00,2974338
69.8,55.9,69.1,53.3,2026-06-16 00:40:00,2974338
69.9,56.0,69.1,53.5,2026-06-16 01:00:00,2974338
70.1,56.9,69.4,54.1,2026-06-16 01:20:00,2974338
70.6,53.6,70.0,52.9,2026-06-16 01:40:00,2974338
71.5,51.0,70.7,52.4,2026-06-16 02:00:00,2974338
71.6,49.4,70.5,51.6,2026-06-16 02:20:00,2974338
71.3,49.3,70.3,51.3,2026-06-16 02:40:00,2974338
71.0,49.2,70.0,51.0,2026-06-16 03:00:00,2974338
70.8,49.3,70.0,50.8,2026-06-16 03:20:00,2974338
70.5,49.7,69.6,50.9,2026-06-16 03:40:00,2974338
70.4,49.5,69.4,50.6,2026-06-16 04:00:00,2974338
69.8,50.4,68.7,50.5,2026-06-16 04:20:00,2974338
68.9,52.3,67.5,50.7,2026-06-16 04:40:00,2974338
68.9,52.0,67.5,50.6,2026-06-16 05:00:00,2974338
69.0,52.1,67.5,50.7,2026-06-16 05:20:00,2974338
69.0,52.2,67.5,50.7,2026-06-16 05:40:00,2974338
68.9,53.3,67.5,51.2,2026-06-16 06:00:00,2974338
68.6,54.5,67.3,51.6,2026-06-16 06:20:00,2974338
68.9,55.1,67.8,52.1,2026-06-16 06:40:00,2974338
69.1,55.7,67.8,52.6,2026-06-16 07:00:00,2974338
69.3,56.2,68.4,53.0,2026-06-16 07:20:00,2974338
69.5,56.9,68.7,53.5,2026-06-16 07:40:00,2974338
70.1,56.2,69.4,53.8,2026-06-16 08:00:00,2974338
71.2,57.1,70.7,55.2,2026-06-16 08:20:00,2974338
71.4,55.9,70.9,54.8,2026-06-16 08:40:00,2974338
72.3,55.0,71.6,55.2,2026-06-16 09:00:00,2974338
73.0,55.1,72.5,55.9,2026-06-16 09:20:00,2974338
74.5,53.0,73.8,56.2,2026-06-16 09:40:00,2974338
76.1,50.1,75.0,56.2,2026-06-16 10:00:00,2974338
75.4,49.8,74.1,55.4,2026-06-16 10:20:00,2974338
77.4,48.2,76.1,56.3,2026-06-16 10:40:00,2974338
78.9,46.8,77.9,56.9,2026-06-16 11:00:00,2974338
78.5,47.0,77.4,56.7,2026-06-16 11:20:00,2974338
79.2,47.0,78.3,57.3,2026-06-16 11:40:00,2974338
80.4,45.1,79.3,57.2,2026-06-16 12:00:00,2974338
81.5,42.5,80.2,56.5,2026-06-16 12:20:00,2974338
81.2,42.6,79.9,56.3,2026-06-16 12:40:00,2974338
81.6,42.1,80.4,56.4,2026-06-16 13:00:00,2974338
82.4,41.7,81.1,56.8,2026-06-16 13:20:00,2974338
86.3,38.0,85.8,57.7,2026-06-16 13:40:00,2974338
84.0,38.8,83.1,56.3,2026-06-16 14:00:00,2974338
87.1,38.2,87.3,58.6,2026-06-16 14:20:00,2974338
86.6,37.6,86.4,57.7,2026-06-16 14:40:00,2974338
87.2,37.7,87.1,58.4,2026-06-16 15:00:00,2974338
88.9,37.0,89.6,59.2,2026-06-16 15:20:00,2974338
86.5,34.9,85.3,55.5,2026-06-16 15:40:00,2974338
86.1,37.9,85.6,57.5,2026-06-16 16:00:00,2974338
85.3,40.9,85.3,58.9,2026-06-16 16:20:00,2974338
85.0,42.0,85.3,59.4,2026-06-16 16:40:00,2974338
84.1,42.4,84.0,58.8,2026-06-16 17:00:00,2974338
83.4,45.2,83.5,60.0,2026-06-16 17:20:00,2974338
82.7,46.8,82.8,60.3,2026-06-16 17:40:00,2974338
81.8,48.0,81.7,60.2,2026-06-16 18:00:00,2974338
82.0,48.5,82.0,60.7,2026-06-16 18:20:00,2974338
81.8,47.0,81.5,59.6,2026-06-16 18:40:00,2974338
81.2,47.3,80.8,59.2,2026-06-16 19:00:00,2974338
81.0,48.1,80.8,59.5,2026-06-16 19:20:00,2974338
80.6,48.6,80.4,59.5,2026-06-16 19:40:00,2974338
79.8,49.4,79.3,59.1,2026-06-16 20:00:00,2974338
78.9,49.9,78.3,58.7,2026-06-16 20:20:00,2974338
78.2,50.9,77.5,58.5,2026-06-16 20:40:00,2974338
77.0,52.8,76.3,58.4,2026-06-16 21:00:00,2974338
76.6,53.8,75.7,58.6,2026-06-16 21:20:00,2974338
76.0,54.9,75.2,58.6,2026-06-16 21:40:00,2974338
75.7,56.0,75.0,58.9,2026-06-16 22:00:00,2974338
75.3,57.1,74.8,59.0,2026-06-16 22:20:00,2974338
74.7,58.6,74.5,59.2,2026-06-16 22:40:00,2974338
74.2,59.7,73.9,59.3,2026-06-16 23:00:00,2974338
73.9,60.8,73.8,59.5,2026-06-16 23:20:00,2974338
73.9,61.5,73.9,59.8,2026-06-16 23:40:00,2974338
73.5,62.4,73.6,59.9,2026-06-17 00:00:00,2974338
73.4,63.3,73.6,60.1,2026-06-17 00:20:00,2974338
73.0,65.2,73.2,60.6,2026-06-17 00:40:00,2974338
72.6,66.7,73.0,60.9,2026-06-17 01:00:00,2974338
72.1,67.9,72.5,60.9,2026-06-17 01:20:00,2974338
71.6,69.6,72.1,61.1,2026-06-17 01:40:00,2974338
71.3,71.0,72.0,61.4,2026-06-17 02:00:00,2974338
71.1,72.4,72.0,61.8,2026-06-17 02:20:00,2974338
71.0,73.9,71.8,62.3,2026-06-17 02:40:00,2974338
71.0,74.5,71.8,62.5,2026-06-17 03:00:00,2974338
70.7,75.5,71.4,62.5,2026-06-17 03:20:00,2974338
70.4,76.6,71.2,62.7,2026-06-17 03:40:00,2974338
70.2,77.9,71.1,63.0,2026-06-17 04:00:00,2974338
70.0,78.6,70.7,63.1,2026-06-17 04:20:00,2974338
69.7,79.7,70.5,63.2,2026-06-17 04:40:00,2974338
69.6,80.2,70.5,63.2,2026-06-17 05:00:00,2974338
69.4,80.5,70.0,63.2,2026-06-17 05:20:00,2974338
69.1,81.3,69.6,63.1,2026-06-17 05:40:00,2974338
68.6,82.0,69.3,62.9,2026-06-17 06:00:00,2974338
68.6,82.6,69.4,63.1,2026-06-17 06:20:00,2974338
68.6,83.0,69.4,63.3,2026-06-17 06:40:00,2974338
69.1,83.1,69.8,63.7,2026-06-17 07:00:00,2974338
69.9,82.1,70.7,64.1,2026-06-17 07:20:00,2974338
70.6,80.9,71.6,64.5,2026-06-17 07:40:00,2974338
71.4,80.0,72.5,64.9,2026-06-17 08:00:00,2974338
72.4,78.2,73.6,65.2,2026-06-17 08:20:00,2974338
73.3,76.2,74.5,65.4,2026-06-17 08:40:00,2974338
74.4,73.1,75.4,65.2,2026-06-17 09:00:00,2974338
76.2,69.3,77.0,65.4,2026-06-17 09:20:00,2974338
77.1,66.4,77.9,65.0,2026-06-17 09:40:00,2974338
78.8,60.8,79.9,64.1,2026-06-17 10:00:00,2974338
80.0,54.5,80.4,62.1,2026-06-17 10:20:00,2974338
83.0,50.9,84.2,63.0,2026-06-17 10:40:00,2974338
86.8,45.5,88.9,63.2,2026-06-17 11:00:00,2974338
88.6,39.5,90.0,60.9,2026-06-17 11:20:00,2974338
87.8,38.2,88.3,59.2,2026-06-17 11:40:00,2974338
89.7,36.4,90.5,59.5,2026-06-17 12:00:00,2974338
90.7,34.8,91.8,59.1,2026-06-17 12:20:00,2974338
91.9,32.6,92.7,58.3,2026-06-17 12:40:00,2974338
91.8,33.9,93.0,59.3,2026-06-17 13:00:00,2974338
93.1,32.0,94.3,58.9,2026-06-17 13:20:00,2974338
92.6,33.5,94.1,59.7,2026-06-17 13:40:00,2974338
93.1,33.2,94.6,59.9,2026-06-17 14:00:00,2974338
93.5,32.7,95.0,59.8,2026-06-17 14:20:00,2974338
92.9,32.8,94.3,59.4,2026-06-17 14:40:00,2974338
94.5,31.9,96.4,60.0,2026-06-17 15:00:00,2974338
91.0,33.6,91.6,58.4,2026-06-17 15:20:00,2974338
90.4,34.6,91.0,58.7,2026-06-17 15:40:00,2974338
90.8,33.9,91.4,58.5,2026-06-17 16:00:00,2974338
90.6,34.1,91.2,58.5,2026-06-17 16:20:00,2974338
91.3,33.4,92.1,58.5,2026-06-17 16:40:00,2974338
93.9,32.3,95.5,59.8,2026-06-17 17:00:00,2974338
93.6,33.2,95.5,60.3,2026-06-17 17:20:00,2974338
92.8,33.8,94.5,60.1,2026-06-17 17:40:00,2974338
91.0,34.1,91.9,58.8,2026-06-17 18:00:00,2974338
90.4,36.4,91.9,60.1,2026-06-17 18:20:00,2974338
91.1,37.1,93.4,61.3,2026-06-17 18:40:00,2974338
89.0,40.0,90.7,61.5,2026-06-17 19:00:00,2974338
88.2,41.8,90.0,62.0,2026-06-17 19:20:00,2974338
87.6,42.9,89.2,62.3,2026-06-17 19:40:00,2974338
86.3,45.0,88.0,62.5,2026-06-17 20:00:00,2974338
85.2,46.5,86.7,62.4,2026-06-17 20:20:00,2974338
84.1,49.2,85.6,62.9,2026-06-17 20:40:00,2974338
82.2,52.5,83.3,63.1,2026-06-17 21:00:00,2974338
81.1,55.3,82.2,63.6,2026-06-17 21:20:00,2974338
79.3,66.5,81.5,67.2,2026-06-18 00:00:00,2974338
79.4,64.7,81.5,66.5,2026-06-18 00:20:00,2974338
79.4,63.8,81.3,66.0,2026-06-18 00:40:00,2974338
79.3,63.7,81.0,65.9,2026-06-18 01:00:00,2974338
78.8,64.3,80.6,65.7,2026-06-18 01:20:00,2974338
78.3,65.6,79.9,65.8,2026-06-18 01:40:00,2974338
78.2,66.5,79.7,66.1,2026-06-18 02:00:00,2974338
77.8,67.3,79.2,66.1,2026-06-18 02:20:00,2974338
77.2,68.6,78.4,66.1,2026-06-18 02:40:00,2974338
77.3,70.5,79.0,67.0,2026-06-18 03:00:00,2974338
77.2,71.6,78.6,67.3,2026-06-18 03:20:00,2974338
77.0,74.4,79.0,68.3,2026-06-18 03:40:00,2974338
76.7,76.6,78.6,68.8,2026-06-18 04:00:00,2974338
76.4,78.6,78.3,69.3,2026-06-18 04:20:00,2974338
76.1,79.9,78.3,69.4,2026-06-18 04:40:00,2974338
75.7,80.9,77.7,69.4,2026-06-18 05:00:00,2974338
75.4,81.9,77.7,69.5,2026-06-18 05:20:00,2974338
75.1,82.9,77.4,69.6,2026-06-18 05:40:00,2974338
75.1,83.7,77.5,69.8,2026-06-18 06:00:00,2974338
75.1,84.1,77.5,69.9,2026-06-18 06:20:00,2974338
75.5,83.7,77.9,70.3,2026-06-18 06:40:00,2974338
76.1,82.7,78.6,70.4,2026-06-18 07:00:00,2974338
76.8,81.0,79.3,70.5,2026-06-18 07:20:00,2974338
76.8,81.0,79.3,70.5,2026-06-18 07:40:00,2974338
77.9,79.4,81.3,71.0,2026-06-18 08:00:00,2974338
78.9,77.1,82.9,71.1,2026-06-18 08:20:00,2974338
80.7,73.9,85.6,71.6,2026-06-18 08:40:00,2974338
81.6,72.2,86.7,71.8,2026-06-18 09:00:00,2974338
82.3,71.0,88.0,72.0,2026-06-18 09:20:00,2974338
83.6,69.6,90.3,72.6,2026-06-18 09:40:00,2974338
85.4,65.2,93.0,72.4,2026-06-18 10:00:00,2974338
85.8,63.1,93.0,71.8,2026-06-18 10:20:00,2974338
87.5,60.6,95.7,72.2,2026-06-18 10:40:00,2974338
90.0,57.7,100.6,73.1,2026-06-18 11:00:00,2974338
91.8,55.5,103.6,73.5,2026-06-18 11:20:00,2974338
92.6,52.7,103.8,72.8,2026-06-18 11:40:00,2974338
93.2,50.4,104.0,72.0,2026-06-18 12:00:00,2974338
92.4,50.2,102.0,71.2,2026-06-18 12:20:00,2974338
93.6,49.5,104.2,71.8,2026-06-18 12:40:00,2974338
95.0,46.7,106.0,71.5,2026-06-18 13:00:00,2974338
96.4,44.7,107.4,71.4,2026-06-18 13:20:00,2974338
95.8,45.4,106.7,71.3,2026-06-18 13:40:00,2974338
96.4,44.9,107.4,71.5,2026-06-18 14:00:00,2974338
96.3,44.0,106.9,70.8,2026-06-18 14:20:00,2974338
94.4,44.1,102.6,69.1,2026-06-18 14:40:00,2974338
96.4,44.3,107.1,71.1,2026-06-18 15:00:00,2974338
96.5,43.9,107.2,70.9,2026-06-18 15:20:00,2974338
98.3,42.3,110.1,71.4,2026-06-18 15:40:00,2974338
90.9,44.4,96.1,66.2,2026-06-18 16:00:00,2974338
85.4,55.9,89.8,67.9,2026-06-18 16:20:00,2974338
84.6,58.4,89.2,68.3,2026-06-18 16:40:00,2974338
84.6,59.8,89.6,69.0,2026-06-18 17:00:00,2974338
87.3,57.8,94.3,70.6,2026-06-18 17:20:00,2974338
89.3,53.6,97.0,70.3,2026-06-18 17:40:00,2974338
89.7,53.7,97.9,70.7,2026-06-18 18:00:00,2974338
90.2,52.3,98.4,70.3,2026-06-18 18:20:00,2974338
89.1,52.1,95.9,69.2,2026-06-18 18:40:00,2974338
88.8,53.3,95.7,69.6,2026-06-18 19:00:00,2974338
88.0,54.6,94.6,69.6,2026-06-18 19:20:00,2974338
87.0,60.0,94.3,71.4,2026-06-18 19:40:00,2974338
85.2,63.3,91.9,71.3,2026-06-18 20:00:00,2974338
84.1,65.0,90.3,71.1,2026-06-18 20:20:00,2974338
83.0,68.6,88.9,71.7,2026-06-18 20:40:00,2974338
82.8,69.2,88.7,71.6,2026-06-18 21:00:00,2974338
82.9,69.0,88.7,71.7,2026-06-18 21:20:00,2974338
83.2,66.8,88.7,71.0,2026-06-18 21:40:00,2974338
82.3,65.4,86.4,69.5,2026-06-18 22:00:00,2974338
80.8,69.6,84.9,70.0,2026-06-18 22:20:00,2974338
78.2,74.3,81.0,69.4,2026-06-18 22:40:00,2974338
76.7,78.6,78.8,69.5,2026-06-18 23:00:00,2974338
76.2,80.1,78.3,69.6,2026-06-18 23:20:00,2974338
76.0,82.2,78.4,70.2,2026-06-18 23:40:00,2974338
75.6,83.8,78.1,70.3,2026-06-19 00:00:00,2974338
75.8,82.9,78.3,70.2,2026-06-19 00:20:00,2974338
75.8,82.6,78.3,70.1,2026-06-19 00:40:00,2974338
75.3,81.8,77.4,69.3,2026-06-19 01:00:00,2974338
75.2,81.8,77.4,69.3,2026-06-19 01:20:00,2974338
75.1,81.7,77.2,69.1,2026-06-19 01:40:00,2974338
75.2,81.6,77.4,69.2,2026-06-19 02:00:00,2974338
75.3,81.8,77.4,69.4,2026-06-19 02:20:00,2974338
75.3,82.4,77.5,69.6,2026-06-19 02:40:00,2974338
75.1,83.5,77.5,69.8,2026-06-19 03:00:00,2974338
74.7,84.7,77.2,69.7,2026-06-19 03:20:00,2974338
74.0,85.7,76.3,69.4,2026-06-19 03:40:00,2974338
72.8,88.6,74.8,69.3,2026-06-19 04:00:00,2974338
71.7,90.2,73.6,68.7,2026-06-19 04:20:00,2974338
71.2,91.5,72.9,68.6,2026-06-19 04:40:00,2974338
71.2,92.3,72.9,68.8,2026-06-19 05:00:00,2974338
70.8,92.8,72.5,68.6,2026-06-19 05:20:00,2974338
70.7,93.3,72.1,68.6,2026-06-19 05:40:00,2974338
70.6,93.7,72.1,68.7,2026-06-19 06:00:00,2974338
70.7,94.1,72.7,68.9,2026-06-19 06:20:00,2974338
70.8,94.3,72.7,69.1,2026-06-19 06:40:00,2974338
70.8,94.4,72.7,69.1,2026-06-19 07:00:00,2974338
71.0,94.6,72.9,69.4,2026-06-19 07:20:00,2974338
71.2,94.8,73.0,69.6,2026-06-19 07:40:00,2974338
71.1,94.9,73.0,69.5,2026-06-19 08:00:00,2974338
71.2,94.9,73.0,69.6,2026-06-19 08:20:00,2974338
71.9,95.1,74.1,70.4,2026-06-19 08:40:00,2974338
72.0,94.7,74.3,70.4,2026-06-19 09:00:00,2974338
72.3,94.7,74.7,70.7,2026-06-19 09:20:00,2974338
72.5,94.7,74.8,70.9,2026-06-19 09:40:00,2974338
73.5,94.7,76.5,71.9,2026-06-19 10:00:00,2974338
75.3,93.2,78.8,73.2,2026-06-19 10:20:00,2974338
76.5,90.6,80.2,73.6,2026-06-19 10:40:00,2974338
78.3,87.8,83.8,74.4,2026-06-19 11:00:00,2974338
78.2,86.8,83.1,73.9,2026-06-19 11:20:00,2974338
79.8,83.1,86.0,74.2,2026-06-19 11:40:00,2974338
81.4,80.6,88.7,74.8,2026-06-19 12:00:00,2974338
83.2,77.4,92.1,75.4,2026-06-19 12:20:00,2974338
83.0,73.6,90.3,73.7,2026-06-19 12:40:00,2974338
82.9,70.9,89.1,72.5,2026-06-19 13:00:00,2974338
84.2,70.8,92.5,73.7,2026-06-19 13:20:00,2974338
85.3,63.2,91.9,71.3,2026-06-19 13:40:00,2974338
88.4,62.0,98.6,73.8,2026-06-19 14:00:00,2974338
88.1,56.8,95.4,70.8,2026-06-19 14:20:00,2974338
88.3,54.7,95.0,69.9,2026-06-19 14:40:00,2974338
88.3,51.2,93.6,68.0,2026-06-19 15:00:00,2974338
89.3,52.3,96.4,69.5,2026-06-19 15:20:00,2974338
90.7,49.7,98.2,69.3,2026-06-19 15:40:00,2974338
90.5,45.3,95.7,66.5,2026-06-19 16:00:00,2974338
90.1,45.5,94.8,66.2,2026-06-19 16:20:00,2974338
89.4,45.3,93.2,65.4,2026-06-19 16:40:00,2974338
88.3,44.7,90.9,64.1,2026-06-19 17:00:00,2974338
89.1,46.4,93.4,65.9,2026-06-19 17:20:00,2974338
87.7,46.6,90.7,64.7,2026-06-19 17:40:00,2974338
88.3,47.1,91.9,65.6,2026-06-19 18:00:00,2974338
88.1,46.4,91.2,65.0,2026-06-19 18:20:00,2974338
87.9,45.3,90.5,64.1,2026-06-19 18:40:00,2974338
85.6,46.5,87.3,62.7,2026-06-19 19:00:00,2974338
84.2,46.1,85.1,61.3,2026-06-19 19:20:00,2974338
83.5,46.7,84.0,60.9,2026-06-19 19:40:00,2974338
81.9,49.1,82.0,61.0,2026-06-19 20:00:00,2974338
80.8,51.3,81.1,61.2,2026-06-19 20:20:00,2974338
79.2,54.3,79.5,61.2,2026-06-19 20:40:00,2974338
79.1,50.0,78.6,58.9,2026-06-19 21:00:00,2974338
78.1,50.2,77.4,58.0,2026-06-19 21:20:00,2974338
76.7,51.8,75.7,57.6,2026-06-19 21:40:00,2974338
75.3,56.7,74.8,58.9,2026-06-19 22:00:00,2974338
74.1,56.7,73.6,57.8,2026-06-19 22:20:00,2974338
73.6,57.7,73.4,57.8,2026-06-19 22:40:00,2974338
73.2,57.2,72.9,57.2,2026-06-19 23:00:00,2974338
72.3,58.3,72.0,56.8,2026-06-19 23:20:00,2974338
72.1,58.7,71.8,56.9,2026-06-19 23:40:00,2974338
71.9,55.0,71.2,54.8,2026-06-20 00:00:00,2974338
71.4,55.8,70.9,54.8,2026-06-20 00:20:00,2974338
70.6,58.0,70.3,55.1,2026-06-20 00:40:00,2974338
69.5,60.4,69.1,55.2,2026-06-20 01:00:00,2974338
68.4,62.7,67.6,55.2,2026-06-20 01:20:00,2974338
67.6,64.3,66.6,55.1,2026-06-20 01:40:00,2974338
66.8,65.6,65.5,54.9,2026-06-20 02:00:00,2974338
66.0,67.7,64.6,55.0,2026-06-20 02:20:00,2974338
65.8,69.7,64.6,55.6,2026-06-20 02:40:00,2974338
65.2,70.6,63.9,55.4,2026-06-20 03:00:00,2974338
64.9,69.9,63.7,54.9,2026-06-20 03:20:00,2974338
64.6,70.0,63.3,54.6,2026-06-20 03:40:00,2974338
64.0,70.0,62.6,54.1,2026-06-20 04:00:00,2974338
63.5,71.7,62.4,54.2,2026-06-20 04:20:00,2974338
62.6,73.4,61.7,54.0,2026-06-20 04:40:00,2974338
62.1,76.3,61.3,54.6,2026-06-20 05:00:00,2974338
61.2,78.9,60.8,54.6,2026-06-20 05:20:00,2974338
60.9,80.0,60.4,54.6,2026-06-20 05:40:00,2974338
60.9,80.4,60.4,54.8,2026-06-20 06:00:00,2974338
61.4,81.1,61.2,55.5,2026-06-20 06:20:00,2974338
62.0,80.4,61.5,55.9,2026-06-20 06:40:00,2974338
63.0,79.7,62.6,56.6,2026-06-20 07:00:00,2974338
64.0,76.7,63.1,56.5,2026-06-20 07:20:00,2974338
65.7,72.7,64.8,56.7,2026-06-20 07:40:00,2974338
67.7,69.0,67.1,57.2,2026-06-20 08:00:00,2974338
70.1,65.2,70.0,57.8,2026-06-20 08:20:00,2974338
71.9,61.8,72.0,58.0,2026-06-20 08:40:00,2974338
74.3,56.7,73.9,58.0,2026-06-20 09:00:00,2974338
76.0,51.8,75.0,57.0,2026-06-20 09:20:00,2974338
77.1,51.4,76.1,57.8,2026-06-20 09:40:00,2974338
78.5,49.2,77.7,57.9,2026-06-20 10:00:00,2974338
80.0,42.0,78.3,54.9,2026-06-20 10:20:00,2974338
82.6,37.5,80.6,54.0,2026-06-20 10:40:00,2974338
86.6,35.6,85.8,56.2,2026-06-20 11:00:00,2974338
86.5,33.4,84.9,54.2,2026-06-20 11:20:00,2974338
86.5,33.8,85.1,54.7,2026-06-20 11:40:00,2974338
87.4,30.8,85.5,52.9,2026-06-20 12:00:00,2974338
89.6,30.1,88.3,54.2,2026-06-20 12:20:00,2974338
88.3,31.7,86.7,54.4,2026-06-20 12:40:00,2974338
87.8,31.5,86.2,53.8,2026-06-20 13:00:00,2974338
88.2,32.4,86.9,54.9,2026-06-20 13:20:00,2974338
88.3,32.4,86.9,55.0,2026-06-20 13:40:00,2974338
88.4,32.2,87.3,55.0,2026-06-20 14:00:00,2974338
90.9,32.2,91.0,57.1,2026-06-20 14:20:00,2974338
90.4,30.3,89.4,55.0,2026-06-20 14:40:00,2974338
89.7,31.4,88.9,55.4,2026-06-20 15:00:00,2974338
87.6,31.0,85.8,53.3,2026-06-20 15:20:00,2974338
88.8,32.9,88.0,55.9,2026-06-20 15:40:00,2974338
89.0,31.1,87.6,54.5,2026-06-20 16:00:00,2974338
89.1,31.9,88.3,55.3,2026-06-20 16:20:00,2974338
90.2,32.6,90.1,56.8,2026-06-20 16:40:00,2974338
88.1,33.0,87.1,55.4,2026-06-20 17:00:00,2974338
88.6,33.2,87.8,56.0,2026-06-20 17:20:00,2974338
88.9,31.8,87.8,55.1,2026-06-20 17:40:00,2974338
87.7,31.7,86.0,53.9,2026-06-20 18:00:00,2974338
88.3,34.6,87.6,56.8,2026-06-20 18:20:00,2974338
88.0,34.6,87.4,56.6,2026-06-20 18:40:00,2974338
85.6,35.7,84.4,55.3,2026-06-20 19:00:00,2974338
84.4,37.3,83.1,55.5,2026-06-20 19:20:00,2974338
83.8,38.1,82.6,55.5,2026-06-20 19:40:00,2974338
82.7,39.8,81.1,55.8,2026-06-20 20:00:00,2974338
81.7,42.1,80.6,56.4,2026-06-20 20:20:00,2974338
79.7,44.8,78.4,56.4,2026-06-20 20:40:00,2974338
78.1,47.9,77.0,56.7,2026-06-20 21:00:00,2974338
77.2,49.3,76.1,56.8,2026-06-20 21:20:00,2974338
76.8,49.1,75.4,56.3,2026-06-20 21:40:00,2974338
76.1,51.6,74.8,57.0,2026-06-20 22:00:00,2974338
75.8,53.0,74.8,57.5,2026-06-20 22:20:00,2974338
75.7,52.7,74.7,57.2,2026-06-20 22:40:00,2974338
75.0,54.5,74.1,57.5,2026-06-20 23:00:00,2974338
74.0,55.7,73.4,57.1,2026-06-20 23:20:00,2974338
73.5,57.3,73.0,57.4,2026-06-20 23:40:00,2974338
72.8,58.0,72.5,57.2,2026-06-21 00:00:00,2974338
72.1,59.3,71.8,57.1,2026-06-21 00:20:00,2974338
71.7,60.5,71.6,57.3,2026-06-21 00:40:00,2974338
71.5,61.3,71.4,57.4,2026-06-21 01:00:00,2974338
71.0,62.6,71.1,57.6,2026-06-21 01:20:00,2974338
71.4,61.9,71.4,57.7,2026-06-21 01:40:00,2974338
71.6,61.0,71.4,57.4,2026-06-21 02:00:00,2974338
71.0,63.0,71.2,57.7,2026-06-21 02:20:00,2974338
70.0,65.6,70.0,57.9,2026-06-21 02:40:00,2974338
69.2,67.9,68.9,58.2,2026-06-21 03:00:00,2974338
68.9,69.1,68.9,58.4,2026-06-21 03:20:00,2974338
68.5,70.5,68.2,58.5,2026-06-21 03:40:00,2974338
68.0,71.8,67.8,58.6,2026-06-21 04:00:00,2974338
67.6,72.9,67.1,58.6,2026-06-21 04:20:00,2974338
67.5,74.1,67.3,59.0,2026-06-21 04:40:00,2974338
67.1,75.5,66.9,59.1,2026-06-21 05:00:00,2974338
66.7,76.3,66.2,59.0,2026-06-21 05:20:00,2974338
66.5,77.8,66.2,59.3,2026-06-21 05:40:00,2974338
66.0,79.1,65.7,59.3,2026-06-21 06:00:00,2974338
65.9,80.1,65.7,59.6,2026-06-21 06:20:00,2974338
66.2,80.3,65.8,59.9,2026-06-21 06:40:00,2974338
66.4,81.1,66.6,60.4,2026-06-21 07:00:00,2974338
67.4,82.2,67.6,61.7,2026-06-21 07:20:00,2974338
69.1,80.9,69.8,63.0,2026-06-21 07:40:00,2974338
70.8,80.4,72.0,64.5,2026-06-21 08:00:00,2974338
73.9,72.1,74.8,64.3,2026-06-21 08:20:00,2974338
75.7,67.4,76.1,64.1,2026-06-21 08:40:00,2974338
77.4,64.2,78.3,64.3,2026-06-21 09:00:00,2974338
79.2,60.6,80.4,64.4,2026-06-21 09:20:00,2974338
80.7,57.3,82.0,64.2,2026-06-21 09:40:00,2974338
82.3,54.1,83.7,64.0,2026-06-21 10:00:00,2974338
83.6,48.2,84.4,62.0,2026-06-21 10:20:00,2974338
87.2,43.0,88.7,62.0,2026-06-21 10:40:00,2974338
90.6,39.1,93.2,62.3,2026-06-21 11:00:00,2974338
91.4,37.7,93.9,62.0,2026-06-21 11:20:00,2974338
92.9,35.5,95.5,61.6,2026-06-21 11:40:00,2974338
93.2,35.8,96.4,62.1,2026-06-21 12:00:00,2974338
93.7,35.1,96.6,61.9,2026-06-21 12:20:00,2974338
94.4,34.0,97.3,61.7,2026-06-21 12:40:00,2974338
94.7,34.0,97.9,61.9,2026-06-21 13:00:00,2974338
93.8,33.0,95.9,60.4,2026-06-21 13:20:00,2974338
93.6,33.8,95.9,60.8,2026-06-21 13:40:00,2974338
95.5,36.2,100.4,64.4,2026-06-21 14:00:00,2974338
91.7,36.2,93.9,61.1,2026-06-21 14:20:00,2974338
91.9,35.9,94.3,61.1,2026-06-21 14:40:00,2974338
93.7,34.9,96.8,61.9,2026-06-21 15:00:00,2974338
93.0,34.2,95.0,60.6,2026-06-21 15:20:00,2974338
93.7,33.6,95.9,60.8,2026-06-21 15:40:00,2974338
94.8,32.9,97.3,61.1,2026-06-21 16:00:00,2974338
94.7,32.9,97.2,61.0,2026-06-21 16:20:00,2974338
94.4,33.4,97.0,61.2,2026-06-21 16:40:00,2974338
94.0,34.3,96.8,61.7,2026-06-21 17:00:00,2974338
91.5,38.5,94.5,62.7,2026-06-21 17:20:00,2974338
92.5,38.1,95.9,63.2,2026-06-21 17:40:00,2974338
91.0,39.6,94.1,63.0,2026-06-21 18:00:00,2974338
90.4,41.5,93.7,63.8,2026-06-21 18:20:00,2974338
91.0,40.3,94.3,63.6,2026-06-21 18:40:00,2974338
89.6,40.8,91.9,62.7,2026-06-21 19:00:00,2974338
89.3,42.6,92.3,63.6,2026-06-21 19:20:00,2974338
88.3,44.6,90.9,64.0,2026-06-21 19:40:00,2974338
86.9,46.1,89.4,63.7,2026-06-21 20:00:00,2974338
86.1,47.0,88.3,63.5,2026-06-21 20:20:00,2974338
84.9,47.9,86.7,63.0,2026-06-21 20:40:00,2974338
83.4,50.1,84.7,62.8,2026-06-21 21:00:00,2974338
82.1,52.0,82.9,62.8,2026-06-21 21:20:00,2974338
81.5,52.2,82.0,62.2,2026-06-21 21:40:00,2974338
80.4,54.3,81.1,62.4,2026-06-21 22:00:00,2974338
79.5,56.1,80.1,62.5,2026-06-21 22:20:00,2974338
78.9,57.0,79.3,62.4,2026-06-21 22:40:00,2974338
78.2,59.0,78.6,62.7,2026-06-21 23:00:00,2974338
78.0,60.8,78.6,63.4,2026-06-21 23:20:00,2974338
78.9,60.9,79.9,64.3,2026-06-21 23:40:00,2974338
78.3,63.8,79.5,65.0,2026-06-22 00:00:00,2974338
77.9,66.4,79.2,65.8,2026-06-22 00:20:00,2974338
77.6,68.3,79.2,66.4,2026-06-22 00:40:00,2974338
76.9,70.8,78.3,66.7,2026-06-22 01:00:00,2974338
76.0,72.9,77.2,66.7,2026-06-22 01:20:00,2974338
