sensor_id,date_dt,week,street_name,GMaps_ID,randomize,treat_25,Shade,Sidewalk,St2Pole_in,COR_WIDTH,yr_repave,UHI_Qtile2,pct_treec,treatment_date,treatment_week,treatment_wave,sensor_direction,daylight_mins,sunny_hours,sfc_sw_down_wgt,sfc_sw_down_mean,daylight_mins_l1,sunny_hours_l1,sfc_sw_down_wgt_l1,sfc_sw_down_mean_l1,post,treat_post,date,time_unit,Temperature,Relative.Humidity,temp_f_rdu_fill,dewpoint_f_rdu_fill,rh_pct,precip_in_rdu_fill,avg_rad_wm2_fill,toh_rad_wm2_fill
2503418,2026-06-25,26,KILGORE,KILGORE_BROOKS AV_DIXIE TR,36,0,No,Yes,22,22,2023,7,0.636363636364,2025-09-12,37,1.0,N,,,,,,,,,1.0,0.0,2026-06-25,-11,79.97638888888889,62.13472222222222,,,,0.0,0.0,0.0
2503418,2026-06-26,26,KILGORE,KILGORE_BROOKS AV_DIXIE TR,36,0,No,Yes,22,22,2023,7,0.636363636364,2025-09-12,37,1.0,N,,,,,,,,,1.0,0.0,2026-06-26,-11,80.12222222222222,69.36805555555556,,,,0.0,0.0,0.0
2503418,2026-06-27,26,KILGORE,KILGORE_BROOKS AV_DIXIE TR,36,0,No,Yes,22,22,2023,7,0.636363636364,2025-09-12,37,1.0,N,,,,,,,,,1.0,0.0,2026-06-27,-11,81.25694444444444,76.51944444444445,,,,0.0,0.0,0.0
2503418,2026-06-28,26,KILGORE,KILGORE_BROOKS AV_DIXIE TR,36,0,No,Yes,22,22,2023,7,0.636363636364,2025-09-12,37,1.0,N,,,,,,,,,1.0,0.0,2026-06-28,-11,79.9375,78.41805555555555,,,,0.0,0.0,0.0
2503418,2026-06-29,26,KILGORE,KILGORE_BROOKS AV_DIXIE TR,36,0,No,Yes,22,22,2023,7,0.636363636364,2025-09-12,37,1.0,N,,,,,,,,,1.0,0.0,2026-06-29,-11,80.66268656716417,76.98805970149253,,,,0.0,0.0,0.0
2503418,2026-06-30,26,KILGORE,KILGORE_BROOKS AV_DIXIE TR,36,0,No,Yes,22,22,2023,7,0.636363636364,2025-09-12,37,1.0,N,,,,,,,,,1.0,0.0,2026-06-30,-11,84.07083333333334,61.44444444444444,,,,0.0,0.0,0.0
2503418,2026-07-01,26,KILGORE,KILGORE_BROOKS AV_DIXIE TR,36,0,No,Yes,22,22,2023,7,0.636363636364,2025-09-12,37,1.0,N,,,,,,,,,1.0,0.0,2026-07-01,-11,86.63749999999999,60.28611111111112,,,,0.0,0.0,0.0
2503418,2026-07-02,27,KILGORE,KILGORE_BROOKS AV_DIXIE TR,36,0,No,Yes,22,22,2023,7,0.636363636364,2025-09-12,37,1.0,N,,,,,,,,,1.0,0.0,2026-07-02,-10,89.41805555555555,57.358333333333334,,,,0.0,0.0,0.0
2503418,2026-07-03,27,KILGORE,KILGORE_BROOKS AV_DIXIE TR,36,0,No,Yes,22,22,2023,7,0.636363636364,2025-09-12,37,1.0,N,,,,,,,,,1.0,0.0,2026-07-03,-10,92.41805555555555,53.34861111111111,,,,0.0,0.0,0.0
2503418,2026-07-04,27,KILGORE,KILGORE_BROOKS AV_DIXIE TR,36,0,No,Yes,22,22,2023,7,0.636363636364,2025-09-12,37,1.0,N,,,,,,,,,1.0,0.0,2026-07-04,-10,92.65555555555555,51.38472222222222,,,,0.0,0.0,0.0
2503418,2026-07-05,27,KILGORE,KILGORE_BROOKS AV_DIXIE TR,36,0,No,Yes,22,22,2023,7,0.636363636364,2025-09-12,37,1.0,N,,,,,,,,,1.0,0.0,2026-07-05,-10,84.52638888888889,71.84444444444445,,,,0.0,0.0,0.0
2503418,2026-07-06,27,KILGORE,KILGORE_BROOKS AV_DIXIE TR,36,0,No,Yes,22,22,2023,7,0.636363636364,2025-09-12,37,1.0,N,,,,,,,,,1.0,0.0,2026-07-06,-10,83.07638888888889,76.98055555555555,,,,0.0,0.0,0.0
2503418,2026-07-07,27,KILGORE,KILGORE_BROOKS AV_DIXIE TR,36,0,No,Yes,22,22,2023,7,0.636363636364,2025-09-12,37,1.0,N,,,,,,,,,1.0,0.0,2026-07-07,-10,81.16388888888889,82.30694444444445,,,,0.0,0.0,0.0
2503418,2026-07-08,27,KILGORE,KILGORE_BROOKS AV_DIXIE TR,36,0,No,Yes,22,22,2023,7,0.636363636364,2025-09-12,37,1.0,N,,,,,,,,,1.0,0.0,2026-07-08,-10,82.18472222222222,81.91111111111111,,,,0.0,0.0,0.0
2503418,2026-07-09,28,KILGORE,KILGORE_BROOKS AV_DIXIE TR,36,0,No,Yes,22,22,2023,7,0.636363636364,2025-09-12,37,1.0,N,,,,,,,,,1.0,0.0,2026-07-09,-9,85.36527777777778,69.86250000000001,,,,0.0,0.0,0.0
2503418,2026-07-10,28,KILGORE,KILGORE_BROOKS AV_DIXIE TR,36,0,No,Yes,22,22,2023,7,0.636363636364,2025-09-12,37,1.0,N,,,,,,,,,1.0,0.0,2026-07-10,-9,83.71944444444445,69.47222222222223,,,,0.0,0.0,0.0
2503418,2026-07-11,28,KILGORE,KILGORE_BROOKS AV_DIXIE TR,36,0,No,Yes,22,22,2023,7,0.636363636364,2025-09-12,37,1.0,N,,,,,,,,,1.0,0.0,2026-07-11,-9,77.39166666666667,83.54722222222222,,,,0.0,0.0,0.0
2558025,2026-06-25,26,CHATHAM,CHATHAM_BELFAST DR_CRABTREE BV,36,1,No,No,49,22,2022,7,0.710144927536,2025-09-12,37,1.0,W,,,,,,,,,1.0,1.0,2026-06-25,-11,77.9361111111111,66.35277777777777,,,,0.0,0.0,0.0
2558025,2026-06-26,26,CHATHAM,CHATHAM_BELFAST DR_CRABTREE BV,36,1,No,No,49,22,2022,7,0.710144927536,2025-09-12,37,1.0,W,,,,,,,,,1.0,1.0,2026-06-26,-11,80.07361111111112,69.01805555555556,,,,0.0,0.0,0.0
2558025,2026-06-27,26,CHATHAM,CHATHAM_BELFAST DR_CRABTREE BV,36,1,No,No,49,22,2022,7,0.710144927536,2025-09-12,37,1.0,W,,,,,,,,,1.0,1.0,2026-06-27,-11,81.18333333333334,76.80416666666666,,,,0.0,0.0,0.0
2558025,2026-06-28,26,CHATHAM,CHATHAM_BELFAST DR_CRABTREE BV,36,1,No,No,49,22,2022,7,0.710144927536,2025-09-12,37,1.0,W,,,,,,,,,1.0,1.0,2026-06-28,-11,79.83888888888889,78.19027777777778,,,,0.0,0.0,0.0
2558025,2026-06-29,26,CHATHAM,CHATHAM_BELFAST DR_CRABTREE BV,36,1,No,No,49,22,2022,7,0.710144927536,2025-09-12,37,1.0,W,,,,,,,,,1.0,1.0,2026-06-29,-11,79.76268656716418,80.30149253731344,,,,0.0,0.0,0.0
2558025,2026-06-30,26,CHATHAM,CHATHAM_BELFAST DR_CRABTREE BV,36,1,No,No,49,22,2022,7,0.710144927536,2025-09-12,37,1.0,W,,,,,,,,,1.0,1.0,2026-06-30,-11,82.42916666666666,63.74583333333333,,,,0.0,0.0,0.0
2558025,2026-07-01,26,CHATHAM,CHATHAM_BELFAST DR_CRABTREE BV,36,1,No,No,49,22,2022,7,0.710144927536,2025-09-12,37,1.0,W,,,,,,,,,1.0,1.0,2026-07-01,-11,85.94166666666666,59.951388888888886,,,,0.0,0.0,0.0
2558025,2026-07-02,27,CHATHAM,CHATHAM_BELFAST DR_CRABTREE BV,36,1,No,No,49,22,2022,7,0.710144927536,2025-09-12,37,1.0,W,,,,,,,,,1.0,1.0,2026-07-02,-10,88.78611111111111,56.58888888888889,,,,0.0,0.0,0.0
2558025,2026-07-03,27,CHATHAM,CHATHAM_BELFAST DR_CRABTREE BV,36,1,No,No,49,22,2022,7,0.710144927536,2025-09-12,37,1.0,W,,,,,,,,,1.0,1.0,2026-07-03,-10,90.84583333333333,54.673611111111114,,,,0.0,0.0,0.0
2558025,2026-07-04,27,CHATHAM,CHATHAM_BELFAST DR_CRABTREE BV,36,1,No,No,49,22,2022,7,0.710144927536,2025-09-12,37,1.0,W,,,,,,,,,1.0,1.0,2026-07-04,-10,91.94166666666666,50.543055555555554,,,,0.0,0.0,0.0
2558025,2026-07-05,27,CHATHAM,CHATHAM_BELFAST DR_CRABTREE BV,36,1,No,No,49,22,2022,7,0.710144927536,2025-09-12,37,1.0,W,,,,,,,,,1.0,1.0,2026-07-05,-10,84.44305555555555,70.80277777777778,,,,0.0,0.0,0.0
2558025,2026-07-06,27,CHATHAM,CHATHAM_BELFAST DR_CRABTREE BV,36,1,No,No,49,22,2022,7,0.710144927536,2025-09-12,37,1.0,W,,,,,,,,,1.0,1.0,2026-07-06,-10,82.51527777777778,78.91666666666667,,,,0.0,0.0,0.0
2558025,2026-07-07,27,CHATHAM,CHATHAM_BELFAST DR_CRABTREE BV,36,1,No,No,49,22,2022,7,0.710144927536,2025-09-12,37,1.0,W,,,,,,,,,1.0,1.0,2026-07-07,-10,80.75277777777778,83.76527777777778,,,,0.0,0.0,0.0
2558025,2026-07-08,27,CHATHAM,CHATHAM_BELFAST DR_CRABTREE BV,36,1,No,No,49,22,2022,7,0.710144927536,2025-09-12,37,1.0,W,,,,,,,,,1.0,1.0,2026-07-08,-10,83.0013888888889,80.05138888888888,,,,0.0,0.0,0.0
2558025,2026-07-09,28,CHATHAM,CHATHAM_BELFAST DR_CRABTREE BV,36,1,No,No,49,22,2022,7,0.710144927536,2025-09-12,37,1.0,W,,,,,,,,,1.0,1.0,2026-07-09,-9,85.80000000000001,68.33888888888889,,,,0.0,0.0,0.0
2558025,2026-07-10,28,CHATHAM,CHATHAM_BELFAST DR_CRABTREE BV,36,1,No,No,49,22,2022,7,0.710144927536,2025-09-12,37,1.0,W,,,,,,,,,1.0,1.0,2026-07-10,-9,83.29166666666667,70.87222222222222,,,,0.0,0.0,0.0
2558025,2026-07-11,28,CHATHAM,CHATHAM_BELFAST DR_CRABTREE BV,36,1,No,No,49,22,2022,7,0.710144927536,2025-09-12,37,1.0,W,,,,,,,,,1.0,1.0,2026-07-11,-9,77.21944444444445,87.20833333333333,,,,0.0,0.0,0.0
2558028,2026-06-26,26,FIESTA,FIESTA_GALA CT_MADIERA CT,31,0,Yes,Yes,11,22,2023,2,0.937823834197,2025-10-23,43,5.0,W,,,,,,,,,1.0,0.0,2026-06-26,-17,79.97121212121213,62.521212121212116,,,,0.0,0.0,0.0
2558028,2026-06-27,26,FIESTA,FIESTA_GALA CT_MADIERA CT,31,0,Yes,Yes,11,22,2023,2,0.937823834197,2025-10-23,43,5.0,W,,,,,,,,,1.0,0.0,2026-06-27,-17,80.01805555555556,71.76805555555556,,,,0.0,0.0,0.0
2558028,2026-06-28,26,FIESTA,FIESTA_GALA CT_MADIERA CT,31,0,Yes,Yes,11,22,2023,2,0.937823834197,2025-10-23,43,5.0,W,,,,,,,,,1.0,0.0,2026-06-28,-17,78.28055555555555,73.80416666666666,,,,0.0,0.0,0.0
2558028,2026-06-29,26,FIESTA,FIESTA_GALA CT_MADIERA CT,31,0,Yes,Yes,11,22,2023,2,0.937823834197,2025-10-23,43,5.0,W,,,,,,,,,1.0,0.0,2026-06-29,-17,77.80277777777778,77.44305555555555,,,,0.0,0.0,0.0
2558028,2026-06-30,26,FIESTA,FIESTA_GALA CT_MADIERA CT,31,0,Yes,Yes,11,22,2023,2,0.937823834197,2025-10-23,43,5.0,W,,,,,,,,,1.0,0.0,2026-06-30,-17,79.39027777777778,63.37777777777777,,,,0.0,0.0,0.0
2558028,2026-07-01,26,FIESTA,FIESTA_GALA CT_MADIERA CT,31,0,Yes,Yes,11,22,2023,2,0.937823834197,2025-10-23,43,5.0,W,,,,,,,,,1.0,0.0,2026-07-01,-17,83.86944444444445,57.96527777777778,,,,0.0,0.0,0.0
2558028,2026-07-02,27,FIESTA,FIESTA_GALA CT_MADIERA CT,31,0,Yes,Yes,11,22,2023,2,0.937823834197,2025-10-23,43,5.0,W,,,,,,,,,1.0,0.0,2026-07-02,-16,86.82499999999999,53.76805555555555,,,,0.0,0.0,0.0
2558028,2026-07-03,27,FIESTA,FIESTA_GALA CT_MADIERA CT,31,0,Yes,Yes,11,22,2023,2,0.937823834197,2025-10-23,43,5.0,W,,,,,,,,,1.0,0.0,2026-07-03,-16,80.53,63.30333333333333,,,,0.0,0.0,0.0
2799139,2026-06-26,26,WAKEFIELD PINES,WAKEFIELD PINES_WAKEFIELD SPRING ENT_FALLS OF NEUSE RD,25,1,No,Yes,121,56,2022,2,0.0,2025-10-18,42,4.0,E,,,,,,,,,1.0,1.0,2026-06-26,-16,79.76515151515152,69.27575757575757,,,,0.0,0.0,0.0
2799139,2026-06-27,26,WAKEFIELD PINES,WAKEFIELD PINES_WAKEFIELD SPRING ENT_FALLS OF NEUSE RD,25,1,No,Yes,121,56,2022,2,0.0,2025-10-18,42,4.0,E,,,,,,,,,1.0,1.0,2026-06-27,-16,81.01111111111112,75.62777777777778,,,,0.0,0.0,0.0
2799139,2026-06-28,26,WAKEFIELD PINES,WAKEFIELD PINES_WAKEFIELD SPRING ENT_FALLS OF NEUSE RD,25,1,No,Yes,121,56,2022,2,0.0,2025-10-18,42,4.0,E,,,,,,,,,1.0,1.0,2026-06-28,-16,79.52361111111111,77.7875,,,,0.0,0.0,0.0
2799139,2026-06-29,26,WAKEFIELD PINES,WAKEFIELD PINES_WAKEFIELD SPRING ENT_FALLS OF NEUSE RD,25,1,No,Yes,121,56,2022,2,0.0,2025-10-18,42,4.0,E,,,,,,,,,1.0,1.0,2026-06-29,-16,79.34444444444445,78.11805555555556,,,,0.0,0.0,0.0
2799139,2026-06-30,26,WAKEFIELD PINES,WAKEFIELD PINES_WAKEFIELD SPRING ENT_FALLS OF NEUSE RD,25,1,No,Yes,121,56,2022,2,0.0,2025-10-18,42,4.0,E,,,,,,,,,1.0,1.0,2026-06-30,-16,81.55416666666666,61.87916666666667,,,,0.0,0.0,0.0
2799139,2026-07-01,26,WAKEFIELD PINES,WAKEFIELD PINES_WAKEFIELD SPRING ENT_FALLS OF NEUSE RD,25,1,No,Yes,121,56,2022,2,0.0,2025-10-18,42,4.0,E,,,,,,,,,1.0,1.0,2026-07-01,-16,84.29583333333333,61.224999999999994,,,,0.0,0.0,0.0
2799139,2026-07-02,27,WAKEFIELD PINES,WAKEFIELD PINES_WAKEFIELD SPRING ENT_FALLS OF NEUSE RD,25,1,No,Yes,121,56,2022,2,0.0,2025-10-18,42,4.0,E,,,,,,,,,1.0,1.0,2026-07-02,-15,87.25,57.75833333333334,,,,0.0,0.0,0.0
2799139,2026-07-03,27,WAKEFIELD PINES,WAKEFIELD PINES_WAKEFIELD SPRING ENT_FALLS OF NEUSE RD,25,1,No,Yes,121,56,2022,2,0.0,2025-10-18,42,4.0,E,,,,,,,,,1.0,1.0,2026-07-03,-15,90.10277777777777,53.111111111111114,,,,0.0,0.0,0.0
2799139,2026-07-04,27,WAKEFIELD PINES,WAKEFIELD PINES_WAKEFIELD SPRING ENT_FALLS OF NEUSE RD,25,1,No,Yes,121,56,2022,2,0.0,2025-10-18,42,4.0,E,,,,,,,,,1.0,1.0,2026-07-04,-15,91.04444444444444,50.106944444444444,,,,0.0,0.0,0.0
2799139,2026-07-05,27,WAKEFIELD PINES,WAKEFIELD PINES_WAKEFIELD SPRING ENT_FALLS OF NEUSE RD,25,1,No,Yes,121,56,2022,2,0.0,2025-10-18,42,4.0,E,,,,,,,,,1.0,1.0,2026-07-05,-15,83.59861111111111,71.03611111111111,,,,0.0,0.0,0.0
2799139,2026-07-06,27,WAKEFIELD PINES,WAKEFIELD PINES_WAKEFIELD SPRING ENT_FALLS OF NEUSE RD,25,1,No,Yes,121,56,2022,2,0.0,2025-10-18,42,4.0,E,,,,,,,,,1.0,1.0,2026-07-06,-15,82.75416666666666,76.17222222222222,,,,0.0,0.0,0.0
2799139,2026-07-07,27,WAKEFIELD PINES,WAKEFIELD PINES_WAKEFIELD SPRING ENT_FALLS OF NEUSE RD,25,1,No,Yes,121,56,2022,2,0.0,2025-10-18,42,4.0,E,,,,,,,,,1.0,1.0,2026-07-07,-15,80.1875,82.29027777777777,,,,0.0,0.0,0.0
2799139,2026-07-08,27,WAKEFIELD PINES,WAKEFIELD PINES_WAKEFIELD SPRING ENT_FALLS OF NEUSE RD,25,1,No,Yes,121,56,2022,2,0.0,2025-10-18,42,4.0,E,,,,,,,,,1.0,1.0,2026-07-08,-15,81.26111111111112,81.55416666666666,,,,0.0,0.0,0.0
2799139,2026-07-09,28,WAKEFIELD PINES,WAKEFIELD PINES_WAKEFIELD SPRING ENT_FALLS OF NEUSE RD,25,1,No,Yes,121,56,2022,2,0.0,2025-10-18,42,4.0,E,,,,,,,,,1.0,1.0,2026-07-09,-14,84.96666666666667,68.54444444444444,,,,0.0,0.0,0.0
2799139,2026-07-10,28,WAKEFIELD PINES,WAKEFIELD PINES_WAKEFIELD SPRING ENT_FALLS OF NEUSE RD,25,1,No,Yes,121,56,2022,2,0.0,2025-10-18,42,4.0,E,,,,,,,,,1.0,1.0,2026-07-10,-14,83.57777777777778,67.56944444444444,,,,0.0,0.0,0.0
2799139,2026-07-11,28,WAKEFIELD PINES,WAKEFIELD PINES_WAKEFIELD SPRING ENT_FALLS OF NEUSE RD,25,1,No,Yes,121,56,2022,2,0.0,2025-10-18,42,4.0,E,,,,,,,,,1.0,1.0,2026-07-11,-14,77.56944444444444,82.07777777777778,,,,0.0,0.0,0.0
2799141,2026-06-25,26,PINEVIEW,PINEVIEW_KAPLAN DR_WICKHAM RD,1,0,Yes,No,18,26,2021,6,0.965517241379,2025-09-25,39,2.0,E,,,,,,,,,1.0,0.0,2026-06-25,-13,77.18055555555556,67.13472222222222,,,,0.0,0.0,0.0
2799141,2026-06-26,26,PINEVIEW,PINEVIEW_KAPLAN DR_WICKHAM RD,1,0,Yes,No,18,26,2021,6,0.965517241379,2025-09-25,39,2.0,E,,,,,,,,,1.0,0.0,2026-06-26,-13,79.69861111111112,70.64861111111111,,,,0.0,0.0,0.0
2799141,2026-06-27,26,PINEVIEW,PINEVIEW_KAPLAN DR_WICKHAM RD,1,0,Yes,No,18,26,2021,6,0.965517241379,2025-09-25,39,2.0,E,,,,,,,,,1.0,0.0,2026-06-27,-13,81.13333333333334,77.10833333333333,,,,0.0,0.0,0.0
2799141,2026-06-28,26,PINEVIEW,PINEVIEW_KAPLAN DR_WICKHAM RD,1,0,Yes,No,18,26,2021,6,0.965517241379,2025-09-25,39,2.0,E,,,,,,,,,1.0,0.0,2026-06-28,-13,79.19166666666666,79.95277777777778,,,,0.0,0.0,0.0
2799141,2026-06-29,26,PINEVIEW,PINEVIEW_KAPLAN DR_WICKHAM RD,1,0,Yes,No,18,26,2021,6,0.965517241379,2025-09-25,39,2.0,E,,,,,,,,,1.0,0.0,2026-06-29,-13,72.828,96.684,,,,0.0,0.0,0.0
2799155,2026-06-26,26,YELVERTON,YELVERTON_GLEN EDEN DR_CDS,4,0,No,No,18,22,2018,4,0.831168831169,2025-10-22,43,5.0,E,,,,,,,,,1.0,0.0,2026-06-26,-17,79.26666666666667,66.64999999999999,,,,0.0,0.0,0.0
2799155,2026-06-27,26,YELVERTON,YELVERTON_GLEN EDEN DR_CDS,4,0,No,No,18,22,2018,4,0.831168831169,2025-10-22,43,5.0,E,,,,,,,,,1.0,0.0,2026-06-27,-17,80.55416666666666,72.50555555555555,,,,0.0,0.0,0.0
2799155,2026-06-28,26,YELVERTON,YELVERTON_GLEN EDEN DR_CDS,4,0,No,No,18,22,2018,4,0.831168831169,2025-10-22,43,5.0,E,,,,,,,,,1.0,0.0,2026-06-28,-17,79.36527777777778,73.94444444444444,,,,0.0,0.0,0.0
2799155,2026-06-29,26,YELVERTON,YELVERTON_GLEN EDEN DR_CDS,4,0,No,No,18,22,2018,4,0.831168831169,2025-10-22,43,5.0,E,,,,,,,,,1.0,0.0,2026-06-29,-17,78.75694444444444,76.57777777777778,,,,0.0,0.0,0.0
2799155,2026-06-30,26,YELVERTON,YELVERTON_GLEN EDEN DR_CDS,4,0,No,No,18,22,2018,4,0.831168831169,2025-10-22,43,5.0,E,,,,,,,,,1.0,0.0,2026-06-30,-17,80.77916666666667,60.96666666666667,,,,0.0,0.0,0.0
2799155,2026-07-01,26,YELVERTON,YELVERTON_GLEN EDEN DR_CDS,4,0,No,No,18,22,2018,4,0.831168831169,2025-10-22,43,5.0,E,,,,,,,,,1.0,0.0,2026-07-01,-17,84.23888888888888,57.64444444444444,,,,0.0,0.0,0.0
2799155,2026-07-02,27,YELVERTON,YELVERTON_GLEN EDEN DR_CDS,4,0,No,No,18,22,2018,4,0.831168831169,2025-10-22,43,5.0,E,,,,,,,,,1.0,0.0,2026-07-02,-16,87.16944444444444,54.037499999999994,,,,0.0,0.0,0.0
2799155,2026-07-03,27,YELVERTON,YELVERTON_GLEN EDEN DR_CDS,4,0,No,No,18,22,2018,4,0.831168831169,2025-10-22,43,5.0,E,,,,,,,,,1.0,0.0,2026-07-03,-16,90.09583333333333,49.50694444444444,,,,0.0,0.0,0.0
2799155,2026-07-04,27,YELVERTON,YELVERTON_GLEN EDEN DR_CDS,4,0,No,No,18,22,2018,4,0.831168831169,2025-10-22,43,5.0,E,,,,,,,,,1.0,0.0,2026-07-04,-16,91.12222222222222,47.50833333333333,,,,0.0,0.0,0.0
2799155,2026-07-05,27,YELVERTON,YELVERTON_GLEN EDEN DR_CDS,4,0,No,No,18,22,2018,4,0.831168831169,2025-10-22,43,5.0,E,,,,,,,,,1.0,0.0,2026-07-05,-16,84.21666666666667,65.13055555555555,,,,0.0,0.0,0.0
2799155,2026-07-06,27,YELVERTON,YELVERTON_GLEN EDEN DR_CDS,4,0,No,No,18,22,2018,4,0.831168831169,2025-10-22,43,5.0,E,,,,,,,,,1.0,0.0,2026-07-06,-16,83.25277777777778,68.74583333333334,,,,0.0,0.0,0.0
2799155,2026-07-07,27,YELVERTON,YELVERTON_GLEN EDEN DR_CDS,4,0,No,No,18,22,2018,4,0.831168831169,2025-10-22,43,5.0,E,,,,,,,,,1.0,0.0,2026-07-07,-16,79.53333333333333,79.91527777777777,,,,0.0,0.0,0.0
2799155,2026-07-08,27,YELVERTON,YELVERTON_GLEN EDEN DR_CDS,4,0,No,No,18,22,2018,4,0.831168831169,2025-10-22,43,5.0,E,,,,,,,,,1.0,0.0,2026-07-08,-16,80.92916666666666,79.31527777777778,,,,0.0,0.0,0.0
2799155,2026-07-09,28,YELVERTON,YELVERTON_GLEN EDEN DR_CDS,4,0,No,No,18,22,2018,4,0.831168831169,2025-10-22,43,5.0,E,,,,,,,,,1.0,0.0,2026-07-09,-15,84.95555555555556,65.66666666666667,,,,0.0,0.0,0.0
2799155,2026-07-10,28,YELVERTON,YELVERTON_GLEN EDEN DR_CDS,4,0,No,No,18,22,2018,4,0.831168831169,2025-10-22,43,5.0,E,,,,,,,,,1.0,0.0,2026-07-10,-15,84.09305555555555,61.766666666666666,,,,0.0,0.0,0.0
2799155,2026-07-11,28,YELVERTON,YELVERTON_GLEN EDEN DR_CDS,4,0,No,No,18,22,2018,4,0.831168831169,2025-10-22,43,5.0,E,,,,,,,,,1.0,0.0,2026-07-11,-15,82.63611111111112,65.2875,,,,0.0,0.0,0.0
2799155,2026-07-12,28,YELVERTON,YELVERTON_GLEN EDEN DR_CDS,4,0,No,No,18,22,2018,4,0.831168831169,2025-10-22,43,5.0,E,,,,,,,,,1.0,0.0,2026-07-12,-15,80.3736111111111,72.92638888888888,,,,0.0,0.0,0.0
2799155,2026-07-13,28,YELVERTON,YELVERTON_GLEN EDEN DR_CDS,4,0,No,No,18,22,2018,4,0.831168831169,2025-10-22,43,5.0,E,,,,,,,,,1.0,0.0,2026-07-13,-15,75.30277777777778,81.06527777777778,,,,0.0,0.0,0.0
2799155,2026-07-14,28,YELVERTON,YELVERTON_GLEN EDEN DR_CDS,4,0,No,No,18,22,2018,4,0.831168831169,2025-10-22,43,5.0,E,,,,,,,,,1.0,0.0,2026-07-14,-15,78.96388888888889,63.56666666666667,,,,0.0,0.0,0.0
2799155,2026-07-15,28,YELVERTON,YELVERTON_GLEN EDEN DR_CDS,4,0,No,No,18,22,2018,4,0.831168831169,2025-10-22,43,5.0,E,,,,,,,,,1.0,0.0,2026-07-15,-15,70.33,78.505,,,,0.0,0.0,0.0
2799158,2026-06-25,26,RAINWATER,RAINWATER_BELLECHASSE DR_PVMT CHG #6724,35,0,Yes,Yes,115,37,2021,6,0.958333333333,2025-09-12,37,1.0,S,,,,,,,,,1.0,0.0,2026-06-25,-11,76.32777777777778,66.10277777777777,,,,0.0,0.0,0.0
2799158,2026-06-26,26,RAINWATER,RAINWATER_BELLECHASSE DR_PVMT CHG #6724,35,0,Yes,Yes,115,37,2021,6,0.958333333333,2025-09-12,37,1.0,S,,,,,,,,,1.0,0.0,2026-06-26,-11,79.00694444444444,68.88472222222222,,,,0.0,0.0,0.0
2799158,2026-06-27,26,RAINWATER,RAINWATER_BELLECHASSE DR_PVMT CHG #6724,35,0,Yes,Yes,115,37,2021,6,0.958333333333,2025-09-12,37,1.0,S,,,,,,,,,1.0,0.0,2026-06-27,-11,80.88194444444444,74.125,,,,0.0,0.0,0.0
2799158,2026-06-28,26,RAINWATER,RAINWATER_BELLECHASSE DR_PVMT CHG #6724,35,0,Yes,Yes,115,37,2021,6,0.958333333333,2025-09-12,37,1.0,S,,,,,,,,,1.0,0.0,2026-06-28,-11,78.70416666666667,78.45138888888889,,,,0.0,0.0,0.0
2799158,2026-06-29,26,RAINWATER,RAINWATER_BELLECHASSE DR_PVMT CHG #6724,35,0,Yes,Yes,115,37,2021,6,0.958333333333,2025-09-12,37,1.0,S,,,,,,,,,1.0,0.0,2026-06-29,-11,79.5939393939394,78.5848484848485,,,,0.0,0.0,0.0
2799158,2026-06-30,26,RAINWATER,RAINWATER_BELLECHASSE DR_PVMT CHG #6724,35,0,Yes,Yes,115,37,2021,6,0.958333333333,2025-09-12,37,1.0,S,,,,,,,,,1.0,0.0,2026-06-30,-11,81.23055555555555,64.43194444444445,,,,0.0,0.0,0.0
2799158,2026-07-01,26,RAINWATER,RAINWATER_BELLECHASSE DR_PVMT CHG #6724,35,0,Yes,Yes,115,37,2021,6,0.958333333333,2025-09-12,37,1.0,S,,,,,,,,,1.0,0.0,2026-07-01,-11,85.14861111111111,59.800000000000004,,,,0.0,0.0,0.0
2799158,2026-07-02,27,RAINWATER,RAINWATER_BELLECHASSE DR_PVMT CHG #6724,35,0,Yes,Yes,115,37,2021,6,0.958333333333,2025-09-12,37,1.0,S,,,,,,,,,1.0,0.0,2026-07-02,-10,88.09166666666667,56.28194444444445,,,,0.0,0.0,0.0
2799158,2026-07-03,27,RAINWATER,RAINWATER_BELLECHASSE DR_PVMT CHG #6724,35,0,Yes,Yes,115,37,2021,6,0.958333333333,2025-09-12,37,1.0,S,,,,,,,,,1.0,0.0,2026-07-03,-10,90.0,55.169444444444444,,,,0.0,0.0,0.0
2799158,2026-07-04,27,RAINWATER,RAINWATER_BELLECHASSE DR_PVMT CHG #6724,35,0,Yes,Yes,115,37,2021,6,0.958333333333,2025-09-12,37,1.0,S,,,,,,,,,1.0,0.0,2026-07-04,-10,90.78611111111111,50.96805555555555,,,,0.0,0.0,0.0
2799158,2026-07-05,27,RAINWATER,RAINWATER_BELLECHASSE DR_PVMT CHG #6724,35,0,Yes,Yes,115,37,2021,6,0.958333333333,2025-09-12,37,1.0,S,,,,,,,,,1.0,0.0,2026-07-05,-10,82.96111111111111,71.25,,,,0.0,0.0,0.0
2799158,2026-07-06,27,RAINWATER,RAINWATER_BELLECHASSE DR_PVMT CHG #6724,35,0,Yes,Yes,115,37,2021,6,0.958333333333,2025-09-12,37,1.0,S,,,,,,,,,1.0,0.0,2026-07-06,-10,81.08194444444445,79.36250000000001,,,,0.0,0.0,0.0
2799158,2026-07-07,27,RAINWATER,RAINWATER_BELLECHASSE DR_PVMT CHG #6724,35,0,Yes,Yes,115,37,2021,6,0.958333333333,2025-09-12,37,1.0,S,,,,,,,,,1.0,0.0,2026-07-07,-10,80.30000000000001,81.71111111111111,,,,0.0,0.0,0.0
2799158,2026-07-08,27,RAINWATER,RAINWATER_BELLECHASSE DR_PVMT CHG #6724,35,0,Yes,Yes,115,37,2021,6,0.958333333333,2025-09-12,37,1.0,S,,,,,,,,,1.0,0.0,2026-07-08,-10,81.60833333333333,80.21527777777777,,,,0.0,0.0,0.0
2799158,2026-07-09,28,RAINWATER,RAINWATER_BELLECHASSE DR_PVMT CHG #6724,35,0,Yes,Yes,115,37,2021,6,0.958333333333,2025-09-12,37,1.0,S,,,,,,,,,1.0,0.0,2026-07-09,-9,84.67222222222222,68.20972222222223,,,,0.0,0.0,0.0
2799158,2026-07-10,28,RAINWATER,RAINWATER_BELLECHASSE DR_PVMT CHG #6724,35,0,Yes,Yes,115,37,2021,6,0.958333333333,2025-09-12,37,1.0,S,,,,,,,,,1.0,0.0,2026-07-10,-9,81.81805555555555,71.76527777777778,,,,0.0,0.0,0.0
2799158,2026-07-11,28,RAINWATER,RAINWATER_BELLECHASSE DR_PVMT CHG #6724,35,0,Yes,Yes,115,37,2021,6,0.958333333333,2025-09-12,37,1.0,S,,,,,,,,,1.0,0.0,2026-07-11,-9,76.08611111111111,86.11666666666666,,,,0.0,0.0,0.0
2953655,2026-06-26,26,WAKEFIELD PINES,WAKEFIELD PINES_KELWAY DR_SARGAS ST,20,1,Yes,Yes,129,44,2022,2,0.596153846154,2025-10-18,42,4.0,N,,,,,,,,,1.0,1.0,2026-06-26,-16,80.11969696969696,70.31969696969698,,,,0.0,0.0,0.0
2953655,2026-06-27,26,WAKEFIELD PINES,WAKEFIELD PINES_KELWAY DR_SARGAS ST,20,1,Yes,Yes,129,44,2022,2,0.596153846154,2025-10-18,42,4.0,N,,,,,,,,,1.0,1.0,2026-06-27,-16,81.27361111111111,76.43194444444445,,,,0.0,0.0,0.0
2953655,2026-06-28,26,WAKEFIELD PINES,WAKEFIELD PINES_KELWAY DR_SARGAS ST,20,1,Yes,Yes,129,44,2022,2,0.596153846154,2025-10-18,42,4.0,N,,,,,,,,,1.0,1.0,2026-06-28,-16,80.21388888888889,77.58055555555556,,,,0.0,0.0,0.0
2953655,2026-06-29,26,WAKEFIELD PINES,WAKEFIELD PINES_KELWAY DR_SARGAS ST,20,1,Yes,Yes,129,44,2022,2,0.596153846154,2025-10-18,42,4.0,N,,,,,,,,,1.0,1.0,2026-06-29,-16,80.7875,77.97083333333333,,,,0.0,0.0,0.0
2953655,2026-06-30,26,WAKEFIELD PINES,WAKEFIELD PINES_KELWAY DR_SARGAS ST,20,1,Yes,Yes,129,44,2022,2,0.596153846154,2025-10-18,42,4.0,N,,,,,,,,,1.0,1.0,2026-06-30,-16,82.23611111111111,63.083333333333336,,,,0.0,0.0,0.0
2953655,2026-07-01,26,WAKEFIELD PINES,WAKEFIELD PINES_KELWAY DR_SARGAS ST,20,1,Yes,Yes,129,44,2022,2,0.596153846154,2025-10-18,42,4.0,N,,,,,,,,,1.0,1.0,2026-07-01,-16,85.64166666666667,60.47222222222222,,,,0.0,0.0,0.0
2953655,2026-07-02,27,WAKEFIELD PINES,WAKEFIELD PINES_KELWAY DR_SARGAS ST,20,1,Yes,Yes,129,44,2022,2,0.596153846154,2025-10-18,42,4.0,N,,,,,,,,,1.0,1.0,2026-07-02,-15,88.24722222222222,57.173611111111114,,,,0.0,0.0,0.0
2953655,2026-07-03,27,WAKEFIELD PINES,WAKEFIELD PINES_KELWAY DR_SARGAS ST,20,1,Yes,Yes,129,44,2022,2,0.596153846154,2025-10-18,42,4.0,N,,,,,,,,,1.0,1.0,2026-07-03,-15,91.0638888888889,52.49444444444444,,,,0.0,0.0,0.0
2953655,2026-07-04,27,WAKEFIELD PINES,WAKEFIELD PINES_KELWAY DR_SARGAS ST,20,1,Yes,Yes,129,44,2022,2,0.596153846154,2025-10-18,42,4.0,N,,,,,,,,,1.0,1.0,2026-07-04,-15,92.56805555555555,49.71527777777778,,,,0.0,0.0,0.0
2953655,2026-07-05,27,WAKEFIELD PINES,WAKEFIELD PINES_KELWAY DR_SARGAS ST,20,1,Yes,Yes,129,44,2022,2,0.596153846154,2025-10-18,42,4.0,N,,,,,,,,,1.0,1.0,2026-07-05,-15,84.66805555555555,68.96527777777777,,,,0.0,0.0,0.0
2953655,2026-07-06,27,WAKEFIELD PINES,WAKEFIELD PINES_KELWAY DR_SARGAS ST,20,1,Yes,Yes,129,44,2022,2,0.596153846154,2025-10-18,42,4.0,N,,,,,,,,,1.0,1.0,2026-07-06,-15,84.2513888888889,72.25555555555555,,,,0.0,0.0,0.0
2953655,2026-07-07,27,WAKEFIELD PINES,WAKEFIELD PINES_KELWAY DR_SARGAS ST,20,1,Yes,Yes,129,44,2022,2,0.596153846154,2025-10-18,42,4.0,N,,,,,,,,,1.0,1.0,2026-07-07,-15,80.67361111111111,82.1263888888889,,,,0.0,0.0,0.0
2953655,2026-07-08,27,WAKEFIELD PINES,WAKEFIELD PINES_KELWAY DR_SARGAS ST,20,1,Yes,Yes,129,44,2022,2,0.596153846154,2025-10-18,42,4.0,N,,,,,,,,,1.0,1.0,2026-07-08,-15,81.92638888888888,82.32083333333334,,,,0.0,0.0,0.0
2953655,2026-07-09,28,WAKEFIELD PINES,WAKEFIELD PINES_KELWAY DR_SARGAS ST,20,1,Yes,Yes,129,44,2022,2,0.596153846154,2025-10-18,42,4.0,N,,,,,,,,,1.0,1.0,2026-07-09,-14,86.00277777777778,68.39027777777778,,,,0.0,0.0,0.0
2953655,2026-07-10,28,WAKEFIELD PINES,WAKEFIELD PINES_KELWAY DR_SARGAS ST,20,1,Yes,Yes,129,44,2022,2,0.596153846154,2025-10-18,42,4.0,N,,,,,,,,,1.0,1.0,2026-07-10,-14,84.9388888888889,65.1625,,,,0.0,0.0,0.0
2953655,2026-07-11,28,WAKEFIELD PINES,WAKEFIELD PINES_KELWAY DR_SARGAS ST,20,1,Yes,Yes,129,44,2022,2,0.596153846154,2025-10-18,42,4.0,N,,,,,,,,,1.0,1.0,2026-07-11,-14,78.81666666666666,78.52222222222223,,,,0.0,0.0,0.0
2968880,2026-06-25,26,ASHBURTON,ASHBURTON_NEWCASTLE RD_DUNBAR RD,1,1,Yes,No,26,26,2022,6,0.975903614458,2025-09-25,39,2.0,E,,,,,,,,,1.0,1.0,2026-06-25,-13,77.72361111111111,66.45833333333333,,,,0.0,0.0,0.0
2968880,2026-06-26,26,ASHBURTON,ASHBURTON_NEWCASTLE RD_DUNBAR RD,1,1,Yes,No,26,26,2022,6,0.975903614458,2025-09-25,39,2.0,E,,,,,,,,,1.0,1.0,2026-06-26,-13,79.71527777777777,70.89444444444445,,,,0.0,0.0,0.0
2968880,2026-06-27,26,ASHBURTON,ASHBURTON_NEWCASTLE RD_DUNBAR RD,1,1,Yes,No,26,26,2022,6,0.975903614458,2025-09-25,39,2.0,E,,,,,,,,,1.0,1.0,2026-06-27,-13,81.21805555555555,77.1,,,,0.0,0.0,0.0
2968880,2026-06-28,26,ASHBURTON,ASHBURTON_NEWCASTLE RD_DUNBAR RD,1,1,Yes,No,26,26,2022,6,0.975903614458,2025-09-25,39,2.0,E,,,,,,,,,1.0,1.0,2026-06-28,-13,79.79166666666667,78.98888888888888,,,,0.0,0.0,0.0
2968880,2026-06-29,26,ASHBURTON,ASHBURTON_NEWCASTLE RD_DUNBAR RD,1,1,Yes,No,26,26,2022,6,0.975903614458,2025-09-25,39,2.0,E,,,,,,,,,1.0,1.0,2026-06-29,-13,73.564,95.90799999999999,,,,0.0,0.0,0.0
2968881,2026-06-25,26,CAVALIER,CAVALIER_LAWRENCE DR_MARINER CR,28,1,No,No,25,23,2022,2,0.855263157895,2025-10-07,40,3.0,W,,,,,,,,,1.0,1.0,2026-06-25,-14,76.95694444444445,67.24583333333334,,,,0.0,0.0,0.0
2968881,2026-06-26,26,CAVALIER,CAVALIER_LAWRENCE DR_MARINER CR,28,1,No,No,25,23,2022,2,0.855263157895,2025-10-07,40,3.0,W,,,,,,,,,1.0,1.0,2026-06-26,-14,78.79444444444444,71.67083333333333,,,,0.0,0.0,0.0
2968881,2026-06-27,26,CAVALIER,CAVALIER_LAWRENCE DR_MARINER CR,28,1,No,No,25,23,2022,2,0.855263157895,2025-10-07,40,3.0,W,,,,,,,,,1.0,1.0,2026-06-27,-14,80.00555555555555,78.80277777777778,,,,0.0,0.0,0.0
2968881,2026-06-28,26,CAVALIER,CAVALIER_LAWRENCE DR_MARINER CR,28,1,No,No,25,23,2022,2,0.855263157895,2025-10-07,40,3.0,W,,,,,,,,,1.0,1.0,2026-06-28,-14,78.95277777777778,80.32499999999999,,,,0.0,0.0,0.0
2968881,2026-06-29,26,CAVALIER,CAVALIER_LAWRENCE DR_MARINER CR,28,1,No,No,25,23,2022,2,0.855263157895,2025-10-07,40,3.0,W,,,,,,,,,1.0,1.0,2026-06-29,-14,80.18507462686567,78.29701492537313,,,,0.0,0.0,0.0
2968881,2026-06-30,26,CAVALIER,CAVALIER_LAWRENCE DR_MARINER CR,28,1,No,No,25,23,2022,2,0.855263157895,2025-10-07,40,3.0,W,,,,,,,,,1.0,1.0,2026-06-30,-14,81.54027777777777,64.89861111111111,,,,0.0,0.0,0.0
2968881,2026-07-01,26,CAVALIER,CAVALIER_LAWRENCE DR_MARINER CR,28,1,No,No,25,23,2022,2,0.855263157895,2025-10-07,40,3.0,W,,,,,,,,,1.0,1.0,2026-07-01,-14,83.95833333333333,63.49583333333333,,,,0.0,0.0,0.0
2968881,2026-07-02,27,CAVALIER,CAVALIER_LAWRENCE DR_MARINER CR,28,1,No,No,25,23,2022,2,0.855263157895,2025-10-07,40,3.0,W,,,,,,,,,1.0,1.0,2026-07-02,-13,87.22222222222223,59.35138888888889,,,,0.0,0.0,0.0
2968881,2026-07-03,27,CAVALIER,CAVALIER_LAWRENCE DR_MARINER CR,28,1,No,No,25,23,2022,2,0.855263157895,2025-10-07,40,3.0,W,,,,,,,,,1.0,1.0,2026-07-03,-13,89.75277777777778,55.206944444444446,,,,0.0,0.0,0.0
2968881,2026-07-04,27,CAVALIER,CAVALIER_LAWRENCE DR_MARINER CR,28,1,No,No,25,23,2022,2,0.855263157895,2025-10-07,40,3.0,W,,,,,,,,,1.0,1.0,2026-07-04,-13,90.55277777777778,52.087500000000006,,,,0.0,0.0,0.0
2968881,2026-07-05,27,CAVALIER,CAVALIER_LAWRENCE DR_MARINER CR,28,1,No,No,25,23,2022,2,0.855263157895,2025-10-07,40,3.0,W,,,,,,,,,1.0,1.0,2026-07-05,-13,82.90277777777777,73.70694444444445,,,,0.0,0.0,0.0
2968881,2026-07-06,27,CAVALIER,CAVALIER_LAWRENCE DR_MARINER CR,28,1,No,No,25,23,2022,2,0.855263157895,2025-10-07,40,3.0,W,,,,,,,,,1.0,1.0,2026-07-06,-13,81.49722222222222,80.9375,,,,0.0,0.0,0.0
2968881,2026-07-07,27,CAVALIER,CAVALIER_LAWRENCE DR_MARINER CR,28,1,No,No,25,23,2022,2,0.855263157895,2025-10-07,40,3.0,W,,,,,,,,,1.0,1.0,2026-07-07,-13,79.69444444444444,85.5013888888889,,,,0.0,0.0,0.0
2968881,2026-07-08,27,CAVALIER,CAVALIER_LAWRENCE DR_MARINER CR,28,1,No,No,25,23,2022,2,0.855263157895,2025-10-07,40,3.0,W,,,,,,,,,1.0,1.0,2026-07-08,-13,80.97638888888889,84.75694444444444,,,,0.0,0.0,0.0
2968881,2026-07-09,28,CAVALIER,CAVALIER_LAWRENCE DR_MARINER CR,28,1,No,No,25,23,2022,2,0.855263157895,2025-10-07,40,3.0,W,,,,,,,,,1.0,1.0,2026-07-09,-12,83.38611111111112,74.20277777777778,,,,0.0,0.0,0.0
2968881,2026-07-10,28,CAVALIER,CAVALIER_LAWRENCE DR_MARINER CR,28,1,No,No,25,23,2022,2,0.855263157895,2025-10-07,40,3.0,W,,,,,,,,,1.0,1.0,2026-07-10,-12,82.01666666666667,73.10833333333333,,,,0.0,0.0,0.0
2968881,2026-07-11,28,CAVALIER,CAVALIER_LAWRENCE DR_MARINER CR,28,1,No,No,25,23,2022,2,0.855263157895,2025-10-07,40,3.0,W,,,,,,,,,1.0,1.0,2026-07-11,-12,75.94285714285714,87.62857142857143,,,,0.0,0.0,0.0
2968884,2026-06-25,26,CHATHAM,CHATHAM_GLASCOCK ST_BELGRADE DR,2,1,No,No,18,22,2022,7,0.55,2025-09-12,37,1.0,E,,,,,,,,,1.0,1.0,2026-06-25,-11,76.27638888888889,68.25,,,,0.0,0.0,0.0
2968884,2026-06-26,26,CHATHAM,CHATHAM_GLASCOCK ST_BELGRADE DR,2,1,No,No,18,22,2022,7,0.55,2025-09-12,37,1.0,E,,,,,,,,,1.0,1.0,2026-06-26,-11,79.56527777777778,70.20416666666667,,,,0.0,0.0,0.0
2968884,2026-06-27,26,CHATHAM,CHATHAM_GLASCOCK ST_BELGRADE DR,2,1,No,No,18,22,2022,7,0.55,2025-09-12,37,1.0,E,,,,,,,,,1.0,1.0,2026-06-27,-11,80.27916666666667,79.32777777777778,,,,0.0,0.0,0.0
2968884,2026-06-28,26,CHATHAM,CHATHAM_GLASCOCK ST_BELGRADE DR,2,1,No,No,18,22,2022,7,0.55,2025-09-12,37,1.0,E,,,,,,,,,1.0,1.0,2026-06-28,-11,78.51111111111112,82.10138888888889,,,,0.0,0.0,0.0
2968884,2026-06-29,26,CHATHAM,CHATHAM_GLASCOCK ST_BELGRADE DR,2,1,No,No,18,22,2022,7,0.55,2025-09-12,37,1.0,E,,,,,,,,,1.0,1.0,2026-06-29,-11,78.17313432835822,85.00298507462686,,,,0.0,0.0,0.0
2968884,2026-06-30,26,CHATHAM,CHATHAM_GLASCOCK ST_BELGRADE DR,2,1,No,No,18,22,2022,7,0.55,2025-09-12,37,1.0,E,,,,,,,,,1.0,1.0,2026-06-30,-11,79.79305555555555,69.28333333333333,,,,0.0,0.0,0.0
2968884,2026-07-01,26,CHATHAM,CHATHAM_GLASCOCK ST_BELGRADE DR,2,1,No,No,18,22,2022,7,0.55,2025-09-12,37,1.0,E,,,,,,,,,1.0,1.0,2026-07-01,-11,84.42769230769231,63.895384615384614,,,,0.0,0.0,0.0
2968884,2026-07-02,27,CHATHAM,CHATHAM_GLASCOCK ST_BELGRADE DR,2,1,No,No,18,22,2022,7,0.55,2025-09-12,37,1.0,E,,,,,,,,,1.0,1.0,2026-07-02,-10,86.14153846153846,61.11076923076923,,,,0.0,0.0,0.0
2968884,2026-07-03,27,CHATHAM,CHATHAM_GLASCOCK ST_BELGRADE DR,2,1,No,No,18,22,2022,7,0.55,2025-09-12,37,1.0,E,,,,,,,,,1.0,1.0,2026-07-03,-10,81.6032258064516,70.04193548387097,,,,0.0,0.0,0.0
2968885,2026-06-25,26,SPRINGHOUSE,SPRINGHOUSE_BLAKEHURST DR_CDS,28,0,No,Yes,102,21,2023,3,0.6875,2025-10-07,40,3.0,W,,,,,,,,,1.0,0.0,2026-06-25,-14,77.52361111111111,66.09444444444445,,,,0.0,0.0,0.0
2968885,2026-06-26,26,SPRINGHOUSE,SPRINGHOUSE_BLAKEHURST DR_CDS,28,0,No,Yes,102,21,2023,3,0.6875,2025-10-07,40,3.0,W,,,,,,,,,1.0,0.0,2026-06-26,-14,79.83888888888889,69.88055555555555,,,,0.0,0.0,0.0
2968885,2026-06-27,26,SPRINGHOUSE,SPRINGHOUSE_BLAKEHURST DR_CDS,28,0,No,Yes,102,21,2023,3,0.6875,2025-10-07,40,3.0,W,,,,,,,,,1.0,0.0,2026-06-27,-14,81.10277777777777,77.39305555555556,,,,0.0,0.0,0.0
2968885,2026-06-28,26,SPRINGHOUSE,SPRINGHOUSE_BLAKEHURST DR_CDS,28,0,No,Yes,102,21,2023,3,0.6875,2025-10-07,40,3.0,W,,,,,,,,,1.0,0.0,2026-06-28,-14,79.69305555555555,79.07499999999999,,,,0.0,0.0,0.0
2968885,2026-06-29,26,SPRINGHOUSE,SPRINGHOUSE_BLAKEHURST DR_CDS,28,0,No,Yes,102,21,2023,3,0.6875,2025-10-07,40,3.0,W,,,,,,,,,1.0,0.0,2026-06-29,-14,79.5134328358209,81.06716417910448,,,,0.0,0.0,0.0
2968885,2026-06-30,26,SPRINGHOUSE,SPRINGHOUSE_BLAKEHURST DR_CDS,28,0,No,Yes,102,21,2023,3,0.6875,2025-10-07,40,3.0,W,,,,,,,,,1.0,0.0,2026-06-30,-14,81.975,64.74722222222222,,,,0.0,0.0,0.0
2968885,2026-07-01,26,SPRINGHOUSE,SPRINGHOUSE_BLAKEHURST DR_CDS,28,0,No,Yes,102,21,2023,3,0.6875,2025-10-07,40,3.0,W,,,,,,,,,1.0,0.0,2026-07-01,-14,85.84861111111111,60.72638888888889,,,,0.0,0.0,0.0
2968885,2026-07-02,27,SPRINGHOUSE,SPRINGHOUSE_BLAKEHURST DR_CDS,28,0,No,Yes,102,21,2023,3,0.6875,2025-10-07,40,3.0,W,,,,,,,,,1.0,0.0,2026-07-02,-13,88.61944444444445,57.27777777777778,,,,0.0,0.0,0.0
2968885,2026-07-03,27,SPRINGHOUSE,SPRINGHOUSE_BLAKEHURST DR_CDS,28,0,No,Yes,102,21,2023,3,0.6875,2025-10-07,40,3.0,W,,,,,,,,,1.0,0.0,2026-07-03,-13,90.54444444444444,55.02361111111111,,,,0.0,0.0,0.0
2968885,2026-07-04,27,SPRINGHOUSE,SPRINGHOUSE_BLAKEHURST DR_CDS,28,0,No,Yes,102,21,2023,3,0.6875,2025-10-07,40,3.0,W,,,,,,,,,1.0,0.0,2026-07-04,-13,91.72777777777777,51.55833333333333,,,,0.0,0.0,0.0
2968885,2026-07-05,27,SPRINGHOUSE,SPRINGHOUSE_BLAKEHURST DR_CDS,28,0,No,Yes,102,21,2023,3,0.6875,2025-10-07,40,3.0,W,,,,,,,,,1.0,0.0,2026-07-05,-13,84.75277777777778,69.95555555555556,,,,0.0,0.0,0.0
2968885,2026-07-06,27,SPRINGHOUSE,SPRINGHOUSE_BLAKEHURST DR_CDS,28,0,No,Yes,102,21,2023,3,0.6875,2025-10-07,40,3.0,W,,,,,,,,,1.0,0.0,2026-07-06,-13,83.07499999999999,75.82916666666667,,,,0.0,0.0,0.0
2968885,2026-07-07,27,SPRINGHOUSE,SPRINGHOUSE_BLAKEHURST DR_CDS,28,0,No,Yes,102,21,2023,3,0.6875,2025-10-07,40,3.0,W,,,,,,,,,1.0,0.0,2026-07-07,-13,80.69444444444444,83.67500000000001,,,,0.0,0.0,0.0
2968885,2026-07-08,27,SPRINGHOUSE,SPRINGHOUSE_BLAKEHURST DR_CDS,28,0,No,Yes,102,21,2023,3,0.6875,2025-10-07,40,3.0,W,,,,,,,,,1.0,0.0,2026-07-08,-13,81.975,83.29166666666667,,,,0.0,0.0,0.0
2968885,2026-07-09,28,SPRINGHOUSE,SPRINGHOUSE_BLAKEHURST DR_CDS,28,0,No,Yes,102,21,2023,3,0.6875,2025-10-07,40,3.0,W,,,,,,,,,1.0,0.0,2026-07-09,-12,85.54305555555555,69.55972222222222,,,,0.0,0.0,0.0
2968885,2026-07-10,28,SPRINGHOUSE,SPRINGHOUSE_BLAKEHURST DR_CDS,28,0,No,Yes,102,21,2023,3,0.6875,2025-10-07,40,3.0,W,,,,,,,,,1.0,0.0,2026-07-10,-12,83.36944444444445,71.32083333333334,,,,0.0,0.0,0.0
2968885,2026-07-11,28,SPRINGHOUSE,SPRINGHOUSE_BLAKEHURST DR_CDS,28,0,No,Yes,102,21,2023,3,0.6875,2025-10-07,40,3.0,W,,,,,,,,,1.0,0.0,2026-07-11,-12,76.64571428571428,88.73714285714286,,,,0.0,0.0,0.0
2968889,2026-06-26,26,GORMAN,GORMAN_OCTAVIA ST_AVENT FERRY RD,8,0,Yes,Yes,25,64,2022,2,0.0625,2025-10-18,42,4.0,E,,,,,,,,,1.0,0.0,2026-06-26,-16,81.62272727272727,67.23030303030303,,,,0.0,0.0,0.0
2968889,2026-06-27,26,GORMAN,GORMAN_OCTAVIA ST_AVENT FERRY RD,8,0,Yes,Yes,25,64,2022,2,0.0625,2025-10-18,42,4.0,E,,,,,,,,,1.0,0.0,2026-06-27,-16,82.30555555555556,74.18055555555556,,,,0.0,0.0,0.0
2968889,2026-06-28,26,GORMAN,GORMAN_OCTAVIA ST_AVENT FERRY RD,8,0,Yes,Yes,25,64,2022,2,0.0625,2025-10-18,42,4.0,E,,,,,,,,,1.0,0.0,2026-06-28,-16,81.10277777777777,75.90555555555555,,,,0.0,0.0,0.0
2968889,2026-06-29,26,GORMAN,GORMAN_OCTAVIA ST_AVENT FERRY RD,8,0,Yes,Yes,25,64,2022,2,0.0625,2025-10-18,42,4.0,E,,,,,,,,,1.0,0.0,2026-06-29,-16,80.60416666666667,77.35416666666667,,,,0.0,0.0,0.0
2968889,2026-06-30,26,GORMAN,GORMAN_OCTAVIA ST_AVENT FERRY RD,8,0,Yes,Yes,25,64,2022,2,0.0625,2025-10-18,42,4.0,E,,,,,,,,,1.0,0.0,2026-06-30,-16,83.02916666666667,61.662499999999994,,,,0.0,0.0,0.0
2968889,2026-07-01,26,GORMAN,GORMAN_OCTAVIA ST_AVENT FERRY RD,8,0,Yes,Yes,25,64,2022,2,0.0625,2025-10-18,42,4.0,E,,,,,,,,,1.0,0.0,2026-07-01,-16,86.92083333333333,58.16111111111112,,,,0.0,0.0,0.0
2968889,2026-07-02,27,GORMAN,GORMAN_OCTAVIA ST_AVENT FERRY RD,8,0,Yes,Yes,25,64,2022,2,0.0625,2025-10-18,42,4.0,E,,,,,,,,,1.0,0.0,2026-07-02,-15,89.6236111111111,55.298611111111114,,,,0.0,0.0,0.0
2968889,2026-07-03,27,GORMAN,GORMAN_OCTAVIA ST_AVENT FERRY RD,8,0,Yes,Yes,25,64,2022,2,0.0625,2025-10-18,42,4.0,E,,,,,,,,,1.0,0.0,2026-07-03,-15,92.45277777777778,50.956944444444446,,,,0.0,0.0,0.0
2968889,2026-07-04,27,GORMAN,GORMAN_OCTAVIA ST_AVENT FERRY RD,8,0,Yes,Yes,25,64,2022,2,0.0625,2025-10-18,42,4.0,E,,,,,,,,,1.0,0.0,2026-07-04,-15,92.98472222222222,48.99027777777778,,,,0.0,0.0,0.0
2968889,2026-07-05,27,GORMAN,GORMAN_OCTAVIA ST_AVENT FERRY RD,8,0,Yes,Yes,25,64,2022,2,0.0625,2025-10-18,42,4.0,E,,,,,,,,,1.0,0.0,2026-07-05,-15,85.82222222222222,67.70277777777778,,,,0.0,0.0,0.0
2968889,2026-07-06,27,GORMAN,GORMAN_OCTAVIA ST_AVENT FERRY RD,8,0,Yes,Yes,25,64,2022,2,0.0625,2025-10-18,42,4.0,E,,,,,,,,,1.0,0.0,2026-07-06,-15,85.04861111111111,71.17777777777778,,,,0.0,0.0,0.0
2968889,2026-07-07,27,GORMAN,GORMAN_OCTAVIA ST_AVENT FERRY RD,8,0,Yes,Yes,25,64,2022,2,0.0625,2025-10-18,42,4.0,E,,,,,,,,,1.0,0.0,2026-07-07,-15,82.00277777777778,80.09444444444445,,,,0.0,0.0,0.0
2968889,2026-07-08,27,GORMAN,GORMAN_OCTAVIA ST_AVENT FERRY RD,8,0,Yes,Yes,25,64,2022,2,0.0625,2025-10-18,42,4.0,E,,,,,,,,,1.0,0.0,2026-07-08,-15,82.95138888888889,80.38888888888889,,,,0.0,0.0,0.0
2968889,2026-07-09,28,GORMAN,GORMAN_OCTAVIA ST_AVENT FERRY RD,8,0,Yes,Yes,25,64,2022,2,0.0625,2025-10-18,42,4.0,E,,,,,,,,,1.0,0.0,2026-07-09,-14,86.64166666666667,67.05972222222222,,,,0.0,0.0,0.0
2968889,2026-07-10,28,GORMAN,GORMAN_OCTAVIA ST_AVENT FERRY RD,8,0,Yes,Yes,25,64,2022,2,0.0625,2025-10-18,42,4.0,E,,,,,,,,,1.0,0.0,2026-07-10,-14,85.2125,65.84583333333333,,,,0.0,0.0,0.0
2968889,2026-07-11,28,GORMAN,GORMAN_OCTAVIA ST_AVENT FERRY RD,8,0,Yes,Yes,25,64,2022,2,0.0625,2025-10-18,42,4.0,E,,,,,,,,,1.0,0.0,2026-07-11,-14,79.36388888888888,77.78611111111111,,,,0.0,0.0,0.0
2968891,2026-06-26,26,FARMINGTON GROVE,FARMINGTON GROVE_HALLBERG LN_SORRILLS CREEK LN,31,1,Yes,Yes,188,22,2022,2,0.945945945946,2025-10-23,43,5.0,S,,,,,,,,,1.0,1.0,2026-06-26,-17,78.61515151515152,74.61363636363636,,,,0.0,0.0,0.0
2968891,2026-06-27,26,FARMINGTON GROVE,FARMINGTON GROVE_HALLBERG LN_SORRILLS CREEK LN,31,1,Yes,Yes,188,22,2022,2,0.945945945946,2025-10-23,43,5.0,S,,,,,,,,,1.0,1.0,2026-06-27,-17,79.78194444444445,80.4986111111111,,,,0.0,0.0,0.0
2968891,2026-06-28,26,FARMINGTON GROVE,FARMINGTON GROVE_HALLBERG LN_SORRILLS CREEK LN,31,1,Yes,Yes,188,22,2022,2,0.945945945946,2025-10-23,43,5.0,S,,,,,,,,,1.0,1.0,2026-06-28,-17,78.91111111111111,81.43472222222222,,,,0.0,0.0,0.0
2968891,2026-06-29,26,FARMINGTON GROVE,FARMINGTON GROVE_HALLBERG LN_SORRILLS CREEK LN,31,1,Yes,Yes,188,22,2022,2,0.945945945946,2025-10-23,43,5.0,S,,,,,,,,,1.0,1.0,2026-06-29,-17,78.79027777777777,83.10833333333333,,,,0.0,0.0,0.0
2968891,2026-06-30,26,FARMINGTON GROVE,FARMINGTON GROVE_HALLBERG LN_SORRILLS CREEK LN,31,1,Yes,Yes,188,22,2022,2,0.945945945946,2025-10-23,43,5.0,S,,,,,,,,,1.0,1.0,2026-06-30,-17,80.33472222222223,67.46666666666667,,,,0.0,0.0,0.0
2968891,2026-07-01,26,FARMINGTON GROVE,FARMINGTON GROVE_HALLBERG LN_SORRILLS CREEK LN,31,1,Yes,Yes,188,22,2022,2,0.945945945946,2025-10-23,43,5.0,S,,,,,,,,,1.0,1.0,2026-07-01,-17,83.27638888888889,65.85694444444444,,,,0.0,0.0,0.0
2968891,2026-07-02,27,FARMINGTON GROVE,FARMINGTON GROVE_HALLBERG LN_SORRILLS CREEK LN,31,1,Yes,Yes,188,22,2022,2,0.945945945946,2025-10-23,43,5.0,S,,,,,,,,,1.0,1.0,2026-07-02,-16,86.27916666666667,61.724999999999994,,,,0.0,0.0,0.0
2968891,2026-07-03,27,FARMINGTON GROVE,FARMINGTON GROVE_HALLBERG LN_SORRILLS CREEK LN,31,1,Yes,Yes,188,22,2022,2,0.945945945946,2025-10-23,43,5.0,S,,,,,,,,,1.0,1.0,2026-07-03,-16,80.19333333333334,69.06333333333333,,,,0.0,0.0,0.0
2968893,2026-06-26,26,DUNN,DUNN_ELEGANCE DR_OAKCROFT DR,20,0,Yes,Yes,123,45,2023,1,0.728155339806,2025-10-18,42,4.0,S,,,,,,,,,1.0,0.0,2026-06-26,-16,79.18333333333334,72.45151515151515,,,,0.0,0.0,0.0
2968893,2026-06-27,26,DUNN,DUNN_ELEGANCE DR_OAKCROFT DR,20,0,Yes,Yes,123,45,2023,1,0.728155339806,2025-10-18,42,4.0,S,,,,,,,,,1.0,0.0,2026-06-27,-16,80.5611111111111,78.34861111111111,,,,0.0,0.0,0.0
2968893,2026-06-28,26,DUNN,DUNN_ELEGANCE DR_OAKCROFT DR,20,0,Yes,Yes,123,45,2023,1,0.728155339806,2025-10-18,42,4.0,S,,,,,,,,,1.0,0.0,2026-06-28,-16,79.30694444444445,80.05694444444445,,,,0.0,0.0,0.0
2968893,2026-06-29,26,DUNN,DUNN_ELEGANCE DR_OAKCROFT DR,20,0,Yes,Yes,123,45,2023,1,0.728155339806,2025-10-18,42,4.0,S,,,,,,,,,1.0,0.0,2026-06-29,-16,79.83472222222223,78.78888888888889,,,,0.0,0.0,0.0
2968893,2026-06-30,26,DUNN,DUNN_ELEGANCE DR_OAKCROFT DR,20,0,Yes,Yes,123,45,2023,1,0.728155339806,2025-10-18,42,4.0,S,,,,,,,,,1.0,0.0,2026-06-30,-16,82.12083333333334,63.65694444444445,,,,0.0,0.0,0.0
2968893,2026-07-01,26,DUNN,DUNN_ELEGANCE DR_OAKCROFT DR,20,0,Yes,Yes,123,45,2023,1,0.728155339806,2025-10-18,42,4.0,S,,,,,,,,,1.0,0.0,2026-07-01,-16,84.67083333333333,63.037499999999994,,,,0.0,0.0,0.0
2968893,2026-07-02,27,DUNN,DUNN_ELEGANCE DR_OAKCROFT DR,20,0,Yes,Yes,123,45,2023,1,0.728155339806,2025-10-18,42,4.0,S,,,,,,,,,1.0,0.0,2026-07-02,-15,87.50694444444444,59.14027777777778,,,,0.0,0.0,0.0
2968893,2026-07-03,27,DUNN,DUNN_ELEGANCE DR_OAKCROFT DR,20,0,Yes,Yes,123,45,2023,1,0.728155339806,2025-10-18,42,4.0,S,,,,,,,,,1.0,0.0,2026-07-03,-15,89.93472222222222,55.355555555555554,,,,0.0,0.0,0.0
2968893,2026-07-04,27,DUNN,DUNN_ELEGANCE DR_OAKCROFT DR,20,0,Yes,Yes,123,45,2023,1,0.728155339806,2025-10-18,42,4.0,S,,,,,,,,,1.0,0.0,2026-07-04,-15,90.99027777777778,52.24583333333333,,,,0.0,0.0,0.0
2968893,2026-07-05,27,DUNN,DUNN_ELEGANCE DR_OAKCROFT DR,20,0,Yes,Yes,123,45,2023,1,0.728155339806,2025-10-18,42,4.0,S,,,,,,,,,1.0,0.0,2026-07-05,-15,83.98611111111111,72.03055555555555,,,,0.0,0.0,0.0
2968893,2026-07-06,27,DUNN,DUNN_ELEGANCE DR_OAKCROFT DR,20,0,Yes,Yes,123,45,2023,1,0.728155339806,2025-10-18,42,4.0,S,,,,,,,,,1.0,0.0,2026-07-06,-15,82.78194444444445,78.6888888888889,,,,0.0,0.0,0.0
2968893,2026-07-07,27,DUNN,DUNN_ELEGANCE DR_OAKCROFT DR,20,0,Yes,Yes,123,45,2023,1,0.728155339806,2025-10-18,42,4.0,S,,,,,,,,,1.0,0.0,2026-07-07,-15,80.39583333333333,84.50416666666666,,,,0.0,0.0,0.0
2968893,2026-07-08,27,DUNN,DUNN_ELEGANCE DR_OAKCROFT DR,20,0,Yes,Yes,123,45,2023,1,0.728155339806,2025-10-18,42,4.0,S,,,,,,,,,1.0,0.0,2026-07-08,-15,81.69861111111112,83.22361111111111,,,,0.0,0.0,0.0
2968893,2026-07-09,28,DUNN,DUNN_ELEGANCE DR_OAKCROFT DR,20,0,Yes,Yes,123,45,2023,1,0.728155339806,2025-10-18,42,4.0,S,,,,,,,,,1.0,0.0,2026-07-09,-14,84.54583333333333,72.20833333333333,,,,0.0,0.0,0.0
2968893,2026-07-10,28,DUNN,DUNN_ELEGANCE DR_OAKCROFT DR,20,0,Yes,Yes,123,45,2023,1,0.728155339806,2025-10-18,42,4.0,S,,,,,,,,,1.0,0.0,2026-07-10,-14,82.70833333333333,72.33333333333333,,,,0.0,0.0,0.0
2968893,2026-07-11,28,DUNN,DUNN_ELEGANCE DR_OAKCROFT DR,20,0,Yes,Yes,123,45,2023,1,0.728155339806,2025-10-18,42,4.0,S,,,,,,,,,1.0,0.0,2026-07-11,-14,76.96944444444445,85.69444444444444,,,,0.0,0.0,0.0
2968895,2026-06-26,26,WAKEFIELD PINES,WAKEFIELD PINES_SARGAS ST_WAKEFIELD SPRING ENT,30,1,Yes,Yes,137,44,2022,2,0.0540540540541,2025-10-18,42,4.0,S,,,,,,,,,1.0,1.0,2026-06-26,-16,80.3439393939394,69.99090909090908,,,,0.0,0.0,0.0
2968895,2026-06-27,26,WAKEFIELD PINES,WAKEFIELD PINES_SARGAS ST_WAKEFIELD SPRING ENT,30,1,Yes,Yes,137,44,2022,2,0.0540540540541,2025-10-18,42,4.0,S,,,,,,,,,1.0,1.0,2026-06-27,-16,81.975,75.03888888888889,,,,0.0,0.0,0.0
2968895,2026-06-28,26,WAKEFIELD PINES,WAKEFIELD PINES_SARGAS ST_WAKEFIELD SPRING ENT,30,1,Yes,Yes,137,44,2022,2,0.0540540540541,2025-10-18,42,4.0,S,,,,,,,,,1.0,1.0,2026-06-28,-16,80.475,77.08055555555556,,,,0.0,0.0,0.0
2968895,2026-06-29,26,WAKEFIELD PINES,WAKEFIELD PINES_SARGAS ST_WAKEFIELD SPRING ENT,30,1,Yes,Yes,137,44,2022,2,0.0540540540541,2025-10-18,42,4.0,S,,,,,,,,,1.0,1.0,2026-06-29,-16,79.92361111111111,79.51249999999999,,,,0.0,0.0,0.0
2968895,2026-06-30,26,WAKEFIELD PINES,WAKEFIELD PINES_SARGAS ST_WAKEFIELD SPRING ENT,30,1,Yes,Yes,137,44,2022,2,0.0540540540541,2025-10-18,42,4.0,S,,,,,,,,,1.0,1.0,2026-06-30,-16,82.12222222222222,63.412499999999994,,,,0.0,0.0,0.0
2968895,2026-07-01,26,WAKEFIELD PINES,WAKEFIELD PINES_SARGAS ST_WAKEFIELD SPRING ENT,30,1,Yes,Yes,137,44,2022,2,0.0540540540541,2025-10-18,42,4.0,S,,,,,,,,,1.0,1.0,2026-07-01,-16,86.1861111111111,59.61944444444445,,,,0.0,0.0,0.0
2968895,2026-07-02,27,WAKEFIELD PINES,WAKEFIELD PINES_SARGAS ST_WAKEFIELD SPRING ENT,30,1,Yes,Yes,137,44,2022,2,0.0540540540541,2025-10-18,42,4.0,S,,,,,,,,,1.0,1.0,2026-07-02,-15,89.21666666666667,56.11527777777778,,,,0.0,0.0,0.0
2968895,2026-07-03,27,WAKEFIELD PINES,WAKEFIELD PINES_SARGAS ST_WAKEFIELD SPRING ENT,30,1,Yes,Yes,137,44,2022,2,0.0540540540541,2025-10-18,42,4.0,S,,,,,,,,,1.0,1.0,2026-07-03,-15,91.93055555555556,51.6875,,,,0.0,0.0,0.0
2968895,2026-07-04,27,WAKEFIELD PINES,WAKEFIELD PINES_SARGAS ST_WAKEFIELD SPRING ENT,30,1,Yes,Yes,137,44,2022,2,0.0540540540541,2025-10-18,42,4.0,S,,,,,,,,,1.0,1.0,2026-07-04,-15,92.8763888888889,49.12222222222223,,,,0.0,0.0,0.0
2968895,2026-07-05,27,WAKEFIELD PINES,WAKEFIELD PINES_SARGAS ST_WAKEFIELD SPRING ENT,30,1,Yes,Yes,137,44,2022,2,0.0540540540541,2025-10-18,42,4.0,S,,,,,,,,,1.0,1.0,2026-07-05,-15,85.65416666666667,67.37222222222222,,,,0.0,0.0,0.0
2968895,2026-07-06,27,WAKEFIELD PINES,WAKEFIELD PINES_SARGAS ST_WAKEFIELD SPRING ENT,30,1,Yes,Yes,137,44,2022,2,0.0540540540541,2025-10-18,42,4.0,S,,,,,,,,,1.0,1.0,2026-07-06,-15,84.98611111111111,71.28333333333333,,,,0.0,0.0,0.0
2968895,2026-07-07,27,WAKEFIELD PINES,WAKEFIELD PINES_SARGAS ST_WAKEFIELD SPRING ENT,30,1,Yes,Yes,137,44,2022,2,0.0540540540541,2025-10-18,42,4.0,S,,,,,,,,,1.0,1.0,2026-07-07,-15,81.31944444444444,81.22638888888889,,,,0.0,0.0,0.0
2968895,2026-07-08,27,WAKEFIELD PINES,WAKEFIELD PINES_SARGAS ST_WAKEFIELD SPRING ENT,30,1,Yes,Yes,137,44,2022,2,0.0540540540541,2025-10-18,42,4.0,S,,,,,,,,,1.0,1.0,2026-07-08,-15,82.22222222222223,81.78472222222223,,,,0.0,0.0,0.0
2968895,2026-07-09,28,WAKEFIELD PINES,WAKEFIELD PINES_SARGAS ST_WAKEFIELD SPRING ENT,30,1,Yes,Yes,137,44,2022,2,0.0540540540541,2025-10-18,42,4.0,S,,,,,,,,,1.0,1.0,2026-07-09,-14,86.35138888888889,67.50416666666666,,,,0.0,0.0,0.0
2968895,2026-07-10,28,WAKEFIELD PINES,WAKEFIELD PINES_SARGAS ST_WAKEFIELD SPRING ENT,30,1,Yes,Yes,137,44,2022,2,0.0540540540541,2025-10-18,42,4.0,S,,,,,,,,,1.0,1.0,2026-07-10,-14,85.70416666666667,64.08194444444445,,,,0.0,0.0,0.0
2968895,2026-07-11,28,WAKEFIELD PINES,WAKEFIELD PINES_SARGAS ST_WAKEFIELD SPRING ENT,30,1,Yes,Yes,137,44,2022,2,0.0540540540541,2025-10-18,42,4.0,S,,,,,,,,,1.0,1.0,2026-07-11,-14,84.18055555555556,67.78472222222223,,,,0.0,0.0,0.0
2968895,2026-07-12,28,WAKEFIELD PINES,WAKEFIELD PINES_SARGAS ST_WAKEFIELD SPRING ENT,30,1,Yes,Yes,137,44,2022,2,0.0540540540541,2025-10-18,42,4.0,S,,,,,,,,,1.0,1.0,2026-07-12,-14,79.52368421052631,80.7,,,,0.0,0.0,0.0
2968895,2026-07-13,28,WAKEFIELD PINES,WAKEFIELD PINES_SARGAS ST_WAKEFIELD SPRING ENT,30,1,Yes,Yes,137,44,2022,2,0.0540540540541,2025-10-18,42,4.0,S,,,,,,,,,1.0,1.0,2026-07-13,-14,77.78139534883721,77.19534883720931,,,,0.0,0.0,0.0
2968895,2026-07-14,28,WAKEFIELD PINES,WAKEFIELD PINES_SARGAS ST_WAKEFIELD SPRING ENT,30,1,Yes,Yes,137,44,2022,2,0.0540540540541,2025-10-18,42,4.0,S,,,,,,,,,1.0,1.0,2026-07-14,-14,80.30972222222222,66.22222222222223,,,,0.0,0.0,0.0
2968895,2026-07-15,28,WAKEFIELD PINES,WAKEFIELD PINES_SARGAS ST_WAKEFIELD SPRING ENT,30,1,Yes,Yes,137,44,2022,2,0.0540540540541,2025-10-18,42,4.0,S,,,,,,,,,1.0,1.0,2026-07-15,-14,70.295,83.57000000000001,,,,0.0,0.0,0.0
2968896,2026-06-25,26,DAVIE E.,DAVIE E._S. STATE ST_TARBORO ST,15,0,No,Yes,10,24,2023,10,0.348837209302,2025-10-07,40,3.0,N,,,,,,,,,1.0,0.0,2026-06-25,-14,78.17638888888888,63.4361111111111,,,,0.0,0.0,0.0
2968896,2026-06-26,26,DAVIE E.,DAVIE E._S. STATE ST_TARBORO ST,15,0,No,Yes,10,24,2023,10,0.348837209302,2025-10-07,40,3.0,N,,,,,,,,,1.0,0.0,2026-06-26,-14,79.80000000000001,67.59027777777777,,,,0.0,0.0,0.0
2968896,2026-06-27,26,DAVIE E.,DAVIE E._S. STATE ST_TARBORO ST,15,0,No,Yes,10,24,2023,10,0.348837209302,2025-10-07,40,3.0,N,,,,,,,,,1.0,0.0,2026-06-27,-14,80.9986111111111,75.39166666666667,,,,0.0,0.0,0.0
2968896,2026-06-28,26,DAVIE E.,DAVIE E._S. STATE ST_TARBORO ST,15,0,No,Yes,10,24,2023,10,0.348837209302,2025-10-07,40,3.0,N,,,,,,,,,1.0,0.0,2026-06-28,-14,79.41805555555555,77.48333333333333,,,,0.0,0.0,0.0
2968896,2026-06-29,26,DAVIE E.,DAVIE E._S. STATE ST_TARBORO ST,15,0,No,Yes,10,24,2023,10,0.348837209302,2025-10-07,40,3.0,N,,,,,,,,,1.0,0.0,2026-06-29,-14,79.68333333333334,78.04027777777777,,,,0.0,0.0,0.0
2968896,2026-06-30,26,DAVIE E.,DAVIE E._S. STATE ST_TARBORO ST,15,0,No,Yes,10,24,2023,10,0.348837209302,2025-10-07,40,3.0,N,,,,,,,,,1.0,0.0,2026-06-30,-14,81.91527777777777,63.61527777777778,,,,0.0,0.0,0.0
2968896,2026-07-01,26,DAVIE E.,DAVIE E._S. STATE ST_TARBORO ST,15,0,No,Yes,10,24,2023,10,0.348837209302,2025-10-07,40,3.0,N,,,,,,,,,1.0,0.0,2026-07-01,-14,85.2486111111111,60.324999999999996,,,,0.0,0.0,0.0
2968896,2026-07-02,27,DAVIE E.,DAVIE E._S. STATE ST_TARBORO ST,15,0,No,Yes,10,24,2023,10,0.348837209302,2025-10-07,40,3.0,N,,,,,,,,,1.0,0.0,2026-07-02,-13,88.31944444444444,56.2375,,,,0.0,0.0,0.0
2968896,2026-07-03,27,DAVIE E.,DAVIE E._S. STATE ST_TARBORO ST,15,0,No,Yes,10,24,2023,10,0.348837209302,2025-10-07,40,3.0,N,,,,,,,,,1.0,0.0,2026-07-03,-13,90.62083333333334,52.80972222222223,,,,0.0,0.0,0.0
2968896,2026-07-04,27,DAVIE E.,DAVIE E._S. STATE ST_TARBORO ST,15,0,No,Yes,10,24,2023,10,0.348837209302,2025-10-07,40,3.0,N,,,,,,,,,1.0,0.0,2026-07-04,-13,91.71111111111111,49.327777777777776,,,,0.0,0.0,0.0
2968896,2026-07-05,27,DAVIE E.,DAVIE E._S. STATE ST_TARBORO ST,15,0,No,Yes,10,24,2023,10,0.348837209302,2025-10-07,40,3.0,N,,,,,,,,,1.0,0.0,2026-07-05,-13,83.64722222222223,71.50555555555555,,,,0.0,0.0,0.0
2968896,2026-07-06,27,DAVIE E.,DAVIE E._S. STATE ST_TARBORO ST,15,0,No,Yes,10,24,2023,10,0.348837209302,2025-10-07,40,3.0,N,,,,,,,,,1.0,0.0,2026-07-06,-13,81.4986111111111,80.09027777777777,,,,0.0,0.0,0.0
2968896,2026-07-07,27,DAVIE E.,DAVIE E._S. STATE ST_TARBORO ST,15,0,No,Yes,10,24,2023,10,0.348837209302,2025-10-07,40,3.0,N,,,,,,,,,1.0,0.0,2026-07-07,-13,79.85694444444444,84.83472222222223,,,,0.0,0.0,0.0
2968896,2026-07-08,27,DAVIE E.,DAVIE E._S. STATE ST_TARBORO ST,15,0,No,Yes,10,24,2023,10,0.348837209302,2025-10-07,40,3.0,N,,,,,,,,,1.0,0.0,2026-07-08,-13,81.33472222222223,82.80277777777778,,,,0.0,0.0,0.0
2968896,2026-07-09,28,DAVIE E.,DAVIE E._S. STATE ST_TARBORO ST,15,0,No,Yes,10,24,2023,10,0.348837209302,2025-10-07,40,3.0,N,,,,,,,,,1.0,0.0,2026-07-09,-12,84.59444444444445,69.79444444444444,,,,0.0,0.0,0.0
2968896,2026-07-10,28,DAVIE E.,DAVIE E._S. STATE ST_TARBORO ST,15,0,No,Yes,10,24,2023,10,0.348837209302,2025-10-07,40,3.0,N,,,,,,,,,1.0,0.0,2026-07-10,-12,82.31944444444444,70.9125,,,,0.0,0.0,0.0
2968896,2026-07-11,28,DAVIE E.,DAVIE E._S. STATE ST_TARBORO ST,15,0,No,Yes,10,24,2023,10,0.348837209302,2025-10-07,40,3.0,N,,,,,,,,,1.0,0.0,2026-07-11,-12,76.60555555555555,85.37222222222222,,,,0.0,0.0,0.0
2968897,2026-06-26,26,WAKEFIELD PINES,WAKEFIELD PINES_SCHOOLHOUSE ST_MABRY MILL ST,8,1,No,Yes,144,66,2022,1,0.0813008130081,2025-10-18,42,4.0,W,,,,,,,,,1.0,1.0,2026-06-26,-16,79.96666666666667,70.85303030303031,,,,0.0,0.0,0.0
2968897,2026-06-27,26,WAKEFIELD PINES,WAKEFIELD PINES_SCHOOLHOUSE ST_MABRY MILL ST,8,1,No,Yes,144,66,2022,1,0.0813008130081,2025-10-18,42,4.0,W,,,,,,,,,1.0,1.0,2026-06-27,-16,81.65138888888889,76.23472222222222,,,,0.0,0.0,0.0
2968897,2026-06-28,26,WAKEFIELD PINES,WAKEFIELD PINES_SCHOOLHOUSE ST_MABRY MILL ST,8,1,No,Yes,144,66,2022,1,0.0813008130081,2025-10-18,42,4.0,W,,,,,,,,,1.0,1.0,2026-06-28,-16,80.22222222222223,77.78611111111111,,,,0.0,0.0,0.0
2968897,2026-06-29,26,WAKEFIELD PINES,WAKEFIELD PINES_SCHOOLHOUSE ST_MABRY MILL ST,8,1,No,Yes,144,66,2022,1,0.0813008130081,2025-10-18,42,4.0,W,,,,,,,,,1.0,1.0,2026-06-29,-16,80.66527777777777,78.57083333333334,,,,0.0,0.0,0.0
2968897,2026-06-30,26,WAKEFIELD PINES,WAKEFIELD PINES_SCHOOLHOUSE ST_MABRY MILL ST,8,1,No,Yes,144,66,2022,1,0.0813008130081,2025-10-18,42,4.0,W,,,,,,,,,1.0,1.0,2026-06-30,-16,82.86805555555556,62.20694444444444,,,,0.0,0.0,0.0
2968897,2026-07-01,26,WAKEFIELD PINES,WAKEFIELD PINES_SCHOOLHOUSE ST_MABRY MILL ST,8,1,No,Yes,144,66,2022,1,0.0813008130081,2025-10-18,42,4.0,W,,,,,,,,,1.0,1.0,2026-07-01,-16,85.63611111111112,60.44166666666667,,,,0.0,0.0,0.0
2968897,2026-07-02,27,WAKEFIELD PINES,WAKEFIELD PINES_SCHOOLHOUSE ST_MABRY MILL ST,8,1,No,Yes,144,66,2022,1,0.0813008130081,2025-10-18,42,4.0,W,,,,,,,,,1.0,1.0,2026-07-02,-15,88.5625,57.19166666666667,,,,0.0,0.0,0.0
2968897,2026-07-03,27,WAKEFIELD PINES,WAKEFIELD PINES_SCHOOLHOUSE ST_MABRY MILL ST,8,1,No,Yes,144,66,2022,1,0.0813008130081,2025-10-18,42,4.0,W,,,,,,,,,1.0,1.0,2026-07-03,-15,91.40138888888889,52.88333333333333,,,,0.0,0.0,0.0
2968897,2026-07-04,27,WAKEFIELD PINES,WAKEFIELD PINES_SCHOOLHOUSE ST_MABRY MILL ST,8,1,No,Yes,144,66,2022,1,0.0813008130081,2025-10-18,42,4.0,W,,,,,,,,,1.0,1.0,2026-07-04,-15,92.56805555555555,50.172222222222224,,,,0.0,0.0,0.0
2968897,2026-07-05,27,WAKEFIELD PINES,WAKEFIELD PINES_SCHOOLHOUSE ST_MABRY MILL ST,8,1,No,Yes,144,66,2022,1,0.0813008130081,2025-10-18,42,4.0,W,,,,,,,,,1.0,1.0,2026-07-05,-15,85.32777777777778,68.16805555555555,,,,0.0,0.0,0.0
2968897,2026-07-06,27,WAKEFIELD PINES,WAKEFIELD PINES_SCHOOLHOUSE ST_MABRY MILL ST,8,1,No,Yes,144,66,2022,1,0.0813008130081,2025-10-18,42,4.0,W,,,,,,,,,1.0,1.0,2026-07-06,-15,85.14583333333333,71.05000000000001,,,,0.0,0.0,0.0
2968897,2026-07-07,27,WAKEFIELD PINES,WAKEFIELD PINES_SCHOOLHOUSE ST_MABRY MILL ST,8,1,No,Yes,144,66,2022,1,0.0813008130081,2025-10-18,42,4.0,W,,,,,,,,,1.0,1.0,2026-07-07,-15,81.20277777777778,80.84444444444445,,,,0.0,0.0,0.0
2968897,2026-07-08,27,WAKEFIELD PINES,WAKEFIELD PINES_SCHOOLHOUSE ST_MABRY MILL ST,8,1,No,Yes,144,66,2022,1,0.0813008130081,2025-10-18,42,4.0,W,,,,,,,,,1.0,1.0,2026-07-08,-15,82.9986111111111,80.34305555555555,,,,0.0,0.0,0.0
2968897,2026-07-09,28,WAKEFIELD PINES,WAKEFIELD PINES_SCHOOLHOUSE ST_MABRY MILL ST,8,1,No,Yes,144,66,2022,1,0.0813008130081,2025-10-18,42,4.0,W,,,,,,,,,1.0,1.0,2026-07-09,-14,86.5013888888889,67.62777777777778,,,,0.0,0.0,0.0
2968897,2026-07-10,28,WAKEFIELD PINES,WAKEFIELD PINES_SCHOOLHOUSE ST_MABRY MILL ST,8,1,No,Yes,144,66,2022,1,0.0813008130081,2025-10-18,42,4.0,W,,,,,,,,,1.0,1.0,2026-07-10,-14,85.69722222222222,65.01805555555556,,,,0.0,0.0,0.0
2968897,2026-07-11,28,WAKEFIELD PINES,WAKEFIELD PINES_SCHOOLHOUSE ST_MABRY MILL ST,8,1,No,Yes,144,66,2022,1,0.0813008130081,2025-10-18,42,4.0,W,,,,,,,,,1.0,1.0,2026-07-11,-14,80.0638888888889,76.19166666666666,,,,0.0,0.0,0.0
2974168,2026-06-26,26,FAIRVIEW ACCESS,FAIRVIEW ACCESS_PRIV PROP #1107_CAPITAL BLVD ACCESS,17,0,No,No,22,20,2022,10,0.0,2025-10-07,40,3.0,S,,,,,,,,,1.0,0.0,2026-06-26,-14,80.52727272727273,68.9060606060606,,,,0.0,0.0,0.0
2974168,2026-06-27,26,FAIRVIEW ACCESS,FAIRVIEW ACCESS_PRIV PROP #1107_CAPITAL BLVD ACCESS,17,0,No,No,22,20,2022,10,0.0,2025-10-07,40,3.0,S,,,,,,,,,1.0,0.0,2026-06-27,-14,81.75694444444444,74.71527777777777,,,,0.0,0.0,0.0
2974168,2026-06-28,26,FAIRVIEW ACCESS,FAIRVIEW ACCESS_PRIV PROP #1107_CAPITAL BLVD ACCESS,17,0,No,No,22,20,2022,10,0.0,2025-10-07,40,3.0,S,,,,,,,,,1.0,0.0,2026-06-28,-14,80.67916666666666,76.08888888888889,,,,0.0,0.0,0.0
2974168,2026-06-29,26,FAIRVIEW ACCESS,FAIRVIEW ACCESS_PRIV PROP #1107_CAPITAL BLVD ACCESS,17,0,No,No,22,20,2022,10,0.0,2025-10-07,40,3.0,S,,,,,,,,,1.0,0.0,2026-06-29,-14,80.57272727272728,79.21212121212122,,,,0.0,0.0,0.0
2974168,2026-06-30,26,FAIRVIEW ACCESS,FAIRVIEW ACCESS_PRIV PROP #1107_CAPITAL BLVD ACCESS,17,0,No,No,22,20,2022,10,0.0,2025-10-07,40,3.0,S,,,,,,,,,1.0,0.0,2026-06-30,-14,81.83472222222223,64.4625,,,,0.0,0.0,0.0
2974168,2026-07-01,26,FAIRVIEW ACCESS,FAIRVIEW ACCESS_PRIV PROP #1107_CAPITAL BLVD ACCESS,17,0,No,No,22,20,2022,10,0.0,2025-10-07,40,3.0,S,,,,,,,,,1.0,0.0,2026-07-01,-14,85.61944444444445,60.05416666666666,,,,0.0,0.0,0.0
2974168,2026-07-02,27,FAIRVIEW ACCESS,FAIRVIEW ACCESS_PRIV PROP #1107_CAPITAL BLVD ACCESS,17,0,No,No,22,20,2022,10,0.0,2025-10-07,40,3.0,S,,,,,,,,,1.0,0.0,2026-07-02,-13,88.54583333333333,56.1125,,,,0.0,0.0,0.0
2974168,2026-07-03,27,FAIRVIEW ACCESS,FAIRVIEW ACCESS_PRIV PROP #1107_CAPITAL BLVD ACCESS,17,0,No,No,22,20,2022,10,0.0,2025-10-07,40,3.0,S,,,,,,,,,1.0,0.0,2026-07-03,-13,91.20972222222223,52.07361111111111,,,,0.0,0.0,0.0
2974168,2026-07-04,27,FAIRVIEW ACCESS,FAIRVIEW ACCESS_PRIV PROP #1107_CAPITAL BLVD ACCESS,17,0,No,No,22,20,2022,10,0.0,2025-10-07,40,3.0,S,,,,,,,,,1.0,0.0,2026-07-04,-13,92.69583333333334,48.63333333333333,,,,0.0,0.0,0.0
2974168,2026-07-05,27,FAIRVIEW ACCESS,FAIRVIEW ACCESS_PRIV PROP #1107_CAPITAL BLVD ACCESS,17,0,No,No,22,20,2022,10,0.0,2025-10-07,40,3.0,S,,,,,,,,,1.0,0.0,2026-07-05,-13,84.92083333333333,68.39027777777778,,,,0.0,0.0,0.0
2974168,2026-07-06,27,FAIRVIEW ACCESS,FAIRVIEW ACCESS_PRIV PROP #1107_CAPITAL BLVD ACCESS,17,0,No,No,22,20,2022,10,0.0,2025-10-07,40,3.0,S,,,,,,,,,1.0,0.0,2026-07-06,-13,84.55972222222222,71.69444444444444,,,,0.0,0.0,0.0
2974168,2026-07-07,27,FAIRVIEW ACCESS,FAIRVIEW ACCESS_PRIV PROP #1107_CAPITAL BLVD ACCESS,17,0,No,No,22,20,2022,10,0.0,2025-10-07,40,3.0,S,,,,,,,,,1.0,0.0,2026-07-07,-13,81.23472222222222,81.36944444444445,,,,0.0,0.0,0.0
2974168,2026-07-08,27,FAIRVIEW ACCESS,FAIRVIEW ACCESS_PRIV PROP #1107_CAPITAL BLVD ACCESS,17,0,No,No,22,20,2022,10,0.0,2025-10-07,40,3.0,S,,,,,,,,,1.0,0.0,2026-07-08,-13,82.33472222222223,81.83472222222223,,,,0.0,0.0,0.0
2974168,2026-07-09,28,FAIRVIEW ACCESS,FAIRVIEW ACCESS_PRIV PROP #1107_CAPITAL BLVD ACCESS,17,0,No,No,22,20,2022,10,0.0,2025-10-07,40,3.0,S,,,,,,,,,1.0,0.0,2026-07-09,-12,85.75972222222222,68.54305555555555,,,,0.0,0.0,0.0
2974168,2026-07-10,28,FAIRVIEW ACCESS,FAIRVIEW ACCESS_PRIV PROP #1107_CAPITAL BLVD ACCESS,17,0,No,No,22,20,2022,10,0.0,2025-10-07,40,3.0,S,,,,,,,,,1.0,0.0,2026-07-10,-12,84.40555555555555,67.26666666666667,,,,0.0,0.0,0.0
2974168,2026-07-11,28,FAIRVIEW ACCESS,FAIRVIEW ACCESS_PRIV PROP #1107_CAPITAL BLVD ACCESS,17,0,No,No,22,20,2022,10,0.0,2025-10-07,40,3.0,S,,,,,,,,,1.0,0.0,2026-07-11,-12,83.72916666666667,69.12916666666666,,,,0.0,0.0,0.0
2974168,2026-07-12,28,FAIRVIEW ACCESS,FAIRVIEW ACCESS_PRIV PROP #1107_CAPITAL BLVD ACCESS,17,0,No,No,22,20,2022,10,0.0,2025-10-07,40,3.0,S,,,,,,,,,1.0,0.0,2026-07-12,-12,81.58333333333333,76.52083333333333,,,,0.0,0.0,0.0
2974168,2026-07-13,28,FAIRVIEW ACCESS,FAIRVIEW ACCESS_PRIV PROP #1107_CAPITAL BLVD ACCESS,17,0,No,No,22,20,2022,10,0.0,2025-10-07,40,3.0,S,,,,,,,,,1.0,0.0,2026-07-13,-12,76.26249999999999,84.47638888888889,,,,0.0,0.0,0.0
2974168,2026-07-14,28,FAIRVIEW ACCESS,FAIRVIEW ACCESS_PRIV PROP #1107_CAPITAL BLVD ACCESS,17,0,No,No,22,20,2022,10,0.0,2025-10-07,40,3.0,S,,,,,,,,,1.0,0.0,2026-07-14,-12,72.9,87.90799999999999,,,,0.0,0.0,0.0
2974170,2026-06-26,26,OAKWOOD,OAKWOOD_ST AUGUSTINE AV_HILL ST,27,1,No,Yes,24,30,2022,10,0.0,2025-10-09,41,3.0,N,,,,,,,,,1.0,1.0,2026-06-26,-15,79.61969696969696,70.8,,,,0.0,0.0,0.0
2974170,2026-06-27,26,OAKWOOD,OAKWOOD_ST AUGUSTINE AV_HILL ST,27,1,No,Yes,24,30,2022,10,0.0,2025-10-09,41,3.0,N,,,,,,,,,1.0,1.0,2026-06-27,-15,80.96805555555555,76.49583333333334,,,,0.0,0.0,0.0
2974170,2026-06-28,26,OAKWOOD,OAKWOOD_ST AUGUSTINE AV_HILL ST,27,1,No,Yes,24,30,2022,10,0.0,2025-10-09,41,3.0,N,,,,,,,,,1.0,1.0,2026-06-28,-15,79.79305555555555,77.77916666666667,,,,0.0,0.0,0.0
2974170,2026-06-29,26,OAKWOOD,OAKWOOD_ST AUGUSTINE AV_HILL ST,27,1,No,Yes,24,30,2022,10,0.0,2025-10-09,41,3.0,N,,,,,,,,,1.0,1.0,2026-06-29,-15,79.78507462686568,79.53880597014926,,,,0.0,0.0,0.0
2974170,2026-06-30,26,OAKWOOD,OAKWOOD_ST AUGUSTINE AV_HILL ST,27,1,No,Yes,24,30,2022,10,0.0,2025-10-09,41,3.0,N,,,,,,,,,1.0,1.0,2026-06-30,-15,81.25277777777778,64.20694444444445,,,,0.0,0.0,0.0
2974170,2026-07-01,26,OAKWOOD,OAKWOOD_ST AUGUSTINE AV_HILL ST,27,1,No,Yes,24,30,2022,10,0.0,2025-10-09,41,3.0,N,,,,,,,,,1.0,1.0,2026-07-01,-15,84.41527777777777,61.981944444444444,,,,0.0,0.0,0.0
2974170,2026-07-02,27,OAKWOOD,OAKWOOD_ST AUGUSTINE AV_HILL ST,27,1,No,Yes,24,30,2022,10,0.0,2025-10-09,41,3.0,N,,,,,,,,,1.0,1.0,2026-07-02,-14,87.33055555555556,58.09305555555555,,,,0.0,0.0,0.0
2974170,2026-07-03,27,OAKWOOD,OAKWOOD_ST AUGUSTINE AV_HILL ST,27,1,No,Yes,24,30,2022,10,0.0,2025-10-09,41,3.0,N,,,,,,,,,1.0,1.0,2026-07-03,-14,90.10555555555555,53.24583333333333,,,,0.0,0.0,0.0
2974170,2026-07-04,27,OAKWOOD,OAKWOOD_ST AUGUSTINE AV_HILL ST,27,1,No,Yes,24,30,2022,10,0.0,2025-10-09,41,3.0,N,,,,,,,,,1.0,1.0,2026-07-04,-14,91.2486111111111,50.56944444444444,,,,0.0,0.0,0.0
2974170,2026-07-05,27,OAKWOOD,OAKWOOD_ST AUGUSTINE AV_HILL ST,27,1,No,Yes,24,30,2022,10,0.0,2025-10-09,41,3.0,N,,,,,,,,,1.0,1.0,2026-07-05,-14,84.35277777777777,69.46527777777777,,,,0.0,0.0,0.0
2974170,2026-07-06,27,OAKWOOD,OAKWOOD_ST AUGUSTINE AV_HILL ST,27,1,No,Yes,24,30,2022,10,0.0,2025-10-09,41,3.0,N,,,,,,,,,1.0,1.0,2026-07-06,-14,83.94722222222222,72.41944444444444,,,,0.0,0.0,0.0
2974170,2026-07-07,27,OAKWOOD,OAKWOOD_ST AUGUSTINE AV_HILL ST,27,1,No,Yes,24,30,2022,10,0.0,2025-10-09,41,3.0,N,,,,,,,,,1.0,1.0,2026-07-07,-14,80.4125,81.97638888888889,,,,0.0,0.0,0.0
2974170,2026-07-08,27,OAKWOOD,OAKWOOD_ST AUGUSTINE AV_HILL ST,27,1,No,Yes,24,30,2022,10,0.0,2025-10-09,41,3.0,N,,,,,,,,,1.0,1.0,2026-07-08,-14,81.99722222222222,81.69027777777778,,,,0.0,0.0,0.0
2974170,2026-07-09,28,OAKWOOD,OAKWOOD_ST AUGUSTINE AV_HILL ST,27,1,No,Yes,24,30,2022,10,0.0,2025-10-09,41,3.0,N,,,,,,,,,1.0,1.0,2026-07-09,-13,85.55000000000001,68.06944444444444,,,,0.0,0.0,0.0
2974170,2026-07-10,28,OAKWOOD,OAKWOOD_ST AUGUSTINE AV_HILL ST,27,1,No,Yes,24,30,2022,10,0.0,2025-10-09,41,3.0,N,,,,,,,,,1.0,1.0,2026-07-10,-13,84.37083333333334,65.88472222222222,,,,0.0,0.0,0.0
2974170,2026-07-11,28,OAKWOOD,OAKWOOD_ST AUGUSTINE AV_HILL ST,27,1,No,Yes,24,30,2022,10,0.0,2025-10-09,41,3.0,N,,,,,,,,,1.0,1.0,2026-07-11,-13,83.37777777777778,68.70416666666667,,,,0.0,0.0,0.0
2974170,2026-07-12,28,OAKWOOD,OAKWOOD_ST AUGUSTINE AV_HILL ST,27,1,No,Yes,24,30,2022,10,0.0,2025-10-09,41,3.0,N,,,,,,,,,1.0,1.0,2026-07-12,-13,81.44999999999999,75.83472222222223,,,,0.0,0.0,0.0
2974170,2026-07-13,28,OAKWOOD,OAKWOOD_ST AUGUSTINE AV_HILL ST,27,1,No,Yes,24,30,2022,10,0.0,2025-10-09,41,3.0,N,,,,,,,,,1.0,1.0,2026-07-13,-13,75.91944444444444,84.70416666666667,,,,0.0,0.0,0.0
2974170,2026-07-14,28,OAKWOOD,OAKWOOD_ST AUGUSTINE AV_HILL ST,27,1,No,Yes,24,30,2022,10,0.0,2025-10-09,41,3.0,N,,,,,,,,,1.0,1.0,2026-07-14,-13,72.672,88.096,,,,0.0,0.0,0.0
2974172,2026-06-26,26,DAVIE E.,DAVIE E._S. EAST ST_CHAVIS WY,27,0,No,Yes,15,34,2022,10,0.0612244897959,2025-10-09,41,3.0,N,,,,,,,,,1.0,0.0,2026-06-26,-15,79.06212121212121,71.01212121212122,,,,0.0,0.0,0.0
2974172,2026-06-27,26,DAVIE E.,DAVIE E._S. EAST ST_CHAVIS WY,27,0,No,Yes,15,34,2022,10,0.0612244897959,2025-10-09,41,3.0,N,,,,,,,,,1.0,0.0,2026-06-27,-15,79.63333333333334,81.34722222222223,,,,0.0,0.0,0.0
2974172,2026-06-28,26,DAVIE E.,DAVIE E._S. EAST ST_CHAVIS WY,27,0,No,Yes,15,34,2022,10,0.0612244897959,2025-10-09,41,3.0,N,,,,,,,,,1.0,0.0,2026-06-28,-15,77.9125,82.58333333333333,,,,0.0,0.0,0.0
2974172,2026-06-29,26,DAVIE E.,DAVIE E._S. EAST ST_CHAVIS WY,27,0,No,Yes,15,34,2022,10,0.0612244897959,2025-10-09,41,3.0,N,,,,,,,,,1.0,0.0,2026-06-29,-15,78.8179104477612,82.6358208955224,,,,0.0,0.0,0.0
2974172,2026-06-30,26,DAVIE E.,DAVIE E._S. EAST ST_CHAVIS WY,27,0,No,Yes,15,34,2022,10,0.0612244897959,2025-10-09,41,3.0,N,,,,,,,,,1.0,0.0,2026-06-30,-15,80.09583333333333,68.75972222222222,,,,0.0,0.0,0.0
2974172,2026-07-01,26,DAVIE E.,DAVIE E._S. EAST ST_CHAVIS WY,27,0,No,Yes,15,34,2022,10,0.0612244897959,2025-10-09,41,3.0,N,,,,,,,,,1.0,0.0,2026-07-01,-15,83.90138888888889,63.85555555555556,,,,0.0,0.0,0.0
2974172,2026-07-02,27,DAVIE E.,DAVIE E._S. EAST ST_CHAVIS WY,27,0,No,Yes,15,34,2022,10,0.0612244897959,2025-10-09,41,3.0,N,,,,,,,,,1.0,0.0,2026-07-02,-14,86.92222222222222,59.44444444444444,,,,0.0,0.0,0.0
2974172,2026-07-03,27,DAVIE E.,DAVIE E._S. EAST ST_CHAVIS WY,27,0,No,Yes,15,34,2022,10,0.0612244897959,2025-10-09,41,3.0,N,,,,,,,,,1.0,0.0,2026-07-03,-14,88.49583333333334,58.41111111111112,,,,0.0,0.0,0.0
2974172,2026-07-04,27,DAVIE E.,DAVIE E._S. EAST ST_CHAVIS WY,27,0,No,Yes,15,34,2022,10,0.0612244897959,2025-10-09,41,3.0,N,,,,,,,,,1.0,0.0,2026-07-04,-14,89.48194444444444,54.05416666666667,,,,0.0,0.0,0.0
2974172,2026-07-05,27,DAVIE E.,DAVIE E._S. EAST ST_CHAVIS WY,27,0,No,Yes,15,34,2022,10,0.0612244897959,2025-10-09,41,3.0,N,,,,,,,,,1.0,0.0,2026-07-05,-14,82.45833333333333,73.52916666666667,,,,0.0,0.0,0.0
2974172,2026-07-06,27,DAVIE E.,DAVIE E._S. EAST ST_CHAVIS WY,27,0,No,Yes,15,34,2022,10,0.0612244897959,2025-10-09,41,3.0,N,,,,,,,,,1.0,0.0,2026-07-06,-14,79.86250000000001,85.01527777777778,,,,0.0,0.0,0.0
2974172,2026-07-07,27,DAVIE E.,DAVIE E._S. EAST ST_CHAVIS WY,27,0,No,Yes,15,34,2022,10,0.0612244897959,2025-10-09,41,3.0,N,,,,,,,,,1.0,0.0,2026-07-07,-14,79.12916666666666,87.10555555555555,,,,0.0,0.0,0.0
2974172,2026-07-08,27,DAVIE E.,DAVIE E._S. EAST ST_CHAVIS WY,27,0,No,Yes,15,34,2022,10,0.0612244897959,2025-10-09,41,3.0,N,,,,,,,,,1.0,0.0,2026-07-08,-14,80.82916666666667,84.89583333333333,,,,0.0,0.0,0.0
2974172,2026-07-09,28,DAVIE E.,DAVIE E._S. EAST ST_CHAVIS WY,27,0,No,Yes,15,34,2022,10,0.0612244897959,2025-10-09,41,3.0,N,,,,,,,,,1.0,0.0,2026-07-09,-13,83.61388888888888,72.65277777777777,,,,0.0,0.0,0.0
2974172,2026-07-10,28,DAVIE E.,DAVIE E._S. EAST ST_CHAVIS WY,27,0,No,Yes,15,34,2022,10,0.0612244897959,2025-10-09,41,3.0,N,,,,,,,,,1.0,0.0,2026-07-10,-13,81.11666666666666,74.49305555555556,,,,0.0,0.0,0.0
2974172,2026-07-11,28,DAVIE E.,DAVIE E._S. EAST ST_CHAVIS WY,27,0,No,Yes,15,34,2022,10,0.0612244897959,2025-10-09,41,3.0,N,,,,,,,,,1.0,0.0,2026-07-11,-13,79.29166666666667,82.85972222222222,,,,0.0,0.0,0.0
2974172,2026-07-12,28,DAVIE E.,DAVIE E._S. EAST ST_CHAVIS WY,27,0,No,Yes,15,34,2022,10,0.0612244897959,2025-10-09,41,3.0,N,,,,,,,,,1.0,0.0,2026-07-12,-13,78.98472222222222,84.52361111111111,,,,0.0,0.0,0.0
2974172,2026-07-13,28,DAVIE E.,DAVIE E._S. EAST ST_CHAVIS WY,27,0,No,Yes,15,34,2022,10,0.0612244897959,2025-10-09,41,3.0,N,,,,,,,,,1.0,0.0,2026-07-13,-13,75.19305555555555,88.58333333333333,,,,0.0,0.0,0.0
2974172,2026-07-14,28,DAVIE E.,DAVIE E._S. EAST ST_CHAVIS WY,27,0,No,Yes,15,34,2022,10,0.0612244897959,2025-10-09,41,3.0,N,,,,,,,,,1.0,0.0,2026-07-14,-13,71.628,90.3,,,,0.0,0.0,0.0
2974173,2026-06-25,26,PURDUE,PURDUE_DEVONWOOD PL_QUAIL HOLLOW DR,2,0,No,Yes,21,22,2023,7,0.559322033898,2025-09-12,37,1.0,S,,,,,,,,,1.0,0.0,2026-06-25,-11,78.49027777777778,64.42916666666666,,,,0.0,0.0,0.0
2974173,2026-06-26,26,PURDUE,PURDUE_DEVONWOOD PL_QUAIL HOLLOW DR,2,0,No,Yes,21,22,2023,7,0.559322033898,2025-09-12,37,1.0,S,,,,,,,,,1.0,0.0,2026-06-26,-11,80.40694444444445,68.82777777777778,,,,0.0,0.0,0.0
2974173,2026-06-27,26,PURDUE,PURDUE_DEVONWOOD PL_QUAIL HOLLOW DR,2,0,No,Yes,21,22,2023,7,0.559322033898,2025-09-12,37,1.0,S,,,,,,,,,1.0,0.0,2026-06-27,-11,81.19444444444444,78.01527777777778,,,,0.0,0.0,0.0
2974173,2026-06-28,26,PURDUE,PURDUE_DEVONWOOD PL_QUAIL HOLLOW DR,2,0,No,Yes,21,22,2023,7,0.559322033898,2025-09-12,37,1.0,S,,,,,,,,,1.0,0.0,2026-06-28,-11,79.63194444444444,79.47638888888889,,,,0.0,0.0,0.0
2974173,2026-06-29,26,PURDUE,PURDUE_DEVONWOOD PL_QUAIL HOLLOW DR,2,0,No,Yes,21,22,2023,7,0.559322033898,2025-09-12,37,1.0,S,,,,,,,,,1.0,0.0,2026-06-29,-11,79.84776119402986,80.25671641791044,,,,0.0,0.0,0.0
2974173,2026-06-30,26,PURDUE,PURDUE_DEVONWOOD PL_QUAIL HOLLOW DR,2,0,No,Yes,21,22,2023,7,0.559322033898,2025-09-12,37,1.0,S,,,,,,,,,1.0,0.0,2026-06-30,-11,82.15,64.20416666666667,,,,0.0,0.0,0.0
2974173,2026-07-01,26,PURDUE,PURDUE_DEVONWOOD PL_QUAIL HOLLOW DR,2,0,No,Yes,21,22,2023,7,0.559322033898,2025-09-12,37,1.0,S,,,,,,,,,1.0,0.0,2026-07-01,-11,86.82307692307693,59.42153846153846,,,,0.0,0.0,0.0
2974173,2026-07-02,27,PURDUE,PURDUE_DEVONWOOD PL_QUAIL HOLLOW DR,2,0,No,Yes,21,22,2023,7,0.559322033898,2025-09-12,37,1.0,S,,,,,,,,,1.0,0.0,2026-07-02,-10,88.0323076923077,57.720000000000006,,,,0.0,0.0,0.0
2974173,2026-07-03,27,PURDUE,PURDUE_DEVONWOOD PL_QUAIL HOLLOW DR,2,0,No,Yes,21,22,2023,7,0.559322033898,2025-09-12,37,1.0,S,,,,,,,,,1.0,0.0,2026-07-03,-10,82.68709677419355,67.09677419354838,,,,0.0,0.0,0.0
2974175,2026-06-26,26,HIKING,HIKING_LOYAL LN_EAGLE TR,25,0,Yes,Yes,120,36,2021,3,0.372881355932,2025-10-18,42,4.0,W,,,,,,,,,1.0,0.0,2026-06-26,-16,79.46363636363637,71.98787878787878,,,,0.0,0.0,0.0
2974175,2026-06-27,26,HIKING,HIKING_LOYAL LN_EAGLE TR,25,0,Yes,Yes,120,36,2021,3,0.372881355932,2025-10-18,42,4.0,W,,,,,,,,,1.0,0.0,2026-06-27,-16,80.95833333333333,77.39722222222223,,,,0.0,0.0,0.0
2974175,2026-06-28,26,HIKING,HIKING_LOYAL LN_EAGLE TR,25,0,Yes,Yes,120,36,2021,3,0.372881355932,2025-10-18,42,4.0,W,,,,,,,,,1.0,0.0,2026-06-28,-16,79.76249999999999,78.82916666666667,,,,0.0,0.0,0.0
2974175,2026-06-29,26,HIKING,HIKING_LOYAL LN_EAGLE TR,25,0,Yes,Yes,120,36,2021,3,0.372881355932,2025-10-18,42,4.0,W,,,,,,,,,1.0,0.0,2026-06-29,-16,79.85138888888889,80.55694444444445,,,,0.0,0.0,0.0
2974175,2026-06-30,26,HIKING,HIKING_LOYAL LN_EAGLE TR,25,0,Yes,Yes,120,36,2021,3,0.372881355932,2025-10-18,42,4.0,W,,,,,,,,,1.0,0.0,2026-06-30,-16,82.16805555555555,63.96805555555555,,,,0.0,0.0,0.0
2974175,2026-07-01,26,HIKING,HIKING_LOYAL LN_EAGLE TR,25,0,Yes,Yes,120,36,2021,3,0.372881355932,2025-10-18,42,4.0,W,,,,,,,,,1.0,0.0,2026-07-01,-16,84.63472222222222,62.24583333333333,,,,0.0,0.0,0.0
2974175,2026-07-02,27,HIKING,HIKING_LOYAL LN_EAGLE TR,25,0,Yes,Yes,120,36,2021,3,0.372881355932,2025-10-18,42,4.0,W,,,,,,,,,1.0,0.0,2026-07-02,-15,87.82638888888889,58.15416666666667,,,,0.0,0.0,0.0
2974175,2026-07-03,27,HIKING,HIKING_LOYAL LN_EAGLE TR,25,0,Yes,Yes,120,36,2021,3,0.372881355932,2025-10-18,42,4.0,W,,,,,,,,,1.0,0.0,2026-07-03,-15,90.44305555555555,53.859722222222224,,,,0.0,0.0,0.0
2974175,2026-07-04,27,HIKING,HIKING_LOYAL LN_EAGLE TR,25,0,Yes,Yes,120,36,2021,3,0.372881355932,2025-10-18,42,4.0,W,,,,,,,,,1.0,0.0,2026-07-04,-15,91.40555555555555,51.13472222222222,,,,0.0,0.0,0.0
2974175,2026-07-05,27,HIKING,HIKING_LOYAL LN_EAGLE TR,25,0,Yes,Yes,120,36,2021,3,0.372881355932,2025-10-18,42,4.0,W,,,,,,,,,1.0,0.0,2026-07-05,-15,84.5638888888889,69.72083333333333,,,,0.0,0.0,0.0
2974175,2026-07-06,27,HIKING,HIKING_LOYAL LN_EAGLE TR,25,0,Yes,Yes,120,36,2021,3,0.372881355932,2025-10-18,42,4.0,W,,,,,,,,,1.0,0.0,2026-07-06,-15,83.7875,73.19722222222222,,,,0.0,0.0,0.0
2974175,2026-07-07,27,HIKING,HIKING_LOYAL LN_EAGLE TR,25,0,Yes,Yes,120,36,2021,3,0.372881355932,2025-10-18,42,4.0,W,,,,,,,,,1.0,0.0,2026-07-07,-15,80.56944444444444,82.59027777777777,,,,0.0,0.0,0.0
2974175,2026-07-08,27,HIKING,HIKING_LOYAL LN_EAGLE TR,25,0,Yes,Yes,120,36,2021,3,0.372881355932,2025-10-18,42,4.0,W,,,,,,,,,1.0,0.0,2026-07-08,-15,82.41388888888889,82.19166666666666,,,,0.0,0.0,0.0
2974175,2026-07-09,28,HIKING,HIKING_LOYAL LN_EAGLE TR,25,0,Yes,Yes,120,36,2021,3,0.372881355932,2025-10-18,42,4.0,W,,,,,,,,,1.0,0.0,2026-07-09,-14,85.61666666666666,68.71805555555555,,,,0.0,0.0,0.0
2974175,2026-07-10,28,HIKING,HIKING_LOYAL LN_EAGLE TR,25,0,Yes,Yes,120,36,2021,3,0.372881355932,2025-10-18,42,4.0,W,,,,,,,,,1.0,0.0,2026-07-10,-14,84.35972222222222,66.83611111111111,,,,0.0,0.0,0.0
2974175,2026-07-11,28,HIKING,HIKING_LOYAL LN_EAGLE TR,25,0,Yes,Yes,120,36,2021,3,0.372881355932,2025-10-18,42,4.0,W,,,,,,,,,1.0,0.0,2026-07-11,-14,79.00277777777778,78.38611111111112,,,,0.0,0.0,0.0
2974177,2026-06-25,26,DAVIE E.,DAVIE E._CHAVIS WY_S. SWAIN ST,23,0,Yes,Yes,23,26,2023,10,0.553191489362,2025-10-10,41,3.0,N,,,,,,,,,1.0,0.0,2026-06-25,-15,77.13333333333334,67.73611111111111,,,,0.0,0.0,0.0
2974177,2026-06-26,26,DAVIE E.,DAVIE E._CHAVIS WY_S. SWAIN ST,23,0,Yes,Yes,23,26,2023,10,0.553191489362,2025-10-10,41,3.0,N,,,,,,,,,1.0,0.0,2026-06-26,-15,79.33055555555556,70.98055555555555,,,,0.0,0.0,0.0
2974177,2026-06-27,26,DAVIE E.,DAVIE E._CHAVIS WY_S. SWAIN ST,23,0,Yes,Yes,23,26,2023,10,0.553191489362,2025-10-10,41,3.0,N,,,,,,,,,1.0,0.0,2026-06-27,-15,80.56944444444444,78.35694444444444,,,,0.0,0.0,0.0
2974177,2026-06-28,26,DAVIE E.,DAVIE E._CHAVIS WY_S. SWAIN ST,23,0,Yes,Yes,23,26,2023,10,0.553191489362,2025-10-10,41,3.0,N,,,,,,,,,1.0,0.0,2026-06-28,-15,79.29861111111111,79.31666666666666,,,,0.0,0.0,0.0
2974177,2026-06-29,26,DAVIE E.,DAVIE E._CHAVIS WY_S. SWAIN ST,23,0,Yes,Yes,23,26,2023,10,0.553191489362,2025-10-10,41,3.0,N,,,,,,,,,1.0,0.0,2026-06-29,-15,79.3179104477612,81.23283582089553,,,,0.0,0.0,0.0
2974177,2026-06-30,26,DAVIE E.,DAVIE E._CHAVIS WY_S. SWAIN ST,23,0,Yes,Yes,23,26,2023,10,0.553191489362,2025-10-10,41,3.0,N,,,,,,,,,1.0,0.0,2026-06-30,-15,81.51111111111112,64.89861111111111,,,,0.0,0.0,0.0
2974177,2026-07-01,26,DAVIE E.,DAVIE E._CHAVIS WY_S. SWAIN ST,23,0,Yes,Yes,23,26,2023,10,0.553191489362,2025-10-10,41,3.0,N,,,,,,,,,1.0,0.0,2026-07-01,-15,85.54722222222222,59.977777777777774,,,,0.0,0.0,0.0
2974177,2026-07-02,27,DAVIE E.,DAVIE E._CHAVIS WY_S. SWAIN ST,23,0,Yes,Yes,23,26,2023,10,0.553191489362,2025-10-10,41,3.0,N,,,,,,,,,1.0,0.0,2026-07-02,-14,88.21805555555555,56.67916666666667,,,,0.0,0.0,0.0
2974177,2026-07-03,27,DAVIE E.,DAVIE E._CHAVIS WY_S. SWAIN ST,23,0,Yes,Yes,23,26,2023,10,0.553191489362,2025-10-10,41,3.0,N,,,,,,,,,1.0,0.0,2026-07-03,-14,89.9986111111111,55.49444444444444,,,,0.0,0.0,0.0
2974177,2026-07-04,27,DAVIE E.,DAVIE E._CHAVIS WY_S. SWAIN ST,23,0,Yes,Yes,23,26,2023,10,0.553191489362,2025-10-10,41,3.0,N,,,,,,,,,1.0,0.0,2026-07-04,-14,91.21111111111111,51.230555555555554,,,,0.0,0.0,0.0
2974177,2026-07-05,27,DAVIE E.,DAVIE E._CHAVIS WY_S. SWAIN ST,23,0,Yes,Yes,23,26,2023,10,0.553191489362,2025-10-10,41,3.0,N,,,,,,,,,1.0,0.0,2026-07-05,-14,84.06805555555555,70.57916666666667,,,,0.0,0.0,0.0
2974177,2026-07-06,27,DAVIE E.,DAVIE E._CHAVIS WY_S. SWAIN ST,23,0,Yes,Yes,23,26,2023,10,0.553191489362,2025-10-10,41,3.0,N,,,,,,,,,1.0,0.0,2026-07-06,-14,81.69722222222222,80.54861111111111,,,,0.0,0.0,0.0
2974177,2026-07-07,27,DAVIE E.,DAVIE E._CHAVIS WY_S. SWAIN ST,23,0,Yes,Yes,23,26,2023,10,0.553191489362,2025-10-10,41,3.0,N,,,,,,,,,1.0,0.0,2026-07-07,-14,79.58888888888889,85.14583333333333,,,,0.0,0.0,0.0
2974177,2026-07-08,27,DAVIE E.,DAVIE E._CHAVIS WY_S. SWAIN ST,23,0,Yes,Yes,23,26,2023,10,0.553191489362,2025-10-10,41,3.0,N,,,,,,,,,1.0,0.0,2026-07-08,-14,81.74027777777778,82.64027777777778,,,,0.0,0.0,0.0
2974177,2026-07-09,28,DAVIE E.,DAVIE E._CHAVIS WY_S. SWAIN ST,23,0,Yes,Yes,23,26,2023,10,0.553191489362,2025-10-10,41,3.0,N,,,,,,,,,1.0,0.0,2026-07-09,-13,85.04861111111111,69.78333333333333,,,,0.0,0.0,0.0
2974177,2026-07-10,28,DAVIE E.,DAVIE E._CHAVIS WY_S. SWAIN ST,23,0,Yes,Yes,23,26,2023,10,0.553191489362,2025-10-10,41,3.0,N,,,,,,,,,1.0,0.0,2026-07-10,-13,82.74166666666666,72.25277777777778,,,,0.0,0.0,0.0
2974177,2026-07-11,28,DAVIE E.,DAVIE E._CHAVIS WY_S. SWAIN ST,23,0,Yes,Yes,23,26,2023,10,0.553191489362,2025-10-10,41,3.0,N,,,,,,,,,1.0,0.0,2026-07-11,-13,80.85,80.34861111111111,,,,0.0,0.0,0.0
2974177,2026-07-12,28,DAVIE E.,DAVIE E._CHAVIS WY_S. SWAIN ST,23,0,Yes,Yes,23,26,2023,10,0.553191489362,2025-10-10,41,3.0,N,,,,,,,,,1.0,0.0,2026-07-12,-13,80.09166666666667,81.45833333333333,,,,0.0,0.0,0.0
2974177,2026-07-13,28,DAVIE E.,DAVIE E._CHAVIS WY_S. SWAIN ST,23,0,Yes,Yes,23,26,2023,10,0.553191489362,2025-10-10,41,3.0,N,,,,,,,,,1.0,0.0,2026-07-13,-13,75.67083333333333,85.55833333333334,,,,0.0,0.0,0.0
2974177,2026-07-14,28,DAVIE E.,DAVIE E._CHAVIS WY_S. SWAIN ST,23,0,Yes,Yes,23,26,2023,10,0.553191489362,2025-10-10,41,3.0,N,,,,,,,,,1.0,0.0,2026-07-14,-13,72.3,88.85600000000001,,,,0.0,0.0,0.0
2974338,2026-06-25,26,CRABTREE,CRABTREE_BEG PVMT #1021_CHATHAM LN,35,1,Yes,No,26,34,2022,7,1.0,2025-09-12,37,1.0,E,,,,,,,,,1.0,1.0,2026-06-25,-11,77.20138888888889,66.18472222222222,,,,0.0,0.0,0.0
2974338,2026-06-26,26,CRABTREE,CRABTREE_BEG PVMT #1021_CHATHAM LN,35,1,Yes,No,26,34,2022,7,1.0,2025-09-12,37,1.0,E,,,,,,,,,1.0,1.0,2026-06-26,-11,78.97222222222223,70.81805555555555,,,,0.0,0.0,0.0
2974338,2026-06-27,26,CRABTREE,CRABTREE_BEG PVMT #1021_CHATHAM LN,35,1,Yes,No,26,34,2022,7,1.0,2025-09-12,37,1.0,E,,,,,,,,,1.0,1.0,2026-06-27,-11,80.51249999999999,77.20972222222223,,,,0.0,0.0,0.0
2974338,2026-06-28,26,CRABTREE,CRABTREE_BEG PVMT #1021_CHATHAM LN,35,1,Yes,No,26,34,2022,7,1.0,2025-09-12,37,1.0,E,,,,,,,,,1.0,1.0,2026-06-28,-11,79.35694444444444,78.975,,,,0.0,0.0,0.0
2974338,2026-06-29,26,CRABTREE,CRABTREE_BEG PVMT #1021_CHATHAM LN,35,1,Yes,No,26,34,2022,7,1.0,2025-09-12,37,1.0,E,,,,,,,,,1.0,1.0,2026-06-29,-11,80.51666666666667,76.98939393939395,,,,0.0,0.0,0.0
2974338,2026-06-30,26,CRABTREE,CRABTREE_BEG PVMT #1021_CHATHAM LN,35,1,Yes,No,26,34,2022,7,1.0,2025-09-12,37,1.0,E,,,,,,,,,1.0,1.0,2026-06-30,-11,81.42083333333333,64.64305555555556,,,,0.0,0.0,0.0
2974338,2026-07-01,26,CRABTREE,CRABTREE_BEG PVMT #1021_CHATHAM LN,35,1,Yes,No,26,34,2022,7,1.0,2025-09-12,37,1.0,E,,,,,,,,,1.0,1.0,2026-07-01,-11,84.41944444444444,62.52916666666667,,,,0.0,0.0,0.0
2974338,2026-07-02,27,CRABTREE,CRABTREE_BEG PVMT #1021_CHATHAM LN,35,1,Yes,No,26,34,2022,7,1.0,2025-09-12,37,1.0,E,,,,,,,,,1.0,1.0,2026-07-02,-10,87.52361111111111,58.39861111111111,,,,0.0,0.0,0.0
2974338,2026-07-03,27,CRABTREE,CRABTREE_BEG PVMT #1021_CHATHAM LN,35,1,Yes,No,26,34,2022,7,1.0,2025-09-12,37,1.0,E,,,,,,,,,1.0,1.0,2026-07-03,-10,89.92361111111111,54.900000000000006,,,,0.0,0.0,0.0
2974338,2026-07-04,27,CRABTREE,CRABTREE_BEG PVMT #1021_CHATHAM LN,35,1,Yes,No,26,34,2022,7,1.0,2025-09-12,37,1.0,E,,,,,,,,,1.0,1.0,2026-07-04,-10,90.78472222222223,51.47083333333333,,,,0.0,0.0,0.0
2974338,2026-07-05,27,CRABTREE,CRABTREE_BEG PVMT #1021_CHATHAM LN,35,1,Yes,No,26,34,2022,7,1.0,2025-09-12,37,1.0,E,,,,,,,,,1.0,1.0,2026-07-05,-10,83.40138888888889,72.12916666666666,,,,0.0,0.0,0.0
2974338,2026-07-06,27,CRABTREE,CRABTREE_BEG PVMT #1021_CHATHAM LN,35,1,Yes,No,26,34,2022,7,1.0,2025-09-12,37,1.0,E,,,,,,,,,1.0,1.0,2026-07-06,-10,81.97916666666667,79.4388888888889,,,,0.0,0.0,0.0
2974338,2026-07-07,27,CRABTREE,CRABTREE_BEG PVMT #1021_CHATHAM LN,35,1,Yes,No,26,34,2022,7,1.0,2025-09-12,37,1.0,E,,,,,,,,,1.0,1.0,2026-07-07,-10,80.13749999999999,84.02777777777777,,,,0.0,0.0,0.0
2974338,2026-07-08,27,CRABTREE,CRABTREE_BEG PVMT #1021_CHATHAM LN,35,1,Yes,No,26,34,2022,7,1.0,2025-09-12,37,1.0,E,,,,,,,,,1.0,1.0,2026-07-08,-10,81.21944444444445,83.54305555555555,,,,0.0,0.0,0.0
2974338,2026-07-09,28,CRABTREE,CRABTREE_BEG PVMT #1021_CHATHAM LN,35,1,Yes,No,26,34,2022,7,1.0,2025-09-12,37,1.0,E,,,,,,,,,1.0,1.0,2026-07-09,-9,83.9125,72.43055555555556,,,,0.0,0.0,0.0
2974338,2026-07-10,28,CRABTREE,CRABTREE_BEG PVMT #1021_CHATHAM LN,35,1,Yes,No,26,34,2022,7,1.0,2025-09-12,37,1.0,E,,,,,,,,,1.0,1.0,2026-07-10,-9,82.43333333333334,72.10833333333333,,,,0.0,0.0,0.0
2974338,2026-07-11,28,CRABTREE,CRABTREE_BEG PVMT #1021_CHATHAM LN,35,1,Yes,No,26,34,2022,7,1.0,2025-09-12,37,1.0,E,,,,,,,,,1.0,1.0,2026-07-11,-9,76.28888888888889,86.6888888888889,,,,0.0,0.0,0.0
2974339,2026-06-25,26,DAVIE E.,DAVIE E._FREEMAN ST_S. STATE ST,21,0,Yes,Yes,14,24,2023,10,0.409090909091,2025-10-07,40,3.0,N,,,,,,,,,1.0,0.0,2026-06-25,-14,77.05277777777778,65.01944444444445,,,,0.0,0.0,0.0
2974339,2026-06-26,26,DAVIE E.,DAVIE E._FREEMAN ST_S. STATE ST,21,0,Yes,Yes,14,24,2023,10,0.409090909091,2025-10-07,40,3.0,N,,,,,,,,,1.0,0.0,2026-06-26,-14,78.63055555555555,70.77083333333333,,,,0.0,0.0,0.0
2974339,2026-06-27,26,DAVIE E.,DAVIE E._FREEMAN ST_S. STATE ST,21,0,Yes,Yes,14,24,2023,10,0.409090909091,2025-10-07,40,3.0,N,,,,,,,,,1.0,0.0,2026-06-27,-14,80.42361111111111,76.43472222222222,,,,0.0,0.0,0.0
2974339,2026-06-28,26,DAVIE E.,DAVIE E._FREEMAN ST_S. STATE ST,21,0,Yes,Yes,14,24,2023,10,0.409090909091,2025-10-07,40,3.0,N,,,,,,,,,1.0,0.0,2026-06-28,-14,79.38055555555555,77.55694444444445,,,,0.0,0.0,0.0
2974339,2026-06-29,26,DAVIE E.,DAVIE E._FREEMAN ST_S. STATE ST,21,0,Yes,Yes,14,24,2023,10,0.409090909091,2025-10-07,40,3.0,N,,,,,,,,,1.0,0.0,2026-06-29,-14,79.71388888888889,77.16388888888889,,,,0.0,0.0,0.0
2974339,2026-06-30,26,DAVIE E.,DAVIE E._FREEMAN ST_S. STATE ST,21,0,Yes,Yes,14,24,2023,10,0.409090909091,2025-10-07,40,3.0,N,,,,,,,,,1.0,0.0,2026-06-30,-14,76.8125,78.1375,,,,0.0,0.0,0.0
2974341,2026-06-26,26,SMITH BASIN,SMITH BASIN_CDS_FARMINGTON GROVE DR,4,1,No,Yes,115,18,2019,2,0.969696969697,2025-10-22,43,5.0,N,,,,,,,,,1.0,1.0,2026-06-26,-17,79.8030303030303,70.77121212121212,,,,0.0,0.0,0.0
2974341,2026-06-27,26,SMITH BASIN,SMITH BASIN_CDS_FARMINGTON GROVE DR,4,1,No,Yes,115,18,2019,2,0.969696969697,2025-10-22,43,5.0,N,,,,,,,,,1.0,1.0,2026-06-27,-17,81.00972222222222,76.71805555555555,,,,0.0,0.0,0.0
2974341,2026-06-28,26,SMITH BASIN,SMITH BASIN_CDS_FARMINGTON GROVE DR,4,1,No,Yes,115,18,2019,2,0.969696969697,2025-10-22,43,5.0,N,,,,,,,,,1.0,1.0,2026-06-28,-17,79.73333333333333,78.28611111111111,,,,0.0,0.0,0.0
2974341,2026-06-29,26,SMITH BASIN,SMITH BASIN_CDS_FARMINGTON GROVE DR,4,1,No,Yes,115,18,2019,2,0.969696969697,2025-10-22,43,5.0,N,,,,,,,,,1.0,1.0,2026-06-29,-17,78.49583333333334,83.30277777777778,,,,0.0,0.0,0.0
2974341,2026-06-30,26,SMITH BASIN,SMITH BASIN_CDS_FARMINGTON GROVE DR,4,1,No,Yes,115,18,2019,2,0.969696969697,2025-10-22,43,5.0,N,,,,,,,,,1.0,1.0,2026-06-30,-17,80.81527777777778,65.78333333333333,,,,0.0,0.0,0.0
2974341,2026-07-01,26,SMITH BASIN,SMITH BASIN_CDS_FARMINGTON GROVE DR,4,1,No,Yes,115,18,2019,2,0.969696969697,2025-10-22,43,5.0,N,,,,,,,,,1.0,1.0,2026-07-01,-17,84.32083333333334,62.80555555555556,,,,0.0,0.0,0.0
2974341,2026-07-02,27,SMITH BASIN,SMITH BASIN_CDS_FARMINGTON GROVE DR,4,1,No,Yes,115,18,2019,2,0.969696969697,2025-10-22,43,5.0,N,,,,,,,,,1.0,1.0,2026-07-02,-16,87.27638888888889,58.69305555555555,,,,0.0,0.0,0.0
2974341,2026-07-03,27,SMITH BASIN,SMITH BASIN_CDS_FARMINGTON GROVE DR,4,1,No,Yes,115,18,2019,2,0.969696969697,2025-10-22,43,5.0,N,,,,,,,,,1.0,1.0,2026-07-03,-16,89.97777777777777,54.47777777777778,,,,0.0,0.0,0.0
2974341,2026-07-04,27,SMITH BASIN,SMITH BASIN_CDS_FARMINGTON GROVE DR,4,1,No,Yes,115,18,2019,2,0.969696969697,2025-10-22,43,5.0,N,,,,,,,,,1.0,1.0,2026-07-04,-16,91.35555555555555,50.78333333333333,,,,0.0,0.0,0.0
2974341,2026-07-05,27,SMITH BASIN,SMITH BASIN_CDS_FARMINGTON GROVE DR,4,1,No,Yes,115,18,2019,2,0.969696969697,2025-10-22,43,5.0,N,,,,,,,,,1.0,1.0,2026-07-05,-16,84.45138888888889,69.24444444444445,,,,0.0,0.0,0.0
2974341,2026-07-06,27,SMITH BASIN,SMITH BASIN_CDS_FARMINGTON GROVE DR,4,1,No,Yes,115,18,2019,2,0.969696969697,2025-10-22,43,5.0,N,,,,,,,,,1.0,1.0,2026-07-06,-16,83.36388888888888,73.50833333333334,,,,0.0,0.0,0.0
2974341,2026-07-07,27,SMITH BASIN,SMITH BASIN_CDS_FARMINGTON GROVE DR,4,1,No,Yes,115,18,2019,2,0.969696969697,2025-10-22,43,5.0,N,,,,,,,,,1.0,1.0,2026-07-07,-16,79.49166666666666,85.21388888888889,,,,0.0,0.0,0.0
2974341,2026-07-08,27,SMITH BASIN,SMITH BASIN_CDS_FARMINGTON GROVE DR,4,1,No,Yes,115,18,2019,2,0.969696969697,2025-10-22,43,5.0,N,,,,,,,,,1.0,1.0,2026-07-08,-16,80.84583333333333,84.69444444444444,,,,0.0,0.0,0.0
2974341,2026-07-09,28,SMITH BASIN,SMITH BASIN_CDS_FARMINGTON GROVE DR,4,1,No,Yes,115,18,2019,2,0.969696969697,2025-10-22,43,5.0,N,,,,,,,,,1.0,1.0,2026-07-09,-15,84.1888888888889,71.82222222222222,,,,0.0,0.0,0.0
2974341,2026-07-10,28,SMITH BASIN,SMITH BASIN_CDS_FARMINGTON GROVE DR,4,1,No,Yes,115,18,2019,2,0.969696969697,2025-10-22,43,5.0,N,,,,,,,,,1.0,1.0,2026-07-10,-15,83.54444444444444,68.32499999999999,,,,0.0,0.0,0.0
2974341,2026-07-11,28,SMITH BASIN,SMITH BASIN_CDS_FARMINGTON GROVE DR,4,1,No,Yes,115,18,2019,2,0.969696969697,2025-10-22,43,5.0,N,,,,,,,,,1.0,1.0,2026-07-11,-15,82.29166666666667,72.39861111111111,,,,0.0,0.0,0.0
2974341,2026-07-12,28,SMITH BASIN,SMITH BASIN_CDS_FARMINGTON GROVE DR,4,1,No,Yes,115,18,2019,2,0.969696969697,2025-10-22,43,5.0,N,,,,,,,,,1.0,1.0,2026-07-12,-15,80.47916666666667,78.31666666666666,,,,0.0,0.0,0.0
2974341,2026-07-13,28,SMITH BASIN,SMITH BASIN_CDS_FARMINGTON GROVE DR,4,1,No,Yes,115,18,2019,2,0.969696969697,2025-10-22,43,5.0,N,,,,,,,,,1.0,1.0,2026-07-13,-15,75.33472222222223,85.94444444444444,,,,0.0,0.0,0.0
2974341,2026-07-14,28,SMITH BASIN,SMITH BASIN_CDS_FARMINGTON GROVE DR,4,1,No,Yes,115,18,2019,2,0.969696969697,2025-10-22,43,5.0,N,,,,,,,,,1.0,1.0,2026-07-14,-15,79.11944444444445,67.8111111111111,,,,0.0,0.0,0.0
2974341,2026-07-15,28,SMITH BASIN,SMITH BASIN_CDS_FARMINGTON GROVE DR,4,1,No,Yes,115,18,2019,2,0.969696969697,2025-10-22,43,5.0,N,,,,,,,,,1.0,1.0,2026-07-15,-15,69.435,85.42999999999999,,,,0.0,0.0,0.0
2974344,2026-06-25,26,BOUNDARY,BOUNDARY_N. BLOODWORTH ST_N. EAST ST,23,1,Yes,Yes,13,30,2022,10,0.666666666667,2025-10-10,41,3.0,S,,,,,,,,,1.0,1.0,2026-06-25,-15,76.98472222222222,68.65416666666667,,,,0.0,0.0,0.0
2974344,2026-06-26,26,BOUNDARY,BOUNDARY_N. BLOODWORTH ST_N. EAST ST,23,1,Yes,Yes,13,30,2022,10,0.666666666667,2025-10-10,41,3.0,S,,,,,,,,,1.0,1.0,2026-06-26,-15,79.36388888888888,71.31666666666666,,,,0.0,0.0,0.0
2974344,2026-06-27,26,BOUNDARY,BOUNDARY_N. BLOODWORTH ST_N. EAST ST,23,1,Yes,Yes,13,30,2022,10,0.666666666667,2025-10-10,41,3.0,S,,,,,,,,,1.0,1.0,2026-06-27,-15,80.3375,79.03611111111111,,,,0.0,0.0,0.0
2974344,2026-06-28,26,BOUNDARY,BOUNDARY_N. BLOODWORTH ST_N. EAST ST,23,1,Yes,Yes,13,30,2022,10,0.666666666667,2025-10-10,41,3.0,S,,,,,,,,,1.0,1.0,2026-06-28,-15,79.34305555555555,79.58472222222223,,,,0.0,0.0,0.0
2974344,2026-06-29,26,BOUNDARY,BOUNDARY_N. BLOODWORTH ST_N. EAST ST,23,1,Yes,Yes,13,30,2022,10,0.666666666667,2025-10-10,41,3.0,S,,,,,,,,,1.0,1.0,2026-06-29,-15,79.35074626865672,80.68059701492538,,,,0.0,0.0,0.0
2974344,2026-06-30,26,BOUNDARY,BOUNDARY_N. BLOODWORTH ST_N. EAST ST,23,1,Yes,Yes,13,30,2022,10,0.666666666667,2025-10-10,41,3.0,S,,,,,,,,,1.0,1.0,2026-06-30,-15,81.32777777777778,65.36527777777778,,,,0.0,0.0,0.0
2974344,2026-07-01,26,BOUNDARY,BOUNDARY_N. BLOODWORTH ST_N. EAST ST,23,1,Yes,Yes,13,30,2022,10,0.666666666667,2025-10-10,41,3.0,S,,,,,,,,,1.0,1.0,2026-07-01,-15,85.27777777777777,61.11944444444445,,,,0.0,0.0,0.0
2974344,2026-07-02,27,BOUNDARY,BOUNDARY_N. BLOODWORTH ST_N. EAST ST,23,1,Yes,Yes,13,30,2022,10,0.666666666667,2025-10-10,41,3.0,S,,,,,,,,,1.0,1.0,2026-07-02,-14,88.11250000000001,57.91111111111112,,,,0.0,0.0,0.0
2974344,2026-07-03,27,BOUNDARY,BOUNDARY_N. BLOODWORTH ST_N. EAST ST,23,1,Yes,Yes,13,30,2022,10,0.666666666667,2025-10-10,41,3.0,S,,,,,,,,,1.0,1.0,2026-07-03,-14,89.55972222222222,56.669444444444444,,,,0.0,0.0,0.0
2974344,2026-07-04,27,BOUNDARY,BOUNDARY_N. BLOODWORTH ST_N. EAST ST,23,1,Yes,Yes,13,30,2022,10,0.666666666667,2025-10-10,41,3.0,S,,,,,,,,,1.0,1.0,2026-07-04,-14,90.72361111111111,52.55694444444444,,,,0.0,0.0,0.0
2974344,2026-07-05,27,BOUNDARY,BOUNDARY_N. BLOODWORTH ST_N. EAST ST,23,1,Yes,Yes,13,30,2022,10,0.666666666667,2025-10-10,41,3.0,S,,,,,,,,,1.0,1.0,2026-07-05,-14,83.98888888888888,71.22361111111111,,,,0.0,0.0,0.0
2974344,2026-07-06,27,BOUNDARY,BOUNDARY_N. BLOODWORTH ST_N. EAST ST,23,1,Yes,Yes,13,30,2022,10,0.666666666667,2025-10-10,41,3.0,S,,,,,,,,,1.0,1.0,2026-07-06,-14,81.77777777777777,80.40416666666667,,,,0.0,0.0,0.0
2974344,2026-07-07,27,BOUNDARY,BOUNDARY_N. BLOODWORTH ST_N. EAST ST,23,1,Yes,Yes,13,30,2022,10,0.666666666667,2025-10-10,41,3.0,S,,,,,,,,,1.0,1.0,2026-07-07,-14,79.89166666666667,85.0,,,,0.0,0.0,0.0
2974344,2026-07-08,27,BOUNDARY,BOUNDARY_N. BLOODWORTH ST_N. EAST ST,23,1,Yes,Yes,13,30,2022,10,0.666666666667,2025-10-10,41,3.0,S,,,,,,,,,1.0,1.0,2026-07-08,-14,81.98194444444444,82.35,,,,0.0,0.0,0.0
2974344,2026-07-09,28,BOUNDARY,BOUNDARY_N. BLOODWORTH ST_N. EAST ST,23,1,Yes,Yes,13,30,2022,10,0.666666666667,2025-10-10,41,3.0,S,,,,,,,,,1.0,1.0,2026-07-09,-13,84.70833333333333,70.74444444444445,,,,0.0,0.0,0.0
2974344,2026-07-10,28,BOUNDARY,BOUNDARY_N. BLOODWORTH ST_N. EAST ST,23,1,Yes,Yes,13,30,2022,10,0.666666666667,2025-10-10,41,3.0,S,,,,,,,,,1.0,1.0,2026-07-10,-13,82.52777777777777,72.69999999999999,,,,0.0,0.0,0.0
2974344,2026-07-11,28,BOUNDARY,BOUNDARY_N. BLOODWORTH ST_N. EAST ST,23,1,Yes,Yes,13,30,2022,10,0.666666666667,2025-10-10,41,3.0,S,,,,,,,,,1.0,1.0,2026-07-11,-13,80.86527777777778,80.71666666666667,,,,0.0,0.0,0.0
2974344,2026-07-12,28,BOUNDARY,BOUNDARY_N. BLOODWORTH ST_N. EAST ST,23,1,Yes,Yes,13,30,2022,10,0.666666666667,2025-10-10,41,3.0,S,,,,,,,,,1.0,1.0,2026-07-12,-13,80.06805555555555,81.37777777777778,,,,0.0,0.0,0.0
2974344,2026-07-13,28,BOUNDARY,BOUNDARY_N. BLOODWORTH ST_N. EAST ST,23,1,Yes,Yes,13,30,2022,10,0.666666666667,2025-10-10,41,3.0,S,,,,,,,,,1.0,1.0,2026-07-13,-13,75.91666666666667,84.52638888888889,,,,0.0,0.0,0.0
2974344,2026-07-14,28,BOUNDARY,BOUNDARY_N. BLOODWORTH ST_N. EAST ST,23,1,Yes,Yes,13,30,2022,10,0.666666666667,2025-10-10,41,3.0,S,,,,,,,,,1.0,1.0,2026-07-14,-13,72.208,88.796,,,,0.0,0.0,0.0
2974345,2026-06-26,26,CUB,CUB_DEANWOOD DR_DAHLGREEN RD,30,0,No,No,120,36,2021,3,0.239436619718,2025-10-18,42,4.0,W,,,,,,,,,1.0,0.0,2026-06-26,-16,79.50151515151515,73.48939393939395,,,,0.0,0.0,0.0
2974345,2026-06-27,26,CUB,CUB_DEANWOOD DR_DAHLGREEN RD,30,0,No,No,120,36,2021,3,0.239436619718,2025-10-18,42,4.0,W,,,,,,,,,1.0,0.0,2026-06-27,-16,81.125,78.75416666666666,,,,0.0,0.0,0.0
2974345,2026-06-28,26,CUB,CUB_DEANWOOD DR_DAHLGREEN RD,30,0,No,No,120,36,2021,3,0.239436619718,2025-10-18,42,4.0,W,,,,,,,,,1.0,0.0,2026-06-28,-16,79.95694444444445,79.81944444444444,,,,0.0,0.0,0.0
2974345,2026-06-29,26,CUB,CUB_DEANWOOD DR_DAHLGREEN RD,30,0,No,No,120,36,2021,3,0.239436619718,2025-10-18,42,4.0,W,,,,,,,,,1.0,0.0,2026-06-29,-16,79.86527777777778,81.13333333333334,,,,0.0,0.0,0.0
2974345,2026-06-30,26,CUB,CUB_DEANWOOD DR_DAHLGREEN RD,30,0,No,No,120,36,2021,3,0.239436619718,2025-10-18,42,4.0,W,,,,,,,,,1.0,0.0,2026-06-30,-16,81.61527777777778,67.09861111111111,,,,0.0,0.0,0.0
2974345,2026-07-01,26,CUB,CUB_DEANWOOD DR_DAHLGREEN RD,30,0,No,No,120,36,2021,3,0.239436619718,2025-10-18,42,4.0,W,,,,,,,,,1.0,0.0,2026-07-01,-16,84.92638888888888,64.25277777777778,,,,0.0,0.0,0.0
2974345,2026-07-02,27,CUB,CUB_DEANWOOD DR_DAHLGREEN RD,30,0,No,No,120,36,2021,3,0.239436619718,2025-10-18,42,4.0,W,,,,,,,,,1.0,0.0,2026-07-02,-15,88.66111111111111,58.5611111111111,,,,0.0,0.0,0.0
2974345,2026-07-03,27,CUB,CUB_DEANWOOD DR_DAHLGREEN RD,30,0,No,No,120,36,2021,3,0.239436619718,2025-10-18,42,4.0,W,,,,,,,,,1.0,0.0,2026-07-03,-15,90.28333333333333,57.36527777777778,,,,0.0,0.0,0.0
2974345,2026-07-04,27,CUB,CUB_DEANWOOD DR_DAHLGREEN RD,30,0,No,No,120,36,2021,3,0.239436619718,2025-10-18,42,4.0,W,,,,,,,,,1.0,0.0,2026-07-04,-15,91.86944444444445,52.80694444444444,,,,0.0,0.0,0.0
2974345,2026-07-05,27,CUB,CUB_DEANWOOD DR_DAHLGREEN RD,30,0,No,No,120,36,2021,3,0.239436619718,2025-10-18,42,4.0,W,,,,,,,,,1.0,0.0,2026-07-05,-15,85.02777777777777,69.95694444444445,,,,0.0,0.0,0.0
2974345,2026-07-06,27,CUB,CUB_DEANWOOD DR_DAHLGREEN RD,30,0,No,No,120,36,2021,3,0.239436619718,2025-10-18,42,4.0,W,,,,,,,,,1.0,0.0,2026-07-06,-15,83.94999999999999,74.69027777777778,,,,0.0,0.0,0.0
2974345,2026-07-07,27,CUB,CUB_DEANWOOD DR_DAHLGREEN RD,30,0,No,No,120,36,2021,3,0.239436619718,2025-10-18,42,4.0,W,,,,,,,,,1.0,0.0,2026-07-07,-15,81.66666666666667,80.05694444444445,,,,0.0,0.0,0.0
2974345,2026-07-08,27,CUB,CUB_DEANWOOD DR_DAHLGREEN RD,30,0,No,No,120,36,2021,3,0.239436619718,2025-10-18,42,4.0,W,,,,,,,,,1.0,0.0,2026-07-08,-15,82.76944444444445,81.01805555555556,,,,0.0,0.0,0.0
2974345,2026-07-09,28,CUB,CUB_DEANWOOD DR_DAHLGREEN RD,30,0,No,No,120,36,2021,3,0.239436619718,2025-10-18,42,4.0,W,,,,,,,,,1.0,0.0,2026-07-09,-14,85.89722222222223,69.23194444444444,,,,0.0,0.0,0.0
2974345,2026-07-10,28,CUB,CUB_DEANWOOD DR_DAHLGREEN RD,30,0,No,No,120,36,2021,3,0.239436619718,2025-10-18,42,4.0,W,,,,,,,,,1.0,0.0,2026-07-10,-14,84.01944444444445,69.26111111111112,,,,0.0,0.0,0.0
2974345,2026-07-11,28,CUB,CUB_DEANWOOD DR_DAHLGREEN RD,30,0,No,No,120,36,2021,3,0.239436619718,2025-10-18,42,4.0,W,,,,,,,,,1.0,0.0,2026-07-11,-14,84.27638888888889,68.14166666666667,,,,0.0,0.0,0.0
2974345,2026-07-12,28,CUB,CUB_DEANWOOD DR_DAHLGREEN RD,30,0,No,No,120,36,2021,3,0.239436619718,2025-10-18,42,4.0,W,,,,,,,,,1.0,0.0,2026-07-12,-14,78.32894736842105,84.58947368421053,,,,0.0,0.0,0.0
2974345,2026-07-13,28,CUB,CUB_DEANWOOD DR_DAHLGREEN RD,30,0,No,No,120,36,2021,3,0.239436619718,2025-10-18,42,4.0,W,,,,,,,,,1.0,0.0,2026-07-13,-14,78.13023255813954,76.81860465116279,,,,0.0,0.0,0.0
2974345,2026-07-14,28,CUB,CUB_DEANWOOD DR_DAHLGREEN RD,30,0,No,No,120,36,2021,3,0.239436619718,2025-10-18,42,4.0,W,,,,,,,,,1.0,0.0,2026-07-14,-14,80.02777777777777,68.18194444444445,,,,0.0,0.0,0.0
2974345,2026-07-15,28,CUB,CUB_DEANWOOD DR_DAHLGREEN RD,30,0,No,No,120,36,2021,3,0.239436619718,2025-10-18,42,4.0,W,,,,,,,,,1.0,0.0,2026-07-15,-14,65.61,93.83,,,,0.0,0.0,0.0
2974348,2026-06-25,26,ST AUGUSTINE,ST AUGUSTINE_E. LANE ST_OAKWOOD AV,21,1,Yes,No,21,22,2022,10,0.679245283019,2025-10-07,40,3.0,E,,,,,,,,,1.0,1.0,2026-06-25,-14,77.05833333333334,66.0,,,,0.0,0.0,0.0
2974348,2026-06-26,26,ST AUGUSTINE,ST AUGUSTINE_E. LANE ST_OAKWOOD AV,21,1,Yes,No,21,22,2022,10,0.679245283019,2025-10-07,40,3.0,E,,,,,,,,,1.0,1.0,2026-06-26,-14,79.49444444444445,69.41527777777777,,,,0.0,0.0,0.0
2974348,2026-06-27,26,ST AUGUSTINE,ST AUGUSTINE_E. LANE ST_OAKWOOD AV,21,1,Yes,No,21,22,2022,10,0.679245283019,2025-10-07,40,3.0,E,,,,,,,,,1.0,1.0,2026-06-27,-14,80.44722222222222,78.67500000000001,,,,0.0,0.0,0.0
2974348,2026-06-28,26,ST AUGUSTINE,ST AUGUSTINE_E. LANE ST_OAKWOOD AV,21,1,Yes,No,21,22,2022,10,0.679245283019,2025-10-07,40,3.0,E,,,,,,,,,1.0,1.0,2026-06-28,-14,77.99444444444445,81.99305555555556,,,,0.0,0.0,0.0
2974348,2026-06-29,26,ST AUGUSTINE,ST AUGUSTINE_E. LANE ST_OAKWOOD AV,21,1,Yes,No,21,22,2022,10,0.679245283019,2025-10-07,40,3.0,E,,,,,,,,,1.0,1.0,2026-06-29,-14,78.4625,83.02638888888889,,,,0.0,0.0,0.0
2974348,2026-06-30,26,ST AUGUSTINE,ST AUGUSTINE_E. LANE ST_OAKWOOD AV,21,1,Yes,No,21,22,2022,10,0.679245283019,2025-10-07,40,3.0,E,,,,,,,,,1.0,1.0,2026-06-30,-14,74.4625,85.5375,,,,0.0,0.0,0.0
3085259,2026-06-26,26,BATTERY,BATTERY_MERRYWOOD DR_E. MARTIN ST,3,1,Yes,No,12,22,2022,10,0.690476190476,2025-09-12,37,1.0,W,,,,,,,,,1.0,1.0,2026-06-26,-11,80.06515151515151,70.10151515151514,,,,0.0,0.0,0.0
3085259,2026-06-27,26,BATTERY,BATTERY_MERRYWOOD DR_E. MARTIN ST,3,1,Yes,No,12,22,2022,10,0.690476190476,2025-09-12,37,1.0,W,,,,,,,,,1.0,1.0,2026-06-27,-11,80.88611111111112,78.62916666666666,,,,0.0,0.0,0.0
3085259,2026-06-28,26,BATTERY,BATTERY_MERRYWOOD DR_E. MARTIN ST,3,1,Yes,No,12,22,2022,10,0.690476190476,2025-09-12,37,1.0,W,,,,,,,,,1.0,1.0,2026-06-28,-11,79.52638888888889,80.34583333333333,,,,0.0,0.0,0.0
3085259,2026-06-29,26,BATTERY,BATTERY_MERRYWOOD DR_E. MARTIN ST,3,1,Yes,No,12,22,2022,10,0.690476190476,2025-09-12,37,1.0,W,,,,,,,,,1.0,1.0,2026-06-29,-11,78.8375,84.96944444444445,,,,0.0,0.0,0.0
3085259,2026-06-30,26,BATTERY,BATTERY_MERRYWOOD DR_E. MARTIN ST,3,1,Yes,No,12,22,2022,10,0.690476190476,2025-09-12,37,1.0,W,,,,,,,,,1.0,1.0,2026-06-30,-11,80.75972222222222,67.95555555555556,,,,0.0,0.0,0.0
3085259,2026-07-01,26,BATTERY,BATTERY_MERRYWOOD DR_E. MARTIN ST,3,1,Yes,No,12,22,2022,10,0.690476190476,2025-09-12,37,1.0,W,,,,,,,,,1.0,1.0,2026-07-01,-11,84.79027777777777,62.73472222222222,,,,0.0,0.0,0.0
3085259,2026-07-02,27,BATTERY,BATTERY_MERRYWOOD DR_E. MARTIN ST,3,1,Yes,No,12,22,2022,10,0.690476190476,2025-09-12,37,1.0,W,,,,,,,,,1.0,1.0,2026-07-02,-10,87.58333333333333,58.79305555555556,,,,0.0,0.0,0.0
3085259,2026-07-03,27,BATTERY,BATTERY_MERRYWOOD DR_E. MARTIN ST,3,1,Yes,No,12,22,2022,10,0.690476190476,2025-09-12,37,1.0,W,,,,,,,,,1.0,1.0,2026-07-03,-10,89.51944444444445,56.702777777777776,,,,0.0,0.0,0.0
3085259,2026-07-04,27,BATTERY,BATTERY_MERRYWOOD DR_E. MARTIN ST,3,1,Yes,No,12,22,2022,10,0.690476190476,2025-09-12,37,1.0,W,,,,,,,,,1.0,1.0,2026-07-04,-10,90.80277777777778,51.91111111111111,,,,0.0,0.0,0.0
3085259,2026-07-05,27,BATTERY,BATTERY_MERRYWOOD DR_E. MARTIN ST,3,1,Yes,No,12,22,2022,10,0.690476190476,2025-09-12,37,1.0,W,,,,,,,,,1.0,1.0,2026-07-05,-10,83.79444444444444,73.29583333333333,,,,0.0,0.0,0.0
3085259,2026-07-06,27,BATTERY,BATTERY_MERRYWOOD DR_E. MARTIN ST,3,1,Yes,No,12,22,2022,10,0.690476190476,2025-09-12,37,1.0,W,,,,,,,,,1.0,1.0,2026-07-06,-10,81.10416666666667,85.05972222222222,,,,0.0,0.0,0.0
3085259,2026-07-07,27,BATTERY,BATTERY_MERRYWOOD DR_E. MARTIN ST,3,1,Yes,No,12,22,2022,10,0.690476190476,2025-09-12,37,1.0,W,,,,,,,,,1.0,1.0,2026-07-07,-10,79.85142857142857,87.99000000000001,,,,0.0,0.0,0.0
3085259,2026-07-08,27,BATTERY,BATTERY_MERRYWOOD DR_E. MARTIN ST,3,1,Yes,No,12,22,2022,10,0.690476190476,2025-09-12,37,1.0,W,,,,,,,,,1.0,1.0,2026-07-08,-10,81.74166666666666,85.13611111111112,,,,0.0,0.0,0.0
3085259,2026-07-09,28,BATTERY,BATTERY_MERRYWOOD DR_E. MARTIN ST,3,1,Yes,No,12,22,2022,10,0.690476190476,2025-09-12,37,1.0,W,,,,,,,,,1.0,1.0,2026-07-09,-9,84.55555555555556,72.39305555555556,,,,0.0,0.0,0.0
3085259,2026-07-10,28,BATTERY,BATTERY_MERRYWOOD DR_E. MARTIN ST,3,1,Yes,No,12,22,2022,10,0.690476190476,2025-09-12,37,1.0,W,,,,,,,,,1.0,1.0,2026-07-10,-9,83.03194444444445,72.0611111111111,,,,0.0,0.0,0.0
3085259,2026-07-11,28,BATTERY,BATTERY_MERRYWOOD DR_E. MARTIN ST,3,1,Yes,No,12,22,2022,10,0.690476190476,2025-09-12,37,1.0,W,,,,,,,,,1.0,1.0,2026-07-11,-9,76.38611111111112,90.09444444444445,,,,0.0,0.0,0.0
3085267,2026-06-26,26,ST AUGUSTINE,ST AUGUSTINE_E. JONES ST_PENDER ST,17,1,No,No,30,22,2022,10,0.0487804878049,2025-10-07,40,3.0,W,,,,,,,,,1.0,1.0,2026-06-26,-14,79.30454545454546,71.6560606060606,,,,0.0,0.0,0.0
3085267,2026-06-27,26,ST AUGUSTINE,ST AUGUSTINE_E. JONES ST_PENDER ST,17,1,No,No,30,22,2022,10,0.0487804878049,2025-10-07,40,3.0,W,,,,,,,,,1.0,1.0,2026-06-27,-14,79.15416666666667,83.14722222222223,,,,0.0,0.0,0.0
3085267,2026-06-28,26,ST AUGUSTINE,ST AUGUSTINE_E. JONES ST_PENDER ST,17,1,No,No,30,22,2022,10,0.0487804878049,2025-10-07,40,3.0,W,,,,,,,,,1.0,1.0,2026-06-28,-14,78.13055555555555,83.8138888888889,,,,0.0,0.0,0.0
3085267,2026-06-29,26,ST AUGUSTINE,ST AUGUSTINE_E. JONES ST_PENDER ST,17,1,No,No,30,22,2022,10,0.0487804878049,2025-10-07,40,3.0,W,,,,,,,,,1.0,1.0,2026-06-29,-14,77.71969696969697,88.03636363636363,,,,0.0,0.0,0.0
3085267,2026-06-30,26,ST AUGUSTINE,ST AUGUSTINE_E. JONES ST_PENDER ST,17,1,No,No,30,22,2022,10,0.0487804878049,2025-10-07,40,3.0,W,,,,,,,,,1.0,1.0,2026-06-30,-14,79.32499999999999,71.52638888888889,,,,0.0,0.0,0.0
3085267,2026-07-01,26,ST AUGUSTINE,ST AUGUSTINE_E. JONES ST_PENDER ST,17,1,No,No,30,22,2022,10,0.0487804878049,2025-10-07,40,3.0,W,,,,,,,,,1.0,1.0,2026-07-01,-14,83.01249999999999,67.65277777777777,,,,0.0,0.0,0.0
3085267,2026-07-02,27,ST AUGUSTINE,ST AUGUSTINE_E. JONES ST_PENDER ST,17,1,No,No,30,22,2022,10,0.0487804878049,2025-10-07,40,3.0,W,,,,,,,,,1.0,1.0,2026-07-02,-13,85.80277777777778,63.59027777777778,,,,0.0,0.0,0.0
3085267,2026-07-03,27,ST AUGUSTINE,ST AUGUSTINE_E. JONES ST_PENDER ST,17,1,No,No,30,22,2022,10,0.0487804878049,2025-10-07,40,3.0,W,,,,,,,,,1.0,1.0,2026-07-03,-13,87.84027777777777,60.8125,,,,0.0,0.0,0.0
3085267,2026-07-04,27,ST AUGUSTINE,ST AUGUSTINE_E. JONES ST_PENDER ST,17,1,No,No,30,22,2022,10,0.0487804878049,2025-10-07,40,3.0,W,,,,,,,,,1.0,1.0,2026-07-04,-13,89.01388888888889,56.831944444444446,,,,0.0,0.0,0.0
3085267,2026-07-05,27,ST AUGUSTINE,ST AUGUSTINE_E. JONES ST_PENDER ST,17,1,No,No,30,22,2022,10,0.0487804878049,2025-10-07,40,3.0,W,,,,,,,,,1.0,1.0,2026-07-05,-13,82.25972222222222,75.58472222222223,,,,0.0,0.0,0.0
3085267,2026-07-06,27,ST AUGUSTINE,ST AUGUSTINE_E. JONES ST_PENDER ST,17,1,No,No,30,22,2022,10,0.0487804878049,2025-10-07,40,3.0,W,,,,,,,,,1.0,1.0,2026-07-06,-13,80.72638888888889,83.79861111111111,,,,0.0,0.0,0.0
3085267,2026-07-07,27,ST AUGUSTINE,ST AUGUSTINE_E. JONES ST_PENDER ST,17,1,No,No,30,22,2022,10,0.0487804878049,2025-10-07,40,3.0,W,,,,,,,,,1.0,1.0,2026-07-07,-13,78.43333333333334,90.16666666666667,,,,0.0,0.0,0.0
3085267,2026-07-08,27,ST AUGUSTINE,ST AUGUSTINE_E. JONES ST_PENDER ST,17,1,No,No,30,22,2022,10,0.0487804878049,2025-10-07,40,3.0,W,,,,,,,,,1.0,1.0,2026-07-08,-13,80.34027777777777,88.18055555555556,,,,0.0,0.0,0.0
3085267,2026-07-09,28,ST AUGUSTINE,ST AUGUSTINE_E. JONES ST_PENDER ST,17,1,No,No,30,22,2022,10,0.0487804878049,2025-10-07,40,3.0,W,,,,,,,,,1.0,1.0,2026-07-09,-12,83.14444444444445,75.80000000000001,,,,0.0,0.0,0.0
3085267,2026-07-10,28,ST AUGUSTINE,ST AUGUSTINE_E. JONES ST_PENDER ST,17,1,No,No,30,22,2022,10,0.0487804878049,2025-10-07,40,3.0,W,,,,,,,,,1.0,1.0,2026-07-10,-12,81.27361111111111,75.35416666666667,,,,0.0,0.0,0.0
3085267,2026-07-11,28,ST AUGUSTINE,ST AUGUSTINE_E. JONES ST_PENDER ST,17,1,No,No,30,22,2022,10,0.0487804878049,2025-10-07,40,3.0,W,,,,,,,,,1.0,1.0,2026-07-11,-12,79.16666666666667,84.51944444444445,,,,0.0,0.0,0.0
3085267,2026-07-12,28,ST AUGUSTINE,ST AUGUSTINE_E. JONES ST_PENDER ST,17,1,No,No,30,22,2022,10,0.0487804878049,2025-10-07,40,3.0,W,,,,,,,,,1.0,1.0,2026-07-12,-12,79.22916666666667,84.13055555555555,,,,0.0,0.0,0.0
3085267,2026-07-13,28,ST AUGUSTINE,ST AUGUSTINE_E. JONES ST_PENDER ST,17,1,No,No,30,22,2022,10,0.0487804878049,2025-10-07,40,3.0,W,,,,,,,,,1.0,1.0,2026-07-13,-12,75.55000000000001,88.04166666666667,,,,0.0,0.0,0.0
3085267,2026-07-14,28,ST AUGUSTINE,ST AUGUSTINE_E. JONES ST_PENDER ST,17,1,No,No,30,22,2022,10,0.0487804878049,2025-10-07,40,3.0,W,,,,,,,,,1.0,1.0,2026-07-14,-12,72.6,89.77600000000001,,,,0.0,0.0,0.0
3086552,2026-06-25,26,ST AUGUSTINE,ST AUGUSTINE_NEW BERN AVE_BOYER ST,15,1,No,Yes,18,22,2022,10,0.36231884058,2025-10-07,40,3.0,E,,,,,,,,,1.0,1.0,2026-06-25,-14,76.80000000000001,67.525,,,,0.0,0.0,0.0
3086552,2026-06-26,26,ST AUGUSTINE,ST AUGUSTINE_NEW BERN AVE_BOYER ST,15,1,No,Yes,18,22,2022,10,0.36231884058,2025-10-07,40,3.0,E,,,,,,,,,1.0,1.0,2026-06-26,-14,78.66805555555555,72.13888888888889,,,,0.0,0.0,0.0
3086552,2026-06-27,26,ST AUGUSTINE,ST AUGUSTINE_NEW BERN AVE_BOYER ST,15,1,No,Yes,18,22,2022,10,0.36231884058,2025-10-07,40,3.0,E,,,,,,,,,1.0,1.0,2026-06-27,-14,80.04166666666667,79.87777777777778,,,,0.0,0.0,0.0
3086552,2026-06-28,26,ST AUGUSTINE,ST AUGUSTINE_NEW BERN AVE_BOYER ST,15,1,No,Yes,18,22,2022,10,0.36231884058,2025-10-07,40,3.0,E,,,,,,,,,1.0,1.0,2026-06-28,-14,78.85,81.76805555555556,,,,0.0,0.0,0.0
3086552,2026-06-29,26,ST AUGUSTINE,ST AUGUSTINE_NEW BERN AVE_BOYER ST,15,1,No,Yes,18,22,2022,10,0.36231884058,2025-10-07,40,3.0,E,,,,,,,,,1.0,1.0,2026-06-29,-14,79.39166666666667,81.11250000000001,,,,0.0,0.0,0.0
3086552,2026-06-30,26,ST AUGUSTINE,ST AUGUSTINE_NEW BERN AVE_BOYER ST,15,1,No,Yes,18,22,2022,10,0.36231884058,2025-10-07,40,3.0,E,,,,,,,,,1.0,1.0,2026-06-30,-14,80.96944444444445,65.48472222222222,,,,0.0,0.0,0.0
3086552,2026-07-01,26,ST AUGUSTINE,ST AUGUSTINE_NEW BERN AVE_BOYER ST,15,1,No,Yes,18,22,2022,10,0.36231884058,2025-10-07,40,3.0,E,,,,,,,,,1.0,1.0,2026-07-01,-14,83.81944444444444,63.763888888888886,,,,0.0,0.0,0.0
3086552,2026-07-02,27,ST AUGUSTINE,ST AUGUSTINE_NEW BERN AVE_BOYER ST,15,1,No,Yes,18,22,2022,10,0.36231884058,2025-10-07,40,3.0,E,,,,,,,,,1.0,1.0,2026-07-02,-13,86.80555555555556,59.52638888888888,,,,0.0,0.0,0.0
3086552,2026-07-03,27,ST AUGUSTINE,ST AUGUSTINE_NEW BERN AVE_BOYER ST,15,1,No,Yes,18,22,2022,10,0.36231884058,2025-10-07,40,3.0,E,,,,,,,,,1.0,1.0,2026-07-03,-13,89.21527777777777,55.47361111111111,,,,0.0,0.0,0.0
3086552,2026-07-04,27,ST AUGUSTINE,ST AUGUSTINE_NEW BERN AVE_BOYER ST,15,1,No,Yes,18,22,2022,10,0.36231884058,2025-10-07,40,3.0,E,,,,,,,,,1.0,1.0,2026-07-04,-13,90.3111111111111,51.704166666666666,,,,0.0,0.0,0.0
3086552,2026-07-05,27,ST AUGUSTINE,ST AUGUSTINE_NEW BERN AVE_BOYER ST,15,1,No,Yes,18,22,2022,10,0.36231884058,2025-10-07,40,3.0,E,,,,,,,,,1.0,1.0,2026-07-05,-13,83.06527777777778,74.30555555555556,,,,0.0,0.0,0.0
3086552,2026-07-06,27,ST AUGUSTINE,ST AUGUSTINE_NEW BERN AVE_BOYER ST,15,1,No,Yes,18,22,2022,10,0.36231884058,2025-10-07,40,3.0,E,,,,,,,,,1.0,1.0,2026-07-06,-13,81.38749999999999,83.35833333333333,,,,0.0,0.0,0.0
3086552,2026-07-07,27,ST AUGUSTINE,ST AUGUSTINE_NEW BERN AVE_BOYER ST,15,1,No,Yes,18,22,2022,10,0.36231884058,2025-10-07,40,3.0,E,,,,,,,,,1.0,1.0,2026-07-07,-13,79.53472222222223,87.5375,,,,0.0,0.0,0.0
3086552,2026-07-08,27,ST AUGUSTINE,ST AUGUSTINE_NEW BERN AVE_BOYER ST,15,1,No,Yes,18,22,2022,10,0.36231884058,2025-10-07,40,3.0,E,,,,,,,,,1.0,1.0,2026-07-08,-13,80.64166666666667,86.89027777777778,,,,0.0,0.0,0.0
3086552,2026-07-09,28,ST AUGUSTINE,ST AUGUSTINE_NEW BERN AVE_BOYER ST,15,1,No,Yes,18,22,2022,10,0.36231884058,2025-10-07,40,3.0,E,,,,,,,,,1.0,1.0,2026-07-09,-12,83.35416666666667,75.19027777777778,,,,0.0,0.0,0.0
3086552,2026-07-10,28,ST AUGUSTINE,ST AUGUSTINE_NEW BERN AVE_BOYER ST,15,1,No,Yes,18,22,2022,10,0.36231884058,2025-10-07,40,3.0,E,,,,,,,,,1.0,1.0,2026-07-10,-12,81.99305555555556,74.07638888888889,,,,0.0,0.0,0.0
3086552,2026-07-11,28,ST AUGUSTINE,ST AUGUSTINE_NEW BERN AVE_BOYER ST,15,1,No,Yes,18,22,2022,10,0.36231884058,2025-10-07,40,3.0,E,,,,,,,,,1.0,1.0,2026-07-11,-12,76.04722222222222,90.4361111111111,,,,0.0,0.0,0.0
3086554,2026-06-26,26,WATAUGA,WATAUGA_N. BOUNDARY ST_E. FRANKLIN ST,3,0,No,No,22,22,2021,10,0.61,2025-09-12,37,1.0,W,,,,,,,,,1.0,0.0,2026-06-26,-11,78.83030303030303,75.21969696969697,,,,0.0,0.0,0.0
3086554,2026-06-27,26,WATAUGA,WATAUGA_N. BOUNDARY ST_E. FRANKLIN ST,3,0,No,No,22,22,2021,10,0.61,2025-09-12,37,1.0,W,,,,,,,,,1.0,0.0,2026-06-27,-11,79.90555555555555,82.30694444444445,,,,0.0,0.0,0.0
3086554,2026-06-28,26,WATAUGA,WATAUGA_N. BOUNDARY ST_E. FRANKLIN ST,3,0,No,No,22,22,2021,10,0.61,2025-09-12,37,1.0,W,,,,,,,,,1.0,0.0,2026-06-28,-11,79.19166666666666,82.44999999999999,,,,0.0,0.0,0.0
3086554,2026-06-29,26,WATAUGA,WATAUGA_N. BOUNDARY ST_E. FRANKLIN ST,3,0,No,No,22,22,2021,10,0.61,2025-09-12,37,1.0,W,,,,,,,,,1.0,0.0,2026-06-29,-11,78.83888888888889,85.32916666666667,,,,0.0,0.0,0.0
3086554,2026-06-30,26,WATAUGA,WATAUGA_N. BOUNDARY ST_E. FRANKLIN ST,3,0,No,No,22,22,2021,10,0.61,2025-09-12,37,1.0,W,,,,,,,,,1.0,0.0,2026-06-30,-11,80.24166666666666,70.31527777777778,,,,0.0,0.0,0.0
3086554,2026-07-01,26,WATAUGA,WATAUGA_N. BOUNDARY ST_E. FRANKLIN ST,3,0,No,No,22,22,2021,10,0.61,2025-09-12,37,1.0,W,,,,,,,,,1.0,0.0,2026-07-01,-11,83.70972222222223,66.14722222222223,,,,0.0,0.0,0.0
3086554,2026-07-02,27,WATAUGA,WATAUGA_N. BOUNDARY ST_E. FRANKLIN ST,3,0,No,No,22,22,2021,10,0.61,2025-09-12,37,1.0,W,,,,,,,,,1.0,0.0,2026-07-02,-10,87.17222222222222,60.46805555555555,,,,0.0,0.0,0.0
3086554,2026-07-03,27,WATAUGA,WATAUGA_N. BOUNDARY ST_E. FRANKLIN ST,3,0,No,No,22,22,2021,10,0.61,2025-09-12,37,1.0,W,,,,,,,,,1.0,0.0,2026-07-03,-10,88.92083333333333,58.88055555555555,,,,0.0,0.0,0.0
3086554,2026-07-04,27,WATAUGA,WATAUGA_N. BOUNDARY ST_E. FRANKLIN ST,3,0,No,No,22,22,2021,10,0.61,2025-09-12,37,1.0,W,,,,,,,,,1.0,0.0,2026-07-04,-10,90.86250000000001,53.56111111111111,,,,0.0,0.0,0.0
3086554,2026-07-05,27,WATAUGA,WATAUGA_N. BOUNDARY ST_E. FRANKLIN ST,3,0,No,No,22,22,2021,10,0.61,2025-09-12,37,1.0,W,,,,,,,,,1.0,0.0,2026-07-05,-10,84.10833333333333,71.77916666666667,,,,0.0,0.0,0.0
3086554,2026-07-06,27,WATAUGA,WATAUGA_N. BOUNDARY ST_E. FRANKLIN ST,3,0,No,No,22,22,2021,10,0.61,2025-09-12,37,1.0,W,,,,,,,,,1.0,0.0,2026-07-06,-10,83.35694444444444,76.77361111111111,,,,0.0,0.0,0.0
3086554,2026-07-07,27,WATAUGA,WATAUGA_N. BOUNDARY ST_E. FRANKLIN ST,3,0,No,No,22,22,2021,10,0.61,2025-09-12,37,1.0,W,,,,,,,,,1.0,0.0,2026-07-07,-10,80.32285714285715,84.64285714285714,,,,0.0,0.0,0.0
3086554,2026-07-08,27,WATAUGA,WATAUGA_N. BOUNDARY ST_E. FRANKLIN ST,3,0,No,No,22,22,2021,10,0.61,2025-09-12,37,1.0,W,,,,,,,,,1.0,0.0,2026-07-08,-10,81.51944444444445,85.69999999999999,,,,0.0,0.0,0.0
3086554,2026-07-09,28,WATAUGA,WATAUGA_N. BOUNDARY ST_E. FRANKLIN ST,3,0,No,No,22,22,2021,10,0.61,2025-09-12,37,1.0,W,,,,,,,,,1.0,0.0,2026-07-09,-9,84.5875,73.4986111111111,,,,0.0,0.0,0.0
3086554,2026-07-10,28,WATAUGA,WATAUGA_N. BOUNDARY ST_E. FRANKLIN ST,3,0,No,No,22,22,2021,10,0.61,2025-09-12,37,1.0,W,,,,,,,,,1.0,0.0,2026-07-10,-9,83.5625,70.27916666666667,,,,0.0,0.0,0.0
3086554,2026-07-11,28,WATAUGA,WATAUGA_N. BOUNDARY ST_E. FRANKLIN ST,3,0,No,No,22,22,2021,10,0.61,2025-09-12,37,1.0,W,,,,,,,,,1.0,0.0,2026-07-11,-9,78.95555555555556,78.92222222222222,,,,0.0,0.0,0.0
